002910
021179
021180
013840
013841
005844
017811
720001
001480
021523
021528
481015
013312
011369
011370
006502
006503
001198
519770
001184
002163
519771
005825
015159
004320
024459
024460
162214
013107
005119
013108
016262
005628
021718
005629
007490
018358
021719
014736
024069
018359
024070
014737
020839
007491
014854
020840
014855
021532
021533
002289
001170
016500
001411
017612
002051
016052
016501
020464
009855
023828
010391
023829
020356
020465
009856
005903
020357
021893
162201
010392
020639
630001
021894
015576
019632
020640
019633
005819
110005
020469
019829
015585
009707
020470
009708
001723
019830
740001
017927
008326
016579
000742
008327
014989
010335
019925
010415
010416
007349
021593
310358
001753
021594
006265
519935
007350
022735
002692
001513
501026
019018
011120
022364
000017
008528
012696
010912
002376
011452
022365
012697
010913
009062
009242
001856
519773
006887
008988
002244
009243
006888
011377
019032
014549
009063
008989
519172
011378
000411
009049
017744
009808
008555
008185
001048
021500
519173
014193
019034
014497
017745
011822
005550
014194
015686
000390
110002
011823
013369
112002
010013
011488
005551
160220
013370
160226
008734
022740
019024
006081
007639
011300
012301
020775
013949
011301
005875
006080
020774
021626
110015
020670
021627
017102
021607
020671
006025
021608
021224
001404
003857
003858
021225
001076
015773
018325
017103
168401
007305
019571
001060
002125
014319
018326
001194
016721
001407
014320
018291
016772
021937
000697
019426
022725
022726
020899
015199
016773
020900
019427
017559
021938
015198
016370
017560
021792
257070
017469
020628
021510
017470
021793
020629
016371
021382
021511
110029
000823
460007
014191
002420
001437
021383
001438
014192
016263
024052
014833
009993
001037
007685
001105
006751
024053
024592
003961
006976
024593
022831
003962
020476
016780
015608
011126
000688
020018
020477
017732
001759
008382
240011
001877
002152
018998
018082
013613
007343
016461
002772
007817
015368
020691
001075
040025
020692
007818
022500
010237
015369
014299
501082
009913
002450
014611
015389
005775
013238
017234
008086
010238
018000
014300
014975
015491
023765
001715
012456
008087
001267
006533
014282
008889
023651
014612
017746
010389
022368
023652
010524
005776
002451
018001
013239
001998
011399
017747
001741
011891
020408
012457
001742
011400
011892
023397
010390
000845
005094
020409
017876
000603
000404
021542
023398
017730
022709
015967
023451
959991
010115
017877
350007
015968
006863
011412
016122
017731
023452
004352
005310
003853
020197
018956
001036
016123
009048
009715
100039
501200
010236
021933
005885
021934
000828
021988
017828
021875
018957
002272
202027
015692
519196
012800
013250
018122
021989
014727
013296
582003
001039
013242
240017
021957
018123
000969
017829
021876
022714
000531
005914
011707
014728
001313
005207
001712
014581
001144
022704
001412
010135
519195
002112
013389
023265
014416
013383
016919
580006
010136
012477
001956
200015
018454
019759
011665
020478
016600
022705
013384
010557
014417
012617
020483
001808
161606
013390
019003
011666
012478
013274
019764
200012
530019
015772
015096
010363
009277
165528
110013
019004
010622
009217
021541
015722
020853
001387
012552
001388
016873
010623
007300
017075
539002
012553
020854
024433
013556
015937
014036
009218
001018
007301
008633
009892
015097
018411
481001
015336
009402
016874
018147
501201
017076
018019
018412
015337
009189
001154
011599
008281
013721
024434
013557
008634
006100
014037
009914
016372
016729
008657
008282
017488
022497
540010
001239
050022
018020
008980
016623
008919
021448
024423
020661
013883
016730
014776
002861
012530
015683
457001
008920
519181
014007
015715
008981
016373
013722
673050
012837
014777
006101
016624
017489
024424
012650
002482
018776
001538
000609
012838
002980
020662
021662
015079
016954
015361
022710
501096
016507
005136
519674
014008
017794
011111
012200
000940
002891
501079
014964
320007
007872
010114
012651
018287
018777
001396
016048
610006
023407
014478
013445
005726
012201
016508
014990
014143
011112
008009
017795
015080
015690
006522
016198
023408
020436
017197
015083
018288
007346
012652
013446
021344
011805
013469
011324
001416
570008
024207
020630
001361
501099
016305
015084
012653
000166
020631
016050
014479
024473
011817
011806
012082
006615
009055
001227
013470
014418
012969
004371
006523
016306
011815
017412
213008
018848
019888
012970
013313
001702
011500
024889
006430
022941
012083
022981
012907
013314
006616
017413
012894
007345
023021
014419
008887
009056
012895
000354
017602
001000
519698
019889
012908
008888
013304
022910
370027
003659
014647
009008
013305
018933
017603
013950
018442
012629
021474
163116
005090
013315
012466
016400
021475
012630
014648
008507
013316
010531
019765
009994
001370
013147
013298
161133
002770
013310
022939
009009
018443
019119
017737
013302
002771
160215
013299
016664
013311
014845
001892
009995
019766
005091
007113
016568
017738
018244
002256
012467
019120
000541
013148
016237
013303
007114
015724
016665
002563
016340
630010
009025
100022
016238
019071
014218
024662
013317
015725
470009
020451
017987
018245
481010
016569
024020
011144
024663
014219
019072
012898
016632
013318
160324
016341
012899
016010
017988
020704
009024
013339
007133
016653
020705
011145
008082
019236
000805
009891
023044
013340
019237
001607
008083
007134
022717
018556
016485
001933
002229
519644
010371
002707
024450
018495
013842
013287
001608
014185
023045
014871
002292
022718
010372
018177
180031
167002
014807
023461
024451
015527
017761
013288
007355
020821
001496
005668
001664
009929
016486
050010
501075
007049
023462
014808
014550
018178
001613
004450
008020
000522
007353
001072
013843
020822
001665
015528
001070
000939
014186
009835
217020
009318
008021
007501
009930
019089
000698
012264
020755
012816
016605
007356
024042
005774
161631
017462
020315
014863
161910
013622
022334
024043
006868
006373
001822
015604
009319
012817
016606
009239
020758
015981
015059
002345
110025
501064
004374
007340
021842
014472
016165
011839
003145
952004
015980
003586
004375
015385
020553
006085
015605
000717
022335
011840
001470
016617
015357
110001
022754
015058
011888
000979
020554
016173
010611
000308
003587
014473
012319
019767
009828
017639
021145
022755
007341
012550
005962
011889
019768
015358
022177
012320
008585
012551
001617
008962
012733
010612
022350
009651
014600
050009
002064
021313
012734
519005
021146
004784
008286
001618
377240
012717
021580
008586
022351
011486
100055
018993
017188
017640
001009
009652
020226
160722
008963
012718
001678
014601
021647
011790
017189
005963
010361
020227
014642
018876
017969
013006
019863
005544
022868
007277
005482
022184
040001
011487
014189
015172
004148
009644
018994
011021
017848
519679
019702
001749
021648
010198
001088
240005
010362
018877
013007
217019
320005
009491
019703
519158
005730
013774
009474
002560
009645
005777
014190
023055
010849
011022
017849
010898
019108
005483
002149
018888
013861
004409
022148
023056
016007
009968
018896
023036
011186
015613
011325
013775
009085
023037
009492
000061
001482
007737
001398
002862
519668
019785
001173
014175
016008
018897
004183
202023
021749
011196
014653
519688
018870
015876
008671
019786
016856
021484
014953
213003
015877
021750
012130
013862
017288
017177
011030
021485
009969
001402
020434
009899
014176
010755
519929
010305
002030
013046
014654
001479
010646
011197
023384
000793
009998
001174
024610
016157
005206
019385
012131
169104
016857
001606
023385
011832
010155
018983
019374
023117
018145
011031
019387
011122
005910
013153
001188
013855
000524
006909
015754
018547
010647
016159
007873
015440
019386
018146
010306
010680
011833
010156
018984
005251
018985
163412
006910
023118
009199
001672
018290
008314
013085
007874
008635
519089
090012
013856
017099
018835
001152
018548
501054
022945
011612
410009
021908
168105
011608
022895
024000
519133
011123
010383
015441
018999
001297
001162
010033
011609
013810
018796
001638
019254
580002
023101
014562
022950
014341
013086
160137
010681
015688
011610
519732
018986
011613
024001
021909
519087
010790
379010
022679
001112
016523
020488
011032
018533
005299
013811
018836
011611
019000
001305
008315
011241
010384
005826
009912
014563
022932
011614
010034
018797
020873
100060
011615
375010
014342
020750
110012
009511
012608
018916
020874
519183
017178
010550
005300
501073
290014
001279
001322
012212
020440
001534
009863
673141
020441
021636
023437
014254
010791
020600
519949
673143
001040
006769
012213
013674
020199
015709
022559
001816
016071
023438
010864
006281
015229
016650
014954
007294
018229
018917
019347
007293
014255
010109
021431
020714
016463
020601
002900
017244
002164
005273
021637
010137
023915
000409
022728
005660
011506
020715
014538
003234
022729
000513
007808
018504
003235
018230
018554
000534
017551
019348
004347
005284
010730
013675
015230
001210
001008
010418
580009
021432
010865
007895
014162
015689
017192
011507
017245
168002
010147
005661
018505
006154
010138
165522
023925
519091
018611
017193
014930
001410
015461
016234
011949
018730
000020
021682
017086
160626
017552
017485
007474
019293
000327
163402
022124
519025
012040
001323
004745
013122
018555
023782
021683
011800
002170
013507
016906
007475
019294
373020
018612
290008
024170
501015
009804
018731
006864
017842
013893
020416
001245
001158
580001
660015
016117
012647
023448
010020
018237
016626
017087
000586
000263
015396
023632
015271
015158
015174
017843
017471
018638
000309
013894
018489
023449
020417
020722
015152
015002
015850
001125
017573
010427
016118
021390
017472
018490
005634
023633
004818
010126
011474
011828
014401
001832
004819
016627
023371
160642
015547
012294
018817
019484
012188
003131
017574
010377
004641
001885
166002
020723
016311
005977
519672
022743
001811
023372
018821
005851
162703
021391
023638
022269
010428
018706
022607
024317
690001
017949
023414
009023
022976
010378
160422
022929
022654
023639
206009
012189
015548
014402
008208
630006
006904
001365
023859
023415
009132
017950
016556
018822
024318
011829
010127
160424
008793
009488
630005
007464
000800
015894
018707
023860
001053
501077
340006
017511
019838
024557
019207
022270
024469
000652
014350
004237
009988
015669
005978
016312
009489
164205
005765
501226
018910
019226
005959
006905
257020
160420
014325
000527
011167
018132
000408
007465
015895
004833
000577
004616
009861
017960
008794
021967
001103
014985
013410
023882
000942
012198
019167
017723
022995
004834
015475
018868
015849
018815
011667
018133
023883
002974
014351
024470
001677
011277
024168
010925
165520
015756
001707
023178
018911
009706
019168
021968
008602
023593
519026
020983
018036
009862
006270
011668
017653
020987
017724
000073
021329
012199
001042
000462
002095
005682
017961
020984
010202
014639
014326
006590
630008
002096
011020
001302
010088
008603
010812
013081
012428
021471
017751
018869
002207
021330
004434
018816
021284
530005
010926
005763
022414
023429
014536
024071
009596
018300
001725
018167
013892
161217
014640
010203
021472
022996
013910
022544
003624
630011
019485
015638
163411
160605
024072
001521
017654
018168
021461
018301
015703
023430
020403
018482
022028
021285
000066
022415
519003
014508
015436
022083
519670
004435
006271
012221
017752
009597
018483
001192
001140
160221
003567
019975
017916
020404
000011
012222
012429
022084
166001
001881
015114
013911
150968
016707
003625
010089
000751
015794
020685
019281
021385
022029
007815
161810
015596
014498
015704
011630
012554
024804
023830
019976
014509
019113
519197
023196
005343
016708
007816
008467
021660
021534
001869
015795
519957
014825
020291
013755
020686
021386
012835
016920
011477
011631
022643
022416
070027
005344
010303
012555
020735
519956
012628
023831
004394
007497
020320
015670
023197
005041
000601
009234
014783
021661
009394
020292
022644
022038
009486
180020
009487
050004
005211
020683
005939
020321
019077
024805
005787
001156
020795
013756
022417
004432
008468
161031
003025
012541
014826
020684
023050
010990
019114
001938
014287
014172
020293
110026
022907
018314
008186
470098
005042
002656
022912
010785
002860
018918
007983
023051
015787
020870
017759
010183
005940
022039
019205
012239
022739
014026
022340
004569
020267
001117
001890
004433
020872
021296
012836
021811
004744
010304
020294
160223
017758
017073
023135
014784
007984
009012
019164
017929
021810
004343
001667
010786
021297
519018
012350
024492
015600
015788
020871
008187
007664
001220
022292
000328
022341
470028
000925
015181
012410
021278
002160
007665
020108
001069
018919
014027
012542
000496
005729
008253
519704
017366
023136
008065
004241
016449
019165
009013
630002
009981
020278
001373
020268
020109
260117
001592
022960
001409
004497
017074
019006
270028
022327
008399
021420
002863
160638
012351
007203
022293
010421
022952
002252
161022
011424
008261
021279
019866
020279
004496
022914
014499
016450
019141
001593
014950
167503
009046
008254
161613
014963
015074
012064
015192
160637
013942
019966
008400
013277
002071
001701
009982
005449
019867
021665
021421
014292
021512
005186
015677
023110
012500
022328
019007
003765
022896
010023
008066
019142
009047
009188
001471
012545
005187
400001
501097
022920
025009
050021
012411
006733
010665
004870
014951
013943
005495
015673
014106
017228
003766
010422
008655
002601
013495
019817
020180
017757
004890
021666
005873
002281
006248
013916
161025
010736
008262
009931
012546
040008
000592
011401
014293
014173
001216
012985
017140
011446
006249
019171
005496
014948
023895
019330
022252
010737
202212
005874
013443
010666
011260
001217
012501
015997
005390
011284
690008
019170
023741
481017
010412
017141
016269
019861
011170
012147
005265
019331
370024
233011
360016
009939
001126
010807
019859
011447
012179
015986
013496
024359
001466
011402
023742
008656
012098
015998
023896
013655
011607
010375
019862
001467
013917
005391
011261
570001
009601
023901
019860
163406
001880
010181
012180
001106
019857
011171
004640
161037
014773
015987
012525
012986
010967
519766
024360
012241
023001
023970
019514
019858
378010
019159
020138
015057
014049
015075
012904
005627
260112
010376
952099
013899
018926
015904
023902
023002
001951
005266
168601
011351
023913
010000
519110
501078
023875
020632
015988
002597
018927
023971
015060
019410
005352
007449
014774
009602
012071
017090
019295
019160
018660
020633
021275
010182
005161
013900
020139
015077
014050
019087
673010
010460
023914
000545
020106
010968
014011
023893
015905
005587
003593
019088
019411
010062
005353
202002
007777
011352
001879
240022
151001
001028
015947
023737
012072
017483
021953
021276
007450
019965
202001
004205
001764
019296
023097
023894
013534
000594
023738
014110
210008
006801
014356
016709
200010
018023
006928
017696
011011
023891
160620
017801
012917
020276
000598
011068
501080
161903
012808
017484
010063
014111
481008
018370
002367
004707
004936
016292
013561
018418
007549
006802
001682
002383
004937
016710
010587
023892
017802
014357
019219
020779
015561
004719
005743
017667
360010
018371
169105
019194
013091
012779
270023
020277
005983
011304
013535
011437
011874
530011
110009
012850
006250
023998
080002
018419
012918
019184
023729
004390
020780
210004
000021
024437
012862
023739
014506
002288
360012
011708
160636
014756
006348
005744
003069
014543
019220
023725
002446
015035
005281
012780
018949
013092
017668
012863
023730
020712
006128
013562
163209
016272
016282
013137
016248
006371
023999
023740
010588
014937
009857
257030
013554
023727
021730
015676
015808
021277
011875
010936
014544
023726
012613
015145
020985
024438
009859
016520
021504
016019
020713
260115
007674
012851
012846
014507
015684
005328
011305
011172
018790
006429
023731
023728
018513
010356
016273
023719
024439
016249
014838
012716
024033
121003
004391
008749
003070
011862
005009
015036
008854
050024
015146
015687
015665
023732
010299
011709
023720
016020
001366
018553
014757
024034
020986
023721
021731
014818
013555
585001
023723
001475
012614
018791
011216
000746
009646
023446
014839
006372
019910
015157
011884
009858
008750
023724
006314
010937
000001
010771
019874
023722
024440
009847
001744
007675
519909
023941
004788
008251
009054
004763
671030
011863
006315
378546
008855
002776
001045
017894
000595
024377
006813
004789
006969
002780
014819
001743
004764
010300
015640
003293
023447
013365
590003
200016
000458
016566
023903
010264
019875
023942
010772
015945
470021
021501
377010
005534
011217
010313
519212
017895
000031
009647
009681
005802
008903
010977
011885
571002
011637
015842
023532
016567
022901
002885
012887
023735
024378
001576
016564
009848
519185
012463
007043
008252
001208
021218
001959
010124
011056
006030
019690
023904
519224
002418
400011
121006
014986
019578
011712
019247
023736
019691
660005
000993
050014
010495
003501
013366
000549
700003
519642
519223
017787
015843
021502
010490
011638
002777
007431
001092
015637
013846
166020
001891
011322
040011
019336
013142
023743
009682
011603
000457
015073
001536
015196
013513
010265
004958
010125
010349
012900
019292
022919
019248
010978
000714
012464
006031
013280
007775
015566
018294
010602
002052
005402
002145
012975
001796
005001
023744
001985
016470
012993
013687
002553
001476
010610
010878
007731
013323
023647
017760
016291
002258
019337
014261
018424
012901
013123
011604
015170
016293
013514
162006
019245
010235
010496
012976
007776
017222
004476
002407
021873
002158
012994
016029
012181
040016
018295
005821
009608
014179
013324
010491
501210
003986
001736
006551
017223
007732
017859
000039
000219
011306
880007
013124
019197
008168
021874
012688
019246
017996
023648
001541
006230
720003
257060
018425
162204
013688
340007
007794
021082
009609
014180
023854
160512
017997
015383
013895
006449
016030
010663
010148
020975
004332
005618
020410
003984
011316
014262
015577
881007
014623
162205
700004
003292
013787
001656
011765
014187
021083
005638
023757
005593
161224
011224
162209
003204
019820
000824
161728
000963
166005
001761
001882
009500
011504
013693
015973
009556
015601
005742
011317
022003
004888
010003
012820
014526
001532
010662
021958
012243
470008
013532
001601
001261
014260
010664
023758
010149
519908
023733
012124
013896
021943
004889
005619
014624
020976
012689
009501
003985
014527
016135
022137
017964
011766
014305
021959
001762
013145
021062
217001
000756
163415
023144
010944
023734
006573
019821
011505
012493
001605
160607
010004
015078
001825
022004
000242
010008
011820
000936
011225
013116
013269
023145
015828
519013
004934
016418
015974
007066
012844
014188
013000
169102
011882
005075
014922
012125
002142
014306
012528
014967
202011
012314
004232
013844
005028
014541
017946
024808
016464
121008
519951
002168
019155
006574
015087
519191
013294
000825
001602
014380
167001
017965
018501
000689
000994
519056
007863
007067
015829
023881
005128
013845
012494
006729
161715
013001
019879
001740
007593
011585
163803
017167
217013
010009
009341
002577
550015
002083
018155
010945
015088
001430
090018
519069
012839
009591
012845
011001
013157
013295
519120
014267
002084
000209
004050
012529
010699
014923
018176
002810
011756
011821
501083
019824
005878
015067
015043
004051
160326
163302
014542
018071
006730
008418
019156
016465
024809
010322
004959
007594
202213
006736
012236
011841
550016
021362
019880
011883
013552
012840
019609
006539
008311
014307
019519
020433
010558
018156
009317
014144
015970
001704
118001
019535
008169
014061
121002
010284
018460
166109
018971
008264
021363
000995
121005
014677
015044
019320
010132
014092
015610
012519
014031
014268
019825
011586
011498
070021
012520
013526
004925
011757
009789
015873
023889
015223
020384
002803
009557
011330
000165
020517
519918
007254
519700
001244
016332
008419
014788
050015
009592
015749
024202
006369
013553
011629
019321
010559
011842
005968
020009
014145
015971
019536
010792
005037
233007
519995
014308
018072
004945
013960
015874
018827
019253
007733
550009
011450
023911
021642
002031
006104
020518
010186
002311
013151
018972
001421
970184
001181
015611
023890
010505
008312
008071
020698
002316
010133
270005
020966
004448
014032
006682
011499
004987
016981
165313
010285
018224
166110
012454
015224
015750
005038
009379
015896
398011
013530
019997
008934
012148
021855
021977
014020
020236
013884
013881
009076
017824
023912
012426
202105
007657
017766
018828
014789
008265
024203
013527
010187
100020
001886
970185
166006
011236
013961
410007
010793
022167
002512
015897
004703
010852
021673
013528
019797
015039
023832
020699
021856
016333
005969
010025
020967
016256
000173
002537
008245
007734
165516
021978
016935
022756
010455
002121
018851
001215
013179
014534
013341
013590
014410
164212
021674
012149
013812
023833
005674
014535
006392
024674
007658
202107
011451
018865
012455
017878
160919
000273
006341
013180
017825
020380
020237
024810
014455
012202
012905
019998
018379
023544
005598
002449
011237
018853
014021
018401
019354
019985
012427
008246
014051
017036
010821
017885
022757
630009
019589
206012
010456
019431
200001
410010
000935
014532
008128
007632
011307
022030
011313
017130
020513
003396
006342
010024
019189
015037
018380
019493
008935
010761
011837
014530
019796
015320
240009
002555
018003
011344
014335
007243
009663
015179
018866
015900
000368
004138
004726
014792
004231
018517
015950
014406
020514
024675
010853
001484
013591
016823
011512
014411
019206
002545
013342
000259
013813
014533
017037
023339
015038
013955
019986
022119
016258
018077
501202
014407
024811
017879
020104
630109
019590
019494
014531
019722
540006
007244
023545
240002
004727
000199
017131
021619
202019
017494
460009
001318
010166
016105
020273
160610
002060
233010
007854
011513
011371
011471
015321
110010
008129
005635
003834
014811
018402
519008
017536
012906
016021
161227
020411
011838
011936
018430
019432
018216
009550
018947
023340
019902
161219
021620
020274
016246
025043
020105
012203
021074
016049
019190
070022
008072
011427
011345
005258
009152
013284
017749
018236
000978
002179
014460
015901
019723
015753
020269
690007
014793
019243
009153
180001
003713
020412
021075
217016
022120
022320
002939
014587
017598
016498
014934
360007
015696
110019
020405
022923
023937
015381
160311
015582
001556
023921
013285
001304
017403
016022
016106
003714
006648
004666
024584
000965
011428
013643
019239
019903
023853
013188
000167
400003
008778
023555
020406
012119
012321
007689
001255
018431
022909
010854
001345
004742
001163
010246
011669
018389
020270
011372
016491
012080
020231
014942
320003
015030
005126
011472
022321
001557
590008
004408
005636
011937
014588
016499
006687
019215
009720
014812
021711
023556
090003
000977
001120
017750
008949
022567
023938
519066
519697
012537
000654
007250
009551
023192
018541
530018
008491
018920
022676
006809
012322
015382
550002
024585
004243
017599
004671
024142
021963
023922
560006
014935
163822
004128
017850
019136
010381
012081
008779
014461
014943
007690
006649
100056
012538
010052
013644
002005
021159
022677
010808
377020
019710
012621
006048
021964
020503
001347
310318
000082
010805
018522
024143
006688
023198
700002
750001
501095
007137
008085
161604
007527
002495
005994
007439
012001
013516
014528
015006
020233
019273
001564
166023
011670
008531
019182
018921
021160
378006
015031
016061
010809
022222
011793
013502
009353
024350
002496
006810
002838
002161
015769
011229
015090
015386
023564
008492
021712
005288
006564
007040
020188
024083
004946
001214
007463
012120
007413
001241
010855
014529
002839
009986
014982
017381
012543
010382
018304
017707
005259
009354
163807
000747
002216
016254
019529
007804
013195
004944
010806
015485
001121
010787
016402
017851
019137
023177
001275
006696
014344
006738
008084
006257
008950
160133
007089
013503
004876
015453
024351
006087
070001
012033
019306
005268
017216
017855
003842
008532
012698
019521
023565
008150
012544
501025
009067
011866
012002
004423
007012
007528
024504
017535
166802
519712
013575
015770
015091
017637
004740
008396
005287
013465
024084
004947
003016
004119
016989
004986
007271
019530
161612
005967
010365
161628
015007
016895
009987
011230
017157
018305
019868
163823
016492
012631
011758
002251
164809
012394
016849
004948
673081
017856
010751
013196
019989
165524
014345
001397
006739
320001
202017
007138
009068
022482
002217
017638
021198
012034
023298
008397
023595
005698
012699
014119
016069
017217
161118
011867
005049
019694
024560
017424
021973
002959
024169
004875
003843
010788
019869
400015
003578
007223
007013
007802
015454
019990
021397
013013
014130
016896
014372
016990
021716
005246
017158
024146
001074
005050
162714
013466
340008
017853
015291
016553
015408
481004
310368
013885
011645
013576
015486
013084
021623
161028
163109
004686
019090
023520
004345
007028
012872
022913
023473
023129
024561
024763
360011
002134
021590
021965
024245
673083
005005
005927
023299
010752
006214
013639
024147
009472
161812
240010
006531
007029
012475
019553
003053
006233
016493
470068
014207
013048
009955
013566
000924
021717
021398
022686
005630
013014
024629
023550
006215
017142
013661
018013
024556
011107
014062
017854
015292
050001
011956
021199
003641
019315
022485
024246
024764
019508
012445
010385
023552
040035
217018
015177
320006
000574
021864
016701
019091
023521
501085
519029
011108
012223
014389
016204
009812
002103
021974
015173
023551
008898
017425
012473
000971
005461
024077
003642
007932
163804
006401
013021
021090
023325
002542
007803
008077
000433
019166
021033
021966
007592
023474
005006
002182
011646
014878
010153
165511
013640
019554
024239
001351
005739
014120
016554
019509
501051
018058
019211
004674
022961
024711
001349
019316
019720
022687
000962
017835
160616
001692
019500
022688
021624
003054
008001
000803
018014
021091
202007
006234
163111
014063
001650
002669
000431
008137
014208
021591
022486
023130
501057
015409
008899
021822
020220
021865
022854
015143
016702
010386
016899
021576
009813
021034
202003
010728
013506
005919
005928
005953
006938
010154
003889
008274
013662
012474
017143
010824
213010
024390
017154
023326
166301
008546
011698
014505
016205
200002
012891
240004
017967
014333
012406
021823
050201
003890
013638
019468
020221
010355
011425
013119
012476
003175
001488
501058
006402
007799
016059
019212
001789
007579
022180
014390
007885
014885
160624
022689
014879
012036
011957
002233
015466
014666
016900
014237
023570
024712
004675
012328
014133
011663
013641
022855
012407
007574
007580
017155
012224
006912
007886
019855
519095
019721
023908
017836
006611
270025
008983
040021
011907
013680
008275
519017
015144
010825
018724
024391
001489
501081
016051
017547
016680
161005
011701
018656
000520
010729
024260
161815
010992
008328
010953
014224
015505
001490
288001
005954
002319
000418
011426
015789
021577
160225
014238
000877
010286
012329
420001
022473
021799
000884
010423
018315
005760
014886
022965
009992
012963
003884
013886
162711
013624
001616
001719
023571
010064
519997
015467
019856
009781
001705
014134
016257
010954
010826
001052
160119
022921
012926
014139
019469
022958
002624
015450
005711
017548
023498
006540
023909
023965
690011
023522
002846
519068
013642
013681
014961
050019
002903
021800
000477
010128
018823
019257
023165
014667
018725
260111
005311
014997
016681
014334
015989
018316
021694
021699
010993
011664
016742
019223
017290
013319
015790
163114
000480
018461
021503
169101
010424
673110
022474
012854
019555
024435
009882
018282
015519
010289
024608
013887
015459
016703
420005
001128
003885
501036
010338
012927
013625
012831
014140
021985
010065
012855
015305
010971
019367
023668
040015
015506
006382
000008
022915
007910
501205
012719
004348
070013
010340
320010
021902
010021
013320
011142
015123
005443
010972
006656
016267
008984
007146
013395
011565
012785
023518
001535
050119
011251
006748
023269
160806
501037
010419
001225
162202
180018
003494
012964
014572
021372
025038
023523
005260
004475
014962
010129
019258
018824
003318
519021
000755
012832
015356
005738
010287
011964
005312
014225
019556
590007
011965
000587
001718
008372
015458
016865
006657
010339
021700
022685
023669
017493
006251
015306
021986
229002
003626
020132
023519
023670
013733
012706
016268
016704
450007
006595
163418
015990
018285
022467
001474
009883
015520
015887
021189
011238
010965
023022
070039
003105
015657
022706
007911
019359
290011
003751
006433
015627
530020
015137
017874
570005
000663
010827
018574
022768
005062
020424
010351
023193
018281
003106
012815
024436
007191
519198
070017
005261
023023
024153
019368
008124
550003
007945
009613
013619
006267
021190
013636
090017
002190
006593
501098
002317
001581
011143
011593
014471
019747
360001
011692
013734
015628
018286
660011
006268
006147
012503
013396
016866
019146
000619
001849
004206
010694
012720
019152
022745
023821
011252
519116
024395
011269
000172
016276
001272
017650
002419
012707
022744
160518
006482
022468
016879
015001
015888
001790
007479
022908
531020
008120
015658
022707
470010
021373
001975
610001
019222
163808
007368
022769
005795
018257
019276
009614
010962
012786
010670
007135
013392
016991
001986
690004
006594
008258
016388
019421
008638
010314
001603
006020
010488
011149
015384
024154
003561
014651
015138
001166
002076
010629
012995
006148
013431
020090
022898
001064
005477
000006
007136
012504
011239
014597
021610
016494
019510
519100
013637
016620
024274
002305
011346
010442
012270
013095
008576
004192
007388
014070
003562
016781
021265
007875
005945
021051
009893
020842
023184
020425
014199
019147
019053
018375
008259
022746
023822
019210
005123
240008
011270
010963
009800
006483
014125
014232
016880
012787
016917
002984
011323
501063
501188
002003
470011
005478
005870
011246
161222
003504
019511
016289
023512
000696
016277
022156
002415
007876
000297
011693
017549
017414
023494
320011
013417
018258
019498
005984
023185
007499
020682
022432
023286
016992
012184
017635
007386
008121
014869
001455
009795
012271
006021
022455
022938
161609
012754
004250
007369
021200
007143
015293
519971
010176
013432
016389
021072
690005
024275
001097
005904
012258
022442
022982
004193
011150
021052
202211
015456
005946
010964
017362
016918
014867
023861
018376
014200
002943
007856
020091
090009
121010
013096
016690
270008
008313
012788
022954
005351
013533
022456
010345
014071
022433
012755
014652
016782
022966
022428
014126
014836
020843
007857
005113
003505
011247
070010
162216
020648
168101
010234
016250
018544
024465
005474
003015
013878
021170
005434
021201
014233
011458
014317
022443
161610
160813
013103
021757
023495
021073
005960
012185
015573
023619
005220
006259
010489
019657
160603
213001
410008
169201
673100
015455
022429
009801
024709
022490
000136
002004
019617
009043
016621
007144
398051
001974
010177
011228
011851
008954
005450
008577
012259
015652
019499
005691
007389
003886
010892
000996
012911
013418
023862
000063
001898
005985
012791
002389
017636
004809
006034
019827
000934
012568
012669
015572
004774
006587
006891
009059
014210
013879
003887
009241
016283
018872
022942
022426
009885
015294
022440
022967
019225
001118
004881
014158
023620
163409
005905
019978
001763
022459
021171
022930
003579
010346
519035
017550
009137
012123
017094
008025
021758
023153
010413
014318
016962
023335
022893
001015
005114
016950
021663
001242
014170
019828
161724
000985
019658
019941
005475
022661
023524
002585
673101
012892
024466
015190
022427
487016
016622
519034
011459
012912
013175
020979
022441
100016
011852
410001
025007
320012
020052
008279
022979
013596
501312
017606
022430
023655
022491
010893
001277
003809
022460
022846
168103
024710
009709
023154
022697
011740
890008
487021
013104
020766
012792
014591
015586
016963
002630
010667
022926
014453
240014
001668
005935
001266
012569
016251
023957
630007
009060
022444
022457
022916
016676
009336
022894
001415
008715
002543
002390
007280
017630
016968
010311
016398
019169
009004
450011
014159
000612
010163
015635
000312
003810
013160
015633
040002
017095
023188
008026
002046
023475
023336
007839
003197
011997
481006
005961
012578
009886
519007
008280
012670
017204
022431
022501
006260
014211
018832
019322
023656
020767
022458
023958
011077
022445
001751
240018
007581
011975
016969
020980
001016
015412
002544
011803
014874
001050
016840
021664
020023
007405
022309
160634
011189
012893
014382
020669
022937
013176
014936
010225
010885
014222
022424
022698
001265
006440
022971
001324
501001
014592
023344
003734
007840
010414
015245
020100
007275
017995
017607
006973
021543
022917
470058
008116
014168
501049
019942
023525
006013
001182
018148
002055
014931
022434
022918
001924
003876
014155
017631
003198
005650
630107
018633
019449
002631
017966
015587
008817
000311
519015
010275
023042
023290
000313
018342
022905
022847
022453
009337
011741
018222
005886
013161
018464
022425
023476
009726
012173
022899
003735
011998
151002
012412
501217
015718
018005
020748
023038
016677
015202
310308
002148
015636
022940
410006
015685
017043
019323
014946
011976
022946
023863
024445
002562
010534
012155
012977
014545
000827
164304
202009
164701
519011
002291
001752
006441
014875
022435
001648
011804
015413
006014
016560
020101
000826
016854
015679
016462
022762
010157
162307
018327
168204
018650
022310
022454
165515
004997
008905
010894
022463
202025
450008
011836
022902
023751
023926
023865
000014
002851
010886
206002
001850
012579
016841
023864
023043
015102
023291
360006
020124
014482
015891
014169
470059
010224
007032
013665
018116
009736
023039
021175
007404
014156
016594
014223
164508
022904
022421
021877
003598
018634
022790
004252
007276
021526
010535
110030
007669
010276
011930
015592
010506
010164
022049
008860
020168
023927
502000
012174
021369
021925
022464
022465
022931
022763
023866
005887
010253
015634
023319
003594
008592
022423
002670
005651
023499
023345
519977
007509
013485
014079
009740
020720
022223
023607
002906
008370
519976
009774
022733
011128
022804
001528
011932
008317
022708
022665
009576
016814
017771
022436
003595
022911
008811
013603
161032
020749
162213
001810
016517
010158
519983
008906
021878
100026
012978
013120
012756
010160
012156
013328
007571
020352
022466
011205
017868
022759
002124
018543
003458
001637
013939
014546
016561
024213
014331
015719
019235
410003
011966
014141
018117
502013
013666
014913
014947
016444
021655
000478
009737
007033
022666
012237
000047
022438
023320
530016
005457
021176
022947
008593
011296
015056
018235
020560
022437
022461
022791
013385
002837
013275
022811
008158
010333
015103
022627
070019
009950
017953
018328
006785
022358
012704
014724
014604
016562
000955
009727
009300
011006
022742
004301
970195
022922
720002
002671
013200
022448
023500
003548
009391
017764
002907
005294
007939
013501
015892
008079
022504
022817
014483
016980
022439
006600
022805
161038
014332
017813
018585
008238
290010
007806
519656
001907
023608
002955
013350
021828
164905
020721
022610
022450
008145
009741
022944
004302
080007
022628
003459
010895
017067
020169
013607
012757
019607
021370
000048
019913
017869
270006
017954
000214
013604
022449
022820
217010
002660
006557
014339
022452
023483
011967
013486
014605
001758
010676
021772
022505
162509
000406
020383
023382
002358
009548
011931
014142
014171
022702
011129
011933
020901
022935
010433
015094
022462
022781
005788
001588
011297
016169
013453
022451
022866
160140
022812
020010
021245
161816
006122
008159
019318
022469
011616
016518
022936
023388
024298
021852
008276
021656
012297
016445
377530
021222
005633
012828
217009
017715
017844
020561
005248
022821
003205
024182
014970
023383
022818
013771
003243
010966
019270
021635
024004
002703
008239
012298
015309
022262
023484
007807
023855
001047
002472
001589
014914
021829
013255
013742
005764
021246
005472
015976
022470
023341
024299
001542
167601
010764
011773
017068
012705
013608
002510
481009
007139
015911
163809
233001
022069
050002
006527
013435
014340
021832
023755
002952
013201
021327
017935
020011
070099
009392
009465
013630
021223
022975
000407
010334
017814
017063
021231
017765
022703
016978
320013
022973
024005
008277
017646
019240
000975
001908
011703
016938
022782
006254
008415
005789
015095
021981
008184
013134
015373
013386
022867
001827
005894
160141
019319
970194
000656
011285
024194
004335
009026
012767
213002
011035
017716
023333
004221
022311
022070
001291
017845
021328
021254
021833
006704
005571
014641
022953
023342
007850
009549
019271
021210
050013
011036
019013
024183
519657
001716
163417
019864
021232
020902
007795
011913
006424
006705
010991
023568
023756
003344
003343
014668
020158
017386
022670
501066
022933
011774
016097
017925
015977
240012
023334
012896
016939
006937
011556
017647
021256
005735
005639
011212
012829
024195
003670
002385
007851
020753
021255
017256
017936
006556
009466
017064
023879
161811
016219
014522
022513
012596
021211
014381
019241
024443
015723
022943
519993
015912
024546
013936
161225
010690
010706
519300
167506
005761
009504
011132
005867
011286
015671
022715
015204
001017
017784
021982
021726
005572
021367
009380
022090
013772
012597
014661
017331
022891
023569
022312
023444
006528
014669
015374
017600
009537
013436
014513
010624
007096
013631
023880
022671
160916
016979
018806
019014
019865
018246
011914
008986
009347
009033
010267
011649
012535
020754
501022
005473
016245
006763
008390
016490
010908
021368
240013
005855
016098
167507
021257
005640
001897
320014
021206
023445
012214
018354
022892
070030
008142
003119
022091
161017
004510
014523
022514
003550
000336
001997
018987
005809
009505
021216
005491
010271
013937
165309
000589
012364
005949
006121
020159
011133
003120
001780
013233
014662
022716
008391
012153
015205
005437
009106
016220
021727
163818
070003
024444
000218
008056
003760
003761
011213
004279
001071
021207
010691
015507
005762
023203
013332
000849
006992
110003
110020
008987
022599
022928
023466
021217
000613
007044
015902
021084
012365
014048
015387
022924
002049
519979
004280
006397
006425
009034
011650
023685
202015
009538
162721
018546
023856
018217
000932
002411
008701
501215
018653
166007
160718
007825
010330
010014
001884
010909
017230
000216
008143
020341
023897
022653
002801
016670
007668
000043
005521
011685
010352
017601
018493
021103
021273
001224
013601
210014
012215
012306
022568
022955
000933
001278
009198
165513
024448
005727
010625
000961
519162
005950
007339
021859
022600
620001
012346
003476
005438
005680
018008
018807
519677
005313
013475
001577
015133
018038
009366
015729
021085
022502
460300
160807
000051
004746
012073
022983
022948
010272
012536
013610
013141
004253
012885
015508
013234
021214
015537
000307
014241
023108
519702
007786
010636
160613
002360
007470
008057
000967
001280
006165
013358
022699
660004
022674
013786
014514
014625
023303
023204
022890
160706
020567
005856
005918
020969
005607
015495
009107
022092
023467
006286
007130
007045
000729
008702
013763
021698
013602
015278
019600
160615
020015
000217
009348
013504
021494
004342
013954
016671
021208
008926
009984
010015
501208
018654
021847
022695
006131
008212
012154
012886
450010
000850
001143
011331
013476
012936
014347
016367
017733
024091
100029
019982
023109
005681
023095
007943
021740
023898
002610
015134
018494
018391
019656
005658
021215
450004
001970
009477
022957
013620
011462
012498
014336
015221
014263
007538
008776
013720
162208
660003
013067
004218
007826
005102
017380
018039
019075
010637
005314
660001
011686
015388
270007
009367
012347
012928
010861
006939
015903
015768
017273
018409
519039
021274
002326
022964
002580
002963
005290
290006
000121
740101
539003
018218
002189
006293
021848
023367
007539
015538
021860
024449
270010
018913
023435
005103
005368
010678
165310
000179
007787
013524
019531
007471
021209
022696
009951
010599
001334
002969
007842
009126
014626
006166
009989
014971
016091
019497
023102
013442
023304
008777
009381
160724
007502
020568
022675
160216
002249
005608
011743
015496
015092
019808
530017
014201
012880
018392
001503
001990
008331
013919
015279
017040
023423
022859
000536
007788
016466
008927
009086
015936
018470
020835
376510
002611
360013
004716
021212
002987
004814
012929
017289
673060
004932
009478
011102
017734
017644
017231
021513
021643
015993
019983
006160
013430
501043
005965
021183
021185
024616
000030
017426
019972
013359
022347
023436
007789
012679
019172
020254
022860
000029
004321
015222
006296
017985
014264
011786
021359
519778
013367
010120
013525
007994
009141
002166
014228
020903
019532
022093
008308
017229
023516
012680
019601
023005
519965
002514
006305
017254
008706
015594
023368
023373
001722
017735
009475
010872
501216
014348
019833
005341
008961
011103
009990
013849
009208
021177
001530
320015
024491
002137
009630
014202
000176
009952
011259
021213
024617
016699
007843
040046
024059
023992
024431
022376
360014
003745
014718
019441
019001
050007
006058
501045
014203
016278
022906
393001
531017
012722
016660
080003
020037
011744
023501
013764
015994
022110
006136
021184
024483
005850
008332
012955
002515
080015
005342
009127
016746
019173
018963
019501
023431
001256
018502
001449
009382
011295
020836
022190
009258
001287
501186
011332
016592
011127
017645
021644
024618
050023
009142
019151
021178
006535
012881
020904
021186
005121
019973
005357
005966
014978
014829
022229
024060
050012
002459
019547
016079
019442
002714
012499
016092
022299
001148
009606
010873
011787
015093
013914
017986
007995
012206
160105
012007
005937
660008
006161
012723
016134
023517
001708
012074
162210
690003
002460
007316
007060
008697
018410
022276
006536
009631
019002
002521
006227
011134
013932
017860
007904
016401
002036
010121
013850
010679
013368
004933
023432
014521
022189
023146
023562
014352
015856
019736
021514
000143
539001
001709
011146
022226
001724
013149
017736
021755
580008
180003
010902
013174
023949
024432
005215
012956
014096
001319
006524
011618
023502
161026
009991
013025
011430
011938
004234
019570
014165
260101
004355
002405
014151
016747
016452
018503
270042
022300
024484
023059
000834
004815
024613
023052
100038
340001
009102
023147
050123
005741
009246
019548
014204
016453
014719
019737
180010
022572
004209
009607
012207
018434
164814
006525
015147
017340
020038
002213
161233
002595
005938
005152
008897
014166
014229
017395
014174
007317
012752
023422
162299
006479
001910
002522
003147
004477
019524
023060
002310
011135
022277
023950
320008
001815
009322
010842
016581
009190
016593
003510
010452
019561
012170
014353
001222
010150
016478
001782
002808
017335
023563
019213
003304
011147
013291
014830
015857
013915
019185
023053
012111
002315
017905
020868
008971
024429
018589
005331
022664
011470
014803
002406
010457
007660
003305
001857
002082
004858
011523
660006
023714
005708
009327
019592
016168
017861
014148
024614
017361
009467
050020
009103
017253
001858
009029
017405
016832
017316
019525
020120
014038
015748
001844
016582
012112
013519
021756
007968
021233
001427
009710
010903
018595
161039
021922
022573
024454
005216
018694
010049
022949
003511
004153
002586
016776
023418
006529
020282
011939
019920
002494
017060
165508
000966
001980
011587
013890
015303
016477
014152
502006
006752
015526
009967
020014
020869
023917
007779
161607
002293
004154
019593
010453
012171
023806
017564
020271
016907
019186
023553
021923
021234
000866
013331
050008
020121
320009
018605
023003
002587
010781
014135
016833
010458
013816
010301
014804
008177
016777
007059
006292
011524
006894
011671
018596
023780
008907
010843
014149
013983
023918
005412
020016
024430
001102
008944
019562
021316
022105
013173
009932
012873
020876
161834
004488
013748
014712
017061
019073
020272
009782
006860
014765
000369
006753
013867
021498
460002
003133
007896
005413
010844
018687
019540
008945
012671
100051
010122
014585
023554
006530
023419
017274
022418
002021
024367
003502
008754
010302
070032
011681
019921
022195
011801
015906
023228
000928
004877
002849
010291
013891
009328
013817
001446
016936
023004
010050
005530
017393
006195
018726
021692
001172
003503
003580
005815
017998
021889
004874
005613
021496
377016
006302
007047
008908
019661
018966
003134
002282
011554
020160
018912
011849
017896
023347
001357
011769
021515
450003
001381
012663
011349
017672
070023
450001
004993
015907
020875
011672
016045
023928
002498
006895
001679
007649
011357
013984
019150
024989
021773
001135
005794
007663
013761
021317
690002
002001
012260
019923
024400
005840
010328
012442
012878
020877
519655
020864
023252
005229
011870
014039
017402
014799
024368
005535
017565
023229
001300
005399
011802
016280
004807
014376
016961
023807
005481
005829
017296
200013
007897
004737
016937
021890
002079
011555
016440
010782
014872
019505
024110
163821
001250
014586
007835
008110
022770
022382
006580
009783
022366
015304
023099
013868
002986
010738
012616
019628
008381
019918
023179
110021
020970
023781
010556
700001
016858
019106
021693
011682
014349
015867
012664
005876
016649
022196
519190
023873
012513
020102
023181
024401
003115
610008
005244
501087
018967
014691
019495
014136
017897
020161
018727
217002
005868
002210
008221
010230
008136
008755
023253
540012
008375
009030
003957
021561
519696
005998
012638
006608
020435
004994
011405
016441
017641
690202
004808
006049
012261
019924
019603
004693
005869
014800
017999
018390
019895
019602
023348
001376
012879
020865
023180
024263
024543
024461
004743
021491
024111
009669
014766
005830
012672
014377
014329
019109
019919
008846
009092
200113
010123
014734
011358
018152
016719
019612
021049
610108
006307
016720
019678
019506
003308
163813
004677
000507
019641
021516
008609
010329
021812
022383
003116
011770
011350
019428
021562
022771
022367
023874
020003
550008
018698
003958
001852
006511
014729
017993
008373
016046
018329
020103
011518
010739
010881
013049
519981
004747
014692
021247
024002
002340
501029
014043
023761
001420
016580
007192
012533
021910
000788
519706
018889
501227
008537
015868
015061
024276
018174
003295
017071
022224
023201
021884
019746
000526
011138
015219
019305
024574
580007
000171
000195
288002
021911
007126
008376
020275
000508
160211
017498
001685
519601
005955
014466
012639
470007
005245
006547
019629
001122
013762
024003
001917
001218
021094
002059
006051
007042
008374
014330
017349
019429
001149
005877
024498
160646
018514
013209
012443
018604
020957
011545
014735
019107
020095
002934
166009
001883
005125
010560
014873
011280
001301
011078
019679
017297
017072
019891
021050
004635
080006
016316
021495
021044
008955
017370
024655
002581
024575
012502
014360
002935
010231
160106
009273
008847
015104
018330
160812
005225
019613
001426
017272
023762
022520
010293
015135
022206
002582
007831
010744
006548
012510
017676
096001
015062
000398
005543
006336
017675
021492
023230
006512
018161
002133
003865
020096
022225
023202
003382
007833
013050
014571
001123
001463
005947
014243
000841
630016
003516
016067
012511
257050
011140
021813
008538
016479
018383
021045
008318
009623
015559
016255
017499
018699
024656
004724
000512
270022
012809
018617
010882
014713
010323
070018
000573
018536
001596
014805
021248
005717
017453
019496
019892
006859
020621
023931
161505
161727
006052
007127
012534
015160
017249
021895
110027
010350
024337
023231
022000
460001
002063
006586
013210
012444
017248
018172
460005
011546
012037
021301
021885
015148
019811
011281
018274
013345
021095
004725
000196
007780
162414
002177
007832
501212
011901
016317
004044
008401
519125
014467
017994
005956
008209
010425
014361
004695
017376
009358
013439
021896
007950
018754
017679
165312
001422
012588
017268
023404
015699
021123
021949
018384
040180
003144
010910
022646
024046
000042
013793
019198
000362
010273
018446
007834
015105
161232
003383
005109
007550
007955
005948
012126
013595
014042
015220
016785
010437
018674
014103
015510
018173
009184
010027
010745
011139
001423
019894
020622
502048
011183
010929
010996
016669
007303
002334
006306
000547
519176
161506
015560
023305
000843
009205
013166
008819
008488
011927
021302
022986
002971
008222
011813
018405
009169
007472
014979
015751
015161
008319
015136
017409
018094
019340
110028
006952
009539
017398
024338
022857
005267
007188
009206
011319
013167
024073
161620
023609
015149
006290
017408
018696
000870
004236
010011
012746
014960
016068
017892
001257
012747
013346
014806
002720
013825
021950
202101
009640
016997
005270
017919
017942
017458
019058
001336
021883
022001
021167
233006
004683
501017
006266
010723
010426
011745
012127
012107
014701
166010
001314
006620
011410
005669
007748
009215
009519
009359
011064
023148
024061
001337
012945
020289
001183
018786
020637
004812
010420
017769
023199
019079
013794
017250
010274
017375
020653
024074
018734
018675
019230
011052
011694
010410
013998
016786
018755
006803
233015
017271
000743
001504
010697
010438
005373
012875
013440
090004
011902
001237
005189
001562
007415
016185
018095
023234
004571
008210
014849
007304
006269
519755
011320
016345
016788
022858
022494
002972
005110
023306
217027
000363
001315
004102
006282
011928
017377
021266
008271
009216
017240
020908
013999
018204
020290
023149
023405
000127
320021
010934
017846
018772
023200
020190
009170
014104
021814
015700
019341
023236
024047
519730
005737
007473
019059
019392
002335
009884
017350
023070
002721
004103
007468
010037
023610
660010
006291
008404
012275
001363
090006
011814
017481
010012
017893
020481
420003
011550
012450
013928
001258
003628
004756
009540
010930
012095
018735
023235
008305
015017
014568
020218
023081
009520
012108
016352
019544
024499
000804
011271
519761
013765
014067
163810
006621
011411
011065
014365
018545
020001
014127
017739
024062
020191
024218
011027
012654
017392
018787
024682
005374
017770
000110
501050
009003
016186
004142
018500
019080
004143
009264
009641
017839
004757
016789
007661
020654
021168
002006
007255
008545
023947
022849
000628
501059
011053
004952
008405
006245
011028
023071
002513
004572
006585
009878
019183
008809
015511
017920
019365
022488
005188
010320
016998
023547
008037
010997
020255
006650
019231
008240
010551
004410
014702
011845
017482
017372
018406
019450
018773
010935
017847
016630
005138
012946
020482
020638
012195
013247
017399
000739
005274
006196
009572
010725
006624
519731
260110
519020
009368
018353
022956
024609
005421
008297
013714
001645
019814
024532
001548
005632
008063
007469
012276
016346
021271
003026
010411
010347
020884
024219
014775
017258
021181
167702
018062
009108
519022
007416
519975
015463
019545
020256
024500
002065
006844
014569
020219
021701
022850
255010
010724
012589
006395
002458
009439
009398
013193
020445
020607
008869
016460
540004
001734
024622
001681
019393
004813
008241
009210
011233
021815
050011
011551
017005
010116
002871
017840
023548
013766
008556
013512
001549
501060
009872
011066
014488
004953
010698
016631
017626
023711
001735
003027
011695
017239
006438
001633
006197
161611
010899
015359
015285
019831
000646
009128
009263
019366
009147
006220
008810
009817
011729
021702
023119
008631
019815
167703
010118
011272
020608
163816
010742
010539
016942
019470
005139
008272
010053
024623
217008
006839
010994
017174
000835
016090
022489
002066
007827
007784
010726
021638
003861
001515
015089
019832
003882
002455
009369
000973
013929
013715
024533
001044
001189
399001
270026
011321
020757
000279
002872
004513
001634
001887
018063
021182
023746
560003
519180
166019
001623
007785
952020
023752
501061
010615
011033
003142
014519
017371
253060
004965
012311
020466
050111
007792
014520
008726
017902
013194
008870
017674
019132
004512
005059
011846
006840
006221
501219
017175
012789
009129
009211
012783
013616
003862
006140
018318
003883
013930
014116
001433
004966
012283
023120
001522
007107
008557
008895
010119
020113
018635
021272
003993
008513
010432
010117
001054
020756
021604
000189
014771
009879
022248
020885
005644
006439
015116
519033
022527
163817
010573
014767
001957
003143
009818
010188
008038
009796
015048
001523
007793
010841
011730
018350
519097
015946
022211
001473
001249
010743
003161
016943
020487
020695
530015
519019
470018
012250
017259
020467
710001
002561
006743
010540
398031
014094
015564
019712
022741
000471
016504
021639
013144
014109
015360
013155
002011
519738
253061
014880
021752
023605
007848
014665
016993
016972
004517
270002
014489
001384
014088
014068
100053
008244
023747
011734
015286
017360
017497
023210
023578
007379
011034
017389
009183
952320
017364
017323
519759
017903
016945
020114
257040
008727
018240
003877
012487
024446
012023
017415
018344
019370
019133
019471
024192
519050
006009
021753
006744
009763
011735
012790
013776
014198
007380
011746
012761
013617
016737
006141
010616
012334
018264
018319
023967
002456
006618
011860
009689
024578
018636
080001
002457
001756
014881
015880
019659
070031
002000
007108
009873
000772
006867
017980
023162
002339
005137
007272
023014
360005
002222
009370
017822
024193
014768
019713
003294
024667
013286
005275
009114
012762
019300
010357
001958
011861
012740
017390
019652
040018
002388
009797
017344
017270
017374
121001
001604
001413
012017
013355
014016
019130
019876
020696
002159
007569
010900
012220
014865
021975
005262
005616
011980
017772
024015
000692
004008
006010
009747
010995
001531
006622
009690
016424
021722
519733
002796
015153
022212
002331
005498
501091
011203
024579
004608
005997
016994
016973
017265
018356
022869
008514
018321
006363
009326
013980
018345
007796
001385
004009
004249
014089
020064
010927
012251
017610
004235
008132
012965
012387
015565
018626
020361
020251
019299
006861
010189
016146
016643
003126
011097
013991
015524
017324
016547
003127
009395
018700
019275
001443
006619
013053
018241
519616
009776
519736
015326
023163
023630
005055
001537
009764
010779
010845
011532
012741
013529
519933
011168
017464
021915
005076
008134
010657
014095
022336
021723
008999
017339
016738
016505
004975
012488
005925
023365
519002
003336
009371
012335
022873
023222
519139
012715
014697
001067
001414
014374
005656
007747
008871
018393
022174
004609
007448
014069
012024
013777
017823
023106
000523
016425
017416
018403
161601
160805
015745
011759
001721
013225
001335
009115
014949
018689
019943
017147
016259
016797
019900
024311
012615
001444
010746
012018
013260
013054
014017
019131
002307
002474
013517
016766
017264
009810
024447
005263
013922
014772
008553
024016
016633
010658
017611
006623
008178
012435
010640
011747
020250
019622
001505
002797
001835
006532
011204
013981
011760
001202
011542
016243
018673
021136
023223
010219
017266
018995
001380
007809
009611
013962
015881
020772
023094
013060
022130
007797
017241
210010
010887
018980
020562
020065
019877
010928
020126
012966
010547
018627
021147
023471
000190
010358
012262
017767
519735
002295
014722
022579
021795
100035
005596
400027
019095
022259
015525
002745
014698
003169
210006
010444
010901
016964
010780
016634
021976
023631
011533
013676
890005
024117
012388
010641
004129
005926
008347
009000
011752
016798
017748
022337
001051
007609
009515
013253
019944
050018
004885
004564
018946
019816
022959
210011
006862
014045
004341
011098
016064
016548
001836
002584
005657
004486
008290
009612
012594
021243
202103
009777
002425
519617
005347
010839
019792
025627
168102
013923
022173
013677
017246
009448
011082
017148
013226
014725
018728
021916
024040
005276
023366
001043
017146
021137
003154
040190
016147
019328
021187
010984
015931
160127
003170
004427
007671
014492
018455
023844
001223
000270
009811
017056
022962
000385
003135
013518
015327
019745
023526
005537
005880
011981
017465
017161
008179
012436
018840
020617
001342
001760
001146
015595
016820
020258
013686
009819
017282
020147
020857
004190
008736
001147
003152
012368
016214
017275
017685
024118
001441
011626
014598
021244
000184
675121
007810
013261
008664
020773
762001
010840
005538
008872
013971
021148
012077
015239
002332
005823
008997
166107
010172
013600
023472
005733
012263
021796
010548
016244
018130
400029
000778
008604
014980
261001
202102
519156
519753
018661
023503
012014
007232
023808
001732
019268
675123
001731
011387
013992
018139
005193
008979
002653
014754
019402
001343
004130
004495
008348
010942
015932
016666
018979
161123
011753
017057
016995
020115
320017
007610
009423
009156
519967
005597
004852
021881
004698
017608
001657
160910
012595
016065
022164
001806
001442
009249
002412
000432
013741
018618
025628
005078
010888
022175
006299
010481
020618
270001
009887
012005
014558
018729
024041
000367
009762
017740
018672
018736
012397
021650
002276
011194
008420
000185
020325
000122
000386
004428
006670
014493
018456
022842
519157
000377
004292
007672
010445
012826
013963
018263
020726
023813
024602
011478
016767
021598
005881
009618
013444
018586
019991
000294
012196
161713
017162
018841
024768
000003
005824
009516
009849
014726
018884
019801
021559
001352
012748
015963
018157
020148
023107
004191
014599
017378
018162
012025
015240
020858
001807
004913
007297
008665
010985
012369
024570
163407
002236
002061
050016
006575
011733
010545
014573
004361
018708
012078
003254
007193
008998
009449
016915
011206
022344
010775
011534
016265
022215
022887
017373
018662
021188
021882
023504
024936
002792
022129
022577
202801
206003
004914
001809
012015
013769
014574
261101
021099
002490
019329
002277
501092
160144
011388
023527
310518
006567
012461
019403
024769
000916
002333
005812
010943
001231
006898
010018
002015
020116
000639
010570
014742
021560
004853
004738
003822
009157
001547
010659
016252
019124
010890
011856
017298
016682
023584
022165
001281
007090
013696
014846
011086
019208
161706
006836
010830
024095
550004
005051
012744
550005
019698
001500
009637
012006
013558
014755
018737
000530
121012
002016
004895
006243
009888
014566
019112
023789
024571
001285
010522
012332
011748
014559
025623
001382
001327
009424
011195
014743
008866
024806
202005
000123
160921
011834
012026
014539
021048
024326
008421
009671
010891
016524
016368
018587
022843
000378
004534
001942
011788
015256
016916
017410
016796
021100
009960
001113
010439
017881
024603
003255
012749
018140
023403
023479
023975
320018
004902
014093
002116
006114
006500
011592
012827
015167
018885
022159
050116
162607
002923
011535
001328
009636
008737
017281
018158
022888
160224
020846
021651
003153
011627
011824
013770
016924
017609
483003
007230
007298
009250
009355
010404
022046
160925
014366
001943
009829
011087
010546
018619
022484
000004
006832
000667
017912
021570
022230
022282
005771
008260
017048
018131
023702
011207
016996
017592
519111
017384
022345
001286
002328
007577
009937
010776
011391
012132
013263
014593
018220
000045
004739
166108
010868
017247
217003
002793
013391
015964
017367
020358
206004
012277
012949
019787
022216
024327
004636
008973
011118
012833
014575
017809
017132
011042
018101
004362
021629
022659
012940
015464
017299
019992
530006
006899
012462
021652
021784
023480
023513
180015
002945
010019
011018
014977
017343
013904
022144
014847
003823
017038
019125
006923
012003
013387
023976
021898
019793
023542
519727
010660
012876
015257
016369
024096
003359
017276
002925
233012
018481
018709
000893
005833
019699
023591
710002
011095
012758
519686
128112
008398
009805
010571
012430
012177
016266
019870
021675
022927
025624
160314
014567
017391
018746
018277
519113
010523
010210
018233
022541
023851
002417
011328
010266
160641
011857
011789
016683
002072
004535
002765
005217
009977
017741
018834
519115
006501
010215
006833
001566
004344
012640
014080
012137
018837
023262
023182
002117
002501
002668
005177
005052
006332
009658
012197
013426
013192
021775
003037
006486
012743
014551
019776
023615
020350
018151
024588
001405
004451
005979
011454
012292
016253
217203
011329
015784
004194
020359
021797
022925
161216
009051
009672
014900
016322
016426
019794
023585
023792
019788
020847
070005
400025
519112
006115
007407
009830
017326
017407
017810
020508
022145
001567
000028
673120
014540
015272
023232
017913
008886
010831
021571
003379
881012
019583
000046
005991
017593
017015
021676
023160
023823
550001
519121
022139
023868
004836
012333
013264
012643
008867
015898
018765
025621
006289
008666
009052
015543
023852
024807
024661
007318
011825
012505
012950
014454
016062
018221
003717
011119
012834
017368
017133
019871
009376
015323
021630
022963
008891
008456
013912
015465
019472
022342
016525
017049
019201
023183
003697
519127
008704
021375
000822
001282
002628
003380
006924
011019
012157
017882
400007
009938
011864
012458
012644
014840
003125
004837
013463
014693
017303
001306
014235
015899
019176
001745
008356
012877
018278
017320
023167
003692
008269
015442
018747
018102
009536
011527
011843
233013
018447
022346
005178
001178
006333
007533
001247
010870
011109
005834
006207
013747
017232
020192
002270
003187
013569
014738
017369
019584
002932
005301
006007
006541
040012
011749
013388
013909
019209
001694
007070
006466
011096
011835
018234
021798
090007
163811
006294
020117
024626
009716
011046
519122
009978
021399
003693
002574
014029
014683
015273
021992
022343
022830
004393
009213
013540
012459
014926
021333
161605
004091
519177
001817
160918
011389
012093
012776
024212
003038
006208
001447
004750
006487
009089
017017
024094
012293
017278
021131
161221
004195
004452
005980
011326
012399
014892
000672
010879
015785
016153
009266
014901
017406
017387
017039
021046
021376
001651
019424
519989
519222
002690
009362
011945
017016
023233
002091
000556
008052
013427
217024
009750
012051
881013
015041
952013
016084
018207
022006
015544
018720
001746
011043
018766
022297
001406
012038
025622
002602
013257
012278
519726
022018
010484
001203
003107
001688
006872
011865
012683
015125
016818
022495
025019
001818
005609
002691
011376
017220
021480
002664
005732
010216
011521
008892
011110
012681
014177
019473
485111
013913
019177
001445
006921
008705
008345
090010
011908
012701
012158
018741
161624
004318
005302
010923
012702
014739
016041
017357
019896
022114
350005
040022
009400
007401
013464
000896
001558
012004
014694
016154
017957
021360
003805
009943
018275
017584
019259
024704
013393
014160
018276
021400
023612
008270
011528
013853
006873
021481
024770
519221
004651
006303
165509
012509
080012
163812
005576
005933
011844
012682
012377
012282
017287
002665
003189
006467
009214
012233
016419
001235
001797
002629
610005
018491
540001
000668
002933
519947
007801
013570
010217
017233
020422
020964
020811
022748
023667
022357
010683
017279
018932
040013
010906
016274
016109
016639
023080
024021
008667
003806
006385
014236
004988
016421
000142
011872
024627
450018
004648
001303
013184
024441
090001
010541
012641
003108
014657
017348
019338
021312
003221
011159
163827
016420
017295
017121
008457
009717
009775
010673
012460
013467
013632
017619
018846
018898
070020
165311
003839
004228
000236
008176
013300
012777
016085
020815
023057
004751
004225
002711
017018
017388
017385
022232
000338
002351
005579
012389
017237
017906
014893
010029
012400
017304
021047
005014
006879
007071
002535
015962
019269
020118
020880
000649
010869
007016
013041
017330
018511
018208
024784
002178
018272
019425
001110
002819
004092
008053
011190
012684
011989
023321
001111
013657
011169
013381
021345
024676
217023
003715
019430
024008
110017
165517
008163
952313
020962
022019
024209
004226
009766
011624
011192
090002
002536
005664
006298
013258
012253
016715
018042
018164
018225
163110
210007
017260
020316
023047
008091
016474
019684
003282
040023
008617
970119
015126
018270
019115
000557
009383
020866
019041
163806
007705
009944
011522
011047
012378
009751
014972
017221
018847
021334
023013
011909
004657
020657
003840
004048
675100
006331
008346
013826
018742
020069
020832
023058
002323
004319
007402
015978
015318
018603
019015
020423
485011
161625
005082
011476
011761
015266
023389
019971
001559
001004
001307
011762
012607
022251
021476
024022
023611
000897
006876
013634
013550
016110
021361
000069
001204
010880
013854
020195
002593
003283
050106
005934
011562
023768
024771
070006
002820
450019
006297
011530
010981
013139
021917
001453
002196
006431
010036
012256
017352
023087
004049
006432
001124
015418
017383
022668
161907
164902
519680
005083
005843
007534
013623
013254
020778
160611
001316
011591
010684
019242
018492
023841
023322
001703
002492
006008
000669
009401
010907
000926
003629
005015
011193
008966
016946
017436
004989
010619
015979
016640
019352
019853
001454
003591
160622
016422
022261
024229
024442
002614
003900
017589
022496
023287
011113
013185
014658
165314
018457
003222
007085
008936
010735
012386
016290
017691
018899
011249
015558
017620
001254
519667
010674
012094
013301
013778
013633
012998
019372
021649
023282
003612
007951
009820
010242
016016
012193
014178
009340
018594
020867
024173
519937
008069
010030
010542
004405
016275
010656
005580
022669
519752
011580
013042
013985
092002
004676
007969
011220
011347
014161
020196
009363
011873
017454
018512
021979
024785
009232
010379
206018
000711
011191
013658
016374
009900
009233
024208
000058
011990
017420
019339
021956
021346
110018
000041
005063
018010
019854
022749
025625
000997
002965
003301
013246
017721
161908
008164
015940
019486
021550
001862
675111
009767
011625
163825
016716
019042
023606
023390
340009
519030
004227
012254
017351
018273
020927
257010
519760
002712
006386
004406
206015
005665
004357
010922
011855
017347
023979
008092
016819
000070
022237
090013
050006
002644
009806
014831
022280
009290
012257
016017
006011
006435
018825
023428
001629
004658
013918
015261
024677
486002
002615
008978
012943
015319
675113
011921
015267
020575
022204
003592
006012
009244
011435
013326
015625
008499
013635
014385
016227
019512
019162
004244
013986
013394
015953
017461
017333
017411
017617
019676
020305
519170
003268
015268
016416
016075
020724
007751
021393
021919
023681
024288
008558
002645
022161
121009
519768
485107
160505
009901
011250
010982
010038
021506
008416
019373
020070
023088
023288
004010
005064
010515
002966
012818
019116
020824
019851
023040
519682
009653
013097
015523
020922
013621
017251
020803
021196
021746
017334
005120
003275
011953
014576
020955
021202
004264
007249
017437
022076
021064
010620
161019
519061
006184
009558
017820
017590
017553
019752
024312
014832
016327
018479
020151
019836
022171
005451
970121
019302
519666
007651
017283
020658
004104
011091
013779
017321
018034
160513
001338
003039
003613
004083
009821
012999
017280
010449
017755
020504
023283
001630
014850
161131
019016
001115
010940
010543
021551
023492
008070
019466
021477
001457
018212
021521
023006
022629
000679
005371
011348
010249
022260
023682
006185
010380
007643
017337
017263
021735
023073
163007
003302
008559
011566
013551
017122
022097
024289
002271
519769
001543
000024
006932
014364
009291
011208
017045
023066
001570
004105
001001
008833
010141
011231
019789
021267
023582
001579
006138
005976
160526
004400
013382
015509
018515
019715
022903
022330
025626
091021
000998
519193
010941
007760
011494
015941
018570
350001
010451
012944
017505
023189
013033
001863
007398
008918
009245
011516
009718
019837
020645
020576
003646
008967
009268
011977
004401
005372
004011
006459
015270
018213
020156
007287
019353
023358
023980
023493
000103
009807
010846
016328
019279
020977
003286
003674
000810
006933
019624
020807
021468
024257
022166
001580
000174
012317
013668
015262
015626
019852
000532
001497
005908
519683
012106
018035
019139
010243
012318
011922
012572
016036
020956
023672
519692
008417
013579
014386
015954
017137
012667
003030
007650
015377
018480
019163
024132
163819
008500
016228
021980
022274
022807
001011
007238
009021
011442
014003
015539
017318
017224
007662
017618
021478
022094
022205
022263
023583
519060
519675
002738
011221
010630
009826
011710
015269
016417
019287
019716
022403
021920
005492
017455
020725
022238
024729
001710
001922
485007
016974
017669
290003
024181
003733
007752
013648
016163
023041
024109
024134
003024
450005
006991
012622
020569
020952
020810
023784
023783
023706
022111
166008
002794
420102
010525
012227
012819
020042
021268
023074
001889
002009
003373
620006
501028
004258
007666
009654
010450
013098
015805
018449
021197
021409
021747
022098
020002
002594
010369
012656
013327
016869
018073
002280
002101
002970
007520
010178
010643
017255
022730
023141
022630
002377
003647
012712
013243
016570
017342
023392
160514
003949
012491
014617
012167
016641
018646
022290
010045
009559
018242
020080
019753
022510
023359
590009
000215
000898
013214
519613
009064
018413
020075
005452
013995
011209
167003
001003
206008
006295
006717
003276
011092
008035
090021
017722
018830
020157
021455
021960
020808
004084
004441
009203
000207
003374
531008
005750
006636
006059
008294
010193
012194
015736
017138
018571
018812
019467
022980
024638
002681
003360
006443
010229
010228
012668
015297
019280
014671
022808
163005
003031
010544
017046
018187
020373
019700
020804
022275
023289
002211
501307
008452
008114
017400
020351
021983
001116
002734
004259
161902
010250
012603
016210
017506
022404
008985
016076
020306
021574
400016
001711
519225
009509
010584
015378
016731
010473
002197
006460
017661
017235
015264
020570
000025
003040
006178
006177
007562
016070
020923
019030
017085
007239
008834
011781
013782
021841
021203
023067
008639
008036
012178
013580
015540
016037
017421
016723
014375
020787
022386
023978
164808
164208
006980
180025
013967
011495
016221
021410
022331
023636
024175
000960
002416
000894
009130
011517
016834
018054
018260
019608
022785
700005
000812
002915
004079
009404
009269
011978
023028
023637
001013
000875
002735
005805
008173
011232
012413
020818
018192
023770
013034
024612
009022
014494
015563
016211
020152
021741
022291
009377
010904
012370
015241
019625
021548
233005
001609
003226
006405
006985
009907
010871
010834
881010
018665
022784
023455
000175
160217
007247
016885
020135
019140
022197
040020
013063
013669
450006
020961
021423
022994
022657
024133
002739
009610
005909
020046
019878
002010
003361
009827
014627
016481
020043
022058
023673
000126
003730
006444
007262
011443
011436
012657
013694
021040
021609
022760
024639
002102
001139
380009
005848
007234
009719
013611
018530
020317
019701
021352
022264
023787
460008
000306
020012
008115
009296
009853
010092
012713
015012
020881
519685
519130
005523
018813
018647
710301
003376
006742
010731
012010
010633
014802
018193
021575
019840
007288
014239
018497
020855
020646
021237
000181
002639
004689
007753
008713
008504
014399
016975
020189
022188
002622
003227
003922
501308
014912
017673
019881
019899
021552
023818
003109
004267
420002
004720
006761
006242
007925
012228
012573
013649
015588
013468
021868
024277
003513
007221
007446
007667
024035
023712
024644
686868
162215
002736
005652
006880
010370
015806
014295
019456
020456
004080
004093
010179
012121
009648
016870
021818
023068
022379
000107
002087
501310
008771
013244
519676
018965
002636
160323
003813
012118
014618
710302
400030
590010
002172
005271
100032
007744
009568
010847
011538
012408
016177
016164
019725
020076
016642
000899
003956
008127
008958
009159
011062
015439
013215
015479
015265
016644
017294
021801
024730
024550
005852
006406
009065
002983
011963
012492
013189
013996
016482
018831
019445
020136
000208
001798
510080
011416
003923
013380
018531
019203
530008
023546
001164
003210
006060
009204
014504
018448
019461
021241
022387
024152
519186
005751
006637
013969
015716
020047
020538
021456
021554
003448
007408
100018
013695
016799
530012
015298
020739
023015
024210
024611
070025
001905
012930
013522
014378
016889
018261
020716
021482
021995
022198
485119
003495
004063
016835
017615
018763
022611
530009
380005
000655
001127
004322
253020
007100
008283
013360
012409
018988
020882
020785
021112
020819
022325
630003
008453
008759
010924
013421
017225
018243
018581
021043
021578
021549
006913
519614
003637
010056
012240
014000
013951
015242
015131
016732
018387
019755
023629
000931
004100
881011
010474
017662
017706
021238
021761
022191
023456
002274
200009
163008
008030
004202
010835
011037
014006
017123
016871
017717
019216
019202
019775
018989
017670
022016
000419
002651
000876
007725
007578
008302
010562
011653
011782
020055
017422
024278
481012
002363
004042
004350
010142
013968
018597
020788
022213
180026
004617
007546
008054
010905
012099
014779
016901
016800
017534
019779
021684
021429
021558
023069
024176
519784
005690
009131
011468
014296
017011
018440
018055
019068
021342
023671
320016
700006
686869
519785
003869
009846
012029
012659
003223
016149
017170
017401
017742
019311
020377
019662
021424
023029
022380
023640
024216
240003
213007
005524
011453
014167
015108
014780
012231
019979
021042
023409
023788
519175
006264
007888
012576
016222
018537
021140
021077
023072
519669
006169
007167
009077
009378
009656
012027
014379
015480
013351
016890
019334
003638
006915
008475
017317
021364
021802
023237
022772
023487
024551
001362
003156
004246
004826
008714
004602
009174
016748
020605
020248
020495
023238
022773
023296
002811
006848
002592
008893
009512
013064
016881
017124
016724
016830
020244
020717
020813
022258
022483
022663
022658
024306
003110
007638
015013
007199
018961
020387
015434
020740
024206
290005
001086
001610
001448
261002
003449
004585
004043
004618
004721
006212
008682
009947
011417
012750
015717
019726
021387
021156
021553
000111
160618
002682
004118
168501
003377
004897
008055
010043
011818
013612
013523
016128
016951
017624
021035
021819
023156
023977
000753
002701
003496
501032
161716
007115
007493
007263
009580
008894
012030
011469
013428
014101
015237
015991
017277
005367
019692
021483
022612
022221
023349
023360
380006
162105
460108
002088
005846
010653
009688
253021
020083
021119
019576
021079
630103
002901
000130
003999
005171
007282
008232
009463
009784
010732
011711
011983
014257
014242
016040
018568
020933
021984
024068
022560
005272
005646
007644
007745
008257
013650
015231
015402
019038
019451
020591
019756
018928
021113
024211
002169
002737
008566
009078
010213
010057
012011
017034
020153
020262
021579
024264
395011
002783
004603
007168
007828
008501
009135
012539
013864
014400
016765
017332
019031
019945
020133
017710
021394
022578
022326
519187
519746
006039
006884
006849
008567
015807
016872
017456
022187
020154
022369
021762
022245
022244
002245
003358
007419
008760
009908
010563
013820
000351
019282
018509
020164
022072
002795
006213
006183
006005
006974
009397
009172
016129
016359
007447
003640
018388
020859
021555
003028
005901
008340
011492
012100
012774
012122
012287
009171
014976
015583
018197
017507
017665
020457
022103
023096
022329
022477
021343
160617
519762
002275
003703
007397
008804
011038
012069
012485
014102
015109
016150
017540
023496
023311
070026
485114
519188
003044
003209
006596
006902
007171
007716
012049
011654
001512
016571
016514
020798
021446
023641
011531
110008
002524
006383
009464
009803
011984
014465
016178
015957
016838
018196
021078
024307
675081
675091
005366
006162
007094
008805
009160
011539
530003
017837
008772
018538
021517
022515
023424
004238
000194
011508
017257
019653
022637
270048
000182
003081
004898
009136
008974
009372
012540
012376
003157
016510
016749
020856
021068
020241
021105
021705
022132
021260
022370
022017
023297
024508
110037
002466
007726
007616
008015
008960
007555
013997
013352
020089
020175
022214
164606
531009
000037
002534
002637
163003
002027
004155
006572
006869
007321
008206
002120
002996
016295
016882
015421
018960
020931
020992
021242
022142
020814
022518
023346
001960
002227
519782
003384
003029
007409
008295
010651
011968
014086
013970
014560
017763
018163
019980
020388
021430
021063
008956
070037
000298
006975
007564
008341
010549
011071
012623
013788
013520
011979
016360
014851
019221
016538
007228
022724
022155
023150
270029
002997
006055
006961
002650
270044
006762
007093
008170
010044
010240
002138
003315
019958
020202
019663
020768
021036
021443
021869
020925
022192
024908
014785
202108
007200
008336
014995
015470
015069
016166
015992
017616
019312
020215
020376
018764
021381
021808
022067
023361
023936
024217
485019
000402
004140
003407
004463
002489
005996
007078
007172
006959
009297
009785
011658
006758
015489
015132
017838
021120
020681
015403
001379
100066
675083
004001
006570
006914
007507
007194
009569
009657
009529
012775
013459
015780
017926
018569
018842
019872
020149
020825
020786
021220
021141
022074
023030
100058
675093
005577
005853
008207
014001
018266
019149
018679
019462
020263
020134
021493
020363
022634
024757
310398
002338
004127
006043
007095
006609
007329
009525
007556
010509
010174
012909
013115
004126
013429
013865
019191
018477
021157
024994
006903
007485
007949
009121
011061
011243
013449
014748
017457
018691
019204
019596
020489
017711
020834
001165
002881
000420
000352
006047
007092
007454
009287
006493
011617
008016
012338
014476
002652
519137
015255
017032
019285
020056
007551
021332
022073
020909
022565
023816
000015
002927
002533
004156
007676
008957
011993
013138
017708
018598
018444
020932
020905
007677
022153
023676
018510
000831
004247
005653
006962
007229
006724
012609
013168
014809
015615
019873
020177
015435
021685
022272
023312
002445
003811
009267
010084
011736
013190
013377
016456
017666
017012
017718
019946
020718
024705
022727
000206
003568
001364
003260
006665
007765
003297
006960
012490
003438
016557
016270
020937
020934
021695
021996
022838
024495
166016
164206
006321
007508
009495
011050
014258
014680
004089
015258
014678
016451
017023
016839
016353
012232
020319
018929
020144
020732
021618
019344
023315
024387
213917
002279
162715
006772
007740
007964
009530
008233
012577
014852
017947
018166
014087
019026
007079
023528
001750
001289
004388
003569
000191
006170
007241
007330
007347
008162
009289
009581
010085
013375
015414
016575
016039
501189
019908
007197
023425
023350
023497
022721
006026
006684
012028
013594
016318
019489
018761
020471
021221
021395
021326
021325
020496
021261
022063
022307
161115
007240
016831
018651
019097
019063
015893
022136
022583
023488
025592
001355
002528
003547
003071
003461
006451
007186
007486
008138
003214
009324
010353
014884
017151
017109
018575
019904
022095
021473
002520
002246
003824
006916
003192
002754
009002
008875
020915
021011
020706
020946
021518
023604
202021
210005
001299
261102
001087
006494
006544
007195
011004
011784
012931
013521
014250
016728
016088
016148
017625
004586
007328
007284
010529
011819
015398
015616
016457
017345
016914
017508
017541
018632
020572
020203
020862
021444
003193
021803
022556
000943
003167
002994
519660
000252
004547
202110
004453
519189
007766
009854
002704
013573
014759
015569
017152
008589
002176
013070
017545
020337
020060
020213
021001
021767
022138
022068
002341
161820
110007
000112
002702
002995
003837
006384
006571
007124
007227
007116
011660
010916
013946
015490
015581
019460
018640
020850
019577
022118
019665
023691
022561
024392
024851
024849
519152
003549
006145
007283
007338
007327
013373
013593
013460
006666
017451
015238
019039
018083
017024
019317
019693
020995
021537
020150
021728
021706
022056
022295
023031
000131
002902
003767
004168
002784
005467
009387
007165
013653
015047
016927
015232
018843
020391
019490
021824
020950
022638
023216
000744
395012
006473
003082
004705
090019
005345
006581
007295
008505
009721
008502
009582
009871
009306
010241
485014
013075
013169
006337
006044
015415
016693
017035
018858
012166
020530
021645
007068
023700
024335
270009
001199
003287
005221
006210
005010
006224
007187
008409
008256
010145
011175
014297
014502
014749
016217
016319
016618
018478
019638
020891
021069
020531
021388
022208
023846
020595
002268
519748
003417
620002
003395
003618
005218
675161
006191
006885
007185
007184
007417
007536
007962
009284
009288
009403
009822
016066
015691
015958
019482
018692
020472
020609
021529
022840
023271
022635
025600
165526
002882
003672
006396
006452
007105
007935
007285
008990
009625
007245
012050
012088
014477
890011
015364
016511
017709
017621
002364
018180
019070
021347
530021
000147
002930
002775
003162
003429
007390
007542
008757
009325
011785
013548
011073
016607
017796
017594
018445
020082
020776
020860
020916
022233
024960
000149
002569
164703
003168
003619
006134
007075
008211
009670
009181
002337
008868
009428
011950
012465
012910
012913
015451
015584
016299
019069
020354
020938
020719
020906
021407
020943
022075
023690
019647
022101
002438
519991
004454
162511
012392
010530
012486
015070
014991
017883
018441
018744
019516
019901
020415
019956
003439
020222
020968
021007
020545
023406
025033
270046
001726
004601
003045
008204
008548
011493
012070
013071
006066
014752
014456
014628
015771
018074
019533
018804
018374
019762
018903
020223
019955
021835
021437
021435
023626
023316
023337
022839
024482
023164
519024
000839
161603
002868
003121
519136
003570
000606
004920
006947
007166
006846
007706
009615
010652
010477
011659
013374
000911
013399
003880
016904
003838
016354
018137
020393
020307
021754
020395
021338
023642
040019
360008
004002
004200
161119
003847
519945
008216
008582
007941
009312
011529
006474
013376
003285
014517
011656
017025
018138
016394
080005
021433
020247
022107
023529
023689
020764
002523
006338
006389
007176
007348
007332
006828
008476
010232
011509
009373
006151
013799
014570
013170
015003
009722
015476
019909
020261
020176
021124
022010
024496
024765
024564
016925
003288
003327
004106
004827
006146
006436
006211
007296
007125
009294
010214
011605
012393
012310
013245
014636
016260
019021
019335
018762
022009
021839
021781
021930
020935
022381
022619
024163
519718
270049
002354
002139
003863
110038
675163
007800
007963
007954
013204
013202
015516
015422
017212
018067
019064
019882
020675
021340
021850
020910
022061
022506
022308
018519
020264
000694
000299
501305
006626
008139
008684
007768
005725
011489
011955
014012
014251
015938
015333
016662
002749
015840
016875
017354
970204
003825
018576
020286
020040
020536
020178
021003
020947
021617
022162
022294
019286
023104
023416
023785
519671
519783
003864
007021
008106
009015
010634
011395
009655
013716
011017
014810
016089
017305
020130
020450
020917
021863
022786
024279
024706
620009
270045
202305
001157
070038
003983
003078
006934
013751
014503
008392
015848
016136
016034
016537
017198
019959
007565
020921
020777
020974
020944
022047
019623
021935
024036
166401
001331
000814
004458
006222
006874
007494
011072
003290
013343
015580
017156
008677
005099
018904
020092
020546
020851
020889
022034
022007
022787
000072
000286
000840
004479
000200
006806
007584
007128
008688
008770
009541
011973
013838
013976
014998
018685
015301
018880
019383
019707
020338
020573
020205
020928
022582
022257
020951
023814
024505
025596
025593
000403
002188
004108
003408
004828
006896
007560
009104
008337
010707
010581
008844
014459
014679
016407
017529
007741
021126
021282
020733
022318
021038
550018
003130
002550
003708
009350
000910
009730
012039
013076
011051
013401
016191
015836
017172
016905
017544
018068
018680
019581
020414
020413
021538
021776
022057
021825
022993
022648
023599
023688
024758
022783
000054
002322
003866
006837
007640
007242
008747
008411
009496
009219
010247
010262
011310
012932
013801
016926
017440
016093
017775
020392
020550
020610
020765
023217
022878
023105
022362
024404
024336
025598
519717
270030
002175
004107
005047
006437
006773
006789
007097
007460
009526
009772
008384
010175
011244
014298
008746
013880
014561
009349
016235
016301
016609
016261
012714
016694
018186
013822
001200
018798
018652
018859
020372
021264
020892
022395
022391
023491
024341
000914
002705
003400
002529
004614
001988
005974
006068
006807
007582
007226
012566
008574
013205
013574
015517
015942
017818
017033
019192
018732
485022
021341
023847
024850
002928
003455
003680
003748
004498
005588
006645
006989
006006
001945
007418
007122
006978
007364
007754
009616
012339
013203
012299
013901
014013
013718
016172
015334
017328
015482
016348
018422
019178
020131
020625
020214
020883
021836
022303
022566
022392
023697
024097
000016
002228
003123
003349
003072
007543
003454
008040
008042
010058
011791
015502
015452
014637
015841
016608
017058
019369
020280
020674
021999
022209
022157
022154
007510
023643
410004
003545
003333
004366
005902
006935
007391
007511
006979
009459
008758
008506
010603
012610
007022
011643
013585
015746
016035
017699
018181
018149
019517
019939
020368
020061
020381
021425
021678
022354
023301
022289
022315
023815
023266
025601
519723
001190
003741
000186
550012
519725
006070
005623
006834
006633
006545
007529
007981
008850
009483
009617
009742
008482
008465
010884
012951
013156
013191
014458
016300
017139
018296
017546
018751
020547
022220
019081
022851
023662
024115
024723
040026
002832
003207
003566
004136
006322
006488
008448
008119
011985
011737
011572
014457
014681
014924
015350
012563
013510
011880
018745
019763
020963
021310
020895
021008
022140
021840
023338
015726
162716
003277
004090
004109
005468
007246
010986
012063
010582
011974
013140
013101
013400
015248
003747
015259
016167
016876
017173
017743
018170
019396
018805
018084
020112
020644
020524
020396
021339
021229
022542
021436
023600
025590
110053
003002
003280
003768
001800
002018
006829
007907
009634
008067
010810
012941
013587
014446
014518
014853
014490
010979
017531
018465
018682
019734
021422
020727
021239
022305
022951
022552
023586
024308
025597
000192
000561
519078
206001
001961
519944
004555
005159
650001
007098
007333
007335
009035
009220
009956
012692
013074
013216
013111
013752
013800
015207
016142
013974
017006
018838
018676
022620
023543
001578
002206
004027
005222
000745
006790
007026
007279
007365
008466
007109
012395
013498
013839
013863
015154
015211
016596
017306
009011
016967
019083
015426
020463
019048
002991
020863
022002
022207
021646
022652
022284
022536
003328
003812
003723
003519
006634
007000
007466
007342
007169
008646
008876
008845
010577
014882
015530
012056
017153
017729
017819
018414
019398
019977
020452
020789
020936
021389
022040
023169
023538
001356
002864
001955
002929
002342
001021
006854
006542
003527
007069
008043
010354
011942
013336
012823
008731
014720
016218
015483
017447
020543
020537
020627
021096
021449
020833
022841
022062
022256
022815
167501
310508
004346
000736
008524
010604
007971
110035
015081
007603
161730
014815
016137
016628
016406
006069
015529
017307
019660
019483
018688
020656
020041
021114
020953
021951
022113
021853
022602
022788
023786
004117
003265
007123
008483
009743
011105
013036
014097
013492
015661
016160
016331
016302
013266
017797
012218
018624
017595
013586
018952
019082
020920
020399
021680
023092
022608
022185
022535
022353
022363
024280
550013
006546
009510
011074
000944
011986
012352
013281
013790
014391
014655
016816
016695
016442
018844
018527
020447
020769
020697
021621
022008
024302
024668
519661
288102
000253
110051
003926
004838
005624
004823
006390
005513
006851
007392
007289
007583
009315
010168
010263
013411
007972
013804
013977
014996
014760
013699
017325
017054
018098
018881
018748
020382
021163
021777
022036
021790
022011
022399
003278
002146
002140
002487
003607
003520
005754
006409
007310
006855
519199
007557
009773
011767
013902
015781
016396
016414
016408
018420
018381
018914
020017
020791
020663
021258
021353
320004
002638
519220
002578
003671
000139
005936
006427
006668
006677
007655
008911
008539
011008
011657
011490
012660
012591
013808
015720
014491
016192
016787
016717
016790
018641
019809
021283
021026
021782
022179
022539
022319
022649
023280
024309
519023
001329
531021
519226
004706
005048
007027
007252
008748
008783
009388
010708
010933
012593
014367
013663
016094
016111
009593
019579
018644
020626
019582
021240
021408
021507
022020
020551
021729
023244
024565
020295
024462
005578
006683
006496
006591
000129
006491
008266
009725
010753
010248
012693
012648
012172
013628
014670
015815
008621
016619
018794
020207
020300
020643
019883
020700
021054
021226
020453
021783
021230
023703
000150
000152
000503
006387
005219
005011
006061
675041
006674
007001
007010
007987
009484
009036
009823
010797
008864
012957
013728
013823
015155
014059
015943
018799
019541
020552
020939
011961
021720
022313
485122
472007
164510
000801
519756
002549
003314
040004
003859
003009
290007
006965
006745
006746
006847
006808
008766
003978
009532
011353
012915
011558
012580
007315
011661
013719
880002
015534
015533
970205
016011
016583
017509
002833
018423
019022
019644
019954
019790
012242
021065
020837
023085
022678
022304
020556
003517
023292
161693
519743
540005
000148
002807
007017
008081
012089
013099
013814
013972
013538
013944
015590
015837
016663
017059
014468
019179
020050
019962
020738
021785
022254
023391
007170
024100
000118
000141
000033
161120
003614
005592
006071
006797
007218
007394
007325
005079
008125
009429
010635
010811
010146
011393
013068
007530
013549
013717
013792
014856
014858
016003
501222
017008
019193
020245
019487
019931
021110
021567
022182
021039
006865
001332
004052
002825
004907
675043
006538
005872
007324
050027
010803
012611
013807
007383
014688
014098
970168
017163
018080
017120
018860
016696
019940
020344
020355
021426
021015
022255
022584
023302
023994
023663
025594
024782
531028
003795
003819
006073
005678
007901
009356
009421
013112
014753
014925
015923
015351
018169
009316
009396
018150
019304
020602
020665
020896
021154
022279
021721
006434
012336
260103
660016
360009
003258
519745
005755
006360
006067
006998
006629
006948
007290
007561
007982
008205
008647
009735
013251
012824
014801
015302
016329
014992
018085
012564
016189
020045
007707
019397
019929
022131
020911
022373
022617
001993
003241
003056
004389
519740
004615
006475
006852
006553
006678
007426
008022
007635
009313
010169
011010
015249
017314
017329
017622
019463
018964
019464
020155
020308
020284
020709
020438
020525
022027
022816
023026
023477
000322
001775
001911
005025
002086
006870
006799
006804
006774
007259
007942
007755
008426
010565
012396
012942
012324
013217
013975
014594
015503
008933
015935
017438
016691
018839
016395
019802
020672
020728
020296
022268
022141
022306
024098
000187
519777
002920
005160
006875
002635
006492
007180
007253
009924
009920
007762
011176
011115
012281
011606
952003
011662
006152
014596
013629
015370
004767
952001
015620
016597
016674
016468
016483
017100
017989
018677
019645
020044
019735
019399
020636
020580
020208
019885
021331
021508
021354
021807
023649
025591
164509
160602
004672
007147
007717
008449
011311
012285
014195
014740
012342
015427
013672
014240
016012
017205
017441
018175
018415
018642
019084
020390
020303
008761
022043
021127
022235
020790
022396
022397
022281
023953
023589
023644
026010
001403
519720
002834
091023
006966
007011
006627
006824
007936
008685
008820
010566
012175
006635
013227
012384
008732
014910
010578
014883
015532
017700
018011
018733
019803
020367
021826
022479
022618
022594
022639
024988
002301
501306
007014
007319
009635
008774
012279
012128
015404
015747
014817
015939
015591
015082
016080
017149
018223
011007
019049
021066
020329
022123
020954
022210
022026
022789
022595
000090
004333
003615
590006
005990
006202
006830
008606
007566
009182
009016
008383
013065
014857
016024
016193
016629
017308
016817
017007
019804
019806
019932
020400
021350
021419
022033
022401
024961
024707
024971
024582
001191
002336
003329
003673
006871
006153
006714
008126
005601
005838
011479
012229
007023
011576
013609
013592
013282
013536
012612
012708
013493
015274
014656
016236
017009
017055
016770
018625
003668
018253
019129
018171
021791
021679
018666
200007
110050
000563
004629
000833
371120
485105
040040
009005
009422
000674
006403
011552
007024
952303
012300
013791
013964
970165
013700
016047
015312
015917
004053
016812
018528
019686
018767
019930
020887
020230
020703
021622
021568
021415
018749
023417
023327
024488
530028
001399
003073
003521
001989
004351
006907
006990
007018
006853
007467
007129
006484
008689
008636
010048
007926
013753
002767
016397
016042
018878
018829
020664
021657
021111
022413
023256
022528
022829
023281
003664
371020
002019
006428
006638
005350
006798
167504
007558
009301
012265
011573
012592
013563
013809
014638
013102
015721
016497
016791
017432
016718
018845
019810
018421
020174
019400
019947
020448
021308
021530
022900
023027
024489
650002
110052
000319
550019
519776
003709
008122
008703
009731
009457
013664
014511
015809
015791
017577
017623
019884
019580
021055
020886
021262
016604
022022
022836
023588
025062
008427
001569
002404
000395
004839
005293
006517
007456
008469
009458
010223
006038
011464
012938
012574
012952
015194
015816
014281
016194
015832
017443
021259
020259
020844
021837
022580
660009
001339
003891
003518
005362
006076
006543
007458
007515
008686
005839
008385
012649
013729
015008
015175
017473
013412
018087
012632
018795
019542
019594
020940
021906
020611
022553
023650
022314
023772
023539
023959
025599
163907
003860
003010
004673
006064
007604
007915
008578
001246
012958
013236
012618
013827
013737
015531
003583
016239
016983
019027
019812
021307
021263
022163
023704
024953
026008
090023
541005
001946
003124
003787
005756
004981
167505
007181
007433
008632
011396
011408
012433
012581
001794
014911
014469
009757
017150
007148
019488
020165
020820
020539
020736
022071
022348
020019
410005
004367
006999
006116
008959
008913
010083
008068
011644
011792
012916
013069
013207
013815
014083
013973
016320
016432
016443
019060
013100
023277
022419
023293
023267
024690
024101
012325
040045
001312
003330
730002
003188
006889
006597
006497
006925
008108
001941
012452
013337
019479
970170
015924
016143
014955
016933
016947
016208
021371
022128
022065
021392
022623
022158
320020
003796
003650
006516
007057
008653
008865
011141
003927
012353
012337
016637
016598
013783
017510
012633
018450
018081
021888
018657
022176
022201
022285
022538
022977
002344
003357
519985
217022
006361
006015
006630
006485
009168
013344
015156
016526
010859
018086
018879
019770
020173
020666
021445
021703
022236
021897
024281
025595
024116
002865
005709
003979
004728
005307
006662
006793
005514
007920
007492
009311
009302
001171
011623
010692
013109
015612
015654
016612
017315
017159
017578
018012
018466
018683
020589
020389
020912
022246
023078
021854
023351
023478
000128
470078
000394
001330
164210
004028
372010
023258
006562
006664
007790
009985
010980
011009
009621
016338
019342
022088
022641
110036
002198
007117
001358
007457
008687
010567
009957
010480
008565
012773
010256
011600
012469
013785
007384
014595
013577
016692
016484
017101
017659
019465
019646
022024
022837
003486
000084
006835
006388
002118
007219
010497
012286
013857
014196
013673
014741
015844
016415
014705
000562
018487
017990
019905
019264
021128
022533
021418
022398
024130
001023
160608
003411
003590
004556
005363
006893
007320
007916
006097
008652
008775
006599
005975
013228
010973
015863
015499
019791
020051
018892
018645
019963
020541
020761
020838
023170
022640
000737
002769
003845
006074
002659
007637
014081
970182
016711
019906
019446
019067
020252
022066
021401
024781
026011
006367
006805
006646
007395
008525
009093
011919
007443
000086
013537
014769
016241
016025
016004
017439
017309
018532
018601
020432
020439
021351
020330
020333
021544
020746
020689
023278
022593
000264
485018
003266
003669
001031
008798
012230
012219
013066
019283
019807
020583
017613
021335
022194
023328
024583
024607
002698
002742
002144
001400
006929
006734
013806
015405
015918
016813
017053
016940
019382
019121
020615
020603
021670
023009
002488
003403
004729
006740
007656
007189
009603
013252
013754
013965
016140
016190
018360
018915
019948
021158
022550
020088
022059
019639
005882
006554
006669
009357
008821
012280
012468
012385
015810
016107
016675
016081
017433
021139
021439
021531
023259
000783
005992
007019
007015
007149
008540
007636
008109
006841
013830
013565
013858
012575
015621
016932
018643
009739
020694
020673
020737
022126
022621
021311
023268
023716
000791
002519
004596
007331
008123
008784
008267
009921
011934
014512
015845
016409
019491
020948
012939
021707
023245
022591
022738
750002
000153
000355
002817
002961
006592
006672
007118
005602
008937
005864
011465
012054
015009
016099
015833
017310
017346
015818
015349
019028
019648
020542
023511
026009
001516
003412
003846
000802
003584
007058
010798
012176
013546
013237
014437
013738
013828
015110
014778
015822
016584
016240
017444
017704
019492
019595
020260
021709
022636
023590
023707
024490
291007
000504
006908
003728
006663
007823
008767
010270
011354
011559
013208
013691
015862
015826
016362
017888
020540
021041
020913
022480
022349
022581
023017
022375
023717
023357
165512
040009
000320
000119
007495
008791
010712
011696
012145
014430
015106
015648
016321
016433
017284
016610
018366
020801
020067
024708
217011
007020
006481
008993
008799
011394
011106
012914
014084
013338
015275
015643
014956
007953
017252
016948
017475
016959
018610
018809
020253
020781
021235
019960
020426
021742
023509
008626
024783
161015
001661
003498
006456
006598
003074
015944
015823
017566
018254
019520
020584
021545
021016
023540
024234
024251
023995
400013
004824
007099
007902
011116
012453
011553
015824
016527
016850
010324
018037
018451
020690
020993
022012
022642
019357
024282
002568
002147
002313
005561
006794
007687
970166
016672
016587
016934
018382
020285
019568
673030
006192
006800
006825
007150
007791
009094
008922
011727
012129
013831
014427
013847
015875
015825
016082
017322
016771
018452
021336
021971
020612
023468
000188
008470
008694
008695
010226
011390
011048
015827
015960
016588
017382
016613
017423
017660
001418
021300
021704
022554
023794
660109
013578
012735
016063
018165
019968
018977
021067
021320
015819
023692
022997
005957
008583
011012
015645
016955
016984
016941
017047
020762
017261
021969
023645
003648
006515
006421
006695
006320
009271
010035
011057
011409
011920
012138
012446
014072
016625
017474
015864
018105
017285
019557
021928
023343
161010
010713
011777
015956
015955
016339
019406
023175
022722
070009
162108
000564
007946
007570
008627
008607
012343
014082
012709
015340
015646
020949
021696
022624
023077
024545
000597
470006
485005
660002
005958
010227
011577
017567
020751
021236
040041
006077
006450
009006
011738
011768
015861
015644
015448
016141
016684
018768
022551
022402
023613
165527
003665
005308
006639
007210
010688
011622
014429
018488
019153
022622
022080
022338
000065
004544
008242
008880
009119
011480
014426
019754
021827
021972
022563
002818
004954
007575
009534
008831
012381
012736
018361
019098
021440
021708
023356
000396
003456
003487
006206
005951
006518
007837
007190
007956
009338
012113
013692
015212
016410
023960
485020
001485
004222
006735
008584
690012
013547
015107
017827
019841
021990
022615
023010
675051
012521
014073
014392
016860
018602
020590
020228
021677
021486
024463
001058
005054
004955
007824
009752
010440
017979
020544
021596
023666
001033
020020
485118
007073
008728
010408
011597
015341
016638
017554
018978
020747
022013
020710
000892
003499
009405
010465
010767
010816
019974
020752
020782
021849
020098
023541
024270
023294
005906
008587
009257
009406
013784
017243
017358
016960
007947
022060
004220
007034
009335
010600
015447
016330
015477
019569
019017
021076
005562
008080
017563
675053
021305
021563
372110
000784
002025
011293
014770
010512
016957
016366
018637
021697
023469
002119
006300
009622
016072
019742
020209
020238
021929
023577
023279
024199
023795
002743
004499
017183
020304
021321
022146
020585
021323
022023
023708
001899
005303
006647
006780
018808
012434
014397
016712
018606
019037
020374
019558
020334
017701
519943
000720
009272
009560
010605
019616
018893
023618
023131
003788
007845
008792
012778
005573
017136
020914
022596
006767
016083
012902
016743
017924
020523
020229
022998
006042
008696
009133
006673
018890
019842
019284
021309
021286
020427
021527
471060
001868
006741
008629
005993
018566
018355
019964
019733
020907
021748
020994
021564
070012
006606
002962
501076
007673
006920
012146
013559
015965
022339
009177
011982
016412
021903
750003
000356
002612
005952
005039
008044
011049
015342
016956
016758
017442
019683
019984
021138
002273
005517
007877
012114
012055
014428
015111
017355
018219
018136
021289
021804
023614
007878
012161
022616
471014
002028
003013
006519
006521
008547
008994
011697
011548
016744
015834
018567
017476
018343
019407
022037
005448
005574
006731
006549
007251
007880
008625
010435
011778
014443
016404
019911
021592
018958
023718
023250
660102
040010
007670
009535
001755
016611
007714
008729
011094
015706
016779
018615
001057
000290
008243
017725
020204
400009
006607
011728
012238
016851
019343
003425
005689
017211
016958
021628
023364
016181
485120
003242
009339
009178
013724
008588
009456
012624
012625
018613
020005
005503
012008
011431
012139
017680
017262
020802
022408
023295
000808
000809
001693
010102
012169
011702
012031
014398
015371
023132
003220
009260
013088
016005
011549
002026
006301
010510
016852
018348
022719
530030
015999
011739
009460
017756
021805
000071
080008
009120
010689
013110
016774
017111
017397
016783
020301
023257
161614
001660
008881
008830
010336
005156
010693
013848
016863
020667
010768
022079
021961
290009
008010
008011
021356
001212
004402
007838
011935
021991
021581
007859
519942
006520
006760
012522
014868
015375
019685
023064
016658
020340
021786
021927
005480
010466
017104
018616
019961
020099
023251
010703
015478
022151
021108
019358
021931
470060
165531
005907
014730
003793
005157
010601
017702
020181
021583
022378
023809
007387
009604
016297
018059
020210
020309
020310
021306
016589
009345
016413
016447
021970
022384
040036
008480
011460
012191
012903
016405
015727
018471
019537
020613
015400
003014
010606
012162
012150
007860
470014
014444
015641
018106
019443
019912
009385
012354
008144
000572
006732
009134
011570
012515
021324
001213
001834
620004
008412
018891
022234
022720
003132
008571
012101
017302
018723
020586
023962
217025
167302
008569
020668
021962
002156
009138
021584
003426
006725
009399
020614
023485
005040
008529
008045
012009
019154
021582
001219
012858
519519
005400
017359
016659
017886
018428
019572
022199
016752
023557
675011
004101
016006
015376
021820
002381
002573
007715
009667
010068
011058
010532
022078
012032
008570
020532
021142
006381
021109
011796
020302
000673
010159
015835
017338
016806
005518
009261
019538
001195
560002
013725
012959
016539
022152
021932
380011
008481
011234
015372
015642
022409
011248
014619
023065
001228
952024
010103
011152
006445
017242
017356
023284
023300
001056
004710
008572
009309
010281
015054
015865
015792
020502
020521
011722
010866
008630
016775
018711
018496
020182
007903
011235
016864
018060
011797
022385
023810
003062
002657
003794
013588
022099
005612
040037
009154
016844
166105
010309
014876
018472
019291
014706
010947
013267
017327
233009
007540
013268
014731
018534
021166
021787
023285
022758
002157
002186
012859
010704
014327
012192
017655
022227
011723
016753
023974
001268
005197
015782
015713
018506
018429
019843
022200
000948
015783
016448
019673
014053
015728
015401
164705
005304
018453
015589
460003
160924
005198
009330
010167
020071
395001
013938
013158
015243
016161
021462
420009
006022
020741
009668
019502
020581
022897
090015
007605
012960
021143
008511
011432
013560
012765
017887
002497
009139
020533
004825
005419
007231
009590
380010
007749
008530
012115
018048
023486
001468
162207
009230
010069
011044
162102
012953
020033
006340
013824
015603
010310
007881
009310
012067
013539
016807
019404
020522
675013
010533
519722
010789
010819
011514
017341
017575
018561
011992
009098
001030
003063
009346
012479
016845
017353
019474
007211
008912
009570
021130
021396
005401
015866
018784
009308
010998
012355
014877
018535
018814
021463
023750
006448
010260
014620
015793
014181
023973
017363
018427
021014
010337
022044
022731
002361
090011
017319
021539
009573
022555
002230
005734
010277
013589
020678
018620
009155
017365
012954
012403
010112
010222
012661
014707
017176
023939
006323
009499
015244
770001
014582
020582
019674
020172
011059
019740
004124
008512
017180
015546
019844
015714
016298
015802
022372
024542
010837
373010
017703
020078
000314
009231
011461
019349
005209
007729
970067
005295
012404
001695
007354
016162
019405
018508
001635
011571
021009
003165
008413
014328
021012
023919
501302
007652
007606
016572
019272
161722
012766
015578
020193
010838
014054
018049
022045
024054
014898
002658
002461
011635
014645
011256
020249
020034
021540
003440
010261
161626
009143
017079
021434
019743
630015
015168
018937
024713
013044
017576
018592
010733
012480
016739
022732
160621
019513
023646
519126
001927
015462
018702
017656
018785
070015
002462
020072
519062
000578
012225
015071
017041
012508
001636
003166
006416
012437
002362
023920
020375
019255
005420
015803
001720
162212
010430
014583
018621
019094
006886
024464
010113
011045
010820
018695
000590
003441
010948
013334
020679
019559
012662
020004
023940
450002
161035
006106
009755
020893
001236
011515
012068
019741
620007
023572
010734
015682
016573
013051
019350
020816
022273
016376
001367
012626
018539
020211
006324
163801
009331
017236
016645
018693
010597
000067
010081
017134
020194
024714
001375
013078
013059
001508
004734
005659
002017
005210
010608
014646
023559
019560
009909
011257
970069
022393
005323
009700
018663
161627
020894
005552
015169
070016
164105
009916
011798
017080
018593
006057
017556
023573
005626
018750
013259
008795
009571
012627
020212
005324
015072
019744
002057
011282
013211
006417
012165
020224
001928
005707
014404
022682
015579
730001
160212
006796
010431
015410
014313
004340
003291
016803
530014
018297
001167
021314
016801
018849
000342
010598
017975
002058
005553
013052
018469
011160
206006
002441
004845
014163
016179
018540
020817
012204
016377
007159
003401
010296
014537
019718
012226
014311
016646
017042
022394
011636
015659
017135
019123
021912
000068
002181
015619
002518
007357
010082
006568
002556
008712
012052
020830
004532
014024
000333
008131
005911
009701
018861
020013
022683
024649
009917
009151
019277
018938
003218
011799
001510
007046
024369
000566
003345
022265
019110
004680
013212
000410
015004
016124
021315
000988
014025
020186
012438
014405
023075
004900
011567
004533
590001
016616
019278
015331
018298
013231
015660
002054
023410
013335
018664
018579
013614
011283
024630
017976
020225
012496
020062
016802
011336
020461
008320
024247
007160
012205
002056
019615
019719
003346
952035
013615
019729
004075
024631
013079
015332
004901
004735
530001
024370
012053
017105
005140
010609
020831
000334
007214
010297
016804
017336
019093
023076
009910
009314
008298
016125
161121
014827
006252
012967
012268
003219
017106
014999
002649
011161
000274
004846
013508
019630
023411
007204
020462
001766
002723
002666
011994
011816
013618
014312
014944
024248
001150
450009
012366
007505
019008
023549
014314
015775
003656
008095
013232
021249
180012
013757
015208
018580
004597
002667
164401
005662
006253
008763
022631
160517
161723
009840
012497
020972
000974
001226
006190
011337
161029
005141
010955
011557
013678
018214
165519
015005
001027
008299
012547
020086
009860
020187
024642
009704
020063
001594
008916
005250
014028
003194
020981
011373
016805
023592
001068
009223
007205
260116
004403
008723
015289
620003
011363
012968
016528
013330
164818
005583
019886
398021
007506
008096
050030
002683
008764
001864
010956
019730
008367
019480
164908
007523
010028
014945
161030
014046
008618
012367
017948
003657
020973
240016
001595
018591
011971
017532
013571
020759
002724
020162
004598
006689
011181
013413
015000
014828
020982
008917
020499
012495
023098
022632
007548
010298
000567
011687
013679
013758
019009
013080
014932
015484
018215
004998
011807
010677
020407
002020
015127
013278
022826
501030
005663
007360
008619
011717
005243
000423
018061
010769
014564
019887
160418
270021
015233
019709
008515
008835
015731
018648
020353
005813
010876
012269
024224
161033
001865
012096
015290
016529
160631
000083
008060
010108
010714
007153
011162
020577
002400
010503
011853
009224
017970
004419
008182
020087
009705
012143
002296
012042
017782
240019
015606
021457
007154
010770
019636
024919
011972
014983
021129
021602
002877
020760
002132
100050
206011
013934
014565
162712
007361
007141
001061
019780
022031
011364
004315
004314
004442
009841
001571
013292
022512
009869
011688
020327
004211
002685
007524
017783
002286
003298
011718
501031
004455
006697
020571
020163
011374
020578
001903
002662
166801
021603
010026
519651
005814
008751
011182
010877
420008
015878
021734
210002
004404
016472
009619
015752
015607
260104
006072
012097
021941
013220
015779
019518
006700
021458
010504
018714
020328
020206
017026
001583
009332
011854
012234
024029
163503
002663
004420
015128
018194
019893
020512
020491
001904
000452
501300
160142
017537
007235
002401
006102
010239
022032
008975
013935
519093
001063
012144
015879
217005
019380
002988
019727
021942
002391
001572
002880
017083
015322
024030
011338
011808
000529
002123
008947
017533
013484
016313
001133
007306
000614
160716
008752
420108
003299
005117
006109
007142
014929
023194
009620
014420
005701
008371
011163
011726
017027
530010
018195
017762
019748
003176
005118
014085
009333
021024
012344
019728
023628
002426
024044
010969
002977
020558
015016
022587
001940
010783
008976
007307
020930
016563
010409
023263
022597
011290
020335
019381
011690
007182
020492
002393
006701
010244
005144
009870
012235
019777
002686
011755
019309
021025
006110
501213
008948
501005
017459
000124
003177
011333
017084
019610
024050
160725
019575
010784
023779
013221
021204
023317
001643
021668
018715
011339
016077
022693
021857
005223
020336
014933
002429
016725
003181
003180
013958
021524
015010
005145
015100
233008
012075
017460
160527
024045
012345
007163
008227
023318
519664
019054
024051
011291
020598
004005
012987
005354
210003
016921
501006
005224
001574
019260
020559
007183
021669
013767
016078
015433
023804
024273
001371
009360
070011
003378
014462
021605
021205
010970
014421
019611
022598
001539
019778
165521
004794
016170
022694
005847
012076
000706
161211
016726
019261
001644
011691
016174
021858
009714
017778
160322
004795
004006
007164
019574
573003
009896
004647
020599
012186
015101
004604
011114
010832
009116
010804
013832
540007
167301
008719
020021
008228
350006
519779
021525
001320
010874
011334
013959
013279
012057
015011
019949
012586
023805
001801
010196
009117
019055
020323
010949
163805
010668
020360
168104
005999
017779
013121
021252
010833
012988
014244
016171
005296
002640
011312
011893
018309
006843
019310
001965
540008
014463
019681
501090
166027
011131
014994
022492
160528
009007
168111
009897
006892
008861
001966
016175
008720
020324
007853
165525
018099
021253
023657
010093
160629
013768
019950
162415
009361
010220
010197
004605
012884
002165
011117
010669
020650
024802
023596
013347
006601
009329
519665
003095
010875
015365
010654
006132
000986
017190
022446
005297
015908
024452
017991
001469
003972
005695
011894
012801
006602
320022
012587
019682
002264
022493
019361
012802
502003
001296
015675
023658
012187
013511
006123
014412
015909
020651
013082
017628
160627
002979
012605
012058
018310
008353
009975
015859
023566
010072
021086
011314
018134
004025
005445
009791
005493
012447
010094
022447
012842
014245
017191
014746
010655
010073
014035
016836
019457
398001
006133
018135
161616
024803
023567
001747
015860
011911
012060
021087
008354
014408
014615
024455
001972
011847
004752
024453
003484
012606
012102
021844
005696
016837
017992
006124
010221
010161
015065
020500
004026
018752
003485
001748
019362
003096
021365
001791
004753
090016
001765
019666
014117
008154
016043
013009
000373
005494
015614
690009
021427
022989
014747
012103
005519
011589
501220
160612
002728
012526
012448
014616
001770
007455
011315
021366
020501
004263
014413
011848
009275
007233
000596
000950
010815
020474
004871
019458
018864
008155
100061
024456
012062
018753
003385
001984
007959
007882
002729
009649
014118
019667
022990
004266
014409
020022
008075
011912
001417
002085
002199
017773
004868
010162
000376
016044
013851
014121
011503
009240
001552
014859
020493
020339
160125
163115
014131
014197
688888
001878
012527
501218
013010
021428
009877
010076
023158
008681
019897
021830
024691
007960
011590
010312
010754
020845
008838
001553
003387
024846
018124
009650
001792
019898
011536
012852
016209
206007
020475
519694
015227
013993
014122
540009
002378
013852
000794
010393
014860
008839
013531
011598
013933
021489
019573
024692
010077
015121
023159
012600
160717
018934
262001
016454
160419
502053
016287
016842
020494
021831
018125
006845
011830
001914
011383
010644
003940
016843
021097
023907
160625
008076
024398
006167
013132
017194
110031
011897
501301
014984
024467
750005
165523
021556
003017
001518
002989
011783
012853
011537
014132
010536
019952
502010
015217
012590
017931
006002
023594
002035
015228
021098
007992
019408
501016
007202
006168
016988
012700
012362
013461
001714
005675
013023
005693
015693
001136
010595
017114
024171
009014
163118
006355
021490
014047
310328
015598
023766
024698
024399
009874
011578
118002
011898
400032
009069
000796
007993
013083
019409
008477
020183
010394
013994
016288
000080
160516
011418
011831
000251
012874
005269
004069
021404
011015
012363
022509
015390
000945
010537
017144
009825
009010
015460
015176
160219
005541
007177
013462
024468
005676
010596
016455
000417
009864
017417
023824
011164
019953
020848
005542
017932
013133
163001
022734
006098
161720
006003
020184
164402
161027
018686
241001
001209
008590
006692
009070
013597
017973
002080
010687
501047
000081
001325
011579
000690
011419
012483
001326
004070
015218
010144
021405
012401
161229
163113
024699
017145
001717
012484
021710
160633
161024
005793
008591
001252
013276
013024
010696
014602
017115
020849
012044
000946
501048
007531
007217
006274
011016
013154
217017
501071
015046
016399
023825
004694
008174
010429
012737
005520
012402
007076
161831
015178
017199
023103
005395
012079
013035
022558
014603
011165
022127
005226
017974
168203
012812
011136
005554
012738
008640
019999
009865
001186
012781
005004
004748
021080
004099
260108
022115
004407
008551
012782
260109
016815
021546
519714
007077
010685
006693
019987
000326
012813
000763
008175
006756
008641
017200
021081
024114
011137
005555
011588
016891
017937
008552
519772
020000
001344
012584
012382
519678
519710
007713
016199
017110
020624
160635
005176
022116
007883
000591
010447
012244
015481
012703
016892
006757
010366
000551
005043
009999
010513
022498
011125
006457
013882
023955
001193
023264
009875
017938
168301
019988
005237
012973
015034
501011
024196
001983
005112
010469
001614
010341
010448
016378
022519
019717
001180
110022
005212
014040
009876
005164
000059
009958
240001
005044
673040
006458
001829
001104
012245
022753
010514
673043
005165
001298
001392
002978
007893
012383
016202
017968
023956
001179
012974
018209
012182
024381
519171
021689
005238
023602
004223
501012
022590
502023
010470
005642
015514
016502
015668
012710
014041
023603
012810
018690
002598
006569
210009
012634
018818
009017
002135
009959
016379
011775
024382
008928
001861
012183
014214
502056
006712
024144
016386
001393
001902
005142
013183
013505
009778
006308
001487
010342
022750
540003
009965
001662
012635
016503
012585
021681
011429
008929
009881
006713
016119
023581
009880
022751
024145
270041
004505
007590
018930
003238
005143
012308
018819
501019
020592
011040
011776
011335
007894
014470
003413
007412
161729
002136
002547
610007
002844
009966
016387
014215
002599
004098
019092
015599
012771
160643
005643
011041
660012
018397
014107
016120
015515
016635
016475
010364
016335
018931
004139
005505
010022
016476
001706
014052
162107
009779
020093
010740
501303
005706
016902
015755
020364
501021
161036
018398
012309
011879
017185
005506
001550
023964
017050
217021
017911
050026
018681
001901
018007
024187
000104
014256
022243
162412
012847
016549
213006
017186
018184
001551
002300
161726
006309
012888
013479
020094
000056
015666
016903
020515
019620
014108
024471
012417
006127
011173
011384
012323
020365
019435
018238
011455
010554
019587
017051
024693
160135
020516
501089
014150
016590
006258
013871
016550
011104
010204
019621
024794
019324
024393
002708
010741
016350
000241
017821
018185
017683
011895
019143
018009
018462
012889
015838
019436
024694
010555
015343
019588
024472
019325
001837
011385
002259
024795
501009
024394
000757
008303
011456
017684
000584
003581
014030
000684
016591
200008
005970
020428
164824
016351
015839
020593
012711
002212
019144
020486
006105
000511
501010
014220
013872
000968
014919
001628
002062
018901
007111
040005
009468
160630
001631
019916
004521
010795
021488
012041
002982
012728
020429
350002
019705
006240
001632
019051
013270
010041
015344
024159
016264
024189
006408
013271
008304
014920
001874
012770
019102
006241
008166
012729
004522
022481
010796
020594
024190
014221
019706
018902
005235
016294
017181
019052
019917
000120
018200
019103
014414
004424
013490
006366
015395
160222
005585
020743
009469
160639
008189
519690
012768
010717
014708
010405
024160
009954
015187
018201
012086
013471
005409
005236
007291
017182
004995
023173
000867
023242
010042
023715
020107
014415
020744
015040
015678
016384
016530
008190
013491
022586
012769
024261
011273
009179
009124
008167
014709
007151
013472
004805
001875
009125
018377
004076
009180
012087
015183
009225
012724
017429
010245
023174
011340
000535
023243
017832
023426
008107
011871
014606
015570
010594
015667
016385
009226
001276
011274
010718
012548
013152
022475
012725
018103
016531
006759
010801
024262
010032
017833
023427
010914
016952
166011
161122
001888
012549
020444
010552
012340
399011
018075
004260
013125
000248
008133
017431
003446
018104
005106
009527
016953
018378
000767
002174
011341
002387
010553
019760
002604
022178
010572
012341
018159
012857
015571
003447
013126
014064
017921
024643
017501
610002
017479
011868
005489
001229
006718
010802
014607
011923
018871
010915
009057
018463
007718
161818
003284
019199
008213
005358
019761
011155
006719
519959
002106
018160
020331
004233
018182
001838
014686
004856
005490
007512
011869
007084
003230
017480
002621
019478
018183
017502
009058
004857
010500
021292
004942
015663
021219
006228
015026
005233
008923
005359
014346
018549
020332
001007
006675
004943
020057
021469
016761
008786
007110
012848
021293
006768
011926
015774
019345
004224
013488
012772
017941
019061
021250
021470
006786
162203
011156
008924
012449
018990
015664
011704
003231
013289
004702
014687
018577
021251
021535
022521
021227
010701
011148
019062
002697
011081
019085
008445
018550
014699
019551
020058
004456
021280
021536
540002
011466
018027
006229
012849
019346
015027
006787
019818
180028
021714
006676
018578
016375
011651
016762
018658
024148
018991
021281
016754
000550
011705
110023
018028
017632
009664
018395
022522
000538
019552
009661
021715
008088
013500
019244
019086
673071
024149
022121
519673
013127
011467
017634
021633
000727
002053
014700
001197
013415
000554
013290
673073
006981
017633
010702
024628
008089
013308
013128
004851
010326
022122
018396
019020
013416
019503
001294
021634
016755
019452
004189
014157
003397
005241
006113
004642
023034
012379
008099
009662
011905
011652
013309
010989
007005
019689
020988
009274
009564
009665
002067
019504
009163
024688
013004
016355
009414
011355
168701
005453
019453
020989
023035
016018
012556
005454
010104
021987
002620
004643
024689
018590
000634
519001
012804
018484
018364
013402
015310
016356
002304
014438
003634
012380
007082
006890
010327
011174
012420
024344
010321
022680
007048
011153
012979
024363
012348
009565
012805
023763
000854
012159
168702
014439
010105
012421
013403
012570
017719
005242
011903
015311
018076
013005
021027
024800
018365
021899
012349
018485
006652
011826
020265
501007
009265
010709
011356
015282
022647
006671
012980
011154
011906
010617
012160
002214
012571
015468
017098
015283
024364
180013
011827
290002
501008
006603
110011
012284
011904
017720
021900
007083
021028
017651
023530
024801
012422
006781
010710
011124
020266
005360
020362
010618
018385
519915
570006
011278
017652
023531
020232
015732
162605
013888
019783
006223
014987
015884
270050
018386
004905
015052
024037
017213
021060
001270
017112
000780
013889
021294
024039
011309
024038
021061
011279
021295
003684
010134
206013
015733
019784
018600
003685
010715
017113
010585
014988
015053
012619
350008
001271
501209
001915
011583
015553
014114
015885
010031
012620
014794
013836
015915
014423
398041
610004
024348
003190
007481
020510
005827
010586
011601
005599
005600
014938
023597
160218
008359
010716
009940
021614
023505
014115
015554
024739
024349
011403
020437
015916
590005
011584
023598
008519
501311
012636
024864
022802
001540
012373
021770
015739
510081
019670
024740
015042
011602
013027
016495
021615
005504
014795
021771
014939
470888
023254
023482
024865
008520
011177
015740
023506
009941
009898
015139
005888
009507
023481
015066
020511
021759
024172
012637
021672
013837
003191
021760
006614
014917
012582
013483
019671
011404
021464
023255
010454
022803
024120
012371
001230
024407
016496
021891
000991
011924
006882
012374
004549
014758
006604
021892
015118
015140
005889
009508
217012
021465
018557
519606
017873
021358
003182
006477
012372
017900
005170
014918
013859
000761
000057
005169
011473
011178
011925
003183
005620
021658
090020
015927
018558
002564
020026
003835
006179
018939
012981
020634
200006
004854
012583
006605
006883
003432
006327
671010
007750
023176
010592
019598
021659
024408
003433
007381
019708
020635
004855
007152
015593
024544
014589
005526
012255
015928
021088
022852
018710
021788
007382
016060
019599
481013
006328
020484
009476
002408
007518
024166
021089
008901
160632
398061
012971
013860
018940
013047
002379
012982
012358
019414
021789
005621
006526
012043
010090
021631
020485
010593
018078
021653
024167
011060
007132
014864
007553
006209
021654
017915
022853
011475
012972
015032
007519
012359
014590
018079
350009
012997
011099
009852
016551
013045
164906
016970
006877
013956
021632
017627
019265
009983
017434
013945
018975
008293
000913
006218
006878
002043
015033
010387
010091
016971
017435
008842
013957
020729
023948
018976
013348
006231
011100
016552
019266
020730
021918
010388
006232
019936
011308
240020
008843
000878
005335
019937
011201
013349
019933
377150
021765
019934
013171
519767
018551
519150
023764
019029
021766
014373
010434
013172
024055
018552
002567
015346
017000
024056
015287
164403
011202
015394
160628
018128
000879
002919
011275
011969
161725
005104
019224
005105
024632
018052
002605
015210
012414
015674
012506
017001
015288
023441
018129
014424
011970
011948
012690
018475
014425
017512
017515
023442
011276
012507
024633
004317
018523
004316
021298
018476
010483
012691
018112
013363
017521
017513
017516
018053
017517
018432
018524
023395
018433
021299
023884
017522
021690
005699
018113
005228
008188
017519
017518
024735
006926
023885
013364
023659
007484
023396
011069
021691
017523
023661
020419
017520
023660
017525
018120
017524
011463
001830
024736
018121
024599
018114
018203
012210
011070
017526
021172
021101
017527
002967
011288
020420
001900
000117
021173
021102
010143
006775
017528
018115
012211
021687
022879
023393
020828
011289
017648
020110
013477
024743
014841
022150
024598
014074
021688
006216
020111
022880
006217
023536
000339
024744
013478
020829
162717
023560
021161
006537
012208
023394
161124
007861
014842
014813
017649
023537
024737
002802
021162
023674
006263
013489
014075
024828
007862
023675
015562
019993
013711
006377
023561
011287
012045
024829
008273
012209
590002
011013
019994
024738
018438
024161
018289
012046
019415
023886
024108
024162
020140
016541
018004
018439
008284
022301
011014
023887
019035
024365
019416
020141
024366
010110
006881
022302
021904
001675
016542
010111
002443
006720
009542
021905
018529
017870
001676
022286
018006
002303
580005
013940
008234
024379
014044
020458
005067
006721
013941
011242
022287
003032
019749
024380
001691
020397
009270
020459
016073
013072
020137
021030
022690
020398
021031
002938
013073
016074
022691
023899
017977
580003
007965
013293
019126
460010
004040
019127
011240
007966
023900
017978
020693
004041
008424
014957
011188
161721
013273
020142
310388
008425
014958
011223
023929
015254
024357
012557
020143
024328
022081
023930
006181
011876
024329
007393
000220
006182
024358
024388
022082
011877
012558
008840
024023
014113
011151
024389
008841
024024
011121
005865
012390
011130
021450
005866
007811
012391
021092
018045
021451
021377
021093
007812
021378
018046
020287
011917
020288
011918
017125
000976
011673
020430
017126
005255
011674
019412
014673
020431
013224
160421
014674
013037
019313
019314
008180
006644
013038
040007
008181
014422
006235
010054
010055
019394
019395
012523
290012
002583
012524
018248
004634
007041
013356
018249
004926
013357
003655
004927
024238
009162
290004
018362
018363
001563
019200
007770
007771
015630
015631
011184
016847
017889
016848
017962
017963
010282
006364
010283
006365
005433
015171
001978
023753
023754
011002
011003
015150
015151
008050
008051
025587
025589
531030
024715
025871
025585
025532
012168
012133
025531
025568
025533
026183
025534
026184
025834
017777
025837
025574
025573
018684
025569
020077
022801
023308
022800
024324
024619
024640
024776
024641
024064
024620
024510
024078
023082
023083
023877
024012
023876
025015
024753
018863
023362
024535
025041
023324
023323
023332
024669
024670
024671
024227
019664
024385
024624
024386
023313
023314
024090
024222
024223
024478
023434
023421
024410
023111
024786
024787
023420
024831
024745
024746
023112
024857
024858
023386
024228
023837
023838
024855
024848
024847
012360
024938
024887
024888
025017
025058
024637
023835
023834
025059
025018
024775
025016
024926
024927
024419
024420
024862
024414
024895
024527
024973
024972
024796
024531
024520
024519
024271
024923
024924
024854
024013
024014
024860
025126
024089
024733
025175
025176
024898
018862
024985
024986
024980
024416
024861
025181
025224
025225
024421
025201
024837
024138
024340
024878
024981
024863
023457
024965
024836
025168
025238
023951
025287
025072
024947
024948
024788
024975
024797
023458
024397
024964
024912
025013
024913
023775
023776
023935
025064
025049
024779
024777
024136
024750
024870
024879
024880
024833
024315
024835
023934
024180
024221
024648
024647
018210
024026
025077
025078
023653
024087
024088
023464
024774
025113
023905
023906
024896
024267
025178
025111
024523
024524
024962
024963
025067
025068
024479
023811
025042
024534
024135
024751
025109
025110
025165
024839
023820
024126
023239
025116
025133
021194
021195
024376
024974
024891
025162
023684
024595
024906
024517
024941
024127
024063
023616
023617
024666
025177
024732
023249
023943
023227
025246
024645
024679
024678
024748
024937
025084
024179
025186
025074
023240
023624
023623
024899
024314
024502
024501
024301
025192
024355
025173
025172
024354
025166
024917
024931
025227
024113
024112
025171
024417
024418
024518
024596
024918
024934
024935
023969
023968
025216
012361
025163
023225
023224
024761
024762
024597
024107
025278
025075
025076
025200
024856
024137
024297
024339
024877
024345
024093
025023
024025
025022
024875
025060
024528
024529
025199
025196
025195
025197
024323
025061
018211
024272
023400
024313
024824
024825
025065
025066
023622
024892
025198
024156
024155
025288
024830
023535
023579
023580
023454
025221
025217
025014
024413
024650
024346
023331
023683
024766
024767
024292
024293
024701
023363
024425
024426
023869
023870
024942
025034
025035
023944
024412
023307
024320
024319
025069
025156
025366
024106
024683
024684
025766
025765
025905
025904
025896
025897
025854
025763
024568
025662
025661
025861
025374
024509
024526
025329
024316
025236
025237
024371
025211
025206
025212
025207
024374
025463
025229
025230
024124
025387
025373
025808
025886
024718
025157
025832
025107
025702
025703
025678
025527
025528
025039
025040
025323
025324
025478
025012
025011
025505
025506
023982
024939
025259
024840
024092
024605
024396
025312
025311
025347
025333
025351
024362
025327
025326
025349
025689
022508
024411
025330
024011
024625
025938
025918
025455
025456
025954
024480
025710
025709
025474
025764
025705
025706
025731
025730
025820
025821
023748
023749
025170
025318
024728
024296
024665
023932
023933
025299
023812
025073
024646
024979
025297
024978
025543
025933
025833
023142
024949
024950
024821
025386
025512
025511
025429
024266
024151
025416
025677
025676
024415
025331
025365
025364
023839
023840
025167
024853
025291
024752
025694
025695
025908
024082
024081
025395
023981
025499
024129
025559
025348
024883
025358
025359
025932
024817
025101
025102
025443
025028
024884
025394
023534
025507
025779
025780
024651
024255
024932
025415
025413
024075
025475
025380
025942
025683
025682
025108
025964
024703
024702
024940
024982
024983
025428
025027
024872
024951
024952
023143
025632
025631
025685
025381
025650
023399
024375
024123
025965
025959
025958
025392
025476
024672
025414
023952
025809
019437
025509
025431
025383
025384
025668
024866
025563
025264
025265
025296
025503
025504
025445
025446
024700
024476
024793
025884
025955
025858
024104
024881
024882
025336
025410
023819
024867
024772
024773
023463
025679
025867
025934
025106
025490
025491
025464
019438
025377
025376
025556
024673
025651
025846
025479
026017
025379
025367
025498
025497
025465
025783
025459
025319
025937
022672
022673
025996
024749
025452
025570
025571
024907
025082
025257
025258
025309
025784
025153
025155
025154
025152
025320
024383
024384
025940
025941
025968
025969
025317
025751
025149
025150
025814
025815
024553
025488
025489
025510
025220
025447
025448
025500
025666
025667
024254
024894
025734
025794
025855
025726
025725
025684
025868
025869
023842
023453
024303
024304
025105
023798
024606
023799
025508
025839
024893
024076
025121
025122
025222
025223
023387
024576
024577
025545
025352
025353
024521
024185
024174
025332
025070
025071
024790
025341
025143
025142
025261
025493
025492
025644
025350
024232
025544
024920
024842
025698
025286
025581
026154
026155
026034
024716
025860
024819
024818
025378
024587
024586
025674
025750
025778
025558
025899
025244
025844
025843
024150
025289
025294
025295
025293
025427
025458
025656
024999
025439
025037
025735
025772
025771
025882
025208
025209
025292
024231
025723
025724
025792
025793
025562
025205
025204
023514
024873
025654
025655
025657
025652
024102
026089
023654
024566
025047
025260
025659
025658
025898
025923
023515
025629
025630
025634
025653
025322
025321
025553
025552
025362
024992
024567
026050
026084
026083
026082
025840
024352
024922
024353
025193
025194
025343
025342
025916
025917
025962
025541
025000
025521
025522
025267
025354
025355
025114
025115
023687
024250
024249
024903
025432
025433
025829
025828
025283
025235
025234
025477
024530
025363
024477
025396
025232
025266
023686
025422
025421
025403
025699
025144
025845
025399
024403
025913
025914
024131
024372
025231
024225
024780
024506
024507
024010
025805
025847
026060
026059
025572
024943
024944
025183
025501
025502
025525
024057
024552
026107
026028
025273
025961
025960
025460
024902
024331
024330
025124
025440
025911
025912
025036
025409
025408
024058
025210
025213
024886
024220
025526
025390
025646
025647
024841
025688
024516
025875
025857
025580
024945
026064
026065
026133
025753
025995
023433
024791
025419
025418
024554
025696
025697
025732
025021
025542
025486
025340
025686
025131
025132
025003
025281
025991
025992
025272
025994
025993
025733
025759
025758
023621
024717
025284
025687
024493
024494
024600
024601
025978
025977
025817
025449
025450
025471
025472
025470
025029
025030
025975
025976
025789
026004
026148
026147
025426
024995
024996
025665
025664
025825
025830
024946
026137
026126
025716
026055
026075
026141
026151
024085
025004
025185
025184
025334
024086
025870
025919
025773
025774
025926
025927
024290
024291
024900
024402
024901
025461
025462
025777
026152
026153
026074
025876
025437
025438
024789
025487
024659
025928
024658
025770
025769
025282
025950
025951
025325
026087
025728
025727
025648
025649
024792
024871
024481
024726
025555
025554
024725
024820
026161
026099
026100
025936
025824
025949
025807
025983
025645
025704
025290
025404
025398
025405
025755
025255
024286
024287
025277
025400
025306
025305
026061
025245
024816
025856
025182
024594
025169
024760
025147
025145
025146
025256
025692
025693
025719
025720
023871
023872
025372
024103
024904
024905
025397
026215
026214
026704
026703
026221
026233
026654
026655
026799
024741
024742
025270
025271
026062
026063
026290
025203
026068
026033
025881
025880
026168
026140
026245
026405
026049
026438
026700
026699
026646
026647
026108
026036
026282
026283
026045
025564
026278
025006
026070
026176
023187
023186
026092
026091
026111
026112
026757
026384
026800
026793
026794
025707
025708
026253
026157
025887
025888
026175
024226
025985
026269
026491
026490
026024
025924
026164
026163
026760
026761
026723
026722
025711
025712
026752
026476
026101
024636
026472
025190
024361
026306
026517
026516
025966
026625
024522
026167
026242
026324
026328
026327
025444
025316
026194
026538
026539
026731
026730
026069
026270
026618
026863
026862
026861
026583
026119
025791
026385
026756
026205
026396
026421
025001
025831
025643
026535
026782
026252
026249
025746
025745
025972
026311
026310
026423
026620
026619
026788
025842
025721
025722
026212
024105
026035
026814
026875
026874
025963
025761
025584
026025
025973
026056
026333
025788
026287
026286
026521
026520
026642
025835
026732
026020
026668
026529
026737
026349
026350
026582
026391
026296
026378
026379
025280
025393
025453
026448
026449
026131
026129
026132
026130
025986
026046
024968
024969
026002
026193
025673
026124
026125
026671
026672
026601
026648
026649
025356
026600
026406
026475
026588
017286
024812
024813
025457
026266
026265
025096
025097
026513
026544
026445
026669
026113
025577
025576
026241
026709
026003
024993
026429
026390
026787
026554
026555
025806
026684
026685
026458
026459
024422
026293
026347
026348
026609
026617
026834
026606
025160
025161
026527
026532
026526
022471
026446
026710
026711
026643
026833
026738
026739
026534
026680
025795
026716
026837
026838
026188
026187
026250
026295
026397
026430
026525
026634
026635
026718
026715
026719
026323
026578
026579
025670
025669
025671
025083
026076
024966
024967
026200
026199
025430
026524
026729
026728
026783
026784
026681
025005
025930
025931
026120
026420
026353
026231
026230
026404
026145
026146
025123
025756
025435
026031
026032
026071
026072
026073
026284
026285
026428
026759
025998
026531
026545
025164
026615
026687
026686
025851
026848
026847
025740
025739
026077
026229
026118
026758
026841
026689
026872
024128
026403
026001
026822
025981
026134
025639
026254
025315
026388
026440
026444
025944
025945
026142
026143
025749
026079
026078
026174
026186
026211
025796
025797
026105
026488
026489
026067
026066
026198
026197
026371
025982
026361
026362
026484
025929
025866
025174
026629
023680
026480
026479
026106
019655
025026
026226
026220
026238
025979
026754
026675
026747
026746
025838
026139
026227
026275
026869
026826
026827
026222
025276
024814
024815
025090
025091
026090
026762
026763
026589
026268
026224
026607
026807
026177
026178
025548
025549
026213
026493
026413
026240
026234
025859
026237
026291
026292
026561
020074
020073
026169
026507
026506
026816
026824
026840
026594
026431
021779
026162
026530
025848
025849
026383
025263
026262
025836
026372
026439
026857
026856
025547
026764
026765
025423
026844
026673
026603
026553
026947
026948
026909
026419
023843
026467
025785
025786
026542
026543
026456
026929
026930
026922
026773
026772
026864
026865
026485
025637
024885
026590
026908
025850
026317
026316
024826
025980
026109
026110
026470
026202
026203
026325
026942
027013
025681
026842
026307
026308
026556
026804
025878
026803
025680
027048
027081
027080
026246
026247
026471
026500
026499
026468
025999
026823
026839
026825
026504
026239
026097
026098
025736
026645
026375
026887
026890
026891
026477
026436
026437
026515
026514
026541
026658
026482
026481
026596
026597
026117
024569
026888
024997
024998
025302
025301
025300
026243
026081
025790
026508
026688
026494
026659
026478
026261
026502
026501
026563
026560
025335
026185
026357
026358
026889
026702
026435
026469
026207
026206
026886
026170
026733
026743
026623
026577
026640
026568
026569
025519
025520
026817
026267
026901
026902
026204
026258
026257
026369
026370
025957
025956
026251
026273
026274
026359
026360
025134
025135
025262
025368
025369
025481
025480
025691
026706
026974
027019
027018
026135
027024
025804
025279
026382
026433
026434
026505
026496
024079
026447
026407
026314
026319
026318
026321
026315
026322
026320
026196
026210
025690
026576
026195
027038
026636
026495
025025
025660
025424
026678
026679
025841
027000
027001
027044
026959
026958
025816
026305
026389
026441
026622
026027
025360
025361
026223
026602
026663
026662
026721
026720
025967
026326
026608
026614
026613
026628
026624
025997
026023
025391
026381
026692
026691
026690
026633
026632
026755
026189
024515
026876
026821
027090
027091
027037
025202
024827
025748
026051
026052
025743
026173
026674
026562
026457
026630
026770
026771
026182
026181
026354
026610
026638
026639
025546
027003
026693
025742
026021
026022
026271
026272
026304
025974
026465
026464
026591
026850
026851
026013
026095
026096
026136
025285
025715
026332
027703
027704
027765
026509
027050
027049
026868
026928
027241
027614
027468
026605
025308
027419
027605
027603
027128
027127
027247
027288
027287
027312
027311
027113
027114
026338
027418
026303
027014
027609
027700
027476
027498
027254
026828
026829
027033
027034
026927
026260
026815
026631
027604
026789
026626
026627
026813
023679
027171
027142
027137
027143
026114
027145
027144
025762
027042
027705
027263
026970
027393
027538
027353
026993
027467
027249
027248
027623
026641
027047
027325
027032
027250
024009
027699
027794
027354
026401
026402
027750
027257
026867
027340
027052
019010
019011
026860
027170
027025
027455
027323
027722
027655
026904
026949
026986
026987
026742
027201
027202
026374
026790
026897
026898
027015
026831
026832
026884
026885
027792
027097
027098
026012
026190
027766
027168
027169
026713
026712
027654
027176
025872
025873
027082
027111
027110
026339
027109
026366
027069
027225
025638
026664
027133
027134
027252
027253
027046
026924
025046
027041
027161
027160
027053
027054
026665
027030
027329
027382
027381
026878
026380
027364
026931
027912
027191
027192
026892
026893
026939
026557
027309
027403
026859
027802
027803
026877
027251
026289
026288
026932
027394
026047
026048
027244
027243
027051
027709
026637
026866
027062
026418
027012
027175
027301
027302
025877
027138
027167
027166
025988
026334
027045
026923
027002
027164
027165
027328
027435
027597
026768
026769
027365
026166
026165
026934
026933
026991
026990
026809
026810
026873
027255
027262
026572
026573
027366
026941
026329
027477
027993
027992
027261
026968
026335
027521
027520
027781
027854
026533
027234
027233
027270
027271
027061
026940
027495
027494
021780
027083
027324
026808
027939
026595
027596
027343
027568
027793
025187
027357
026701
026903
027383
027454
027749
027675
028265
027991
027536
026918
026461
026232
027595
027594
026753
027372
027517
027129
027130
027274
027275
027344
027345
026988
026989
027341
027277
027377
027390
027421
027420
026954
027057
027058
027276
027056
027710
026694
026796
026486
026487
026836
026835
026870
026871
027063
027414
027469
027707
026158
026159
027378
027369
026365
027226
027724
027723
026705
027370
027197
026473
026780
026781
027116
027115
027156
027157
026695
027264
027286
027348
027349
027389
027762
027761
028090
027943
026843
027359
027153
026330
026907
026905
027547
028053
026644
027608
027757
027508
027509
027242
027358
027342
027694
027711
027240
027885
027542
027123
027891
027784
026399
026400
027588
026727
026726
027229
027230
027602
026209
026208
022576
022575
027118
027117
027043
026767
026766
027460
027459
027086
027774
027610
026748
027322
027890
027379
027380
027124
027598
027371
027499
027360
027055
027543
027087
026882
026883
027680
026962
026963
026914
026915
027235
027245
027246
026466
027708
027773
027611
027769
027780
027855
027575
027574
027215
026156
027572
027795
027796
027434
027615
027486
027562
027563
026995
026975
027858
026259
026336
026919
026997
026998
027092
027093
026474
026749
027285
028273
026551
026552
026994
027367
027368
027859
027416
027417
027447
027446
027151
027770
027415
027453
027452
027216
027401
027402
027839
027838
026969
027198
027444
027445
027487
027599
027146
027190
027189
027539
027410
027411
027589
027321
026996
026540
027676
026408
027011
027010
027706
027363
027362
027516
026337
027481
027239
027361
017543
027105
026277
026460
027721
027695
027152
027537
027089
027088
027384
027573
027664
027665
027480
027256
026745
026955
027760
028371
028370
028462
024874
027925
028272
024409
027569
027068
026812
026424
027777
028357
028564
028327
028369
026820
027548
026795
028326
028336
028475
028461
028497
028460
028343
028491
027956
028542
028091
028439
028468
028488
028537