share_code,name,fund_type,status,inception_date,end_date,known_at,source,family_id,end_known_at,source_ts_code,canonical_fund_id,is_representative
000049,中银标普全球精选自然资源等权重指数(QDII)-A,指数型-海外股票,清盘,2013-03-19,2023-01-17,2013-03-19,tushare_fund_basic,中银基金管理有限公司,2023-01-17,000049.OF,000049,True
000060,国联安中证股债动态策略指数,股票型,清盘,2013-06-26,2017-03-28,2013-06-26,tushare_fund_basic,国联安基金管理有限公司,2017-03-28,000060.OF,000060,True
000062,银华量化智慧动力灵活配置混合,混合型-灵活,清盘,2016-04-25,2018-09-27,2016-04-25,tushare_fund_basic,银华基金管理股份有限公司,2018-09-27,000062.OF,000062,True
000178,博时灵活配置混合-A,混合型-灵活,清盘,2013-11-08,2018-01-22,2013-11-08,tushare_fund_basic,博时基金管理有限公司,2018-01-22,000178.OF,000178,True
000193,国泰美国房地产开发股票(QDII),股票型,清盘,2013-08-07,2017-12-19,2013-08-07,tushare_fund_basic,国泰基金管理有限公司,2017-12-19,000193.OF,000193,True
000278,融通通泽灵活配置混合,混合型-灵活,清盘,2013-08-30,2017-11-17,2013-08-30,tushare_fund_basic,融通基金管理有限公司,2017-11-17,000278.OF,000278,True
000315,融通通祥一年目标触发式灵活配置混合,混合型-灵活,清盘,2013-10-22,2014-10-22,2013-10-22,tushare_fund_basic,融通基金管理有限公司,2014-10-22,000315.OF,000315,True
000391,招商标普高收益红利贵族指数增强(QDII)-CNY,指数型-海外股票,清盘,2013-12-11,2016-08-01,2013-12-11,tushare_fund_basic,招商基金管理有限公司,2016-08-01,000391.OF,000391,True
000392,招商标普高收益红利贵族指数增强(QDII)-USD,指数型-海外股票,清盘,2013-12-11,2016-08-01,2013-12-11,tushare_fund_basic,招商基金管理有限公司,2016-08-01,000392.OF,000392,True
000393,招商标普高收益红利贵族指数增强(QDII)-HKD,指数型-海外股票,清盘,2013-12-11,2016-08-01,2013-12-11,tushare_fund_basic,招商基金管理有限公司,2016-08-01,000393.OF,000393,True
000417,国联安新精选灵活配置混合-A,混合型-灵活,清盘,2014-03-04,2026-08-10,2014-03-04,tushare_fund_basic,国联安基金管理有限公司,2026-08-10,000417.OF,000417,True
000459,英大领先回报混合-B,混合型-灵活,存续,2025-01-03,,2025-01-03,tushare_fund_basic,英大基金管理有限公司,,000459.OF,000459,True
000664,国联安通盈灵活配置混合-A,混合型-灵活,清盘,2014-06-13,2026-04-13,2014-06-13,tushare_fund_basic,国联安基金管理有限公司,2026-04-13,000664.OF,000664,True
000708,华安安享灵活配置混合-A,混合型-灵活,清盘,2015-01-23,2022-09-01,2015-01-23,tushare_fund_basic,华安基金管理有限公司,2022-09-01,000708.OF,000708,True
000820,华安中证高分红指数增强-A,指数型-股票,清盘,2014-11-14,2015-12-07,2014-11-14,tushare_fund_basic,华安基金管理有限公司,2015-12-07,000820.OF,000820,True
000821,华安中证高分红指数增强-C,指数型-股票,清盘,2014-11-14,2015-12-07,2014-11-14,tushare_fund_basic,华安基金管理有限公司,2015-12-07,000821.OF,000820,False
000885,广发标普全球农业指数(QDII)-USD-现汇,指数型-海外股票,清盘,2015-01-16,2019-11-08,2015-01-16,tushare_fund_basic,广发基金管理有限公司,2019-11-08,000885.OF,000885,True
000886,北信瑞丰无限互联主题灵活配置混合,混合型-灵活,清盘,2014-12-24,2017-12-25,2014-12-24,tushare_fund_basic,华银基金管理有限公司,2017-12-25,000886.OF,000886,True
000953,国泰睿吉灵活配置混合-A,混合型-灵活,清盘,2015-04-22,2023-11-29,2015-04-22,tushare_fund_basic,国泰基金管理有限公司,2023-11-29,000953.OF,000953,True
000954,国泰睿吉灵活配置混合-C,混合型-灵活,清盘,2015-04-22,2023-11-29,2015-04-22,tushare_fund_basic,国泰基金管理有限公司,2023-11-29,000954.OF,000953,False
000972,新华万银多元策略灵活配置混合,混合型-灵活,清盘,2015-04-10,2023-07-18,2015-04-10,tushare_fund_basic,新华基金管理股份有限公司,2023-07-18,000972.OF,000972,True
001005,中海合鑫灵活配置混合,混合型-灵活,清盘,2015-02-11,2018-06-04,2015-02-11,tushare_fund_basic,中海基金管理有限公司,2018-06-04,001005.OF,001005,True
001014,中融融安灵活配置混合,混合型-灵活,清盘,2017-02-17,2021-08-17,2017-02-17,tushare_fund_basic,国联基金管理有限公司,2021-08-17,001014.OF,001014,True
001119,国投瑞银新回报灵活配置混合,混合型-灵活,清盘,2015-03-20,2019-09-19,2015-03-20,tushare_fund_basic,国投瑞银基金管理有限公司,2019-09-19,001119.OF,001119,True
001141,泰达宏利创盈灵活配置混合-A,混合型-灵活,清盘,2015-03-30,2022-12-08,2015-03-30,tushare_fund_basic,宏利基金管理有限公司,2022-12-08,001141.OF,001141,True
001142,泰达宏利创盈灵活配置混合-B,混合型-灵活,清盘,2015-03-30,2022-12-08,2015-03-30,tushare_fund_basic,宏利基金管理有限公司,2022-12-08,001142.OF,001142,True
001159,大成景秀灵活配置混合-A,混合型-灵活,清盘,2015-03-27,2019-04-17,2015-03-27,tushare_fund_basic,大成基金管理有限公司,2019-04-17,001159.OF,001159,True
001169,国投瑞银新价值灵活配置混合,混合型-灵活,清盘,2015-04-22,2018-03-15,2015-04-22,tushare_fund_basic,国投瑞银基金管理有限公司,2018-03-15,001169.OF,001169,True
001185,安信动态策略灵活配置混合-A,混合型-灵活,清盘,2015-04-15,2023-04-12,2015-04-15,tushare_fund_basic,安信基金管理有限责任公司,2023-04-12,001185.OF,001185,True
001196,东方鼎新灵活配置混合-A,混合型-灵活,清盘,2015-04-21,2024-12-19,2015-04-21,tushare_fund_basic,东方基金管理股份有限公司,2024-12-19,001196.OF,001196,True
001201,申万菱信安鑫回报灵活配置混合-A,混合型-灵活,清盘,2015-04-28,2023-07-26,2015-04-28,tushare_fund_basic,申万菱信基金管理有限公司,2023-07-26,001201.OF,001201,True
001205,建信稳健回报灵活配置混合,混合型-灵活,清盘,2015-04-17,2020-08-06,2015-04-17,tushare_fund_basic,建信基金管理有限责任公司,2020-08-06,001205.OF,001205,True
001206,广发聚惠灵活配置混合-A,混合型-灵活,清盘,2015-04-15,2019-01-25,2015-04-15,tushare_fund_basic,广发基金管理有限公司,2019-01-25,001206.OF,001206,True
001207,广发聚惠灵活配置混合-C,混合型-灵活,清盘,2015-04-15,2019-01-25,2015-04-15,tushare_fund_basic,广发基金管理有限公司,2019-01-25,001207.OF,001206,False
001228,国联安鑫享灵活配置混合-A,混合型-灵活,清盘,2015-04-28,2026-08-03,2015-04-28,tushare_fund_basic,国联安基金管理有限公司,2026-08-03,001228.OF,001228,True
001253,建信回报灵活配置混合,混合型-灵活,清盘,2015-05-13,2019-01-21,2015-05-13,tushare_fund_basic,建信基金管理有限责任公司,2019-01-21,001253.OF,001253,True
001259,德邦鑫星稳健灵活配置混合,混合型-灵活,清盘,2015-05-21,2018-09-27,2015-05-21,tushare_fund_basic,德邦基金管理有限公司,2018-09-27,001259.OF,001259,True
001262,大成景明灵活配置混合-A,混合型-灵活,清盘,2015-04-29,2019-01-07,2015-04-29,tushare_fund_basic,大成基金管理有限公司,2019-01-07,001262.OF,001262,True
001263,大成景穗灵活配置混合-A,混合型-灵活,清盘,2015-05-04,2018-08-22,2015-05-04,tushare_fund_basic,大成基金管理有限公司,2018-08-22,001263.OF,001263,True
001264,银华恒利灵活配置混合-A,混合型-灵活,清盘,2015-05-06,2021-11-15,2015-05-06,tushare_fund_basic,银华基金管理股份有限公司,2021-11-15,001264.OF,001264,True
001273,民生加银新动力灵活配置混合-A,混合型-灵活,清盘,2016-06-23,2022-07-20,2016-06-23,tushare_fund_basic,民生加银基金管理有限公司,2022-07-20,001273.OF,001273,True
001274,民生加银新动力灵活配置混合-D,混合型-灵活,清盘,2016-06-23,2022-07-20,2016-06-23,tushare_fund_basic,民生加银基金管理有限公司,2022-07-20,001274.OF,001274,True
001283,红塔红土盛金新动力灵活配置混合-A,混合型-灵活,清盘,2015-06-19,2024-02-05,2015-06-19,tushare_fund_basic,红塔红土基金管理有限公司,2024-02-05,001283.OF,001283,True
001284,红塔红土盛金新动力灵活配置混合-C,混合型-灵活,清盘,2015-06-19,2024-02-05,2015-06-19,tushare_fund_basic,红塔红土基金管理有限公司,2024-02-05,001284.OF,001283,False
001295,大成景源灵活配置混合-A,混合型-灵活,清盘,2015-05-15,2018-11-07,2015-05-15,tushare_fund_basic,大成基金管理有限公司,2018-11-07,001295.OF,001295,True
001310,华泰柏瑞行业竞争优势灵活配置混合,混合型-灵活,清盘,2016-12-27,2018-10-31,2016-12-27,tushare_fund_basic,华泰柏瑞基金管理有限公司,2018-10-31,001310.OF,001310,True
001311,华安新回报灵活配置混合-A,混合型-灵活,清盘,2015-05-19,2026-04-28,2015-05-19,tushare_fund_basic,华安基金管理有限公司,2026-04-28,001311.OF,001311,True
001321,兴业聚优灵活配置混合,混合型-灵活,清盘,2015-05-21,2018-05-28,2015-05-21,tushare_fund_basic,兴业基金管理有限公司,2018-05-28,001321.OF,001321,True
001333,大成景鹏灵活配置混合-A,混合型-灵活,清盘,2015-05-22,2018-09-06,2015-05-22,tushare_fund_basic,大成基金管理有限公司,2018-09-06,001333.OF,001333,True
001340,华泰柏瑞惠利灵活配置混合-A,混合型-灵活,清盘,2015-05-25,2018-11-06,2015-05-25,tushare_fund_basic,华泰柏瑞基金管理有限公司,2018-11-06,001340.OF,001340,True
001341,华泰柏瑞惠利灵活配置混合-C,混合型-灵活,清盘,2015-05-25,2018-11-06,2015-05-25,tushare_fund_basic,华泰柏瑞基金管理有限公司,2018-11-06,001341.OF,001340,False
001348,大摩新机遇灵活配置混合,混合型-灵活,清盘,2015-06-24,2021-01-12,2015-06-24,tushare_fund_basic,摩根士丹利基金管理(中国)有限公司,2021-01-12,001348.OF,001348,True
001359,国联安添鑫灵活配置混合-A,混合型-灵活,清盘,2015-06-02,2026-06-02,2015-06-02,tushare_fund_basic,国联安基金管理有限公司,2026-06-02,001359.OF,001359,True
001377,中融新产业灵活配置混合-A,混合型-灵活,清盘,2017-07-12,2018-11-26,2017-07-12,tushare_fund_basic,国联基金管理有限公司,2018-11-26,001377.OF,001377,True
001378,中融新产业灵活配置混合-C,混合型-灵活,清盘,2017-07-12,2018-11-26,2017-07-12,tushare_fund_basic,国联基金管理有限公司,2018-11-26,001378.OF,001377,False
001389,中融鑫视野灵活配置混合-A,混合型-灵活,清盘,2015-10-20,2019-02-22,2015-10-20,tushare_fund_basic,国联基金管理有限公司,2019-02-22,001389.OF,001389,True
001390,中融鑫视野灵活配置混合-C,混合型-灵活,清盘,2015-10-20,2019-02-22,2015-10-20,tushare_fund_basic,国联基金管理有限公司,2019-02-22,001390.OF,001389,False
001394,博时新趋势灵活配置混合-A,混合型-灵活,清盘,2015-05-29,2017-11-28,2015-05-29,tushare_fund_basic,博时基金管理有限公司,2017-11-28,001394.OF,001394,True
001395,博时新趋势灵活配置混合-C,混合型-灵活,清盘,2015-05-29,2017-11-28,2015-05-29,tushare_fund_basic,博时基金管理有限公司,2017-11-28,001395.OF,001394,False
001408,建信鑫丰回报灵活配置混合-A,混合型-灵活,清盘,2015-06-16,2021-04-21,2015-06-16,tushare_fund_basic,建信基金管理有限责任公司,2021-04-21,001408.OF,001408,True
001419,泰达宏利新思路灵活配置混合-A,混合型-灵活,清盘,2015-06-16,2023-03-15,2015-06-16,tushare_fund_basic,宏利基金管理有限公司,2023-03-15,001419.OF,001419,True
001424,博时新起点灵活配置混合-A,混合型-灵活,清盘,2015-06-24,2024-08-25,2015-06-24,tushare_fund_basic,博时基金管理有限公司,2024-08-25,001424.OF,001424,True
001425,博时新起点灵活配置混合-C,混合型-灵活,清盘,2015-06-24,2024-08-25,2015-06-24,tushare_fund_basic,博时基金管理有限公司,2024-08-25,001425.OF,001424,False
001431,方正富邦优选灵活配置混合-A,混合型-灵活,清盘,2015-06-25,2018-09-07,2015-06-25,tushare_fund_basic,方正富邦基金管理有限公司,2018-09-07,001431.OF,001431,True
001456,华泰柏瑞中国制造2025灵活配置混合-A,混合型-灵活,清盘,2015-08-04,2019-01-02,2015-08-04,tushare_fund_basic,华泰柏瑞基金管理有限公司,2019-01-02,001456.OF,001456,True
001458,广发中证全指主要消费ETF联接-A,指数型-股票,清盘,2015-08-18,2018-08-20,2015-08-18,tushare_fund_basic,广发基金管理有限公司,2018-08-20,001458.OF,001458,True
001459,广发中证全指原材料ETF联接-A,指数型-股票,清盘,2015-08-18,2018-08-20,2015-08-18,tushare_fund_basic,广发基金管理有限公司,2018-08-20,001459.OF,001459,True
001460,广发中证全指能源ETF联接-A,指数型-股票,清盘,2015-07-09,2018-07-09,2015-07-09,tushare_fund_basic,广发基金管理有限公司,2018-07-09,001460.OF,001460,True
001464,光大保德信鼎鑫灵活配置混合-A,混合型-灵活,清盘,2015-06-11,2024-06-26,2015-06-11,tushare_fund_basic,光大保德信基金管理有限公司,2024-06-26,001464.OF,001464,True
001465,国金鑫运灵活配置混合,混合型-灵活,清盘,2015-06-24,2015-12-14,2015-06-24,tushare_fund_basic,国金基金管理有限公司,2015-12-14,001465.OF,001465,True
001483,天弘喜利灵活配置混合,混合型-灵活,清盘,2016-11-18,2018-05-17,2016-11-18,tushare_fund_basic,天弘基金管理有限公司,2018-05-17,001483.OF,001483,True
001491,国泰生益灵活配置混合-A,混合型-灵活,清盘,2015-06-19,2018-02-12,2015-06-19,tushare_fund_basic,国泰基金管理有限公司,2018-02-12,001491.OF,001491,True
001492,鹏华弘锐灵活配置混合-A,混合型-灵活,清盘,2015-06-24,2018-05-16,2015-06-24,tushare_fund_basic,鹏华基金管理有限公司,2018-05-16,001492.OF,001492,True
001493,鹏华弘锐灵活配置混合-C,混合型-灵活,清盘,2015-06-24,2018-05-16,2015-06-24,tushare_fund_basic,鹏华基金管理有限公司,2018-05-16,001493.OF,001492,False
001494,信诚新鑫回报灵活配置混合-A,混合型-灵活,清盘,2015-06-29,2018-07-30,2015-06-29,tushare_fund_basic,中信保诚基金管理有限公司,2018-07-30,001494.OF,001494,True
001498,建信鑫荣回报灵活配置混合-A,混合型-灵活,清盘,2016-12-23,2024-02-05,2016-12-23,tushare_fund_basic,建信基金管理有限责任公司,2024-02-05,001498.OF,001498,True
001499,国投瑞银新增长灵活配置混合-A,混合型-灵活,清盘,2015-06-19,2026-01-19,2015-06-19,tushare_fund_basic,国投瑞银基金管理有限公司,2026-01-19,001499.OF,001499,True
001501,招商丰裕灵活配置混合-A,混合型-灵活,清盘,2015-11-17,2018-03-14,2015-11-17,tushare_fund_basic,招商基金管理有限公司,2018-03-14,001501.OF,001501,True
001502,招商丰裕灵活配置混合-C,混合型-灵活,清盘,2015-11-17,2018-03-14,2015-11-17,tushare_fund_basic,招商基金管理有限公司,2018-03-14,001502.OF,001501,False
001517,大成景裕灵活配置混合-A,混合型-灵活,清盘,2015-06-23,2018-05-29,2015-06-23,tushare_fund_basic,大成基金管理有限公司,2018-05-29,001517.OF,001517,True
001519,建信鑫裕回报灵活配置混合,混合型-灵活,清盘,2015-07-02,2015-11-09,2015-07-02,tushare_fund_basic,建信基金管理有限责任公司,2015-11-09,001519.OF,001519,True
001520,国投瑞银研究精选股票,股票型,清盘,2017-12-01,2024-06-21,2017-12-01,tushare_fund_basic,国投瑞银基金管理有限公司,2024-06-21,001520.OF,001520,True
001524,华泰柏瑞精选回报灵活配置混合,混合型-灵活,清盘,2016-09-02,2023-11-30,2016-09-02,tushare_fund_basic,华泰柏瑞基金管理有限公司,2023-11-30,001524.OF,001524,True
001533,华泰柏瑞爱利灵活配置混合,混合型-灵活,清盘,2016-09-20,2018-11-01,2016-09-20,tushare_fund_basic,华泰柏瑞基金管理有限公司,2018-11-01,001533.OF,001533,True
001554,天弘中证全指运输指数-A,指数型-股票,清盘,2015-06-30,2018-07-02,2015-06-30,tushare_fund_basic,天弘基金管理有限公司,2018-07-02,001554.OF,001554,True
001555,天弘中证全指运输指数-C,指数型-股票,清盘,2015-06-30,2018-07-02,2015-06-30,tushare_fund_basic,天弘基金管理有限公司,2018-07-02,001555.OF,001554,False
001560,天弘中证移动互联网指数-A,指数型-股票,清盘,2015-06-30,2018-07-02,2015-06-30,tushare_fund_basic,天弘基金管理有限公司,2018-07-02,001560.OF,001560,True
001561,天弘中证移动互联网指数-C,指数型-股票,清盘,2015-06-30,2018-07-02,2015-06-30,tushare_fund_basic,天弘基金管理有限公司,2018-07-02,001561.OF,001560,False
001568,泰达宏利增利灵活配置定开混合,混合型-灵活,清盘,2016-06-30,2017-12-29,2016-06-30,tushare_fund_basic,宏利基金管理有限公司,2017-12-29,001568.OF,001568,True
001573,南方互联网+灵活配置混合,混合型-灵活,清盘,2017-11-27,2021-08-03,2017-11-27,tushare_fund_basic,南方基金管理股份有限公司,2021-08-03,001573.OF,001573,True
001582,大成景辉灵活配置混合-A,混合型-灵活,清盘,2015-11-30,2018-10-30,2015-11-30,tushare_fund_basic,大成基金管理有限公司,2018-10-30,001582.OF,001582,True
001586,天弘中证100指数-A,指数型-股票,清盘,2015-07-16,2018-07-16,2015-07-16,tushare_fund_basic,天弘基金管理有限公司,2018-07-16,001586.OF,001586,True
001587,天弘中证100指数-C,指数型-股票,清盘,2015-07-16,2018-07-16,2015-07-16,tushare_fund_basic,天弘基金管理有限公司,2018-07-16,001587.OF,001586,False
001590,天弘中证环保产业指数-A,指数型-股票,清盘,2015-07-16,2018-07-16,2015-07-16,tushare_fund_basic,天弘基金管理有限公司,2018-07-16,001590.OF,001590,True
001591,天弘中证环保产业指数-C,指数型-股票,清盘,2015-07-16,2018-07-16,2015-07-16,tushare_fund_basic,天弘基金管理有限公司,2018-07-16,001591.OF,001590,False
001597,招商丰融灵活配置混合-A,混合型-灵活,清盘,2015-11-17,2018-08-08,2015-11-17,tushare_fund_basic,招商基金管理有限公司,2018-08-08,001597.OF,001597,True
001598,招商丰融灵活配置混合-C,混合型-灵活,清盘,2015-11-17,2018-08-08,2015-11-17,tushare_fund_basic,招商基金管理有限公司,2018-08-08,001598.OF,001597,False
001599,天弘中证高端装备制造指数-A,指数型-股票,清盘,2015-07-08,2018-07-09,2015-07-08,tushare_fund_basic,天弘基金管理有限公司,2018-07-09,001599.OF,001599,True
001600,天弘中证高端装备制造指数-C,指数型-股票,清盘,2015-07-08,2018-07-09,2015-07-08,tushare_fund_basic,天弘基金管理有限公司,2018-07-09,001600.OF,001599,False
001611,天弘中证休闲娱乐指数-A,指数型-股票,清盘,2015-07-29,2018-07-30,2015-07-29,tushare_fund_basic,天弘基金管理有限公司,2018-07-30,001611.OF,001611,True
001612,天弘中证休闲娱乐指数-C,指数型-股票,清盘,2015-07-29,2018-07-30,2015-07-29,tushare_fund_basic,天弘基金管理有限公司,2018-07-30,001612.OF,001611,False
001620,嘉实新机遇灵活配置混合,混合型-灵活,清盘,2015-07-13,2018-11-28,2015-07-13,tushare_fund_basic,嘉实基金管理有限公司,2018-11-28,001620.OF,001620,True
001626,国泰央企改革股票-A,股票型,清盘,2015-09-01,2026-06-17,2015-09-01,tushare_fund_basic,国泰基金管理有限公司,2026-06-17,001626.OF,001626,True
001627,融通新优选灵活配置混合,混合型-灵活,清盘,2016-11-02,2017-08-18,2016-11-02,tushare_fund_basic,融通基金管理有限公司,2017-08-18,001627.OF,001627,True
001639,嘉实新常态灵活配置混合-A,混合型-灵活,清盘,2016-03-30,2018-09-03,2016-03-30,tushare_fund_basic,嘉实基金管理有限公司,2018-09-03,001639.OF,001639,True
001640,嘉实新常态灵活配置混合-C,混合型-灵活,清盘,2016-03-30,2018-09-03,2016-03-30,tushare_fund_basic,嘉实基金管理有限公司,2018-09-03,001640.OF,001639,False
001647,天弘聚利灵活配置混合,混合型-灵活,清盘,2016-12-16,2018-01-12,2016-12-16,tushare_fund_basic,天弘基金管理有限公司,2018-01-12,001647.OF,001647,True
001649,工银瑞信工业4.0股票,股票型,清盘,2017-06-16,2018-12-17,2017-06-16,tushare_fund_basic,工银瑞信基金管理有限公司,2018-12-17,001649.OF,001649,True
001654,国联安添鑫灵活配置混合-C,混合型-灵活,清盘,2015-07-07,2026-06-02,2015-07-07,tushare_fund_basic,国联安基金管理有限公司,2026-06-02,001654.OF,001359,False
001659,富安达新动力灵活配置混合,混合型-灵活,清盘,2016-12-07,2025-12-10,2016-12-07,tushare_fund_basic,富安达基金管理有限公司,2025-12-10,001659.OF,001659,True
001663,中银互联网+股票,股票型,清盘,2015-08-06,2021-04-23,2015-08-06,tushare_fund_basic,中银基金管理有限公司,2021-04-23,001663.OF,001663,True
001670,长城新策略灵活配置混合-A,混合型-灵活,清盘,2015-11-27,2018-12-13,2015-11-27,tushare_fund_basic,长城基金管理有限公司,2018-12-13,001670.OF,001670,True
001671,长城新策略灵活配置混合-C,混合型-灵活,清盘,2015-11-27,2018-12-13,2015-11-27,tushare_fund_basic,长城基金管理有限公司,2018-12-13,001671.OF,001670,False
001673,红塔红土优质成长灵活配置混合-A,混合型-灵活,清盘,2015-08-06,2018-09-10,2015-08-06,tushare_fund_basic,红塔红土基金管理有限公司,2018-09-10,001673.OF,001673,True
001674,红塔红土优质成长灵活配置混合-C,混合型-灵活,清盘,2015-08-06,2018-09-10,2015-08-06,tushare_fund_basic,红塔红土基金管理有限公司,2018-09-10,001674.OF,001673,False
001680,九泰久利灵活配置混合,混合型-灵活,清盘,2016-11-07,2018-12-04,2016-11-07,tushare_fund_basic,九泰基金管理有限公司,2018-12-04,001680.OF,001680,True
001683,华夏新经济灵活配置混合,混合型-灵活,清盘,2015-07-13,2018-11-28,2015-07-13,tushare_fund_basic,华夏基金管理有限公司,2018-11-28,001683.OF,001683,True
001686,安信新动力灵活配置混合-A,混合型-灵活,清盘,2015-11-24,2022-09-15,2015-11-24,tushare_fund_basic,安信基金管理有限责任公司,2022-09-15,001686.OF,001686,True
001687,安信新动力灵活配置混合-C,混合型-灵活,清盘,2015-11-24,2022-09-15,2015-11-24,tushare_fund_basic,安信基金管理有限责任公司,2022-09-15,001687.OF,001686,False
001696,南方智造未来股票,股票型,清盘,2017-08-03,2021-06-17,2017-08-03,tushare_fund_basic,南方基金管理股份有限公司,2021-06-17,001696.OF,001696,True
001700,建信鑫盛回报灵活配置混合,混合型-灵活,清盘,2016-06-03,2018-04-25,2016-06-03,tushare_fund_basic,建信基金管理有限责任公司,2018-04-25,001700.OF,001700,True
001708,东兴改革精选灵活配置混合-A,混合型-灵活,清盘,2015-09-08,2026-08-04,2015-09-08,tushare_fund_basic,东兴基金管理有限公司,2026-08-04,001708.OF,001708,True
001713,华润元大中创100指数,指数型-股票,清盘,2019-01-03,2019-07-02,2019-01-03,tushare_fund_basic,华润元大基金管理有限公司,2019-07-02,001713.OF,001713,True
001727,申万菱信安鑫回报灵活配置混合-C,混合型-灵活,清盘,2015-07-23,2023-07-26,2015-07-23,tushare_fund_basic,申万菱信基金管理有限公司,2023-07-26,001727.OF,001201,False
001729,银华逆向投资灵活配置定开混合,混合型-灵活,清盘,2015-11-16,2019-09-02,2015-11-16,tushare_fund_basic,银华基金管理股份有限公司,2019-09-02,001729.OF,001729,True
001730,兴银大健康灵活配置混合,混合型-灵活,清盘,2015-08-27,2023-08-28,2015-08-27,tushare_fund_basic,兴银基金管理有限责任公司,2023-08-28,001730.OF,001730,True
001733,泰达宏利量化增强股票,股票型,清盘,2016-08-30,2022-10-20,2016-08-30,tushare_fund_basic,宏利基金管理有限公司,2022-10-20,001733.OF,001733,True
001737,大摩沪港深新价值灵活配置混合,混合型-灵活,清盘,2016-02-03,2017-04-28,2016-02-03,tushare_fund_basic,摩根士丹利基金管理(中国)有限公司,2017-04-28,001737.OF,001737,True
001738,大摩新趋势灵活配置混合,混合型-灵活,清盘,2017-11-27,2020-12-28,2017-11-27,tushare_fund_basic,摩根士丹利基金管理(中国)有限公司,2020-12-28,001738.OF,001738,True
001739,中融融安二号灵活配置混合,混合型-灵活,清盘,2018-09-29,2023-06-27,2018-09-29,tushare_fund_basic,国联基金管理有限公司,2023-06-27,001739.OF,001739,True
001754,永赢量化灵活配置混合,混合型-灵活,清盘,2015-09-01,2018-09-03,2015-09-01,tushare_fund_basic,永赢基金管理有限公司,2018-09-03,001754.OF,001754,True
001757,嘉实主题增强灵活配置混合,混合型-灵活,清盘,2016-11-23,2018-12-20,2016-11-23,tushare_fund_basic,嘉实基金管理有限公司,2018-12-20,001757.OF,001757,True
001767,华宝兴业中国互联网股票(QDII)-CNY,股票型,清盘,2015-09-23,2017-06-26,2015-09-23,tushare_fund_basic,华宝基金管理有限公司,2017-06-26,001767.OF,001767,True
001768,华宝兴业中国互联网股票(QDII)-USD,股票型,清盘,2015-09-23,2017-06-26,2015-09-23,tushare_fund_basic,华宝基金管理有限公司,2017-06-26,001768.OF,001768,True
001769,易方达瑞惠灵活配置混合,混合型-灵活,清盘,2015-07-31,2018-12-30,2015-07-31,tushare_fund_basic,易方达基金管理有限公司,2018-12-30,001769.OF,001769,True
001771,南方量化灵活配置混合,混合型-灵活,清盘,2017-08-24,2020-06-24,2017-08-24,tushare_fund_basic,南方基金管理股份有限公司,2020-06-24,001771.OF,001771,True
001772,南方消费活力灵活配置混合,混合型-灵活,清盘,2015-07-31,2018-12-29,2015-07-31,tushare_fund_basic,南方基金管理股份有限公司,2018-12-29,001772.OF,001772,True
001773,招商丰庆灵活配置混合-A,混合型-灵活,清盘,2015-07-31,2018-11-28,2015-07-31,tushare_fund_basic,招商基金管理有限公司,2018-11-28,001773.OF,001773,True
001774,招商丰庆灵活配置混合-C,混合型-灵活,清盘,2015-07-31,2018-11-28,2015-07-31,tushare_fund_basic,招商基金管理有限公司,2018-11-28,001774.OF,001773,False
001777,德邦多元回报灵活配置混合-A,混合型-灵活,清盘,2016-01-27,2018-12-04,2016-01-27,tushare_fund_basic,德邦基金管理有限公司,2018-12-04,001777.OF,001777,True
001778,德邦多元回报灵活配置混合-C,混合型-灵活,清盘,2016-01-27,2018-12-04,2016-01-27,tushare_fund_basic,德邦基金管理有限公司,2018-12-04,001778.OF,001777,False
001781,建信现代服务业股票,股票型,清盘,2016-02-23,2025-12-10,2016-02-23,tushare_fund_basic,建信基金管理有限责任公司,2025-12-10,001781.OF,001781,True
001786,国泰信益灵活配置混合,混合型-灵活,清盘,2016-12-16,2018-08-29,2016-12-16,tushare_fund_basic,国泰基金管理有限公司,2018-08-29,001786.OF,001786,True
001795,上投摩根文体休闲灵活配置混合,混合型-灵活,清盘,2015-12-23,2022-12-22,2015-12-23,tushare_fund_basic,摩根基金管理(中国)有限公司,2022-12-22,001795.OF,001795,True
001813,国泰福益灵活配置混合,混合型-灵活,清盘,2016-10-26,2018-04-12,2016-10-26,tushare_fund_basic,国泰基金管理有限公司,2018-04-12,001813.OF,001813,True
001823,光大保德信鼎鑫灵活配置混合-C,混合型-灵活,清盘,2015-11-11,2024-06-26,2015-11-11,tushare_fund_basic,光大保德信基金管理有限公司,2024-06-26,001823.OF,001464,False
001824,博时沪港深成长企业混合,混合型-灵活,清盘,2016-11-02,2022-05-17,2016-11-02,tushare_fund_basic,博时基金管理有限公司,2022-05-17,001824.OF,001824,True
001839,九泰久兴灵活配置混合,混合型-灵活,清盘,2017-01-20,2022-04-14,2017-01-20,tushare_fund_basic,九泰基金管理有限公司,2022-04-14,001839.OF,001839,True
001840,招商丰享灵活配置混合-C,混合型-灵活,清盘,2015-11-17,2018-04-11,2015-11-17,tushare_fund_basic,招商基金管理有限公司,2018-04-11,001840.OF,001840,True
001841,招商丰享灵活配置混合-A,混合型-灵活,清盘,2015-11-17,2018-04-11,2015-11-17,tushare_fund_basic,招商基金管理有限公司,2018-04-11,001841.OF,001840,False
001851,中融强国制造灵活配置混合,混合型-灵活,清盘,2016-11-10,2018-10-31,2016-11-10,tushare_fund_basic,国联基金管理有限公司,2018-10-31,001851.OF,001851,True
001866,北信瑞丰新成长灵活配置混合,混合型-灵活,清盘,2015-11-11,2023-03-08,2015-11-11,tushare_fund_basic,华银基金管理有限公司,2023-03-08,001866.OF,001866,True
0018841,中欧沪深300指数增强(LOF)-E,股票型,清盘,2015-10-08,2018-10-07,2015-10-08,tushare_fund_basic,中欧基金管理有限公司,2018-10-07,0018841.OF,1660071,False
001923,国泰添益灵活配置混合,混合型-灵活,清盘,2016-08-17,2018-08-30,2016-08-17,tushare_fund_basic,国泰基金管理有限公司,2018-08-30,001923.OF,001923,True
001939,光大保德信睿鑫灵活配置混合-A,混合型-灵活,清盘,2015-11-17,2023-06-26,2015-11-17,tushare_fund_basic,光大保德信基金管理有限公司,2023-06-26,001939.OF,001939,True
001954,银华生态环保主题灵活配置混合,混合型-灵活,清盘,2016-03-04,2019-12-04,2016-03-04,tushare_fund_basic,银华基金管理股份有限公司,2019-12-04,001954.OF,001954,True
001967,华宝转型升级灵活配置混合,混合型-灵活,清盘,2015-12-15,2023-07-13,2015-12-15,tushare_fund_basic,华宝基金管理有限公司,2023-07-13,001967.OF,001967,True
001979,南方沪港深价值主题灵活配置混合,混合型-灵活,清盘,2015-12-23,2021-03-04,2015-12-23,tushare_fund_basic,南方基金管理股份有限公司,2021-03-04,001979.OF,001979,True
002013,中欧琪丰灵活配置混合-A,混合型-灵活,清盘,2015-11-17,2018-10-10,2015-11-17,tushare_fund_basic,中欧基金管理有限公司,2018-10-10,002013.OF,002013,True
002014,中欧琪丰灵活配置混合-C,混合型-灵活,清盘,2015-11-17,2018-10-10,2015-11-17,tushare_fund_basic,中欧基金管理有限公司,2018-10-10,002014.OF,002013,False
002023,红塔红土稳健回报灵活配置混合-A,混合型-灵活,清盘,2017-03-24,2022-11-22,2017-03-24,tushare_fund_basic,红塔红土基金管理有限公司,2022-11-22,002023.OF,002023,True
002024,红塔红土稳健回报灵活配置混合-C,混合型-灵活,清盘,2017-03-24,2022-11-22,2017-03-24,tushare_fund_basic,红塔红土基金管理有限公司,2022-11-22,002024.OF,002023,False
002029,安信动态策略灵活配置混合-C,混合型-灵活,清盘,2015-11-17,2023-04-12,2015-11-17,tushare_fund_basic,安信基金管理有限责任公司,2023-04-12,002029.OF,001185,False
002033,华安新财富灵活配置混合-A,混合型-灵活,清盘,2016-09-22,2018-01-24,2016-09-22,tushare_fund_basic,华安基金管理有限公司,2018-01-24,002033.OF,002033,True
002034,华安新财富灵活配置混合-C,混合型-灵活,清盘,2016-09-22,2018-01-24,2016-09-22,tushare_fund_basic,华安基金管理有限公司,2018-01-24,002034.OF,002033,False
002037,华安新希望灵活配置混合-A,混合型-灵活,清盘,2016-11-18,2017-12-26,2016-11-18,tushare_fund_basic,华安基金管理有限公司,2017-12-26,002037.OF,002037,True
002038,华安新希望灵活配置混合-C,混合型-灵活,清盘,2016-11-18,2017-12-26,2016-11-18,tushare_fund_basic,华安基金管理有限公司,2017-12-26,002038.OF,002037,False
002039,国投瑞银新收益灵活配置混合-A,混合型-灵活,清盘,2015-11-17,2018-08-29,2015-11-17,tushare_fund_basic,国投瑞银基金管理有限公司,2018-08-29,002039.OF,002039,True
002040,国投瑞银新收益灵活配置混合-C,混合型-灵活,清盘,2015-11-17,2018-08-29,2015-11-17,tushare_fund_basic,国投瑞银基金管理有限公司,2018-08-29,002040.OF,002039,False
002041,国投瑞银新成长灵活配置混合-A,混合型-灵活,清盘,2015-11-27,2018-09-03,2015-11-27,tushare_fund_basic,国投瑞银基金管理有限公司,2018-09-03,002041.OF,002041,True
002042,国投瑞银新成长灵活配置混合-C,混合型-灵活,清盘,2015-11-27,2018-09-03,2015-11-27,tushare_fund_basic,国投瑞银基金管理有限公司,2018-09-03,002042.OF,002041,False
002045,国泰生益灵活配置混合-C,混合型-灵活,清盘,2015-11-16,2018-02-12,2015-11-16,tushare_fund_basic,国泰基金管理有限公司,2018-02-12,002045.OF,001491,False
002047,信诚新鑫回报灵活配置混合-B,混合型-灵活,清盘,2015-11-16,2018-07-30,2015-11-16,tushare_fund_basic,中信保诚基金管理有限公司,2018-07-30,002047.OF,002047,True
002068,东方多策略灵活配置混合-C,混合型-灵活,清盘,2015-11-13,2023-05-10,2015-11-13,tushare_fund_basic,东方基金管理股份有限公司,2023-05-10,002068.OF,400023,False
002069,华泰柏瑞盛利灵活配置混合-A,混合型-灵活,清盘,2017-03-03,2018-10-12,2017-03-03,tushare_fund_basic,华泰柏瑞基金管理有限公司,2018-10-12,002069.OF,002069,True
002070,华泰柏瑞盛利灵活配置混合-C,混合型-灵活,清盘,2017-03-03,2018-10-12,2017-03-03,tushare_fund_basic,华泰柏瑞基金管理有限公司,2018-10-12,002070.OF,002069,False
002075,光大保德信睿鑫灵活配置混合-C,混合型-灵活,清盘,2015-11-17,2023-06-26,2015-11-17,tushare_fund_basic,光大保德信基金管理有限公司,2023-06-26,002075.OF,001939,False
002081,大成景沛灵活配置混合-A,混合型-灵活,清盘,2015-11-24,2018-10-30,2015-11-24,tushare_fund_basic,大成基金管理有限公司,2018-10-30,002081.OF,002081,True
002089,长盛盛鑫灵活配置混合-A,混合型-灵活,清盘,2016-07-13,2018-10-29,2016-07-13,tushare_fund_basic,长盛基金管理有限公司,2018-10-29,002089.OF,002089,True
002090,长盛盛鑫灵活配置混合-C,混合型-灵活,清盘,2016-07-13,2018-10-29,2016-07-13,tushare_fund_basic,长盛基金管理有限公司,2018-10-29,002090.OF,002089,False
002092,国富新增长灵活配置混合-A,混合型-灵活,清盘,2015-11-24,2018-10-17,2015-11-24,tushare_fund_basic,国海富兰克林基金管理有限公司,2018-10-17,002092.OF,002092,True
002093,国富新增长灵活配置混合-C,混合型-灵活,清盘,2015-11-24,2018-10-17,2015-11-24,tushare_fund_basic,国海富兰克林基金管理有限公司,2018-10-17,002093.OF,002092,False
002094,华泰柏瑞中国制造2025灵活配置混合-C,混合型-灵活,清盘,2015-11-19,2019-01-02,2015-11-19,tushare_fund_basic,华泰柏瑞基金管理有限公司,2019-01-02,002094.OF,001456,False
002097,国富新价值灵活配置混合-A,混合型-灵活,清盘,2015-12-02,2018-10-09,2015-12-02,tushare_fund_basic,国海富兰克林基金管理有限公司,2018-10-09,002097.OF,002097,True
002098,国富新价值灵活配置混合-C,混合型-灵活,清盘,2015-12-02,2018-10-09,2015-12-02,tushare_fund_basic,国海富兰克林基金管理有限公司,2018-10-09,002098.OF,002097,False
002099,国富新活力灵活配置混合-A,混合型-灵活,清盘,2016-08-26,2018-09-03,2016-08-26,tushare_fund_basic,国海富兰克林基金管理有限公司,2018-09-03,002099.OF,002099,True
002100,国富新活力灵活配置混合-C,混合型-灵活,清盘,2016-08-26,2018-09-03,2016-08-26,tushare_fund_basic,国海富兰克林基金管理有限公司,2018-09-03,002100.OF,002099,False
002104,博时新价值灵活配置混合-A,混合型-灵活,清盘,2016-03-18,2019-03-08,2016-03-18,tushare_fund_basic,博时基金管理有限公司,2019-03-08,002104.OF,002104,True
002105,博时新价值灵活配置混合-C,混合型-灵活,清盘,2016-03-18,2019-03-08,2016-03-18,tushare_fund_basic,博时基金管理有限公司,2019-03-08,002105.OF,002104,False
002107,广发安富回报灵活配置混合-A,混合型-灵活,清盘,2015-12-29,2017-08-23,2015-12-29,tushare_fund_basic,广发基金管理有限公司,2017-08-23,002107.OF,002107,True
002108,广发安富回报灵活配置混合-C,混合型-灵活,清盘,2015-12-29,2017-08-23,2015-12-29,tushare_fund_basic,广发基金管理有限公司,2017-08-23,002108.OF,002107,False
002110,中海中鑫灵活配置混合,混合型-灵活,清盘,2015-11-23,2018-10-08,2015-11-23,tushare_fund_basic,中海基金管理有限公司,2018-10-08,002110.OF,002110,True
002111,华宝新起点灵活配置混合,混合型-灵活,清盘,2016-12-19,2023-08-31,2016-12-19,tushare_fund_basic,华宝基金管理有限公司,2023-08-31,002111.OF,002111,True
002114,国富新收益灵活配置混合-A,混合型-灵活,清盘,2016-08-31,2018-09-06,2016-08-31,tushare_fund_basic,国海富兰克林基金管理有限公司,2018-09-06,002114.OF,002114,True
002115,国富新收益灵活配置混合-C,混合型-灵活,清盘,2016-08-31,2018-09-06,2016-08-31,tushare_fund_basic,国海富兰克林基金管理有限公司,2018-09-06,002115.OF,002114,False
002122,广发新常态灵活配置混合,混合型-灵活,清盘,2016-12-05,2017-09-04,2016-12-05,tushare_fund_basic,广发基金管理有限公司,2017-09-04,002122.OF,002122,True
002126,广发鑫富灵活配置混合-A,混合型-灵活,清盘,2016-12-22,2017-08-25,2016-12-22,tushare_fund_basic,广发基金管理有限公司,2017-08-25,002126.OF,002126,True
002127,广发鑫富灵活配置混合-C,混合型-灵活,清盘,2016-12-22,2017-08-25,2016-12-22,tushare_fund_basic,广发基金管理有限公司,2017-08-25,002127.OF,002126,False
002129,广发鑫利灵活配置混合,混合型-灵活,清盘,2016-11-18,2018-07-30,2016-11-18,tushare_fund_basic,广发基金管理有限公司,2018-07-30,002129.OF,002129,True
002130,广发鑫隆灵活配置混合-A,混合型-灵活,清盘,2016-11-07,2018-07-26,2016-11-07,tushare_fund_basic,广发基金管理有限公司,2018-07-26,002130.OF,002130,True
002131,广发鑫隆灵活配置混合-C,混合型-灵活,清盘,2016-11-07,2018-07-26,2016-11-07,tushare_fund_basic,广发基金管理有限公司,2018-07-26,002131.OF,002130,False
002141,建信鑫丰回报灵活配置混合-C,混合型-灵活,清盘,2015-11-19,2021-04-21,2015-11-19,tushare_fund_basic,建信基金管理有限责任公司,2021-04-21,002141.OF,001408,False
002153,华安安润灵活配置混合-A,混合型-灵活,清盘,2016-10-31,2018-01-26,2016-10-31,tushare_fund_basic,华安基金管理有限公司,2018-01-26,002153.OF,002153,True
002154,华安安润灵活配置混合-C,混合型-灵活,清盘,2016-10-31,2018-01-26,2016-10-31,tushare_fund_basic,华安基金管理有限公司,2018-01-26,002154.OF,002153,False
002155,国金鑫瑞灵活配置混合-A,混合型-灵活,清盘,2017-09-13,2024-05-21,2017-09-13,tushare_fund_basic,国金基金管理有限公司,2024-05-21,002155.OF,002155,True
002167,南方顺康灵活配置混合,混合型-灵活,清盘,2017-12-02,2021-05-16,2017-12-02,tushare_fund_basic,南方基金管理股份有限公司,2021-05-16,002167.OF,002167,True
002180,中银移动互联灵活配置混合,混合型-灵活,清盘,2017-07-20,2021-06-10,2017-07-20,tushare_fund_basic,中银基金管理有限公司,2021-06-10,002180.OF,002180,True
002186,国联安鑫享灵活配置混合-C,混合型-灵活,清盘,2015-11-28,2026-08-03,2015-11-28,tushare_fund_basic,国联安基金管理有限公司,2026-08-03,002186.OF,001228,False
002191,农银汇理物联网主题灵活配置混合,混合型-灵活,清盘,2016-05-04,2021-05-31,2016-05-04,tushare_fund_basic,农银汇理基金管理有限公司,2021-05-31,002191.OF,002191,True
002192,东方鼎新灵活配置混合-C,混合型-灵活,清盘,2016-04-20,2024-12-19,2016-04-20,tushare_fund_basic,东方基金管理股份有限公司,2024-12-19,002192.OF,001196,False
002204,国泰安心回报混合,混合型-灵活,清盘,2017-11-29,2018-09-05,2017-11-29,tushare_fund_basic,国泰基金管理有限公司,2018-09-05,002204.OF,002204,True
002220,南方瑞利灵活配置混合,混合型-灵活,清盘,2017-12-30,2023-03-15,2017-12-30,tushare_fund_basic,南方基金管理股份有限公司,2023-03-15,002220.OF,002220,True
002221,嘉实价值增强灵活配置混合,混合型-灵活,清盘,2016-12-13,2018-11-01,2016-12-13,tushare_fund_basic,嘉实基金管理有限公司,2018-11-01,002221.OF,002221,True
002223,中邮尊享一年定开灵活配置混合,混合型-灵活,清盘,2015-12-25,2018-12-25,2015-12-25,tushare_fund_basic,中邮创业基金管理股份有限公司,2018-12-25,002223.OF,002223,True
002231,华夏新趋势灵活配置混合-A,混合型-灵活,清盘,2015-12-10,2024-12-05,2015-12-10,tushare_fund_basic,华夏基金管理有限公司,2024-12-05,002231.OF,002231,True
002232,华夏新趋势灵活配置混合-C,混合型-灵活,清盘,2015-12-10,2024-12-05,2015-12-10,tushare_fund_basic,华夏基金管理有限公司,2024-12-05,002232.OF,002231,False
002237,大成景沛灵活配置混合-C,混合型-灵活,清盘,2015-12-03,2018-10-30,2015-12-03,tushare_fund_basic,大成基金管理有限公司,2018-10-30,002237.OF,002081,False
002242,国投瑞银瑞兴灵活配置混合,混合型-灵活,清盘,2018-01-06,2019-04-16,2018-01-06,tushare_fund_basic,国投瑞银基金管理有限公司,2019-04-16,002242.OF,002242,True
002250,红土创新改革红利灵活配置混合,混合型-灵活,清盘,2016-01-26,2019-01-25,2016-01-26,tushare_fund_basic,红土创新基金管理有限公司,2019-01-25,002250.OF,002250,True
002261,中银宝利灵活配置混合-A,混合型-灵活,清盘,2016-02-04,2023-11-22,2016-02-04,tushare_fund_basic,中银基金管理有限公司,2023-11-22,002261.OF,002261,True
002262,中银宝利灵活配置混合-C,混合型-灵活,清盘,2016-02-04,2023-11-22,2016-02-04,tushare_fund_basic,中银基金管理有限公司,2023-11-22,002262.OF,002261,False
002263,泰达宏利同顺大数据量化优选灵活配置混合-A,混合型-灵活,清盘,2016-02-23,2021-07-02,2016-02-23,tushare_fund_basic,宏利基金管理有限公司,2021-07-02,002263.OF,002263,True
002290,大成景辉灵活配置混合-C,混合型-灵活,清盘,2015-12-17,2018-10-30,2015-12-17,tushare_fund_basic,大成基金管理有限公司,2018-10-30,002290.OF,001582,False
002297,方正富邦优选灵活配置混合-C,混合型-灵活,清盘,2016-01-25,2018-09-07,2016-01-25,tushare_fund_basic,方正富邦基金管理有限公司,2018-09-07,002297.OF,001431,False
002314,泰达宏利新思路灵活配置混合-B,混合型-灵活,清盘,2016-01-25,2023-03-15,2016-01-25,tushare_fund_basic,宏利基金管理有限公司,2023-03-15,002314.OF,002314,True
002327,银华恒利灵活配置混合-C,混合型-灵活,清盘,2016-04-01,2021-11-15,2016-04-01,tushare_fund_basic,银华基金管理股份有限公司,2021-11-15,002327.OF,001264,False
002330,兴业聚宝灵活配置混合,混合型-灵活,清盘,2016-02-03,2022-11-18,2016-02-03,tushare_fund_basic,兴业基金管理有限公司,2022-11-18,002330.OF,002330,True
002365,国联安鑫禧灵活配置混合-A,混合型-灵活,清盘,2016-02-03,2018-12-09,2016-02-03,tushare_fund_basic,国联安基金管理有限公司,2018-12-09,002365.OF,002365,True
002366,国联安鑫禧灵活配置混合-C,混合型-灵活,清盘,2016-02-03,2018-12-09,2016-02-03,tushare_fund_basic,国联安基金管理有限公司,2018-12-09,002366.OF,002365,False
002368,国联安鑫悦灵活配置混合-A,混合型-灵活,清盘,2016-02-03,2018-05-15,2016-02-03,tushare_fund_basic,国联安基金管理有限公司,2018-05-15,002368.OF,002368,True
002369,国联安鑫悦灵活配置混合-C,混合型-灵活,清盘,2016-02-03,2018-05-15,2016-02-03,tushare_fund_basic,国联安基金管理有限公司,2018-05-15,002369.OF,002368,False
002370,大成景秀灵活配置混合-C,混合型-灵活,清盘,2016-01-14,2019-04-17,2016-01-14,tushare_fund_basic,大成基金管理有限公司,2019-04-17,002370.OF,001159,False
002371,大成景明灵活配置混合-C,混合型-灵活,清盘,2016-01-14,2019-01-07,2016-01-14,tushare_fund_basic,大成基金管理有限公司,2019-01-07,002371.OF,001262,False
002372,大成景穗灵活配置混合-C,混合型-灵活,清盘,2016-01-14,2018-08-22,2016-01-14,tushare_fund_basic,大成基金管理有限公司,2018-08-22,002372.OF,001263,False
002373,大成景源灵活配置混合-C,混合型-灵活,清盘,2016-01-14,2018-11-07,2016-01-14,tushare_fund_basic,大成基金管理有限公司,2018-11-07,002373.OF,001295,False
002374,大成景鹏灵活配置混合-C,混合型-灵活,清盘,2016-01-14,2018-09-06,2016-01-14,tushare_fund_basic,大成基金管理有限公司,2018-09-06,002374.OF,001333,False
002375,大成景裕灵活配置混合-C,混合型-灵活,清盘,2016-01-14,2018-05-29,2016-01-14,tushare_fund_basic,大成基金管理有限公司,2018-05-29,002375.OF,001517,False
002384,九泰鸿祥服务升级灵活配置混合,混合型-灵活,清盘,2017-08-16,2022-05-31,2017-08-16,tushare_fund_basic,九泰基金管理有限公司,2022-05-31,002384.OF,002384,True
002386,工银瑞信中国制造2025股票,股票型,清盘,2017-04-12,2018-12-28,2017-04-12,tushare_fund_basic,工银瑞信基金管理有限公司,2018-12-28,002386.OF,002386,True
002398,华安安禧灵活配置混合-A,混合型-灵活,清盘,2018-10-23,2023-01-17,2018-10-23,tushare_fund_basic,华安基金管理有限公司,2023-01-17,002398.OF,002398,True
002399,华安安禧灵活配置混合-C,混合型-灵活,清盘,2018-10-23,2023-01-17,2018-10-23,tushare_fund_basic,华安基金管理有限公司,2023-01-17,002399.OF,002398,False
002409,华夏新活力灵活配置混合-A,混合型-灵活,清盘,2016-02-23,2024-12-05,2016-02-23,tushare_fund_basic,华夏基金管理有限公司,2024-12-05,002409.OF,002409,True
002410,华夏新活力灵活配置混合-C,混合型-灵活,清盘,2016-02-23,2024-12-05,2016-02-23,tushare_fund_basic,华夏基金管理有限公司,2024-12-05,002410.OF,002409,False
002413,中银瑞利灵活配置混合-A,混合型-灵活,清盘,2016-02-04,2023-07-07,2016-02-04,tushare_fund_basic,中银基金管理有限公司,2023-07-07,002413.OF,002413,True
002414,中银瑞利灵活配置混合-C,混合型-灵活,清盘,2016-02-04,2023-07-07,2016-02-04,tushare_fund_basic,中银基金管理有限公司,2023-07-07,002414.OF,002413,False
002430,中银丰利灵活配置混合-A,混合型-灵活,清盘,2016-08-11,2023-07-19,2016-08-11,tushare_fund_basic,中银基金管理有限公司,2023-07-19,002430.OF,002430,True
002431,中银丰利灵活配置混合-C,混合型-灵活,清盘,2016-08-11,2023-07-19,2016-08-11,tushare_fund_basic,中银基金管理有限公司,2023-07-19,002431.OF,002430,False
002433,天弘金利灵活配置混合,混合型-灵活,清盘,2016-12-21,2018-07-19,2016-12-21,tushare_fund_basic,天弘基金管理有限公司,2018-07-19,002433.OF,002433,True
002434,中银宏利灵活配置混合-A,混合型-灵活,清盘,2016-08-01,2023-12-13,2016-08-01,tushare_fund_basic,中银基金管理有限公司,2023-12-13,002434.OF,002434,True
002435,中银宏利灵活配置混合-C,混合型-灵活,清盘,2016-08-01,2023-12-13,2016-08-01,tushare_fund_basic,中银基金管理有限公司,2023-12-13,002435.OF,002434,False
002453,九泰久稳灵活配置混合-A,混合型-灵活,清盘,2018-05-03,2023-01-09,2018-05-03,tushare_fund_basic,九泰基金管理有限公司,2023-01-09,002453.OF,002453,True
002454,九泰久稳灵活配置混合-C,混合型-灵活,清盘,2018-05-03,2023-01-09,2018-05-03,tushare_fund_basic,九泰基金管理有限公司,2023-01-09,002454.OF,002453,False
002463,创金合信价值红利灵活配置混合-A,混合型-灵活,清盘,2018-04-23,2021-04-21,2018-04-23,tushare_fund_basic,创金合信基金管理有限公司,2021-04-21,002463.OF,002463,True
002465,东兴众智优选灵活配置混合,混合型-灵活,清盘,2016-06-13,2021-04-14,2016-06-13,tushare_fund_basic,东兴证券股份有限公司,2021-04-14,002465.OF,002465,True
002485,国联安通盈灵活配置混合-C,混合型-灵活,清盘,2016-03-02,2026-04-13,2016-03-02,tushare_fund_basic,国联安基金管理有限公司,2026-04-13,002485.OF,000664,False
002502,中银腾利灵活配置混合-A,混合型-灵活,清盘,2016-06-21,2023-09-18,2016-06-21,tushare_fund_basic,中银基金管理有限公司,2023-09-18,002502.OF,002502,True
002503,中银腾利灵活配置混合-C,混合型-灵活,清盘,2016-06-21,2023-09-18,2016-06-21,tushare_fund_basic,中银基金管理有限公司,2023-09-18,002503.OF,002502,False
002516,招商丰达灵活配置混合-A,混合型-灵活,清盘,2016-08-25,2018-04-11,2016-08-25,tushare_fund_basic,招商基金管理有限公司,2018-04-11,002516.OF,002516,True
002517,招商丰达灵活配置混合-C,混合型-灵活,清盘,2016-08-25,2018-04-11,2016-08-25,tushare_fund_basic,招商基金管理有限公司,2018-04-11,002517.OF,002516,False
002538,招商丰嘉灵活配置混合-A,混合型-灵活,清盘,2016-08-11,2018-05-15,2016-08-11,tushare_fund_basic,招商基金管理有限公司,2018-05-15,002538.OF,002538,True
002539,招商丰嘉灵活配置混合-C,混合型-灵活,清盘,2016-08-11,2018-05-15,2016-08-11,tushare_fund_basic,招商基金管理有限公司,2018-05-15,002539.OF,002538,False
002540,招商丰和灵活配置混合-A,混合型-灵活,清盘,2016-08-11,2018-09-12,2016-08-11,tushare_fund_basic,招商基金管理有限公司,2018-09-12,002540.OF,002540,True
002541,招商丰和灵活配置混合-C,混合型-灵活,清盘,2016-08-11,2018-09-12,2016-08-11,tushare_fund_basic,招商基金管理有限公司,2018-09-12,002541.OF,002540,False
002557,博时灵活配置混合-C,混合型-灵活,清盘,2016-03-22,2018-01-22,2016-03-22,tushare_fund_basic,博时基金管理有限公司,2018-01-22,002557.OF,000178,False
002558,博时鑫瑞灵活配置混合-A,混合型-灵活,清盘,2016-10-13,2023-07-24,2016-10-13,tushare_fund_basic,博时基金管理有限公司,2023-07-24,002558.OF,002558,True
002559,博时鑫瑞灵活配置混合-C,混合型-灵活,清盘,2016-10-13,2023-07-24,2016-10-13,tushare_fund_basic,博时基金管理有限公司,2023-07-24,002559.OF,002558,False
002575,招商丰睿灵活配置混合-A,混合型-灵活,清盘,2016-08-25,2018-04-11,2016-08-25,tushare_fund_basic,招商基金管理有限公司,2018-04-11,002575.OF,002575,True
002576,招商丰睿灵活配置混合-C,混合型-灵活,清盘,2016-08-25,2018-04-11,2016-08-25,tushare_fund_basic,招商基金管理有限公司,2018-04-11,002576.OF,002575,False
002588,博时中证银联智惠大数据100指数-A,指数型-股票,清盘,2016-05-20,2021-06-23,2016-05-20,tushare_fund_basic,博时基金管理有限公司,2021-06-23,002588.OF,002588,True
002616,中银益利灵活配置混合-A,混合型-灵活,清盘,2016-04-25,2023-04-04,2016-04-25,tushare_fund_basic,中银基金管理有限公司,2023-04-04,002616.OF,002616,True
002617,中银益利灵活配置混合-C,混合型-灵活,清盘,2016-04-25,2023-04-04,2016-04-25,tushare_fund_basic,中银基金管理有限公司,2023-04-04,002617.OF,002616,False
002618,中银裕利灵活配置混合-A,混合型-灵活,清盘,2016-04-26,2023-07-06,2016-04-26,tushare_fund_basic,中银基金管理有限公司,2023-07-06,002618.OF,002618,True
002619,中银裕利灵活配置混合-C,混合型-灵活,清盘,2016-04-26,2023-07-06,2016-04-26,tushare_fund_basic,中银基金管理有限公司,2023-07-06,002619.OF,002618,False
002623,广发服务业精选灵活配置混合,混合型-灵活,清盘,2016-09-23,2018-06-19,2016-09-23,tushare_fund_basic,广发基金管理有限公司,2018-06-19,002623.OF,002623,True
002626,招商丰源灵活配置混合-A,混合型-灵活,清盘,2016-08-25,2018-05-15,2016-08-25,tushare_fund_basic,招商基金管理有限公司,2018-05-15,002626.OF,002626,True
002627,招商丰源灵活配置混合-C,混合型-灵活,清盘,2016-08-25,2018-05-15,2016-08-25,tushare_fund_basic,招商基金管理有限公司,2018-05-15,002627.OF,002626,False
002634,华宝未来主导产业灵活配置混合-A,混合型-灵活,清盘,2016-11-04,2024-01-31,2016-11-04,tushare_fund_basic,华宝基金管理有限公司,2024-01-31,002634.OF,002634,True
002643,鹏华兴利混合,混合型-灵活,清盘,2019-06-12,2021-12-09,2019-06-12,tushare_fund_basic,鹏华基金管理有限公司,2021-12-09,002643.OF,002643,True
002654,上投摩根策略精选灵活配置混合,混合型-灵活,清盘,2016-06-16,2021-11-03,2016-06-16,tushare_fund_basic,摩根基金管理(中国)有限公司,2021-11-03,002654.OF,002654,True
002694,中银新蓝筹灵活配置混合,混合型-灵活,清盘,2017-05-15,2021-06-04,2017-05-15,tushare_fund_basic,中银基金管理有限公司,2021-06-04,002694.OF,002694,True
002695,鹏华兴泽定开灵活配置混合-A,混合型-灵活,清盘,2016-06-01,2018-07-20,2016-06-01,tushare_fund_basic,鹏华基金管理有限公司,2018-07-20,002695.OF,002695,True
002696,鹏华兴泽定开灵活配置混合-C,混合型-灵活,清盘,2016-06-01,2018-07-20,2016-06-01,tushare_fund_basic,鹏华基金管理有限公司,2018-07-20,002696.OF,002695,False
002699,华夏新起航灵活配置混合-A,混合型-灵活,清盘,2016-09-02,2018-07-30,2016-09-02,tushare_fund_basic,华夏基金管理有限公司,2018-07-30,002699.OF,002699,True
002700,华夏新起航灵活配置混合-C,混合型-灵活,清盘,2016-09-02,2018-07-30,2016-09-02,tushare_fund_basic,华夏基金管理有限公司,2018-07-30,002700.OF,002699,False
002713,广发转型升级灵活配置混合,混合型-灵活,清盘,2017-11-27,2020-07-09,2017-11-27,tushare_fund_basic,广发基金管理有限公司,2020-07-09,002713.OF,002713,True
002715,新华健康生活主题灵活配置混合,混合型-灵活,清盘,2016-06-16,2018-10-11,2016-06-16,tushare_fund_basic,新华基金管理股份有限公司,2018-10-11,002715.OF,002715,True
002717,红塔红土盛隆灵活配置混合-A,混合型-灵活,清盘,2018-06-12,2026-06-01,2018-06-12,tushare_fund_basic,红塔红土基金管理有限公司,2026-06-01,002717.OF,002717,True
002718,红塔红土盛隆灵活配置混合-C,混合型-灵活,清盘,2018-06-12,2026-06-01,2018-06-12,tushare_fund_basic,红塔红土基金管理有限公司,2026-06-01,002718.OF,002717,False
002726,华富诚鑫灵活配置混合-A,混合型-灵活,清盘,2016-05-05,2018-09-04,2016-05-05,tushare_fund_basic,华富基金管理有限公司,2018-09-04,002726.OF,002726,True
002727,华富诚鑫灵活配置混合-C,混合型-灵活,清盘,2016-05-05,2018-09-04,2016-05-05,tushare_fund_basic,华富基金管理有限公司,2018-09-04,002727.OF,002726,False
002730,华富华鑫灵活配置混合-A,混合型-灵活,清盘,2016-11-11,2022-04-15,2016-11-11,tushare_fund_basic,华富基金管理有限公司,2022-04-15,002730.OF,002730,True
002731,华富华鑫灵活配置混合-C,混合型-灵活,清盘,2016-11-11,2022-04-15,2016-11-11,tushare_fund_basic,华富基金管理有限公司,2022-04-15,002731.OF,002730,False
002732,长盛沪港深优势精选灵活配置混合,混合型-灵活,清盘,2016-07-05,2023-03-17,2016-07-05,tushare_fund_basic,长盛基金管理有限公司,2023-03-17,002732.OF,002732,True
002773,光大保德信铭鑫灵活配置混合-A,混合型-灵活,清盘,2016-10-17,2023-02-01,2016-10-17,tushare_fund_basic,光大保德信基金管理有限公司,2023-02-01,002773.OF,002773,True
002774,光大保德信铭鑫灵活配置混合-C,混合型-灵活,清盘,2016-10-17,2023-02-01,2016-10-17,tushare_fund_basic,光大保德信基金管理有限公司,2023-02-01,002774.OF,002773,False
002789,长盛同享灵活配置混合-A,混合型-灵活,清盘,2018-07-05,2022-10-17,2018-07-05,tushare_fund_basic,长盛基金管理有限公司,2022-10-17,002789.OF,002789,True
002790,长盛同享灵活配置混合-C,混合型-灵活,清盘,2018-07-05,2022-10-17,2018-07-05,tushare_fund_basic,长盛基金管理有限公司,2022-10-17,002790.OF,002789,False
002791,融通通景灵活配置混合,混合型-灵活,清盘,2016-08-19,2017-12-12,2016-08-19,tushare_fund_basic,融通基金管理有限公司,2017-12-12,002791.OF,002791,True
002809,鹏华兴华定开灵活配置混合,混合型-灵活,清盘,2016-06-13,2018-08-21,2016-06-13,tushare_fund_basic,鹏华基金管理有限公司,2018-08-21,002809.OF,002809,True
002821,招商丰乐灵活配置混合-A,混合型-灵活,清盘,2016-08-25,2018-04-11,2016-08-25,tushare_fund_basic,招商基金管理有限公司,2018-04-11,002821.OF,002821,True
002822,招商丰乐灵活配置混合-C,混合型-灵活,清盘,2016-08-25,2018-04-11,2016-08-25,tushare_fund_basic,招商基金管理有限公司,2018-04-11,002822.OF,002821,False
002823,招商盛达灵活配置混合-A,混合型-灵活,清盘,2016-08-30,2021-07-20,2016-08-30,tushare_fund_basic,招商基金管理有限公司,2021-07-20,002823.OF,002823,True
002824,招商盛达灵活配置混合-C,混合型-灵活,清盘,2016-08-30,2021-07-20,2016-08-30,tushare_fund_basic,招商基金管理有限公司,2021-07-20,002824.OF,002823,False
002831,国投瑞银瑞宁灵活配置混合,混合型-灵活,清盘,2016-07-13,2019-09-10,2016-07-13,tushare_fund_basic,国投瑞银基金管理有限公司,2019-09-10,002831.OF,002831,True
002835,华夏新锦泰灵活配置混合-A,混合型-灵活,清盘,2016-08-24,2018-05-25,2016-08-24,tushare_fund_basic,华夏基金管理有限公司,2018-05-25,002835.OF,002835,True
002836,华夏新锦泰灵活配置混合-C,混合型-灵活,清盘,2016-08-24,2018-05-25,2016-08-24,tushare_fund_basic,华夏基金管理有限公司,2018-05-25,002836.OF,002835,False
002853,华富元鑫灵活配置混合-A,混合型-灵活,清盘,2016-08-26,2018-12-21,2016-08-26,tushare_fund_basic,华富基金管理有限公司,2018-12-21,002853.OF,002853,True
002854,华富元鑫灵活配置混合-C,混合型-灵活,清盘,2016-08-26,2018-12-21,2016-08-26,tushare_fund_basic,华富基金管理有限公司,2018-12-21,002854.OF,002853,False
002873,华夏新锦福灵活配置混合-A,混合型-灵活,清盘,2016-08-09,2017-08-17,2016-08-09,tushare_fund_basic,华夏基金管理有限公司,2017-08-17,002873.OF,002873,True
002874,华夏新锦福灵活配置混合-C,混合型-灵活,清盘,2016-08-09,2017-08-17,2016-08-09,tushare_fund_basic,华夏基金管理有限公司,2017-08-17,002874.OF,002873,False
002875,华夏新锦安灵活配置混合-A,混合型-灵活,清盘,2016-08-09,2017-08-17,2016-08-09,tushare_fund_basic,华夏基金管理有限公司,2017-08-17,002875.OF,002875,True
002876,华夏新锦安灵活配置混合-C,混合型-灵活,清盘,2016-08-09,2017-08-17,2016-08-09,tushare_fund_basic,华夏基金管理有限公司,2017-08-17,002876.OF,002875,False
002911,鹏华兴实定开灵活配置混合,混合型-灵活,清盘,2016-09-27,2018-06-07,2016-09-27,tushare_fund_basic,鹏华基金管理有限公司,2018-06-07,002911.OF,002911,True
002913,鹏华兴益定开灵活配置混合,混合型-灵活,清盘,2016-06-28,2018-08-17,2016-06-28,tushare_fund_basic,鹏华基金管理有限公司,2018-08-17,002913.OF,002913,True
002914,鹏华兴锐定开灵活配置混合,混合型-灵活,清盘,2016-09-13,2018-05-08,2016-09-13,tushare_fund_basic,鹏华基金管理有限公司,2018-05-08,002914.OF,002914,True
002941,广发安瑞回报灵活配置混合-A,混合型-灵活,清盘,2016-07-26,2018-08-30,2016-07-26,tushare_fund_basic,广发基金管理有限公司,2018-08-30,002941.OF,002941,True
002942,广发安瑞回报灵活配置混合-C,混合型-灵活,清盘,2016-07-26,2018-08-30,2016-07-26,tushare_fund_basic,广发基金管理有限公司,2018-08-30,002942.OF,002941,False
002944,信诚主题轮动灵活配置混合,混合型-灵活,清盘,2017-01-23,2018-06-11,2017-01-23,tushare_fund_basic,中信保诚基金管理有限公司,2018-06-11,002944.OF,002944,True
002968,新华高端制造灵活配置混合,混合型-灵活,清盘,2017-07-25,2020-06-14,2017-07-25,tushare_fund_basic,新华基金管理股份有限公司,2020-06-14,002968.OF,002968,True
002973,广发中证全指能源ETF联接-C,指数型-股票,清盘,2016-07-06,2018-07-09,2016-07-06,tushare_fund_basic,广发基金管理有限公司,2018-07-09,002973.OF,001460,False
002975,广发中证全指原材料ETF联接-C,指数型-股票,清盘,2016-07-06,2018-08-20,2016-07-06,tushare_fund_basic,广发基金管理有限公司,2018-08-20,002975.OF,001459,False
002976,广发中证全指主要消费ETF联接-C,指数型-股票,清盘,2016-07-06,2018-08-20,2016-07-06,tushare_fund_basic,广发基金管理有限公司,2018-08-20,002976.OF,001458,False
003000,招商丰德灵活配置混合-A,混合型-灵活,清盘,2017-03-01,2021-06-01,2017-03-01,tushare_fund_basic,招商基金管理有限公司,2021-06-01,003000.OF,003000,True
003001,招商丰德灵活配置混合-C,混合型-灵活,清盘,2017-03-01,2021-06-01,2017-03-01,tushare_fund_basic,招商基金管理有限公司,2021-06-01,003001.OF,003000,False
003035,广发安祥回报灵活配置混合-A,混合型-灵活,清盘,2016-08-19,2018-09-03,2016-08-19,tushare_fund_basic,广发基金管理有限公司,2018-09-03,003035.OF,003035,True
003036,广发安祥回报灵活配置混合-C,混合型-灵活,清盘,2016-08-19,2018-09-03,2016-08-19,tushare_fund_basic,广发基金管理有限公司,2018-09-03,003036.OF,003035,False
003117,光大保德信吉鑫灵活配置混合-A,混合型-灵活,清盘,2016-08-19,2023-12-05,2016-08-19,tushare_fund_basic,光大保德信基金管理有限公司,2023-12-05,003117.OF,003117,True
003118,光大保德信吉鑫灵活配置混合-C,混合型-灵活,清盘,2016-08-19,2023-12-05,2016-08-19,tushare_fund_basic,光大保德信基金管理有限公司,2023-12-05,003118.OF,003117,False
003122,鹏华兴盛灵活配置混合-A,混合型-灵活,清盘,2018-05-31,2018-10-17,2018-05-31,tushare_fund_basic,鹏华基金管理有限公司,2018-10-17,003122.OF,003122,True
003140,鹏华弘腾灵活配置混合-A,混合型-灵活,清盘,2016-09-29,2018-06-28,2016-09-29,tushare_fund_basic,鹏华基金管理有限公司,2018-06-28,003140.OF,003140,True
003141,鹏华弘腾灵活配置混合-C,混合型-灵活,清盘,2016-09-29,2018-06-28,2016-09-29,tushare_fund_basic,鹏华基金管理有限公司,2018-06-28,003141.OF,003140,False
003148,中欧瑾悠灵活配置混合-A,混合型-灵活,清盘,2016-08-22,2018-07-10,2016-08-22,tushare_fund_basic,中欧基金管理有限公司,2018-07-10,003148.OF,003148,True
003149,中欧瑾悠灵活配置混合-C,混合型-灵活,清盘,2016-08-22,2018-07-10,2016-08-22,tushare_fund_basic,中欧基金管理有限公司,2018-07-10,003149.OF,003148,False
003186,鹏华兴安定开灵活配置混合,混合型-灵活,清盘,2016-09-27,2024-03-06,2016-09-27,tushare_fund_basic,鹏华基金管理有限公司,2024-03-06,003186.OF,003186,True
003208,东兴量化多策略灵活配置混合,混合型-灵活,清盘,2016-10-27,2021-04-14,2016-10-27,tushare_fund_basic,东兴证券股份有限公司,2021-04-14,003208.OF,003208,True
003215,信诚至鑫灵活配置混合-A,混合型-灵活,清盘,2016-10-12,2018-06-19,2016-10-12,tushare_fund_basic,中信保诚基金管理有限公司,2018-06-19,003215.OF,003215,True
003216,信诚至鑫灵活配置混合-C,混合型-灵活,清盘,2016-10-12,2018-06-19,2016-10-12,tushare_fund_basic,中信保诚基金管理有限公司,2018-06-19,003216.OF,003215,False
003224,鹏华兴润定开灵活配置混合-A,混合型-灵活,清盘,2016-09-01,2020-12-18,2016-09-01,tushare_fund_basic,鹏华基金管理有限公司,2020-12-18,003224.OF,003224,True
003225,鹏华兴润定开灵活配置混合-C,混合型-灵活,清盘,2016-09-01,2020-12-18,2016-09-01,tushare_fund_basic,鹏华基金管理有限公司,2020-12-18,003225.OF,003224,False
003232,创金合信金融地产精选股票-A,股票型,清盘,2018-10-11,2023-05-23,2018-10-11,tushare_fund_basic,创金合信基金管理有限公司,2023-05-23,003232.OF,003232,True
003233,创金合信金融地产精选股票-C,股票型,清盘,2018-10-11,2023-05-23,2018-10-11,tushare_fund_basic,创金合信基金管理有限公司,2023-05-23,003233.OF,003232,False
003247,泰达宏利启智灵活配置混合-A,混合型-灵活,清盘,2016-08-30,2018-11-29,2016-08-30,tushare_fund_basic,宏利基金管理有限公司,2018-11-29,003247.OF,003247,True
003248,泰达宏利启智灵活配置混合-C,混合型-灵活,清盘,2016-08-30,2018-11-29,2016-08-30,tushare_fund_basic,宏利基金管理有限公司,2018-11-29,003248.OF,003247,False
003250,融通通尚灵活配置混合-A,混合型-灵活,清盘,2016-10-19,2018-04-11,2016-10-19,tushare_fund_basic,融通基金管理有限公司,2018-04-11,003250.OF,003250,True
003251,融通通尚灵活配置混合-C,混合型-灵活,清盘,2016-10-19,2018-04-11,2016-10-19,tushare_fund_basic,融通基金管理有限公司,2018-04-11,003251.OF,003250,False
003256,信诚至益灵活配置混合-A,混合型-灵活,清盘,2016-09-07,2017-12-26,2016-09-07,tushare_fund_basic,中信保诚基金管理有限公司,2017-12-26,003256.OF,003256,True
003257,信诚至益灵活配置混合-C,混合型-灵活,清盘,2016-09-07,2017-12-26,2016-09-07,tushare_fund_basic,中信保诚基金管理有限公司,2017-12-26,003257.OF,003256,False
003261,安信沪深300指数增强-A,指数型-股票,清盘,2016-10-12,2019-10-12,2016-10-12,tushare_fund_basic,安信基金管理有限责任公司,2019-10-12,003261.OF,003261,True
003262,安信沪深300指数增强-C,指数型-股票,清盘,2016-10-12,2019-10-12,2016-10-12,tushare_fund_basic,安信基金管理有限责任公司,2019-10-12,003262.OF,003261,False
003279,融通沪港深智慧生活灵活配置混合,混合型-灵活,清盘,2016-11-08,2023-03-30,2016-11-08,tushare_fund_basic,融通基金管理有限公司,2023-03-30,003279.OF,003279,True
003294,嘉实新趋势灵活配置混合-C,混合型-灵活,存续,2024-04-22,,2024-04-22,tushare_fund_basic,嘉实基金管理有限公司,,003294.OF,003294,True
003300,华夏圆和灵活配置混合-A,混合型-灵活,清盘,2016-12-29,2024-12-04,2016-12-29,tushare_fund_basic,华夏基金管理有限公司,2024-12-04,003300.OF,003300,True
003311,大摩睿成大盘弹性股票,股票型,清盘,2017-04-12,2018-05-02,2017-04-12,tushare_fund_basic,摩根士丹利基金管理(中国)有限公司,2018-05-02,003311.OF,003311,True
003312,大摩睿成中小盘弹性股票,股票型,清盘,2017-01-16,2020-09-30,2017-01-16,tushare_fund_basic,摩根士丹利基金管理(中国)有限公司,2020-09-30,003312.OF,003312,True
003351,招商稳荣定开灵活配置混合-A,混合型-灵活,清盘,2016-10-25,2021-01-29,2016-10-25,tushare_fund_basic,招商基金管理有限公司,2021-01-29,003351.OF,003351,True
003352,招商稳荣定开灵活配置混合-C,混合型-灵活,清盘,2016-10-25,2021-01-29,2016-10-25,tushare_fund_basic,招商基金管理有限公司,2021-01-29,003352.OF,003351,False
003353,信诚至优灵活配置混合-A,混合型-灵活,清盘,2016-09-26,2018-06-25,2016-09-26,tushare_fund_basic,中信保诚基金管理有限公司,2018-06-25,003353.OF,003353,True
003354,信诚至优灵活配置混合-C,混合型-灵活,清盘,2016-09-26,2018-06-25,2016-09-26,tushare_fund_basic,中信保诚基金管理有限公司,2018-06-25,003354.OF,003353,False
003355,招商稳祥定开灵活配置混合-A,混合型-灵活,清盘,2016-10-11,2018-11-16,2016-10-11,tushare_fund_basic,招商基金管理有限公司,2018-11-16,003355.OF,003355,True
003356,招商稳祥定开灵活配置混合-C,混合型-灵活,清盘,2016-10-11,2018-11-16,2016-10-11,tushare_fund_basic,招商基金管理有限公司,2018-11-16,003356.OF,003355,False
003366,浙商汇金中证转型成长指数,指数型-股票,清盘,2016-12-19,2023-08-14,2016-12-19,tushare_fund_basic,浙江浙商证券资产管理有限公司,2023-08-14,003366.OF,003366,True
003367,鹏华兴合定开灵活配置混合-A,混合型-灵活,清盘,2016-09-27,2021-01-15,2016-09-27,tushare_fund_basic,鹏华基金管理有限公司,2021-01-15,003367.OF,003367,True
003368,鹏华兴合定开灵活配置混合-C,混合型-灵活,清盘,2016-09-27,2021-01-15,2016-09-27,tushare_fund_basic,鹏华基金管理有限公司,2021-01-15,003368.OF,003367,False
003404,招商稳盛定开灵活配置混合-A,混合型-灵活,清盘,2016-11-10,2019-12-23,2016-11-10,tushare_fund_basic,招商基金管理有限公司,2019-12-23,003404.OF,003404,True
003405,招商稳盛定开灵活配置混合-C,混合型-灵活,清盘,2016-11-10,2019-12-23,2016-11-10,tushare_fund_basic,招商基金管理有限公司,2019-12-23,003405.OF,003404,False
003414,泰达宏利创金灵活配置混合-A,混合型-灵活,清盘,2016-09-29,2020-06-19,2016-09-29,tushare_fund_basic,宏利基金管理有限公司,2020-06-19,003414.OF,003414,True
003415,泰达宏利创金灵活配置混合-C,混合型-灵活,清盘,2016-09-29,2020-06-19,2016-09-29,tushare_fund_basic,宏利基金管理有限公司,2020-06-19,003415.OF,003414,False
003416,招商财经大数据策略股票-A,股票型,清盘,2016-11-02,2022-12-02,2016-11-02,tushare_fund_basic,招商基金管理有限公司,2022-12-02,003416.OF,003416,True
003434,博时鑫泽灵活配置混合-A,混合型-灵活,清盘,2016-10-17,2025-08-14,2016-10-17,tushare_fund_basic,博时基金管理有限公司,2025-08-14,003434.OF,003434,True
003435,博时鑫泽灵活配置混合-C,混合型-灵活,清盘,2016-10-17,2025-08-14,2016-10-17,tushare_fund_basic,博时基金管理有限公司,2025-08-14,003435.OF,003434,False
003436,博时鑫丰灵活配置混合-A,混合型-灵活,清盘,2016-12-21,2019-02-13,2016-12-21,tushare_fund_basic,博时基金管理有限公司,2019-02-13,003436.OF,003436,True
003437,博时鑫丰灵活配置混合-C,混合型-灵活,清盘,2016-12-21,2019-02-13,2016-12-21,tushare_fund_basic,博时基金管理有限公司,2019-02-13,003437.OF,003436,False
003462,新华鑫盛灵活配置混合,混合型-灵活,清盘,2016-12-22,2017-11-13,2016-12-22,tushare_fund_basic,新华基金管理股份有限公司,2017-11-13,003462.OF,003462,True
003475,新疆前海联合沪深300指数-A,指数型-股票,清盘,2016-11-30,2023-04-06,2016-11-30,tushare_fund_basic,新疆前海联合基金管理有限公司,2023-04-06,003475.OF,003475,True
003490,长盛盛平灵活配置混合-A,混合型-灵活,清盘,2016-10-25,2018-09-10,2016-10-25,tushare_fund_basic,长盛基金管理有限公司,2018-09-10,003490.OF,003490,True
003491,长盛盛平灵活配置混合-C,混合型-灵活,清盘,2016-10-25,2018-09-10,2016-10-25,tushare_fund_basic,长盛基金管理有限公司,2018-09-10,003491.OF,003490,False
003492,前海开源外向企业股票,股票型,清盘,2016-11-17,2021-01-21,2016-11-17,tushare_fund_basic,前海开源基金管理有限公司,2021-01-21,003492.OF,003492,True
003524,易方达深证成指ETF联接-A,指数型-股票,清盘,2017-05-04,2019-06-26,2017-05-04,tushare_fund_basic,易方达基金管理有限公司,2019-06-26,003524.OF,003524,True
003554,泰达宏利同顺大数据量化优选灵活配置混合-C,混合型-灵活,清盘,2017-02-09,2021-07-02,2017-02-09,tushare_fund_basic,宏利基金管理有限公司,2021-07-02,003554.OF,002263,False
003555,华泰柏瑞睿利灵活配置混合-A,混合型-灵活,清盘,2016-11-23,2019-03-12,2016-11-23,tushare_fund_basic,华泰柏瑞基金管理有限公司,2019-03-12,003555.OF,003555,True
003556,华泰柏瑞睿利灵活配置混合-C,混合型-灵活,清盘,2016-11-23,2019-03-12,2016-11-23,tushare_fund_basic,华泰柏瑞基金管理有限公司,2019-03-12,003556.OF,003555,False
003559,平安大华量化成长多策略灵活配置混合-A,混合型-灵活,清盘,2016-11-02,2018-08-30,2016-11-02,tushare_fund_basic,平安基金管理有限公司,2018-08-30,003559.OF,003559,True
003560,平安大华量化成长多策略灵活配置混合-C,混合型-灵活,清盘,2016-11-02,2018-08-30,2016-11-02,tushare_fund_basic,平安基金管理有限公司,2018-08-30,003560.OF,003559,False
003582,中金量化多策略灵活配置混合,混合型-灵活,清盘,2016-11-10,2023-02-02,2016-11-10,tushare_fund_basic,中金基金管理有限公司,2023-02-02,003582.OF,003582,True
003596,长盛盛腾灵活配置混合-A,混合型-灵活,清盘,2017-01-13,2018-06-18,2017-01-13,tushare_fund_basic,长盛基金管理有限公司,2018-06-18,003596.OF,003596,True
003597,长盛盛腾灵活配置混合-C,混合型-灵活,清盘,2017-01-13,2018-06-18,2017-01-13,tushare_fund_basic,长盛基金管理有限公司,2018-06-18,003597.OF,003596,False
003603,景顺长城泰安回报灵活配置混合-A,混合型-灵活,清盘,2016-12-09,2023-11-23,2016-12-09,tushare_fund_basic,景顺长城基金管理有限公司,2023-11-23,003603.OF,003603,True
003604,景顺长城泰安回报灵活配置混合-C,混合型-灵活,清盘,2016-12-09,2023-11-23,2016-12-09,tushare_fund_basic,景顺长城基金管理有限公司,2023-11-23,003604.OF,003603,False
003621,新华鑫丰灵活配置混合,混合型-灵活,清盘,2017-04-17,2017-08-08,2017-04-17,tushare_fund_basic,新华基金管理股份有限公司,2017-08-08,003621.OF,003621,True
003622,创金合信优价成长股票-A,股票型,清盘,2016-11-02,2019-11-02,2016-11-02,tushare_fund_basic,创金合信基金管理有限公司,2019-11-02,003622.OF,003622,True
003623,创金合信优价成长股票-C,股票型,清盘,2016-11-02,2019-11-02,2016-11-02,tushare_fund_basic,创金合信基金管理有限公司,2019-11-02,003623.OF,003622,False
003632,招商稳乾定开灵活配置混合-A,混合型-灵活,清盘,2016-12-29,2019-02-20,2016-12-29,tushare_fund_basic,招商基金管理有限公司,2019-02-20,003632.OF,003632,True
003633,招商稳乾定开灵活配置混合-C,混合型-灵活,清盘,2016-12-29,2019-02-20,2016-12-29,tushare_fund_basic,招商基金管理有限公司,2019-02-20,003633.OF,003632,False
003658,长盛量化多策略灵活配置混合,混合型-灵活,清盘,2017-02-22,2022-09-14,2017-02-22,tushare_fund_basic,长盛基金管理有限公司,2022-09-14,003658.OF,003658,True
003663,鹏华兴泰定开灵活配置混合,混合型-灵活,清盘,2016-11-30,2024-11-08,2016-11-30,tushare_fund_basic,鹏华基金管理有限公司,2024-11-08,003663.OF,003663,True
003666,天弘金明灵活配置混合,混合型-灵活,清盘,2017-03-09,2019-01-18,2017-03-09,tushare_fund_basic,天弘基金管理有限公司,2019-01-18,003666.OF,003666,True
003667,天弘安盈灵活配置混合,混合型-灵活,清盘,2016-11-11,2018-07-09,2016-11-11,tushare_fund_basic,天弘基金管理有限公司,2018-07-09,003667.OF,003667,True
003686,国泰丰益灵活配置混合-A,混合型-灵活,清盘,2016-12-09,2018-09-05,2016-12-09,tushare_fund_basic,国泰基金管理有限公司,2018-09-05,003686.OF,003686,True
003687,国泰丰益灵活配置混合-C,混合型-灵活,清盘,2016-12-09,2018-09-05,2016-12-09,tushare_fund_basic,国泰基金管理有限公司,2018-09-05,003687.OF,003686,False
003689,国泰鸿益灵活配置混合-A,混合型-灵活,清盘,2016-11-25,2018-12-13,2016-11-25,tushare_fund_basic,国泰基金管理有限公司,2018-12-13,003689.OF,003689,True
003690,国泰鸿益灵活配置混合-C,混合型-灵活,清盘,2016-11-25,2018-12-13,2016-11-25,tushare_fund_basic,国泰基金管理有限公司,2018-12-13,003690.OF,003689,False
003694,国泰景益灵活配置混合-A,混合型-灵活,清盘,2016-12-09,2018-06-12,2016-12-09,tushare_fund_basic,国泰基金管理有限公司,2018-06-12,003694.OF,003694,True
003695,国泰景益灵活配置混合-C,混合型-灵活,清盘,2016-12-09,2018-06-12,2016-12-09,tushare_fund_basic,国泰基金管理有限公司,2018-06-12,003695.OF,003694,False
003698,华夏新锦祥灵活配置混合-A,混合型-灵活,清盘,2017-01-10,2018-09-25,2017-01-10,tushare_fund_basic,华夏基金管理有限公司,2018-09-25,003698.OF,003698,True
003699,华夏新锦祥灵活配置混合-C,混合型-灵活,清盘,2017-01-10,2018-09-25,2017-01-10,tushare_fund_basic,华夏基金管理有限公司,2018-09-25,003699.OF,003698,False
003702,平安中证沪港深高股息精选指数,指数型-股票,清盘,2017-01-25,2020-07-01,2017-01-25,tushare_fund_basic,平安基金管理有限公司,2020-07-01,003702.OF,003702,True
003704,光大保德信事件驱动灵活配置混合,混合型-灵活,清盘,2017-01-18,2023-07-24,2017-01-18,tushare_fund_basic,光大保德信基金管理有限公司,2023-07-24,003704.OF,003704,True
003736,新华华荣灵活配置混合,混合型-灵活,清盘,2017-07-25,2018-04-09,2017-07-25,tushare_fund_basic,新华基金管理股份有限公司,2018-04-09,003736.OF,003736,True
003737,新华鑫裕灵活配置混合,混合型-灵活,清盘,2017-05-19,2017-08-18,2017-05-19,tushare_fund_basic,新华基金管理股份有限公司,2017-08-18,003737.OF,003737,True
003738,新华华瑞灵活配置混合,混合型-灵活,清盘,2017-01-11,2019-03-06,2017-01-11,tushare_fund_basic,新华基金管理股份有限公司,2019-03-06,003738.OF,003738,True
003739,新华鑫弘灵活配置混合,混合型-灵活,清盘,2016-11-30,2022-06-01,2016-11-30,tushare_fund_basic,新华基金管理股份有限公司,2022-06-01,003739.OF,003739,True
003740,新华华盛灵活配置混合,混合型-灵活,清盘,2017-04-17,2017-09-01,2017-04-17,tushare_fund_basic,新华基金管理股份有限公司,2017-09-01,003740.OF,003740,True
003749,创金合信鑫收益灵活配置混合-A,混合型-灵活,清盘,2016-12-19,2022-12-07,2016-12-19,tushare_fund_basic,创金合信基金管理有限公司,2022-12-07,003749.OF,003749,True
003750,创金合信鑫收益灵活配置混合-C,混合型-灵活,清盘,2016-12-19,2022-12-07,2016-12-19,tushare_fund_basic,创金合信基金管理有限公司,2022-12-07,003750.OF,003749,False
003754,国泰普益灵活配置混合-A,混合型-灵活,清盘,2016-12-23,2024-08-13,2016-12-23,tushare_fund_basic,国泰基金管理有限公司,2024-08-13,003754.OF,003754,True
003755,国泰普益灵活配置混合-C,混合型-灵活,清盘,2016-12-23,2024-08-13,2016-12-23,tushare_fund_basic,国泰基金管理有限公司,2024-08-13,003755.OF,003754,False
003756,国泰嘉益灵活配置混合-A,混合型-灵活,清盘,2017-03-01,2018-05-29,2017-03-01,tushare_fund_basic,国泰基金管理有限公司,2018-05-29,003756.OF,003756,True
003757,国泰嘉益灵活配置混合-C,混合型-灵活,清盘,2017-03-01,2018-05-29,2017-03-01,tushare_fund_basic,国泰基金管理有限公司,2018-05-29,003757.OF,003756,False
003758,国泰稳益定开灵活配置混合-A,混合型-灵活,清盘,2017-07-26,2018-09-14,2017-07-26,tushare_fund_basic,国泰基金管理有限公司,2018-09-14,003758.OF,003758,True
003759,国泰稳益定开灵活配置混合-C,混合型-灵活,清盘,2017-07-26,2018-09-14,2017-07-26,tushare_fund_basic,国泰基金管理有限公司,2018-09-14,003759.OF,003758,False
003762,国开泰富开泰灵活配置混合-A,混合型-灵活,清盘,2016-12-27,2021-06-23,2016-12-27,tushare_fund_basic,北京京管泰富基金管理有限责任公司,2021-06-23,003762.OF,003762,True
003763,国开泰富开泰灵活配置混合-C,混合型-灵活,清盘,2016-12-27,2021-06-23,2016-12-27,tushare_fund_basic,北京京管泰富基金管理有限责任公司,2021-06-23,003763.OF,003762,False
003769,中银品质生活灵活配置混合,混合型-灵活,清盘,2017-03-08,2022-03-15,2017-03-08,tushare_fund_basic,中银基金管理有限公司,2022-03-15,003769.OF,003769,True
003780,鹏华兴悦定开灵活配置混合,混合型-灵活,清盘,2016-12-13,2024-04-22,2016-12-13,tushare_fund_basic,鹏华基金管理有限公司,2024-04-22,003780.OF,003780,True
003781,鹏华兴裕定开灵活配置混合,混合型-灵活,清盘,2016-11-25,2018-01-05,2016-11-25,tushare_fund_basic,鹏华基金管理有限公司,2018-01-05,003781.OF,003781,True
003782,招商稳阳定开灵活配置混合-A,混合型-灵活,清盘,2017-02-23,2019-04-23,2017-02-23,tushare_fund_basic,招商基金管理有限公司,2019-04-23,003782.OF,003782,True
003783,招商稳阳定开灵活配置混合-C,混合型-灵活,清盘,2017-02-23,2019-04-23,2017-02-23,tushare_fund_basic,招商基金管理有限公司,2019-04-23,003783.OF,003782,False
003784,招商稳泰定开灵活配置混合,混合型-灵活,清盘,2017-02-09,2018-10-15,2017-02-09,tushare_fund_basic,招商基金管理有限公司,2018-10-15,003784.OF,003784,True
003797,华安新瑞利灵活配置混合-A,混合型-灵活,清盘,2016-12-01,2022-12-06,2016-12-01,tushare_fund_basic,华安基金管理有限公司,2022-12-06,003797.OF,003797,True
003798,华安新瑞利灵活配置混合-C,混合型-灵活,清盘,2016-12-01,2022-12-06,2016-12-01,tushare_fund_basic,华安基金管理有限公司,2022-12-06,003798.OF,003797,False
003799,华安新泰利灵活配置混合-A,混合型-灵活,清盘,2016-12-09,2024-09-19,2016-12-09,tushare_fund_basic,华安基金管理有限公司,2024-09-19,003799.OF,003799,True
003800,华安新泰利灵活配置混合-C,混合型-灵活,清盘,2016-12-09,2024-09-19,2016-12-09,tushare_fund_basic,华安基金管理有限公司,2024-09-19,003800.OF,003799,False
003801,华安新安平灵活配置混合-A,混合型-灵活,清盘,2017-01-10,2018-09-18,2017-01-10,tushare_fund_basic,华安基金管理有限公司,2018-09-18,003801.OF,003801,True
003802,华安新安平灵活配置混合-C,混合型-灵活,清盘,2017-01-10,2018-09-18,2017-01-10,tushare_fund_basic,华安基金管理有限公司,2018-09-18,003802.OF,003801,False
003803,华安新丰利灵活配置混合-A,混合型-灵活,清盘,2016-12-29,2023-02-24,2016-12-29,tushare_fund_basic,华安基金管理有限公司,2023-02-24,003803.OF,003803,True
003804,华安新丰利灵活配置混合-C,混合型-灵活,清盘,2016-12-29,2023-02-24,2016-12-29,tushare_fund_basic,华安基金管理有限公司,2023-02-24,003804.OF,003803,False
003820,华夏新锦鸿灵活配置混合-A,混合型-灵活,清盘,2016-12-06,2018-07-23,2016-12-06,tushare_fund_basic,华夏基金管理有限公司,2018-07-23,003820.OF,003820,True
003821,华夏新锦鸿灵活配置混合-C,混合型-灵活,清盘,2016-12-06,2018-07-23,2016-12-06,tushare_fund_basic,华夏基金管理有限公司,2018-07-23,003821.OF,003820,False
003828,鹏华兴惠定开灵活配置混合,混合型-灵活,清盘,2017-01-25,2024-01-25,2017-01-25,tushare_fund_basic,鹏华基金管理有限公司,2024-01-25,003828.OF,003828,True
003830,建信鑫悦回报灵活配置混合,混合型-灵活,清盘,2016-12-02,2018-04-02,2016-12-02,tushare_fund_basic,建信基金管理有限责任公司,2018-04-02,003830.OF,003830,True
003831,建信鑫瑞回报灵活配置混合,混合型-灵活,清盘,2017-03-01,2023-09-26,2017-03-01,tushare_fund_basic,建信基金管理有限责任公司,2023-09-26,003831.OF,003831,True
003848,中银广利灵活配置混合-A,混合型-灵活,清盘,2016-12-14,2026-04-09,2016-12-14,tushare_fund_basic,中银基金管理有限公司,2026-04-09,003848.OF,003848,True
003849,中银广利灵活配置混合-C,混合型-灵活,清盘,2016-12-14,2026-04-09,2016-12-14,tushare_fund_basic,中银基金管理有限公司,2026-04-09,003849.OF,003848,False
003850,中银锦利灵活配置混合-A,混合型-灵活,清盘,2016-12-22,2023-04-04,2016-12-22,tushare_fund_basic,中银基金管理有限公司,2023-04-04,003850.OF,003850,True
003851,中银锦利灵活配置混合-C,混合型-灵活,清盘,2016-12-22,2023-04-04,2016-12-22,tushare_fund_basic,中银基金管理有限公司,2023-04-04,003851.OF,003850,False
003854,汇安丰华灵活配置混合-A,混合型-灵活,清盘,2017-01-10,2023-03-01,2017-01-10,tushare_fund_basic,汇安基金管理有限责任公司,2023-03-01,003854.OF,003854,True
003855,汇安丰华灵活配置混合-C,混合型-灵活,清盘,2017-01-10,2023-03-01,2017-01-10,tushare_fund_basic,汇安基金管理有限责任公司,2023-03-01,003855.OF,003854,False
003895,安信新视野灵活配置混合-A,混合型-灵活,清盘,2016-12-19,2018-12-06,2016-12-19,tushare_fund_basic,安信基金管理有限责任公司,2018-12-06,003895.OF,003895,True
003896,安信新视野灵活配置混合-C,混合型-灵活,清盘,2016-12-19,2018-12-06,2016-12-19,tushare_fund_basic,安信基金管理有限责任公司,2018-12-06,003896.OF,003895,False
003901,交银瑞景定开灵活配置混合,混合型-灵活,清盘,2016-12-21,2018-07-11,2016-12-21,tushare_fund_basic,交银施罗德基金管理有限公司,2018-07-11,003901.OF,003901,True
003906,华夏新锦图灵活配置混合-A,混合型-灵活,清盘,2016-12-29,2018-09-10,2016-12-29,tushare_fund_basic,华夏基金管理有限公司,2018-09-10,003906.OF,003906,True
003907,华夏新锦图灵活配置混合-C,混合型-灵活,清盘,2016-12-29,2018-09-10,2016-12-29,tushare_fund_basic,华夏基金管理有限公司,2018-09-10,003907.OF,003906,False
003912,泰达宏利启富灵活配置混合-A,混合型-灵活,清盘,2017-03-15,2021-11-26,2017-03-15,tushare_fund_basic,宏利基金管理有限公司,2021-11-26,003912.OF,003912,True
003913,泰达宏利启富灵活配置混合-C,混合型-灵活,清盘,2017-03-15,2021-11-26,2017-03-15,tushare_fund_basic,宏利基金管理有限公司,2021-11-26,003913.OF,003912,False
003914,泰达宏利启迪灵活配置混合-A,混合型-灵活,清盘,2017-03-01,2018-06-21,2017-03-01,tushare_fund_basic,宏利基金管理有限公司,2018-06-21,003914.OF,003914,True
003915,泰达宏利启迪灵活配置混合-C,混合型-灵活,清盘,2017-03-01,2018-06-21,2017-03-01,tushare_fund_basic,宏利基金管理有限公司,2018-06-21,003915.OF,003914,False
003916,泰达宏利启泽灵活配置混合-A,混合型-灵活,清盘,2017-03-01,2018-06-25,2017-03-01,tushare_fund_basic,宏利基金管理有限公司,2018-06-25,003916.OF,003916,True
003917,泰达宏利启泽灵活配置混合-C,混合型-灵活,清盘,2017-03-01,2018-06-25,2017-03-01,tushare_fund_basic,宏利基金管理有限公司,2018-06-25,003917.OF,003916,False
003918,泰达宏利启明灵活配置混合-A,混合型-灵活,清盘,2017-03-01,2018-06-21,2017-03-01,tushare_fund_basic,宏利基金管理有限公司,2018-06-21,003918.OF,003918,True
003919,泰达宏利启明灵活配置混合-C,混合型-灵活,清盘,2017-03-01,2018-06-21,2017-03-01,tushare_fund_basic,宏利基金管理有限公司,2018-06-21,003919.OF,003918,False
003924,长盛盛泰灵活配置混合-A,混合型-灵活,清盘,2017-03-20,2018-07-23,2017-03-20,tushare_fund_basic,长盛基金管理有限公司,2018-07-23,003924.OF,003924,True
003925,长盛盛泰灵活配置混合-C,混合型-灵活,清盘,2017-03-20,2018-07-23,2017-03-20,tushare_fund_basic,长盛基金管理有限公司,2018-07-23,003925.OF,003924,False
003941,国泰鑫益灵活配置混合-A,混合型-灵活,清盘,2016-12-09,2018-03-19,2016-12-09,tushare_fund_basic,国泰基金管理有限公司,2018-03-19,003941.OF,003941,True
003942,国泰鑫益灵活配置混合-C,混合型-灵活,清盘,2016-12-09,2018-03-19,2016-12-09,tushare_fund_basic,国泰基金管理有限公司,2018-03-19,003942.OF,003941,False
003943,国泰泽益灵活配置混合-A,混合型-灵活,清盘,2016-12-09,2018-05-10,2016-12-09,tushare_fund_basic,国泰基金管理有限公司,2018-05-10,003943.OF,003943,True
003944,国泰泽益灵活配置混合-C,混合型-灵活,清盘,2016-12-09,2018-05-10,2016-12-09,tushare_fund_basic,国泰基金管理有限公司,2018-05-10,003944.OF,003943,False
003945,国泰众益灵活配置混合-A,混合型-灵活,清盘,2017-03-01,2018-05-15,2017-03-01,tushare_fund_basic,国泰基金管理有限公司,2018-05-15,003945.OF,003945,True
003946,国泰众益灵活配置混合-C,混合型-灵活,清盘,2017-03-01,2018-05-15,2017-03-01,tushare_fund_basic,国泰基金管理有限公司,2018-05-15,003946.OF,003945,False
003950,博时鑫润灵活配置混合-A,混合型-灵活,清盘,2016-12-07,2025-01-16,2016-12-07,tushare_fund_basic,博时基金管理有限公司,2025-01-16,003950.OF,003950,True
003951,博时鑫润灵活配置混合-C,混合型-灵活,清盘,2016-12-07,2025-01-16,2016-12-07,tushare_fund_basic,博时基金管理有限公司,2025-01-16,003951.OF,003950,False
003954,华泰柏瑞价值精选30灵活配置混合,混合型-灵活,清盘,2017-02-03,2019-10-16,2017-02-03,tushare_fund_basic,华泰柏瑞基金管理有限公司,2019-10-16,003954.OF,003954,True
003955,国泰民丰回报定开灵活配置混合,混合型-灵活,清盘,2017-03-31,2022-06-02,2017-03-31,tushare_fund_basic,国泰基金管理有限公司,2022-06-02,003955.OF,003955,True
003959,平安大华量化灵活配置混合-A,混合型-灵活,清盘,2017-01-23,2018-03-15,2017-01-23,tushare_fund_basic,平安基金管理有限公司,2018-03-15,003959.OF,003959,True
003960,平安大华量化灵活配置混合-C,混合型-灵活,清盘,2017-01-23,2018-03-15,2017-01-23,tushare_fund_basic,平安基金管理有限公司,2018-03-15,003960.OF,003959,False
003964,华夏新锦略灵活配置混合-A,混合型-灵活,清盘,2017-01-22,2018-05-22,2017-01-22,tushare_fund_basic,华夏基金管理有限公司,2018-05-22,003964.OF,003964,True
003965,华夏新锦略灵活配置混合-C,混合型-灵活,清盘,2017-01-22,2018-05-22,2017-01-22,tushare_fund_basic,华夏基金管理有限公司,2018-05-22,003965.OF,003964,False
003966,中银润利灵活配置混合-A,混合型-灵活,清盘,2016-12-14,2023-03-07,2016-12-14,tushare_fund_basic,中银基金管理有限公司,2023-03-07,003966.OF,003966,True
003967,中银润利灵活配置混合-C,混合型-灵活,清盘,2016-12-14,2023-03-07,2016-12-14,tushare_fund_basic,中银基金管理有限公司,2023-03-07,003967.OF,003966,False
003970,华泰柏瑞兴利灵活配置混合-A,混合型-灵活,清盘,2016-12-29,2019-03-06,2016-12-29,tushare_fund_basic,华泰柏瑞基金管理有限公司,2019-03-06,003970.OF,003970,True
003971,华泰柏瑞兴利灵活配置混合-C,混合型-灵活,清盘,2016-12-29,2019-03-06,2016-12-29,tushare_fund_basic,华泰柏瑞基金管理有限公司,2019-03-06,003971.OF,003970,False
003974,中信建投睿泰灵活配置混合-A,混合型-灵活,清盘,2017-02-14,2018-03-23,2017-02-14,tushare_fund_basic,中信建投基金管理有限公司,2018-03-23,003974.OF,003974,True
003975,中信建投睿泰灵活配置混合-C,混合型-灵活,清盘,2017-02-14,2018-03-23,2017-02-14,tushare_fund_basic,中信建投基金管理有限公司,2018-03-23,003975.OF,003974,False
003980,中银证券瑞益灵活配置混合-A,混合型-灵活,清盘,2020-07-25,2024-01-12,2020-07-25,tushare_fund_basic,中银国际证券股份有限公司,2024-01-12,003980.OF,003980,True
003981,中银证券瑞益灵活配置混合-C,混合型-灵活,清盘,2020-07-25,2024-01-12,2020-07-25,tushare_fund_basic,中银国际证券股份有限公司,2024-01-12,003981.OF,003980,False
004000,泰达宏利睿选稳健灵活配置混合,混合型-灵活,清盘,2017-01-23,2020-08-17,2017-01-23,tushare_fund_basic,宏利基金管理有限公司,2020-08-17,004000.OF,004000,True
004003,泰达宏利启惠灵活配置混合-A,混合型-灵活,清盘,2017-03-01,2018-06-22,2017-03-01,tushare_fund_basic,宏利基金管理有限公司,2018-06-22,004003.OF,004003,True
004004,泰达宏利启惠灵活配置混合-C,混合型-灵活,清盘,2017-03-01,2018-06-22,2017-03-01,tushare_fund_basic,宏利基金管理有限公司,2018-06-22,004004.OF,004003,False
004012,华泰柏瑞裕利灵活配置混合-A,混合型-灵活,清盘,2017-01-13,2018-11-14,2017-01-13,tushare_fund_basic,华泰柏瑞基金管理有限公司,2018-11-14,004012.OF,004012,True
004013,华泰柏瑞裕利灵活配置混合-C,混合型-灵活,清盘,2017-01-13,2018-11-14,2017-01-13,tushare_fund_basic,华泰柏瑞基金管理有限公司,2018-11-14,004013.OF,004012,False
004014,华泰柏瑞锦利灵活配置混合-A,混合型-灵活,清盘,2017-01-13,2018-11-14,2017-01-13,tushare_fund_basic,华泰柏瑞基金管理有限公司,2018-11-14,004014.OF,004014,True
004015,华泰柏瑞锦利灵活配置混合-C,混合型-灵活,清盘,2017-01-13,2018-11-14,2017-01-13,tushare_fund_basic,华泰柏瑞基金管理有限公司,2018-11-14,004015.OF,004014,False
004018,招商兴华灵活配置混合-A,混合型-灵活,清盘,2016-12-16,2017-12-25,2016-12-16,tushare_fund_basic,招商基金管理有限公司,2017-12-25,004018.OF,004018,True
004019,招商兴华灵活配置混合-C,混合型-灵活,清盘,2016-12-16,2017-12-25,2016-12-16,tushare_fund_basic,招商基金管理有限公司,2017-12-25,004019.OF,004018,False
004036,鹏华弘樽灵活配置混合-A,混合型-灵活,清盘,2016-12-29,2018-07-12,2016-12-29,tushare_fund_basic,鹏华基金管理有限公司,2018-07-12,004036.OF,004036,True
004037,鹏华弘樽灵活配置混合-C,混合型-灵活,清盘,2016-12-29,2018-07-12,2016-12-29,tushare_fund_basic,鹏华基金管理有限公司,2018-07-12,004037.OF,004036,False
004046,华夏新锦顺灵活配置混合-A,混合型-灵活,清盘,2017-02-16,2025-01-23,2017-02-16,tushare_fund_basic,华夏基金管理有限公司,2025-01-23,004046.OF,004046,True
004047,华夏新锦顺灵活配置混合-C,混合型-灵活,清盘,2017-02-16,2025-01-23,2017-02-16,tushare_fund_basic,华夏基金管理有限公司,2025-01-23,004047.OF,004046,False
004064,交银瑞利定开灵活配置混合,混合型-灵活,清盘,2017-02-24,2018-03-27,2017-02-24,tushare_fund_basic,交银施罗德基金管理有限公司,2018-03-27,004064.OF,004064,True
004067,中融鑫回报灵活配置混合-A,混合型-灵活,清盘,2016-12-22,2017-12-11,2016-12-22,tushare_fund_basic,国联基金管理有限公司,2017-12-11,004067.OF,004067,True
004068,中融鑫回报灵活配置混合-C,混合型-灵活,清盘,2016-12-22,2017-12-11,2016-12-22,tushare_fund_basic,国联基金管理有限公司,2017-12-11,004068.OF,004067,False
004074,交银瑞安定开灵活配置混合,混合型-灵活,清盘,2017-03-02,2017-10-09,2017-03-02,tushare_fund_basic,交银施罗德基金管理有限公司,2017-10-09,004074.OF,004074,True
004094,招商丰诚灵活配置混合-A,混合型-灵活,清盘,2017-01-10,2018-05-15,2017-01-10,tushare_fund_basic,招商基金管理有限公司,2018-05-15,004094.OF,004094,True
004095,招商丰诚灵活配置混合-C,混合型-灵活,清盘,2017-01-10,2018-05-15,2017-01-10,tushare_fund_basic,招商基金管理有限公司,2018-05-15,004095.OF,004094,False
004096,鹏华兴康灵活配置混合-A,混合型-灵活,清盘,2018-06-12,2018-08-13,2018-06-12,tushare_fund_basic,鹏华基金管理有限公司,2018-08-13,004096.OF,004096,True
004110,信诚至盛灵活配置混合-A,混合型-灵活,清盘,2017-08-30,2018-06-11,2017-08-30,tushare_fund_basic,中信保诚基金管理有限公司,2018-06-11,004110.OF,004110,True
004111,信诚至盛灵活配置混合-C,混合型-灵活,清盘,2017-08-30,2018-06-11,2017-08-30,tushare_fund_basic,中信保诚基金管理有限公司,2018-06-11,004111.OF,004110,False
004112,创金合信国企活力混合,混合型-灵活,清盘,2017-01-23,2022-11-02,2017-01-23,tushare_fund_basic,创金合信基金管理有限公司,2022-11-02,004112.OF,004112,True
004113,华泰柏瑞泰利灵活配置混合-A,混合型-灵活,清盘,2017-01-13,2018-10-11,2017-01-13,tushare_fund_basic,华泰柏瑞基金管理有限公司,2018-10-11,004113.OF,004113,True
004114,华泰柏瑞泰利灵活配置混合-C,混合型-灵活,清盘,2017-01-13,2018-10-11,2017-01-13,tushare_fund_basic,华泰柏瑞基金管理有限公司,2018-10-11,004114.OF,004113,False
004115,嘉实新添程灵活配置混合,混合型-灵活,清盘,2017-02-28,2018-06-29,2017-02-28,tushare_fund_basic,嘉实基金管理有限公司,2018-06-29,004115.OF,004115,True
004116,嘉实新添瑞灵活配置混合,混合型-灵活,清盘,2016-12-21,2019-01-15,2016-12-21,tushare_fund_basic,嘉实基金管理有限公司,2019-01-15,004116.OF,004116,True
004135,申万菱信量化成长混合-A,混合型-灵活,清盘,2017-03-10,2023-03-01,2017-03-10,tushare_fund_basic,申万菱信基金管理有限公司,2023-03-01,004135.OF,004135,True
004149,博时鑫惠灵活配置混合-A,混合型-灵活,清盘,2017-01-10,2024-09-20,2017-01-10,tushare_fund_basic,博时基金管理有限公司,2024-09-20,004149.OF,004149,True
004150,博时鑫惠灵活配置混合-C,混合型-灵活,清盘,2017-01-10,2024-09-20,2017-01-10,tushare_fund_basic,博时基金管理有限公司,2024-09-20,004150.OF,004149,False
004157,中信保诚至诚灵活配置混合-A,混合型-灵活,清盘,2017-03-10,2025-12-09,2017-03-10,tushare_fund_basic,中信保诚基金管理有限公司,2025-12-09,004157.OF,004157,True
004158,中信保诚至诚灵活配置混合-B,混合型-灵活,清盘,2017-03-10,2025-12-09,2017-03-10,tushare_fund_basic,中信保诚基金管理有限公司,2025-12-09,004158.OF,004158,True
004166,东方价值挖掘灵活配置混合-A,混合型-灵活,清盘,2017-05-17,2023-01-17,2017-05-17,tushare_fund_basic,东方基金管理股份有限公司,2023-01-17,004166.OF,004166,True
004175,博时鑫泰灵活配置混合-A,混合型-灵活,清盘,2016-12-29,2025-09-01,2016-12-29,tushare_fund_basic,博时基金管理有限公司,2025-09-01,004175.OF,004175,True
004176,博时鑫泰灵活配置混合-C,混合型-灵活,清盘,2016-12-29,2025-09-01,2016-12-29,tushare_fund_basic,博时基金管理有限公司,2025-09-01,004176.OF,004175,False
004187,嘉合睿金定期开放A,混合型-灵活,发行,2017-03-20,,2017-03-20,tushare_fund_basic,嘉合基金,,004187.OF,004187,True
004188,嘉合睿金定期开放C,混合型-灵活,发行,2017-03-20,,2017-03-20,tushare_fund_basic,嘉合基金,,004188.OF,004187,False
004207,交银启通灵活配置混合-A,混合型-灵活,清盘,2017-02-24,2018-06-28,2017-02-24,tushare_fund_basic,交银施罗德基金管理有限公司,2018-06-28,004207.OF,004207,True
004208,交银启通灵活配置混合-C,混合型-灵活,清盘,2017-02-24,2018-06-28,2017-02-24,tushare_fund_basic,交银施罗德基金管理有限公司,2018-06-28,004208.OF,004207,False
004229,鹏华新能源产业灵活配置混合,混合型-灵活,清盘,2017-04-10,2017-09-13,2017-04-10,tushare_fund_basic,鹏华基金管理有限公司,2017-09-13,004229.OF,004229,True
004248,华宝新动力一年定开灵活配置混合,混合型-灵活,清盘,2017-01-20,2018-02-26,2017-01-20,tushare_fund_basic,华宝基金管理有限公司,2018-02-26,004248.OF,004248,True
004272,中融量化小盘股票-A,股票型,清盘,2017-05-17,2020-05-17,2017-05-17,tushare_fund_basic,国联基金管理有限公司,2020-05-17,004272.OF,004272,True
004273,中融量化小盘股票-C,股票型,清盘,2017-05-17,2020-05-17,2017-05-17,tushare_fund_basic,国联基金管理有限公司,2020-05-17,004273.OF,004272,False
004284,华宝新优选一年定开灵活配置混合,混合型-灵活,清盘,2017-03-23,2023-07-07,2017-03-23,tushare_fund_basic,华宝基金管理有限公司,2023-07-07,004284.OF,004284,True
004297,长盛盛淳灵活配置混合-A,混合型-灵活,清盘,2017-02-23,2018-08-06,2017-02-23,tushare_fund_basic,长盛基金管理有限公司,2018-08-06,004297.OF,004297,True
004298,长盛盛淳灵活配置混合-C,混合型-灵活,清盘,2017-02-23,2018-08-06,2017-02-23,tushare_fund_basic,长盛基金管理有限公司,2018-08-06,004298.OF,004297,False
004299,长盛盛泽灵活配置混合-A,混合型-灵活,清盘,2017-02-16,2018-07-23,2017-02-16,tushare_fund_basic,长盛基金管理有限公司,2018-07-23,004299.OF,004299,True
004300,长盛盛泽灵活配置混合-C,混合型-灵活,清盘,2017-02-16,2018-07-23,2017-02-16,tushare_fund_basic,长盛基金管理有限公司,2018-07-23,004300.OF,004299,False
004303,长盛盛德灵活配置混合-A,混合型-灵活,清盘,2017-03-03,2018-07-23,2017-03-03,tushare_fund_basic,长盛基金管理有限公司,2018-07-23,004303.OF,004303,True
004304,长盛盛德灵活配置混合-C,混合型-灵活,清盘,2017-03-03,2018-07-23,2017-03-03,tushare_fund_basic,长盛基金管理有限公司,2018-07-23,004304.OF,004303,False
004305,长盛盛禧灵活配置混合-A,混合型-灵活,清盘,2017-03-02,2018-07-23,2017-03-02,tushare_fund_basic,长盛基金管理有限公司,2018-07-23,004305.OF,004305,True
004306,长盛盛禧灵活配置混合-C,混合型-灵活,清盘,2017-03-02,2018-07-23,2017-03-02,tushare_fund_basic,长盛基金管理有限公司,2018-07-23,004306.OF,004305,False
004308,长盛盛享灵活配置混合-A,混合型-灵活,清盘,2017-02-24,2018-07-23,2017-02-24,tushare_fund_basic,长盛基金管理有限公司,2018-07-23,004308.OF,004308,True
004309,长盛盛享灵活配置混合-C,混合型-灵活,清盘,2017-02-24,2018-07-23,2017-02-24,tushare_fund_basic,长盛基金管理有限公司,2018-07-23,004309.OF,004308,False
004310,长盛盛瑞灵活配置混合-A,混合型-灵活,清盘,2017-02-27,2018-07-23,2017-02-27,tushare_fund_basic,长盛基金管理有限公司,2018-07-23,004310.OF,004310,True
004311,长盛盛瑞灵活配置混合-C,混合型-灵活,清盘,2017-02-27,2018-07-23,2017-02-27,tushare_fund_basic,长盛基金管理有限公司,2018-07-23,004311.OF,004310,False
004312,长盛盛兴灵活配置混合-A,混合型-灵活,清盘,2017-02-16,2018-08-06,2017-02-16,tushare_fund_basic,长盛基金管理有限公司,2018-08-06,004312.OF,004312,True
004313,长盛盛兴灵活配置混合-C,混合型-灵活,清盘,2017-02-16,2018-08-06,2017-02-16,tushare_fund_basic,长盛基金管理有限公司,2018-08-06,004313.OF,004312,False
004336,长盛盛乾灵活配置混合-A,混合型-灵活,清盘,2017-03-20,2018-08-06,2017-03-20,tushare_fund_basic,长盛基金管理有限公司,2018-08-06,004336.OF,004336,True
004337,长盛盛乾灵活配置混合-C,混合型-灵活,清盘,2017-03-20,2018-08-06,2017-03-20,tushare_fund_basic,长盛基金管理有限公司,2018-08-06,004337.OF,004336,False
004338,长盛盛弘灵活配置混合-A,混合型-灵活,清盘,2017-03-20,2018-08-06,2017-03-20,tushare_fund_basic,长盛基金管理有限公司,2018-08-06,004338.OF,004338,True
004339,长盛盛弘灵活配置混合-C,混合型-灵活,清盘,2017-03-20,2018-08-06,2017-03-20,tushare_fund_basic,长盛基金管理有限公司,2018-08-06,004339.OF,004338,False
004354,益民中证智能消费主题指数,指数型-股票,清盘,2017-05-08,2020-08-31,2017-05-08,tushare_fund_basic,益民基金管理有限公司,2020-08-31,004354.OF,004354,True
004358,华泰柏瑞嘉利灵活配置混合,混合型-灵活,清盘,2017-09-27,2018-03-19,2017-09-27,tushare_fund_basic,华泰柏瑞基金管理有限公司,2018-03-19,004358.OF,004358,True
004371,景顺长城中证科技传媒通信150ETF联接-C,指数型-股票,存续,2025-01-20,,2025-01-20,tushare_fund_basic,景顺长城基金管理有限公司,,004371.OF,004371,True
004385,中金新安灵活配置混合,混合型-灵活,清盘,2017-03-29,2019-07-29,2017-03-29,tushare_fund_basic,中金基金管理有限公司,2019-07-29,004385.OF,004385,True
004396,中银文体娱乐灵活配置混合,混合型-灵活,清盘,2017-04-10,2018-11-07,2017-04-10,tushare_fund_basic,中银基金管理有限公司,2018-11-07,004396.OF,004396,True
004397,长盛信息安全量化策略灵活配置混合,混合型-灵活,清盘,2017-05-03,2022-11-18,2017-05-03,tushare_fund_basic,长盛基金管理有限公司,2022-11-18,004397.OF,004397,True
004416,博时中证银联智惠大数据100指数-C,指数型-股票,清盘,2017-09-15,2021-06-23,2017-09-15,tushare_fund_basic,博时基金管理有限公司,2021-06-23,004416.OF,002588,False
004429,南方文旅休闲灵活配置混合,混合型-灵活,清盘,2017-05-19,2020-01-15,2017-05-19,tushare_fund_basic,南方基金管理股份有限公司,2020-01-15,004429.OF,004429,True
004480,华宝智慧产业灵活配置混合,混合型-灵活,清盘,2017-05-04,2022-08-05,2017-05-04,tushare_fund_basic,华宝基金管理有限公司,2022-08-05,004480.OF,004480,True
004481,华宝第三产业灵活配置混合-A,混合型-灵活,清盘,2017-05-25,2024-07-18,2017-05-25,tushare_fund_basic,华宝基金管理有限公司,2024-07-18,004481.OF,004481,True
004482,泰达宏利港股通优选股票-A,股票型,清盘,2017-05-17,2019-11-28,2017-05-17,tushare_fund_basic,宏利基金管理有限公司,2019-11-28,004482.OF,004482,True
004483,泰达宏利港股通优选股票-C,股票型,清盘,2017-05-17,2019-11-28,2017-05-17,tushare_fund_basic,宏利基金管理有限公司,2019-11-28,004483.OF,004482,False
004484,泰达宏利业绩驱动量化股票-A,股票型,清盘,2017-09-06,2022-03-10,2017-09-06,tushare_fund_basic,宏利基金管理有限公司,2022-03-10,004484.OF,004484,True
004485,泰达宏利业绩驱动量化股票-C,股票型,清盘,2017-09-06,2022-03-10,2017-09-06,tushare_fund_basic,宏利基金管理有限公司,2022-03-10,004485.OF,004484,False
004489,鹏华量化策略灵活配置混合,混合型-灵活,清盘,2017-06-21,2019-05-28,2017-06-21,tushare_fund_basic,鹏华基金管理有限公司,2019-05-28,004489.OF,004489,True
004490,海富通欣悦灵活配置混合-C,混合型-灵活,清盘,2017-07-13,2018-09-13,2017-07-13,tushare_fund_basic,海富通基金管理有限公司,2018-09-13,004490.OF,004490,True
004491,海富通欣悦灵活配置混合-A,混合型-灵活,清盘,2017-07-13,2018-09-13,2017-07-13,tushare_fund_basic,海富通基金管理有限公司,2018-09-13,004491.OF,004490,False
004492,信诚至信灵活配置混合,混合型-灵活,清盘,2017-06-27,2017-12-20,2017-06-27,tushare_fund_basic,中信保诚基金管理有限公司,2017-12-20,004492.OF,004492,True
004508,融通新动力灵活配置混合,混合型-灵活,清盘,2017-08-03,2018-07-04,2017-08-03,tushare_fund_basic,融通基金管理有限公司,2018-07-04,004508.OF,004508,True
004511,国金鑫金,混合型-灵活,发行,2017-04-28,,2017-04-28,tushare_fund_basic,国金基金,,004511.OF,004511,True
004514,鹏华新科技传媒灵活配置混合,混合型-灵活,清盘,2017-05-25,2019-09-04,2017-05-25,tushare_fund_basic,鹏华基金管理有限公司,2019-09-04,004514.OF,004514,True
004518,信诚新丰回报灵活配置混合-A,混合型-灵活,清盘,2017-07-07,2018-09-10,2017-07-07,tushare_fund_basic,中信保诚基金管理有限公司,2018-09-10,004518.OF,004518,True
004519,信诚新丰回报灵活配置混合-B,混合型-灵活,清盘,2017-07-07,2018-09-10,2017-07-07,tushare_fund_basic,中信保诚基金管理有限公司,2018-09-10,004519.OF,004519,True
004536,嘉实中小企业量化活力灵活配置混合,混合型-灵活,清盘,2017-07-04,2023-05-04,2017-07-04,tushare_fund_basic,嘉实基金管理有限公司,2023-05-04,004536.OF,004536,True
004546,建信量化优享定开灵活配置混合,混合型-灵活,清盘,2018-08-24,2022-11-17,2018-08-24,tushare_fund_basic,建信基金管理有限责任公司,2022-11-17,004546.OF,004546,True
004551,中银证券瑞享定开灵活配置混合-A,混合型-灵活,清盘,2017-06-02,2019-07-05,2017-06-02,tushare_fund_basic,中银国际证券股份有限公司,2019-07-05,004551.OF,004551,True
004552,中银证券瑞享定开灵活配置混合-C,混合型-灵活,清盘,2017-06-02,2019-07-05,2017-06-02,tushare_fund_basic,中银国际证券股份有限公司,2019-07-05,004552.OF,004551,False
004557,北信瑞丰鼎丰灵活配置混合,混合型-灵活,清盘,2019-11-13,2022-11-13,2019-11-13,tushare_fund_basic,华银基金管理有限公司,2022-11-13,004557.OF,004557,True
004558,汇安丰裕灵活配置混合-A,混合型-灵活,清盘,2017-07-27,2022-12-03,2017-07-27,tushare_fund_basic,汇安基金管理有限责任公司,2022-12-03,004558.OF,004558,True
004559,汇安丰裕灵活配置混合-C,混合型-灵活,清盘,2017-07-27,2022-12-03,2017-07-27,tushare_fund_basic,汇安基金管理有限责任公司,2022-12-03,004559.OF,004558,False
004560,汇安丰益灵活配置混合-A,混合型-灵活,清盘,2017-08-10,2023-08-18,2017-08-10,tushare_fund_basic,汇安基金管理有限责任公司,2023-08-18,004560.OF,004560,True
004561,汇安丰益灵活配置混合-C,混合型-灵活,清盘,2017-08-10,2023-08-18,2017-08-10,tushare_fund_basic,汇安基金管理有限责任公司,2023-08-18,004561.OF,004560,False
004565,新华华丰灵活配置混合,混合型-灵活,清盘,2017-11-06,2018-11-19,2017-11-06,tushare_fund_basic,新华基金管理股份有限公司,2018-11-19,004565.OF,004565,True
004573,新华鑫泰灵活配置混合,混合型-灵活,清盘,2017-08-09,2023-12-24,2017-08-09,tushare_fund_basic,新华基金管理股份有限公司,2023-12-24,004573.OF,004573,True
004576,新华恒益量化灵活配置混合,混合型-灵活,清盘,2017-09-01,2021-12-19,2017-09-01,tushare_fund_basic,新华基金管理股份有限公司,2021-12-19,004576.OF,004576,True
004587,中金丰沃灵活配置混合-A,混合型-灵活,清盘,2017-06-02,2018-11-13,2017-06-02,tushare_fund_basic,中金基金管理有限公司,2018-11-13,004587.OF,004587,True
004588,中金丰沃灵活配置混合-C,混合型-灵活,清盘,2017-06-02,2018-11-13,2017-06-02,tushare_fund_basic,中金基金管理有限公司,2018-11-13,004588.OF,004587,False
004592,安信量化多因子灵活配置混合-A,混合型-灵活,清盘,2017-07-03,2018-12-28,2017-07-03,tushare_fund_basic,安信基金管理有限责任公司,2018-12-28,004592.OF,004592,True
004593,广发中证全指工业ETF联接-A,指数型-股票,清盘,2017-06-13,2020-06-15,2017-06-13,tushare_fund_basic,广发基金管理有限公司,2020-06-15,004593.OF,004593,True
004595,天弘天盈灵活配置混合,混合型-灵活,清盘,2017-05-18,2018-04-20,2017-05-18,tushare_fund_basic,天弘基金管理有限公司,2018-04-20,004595.OF,004595,True
004606,上投摩根优选多因子股票,股票型,清盘,2017-08-23,2022-11-23,2017-08-23,tushare_fund_basic,摩根基金管理(中国)有限公司,2022-11-23,004606.OF,004606,True
004612,银河鑫月享6个月定开灵活配置混合-A,混合型-灵活,清盘,2018-03-28,2023-08-23,2018-03-28,tushare_fund_basic,银河基金管理有限公司,2023-08-23,004612.OF,004612,True
004613,银河鑫月享6个月定开灵活配置混合-C,混合型-灵活,清盘,2018-03-28,2023-08-23,2018-03-28,tushare_fund_basic,银河基金管理有限公司,2023-08-23,004613.OF,004612,False
004620,国泰恒益灵活配置混合-A,混合型-灵活,清盘,2018-01-19,2018-08-21,2018-01-19,tushare_fund_basic,国泰基金管理有限公司,2018-08-21,004620.OF,004620,True
004621,国泰恒益灵活配置混合-C,混合型-灵活,清盘,2018-01-19,2018-08-21,2018-01-19,tushare_fund_basic,国泰基金管理有限公司,2018-08-21,004621.OF,004620,False
004622,国泰瑞益灵活配置混合-A,混合型-灵活,清盘,2018-01-25,2018-05-24,2018-01-25,tushare_fund_basic,国泰基金管理有限公司,2018-05-24,004622.OF,004622,True
004623,国泰瑞益灵活配置混合-C,混合型-灵活,清盘,2018-01-25,2018-05-24,2018-01-25,tushare_fund_basic,国泰基金管理有限公司,2018-05-24,004623.OF,004622,False
004633,诺德天利,混合型-灵活,发行,2017-05-11,,2017-05-11,tushare_fund_basic,诺德基金,,004633.OF,004633,True
004646,华宝新优享灵活配置混合,混合型-灵活,清盘,2017-06-29,2018-12-28,2017-06-29,tushare_fund_basic,华宝基金管理有限公司,2018-12-28,004646.OF,004646,True
004649,国开泰富开航灵活配置混合,混合型-灵活,清盘,2017-07-13,2020-07-13,2017-07-13,tushare_fund_basic,北京京管泰富基金管理有限责任公司,2020-07-13,004649.OF,004649,True
004652,建信鑫利回报灵活配置混合-A,混合型-灵活,清盘,2018-01-10,2022-08-09,2018-01-10,tushare_fund_basic,建信基金管理有限责任公司,2022-08-09,004652.OF,004652,True
004653,建信鑫利回报灵活配置混合-C,混合型-灵活,清盘,2018-01-10,2022-08-09,2018-01-10,tushare_fund_basic,建信基金管理有限责任公司,2022-08-09,004653.OF,004652,False
004659,银河嘉祥灵活配置混合-A,混合型-灵活,清盘,2017-09-08,2018-12-25,2017-09-08,tushare_fund_basic,银河基金管理有限公司,2018-12-25,004659.OF,004659,True
004660,银河嘉祥灵活配置混合-C,混合型-灵活,清盘,2017-09-08,2018-12-25,2017-09-08,tushare_fund_basic,银河基金管理有限公司,2018-12-25,004660.OF,004659,False
004668,建信鑫泽回报灵活配置混合-A,混合型-灵活,清盘,2018-02-07,2022-08-08,2018-02-07,tushare_fund_basic,建信基金管理有限责任公司,2022-08-08,004668.OF,004668,True
004669,建信鑫泽回报灵活配置混合-C,混合型-灵活,清盘,2018-02-07,2022-08-08,2018-02-07,tushare_fund_basic,建信基金管理有限责任公司,2022-08-08,004669.OF,004668,False
004670,长盛分享经济主题灵活配置混合,混合型-灵活,清盘,2017-07-06,2018-11-15,2017-07-06,tushare_fund_basic,长盛基金管理有限公司,2018-11-15,004670.OF,004670,True
004690,银河君弘A,混合型-灵活,发行,2018-04-27,,2018-04-27,tushare_fund_basic,银河基金,,004690.OF,004690,True
004691,银河君弘C,混合型-灵活,发行,2018-04-27,,2018-04-27,tushare_fund_basic,银河基金,,004691.OF,004690,False
004694,天弘策略精选灵活配置混合-A,混合型-灵活,清盘,2017-06-21,2026-08-13,2017-06-21,tushare_fund_basic,天弘基金管理有限公司,2026-08-13,004694.OF,004694,True
004696,东兴量化优享灵活配置混合,混合型-灵活,清盘,2018-02-09,2023-02-08,2018-02-09,tushare_fund_basic,东兴基金管理有限公司,2023-02-08,004696.OF,004696,True
004712,中金丰鸿灵活配置混合-A,混合型-灵活,清盘,2017-07-07,2018-11-15,2017-07-07,tushare_fund_basic,中金基金管理有限公司,2018-11-15,004712.OF,004712,True
004713,中金丰鸿灵活配置混合-C,混合型-灵活,清盘,2017-07-07,2018-11-15,2017-07-07,tushare_fund_basic,中金基金管理有限公司,2018-11-15,004713.OF,004712,False
004714,中金丰颐灵活配置混合-A,混合型-灵活,清盘,2017-07-07,2018-11-15,2017-07-07,tushare_fund_basic,中金基金管理有限公司,2018-11-15,004714.OF,004714,True
004715,中金丰颐灵活配置混合-C,混合型-灵活,清盘,2017-07-07,2018-11-15,2017-07-07,tushare_fund_basic,中金基金管理有限公司,2018-11-15,004715.OF,004714,False
004730,建信量化事件驱动股票,股票型,清盘,2017-09-13,2023-08-29,2017-09-13,tushare_fund_basic,建信基金管理有限责任公司,2023-08-29,004730.OF,004730,True
004731,万家瑞尧灵活配置混合-A,混合型-灵活,清盘,2018-01-19,2024-11-19,2018-01-19,tushare_fund_basic,万家基金管理有限公司,2024-11-19,004731.OF,004731,True
004732,万家瑞尧灵活配置混合-C,混合型-灵活,清盘,2018-01-19,2024-11-19,2018-01-19,tushare_fund_basic,万家基金管理有限公司,2024-11-19,004732.OF,004731,False
004741,农银汇理区间策略灵活配置混合,混合型-灵活,清盘,2017-07-25,2020-12-31,2017-07-25,tushare_fund_basic,农银汇理基金管理有限公司,2020-12-31,004741.OF,004741,True
004748,天弘策略精选灵活配置混合-C,混合型-灵活,清盘,2017-06-21,2026-08-13,2017-06-21,tushare_fund_basic,天弘基金管理有限公司,2026-08-13,004748.OF,004694,False
004777,国都消费升级灵活配置混合,混合型-灵活,清盘,2017-07-03,2020-07-03,2017-07-03,tushare_fund_basic,国都证券股份有限公司,2020-07-03,004777.OF,004777,True
004790,富荣中证500指数增强-A,指数型-股票,清盘,2019-01-10,2024-09-10,2019-01-10,tushare_fund_basic,富荣基金管理有限公司,2024-09-10,004790.OF,004790,True
004791,富荣中证500指数增强-C,指数型-股票,清盘,2019-01-10,2024-09-10,2019-01-10,tushare_fund_basic,富荣基金管理有限公司,2024-09-10,004791.OF,004790,False
004806,长信先机两年定开灵活配置混合,混合型-灵活,清盘,2018-02-06,2022-04-27,2018-02-06,tushare_fund_basic,长信基金管理有限责任公司,2022-04-27,004806.OF,004806,True
004829,北信瑞丰兴瑞灵活配置混合,混合型-灵活,清盘,2017-09-07,2022-01-17,2017-09-07,tushare_fund_basic,华银基金管理有限公司,2022-01-17,004829.OF,004829,True
004830,北信瑞丰弘盛,混合型-灵活,发行,2017-07-04,,2017-07-04,tushare_fund_basic,华银基金,,004830.OF,004830,True
004840,东兴品牌精选灵活配置混合-A,混合型-灵活,清盘,2018-11-14,2023-02-08,2018-11-14,tushare_fund_basic,东兴基金管理有限公司,2023-02-08,004840.OF,004840,True
004883,中银证券瑞丰定开灵活配置混合-A,混合型-灵活,清盘,2017-09-06,2019-05-24,2017-09-06,tushare_fund_basic,中银国际证券股份有限公司,2019-05-24,004883.OF,004883,True
004884,中银证券瑞丰定开灵活配置混合-C,混合型-灵活,清盘,2017-09-06,2019-05-24,2017-09-06,tushare_fund_basic,中银国际证券股份有限公司,2019-05-24,004884.OF,004883,False
004891,华润元大成长精选股票-A,股票型,清盘,2020-03-18,2023-03-18,2020-03-18,tushare_fund_basic,华润元大基金管理有限公司,2023-03-18,004891.OF,004891,True
004892,华润元大成长精选股票-C,股票型,清盘,2020-03-18,2023-03-18,2020-03-18,tushare_fund_basic,华润元大基金管理有限公司,2023-03-18,004892.OF,004891,False
004917,中银证券祥瑞混合-A,混合型-灵活,清盘,2018-02-01,2023-02-08,2018-02-01,tushare_fund_basic,中银国际证券股份有限公司,2023-02-08,004917.OF,004917,True
004918,中银证券祥瑞混合-C,混合型-灵活,清盘,2018-02-01,2023-02-08,2018-02-01,tushare_fund_basic,中银国际证券股份有限公司,2023-02-08,004918.OF,004917,False
004935,国都智能制造混合,混合型-灵活,清盘,2017-09-29,2020-09-29,2017-09-29,tushare_fund_basic,国都证券股份有限公司,2020-09-29,004935.OF,004935,True
005021,渤海汇金量化汇盈灵活配置混合,混合型-灵活,清盘,2018-07-20,2022-11-23,2018-07-20,tushare_fund_basic,渤海汇金证券资产管理有限公司,2022-11-23,005021.OF,005021,True
005027,光大保德信多策略优选一年定开灵活配置混合,混合型-灵活,清盘,2017-12-06,2023-02-22,2017-12-06,tushare_fund_basic,光大保德信基金管理有限公司,2023-02-22,005027.OF,005027,True
005033,银华智能汽车量化优选股票-A,股票型,清盘,2017-09-15,2020-09-23,2017-09-15,tushare_fund_basic,银华基金管理股份有限公司,2020-09-23,005033.OF,005033,True
005034,银华智能汽车量化优选股票-C,股票型,清盘,2017-09-15,2020-09-23,2017-09-15,tushare_fund_basic,银华基金管理股份有限公司,2020-09-23,005034.OF,005033,False
005035,银华信息科技量化优选股票-A,股票型,清盘,2017-09-15,2023-01-10,2017-09-15,tushare_fund_basic,银华基金管理股份有限公司,2023-01-10,005035.OF,005035,True
005036,银华信息科技量化优选股票-C,股票型,清盘,2017-09-15,2023-01-10,2017-09-15,tushare_fund_basic,银华基金管理股份有限公司,2023-01-10,005036.OF,005035,False
005080,海富通量化多因子灵活配置混合-C,混合型-灵活,清盘,2018-04-23,2025-04-08,2018-04-23,tushare_fund_basic,海富通基金管理有限公司,2025-04-08,005080.OF,005080,True
005081,海富通量化多因子灵活配置混合-A,混合型-灵活,清盘,2018-04-23,2025-04-08,2018-04-23,tushare_fund_basic,海富通基金管理有限公司,2025-04-08,005081.OF,005080,False
005108,圆信永丰双利优选定开灵活配置混合,混合型-灵活,清盘,2017-12-13,2024-03-15,2017-12-13,tushare_fund_basic,圆信永丰基金管理有限公司,2024-03-15,005108.OF,005108,True
005133,兴业量化精选灵活配置混合-A,混合型-灵活,清盘,2017-12-26,2020-10-30,2017-12-26,tushare_fund_basic,兴业基金管理有限公司,2020-10-30,005133.OF,005133,True
005146,兴银丰润灵活配置混合,混合型-灵活,清盘,2017-11-24,2023-01-31,2017-11-24,tushare_fund_basic,兴银基金管理有限责任公司,2023-01-31,005146.OF,005146,True
005147,兴银瑞景,混合型-灵活,发行,2017-10-04,,2017-10-04,tushare_fund_basic,兴银基金,,005147.OF,005147,True
005154,博时鑫禧灵活配置混合-A,混合型-灵活,清盘,2017-09-26,2018-07-27,2017-09-26,tushare_fund_basic,博时基金管理有限公司,2018-07-27,005154.OF,005154,True
005155,博时鑫禧灵活配置混合-C,混合型-灵活,清盘,2017-09-26,2018-07-27,2017-09-26,tushare_fund_basic,博时基金管理有限公司,2018-07-27,005155.OF,005154,False
005168,信达澳银新征程定开灵活配置混合-A,混合型-灵活,清盘,2018-03-27,2021-11-24,2018-03-27,tushare_fund_basic,信达澳亚基金管理有限公司,2021-11-24,005168.OF,005168,True
005175,国寿安保消费新蓝海灵活配置混合,混合型-灵活,清盘,2018-02-11,2024-02-29,2018-02-11,tushare_fund_basic,国寿安保基金管理有限公司,2024-02-29,005175.OF,005175,True
005179,信达澳银新起点定开灵活配置混合-A,混合型-灵活,清盘,2018-05-04,2022-03-03,2018-05-04,tushare_fund_basic,信达澳亚基金管理有限公司,2022-03-03,005179.OF,005179,True
005183,博时富时中国A股指数,指数型-股票,清盘,2017-09-29,2019-06-29,2017-09-29,tushare_fund_basic,博时基金管理有限公司,2019-06-29,005183.OF,005183,True
005191,博时鑫和灵活配置混合-A,混合型-灵活,清盘,2017-12-13,2018-04-18,2017-12-13,tushare_fund_basic,博时基金管理有限公司,2018-04-18,005191.OF,005191,True
005192,博时鑫和灵活配置混合-C,混合型-灵活,清盘,2017-12-13,2018-04-18,2017-12-13,tushare_fund_basic,博时基金管理有限公司,2018-04-18,005192.OF,005191,False
005231,红塔红土盛通灵活配置混合-A,混合型-灵活,清盘,2017-12-07,2024-02-07,2017-12-07,tushare_fund_basic,红塔红土基金管理有限公司,2024-02-07,005231.OF,005231,True
005232,红塔红土盛通灵活配置混合-C,混合型-灵活,清盘,2017-12-07,2024-02-07,2017-12-07,tushare_fund_basic,红塔红土基金管理有限公司,2024-02-07,005232.OF,005231,False
005239,银华文体娱乐量化优选股票-A,股票型,清盘,2017-11-09,2020-11-17,2017-11-09,tushare_fund_basic,银华基金管理股份有限公司,2020-11-17,005239.OF,005239,True
005240,银华文体娱乐量化优选股票-C,股票型,清盘,2017-11-09,2020-11-17,2017-11-09,tushare_fund_basic,银华基金管理股份有限公司,2020-11-17,005240.OF,005239,False
005247,国都量化精选混合,混合型-灵活,清盘,2017-12-27,2022-11-24,2017-12-27,tushare_fund_basic,国都证券股份有限公司,2022-11-24,005247.OF,005247,True
005254,泰达宏利创富,混合型-灵活,发行,2017-10-20,,2017-10-20,tushare_fund_basic,宏利基金,,005254.OF,005254,True
005256,富国新优选灵活配置定开混合-A,混合型-灵活,清盘,2018-01-12,2019-07-26,2018-01-12,tushare_fund_basic,富国基金管理有限公司,2019-07-26,005256.OF,005256,True
005257,富国新优选灵活配置定开混合-C,混合型-灵活,清盘,2018-01-12,2019-07-26,2018-01-12,tushare_fund_basic,富国基金管理有限公司,2019-07-26,005257.OF,005256,False
005278,中欧优势行业灵活配置混合,混合型-灵活,清盘,2018-06-13,2018-11-14,2018-06-13,tushare_fund_basic,中欧基金管理有限公司,2018-11-14,005278.OF,005278,True
005279,华泰紫金中证红利低波动指数,指数型-股票,清盘,2017-12-01,2020-12-01,2017-12-01,tushare_fund_basic,华泰证券(上海)资产管理有限公司,2020-12-01,005279.OF,005279,True
005282,中金价值轮动灵活配置混合-A,混合型-灵活,清盘,2017-12-27,2019-02-14,2017-12-27,tushare_fund_basic,中金基金管理有限公司,2019-02-14,005282.OF,005282,True
005283,中金价值轮动灵活配置混合-C,混合型-灵活,清盘,2017-12-27,2019-02-14,2017-12-27,tushare_fund_basic,中金基金管理有限公司,2019-02-14,005283.OF,005282,False
005317,万家瑞舜灵活配置混合-A,混合型-灵活,清盘,2018-02-02,2024-05-07,2018-02-02,tushare_fund_basic,万家基金管理有限公司,2024-05-07,005317.OF,005317,True
005318,万家瑞舜灵活配置混合-C,混合型-灵活,清盘,2018-02-02,2024-05-07,2018-02-02,tushare_fund_basic,万家基金管理有限公司,2024-05-07,005318.OF,005317,False
005319,万家丰益上证50指数增强A,指数型-股票,发行,2018-01-04,,2018-01-04,tushare_fund_basic,万家基金,,005319.OF,005319,True
005320,万家丰益上证50指数增强C,指数型-股票,发行,2018-01-04,,2018-01-04,tushare_fund_basic,万家基金,,005320.OF,005319,False
005325,景顺长城泰恒回报灵活配置混合-A,混合型-灵活,清盘,2018-01-25,2023-10-25,2018-01-25,tushare_fund_basic,景顺长城基金管理有限公司,2023-10-25,005325.OF,005325,True
005326,景顺长城泰恒回报灵活配置混合-C,混合型-灵活,清盘,2018-01-25,2023-10-25,2018-01-25,tushare_fund_basic,景顺长城基金管理有限公司,2023-10-25,005326.OF,005325,False
005339,兴业中证国有企业改革指数增强-A,指数型-股票,清盘,2018-07-26,2020-09-09,2018-07-26,tushare_fund_basic,兴业基金管理有限公司,2020-09-09,005339.OF,005339,True
005370,申万菱信价值优选灵活配置混合,混合型-灵活,清盘,2018-01-04,2018-10-16,2018-01-04,tushare_fund_basic,申万菱信基金管理有限公司,2018-10-16,005370.OF,005370,True
005376,北信瑞丰华丰灵活配置混合,混合型-灵活,清盘,2018-03-19,2022-02-22,2018-03-19,tushare_fund_basic,华银基金管理有限公司,2022-02-22,005376.OF,005376,True
005386,银河睿达灵活配置混合-A,混合型-灵活,清盘,2018-02-06,2025-11-26,2018-02-06,tushare_fund_basic,银河基金管理有限公司,2025-11-26,005386.OF,005386,True
005387,银河睿达灵活配置混合-C,混合型-灵活,清盘,2018-02-06,2025-11-26,2018-02-06,tushare_fund_basic,银河基金管理有限公司,2025-11-26,005387.OF,005386,False
005392,长信价值蓝筹两年定开灵活配置混合-A,混合型-灵活,清盘,2018-08-16,2022-11-10,2018-08-16,tushare_fund_basic,长信基金管理有限责任公司,2022-11-10,005392.OF,005392,True
005403,南方融尚再融资主题精选灵活配置混合,混合型-灵活,清盘,2018-01-29,2021-04-22,2018-01-29,tushare_fund_basic,南方基金管理股份有限公司,2021-04-22,005403.OF,005403,True
005404,创金合信价值红利灵活配置混合-C,混合型-灵活,清盘,2018-04-23,2021-04-21,2018-04-23,tushare_fund_basic,创金合信基金管理有限公司,2021-04-21,005404.OF,002463,False
005414,创金合信国证A股指数-A,指数型-股票,清盘,2017-12-28,2020-07-01,2017-12-28,tushare_fund_basic,创金合信基金管理有限公司,2020-07-01,005414.OF,005414,True
005415,创金合信国证A股指数-C,指数型-股票,清盘,2017-12-28,2020-07-01,2017-12-28,tushare_fund_basic,创金合信基金管理有限公司,2020-07-01,005415.OF,005414,False
005422,鹏华兴嘉定开灵活配置混合,混合型-灵活,清盘,2018-02-23,2018-09-12,2018-02-23,tushare_fund_basic,鹏华基金管理有限公司,2018-09-12,005422.OF,005422,True
005444,光大保德信多策略精选18个月定开灵活配置混合,混合型-灵活,清盘,2018-03-27,2024-08-27,2018-03-27,tushare_fund_basic,光大保德信基金管理有限公司,2024-08-27,005444.OF,005444,True
005447,银华智荟分红收益灵活配置混合,混合型-灵活,清盘,2018-02-13,2021-02-24,2018-02-13,tushare_fund_basic,银华基金管理股份有限公司,2021-02-24,005447.OF,005447,True
005459,银河嘉谊灵活配置混合-A,混合型-灵活,清盘,2018-02-06,2024-05-15,2018-02-06,tushare_fund_basic,银河基金管理有限公司,2024-05-15,005459.OF,005459,True
005460,银河嘉谊灵活配置混合-C,混合型-灵活,清盘,2018-02-06,2024-05-15,2018-02-06,tushare_fund_basic,银河基金管理有限公司,2024-05-15,005460.OF,005459,False
005484,中欧睿选定开灵活配置混合,混合型-灵活,清盘,2018-08-10,2019-09-06,2018-08-10,tushare_fund_basic,中欧基金管理有限公司,2019-09-06,005484.OF,005484,True
005502,华泰紫金智能量化股票-A,股票型,清盘,2018-02-01,2023-09-13,2018-02-01,tushare_fund_basic,华泰证券(上海)资产管理有限公司,2023-09-13,005502.OF,005502,True
005515,银华中小市值量化优选股票-A,股票型,清盘,2018-05-11,2021-06-15,2018-05-11,tushare_fund_basic,银华基金管理股份有限公司,2021-06-15,005515.OF,005515,True
005516,银华中小市值量化优选股票-C,股票型,清盘,2018-05-11,2021-06-15,2018-05-11,tushare_fund_basic,银华基金管理股份有限公司,2021-06-15,005516.OF,005515,False
0055301,汇添富价值多因子量化策略股票,股票型,清盘,2018-03-23,2020-11-02,2018-03-23,tushare_fund_basic,汇添富基金管理股份有限公司,2020-11-02,0055301.OF,0055301,True
005539,中航创新驱动A,股票型,发行,2019-10-08,,2019-10-08,tushare_fund_basic,中航基金,,005539.OF,005539,True
005540,中航创新驱动C,股票型,发行,2019-10-08,,2019-10-08,tushare_fund_basic,中航基金,,005540.OF,005539,False
005545,中银改革红利灵活配置混合-A,混合型-灵活,清盘,2018-02-13,2023-11-28,2018-02-13,tushare_fund_basic,中银基金管理有限公司,2023-11-28,005545.OF,005545,True
005563,创金合信国证1000指数-A,指数型-股票,清盘,2018-02-07,2020-07-01,2018-02-07,tushare_fund_basic,创金合信基金管理有限公司,2020-07-01,005563.OF,005563,True
005564,创金合信国证1000指数-C,指数型-股票,清盘,2018-02-07,2020-07-01,2018-02-07,tushare_fund_basic,创金合信基金管理有限公司,2020-07-01,005564.OF,005563,False
005565,创金合信国证2000指数-A,指数型-股票,清盘,2018-02-07,2020-07-01,2018-02-07,tushare_fund_basic,创金合信基金管理有限公司,2020-07-01,005565.OF,005565,True
005566,创金合信国证2000指数-C,指数型-股票,清盘,2018-02-07,2020-07-01,2018-02-07,tushare_fund_basic,创金合信基金管理有限公司,2020-07-01,005566.OF,005565,False
005567,创金合信MSCI中国A股国际指数-A,指数型-海外股票,清盘,2018-02-07,2021-02-22,2018-02-07,tushare_fund_basic,创金合信基金管理有限公司,2021-02-22,005567.OF,005567,True
005568,创金合信MSCI中国A股国际指数-C,指数型-海外股票,清盘,2018-02-07,2021-02-22,2018-02-07,tushare_fund_basic,创金合信基金管理有限公司,2021-02-22,005568.OF,005567,False
005569,国联智选红利股票-A,股票型,清盘,2018-03-30,2025-07-09,2018-03-30,tushare_fund_basic,国联基金管理有限公司,2025-07-09,005569.OF,005569,True
005570,国联智选红利股票-C,股票型,清盘,2018-03-30,2025-07-09,2018-03-30,tushare_fund_basic,国联基金管理有限公司,2025-07-09,005570.OF,005569,False
005603,嘉实新添康定开灵活配置混合-A,混合型-灵活,清盘,2018-09-27,2021-01-05,2018-09-27,tushare_fund_basic,嘉实基金管理有限公司,2021-01-05,005603.OF,005603,True
005604,嘉实新添康定开灵活配置混合-C,混合型-灵活,清盘,2018-09-27,2021-01-05,2018-09-27,tushare_fund_basic,嘉实基金管理有限公司,2021-01-05,005604.OF,005603,False
005626,富国中证医药主题指数增强(LOF)-C,指数型-股票,存续,2021-08-17,,2021-08-17,tushare_fund_basic,富国基金管理有限公司,,005626.OF,161035,False
005627,富国中证高端制造指数增强(LOF)-C,指数型-股票,存续,2022-01-25,,2022-01-25,tushare_fund_basic,富国基金管理有限公司,,005627.OF,161037,False
005671,新疆前海联合研究优选灵活配置混合-A,混合型-灵活,清盘,2018-07-25,2024-04-30,2018-07-25,tushare_fund_basic,新疆前海联合基金管理有限公司,2024-04-30,005671.OF,005671,True
005672,新疆前海联合研究优选灵活配置混合-C,混合型-灵活,清盘,2018-07-25,2024-04-30,2018-07-25,tushare_fund_basic,新疆前海联合基金管理有限公司,2024-04-30,005672.OF,005671,False
005692,广发中证全指工业ETF联接-C,指数型-股票,清盘,2018-02-13,2020-06-15,2018-02-13,tushare_fund_basic,广发基金管理有限公司,2020-06-15,005692.OF,004593,False
005697,安信量化多因子灵活配置混合-C,混合型-灵活,清盘,2018-02-28,2018-12-28,2018-02-28,tushare_fund_basic,安信基金管理有限责任公司,2018-12-28,005697.OF,004592,False
005702,恒生前海港股通高股息低波动指数,指数型-海外股票,清盘,2018-04-26,2023-09-27,2018-04-26,tushare_fund_basic,恒生前海基金管理有限公司,2023-09-27,005702.OF,005702,True
005747,华安MSCI中国A股国际ETF联接-A,指数型-海外股票,清盘,2018-10-24,2021-03-09,2018-10-24,tushare_fund_basic,华安基金管理有限公司,2021-03-09,005747.OF,005747,True
005748,华安MSCI中国A股国际ETF联接-C,指数型-海外股票,清盘,2018-10-24,2021-03-09,2018-10-24,tushare_fund_basic,华安基金管理有限公司,2021-03-09,005748.OF,005747,False
005757,长江汇聚量化多因子灵活配置混合,混合型-灵活,清盘,2018-04-26,2021-04-26,2018-04-26,tushare_fund_basic,长江证券(上海)资产管理有限公司,2021-04-26,005757.OF,005757,True
005769,南方共享经济灵活配置混合,混合型-灵活,清盘,2018-08-10,2021-01-21,2018-08-10,tushare_fund_basic,南方基金管理股份有限公司,2021-01-21,005769.OF,005769,True
005770,信澳中证沪港深高股息精选指数,指数型-股票,清盘,2018-11-02,2023-06-21,2018-11-02,tushare_fund_basic,信达澳亚基金管理有限公司,2023-06-21,005770.OF,005770,True
005796,嘉实新添荣定开灵活配置混合-A,混合型-灵活,清盘,2018-04-26,2021-07-13,2018-04-26,tushare_fund_basic,嘉实基金管理有限公司,2021-07-13,005796.OF,005796,True
005797,嘉实新添荣定开灵活配置混合-C,混合型-灵活,清盘,2018-04-26,2021-07-13,2018-04-26,tushare_fund_basic,嘉实基金管理有限公司,2021-07-13,005797.OF,005796,False
005803,广发中证京津冀协同发展主题ETF联接-A,指数型-股票,清盘,2018-04-19,2021-04-19,2018-04-19,tushare_fund_basic,广发基金管理有限公司,2021-04-19,005803.OF,005803,True
005804,广发中证京津冀协同发展主题ETF联接-C,指数型-股票,清盘,2018-04-19,2021-04-19,2018-04-19,tushare_fund_basic,广发基金管理有限公司,2021-04-19,005804.OF,005803,False
005807,安信中证复兴发展100主题指数-A,指数型-股票,清盘,2018-06-21,2020-02-05,2018-06-21,tushare_fund_basic,安信基金管理有限责任公司,2020-02-05,005807.OF,005807,True
005808,安信中证复兴发展100主题指数-C,指数型-股票,清盘,2018-06-21,2020-02-05,2018-06-21,tushare_fund_basic,安信基金管理有限责任公司,2020-02-05,005808.OF,005807,False
005832,景顺长城MSCI中国A股国际通ETF联接,指数型-海外股票,清盘,2018-05-16,2022-04-22,2018-05-16,tushare_fund_basic,景顺长城基金管理有限公司,2022-04-22,005832.OF,005832,True
005850,财通沪深300指数增强,指数型-股票,存续,2022-12-21,,2022-12-21,tushare_fund_basic,财通基金,,005850.OF,005850,True
005860,中金新丰灵活配置混合-A,混合型-灵活,清盘,2018-09-05,2019-06-11,2018-09-05,tushare_fund_basic,中金基金管理有限公司,2019-06-11,005860.OF,005860,True
005861,中金新丰灵活配置混合-C,混合型-灵活,清盘,2018-09-05,2019-06-11,2018-09-05,tushare_fund_basic,中金基金管理有限公司,2019-06-11,005861.OF,005860,False
005899,国投瑞银品牌优势灵活配置混合,混合型-灵活,清盘,2018-11-02,2020-07-22,2018-11-02,tushare_fund_basic,国投瑞银基金管理有限公司,2020-07-22,005899.OF,005899,True
005900,国投瑞银行业先锋灵活配置混合,混合型-灵活,清盘,2018-06-20,2020-02-06,2018-06-20,tushare_fund_basic,国投瑞银基金管理有限公司,2020-02-06,005900.OF,005900,True
005941,工银优势品牌定开,混合型-灵活,发行,2018-10-12,,2018-10-12,tushare_fund_basic,工银瑞信基金,,005941.OF,005941,True
005986,兴业聚宏A,混合型-灵活,发行,2018-05-18,,2018-05-18,tushare_fund_basic,兴业基金,,005986.OF,005986,True
005987,兴业聚宏C,混合型-灵活,发行,2018-05-18,,2018-05-18,tushare_fund_basic,兴业基金,,005987.OF,005986,False
006041,鹏华兴盛灵活配置混合-C,混合型-灵活,清盘,2018-05-31,2018-10-17,2018-05-31,tushare_fund_basic,鹏华基金管理有限公司,2018-10-17,006041.OF,003122,False
006046,兴业聚名,混合型-灵活,发行,2018-06-04,,2018-06-04,tushare_fund_basic,兴业基金,,006046.OF,006046,True
006062,鹏华兴康灵活配置混合-C,混合型-灵活,清盘,2018-06-12,2018-08-13,2018-06-12,tushare_fund_basic,鹏华基金管理有限公司,2018-08-13,006062.OF,004096,False
006063,景顺长城MSCI中国A股国际通指数增强-A,指数型-海外股票,清盘,2018-07-10,2025-05-14,2018-07-10,tushare_fund_basic,景顺长城基金管理有限公司,2025-05-14,006063.OF,006063,True
006117,景顺长城睿益定开,混合型-灵活,发行,2018-06-25,,2018-06-25,tushare_fund_basic,景顺长城基金,,006117.OF,006117,True
006119,银华中证央企结构调整ETF联接,指数型-股票,清盘,2018-11-15,2023-01-12,2018-11-15,tushare_fund_basic,银华基金管理股份有限公司,2023-01-12,006119.OF,006119,True
006129,华安中证500行业中性低波动ETF联接-A,指数型-股票,清盘,2019-01-15,2022-12-02,2019-01-15,tushare_fund_basic,华安基金管理有限公司,2022-12-02,006129.OF,006129,True
006130,华安中证500行业中性低波动ETF联接-C,指数型-股票,清盘,2019-01-15,2022-12-02,2019-01-15,tushare_fund_basic,华安基金管理有限公司,2022-12-02,006130.OF,006129,False
006143,恒生前海中证质量成长低波动指数-A,指数型-海外股票,清盘,2019-06-05,2022-11-23,2019-06-05,tushare_fund_basic,恒生前海基金管理有限公司,2022-11-23,006143.OF,006143,True
006144,恒生前海中证质量成长低波动指数-C,指数型-海外股票,清盘,2019-06-05,2022-11-23,2019-06-05,tushare_fund_basic,恒生前海基金管理有限公司,2022-11-23,006144.OF,006143,False
006193,鑫元核心资产股票-A,股票型,清盘,2018-11-14,2024-02-26,2018-11-14,tushare_fund_basic,鑫元基金管理有限公司,2024-02-26,006193.OF,006193,True
006194,鑫元核心资产股票-C,股票型,清盘,2018-11-14,2024-02-26,2018-11-14,tushare_fund_basic,鑫元基金管理有限公司,2024-02-26,006194.OF,006193,False
006200,平安鼎诚定开,混合型-灵活,发行,2018-08-08,,2018-08-08,tushare_fund_basic,平安基金,,006200.OF,006200,True
006238,中融智选质量A,股票型,发行,2019-01-19,,2019-01-19,tushare_fund_basic,国联基金,,006238.OF,006238,True
006239,中融智选质量C,股票型,发行,2019-01-19,,2019-01-19,tushare_fund_basic,国联基金,,006239.OF,006238,False
006246,华夏中小企业100ETF联接-A,指数型-股票,清盘,2018-09-10,2021-09-10,2018-09-10,tushare_fund_basic,华夏基金管理有限公司,2021-09-10,006246.OF,006246,True
006247,华夏中小企业100ETF联接-C,指数型-股票,清盘,2018-09-10,2021-09-10,2018-09-10,tushare_fund_basic,华夏基金管理有限公司,2021-09-10,006247.OF,006246,False
006255,中邮中证价值回报量化策略指数-A,指数型-股票,清盘,2018-11-29,2021-11-29,2018-11-29,tushare_fund_basic,中邮创业基金管理股份有限公司,2021-11-29,006255.OF,006255,True
006256,中邮中证价值回报量化策略指数-C,指数型-股票,清盘,2018-11-29,2021-11-29,2018-11-29,tushare_fund_basic,中邮创业基金管理股份有限公司,2021-11-29,006256.OF,006255,False
006262,易方达深证成指ETF联接-C,指数型-股票,清盘,2018-08-13,2019-06-26,2018-08-13,tushare_fund_basic,易方达基金管理有限公司,2019-06-26,006262.OF,003524,False
006277,中金瑞和灵活配置混合-A,混合型-灵活,清盘,2018-11-13,2024-10-10,2018-11-13,tushare_fund_basic,中金基金管理有限公司,2024-10-10,006277.OF,006277,True
006278,中金瑞和灵活配置混合-C,混合型-灵活,清盘,2018-11-13,2024-10-10,2018-11-13,tushare_fund_basic,中金基金管理有限公司,2024-10-10,006278.OF,006277,False
006279,中金瑞祥灵活配置混合-A,混合型-灵活,清盘,2018-11-13,2023-01-15,2018-11-13,tushare_fund_basic,中金基金管理有限公司,2023-01-15,006279.OF,006279,True
006280,中金瑞祥灵活配置混合-C,混合型-灵活,清盘,2018-11-13,2023-01-15,2018-11-13,tushare_fund_basic,中金基金管理有限公司,2023-01-15,006280.OF,006279,False
006339,银华MSCI中国A股ETF联接-A,指数型-海外股票,清盘,2019-06-05,2022-06-16,2019-06-05,tushare_fund_basic,银华基金管理股份有限公司,2022-06-16,006339.OF,006339,True
006343,中金MSCI中国A股国际低波动指数-A,指数型-海外股票,清盘,2018-10-17,2021-10-17,2018-10-17,tushare_fund_basic,中金基金管理有限公司,2021-10-17,006343.OF,006343,True
006344,中金MSCI中国A股国际低波动指数-C,指数型-海外股票,清盘,2018-10-17,2021-10-17,2018-10-17,tushare_fund_basic,中金基金管理有限公司,2021-10-17,006344.OF,006343,False
006346,安信量化优选股票-A,股票型,清盘,2018-09-03,2025-03-25,2018-09-03,tushare_fund_basic,安信基金管理有限责任公司,2025-03-25,006346.OF,006346,True
006347,安信量化优选股票-C,股票型,清盘,2018-09-03,2025-03-25,2018-09-03,tushare_fund_basic,安信基金管理有限责任公司,2025-03-25,006347.OF,006346,False
006349,中金MSCI中国A股国际价值指数-A,指数型-海外股票,清盘,2019-01-25,2022-01-25,2019-01-25,tushare_fund_basic,中金基金管理有限公司,2022-01-25,006349.OF,006349,True
006350,中金MSCI中国A股国际价值指数-C,指数型-海外股票,清盘,2019-01-25,2022-01-25,2019-01-25,tushare_fund_basic,中金基金管理有限公司,2022-01-25,006350.OF,006349,False
006351,中金MSCI中国A股国际红利指数-A,指数型-海外股票,清盘,2019-01-25,2022-01-25,2019-01-25,tushare_fund_basic,中金基金管理有限公司,2022-01-25,006351.OF,006351,True
006352,中金MSCI中国A股国际红利指数-C,指数型-海外股票,清盘,2019-01-25,2022-01-25,2019-01-25,tushare_fund_basic,中金基金管理有限公司,2022-01-25,006352.OF,006351,False
006354,国泰民裕进取灵活配置混合,混合型-灵活,清盘,2020-09-29,2025-03-10,2020-09-29,tushare_fund_basic,国泰基金管理有限公司,2025-03-10,006354.OF,006354,True
006413,中信建投北京50ETF联接A,指数型-股票,发行,2018-09-09,,2018-09-09,tushare_fund_basic,中信建投基金,,006413.OF,006413,True
006414,中信建投北京50ETF联接C,指数型-股票,发行,2018-09-09,,2018-09-09,tushare_fund_basic,中信建投基金,,006414.OF,006413,False
006426,汇添富全球移动互联灵活配置混合(QDII)-USD-现汇,混合型-灵活,存续,2024-04-02,,2024-04-02,tushare_fund_basic,汇添富基金管理股份有限公司,,006426.OF,006426,True
006442,东兴品牌精选灵活配置混合-C,混合型-灵活,清盘,2018-11-14,2023-02-08,2018-11-14,tushare_fund_basic,东兴基金管理有限公司,2023-02-08,006442.OF,004840,False
006462,信达澳银新起点定开灵活配置混合-C,混合型-灵活,清盘,2018-10-08,2022-03-03,2018-10-08,tushare_fund_basic,信达澳亚基金管理有限公司,2022-03-03,006462.OF,005179,False
006463,信达澳银新征程定开灵活配置混合-C,混合型-灵活,清盘,2018-10-08,2021-11-24,2018-10-08,tushare_fund_basic,信达澳亚基金管理有限公司,2021-11-24,006463.OF,005168,False
006478,长盛多因子策略优选股票,股票型,清盘,2018-11-23,2022-07-13,2018-11-23,tushare_fund_basic,长盛基金管理有限公司,2022-07-13,006478.OF,006478,True
006560,华夏中证四川国企改革ETF联接-A,指数型-股票,清盘,2020-04-07,2022-11-02,2020-04-07,tushare_fund_basic,华夏基金管理有限公司,2022-11-02,006560.OF,006560,True
006561,华夏中证四川国企改革ETF联接-C,指数型-股票,清盘,2020-04-07,2022-11-02,2020-04-07,tushare_fund_basic,华夏基金管理有限公司,2022-11-02,006561.OF,006560,False
006578,泰康中证港股通非银行金融主题指数-A,指数型-海外股票,清盘,2018-12-21,2021-12-21,2018-12-21,tushare_fund_basic,泰康资产管理有限责任公司,2021-12-21,006578.OF,006578,True
006579,泰康中证港股通非银行金融主题指数-C,指数型-海外股票,清盘,2018-12-21,2021-12-21,2018-12-21,tushare_fund_basic,泰康资产管理有限责任公司,2021-12-21,006579.OF,006578,False
006658,财通中证香港红利等权投资指数-A,指数型-海外股票,清盘,2019-04-26,2023-10-09,2019-04-26,tushare_fund_basic,财通基金管理有限公司,2023-10-09,006658.OF,006658,True
006659,财通中证香港红利等权投资指数-C,指数型-海外股票,清盘,2019-04-26,2023-10-09,2019-04-26,tushare_fund_basic,财通基金管理有限公司,2023-10-09,006659.OF,006658,False
006698,红土创新沪深300指数增强-A,指数型-股票,清盘,2019-02-25,2022-02-27,2019-02-25,tushare_fund_basic,红土创新基金管理有限公司,2022-02-27,006698.OF,006698,True
006699,红土创新沪深300指数增强-C,指数型-股票,清盘,2019-02-25,2022-02-27,2019-02-25,tushare_fund_basic,红土创新基金管理有限公司,2022-02-27,006699.OF,006698,False
006726,农银汇理稳进多因子股票,股票型,清盘,2019-01-29,2020-06-24,2019-01-29,tushare_fund_basic,农银汇理基金管理有限公司,2020-06-24,006726.OF,006726,True
006778,广发恒生中国企业精明指数(QDII)-A,指数型-海外股票,清盘,2019-03-07,2022-03-07,2019-03-07,tushare_fund_basic,广发基金管理有限公司,2022-03-07,006778.OF,006778,True
006779,广发恒生中国企业精明指数(QDII)-C,指数型-海外股票,清盘,2019-03-07,2022-03-07,2019-03-07,tushare_fund_basic,广发基金管理有限公司,2022-03-07,006779.OF,006778,False
006783,红土创新中证500指数增强-A,指数型-股票,清盘,2019-02-25,2023-06-30,2019-02-25,tushare_fund_basic,红土创新基金管理有限公司,2023-06-30,006783.OF,006783,True
006784,红土创新中证500指数增强-C,指数型-股票,清盘,2019-02-25,2023-06-30,2019-02-25,tushare_fund_basic,红土创新基金管理有限公司,2023-06-30,006784.OF,006783,False
006816,泰康中证港股通地产指数-A,指数型-海外股票,清盘,2019-01-29,2022-01-29,2019-01-29,tushare_fund_basic,泰康资产管理有限责任公司,2022-01-29,006816.OF,006816,True
006817,泰康中证港股通地产指数-C,指数型-海外股票,清盘,2019-01-29,2022-01-29,2019-01-29,tushare_fund_basic,泰康资产管理有限责任公司,2022-01-29,006817.OF,006816,False
006818,安信盈利驱动股票-A,股票型,清盘,2019-03-05,2023-05-18,2019-03-05,tushare_fund_basic,安信基金管理有限责任公司,2023-05-18,006818.OF,006818,True
006819,安信盈利驱动股票-C,股票型,清盘,2019-03-05,2023-05-18,2019-03-05,tushare_fund_basic,安信基金管理有限责任公司,2023-05-18,006819.OF,006818,False
006857,蜂巢卓睿灵活配置混合-A,混合型-灵活,清盘,2019-01-30,2023-10-24,2019-01-30,tushare_fund_basic,蜂巢基金管理有限公司,2023-10-24,006857.OF,006857,True
006858,蜂巢卓睿灵活配置混合-C,混合型-灵活,清盘,2019-01-30,2023-10-24,2019-01-30,tushare_fund_basic,蜂巢基金管理有限公司,2023-10-24,006858.OF,006857,False
006906,创金合信鑫收益灵活配置混合-E,混合型-灵活,清盘,2019-01-16,2022-12-07,2019-01-16,tushare_fund_basic,创金合信基金管理有限公司,2022-12-07,006906.OF,003749,False
006911,长江量化匠心甄选股票-A,股票型,清盘,2019-04-25,2023-02-01,2019-04-25,tushare_fund_basic,长江证券(上海)资产管理有限公司,2023-02-01,006911.OF,006911,True
006930,泰康中证港股通TMT主题指数-A,指数型-海外股票,清盘,2019-04-03,2022-04-03,2019-04-03,tushare_fund_basic,泰康资产管理有限责任公司,2022-04-03,006930.OF,006930,True
006931,泰康中证港股通TMT主题指数-C,指数型-海外股票,清盘,2019-04-03,2022-04-03,2019-04-03,tushare_fund_basic,泰康资产管理有限责任公司,2022-04-03,006931.OF,006930,False
006957,长江量化匠心甄选股票-C,股票型,清盘,2019-04-25,2023-02-01,2019-04-25,tushare_fund_basic,长江证券(上海)资产管理有限公司,2023-02-01,006957.OF,006911,False
007039,新疆前海联合沪深300指数-C,指数型-股票,清盘,2019-02-26,2023-04-06,2019-02-26,tushare_fund_basic,新疆前海联合基金管理有限公司,2023-04-06,007039.OF,003475,False
007326,国投瑞银新增长灵活配置混合-C,混合型-灵活,清盘,2019-05-08,2026-01-19,2019-05-08,tushare_fund_basic,国投瑞银基金管理有限公司,2026-01-19,007326.OF,001499,False
007410,浦银安盛中证高股息精选ETF联接-A,指数型-股票,清盘,2020-04-01,2023-01-15,2020-04-01,tushare_fund_basic,浦银基金管理有限公司,2023-01-15,007410.OF,007410,True
007411,浦银安盛中证高股息精选ETF联接-C,指数型-股票,清盘,2020-04-01,2023-01-15,2020-04-01,tushare_fund_basic,浦银基金管理有限公司,2023-01-15,007411.OF,007410,False
007423,西部利得聚禾灵活配置混合-A,混合型-灵活,清盘,2020-09-23,2025-08-14,2020-09-23,tushare_fund_basic,西部利得基金管理有限公司,2025-08-14,007423.OF,007423,True
007424,西部利得聚禾灵活配置混合-C,混合型-灵活,清盘,2020-09-23,2025-08-14,2020-09-23,tushare_fund_basic,西部利得基金管理有限公司,2025-08-14,007424.OF,007423,False
007479,光大保德信量化核心-C,股票型,存续,2023-04-21,,2023-04-21,tushare_fund_basic,光大保德信基金管理有限公司,,007479.OF,007479,True
007541,新华MSCI中国A股国际ETF联接,指数型-海外股票,清盘,2019-08-14,2022-12-06,2019-08-14,tushare_fund_basic,新华基金管理股份有限公司,2022-12-06,007541.OF,007541,True
007614,德邦民裕进取量化精锐股票-A,股票型,清盘,2019-09-04,2021-04-20,2019-09-04,tushare_fund_basic,德邦基金管理有限公司,2021-04-20,007614.OF,007614,True
007615,德邦民裕进取量化精锐股票-C,股票型,清盘,2019-09-04,2021-04-20,2019-09-04,tushare_fund_basic,德邦基金管理有限公司,2021-04-20,007615.OF,007614,False
007686,东方价值挖掘灵活配置混合-C,混合型-灵活,清盘,2019-08-07,2023-01-17,2019-08-07,tushare_fund_basic,东方基金管理股份有限公司,2023-01-17,007686.OF,004166,False
007782,大成MSCI中国A股质优价值100ETF联接-A,指数型-海外股票,清盘,2019-09-26,2023-05-08,2019-09-26,tushare_fund_basic,大成基金管理有限公司,2023-05-08,007782.OF,007782,True
007783,大成MSCI中国A股质优价值100ETF联接-C,指数型-海外股票,清盘,2019-09-26,2023-05-08,2019-09-26,tushare_fund_basic,大成基金管理有限公司,2023-05-08,007783.OF,007782,False
007798,申万菱信中证申万新兴健康产业主题投资指数(LOF)-C,指数型-股票,清盘,2019-08-08,2020-04-09,2019-08-08,tushare_fund_basic,申万菱信基金管理有限公司,2020-04-09,007798.OF,163119,False
007813,易方达中证浙江新动能ETF联接(QDII)-A,指数型-股票,清盘,2020-04-24,2021-09-14,2020-04-24,tushare_fund_basic,易方达基金管理有限公司,2021-09-14,007813.OF,007813,True
007814,易方达中证浙江新动能ETF联接(QDII)-C,指数型-股票,清盘,2020-04-24,2021-09-14,2020-04-24,tushare_fund_basic,易方达基金管理有限公司,2021-09-14,007814.OF,007813,False
007849,九泰盈丰量化多策略,混合型-灵活,发行,2020-12-21,,2020-12-21,tushare_fund_basic,九泰基金,,007849.OF,007849,True
007855,九泰久弘灵活配置A,混合型-灵活,发行,2020-01-23,,2020-01-23,tushare_fund_basic,九泰基金,,007855.OF,007855,True
007905,信达澳银新机遇灵活配置A,混合型-灵活,发行,2019-09-04,,2019-09-04,tushare_fund_basic,信达澳亚基金,,007905.OF,007905,True
007906,信达澳银新机遇灵活配置C,混合型-灵活,发行,2019-09-04,,2019-09-04,tushare_fund_basic,信达澳亚基金,,007906.OF,007905,False
007923,方正富邦天鑫灵活配置混合-A,混合型-灵活,清盘,2019-09-10,2023-03-28,2019-09-10,tushare_fund_basic,方正富邦基金管理有限公司,2023-03-28,007923.OF,007923,True
007924,方正富邦天鑫灵活配置混合-C,混合型-灵活,清盘,2019-09-10,2023-03-28,2019-09-10,tushare_fund_basic,方正富邦基金管理有限公司,2023-03-28,007924.OF,007923,False
007952,招商财经大数据策略股票-C,股票型,清盘,2019-09-11,2022-12-02,2019-09-11,tushare_fund_basic,招商基金管理有限公司,2022-12-02,007952.OF,003416,False
008061,惠升惠新灵活配置混合-A,混合型-灵活,清盘,2020-02-19,2023-09-21,2020-02-19,tushare_fund_basic,惠升基金管理有限责任公司,2023-09-21,008061.OF,008061,True
008062,惠升惠新灵活配置混合-C,混合型-灵活,清盘,2020-02-19,2023-09-21,2020-02-19,tushare_fund_basic,惠升基金管理有限责任公司,2023-09-21,008062.OF,008061,False
008078,农银汇理区间精选灵活配置混合,混合型-灵活,清盘,2019-12-10,2021-05-31,2019-12-10,tushare_fund_basic,农银汇理基金管理有限公司,2021-05-31,008078.OF,008078,True
008100,广发粤港澳大湾区创新100ETF联接-A,指数型-股票,清盘,2020-05-21,2021-03-23,2020-05-21,tushare_fund_basic,广发基金管理有限公司,2021-03-23,008100.OF,008100,True
008101,广发粤港澳大湾区创新100ETF联接-C,指数型-股票,清盘,2020-05-21,2021-03-23,2020-05-21,tushare_fund_basic,广发基金管理有限公司,2021-03-23,008101.OF,008100,False
008112,中泰中证500指数增强-A,指数型-股票,清盘,2019-12-11,2026-07-16,2019-12-11,tushare_fund_basic,中泰证券(上海)资产管理有限公司,2026-07-16,008112.OF,008112,True
008113,中泰中证500指数增强-C,指数型-股票,清盘,2019-12-11,2026-07-16,2019-12-11,tushare_fund_basic,中泰证券(上海)资产管理有限公司,2026-07-16,008113.OF,008112,False
008141,九泰久弘灵活配置C,混合型-灵活,发行,2020-01-23,,2020-01-23,tushare_fund_basic,九泰基金,,008141.OF,007855,False
008149,山西证券中证红利潜力ETF联接,指数型-股票,发行,2020-03-20,,2020-03-20,tushare_fund_basic,山西证券,,008149.OF,008149,True
008154,嘉实中证医药健康100策略ETF联接-A,指数型-股票,存续,2021-04-06,,2021-04-06,tushare_fund_basic,嘉实基金管理有限公司,,008154.OF,008154,True
008155,嘉实中证医药健康100策略ETF联接-C,指数型-股票,存续,2021-04-06,,2021-04-06,tushare_fund_basic,嘉实基金管理有限公司,,008155.OF,008154,False
008199,华夏粤港澳大湾区创新100ETF联接-A,指数型-股票,清盘,2020-04-29,2023-05-04,2020-04-29,tushare_fund_basic,华夏基金管理有限公司,2023-05-04,008199.OF,008199,True
008200,华夏粤港澳大湾区创新100ETF联接-C,指数型-股票,清盘,2020-04-29,2023-05-04,2020-04-29,tushare_fund_basic,华夏基金管理有限公司,2023-05-04,008200.OF,008199,False
008201,银华MSCI中国A股ETF联接-C,指数型-海外股票,清盘,2019-11-07,2022-06-16,2019-11-07,tushare_fund_basic,银华基金管理股份有限公司,2022-06-16,008201.OF,006339,False
008218,兴业量化精选灵活配置混合-C,混合型-灵活,清盘,2019-11-18,2020-10-30,2019-11-18,tushare_fund_basic,兴业基金管理有限公司,2020-10-30,008218.OF,005133,False
008220,兴业中证国有企业改革指数增强-C,指数型-股票,清盘,2019-11-18,2020-09-09,2019-11-18,tushare_fund_basic,兴业基金管理有限公司,2020-09-09,008220.OF,005339,False
008230,九泰天辰量化新动力股票,股票型,清盘,2020-03-12,2021-12-07,2020-03-12,tushare_fund_basic,九泰基金管理有限公司,2021-12-07,008230.OF,008230,True
008236,招商深证100ETF联接-A,指数型-股票,清盘,2020-06-12,2023-03-29,2020-06-12,tushare_fund_basic,招商基金管理有限公司,2023-03-29,008236.OF,008236,True
008237,招商深证100ETF联接-C,指数型-股票,清盘,2020-06-12,2023-03-29,2020-06-12,tushare_fund_basic,招商基金管理有限公司,2023-03-29,008237.OF,008236,False
008249,工银瑞信深证100ETF联接-A,指数型-股票,清盘,2020-07-24,2022-04-26,2020-07-24,tushare_fund_basic,工银瑞信基金管理有限公司,2022-04-26,008249.OF,008249,True
008250,工银瑞信深证100ETF联接-C,指数型-股票,清盘,2020-07-24,2022-04-26,2020-07-24,tushare_fund_basic,工银瑞信基金管理有限公司,2022-04-26,008250.OF,008249,False
008306,方正富邦天璇灵活配置混合-A,混合型-灵活,清盘,2020-01-20,2024-10-17,2020-01-20,tushare_fund_basic,方正富邦基金管理有限公司,2024-10-17,008306.OF,008306,True
008307,方正富邦天璇灵活配置混合-C,混合型-灵活,清盘,2020-01-20,2024-10-17,2020-01-20,tushare_fund_basic,方正富邦基金管理有限公司,2024-10-17,008307.OF,008306,False
008334,国融融鑫A,混合型-灵活,发行,2020-04-27,,2020-04-27,tushare_fund_basic,国融基金,,008334.OF,008334,True
008335,国融融鑫C,混合型-灵活,发行,2020-04-27,,2020-04-27,tushare_fund_basic,国融基金,,008335.OF,008334,False
008342,九泰科鑫策略精选灵活配置混合-A,混合型-灵活,清盘,2020-05-14,2022-02-17,2020-05-14,tushare_fund_basic,九泰基金管理有限公司,2022-02-17,008342.OF,008342,True
008343,九泰科鑫策略精选灵活配置混合-C,混合型-灵活,清盘,2020-05-14,2022-02-17,2020-05-14,tushare_fund_basic,九泰基金管理有限公司,2022-02-17,008343.OF,008342,False
008401,大成标普500等权重指数(QDII)-C-CNY,指数型-海外股票,存续,2023-08-30,,2023-08-30,tushare_fund_basic,大成基金管理有限公司,,008401.OF,008401,True
008407,恒生前海恒生沪深港通细分行业龙头指数-A,指数型-海外股票,清盘,2020-05-22,2023-10-18,2020-05-22,tushare_fund_basic,恒生前海基金管理有限公司,2023-10-18,008407.OF,008407,True
008408,恒生前海恒生沪深港通细分行业龙头指数-C,指数型-海外股票,清盘,2020-05-22,2023-10-18,2020-05-22,tushare_fund_basic,恒生前海基金管理有限公司,2023-10-18,008408.OF,008407,False
008410,长盛价值发现股票,股票型,清盘,2020-04-15,2021-01-20,2020-04-15,tushare_fund_basic,长盛基金管理有限公司,2021-01-20,008410.OF,008410,True
008437,九泰行业优选灵活配置混合-A,混合型-灵活,清盘,2020-08-18,2022-04-28,2020-08-18,tushare_fund_basic,九泰基金管理有限公司,2022-04-28,008437.OF,008437,True
008438,九泰行业优选灵活配置混合-C,混合型-灵活,清盘,2020-08-18,2022-04-28,2020-08-18,tushare_fund_basic,九泰基金管理有限公司,2022-04-28,008438.OF,008437,False
008441,九泰科新优享灵活配置混合-A,混合型-灵活,清盘,2020-08-17,2021-11-25,2020-08-17,tushare_fund_basic,九泰基金管理有限公司,2021-11-25,008441.OF,008441,True
008442,九泰科新优享灵活配置混合-C,混合型-灵活,清盘,2020-08-17,2021-11-25,2020-08-17,tushare_fund_basic,九泰基金管理有限公司,2021-11-25,008442.OF,008441,False
008443,九泰动态策略灵活配置混合-A,混合型-灵活,清盘,2020-06-18,2022-11-23,2020-06-18,tushare_fund_basic,九泰基金管理有限公司,2022-11-23,008443.OF,008443,True
008444,九泰动态策略灵活配置混合-C,混合型-灵活,清盘,2020-06-18,2022-11-23,2020-06-18,tushare_fund_basic,九泰基金管理有限公司,2022-11-23,008444.OF,008443,False
008446,融通创业板ETF联接A,指数型-股票,发行,2020-12-22,,2020-12-22,tushare_fund_basic,融通基金,,008446.OF,008446,True
008447,融通创业板ETF联接C,指数型-股票,发行,2020-12-22,,2020-12-22,tushare_fund_basic,融通基金,,008447.OF,008446,False
008589,大成景润灵活配置混合-C,混合型-灵活,存续,2023-03-09,,2023-03-09,tushare_fund_basic,大成基金管理有限公司,,008589.OF,008589,True
008622,鹏华中证高股息龙头ETF联接-A,指数型-股票,清盘,2020-06-24,2022-01-06,2020-06-24,tushare_fund_basic,鹏华基金管理有限公司,2022-01-06,008622.OF,008622,True
008623,鹏华中证高股息龙头ETF联接-C,指数型-股票,清盘,2020-06-24,2022-01-06,2020-06-24,tushare_fund_basic,鹏华基金管理有限公司,2022-01-06,008623.OF,008622,False
008709,银河龙头精选股票-A,股票型,清盘,2020-08-06,2023-08-06,2020-08-06,tushare_fund_basic,银河基金管理有限公司,2023-08-06,008709.OF,008709,True
008715,景顺长城价值驱动一年持有期灵活配置混合,混合型-灵活,存续,2021-07-19,,2021-07-19,tushare_fund_basic,景顺长城基金管理有限公司,,008715.OF,008715,True
008768,创金合信上证超大盘量化精选股票-A,股票型,清盘,2019-12-27,2022-12-27,2019-12-27,tushare_fund_basic,创金合信基金管理有限公司,2022-12-27,008768.OF,008768,True
008769,创金合信上证超大盘量化精选股票-C,股票型,清盘,2019-12-27,2022-12-27,2019-12-27,tushare_fund_basic,创金合信基金管理有限公司,2022-12-27,008769.OF,008768,False
008800,中融鑫优创A,混合型-灵活,发行,2020-03-30,,2020-03-30,tushare_fund_basic,国联基金,,008800.OF,008800,True
008801,中融鑫优创C,混合型-灵活,发行,2020-03-30,,2020-03-30,tushare_fund_basic,国联基金,,008801.OF,008800,False
008832,海富通中证长三角领先ETF联接,指数型-股票,清盘,2020-08-17,2023-02-01,2020-08-17,tushare_fund_basic,海富通基金管理有限公司,2023-02-01,008832.OF,008832,True
008848,国联智选对冲策略3个月定开灵活配置混合,混合型-灵活,清盘,2020-04-03,2025-12-31,2020-04-03,tushare_fund_basic,国联基金管理有限公司,2025-12-31,008848.OF,008848,True
008890,中邮价值优选一年定开灵活配置混合,混合型-灵活,清盘,2020-09-09,2023-09-10,2020-09-09,tushare_fund_basic,中邮创业基金管理股份有限公司,2023-09-10,008890.OF,008890,True
008923,建信医疗健康行业股票-A,股票型,存续,2021-12-28,,2021-12-28,tushare_fund_basic,建信基金管理有限责任公司,,008923.OF,008923,True
008924,建信医疗健康行业股票-C,股票型,存续,2021-12-28,,2021-12-28,tushare_fund_basic,建信基金管理有限责任公司,,008924.OF,008923,False
008971,大成纳斯达克100ETF联接(QDII)-C,指数型-海外股票,存续,2023-06-28,,2023-06-28,tushare_fund_basic,大成基金管理有限公司,,008971.OF,008971,True
008972,大成恒生综合中小型股指数(QDII-LOF)-C,指数型-海外股票,清盘,2020-03-03,2023-02-09,2020-03-03,tushare_fund_basic,大成基金管理有限公司,2023-02-09,008972.OF,160922,False
009039,九泰久远量化驱动股票-A,股票型,清盘,2020-04-22,2021-11-02,2020-04-22,tushare_fund_basic,九泰基金管理有限公司,2021-11-02,009039.OF,009039,True
009040,九泰久远量化驱动股票-C,股票型,清盘,2020-04-22,2021-11-02,2020-04-22,tushare_fund_basic,九泰基金管理有限公司,2021-11-02,009040.OF,009039,False
009075,德邦科技创新3年封闭,混合型-灵活,发行,2020-08-04,,2020-08-04,tushare_fund_basic,德邦基金,,009075.OF,009075,True
009079,南方粤港澳大湾区创新100ETF联接-A,指数型-股票,清盘,2020-03-26,2023-03-27,2020-03-26,tushare_fund_basic,南方基金管理股份有限公司,2023-03-27,009079.OF,009079,True
009080,南方粤港澳大湾区创新100ETF联接-C,指数型-股票,清盘,2020-03-26,2023-03-27,2020-03-26,tushare_fund_basic,南方基金管理股份有限公司,2023-03-27,009080.OF,009079,False
009113,浙商汇金卓越优选3个月持有期股票(FOF),股票型,清盘,2020-05-15,2024-01-10,2020-05-15,tushare_fund_basic,浙江浙商证券资产管理有限公司,2024-01-10,009113.OF,009113,True
009194,宏利中证申万绩优策略指数增强-A,指数型-股票,清盘,2020-07-17,2023-06-27,2020-07-17,tushare_fund_basic,宏利基金管理有限公司,2023-06-27,009194.OF,009194,True
009195,宏利中证申万绩优策略指数增强-C,指数型-股票,清盘,2020-07-17,2023-06-27,2020-07-17,tushare_fund_basic,宏利基金管理有限公司,2023-06-27,009195.OF,009194,False
009374,浦银安盛MSCI中国A股ETF联接-A,指数型-海外股票,清盘,2020-09-23,2025-02-18,2020-09-23,tushare_fund_basic,浦银基金管理有限公司,2025-02-18,009374.OF,009374,True
009375,浦银安盛MSCI中国A股ETF联接-C,指数型-海外股票,清盘,2020-09-23,2025-02-18,2020-09-23,tushare_fund_basic,浦银基金管理有限公司,2025-02-18,009375.OF,009374,False
009379,中银成长优选股票-A,股票型,存续,2021-03-23,,2021-03-23,tushare_fund_basic,中银基金管理有限公司,,009379.OF,009379,True
009384,大摩MSCI中国A股指数增强-A,指数型-海外股票,清盘,2020-07-22,2023-04-11,2020-07-22,tushare_fund_basic,摩根士丹利基金管理(中国)有限公司,2023-04-11,009384.OF,009384,True
009472,广发深证100ETF联接-C,指数型-股票,存续,2024-07-04,,2024-07-04,tushare_fund_basic,广发基金管理有限公司,,009472.OF,009472,True
009479,中银中证100ETF联接-A,指数型-股票,清盘,2020-11-10,2023-12-28,2020-11-10,tushare_fund_basic,中银基金管理有限公司,2023-12-28,009479.OF,009479,True
009480,中银中证100ETF联接-C,指数型-股票,清盘,2020-11-10,2023-12-28,2020-11-10,tushare_fund_basic,中银基金管理有限公司,2023-12-28,009480.OF,009479,False
009502,国寿安保创新医药股票-A,股票型,清盘,2020-12-28,2022-10-17,2020-12-28,tushare_fund_basic,国寿安保基金管理有限公司,2022-10-17,009502.OF,009502,True
009503,国寿安保创新医药股票-C,股票型,清盘,2020-12-28,2022-10-17,2020-12-28,tushare_fund_basic,国寿安保基金管理有限公司,2022-10-17,009503.OF,009502,False
009513,创金合信同顺创业板精选股票-A,股票型,清盘,2020-06-29,2023-06-29,2020-06-29,tushare_fund_basic,创金合信基金管理有限公司,2023-06-29,009513.OF,009513,True
009514,创金合信同顺创业板精选股票-C,股票型,清盘,2020-06-29,2023-06-29,2020-06-29,tushare_fund_basic,创金合信基金管理有限公司,2023-06-29,009514.OF,009513,False
009562,工银瑞信中国机会全球配置股票(QDII)-USD,股票型,存续,2021-04-06,,2021-04-06,tushare_fund_basic,工银瑞信基金管理有限公司,,009562.OF,009562,True
009563,工银瑞信中国机会全球配置股票(QDII)-HKD,股票型,存续,2021-04-06,,2021-04-06,tushare_fund_basic,工银瑞信基金管理有限公司,,009563.OF,009563,True
009733,创金合信港股通大消费精选股票-A,股票型,清盘,2020-08-27,2023-08-27,2020-08-27,tushare_fund_basic,创金合信基金管理有限公司,2023-08-27,009733.OF,009733,True
009734,创金合信港股通大消费精选股票-C,股票型,清盘,2020-08-27,2023-08-27,2020-08-27,tushare_fund_basic,创金合信基金管理有限公司,2023-08-27,009734.OF,009733,False
009825,融通通乾研究精选灵活配置混合-C,混合型-灵活,存续,2025-05-26,,2025-05-26,tushare_fund_basic,融通基金管理有限公司,,009825.OF,009825,True
009904,民生加银中证200指数增强-A,指数型-股票,清盘,2020-12-16,2023-12-16,2020-12-16,tushare_fund_basic,民生加银基金管理有限公司,2023-12-16,009904.OF,009904,True
009905,民生加银中证200指数增强-C,指数型-股票,清盘,2020-12-16,2023-12-16,2020-12-16,tushare_fund_basic,民生加银基金管理有限公司,2023-12-16,009905.OF,009904,False
009911,长信价值蓝筹两年定开灵活配置混合-C,混合型-灵活,清盘,2020-08-17,2022-11-10,2020-08-17,tushare_fund_basic,长信基金管理有限责任公司,2022-11-10,009911.OF,005392,False
009945,方正富邦优势精选一年定开A,股票型,发行,2020-08-04,,2020-08-04,tushare_fund_basic,方正富邦基金,,009945.OF,009945,True
009946,方正富邦优势精选一年定开C,股票型,发行,2020-08-04,,2020-08-04,tushare_fund_basic,方正富邦基金,,009946.OF,009945,False
009967,博时荣泰灵活配置混合,混合型-灵活,清盘,2020-08-26,2026-08-07,2020-08-26,tushare_fund_basic,博时基金管理有限公司,2026-08-07,009967.OF,009967,True
009981,万家创业板指数增强A,指数型-股票,存续,2021-01-26,,2021-01-26,tushare_fund_basic,万家基金,,009981.OF,009981,True
009982,万家创业板指数增强C,指数型-股票,存续,2021-01-26,,2021-01-26,tushare_fund_basic,万家基金,,009982.OF,009981,False
010001,创金合信研究精选股票-A,股票型,清盘,2020-11-04,2023-05-23,2020-11-04,tushare_fund_basic,创金合信基金管理有限公司,2023-05-23,010001.OF,010001,True
010002,创金合信研究精选股票-C,股票型,清盘,2020-11-04,2023-05-23,2020-11-04,tushare_fund_basic,创金合信基金管理有限公司,2023-05-23,010002.OF,010001,False
010052,长城久嘉创新成长灵活配置混合-C,混合型-灵活,存续,2021-07-08,,2021-07-08,tushare_fund_basic,长城基金管理有限公司,,010052.OF,010052,True
010066,方正富邦中证500指数增强-A,指数型-股票,清盘,2020-12-02,2022-09-21,2020-12-02,tushare_fund_basic,方正富邦基金管理有限公司,2022-09-21,010066.OF,010066,True
010067,方正富邦中证500指数增强-C,指数型-股票,清盘,2020-12-02,2022-09-21,2020-12-02,tushare_fund_basic,方正富邦基金管理有限公司,2022-09-21,010067.OF,010066,False
010120,九泰久福量化A,股票型,存续,2021-01-20,,2021-01-20,tushare_fund_basic,九泰基金,,010120.OF,010120,True
010121,九泰久福量化C,股票型,存续,2021-01-20,,2021-01-20,tushare_fund_basic,九泰基金,,010121.OF,010120,False
010130,海富通惠增多策略一年定开灵活配置混合-A,混合型-灵活,清盘,2020-09-17,2024-01-02,2020-09-17,tushare_fund_basic,海富通基金管理有限公司,2024-01-02,010130.OF,010130,True
010131,海富通惠增多策略一年定开灵活配置混合-C,混合型-灵活,清盘,2020-09-17,2024-01-02,2020-09-17,tushare_fund_basic,海富通基金管理有限公司,2024-01-02,010131.OF,010130,False
010144,国泰国证医药卫生行业指数-C,指数型-股票,存续,2022-02-16,,2022-02-16,tushare_fund_basic,国泰基金管理有限公司,,010144.OF,160219,False
010185,中金瑞康灵活配置混合,混合型-灵活,清盘,2020-09-15,2021-06-15,2020-09-15,tushare_fund_basic,中金基金管理有限公司,2021-06-15,010185.OF,010185,True
010196,易方达核心优势A,股票型,存续,2021-01-28,,2021-01-28,tushare_fund_basic,易方达基金,,010196.OF,010196,True
010197,易方达核心优势C,股票型,存续,2021-01-28,,2021-01-28,tushare_fund_basic,易方达基金,,010197.OF,010196,False
010204,中银港股通优势成长,股票型,存续,2021-02-09,,2021-02-09,tushare_fund_basic,中银基金,,010204.OF,010204,True
010218,中金瑞泰灵活配置混合,混合型-灵活,清盘,2020-09-23,2021-06-15,2020-09-23,tushare_fund_basic,中金基金管理有限公司,2021-06-15,010218.OF,010218,True
010253,兴银中证500指数增强A,指数型-股票,存续,2021-03-01,,2021-03-01,tushare_fund_basic,兴银基金,,010253.OF,010253,True
010322,大摩新兴产业,股票型,存续,2021-02-24,,2021-02-24,tushare_fund_basic,摩根士丹利基金,,010322.OF,010322,True
010331,天弘消费股票-A,股票型,清盘,2021-03-30,2024-03-30,2021-03-30,tushare_fund_basic,天弘基金管理有限公司,2024-03-30,010331.OF,010331,True
010332,天弘消费股票-C,股票型,清盘,2021-03-30,2024-03-30,2021-03-30,tushare_fund_basic,天弘基金管理有限公司,2024-03-30,010332.OF,010331,False
010343,华宝英国富时100指数(QDII)-A,指数型-股票,清盘,2020-11-10,2023-11-10,2020-11-10,tushare_fund_basic,华宝基金管理有限公司,2023-11-10,010343.OF,010343,True
010344,华宝英国富时100指数(QDII)-C,指数型-股票,清盘,2020-11-10,2023-11-10,2020-11-10,tushare_fund_basic,华宝基金管理有限公司,2023-11-10,010344.OF,010343,False
010361,嘉实品质优选股票-A,股票型,存续,2021-05-25,,2021-05-25,tushare_fund_basic,嘉实基金管理有限公司,,010361.OF,010361,True
010362,嘉实品质优选股票-C,股票型,存续,2021-05-25,,2021-05-25,tushare_fund_basic,嘉实基金管理有限公司,,010362.OF,010361,False
010391,易方达战略新兴产业A,股票型,存续,2021-01-13,,2021-01-13,tushare_fund_basic,易方达基金,,010391.OF,010391,True
010395,融通稳健添盈灵活配置混合-A,混合型-灵活,清盘,2020-11-30,2022-06-21,2020-11-30,tushare_fund_basic,融通基金管理有限公司,2022-06-21,010395.OF,010395,True
010396,融通稳健添盈灵活配置混合-C,混合型-灵活,清盘,2020-11-30,2022-06-21,2020-11-30,tushare_fund_basic,融通基金管理有限公司,2022-06-21,010396.OF,010395,False
010469,圆信永丰聚优股票-A,股票型,存续,2021-04-16,,2021-04-16,tushare_fund_basic,圆信永丰基金管理有限公司,,010469.OF,010469,True
010470,圆信永丰聚优股票-C,股票型,存续,2021-04-16,,2021-04-16,tushare_fund_basic,圆信永丰基金管理有限公司,,010470.OF,010469,False
010561,银华巨潮小盘价值ETF联接-A,指数型-股票,清盘,2021-02-03,2024-02-03,2021-02-03,tushare_fund_basic,银华基金管理股份有限公司,2024-02-03,010561.OF,010561,True
010592,南方医药创新A,股票型,存续,2021-03-02,,2021-03-02,tushare_fund_basic,南方基金,,010592.OF,010592,True
010593,南方医药创新C,股票型,存续,2021-03-02,,2021-03-02,tushare_fund_basic,南方基金,,010593.OF,010592,False
010597,创金合信景雯A,混合型-灵活,存续,2021-02-19,,2021-02-19,tushare_fund_basic,创金合信基金,,010597.OF,010597,True
010598,创金合信景雯C,混合型-灵活,存续,2021-02-19,,2021-02-19,tushare_fund_basic,创金合信基金,,010598.OF,010597,False
010673,兴全中证800六个月持有指数增强A,指数型-海外股票,存续,2021-02-09,,2021-02-09,tushare_fund_basic,兴证全球基金,,010673.OF,010673,True
010674,兴全中证800六个月持有指数增强C,指数型-海外股票,存续,2021-02-09,,2021-02-09,tushare_fund_basic,兴证全球基金,,010674.OF,010673,False
010680,华夏新兴成长A,股票型,存续,2021-01-15,,2021-01-15,tushare_fund_basic,华夏基金,,010680.OF,010680,True
010681,华夏新兴成长C,股票型,存续,2021-01-15,,2021-01-15,tushare_fund_basic,华夏基金,,010681.OF,010680,False
010703,财通智选消费A,股票型,存续,2021-01-27,,2021-01-27,tushare_fund_basic,财通基金,,010703.OF,010703,True
010704,财通智选消费C,股票型,存续,2021-01-27,,2021-01-27,tushare_fund_basic,财通基金,,010704.OF,010703,False
010722,南方中证国有企业改革指数(LOF)-C,指数型-股票,清盘,2020-12-01,2021-04-19,2020-12-01,tushare_fund_basic,南方基金管理股份有限公司,2021-04-19,010722.OF,010722,True
010749,浙商创业板指数增强-A,指数型-股票,清盘,2021-03-19,2024-03-19,2021-03-19,tushare_fund_basic,浙商基金管理有限公司,2024-03-19,010749.OF,010749,True
010750,浙商创业板指数增强-C,指数型-股票,清盘,2021-03-19,2024-03-19,2021-03-19,tushare_fund_basic,浙商基金管理有限公司,2024-03-19,010750.OF,010749,False
010754,招商沪港深科技创新C,混合型-灵活,存续,2021-01-21,,2021-01-21,tushare_fund_basic,招商基金,,010754.OF,010754,True
010769,天弘中证农业主题ETF联接A,指数型-股票,存续,2021-01-22,,2021-01-22,tushare_fund_basic,天弘基金,,010769.OF,010769,True
010770,天弘中证农业主题ETF联接C,指数型-股票,存续,2021-01-22,,2021-01-22,tushare_fund_basic,天弘基金,,010770.OF,010769,False
010777,浙商智选家居股票-A,股票型,清盘,2021-03-19,2024-03-19,2021-03-19,tushare_fund_basic,浙商基金管理有限公司,2024-03-19,010777.OF,010777,True
010778,浙商智选家居股票-C,股票型,清盘,2021-03-19,2024-03-19,2021-03-19,tushare_fund_basic,浙商基金管理有限公司,2024-03-19,010778.OF,010777,False
010785,博时创业板指数-A,指数型-股票,存续,2021-04-02,,2021-04-02,tushare_fund_basic,博时基金管理有限公司,,010785.OF,010785,True
010786,博时创业板指数-C,指数型-股票,存续,2021-04-02,,2021-04-02,tushare_fund_basic,博时基金管理有限公司,,010786.OF,010785,False
010801,长江量化消费精选A,股票型,存续,2021-01-27,,2021-01-27,tushare_fund_basic,长江资管,,010801.OF,010801,True
010802,长江量化消费精选C,股票型,存续,2021-01-27,,2021-01-27,tushare_fund_basic,长江资管,,010802.OF,010801,False
010815,农银汇理新兴消费股票,股票型,存续,2021-03-03,,2021-03-03,tushare_fund_basic,农银汇理基金管理有限公司,,010815.OF,010815,True
010854,汇添富沪深300基本面增强A,指数型-股票,存续,2021-01-20,,2021-01-20,tushare_fund_basic,汇添富基金,,010854.OF,010854,True
010855,汇添富沪深300基本面增强C,指数型-股票,存续,2021-01-20,,2021-01-20,tushare_fund_basic,汇添富基金,,010855.OF,010854,False
010892,中银证券精选行业A,股票型,存续,2021-01-20,,2021-01-20,tushare_fund_basic,中银证券,,010892.OF,010892,True
010893,中银证券精选行业C,股票型,存续,2021-01-20,,2021-01-20,tushare_fund_basic,中银证券,,010893.OF,010892,False
010896,太平价值增长股票-A,股票型,存续,2021-04-21,,2021-04-21,tushare_fund_basic,太平基金管理有限公司,,010896.OF,010896,True
010897,太平价值增长股票-C,股票型,存续,2021-04-21,,2021-04-21,tushare_fund_basic,太平基金管理有限公司,,010897.OF,010896,False
010902,博时成长领航A,混合型-灵活,存续,2021-01-21,,2021-01-21,tushare_fund_basic,博时基金,,010902.OF,010902,True
010903,博时成长领航C,混合型-灵活,存续,2021-01-21,,2021-01-21,tushare_fund_basic,博时基金,,010903.OF,010902,False
010908,大成沪深300增强A,指数型-股票,存续,2021-02-23,,2021-02-23,tushare_fund_basic,大成基金,,010908.OF,010908,True
010909,大成沪深300增强C,指数型-股票,存续,2021-02-23,,2021-02-23,tushare_fund_basic,大成基金,,010909.OF,010908,False
010953,天弘国证A50A,指数型-股票,存续,2021-03-02,,2021-03-02,tushare_fund_basic,天弘基金,,010953.OF,010953,True
010954,天弘国证A50C,指数型-股票,存续,2021-03-02,,2021-03-02,tushare_fund_basic,天弘基金,,010954.OF,010953,False
010955,天弘中证智能汽车A,指数型-股票,存续,2021-01-19,,2021-01-19,tushare_fund_basic,天弘基金,,010955.OF,010955,True
010956,天弘中证智能汽车C,指数型-股票,存续,2021-01-19,,2021-01-19,tushare_fund_basic,天弘基金,,010956.OF,010955,False
010957,九泰久安量化股票-A,股票型,清盘,2021-07-02,2022-08-04,2021-07-02,tushare_fund_basic,九泰基金管理有限公司,2022-08-04,010957.OF,010957,True
010961,九泰久安量化股票-C,股票型,清盘,2021-07-02,2022-08-04,2021-07-02,tushare_fund_basic,九泰基金管理有限公司,2022-08-04,010961.OF,010957,False
010992,东财中证500ETF联接A,指数型-股票,存续,2021-01-20,,2021-01-20,tushare_fund_basic,东财基金,,010992.OF,010992,True
010993,东财中证500ETF联接C,指数型-股票,存续,2021-01-20,,2021-01-20,tushare_fund_basic,东财基金,,010993.OF,010992,False
010998,博道消费智航股票-A,股票型,存续,2021-05-07,,2021-05-07,tushare_fund_basic,博道基金管理有限公司,,010998.OF,010998,True
011013,长城消费30股票-A,股票型,存续,2021-05-11,,2021-05-11,tushare_fund_basic,长城基金管理有限公司,,011013.OF,011013,True
011014,长城消费30股票-C,股票型,存续,2021-05-11,,2021-05-11,tushare_fund_basic,长城基金管理有限公司,,011014.OF,011013,False
011025,九泰久元量化股票-A,股票型,清盘,2021-01-26,2022-02-14,2021-01-26,tushare_fund_basic,九泰基金管理有限公司,2022-02-14,011025.OF,011025,True
011026,九泰久元量化股票-C,股票型,清盘,2021-01-26,2022-02-14,2021-01-26,tushare_fund_basic,九泰基金管理有限公司,2022-02-14,011026.OF,011025,False
011030,达诚价值先锋灵活配置混合-A,混合型-灵活,存续,2021-05-19,,2021-05-19,tushare_fund_basic,达诚基金管理有限公司,,011030.OF,011030,True
011031,达诚价值先锋灵活配置混合-C,混合型-灵活,存续,2021-05-19,,2021-05-19,tushare_fund_basic,达诚基金管理有限公司,,011031.OF,011030,False
011035,嘉实中证稀土产业ETF联接-A,指数型-股票,存续,2021-08-03,,2021-08-03,tushare_fund_basic,嘉实基金管理有限公司,,011035.OF,011035,True
011036,嘉实中证稀土产业ETF联接-C,指数型-股票,存续,2021-08-03,,2021-08-03,tushare_fund_basic,嘉实基金管理有限公司,,011036.OF,011035,False
011040,天弘国证生物医药ETF联接A,指数型-股票,存续,2021-01-27,,2021-01-27,tushare_fund_basic,天弘基金,,011040.OF,011040,True
011041,天弘国证生物医药ETF联接C,指数型-股票,存续,2021-01-27,,2021-01-27,tushare_fund_basic,天弘基金,,011041.OF,011040,False
011042,国泰价值先锋股票-A,股票型,存续,2021-03-09,,2021-03-09,tushare_fund_basic,国泰基金管理有限公司,,011042.OF,011042,True
011043,国泰价值先锋股票-C,股票型,存续,2021-03-09,,2021-03-09,tushare_fund_basic,国泰基金管理有限公司,,011043.OF,011042,False
011056,博时汇兴回报一年持有,混合型-灵活,存续,2021-01-14,,2021-01-14,tushare_fund_basic,博时基金,,011056.OF,011056,True
011077,汇丰晋信创新先锋股票,股票型,存续,2021-03-16,,2021-03-16,tushare_fund_basic,汇丰晋信基金管理有限公司,,011077.OF,011077,True
011086,易方达瑞康A,混合型-灵活,存续,2021-02-02,,2021-02-02,tushare_fund_basic,易方达基金,,011086.OF,011086,True
011087,易方达瑞康C,混合型-灵活,存续,2021-02-02,,2021-02-02,tushare_fund_basic,易方达基金,,011087.OF,011086,False
011102,天弘中证光伏产业A,指数型-股票,存续,2021-01-28,,2021-01-28,tushare_fund_basic,天弘基金,,011102.OF,011102,True
011103,天弘中证光伏产业C,指数型-股票,存续,2021-01-28,,2021-01-28,tushare_fund_basic,天弘基金,,011103.OF,011102,False
011104,光大智能汽车主题A,股票型,存续,2021-02-09,,2021-02-09,tushare_fund_basic,光大保德信基金,,011104.OF,011104,True
011107,九泰天兴量化智选股票-A,股票型,存续,2021-08-12,,2021-08-12,tushare_fund_basic,九泰基金管理有限公司,,011107.OF,011107,True
011108,九泰天兴量化智选股票-C,股票型,存续,2021-08-12,,2021-08-12,tushare_fund_basic,九泰基金管理有限公司,,011108.OF,011107,False
011122,汇添富ESG可持续成长股票-A,股票型,存续,2021-06-10,,2021-06-10,tushare_fund_basic,汇添富基金管理股份有限公司,,011122.OF,011122,True
011123,汇添富ESG可持续成长股票-C,股票型,存续,2021-06-10,,2021-06-10,tushare_fund_basic,汇添富基金管理股份有限公司,,011123.OF,011122,False
011127,富国清洁能源产业C,混合型-灵活,存续,2021-01-15,,2021-01-15,tushare_fund_basic,富国基金,,011127.OF,011127,True
011132,鹏扬沪深300质量成长低波动指数-A,指数型-股票,存续,2021-05-25,,2021-05-25,tushare_fund_basic,鹏扬基金管理有限公司,,011132.OF,011132,True
011133,鹏扬沪深300质量成长低波动指数-C,指数型-股票,存续,2021-05-25,,2021-05-25,tushare_fund_basic,鹏扬基金管理有限公司,,011133.OF,011132,False
011148,南方军工改革C,混合型-灵活,存续,2021-01-15,,2021-01-15,tushare_fund_basic,南方基金,,011148.OF,011148,True
011179,浙商智选食品饮料股票-A,股票型,清盘,2021-03-19,2024-03-19,2021-03-19,tushare_fund_basic,浙商基金管理有限公司,2024-03-19,011179.OF,011179,True
011180,浙商智选食品饮料股票-C,股票型,清盘,2021-03-19,2024-03-19,2021-03-19,tushare_fund_basic,浙商基金管理有限公司,2024-03-19,011180.OF,011179,False
011205,兴银中证500指数增强C,指数型-股票,存续,2021-03-01,,2021-03-01,tushare_fund_basic,兴银基金,,011205.OF,010253,False
011220,南方匠心优选A,股票型,存续,2021-02-02,,2021-02-02,tushare_fund_basic,南方基金,,011220.OF,011220,True
011221,南方匠心优选C,股票型,存续,2021-02-02,,2021-02-02,tushare_fund_basic,南方基金,,011221.OF,011220,False
011224,九泰盈泰量化股票-A,股票型,存续,2021-08-18,,2021-08-18,tushare_fund_basic,九泰基金管理有限公司,,011224.OF,011224,True
011225,九泰盈泰量化股票-C,股票型,存续,2021-08-18,,2021-08-18,tushare_fund_basic,九泰基金管理有限公司,,011225.OF,011224,False
011229,创金合信数字经济主题A,股票型,存续,2021-01-20,,2021-01-20,tushare_fund_basic,创金合信基金,,011229.OF,011229,True
011230,创金合信数字经济主题C,股票型,存续,2021-01-20,,2021-01-20,tushare_fund_basic,创金合信基金,,011230.OF,011229,False
011236,摩根行业睿选A,股票型,存续,2021-02-26,,2021-02-26,tushare_fund_basic,摩根基金,,011236.OF,011236,True
011237,摩根行业睿选C,股票型,存续,2021-02-26,,2021-02-26,tushare_fund_basic,摩根基金,,011237.OF,011236,False
011242,东吴进取策略C,混合型-灵活,存续,2021-01-15,,2021-01-15,tushare_fund_basic,东吴基金,,011242.OF,011242,True
011254,长江量化科技精选一个月滚动持有股票-A,股票型,清盘,2021-06-23,2024-06-23,2021-06-23,tushare_fund_basic,长江证券(上海)资产管理有限公司,2024-06-23,011254.OF,011254,True
011255,长江量化科技精选一个月滚动持有股票-C,股票型,清盘,2021-06-23,2024-06-23,2021-06-23,tushare_fund_basic,长江证券(上海)资产管理有限公司,2024-06-23,011255.OF,011254,False
011269,中银证券优势制造股票-A,股票型,存续,2021-07-08,,2021-07-08,tushare_fund_basic,中银国际证券股份有限公司,,011269.OF,011269,True
011270,中银证券优势制造股票-C,股票型,存续,2021-07-08,,2021-07-08,tushare_fund_basic,中银国际证券股份有限公司,,011270.OF,011269,False
011285,民生加银价值优选6个月持有期股票-A,股票型,存续,2021-06-08,,2021-06-08,tushare_fund_basic,民生加银基金管理有限公司,,011285.OF,011285,True
011286,民生加银价值优选6个月持有期股票-C,股票型,存续,2021-06-08,,2021-06-08,tushare_fund_basic,民生加银基金管理有限公司,,011286.OF,011285,False
011295,中信保诚量化阿尔法股票-C,股票型,存续,2021-04-20,,2021-04-20,tushare_fund_basic,中信保诚基金管理有限公司,,011295.OF,011295,True
011316,天弘创业板300ETF联接-A,指数型-股票,存续,2021-05-07,,2021-05-07,tushare_fund_basic,天弘基金管理有限公司,,011316.OF,011316,True
011317,天弘创业板300ETF联接-C,指数型-股票,存续,2021-05-07,,2021-05-07,tushare_fund_basic,天弘基金管理有限公司,,011317.OF,011316,False
011319,国泰上证综合ETF联接A,指数型-股票,存续,2021-01-22,,2021-01-22,tushare_fund_basic,国泰基金,,011319.OF,011319,True
011320,国泰上证综合ETF联接C,指数型-股票,存续,2021-01-22,,2021-01-22,tushare_fund_basic,国泰基金,,011320.OF,011319,False
011321,国泰大健康C,股票型,存续,2021-01-26,,2021-01-26,tushare_fund_basic,国泰基金,,011321.OF,011321,True
011322,国泰智能装备C,股票型,存续,2021-01-25,,2021-01-25,tushare_fund_basic,国泰基金,,011322.OF,011322,True
011323,国泰智能汽车C,股票型,存续,2021-01-25,,2021-01-25,tushare_fund_basic,国泰基金,,011323.OF,011323,True
011324,国泰价值精选C,混合型-灵活,存续,2021-01-27,,2021-01-27,tushare_fund_basic,国泰基金,,011324.OF,011324,True
011325,国泰江源优势精选C,混合型-灵活,存续,2021-01-27,,2021-01-27,tushare_fund_basic,国泰基金,,011325.OF,011325,True
011326,国泰医药健康C,股票型,存续,2021-01-26,,2021-01-26,tushare_fund_basic,国泰基金,,011326.OF,011326,True
011328,景顺长城新能源产业A,股票型,存续,2021-02-22,,2021-02-22,tushare_fund_basic,景顺长城基金,,011328.OF,011328,True
011329,景顺长城新能源产业C,股票型,存续,2021-02-22,,2021-02-22,tushare_fund_basic,景顺长城基金,,011329.OF,011328,False
011330,鹏华精选群英一年持有期灵活配置混合(MOM),混合型-灵活,存续,2021-09-23,,2021-09-23,tushare_fund_basic,鹏华基金管理有限公司,,011330.OF,011330,True
011342,德邦创业板指数增强A,指数型-股票,发行,2021-06-21,,2021-06-21,tushare_fund_basic,德邦基金,,011342.OF,011342,True
011343,德邦创业板指数增强C,指数型-股票,发行,2021-06-21,,2021-06-21,tushare_fund_basic,德邦基金,,011343.OF,011342,False
011349,淳厚现代服务业股票-A,股票型,存续,2021-08-24,,2021-08-24,tushare_fund_basic,淳厚基金管理有限公司,,011349.OF,011349,True
011350,淳厚现代服务业股票-C,股票型,存续,2021-08-24,,2021-08-24,tushare_fund_basic,淳厚基金管理有限公司,,011350.OF,011349,False
011373,招商前沿医疗保健股票-A,股票型,存续,2021-06-22,,2021-06-22,tushare_fund_basic,招商基金管理有限公司,,011373.OF,011373,True
011374,招商前沿医疗保健股票-C,股票型,存续,2021-06-22,,2021-06-22,tushare_fund_basic,招商基金管理有限公司,,011374.OF,011373,False
011377,创金合信积极成长A,股票型,存续,2021-02-08,,2021-02-08,tushare_fund_basic,创金合信基金,,011377.OF,011377,True
011378,创金合信积极成长C,股票型,存续,2021-02-08,,2021-02-08,tushare_fund_basic,创金合信基金,,011378.OF,011377,False
011384,南方远见回报股票-A,股票型,存续,2021-03-25,,2021-03-25,tushare_fund_basic,南方基金管理股份有限公司,,011384.OF,011384,True
011385,南方远见回报股票-C,股票型,存续,2021-03-25,,2021-03-25,tushare_fund_basic,南方基金管理股份有限公司,,011385.OF,011384,False
011418,汇添富消费精选两年持有期股票-A,股票型,存续,2021-05-11,,2021-05-11,tushare_fund_basic,汇添富基金管理股份有限公司,,011418.OF,011418,True
011419,汇添富消费精选两年持有期股票-C,股票型,存续,2021-05-11,,2021-05-11,tushare_fund_basic,汇添富基金管理股份有限公司,,011419.OF,011418,False
011424,汇添富外延增长主题C,股票型,存续,2021-01-25,,2021-01-25,tushare_fund_basic,汇添富基金,,011424.OF,011424,True
011425,广发优势成长A,股票型,存续,2021-02-09,,2021-02-09,tushare_fund_basic,广发基金,,011425.OF,011425,True
011426,广发优势成长C,股票型,存续,2021-02-09,,2021-02-09,tushare_fund_basic,广发基金,,011426.OF,011425,False
011437,中泰开阳价值优选C,混合型-灵活,存续,2021-02-01,,2021-02-01,tushare_fund_basic,中泰证券资管,,011437.OF,011437,True
011457,新华行业龙头主题股票,股票型,清盘,2021-03-24,2026-08-03,2021-03-24,tushare_fund_basic,新华基金管理股份有限公司,2026-08-03,011457.OF,011457,True
011463,长城量化精选C,股票型,存续,2021-02-03,,2021-02-03,tushare_fund_basic,长城基金,,011463.OF,011463,True
011470,东吴新产业精选C,股票型,存续,2021-02-02,,2021-02-02,tushare_fund_basic,东吴基金,,011470.OF,011470,True
011473,工银战略转型主题C,股票型,存续,2021-02-05,,2021-02-05,tushare_fund_basic,工银瑞信基金,,011473.OF,011473,True
011476,工银新蓝筹C,股票型,存续,2021-02-09,,2021-02-09,tushare_fund_basic,工银瑞信基金,,011476.OF,011476,True
011477,工银总回报C,混合型-灵活,存续,2021-02-05,,2021-02-05,tushare_fund_basic,工银瑞信基金,,011477.OF,011477,True
011478,工银美丽城镇主题C,股票型,存续,2021-02-09,,2021-02-09,tushare_fund_basic,工银瑞信基金,,011478.OF,011478,True
011498,富国沪深300基本面精选股票-A,股票型,存续,2021-06-01,,2021-06-01,tushare_fund_basic,富国基金管理有限公司,,011498.OF,011498,True
011499,富国沪深300基本面精选股票-C,股票型,存续,2021-06-01,,2021-06-01,tushare_fund_basic,富国基金管理有限公司,,011499.OF,011498,False
011501,方正富邦汇福一年定开灵活配置混合-A,混合型-灵活,存续,2021-03-24,,2021-03-24,tushare_fund_basic,方正富邦基金管理有限公司,,011501.OF,011501,True
011502,方正富邦汇福一年定开灵活配置混合-C,混合型-灵活,存续,2021-03-24,,2021-03-24,tushare_fund_basic,方正富邦基金管理有限公司,,011502.OF,011501,False
011506,建信高端装备股票-A,股票型,存续,2021-04-27,,2021-04-27,tushare_fund_basic,建信基金管理有限责任公司,,011506.OF,011506,True
011507,建信高端装备股票-C,股票型,存续,2021-04-27,,2021-04-27,tushare_fund_basic,建信基金管理有限责任公司,,011507.OF,011506,False
011512,天弘中证新能源汽车指数-A,指数型-股票,存续,2021-04-09,,2021-04-09,tushare_fund_basic,天弘基金管理有限公司,,011512.OF,011512,True
011513,天弘中证新能源汽车指数-C,指数型-股票,存续,2021-04-09,,2021-04-09,tushare_fund_basic,天弘基金管理有限公司,,011513.OF,011512,False
011519,九泰中证500A,指数型-股票,发行,2021-07-23,,2021-07-23,tushare_fund_basic,九泰基金,,011519.OF,011519,True
011520,九泰中证500C,指数型-股票,发行,2021-07-23,,2021-07-23,tushare_fund_basic,九泰基金,,011520.OF,011519,False
011530,泓德优质治理灵活配置混合,混合型-灵活,存续,2021-03-23,,2021-03-23,tushare_fund_basic,泓德基金管理有限公司,,011530.OF,011530,True
011545,长江沪深300指数增强-A,指数型-股票,存续,2021-06-02,,2021-06-02,tushare_fund_basic,长江证券(上海)资产管理有限公司,,011545.OF,011545,True
011546,长江沪深300指数增强-C,指数型-股票,存续,2021-06-02,,2021-06-02,tushare_fund_basic,长江证券(上海)资产管理有限公司,,011546.OF,011545,False
011589,九泰天利量化股票-A,股票型,存续,2021-10-12,,2021-10-12,tushare_fund_basic,九泰基金管理有限公司,,011589.OF,011589,True
011590,九泰天利量化股票-C,股票型,存续,2021-10-12,,2021-10-12,tushare_fund_basic,九泰基金管理有限公司,,011590.OF,011589,False
011592,博时军工主题C,股票型,存续,2021-02-24,,2021-02-24,tushare_fund_basic,博时基金,,011592.OF,011592,True
011601,前海开源公共卫生主题精选股票-A,股票型,存续,2021-03-25,,2021-03-25,tushare_fund_basic,前海开源基金管理有限公司,,011601.OF,011601,True
011602,前海开源公共卫生主题精选股票-C,股票型,存续,2021-03-25,,2021-03-25,tushare_fund_basic,前海开源基金管理有限公司,,011602.OF,011601,False
011607,民生加银中证内地资源主题指数-C,股票型,存续,2021-03-09,,2021-03-09,tushare_fund_basic,民生加银基金管理有限公司,,011607.OF,011607,True
011608,易方达上证科创板50ETF联接A,指数型-股票,存续,2021-03-01,,2021-03-01,tushare_fund_basic,易方达基金,,011608.OF,011608,True
011609,易方达上证科创板50ETF联接C,指数型-股票,存续,2021-03-01,,2021-03-01,tushare_fund_basic,易方达基金,,011609.OF,011608,False
011610,华泰柏瑞上证科创板50成份ETF联接-A,股票型,存续,2021-03-04,,2021-03-04,tushare_fund_basic,华泰柏瑞基金管理有限公司,,011610.OF,011610,True
011611,华泰柏瑞上证科创板50成份ETF联接-C,股票型,存续,2021-03-04,,2021-03-04,tushare_fund_basic,华泰柏瑞基金管理有限公司,,011611.OF,011610,False
011612,华夏上证科创板50成份ETF联接-A,股票型,存续,2021-03-04,,2021-03-04,tushare_fund_basic,华夏基金管理有限公司,,011612.OF,011612,True
011613,华夏上证科创板50成份ETF联接-C,股票型,存续,2021-03-04,,2021-03-04,tushare_fund_basic,华夏基金管理有限公司,,011613.OF,011612,False
011614,工银瑞信上证科创板50成份ETF联接-A,股票型,存续,2021-03-05,,2021-03-05,tushare_fund_basic,工银瑞信基金管理有限公司,,011614.OF,011614,True
011615,工银瑞信上证科创板50成份ETF联接-C,股票型,存续,2021-03-05,,2021-03-05,tushare_fund_basic,工银瑞信基金管理有限公司,,011615.OF,011614,False
011616,国投瑞银瑞祥灵活配置混合-C,混合型-灵活,存续,2021-04-01,,2021-04-01,tushare_fund_basic,国投瑞银基金管理有限公司,,011616.OF,011616,True
011618,国投瑞银瑞泰多策略灵活配置混合(LOF)-C,混合型-灵活,存续,2021-04-01,,2021-04-01,tushare_fund_basic,国投瑞银基金管理有限公司,,011618.OF,161233,False
011630,东财中证有色金属指数增强-A,股票型,存续,2021-03-16,,2021-03-16,tushare_fund_basic,东财基金管理有限公司,,011630.OF,011630,True
011631,东财中证有色金属指数增强-C,股票型,存续,2021-03-16,,2021-03-16,tushare_fund_basic,东财基金管理有限公司,,011631.OF,011630,False
011645,国泰核心价值两年持有期股票-A,股票型,存续,2021-06-08,,2021-06-08,tushare_fund_basic,国泰基金管理有限公司,,011645.OF,011645,True
011646,国泰核心价值两年持有期股票-C,股票型,存续,2021-06-08,,2021-06-08,tushare_fund_basic,国泰基金管理有限公司,,011646.OF,011645,False
011651,招商港股通核心精选股票-A,股票型,存续,2021-03-23,,2021-03-23,tushare_fund_basic,招商基金管理有限公司,,011651.OF,011651,True
011652,招商港股通核心精选股票-C,股票型,存续,2021-03-23,,2021-03-23,tushare_fund_basic,招商基金管理有限公司,,011652.OF,011651,False
011667,东财中证高端装备制造指数增强-A,指数型-股票,存续,2021-04-08,,2021-04-08,tushare_fund_basic,东财基金管理有限公司,,011667.OF,011667,True
011668,东财中证高端装备制造指数增强-C,指数型-股票,存续,2021-04-08,,2021-04-08,tushare_fund_basic,东财基金管理有限公司,,011668.OF,011667,False
011685,创金合信先进装备股票-A,股票型,存续,2021-03-29,,2021-03-29,tushare_fund_basic,创金合信基金管理有限公司,,011685.OF,011685,True
011686,创金合信先进装备股票-C,股票型,存续,2021-03-29,,2021-03-29,tushare_fund_basic,创金合信基金管理有限公司,,011686.OF,011685,False
011703,中金鑫瑞优选一年持有期灵活配置混合,混合型-灵活,存续,2021-07-13,,2021-07-13,tushare_fund_basic,中金基金管理有限公司,,011703.OF,011703,True
011706,长信美国标准普尔100等权重指数增强(QDII)-USD,指数型-海外股票,存续,2021-07-01,,2021-07-01,tushare_fund_basic,长信基金管理有限责任公司,,011706.OF,011706,True
011722,前海开源深圳特区精选股票-A,股票型,存续,2021-05-07,,2021-05-07,tushare_fund_basic,前海开源基金管理有限公司,,011722.OF,011722,True
011723,前海开源深圳特区精选股票-C,股票型,存续,2021-05-07,,2021-05-07,tushare_fund_basic,前海开源基金管理有限公司,,011723.OF,011722,False
011726,安信新常态沪港深精选股票-C,股票型,存续,2021-03-17,,2021-03-17,tushare_fund_basic,安信基金管理有限责任公司,,011726.OF,011726,True
011756,博时产业优选灵活配置混合-A,混合型-灵活,存续,2021-07-20,,2021-07-20,tushare_fund_basic,博时基金管理有限公司,,011756.OF,011756,True
011757,博时产业优选灵活配置混合-C,混合型-灵活,存续,2021-07-20,,2021-07-20,tushare_fund_basic,博时基金管理有限公司,,011757.OF,011756,False
011783,泓德睿源三年持有期灵活配置混合,混合型-灵活,存续,2021-04-21,,2021-04-21,tushare_fund_basic,泓德基金管理有限公司,,011783.OF,011783,True
011793,建信智能汽车股票,股票型,存续,2021-09-10,,2021-09-10,tushare_fund_basic,建信基金管理有限责任公司,,011793.OF,011793,True
011824,浙商汇金量化臻选股票-A,股票型,存续,2021-07-01,,2021-07-01,tushare_fund_basic,浙江浙商证券资产管理有限公司,,011824.OF,011824,True
011825,浙商汇金量化臻选股票-C,股票型,存续,2021-07-01,,2021-07-01,tushare_fund_basic,浙江浙商证券资产管理有限公司,,011825.OF,011824,False
011832,西部利得中证人工智能主题指数增强-A,指数型-股票,存续,2021-06-08,,2021-06-08,tushare_fund_basic,西部利得基金管理有限公司,,011832.OF,011832,True
011833,西部利得中证人工智能主题指数增强-C,指数型-股票,存续,2021-06-08,,2021-06-08,tushare_fund_basic,西部利得基金管理有限公司,,011833.OF,011832,False
011836,银华智能建造股票,股票型,存续,2021-09-24,,2021-09-24,tushare_fund_basic,银华基金管理股份有限公司,,011836.OF,011836,True
011839,天弘中证人工智能主题ETF联接-A,指数型-股票,存续,2021-08-17,,2021-08-17,tushare_fund_basic,天弘基金管理有限公司,,011839.OF,011839,True
011840,天弘中证人工智能主题ETF联接-C,指数型-股票,存续,2021-08-17,,2021-08-17,tushare_fund_basic,天弘基金管理有限公司,,011840.OF,011839,False
011853,招商中证消费龙头指数增强-A,指数型-海外股票,存续,2021-05-25,,2021-05-25,tushare_fund_basic,招商基金管理有限公司,,011853.OF,011853,True
011854,招商中证消费龙头指数增强-C,指数型-海外股票,存续,2021-05-25,,2021-05-25,tushare_fund_basic,招商基金管理有限公司,,011854.OF,011853,False
011860,南方中证1000ETF联接-A,指数型-股票,存续,2021-09-27,,2021-09-27,tushare_fund_basic,南方基金管理股份有限公司,,011860.OF,011860,True
011861,南方中证1000ETF联接-C,指数型-股票,存续,2021-09-27,,2021-09-27,tushare_fund_basic,南方基金管理股份有限公司,,011861.OF,011860,False
011870,前海开源国家比较优势灵活配置混合-C,混合型-灵活,存续,2021-03-25,,2021-03-25,tushare_fund_basic,前海开源基金管理有限公司,,011870.OF,011870,True
011871,前海开源沪港深优势精选灵活配置混合-C,混合型-灵活,存续,2021-03-25,,2021-03-25,tushare_fund_basic,前海开源基金管理有限公司,,011871.OF,011871,True
011882,招商蓝筹精选股票-A,股票型,存续,2021-07-27,,2021-07-27,tushare_fund_basic,招商基金管理有限公司,,011882.OF,011882,True
011883,招商蓝筹精选股票-C,股票型,存续,2021-07-27,,2021-07-27,tushare_fund_basic,招商基金管理有限公司,,011883.OF,011882,False
011907,国泰量化收益灵活配置混合-C,混合型-灵活,存续,2021-04-09,,2021-04-09,tushare_fund_basic,国泰基金管理有限公司,,011907.OF,011907,True
011923,大成消费精选股票-A,股票型,存续,2021-05-24,,2021-05-24,tushare_fund_basic,大成基金管理有限公司,,011923.OF,011923,True
011926,大成消费精选股票-C,股票型,存续,2021-05-24,,2021-05-24,tushare_fund_basic,大成基金管理有限公司,,011926.OF,011923,False
011927,博时汇誉回报灵活配置混合-A,混合型-灵活,存续,2021-04-29,,2021-04-29,tushare_fund_basic,博时基金管理有限公司,,011927.OF,011927,True
011928,博时汇誉回报灵活配置混合-C,混合型-灵活,存续,2021-04-29,,2021-04-29,tushare_fund_basic,博时基金管理有限公司,,011928.OF,011927,False
011934,中航量化阿尔法六个月持有期股票-A,股票型,存续,2021-08-25,,2021-08-25,tushare_fund_basic,中航基金管理有限公司,,011934.OF,011934,True
011935,中航量化阿尔法六个月持有期股票-C,股票型,存续,2021-08-25,,2021-08-25,tushare_fund_basic,中航基金管理有限公司,,011935.OF,011934,False
011948,东吴智慧医疗量化策略灵活配置混合-C,混合型-灵活,存续,2021-04-14,,2021-04-14,tushare_fund_basic,东吴基金管理有限公司,,011948.OF,011948,True
011949,东吴多策略灵活配置混合-C,混合型-灵活,存续,2021-04-14,,2021-04-14,tushare_fund_basic,东吴基金管理有限公司,,011949.OF,011949,True
011963,广发稳裕混合-C,混合型-灵活,存续,2021-04-08,,2021-04-08,tushare_fund_basic,广发基金管理有限公司,,011963.OF,011963,True
011964,泰康中证500ETF联接-A,指数型-股票,存续,2022-08-01,,2022-08-01,tushare_fund_basic,泰康基金管理有限公司,,011964.OF,011964,True
011965,泰康中证500ETF联接-C,指数型-股票,存续,2022-08-01,,2022-08-01,tushare_fund_basic,泰康基金管理有限公司,,011965.OF,011964,False
011966,招商中证光伏产业ETF联接-A,指数型-股票,存续,2021-06-18,,2021-06-18,tushare_fund_basic,招商基金管理有限公司,,011966.OF,011966,True
011967,招商中证光伏产业ETF联接-C,指数型-股票,存续,2021-06-18,,2021-06-18,tushare_fund_basic,招商基金管理有限公司,,011967.OF,011966,False
011971,东财中证银行指数-A,指数型-股票,存续,2021-04-30,,2021-04-30,tushare_fund_basic,东财基金管理有限公司,,011971.OF,011971,True
011972,东财中证银行指数-C,指数型-股票,存续,2021-04-30,,2021-04-30,tushare_fund_basic,东财基金管理有限公司,,011972.OF,011971,False
011982,博时内需增长灵活配置混合-C,混合型-灵活,存续,2021-04-09,,2021-04-09,tushare_fund_basic,博时基金管理有限公司,,011982.OF,011982,True
012007,万家瑞富灵活配置混合-C,混合型-灵活,存续,2021-04-19,,2021-04-19,tushare_fund_basic,万家基金管理有限公司,,012007.OF,012007,True
012040,鹏华中证信息技术指数(LOF)-C,指数型-股票,存续,2021-04-14,,2021-04-14,tushare_fund_basic,鹏华基金管理有限公司,,012040.OF,160626,False
012041,鹏华中证国防指数(LOF)-C,指数型-股票,存续,2021-04-14,,2021-04-14,tushare_fund_basic,鹏华基金管理有限公司,,012041.OF,160630,False
012042,鹏华中证银行指数(LOF)-C,指数型-股票,存续,2021-04-14,,2021-04-14,tushare_fund_basic,鹏华基金管理有限公司,,012042.OF,160631,False
012043,鹏华中证酒指数(LOF)-C,指数型-股票,存续,2021-04-14,,2021-04-14,tushare_fund_basic,鹏华基金管理有限公司,,012043.OF,160632,False
012044,鹏华中证全指证券公司指数(LOF)-C,指数型-股票,存续,2021-04-14,,2021-04-14,tushare_fund_basic,鹏华基金管理有限公司,,012044.OF,160633,False
012045,大成医药健康股票-A,股票型,存续,2021-09-16,,2021-09-16,tushare_fund_basic,大成基金管理有限公司,,012045.OF,012045,True
012046,大成医药健康股票-C,股票型,存续,2021-09-16,,2021-09-16,tushare_fund_basic,大成基金管理有限公司,,012046.OF,012045,False
012064,圆信永丰兴诺一年持有期灵活配置混合,混合型-灵活,存续,2021-08-12,,2021-08-12,tushare_fund_basic,圆信永丰基金管理有限公司,,012064.OF,012064,True
012080,易方达中证500指数量化增强-A,指数型-股票,存续,2021-06-15,,2021-06-15,tushare_fund_basic,易方达基金管理有限公司,,012080.OF,012080,True
012081,易方达中证500指数量化增强-C,指数型-股票,存续,2021-06-15,,2021-06-15,tushare_fund_basic,易方达基金管理有限公司,,012081.OF,012080,False
012109,融通稳健添瑞灵活配置混合-A,混合型-灵活,清盘,2021-11-16,2022-05-05,2021-11-16,tushare_fund_basic,融通基金管理有限公司,2022-05-05,012109.OF,012109,True
012110,融通稳健添瑞灵活配置混合-C,混合型-灵活,清盘,2021-11-16,2022-05-05,2021-11-16,tushare_fund_basic,融通基金管理有限公司,2022-05-05,012110.OF,012109,False
012116,中银证券创业板ETF联接-A,指数型-股票,清盘,2021-04-29,2024-04-29,2021-04-29,tushare_fund_basic,中银国际证券股份有限公司,2024-04-29,012116.OF,012116,True
012117,中银证券创业板ETF联接-C,指数型-股票,清盘,2021-04-29,2024-04-29,2021-04-29,tushare_fund_basic,中银国际证券股份有限公司,2024-04-29,012117.OF,012116,False
012126,宏利新能源股票-A,股票型,存续,2021-05-26,,2021-05-26,tushare_fund_basic,宏利基金管理有限公司,,012126.OF,012126,True
012127,宏利新能源股票-C,股票型,存续,2021-05-26,,2021-05-26,tushare_fund_basic,宏利基金管理有限公司,,012127.OF,012126,False
012151,华泰柏瑞中证港股通50ETF联接-A,指数型-海外股票,清盘,2021-09-28,2024-09-28,2021-09-28,tushare_fund_basic,华泰柏瑞基金管理有限公司,2024-09-28,012151.OF,012151,True
012152,华泰柏瑞中证港股通50ETF联接-C,指数型-海外股票,清盘,2021-09-28,2024-09-28,2021-09-28,tushare_fund_basic,华泰柏瑞基金管理有限公司,2024-09-28,012152.OF,012151,False
012157,汇添富上证50基本面增强指数-A,指数型-股票,存续,2022-01-12,,2022-01-12,tushare_fund_basic,汇添富基金管理股份有限公司,,012157.OF,012157,True
012158,汇添富上证50基本面增强指数-C,指数型-股票,存续,2022-01-12,,2022-01-12,tushare_fund_basic,汇添富基金管理股份有限公司,,012158.OF,012157,False
012179,浦银创业板ETF联接-A,指数型-股票,存续,2021-12-29,,2021-12-29,tushare_fund_basic,浦银基金管理有限公司,,012179.OF,012179,True
012180,浦银创业板ETF联接-C,指数型-股票,存续,2021-12-29,,2021-12-29,tushare_fund_basic,浦银基金管理有限公司,,012180.OF,012179,False
012181,中银智能制造股票-C,股票型,存续,2021-05-14,,2021-05-14,tushare_fund_basic,中银基金管理有限公司,,012181.OF,012181,True
012193,泓德睿诚灵活配置混合-A,混合型-灵活,存续,2021-08-26,,2021-08-26,tushare_fund_basic,泓德基金管理有限公司,,012193.OF,012193,True
012194,泓德睿诚灵活配置混合-C,混合型-灵活,存续,2021-08-26,,2021-08-26,tushare_fund_basic,泓德基金管理有限公司,,012194.OF,012193,False
012200,新华鑫科技3个月滚动持有灵活配置混合-A,混合型-灵活,存续,2021-05-26,,2021-05-26,tushare_fund_basic,新华基金管理股份有限公司,,012200.OF,012200,True
012201,新华鑫科技3个月滚动持有灵活配置混合-C,混合型-灵活,存续,2021-05-26,,2021-05-26,tushare_fund_basic,新华基金管理股份有限公司,,012201.OF,012200,False
012206,中泰沪深300指数量化优选增强-A,指数型-股票,存续,2021-07-05,,2021-07-05,tushare_fund_basic,中泰证券(上海)资产管理有限公司,,012206.OF,012206,True
012207,中泰沪深300指数量化优选增强-C,指数型-股票,存续,2021-07-05,,2021-07-05,tushare_fund_basic,中泰证券(上海)资产管理有限公司,,012207.OF,012206,False
012210,申万菱信智能汽车股票-A,股票型,存续,2021-06-22,,2021-06-22,tushare_fund_basic,申万菱信基金管理有限公司,,012210.OF,012210,True
012211,申万菱信智能汽车股票-C,股票型,存续,2021-06-22,,2021-06-22,tushare_fund_basic,申万菱信基金管理有限公司,,012211.OF,012210,False
012212,天弘中证高端装备制造指数增强-A,指数型-股票,存续,2021-12-28,,2021-12-28,tushare_fund_basic,天弘基金管理有限公司,,012212.OF,012212,True
012213,天弘中证高端装备制造指数增强-C,指数型-股票,存续,2021-12-28,,2021-12-28,tushare_fund_basic,天弘基金管理有限公司,,012213.OF,012212,False
012214,民生加银核心资产股票-A,股票型,存续,2021-11-04,,2021-11-04,tushare_fund_basic,民生加银基金管理有限公司,,012214.OF,012214,True
012215,民生加银核心资产股票-C,股票型,存续,2021-11-04,,2021-11-04,tushare_fund_basic,民生加银基金管理有限公司,,012215.OF,012214,False
012237,工银瑞信新价值灵活配置混合-C,混合型-灵活,存续,2021-05-11,,2021-05-11,tushare_fund_basic,工银瑞信基金管理有限公司,,012237.OF,012237,True
012238,工银瑞信养老产业股票-C,股票型,存续,2021-05-11,,2021-05-11,tushare_fund_basic,工银瑞信基金管理有限公司,,012238.OF,012238,True
012239,惠升优势企业一年持有期灵活配置混合,混合型-灵活,存续,2021-07-06,,2021-07-06,tushare_fund_basic,惠升基金管理有限责任公司,,012239.OF,012239,True
012244,广发金融地产精选股票-A,股票型,存续,2021-06-29,,2021-06-29,tushare_fund_basic,广发基金管理有限公司,,012244.OF,012244,True
012245,广发金融地产精选股票-C,股票型,存续,2021-06-29,,2021-06-29,tushare_fund_basic,广发基金管理有限公司,,012245.OF,012244,False
012264,中银研究精选灵活配置混合-C,混合型-灵活,存续,2021-05-14,,2021-05-14,tushare_fund_basic,中银基金管理有限公司,,012264.OF,012264,True
012275,富国中证沪港深500ETF联接-A,指数型-股票,存续,2021-07-14,,2021-07-14,tushare_fund_basic,富国基金管理有限公司,,012275.OF,012275,True
012276,富国中证沪港深500ETF联接-C,指数型-股票,存续,2021-07-14,,2021-07-14,tushare_fund_basic,富国基金管理有限公司,,012276.OF,012275,False
012315,创金合信港股通成长股票-A,股票型,清盘,2021-06-23,2024-06-23,2021-06-23,tushare_fund_basic,创金合信基金管理有限公司,2024-06-23,012315.OF,012315,True
012316,创金合信港股通成长股票-C,股票型,清盘,2021-06-23,2024-06-23,2021-06-23,tushare_fund_basic,创金合信基金管理有限公司,2024-06-23,012316.OF,012315,False
012319,东财国证消费电子主题指数增强-A,指数型-股票,存续,2021-10-11,,2021-10-11,tushare_fund_basic,东财基金管理有限公司,,012319.OF,012319,True
012320,东财国证消费电子主题指数增强-C,指数型-股票,存续,2021-10-11,,2021-10-11,tushare_fund_basic,东财基金管理有限公司,,012320.OF,012319,False
012321,东财中证云计算与大数据主题指数增强-A,指数型-股票,存续,2021-08-11,,2021-08-11,tushare_fund_basic,东财基金管理有限公司,,012321.OF,012321,True
012322,东财中证云计算与大数据主题指数增强-C,指数型-股票,存续,2021-08-11,,2021-08-11,tushare_fund_basic,东财基金管理有限公司,,012322.OF,012321,False
012323,华宝中证医疗ETF联接-C,指数型-股票,存续,2021-05-13,,2021-05-13,tushare_fund_basic,华宝基金管理有限公司,,012323.OF,162412,False
012326,天弘中证全指医疗保健设备与服务ETF联接-A,指数型-股票,清盘,2021-06-29,2024-06-29,2021-06-29,tushare_fund_basic,天弘基金管理有限公司,2024-06-29,012326.OF,012326,True
012327,天弘中证全指医疗保健设备与服务ETF联接-C,指数型-股票,清盘,2021-06-29,2024-06-29,2021-06-29,tushare_fund_basic,天弘基金管理有限公司,2024-06-29,012327.OF,012326,False
012328,天弘中证新能源指数增强-A,指数型-股票,存续,2022-07-04,,2022-07-04,tushare_fund_basic,天弘基金管理有限公司,,012328.OF,012328,True
012329,天弘中证新能源指数增强-C,指数型-股票,存续,2022-07-04,,2022-07-04,tushare_fund_basic,天弘基金管理有限公司,,012329.OF,012328,False
012340,东财中证食品饮料指数增强-A,指数型-股票,存续,2021-11-02,,2021-11-02,tushare_fund_basic,东财基金管理有限公司,,012340.OF,012340,True
012341,东财中证食品饮料指数增强-C,指数型-股票,存续,2021-11-02,,2021-11-02,tushare_fund_basic,东财基金管理有限公司,,012341.OF,012340,False
012348,天弘恒生科技ETF联接(QDII)-A,指数型-海外股票,存续,2021-07-06,,2021-07-06,tushare_fund_basic,天弘基金管理有限公司,,012348.OF,012348,True
012349,天弘恒生科技ETF联接(QDII)-C,指数型-海外股票,存续,2021-07-06,,2021-07-06,tushare_fund_basic,天弘基金管理有限公司,,012349.OF,012348,False
012350,万家元贞量化选股股票-A,股票型,存续,2023-03-14,,2023-03-14,tushare_fund_basic,万家基金管理有限公司,,012350.OF,012350,True
012351,万家元贞量化选股股票-C,股票型,存续,2023-03-14,,2023-03-14,tushare_fund_basic,万家基金管理有限公司,,012351.OF,012350,False
012360,汇丰晋信港股通核心资产股票-A,股票型,存续,2025-08-12,,2025-08-12,tushare_fund_basic,汇丰晋信基金管理有限公司,,012360.OF,012360,True
012361,汇丰晋信港股通核心资产股票-C,股票型,存续,2025-08-12,,2025-08-12,tushare_fund_basic,汇丰晋信基金管理有限公司,,012361.OF,012360,False
012362,国泰中证全指证券公司ETF联接-A,指数型-股票,存续,2021-05-19,,2021-05-19,tushare_fund_basic,国泰基金管理有限公司,,012362.OF,012362,True
012363,国泰中证全指证券公司ETF联接-C,指数型-股票,存续,2021-05-19,,2021-05-19,tushare_fund_basic,国泰基金管理有限公司,,012363.OF,012362,False
012364,广发中证光伏产业指数-A,指数型-股票,存续,2021-07-06,,2021-07-06,tushare_fund_basic,广发基金管理有限公司,,012364.OF,012364,True
012365,广发中证光伏产业指数-C,指数型-股票,存续,2021-07-06,,2021-07-06,tushare_fund_basic,广发基金管理有限公司,,012365.OF,012364,False
012371,东财中证沪港深互联网ETF联接-A,指数型-股票,存续,2021-06-01,,2021-06-01,tushare_fund_basic,东财基金管理有限公司,,012371.OF,012371,True
012372,东财中证沪港深互联网ETF联接-C,指数型-股票,存续,2021-06-01,,2021-06-01,tushare_fund_basic,东财基金管理有限公司,,012372.OF,012371,False
012394,农银汇理中证新华社民族品牌工程指数,指数型-股票,存续,2021-10-08,,2021-10-08,tushare_fund_basic,农银汇理基金管理有限公司,,012394.OF,012394,True
012401,天弘中证医药主题指数增强-A,指数型-股票,存续,2021-08-31,,2021-08-31,tushare_fund_basic,天弘基金管理有限公司,,012401.OF,012401,True
012402,天弘中证医药主题指数增强-C,指数型-股票,存续,2021-08-31,,2021-08-31,tushare_fund_basic,天弘基金管理有限公司,,012402.OF,012401,False
012405,天弘国证建筑材料指数-A,指数型-股票,清盘,2021-11-02,2024-11-02,2021-11-02,tushare_fund_basic,天弘基金管理有限公司,2024-11-02,012405.OF,012405,True
012414,招商中证白酒指数-C,指数型-股票,存续,2021-05-18,,2021-05-18,tushare_fund_basic,招商基金管理有限公司,,012414.OF,161725,False
012415,德邦上证G60创新综合指数增强-A,指数型-股票,清盘,2021-09-29,2024-09-29,2021-09-29,tushare_fund_basic,德邦基金管理有限公司,2024-09-29,012415.OF,012415,True
012416,德邦上证G60创新综合指数增强-C,指数型-股票,清盘,2021-09-29,2024-09-29,2021-09-29,tushare_fund_basic,德邦基金管理有限公司,2024-09-29,012416.OF,012415,False
012417,招商国证生物医药指数-C,指数型-股票,存续,2021-05-18,,2021-05-18,tushare_fund_basic,招商基金管理有限公司,,012417.OF,161726,False
012419,天弘国证建筑材料指数-C,指数型-股票,清盘,2021-11-02,2024-11-02,2021-11-02,tushare_fund_basic,天弘基金管理有限公司,2024-11-02,012419.OF,012405,False
012445,华富新能源股票-A,股票型,存续,2021-06-29,,2021-06-29,tushare_fund_basic,华富基金管理有限公司,,012445.OF,012445,True
012461,东财国证龙头家电指数-A,指数型-股票,存续,2021-07-05,,2021-07-05,tushare_fund_basic,东财基金管理有限公司,,012461.OF,012461,True
012462,东财国证龙头家电指数-C,指数型-股票,存续,2021-07-05,,2021-07-05,tushare_fund_basic,东财基金管理有限公司,,012462.OF,012461,False
012496,同泰行业优选股票-A,股票型,存续,2021-08-30,,2021-08-30,tushare_fund_basic,同泰基金管理有限公司,,012496.OF,012496,True
012497,同泰行业优选股票-C,股票型,存续,2021-08-30,,2021-08-30,tushare_fund_basic,同泰基金管理有限公司,,012497.OF,012496,False
012498,汇添富中证500基本面增强指数-A,指数型-股票,存续,2021-09-16,,2021-09-16,tushare_fund_basic,汇添富基金管理股份有限公司,,012498.OF,012498,True
012499,汇添富中证500基本面增强指数-C,指数型-股票,存续,2021-09-16,,2021-09-16,tushare_fund_basic,汇添富基金管理股份有限公司,,012499.OF,012498,False
012500,博时汇荣回报灵活配置混合-A,混合型-灵活,存续,2021-08-24,,2021-08-24,tushare_fund_basic,博时基金管理有限公司,,012500.OF,012500,True
012501,博时汇荣回报灵活配置混合-C,混合型-灵活,存续,2021-08-24,,2021-08-24,tushare_fund_basic,博时基金管理有限公司,,012501.OF,012500,False
012503,国泰中证环保产业50ETF联接-A,指数型-股票,存续,2021-06-08,,2021-06-08,tushare_fund_basic,国泰基金管理有限公司,,012503.OF,012503,True
012504,国泰中证环保产业50ETF联接-C,指数型-股票,存续,2021-06-08,,2021-06-08,tushare_fund_basic,国泰基金管理有限公司,,012504.OF,012503,False
012516,国泰中证细分机械设备产业主题ETF联接-A,指数型-股票,清盘,2021-06-08,2024-06-11,2021-06-08,tushare_fund_basic,国泰基金管理有限公司,2024-06-11,012516.OF,012516,True
012517,国泰中证细分机械设备产业主题ETF联接-C,指数型-股票,清盘,2021-06-08,2024-06-11,2021-06-08,tushare_fund_basic,国泰基金管理有限公司,2024-06-11,012517.OF,012516,False
012537,华宝中证细分化工产业主题ETF联接-A,指数型-股票,存续,2021-06-24,,2021-06-24,tushare_fund_basic,华宝基金管理有限公司,,012537.OF,012537,True
012538,华宝中证细分化工产业主题ETF联接-C,指数型-股票,存续,2021-06-24,,2021-06-24,tushare_fund_basic,华宝基金管理有限公司,,012538.OF,012537,False
012543,嘉实中证新能源汽车指数-A,指数型-股票,存续,2021-08-18,,2021-08-18,tushare_fund_basic,嘉实基金管理有限公司,,012543.OF,012543,True
012544,嘉实中证新能源汽车指数-C,指数型-股票,存续,2021-08-18,,2021-08-18,tushare_fund_basic,嘉实基金管理有限公司,,012544.OF,012543,False
012547,南方中证银行ETF联接-E,指数型-股票,存续,2021-06-11,,2021-06-11,tushare_fund_basic,南方基金管理股份有限公司,,012547.OF,012547,True
012548,华宝中证细分食品饮料产业主题ETF联接-A,指数型-股票,存续,2021-07-12,,2021-07-12,tushare_fund_basic,华宝基金管理有限公司,,012548.OF,012548,True
012549,华宝中证细分食品饮料产业主题ETF联接-C,指数型-股票,存续,2021-07-12,,2021-07-12,tushare_fund_basic,华宝基金管理有限公司,,012549.OF,012548,False
012550,华宝中证电子50ETF联接-A,指数型-股票,存续,2021-07-19,,2021-07-19,tushare_fund_basic,华宝基金管理有限公司,,012550.OF,012550,True
012551,华宝中证电子50ETF联接-C,指数型-股票,存续,2021-07-19,,2021-07-19,tushare_fund_basic,华宝基金管理有限公司,,012551.OF,012550,False
012552,天弘中证芯片产业ETF联接-A,指数型-股票,存续,2021-07-21,,2021-07-21,tushare_fund_basic,天弘基金管理有限公司,,012552.OF,012552,True
012553,天弘中证芯片产业ETF联接-C,指数型-股票,存续,2021-07-21,,2021-07-21,tushare_fund_basic,天弘基金管理有限公司,,012553.OF,012552,False
012554,西部利得创业板大盘ETF联接-A,指数型-股票,存续,2021-12-01,,2021-12-01,tushare_fund_basic,西部利得基金管理有限公司,,012554.OF,012554,True
012555,西部利得创业板大盘ETF联接-C,指数型-股票,存续,2021-12-01,,2021-12-01,tushare_fund_basic,西部利得基金管理有限公司,,012555.OF,012554,False
012559,天弘中证沪港深科技龙头指数-A,指数型-股票,清盘,2021-10-26,2024-10-26,2021-10-26,tushare_fund_basic,天弘基金管理有限公司,2024-10-26,012559.OF,012559,True
012560,天弘中证沪港深科技龙头指数-C,指数型-股票,清盘,2021-10-26,2024-10-26,2021-10-26,tushare_fund_basic,天弘基金管理有限公司,2024-10-26,012560.OF,012559,False
012561,天弘中证新材料主题指数-A,指数型-股票,清盘,2021-12-01,2024-12-01,2021-12-01,tushare_fund_basic,天弘基金管理有限公司,2024-12-01,012561.OF,012561,True
012562,天弘中证新材料主题指数-C,指数型-股票,清盘,2021-12-01,2024-12-01,2021-12-01,tushare_fund_basic,天弘基金管理有限公司,2024-12-01,012562.OF,012561,False
012570,建信恒生科技指数(QDII)-A,指数型-海外股票,存续,2022-09-21,,2022-09-21,tushare_fund_basic,建信基金管理有限责任公司,,012570.OF,012570,True
012571,建信恒生科技指数(QDII)-C,指数型-海外股票,存续,2022-09-21,,2022-09-21,tushare_fund_basic,建信基金管理有限责任公司,,012571.OF,012570,False
012590,易方达中证全指证券公司ETF联接-A,指数型-股票,存续,2022-03-02,,2022-03-02,tushare_fund_basic,易方达基金管理有限公司,,012590.OF,012590,True
012596,汇添富中证800ETF联接-A,指数型-股票,存续,2021-09-29,,2021-09-29,tushare_fund_basic,汇添富基金管理股份有限公司,,012596.OF,012596,True
012597,汇添富中证800ETF联接-C,指数型-股票,存续,2021-09-29,,2021-09-29,tushare_fund_basic,汇添富基金管理股份有限公司,,012597.OF,012596,False
012598,华安国证生物医药ETF联接-A,指数型-股票,清盘,2021-09-01,2024-09-01,2021-09-01,tushare_fund_basic,华安基金管理有限公司,2024-09-01,012598.OF,012598,True
012599,华安国证生物医药ETF联接-C,指数型-股票,清盘,2021-09-01,2024-09-01,2021-09-01,tushare_fund_basic,华安基金管理有限公司,2024-09-01,012599.OF,012598,False
012600,中银内核驱动股票-C,股票型,存续,2021-06-11,,2021-06-11,tushare_fund_basic,中银基金管理有限公司,,012600.OF,012600,True
012605,东财中证证券保险领先指数-A,指数型-股票,存续,2021-07-21,,2021-07-21,tushare_fund_basic,东财基金管理有限公司,,012605.OF,012605,True
012606,东财中证证券保险领先指数-C,指数型-股票,存续,2021-07-21,,2021-07-21,tushare_fund_basic,东财基金管理有限公司,,012606.OF,012605,False
012607,汇添富保鑫灵活配置混合-C,混合型-灵活,存续,2021-06-30,,2021-06-30,tushare_fund_basic,汇添富基金管理股份有限公司,,012607.OF,012607,True
012615,东吴国企改革主题灵活配置混合-C,混合型-灵活,存续,2021-06-10,,2021-06-10,tushare_fund_basic,东吴基金管理有限公司,,012615.OF,012615,True
012619,嘉实中证软件服务ETF联接-A,指数型-股票,存续,2021-10-21,,2021-10-21,tushare_fund_basic,嘉实基金管理有限公司,,012619.OF,012619,True
012620,嘉实中证软件服务ETF联接-C,指数型-股票,存续,2021-10-21,,2021-10-21,tushare_fund_basic,嘉实基金管理有限公司,,012620.OF,012619,False
012629,广发国证半导体芯片ETF联接-A,指数型-股票,存续,2021-08-09,,2021-08-09,tushare_fund_basic,广发基金管理有限公司,,012629.OF,012629,True
012630,广发国证半导体芯片ETF联接-C,指数型-股票,存续,2021-08-09,,2021-08-09,tushare_fund_basic,广发基金管理有限公司,,012630.OF,012629,False
012631,中银行业优选灵活配置混合-C,混合型-灵活,存续,2021-06-16,,2021-06-16,tushare_fund_basic,中银基金管理有限公司,,012631.OF,012631,True
012634,国泰中证医疗ETF联接-A,指数型-股票,存续,2021-06-23,,2021-06-23,tushare_fund_basic,国泰基金管理有限公司,,012634.OF,012634,True
012635,国泰中证医疗ETF联接-C,指数型-股票,存续,2021-06-23,,2021-06-23,tushare_fund_basic,国泰基金管理有限公司,,012635.OF,012634,False
012636,国泰中证全指软件ETF联接-A,指数型-股票,存续,2021-06-24,,2021-06-24,tushare_fund_basic,国泰基金管理有限公司,,012636.OF,012636,True
012637,国泰中证全指软件ETF联接-C,指数型-股票,存续,2021-06-24,,2021-06-24,tushare_fund_basic,国泰基金管理有限公司,,012637.OF,012636,False
012643,招商中证红利ETF联接-A,指数型-股票,存续,2022-02-23,,2022-02-23,tushare_fund_basic,招商基金管理有限公司,,012643.OF,012643,True
012644,招商中证红利ETF联接-C,指数型-股票,存续,2022-02-23,,2022-02-23,tushare_fund_basic,招商基金管理有限公司,,012644.OF,012643,False
012645,建信中证全指证券公司ETF联接-A,指数型-股票,清盘,2021-09-09,2024-09-09,2021-09-09,tushare_fund_basic,建信基金管理有限责任公司,2024-09-09,012645.OF,012645,True
012646,建信中证全指证券公司ETF联接-C,指数型-股票,清盘,2021-09-09,2024-09-09,2021-09-09,tushare_fund_basic,建信基金管理有限责任公司,2024-09-09,012646.OF,012645,False
012655,博时中证5G产业50ETF联接-A,指数型-股票,清盘,2021-07-14,2024-07-14,2021-07-14,tushare_fund_basic,博时基金管理有限公司,2024-07-14,012655.OF,012655,True
012658,博时中证5G产业50ETF联接-C,指数型-股票,清盘,2021-07-14,2024-07-14,2021-07-14,tushare_fund_basic,博时基金管理有限公司,2024-07-14,012658.OF,012655,False
012659,华安安益灵活配置混合-C,混合型-灵活,存续,2021-06-17,,2021-06-17,tushare_fund_basic,华安基金管理有限公司,,012659.OF,012659,True
012660,华安新乐享灵活配置混合-C,混合型-灵活,存续,2021-06-17,,2021-06-17,tushare_fund_basic,华安基金管理有限公司,,012660.OF,012660,True
012663,国寿安保中证沪港深300ETF联接-A,指数型-股票,存续,2022-02-25,,2022-02-25,tushare_fund_basic,国寿安保基金管理有限公司,,012663.OF,012663,True
012664,国寿安保中证沪港深300ETF联接-C,指数型-股票,存续,2022-02-25,,2022-02-25,tushare_fund_basic,国寿安保基金管理有限公司,,012664.OF,012663,False
012673,国新国证融兴6个月定开灵活配置混合-A,混合型-灵活,清盘,2021-12-15,2024-05-23,2021-12-15,tushare_fund_basic,国新国证基金管理有限公司,2024-05-23,012673.OF,012673,True
012674,国新国证融兴6个月定开灵活配置混合-C,混合型-灵活,清盘,2021-12-15,2024-05-23,2021-12-15,tushare_fund_basic,国新国证基金管理有限公司,2024-05-23,012674.OF,012673,False
012675,国新国证融泽6个月定开灵活配置混合-A,混合型-灵活,存续,2021-08-17,,2021-08-17,tushare_fund_basic,国新国证基金管理有限公司,,012675.OF,012675,True
012676,国新国证融泽6个月定开灵活配置混合-C,混合型-灵活,存续,2021-08-17,,2021-08-17,tushare_fund_basic,国新国证基金管理有限公司,,012676.OF,012675,False
012679,华泰柏瑞中证光伏产业ETF联接-A,指数型-股票,存续,2021-08-17,,2021-08-17,tushare_fund_basic,华泰柏瑞基金管理有限公司,,012679.OF,012679,True
012680,华泰柏瑞中证光伏产业ETF联接-C,指数型-股票,存续,2021-08-17,,2021-08-17,tushare_fund_basic,华泰柏瑞基金管理有限公司,,012680.OF,012679,False
012694,汇添富国证生物医药ETF联接-A,指数型-股票,清盘,2022-02-28,2022-10-31,2022-02-28,tushare_fund_basic,汇添富基金管理股份有限公司,2022-10-31,012694.OF,012694,True
012695,汇添富国证生物医药ETF联接-C,指数型-股票,清盘,2022-02-28,2022-10-31,2022-02-28,tushare_fund_basic,汇添富基金管理股份有限公司,2022-10-31,012695.OF,012694,False
012696,同泰数字经济主题股票-A,股票型,存续,2021-07-26,,2021-07-26,tushare_fund_basic,同泰基金管理有限公司,,012696.OF,012696,True
012697,同泰数字经济主题股票-C,股票型,存续,2021-07-26,,2021-07-26,tushare_fund_basic,同泰基金管理有限公司,,012697.OF,012696,False
012698,平安中证新能源汽车产业ETF联接-A,指数型-股票,存续,2021-06-29,,2021-06-29,tushare_fund_basic,平安基金管理有限公司,,012698.OF,012698,True
012699,平安中证新能源汽车产业ETF联接-C,指数型-股票,存续,2021-06-29,,2021-06-29,tushare_fund_basic,平安基金管理有限公司,,012699.OF,012698,False
012700,易方达中证全指证券公司ETF联接-C,指数型-股票,存续,2022-03-02,,2022-03-02,tushare_fund_basic,易方达基金管理有限公司,,012700.OF,012590,False
012704,中银兴利稳健回报灵活配置混合-A,混合型-灵活,存续,2021-11-03,,2021-11-03,tushare_fund_basic,中银基金管理有限公司,,012704.OF,012704,True
012705,中银兴利稳健回报灵活配置混合-C,混合型-灵活,存续,2021-11-03,,2021-11-03,tushare_fund_basic,中银基金管理有限公司,,012705.OF,012704,False
012708,东方红中证东方红红利低波动指数-A,指数型-股票,存续,2021-12-30,,2021-12-30,tushare_fund_basic,上海东方证券资产管理有限公司,,012708.OF,012708,True
012709,东方红中证东方红红利低波动指数-C,指数型-股票,存续,2021-12-30,,2021-12-30,tushare_fund_basic,上海东方证券资产管理有限公司,,012709.OF,012708,False
012711,前海开源沪港深蓝筹精选灵活配置混合-C,混合型-灵活,存续,2021-06-18,,2021-06-18,tushare_fund_basic,前海开源基金管理有限公司,,012711.OF,012711,True
012712,建信沪深300红利ETF联接-A,指数型-股票,存续,2021-09-08,,2021-09-08,tushare_fund_basic,建信基金管理有限责任公司,,012712.OF,012712,True
012713,建信沪深300红利ETF联接-C,指数型-股票,存续,2021-09-08,,2021-09-08,tushare_fund_basic,建信基金管理有限责任公司,,012713.OF,012712,False
012716,长盛创新先锋灵活配置混合-C,混合型-灵活,存续,2021-07-08,,2021-07-08,tushare_fund_basic,长盛基金管理有限公司,,012716.OF,012716,True
012717,易方达中证科技50ETF联接-A,指数型-股票,存续,2022-02-14,,2022-02-14,tushare_fund_basic,易方达基金管理有限公司,,012717.OF,012717,True
012718,易方达中证科技50ETF联接-C,指数型-股票,存续,2022-02-14,,2022-02-14,tushare_fund_basic,易方达基金管理有限公司,,012718.OF,012717,False
012722,平安中证光伏产业指数-A,指数型-股票,存续,2021-07-14,,2021-07-14,tushare_fund_basic,平安基金管理有限公司,,012722.OF,012722,True
012723,平安中证光伏产业指数-C,指数型-股票,存续,2021-07-14,,2021-07-14,tushare_fund_basic,平安基金管理有限公司,,012723.OF,012722,False
012724,国泰中证畜牧养殖ETF联接-A,指数型-股票,存续,2021-07-02,,2021-07-02,tushare_fund_basic,国泰基金管理有限公司,,012724.OF,012724,True
012725,国泰中证畜牧养殖ETF联接-C,指数型-股票,存续,2021-07-02,,2021-07-02,tushare_fund_basic,国泰基金管理有限公司,,012725.OF,012724,False
012728,国泰中证动漫游戏ETF联接-A,指数型-股票,存续,2021-06-24,,2021-06-24,tushare_fund_basic,国泰基金管理有限公司,,012728.OF,012728,True
012729,国泰中证动漫游戏ETF联接-C,指数型-股票,存续,2021-06-24,,2021-06-24,tushare_fund_basic,国泰基金管理有限公司,,012729.OF,012728,False
012730,国泰中证细分化工产业主题ETF联接-A,指数型-股票,清盘,2021-06-24,2024-06-25,2021-06-24,tushare_fund_basic,国泰基金管理有限公司,2024-06-25,012730.OF,012730,True
012731,国泰中证细分化工产业主题ETF联接-C,指数型-股票,清盘,2021-06-24,2024-06-25,2021-06-24,tushare_fund_basic,国泰基金管理有限公司,2024-06-25,012731.OF,012730,False
012733,易方达中证人工智能主题ETF联接-A,指数型-股票,存续,2022-03-01,,2022-03-01,tushare_fund_basic,易方达基金管理有限公司,,012733.OF,012733,True
012734,易方达中证人工智能主题ETF联接-C,指数型-股票,存续,2022-03-01,,2022-03-01,tushare_fund_basic,易方达基金管理有限公司,,012734.OF,012733,False
012737,广发中证创新药产业ETF联接-A,指数型-股票,存续,2021-07-07,,2021-07-07,tushare_fund_basic,广发基金管理有限公司,,012737.OF,012737,True
012738,广发中证创新药产业ETF联接-C,指数型-股票,存续,2021-07-07,,2021-07-07,tushare_fund_basic,广发基金管理有限公司,,012738.OF,012737,False
012751,建信纳斯达克100指数(QDII)-A-USD-现汇,指数型-海外股票,存续,2021-09-22,,2021-09-22,tushare_fund_basic,建信基金管理有限责任公司,,012751.OF,012751,True
012752,建信纳斯达克100指数(QDII)-C-CNY,指数型-海外股票,存续,2021-09-22,,2021-09-22,tushare_fund_basic,建信基金管理有限责任公司,,012752.OF,012752,True
012753,建信纳斯达克100指数(QDII)-C-USD-现汇,指数型-海外股票,存续,2021-09-22,,2021-09-22,tushare_fund_basic,建信基金管理有限责任公司,,012753.OF,012753,True
012754,鹏华中证内地低碳经济主题ETF联接-A,指数型-股票,存续,2021-07-13,,2021-07-13,tushare_fund_basic,鹏华基金管理有限公司,,012754.OF,012754,True
012755,鹏华中证内地低碳经济主题ETF联接-C,指数型-股票,存续,2021-07-13,,2021-07-13,tushare_fund_basic,鹏华基金管理有限公司,,012755.OF,012754,False
012756,易方达中证龙头企业指数-A,指数型-股票,存续,2022-02-22,,2022-02-22,tushare_fund_basic,易方达基金管理有限公司,,012756.OF,012756,True
012757,易方达中证龙头企业指数-C,指数型-股票,存续,2022-02-22,,2022-02-22,tushare_fund_basic,易方达基金管理有限公司,,012757.OF,012756,False
012759,工银瑞信中证沪港深互联网ETF联接-A,指数型-股票,清盘,2021-11-26,2024-12-03,2021-11-26,tushare_fund_basic,工银瑞信基金管理有限公司,2024-12-03,012759.OF,012759,True
012760,工银瑞信中证沪港深互联网ETF联接-C,指数型-股票,清盘,2021-11-26,2024-12-03,2021-11-26,tushare_fund_basic,工银瑞信基金管理有限公司,2024-12-03,012760.OF,012759,False
012761,华泰柏瑞上证红利ETF联接-A,指数型-股票,存续,2021-11-15,,2021-11-15,tushare_fund_basic,华泰柏瑞基金管理有限公司,,012761.OF,012761,True
012762,华泰柏瑞上证红利ETF联接-C,指数型-股票,存续,2021-11-15,,2021-11-15,tushare_fund_basic,华泰柏瑞基金管理有限公司,,012762.OF,012761,False
012763,华泰紫金中证细分食品饮料产业主题指数-A,指数型-股票,清盘,2021-07-28,2024-07-28,2021-07-28,tushare_fund_basic,华泰证券(上海)资产管理有限公司,2024-07-28,012763.OF,012763,True
012764,华泰紫金中证细分食品饮料产业主题指数-C,指数型-股票,清盘,2021-07-28,2024-07-28,2021-07-28,tushare_fund_basic,华泰证券(上海)资产管理有限公司,2024-07-28,012764.OF,012763,False
012768,华夏中证动漫游戏ETF联接-A,指数型-股票,存续,2021-08-31,,2021-08-31,tushare_fund_basic,华夏基金管理有限公司,,012768.OF,012768,True
012769,华夏中证动漫游戏ETF联接-C,指数型-股票,存续,2021-08-31,,2021-08-31,tushare_fund_basic,华夏基金管理有限公司,,012769.OF,012768,False
012771,宝盈优势产业灵活配置混合-C,混合型-灵活,存续,2021-07-02,,2021-07-02,tushare_fund_basic,宝盈基金管理有限公司,,012771.OF,012771,True
012772,信澳精华灵活配置混合-C,混合型-灵活,存续,2021-06-28,,2021-06-28,tushare_fund_basic,信达澳亚基金管理有限公司,,012772.OF,012772,True
012781,银华中证创新药产业ETF联接-A,指数型-股票,存续,2021-12-30,,2021-12-30,tushare_fund_basic,银华基金管理股份有限公司,,012781.OF,012781,True
012782,银华中证创新药产业ETF联接-C,指数型-股票,存续,2021-12-30,,2021-12-30,tushare_fund_basic,银华基金管理股份有限公司,,012782.OF,012781,False
012798,华宝第三产业灵活配置混合-C,混合型-灵活,清盘,2021-07-02,2024-07-18,2021-07-02,tushare_fund_basic,华宝基金管理有限公司,2024-07-18,012798.OF,004481,False
012800,宏利转型机遇股票-C,股票型,存续,2021-07-12,,2021-07-12,tushare_fund_basic,宏利基金管理有限公司,,012800.OF,012800,True
012801,富国中证医药50ETF联接-A,指数型-股票,存续,2021-12-24,,2021-12-24,tushare_fund_basic,富国基金管理有限公司,,012801.OF,012801,True
012802,富国中证医药50ETF联接-C,指数型-股票,存续,2021-12-24,,2021-12-24,tushare_fund_basic,富国基金管理有限公司,,012802.OF,012801,False
012804,广发恒生科技ETF联接(QDII)-A,指数型-海外股票,存续,2021-08-11,,2021-08-11,tushare_fund_basic,广发基金管理有限公司,,012804.OF,012804,True
012805,广发恒生科技ETF联接(QDII)-C,指数型-海外股票,存续,2021-08-11,,2021-08-11,tushare_fund_basic,广发基金管理有限公司,,012805.OF,012804,False
012808,鹏华中证A股资源产业指数(LOF)-C,指数型-股票,存续,2021-07-19,,2021-07-19,tushare_fund_basic,鹏华基金管理有限公司,,012808.OF,160620,False
012809,鹏华中证沪港深科技龙头指数(LOF)-C,指数型-股票,存续,2021-12-07,,2021-12-07,tushare_fund_basic,鹏华基金管理有限公司,,012809.OF,012809,True
012810,鹏华国证钢铁行业指数(LOF)-C,指数型-股票,存续,2021-07-19,,2021-07-19,tushare_fund_basic,鹏华基金管理有限公司,,012810.OF,502023,False
012811,华宝MSCI中国A股国际通ESG通用指数(LOF)-C,指数型-海外股票,清盘,2021-07-09,2023-10-11,2021-07-09,tushare_fund_basic,华宝基金管理有限公司,2023-10-11,012811.OF,501086,False
012815,宝盈新兴产业灵活配置混合-C,混合型-灵活,存续,2021-07-02,,2021-07-02,tushare_fund_basic,宝盈基金管理有限公司,,012815.OF,012815,True
012831,南方中证新能源ETF联接-A,指数型-股票,存续,2021-08-24,,2021-08-24,tushare_fund_basic,南方基金管理股份有限公司,,012831.OF,012831,True
012832,南方中证新能源ETF联接-C,指数型-股票,存续,2021-08-24,,2021-08-24,tushare_fund_basic,南方基金管理股份有限公司,,012832.OF,012831,False
012835,招商景气精选股票-A,股票型,存续,2021-07-20,,2021-07-20,tushare_fund_basic,招商基金管理有限公司,,012835.OF,012835,True
012836,招商景气精选股票-C,股票型,存续,2021-07-20,,2021-07-20,tushare_fund_basic,招商基金管理有限公司,,012836.OF,012835,False
012837,华安CES半导体芯片行业指数-A,指数型-股票,存续,2021-08-03,,2021-08-03,tushare_fund_basic,华安基金管理有限公司,,012837.OF,012837,True
012838,华安CES半导体芯片行业指数-C,指数型-股票,存续,2021-08-03,,2021-08-03,tushare_fund_basic,华安基金管理有限公司,,012838.OF,012837,False
012842,易方达中证军工指数(LOF)-C,指数型-股票,存续,2021-07-19,,2021-07-19,tushare_fund_basic,易方达基金管理有限公司,,012842.OF,502003,False
012847,诺安积极回报灵活配置混合-C,混合型-灵活,存续,2021-07-06,,2021-07-06,tushare_fund_basic,诺安基金管理有限公司,,012847.OF,012847,True
012854,英大中证ESG120策略指数-A,指数型-股票,存续,2022-03-15,,2022-03-15,tushare_fund_basic,英大基金管理有限公司,,012854.OF,012854,True
012855,英大中证ESG120策略指数-C,指数型-股票,存续,2022-03-15,,2022-03-15,tushare_fund_basic,英大基金管理有限公司,,012855.OF,012854,False
012857,汇添富中证主要消费ETF联接-C,指数型-股票,存续,2021-07-09,,2021-07-09,tushare_fund_basic,汇添富基金管理股份有限公司,,012857.OF,012857,True
012860,易方达标普500指数(QDII-LOF)-C-CNY,指数型-海外股票,存续,2021-07-19,,2021-07-19,tushare_fund_basic,易方达基金管理有限公司,,012860.OF,012860,True
012861,易方达标普500指数(QDII-LOF)-C-USD-现汇,指数型-海外股票,存续,2021-07-19,,2021-07-19,tushare_fund_basic,易方达基金管理有限公司,,012861.OF,012861,True
012862,汇添富中证电池主题ETF联接-A,指数型-股票,存续,2021-08-11,,2021-08-11,tushare_fund_basic,汇添富基金管理股份有限公司,,012862.OF,012862,True
012863,汇添富中证电池主题ETF联接-C,指数型-股票,存续,2021-08-11,,2021-08-11,tushare_fund_basic,汇添富基金管理股份有限公司,,012863.OF,012862,False
012864,易方达标普医疗保健指数(QDII-LOF)-C-CNY,指数型-海外股票,存续,2021-07-21,,2021-07-21,tushare_fund_basic,易方达基金管理有限公司,,012864.OF,012864,True
012865,易方达标普医疗保健指数(QDII-LOF)-C-USD-现汇,指数型-海外股票,存续,2021-07-21,,2021-07-21,tushare_fund_basic,易方达基金管理有限公司,,012865.OF,012865,True
012866,易方达标普生物科技指数(QDII-LOF)-C-CNY,指数型-海外股票,存续,2021-07-23,,2021-07-23,tushare_fund_basic,易方达基金管理有限公司,,012866.OF,012866,True
012867,易方达标普生物科技指数(QDII-LOF)-C-USD-现汇,指数型-海外股票,存续,2021-07-23,,2021-07-23,tushare_fund_basic,易方达基金管理有限公司,,012867.OF,012867,True
012868,易方达标普信息科技指数(QDII-LOF)-C-CNY,指数型-海外股票,存续,2021-07-21,,2021-07-21,tushare_fund_basic,易方达基金管理有限公司,,012868.OF,012868,True
012869,易方达标普信息科技指数(QDII-LOF)-C-USD-现汇,指数型-海外股票,存续,2021-07-21,,2021-07-21,tushare_fund_basic,易方达基金管理有限公司,,012869.OF,012869,True
012870,易方达纳斯达克100ETF联接(QDII-LOF)-C-CNY,指数型-海外股票,存续,2021-07-23,,2021-07-23,tushare_fund_basic,易方达基金管理有限公司,,012870.OF,012870,True
012871,易方达纳斯达克100ETF联接(QDII-LOF)-C-USD-现汇,指数型-海外股票,存续,2021-07-23,,2021-07-23,tushare_fund_basic,易方达基金管理有限公司,,012871.OF,012871,True
012872,易方达中小企业100指数(LOF)-C,指数型-股票,存续,2021-07-21,,2021-07-21,tushare_fund_basic,易方达基金管理有限公司,,012872.OF,161118,False
012873,易方达中证国有企业改革指数(LOF)-C,指数型-股票,存续,2021-07-19,,2021-07-19,tushare_fund_basic,易方达基金管理有限公司,,012873.OF,502006,False
012874,易方达中证全指证券公司指数(LOF)-C,指数型-股票,存续,2021-07-19,,2021-07-19,tushare_fund_basic,易方达基金管理有限公司,,012874.OF,502010,False
012875,易方达上证50指数(LOF)-C,指数型-股票,存续,2021-07-23,,2021-07-23,tushare_fund_basic,易方达基金管理有限公司,,012875.OF,502048,False
012882,工银瑞信中证科技龙头ETF联接-A,指数型-股票,清盘,2021-07-22,2024-07-29,2021-07-22,tushare_fund_basic,工银瑞信基金管理有限公司,2024-07-29,012882.OF,012882,True
012883,工银瑞信中证科技龙头ETF联接-C,指数型-股票,清盘,2021-07-22,2024-07-29,2021-07-22,tushare_fund_basic,工银瑞信基金管理有限公司,2024-07-29,012883.OF,012882,False
012884,华夏港股通精选股票(LOF)-C,股票型,存续,2021-07-13,,2021-07-13,tushare_fund_basic,华夏基金管理有限公司,,012884.OF,160322,False
012885,华夏中证光伏产业ETF联接-A,指数型-股票,存续,2021-08-17,,2021-08-17,tushare_fund_basic,华夏基金管理有限公司,,012885.OF,012885,True
012886,华夏中证光伏产业ETF联接-C,指数型-股票,存续,2021-08-17,,2021-08-17,tushare_fund_basic,华夏基金管理有限公司,,012886.OF,012885,False
012891,安信鑫发优选灵活配置混合-C,混合型-灵活,存续,2021-07-01,,2021-07-01,tushare_fund_basic,安信基金管理有限责任公司,,012891.OF,012891,True
012894,天弘中证科创创业50ETF联接-A,指数型-股票,存续,2021-07-16,,2021-07-16,tushare_fund_basic,天弘基金管理有限公司,,012894.OF,012894,True
012895,天弘中证科创创业50ETF联接-C,指数型-股票,存续,2021-07-16,,2021-07-16,tushare_fund_basic,天弘基金管理有限公司,,012895.OF,012894,False
012898,兴银中证科创创业50指数-A,指数型-股票,存续,2021-07-14,,2021-07-14,tushare_fund_basic,兴银基金管理有限责任公司,,012898.OF,012898,True
012899,兴银中证科创创业50指数-C,指数型-股票,存续,2021-07-14,,2021-07-14,tushare_fund_basic,兴银基金管理有限责任公司,,012899.OF,012898,False
012900,招商创业板指数增强-A,指数型-股票,存续,2021-11-16,,2021-11-16,tushare_fund_basic,招商基金管理有限公司,,012900.OF,012900,True
012901,招商创业板指数增强-C,指数型-股票,存续,2021-11-16,,2021-11-16,tushare_fund_basic,招商基金管理有限公司,,012901.OF,012900,False
012907,鹏扬中证科创创业50ETF联接-A,指数型-股票,存续,2021-07-16,,2021-07-16,tushare_fund_basic,鹏扬基金管理有限公司,,012907.OF,012907,True
012908,鹏扬中证科创创业50ETF联接-C,指数型-股票,存续,2021-07-16,,2021-07-16,tushare_fund_basic,鹏扬基金管理有限公司,,012908.OF,012907,False
012911,同泰沪深300指数量化增强-A,指数型-海外股票,存续,2021-07-23,,2021-07-23,tushare_fund_basic,同泰基金管理有限公司,,012911.OF,012911,True
012912,同泰沪深300指数量化增强-C,指数型-海外股票,存续,2021-07-23,,2021-07-23,tushare_fund_basic,同泰基金管理有限公司,,012912.OF,012911,False
012919,华宝未来主导产业灵活配置混合-C,混合型-灵活,清盘,2021-07-21,2024-01-31,2021-07-21,tushare_fund_basic,华宝基金管理有限公司,2024-01-31,012919.OF,002634,False
012924,华夏新时代灵活配置混合(QDII)-USD-现汇,混合型-灵活,存续,2021-11-09,,2021-11-09,tushare_fund_basic,华夏基金管理有限公司,,012924.OF,012924,True
012925,华夏新时代灵活配置混合(QDII)-USD-现钞,混合型-灵活,存续,2021-11-09,,2021-11-09,tushare_fund_basic,华夏基金管理有限公司,,012925.OF,012925,True
012926,民生加银中证500指数增强-A,指数型-股票,存续,2021-08-10,,2021-08-10,tushare_fund_basic,民生加银基金管理有限公司,,012926.OF,012926,True
012927,民生加银中证500指数增强-C,指数型-股票,存续,2021-08-10,,2021-08-10,tushare_fund_basic,民生加银基金管理有限公司,,012927.OF,012926,False
012928,银华中证光伏产业ETF联接-A,指数型-股票,存续,2022-04-20,,2022-04-20,tushare_fund_basic,银华基金管理股份有限公司,,012928.OF,012928,True
012929,银华中证光伏产业ETF联接-C,指数型-股票,存续,2022-04-20,,2022-04-20,tushare_fund_basic,银华基金管理股份有限公司,,012929.OF,012928,False
012930,中庚价值先锋股票,股票型,存续,2021-08-20,,2021-08-20,tushare_fund_basic,中庚基金管理有限公司,,012930.OF,012930,True
012940,中泰星元价值优选灵活配置混合-C,混合型-灵活,存续,2021-07-19,,2021-07-19,tushare_fund_basic,中泰证券(上海)资产管理有限公司,,012940.OF,012940,True
012961,招商创业板大盘ETF联接-A,指数型-股票,清盘,2022-03-29,2023-03-29,2022-03-29,tushare_fund_basic,招商基金管理有限公司,2023-03-29,012961.OF,012961,True
012962,招商创业板大盘ETF联接-C,指数型-股票,清盘,2022-03-29,2023-03-29,2022-03-29,tushare_fund_basic,招商基金管理有限公司,2023-03-29,012962.OF,012961,False
012969,鹏华国证半导体芯片ETF联接-A,指数型-股票,存续,2021-08-24,,2021-08-24,tushare_fund_basic,鹏华基金管理有限公司,,012969.OF,012969,True
012970,鹏华国证半导体芯片ETF联接-C,指数型-股票,存续,2021-08-24,,2021-08-24,tushare_fund_basic,鹏华基金管理有限公司,,012970.OF,012969,False
012973,国泰中证800汽车与零部件ETF联接-A,指数型-股票,存续,2021-08-03,,2021-08-03,tushare_fund_basic,国泰基金管理有限公司,,012973.OF,012973,True
012974,国泰中证800汽车与零部件ETF联接-C,指数型-股票,存续,2021-08-03,,2021-08-03,tushare_fund_basic,国泰基金管理有限公司,,012974.OF,012973,False
012979,大成恒生科技ETF联接(QDII)-A,指数型-海外股票,存续,2021-09-09,,2021-09-09,tushare_fund_basic,大成基金管理有限公司,,012979.OF,012979,True
012980,大成恒生科技ETF联接(QDII)-C,指数型-海外股票,存续,2021-09-09,,2021-09-09,tushare_fund_basic,大成基金管理有限公司,,012980.OF,012979,False
012989,天弘国证港股通50指数-A,指数型-海外股票,清盘,2022-03-30,2023-08-24,2022-03-30,tushare_fund_basic,天弘基金管理有限公司,2023-08-24,012989.OF,012989,True
012990,天弘国证港股通50指数-C,指数型-海外股票,清盘,2022-03-30,2023-08-24,2022-03-30,tushare_fund_basic,天弘基金管理有限公司,2023-08-24,012990.OF,012989,False
012997,鹏华优选回报灵活配置混合-C,混合型-灵活,存续,2021-07-20,,2021-07-20,tushare_fund_basic,鹏华基金管理有限公司,,012997.OF,012997,True
013004,国泰价值领航股票-A,股票型,存续,2021-09-07,,2021-09-07,tushare_fund_basic,国泰基金管理有限公司,,013004.OF,013004,True
013005,国泰价值领航股票-C,股票型,存续,2021-09-07,,2021-09-07,tushare_fund_basic,国泰基金管理有限公司,,013005.OF,013004,False
013011,工银瑞信中证创新药产业ETF联接-A,指数型-股票,清盘,2021-12-29,2025-01-06,2021-12-29,tushare_fund_basic,工银瑞信基金管理有限公司,2025-01-06,013011.OF,013011,True
013012,工银瑞信中证创新药产业ETF联接-C,指数型-股票,清盘,2021-12-29,2025-01-06,2021-12-29,tushare_fund_basic,工银瑞信基金管理有限公司,2025-01-06,013012.OF,013011,False
013013,华夏中证新能源汽车ETF联接-A,指数型-股票,存续,2021-09-09,,2021-09-09,tushare_fund_basic,华夏基金管理有限公司,,013013.OF,013013,True
013014,华夏中证新能源汽车ETF联接-C,指数型-股票,存续,2021-09-09,,2021-09-09,tushare_fund_basic,华夏基金管理有限公司,,013014.OF,013013,False
013019,国泰中证全指建筑材料ETF联接-A,指数型-股票,清盘,2021-08-03,2024-08-05,2021-08-03,tushare_fund_basic,国泰基金管理有限公司,2024-08-05,013019.OF,013019,True
013020,国泰中证全指建筑材料ETF联接-C,指数型-股票,清盘,2021-08-03,2024-08-05,2021-08-03,tushare_fund_basic,国泰基金管理有限公司,2024-08-05,013020.OF,013019,False
013025,富国宏观策略灵活配置混合-C,混合型-灵活,存续,2021-07-16,,2021-07-16,tushare_fund_basic,富国基金管理有限公司,,013025.OF,013025,True
013031,民生加银中证800指数增强-A,指数型-股票,清盘,2021-09-28,2024-09-28,2021-09-28,tushare_fund_basic,民生加银基金管理有限公司,2024-09-28,013031.OF,013031,True
013032,民生加银中证800指数增强-C,指数型-股票,清盘,2021-09-28,2024-09-28,2021-09-28,tushare_fund_basic,民生加银基金管理有限公司,2024-09-28,013032.OF,013031,False
013035,富国中证军工指数-C,指数型-股票,存续,2021-07-19,,2021-07-19,tushare_fund_basic,富国基金管理有限公司,,013035.OF,161024,False
013048,富国中证新能源汽车指数-C,指数型-股票,存续,2021-07-19,,2021-07-19,tushare_fund_basic,富国基金管理有限公司,,013048.OF,161028,False
013049,兴业能源革新股票-A,股票型,存续,2021-08-31,,2021-08-31,tushare_fund_basic,兴业基金管理有限公司,,013049.OF,013049,True
013050,兴业能源革新股票-C,股票型,存续,2021-08-31,,2021-08-31,tushare_fund_basic,兴业基金管理有限公司,,013050.OF,013049,False
013053,天弘国证龙头家电指数-A,指数型-股票,存续,2022-03-15,,2022-03-15,tushare_fund_basic,天弘基金管理有限公司,,013053.OF,013053,True
013054,天弘国证龙头家电指数-C,指数型-股票,存续,2022-03-15,,2022-03-15,tushare_fund_basic,天弘基金管理有限公司,,013054.OF,013053,False
013074,银河沪深300价值指数-C,指数型-股票,存续,2021-07-26,,2021-07-26,tushare_fund_basic,银河基金管理有限公司,,013074.OF,013074,True
013080,中信保诚中证800医药指数(LOF)-C,指数型-股票,存续,2021-08-26,,2021-08-26,tushare_fund_basic,中信保诚基金管理有限公司,,013080.OF,165519,False
013081,中信保诚中证800有色指数(LOF)-C,指数型-股票,存续,2021-08-26,,2021-08-26,tushare_fund_basic,中信保诚基金管理有限公司,,013081.OF,165520,False
013082,中信保诚中证基建工程指数(LOF)-C,指数型-股票,存续,2021-08-26,,2021-08-26,tushare_fund_basic,中信保诚基金管理有限公司,,013082.OF,165525,False
013083,中信保诚中证信息安全指数(LOF)-C,指数型-股票,存续,2021-08-26,,2021-08-26,tushare_fund_basic,中信保诚基金管理有限公司,,013083.OF,165523,False
013084,中信保诚中证智能家居指数(LOF)-C,指数型-股票,存续,2021-08-26,,2021-08-26,tushare_fund_basic,中信保诚基金管理有限公司,,013084.OF,165524,False
013093,汇添富中证沪港深科技龙头指数-A,指数型-股票,清盘,2021-09-29,2024-09-29,2021-09-29,tushare_fund_basic,汇添富基金管理股份有限公司,2024-09-29,013093.OF,013093,True
013094,汇添富中证沪港深科技龙头指数-C,指数型-股票,清盘,2021-09-29,2024-09-29,2021-09-29,tushare_fund_basic,汇添富基金管理股份有限公司,2024-09-29,013094.OF,013093,False
013105,华安中证光伏产业ETF联接-A,指数型-股票,清盘,2021-09-01,2024-09-01,2021-09-01,tushare_fund_basic,华安基金管理有限公司,2024-09-01,013105.OF,013105,True
013106,华安中证光伏产业ETF联接-C,指数型-股票,清盘,2021-09-01,2024-09-01,2021-09-01,tushare_fund_basic,华安基金管理有限公司,2024-09-01,013106.OF,013105,False
013116,华安文体健康主题灵活配置混合-C,混合型-灵活,存续,2021-08-23,,2021-08-23,tushare_fund_basic,华安基金管理有限公司,,013116.OF,013116,True
013119,中信保诚中证500指数(LOF)-C,指数型-股票,存续,2021-08-26,,2021-08-26,tushare_fund_basic,中信保诚基金管理有限公司,,013119.OF,165511,False
013120,中信保诚沪深300指数(LOF)-C,指数型-股票,存续,2021-08-26,,2021-08-26,tushare_fund_basic,中信保诚基金管理有限公司,,013120.OF,165515,False
013121,中信保诚中证800金融指数(LOF)-C,指数型-股票,存续,2021-08-26,,2021-08-26,tushare_fund_basic,中信保诚基金管理有限公司,,013121.OF,165521,False
013122,中信保诚中证TMT产业主题指数(LOF)-C,指数型-股票,存续,2021-08-26,,2021-08-26,tushare_fund_basic,中信保诚基金管理有限公司,,013122.OF,165522,False
013125,华夏中证细分食品饮料产业主题ETF联接-A,指数型-股票,存续,2021-10-26,,2021-10-26,tushare_fund_basic,华夏基金管理有限公司,,013125.OF,013125,True
013126,华夏中证细分食品饮料产业主题ETF联接-C,指数型-股票,存续,2021-10-26,,2021-10-26,tushare_fund_basic,华夏基金管理有限公司,,013126.OF,013125,False
013127,汇添富恒生科技ETF联接(QDII)-A,指数型-海外股票,存续,2021-10-26,,2021-10-26,tushare_fund_basic,汇添富基金管理股份有限公司,,013127.OF,013127,True
013128,汇添富恒生科技ETF联接(QDII)-C,指数型-海外股票,存续,2021-10-26,,2021-10-26,tushare_fund_basic,汇添富基金管理股份有限公司,,013128.OF,013127,False
013129,汇添富中证沪港深消费龙头指数-A,指数型-股票,清盘,2021-10-26,2024-10-26,2021-10-26,tushare_fund_basic,汇添富基金管理股份有限公司,2024-10-26,013129.OF,013129,True
013130,汇添富中证沪港深消费龙头指数-C,指数型-股票,清盘,2021-10-26,2024-10-26,2021-10-26,tushare_fund_basic,汇添富基金管理股份有限公司,2024-10-26,013130.OF,013129,False
013132,创金合信文娱媒体股票-A,股票型,存续,2021-08-12,,2021-08-12,tushare_fund_basic,创金合信基金管理有限公司,,013132.OF,013132,True
013133,创金合信文娱媒体股票-C,股票型,存续,2021-08-12,,2021-08-12,tushare_fund_basic,创金合信基金管理有限公司,,013133.OF,013132,False
013134,南方MSCI中国A股国际通ETF联接-E,指数型-海外股票,存续,2021-08-02,,2021-08-02,tushare_fund_basic,南方基金管理股份有限公司,,013134.OF,013134,True
013142,华商乐享互联灵活配置混合-C,混合型-灵活,存续,2021-07-30,,2021-07-30,tushare_fund_basic,华商基金管理有限公司,,013142.OF,013142,True
013151,长信低碳环保行业量化股票-C,股票型,存续,2021-08-12,,2021-08-12,tushare_fund_basic,长信基金管理有限责任公司,,013151.OF,013151,True
013152,长信消费精选行业量化股票-C,股票型,存续,2021-08-12,,2021-08-12,tushare_fund_basic,长信基金管理有限责任公司,,013152.OF,013152,True
013153,长信电子信息行业量化灵活配置混合-C,混合型-灵活,存续,2021-08-12,,2021-08-12,tushare_fund_basic,长信基金管理有限责任公司,,013153.OF,013153,True
013154,长信医疗保健行业灵活配置混合(LOF)-C,混合型-灵活,存续,2021-08-12,,2021-08-12,tushare_fund_basic,长信基金管理有限责任公司,,013154.OF,163001,False
013157,前海开源新经济灵活配置混合-C,混合型-灵活,存续,2021-07-29,,2021-07-29,tushare_fund_basic,前海开源基金管理有限公司,,013157.OF,013157,True
013162,广发中证沪港深科技龙头ETF联接-A,指数型-股票,清盘,2021-08-25,2024-08-26,2021-08-25,tushare_fund_basic,广发基金管理有限公司,2024-08-26,013162.OF,013162,True
013163,广发中证沪港深科技龙头ETF联接-C,指数型-股票,清盘,2021-08-25,2024-08-26,2021-08-25,tushare_fund_basic,广发基金管理有限公司,2024-08-26,013163.OF,013162,False
013171,华夏恒生互联网科技业ETF联接(QDII)-A,指数型-海外股票,存续,2021-09-14,,2021-09-14,tushare_fund_basic,华夏基金管理有限公司,,013171.OF,013171,True
013172,华夏恒生互联网科技业ETF联接(QDII)-C,指数型-海外股票,存续,2021-09-14,,2021-09-14,tushare_fund_basic,华夏基金管理有限公司,,013172.OF,013171,False
013174,银华华证ESG领先指数,指数型-股票,存续,2021-11-19,,2021-11-19,tushare_fund_basic,银华基金管理股份有限公司,,013174.OF,013174,True
013177,华宝深证创新100ETF联接-A,指数型-股票,清盘,2021-09-07,2024-09-07,2021-09-07,tushare_fund_basic,华宝基金管理有限公司,2024-09-07,013177.OF,013177,True
013178,华宝深证创新100ETF联接-C,指数型-股票,清盘,2021-09-07,2024-09-07,2021-09-07,tushare_fund_basic,华宝基金管理有限公司,2024-09-07,013178.OF,013177,False
013179,广发国证新能源车电池ETF联接-A,指数型-股票,存续,2021-08-16,,2021-08-16,tushare_fund_basic,广发基金管理有限公司,,013179.OF,013179,True
013180,广发国证新能源车电池ETF联接-C,指数型-股票,存续,2021-08-16,,2021-08-16,tushare_fund_basic,广发基金管理有限公司,,013180.OF,013179,False
013183,浦银医疗健康灵活配置混合-C,混合型-灵活,存续,2021-07-30,,2021-07-30,tushare_fund_basic,浦银基金管理有限公司,,013183.OF,013183,True
013188,华夏能源革新股票-C,股票型,存续,2021-08-04,,2021-08-04,tushare_fund_basic,华夏基金管理有限公司,,013188.OF,013188,True
013195,招商中证新能源汽车指数-A,指数型-股票,存续,2021-08-27,,2021-08-27,tushare_fund_basic,招商基金管理有限公司,,013195.OF,013195,True
013196,招商中证新能源汽车指数-C,指数型-股票,存续,2021-08-27,,2021-08-27,tushare_fund_basic,招商基金管理有限公司,,013196.OF,013195,False
013218,国泰中证有色金属ETF联接-A,指数型-股票,清盘,2021-08-13,2024-08-16,2021-08-13,tushare_fund_basic,国泰基金管理有限公司,2024-08-16,013218.OF,013218,True
013219,国泰中证有色金属ETF联接-C,指数型-股票,清盘,2021-08-13,2024-08-16,2021-08-13,tushare_fund_basic,国泰基金管理有限公司,2024-08-16,013219.OF,013218,False
013224,浦银港股通量化优选灵活配置混合-C,混合型-灵活,存续,2021-08-05,,2021-08-05,tushare_fund_basic,浦银基金管理有限公司,,013224.OF,013224,True
013233,华夏中证500指数智选增强-A,指数型-股票,存续,2021-08-11,,2021-08-11,tushare_fund_basic,华夏基金管理有限公司,,013233.OF,013233,True
013234,华夏中证500指数智选增强-C,指数型-股票,存续,2021-08-11,,2021-08-11,tushare_fund_basic,华夏基金管理有限公司,,013234.OF,013233,False
013242,华银优势行业股票,股票型,存续,2021-09-27,,2021-09-27,tushare_fund_basic,华银基金管理有限公司,,013242.OF,013242,True
013259,浦银新经济结构灵活配置混合-C,混合型-灵活,存续,2021-08-05,,2021-08-05,tushare_fund_basic,浦银基金管理有限公司,,013259.OF,013259,True
013262,西部利得个股精选股票-C,股票型,清盘,2021-08-09,2025-08-15,2021-08-09,tushare_fund_basic,西部利得基金管理有限公司,2025-08-15,013262.OF,673090,False
013266,泰信智选成长灵活配置混合-C,混合型-灵活,存续,2022-09-16,,2022-09-16,tushare_fund_basic,泰信基金管理有限公司,,013266.OF,013266,True
013273,招商沪深300地产等权重指数-C,指数型-股票,存续,2021-08-12,,2021-08-12,tushare_fund_basic,招商基金管理有限公司,,013273.OF,161721,False
013275,富国中证煤炭指数(LOF)-C,指数型-股票,存续,2021-08-19,,2021-08-19,tushare_fund_basic,富国基金管理有限公司,,013275.OF,161032,False
013276,富国中证全指证券公司指数-C,指数型-股票,存续,2021-08-17,,2021-08-17,tushare_fund_basic,富国基金管理有限公司,,013276.OF,161027,False
013277,富国创业板ETF联接-C,指数型-股票,存续,2024-01-31,,2024-01-31,tushare_fund_basic,富国基金管理有限公司,,013277.OF,013277,True
0132771,富国创业板指数-C,股票型,清盘,2021-08-17,2024-01-30,2021-08-17,tushare_fund_basic,富国基金管理有限公司,2024-01-30,0132771.OF,1610221,False
013278,富国中证体育产业指数-C,指数型-股票,存续,2021-08-17,,2021-08-17,tushare_fund_basic,富国基金管理有限公司,,013278.OF,161030,False
013280,宏利睿智稳健灵活配置混合-C,混合型-灵活,存续,2021-10-12,,2021-10-12,tushare_fund_basic,宏利基金管理有限公司,,013280.OF,013280,True
013286,富国上证综指ETF联接-C,指数型-股票,存续,2021-08-24,,2021-08-24,tushare_fund_basic,富国基金管理有限公司,,013286.OF,013286,True
013291,富国沪深300增强-C,指数型-股票,存续,2021-08-24,,2021-08-24,tushare_fund_basic,富国基金管理有限公司,,013291.OF,013291,True
013292,富国中证智能汽车指数(LOF)-C,指数型-股票,存续,2021-08-24,,2021-08-24,tushare_fund_basic,富国基金管理有限公司,,013292.OF,161033,False
013298,南方中证科创创业50ETF联接-A,指数型-股票,存续,2021-08-19,,2021-08-19,tushare_fund_basic,南方基金管理股份有限公司,,013298.OF,013298,True
013299,南方中证科创创业50ETF联接-C,指数型-股票,存续,2021-08-19,,2021-08-19,tushare_fund_basic,南方基金管理股份有限公司,,013299.OF,013298,False
013302,招商中证科创创业50ETF联接-A,指数型-股票,存续,2021-08-24,,2021-08-24,tushare_fund_basic,招商基金管理有限公司,,013302.OF,013302,True
013303,招商中证科创创业50ETF联接-C,指数型-股票,存续,2021-08-24,,2021-08-24,tushare_fund_basic,招商基金管理有限公司,,013303.OF,013302,False
013304,易方达中证科创创业50ETF联接-A,指数型-股票,存续,2021-08-24,,2021-08-24,tushare_fund_basic,易方达基金管理有限公司,,013304.OF,013304,True
013305,易方达中证科创创业50ETF联接-C,指数型-股票,存续,2021-08-24,,2021-08-24,tushare_fund_basic,易方达基金管理有限公司,,013305.OF,013304,False
013306,国泰中证科创创业50ETF联接-A,指数型-股票,清盘,2021-08-25,2024-08-26,2021-08-25,tushare_fund_basic,国泰基金管理有限公司,2024-08-26,013306.OF,013306,True
013307,国泰中证科创创业50ETF联接-C,指数型-股票,清盘,2021-08-25,2024-08-26,2021-08-25,tushare_fund_basic,国泰基金管理有限公司,2024-08-26,013307.OF,013306,False
013308,易方达恒生科技ETF联接(QDII)-A,指数型-海外股票,存续,2022-04-29,,2022-04-29,tushare_fund_basic,易方达基金管理有限公司,,013308.OF,013308,True
013309,易方达恒生科技ETF联接(QDII)-C,指数型-海外股票,存续,2022-04-29,,2022-04-29,tushare_fund_basic,易方达基金管理有限公司,,013309.OF,013308,False
013310,华夏中证科创创业50ETF联接-A,指数型-股票,存续,2021-08-24,,2021-08-24,tushare_fund_basic,华夏基金管理有限公司,,013310.OF,013310,True
013311,华夏中证科创创业50ETF联接-C,指数型-股票,存续,2021-08-24,,2021-08-24,tushare_fund_basic,华夏基金管理有限公司,,013311.OF,013310,False
013313,富国中证科创创业50ETF联接-A,指数型-股票,存续,2021-08-24,,2021-08-24,tushare_fund_basic,富国基金管理有限公司,,013313.OF,013313,True
013314,富国中证科创创业50ETF联接-C,指数型-股票,存续,2021-08-24,,2021-08-24,tushare_fund_basic,富国基金管理有限公司,,013314.OF,013313,False
013315,嘉实中证科创创业50ETF联接-A,指数型-股票,存续,2021-08-24,,2021-08-24,tushare_fund_basic,嘉实基金管理有限公司,,013315.OF,013315,True
013316,嘉实中证科创创业50ETF联接-C,指数型-股票,存续,2021-08-24,,2021-08-24,tushare_fund_basic,嘉实基金管理有限公司,,013316.OF,013315,False
013317,华宝中证科创创业50ETF联接-A,指数型-股票,存续,2021-08-25,,2021-08-25,tushare_fund_basic,华宝基金管理有限公司,,013317.OF,013317,True
013318,华宝中证科创创业50ETF联接-C,指数型-股票,存续,2021-08-25,,2021-08-25,tushare_fund_basic,华宝基金管理有限公司,,013318.OF,013317,False
013319,华安中证新能源汽车ETF联接-A,指数型-股票,存续,2021-10-19,,2021-10-19,tushare_fund_basic,华安基金管理有限公司,,013319.OF,013319,True
013320,华安中证新能源汽车ETF联接-C,指数型-股票,存续,2021-10-19,,2021-10-19,tushare_fund_basic,华安基金管理有限公司,,013320.OF,013319,False
013328,嘉实全球价值机会股票(QDII)-CNY,股票型,存续,2021-11-23,,2021-11-23,tushare_fund_basic,嘉实基金管理有限公司,,013328.OF,013328,True
013329,嘉实全球价值机会股票(QDII)-USD-现汇,股票型,存续,2021-11-23,,2021-11-23,tushare_fund_basic,嘉实基金管理有限公司,,013329.OF,013329,True
013330,富国中证银行指数-C,指数型-股票,存续,2021-08-19,,2021-08-19,tushare_fund_basic,富国基金管理有限公司,,013330.OF,161029,False
013331,富国中证1000指数增强(LOF)-C,指数型-股票,存续,2021-08-19,,2021-08-19,tushare_fund_basic,富国基金管理有限公司,,013331.OF,161039,False
013332,富国中证500指数增强(LOF)-C,指数型-股票,存续,2021-08-19,,2021-08-19,tushare_fund_basic,富国基金管理有限公司,,013332.OF,161017,False
013339,创金合信芯片产业股票-A,股票型,存续,2021-09-28,,2021-09-28,tushare_fund_basic,创金合信基金管理有限公司,,013339.OF,013339,True
013340,创金合信芯片产业股票-C,股票型,存续,2021-09-28,,2021-09-28,tushare_fund_basic,创金合信基金管理有限公司,,013340.OF,013339,False
013347,工银瑞信丰盈回报灵活配置混合-C,混合型-灵活,存续,2021-08-23,,2021-08-23,tushare_fund_basic,工银瑞信基金管理有限公司,,013347.OF,013347,True
013350,光大保德信先进服务业灵活配置混合-C,混合型-灵活,存续,2021-08-17,,2021-08-17,tushare_fund_basic,光大保德信基金管理有限公司,,013350.OF,013350,True
013355,工银瑞信新金融股票-C,股票型,存续,2021-08-23,,2021-08-23,tushare_fund_basic,工银瑞信基金管理有限公司,,013355.OF,013355,True
013402,华夏恒生科技ETF联接(QDII)-A,指数型-海外股票,存续,2021-09-28,,2021-09-28,tushare_fund_basic,华夏基金管理有限公司,,013402.OF,013402,True
013403,华夏恒生科技ETF联接(QDII)-C,指数型-海外股票,存续,2021-09-28,,2021-09-28,tushare_fund_basic,华夏基金管理有限公司,,013403.OF,013402,False
013404,大成标普500等权重指数(QDII)-A-USD,指数型-海外股票,存续,2021-09-07,,2021-09-07,tushare_fund_basic,大成基金管理有限公司,,013404.OF,013404,True
013410,博时裕隆灵活配置混合-C,混合型-灵活,存续,2021-08-31,,2021-08-31,tushare_fund_basic,博时基金管理有限公司,,013410.OF,013410,True
013413,交银中证环境治理指数(LOF)-C,指数型-股票,存续,2021-08-27,,2021-08-27,tushare_fund_basic,交银施罗德基金管理有限公司,,013413.OF,164908,False
013414,太平智远三个月定开股票,股票型,存续,2021-08-25,,2021-08-25,tushare_fund_basic,太平基金管理有限公司,,013414.OF,013414,True
013415,永赢中证全指医疗器械ETF联接-A,指数型-股票,存续,2021-11-22,,2021-11-22,tushare_fund_basic,永赢基金管理有限公司,,013415.OF,013415,True
013416,永赢中证全指医疗器械ETF联接-C,指数型-股票,存续,2021-11-22,,2021-11-22,tushare_fund_basic,永赢基金管理有限公司,,013416.OF,013415,False
013425,博时标普500ETF联接(QDII)-A-USD-现汇,指数型-海外股票,存续,2021-09-07,,2021-09-07,tushare_fund_basic,博时基金管理有限公司,,013425.OF,013425,True
013437,财通资管中证有色金属指数-A,指数型-股票,清盘,2021-09-01,2024-09-01,2021-09-01,tushare_fund_basic,财通证券资产管理有限公司,2024-09-01,013437.OF,013437,True
013438,财通资管中证有色金属指数-C,指数型-股票,清盘,2021-09-01,2024-09-01,2021-09-01,tushare_fund_basic,财通证券资产管理有限公司,2024-09-01,013438.OF,013437,False
013442,建信中证1000指数增强-E,指数型-股票,存续,2021-09-06,,2021-09-06,tushare_fund_basic,建信基金管理有限责任公司,,013442.OF,013442,True
013443,建信创业板ETF联接-E,指数型-股票,存续,2021-09-06,,2021-09-06,tushare_fund_basic,建信基金管理有限责任公司,,013443.OF,013443,True
013444,建信上证50ETF联接-E,指数型-股票,存续,2021-09-06,,2021-09-06,tushare_fund_basic,建信基金管理有限责任公司,,013444.OF,013444,True
013445,东财中证芯片产业ETF联接-A,指数型-股票,存续,2021-09-16,,2021-09-16,tushare_fund_basic,东财基金管理有限公司,,013445.OF,013445,True
013446,东财中证芯片产业ETF联接-C,指数型-股票,存续,2021-09-16,,2021-09-16,tushare_fund_basic,东财基金管理有限公司,,013446.OF,013445,False
013447,华宝中证智能制造主题ETF联接-A,指数型-股票,清盘,2021-10-21,2024-10-21,2021-10-21,tushare_fund_basic,华宝基金管理有限公司,2024-10-21,013447.OF,013447,True
013448,华宝中证智能制造主题ETF联接-C,指数型-股票,清盘,2021-10-21,2024-10-21,2021-10-21,tushare_fund_basic,华宝基金管理有限公司,2024-10-21,013448.OF,013447,False
013453,交银国证新能源指数(LOF)-C,指数型-股票,存续,2021-09-29,,2021-09-29,tushare_fund_basic,交银施罗德基金管理有限公司,,013453.OF,164905,False
013465,博时智选量化多因子股票-A,股票型,存续,2021-11-02,,2021-11-02,tushare_fund_basic,博时基金管理有限公司,,013465.OF,013465,True
013466,博时智选量化多因子股票-C,股票型,存续,2021-11-02,,2021-11-02,tushare_fund_basic,博时基金管理有限公司,,013466.OF,013465,False
013471,华宝中证全指农牧渔ETF联接-A,指数型-股票,存续,2021-12-06,,2021-12-06,tushare_fund_basic,华宝基金管理有限公司,,013471.OF,013471,True
013472,华宝中证全指农牧渔ETF联接-C,指数型-股票,存续,2021-12-06,,2021-12-06,tushare_fund_basic,华宝基金管理有限公司,,013472.OF,013471,False
013473,华宝中证新材料主题ETF联接-A,指数型-股票,清盘,2021-10-14,2024-10-14,2021-10-14,tushare_fund_basic,华宝基金管理有限公司,2024-10-14,013473.OF,013473,True
013474,华宝中证新材料主题ETF联接-C,指数型-股票,清盘,2021-10-14,2024-10-14,2021-10-14,tushare_fund_basic,华宝基金管理有限公司,2024-10-14,013474.OF,013473,False
013475,华宝中证智能电动汽车ETF联接-A,指数型-股票,存续,2021-11-02,,2021-11-02,tushare_fund_basic,华宝基金管理有限公司,,013475.OF,013475,True
013476,华宝中证智能电动汽车ETF联接-C,指数型-股票,存续,2021-11-02,,2021-11-02,tushare_fund_basic,华宝基金管理有限公司,,013476.OF,013475,False
013477,华宝中证金融科技主题ETF联接-A,指数型-股票,存续,2021-11-25,,2021-11-25,tushare_fund_basic,华宝基金管理有限公司,,013477.OF,013477,True
013478,华宝中证金融科技主题ETF联接-C,指数型-股票,存续,2021-11-25,,2021-11-25,tushare_fund_basic,华宝基金管理有限公司,,013478.OF,013477,False
013479,金鹰先进制造股票(LOF)-C,股票型,存续,2022-01-11,,2022-01-11,tushare_fund_basic,金鹰基金管理有限公司,,013479.OF,162107,False
013480,华宝国证治理指数-A,指数型-股票,清盘,2021-12-14,2024-12-14,2021-12-14,tushare_fund_basic,华宝基金管理有限公司,2024-12-14,013480.OF,013480,True
013481,华宝国证治理指数-C,指数型-股票,清盘,2021-12-14,2024-12-14,2021-12-14,tushare_fund_basic,华宝基金管理有限公司,2024-12-14,013481.OF,013480,False
013484,长城行业轮动灵活配置混合-C,混合型-灵活,存续,2021-09-02,,2021-09-02,tushare_fund_basic,长城基金管理有限公司,,013484.OF,013484,True
013488,长信多利灵活配置混合-C,混合型-灵活,存续,2021-09-03,,2021-09-03,tushare_fund_basic,长信基金管理有限责任公司,,013488.OF,013488,True
013490,同泰金融精选股票-A,股票型,存续,2021-11-30,,2021-11-30,tushare_fund_basic,同泰基金管理有限公司,,013490.OF,013490,True
013491,同泰金融精选股票-C,股票型,存续,2021-11-30,,2021-11-30,tushare_fund_basic,同泰基金管理有限公司,,013491.OF,013490,False
013499,博时标普500ETF联接(QDII)-C-USD-现汇,指数型-海外股票,存续,2021-09-07,,2021-09-07,tushare_fund_basic,博时基金管理有限公司,,013499.OF,013499,True
013500,南方金融主题灵活配置混合-C,混合型-灵活,存续,2021-09-07,,2021-09-07,tushare_fund_basic,南方基金管理股份有限公司,,013500.OF,013500,True
013501,南方品质优选灵活配置混合-C,混合型-灵活,存续,2021-09-07,,2021-09-07,tushare_fund_basic,南方基金管理股份有限公司,,013501.OF,013501,True
013502,易方达中证内地低碳经济主题ETF联接-A,指数型-股票,存续,2022-04-07,,2022-04-07,tushare_fund_basic,易方达基金管理有限公司,,013502.OF,013502,True
013503,易方达中证内地低碳经济主题ETF联接-C,指数型-股票,存续,2022-04-07,,2022-04-07,tushare_fund_basic,易方达基金管理有限公司,,013503.OF,013502,False
013505,华安新丝路主题股票-C,股票型,存续,2021-09-06,,2021-09-06,tushare_fund_basic,华安基金管理有限公司,,013505.OF,013505,True
013511,汇丰晋信低碳先锋股票-C,股票型,存续,2021-09-13,,2021-09-13,tushare_fund_basic,汇丰晋信基金管理有限公司,,013511.OF,013511,True
013515,汇添富蓝筹稳健灵活配置混合-C,混合型-灵活,存续,2021-09-03,,2021-09-03,tushare_fund_basic,汇添富基金管理股份有限公司,,013515.OF,013515,True
013516,汇添富蓝筹稳健灵活配置混合-E,混合型-灵活,存续,2021-09-03,,2021-09-03,tushare_fund_basic,汇添富基金管理股份有限公司,,013516.OF,013515,False
013527,嘉实中证细分化工产业主题ETF联接-A,指数型-股票,存续,2022-09-22,,2022-09-22,tushare_fund_basic,嘉实基金管理有限公司,,013527.OF,013527,True
013528,嘉实中证细分化工产业主题ETF联接-C,指数型-股票,存续,2022-09-22,,2022-09-22,tushare_fund_basic,嘉实基金管理有限公司,,013528.OF,013527,False
013532,广发安宏回报灵活配置混合-E,混合型-灵活,存续,2021-09-10,,2021-09-10,tushare_fund_basic,广发基金管理有限公司,,013532.OF,013532,True
013566,华夏军工安全灵活配置混合-C,混合型-灵活,存续,2021-12-06,,2021-12-06,tushare_fund_basic,华夏基金管理有限公司,,013566.OF,013566,True
013596,招商中证煤炭等权指数-C,指数型-股票,存续,2021-09-13,,2021-09-13,tushare_fund_basic,招商基金管理有限公司,,013596.OF,161724,False
013597,招商中证全指证券公司指数-C,指数型-股票,存续,2021-09-13,,2021-09-13,tushare_fund_basic,招商基金管理有限公司,,013597.OF,161720,False
013601,国泰中证光伏产业ETF联接-A,指数型-股票,存续,2021-10-20,,2021-10-20,tushare_fund_basic,国泰基金管理有限公司,,013601.OF,013601,True
013602,国泰中证光伏产业ETF联接-C,指数型-股票,存续,2021-10-20,,2021-10-20,tushare_fund_basic,国泰基金管理有限公司,,013602.OF,013601,False
013605,华夏中证内地低碳经济主题ETF联接-A,指数型-股票,清盘,2021-10-15,2024-10-15,2021-10-15,tushare_fund_basic,华夏基金管理有限公司,2024-10-15,013605.OF,013605,True
013606,华夏中证内地低碳经济主题ETF联接-C,指数型-股票,清盘,2021-10-15,2024-10-15,2021-10-15,tushare_fund_basic,华夏基金管理有限公司,2024-10-15,013606.OF,013605,False
013613,宝盈国家安全战略沪港深股票-C,股票型,存续,2021-09-24,,2021-09-24,tushare_fund_basic,宝盈基金管理有限公司,,013613.OF,013613,True
013618,华安大安全主题灵活配置混合-C,混合型-灵活,存续,2021-10-18,,2021-10-18,tushare_fund_basic,华安基金管理有限公司,,013618.OF,013618,True
013619,华安动态灵活配置混合-C,混合型-灵活,存续,2021-10-18,,2021-10-18,tushare_fund_basic,华安基金管理有限公司,,013619.OF,013619,True
013622,华安智能装备主题股票-C,股票型,存续,2021-10-18,,2021-10-18,tushare_fund_basic,华安基金管理有限公司,,013622.OF,013622,True
013639,光大保德信中证500指数增强-A,指数型-股票,存续,2021-09-29,,2021-09-29,tushare_fund_basic,光大保德信基金管理有限公司,,013639.OF,013639,True
013640,光大保德信中证500指数增强-C,指数型-股票,存续,2021-09-29,,2021-09-29,tushare_fund_basic,光大保德信基金管理有限公司,,013640.OF,013639,False
013641,博道成长智航股票-A,股票型,存续,2021-10-26,,2021-10-26,tushare_fund_basic,博道基金管理有限公司,,013641.OF,013641,True
013642,博道成长智航股票-C,股票型,存续,2021-10-26,,2021-10-26,tushare_fund_basic,博道基金管理有限公司,,013642.OF,013641,False
013802,财通资管中证钢铁指数-A,指数型-股票,清盘,2021-10-13,2024-10-13,2021-10-13,tushare_fund_basic,财通证券资产管理有限公司,2024-10-13,013802.OF,013802,True
013803,财通资管中证钢铁指数-C,指数型-股票,清盘,2021-10-13,2024-10-13,2021-10-13,tushare_fund_basic,财通证券资产管理有限公司,2024-10-13,013803.OF,013802,False
013810,广发上证科创板50成份ETF联接-A,指数型-股票,存续,2021-10-20,,2021-10-20,tushare_fund_basic,广发基金管理有限公司,,013810.OF,013810,True
013811,广发上证科创板50成份ETF联接-C,指数型-股票,存续,2021-10-20,,2021-10-20,tushare_fund_basic,广发基金管理有限公司,,013811.OF,013810,False
013816,汇添富中证光伏产业指数增强-A,指数型-股票,存续,2021-10-26,,2021-10-26,tushare_fund_basic,汇添富基金管理股份有限公司,,013816.OF,013816,True
013817,汇添富中证光伏产业指数增强-C,指数型-股票,存续,2021-10-26,,2021-10-26,tushare_fund_basic,汇添富基金管理股份有限公司,,013817.OF,013816,False
013833,国泰中证500ETF联接-A,指数型-股票,清盘,2021-10-20,2024-10-21,2021-10-20,tushare_fund_basic,国泰基金管理有限公司,2024-10-21,013833.OF,013833,True
013834,国泰中证500ETF联接-C,指数型-股票,清盘,2021-10-20,2024-10-21,2021-10-20,tushare_fund_basic,国泰基金管理有限公司,2024-10-21,013834.OF,013833,False
013869,创金合信物联网主题股票-A,股票型,清盘,2021-11-30,2024-11-30,2021-11-30,tushare_fund_basic,创金合信基金管理有限公司,2024-11-30,013869.OF,013869,True
013870,创金合信物联网主题股票-C,股票型,清盘,2021-11-30,2024-11-30,2021-11-30,tushare_fund_basic,创金合信基金管理有限公司,2024-11-30,013870.OF,013869,False
013873,平安中证医药及医疗器械创新指数-A,指数型-股票,清盘,2022-03-11,2025-03-11,2022-03-11,tushare_fund_basic,平安基金管理有限公司,2025-03-11,013873.OF,013873,True
013874,平安中证医药及医疗器械创新指数-C,指数型-股票,清盘,2022-03-11,2025-03-11,2022-03-11,tushare_fund_basic,平安基金管理有限公司,2025-03-11,013874.OF,013873,False
013878,圆信永丰中证500指数增强-A,指数型-股票,存续,2021-12-01,,2021-12-01,tushare_fund_basic,圆信永丰基金管理有限公司,,013878.OF,013878,True
013879,圆信永丰中证500指数增强-C,指数型-股票,存续,2021-12-01,,2021-12-01,tushare_fund_basic,圆信永丰基金管理有限公司,,013879.OF,013878,False
013881,长信中证500指数增强-C,指数型-股票,存续,2021-10-28,,2021-10-28,tushare_fund_basic,长信基金管理有限责任公司,,013881.OF,013881,True
013884,交银主题优选灵活配置混合-C,混合型-灵活,存续,2021-11-26,,2021-11-26,tushare_fund_basic,交银施罗德基金管理有限公司,,013884.OF,013884,True
013888,天弘新华沪港深新兴消费品牌指数-A,指数型-股票,存续,2022-06-29,,2022-06-29,tushare_fund_basic,天弘基金管理有限公司,,013888.OF,013888,True
013889,天弘新华沪港深新兴消费品牌指数-C,指数型-股票,存续,2022-06-29,,2022-06-29,tushare_fund_basic,天弘基金管理有限公司,,013889.OF,013888,False
013893,国联安上证科创板50成份ETF联接-A,指数型-股票,存续,2022-05-24,,2022-05-24,tushare_fund_basic,国联安基金管理有限公司,,013893.OF,013893,True
013894,国联安上证科创板50成份ETF联接-C,指数型-股票,存续,2022-05-24,,2022-05-24,tushare_fund_basic,国联安基金管理有限公司,,013894.OF,013893,False
013899,摩根全景优势股票-A,股票型,存续,2022-01-11,,2022-01-11,tushare_fund_basic,摩根基金管理(中国)有限公司,,013899.OF,013899,True
013900,摩根全景优势股票-C,股票型,存续,2022-01-11,,2022-01-11,tushare_fund_basic,摩根基金管理(中国)有限公司,,013900.OF,013899,False
013905,融通中证1000指数增强A,指数型-股票,发行,2023-04-21,,2023-04-21,tushare_fund_basic,融通基金,,013905.OF,013905,True
013906,融通中证1000指数增强C,指数型-股票,发行,2023-04-21,,2023-04-21,tushare_fund_basic,融通基金,,013906.OF,013905,False
013907,永赢深证创新100ETF联接-A,指数型-股票,清盘,2021-12-13,2024-12-13,2021-12-13,tushare_fund_basic,永赢基金管理有限公司,2024-12-13,013907.OF,013907,True
013908,永赢深证创新100ETF联接-C,指数型-股票,清盘,2021-12-13,2024-12-13,2021-12-13,tushare_fund_basic,永赢基金管理有限公司,2024-12-13,013908.OF,013907,False
013918,申万菱信量化小盘股票(LOF)-C,股票型,存续,2021-10-25,,2021-10-25,tushare_fund_basic,申万菱信基金管理有限公司,,013918.OF,163110,False
013919,建信中小盘先锋股票-C,股票型,存续,2021-10-27,,2021-10-27,tushare_fund_basic,建信基金管理有限责任公司,,013919.OF,013919,True
013922,华夏中证1000ETF联接-A,指数型-股票,存续,2022-01-25,,2022-01-25,tushare_fund_basic,华夏基金管理有限公司,,013922.OF,013922,True
013923,华夏中证1000ETF联接-C,指数型-股票,存续,2022-01-25,,2022-01-25,tushare_fund_basic,华夏基金管理有限公司,,013923.OF,013922,False
013926,易米国证消费100指数增强-A,指数型-股票,清盘,2021-11-11,2024-11-11,2021-11-11,tushare_fund_basic,易米基金管理有限公司,2024-11-11,013926.OF,013926,True
013927,易米国证消费100指数增强-C,指数型-股票,清盘,2021-11-11,2024-11-11,2021-11-11,tushare_fund_basic,易米基金管理有限公司,2024-11-11,013927.OF,013926,False
013932,富国智鑫行业精选股票(FOF-LOF)-C,股票型,存续,2021-12-16,,2021-12-16,tushare_fund_basic,富国基金管理有限公司,,013932.OF,013932,True
013933,工银瑞信睿智进取股票(FOF-LOF)-C,股票型,存续,2021-11-24,,2021-11-24,tushare_fund_basic,工银瑞信基金管理有限公司,,013933.OF,013933,True
013940,东吴医疗服务股票-A,股票型,存续,2021-11-30,,2021-11-30,tushare_fund_basic,东吴基金管理有限公司,,013940.OF,013940,True
013941,东吴医疗服务股票-C,股票型,存续,2021-11-30,,2021-11-30,tushare_fund_basic,东吴基金管理有限公司,,013941.OF,013940,False
013942,华宝中证稀有金属主题指数增强-A,指数型-股票,存续,2021-12-15,,2021-12-15,tushare_fund_basic,华宝基金管理有限公司,,013942.OF,013942,True
013943,华宝中证稀有金属主题指数增强-C,指数型-股票,存续,2021-12-15,,2021-12-15,tushare_fund_basic,华宝基金管理有限公司,,013943.OF,013942,False
013945,交银中证海外中国互联网指数(QDII-LOF)-C,指数型-海外股票,存续,2023-06-12,,2023-06-12,tushare_fund_basic,交银施罗德基金管理有限公司,,013945.OF,164906,False
014002,浦银全球智能科技股票(QDII)-C,股票型,存续,2021-11-03,,2021-11-03,tushare_fund_basic,浦银基金管理有限公司,,014002.OF,014002,True
014003,浦银增长动力灵活配置混合-C,混合型-灵活,存续,2021-11-09,,2021-11-09,tushare_fund_basic,浦银基金管理有限公司,,014003.OF,014003,True
014018,汇添富中证沪港深500ETF联接-A,指数型-股票,清盘,2022-01-26,2022-10-11,2022-01-26,tushare_fund_basic,汇添富基金管理股份有限公司,2022-10-11,014018.OF,014018,True
014019,汇添富中证沪港深500ETF联接-C,指数型-股票,清盘,2022-01-26,2022-10-11,2022-01-26,tushare_fund_basic,汇添富基金管理股份有限公司,2022-10-11,014019.OF,014018,False
014028,招商中证银行指数-C,指数型-股票,存续,2021-10-28,,2021-10-28,tushare_fund_basic,招商基金管理有限公司,,014028.OF,161723,False
014042,银华心诚灵活配置混合-C,混合型-灵活,存续,2021-11-26,,2021-11-26,tushare_fund_basic,银华基金管理股份有限公司,,014042.OF,014042,True
014043,银华心怡灵活配置混合-C,混合型-灵活,存续,2021-11-10,,2021-11-10,tushare_fund_basic,银华基金管理股份有限公司,,014043.OF,014043,True
014046,交银医药创新股票-C,股票型,存续,2021-11-05,,2021-11-05,tushare_fund_basic,交银施罗德基金管理有限公司,,014046.OF,014046,True
014047,银华盛世精选灵活配置混合-C,混合型-灵活,存续,2021-11-18,,2021-11-18,tushare_fund_basic,银华基金管理股份有限公司,,014047.OF,014047,True
014048,银华鑫盛灵活配置混合(LOF)-C,混合型-灵活,存续,2021-11-26,,2021-11-26,tushare_fund_basic,银华基金管理股份有限公司,,014048.OF,501022,False
014051,平安安盈灵活配置混合-C,混合型-灵活,存续,2021-11-02,,2021-11-02,tushare_fund_basic,平安基金管理有限公司,,014051.OF,014051,True
014052,银华港股通精选股票-C,股票型,存续,2021-12-03,,2021-12-03,tushare_fund_basic,银华基金管理股份有限公司,,014052.OF,014052,True
014062,景顺长城专精特新量化优选股票-A,股票型,存续,2021-11-25,,2021-11-25,tushare_fund_basic,景顺长城基金管理有限公司,,014062.OF,014062,True
014063,景顺长城专精特新量化优选股票-C,股票型,存续,2021-11-25,,2021-11-25,tushare_fund_basic,景顺长城基金管理有限公司,,014063.OF,014062,False
014064,银华农业产业股票-C,股票型,存续,2021-11-19,,2021-11-19,tushare_fund_basic,银华基金管理股份有限公司,,014064.OF,014064,True
014079,华夏行业配置股票(FOF-LOF)-C,股票型,存续,2022-04-08,,2022-04-08,tushare_fund_basic,华夏基金管理有限公司,,014079.OF,014079,True
014092,华夏优选配置股票(FOF-LOF)-C,股票型,存续,2021-12-30,,2021-12-30,tushare_fund_basic,华夏基金管理有限公司,,014092.OF,014092,True
014099,博时中证科创创业50ETF联接-A,指数型-股票,清盘,2021-12-01,2024-12-01,2021-12-01,tushare_fund_basic,博时基金管理有限公司,2024-12-01,014099.OF,014099,True
014100,博时中证科创创业50ETF联接-C,指数型-股票,清盘,2021-12-01,2024-12-01,2021-12-01,tushare_fund_basic,博时基金管理有限公司,2024-12-01,014100.OF,014099,False
014106,融通成长30灵活配置混合-C,混合型-灵活,存续,2021-11-12,,2021-11-12,tushare_fund_basic,融通基金管理有限公司,,014106.OF,014106,True
014110,嘉实中证稀有金属主题ETF联接-A,指数型-股票,存续,2021-12-01,,2021-12-01,tushare_fund_basic,嘉实基金管理有限公司,,014110.OF,014110,True
014111,嘉实中证稀有金属主题ETF联接-C,指数型-股票,存续,2021-12-01,,2021-12-01,tushare_fund_basic,嘉实基金管理有限公司,,014111.OF,014110,False
014113,上银未来生活灵活配置混合-C,混合型-灵活,存续,2022-01-17,,2022-01-17,tushare_fund_basic,上银基金管理有限公司,,014113.OF,014113,True
014117,国泰中证沪港深创新药产业ETF联接-A,指数型-股票,存续,2021-11-22,,2021-11-22,tushare_fund_basic,国泰基金管理有限公司,,014117.OF,014117,True
014118,国泰中证沪港深创新药产业ETF联接-C,指数型-股票,存续,2021-11-22,,2021-11-22,tushare_fund_basic,国泰基金管理有限公司,,014118.OF,014117,False
014121,大成品质医疗股票-A,股票型,存续,2022-05-06,,2022-05-06,tushare_fund_basic,大成基金管理有限公司,,014121.OF,014121,True
014122,大成品质医疗股票-C,股票型,存续,2022-05-06,,2022-05-06,tushare_fund_basic,大成基金管理有限公司,,014122.OF,014121,False
014125,华夏中证1000指数增强-A,指数型-股票,存续,2021-12-07,,2021-12-07,tushare_fund_basic,华夏基金管理有限公司,,014125.OF,014125,True
014126,华夏中证1000指数增强-C,指数型-股票,存续,2021-12-07,,2021-12-07,tushare_fund_basic,华夏基金管理有限公司,,014126.OF,014125,False
014128,西藏东财中证沪港深创新药产业指数-A,指数型-股票,清盘,2021-11-18,2024-11-18,2021-11-18,tushare_fund_basic,东财基金管理有限公司,2024-11-18,014128.OF,014128,True
014129,西藏东财中证沪港深创新药产业指数-C,指数型-股票,清盘,2021-11-18,2024-11-18,2021-11-18,tushare_fund_basic,东财基金管理有限公司,2024-11-18,014129.OF,014128,False
014130,融通中证云计算与大数据主题指数(LOF)-C,指数型-股票,存续,2021-11-30,,2021-11-30,tushare_fund_basic,融通基金管理有限公司,,014130.OF,161628,False
014133,工银瑞信中证500六个月持有期指数增强-A,指数型-股票,存续,2021-12-14,,2021-12-14,tushare_fund_basic,工银瑞信基金管理有限公司,,014133.OF,014133,True
014134,工银瑞信中证500六个月持有期指数增强-C,指数型-股票,存续,2021-12-14,,2021-12-14,tushare_fund_basic,工银瑞信基金管理有限公司,,014134.OF,014133,False
014139,易方达高质量增长量化精选股票-A,股票型,存续,2022-05-06,,2022-05-06,tushare_fund_basic,易方达基金管理有限公司,,014139.OF,014139,True
014140,易方达高质量增长量化精选股票-C,股票型,存续,2022-05-06,,2022-05-06,tushare_fund_basic,易方达基金管理有限公司,,014140.OF,014139,False
014150,新华鑫益灵活配置混合-A,混合型-灵活,存续,2021-11-09,,2021-11-09,tushare_fund_basic,新华基金管理股份有限公司,,014150.OF,014150,True
014153,天弘华证沪深港长期竞争力指数-A,指数型-股票,清盘,2022-01-25,2026-03-24,2022-01-25,tushare_fund_basic,天弘基金管理有限公司,2026-03-24,014153.OF,014153,True
014154,天弘华证沪深港长期竞争力指数-C,指数型-股票,清盘,2022-01-25,2026-03-24,2022-01-25,tushare_fund_basic,天弘基金管理有限公司,2026-03-24,014154.OF,014153,False
014155,国泰海通中证500指数增强-A,指数型-股票,存续,2021-12-15,,2021-12-15,tushare_fund_basic,上海国泰海通证券资产管理有限公司,,014155.OF,014155,True
014156,国泰海通中证500指数增强-C,指数型-股票,存续,2021-12-15,,2021-12-15,tushare_fund_basic,上海国泰海通证券资产管理有限公司,,014156.OF,014155,False
014163,富国港股通量化精选股票-C,股票型,存续,2021-12-07,,2021-12-07,tushare_fund_basic,富国基金管理有限公司,,014163.OF,014163,True
014165,华安沪深300增强策略ETF联接-A,指数型-股票,存续,2025-06-17,,2025-06-17,tushare_fund_basic,华安基金管理有限公司,,014165.OF,014165,True
014166,华安沪深300增强策略ETF联接-C,指数型-股票,存续,2025-06-17,,2025-06-17,tushare_fund_basic,华安基金管理有限公司,,014166.OF,014165,False
014170,富国MSCI中国A股国际通指数增强-C,指数型-海外股票,存续,2023-09-22,,2023-09-22,tushare_fund_basic,富国基金管理有限公司,,014170.OF,014170,True
014172,富国中证工业4.0指数-C,指数型-股票,存续,2021-12-07,,2021-12-07,tushare_fund_basic,富国基金管理有限公司,,014172.OF,161031,False
014173,富国中证移动互联网指数-C,指数型-股票,存续,2021-12-02,,2021-12-02,tushare_fund_basic,富国基金管理有限公司,,014173.OF,161025,False
014174,富国中证国有企业改革指数-C,指数型-股票,存续,2021-12-02,,2021-12-02,tushare_fund_basic,富国基金管理有限公司,,014174.OF,161026,False
014185,招商专精特新股票-A,股票型,存续,2021-12-07,,2021-12-07,tushare_fund_basic,招商基金管理有限公司,,014185.OF,014185,True
014186,招商专精特新股票-C,股票型,存续,2021-12-07,,2021-12-07,tushare_fund_basic,招商基金管理有限公司,,014186.OF,014185,False
014187,华夏量化优选股票-A,股票型,存续,2021-12-14,,2021-12-14,tushare_fund_basic,华夏基金管理有限公司,,014187.OF,014187,True
014188,华夏量化优选股票-C,股票型,存续,2021-12-14,,2021-12-14,tushare_fund_basic,华夏基金管理有限公司,,014188.OF,014187,False
014191,广发先进制造股票-A,股票型,存续,2022-03-01,,2022-03-01,tushare_fund_basic,广发基金管理有限公司,,014191.OF,014191,True
014192,广发先进制造股票-C,股票型,存续,2022-03-01,,2022-03-01,tushare_fund_basic,广发基金管理有限公司,,014192.OF,014191,False
014193,汇添富中证芯片产业指数增强-A,指数型-股票,存续,2021-12-02,,2021-12-02,tushare_fund_basic,汇添富基金管理股份有限公司,,014193.OF,014193,True
014194,汇添富中证芯片产业指数增强-C,指数型-股票,存续,2021-12-02,,2021-12-02,tushare_fund_basic,汇添富基金管理股份有限公司,,014194.OF,014193,False
014197,国泰行业轮动股票(FOF-LOF)-C,股票型,存续,2022-07-19,,2022-07-19,tushare_fund_basic,国泰基金管理有限公司,,014197.OF,014197,True
014198,华夏智胜先锋股票(LOF)-C,股票型,存续,2021-12-15,,2021-12-15,tushare_fund_basic,华夏基金管理有限公司,,014198.OF,014198,True
014201,天弘中证1000指数增强-A,指数型-股票,存续,2022-01-04,,2022-01-04,tushare_fund_basic,天弘基金管理有限公司,,014201.OF,014201,True
014202,天弘中证1000指数增强-C,指数型-股票,存续,2022-01-04,,2022-01-04,tushare_fund_basic,天弘基金管理有限公司,,014202.OF,014201,False
014205,长城中证医药卫生指数增强-A,指数型-股票,清盘,2022-06-01,2024-07-16,2022-06-01,tushare_fund_basic,长城基金管理有限公司,2024-07-16,014205.OF,014205,True
014206,长城中证医药卫生指数增强-C,指数型-股票,清盘,2022-06-01,2024-07-16,2022-06-01,tushare_fund_basic,长城基金管理有限公司,2024-07-16,014206.OF,014205,False
014218,汇添富中证科创创业50指数增强-A,指数型-股票,存续,2022-03-29,,2022-03-29,tushare_fund_basic,汇添富基金管理股份有限公司,,014218.OF,014218,True
014219,汇添富中证科创创业50指数增强-C,指数型-股票,存续,2022-03-29,,2022-03-29,tushare_fund_basic,汇添富基金管理股份有限公司,,014219.OF,014218,False
014226,中银中证800指数-A,指数型-股票,清盘,2021-12-07,2024-12-13,2021-12-07,tushare_fund_basic,中银基金管理有限公司,2024-12-13,014226.OF,014226,True
014227,中银中证800指数-C,指数型-股票,清盘,2021-12-07,2024-12-13,2021-12-07,tushare_fund_basic,中银基金管理有限公司,2024-12-13,014227.OF,014226,False
014237,东财中证新能源指数增强-A,指数型-股票,存续,2021-12-07,,2021-12-07,tushare_fund_basic,东财基金管理有限公司,,014237.OF,014237,True
014238,东财中证新能源指数增强-C,指数型-股票,存续,2021-12-07,,2021-12-07,tushare_fund_basic,东财基金管理有限公司,,014238.OF,014237,False
014256,富国中证娱乐主题指数增强(LOF)-C,指数型-股票,存续,2021-12-09,,2021-12-09,tushare_fund_basic,富国基金管理有限公司,,014256.OF,161036,False
014260,万家新机遇龙头企业灵活配置混合-C,混合型-灵活,存续,2021-11-19,,2021-11-19,tushare_fund_basic,万家基金管理有限公司,,014260.OF,014260,True
014299,宏利先进制造股票-A,股票型,存续,2022-01-13,,2022-01-13,tushare_fund_basic,宏利基金管理有限公司,,014299.OF,014299,True
014300,宏利先进制造股票-C,股票型,存续,2022-01-13,,2022-01-13,tushare_fund_basic,宏利基金管理有限公司,,014300.OF,014299,False
014301,创金合信景气行业3个月持有期股票(FOF)-A,股票型,清盘,2021-12-22,2024-12-22,2021-12-22,tushare_fund_basic,创金合信基金管理有限公司,2024-12-22,014301.OF,014301,True
014302,创金合信景气行业3个月持有期股票(FOF)-C,股票型,清盘,2021-12-22,2024-12-22,2021-12-22,tushare_fund_basic,创金合信基金管理有限公司,2024-12-22,014302.OF,014301,False
014303,华安中证内地新能源主题ETF联接-A,指数型-股票,清盘,2021-12-28,2024-12-28,2021-12-28,tushare_fund_basic,华安基金管理有限公司,2024-12-28,014303.OF,014303,True
014304,华安中证内地新能源主题ETF联接-C,指数型-股票,清盘,2021-12-28,2024-12-28,2021-12-28,tushare_fund_basic,华安基金管理有限公司,2024-12-28,014304.OF,014303,False
014305,华泰柏瑞中证500指数增强-A,指数型-股票,存续,2022-04-27,,2022-04-27,tushare_fund_basic,华泰柏瑞基金管理有限公司,,014305.OF,014305,True
014306,华泰柏瑞中证500指数增强-C,指数型-股票,存续,2022-04-27,,2022-04-27,tushare_fund_basic,华泰柏瑞基金管理有限公司,,014306.OF,014305,False
014331,华泰柏瑞中证稀土产业ETF联接-A,指数型-股票,存续,2021-12-14,,2021-12-14,tushare_fund_basic,华泰柏瑞基金管理有限公司,,014331.OF,014331,True
014332,华泰柏瑞中证稀土产业ETF联接-C,指数型-股票,存续,2021-12-14,,2021-12-14,tushare_fund_basic,华泰柏瑞基金管理有限公司,,014332.OF,014331,False
014341,摩根时代睿选股票-A,股票型,存续,2023-06-13,,2023-06-13,tushare_fund_basic,摩根基金管理(中国)有限公司,,014341.OF,014341,True
014342,摩根时代睿选股票-C,股票型,存续,2023-06-13,,2023-06-13,tushare_fund_basic,摩根基金管理(中国)有限公司,,014342.OF,014341,False
014344,鹏华中证500指数增强-A,指数型-股票,存续,2022-01-11,,2022-01-11,tushare_fund_basic,鹏华基金管理有限公司,,014344.OF,014344,True
014345,鹏华中证500指数增强-C,指数型-股票,存续,2022-01-11,,2022-01-11,tushare_fund_basic,鹏华基金管理有限公司,,014345.OF,014344,False
014349,银华鑫锐灵活配置混合(LOF)-C,混合型-灵活,存续,2021-12-03,,2021-12-03,tushare_fund_basic,银华基金管理股份有限公司,,014349.OF,161834,False
014364,银华沪港深增长股票-C,股票型,存续,2021-12-17,,2021-12-17,tushare_fund_basic,银华基金管理股份有限公司,,014364.OF,014364,True
014372,浙商沪深300指数增强(LOF)-C,指数型-股票,存续,2022-01-14,,2022-01-14,tushare_fund_basic,浙商基金管理有限公司,,014372.OF,166802,False
014376,东吴新能源汽车股票-A,股票型,存续,2022-01-25,,2022-01-25,tushare_fund_basic,东吴基金管理有限公司,,014376.OF,014376,True
014377,东吴新能源汽车股票-C,股票型,存续,2022-01-25,,2022-01-25,tushare_fund_basic,东吴基金管理有限公司,,014377.OF,014376,False
014380,建信中国制造2025股票-C,股票型,存续,2021-11-26,,2021-11-26,tushare_fund_basic,建信基金管理有限责任公司,,014380.OF,014380,True
014381,长城久源灵活配置混合-C,混合型-灵活,存续,2021-11-26,,2021-11-26,tushare_fund_basic,长城基金管理有限公司,,014381.OF,014381,True
014382,博时国企改革主题股票-C,股票型,存续,2021-11-30,,2021-11-30,tushare_fund_basic,博时基金管理有限公司,,014382.OF,014382,True
014406,富国中证新华社民族品牌工程ETF联接-A,指数型-股票,存续,2022-02-15,,2022-02-15,tushare_fund_basic,富国基金管理有限公司,,014406.OF,014406,True
014407,富国中证新华社民族品牌工程ETF联接-C,指数型-股票,存续,2022-02-15,,2022-02-15,tushare_fund_basic,富国基金管理有限公司,,014407.OF,014406,False
014414,招商中证畜牧养殖ETF联接-A,指数型-股票,存续,2022-04-19,,2022-04-19,tushare_fund_basic,招商基金管理有限公司,,014414.OF,014414,True
014415,招商中证畜牧养殖ETF联接-C,指数型-股票,存续,2022-04-19,,2022-04-19,tushare_fund_basic,招商基金管理有限公司,,014415.OF,014414,False
014416,泰康研究精选股票-A,股票型,存续,2021-12-28,,2021-12-28,tushare_fund_basic,泰康基金管理有限公司,,014416.OF,014416,True
014417,泰康研究精选股票-C,股票型,存续,2021-12-28,,2021-12-28,tushare_fund_basic,泰康基金管理有限公司,,014417.OF,014416,False
014418,西部利得CES半导体芯片行业指数增强-A,指数型-股票,存续,2021-12-23,,2021-12-23,tushare_fund_basic,西部利得基金管理有限公司,,014418.OF,014418,True
014419,西部利得CES半导体芯片行业指数增强-C,指数型-股票,存续,2021-12-23,,2021-12-23,tushare_fund_basic,西部利得基金管理有限公司,,014419.OF,014418,False
014424,博时恒生医疗保健ETF联接(QDII)-A,指数型-海外股票,存续,2021-12-28,,2021-12-28,tushare_fund_basic,博时基金管理有限公司,,014424.OF,014424,True
014425,博时恒生医疗保健ETF联接(QDII)-C,指数型-海外股票,存续,2021-12-28,,2021-12-28,tushare_fund_basic,博时基金管理有限公司,,014425.OF,014424,False
014431,华夏中证新材料主题ETF联接-A,指数型-股票,清盘,2022-01-12,2025-01-13,2022-01-12,tushare_fund_basic,华夏基金管理有限公司,2025-01-13,014431.OF,014431,True
014432,华夏中证新材料主题ETF联接-C,指数型-股票,清盘,2022-01-12,2025-01-13,2022-01-12,tushare_fund_basic,华夏基金管理有限公司,2025-01-13,014432.OF,014431,False
014438,博时恒生科技ETF联接(QDII)-A,指数型-海外股票,存续,2021-12-21,,2021-12-21,tushare_fund_basic,博时基金管理有限公司,,014438.OF,014438,True
014439,博时恒生科技ETF联接(QDII)-C,指数型-海外股票,存续,2021-12-21,,2021-12-21,tushare_fund_basic,博时基金管理有限公司,,014439.OF,014438,False
014453,中银新动力股票-C,股票型,存续,2021-12-28,,2021-12-28,tushare_fund_basic,中银基金管理有限公司,,014453.OF,014453,True
014455,中银成长优选股票-C,股票型,存续,2021-12-28,,2021-12-28,tushare_fund_basic,中银基金管理有限公司,,014455.OF,009379,False
014470,富安达健康人生灵活配置混合-C,混合型-灵活,存续,2021-12-17,,2021-12-17,tushare_fund_basic,富安达基金管理有限公司,,014470.OF,014470,True
014471,富安达新兴成长灵活配置混合-C,混合型-灵活,存续,2021-12-17,,2021-12-17,tushare_fund_basic,富安达基金管理有限公司,,014471.OF,014471,True
014499,南方转型增长灵活配置混合-C,混合型-灵活,存续,2021-12-24,,2021-12-24,tushare_fund_basic,南方基金管理股份有限公司,,014499.OF,014499,True
014519,博时恒生港股通高股息率ETF联接-A,指数型-海外股票,存续,2022-01-10,,2022-01-10,tushare_fund_basic,博时基金管理有限公司,,014519.OF,014519,True
014520,博时恒生港股通高股息率ETF联接-C,指数型-海外股票,存续,2022-01-10,,2022-01-10,tushare_fund_basic,博时基金管理有限公司,,014520.OF,014519,False
014521,诺安利鑫灵活配置混合-C,混合型-灵活,存续,2021-12-22,,2021-12-22,tushare_fund_basic,诺安基金管理有限公司,,014521.OF,014521,True
014528,汇添富MSCI中国A50互联互通ETF联接-A,指数型-海外股票,存续,2022-01-11,,2022-01-11,tushare_fund_basic,汇添富基金管理股份有限公司,,014528.OF,014528,True
014529,汇添富MSCI中国A50互联互通ETF联接-C,指数型-海外股票,存续,2022-01-11,,2022-01-11,tushare_fund_basic,汇添富基金管理股份有限公司,,014529.OF,014528,False
014530,华夏MSCI中国A50互联互通ETF联接-A,指数型-海外股票,存续,2021-12-28,,2021-12-28,tushare_fund_basic,华夏基金管理有限公司,,014530.OF,014530,True
014531,华夏MSCI中国A50互联互通ETF联接-C,指数型-海外股票,存续,2021-12-28,,2021-12-28,tushare_fund_basic,华夏基金管理有限公司,,014531.OF,014530,False
014532,易方达MSCI中国A50互联互通ETF联接-A,指数型-海外股票,存续,2021-12-28,,2021-12-28,tushare_fund_basic,易方达基金管理有限公司,,014532.OF,014532,True
014533,易方达MSCI中国A50互联互通ETF联接-C,指数型-海外股票,存续,2021-12-28,,2021-12-28,tushare_fund_basic,易方达基金管理有限公司,,014533.OF,014532,False
014534,南方MSCI中国A50互联互通ETF联接-A,指数型-海外股票,存续,2022-01-10,,2022-01-10,tushare_fund_basic,南方基金管理股份有限公司,,014534.OF,014534,True
014535,南方MSCI中国A50互联互通ETF联接-C,指数型-海外股票,存续,2022-01-10,,2022-01-10,tushare_fund_basic,南方基金管理股份有限公司,,014535.OF,014534,False
014536,诺安高端制造股票-C,股票型,存续,2021-12-22,,2021-12-22,tushare_fund_basic,诺安基金管理有限公司,,014536.OF,014536,True
014543,汇添富中证沪港深云计算产业ETF联接-A,指数型-股票,存续,2021-12-28,,2021-12-28,tushare_fund_basic,汇添富基金管理股份有限公司,,014543.OF,014543,True
014544,汇添富中证沪港深云计算产业ETF联接-C,指数型-股票,存续,2021-12-28,,2021-12-28,tushare_fund_basic,汇添富基金管理股份有限公司,,014544.OF,014543,False
014549,交银数据产业灵活配置混合-C,混合型-灵活,存续,2021-12-17,,2021-12-17,tushare_fund_basic,交银施罗德基金管理有限公司,,014549.OF,014549,True
014550,诺安益鑫灵活配置混合-C,混合型-灵活,存续,2021-12-22,,2021-12-22,tushare_fund_basic,诺安基金管理有限公司,,014550.OF,014550,True
014551,诺安新动力灵活配置混合-C,混合型-灵活,存续,2021-12-22,,2021-12-22,tushare_fund_basic,诺安基金管理有限公司,,014551.OF,014551,True
014564,天弘恒生沪深港创新药精选50ETF联接-A,指数型-海外股票,存续,2022-05-06,,2022-05-06,tushare_fund_basic,天弘基金管理有限公司,,014564.OF,014564,True
014565,天弘恒生沪深港创新药精选50ETF联接-C,指数型-海外股票,存续,2022-05-06,,2022-05-06,tushare_fund_basic,天弘基金管理有限公司,,014565.OF,014564,False
014571,东吴安享量化灵活配置混合-C,混合型-灵活,存续,2021-12-23,,2021-12-23,tushare_fund_basic,东吴基金管理有限公司,,014571.OF,014571,True
014581,东吴阿尔法灵活配置混合-C,混合型-灵活,存续,2021-12-23,,2021-12-23,tushare_fund_basic,东吴基金管理有限公司,,014581.OF,014581,True
014587,华安中证500指数增强-A,指数型-股票,存续,2022-05-24,,2022-05-24,tushare_fund_basic,华安基金管理有限公司,,014587.OF,014587,True
014588,华安中证500指数增强-C,指数型-股票,存续,2022-05-24,,2022-05-24,tushare_fund_basic,华安基金管理有限公司,,014588.OF,014587,False
014589,招商成长先导股票-A,股票型,存续,2022-07-21,,2022-07-21,tushare_fund_basic,招商基金管理有限公司,,014589.OF,014589,True
014590,招商成长先导股票-C,股票型,存续,2022-07-21,,2022-07-21,tushare_fund_basic,招商基金管理有限公司,,014590.OF,014589,False
014597,华泰柏瑞富利灵活配置混合-C,混合型-灵活,存续,2021-12-22,,2021-12-22,tushare_fund_basic,华泰柏瑞基金管理有限公司,,014597.OF,014597,True
014602,嘉实中证医疗ETF联接-A,指数型-股票,存续,2022-01-20,,2022-01-20,tushare_fund_basic,嘉实基金管理有限公司,,014602.OF,014602,True
014603,嘉实中证医疗ETF联接-C,指数型-股票,存续,2022-01-20,,2022-01-20,tushare_fund_basic,嘉实基金管理有限公司,,014603.OF,014602,False
014604,嘉实中证光伏产业ETF联接-A,指数型-股票,存续,2022-01-25,,2022-01-25,tushare_fund_basic,嘉实基金管理有限公司,,014604.OF,014604,True
014605,嘉实中证光伏产业ETF联接-C,指数型-股票,存续,2022-01-25,,2022-01-25,tushare_fund_basic,嘉实基金管理有限公司,,014605.OF,014604,False
014623,中银MSCI中国A50互联互通指数增强-A,指数型-海外股票,存续,2023-11-22,,2023-11-22,tushare_fund_basic,中银基金管理有限公司,,014623.OF,014623,True
014624,中银MSCI中国A50互联互通指数增强-C,指数型-海外股票,存续,2023-11-22,,2023-11-22,tushare_fund_basic,中银基金管理有限公司,,014624.OF,014623,False
014629,华泰紫金智能量化股票-C,股票型,清盘,2022-01-05,2023-09-13,2022-01-05,tushare_fund_basic,华泰证券(上海)资产管理有限公司,2023-09-13,014629.OF,005502,False
014630,汇添富中证人工智能主题ETF联接-A,指数型-股票,清盘,2022-03-29,2022-11-21,2022-03-29,tushare_fund_basic,汇添富基金管理股份有限公司,2022-11-21,014630.OF,014630,True
014631,汇添富中证人工智能主题ETF联接-C,指数型-股票,清盘,2022-03-29,2022-11-21,2022-03-29,tushare_fund_basic,汇添富基金管理股份有限公司,2022-11-21,014631.OF,014630,False
014632,华安中证电子50ETF联接-A,指数型-股票,清盘,2022-05-27,2025-05-27,2022-05-27,tushare_fund_basic,华安基金管理有限公司,2025-05-27,014632.OF,014632,True
014633,华安中证电子50ETF联接-C,指数型-股票,清盘,2022-05-27,2025-05-27,2022-05-27,tushare_fund_basic,华安基金管理有限公司,2025-05-27,014633.OF,014632,False
014634,景顺长城ESG量化股票-A,股票型,清盘,2022-06-06,2026-03-25,2022-06-06,tushare_fund_basic,景顺长城基金管理有限公司,2026-03-25,014634.OF,014634,True
014635,景顺长城ESG量化股票-C,股票型,清盘,2022-06-06,2026-03-25,2022-06-06,tushare_fund_basic,景顺长城基金管理有限公司,2026-03-25,014635.OF,014634,False
014668,银华专精特新量化优选股票-A,股票型,存续,2022-07-20,,2022-07-20,tushare_fund_basic,银华基金管理股份有限公司,,014668.OF,014668,True
014669,银华专精特新量化优选股票-C,股票型,存续,2022-07-20,,2022-07-20,tushare_fund_basic,银华基金管理股份有限公司,,014669.OF,014668,False
014673,富国中证港股通互联网ETF联接-A,指数型-海外股票,存续,2022-01-11,,2022-01-11,tushare_fund_basic,富国基金管理有限公司,,014673.OF,014673,True
014674,富国中证港股通互联网ETF联接-C,指数型-海外股票,存续,2022-01-11,,2022-01-11,tushare_fund_basic,富国基金管理有限公司,,014674.OF,014673,False
014677,中信保诚至远动力混合-E,混合型-灵活,存续,2022-01-12,,2022-01-12,tushare_fund_basic,中信保诚基金管理有限公司,,014677.OF,014677,True
014689,国泰中证港股通50ETF联接-A,指数型-海外股票,清盘,2021-12-31,2025-01-02,2021-12-31,tushare_fund_basic,国泰基金管理有限公司,2025-01-02,014689.OF,014689,True
014690,国泰中证港股通50ETF联接-C,指数型-海外股票,清盘,2021-12-31,2025-01-02,2021-12-31,tushare_fund_basic,国泰基金管理有限公司,2025-01-02,014690.OF,014689,False
014736,创金合信专精特新股票-A,股票型,存续,2022-01-26,,2022-01-26,tushare_fund_basic,创金合信基金管理有限公司,,014736.OF,014736,True
014737,创金合信专精特新股票-C,股票型,存续,2022-01-26,,2022-01-26,tushare_fund_basic,创金合信基金管理有限公司,,014737.OF,014736,False
014758,民生加银医药健康股票-C,股票型,存续,2022-01-10,,2022-01-10,tushare_fund_basic,民生加银基金管理有限公司,,014758.OF,014758,True
014776,富国中证芯片产业ETF联接-A,指数型-股票,存续,2022-01-18,,2022-01-18,tushare_fund_basic,富国基金管理有限公司,,014776.OF,014776,True
014777,富国中证芯片产业ETF联接-C,指数型-股票,存续,2022-01-18,,2022-01-18,tushare_fund_basic,富国基金管理有限公司,,014777.OF,014776,False
014813,浙商大数据智选消费灵活配置混合-C,混合型-灵活,存续,2022-03-02,,2022-03-02,tushare_fund_basic,浙商基金管理有限公司,,014813.OF,014813,True
014820,华安创新医药锐选量化股票-A,股票型,清盘,2022-03-31,2025-03-31,2022-03-31,tushare_fund_basic,华安基金管理有限公司,2025-03-31,014820.OF,014820,True
014821,华安创新医药锐选量化股票-C,股票型,清盘,2022-03-31,2025-03-31,2022-03-31,tushare_fund_basic,华安基金管理有限公司,2025-03-31,014821.OF,014820,False
014831,兴银中证1000指数增强-A,指数型-股票,存续,2022-01-26,,2022-01-26,tushare_fund_basic,兴银基金管理有限责任公司,,014831.OF,014831,True
014832,兴银中证1000指数增强-C,指数型-股票,存续,2022-01-26,,2022-01-26,tushare_fund_basic,兴银基金管理有限责任公司,,014832.OF,014831,False
014833,汇添富盈鑫灵活配置混合-C,混合型-灵活,存续,2022-01-17,,2022-01-17,tushare_fund_basic,汇添富基金管理股份有限公司,,014833.OF,014833,True
014834,汇添富盈鑫灵活配置混合-D,混合型-灵活,存续,2022-01-17,,2022-01-17,tushare_fund_basic,汇添富基金管理股份有限公司,,014834.OF,014834,True
014845,中银新趋势灵活配置混合-C,混合型-灵活,存续,2022-03-15,,2022-03-15,tushare_fund_basic,中银基金管理有限公司,,014845.OF,014845,True
014854,嘉实中证半导体产业指数增强-A,指数型-股票,存续,2022-04-22,,2022-04-22,tushare_fund_basic,嘉实基金管理有限公司,,014854.OF,014854,True
014855,嘉实中证半导体产业指数增强-C,指数型-股票,存续,2022-04-22,,2022-04-22,tushare_fund_basic,嘉实基金管理有限公司,,014855.OF,014854,False
014863,建信信息产业股票-C,股票型,存续,2022-01-28,,2022-01-28,tushare_fund_basic,建信基金管理有限责任公司,,014863.OF,014863,True
014864,建信食品饮料行业股票-C,股票型,存续,2022-01-28,,2022-01-28,tushare_fund_basic,建信基金管理有限责任公司,,014864.OF,014864,True
014866,大摩MSCI中国A股指数增强-C,指数型-海外股票,清盘,2022-01-26,2023-04-11,2022-01-26,tushare_fund_basic,摩根士丹利基金管理(中国)有限公司,2023-04-11,014866.OF,009384,False
014871,大摩科技领先灵活配置混合-C,混合型-灵活,存续,2022-01-26,,2022-01-26,tushare_fund_basic,摩根士丹利基金管理(中国)有限公司,,014871.OF,014871,True
014880,天弘中证机器人ETF联接-A,指数型-股票,存续,2023-07-11,,2023-07-11,tushare_fund_basic,天弘基金管理有限公司,,014880.OF,014880,True
014881,天弘中证机器人ETF联接-C,指数型-股票,存续,2023-07-11,,2023-07-11,tushare_fund_basic,天弘基金管理有限公司,,014881.OF,014880,False
014902,长城新能源股票-A,股票型,清盘,2022-01-19,2025-01-20,2022-01-19,tushare_fund_basic,长城基金管理有限公司,2025-01-20,014902.OF,014902,True
014903,长城新能源股票-C,股票型,清盘,2022-01-19,2025-01-20,2022-01-19,tushare_fund_basic,长城基金管理有限公司,2025-01-20,014903.OF,014902,False
014906,国泰中证消费电子主题ETF联接-A,指数型-股票,清盘,2022-02-16,2025-02-17,2022-02-16,tushare_fund_basic,国泰基金管理有限公司,2025-02-17,014906.OF,014906,True
014907,国泰中证消费电子主题ETF联接-C,指数型-股票,清盘,2022-02-16,2025-02-17,2022-02-16,tushare_fund_basic,国泰基金管理有限公司,2025-02-17,014907.OF,014906,False
014908,国泰中证新材料主题ETF联接-A,指数型-股票,清盘,2022-02-16,2025-02-17,2022-02-16,tushare_fund_basic,国泰基金管理有限公司,2025-02-17,014908.OF,014908,True
014909,国泰中证新材料主题ETF联接-C,指数型-股票,清盘,2022-02-16,2025-02-17,2022-02-16,tushare_fund_basic,国泰基金管理有限公司,2025-02-17,014909.OF,014908,False
014930,富国高端制造行业股票-C,股票型,存续,2022-01-25,,2022-01-25,tushare_fund_basic,富国基金管理有限公司,,014930.OF,014930,True
014932,摩根医疗健康股票-C,股票型,存续,2022-01-25,,2022-01-25,tushare_fund_basic,摩根基金管理(中国)有限公司,,014932.OF,014932,True
014933,南方医药保健灵活配置混合-C,混合型-灵活,存续,2022-01-27,,2022-01-27,tushare_fund_basic,南方基金管理股份有限公司,,014933.OF,014933,True
014937,摩根核心精选股票-C,股票型,存续,2022-01-26,,2022-01-26,tushare_fund_basic,摩根基金管理(中国)有限公司,,014937.OF,014937,True
014942,鹏华中证细分化工产业主题ETF联接-A,指数型-股票,存续,2022-03-08,,2022-03-08,tushare_fund_basic,鹏华基金管理有限公司,,014942.OF,014942,True
014943,鹏华中证细分化工产业主题ETF联接-C,指数型-股票,存续,2022-03-08,,2022-03-08,tushare_fund_basic,鹏华基金管理有限公司,,014943.OF,014942,False
014948,融通新能源灵活配置混合-C,混合型-灵活,存续,2022-03-25,,2022-03-25,tushare_fund_basic,融通基金管理有限公司,,014948.OF,014948,True
014949,交银恒益灵活配置混合-C,混合型-灵活,存续,2022-01-25,,2022-01-25,tushare_fund_basic,交银施罗德基金管理有限公司,,014949.OF,014949,True
014957,华富消费成长股票-A,股票型,存续,2022-07-22,,2022-07-22,tushare_fund_basic,华富基金管理有限公司,,014957.OF,014957,True
014958,华富消费成长股票-C,股票型,存续,2022-07-22,,2022-07-22,tushare_fund_basic,华富基金管理有限公司,,014958.OF,014957,False
014960,国泰融安多策略灵活配置混合-C,混合型-灵活,存续,2022-02-14,,2022-02-14,tushare_fund_basic,国泰基金管理有限公司,,014960.OF,014960,True
014964,摩根科技前沿灵活配置混合-C,混合型-灵活,存续,2022-01-25,,2022-01-25,tushare_fund_basic,摩根基金管理(中国)有限公司,,014964.OF,014964,True
014967,建信潜力新蓝筹股票-C,股票型,存续,2022-01-25,,2022-01-25,tushare_fund_basic,建信基金管理有限责任公司,,014967.OF,014967,True
014972,华安沪港深外延增长灵活配置混合-C,混合型-灵活,存续,2022-05-10,,2022-05-10,tushare_fund_basic,华安基金管理有限公司,,014972.OF,014972,True
014978,华安纳斯达克100ETF联接(QDII)-C-CNY,指数型-海外股票,存续,2022-02-22,,2022-02-22,tushare_fund_basic,华安基金管理有限公司,,014978.OF,014978,True
014979,华安上证180ETF联接-C,指数型-股票,存续,2022-02-22,,2022-02-22,tushare_fund_basic,华安基金管理有限公司,,014979.OF,014979,True
014980,华安上证50ETF联接-C,指数型-股票,存续,2022-02-22,,2022-02-22,tushare_fund_basic,华安基金管理有限公司,,014980.OF,014980,True
014982,华安标普全球石油指数(QDII-LOF)-C,指数型-海外股票,存续,2022-02-22,,2022-02-22,tushare_fund_basic,华安基金管理有限公司,,014982.OF,160416,False
014983,华安中证银行ETF联接-C,指数型-股票,存续,2022-02-22,,2022-02-22,tushare_fund_basic,华安基金管理有限公司,,014983.OF,160418,False
014984,华安中证全指证券公司ETF联接-C,指数型-股票,存续,2022-02-22,,2022-02-22,tushare_fund_basic,华安基金管理有限公司,,014984.OF,160419,False
014985,华安创业板50指数-C,指数型-股票,存续,2022-02-22,,2022-02-22,tushare_fund_basic,华安基金管理有限公司,,014985.OF,160420,False
014989,国泰新经济灵活配置混合-C,混合型-灵活,存续,2022-02-14,,2022-02-14,tushare_fund_basic,国泰基金管理有限公司,,014989.OF,014989,True
014994,国泰上证180金融ETF联接-C,指数型-股票,存续,2022-02-15,,2022-02-15,tushare_fund_basic,国泰基金管理有限公司,,014994.OF,014994,True
014997,国泰国证新能源汽车指数(LOF)-C,指数型-股票,存续,2022-02-15,,2022-02-15,tushare_fund_basic,国泰基金管理有限公司,,014997.OF,160225,False
014998,国泰民福策略价值灵活配置混合-C,混合型-灵活,存续,2022-02-15,,2022-02-15,tushare_fund_basic,国泰基金管理有限公司,,014998.OF,014998,True
015001,工银瑞信物流产业股票-C,股票型,存续,2022-02-11,,2022-02-11,tushare_fund_basic,工银瑞信基金管理有限公司,,015001.OF,015001,True
015002,工银瑞信生态环境行业股票-C,股票型,存续,2022-02-11,,2022-02-11,tushare_fund_basic,工银瑞信基金管理有限公司,,015002.OF,015002,True
015016,华安国际龙头(DAX)ETF联接(QDII)-C,指数型-海外股票,存续,2022-02-22,,2022-02-22,tushare_fund_basic,华安基金管理有限公司,,015016.OF,015016,True
015017,国泰融丰外延增长灵活配置混合(LOF)-C,混合型-灵活,存续,2022-02-14,,2022-02-14,tushare_fund_basic,国泰基金管理有限公司,,015017.OF,501017,False
015037,天弘MSCI中国A50互联互通指数-A,指数型-海外股票,存续,2022-02-22,,2022-02-22,tushare_fund_basic,天弘基金管理有限公司,,015037.OF,015037,True
015038,天弘MSCI中国A50互联互通指数-C,指数型-海外股票,存续,2022-02-22,,2022-02-22,tushare_fund_basic,天弘基金管理有限公司,,015038.OF,015037,False
015040,国泰国证食品饮料行业指数-C,指数型-股票,存续,2022-02-16,,2022-02-16,tushare_fund_basic,国泰基金管理有限公司,,015040.OF,160222,False
015041,西部利得新富灵活配置混合-C,混合型-灵活,存续,2022-02-09,,2022-02-09,tushare_fund_basic,西部利得基金管理有限公司,,015041.OF,015041,True
015042,国泰国证房地产行业指数-C,指数型-股票,存续,2022-02-16,,2022-02-16,tushare_fund_basic,国泰基金管理有限公司,,015042.OF,160218,False
015046,前海开源中航军工指数-C,指数型-股票,存续,2022-01-27,,2022-01-27,tushare_fund_basic,前海开源基金管理有限公司,,015046.OF,164402,False
015048,建信新能源行业股票-C,股票型,存续,2022-01-27,,2022-01-27,tushare_fund_basic,建信基金管理有限责任公司,,015048.OF,015048,True
015052,东方红医疗升级股票-A,股票型,存续,2022-03-29,,2022-03-29,tushare_fund_basic,上海东方证券资产管理有限公司,,015052.OF,015052,True
015053,东方红医疗升级股票-C,股票型,存续,2022-03-29,,2022-03-29,tushare_fund_basic,上海东方证券资产管理有限公司,,015053.OF,015052,False
015058,华夏高端制造灵活配置混合-C,混合型-灵活,存续,2022-02-22,,2022-02-22,tushare_fund_basic,华夏基金管理有限公司,,015058.OF,015058,True
015060,华夏节能环保股票-C,股票型,存续,2022-02-22,,2022-02-22,tushare_fund_basic,华夏基金管理有限公司,,015060.OF,015060,True
015061,中信建投沪深300指数增强-A,指数型-股票,存续,2022-07-27,,2022-07-27,tushare_fund_basic,中信建投基金管理有限公司,,015061.OF,015061,True
015062,中信建投沪深300指数增强-C,指数型-股票,存续,2022-07-27,,2022-07-27,tushare_fund_basic,中信建投基金管理有限公司,,015062.OF,015061,False
015065,华夏乐享健康灵活配置混合-C,混合型-灵活,存续,2022-02-22,,2022-02-22,tushare_fund_basic,华夏基金管理有限公司,,015065.OF,015065,True
015066,华夏逸享健康混合-C,混合型-灵活,存续,2022-02-22,,2022-02-22,tushare_fund_basic,华夏基金管理有限公司,,015066.OF,015066,True
015068,华夏圆和灵活配置混合-C,混合型-灵活,清盘,2022-02-22,2024-12-04,2022-02-22,tushare_fund_basic,华夏基金管理有限公司,2024-12-04,015068.OF,003300,False
015074,摩根转型动力灵活配置混合-C,混合型-灵活,存续,2022-02-15,,2022-02-15,tushare_fund_basic,摩根基金管理(中国)有限公司,,015074.OF,015074,True
015075,摩根卓越制造股票-C,股票型,存续,2022-02-16,,2022-02-16,tushare_fund_basic,摩根基金管理(中国)有限公司,,015075.OF,015075,True
015078,平安灵活配置混合-C,混合型-灵活,存续,2022-02-09,,2022-02-09,tushare_fund_basic,平安基金管理有限公司,,015078.OF,015078,True
015085,中欧核心消费股票-A,股票型,清盘,2022-03-30,2025-03-30,2022-03-30,tushare_fund_basic,中欧基金管理有限公司,2025-03-30,015085.OF,015085,True
015086,中欧核心消费股票-C,股票型,清盘,2022-03-30,2025-03-30,2022-03-30,tushare_fund_basic,中欧基金管理有限公司,2025-03-30,015086.OF,015085,False
015114,汇添富中国高端制造股票-C,股票型,存续,2022-02-14,,2022-02-14,tushare_fund_basic,汇添富基金管理股份有限公司,,015114.OF,015114,True
015115,汇添富中国高端制造股票-D,股票型,存续,2022-02-14,,2022-02-14,tushare_fund_basic,汇添富基金管理股份有限公司,,015115.OF,015115,True
015121,汇添富医疗服务灵活配置混合-C,混合型-灵活,存续,2022-02-14,,2022-02-14,tushare_fund_basic,汇添富基金管理股份有限公司,,015121.OF,015121,True
015122,汇添富医疗服务灵活配置混合-D,混合型-灵活,存续,2022-02-14,,2022-02-14,tushare_fund_basic,汇添富基金管理股份有限公司,,015122.OF,015122,True
015123,汇添富国企创新增长股票-C,股票型,存续,2022-02-14,,2022-02-14,tushare_fund_basic,汇添富基金管理股份有限公司,,015123.OF,015123,True
015124,汇添富国企创新增长股票-D,股票型,存续,2022-02-14,,2022-02-14,tushare_fund_basic,汇添富基金管理股份有限公司,,015124.OF,015124,True
015139,泰康医疗健康股票-A,股票型,存续,2022-03-08,,2022-03-08,tushare_fund_basic,泰康基金管理有限公司,,015139.OF,015139,True
015140,泰康医疗健康股票-C,股票型,存续,2022-03-08,,2022-03-08,tushare_fund_basic,泰康基金管理有限公司,,015140.OF,015139,False
015145,同泰新能源优选1年持有期股票-A,股票型,存续,2022-09-29,,2022-09-29,tushare_fund_basic,同泰基金管理有限公司,,015145.OF,015145,True
015146,同泰新能源优选1年持有期股票-C,股票型,存续,2022-09-29,,2022-09-29,tushare_fund_basic,同泰基金管理有限公司,,015146.OF,015145,False
015147,华夏兴融灵活配置混合(LOF)-C,混合型-灵活,存续,2022-02-23,,2022-02-23,tushare_fund_basic,华夏基金管理有限公司,,015147.OF,501186,False
015148,华安中证1000指数增强-A,指数型-股票,存续,2022-07-12,,2022-07-12,tushare_fund_basic,华安基金管理有限公司,,015148.OF,015148,True
015149,华安中证1000指数增强-C,指数型-股票,存续,2022-07-12,,2022-07-12,tushare_fund_basic,华安基金管理有限公司,,015149.OF,015148,False
015153,东吴安鑫量化灵活配置混合-C,混合型-灵活,存续,2022-02-21,,2022-02-21,tushare_fund_basic,东吴基金管理有限公司,,015153.OF,015153,True
015154,东吴安盈量化灵活配置混合-C,混合型-灵活,存续,2022-02-21,,2022-02-21,tushare_fund_basic,东吴基金管理有限公司,,015154.OF,015154,True
015157,申万菱信行业轮动股票-C,股票型,存续,2022-03-01,,2022-03-01,tushare_fund_basic,申万菱信基金管理有限公司,,015157.OF,015157,True
015159,申万菱信智能驱动股票-C,股票型,存续,2022-02-25,,2022-02-25,tushare_fund_basic,申万菱信基金管理有限公司,,015159.OF,015159,True
015165,申万菱信量化成长混合-C,混合型-灵活,清盘,2022-02-25,2023-03-01,2022-02-25,tushare_fund_basic,申万菱信基金管理有限公司,2023-03-01,015165.OF,004135,False
015170,摩根核心成长股票-C,股票型,存续,2022-02-23,,2022-02-23,tushare_fund_basic,摩根基金管理(中国)有限公司,,015170.OF,015170,True
015171,申万菱信医药先锋股票-C,股票型,存续,2022-03-03,,2022-03-03,tushare_fund_basic,申万菱信基金管理有限公司,,015171.OF,015171,True
015172,摩根安全战略股票-C,股票型,存续,2022-02-22,,2022-02-22,tushare_fund_basic,摩根基金管理(中国)有限公司,,015172.OF,015172,True
015176,申万菱信中证申万医药生物指数-C,指数型-股票,存续,2022-03-03,,2022-03-03,tushare_fund_basic,申万菱信基金管理有限公司,,015176.OF,163118,False
015177,申万菱信深证成份指数-C,指数型-股票,存续,2022-03-01,,2022-03-01,tushare_fund_basic,申万菱信基金管理有限公司,,015177.OF,163109,False
015178,申万菱信中证申万证券行业指数-C,指数型-股票,存续,2022-02-25,,2022-02-25,tushare_fund_basic,申万菱信基金管理有限公司,,015178.OF,163113,False
015194,汇添富新兴消费股票-C,股票型,存续,2022-03-07,,2022-03-07,tushare_fund_basic,汇添富基金管理股份有限公司,,015194.OF,015194,True
015195,汇添富新兴消费股票-D,股票型,存续,2022-03-07,,2022-03-07,tushare_fund_basic,汇添富基金管理股份有限公司,,015195.OF,015195,True
015196,汇添富智能制造股票-C,股票型,存续,2022-03-07,,2022-03-07,tushare_fund_basic,汇添富基金管理股份有限公司,,015196.OF,015196,True
015197,汇添富智能制造股票-D,股票型,存续,2022-03-07,,2022-03-07,tushare_fund_basic,汇添富基金管理股份有限公司,,015197.OF,015197,True
015198,汇添富移动互联股票-C,股票型,存续,2022-03-07,,2022-03-07,tushare_fund_basic,汇添富基金管理股份有限公司,,015198.OF,015198,True
015199,汇添富移动互联股票-D,股票型,存续,2022-03-07,,2022-03-07,tushare_fund_basic,汇添富基金管理股份有限公司,,015199.OF,015199,True
015202,汇添富全球移动互联灵活配置混合(QDII)-C,混合型-灵活,存续,2022-03-07,,2022-03-07,tushare_fund_basic,汇添富基金管理股份有限公司,,015202.OF,015202,True
015203,汇添富全球移动互联灵活配置混合(QDII)-D,混合型-灵活,存续,2022-03-07,,2022-03-07,tushare_fund_basic,汇添富基金管理股份有限公司,,015203.OF,015203,True
015204,银华全球新能源车量化优选股票(QDII)-A,股票型,存续,2022-04-07,,2022-04-07,tushare_fund_basic,银华基金管理股份有限公司,,015204.OF,015204,True
015205,银华全球新能源车量化优选股票(QDII)-C,股票型,存续,2022-04-07,,2022-04-07,tushare_fund_basic,银华基金管理股份有限公司,,015205.OF,015204,False
015206,招商安裕灵活配置混合-D,混合型-灵活,存续,2022-02-23,,2022-02-23,tushare_fund_basic,招商基金管理有限公司,,015206.OF,015206,True
015208,信澳健康中国灵活配置混合-C,混合型-灵活,存续,2022-03-03,,2022-03-03,tushare_fund_basic,信达澳亚基金管理有限公司,,015208.OF,015208,True
015210,前海开源沪港深农业主题精选灵活配置混合(LOF)-C,混合型-灵活,存续,2022-02-18,,2022-02-18,tushare_fund_basic,前海开源基金管理有限公司,,015210.OF,164403,False
015225,汇添富中证细分化工产业主题指数增强-A,指数型-股票,清盘,2022-03-08,2025-03-08,2022-03-08,tushare_fund_basic,汇添富基金管理股份有限公司,2025-03-08,015225.OF,015225,True
015226,汇添富中证细分化工产业主题指数增强-C,指数型-股票,清盘,2022-03-08,2025-03-08,2022-03-08,tushare_fund_basic,汇添富基金管理股份有限公司,2025-03-08,015226.OF,015225,False
015271,财通多策略升级混合(LOF)-C,混合型-灵活,存续,2022-03-03,,2022-03-03,tushare_fund_basic,财通基金管理有限公司,,015271.OF,501015,False
015278,东财沪深300ETF联接-A,指数型-股票,存续,2022-03-15,,2022-03-15,tushare_fund_basic,东财基金管理有限公司,,015278.OF,015278,True
015279,东财沪深300ETF联接-C,指数型-股票,存续,2022-03-15,,2022-03-15,tushare_fund_basic,东财基金管理有限公司,,015279.OF,015278,False
015282,华安恒生科技ETF联接(QDII)-A,指数型-海外股票,存续,2022-04-19,,2022-04-19,tushare_fund_basic,华安基金管理有限公司,,015282.OF,015282,True
015283,华安恒生科技ETF联接(QDII)-C,指数型-海外股票,存续,2022-04-19,,2022-04-19,tushare_fund_basic,华安基金管理有限公司,,015283.OF,015282,False
015299,华夏纳斯达克100ETF联接(QDII)-A-CNY,指数型-海外股票,存续,2022-04-14,,2022-04-14,tushare_fund_basic,华夏基金管理有限公司,,015299.OF,015299,True
015300,华夏纳斯达克100ETF联接(QDII)-C,指数型-海外股票,存续,2022-04-14,,2022-04-14,tushare_fund_basic,华夏基金管理有限公司,,015300.OF,015300,True
015309,国投瑞银境煊灵活配置混合-E,混合型-灵活,存续,2022-03-07,,2022-03-07,tushare_fund_basic,国投瑞银基金管理有限公司,,015309.OF,015309,True
015310,华泰柏瑞南方东英恒生科技指数ETF联接(QDII)-A,指数型-海外股票,存续,2022-08-23,,2022-08-23,tushare_fund_basic,华泰柏瑞基金管理有限公司,,015310.OF,015310,True
015311,华泰柏瑞南方东英恒生科技指数ETF联接(QDII)-C,指数型-海外股票,存续,2022-08-23,,2022-08-23,tushare_fund_basic,华泰柏瑞基金管理有限公司,,015311.OF,015310,False
015322,广发鑫享灵活配置混合-C,混合型-灵活,存续,2022-03-11,,2022-03-11,tushare_fund_basic,广发基金管理有限公司,,015322.OF,015322,True
015328,华泰紫金中证细分化工产业主题指数-A,指数型-股票,清盘,2022-04-14,2025-04-14,2022-04-14,tushare_fund_basic,华泰证券(上海)资产管理有限公司,2025-04-14,015328.OF,015328,True
015329,华泰紫金中证细分化工产业主题指数-C,指数型-股票,清盘,2022-04-14,2025-04-14,2022-04-14,tushare_fund_basic,华泰证券(上海)资产管理有限公司,2025-04-14,015329.OF,015328,False
015336,嘉实中证芯片产业指数-A,指数型-股票,存续,2022-03-23,,2022-03-23,tushare_fund_basic,嘉实基金管理有限公司,,015336.OF,015336,True
015337,嘉实中证芯片产业指数-C,指数型-股票,存续,2022-03-23,,2022-03-23,tushare_fund_basic,嘉实基金管理有限公司,,015337.OF,015336,False
015356,西部利得新润灵活配置混合-C,混合型-灵活,存续,2022-03-11,,2022-03-11,tushare_fund_basic,西部利得基金管理有限公司,,015356.OF,015356,True
015361,西部利得新盈灵活配置混合-C,混合型-灵活,存续,2022-03-11,,2022-03-11,tushare_fund_basic,西部利得基金管理有限公司,,015361.OF,015361,True
015364,汇丰晋信价值先锋股票-C,股票型,存续,2022-04-01,,2022-04-01,tushare_fund_basic,汇丰晋信基金管理有限公司,,015364.OF,015364,True
015385,华商智能生活灵活配置混合-C,混合型-灵活,存续,2022-03-18,,2022-03-18,tushare_fund_basic,华商基金管理有限公司,,015385.OF,015385,True
015387,中欧沪深300指数增强-A,指数型-股票,存续,2022-03-29,,2022-03-29,tushare_fund_basic,中欧基金管理有限公司,,015387.OF,015387,True
015388,中欧沪深300指数增强-C,指数型-股票,存续,2022-03-29,,2022-03-29,tushare_fund_basic,中欧基金管理有限公司,,015388.OF,015387,False
015389,宝盈转型动力灵活配置混合-C,混合型-灵活,存续,2022-04-01,,2022-04-01,tushare_fund_basic,宝盈基金管理有限公司,,015389.OF,015389,True
015390,万家瑞兴灵活配置混合-C,混合型-灵活,存续,2022-03-17,,2022-03-17,tushare_fund_basic,万家基金管理有限公司,,015390.OF,015390,True
015394,交银科技创新灵活配置混合-C,混合型-灵活,存续,2022-03-16,,2022-03-16,tushare_fund_basic,交银施罗德基金管理有限公司,,015394.OF,015394,True
015395,招商体育文化休闲股票-C,股票型,存续,2022-03-16,,2022-03-16,tushare_fund_basic,招商基金管理有限公司,,015395.OF,015395,True
015398,招商安润灵活配置混合-C,混合型-灵活,存续,2022-03-15,,2022-03-15,tushare_fund_basic,招商基金管理有限公司,,015398.OF,015398,True
015408,景顺长城成长趋势股票-A,股票型,存续,2023-07-25,,2023-07-25,tushare_fund_basic,景顺长城基金管理有限公司,,015408.OF,015408,True
015409,景顺长城成长趋势股票-C,股票型,存续,2023-07-25,,2023-07-25,tushare_fund_basic,景顺长城基金管理有限公司,,015409.OF,015408,False
015416,泰康中证新能源动力电池指数-A,指数型-股票,清盘,2022-09-27,2022-12-20,2022-09-27,tushare_fund_basic,泰康基金管理有限公司,2022-12-20,015416.OF,015416,True
015417,泰康中证新能源动力电池指数-C,指数型-股票,清盘,2022-09-27,2022-12-20,2022-09-27,tushare_fund_basic,泰康基金管理有限公司,2022-12-20,015417.OF,015416,False
015429,中银证券专精特新股票-A,股票型,清盘,2022-09-22,2024-06-28,2022-09-22,tushare_fund_basic,中银国际证券股份有限公司,2024-06-28,015429.OF,015429,True
015430,中银证券专精特新股票-C,股票型,清盘,2022-09-22,2024-06-28,2022-09-22,tushare_fund_basic,中银国际证券股份有限公司,2024-06-28,015430.OF,015429,False
015450,华泰柏瑞多策略灵活配置混合-C,混合型-灵活,存续,2022-03-23,,2022-03-23,tushare_fund_basic,华泰柏瑞基金管理有限公司,,015450.OF,015450,True
015453,中欧中证500指数增强-A,指数型-股票,存续,2022-05-06,,2022-05-06,tushare_fund_basic,中欧基金管理有限公司,,015453.OF,015453,True
015454,中欧中证500指数增强-C,指数型-股票,存续,2022-05-06,,2022-05-06,tushare_fund_basic,中欧基金管理有限公司,,015454.OF,015453,False
015457,汇添富积极投资指数优选C,股票型,发行,2022-03-29,,2022-03-29,tushare_fund_basic,汇添富基金,,015457.OF,015457,True
015460,天弘优质成长企业精选灵活配置混合-C,混合型-灵活,存续,2022-03-23,,2022-03-23,tushare_fund_basic,天弘基金管理有限公司,,015460.OF,015460,True
015461,天弘互联网灵活配置混合-C,混合型-灵活,存续,2022-03-23,,2022-03-23,tushare_fund_basic,天弘基金管理有限公司,,015461.OF,015461,True
015462,天弘云端生活优选灵活配置混合-C,混合型-灵活,存续,2022-03-23,,2022-03-23,tushare_fund_basic,天弘基金管理有限公司,,015462.OF,015462,True
015466,太平中证1000指数增强-A,指数型-股票,存续,2022-04-29,,2022-04-29,tushare_fund_basic,太平基金管理有限公司,,015466.OF,015466,True
015467,太平中证1000指数增强-C,指数型-股票,存续,2022-04-29,,2022-04-29,tushare_fund_basic,太平基金管理有限公司,,015467.OF,015466,False
015468,嘉实农业产业股票-C,股票型,存续,2022-03-28,,2022-03-28,tushare_fund_basic,嘉实基金管理有限公司,,015468.OF,015468,True
015475,天弘文化新兴产业股票-C,股票型,存续,2022-03-23,,2022-03-23,tushare_fund_basic,天弘基金管理有限公司,,015475.OF,015475,True
015484,前海开源中证大农业指数增强-C,指数型-股票,存续,2022-03-24,,2022-03-24,tushare_fund_basic,前海开源基金管理有限公司,,015484.OF,015484,True
015491,博时科创主题灵活配置混合(LOF)-C,混合型-灵活,存续,2022-06-27,,2022-06-27,tushare_fund_basic,博时基金管理有限公司,,015491.OF,501082,False
015495,景顺长城中证1000指数增强-A,指数型-股票,存续,2022-04-27,,2022-04-27,tushare_fund_basic,景顺长城基金管理有限公司,,015495.OF,015495,True
015496,景顺长城中证1000指数增强-C,指数型-股票,存续,2022-04-27,,2022-04-27,tushare_fund_basic,景顺长城基金管理有限公司,,015496.OF,015495,False
015497,华泰紫金中证医药50指数-A,指数型-股票,清盘,2022-04-29,2025-04-29,2022-04-29,tushare_fund_basic,华泰证券(上海)资产管理有限公司,2025-04-29,015497.OF,015497,True
015498,华泰紫金中证医药50指数-C,指数型-股票,清盘,2022-04-29,2025-04-29,2022-04-29,tushare_fund_basic,华泰证券(上海)资产管理有限公司,2025-04-29,015498.OF,015497,False
015507,兴业中证500指数增强-A,指数型-股票,存续,2022-06-07,,2022-06-07,tushare_fund_basic,兴业基金管理有限公司,,015507.OF,015507,True
015508,兴业中证500指数增强-C,指数型-股票,存续,2022-06-07,,2022-06-07,tushare_fund_basic,兴业基金管理有限公司,,015508.OF,015507,False
015518,华夏纳斯达克100ETF联接(QDII)-A-USD-现汇,指数型-海外股票,存续,2022-04-14,,2022-04-14,tushare_fund_basic,华夏基金管理有限公司,,015518.OF,015518,True
015537,红塔红土新能源主题精选股票-A,股票型,存续,2022-09-27,,2022-09-27,tushare_fund_basic,红塔红土基金管理有限公司,,015537.OF,015537,True
015538,红塔红土新能源主题精选股票-C,股票型,存续,2022-09-27,,2022-09-27,tushare_fund_basic,红塔红土基金管理有限公司,,015538.OF,015537,False
015545,大成标普500等权重指数(QDII)-C-USD,指数型-海外股票,存续,2023-08-30,,2023-08-30,tushare_fund_basic,大成基金管理有限公司,,015545.OF,015545,True
015546,大成恒生指数(QDII-LOF)-C,指数型-海外股票,存续,2023-09-15,,2023-09-15,tushare_fund_basic,大成基金管理有限公司,,015546.OF,160924,False
015558,万家中证红利ETF联接-C,指数型-股票,存续,2024-07-10,,2024-07-10,tushare_fund_basic,万家基金管理有限公司,,015558.OF,015558,True
015567,鹏华增鑫股票-A,股票型,清盘,2022-09-05,2024-06-03,2022-09-05,tushare_fund_basic,鹏华基金管理有限公司,2024-06-03,015567.OF,015567,True
015568,鹏华增鑫股票-C,股票型,清盘,2022-09-05,2024-06-03,2022-09-05,tushare_fund_basic,鹏华基金管理有限公司,2024-06-03,015568.OF,015567,False
015572,国投瑞银瑞源灵活配置混合-C,混合型-灵活,存续,2022-04-20,,2022-04-20,tushare_fund_basic,国投瑞银基金管理有限公司,,015572.OF,015572,True
015576,宏利绩优增长灵活配置混合-C,混合型-灵活,存续,2022-06-10,,2022-06-10,tushare_fund_basic,宏利基金管理有限公司,,015576.OF,015576,True
015577,国联安上证大宗商品股票ETF联接-C,指数型-股票,存续,2022-05-13,,2022-05-13,tushare_fund_basic,国联安基金管理有限公司,,015577.OF,015577,True
015582,国泰量化策略收益混合-C,混合型-灵活,存续,2022-05-18,,2022-05-18,tushare_fund_basic,国泰基金管理有限公司,,015582.OF,015582,True
015588,国泰大农业股票-C,股票型,存续,2022-05-20,,2022-05-20,tushare_fund_basic,国泰基金管理有限公司,,015588.OF,015588,True
015593,国泰金鑫股票-C,股票型,存续,2022-05-16,,2022-05-16,tushare_fund_basic,国泰基金管理有限公司,,015593.OF,015593,True
015596,国泰国证有色金属行业指数-C,指数型-股票,存续,2022-05-17,,2022-05-17,tushare_fund_basic,国泰基金管理有限公司,,015596.OF,160221,False
015598,国泰中证申万证券行业指数(LOF)-C,指数型-股票,存续,2022-05-18,,2022-05-18,tushare_fund_basic,国泰基金管理有限公司,,015598.OF,501016,False
015599,国泰国证航天军工指数(LOF)-C,指数型-股票,存续,2022-05-19,,2022-05-19,tushare_fund_basic,国泰基金管理有限公司,,015599.OF,501019,False
015600,国泰创业板指数(LOF)-C,指数型-股票,存续,2022-05-20,,2022-05-20,tushare_fund_basic,国泰基金管理有限公司,,015600.OF,160223,False
015608,信澳转型创新股票-C,股票型,存续,2022-06-01,,2022-06-01,tushare_fund_basic,信达澳亚基金管理有限公司,,015608.OF,015608,True
015617,永赢卓越臻选股票-A,股票型,清盘,2022-06-14,2025-06-14,2022-06-14,tushare_fund_basic,永赢基金管理有限公司,2025-06-14,015617.OF,015617,True
015618,永赢卓越臻选股票-C,股票型,清盘,2022-06-14,2025-06-14,2022-06-14,tushare_fund_basic,永赢基金管理有限公司,2025-06-14,015618.OF,015617,False
015627,圆信永丰弘阳股票-A,股票型,存续,2022-09-23,,2022-09-23,tushare_fund_basic,圆信永丰基金管理有限公司,,015627.OF,015627,True
015628,圆信永丰弘阳股票-C,股票型,存续,2022-09-23,,2022-09-23,tushare_fund_basic,圆信永丰基金管理有限公司,,015628.OF,015627,False
015640,金鹰产业整合灵活配置混合-C,混合型-灵活,存续,2022-04-27,,2022-04-27,tushare_fund_basic,金鹰基金管理有限公司,,015640.OF,015640,True
015641,银华数字经济股票-A,股票型,存续,2022-05-20,,2022-05-20,tushare_fund_basic,银华基金管理股份有限公司,,015641.OF,015641,True
015642,银华数字经济股票-C,股票型,存续,2022-05-20,,2022-05-20,tushare_fund_basic,银华基金管理股份有限公司,,015642.OF,015641,False
015652,国投瑞银瑞利灵活配置混合(LOF)-C,混合型-灵活,存续,2022-04-28,,2022-04-28,tushare_fund_basic,国投瑞银基金管理有限公司,,015652.OF,161222,False
015667,银河文体娱乐主题灵活配置混合-C,混合型-灵活,存续,2022-05-16,,2022-05-16,tushare_fund_basic,银河基金管理有限公司,,015667.OF,015667,True
015671,前海开源沪深300指数-C,指数型-股票,存续,2022-04-29,,2022-04-29,tushare_fund_basic,前海开源基金管理有限公司,,015671.OF,015671,True
015673,鹏华创业板指数(LOF)-C,指数型-股票,存续,2022-05-10,,2022-05-10,tushare_fund_basic,鹏华基金管理有限公司,,015673.OF,160637,False
015674,鹏华中证800地产指数(LOF)-C,指数型-股票,存续,2022-05-10,,2022-05-10,tushare_fund_basic,鹏华基金管理有限公司,,015674.OF,160628,False
015675,鹏华中证传媒指数(LOF)-C,指数型-股票,存续,2022-05-10,,2022-05-10,tushare_fund_basic,鹏华基金管理有限公司,,015675.OF,160629,False
015676,鹏华中证移动互联网指数(LOF)-C,指数型-股票,存续,2022-05-10,,2022-05-10,tushare_fund_basic,鹏华基金管理有限公司,,015676.OF,160636,False
015677,鹏华中证一带一路主题指数(LOF)-C,指数型-股票,存续,2022-05-20,,2022-05-20,tushare_fund_basic,鹏华基金管理有限公司,,015677.OF,160638,False
015678,鹏华中证高铁产业指数(LOF)-C,指数型-股票,存续,2022-05-20,,2022-05-20,tushare_fund_basic,鹏华基金管理有限公司,,015678.OF,160639,False
015679,景顺长城沪深300指数增强-C,指数型-股票,存续,2022-04-29,,2022-04-29,tushare_fund_basic,景顺长城基金管理有限公司,,015679.OF,015679,True
015685,鹏华中证环保产业指数(LOF)-C,指数型-股票,存续,2022-05-10,,2022-05-10,tushare_fund_basic,鹏华基金管理有限公司,,015685.OF,160634,False
015686,富国新兴产业股票-C,股票型,存续,2022-06-16,,2022-06-16,tushare_fund_basic,富国基金管理有限公司,,015686.OF,015686,True
015688,九泰泰富灵活配置混合(LOF)-C,混合型-灵活,存续,2022-04-29,,2022-04-29,tushare_fund_basic,九泰基金管理有限公司,,015688.OF,168105,False
015693,鹏华中证800证券保险指数(LOF)-C,指数型-股票,存续,2022-05-20,,2022-05-20,tushare_fund_basic,鹏华基金管理有限公司,,015693.OF,160625,False
015707,安信新能源主题股票-A,股票型,清盘,2022-07-26,2025-07-26,2022-07-26,tushare_fund_basic,安信基金管理有限责任公司,2025-07-26,015707.OF,015707,True
015708,安信新能源主题股票-C,股票型,清盘,2022-07-26,2025-07-26,2022-07-26,tushare_fund_basic,安信基金管理有限责任公司,2025-07-26,015708.OF,015707,False
015734,红塔红土信息产业精选股票-A,股票型,清盘,2023-03-08,2026-03-08,2023-03-08,tushare_fund_basic,红塔红土基金管理有限公司,2026-03-08,015734.OF,015734,True
015735,红塔红土信息产业精选股票-C,股票型,清盘,2023-03-08,2026-03-08,2023-03-08,tushare_fund_basic,红塔红土基金管理有限公司,2026-03-08,015735.OF,015734,False
015739,国泰中证港股通科技ETF联接-A,指数型-海外股票,存续,2022-06-07,,2022-06-07,tushare_fund_basic,国泰基金管理有限公司,,015739.OF,015739,True
015740,国泰中证港股通科技ETF联接-C,指数型-海外股票,存续,2022-06-07,,2022-06-07,tushare_fund_basic,国泰基金管理有限公司,,015740.OF,015739,False
015753,上银鑫达灵活配置混合-C,混合型-灵活,存续,2022-05-20,,2022-05-20,tushare_fund_basic,上银基金管理有限公司,,015753.OF,015753,True
015754,上银内需增长股票-C,股票型,存续,2022-05-20,,2022-05-20,tushare_fund_basic,上银基金管理有限公司,,015754.OF,015754,True
015761,银华中证基建ETF联接-A,指数型-股票,清盘,2022-06-02,2025-06-02,2022-06-02,tushare_fund_basic,银华基金管理股份有限公司,2025-06-02,015761.OF,015761,True
015762,银华中证基建ETF联接-C,指数型-股票,清盘,2022-06-02,2025-06-02,2022-06-02,tushare_fund_basic,银华基金管理股份有限公司,2025-06-02,015762.OF,015761,False
015772,银华互联网主题灵活配置混合-C,混合型-灵活,存续,2022-05-31,,2022-05-31,tushare_fund_basic,银华基金管理股份有限公司,,015772.OF,015772,True
015773,招商移动互联网产业股票-C,股票型,存续,2022-05-13,,2022-05-13,tushare_fund_basic,招商基金管理有限公司,,015773.OF,015773,True
015774,长信多利灵活配置混合-E,混合型-灵活,存续,2022-05-30,,2022-05-30,tushare_fund_basic,长信基金管理有限责任公司,,015774.OF,013488,False
015779,景顺长城价值边际灵活配置混合-C,混合型-灵活,存续,2022-06-02,,2022-06-02,tushare_fund_basic,景顺长城基金管理有限公司,,015779.OF,015779,True
015784,中信建投中证1000指数增强-A,指数型-股票,存续,2022-06-28,,2022-06-28,tushare_fund_basic,中信建投基金管理有限公司,,015784.OF,015784,True
015785,中信建投中证1000指数增强-C,指数型-股票,存续,2022-06-28,,2022-06-28,tushare_fund_basic,中信建投基金管理有限公司,,015785.OF,015784,False
015787,鹏扬中证数字经济主题ETF联接-A,指数型-股票,存续,2022-09-26,,2022-09-26,tushare_fund_basic,鹏扬基金管理有限公司,,015787.OF,015787,True
015788,鹏扬中证数字经济主题ETF联接-C,指数型-股票,存续,2022-09-26,,2022-09-26,tushare_fund_basic,鹏扬基金管理有限公司,,015788.OF,015787,False
015794,天弘创业板指数增强-A,指数型-股票,存续,2022-08-18,,2022-08-18,tushare_fund_basic,天弘基金管理有限公司,,015794.OF,015794,True
015795,天弘创业板指数增强-C,指数型-股票,存续,2022-08-18,,2022-08-18,tushare_fund_basic,天弘基金管理有限公司,,015795.OF,015794,False
015807,中银宏观策略灵活配置混合-C,混合型-灵活,存续,2022-06-27,,2022-06-27,tushare_fund_basic,中银基金管理有限公司,,015807.OF,015807,True
015808,汇添富中证电池主题ETF联接-D,指数型-股票,存续,2022-05-23,,2022-05-23,tushare_fund_basic,汇添富基金管理股份有限公司,,015808.OF,015808,True
015812,建信鑫荣回报灵活配置混合-C,混合型-灵活,清盘,2022-05-26,2024-02-05,2022-05-26,tushare_fund_basic,建信基金管理有限责任公司,2024-02-05,015812.OF,001498,False
015820,宝盈中证沪港深科技龙头指数-A,指数型-股票,清盘,2022-11-23,2025-11-23,2022-11-23,tushare_fund_basic,宝盈基金管理有限公司,2025-11-23,015820.OF,015820,True
015821,宝盈中证沪港深科技龙头指数-C,指数型-股票,清盘,2022-11-23,2025-11-23,2022-11-23,tushare_fund_basic,宝盈基金管理有限公司,2025-11-23,015821.OF,015820,False
015849,富国创新企业灵活配置混合(LOF)-C,混合型-灵活,存续,2022-06-13,,2022-06-13,tushare_fund_basic,富国基金管理有限公司,,015849.OF,501077,False
015859,宝盈国证证券龙头指数-A,指数型-股票,存续,2022-07-12,,2022-07-12,tushare_fund_basic,宝盈基金管理有限公司,,015859.OF,015859,True
015860,宝盈国证证券龙头指数-C,指数型-股票,存续,2022-07-12,,2022-07-12,tushare_fund_basic,宝盈基金管理有限公司,,015860.OF,015859,False
015867,国泰海通中证1000指数增强-A,指数型-股票,存续,2022-08-16,,2022-08-16,tushare_fund_basic,上海国泰海通证券资产管理有限公司,,015867.OF,015867,True
015868,国泰海通中证1000指数增强-C,指数型-股票,存续,2022-08-16,,2022-08-16,tushare_fund_basic,上海国泰海通证券资产管理有限公司,,015868.OF,015867,False
015871,景顺长城国证新能源车电池ETF联接-A,指数型-股票,清盘,2022-06-06,2025-06-06,2022-06-06,tushare_fund_basic,景顺长城基金管理有限公司,2025-06-06,015871.OF,015871,True
015872,景顺长城国证新能源车电池ETF联接-C,指数型-股票,清盘,2022-06-06,2025-06-06,2022-06-06,tushare_fund_basic,景顺长城基金管理有限公司,2025-06-06,015872.OF,015871,False
015873,工银瑞信国证新能源车电池ETF联接-A,指数型-股票,存续,2022-07-04,,2022-07-04,tushare_fund_basic,工银瑞信基金管理有限公司,,015873.OF,015873,True
015874,工银瑞信国证新能源车电池ETF联接-C,指数型-股票,存续,2022-07-04,,2022-07-04,tushare_fund_basic,工银瑞信基金管理有限公司,,015874.OF,015873,False
015876,富国中证消费电子主题ETF联接-A,指数型-股票,存续,2022-06-14,,2022-06-14,tushare_fund_basic,富国基金管理有限公司,,015876.OF,015876,True
015877,富国中证消费电子主题ETF联接-C,指数型-股票,存续,2022-06-14,,2022-06-14,tushare_fund_basic,富国基金管理有限公司,,015877.OF,015876,False
015878,富国中证农业主题ETF联接-A,指数型-股票,存续,2022-08-19,,2022-08-19,tushare_fund_basic,富国基金管理有限公司,,015878.OF,015878,True
015879,富国中证农业主题ETF联接-C,指数型-股票,存续,2022-08-19,,2022-08-19,tushare_fund_basic,富国基金管理有限公司,,015879.OF,015878,False
015889,富国中证500基本面精选股票-A,股票型,清盘,2022-07-29,2025-07-29,2022-07-29,tushare_fund_basic,富国基金管理有限公司,2025-07-29,015889.OF,015889,True
015890,富国中证500基本面精选股票-C,股票型,清盘,2022-07-29,2025-07-29,2022-07-29,tushare_fund_basic,富国基金管理有限公司,2025-07-29,015890.OF,015889,False
015891,富国上证50基本面精选股票-A,股票型,存续,2022-08-17,,2022-08-17,tushare_fund_basic,富国基金管理有限公司,,015891.OF,015891,True
015892,富国上证50基本面精选股票-C,股票型,存续,2022-08-17,,2022-08-17,tushare_fund_basic,富国基金管理有限公司,,015892.OF,015891,False
015894,平安中证消费电子主题ETF联接-A,指数型-股票,存续,2022-07-19,,2022-07-19,tushare_fund_basic,平安基金管理有限公司,,015894.OF,015894,True
015895,平安中证消费电子主题ETF联接-C,指数型-股票,存续,2022-07-19,,2022-07-19,tushare_fund_basic,平安基金管理有限公司,,015895.OF,015894,False
015896,天弘中证细分化工产业主题ETF联接-A,指数型-股票,存续,2022-06-17,,2022-06-17,tushare_fund_basic,天弘基金管理有限公司,,015896.OF,015896,True
015897,天弘中证细分化工产业主题ETF联接-C,指数型-股票,存续,2022-06-17,,2022-06-17,tushare_fund_basic,天弘基金管理有限公司,,015897.OF,015896,False
015904,广发新能源精选股票-A,股票型,存续,2022-11-29,,2022-11-29,tushare_fund_basic,广发基金管理有限公司,,015904.OF,015904,True
015905,广发新能源精选股票-C,股票型,存续,2022-11-29,,2022-11-29,tushare_fund_basic,广发基金管理有限公司,,015905.OF,015904,False
015906,兴业沪深300ETF联接-A,指数型-股票,存续,2022-08-30,,2022-08-30,tushare_fund_basic,兴业基金管理有限公司,,015906.OF,015906,True
015907,兴业沪深300ETF联接-C,指数型-股票,存续,2022-08-30,,2022-08-30,tushare_fund_basic,兴业基金管理有限公司,,015907.OF,015906,False
015921,申万菱信国证2000指数增强-A,指数型-股票,清盘,2022-07-15,2025-07-15,2022-07-15,tushare_fund_basic,申万菱信基金管理有限公司,2025-07-15,015921.OF,015921,True
015922,申万菱信国证2000指数增强-C,指数型-股票,清盘,2022-07-15,2025-07-15,2022-07-15,tushare_fund_basic,申万菱信基金管理有限公司,2025-07-15,015922.OF,015921,False
015937,中信保诚鼎利灵活配置混合(LOF)-C,混合型-灵活,存续,2022-06-09,,2022-06-09,tushare_fund_basic,中信保诚基金管理有限公司,,015937.OF,165528,False
015946,兴业国企改革灵活配置混合-C,混合型-灵活,存续,2022-06-17,,2022-06-17,tushare_fund_basic,兴业基金管理有限公司,,015946.OF,015946,True
015965,长城安心回报混合-C,混合型-灵活,存续,2022-06-14,,2022-06-14,tushare_fund_basic,长城基金管理有限公司,,015965.OF,015965,True
015993,博时中证光伏产业ETF联接-A,指数型-股票,存续,2022-08-16,,2022-08-16,tushare_fund_basic,博时基金管理有限公司,,015993.OF,015993,True
015994,博时中证光伏产业ETF联接-C,指数型-股票,存续,2022-08-16,,2022-08-16,tushare_fund_basic,博时基金管理有限公司,,015994.OF,015993,False
015997,大成中证电池主题ETF联接-A,指数型-股票,存续,2022-06-28,,2022-06-28,tushare_fund_basic,大成基金管理有限公司,,015997.OF,015997,True
015998,大成中证电池主题ETF联接-C,指数型-股票,存续,2022-06-28,,2022-06-28,tushare_fund_basic,大成基金管理有限公司,,015998.OF,015997,False
016007,招商中证消费电子主题ETF联接-A,指数型-股票,存续,2023-02-14,,2023-02-14,tushare_fund_basic,招商基金管理有限公司,,016007.OF,016007,True
016008,招商中证消费电子主题ETF联接-C,指数型-股票,存续,2023-02-14,,2023-02-14,tushare_fund_basic,招商基金管理有限公司,,016008.OF,016007,False
016010,兴银中证科创创业50指数-E,指数型-股票,存续,2022-06-17,,2022-06-17,tushare_fund_basic,兴银基金管理有限责任公司,,016010.OF,012898,False
016013,南方碳中和股票-A,股票型,清盘,2022-10-25,2025-10-27,2022-10-25,tushare_fund_basic,南方基金管理股份有限公司,2025-10-27,016013.OF,016013,True
016014,南方碳中和股票-C,股票型,清盘,2022-10-25,2025-10-27,2022-10-25,tushare_fund_basic,南方基金管理股份有限公司,2025-10-27,016014.OF,016013,False
016018,银河康乐股票-C,股票型,存续,2022-06-22,,2022-06-22,tushare_fund_basic,银河基金管理有限公司,,016018.OF,016018,True
016019,招商中证电池主题ETF联接-A,指数型-股票,存续,2022-07-12,,2022-07-12,tushare_fund_basic,招商基金管理有限公司,,016019.OF,016019,True
016020,招商中证电池主题ETF联接-C,指数型-股票,存续,2022-07-12,,2022-07-12,tushare_fund_basic,招商基金管理有限公司,,016020.OF,016019,False
016033,华宝中证1000指数-C,指数型-股票,清盘,2022-07-01,2025-01-09,2022-07-01,tushare_fund_basic,华宝基金管理有限公司,2025-01-09,016033.OF,162413,False
016040,华安新动力灵活配置混合-C,混合型-灵活,存续,2022-06-23,,2022-06-23,tushare_fund_basic,华安基金管理有限公司,,016040.OF,016040,True
016041,华安新机遇灵活配置混合-C,混合型-灵活,存续,2022-06-23,,2022-06-23,tushare_fund_basic,华安基金管理有限公司,,016041.OF,016041,True
016043,东财中证证券公司30ETF联接-A,指数型-股票,存续,2022-11-29,,2022-11-29,tushare_fund_basic,东财基金管理有限公司,,016043.OF,016043,True
016044,东财中证证券公司30ETF联接-C,指数型-股票,存续,2022-11-29,,2022-11-29,tushare_fund_basic,东财基金管理有限公司,,016044.OF,016043,False
016048,华商新量化灵活配置混合-C,混合型-灵活,存续,2022-07-07,,2022-07-07,tushare_fund_basic,华商基金管理有限公司,,016048.OF,016048,True
016050,华商高端装备制造股票-C,股票型,存续,2022-07-07,,2022-07-07,tushare_fund_basic,华商基金管理有限公司,,016050.OF,016050,True
016051,华商万众创新灵活配置混合-C,混合型-灵活,存续,2022-07-07,,2022-07-07,tushare_fund_basic,华商基金管理有限公司,,016051.OF,016051,True
016052,华商改革创新股票-C,股票型,存续,2022-07-07,,2022-07-07,tushare_fund_basic,华商基金管理有限公司,,016052.OF,016052,True
016053,泰康先进材料股票-A,股票型,清盘,2022-07-26,2025-07-26,2022-07-26,tushare_fund_basic,泰康基金管理有限公司,2025-07-26,016053.OF,016053,True
016054,泰康先进材料股票-C,股票型,清盘,2022-07-26,2025-07-26,2022-07-26,tushare_fund_basic,泰康基金管理有限公司,2025-07-26,016054.OF,016053,False
016055,博时纳斯达克100ETF联接(QDII)-A-CNY,指数型-海外股票,存续,2022-07-26,,2022-07-26,tushare_fund_basic,博时基金管理有限公司,,016055.OF,016055,True
016056,博时纳斯达克100ETF联接(QDII)-A-USD-现汇,指数型-海外股票,存续,2022-07-26,,2022-07-26,tushare_fund_basic,博时基金管理有限公司,,016056.OF,016056,True
016057,博时纳斯达克100ETF联接(QDII)-C-CNY,指数型-海外股票,存续,2022-07-26,,2022-07-26,tushare_fund_basic,博时基金管理有限公司,,016057.OF,016057,True
016058,博时纳斯达克100ETF联接(QDII)-C-USD-现汇,指数型-海外股票,存续,2022-07-26,,2022-07-26,tushare_fund_basic,博时基金管理有限公司,,016058.OF,016058,True
016061,长城环保主题灵活配置混合-C,混合型-灵活,存续,2022-06-24,,2022-06-24,tushare_fund_basic,长城基金管理有限公司,,016061.OF,016061,True
016062,大成多策略灵活配置混合(LOF)-C,混合型-灵活,存续,2022-06-23,,2022-06-23,tushare_fund_basic,大成基金管理有限公司,,016062.OF,160921,False
016069,华商研究精选灵活配置混合-C,混合型-灵活,存续,2022-07-07,,2022-07-07,tushare_fund_basic,华商基金管理有限公司,,016069.OF,016069,True
016070,华商新常态灵活配置混合-C,混合型-灵活,存续,2022-07-07,,2022-07-07,tushare_fund_basic,华商基金管理有限公司,,016070.OF,016070,True
016073,创金合信软件产业股票-A,股票型,存续,2022-09-29,,2022-09-29,tushare_fund_basic,创金合信基金管理有限公司,,016073.OF,016073,True
016074,创金合信软件产业股票-C,股票型,存续,2022-09-29,,2022-09-29,tushare_fund_basic,创金合信基金管理有限公司,,016074.OF,016073,False
016077,华夏中证农业主题ETF联接-A,指数型-股票,存续,2022-08-19,,2022-08-19,tushare_fund_basic,华夏基金管理有限公司,,016077.OF,016077,True
016078,华夏中证农业主题ETF联接-C,指数型-股票,存续,2022-08-19,,2022-08-19,tushare_fund_basic,华夏基金管理有限公司,,016078.OF,016077,False
016090,中泰玉衡价值优选灵活配置混合-C,混合型-灵活,存续,2022-07-01,,2022-07-01,tushare_fund_basic,中泰证券(上海)资产管理有限公司,,016090.OF,016090,True
016103,申万菱信沪深300优选指数增强-A,指数型-股票,清盘,2022-12-26,2025-12-26,2022-12-26,tushare_fund_basic,申万菱信基金管理有限公司,2025-12-26,016103.OF,016103,True
016104,申万菱信沪深300优选指数增强-C,指数型-股票,清盘,2022-12-26,2025-12-26,2022-12-26,tushare_fund_basic,申万菱信基金管理有限公司,2025-12-26,016104.OF,016103,False
016113,华宝高端装备股票-A,股票型,清盘,2022-08-16,2025-08-16,2022-08-16,tushare_fund_basic,华宝基金管理有限公司,2025-08-16,016113.OF,016113,True
016114,华宝高端装备股票-C,股票型,清盘,2022-08-16,2025-08-16,2022-08-16,tushare_fund_basic,华宝基金管理有限公司,2025-08-16,016114.OF,016113,False
016122,华富中证科创创业50指数增强-A,指数型-股票,存续,2022-08-31,,2022-08-31,tushare_fund_basic,华富基金管理有限公司,,016122.OF,016122,True
016123,华富中证科创创业50指数增强-C,指数型-股票,存续,2022-08-31,,2022-08-31,tushare_fund_basic,华富基金管理有限公司,,016123.OF,016122,False
016128,景顺长城中证红利低波动100ETF联接-A,指数型-股票,存续,2022-08-02,,2022-08-02,tushare_fund_basic,景顺长城基金管理有限公司,,016128.OF,016128,True
016129,景顺长城中证红利低波动100ETF联接-C,指数型-股票,存续,2022-08-02,,2022-08-02,tushare_fund_basic,景顺长城基金管理有限公司,,016129.OF,016128,False
016134,嘉实沪深300指数研究增强-C,指数型-股票,存续,2022-07-08,,2022-07-08,tushare_fund_basic,嘉实基金管理有限公司,,016134.OF,016134,True
016135,嘉实优势成长灵活配置混合-C,混合型-灵活,存续,2023-03-02,,2023-03-02,tushare_fund_basic,嘉实基金管理有限公司,,016135.OF,016135,True
016168,嘉实丰和灵活配置混合-C,混合型-灵活,存续,2022-12-09,,2022-12-09,tushare_fund_basic,嘉实基金管理有限公司,,016168.OF,016168,True
016179,华安新活力灵活配置混合-C,混合型-灵活,存续,2022-07-21,,2022-07-21,tushare_fund_basic,华安基金管理有限公司,,016179.OF,016179,True
016182,华安安进灵活配置混合-C,混合型-灵活,存续,2022-07-21,,2022-07-21,tushare_fund_basic,华安基金管理有限公司,,016182.OF,016182,True
016183,华安安华灵活配置混合-C,混合型-灵活,存续,2022-07-21,,2022-07-21,tushare_fund_basic,华安基金管理有限公司,,016183.OF,016183,True
016185,广发中证全指电力公用事业ETF联接-A,指数型-股票,存续,2022-07-19,,2022-07-19,tushare_fund_basic,广发基金管理有限公司,,016185.OF,016185,True
016186,广发中证全指电力公用事业ETF联接-C,指数型-股票,存续,2022-07-19,,2022-07-19,tushare_fund_basic,广发基金管理有限公司,,016186.OF,016185,False
016204,东方沪深300指数增强-A,指数型-股票,存续,2022-11-08,,2022-11-08,tushare_fund_basic,东方基金管理股份有限公司,,016204.OF,016204,True
016205,东方沪深300指数增强-C,指数型-股票,存续,2022-11-08,,2022-11-08,tushare_fund_basic,东方基金管理股份有限公司,,016205.OF,016204,False
016209,申万菱信中证军工指数(LOF)-C,指数型-股票,存续,2022-07-07,,2022-07-07,tushare_fund_basic,申万菱信基金管理有限公司,,016209.OF,163115,False
016214,富安达长盈灵活配置混合-C,混合型-灵活,存续,2022-07-15,,2022-07-15,tushare_fund_basic,富安达基金管理有限公司,,016214.OF,016214,True
016225,申万菱信中证内地新能源主题ETF联接-A,指数型-股票,清盘,2022-09-19,2025-09-19,2022-09-19,tushare_fund_basic,申万菱信基金管理有限公司,2025-09-19,016225.OF,016225,True
016226,申万菱信中证内地新能源主题ETF联接-C,指数型-股票,清盘,2022-09-19,2025-09-19,2022-09-19,tushare_fund_basic,申万菱信基金管理有限公司,2025-09-19,016226.OF,016225,False
016246,天弘新价值灵活配置混合-C,混合型-灵活,存续,2022-07-15,,2022-07-15,tushare_fund_basic,天弘基金管理有限公司,,016246.OF,016246,True
016258,中信保诚创新成长灵活配置混合-C,混合型-灵活,存续,2022-07-15,,2022-07-15,tushare_fund_basic,中信保诚基金管理有限公司,,016258.OF,016258,True
016262,银华智荟内在价值灵活配置混合-C,混合型-灵活,存续,2022-07-21,,2022-07-21,tushare_fund_basic,银华基金管理股份有限公司,,016262.OF,016262,True
016263,银华高端制造业灵活配置混合-C,混合型-灵活,存续,2022-08-02,,2022-08-02,tushare_fund_basic,银华基金管理股份有限公司,,016263.OF,016263,True
016264,嘉实新起航灵活配置混合-C,混合型-灵活,存续,2022-12-09,,2022-12-09,tushare_fund_basic,嘉实基金管理有限公司,,016264.OF,016264,True
016267,建信中证500指数量化增强-A,指数型-股票,存续,2022-12-23,,2022-12-23,tushare_fund_basic,建信基金管理有限责任公司,,016267.OF,016267,True
016268,建信中证500指数量化增强-C,指数型-股票,存续,2022-12-23,,2022-12-23,tushare_fund_basic,建信基金管理有限责任公司,,016268.OF,016267,False
016269,建信改革红利股票-C,股票型,存续,2022-07-22,,2022-07-22,tushare_fund_basic,建信基金管理有限责任公司,,016269.OF,016269,True
016276,招商中证800指数增强-A,指数型-股票,存续,2022-08-23,,2022-08-23,tushare_fund_basic,招商基金管理有限公司,,016276.OF,016276,True
016277,招商中证800指数增强-C,指数型-股票,存续,2022-08-23,,2022-08-23,tushare_fund_basic,招商基金管理有限公司,,016277.OF,016276,False
016280,广发全球医疗保健指数(QDII)-C-CNY,指数型-海外股票,存续,2022-07-22,,2022-07-22,tushare_fund_basic,广发基金管理有限公司,,016280.OF,016280,True
016281,广发全球医疗保健指数(QDII)-C-USD-现汇,指数型-海外股票,存续,2022-07-22,,2022-07-22,tushare_fund_basic,广发基金管理有限公司,,016281.OF,016281,True
016283,华泰柏瑞积极优选股票-C,股票型,存续,2022-07-21,,2022-07-21,tushare_fund_basic,华泰柏瑞基金管理有限公司,,016283.OF,016283,True
016289,华安沪港深通精选灵活配置混合-C,混合型-灵活,存续,2022-08-11,,2022-08-11,tushare_fund_basic,华安基金管理有限公司,,016289.OF,016289,True
016290,华安国企改革主题灵活配置混合-C,混合型-灵活,存续,2022-08-11,,2022-08-11,tushare_fund_basic,华安基金管理有限公司,,016290.OF,016290,True
016291,华安大国新经济股票-C,股票型,存续,2022-08-11,,2022-08-11,tushare_fund_basic,华安基金管理有限公司,,016291.OF,016291,True
016292,华安物联网主题股票-C,股票型,存续,2022-08-11,,2022-08-11,tushare_fund_basic,华安基金管理有限公司,,016292.OF,016292,True
016313,富国研究精选灵活配置混合-C,混合型-灵活,存续,2022-08-23,,2022-08-23,tushare_fund_basic,富国基金管理有限公司,,016313.OF,016313,True
016316,同泰积极配置3个月持有期股票(FOF)-A,股票型,存续,2022-11-03,,2022-11-03,tushare_fund_basic,同泰基金管理有限公司,,016316.OF,016316,True
016317,同泰积极配置3个月持有期股票(FOF)-C,股票型,存续,2022-11-03,,2022-11-03,tushare_fund_basic,同泰基金管理有限公司,,016317.OF,016316,False
016322,嘉实安益灵活配置混合-A,混合型-灵活,存续,2022-08-05,,2022-08-05,tushare_fund_basic,嘉实基金管理有限公司,,016322.OF,016322,True
016323,东方中证500指数增强-A,指数型-股票,清盘,2022-12-20,2024-01-30,2022-12-20,tushare_fund_basic,东方基金管理股份有限公司,2024-01-30,016323.OF,016323,True
016324,东方中证500指数增强-C,指数型-股票,清盘,2022-12-20,2024-01-30,2022-12-20,tushare_fund_basic,东方基金管理股份有限公司,2024-01-30,016324.OF,016323,False
016334,中银标普全球精选自然资源等权重指数(QDII)-C,指数型-海外股票,清盘,2022-08-26,2023-01-17,2022-08-26,tushare_fund_basic,中银基金管理有限公司,2023-01-17,016334.OF,000049,False
016335,汇丰晋信动态策略混合-C,混合型-灵活,存续,2022-08-01,,2022-08-01,tushare_fund_basic,汇丰晋信基金管理有限公司,,016335.OF,016335,True
016336,博时卓远成长一年持有期股票-A,股票型,清盘,2022-09-29,2025-11-17,2022-09-29,tushare_fund_basic,博时基金管理有限公司,2025-11-17,016336.OF,016336,True
016337,博时卓远成长一年持有期股票-C,股票型,清盘,2022-09-29,2025-11-17,2022-09-29,tushare_fund_basic,博时基金管理有限公司,2025-11-17,016337.OF,016336,False
016343,招商中证银行指数-E,指数型-股票,存续,2022-07-27,,2022-07-27,tushare_fund_basic,招商基金管理有限公司,,016343.OF,161723,False
016347,招商中证煤炭等权指数-E,指数型-股票,存续,2022-07-27,,2022-07-27,tushare_fund_basic,招商基金管理有限公司,,016347.OF,161724,False
016349,景顺长城国证新能源车电池ETF联接-D,指数型-股票,清盘,2022-08-05,2025-06-06,2022-08-05,tushare_fund_basic,景顺长城基金管理有限公司,2025-06-06,016349.OF,016349,True
016352,建信高端医疗股票-C,股票型,存续,2022-09-02,,2022-09-02,tushare_fund_basic,建信基金管理有限责任公司,,016352.OF,016352,True
016355,华夏国证疫苗与生物科技指数-A,指数型-股票,存续,2022-09-06,,2022-09-06,tushare_fund_basic,华夏基金管理有限公司,,016355.OF,016355,True
016356,华夏国证疫苗与生物科技指数-C,指数型-股票,存续,2022-09-06,,2022-09-06,tushare_fund_basic,华夏基金管理有限公司,,016356.OF,016355,False
016357,易方达中证长江保护主题ETF联接-A,指数型-股票,清盘,2023-04-11,2026-04-13,2023-04-11,tushare_fund_basic,易方达基金管理有限公司,2026-04-13,016357.OF,016357,True
016358,易方达中证长江保护主题ETF联接-C,指数型-股票,清盘,2023-04-11,2026-04-13,2023-04-11,tushare_fund_basic,易方达基金管理有限公司,2026-04-13,016358.OF,016357,False
016363,招商中证红利ETF联接-E,指数型-股票,存续,2022-07-28,,2022-07-28,tushare_fund_basic,招商基金管理有限公司,,016363.OF,012643,False
016374,华泰柏瑞新金融地产灵活配置混合-C,混合型-灵活,存续,2022-08-04,,2022-08-04,tushare_fund_basic,华泰柏瑞基金管理有限公司,,016374.OF,016374,True
016392,易米中证科创创业50指数增强-A,指数型-股票,清盘,2023-01-04,2026-01-05,2023-01-04,tushare_fund_basic,易米基金管理有限公司,2026-01-05,016392.OF,016392,True
016393,易米中证科创创业50指数增强-C,指数型-股票,清盘,2023-01-04,2026-01-05,2023-01-04,tushare_fund_basic,易米基金管理有限公司,2026-01-05,016393.OF,016392,False
016398,九泰锐益灵活配置混合(LOF)-C,混合型-灵活,存续,2022-08-03,,2022-08-03,tushare_fund_basic,九泰基金管理有限公司,,016398.OF,168103,False
016399,九泰久睿量化股票-C,股票型,存续,2022-08-03,,2022-08-03,tushare_fund_basic,九泰基金管理有限公司,,016399.OF,016399,True
016401,摩根大盘蓝筹股票-C,股票型,存续,2022-08-10,,2022-08-10,tushare_fund_basic,摩根基金管理(中国)有限公司,,016401.OF,016401,True
016418,摩根创新商业模式灵活配置混合-C,混合型-灵活,存续,2022-08-19,,2022-08-19,tushare_fund_basic,摩根基金管理(中国)有限公司,,016418.OF,016418,True
016423,华安安享灵活配置混合-C,混合型-灵活,清盘,2022-08-11,2022-09-01,2022-08-11,tushare_fund_basic,华安基金管理有限公司,2022-09-01,016423.OF,000708,False
016437,银华巨潮小盘价值ETF联接-C,指数型-股票,清盘,2022-08-10,2024-02-03,2022-08-10,tushare_fund_basic,银华基金管理股份有限公司,2024-02-03,016437.OF,010561,False
016440,华夏中证红利质量ETF联接-A,指数型-股票,存续,2022-09-14,,2022-09-14,tushare_fund_basic,华夏基金管理有限公司,,016440.OF,016440,True
016441,华夏中证红利质量ETF联接-C,指数型-股票,存续,2022-09-14,,2022-09-14,tushare_fund_basic,华夏基金管理有限公司,,016441.OF,016440,False
016444,中泰研究精选6个月持有期股票-A,股票型,存续,2022-11-11,,2022-11-11,tushare_fund_basic,中泰证券(上海)资产管理有限公司,,016444.OF,016444,True
016445,中泰研究精选6个月持有期股票-C,股票型,存续,2022-11-11,,2022-11-11,tushare_fund_basic,中泰证券(上海)资产管理有限公司,,016445.OF,016444,False
016449,南方新材料股票-A,股票型,存续,2023-03-21,,2023-03-21,tushare_fund_basic,南方基金管理股份有限公司,,016449.OF,016449,True
016450,南方新材料股票-C,股票型,存续,2023-03-21,,2023-03-21,tushare_fund_basic,南方基金管理股份有限公司,,016450.OF,016449,False
016452,南方纳斯达克100指数(QDII)-A,指数型-海外股票,存续,2022-11-29,,2022-11-29,tushare_fund_basic,南方基金管理股份有限公司,,016452.OF,016452,True
016453,南方纳斯达克100指数(QDII)-C,指数型-海外股票,存续,2022-11-29,,2022-11-29,tushare_fund_basic,南方基金管理股份有限公司,,016453.OF,016452,False
016461,华宝核心优势灵活配置混合-C,混合型-灵活,存续,2022-08-24,,2022-08-24,tushare_fund_basic,华宝基金管理有限公司,,016461.OF,016461,True
016463,华宝万物互联灵活配置混合-C,混合型-灵活,存续,2022-09-14,,2022-09-14,tushare_fund_basic,华宝基金管理有限公司,,016463.OF,016463,True
016470,广发纳斯达克生物科技指数(QDII)-C-CNY,指数型-海外股票,存续,2022-08-12,,2022-08-12,tushare_fund_basic,广发基金管理有限公司,,016470.OF,016470,True
016471,广发纳斯达克生物科技指数(QDII)-C-USD-现汇,指数型-海外股票,存续,2022-08-12,,2022-08-12,tushare_fund_basic,广发基金管理有限公司,,016471.OF,016471,True
016480,中银改革红利灵活配置混合-C,混合型-灵活,清盘,2022-08-25,2023-11-28,2022-08-25,tushare_fund_basic,中银基金管理有限公司,2023-11-28,016480.OF,005545,False
016494,农银汇理新能源主题灵活配置混合-C,混合型-灵活,存续,2022-09-01,,2022-09-01,tushare_fund_basic,农银汇理基金管理有限公司,,016494.OF,016494,True
016495,景顺长城中证港股通科技ETF联接-A,指数型-海外股票,存续,2022-09-01,,2022-09-01,tushare_fund_basic,景顺长城基金管理有限公司,,016495.OF,016495,True
016496,景顺长城中证港股通科技ETF联接-C,指数型-海外股票,存续,2022-09-01,,2022-09-01,tushare_fund_basic,景顺长城基金管理有限公司,,016496.OF,016495,False
016498,易方达MSCI中国A50互联互通指数量化增强-A,指数型-海外股票,存续,2022-09-23,,2022-09-23,tushare_fund_basic,易方达基金管理有限公司,,016498.OF,016498,True
016499,易方达MSCI中国A50互联互通指数量化增强-C,指数型-海外股票,存续,2022-09-23,,2022-09-23,tushare_fund_basic,易方达基金管理有限公司,,016499.OF,016498,False
016519,华安新回报灵活配置混合-C,混合型-灵活,清盘,2024-06-18,2026-04-28,2024-06-18,tushare_fund_basic,华安基金管理有限公司,2026-04-28,016519.OF,001311,False
016520,中银稳进策略灵活配置混合-C,混合型-灵活,存续,2022-08-25,,2022-08-25,tushare_fund_basic,中银基金管理有限公司,,016520.OF,016520,True
016532,嘉实纳斯达克100ETF联接(QDII)-A-CNY,指数型-海外股票,存续,2022-09-15,,2022-09-15,tushare_fund_basic,嘉实基金管理有限公司,,016532.OF,016532,True
016533,嘉实纳斯达克100ETF联接(QDII)-C-CNY,指数型-海外股票,存续,2022-09-15,,2022-09-15,tushare_fund_basic,嘉实基金管理有限公司,,016533.OF,016533,True
016534,嘉实纳斯达克100ETF联接(QDII)-A-USD-现汇,指数型-海外股票,存续,2022-09-15,,2022-09-15,tushare_fund_basic,嘉实基金管理有限公司,,016534.OF,016534,True
016535,嘉实纳斯达克100ETF联接(QDII)-C-USD-现汇,指数型-海外股票,存续,2022-09-15,,2022-09-15,tushare_fund_basic,嘉实基金管理有限公司,,016535.OF,016535,True
016543,景顺长城中证上海环交所碳中和指数-A,指数型-股票,清盘,2024-01-17,2024-05-10,2024-01-17,tushare_fund_basic,景顺长城基金管理有限公司,2024-05-10,016543.OF,016543,True
016544,景顺长城中证上海环交所碳中和指数-C,指数型-股票,清盘,2024-01-17,2024-05-10,2024-01-17,tushare_fund_basic,景顺长城基金管理有限公司,2024-05-10,016544.OF,016543,False
016551,诺德策略回报股票-A,股票型,存续,2022-10-28,,2022-10-28,tushare_fund_basic,诺德基金管理有限公司,,016551.OF,016551,True
016552,诺德策略回报股票-C,股票型,存续,2022-10-28,,2022-10-28,tushare_fund_basic,诺德基金管理有限公司,,016552.OF,016551,False
016556,万家量化睿选灵活配置混合-C,混合型-灵活,存续,2022-08-25,,2022-08-25,tushare_fund_basic,万家基金管理有限公司,,016556.OF,016556,True
016564,华安安顺灵活配置混合-C,混合型-灵活,存续,2022-11-03,,2022-11-03,tushare_fund_basic,华安基金管理有限公司,,016564.OF,016564,True
016566,嘉实中证电池主题ETF联接-A,指数型-股票,存续,2022-09-21,,2022-09-21,tushare_fund_basic,嘉实基金管理有限公司,,016566.OF,016566,True
016567,嘉实中证电池主题ETF联接-C,指数型-股票,存续,2022-09-21,,2022-09-21,tushare_fund_basic,嘉实基金管理有限公司,,016567.OF,016566,False
016572,招商中证银行AH价格优选ETF联接-A,指数型-股票,存续,2022-12-28,,2022-12-28,tushare_fund_basic,招商基金管理有限公司,,016572.OF,016572,True
016573,招商中证银行AH价格优选ETF联接-C,指数型-股票,存续,2022-12-28,,2022-12-28,tushare_fund_basic,招商基金管理有限公司,,016573.OF,016572,False
016600,万家品质生活灵活配置混合-C,混合型-灵活,存续,2022-09-15,,2022-09-15,tushare_fund_basic,万家基金管理有限公司,,016600.OF,016600,True
016617,国泰价值优选灵活配置混合(LOF)-C,混合型-灵活,存续,2022-09-09,,2022-09-09,tushare_fund_basic,国泰基金管理有限公司,,016617.OF,501064,False
016620,万家颐和灵活配置混合-C,混合型-灵活,存续,2022-09-15,,2022-09-15,tushare_fund_basic,万家基金管理有限公司,,016620.OF,016620,True
016630,易方达中证1000ETF联接-A,指数型-股票,存续,2023-01-18,,2023-01-18,tushare_fund_basic,易方达基金管理有限公司,,016630.OF,016630,True
016631,易方达中证1000ETF联接-C,指数型-股票,存续,2023-01-18,,2023-01-18,tushare_fund_basic,易方达基金管理有限公司,,016631.OF,016630,False
016633,富国中证1000ETF联接-A,指数型-股票,存续,2022-11-15,,2022-11-15,tushare_fund_basic,富国基金管理有限公司,,016633.OF,016633,True
016634,富国中证1000ETF联接-C,指数型-股票,存续,2022-11-15,,2022-11-15,tushare_fund_basic,富国基金管理有限公司,,016634.OF,016633,False
016643,南方中证1000ETF联接-E,指数型-股票,存续,2022-09-15,,2022-09-15,tushare_fund_basic,南方基金管理股份有限公司,,016643.OF,011860,False
016647,兴业数字经济优选股票-A,股票型,清盘,2022-10-12,2024-09-19,2022-10-12,tushare_fund_basic,兴业基金管理有限公司,2024-09-19,016647.OF,016647,True
016648,兴业数字经济优选股票-C,股票型,清盘,2022-10-12,2024-09-19,2022-10-12,tushare_fund_basic,兴业基金管理有限公司,2024-09-19,016648.OF,016647,False
016667,景顺长城全球半导体芯片产业股票(QDII-LOF)-A-USD-现汇,股票型,存续,2023-03-30,,2023-03-30,tushare_fund_basic,景顺长城基金管理有限公司,,016667.OF,016667,True
016668,景顺长城全球半导体芯片产业股票(QDII-LOF)-C-CNY,股票型,存续,2023-03-30,,2023-03-30,tushare_fund_basic,景顺长城基金管理有限公司,,016668.OF,016668,True
016680,中金中证500ESG基准指数增强-A,指数型-股票,存续,2022-10-25,,2022-10-25,tushare_fund_basic,中金基金管理有限公司,,016680.OF,016680,True
016681,中金中证500ESG基准指数增强-C,指数型-股票,存续,2022-10-25,,2022-10-25,tushare_fund_basic,中金基金管理有限公司,,016681.OF,016680,False
016690,鹏华沪深300指数增强-C,指数型-股票,存续,2022-09-14,,2022-09-14,tushare_fund_basic,鹏华基金管理有限公司,,016690.OF,016690,True
016697,华泰柏瑞上证50指数增强-A,指数型-股票,清盘,2023-03-14,2025-07-24,2023-03-14,tushare_fund_basic,华泰柏瑞基金管理有限公司,2025-07-24,016697.OF,016697,True
016698,华泰柏瑞上证50指数增强-C,指数型-股票,清盘,2023-03-14,2025-07-24,2023-03-14,tushare_fund_basic,华泰柏瑞基金管理有限公司,2025-07-24,016698.OF,016697,False
016707,华夏中证细分有色金属产业主题ETF联接-A,指数型-股票,存续,2022-10-18,,2022-10-18,tushare_fund_basic,华夏基金管理有限公司,,016707.OF,016707,True
016708,华夏中证细分有色金属产业主题ETF联接-C,指数型-股票,存续,2022-10-18,,2022-10-18,tushare_fund_basic,华夏基金管理有限公司,,016708.OF,016707,False
016721,前海开源高端装备制造灵活配置混合-C,混合型-灵活,存续,2024-12-11,,2024-12-11,tushare_fund_basic,前海开源基金管理有限公司,,016721.OF,016721,True
016725,农银汇理品质农业股票-A,股票型,存续,2022-11-22,,2022-11-22,tushare_fund_basic,农银汇理基金管理有限公司,,016725.OF,016725,True
016726,农银汇理品质农业股票-C,股票型,存续,2022-11-22,,2022-11-22,tushare_fund_basic,农银汇理基金管理有限公司,,016726.OF,016725,False
016729,长信中证科创创业50指数增强-A,指数型-股票,存续,2022-12-13,,2022-12-13,tushare_fund_basic,长信基金管理有限责任公司,,016729.OF,016729,True
016730,长信中证科创创业50指数增强-C,指数型-股票,存续,2022-12-13,,2022-12-13,tushare_fund_basic,长信基金管理有限责任公司,,016730.OF,016729,False
016742,华安大中华升级股票(QDII)-C,股票型,存续,2022-11-03,,2022-11-03,tushare_fund_basic,华安基金管理有限公司,,016742.OF,016742,True
016763,华安中证上海环交所碳中和指数-A,指数型-股票,清盘,2022-10-14,2025-10-14,2022-10-14,tushare_fund_basic,华安基金管理有限公司,2025-10-14,016763.OF,016763,True
016764,华安中证上海环交所碳中和指数-C,指数型-股票,清盘,2022-10-14,2025-10-14,2022-10-14,tushare_fund_basic,华安基金管理有限公司,2025-10-14,016764.OF,016763,False
016776,嘉实中证1000指数增强-A,指数型-股票,存续,2022-12-06,,2022-12-06,tushare_fund_basic,嘉实基金管理有限公司,,016776.OF,016776,True
016777,嘉实中证1000指数增强-C,指数型-股票,存续,2022-12-06,,2022-12-06,tushare_fund_basic,嘉实基金管理有限公司,,016777.OF,016776,False
016780,国投瑞银锐意改革灵活配置混合-C,混合型-灵活,存续,2022-10-17,,2022-10-17,tushare_fund_basic,国投瑞银基金管理有限公司,,016780.OF,016780,True
016785,鹏华中证1000指数增强-A,指数型-股票,存续,2022-12-26,,2022-12-26,tushare_fund_basic,鹏华基金管理有限公司,,016785.OF,016785,True
016786,鹏华中证1000指数增强-C,指数型-股票,存续,2022-12-26,,2022-12-26,tushare_fund_basic,鹏华基金管理有限公司,,016786.OF,016785,False
016788,万家国证2000ETF联接-A,指数型-股票,存续,2022-10-11,,2022-10-11,tushare_fund_basic,万家基金管理有限公司,,016788.OF,016788,True
016789,万家国证2000ETF联接-C,指数型-股票,存续,2022-10-11,,2022-10-11,tushare_fund_basic,万家基金管理有限公司,,016789.OF,016788,False
016796,长安鑫富领先灵活配置混合-C,混合型-灵活,存续,2022-11-07,,2022-11-07,tushare_fund_basic,长安基金管理有限公司,,016796.OF,016796,True
016814,国联中证煤炭指数-C,指数型-股票,存续,2022-09-28,,2022-09-28,tushare_fund_basic,国联基金管理有限公司,,016814.OF,168204,False
016815,国联国证钢铁行业指数-C,指数型-股票,存续,2022-09-28,,2022-09-28,tushare_fund_basic,国联基金管理有限公司,,016815.OF,168203,False
016823,天弘全球新能源汽车股票(QDII-LOF)-C,股票型,存续,2023-06-06,,2023-06-06,tushare_fund_basic,天弘基金管理有限公司,,016823.OF,016823,True
016836,国泰中证基建ETF联接-A,指数型-股票,存续,2022-10-12,,2022-10-12,tushare_fund_basic,国泰基金管理有限公司,,016836.OF,016836,True
016837,国泰中证基建ETF联接-C,指数型-股票,存续,2022-10-12,,2022-10-12,tushare_fund_basic,国泰基金管理有限公司,,016837.OF,016836,False
016842,嘉实中证全指证券公司ETF联接-A,指数型-股票,存续,2022-10-20,,2022-10-20,tushare_fund_basic,嘉实基金管理有限公司,,016842.OF,016842,True
016843,嘉实中证全指证券公司ETF联接-C,指数型-股票,存续,2022-10-20,,2022-10-20,tushare_fund_basic,嘉实基金管理有限公司,,016843.OF,016842,False
016847,中欧高端装备股票-A,股票型,存续,2022-11-14,,2022-11-14,tushare_fund_basic,中欧基金管理有限公司,,016847.OF,016847,True
016848,中欧高端装备股票-C,股票型,存续,2022-11-14,,2022-11-14,tushare_fund_basic,中欧基金管理有限公司,,016848.OF,016847,False
016854,汇添富中证500指数增强-C,指数型-股票,存续,2022-10-12,,2022-10-12,tushare_fund_basic,汇添富基金管理股份有限公司,,016854.OF,016854,True
016858,国金量化多因子股票-C,股票型,存续,2022-10-14,,2022-10-14,tushare_fund_basic,国金基金管理有限公司,,016858.OF,016858,True
016865,华泰紫金中证500指数增强-A,指数型-股票,存续,2023-02-22,,2023-02-22,tushare_fund_basic,华泰证券(上海)资产管理有限公司,,016865.OF,016865,True
016866,华泰紫金中证500指数增强-C,指数型-股票,存续,2023-02-22,,2023-02-22,tushare_fund_basic,华泰证券(上海)资产管理有限公司,,016866.OF,016865,False
016867,华泰紫金沪深300指数增强-A,指数型-股票,清盘,2022-11-17,2025-11-17,2022-11-17,tushare_fund_basic,华泰证券(上海)资产管理有限公司,2025-11-17,016867.OF,016867,True
016868,华泰紫金沪深300指数增强-C,指数型-股票,清盘,2022-11-17,2025-11-17,2022-11-17,tushare_fund_basic,华泰证券(上海)资产管理有限公司,2025-11-17,016868.OF,016867,False
016879,招商中证上海环交所碳中和ETF联接-A,指数型-股票,存续,2023-12-29,,2023-12-29,tushare_fund_basic,招商基金管理有限公司,,016879.OF,016879,True
016880,招商中证上海环交所碳中和ETF联接-C,指数型-股票,存续,2023-12-29,,2023-12-29,tushare_fund_basic,招商基金管理有限公司,,016880.OF,016879,False
016887,富国中证上海环交所碳中和ETF联接-A,指数型-股票,存续,2023-06-09,,2023-06-09,tushare_fund_basic,富国基金管理有限公司,,016887.OF,016887,True
016888,富国中证上海环交所碳中和ETF联接-C,指数型-股票,存续,2023-06-09,,2023-06-09,tushare_fund_basic,富国基金管理有限公司,,016888.OF,016887,False
016891,鹏华中证中药ETF联接-A,指数型-股票,存续,2022-11-11,,2022-11-11,tushare_fund_basic,鹏华基金管理有限公司,,016891.OF,016891,True
016892,鹏华中证中药ETF联接-C,指数型-股票,存续,2022-11-11,,2022-11-11,tushare_fund_basic,鹏华基金管理有限公司,,016892.OF,016891,False
016893,工银瑞信中证上海环交所碳中和ETF联接-A,指数型-股票,清盘,2023-06-27,2024-03-08,2023-06-27,tushare_fund_basic,工银瑞信基金管理有限公司,2024-03-08,016893.OF,016893,True
016894,工银瑞信中证上海环交所碳中和ETF联接-C,指数型-股票,清盘,2023-06-27,2024-03-08,2023-06-27,tushare_fund_basic,工银瑞信基金管理有限公司,2024-03-08,016894.OF,016893,False
016897,广发中证上海环交所碳中和ETF联接-A,指数型-股票,清盘,2023-03-28,2026-03-28,2023-03-28,tushare_fund_basic,广发基金管理有限公司,2026-03-28,016897.OF,016897,True
016898,广发中证上海环交所碳中和ETF联接-C,指数型-股票,清盘,2023-03-28,2026-03-28,2023-03-28,tushare_fund_basic,广发基金管理有限公司,2026-03-28,016898.OF,016897,False
016899,易方达中证上海环交所碳中和ETF联接-A,指数型-股票,存续,2023-03-21,,2023-03-21,tushare_fund_basic,易方达基金管理有限公司,,016899.OF,016899,True
016900,易方达中证上海环交所碳中和ETF联接-C,指数型-股票,存续,2023-03-21,,2023-03-21,tushare_fund_basic,易方达基金管理有限公司,,016900.OF,016899,False
016908,华安中证基建指数-A,指数型-股票,清盘,2022-11-15,2025-11-15,2022-11-15,tushare_fund_basic,华安基金管理有限公司,2025-11-15,016908.OF,016908,True
016909,华安中证基建指数-C,指数型-股票,清盘,2022-11-15,2025-11-15,2022-11-15,tushare_fund_basic,华安基金管理有限公司,2025-11-15,016909.OF,016908,False
016915,中金华证清洁能源主题指数-A,指数型-股票,存续,2022-10-27,,2022-10-27,tushare_fund_basic,中金基金管理有限公司,,016915.OF,016915,True
016916,中金华证清洁能源主题指数-C,指数型-股票,存续,2022-10-27,,2022-10-27,tushare_fund_basic,中金基金管理有限公司,,016916.OF,016915,False
016917,南方中证上海环交所碳中和ETF联接-A,指数型-股票,存续,2023-06-01,,2023-06-01,tushare_fund_basic,南方基金管理股份有限公司,,016917.OF,016917,True
016918,南方中证上海环交所碳中和ETF联接-C,指数型-股票,存续,2023-06-01,,2023-06-01,tushare_fund_basic,南方基金管理股份有限公司,,016918.OF,016917,False
016919,摩根智慧互联股票-C,股票型,存续,2022-10-28,,2022-10-28,tushare_fund_basic,摩根基金管理(中国)有限公司,,016919.OF,016919,True
016920,摩根整合驱动灵活配置混合-C,混合型-灵活,存续,2022-10-28,,2022-10-28,tushare_fund_basic,摩根基金管理(中国)有限公司,,016920.OF,016920,True
016924,广发百发大数据策略价值灵活配置混合-C,混合型-灵活,存续,2022-10-21,,2022-10-21,tushare_fund_basic,广发基金管理有限公司,,016924.OF,016924,True
016935,景顺长城中证500指数增强-C,指数型-股票,存续,2022-10-27,,2022-10-27,tushare_fund_basic,景顺长城基金管理有限公司,,016935.OF,016935,True
016936,博时中证1000指数增强-A,指数型-股票,存续,2023-04-13,,2023-04-13,tushare_fund_basic,博时基金管理有限公司,,016936.OF,016936,True
016937,博时中证1000指数增强-C,指数型-股票,存续,2023-04-13,,2023-04-13,tushare_fund_basic,博时基金管理有限公司,,016937.OF,016936,False
016938,南方中证长江保护主题ETF联接-A,指数型-股票,存续,2023-04-11,,2023-04-11,tushare_fund_basic,南方基金管理股份有限公司,,016938.OF,016938,True
016939,南方中证长江保护主题ETF联接-C,指数型-股票,存续,2023-04-11,,2023-04-11,tushare_fund_basic,南方基金管理股份有限公司,,016939.OF,016938,False
016942,工银瑞信中证1000指数增强-A,指数型-股票,存续,2023-03-28,,2023-03-28,tushare_fund_basic,工银瑞信基金管理有限公司,,016942.OF,016942,True
016943,工银瑞信中证1000指数增强-C,指数型-股票,存续,2023-03-28,,2023-03-28,tushare_fund_basic,工银瑞信基金管理有限公司,,016943.OF,016942,False
016950,鹏华睿投灵活配置混合-C,混合型-灵活,存续,2022-10-20,,2022-10-20,tushare_fund_basic,鹏华基金管理有限公司,,016950.OF,016950,True
016952,鹏华中证港股通消费主题ETF联接-A,指数型-海外股票,存续,2023-05-18,,2023-05-18,tushare_fund_basic,鹏华基金管理有限公司,,016952.OF,016952,True
016953,鹏华中证港股通消费主题ETF联接-C,指数型-海外股票,存续,2023-05-18,,2023-05-18,tushare_fund_basic,鹏华基金管理有限公司,,016953.OF,016952,False
016962,国联安中证1000指数增强-A,指数型-股票,存续,2022-12-05,,2022-12-05,tushare_fund_basic,国联安基金管理有限公司,,016962.OF,016962,True
016963,国联安中证1000指数增强-C,指数型-股票,存续,2022-12-05,,2022-12-05,tushare_fund_basic,国联安基金管理有限公司,,016963.OF,016962,False
016968,兴业中证500ETF联接-A,指数型-股票,存续,2023-03-28,,2023-03-28,tushare_fund_basic,兴业基金管理有限公司,,016968.OF,016968,True
016969,兴业中证500ETF联接-C,指数型-股票,存续,2023-03-28,,2023-03-28,tushare_fund_basic,兴业基金管理有限公司,,016969.OF,016968,False
016970,华夏恒生生物科技ETF联接(QDII)-A,指数型-海外股票,存续,2022-11-22,,2022-11-22,tushare_fund_basic,华夏基金管理有限公司,,016970.OF,016970,True
016971,华夏恒生生物科技ETF联接(QDII)-C,指数型-海外股票,存续,2022-11-22,,2022-11-22,tushare_fund_basic,华夏基金管理有限公司,,016971.OF,016970,False
016982,银河龙头精选股票-C,股票型,清盘,2022-11-07,2023-08-06,2022-11-07,tushare_fund_basic,银河基金管理有限公司,2023-08-06,016982.OF,008709,False
017019,博时中证农业主题指数-A,指数型-股票,清盘,2022-12-13,2025-12-13,2022-12-13,tushare_fund_basic,博时基金管理有限公司,2025-12-13,017019.OF,017019,True
017020,博时中证农业主题指数-C,指数型-股票,清盘,2022-12-13,2025-12-13,2022-12-13,tushare_fund_basic,博时基金管理有限公司,2025-12-13,017020.OF,017019,False
017028,国泰标普500ETF联接(QDII)-A,指数型-海外股票,存续,2022-11-02,,2022-11-02,tushare_fund_basic,国泰基金管理有限公司,,017028.OF,017028,True
017030,国泰标普500ETF联接(QDII)-C,指数型-海外股票,存续,2022-11-02,,2022-11-02,tushare_fund_basic,国泰基金管理有限公司,,017030.OF,017028,False
017038,富国中证1000优选股票-A,股票型,存续,2022-11-22,,2022-11-22,tushare_fund_basic,富国基金管理有限公司,,017038.OF,017038,True
017039,富国中证1000优选股票-C,股票型,存续,2022-11-22,,2022-11-22,tushare_fund_basic,富国基金管理有限公司,,017039.OF,017038,False
017040,长安沪深300非周期行业指数-C,指数型-股票,存续,2022-11-14,,2022-11-14,tushare_fund_basic,长安基金管理有限公司,,017040.OF,017040,True
017056,嘉实国证绿色电力ETF联接-A,指数型-股票,存续,2022-11-04,,2022-11-04,tushare_fund_basic,嘉实基金管理有限公司,,017056.OF,017056,True
017057,嘉实国证绿色电力ETF联接-C,指数型-股票,存续,2022-11-04,,2022-11-04,tushare_fund_basic,嘉实基金管理有限公司,,017057.OF,017056,False
017067,申万菱信中证1000指数增强-A,指数型-股票,存续,2023-02-14,,2023-02-14,tushare_fund_basic,申万菱信基金管理有限公司,,017067.OF,017067,True
017068,申万菱信中证1000指数增强-C,指数型-股票,存续,2023-02-14,,2023-02-14,tushare_fund_basic,申万菱信基金管理有限公司,,017068.OF,017067,False
017071,申万菱信全球新能源股票(QDII)-A,股票型,存续,2023-11-16,,2023-11-16,tushare_fund_basic,申万菱信基金管理有限公司,,017071.OF,017071,True
017072,申万菱信全球新能源股票(QDII)-C,股票型,存续,2023-11-16,,2023-11-16,tushare_fund_basic,申万菱信基金管理有限公司,,017072.OF,017071,False
017073,嘉实清洁能源股票-A,股票型,存续,2022-11-22,,2022-11-22,tushare_fund_basic,嘉实基金管理有限公司,,017073.OF,017073,True
017074,嘉实清洁能源股票-C,股票型,存续,2022-11-22,,2022-11-22,tushare_fund_basic,嘉实基金管理有限公司,,017074.OF,017073,False
017091,景顺长城纳斯达克科技市值加权ETF联接(QDII)-A-CNY,指数型-海外股票,存续,2022-12-09,,2022-12-09,tushare_fund_basic,景顺长城基金管理有限公司,,017091.OF,017091,True
017092,景顺长城纳斯达克科技市值加权ETF联接(QDII)-A-USD-现汇,指数型-海外股票,存续,2022-12-09,,2022-12-09,tushare_fund_basic,景顺长城基金管理有限公司,,017092.OF,017092,True
017093,景顺长城纳斯达克科技市值加权ETF联接(QDII)-C-CNY,指数型-海外股票,存续,2022-12-09,,2022-12-09,tushare_fund_basic,景顺长城基金管理有限公司,,017093.OF,017093,True
017094,易方达中证1000指数量化增强-A,指数型-股票,存续,2023-04-25,,2023-04-25,tushare_fund_basic,易方达基金管理有限公司,,017094.OF,017094,True
017095,易方达中证1000指数量化增强-C,指数型-股票,存续,2023-04-25,,2023-04-25,tushare_fund_basic,易方达基金管理有限公司,,017095.OF,017094,False
017099,摩根民生需求股票-C,股票型,存续,2022-11-11,,2022-11-11,tushare_fund_basic,摩根基金管理(中国)有限公司,,017099.OF,017099,True
017116,浦银安盛中证光伏产业ETF联接-A,指数型-股票,清盘,2023-01-04,2024-11-20,2023-01-04,tushare_fund_basic,浦银基金管理有限公司,2024-11-20,017116.OF,017116,True
017117,浦银安盛中证光伏产业ETF联接-C,指数型-股票,清盘,2023-01-04,2024-11-20,2023-01-04,tushare_fund_basic,浦银基金管理有限公司,2024-11-20,017117.OF,017116,False
017125,华宝中证港股通互联网ETF联接-A,指数型-海外股票,存续,2022-12-06,,2022-12-06,tushare_fund_basic,华宝基金管理有限公司,,017125.OF,017125,True
017126,华宝中证港股通互联网ETF联接-C,指数型-海外股票,存续,2022-12-06,,2022-12-06,tushare_fund_basic,华宝基金管理有限公司,,017126.OF,017125,False
017132,中银新能源产业股票-A,股票型,存续,2023-07-11,,2023-07-11,tushare_fund_basic,中银基金管理有限公司,,017132.OF,017132,True
017133,中银新能源产业股票-C,股票型,存续,2023-07-11,,2023-07-11,tushare_fund_basic,中银基金管理有限公司,,017133.OF,017132,False
017140,华宝中证有色金属ETF联接-A,指数型-股票,存续,2022-12-13,,2022-12-13,tushare_fund_basic,华宝基金管理有限公司,,017140.OF,017140,True
017141,华宝中证有色金属ETF联接-C,指数型-股票,存续,2022-12-13,,2022-12-13,tushare_fund_basic,华宝基金管理有限公司,,017141.OF,017140,False
017144,华宝海外新能源汽车股票(QDII)-A,股票型,存续,2023-05-23,,2023-05-23,tushare_fund_basic,华宝基金管理有限公司,,017144.OF,017144,True
017145,华宝海外新能源汽车股票(QDII)-C,股票型,存续,2023-05-23,,2023-05-23,tushare_fund_basic,华宝基金管理有限公司,,017145.OF,017144,False
017161,汇添富中证1000ETF联接-A,指数型-股票,存续,2023-06-19,,2023-06-19,tushare_fund_basic,汇添富基金管理股份有限公司,,017161.OF,017161,True
017162,汇添富中证1000ETF联接-C,指数型-股票,存续,2023-06-19,,2023-06-19,tushare_fund_basic,汇添富基金管理股份有限公司,,017162.OF,017161,False
017165,易米低碳经济股票-A,股票型,清盘,2023-03-14,2026-03-16,2023-03-14,tushare_fund_basic,易米基金管理有限公司,2026-03-16,017165.OF,017165,True
017166,易米低碳经济股票-C,股票型,清盘,2023-03-14,2026-03-16,2023-03-14,tushare_fund_basic,易米基金管理有限公司,2026-03-16,017166.OF,017165,False
017167,景顺长城策略精选灵活配置混合-C,混合型-灵活,存续,2022-11-16,,2022-11-16,tushare_fund_basic,景顺长城基金管理有限公司,,017167.OF,017167,True
017174,天弘国证绿色电力ETF联接-A,指数型-股票,存续,2023-07-07,,2023-07-07,tushare_fund_basic,天弘基金管理有限公司,,017174.OF,017174,True
017175,天弘国证绿色电力ETF联接-C,指数型-股票,存续,2023-07-07,,2023-07-07,tushare_fund_basic,天弘基金管理有限公司,,017175.OF,017174,False
017176,摩根动态多因子策略灵活配置混合-C,混合型-灵活,存续,2022-11-25,,2022-11-25,tushare_fund_basic,摩根基金管理(中国)有限公司,,017176.OF,017176,True
017177,摩根新兴服务股票-C,股票型,存续,2022-11-25,,2022-11-25,tushare_fund_basic,摩根基金管理(中国)有限公司,,017177.OF,017177,True
017185,国泰国证疫苗与生物科技ETF联接-A,指数型-股票,存续,2022-11-21,,2022-11-21,tushare_fund_basic,国泰基金管理有限公司,,017185.OF,017185,True
017186,国泰国证疫苗与生物科技ETF联接-C,指数型-股票,存续,2022-11-21,,2022-11-21,tushare_fund_basic,国泰基金管理有限公司,,017186.OF,017185,False
017188,嘉实上证科创板50成份指数增强-A,指数型-股票,存续,2022-12-20,,2022-12-20,tushare_fund_basic,嘉实基金管理有限公司,,017188.OF,017188,True
017189,嘉实上证科创板50成份指数增强-C,指数型-股票,存续,2022-12-20,,2022-12-20,tushare_fund_basic,嘉实基金管理有限公司,,017189.OF,017188,False
017190,鑫元中证1000指数增强-A,指数型-股票,存续,2022-11-28,,2022-11-28,tushare_fund_basic,鑫元基金管理有限公司,,017190.OF,017190,True
017191,鑫元中证1000指数增强-C,指数型-股票,存续,2022-11-28,,2022-11-28,tushare_fund_basic,鑫元基金管理有限公司,,017191.OF,017190,False
017192,天弘中证工业有色金属主题ETF联接-A,指数型-股票,存续,2023-05-30,,2023-05-30,tushare_fund_basic,天弘基金管理有限公司,,017192.OF,017192,True
017193,天弘中证工业有色金属主题ETF联接-C,指数型-股票,存续,2023-05-30,,2023-05-30,tushare_fund_basic,天弘基金管理有限公司,,017193.OF,017192,False
017194,建信弘利灵活配置混合-C,混合型-灵活,存续,2022-12-12,,2022-12-12,tushare_fund_basic,建信基金管理有限责任公司,,017194.OF,017194,True
017204,华宝海外科技股票(QDII-LOF)-C,股票型,存续,2023-04-11,,2023-04-11,tushare_fund_basic,华宝基金管理有限公司,,017204.OF,017204,True
017209,国泰海通科技创新精选三个月持有期股票-A,股票型,清盘,2022-11-16,2025-11-16,2022-11-16,tushare_fund_basic,上海国泰海通证券资产管理有限公司,2025-11-16,017209.OF,017209,True
017210,国泰海通科技创新精选三个月持有期股票-C,股票型,清盘,2022-11-16,2025-11-16,2022-11-16,tushare_fund_basic,上海国泰海通证券资产管理有限公司,2025-11-16,017210.OF,017209,False
017211,国富焦点驱动灵活配置混合-C,混合型-灵活,存续,2022-11-30,,2022-11-30,tushare_fund_basic,国海富兰克林基金管理有限公司,,017211.OF,017211,True
017213,汇安资产轮动灵活配置混合-C,混合型-灵活,存续,2022-11-14,,2022-11-14,tushare_fund_basic,汇安基金管理有限责任公司,,017213.OF,017213,True
017222,富国中证电池主题ETF联接-A,指数型-股票,存续,2022-11-29,,2022-11-29,tushare_fund_basic,富国基金管理有限公司,,017222.OF,017222,True
017223,富国中证电池主题ETF联接-C,指数型-股票,存续,2022-11-29,,2022-11-29,tushare_fund_basic,富国基金管理有限公司,,017223.OF,017222,False
017226,富国中证全指家用电器ETF联接-A,指数型-股票,清盘,2022-12-06,2025-12-08,2022-12-06,tushare_fund_basic,富国基金管理有限公司,2025-12-08,017226.OF,017226,True
017227,富国中证全指家用电器ETF联接-C,指数型-股票,清盘,2022-12-06,2025-12-08,2022-12-06,tushare_fund_basic,富国基金管理有限公司,2025-12-08,017227.OF,017226,False
017288,中欧瑾和灵活配置混合-E,混合型-灵活,存续,2022-11-21,,2022-11-21,tushare_fund_basic,中欧基金管理有限公司,,017288.OF,017288,True
017289,宏利首选企业股票-C,股票型,存续,2023-01-03,,2023-01-03,tushare_fund_basic,宏利基金管理有限公司,,017289.OF,017289,True
017292,申万菱信红利量化选股股票-A,股票型,清盘,2024-05-28,2026-05-08,2024-05-28,tushare_fund_basic,申万菱信基金管理有限公司,2026-05-08,017292.OF,017292,True
017293,申万菱信红利量化选股股票-C,股票型,清盘,2024-05-28,2026-05-08,2024-05-28,tushare_fund_basic,申万菱信基金管理有限公司,2026-05-08,017293.OF,017292,False
017300,安信数字经济股票-A,股票型,清盘,2023-05-23,2026-05-23,2023-05-23,tushare_fund_basic,安信基金管理有限责任公司,2026-05-23,017300.OF,017300,True
017301,安信数字经济股票-C,股票型,清盘,2023-05-23,2026-05-23,2023-05-23,tushare_fund_basic,安信基金管理有限责任公司,2026-05-23,017301.OF,017300,False
017312,农银汇理医疗精选股票-A,股票型,清盘,2023-05-16,2024-09-30,2023-05-16,tushare_fund_basic,农银汇理基金管理有限公司,2024-09-30,017312.OF,017312,True
017313,农银汇理医疗精选股票-C,股票型,清盘,2023-05-16,2024-09-30,2023-05-16,tushare_fund_basic,农银汇理基金管理有限公司,2024-09-30,017313.OF,017312,False
017323,农银汇理中证1000指数增强-A,指数型-股票,存续,2023-07-18,,2023-07-18,tushare_fund_basic,农银汇理基金管理有限公司,,017323.OF,017323,True
017324,农银汇理中证1000指数增强-C,指数型-股票,存续,2023-07-18,,2023-07-18,tushare_fund_basic,农银汇理基金管理有限公司,,017324.OF,017323,False
017412,创金合信中证科创创业50指数增强-A,指数型-股票,存续,2023-03-01,,2023-03-01,tushare_fund_basic,创金合信基金管理有限公司,,017412.OF,017412,True
017413,创金合信中证科创创业50指数增强-C,指数型-股票,存续,2023-03-01,,2023-03-01,tushare_fund_basic,创金合信基金管理有限公司,,017413.OF,017412,False
017417,易方达裕如灵活配置混合-C,混合型-灵活,存续,2023-01-10,,2023-01-10,tushare_fund_basic,易方达基金管理有限公司,,017417.OF,017417,True
017427,农银MSCI中国A股气候变化,指数型-海外股票,发行,2024-02-01,,2024-02-01,tushare_fund_basic,农银汇理基金,,017427.OF,017427,True
017429,嘉实全球创新龙头股票(QDII)-A-CNY,股票型,存续,2023-03-14,,2023-03-14,tushare_fund_basic,嘉实基金管理有限公司,,017429.OF,017429,True
017430,嘉实全球创新龙头股票(QDII)-USD,股票型,存续,2023-03-14,,2023-03-14,tushare_fund_basic,嘉实基金管理有限公司,,017430.OF,017430,True
017431,嘉实全球创新龙头股票(QDII)-C-CNY,股票型,存续,2023-03-14,,2023-03-14,tushare_fund_basic,嘉实基金管理有限公司,,017431.OF,017431,True
017434,华宝中证沪港深新消费指数-A,指数型-股票,存续,2023-04-11,,2023-04-11,tushare_fund_basic,华宝基金管理有限公司,,017434.OF,017434,True
017435,华宝中证沪港深新消费指数-C,指数型-股票,存续,2023-04-11,,2023-04-11,tushare_fund_basic,华宝基金管理有限公司,,017435.OF,017434,False
017436,华宝纳斯达克精选股票(QDII)-A,股票型,存续,2023-03-02,,2023-03-02,tushare_fund_basic,华宝基金管理有限公司,,017436.OF,017436,True
017437,华宝纳斯达克精选股票(QDII)-C,股票型,存续,2023-03-02,,2023-03-02,tushare_fund_basic,华宝基金管理有限公司,,017437.OF,017436,False
017445,摩根沪深300指数增强-A,指数型-股票,清盘,2022-12-28,2025-12-28,2022-12-28,tushare_fund_basic,摩根基金管理(中国)有限公司,2025-12-28,017445.OF,017445,True
017446,摩根沪深300指数增强-C,指数型-股票,清盘,2022-12-28,2025-12-28,2022-12-28,tushare_fund_basic,摩根基金管理(中国)有限公司,2025-12-28,017446.OF,017445,False
017451,国富估值优势灵活配置混合-C,混合型-灵活,存续,2022-12-13,,2022-12-13,tushare_fund_basic,国海富兰克林基金管理有限公司,,017451.OF,017451,True
017461,长城久鑫灵活配置混合-C,混合型-灵活,存续,2022-11-30,,2022-11-30,tushare_fund_basic,长城基金管理有限公司,,017461.OF,017461,True
017462,长城久祥灵活配置混合-C,混合型-灵活,存续,2022-11-30,,2022-11-30,tushare_fund_basic,长城基金管理有限公司,,017462.OF,017462,True
017469,嘉实上证科创板芯片ETF联接-A,指数型-股票,存续,2022-12-07,,2022-12-07,tushare_fund_basic,嘉实基金管理有限公司,,017469.OF,017469,True
017470,嘉实上证科创板芯片ETF联接-C,指数型-股票,存续,2022-12-07,,2022-12-07,tushare_fund_basic,嘉实基金管理有限公司,,017470.OF,017469,False
017471,国泰中证机床ETF联接-A,指数型-股票,存续,2022-12-13,,2022-12-13,tushare_fund_basic,国泰基金管理有限公司,,017471.OF,017471,True
017472,国泰中证机床ETF联接-C,指数型-股票,存续,2022-12-13,,2022-12-13,tushare_fund_basic,国泰基金管理有限公司,,017472.OF,017471,False
017479,广发医药精选股票-A,股票型,存续,2023-07-06,,2023-07-06,tushare_fund_basic,广发基金管理有限公司,,017479.OF,017479,True
017480,广发医药精选股票-C,股票型,存续,2023-07-06,,2023-07-06,tushare_fund_basic,广发基金管理有限公司,,017480.OF,017479,False
017481,博时中证全指电力公用事业ETF联接-A,指数型-股票,存续,2023-01-06,,2023-01-06,tushare_fund_basic,博时基金管理有限公司,,017481.OF,017481,True
017482,博时中证全指电力公用事业ETF联接-C,指数型-股票,存续,2023-01-06,,2023-01-06,tushare_fund_basic,博时基金管理有限公司,,017482.OF,017481,False
017485,长盛高端装备制造灵活配置混合-C,混合型-灵活,存续,2022-12-01,,2022-12-01,tushare_fund_basic,长盛基金管理有限公司,,017485.OF,017485,True
017488,嘉实信息产业股票-A,股票型,存续,2022-12-16,,2022-12-16,tushare_fund_basic,嘉实基金管理有限公司,,017488.OF,017488,True
017489,嘉实信息产业股票-C,股票型,存续,2022-12-16,,2022-12-16,tushare_fund_basic,嘉实基金管理有限公司,,017489.OF,017488,False
017493,东方红新动力灵活配置混合-C,混合型-灵活,存续,2022-12-05,,2022-12-05,tushare_fund_basic,上海东方证券资产管理有限公司,,017493.OF,017493,True
017495,泰康中证科创创业50指数-A,指数型-股票,清盘,2023-06-14,2026-06-14,2023-06-14,tushare_fund_basic,泰康基金管理有限公司,2026-06-14,017495.OF,017495,True
017496,泰康中证科创创业50指数-C,指数型-股票,清盘,2023-06-14,2026-06-14,2023-06-14,tushare_fund_basic,泰康基金管理有限公司,2026-06-14,017496.OF,017495,False
017505,明亚中证1000指数增强-A,指数型-股票,存续,2023-04-25,,2023-04-25,tushare_fund_basic,明亚基金管理有限责任公司,,017505.OF,017505,True
017506,明亚中证1000指数增强-C,指数型-股票,存续,2023-04-25,,2023-04-25,tushare_fund_basic,明亚基金管理有限责任公司,,017506.OF,017505,False
017512,广发北证50成份指数-A,指数型-股票,存续,2022-12-28,,2022-12-28,tushare_fund_basic,广发基金管理有限公司,,017512.OF,017512,True
017513,广发北证50成份指数-C,指数型-股票,存续,2022-12-28,,2022-12-28,tushare_fund_basic,广发基金管理有限公司,,017513.OF,017512,False
017515,易方达北证50成份指数-A,指数型-股票,存续,2022-12-27,,2022-12-27,tushare_fund_basic,易方达基金管理有限公司,,017515.OF,017515,True
017516,易方达北证50成份指数-C,指数型-股票,存续,2022-12-27,,2022-12-27,tushare_fund_basic,易方达基金管理有限公司,,017516.OF,017515,False
017517,招商北证50成份指数-A,指数型-股票,存续,2022-12-22,,2022-12-22,tushare_fund_basic,招商基金管理有限公司,,017517.OF,017517,True
017518,招商北证50成份指数-C,指数型-股票,存续,2022-12-22,,2022-12-22,tushare_fund_basic,招商基金管理有限公司,,017518.OF,017517,False
017519,汇添富北证50成份指数-A,指数型-股票,存续,2022-12-27,,2022-12-27,tushare_fund_basic,汇添富基金管理股份有限公司,,017519.OF,017519,True
017520,汇添富北证50成份指数-C,指数型-股票,存续,2022-12-27,,2022-12-27,tushare_fund_basic,汇添富基金管理股份有限公司,,017520.OF,017519,False
017521,富国北证50成份指数-A,指数型-股票,存续,2022-12-15,,2022-12-15,tushare_fund_basic,富国基金管理有限公司,,017521.OF,017521,True
017522,富国北证50成份指数-C,指数型-股票,存续,2022-12-15,,2022-12-15,tushare_fund_basic,富国基金管理有限公司,,017522.OF,017521,False
017523,南方北证50成份指数-A,指数型-股票,存续,2022-12-23,,2022-12-23,tushare_fund_basic,南方基金管理股份有限公司,,017523.OF,017523,True
017524,南方北证50成份指数-C,指数型-股票,存续,2022-12-23,,2022-12-23,tushare_fund_basic,南方基金管理股份有限公司,,017524.OF,017523,False
017525,华夏北证50成份指数-A,指数型-股票,存续,2022-12-28,,2022-12-28,tushare_fund_basic,华夏基金管理有限公司,,017525.OF,017525,True
017526,华夏北证50成份指数-C,指数型-股票,存续,2022-12-28,,2022-12-28,tushare_fund_basic,华夏基金管理有限公司,,017526.OF,017525,False
017527,嘉实北证50成份指数-A,指数型-股票,存续,2022-12-21,,2022-12-21,tushare_fund_basic,嘉实基金管理有限公司,,017527.OF,017527,True
017528,嘉实北证50成份指数-C,指数型-股票,存续,2022-12-21,,2022-12-21,tushare_fund_basic,嘉实基金管理有限公司,,017528.OF,017527,False
017535,东方红京东大数据灵活配置混合-C,混合型-灵活,存续,2022-12-05,,2022-12-05,tushare_fund_basic,上海东方证券资产管理有限公司,,017535.OF,017535,True
017536,东方红优享红利沪港深灵活配置混合-C,混合型-灵活,存续,2022-12-05,,2022-12-05,tushare_fund_basic,上海东方证券资产管理有限公司,,017536.OF,017536,True
017547,天弘国证2000指数增强-A,指数型-股票,存续,2023-03-23,,2023-03-23,tushare_fund_basic,天弘基金管理有限公司,,017547.OF,017547,True
017548,天弘国证2000指数增强-C,指数型-股票,存续,2023-03-23,,2023-03-23,tushare_fund_basic,天弘基金管理有限公司,,017548.OF,017547,False
017557,华夏中证沪港深500ETF联接-A,指数型-股票,清盘,2022-12-28,2025-12-29,2022-12-28,tushare_fund_basic,华夏基金管理有限公司,2025-12-29,017557.OF,017557,True
017558,华夏中证沪港深500ETF联接-C,指数型-股票,清盘,2022-12-28,2025-12-29,2022-12-28,tushare_fund_basic,华夏基金管理有限公司,2025-12-29,017558.OF,017557,False
017559,华安上证科创板芯片ETF联接-A,指数型-股票,存续,2022-12-27,,2022-12-27,tushare_fund_basic,华安基金管理有限公司,,017559.OF,017559,True
017560,华安上证科创板芯片ETF联接-C,指数型-股票,存续,2022-12-27,,2022-12-27,tushare_fund_basic,华安基金管理有限公司,,017560.OF,017559,False
017571,华夏中证新能源ETF联接-A,指数型-股票,清盘,2022-12-27,2025-12-29,2022-12-27,tushare_fund_basic,华夏基金管理有限公司,2025-12-29,017571.OF,017571,True
017572,华夏中证新能源ETF联接-C,指数型-股票,清盘,2022-12-27,2025-12-29,2022-12-27,tushare_fund_basic,华夏基金管理有限公司,2025-12-29,017572.OF,017571,False
017573,华夏中证机床ETF联接-A,指数型-股票,存续,2023-05-12,,2023-05-12,tushare_fund_basic,华夏基金管理有限公司,,017573.OF,017573,True
017574,华夏中证机床ETF联接-C,指数型-股票,存续,2023-05-12,,2023-05-12,tushare_fund_basic,华夏基金管理有限公司,,017574.OF,017573,False
017604,华夏中证生物科技主题ETF联接-A,指数型-股票,清盘,2023-03-16,2026-03-16,2023-03-16,tushare_fund_basic,华夏基金管理有限公司,2026-03-16,017604.OF,017604,True
017605,华夏中证生物科技主题ETF联接-C,指数型-股票,清盘,2023-03-16,2026-03-16,2023-03-16,tushare_fund_basic,华夏基金管理有限公司,2026-03-16,017605.OF,017604,False
017610,华夏恒生港股通中国内地企业高股息率ETF联接-A,指数型-海外股票,存续,2023-04-11,,2023-04-11,tushare_fund_basic,华夏基金管理有限公司,,017610.OF,017610,True
017611,华夏恒生港股通中国内地企业高股息率ETF联接-C,指数型-海外股票,存续,2023-04-11,,2023-04-11,tushare_fund_basic,华夏基金管理有限公司,,017611.OF,017610,False
017612,宏利复兴伟业灵活配置混合-C,混合型-灵活,存续,2023-02-21,,2023-02-21,tushare_fund_basic,宏利基金管理有限公司,,017612.OF,017612,True
017626,长城久惠灵活配置混合-C,混合型-灵活,存续,2023-01-17,,2023-01-17,tushare_fund_basic,长城基金管理有限公司,,017626.OF,017626,True
017628,华商计算机行业量化股票-C,股票型,存续,2022-12-20,,2022-12-20,tushare_fund_basic,华商基金管理有限公司,,017628.OF,017628,True
017632,汇添富中证全指医疗器械ETF联接-A,指数型-股票,存续,2022-12-29,,2022-12-29,tushare_fund_basic,汇添富基金管理股份有限公司,,017632.OF,017632,True
017633,汇添富中证全指医疗器械ETF联接-C,指数型-股票,存续,2022-12-29,,2022-12-29,tushare_fund_basic,汇添富基金管理股份有限公司,,017633.OF,017632,False
017634,汇添富中证全指医疗器械ETF联接-D,指数型-股票,存续,2022-12-29,,2022-12-29,tushare_fund_basic,汇添富基金管理股份有限公司,,017634.OF,017634,True
017637,华安深证100ETF联接-A,指数型-股票,存续,2024-07-22,,2024-07-22,tushare_fund_basic,华安基金管理有限公司,,017637.OF,017637,True
017638,华安深证100ETF联接-C,指数型-股票,存续,2024-07-22,,2024-07-22,tushare_fund_basic,华安基金管理有限公司,,017638.OF,017637,False
017641,摩根标普500指数(QDII)-A-CNY,指数型-海外股票,存续,2023-04-06,,2023-04-06,tushare_fund_basic,摩根基金管理(中国)有限公司,,017641.OF,017641,True
017642,摩根标普500指数(QDII)-USD-现钞,指数型-海外股票,存续,2023-04-06,,2023-04-06,tushare_fund_basic,摩根基金管理(中国)有限公司,,017642.OF,017642,True
017643,摩根标普500指数(QDII)-USD-现汇,指数型-海外股票,存续,2023-04-06,,2023-04-06,tushare_fund_basic,摩根基金管理(中国)有限公司,,017643.OF,017643,True
017644,博道中证1000指数增强-A,指数型-股票,存续,2023-08-25,,2023-08-25,tushare_fund_basic,博道基金管理有限公司,,017644.OF,017644,True
017645,博道中证1000指数增强-C,指数型-股票,存续,2023-08-25,,2023-08-25,tushare_fund_basic,博道基金管理有限公司,,017645.OF,017644,False
017646,易方达中证光伏产业ETF联接-A,指数型-股票,存续,2023-04-11,,2023-04-11,tushare_fund_basic,易方达基金管理有限公司,,017646.OF,017646,True
017647,易方达中证光伏产业ETF联接-C,指数型-股票,存续,2023-04-11,,2023-04-11,tushare_fund_basic,易方达基金管理有限公司,,017647.OF,017646,False
017650,中庚港股通价值股票,股票型,存续,2023-01-11,,2023-01-11,tushare_fund_basic,中庚基金管理有限公司,,017650.OF,017650,True
017651,中航华证商飞高端制造产业主题指数-A,指数型-股票,存续,2023-03-07,,2023-03-07,tushare_fund_basic,中航基金管理有限公司,,017651.OF,017651,True
017652,中航华证商飞高端制造产业主题指数-C,指数型-股票,存续,2023-03-07,,2023-03-07,tushare_fund_basic,中航基金管理有限公司,,017652.OF,017651,False
017653,创金合信全球芯片产业股票(QDII)-A,股票型,存续,2023-03-24,,2023-03-24,tushare_fund_basic,创金合信基金管理有限公司,,017653.OF,017653,True
017654,创金合信全球芯片产业股票(QDII)-C,股票型,存续,2023-03-24,,2023-03-24,tushare_fund_basic,创金合信基金管理有限公司,,017654.OF,017653,False
017679,国投瑞银精选收益灵活配置混合-C,混合型-灵活,存续,2023-01-04,,2023-01-04,tushare_fund_basic,国投瑞银基金管理有限公司,,017679.OF,017679,True
017683,华夏中证基建ETF联接-A,指数型-股票,存续,2023-05-09,,2023-05-09,tushare_fund_basic,华夏基金管理有限公司,,017683.OF,017683,True
017684,华夏中证基建ETF联接-C,指数型-股票,存续,2023-05-09,,2023-05-09,tushare_fund_basic,华夏基金管理有限公司,,017684.OF,017683,False
017726,鑫元成长驱动股票-A,股票型,清盘,2023-04-27,2026-04-27,2023-04-27,tushare_fund_basic,鑫元基金管理有限公司,2026-04-27,017726.OF,017726,True
017727,鑫元成长驱动股票-C,股票型,清盘,2023-04-27,2026-04-27,2023-04-27,tushare_fund_basic,鑫元基金管理有限公司,2026-04-27,017727.OF,017726,False
017730,嘉实全球产业升级股票(QDII)-A,股票型,存续,2023-02-09,,2023-02-09,tushare_fund_basic,嘉实基金管理有限公司,,017730.OF,017730,True
017731,嘉实全球产业升级股票(QDII)-C,股票型,存续,2023-02-09,,2023-02-09,tushare_fund_basic,嘉实基金管理有限公司,,017731.OF,017730,False
017733,中金中证1000指数增强-A,指数型-股票,存续,2023-03-14,,2023-03-14,tushare_fund_basic,中金基金管理有限公司,,017733.OF,017733,True
017734,中金中证1000指数增强-C,指数型-股票,存续,2023-03-14,,2023-03-14,tushare_fund_basic,中金基金管理有限公司,,017734.OF,017733,False
017744,嘉实绿色主题股票-A,股票型,存续,2023-02-17,,2023-02-17,tushare_fund_basic,嘉实基金管理有限公司,,017744.OF,017744,True
017745,嘉实绿色主题股票-C,股票型,存续,2023-02-17,,2023-02-17,tushare_fund_basic,嘉实基金管理有限公司,,017745.OF,017744,False
017746,建信电子行业股票-A,股票型,存续,2023-04-11,,2023-04-11,tushare_fund_basic,建信基金管理有限责任公司,,017746.OF,017746,True
017747,建信电子行业股票-C,股票型,存续,2023-04-11,,2023-04-11,tushare_fund_basic,建信基金管理有限责任公司,,017747.OF,017746,False
017758,银河智慧主题灵活配置混合-C,混合型-灵活,存续,2023-02-09,,2023-02-09,tushare_fund_basic,银河基金管理有限公司,,017758.OF,017758,True
017760,银河大国智造主题灵活配置混合-C,混合型-灵活,存续,2023-02-13,,2023-02-13,tushare_fund_basic,银河基金管理有限公司,,017760.OF,017760,True
017761,银河智联主题灵活配置混合-C,混合型-灵活,存续,2023-02-09,,2023-02-09,tushare_fund_basic,银河基金管理有限公司,,017761.OF,017761,True
017762,银河转型增长主题灵活配置混合-C,混合型-灵活,存续,2023-02-13,,2023-02-13,tushare_fund_basic,银河基金管理有限公司,,017762.OF,017762,True
017766,华夏兴和混合-C,混合型-灵活,存续,2023-01-19,,2023-01-19,tushare_fund_basic,华夏基金管理有限公司,,017766.OF,017766,True
017778,浦银中证证券公司30ETF联接-A,指数型-股票,存续,2023-03-28,,2023-03-28,tushare_fund_basic,浦银基金管理有限公司,,017778.OF,017778,True
017779,浦银中证证券公司30ETF联接-C,指数型-股票,存续,2023-03-28,,2023-03-28,tushare_fund_basic,浦银基金管理有限公司,,017779.OF,017778,False
017787,万家宏观择时多策略灵活配置混合-C,混合型-灵活,存续,2023-01-17,,2023-01-17,tushare_fund_basic,万家基金管理有限公司,,017787.OF,017787,True
017824,华安新材料主题股票-A,股票型,存续,2023-11-14,,2023-11-14,tushare_fund_basic,华安基金管理有限公司,,017824.OF,017824,True
017825,华安新材料主题股票-C,股票型,存续,2023-11-14,,2023-11-14,tushare_fund_basic,华安基金管理有限公司,,017825.OF,017824,False
017832,华夏中证港股通消费主题ETF联接-A,指数型-海外股票,存续,2023-03-21,,2023-03-21,tushare_fund_basic,华夏基金管理有限公司,,017832.OF,017832,True
017833,华夏中证港股通消费主题ETF联接-C,指数型-海外股票,存续,2023-03-21,,2023-03-21,tushare_fund_basic,华夏基金管理有限公司,,017833.OF,017832,False
017846,国金中证1000指数增强-A,指数型-股票,存续,2023-03-22,,2023-03-22,tushare_fund_basic,国金基金管理有限公司,,017846.OF,017846,True
017847,国金中证1000指数增强-C,指数型-股票,存续,2023-03-22,,2023-03-22,tushare_fund_basic,国金基金管理有限公司,,017847.OF,017846,False
017853,易方达中证云计算与大数据主题ETF联接-A,指数型-股票,存续,2023-03-15,,2023-03-15,tushare_fund_basic,易方达基金管理有限公司,,017853.OF,017853,True
017854,易方达中证云计算与大数据主题ETF联接-C,指数型-股票,存续,2023-03-15,,2023-03-15,tushare_fund_basic,易方达基金管理有限公司,,017854.OF,017853,False
017855,华夏中证石化产业ETF联接-A,指数型-股票,存续,2023-03-14,,2023-03-14,tushare_fund_basic,华夏基金管理有限公司,,017855.OF,017855,True
017856,华夏中证石化产业ETF联接-C,指数型-股票,存续,2023-03-14,,2023-03-14,tushare_fund_basic,华夏基金管理有限公司,,017856.OF,017855,False
017862,华夏中证A100ETF联接-A,指数型-股票,清盘,2023-02-28,2026-03-02,2023-02-28,tushare_fund_basic,华夏基金管理有限公司,2026-03-02,017862.OF,017862,True
017863,华夏中证A100ETF联接-C,指数型-股票,清盘,2023-02-28,2026-03-02,2023-02-28,tushare_fund_basic,华夏基金管理有限公司,2026-03-02,017863.OF,017862,False
017870,光大保德信消费主题股票-C,股票型,存续,2023-02-10,,2023-02-10,tushare_fund_basic,光大保德信基金管理有限公司,,017870.OF,017870,True
017874,国金量化多策略灵活配置混合-C,混合型-灵活,存续,2023-02-22,,2023-02-22,tushare_fund_basic,国金基金管理有限公司,,017874.OF,017874,True
017885,长城久润灵活配置混合-C,混合型-灵活,存续,2023-02-16,,2023-02-16,tushare_fund_basic,长城基金管理有限公司,,017885.OF,017885,True
017892,鹏华国证2000指数增强-A,指数型-股票,存续,2023-02-21,,2023-02-21,tushare_fund_basic,鹏华基金管理有限公司,,017892.OF,017892,True
017893,鹏华国证2000指数增强-C,指数型-股票,存续,2023-02-21,,2023-02-21,tushare_fund_basic,鹏华基金管理有限公司,,017893.OF,017892,False
017894,汇添富纳斯达克生物科技ETF联接(QDII)-A-CNY,指数型-海外股票,存续,2023-03-14,,2023-03-14,tushare_fund_basic,汇添富基金管理股份有限公司,,017894.OF,017894,True
017895,汇添富纳斯达克生物科技ETF联接(QDII)-C-CNY,指数型-海外股票,存续,2023-03-14,,2023-03-14,tushare_fund_basic,汇添富基金管理股份有限公司,,017895.OF,017895,True
017896,汇添富中证800指数增强-A,指数型-股票,存续,2023-05-19,,2023-05-19,tushare_fund_basic,汇添富基金管理股份有限公司,,017896.OF,017896,True
017897,汇添富中证800指数增强-C,指数型-股票,存续,2023-05-19,,2023-05-19,tushare_fund_basic,汇添富基金管理股份有限公司,,017897.OF,017896,False
017900,鹏华医药科技股票-C,股票型,存续,2023-02-17,,2023-02-17,tushare_fund_basic,鹏华基金管理有限公司,,017900.OF,017900,True
017907,汇添富中证上海环交所碳中和ETF联接-A,指数型-股票,清盘,2023-03-14,2026-03-14,2023-03-14,tushare_fund_basic,汇添富基金管理股份有限公司,2026-03-14,017907.OF,017907,True
017908,汇添富中证上海环交所碳中和ETF联接-C,指数型-股票,清盘,2023-03-14,2026-03-14,2023-03-14,tushare_fund_basic,汇添富基金管理股份有限公司,2026-03-14,017908.OF,017907,False
017911,华泰柏瑞新经济沪港深灵活配置混合-C,混合型-灵活,存续,2023-02-14,,2023-02-14,tushare_fund_basic,华泰柏瑞基金管理有限公司,,017911.OF,017911,True
017914,国金鑫瑞灵活配置混合-C,混合型-灵活,清盘,2023-03-20,2024-05-21,2023-03-20,tushare_fund_basic,国金基金管理有限公司,2024-05-21,017914.OF,002155,False
017916,国寿安保成长优选股票-C,股票型,存续,2023-02-16,,2023-02-16,tushare_fund_basic,国寿安保基金管理有限公司,,017916.OF,017916,True
017919,中欧中证1000指数增强-A,指数型-股票,存续,2023-03-02,,2023-03-02,tushare_fund_basic,中欧基金管理有限公司,,017919.OF,017919,True
017920,中欧中证1000指数增强-C,指数型-股票,存续,2023-03-02,,2023-03-02,tushare_fund_basic,中欧基金管理有限公司,,017920.OF,017919,False
017921,中海医疗保健主题股票-C,股票型,存续,2023-03-06,,2023-03-06,tushare_fund_basic,中海基金管理有限公司,,017921.OF,017921,True
017925,国金沪深300指数增强-C,指数型-股票,存续,2023-02-28,,2023-02-28,tushare_fund_basic,国金基金管理有限公司,,017925.OF,017925,True
017929,前海开源沪港深新机遇灵活配置混合-C,混合型-灵活,存续,2023-02-15,,2023-02-15,tushare_fund_basic,前海开源基金管理有限公司,,017929.OF,017929,True
017931,富达传承6个月持有期股票-A,股票型,存续,2023-04-25,,2023-04-25,tushare_fund_basic,富达基金管理(中国)有限公司,,017931.OF,017931,True
017932,富达传承6个月持有期股票-C,股票型,存续,2023-04-25,,2023-04-25,tushare_fund_basic,富达基金管理(中国)有限公司,,017932.OF,017931,False
017937,易方达中证医疗ETF联接-A,指数型-股票,存续,2023-03-15,,2023-03-15,tushare_fund_basic,易方达基金管理有限公司,,017937.OF,017937,True
017938,易方达中证医疗ETF联接-C,指数型-股票,存续,2023-03-15,,2023-03-15,tushare_fund_basic,易方达基金管理有限公司,,017938.OF,017937,False
017941,国投瑞银国家安全灵活配置混合-C,混合型-灵活,存续,2023-02-22,,2023-02-22,tushare_fund_basic,国投瑞银基金管理有限公司,,017941.OF,017941,True
017946,国富沪港深成长精选股票-C,股票型,存续,2023-03-24,,2023-03-24,tushare_fund_basic,国海富兰克林基金管理有限公司,,017946.OF,017946,True
017948,国富中小盘股票-C,股票型,存续,2023-03-17,,2023-03-17,tushare_fund_basic,国海富兰克林基金管理有限公司,,017948.OF,017948,True
017949,景顺长城创业板50ETF联接-A,指数型-股票,存续,2023-03-17,,2023-03-17,tushare_fund_basic,景顺长城基金管理有限公司,,017949.OF,017949,True
017950,景顺长城创业板50ETF联接-C,指数型-股票,存续,2023-03-17,,2023-03-17,tushare_fund_basic,景顺长城基金管理有限公司,,017950.OF,017949,False
017951,汇添富纳斯达克生物科技ETF联接(QDII)-USD-现汇,指数型-海外股票,存续,2023-03-14,,2023-03-14,tushare_fund_basic,汇添富基金管理股份有限公司,,017951.OF,017951,True
017952,汇添富纳斯达克生物科技ETF联接(QDII)-USD-现钞,指数型-海外股票,存续,2023-03-14,,2023-03-14,tushare_fund_basic,汇添富基金管理股份有限公司,,017952.OF,017952,True
017953,汇添富中证1000指数增强-A,指数型-股票,存续,2023-05-19,,2023-05-19,tushare_fund_basic,汇添富基金管理股份有限公司,,017953.OF,017953,True
017954,汇添富中证1000指数增强-C,指数型-股票,存续,2023-05-19,,2023-05-19,tushare_fund_basic,汇添富基金管理股份有限公司,,017954.OF,017953,False
017967,华富新能源股票-C,股票型,存续,2023-02-23,,2023-02-23,tushare_fund_basic,华富基金管理有限公司,,017967.OF,012445,False
017969,华富产业升级灵活配置混合-C,混合型-灵活,存续,2023-03-02,,2023-03-02,tushare_fund_basic,华富基金管理有限公司,,017969.OF,017969,True
017979,交银国企改革灵活配置混合-C,混合型-灵活,存续,2023-02-28,,2023-02-28,tushare_fund_basic,交银施罗德基金管理有限公司,,017979.OF,017979,True
017985,华夏中证800指数增强-A,指数型-股票,存续,2023-03-30,,2023-03-30,tushare_fund_basic,华夏基金管理有限公司,,017985.OF,017985,True
017986,华夏中证800指数增强-C,指数型-股票,存续,2023-03-30,,2023-03-30,tushare_fund_basic,华夏基金管理有限公司,,017986.OF,017985,False
017996,万家沪深300成长ETF联接-A,指数型-股票,存续,2023-03-01,,2023-03-01,tushare_fund_basic,万家基金管理有限公司,,017996.OF,017996,True
017997,万家沪深300成长ETF联接-C,指数型-股票,存续,2023-03-01,,2023-03-01,tushare_fund_basic,万家基金管理有限公司,,017997.OF,017996,False
017998,中欧融恒平衡混合-A,混合型-灵活,存续,2023-03-21,,2023-03-21,tushare_fund_basic,中欧基金管理有限公司,,017998.OF,017998,True
017999,中欧融恒平衡混合-C,混合型-灵活,存续,2023-03-21,,2023-03-21,tushare_fund_basic,中欧基金管理有限公司,,017999.OF,017998,False
018006,前海开源沪港深龙头精选灵活配置混合-C,混合型-灵活,存续,2025-03-06,,2025-03-06,tushare_fund_basic,前海开源基金管理有限公司,,018006.OF,018006,True
018007,招商瑞利灵活配置混合(LOF)-C,混合型-灵活,存续,2023-02-24,,2023-02-24,tushare_fund_basic,招商基金管理有限公司,,018007.OF,161729,False
018009,长盛医疗行业量化配置股票-C,股票型,存续,2023-03-02,,2023-03-02,tushare_fund_basic,长盛基金管理有限公司,,018009.OF,018009,True
018013,长信中证1000指数增强-A,指数型-股票,存续,2023-04-20,,2023-04-20,tushare_fund_basic,长信基金管理有限责任公司,,018013.OF,018013,True
018014,长信中证1000指数增强-C,指数型-股票,存续,2023-04-20,,2023-04-20,tushare_fund_basic,长信基金管理有限责任公司,,018014.OF,018013,False
018023,华商上游产业股票-C,股票型,存续,2023-03-03,,2023-03-03,tushare_fund_basic,华商基金管理有限公司,,018023.OF,018023,True
018027,嘉实中证智选航空航天科技ETF联接-A,指数型-股票,存续,2023-03-16,,2023-03-16,tushare_fund_basic,嘉实基金管理有限公司,,018027.OF,018027,True
018028,嘉实中证智选航空航天科技ETF联接-C,指数型-股票,存续,2023-03-16,,2023-03-16,tushare_fund_basic,嘉实基金管理有限公司,,018028.OF,018027,False
018031,华安中证数字经济主题ETF联接-A,指数型-股票,清盘,2023-04-11,2026-04-11,2023-04-11,tushare_fund_basic,华安基金管理有限公司,2026-04-11,018031.OF,018031,True
018032,华安中证数字经济主题ETF联接-C,指数型-股票,清盘,2023-04-11,2026-04-11,2023-04-11,tushare_fund_basic,华安基金管理有限公司,2026-04-11,018032.OF,018031,False
018034,国泰国证绿色电力ETF联接-A,指数型-股票,存续,2023-03-08,,2023-03-08,tushare_fund_basic,国泰基金管理有限公司,,018034.OF,018034,True
018035,国泰国证绿色电力ETF联接-C,指数型-股票,存续,2023-03-08,,2023-03-08,tushare_fund_basic,国泰基金管理有限公司,,018035.OF,018034,False
018036,长城全球新能源汽车股票(QDII-LOF)-C,股票型,存续,2023-04-21,,2023-04-21,tushare_fund_basic,长城基金管理有限公司,,018036.OF,018036,True
018043,天弘纳斯达克100指数(QDII)-A,指数型-海外股票,存续,2023-04-11,,2023-04-11,tushare_fund_basic,天弘基金管理有限公司,,018043.OF,018043,True
018044,天弘纳斯达克100指数(QDII)-C,指数型-海外股票,存续,2023-04-11,,2023-04-11,tushare_fund_basic,天弘基金管理有限公司,,018044.OF,018043,False
018045,东方创新医疗股票-A,股票型,存续,2023-05-08,,2023-05-08,tushare_fund_basic,东方基金管理股份有限公司,,018045.OF,018045,True
018046,东方创新医疗股票-C,股票型,存续,2023-05-08,,2023-05-08,tushare_fund_basic,东方基金管理股份有限公司,,018046.OF,018045,False
018048,申万菱信数字产业股票-A,股票型,存续,2023-05-04,,2023-05-04,tushare_fund_basic,申万菱信基金管理有限公司,,018048.OF,018048,True
018049,申万菱信数字产业股票-C,股票型,存续,2023-05-04,,2023-05-04,tushare_fund_basic,申万菱信基金管理有限公司,,018049.OF,018048,False
018058,汇添富深证300ETF联接-C,指数型-股票,存续,2023-03-08,,2023-03-08,tushare_fund_basic,汇添富基金管理股份有限公司,,018058.OF,018058,True
018061,汇添富中证上海国企ETF联接-C,指数型-股票,存续,2023-03-08,,2023-03-08,tushare_fund_basic,汇添富基金管理股份有限公司,,018061.OF,018061,True
018062,华泰紫金中证1000指数增强-A,指数型-股票,存续,2023-06-08,,2023-06-08,tushare_fund_basic,华泰证券(上海)资产管理有限公司,,018062.OF,018062,True
018063,华泰紫金中证1000指数增强-C,指数型-股票,存续,2023-06-08,,2023-06-08,tushare_fund_basic,华泰证券(上海)资产管理有限公司,,018063.OF,018062,False
018064,华夏标普500ETF联接(QDII)-A-CNY,指数型-海外股票,存续,2023-05-10,,2023-05-10,tushare_fund_basic,华夏基金管理有限公司,,018064.OF,018064,True
018065,华夏标普500ETF联接(QDII)-C,指数型-海外股票,存续,2023-05-10,,2023-05-10,tushare_fund_basic,华夏基金管理有限公司,,018065.OF,018065,True
018066,华夏标普500ETF联接(QDII)-A-USD-现汇,指数型-海外股票,存续,2023-05-10,,2023-05-10,tushare_fund_basic,华夏基金管理有限公司,,018066.OF,018066,True
018075,长盛航天海工装备灵活配置混合-C,混合型-灵活,存续,2023-03-16,,2023-03-16,tushare_fund_basic,长盛基金管理有限公司,,018075.OF,018075,True
018078,南方恒生生物科技ETF联接(QDII)-A,指数型-海外股票,存续,2023-05-30,,2023-05-30,tushare_fund_basic,南方基金管理股份有限公司,,018078.OF,018078,True
018079,南方恒生生物科技ETF联接(QDII)-C,指数型-海外股票,存续,2023-05-30,,2023-05-30,tushare_fund_basic,南方基金管理股份有限公司,,018079.OF,018078,False
018082,光大保德信产业新动力灵活配置混合-C,混合型-灵活,存续,2023-03-10,,2023-03-10,tushare_fund_basic,光大保德信基金管理有限公司,,018082.OF,018082,True
018094,博时中证机器人指数-A,指数型-股票,存续,2023-04-04,,2023-04-04,tushare_fund_basic,博时基金管理有限公司,,018094.OF,018094,True
018095,博时中证机器人指数-C,指数型-股票,存续,2023-04-04,,2023-04-04,tushare_fund_basic,博时基金管理有限公司,,018095.OF,018094,False
018099,方正富邦中证保险主题指数-C,指数型-股票,存续,2023-03-27,,2023-03-27,tushare_fund_basic,方正富邦基金管理有限公司,,018099.OF,167301,False
018103,易方达中证港股通消费主题ETF联接-A,指数型-海外股票,存续,2023-03-20,,2023-03-20,tushare_fund_basic,易方达基金管理有限公司,,018103.OF,018103,True
018104,易方达中证港股通消费主题ETF联接-C,指数型-海外股票,存续,2023-03-20,,2023-03-20,tushare_fund_basic,易方达基金管理有限公司,,018104.OF,018103,False
018112,工银瑞信北证50成份指数-A,指数型-股票,存续,2023-04-27,,2023-04-27,tushare_fund_basic,工银瑞信基金管理有限公司,,018112.OF,018112,True
018113,工银瑞信北证50成份指数-C,指数型-股票,存续,2023-04-27,,2023-04-27,tushare_fund_basic,工银瑞信基金管理有限公司,,018113.OF,018112,False
018114,鹏扬北证50成份指数-A,指数型-股票,存续,2023-04-25,,2023-04-25,tushare_fund_basic,鹏扬基金管理有限公司,,018114.OF,018114,True
018115,鹏扬北证50成份指数-C,指数型-股票,存续,2023-04-25,,2023-04-25,tushare_fund_basic,鹏扬基金管理有限公司,,018115.OF,018114,False
018116,泰康中证500指数增强-A,指数型-股票,存续,2023-08-17,,2023-08-17,tushare_fund_basic,泰康基金管理有限公司,,018116.OF,018116,True
018117,泰康中证500指数增强-C,指数型-股票,存续,2023-08-17,,2023-08-17,tushare_fund_basic,泰康基金管理有限公司,,018117.OF,018116,False
018120,万家北证50成份指数-A,指数型-股票,存续,2023-05-05,,2023-05-05,tushare_fund_basic,万家基金管理有限公司,,018120.OF,018120,True
018121,万家北证50成份指数-C,指数型-股票,存续,2023-05-05,,2023-05-05,tushare_fund_basic,万家基金管理有限公司,,018121.OF,018120,False
018128,博时北证50成份指数-A,指数型-股票,存续,2023-05-23,,2023-05-23,tushare_fund_basic,博时基金管理有限公司,,018128.OF,018128,True
018129,博时北证50成份指数-C,指数型-股票,存续,2023-05-23,,2023-05-23,tushare_fund_basic,博时基金管理有限公司,,018129.OF,018128,False
018132,博时中证有色金属矿业主题指数-A,指数型-股票,存续,2023-05-16,,2023-05-16,tushare_fund_basic,博时基金管理有限公司,,018132.OF,018132,True
018133,博时中证有色金属矿业主题指数-C,指数型-股票,存续,2023-05-16,,2023-05-16,tushare_fund_basic,博时基金管理有限公司,,018133.OF,018132,False
018134,富国中证大数据产业ETF联接-A,指数型-股票,存续,2023-03-24,,2023-03-24,tushare_fund_basic,富国基金管理有限公司,,018134.OF,018134,True
018135,富国中证大数据产业ETF联接-C,指数型-股票,存续,2023-03-24,,2023-03-24,tushare_fund_basic,富国基金管理有限公司,,018135.OF,018134,False
018145,博时上证科创板50成份指数-A,指数型-股票,存续,2023-05-18,,2023-05-18,tushare_fund_basic,博时基金管理有限公司,,018145.OF,018145,True
018146,博时上证科创板50成份指数-C,指数型-股票,存续,2023-05-18,,2023-05-18,tushare_fund_basic,博时基金管理有限公司,,018146.OF,018145,False
018155,创金合信全球医药生物股票(QDII)-A,股票型,存续,2023-11-17,,2023-11-17,tushare_fund_basic,创金合信基金管理有限公司,,018155.OF,018155,True
018156,创金合信全球医药生物股票(QDII)-C,股票型,存续,2023-11-17,,2023-11-17,tushare_fund_basic,创金合信基金管理有限公司,,018156.OF,018155,False
018157,西部利得中证1000指数增强-A,指数型-股票,存续,2023-04-25,,2023-04-25,tushare_fund_basic,西部利得基金管理有限公司,,018157.OF,018157,True
018158,西部利得中证1000指数增强-C,指数型-股票,存续,2023-04-25,,2023-04-25,tushare_fund_basic,西部利得基金管理有限公司,,018158.OF,018157,False
018167,国泰中证有色金属矿业主题ETF联接-A,指数型-股票,存续,2023-08-11,,2023-08-11,tushare_fund_basic,国泰基金管理有限公司,,018167.OF,018167,True
018168,国泰中证有色金属矿业主题ETF联接-C,指数型-股票,存续,2023-08-11,,2023-08-11,tushare_fund_basic,国泰基金管理有限公司,,018168.OF,018167,False
018172,华泰柏瑞中证全指电力公用事业ETF联接-A,指数型-股票,存续,2023-04-14,,2023-04-14,tushare_fund_basic,华泰柏瑞基金管理有限公司,,018172.OF,018172,True
018173,华泰柏瑞中证全指电力公用事业ETF联接-C,指数型-股票,存续,2023-04-14,,2023-04-14,tushare_fund_basic,华泰柏瑞基金管理有限公司,,018173.OF,018172,False
018177,华夏上证科创板50成份指数增强-A,指数型-股票,存续,2023-07-25,,2023-07-25,tushare_fund_basic,华夏基金管理有限公司,,018177.OF,018177,True
018178,华夏上证科创板50成份指数增强-C,指数型-股票,存续,2023-07-25,,2023-07-25,tushare_fund_basic,华夏基金管理有限公司,,018178.OF,018177,False
018182,万家中证软件服务ETF联接-A,指数型-股票,存续,2023-03-29,,2023-03-29,tushare_fund_basic,万家基金管理有限公司,,018182.OF,018182,True
018183,万家中证软件服务ETF联接-C,指数型-股票,存续,2023-03-29,,2023-03-29,tushare_fund_basic,万家基金管理有限公司,,018183.OF,018182,False
018194,建信新材料精选股票-A,股票型,存续,2023-08-22,,2023-08-22,tushare_fund_basic,建信基金管理有限责任公司,,018194.OF,018194,True
018195,建信新材料精选股票-C,股票型,存续,2023-08-22,,2023-08-22,tushare_fund_basic,建信基金管理有限责任公司,,018195.OF,018194,False
018200,嘉实恒生消费ETF联接(QDII)-A,指数型-海外股票,存续,2023-04-11,,2023-04-11,tushare_fund_basic,嘉实基金管理有限公司,,018200.OF,018200,True
018201,嘉实恒生消费ETF联接(QDII)-C,指数型-海外股票,存续,2023-04-11,,2023-04-11,tushare_fund_basic,嘉实基金管理有限公司,,018201.OF,018200,False
018207,申万菱信中证沪港深数字经济主题指数-A,指数型-股票,存续,2023-05-23,,2023-05-23,tushare_fund_basic,申万菱信基金管理有限公司,,018207.OF,018207,True
018208,申万菱信中证沪港深数字经济主题指数-C,指数型-股票,存续,2023-05-23,,2023-05-23,tushare_fund_basic,申万菱信基金管理有限公司,,018208.OF,018207,False
018209,富国精准医疗灵活配置混合-C,混合型-灵活,存续,2023-04-27,,2023-04-27,tushare_fund_basic,富国基金管理有限公司,,018209.OF,018209,True
018216,长城久恒灵活配置混合-C,混合型-灵活,存续,2023-04-03,,2023-04-03,tushare_fund_basic,长城基金管理有限公司,,018216.OF,018216,True
018233,浙商中证1000指数增强-A,指数型-股票,存续,2023-09-26,,2023-09-26,tushare_fund_basic,浙商基金管理有限公司,,018233.OF,018233,True
018234,浙商中证1000指数增强-C,指数型-股票,存续,2023-09-26,,2023-09-26,tushare_fund_basic,浙商基金管理有限公司,,018234.OF,018233,False
018237,长盛创新驱动灵活配置混合-C,混合型-灵活,存续,2023-04-10,,2023-04-10,tushare_fund_basic,长盛基金管理有限公司,,018237.OF,018237,True
018238,广发港股通恒生综合中型股指数(LOF)-E,指数型-海外股票,存续,2023-04-12,,2023-04-12,tushare_fund_basic,广发基金管理有限公司,,018238.OF,501303,False
018240,嘉实制造升级股票-A,股票型,存续,2023-07-25,,2023-07-25,tushare_fund_basic,嘉实基金管理有限公司,,018240.OF,018240,True
018241,嘉实制造升级股票-C,股票型,存续,2023-07-25,,2023-07-25,tushare_fund_basic,嘉实基金管理有限公司,,018241.OF,018240,False
018246,富国研究优选沪港深灵活配置混合-C,混合型-灵活,存续,2023-04-27,,2023-04-27,tushare_fund_basic,富国基金管理有限公司,,018246.OF,018246,True
018257,国泰海通沪深300指数增强-A,指数型-股票,存续,2023-04-19,,2023-04-19,tushare_fund_basic,上海国泰海通证券资产管理有限公司,,018257.OF,018257,True
018258,国泰海通沪深300指数增强-C,指数型-股票,存续,2023-04-19,,2023-04-19,tushare_fund_basic,上海国泰海通证券资产管理有限公司,,018258.OF,018257,False
018289,广发趋势动力灵活配置混合-C,混合型-灵活,存续,2023-04-18,,2023-04-18,tushare_fund_basic,广发基金管理有限公司,,018289.OF,018289,True
018290,广发龙头优选灵活配置混合-C,混合型-灵活,存续,2023-04-18,,2023-04-18,tushare_fund_basic,广发基金管理有限公司,,018290.OF,018290,True
018291,广发新兴成长灵活配置混合-C,混合型-灵活,存续,2023-04-18,,2023-04-18,tushare_fund_basic,广发基金管理有限公司,,018291.OF,018291,True
018292,华夏国证2000指数增强-A,指数型-股票,清盘,2023-05-23,2026-05-25,2023-05-23,tushare_fund_basic,华夏基金管理有限公司,2026-05-25,018292.OF,018292,True
018293,华夏国证2000指数增强-C,指数型-股票,清盘,2023-05-23,2026-05-25,2023-05-23,tushare_fund_basic,华夏基金管理有限公司,2026-05-25,018293.OF,018292,False
018300,华夏国证消费电子主题ETF联接-A,指数型-股票,存续,2023-06-02,,2023-06-02,tushare_fund_basic,华夏基金管理有限公司,,018300.OF,018300,True
018301,华夏国证消费电子主题ETF联接-C,指数型-股票,存续,2023-06-02,,2023-06-02,tushare_fund_basic,华夏基金管理有限公司,,018301.OF,018300,False
018315,易方达中证装备产业ETF联接-A,指数型-股票,存续,2023-07-25,,2023-07-25,tushare_fund_basic,易方达基金管理有限公司,,018315.OF,018315,True
018316,易方达中证装备产业ETF联接-C,指数型-股票,存续,2023-07-25,,2023-07-25,tushare_fund_basic,易方达基金管理有限公司,,018316.OF,018315,False
018334,华夏中证智选1000成长创新策略ETF联接-A,指数型-股票,清盘,2023-05-30,2026-06-01,2023-05-30,tushare_fund_basic,华夏基金管理有限公司,2026-06-01,018334.OF,018334,True
018335,华夏中证智选1000成长创新策略ETF联接-C,指数型-股票,清盘,2023-05-30,2026-06-01,2023-05-30,tushare_fund_basic,华夏基金管理有限公司,2026-06-01,018335.OF,018334,False
018336,华夏恒生中国企业ETF联接(QDII)-A,指数型-海外股票,清盘,2023-07-18,2026-07-20,2023-07-18,tushare_fund_basic,华夏基金管理有限公司,2026-07-20,018336.OF,018336,True
018337,华夏恒生中国企业ETF联接(QDII)-C,指数型-海外股票,清盘,2023-07-18,2026-07-20,2023-07-18,tushare_fund_basic,华夏基金管理有限公司,2026-07-20,018337.OF,018336,False
018344,华夏中证机器人ETF联接-A,指数型-股票,存续,2023-05-31,,2023-05-31,tushare_fund_basic,华夏基金管理有限公司,,018344.OF,018344,True
018345,华夏中证机器人ETF联接-C,指数型-股票,存续,2023-05-31,,2023-05-31,tushare_fund_basic,华夏基金管理有限公司,,018345.OF,018344,False
018370,华夏创业板指数增强-A,指数型-股票,存续,2023-09-18,,2023-09-18,tushare_fund_basic,华夏基金管理有限公司,,018370.OF,018370,True
018371,华夏创业板指数增强-C,指数型-股票,存续,2023-09-18,,2023-09-18,tushare_fund_basic,华夏基金管理有限公司,,018371.OF,018370,False
018379,万家国证新能源车电池ETF联接-A,指数型-股票,存续,2023-04-27,,2023-04-27,tushare_fund_basic,万家基金管理有限公司,,018379.OF,018379,True
018380,万家国证新能源车电池ETF联接-C,指数型-股票,存续,2023-04-27,,2023-04-27,tushare_fund_basic,万家基金管理有限公司,,018380.OF,018379,False
018383,招商上证综合指数增强-A,指数型-股票,存续,2025-01-16,,2025-01-16,tushare_fund_basic,招商基金管理有限公司,,018383.OF,018383,True
018384,招商上证综合指数增强-C,指数型-股票,存续,2025-01-16,,2025-01-16,tushare_fund_basic,招商基金管理有限公司,,018384.OF,018383,False
018385,招商中证全指软件ETF联接-A,指数型-股票,存续,2023-06-02,,2023-06-02,tushare_fund_basic,招商基金管理有限公司,,018385.OF,018385,True
018386,招商中证全指软件ETF联接-C,指数型-股票,存续,2023-06-02,,2023-06-02,tushare_fund_basic,招商基金管理有限公司,,018386.OF,018385,False
018387,华泰柏瑞中证港股通高股息投资ETF联接-A,指数型-海外股票,存续,2023-06-19,,2023-06-19,tushare_fund_basic,华泰柏瑞基金管理有限公司,,018387.OF,018387,True
018388,华泰柏瑞中证港股通高股息投资ETF联接-C,指数型-海外股票,存续,2023-06-19,,2023-06-19,tushare_fund_basic,华泰柏瑞基金管理有限公司,,018388.OF,018387,False
018389,国投瑞银新兴产业混合(LOF)-C,混合型-灵活,存续,2023-04-24,,2023-04-24,tushare_fund_basic,国投瑞银基金管理有限公司,,018389.OF,161219,False
018395,招商中证全指医疗器械ETF联接-A,指数型-股票,存续,2023-06-20,,2023-06-20,tushare_fund_basic,招商基金管理有限公司,,018395.OF,018395,True
018396,招商中证全指医疗器械ETF联接-C,指数型-股票,存续,2023-06-20,,2023-06-20,tushare_fund_basic,招商基金管理有限公司,,018396.OF,018395,False
018397,博时中证医疗指数-A,指数型-股票,存续,2023-10-24,,2023-10-24,tushare_fund_basic,博时基金管理有限公司,,018397.OF,018397,True
018398,博时中证医疗指数-C,指数型-股票,存续,2023-10-24,,2023-10-24,tushare_fund_basic,博时基金管理有限公司,,018398.OF,018397,False
018411,易方达中证芯片产业ETF联接-A,指数型-股票,存续,2023-06-13,,2023-06-13,tushare_fund_basic,易方达基金管理有限公司,,018411.OF,018411,True
018412,易方达中证芯片产业ETF联接-C,指数型-股票,存续,2023-06-13,,2023-06-13,tushare_fund_basic,易方达基金管理有限公司,,018412.OF,018411,False
018432,嘉实恒生医疗保健ETF联接(QDII)-A,指数型-海外股票,存续,2023-05-11,,2023-05-11,tushare_fund_basic,嘉实基金管理有限公司,,018432.OF,018432,True
018433,嘉实恒生医疗保健ETF联接(QDII)-C,指数型-海外股票,存续,2023-05-11,,2023-05-11,tushare_fund_basic,嘉实基金管理有限公司,,018433.OF,018432,False
018448,中欧琪和灵活配置混合-E,混合型-灵活,存续,2023-05-05,,2023-05-05,tushare_fund_basic,中欧基金管理有限公司,,018448.OF,018448,True
018449,中欧瑾通灵活配置混合-E,混合型-灵活,存续,2023-05-05,,2023-05-05,tushare_fund_basic,中欧基金管理有限公司,,018449.OF,018449,True
018462,光大保德信智能汽车主题股票-C,股票型,存续,2023-05-12,,2023-05-12,tushare_fund_basic,光大保德信基金管理有限公司,,018462.OF,018462,True
018463,德邦稳盈增长灵活配置混合-C,混合型-灵活,存续,2023-05-11,,2023-05-11,tushare_fund_basic,德邦基金管理有限公司,,018463.OF,018463,True
018470,国富策略回报灵活配置混合-C,混合型-灵活,存续,2023-05-18,,2023-05-18,tushare_fund_basic,国海富兰克林基金管理有限公司,,018470.OF,018470,True
018473,创金合信行业轮动量化选股股票-A,股票型,清盘,2023-06-27,2024-07-23,2023-06-27,tushare_fund_basic,创金合信基金管理有限公司,2024-07-23,018473.OF,018473,True
018474,创金合信行业轮动量化选股股票-C,股票型,清盘,2023-06-27,2024-07-23,2023-06-27,tushare_fund_basic,创金合信基金管理有限公司,2024-07-23,018474.OF,018473,False
018475,万家恒生互联网科技业ETF联接(QDII)-A,指数型-海外股票,存续,2023-06-08,,2023-06-08,tushare_fund_basic,万家基金管理有限公司,,018475.OF,018475,True
018476,万家恒生互联网科技业ETF联接(QDII)-C,指数型-海外股票,存续,2023-06-08,,2023-06-08,tushare_fund_basic,万家基金管理有限公司,,018476.OF,018475,False
018482,鹏华创业板50ETF联接-A,指数型-股票,存续,2023-08-01,,2023-08-01,tushare_fund_basic,鹏华基金管理有限公司,,018482.OF,018482,True
018483,鹏华创业板50ETF联接-C,指数型-股票,存续,2023-08-01,,2023-08-01,tushare_fund_basic,鹏华基金管理有限公司,,018483.OF,018482,False
018489,万家中证工业有色金属主题ETF联接-A,指数型-股票,存续,2023-06-08,,2023-06-08,tushare_fund_basic,万家基金管理有限公司,,018489.OF,018489,True
018490,万家中证工业有色金属主题ETF联接-C,指数型-股票,存续,2023-06-08,,2023-06-08,tushare_fund_basic,万家基金管理有限公司,,018490.OF,018489,False
018495,融通产业趋势臻选股票-C,股票型,存续,2023-05-18,,2023-05-18,tushare_fund_basic,融通基金管理有限公司,,018495.OF,018495,True
018501,光大保德信中国制造2025灵活配置混合-C,混合型-灵活,存续,2023-05-26,,2023-05-26,tushare_fund_basic,光大保德信基金管理有限公司,,018501.OF,018501,True
018502,东财中证光伏产业指数-A,指数型-股票,存续,2023-09-01,,2023-09-01,tushare_fund_basic,东财基金管理有限公司,,018502.OF,018502,True
018503,东财中证光伏产业指数-C,指数型-股票,存续,2023-09-01,,2023-09-01,tushare_fund_basic,东财基金管理有限公司,,018503.OF,018502,False
018517,民生加银量化中国灵活配置混合-C,混合型-灵活,存续,2023-06-05,,2023-06-05,tushare_fund_basic,民生加银基金管理有限公司,,018517.OF,018517,True
018523,华泰紫金恒生互联网科技业指数(QDII)-A,指数型-海外股票,存续,2023-06-28,,2023-06-28,tushare_fund_basic,华泰证券(上海)资产管理有限公司,,018523.OF,018523,True
018524,华泰紫金恒生互联网科技业指数(QDII)-C,指数型-海外股票,存续,2023-06-28,,2023-06-28,tushare_fund_basic,华泰证券(上海)资产管理有限公司,,018524.OF,018523,False
018533,南方中证互联网指数(LOF)-C,指数型-股票,存续,2023-05-22,,2023-05-22,tushare_fund_basic,南方基金管理股份有限公司,,018533.OF,160137,False
018536,汇添富上证综合指数-C,指数型-股票,存续,2023-05-19,,2023-05-19,tushare_fund_basic,汇添富基金管理股份有限公司,,018536.OF,018536,True
018541,建信鑫安回报灵活配置混合-C,混合型-灵活,存续,2023-05-22,,2023-05-22,tushare_fund_basic,建信基金管理有限责任公司,,018541.OF,018541,True
018544,国投瑞银美丽中国灵活配置混合-C,混合型-灵活,存续,2023-05-31,,2023-05-31,tushare_fund_basic,国投瑞银基金管理有限公司,,018544.OF,018544,True
018545,国投瑞银瑞盛灵活配置混合(LOF)-C,混合型-灵活,存续,2023-05-31,,2023-05-31,tushare_fund_basic,国投瑞银基金管理有限公司,,018545.OF,161232,False
018546,国投瑞银瑞盈灵活配置混合(LOF)-C,混合型-灵活,存续,2023-05-31,,2023-05-31,tushare_fund_basic,国投瑞银基金管理有限公司,,018546.OF,161225,False
018556,中银新经济灵活配置混合-C,混合型-灵活,存续,2023-05-22,,2023-05-22,tushare_fund_basic,中银基金管理有限公司,,018556.OF,018556,True
018557,易方达中证港股通医药卫生综合ETF联接-A,指数型-海外股票,存续,2023-08-08,,2023-08-08,tushare_fund_basic,易方达基金管理有限公司,,018557.OF,018557,True
018558,易方达中证港股通医药卫生综合ETF联接-C,指数型-海外股票,存续,2023-08-08,,2023-08-08,tushare_fund_basic,易方达基金管理有限公司,,018558.OF,018557,False
018561,中信保诚多策略灵活配置混合(LOF)-C,混合型-灵活,存续,2023-05-24,,2023-05-24,tushare_fund_basic,中信保诚基金管理有限公司,,018561.OF,018561,True
018564,嘉实中证全指家用电器指数-A,指数型-股票,清盘,2023-06-01,2026-06-01,2023-06-01,tushare_fund_basic,嘉实基金管理有限公司,2026-06-01,018564.OF,018564,True
018565,嘉实中证全指家用电器指数-C,指数型-股票,清盘,2023-06-01,2026-06-01,2023-06-01,tushare_fund_basic,嘉实基金管理有限公司,2026-06-01,018565.OF,018564,False
018574,兴银丰盈灵活配置混合-C,混合型-灵活,存续,2023-06-02,,2023-06-02,tushare_fund_basic,兴银基金管理有限责任公司,,018574.OF,018574,True
018577,摩根恒生科技ETF联接(QDII)-A,指数型-海外股票,存续,2023-07-18,,2023-07-18,tushare_fund_basic,摩根基金管理(中国)有限公司,,018577.OF,018577,True
018578,摩根恒生科技ETF联接(QDII)-C,指数型-海外股票,存续,2023-07-18,,2023-07-18,tushare_fund_basic,摩根基金管理(中国)有限公司,,018578.OF,018577,False
018579,鑫元国证2000指数增强-A,指数型-海外股票,存续,2023-08-10,,2023-08-10,tushare_fund_basic,鑫元基金管理有限公司,,018579.OF,018579,True
018580,鑫元国证2000指数增强-C,指数型-海外股票,存续,2023-08-10,,2023-08-10,tushare_fund_basic,鑫元基金管理有限公司,,018580.OF,018579,False
018589,农银汇理信息传媒主题股票-C,股票型,存续,2023-05-30,,2023-05-30,tushare_fund_basic,农银汇理基金管理有限公司,,018589.OF,018589,True
018590,银华体育文化灵活配置混合-C,混合型-灵活,存续,2023-06-05,,2023-06-05,tushare_fund_basic,银华基金管理股份有限公司,,018590.OF,018590,True
018633,财通中证500指数增强-A,指数型-股票,存续,2023-07-13,,2023-07-13,tushare_fund_basic,财通基金管理有限公司,,018633.OF,018633,True
018634,财通中证500指数增强-C,指数型-股票,存续,2023-07-13,,2023-07-13,tushare_fund_basic,财通基金管理有限公司,,018634.OF,018633,False
018646,易方达中证家电龙头ETF联接-A,指数型-股票,存续,2023-09-19,,2023-09-19,tushare_fund_basic,易方达基金管理有限公司,,018646.OF,018646,True
018647,易方达中证家电龙头ETF联接-C,指数型-股票,存续,2023-09-19,,2023-09-19,tushare_fund_basic,易方达基金管理有限公司,,018647.OF,018646,False
018650,光大保德信国企改革主题股票-C,股票型,存续,2023-07-07,,2023-07-07,tushare_fund_basic,光大保德信基金管理有限公司,,018650.OF,018650,True
018653,万家国证2000指数增强-A,指数型-股票,存续,2023-09-26,,2023-09-26,tushare_fund_basic,万家基金管理有限公司,,018653.OF,018653,True
018654,万家国证2000指数增强-C,指数型-股票,存续,2023-09-26,,2023-09-26,tushare_fund_basic,万家基金管理有限公司,,018654.OF,018653,False
018658,兴银消费新趋势灵活配置混合-C,混合型-灵活,存续,2023-06-12,,2023-06-12,tushare_fund_basic,兴银基金管理有限责任公司,,018658.OF,018658,True
018660,中科沃土转型升级灵活配置混合-C,混合型-灵活,存续,2023-06-29,,2023-06-29,tushare_fund_basic,众盈基金管理有限公司,,018660.OF,018660,True
018661,大成中证1000指数增强-A,指数型-股票,存续,2023-08-01,,2023-08-01,tushare_fund_basic,大成基金管理有限公司,,018661.OF,018661,True
018662,大成中证1000指数增强-C,指数型-股票,存续,2023-08-01,,2023-08-01,tushare_fund_basic,大成基金管理有限公司,,018662.OF,018661,False
018663,中欧国证2000指数增强-A,指数型-股票,存续,2023-07-18,,2023-07-18,tushare_fund_basic,中欧基金管理有限公司,,018663.OF,018663,True
018664,中欧国证2000指数增强-C,指数型-股票,存续,2023-07-18,,2023-07-18,tushare_fund_basic,中欧基金管理有限公司,,018664.OF,018663,False
018686,博时中证全指证券公司ETF联接-C,指数型-股票,存续,2023-06-14,,2023-06-14,tushare_fund_basic,博时基金管理有限公司,,018686.OF,160516,False
018690,德邦大健康灵活配置混合-C,混合型-灵活,存续,2023-07-04,,2023-07-04,tushare_fund_basic,德邦基金管理有限公司,,018690.OF,018690,True
018694,大成智惠量化多策略灵活配置混合-C,混合型-灵活,存续,2023-07-31,,2023-07-31,tushare_fund_basic,大成基金管理有限公司,,018694.OF,018694,True
018695,博道消费智航股票-C,股票型,存续,2023-06-20,,2023-06-20,tushare_fund_basic,博道基金管理有限公司,,018695.OF,010998,False
018702,德邦优化灵活配置混合-C,混合型-灵活,存续,2023-07-04,,2023-07-04,tushare_fund_basic,德邦基金管理有限公司,,018702.OF,018702,True
018710,鹏华沪深港新兴成长灵活配置混合-C,混合型-灵活,存续,2023-06-27,,2023-06-27,tushare_fund_basic,鹏华基金管理有限公司,,018710.OF,018710,True
018721,华夏中证港股通50ETF联接-A,指数型-海外股票,清盘,2023-07-06,2026-07-06,2023-07-06,tushare_fund_basic,华夏基金管理有限公司,2026-07-06,018721.OF,018721,True
018722,华夏中证港股通50ETF联接-C,指数型-海外股票,清盘,2023-07-06,2026-07-06,2023-07-06,tushare_fund_basic,华夏基金管理有限公司,2026-07-06,018722.OF,018721,False
018728,华夏智胜新锐股票-A,股票型,存续,2023-07-07,,2023-07-07,tushare_fund_basic,华夏基金管理有限公司,,018728.OF,018728,True
018729,华夏智胜新锐股票-C,股票型,存续,2023-07-07,,2023-07-07,tushare_fund_basic,华夏基金管理有限公司,,018729.OF,018728,False
018732,华夏中证智选1000价值稳健策略ETF联接-A,指数型-股票,存续,2023-08-17,,2023-08-17,tushare_fund_basic,华夏基金管理有限公司,,018732.OF,018732,True
018733,华夏中证智选1000价值稳健策略ETF联接-C,指数型-股票,存续,2023-08-17,,2023-08-17,tushare_fund_basic,华夏基金管理有限公司,,018733.OF,018732,False
018734,华夏中证绿色电力ETF联接-A,指数型-股票,存续,2023-07-25,,2023-07-25,tushare_fund_basic,华夏基金管理有限公司,,018734.OF,018734,True
018735,华夏中证绿色电力ETF联接-C,指数型-股票,存续,2023-07-25,,2023-07-25,tushare_fund_basic,华夏基金管理有限公司,,018735.OF,018734,False
018738,博时标普500ETF联接(QDII)-E,指数型-海外股票,存续,2023-07-04,,2023-07-04,tushare_fund_basic,博时基金管理有限公司,,018738.OF,018738,True
018774,汇添富华证专精特新100指数-A,指数型-股票,清盘,2023-07-11,2026-07-11,2023-07-11,tushare_fund_basic,汇添富基金管理股份有限公司,2026-07-11,018774.OF,018774,True
018775,汇添富华证专精特新100指数-C,指数型-股票,清盘,2023-07-11,2026-07-11,2023-07-11,tushare_fund_basic,汇添富基金管理股份有限公司,2026-07-11,018775.OF,018774,False
018783,交银新生活力灵活配置混合-C,混合型-灵活,存续,2025-08-04,,2025-08-04,tushare_fund_basic,交银施罗德基金管理有限公司,,018783.OF,018783,True
018786,招商国证2000指数增强-A,指数型-股票,存续,2023-08-01,,2023-08-01,tushare_fund_basic,招商基金管理有限公司,,018786.OF,018786,True
018787,招商国证2000指数增强-C,指数型-股票,存续,2023-08-01,,2023-08-01,tushare_fund_basic,招商基金管理有限公司,,018787.OF,018786,False
018817,景顺长城中小创精选股票-C,股票型,存续,2023-07-14,,2023-07-14,tushare_fund_basic,景顺长城基金管理有限公司,,018817.OF,018817,True
018832,建信兴利灵活配置混合-C,混合型-灵活,存续,2023-07-25,,2023-07-25,tushare_fund_basic,建信基金管理有限责任公司,,018832.OF,018832,True
018851,博时标普石油天然气勘探及生产精选行业指数(QDII)-A-CNY,指数型-海外股票,存续,2023-09-05,,2023-09-05,tushare_fund_basic,博时基金管理有限公司,,018851.OF,018851,True
018852,博时标普石油天然气勘探及生产精选行业指数(QDII)-A-USD-现汇,指数型-海外股票,存续,2023-09-05,,2023-09-05,tushare_fund_basic,博时基金管理有限公司,,018852.OF,018852,True
018853,博时标普石油天然气勘探及生产精选行业指数(QDII)-C-CNY,指数型-海外股票,存续,2023-09-05,,2023-09-05,tushare_fund_basic,博时基金管理有限公司,,018853.OF,018853,True
018854,博时标普石油天然气勘探及生产精选行业指数(QDII)-C-USD-现汇,指数型-海外股票,存续,2023-09-05,,2023-09-05,tushare_fund_basic,博时基金管理有限公司,,018854.OF,018854,True
018860,嘉实产业优选灵活配置混合(LOF)-C,混合型-灵活,存续,2023-07-20,,2023-07-20,tushare_fund_basic,嘉实基金管理有限公司,,018860.OF,501189,False
018861,景顺长城量化港股通股票-C,股票型,存续,2023-07-11,,2023-07-11,tushare_fund_basic,景顺长城基金管理有限公司,,018861.OF,018861,True
018864,广发中证传媒ETF联接-E,指数型-股票,存续,2023-07-18,,2023-07-18,tushare_fund_basic,广发基金管理有限公司,,018864.OF,018864,True
018882,海富通ESG领先股票-A,股票型,清盘,2024-03-12,2025-04-29,2024-03-12,tushare_fund_basic,海富通基金管理有限公司,2025-04-29,018882.OF,018882,True
018883,海富通ESG领先股票-C,股票型,清盘,2024-03-12,2025-04-29,2024-03-12,tushare_fund_basic,海富通基金管理有限公司,2025-04-29,018883.OF,018882,False
018889,银河现代服务主题灵活配置混合-C,混合型-灵活,存续,2023-07-28,,2023-07-28,tushare_fund_basic,银河基金管理有限公司,,018889.OF,018889,True
018896,易方达中证消费电子主题ETF联接-A,指数型-股票,存续,2023-10-17,,2023-10-17,tushare_fund_basic,易方达基金管理有限公司,,018896.OF,018896,True
018897,易方达中证消费电子主题ETF联接-C,指数型-股票,存续,2023-10-17,,2023-10-17,tushare_fund_basic,易方达基金管理有限公司,,018897.OF,018896,False
018905,国泰中证内地运输主题ETF联接-A,指数型-股票,清盘,2023-08-03,2026-08-04,2023-08-03,tushare_fund_basic,国泰基金管理有限公司,2026-08-04,018905.OF,018905,True
018906,国泰中证内地运输主题ETF联接-C,指数型-股票,清盘,2023-08-03,2026-08-04,2023-08-03,tushare_fund_basic,国泰基金管理有限公司,2026-08-04,018906.OF,018905,False
018920,东方红中证东方红优势成长指数-A,指数型-股票,存续,2023-09-19,,2023-09-19,tushare_fund_basic,上海东方证券资产管理有限公司,,018920.OF,018920,True
018921,东方红中证东方红优势成长指数-C,指数型-股票,存续,2023-09-19,,2023-09-19,tushare_fund_basic,上海东方证券资产管理有限公司,,018921.OF,018920,False
018926,南方中证电池主题ETF联接-A,指数型-股票,存续,2023-12-05,,2023-12-05,tushare_fund_basic,南方基金管理股份有限公司,,018926.OF,018926,True
018927,南方中证电池主题ETF联接-C,指数型-股票,存续,2023-12-05,,2023-12-05,tushare_fund_basic,南方基金管理股份有限公司,,018927.OF,018926,False
018934,长盛互联网+主题灵活配置混合-C,混合型-灵活,存续,2023-07-24,,2023-07-24,tushare_fund_basic,长盛基金管理有限公司,,018934.OF,018934,True
018946,招商安益灵活配置混合-C,混合型-灵活,存续,2023-07-20,,2023-07-20,tushare_fund_basic,招商基金管理有限公司,,018946.OF,018946,True
018947,汇添富沪深300安中动态策略指数-C,指数型-股票,存续,2023-08-01,,2023-08-01,tushare_fund_basic,汇添富基金管理股份有限公司,,018947.OF,018947,True
018948,东方红睿满沪港深灵活配置混合(LOF)-C,混合型-灵活,存续,2023-08-01,,2023-08-01,tushare_fund_basic,上海东方证券资产管理有限公司,,018948.OF,169104,False
018949,东方红睿华沪港深灵活配置混合(LOF)-C,混合型-灵活,存续,2023-07-25,,2023-07-25,tushare_fund_basic,上海东方证券资产管理有限公司,,018949.OF,169105,False
018966,汇添富纳斯达克100ETF联接(QDII)-A-CNY,指数型-海外股票,存续,2023-08-02,,2023-08-02,tushare_fund_basic,汇添富基金管理股份有限公司,,018966.OF,018966,True
018967,汇添富纳斯达克100ETF联接(QDII)-C-CNY,指数型-海外股票,存续,2023-08-02,,2023-08-02,tushare_fund_basic,汇添富基金管理股份有限公司,,018967.OF,018967,True
018968,汇添富纳斯达克100ETF联接(QDII)-A-USD-现汇,指数型-海外股票,存续,2023-08-02,,2023-08-02,tushare_fund_basic,汇添富基金管理股份有限公司,,018968.OF,018968,True
018969,汇添富纳斯达克100ETF联接(QDII)-A-USD-现钞,指数型-海外股票,存续,2023-08-02,,2023-08-02,tushare_fund_basic,汇添富基金管理股份有限公司,,018969.OF,018969,True
018971,富国致弘量化选股股票-A,股票型,存续,2023-09-05,,2023-09-05,tushare_fund_basic,富国基金管理有限公司,,018971.OF,018971,True
018972,富国致弘量化选股股票-C,股票型,存续,2023-09-05,,2023-09-05,tushare_fund_basic,富国基金管理有限公司,,018972.OF,018971,False
018995,景顺长城中国回报灵活配置混合-C,混合型-灵活,存续,2023-08-04,,2023-08-04,tushare_fund_basic,景顺长城基金管理有限公司,,018995.OF,018995,True
018998,景顺长城研究精选股票-C,股票型,存续,2023-08-03,,2023-08-03,tushare_fund_basic,景顺长城基金管理有限公司,,018998.OF,018998,True
019001,华夏中证智选500价值稳健策略ETF联接-A,指数型-股票,存续,2023-10-31,,2023-10-31,tushare_fund_basic,华夏基金管理有限公司,,019001.OF,019001,True
019002,华夏中证智选500价值稳健策略ETF联接-C,指数型-股票,存续,2023-10-31,,2023-10-31,tushare_fund_basic,华夏基金管理有限公司,,019002.OF,019001,False
019013,景顺长城国证2000指数增强-A,指数型-股票,存续,2023-09-05,,2023-09-05,tushare_fund_basic,景顺长城基金管理有限公司,,019013.OF,019013,True
019014,景顺长城国证2000指数增强-C,指数型-股票,存续,2023-09-05,,2023-09-05,tushare_fund_basic,景顺长城基金管理有限公司,,019014.OF,019013,False
019024,易方达信息行业精选股票-C,股票型,存续,2023-11-15,,2023-11-15,tushare_fund_basic,易方达基金管理有限公司,,019024.OF,019024,True
019026,易方达金融行业股票-C,股票型,存续,2023-10-18,,2023-10-18,tushare_fund_basic,易方达基金管理有限公司,,019026.OF,019026,True
019032,易方达环保主题灵活配置混合-C,混合型-灵活,存续,2023-11-15,,2023-11-15,tushare_fund_basic,易方达基金管理有限公司,,019032.OF,019032,True
019053,华商元亨灵活配置混合-C,混合型-灵活,存续,2023-08-16,,2023-08-16,tushare_fund_basic,华商基金管理有限公司,,019053.OF,019053,True
019058,易方达中证绿色电力ETF联接-A,指数型-股票,存续,2023-09-12,,2023-09-12,tushare_fund_basic,易方达基金管理有限公司,,019058.OF,019058,True
019059,易方达中证绿色电力ETF联接-C,指数型-股票,存续,2023-09-12,,2023-09-12,tushare_fund_basic,易方达基金管理有限公司,,019059.OF,019058,False
019061,易方达中证软件服务ETF联接-A,指数型-股票,存续,2023-10-10,,2023-10-10,tushare_fund_basic,易方达基金管理有限公司,,019061.OF,019061,True
019062,易方达中证软件服务ETF联接-C,指数型-股票,存续,2023-10-10,,2023-10-10,tushare_fund_basic,易方达基金管理有限公司,,019062.OF,019061,False
019066,博时中证央企创新驱动ETF联接-E,指数型-股票,存续,2023-10-20,,2023-10-20,tushare_fund_basic,博时基金管理有限公司,,019066.OF,019066,True
019071,嘉实国证通信ETF联接-A,指数型-股票,存续,2023-09-11,,2023-09-11,tushare_fund_basic,嘉实基金管理有限公司,,019071.OF,019071,True
019072,嘉实国证通信ETF联接-C,指数型-股票,存续,2023-09-11,,2023-09-11,tushare_fund_basic,嘉实基金管理有限公司,,019072.OF,019071,False
019073,建信鑫利灵活配置混合-C,混合型-灵活,存续,2023-08-15,,2023-08-15,tushare_fund_basic,建信基金管理有限责任公司,,019073.OF,019073,True
019077,万家颐达灵活配置混合-C,混合型-灵活,存续,2023-08-17,,2023-08-17,tushare_fund_basic,万家基金管理有限公司,,019077.OF,019077,True
019079,国富招瑞优选股票-A,股票型,存续,2024-02-07,,2024-02-07,tushare_fund_basic,国海富兰克林基金管理有限公司,,019079.OF,019079,True
019080,国富招瑞优选股票-C,股票型,存续,2024-02-07,,2024-02-07,tushare_fund_basic,国海富兰克林基金管理有限公司,,019080.OF,019079,False
019087,工银瑞信中证稀有金属主题ETF联接-A,指数型-股票,存续,2023-09-22,,2023-09-22,tushare_fund_basic,工银瑞信基金管理有限公司,,019087.OF,019087,True
019088,工银瑞信中证稀有金属主题ETF联接-C,指数型-股票,存续,2023-09-22,,2023-09-22,tushare_fund_basic,工银瑞信基金管理有限公司,,019088.OF,019087,False
019090,博时中证新能源汽车ETF联接-A,指数型-股票,存续,2023-11-28,,2023-11-28,tushare_fund_basic,博时基金管理有限公司,,019090.OF,019090,True
019091,博时中证新能源汽车ETF联接-C,指数型-股票,存续,2023-11-28,,2023-11-28,tushare_fund_basic,博时基金管理有限公司,,019091.OF,019090,False
019093,金鹰科技创新股票-C,股票型,存续,2023-08-14,,2023-08-14,tushare_fund_basic,金鹰基金管理有限公司,,019093.OF,019093,True
019102,景顺长城恒生消费ETF联接(QDII)-A,指数型-海外股票,存续,2023-10-31,,2023-10-31,tushare_fund_basic,景顺长城基金管理有限公司,,019102.OF,019102,True
019103,景顺长城恒生消费ETF联接(QDII)-C,指数型-海外股票,存续,2023-10-31,,2023-10-31,tushare_fund_basic,景顺长城基金管理有限公司,,019103.OF,019102,False
019105,博时创业板ETF联接-E,指数型-股票,存续,2023-09-22,,2023-09-22,tushare_fund_basic,博时基金管理有限公司,,019105.OF,019105,True
019117,国泰央企改革股票-C,股票型,清盘,2023-08-21,2026-06-17,2023-08-21,tushare_fund_basic,国泰基金管理有限公司,2026-06-17,019117.OF,001626,False
019118,景顺长城纳斯达克科技市值加权ETF联接(QDII)-E-CNY,指数型-海外股票,存续,2023-08-16,,2023-08-16,tushare_fund_basic,景顺长城基金管理有限公司,,019118.OF,019118,True
019124,博道红利智航股票-A,股票型,存续,2023-10-31,,2023-10-31,tushare_fund_basic,博道基金管理有限公司,,019124.OF,019124,True
019125,博道红利智航股票-C,股票型,存续,2023-10-31,,2023-10-31,tushare_fund_basic,博道基金管理有限公司,,019125.OF,019124,False
019141,易方达中证电信主题ETF联接-A,指数型-股票,存续,2023-09-21,,2023-09-21,tushare_fund_basic,易方达基金管理有限公司,,019141.OF,019141,True
019142,易方达中证电信主题ETF联接-C,指数型-股票,存续,2023-09-21,,2023-09-21,tushare_fund_basic,易方达基金管理有限公司,,019142.OF,019141,False
019150,国联国企改革灵活配置混合-C,混合型-灵活,存续,2023-09-22,,2023-09-22,tushare_fund_basic,国联基金管理有限公司,,019150.OF,019150,True
019151,东兴改革精选灵活配置混合-C,混合型-灵活,清盘,2023-08-23,2026-08-04,2023-08-23,tushare_fund_basic,东兴基金管理有限公司,2026-08-04,019151.OF,001708,False
019162,汇添富中证800价值ETF联接-A,指数型-股票,存续,2023-11-21,,2023-11-21,tushare_fund_basic,汇添富基金管理股份有限公司,,019162.OF,019162,True
019163,汇添富中证800价值ETF联接-C,指数型-股票,存续,2023-11-21,,2023-11-21,tushare_fund_basic,汇添富基金管理股份有限公司,,019163.OF,019162,False
019164,汇添富中证细分有色金属产业主题ETF联接-A,指数型-股票,存续,2023-11-28,,2023-11-28,tushare_fund_basic,汇添富基金管理股份有限公司,,019164.OF,019164,True
019165,汇添富中证细分有色金属产业主题ETF联接-C,指数型-股票,存续,2023-11-28,,2023-11-28,tushare_fund_basic,汇添富基金管理股份有限公司,,019165.OF,019164,False
019166,东兴蓝海财富灵活配置混合-C,混合型-灵活,存续,2023-08-23,,2023-08-23,tushare_fund_basic,东兴基金管理有限公司,,019166.OF,019166,True
019167,易方达中证物联网主题ETF联接-A,指数型-股票,存续,2023-09-26,,2023-09-26,tushare_fund_basic,易方达基金管理有限公司,,019167.OF,019167,True
019168,易方达中证物联网主题ETF联接-C,指数型-股票,存续,2023-09-26,,2023-09-26,tushare_fund_basic,易方达基金管理有限公司,,019168.OF,019167,False
019169,博时中证淘金大数据100指数-C,指数型-股票,存续,2023-09-12,,2023-09-12,tushare_fund_basic,博时基金管理有限公司,,019169.OF,019169,True
019170,天弘中证沪港深云计算产业ETF联接-C,指数型-股票,存续,2023-09-19,,2023-09-19,tushare_fund_basic,天弘基金管理有限公司,,019170.OF,019170,True
019171,天弘中证沪港深云计算产业ETF联接-A,指数型-股票,存续,2023-09-19,,2023-09-19,tushare_fund_basic,天弘基金管理有限公司,,019171.OF,019170,False
019172,摩根纳斯达克100指数(QDII)-A-CNY,指数型-海外股票,存续,2023-09-25,,2023-09-25,tushare_fund_basic,摩根基金管理(中国)有限公司,,019172.OF,019172,True
019173,摩根纳斯达克100指数(QDII)-C-CNY,指数型-海外股票,存续,2023-09-25,,2023-09-25,tushare_fund_basic,摩根基金管理(中国)有限公司,,019173.OF,019173,True
019174,摩根纳斯达克100指数(QDII)-A-USD,指数型-海外股票,存续,2023-09-25,,2023-09-25,tushare_fund_basic,摩根基金管理(中国)有限公司,,019174.OF,019174,True
019175,摩根纳斯达克100指数(QDII)-C-USD,指数型-海外股票,存续,2023-09-25,,2023-09-25,tushare_fund_basic,摩根基金管理(中国)有限公司,,019175.OF,019175,True
019184,大成趋势回报灵活配置混合-C,混合型-灵活,存续,2023-09-05,,2023-09-05,tushare_fund_basic,大成基金管理有限公司,,019184.OF,019184,True
019185,泰康中证1000指数增强-A,指数型-股票,存续,2023-10-26,,2023-10-26,tushare_fund_basic,泰康基金管理有限公司,,019185.OF,019185,True
019186,泰康中证1000指数增强-C,指数型-股票,存续,2023-10-26,,2023-10-26,tushare_fund_basic,泰康基金管理有限公司,,019186.OF,019185,False
019197,大成国企改革灵活配置混合-C,混合型-灵活,存续,2023-09-11,,2023-09-11,tushare_fund_basic,大成基金管理有限公司,,019197.OF,019197,True
019198,华富灵活配置混合-C,混合型-灵活,存续,2023-09-07,,2023-09-07,tushare_fund_basic,华富基金管理有限公司,,019198.OF,019198,True
019199,华富国泰民安灵活配置混合-C,混合型-灵活,存续,2023-09-01,,2023-09-01,tushare_fund_basic,华富基金管理有限公司,,019199.OF,019199,True
019200,华富健康文娱灵活配置混合-C,混合型-灵活,存续,2023-09-01,,2023-09-01,tushare_fund_basic,华富基金管理有限公司,,019200.OF,019200,True
019201,大成盛世精选灵活配置混合-C,混合型-灵活,存续,2023-09-21,,2023-09-21,tushare_fund_basic,大成基金管理有限公司,,019201.OF,019201,True
019206,大成产业升级股票(LOF)-C,股票型,存续,2023-09-01,,2023-09-01,tushare_fund_basic,大成基金管理有限公司,,019206.OF,160919,False
019207,大成正向回报灵活配置混合-C,混合型-灵活,存续,2023-09-13,,2023-09-13,tushare_fund_basic,大成基金管理有限公司,,019207.OF,019207,True
019209,浦银精致生活灵活配置混合-C,混合型-灵活,存续,2023-08-28,,2023-08-28,tushare_fund_basic,浦银基金管理有限公司,,019209.OF,019209,True
019210,浦银沪深300指数增强-C,指数型-股票,存续,2023-08-28,,2023-08-28,tushare_fund_basic,浦银基金管理有限公司,,019210.OF,019210,True
019213,华富物联世界灵活配置混合-C,混合型-灵活,存续,2023-09-07,,2023-09-07,tushare_fund_basic,华富基金管理有限公司,,019213.OF,019213,True
019215,景顺长城量化平衡灵活配置混合-C,混合型-灵活,存续,2023-08-28,,2023-08-28,tushare_fund_basic,景顺长城基金管理有限公司,,019215.OF,019215,True
019216,天弘价值精选灵活配置混合-C,混合型-灵活,存续,2023-08-23,,2023-08-23,tushare_fund_basic,天弘基金管理有限公司,,019216.OF,019216,True
019222,大成灵活配置混合-C,混合型-灵活,存续,2023-10-18,,2023-10-18,tushare_fund_basic,大成基金管理有限公司,,019222.OF,019222,True
019223,大成一带一路灵活配置混合-C,混合型-灵活,存续,2023-09-25,,2023-09-25,tushare_fund_basic,大成基金管理有限公司,,019223.OF,019223,True
019224,大成国家安全主题灵活配置混合-C,混合型-灵活,存续,2023-10-16,,2023-10-16,tushare_fund_basic,大成基金管理有限公司,,019224.OF,019224,True
019235,华富策略精选灵活配置混合-C,混合型-灵活,存续,2023-09-14,,2023-09-14,tushare_fund_basic,华富基金管理有限公司,,019235.OF,019235,True
019236,广发国证通信ETF联接-A,指数型-股票,存续,2023-10-26,,2023-10-26,tushare_fund_basic,广发基金管理有限公司,,019236.OF,019236,True
019237,广发国证通信ETF联接-C,指数型-股票,存续,2023-10-26,,2023-10-26,tushare_fund_basic,广发基金管理有限公司,,019237.OF,019236,False
019239,景顺长城创业板综指增强-C,指数型-股票,存续,2023-08-28,,2023-08-28,tushare_fund_basic,景顺长城基金管理有限公司,,019239.OF,019239,True
019240,华泰柏瑞中证1000指数增强-A,指数型-股票,存续,2023-09-19,,2023-09-19,tushare_fund_basic,华泰柏瑞基金管理有限公司,,019240.OF,019240,True
019241,华泰柏瑞中证1000指数增强-C,指数型-股票,存续,2023-09-19,,2023-09-19,tushare_fund_basic,华泰柏瑞基金管理有限公司,,019241.OF,019240,False
019243,汇丰晋信大盘股票-C,股票型,存续,2023-11-13,,2023-11-13,tushare_fund_basic,汇丰晋信基金管理有限公司,,019243.OF,019243,True
019251,景顺长城MSCI中国A股国际通指数增强-C,指数型-海外股票,清盘,2023-08-28,2025-05-14,2023-08-28,tushare_fund_basic,景顺长城基金管理有限公司,2025-05-14,019251.OF,006063,False
019254,大成深证成长40ETF联接-C,指数型-股票,存续,2023-10-20,,2023-10-20,tushare_fund_basic,大成基金管理有限公司,,019254.OF,019254,True
019259,国泰富时中国国企开放共赢ETF联接-A,指数型-股票,存续,2023-09-05,,2023-09-05,tushare_fund_basic,国泰基金管理有限公司,,019259.OF,019259,True
019260,富国恒生港股通高股息低波动ETF联接-A,指数型-海外股票,存续,2023-09-12,,2023-09-12,tushare_fund_basic,富国基金管理有限公司,,019260.OF,019260,True
019261,富国恒生港股通高股息低波动ETF联接-C,指数型-海外股票,存续,2023-09-12,,2023-09-12,tushare_fund_basic,富国基金管理有限公司,,019261.OF,019260,False
019269,国泰富时中国国企开放共赢ETF联接-C,指数型-股票,存续,2023-09-05,,2023-09-05,tushare_fund_basic,国泰基金管理有限公司,,019269.OF,019259,False
019270,财通中证1000指数增强-A,指数型-股票,存续,2023-11-07,,2023-11-07,tushare_fund_basic,财通基金管理有限公司,,019270.OF,019270,True
019271,财通中证1000指数增强-C,指数型-股票,存续,2023-11-07,,2023-11-07,tushare_fund_basic,财通基金管理有限公司,,019271.OF,019270,False
019272,长城量化小盘股票-C,股票型,存续,2023-09-11,,2023-09-11,tushare_fund_basic,长城基金管理有限公司,,019272.OF,019272,True
019273,长城改革红利灵活配置混合-C,混合型-灵活,存续,2023-09-12,,2023-09-12,tushare_fund_basic,长城基金管理有限公司,,019273.OF,019273,True
019274,长城核心优选灵活配置混合-C,混合型-灵活,存续,2023-09-13,,2023-09-13,tushare_fund_basic,长城基金管理有限公司,,019274.OF,019274,True
019275,浙商汇金转型升级灵活配置混合-C,混合型-灵活,存续,2023-08-25,,2023-08-25,tushare_fund_basic,浙江浙商证券资产管理有限公司,,019275.OF,019275,True
019276,长城智能产业灵活配置混合-C,混合型-灵活,存续,2023-09-14,,2023-09-14,tushare_fund_basic,长城基金管理有限公司,,019276.OF,019276,True
019279,嘉实中证大农业ETF联接-A,指数型-股票,存续,2023-10-27,,2023-10-27,tushare_fund_basic,嘉实基金管理有限公司,,019279.OF,019279,True
019280,嘉实中证大农业ETF联接-C,指数型-股票,存续,2023-10-27,,2023-10-27,tushare_fund_basic,嘉实基金管理有限公司,,019280.OF,019279,False
019291,德邦新回报灵活配置混合-C,混合型-灵活,存续,2023-09-04,,2023-09-04,tushare_fund_basic,德邦基金管理有限公司,,019291.OF,019291,True
019292,浙商汇金中证浙江凤凰行动50ETF联接-C,指数型-股票,存续,2023-08-31,,2023-08-31,tushare_fund_basic,浙江浙商证券资产管理有限公司,,019292.OF,019292,True
019305,摩根标普500指数(QDII)-C-CNY,指数型-海外股票,存续,2023-09-01,,2023-09-01,tushare_fund_basic,摩根基金管理(中国)有限公司,,019305.OF,019305,True
019306,嘉实研究阿尔法股票-C,股票型,存续,2023-09-08,,2023-09-08,tushare_fund_basic,嘉实基金管理有限公司,,019306.OF,019306,True
019311,南方富时中国国企开放共赢ETF联接-A,指数型-股票,存续,2023-11-21,,2023-11-21,tushare_fund_basic,南方基金管理股份有限公司,,019311.OF,019311,True
019312,南方富时中国国企开放共赢ETF联接-C,指数型-股票,存续,2023-11-21,,2023-11-21,tushare_fund_basic,南方基金管理股份有限公司,,019312.OF,019311,False
019313,易方达中证港股通互联网ETF联接-A,指数型-海外股票,存续,2023-09-21,,2023-09-21,tushare_fund_basic,易方达基金管理有限公司,,019313.OF,019313,True
019314,易方达中证港股通互联网ETF联接-C,指数型-海外股票,存续,2023-09-21,,2023-09-21,tushare_fund_basic,易方达基金管理有限公司,,019314.OF,019313,False
019315,易方达中证新能源ETF联接-A,指数型-股票,存续,2023-09-26,,2023-09-26,tushare_fund_basic,易方达基金管理有限公司,,019315.OF,019315,True
019316,易方达中证新能源ETF联接-C,指数型-股票,存续,2023-09-26,,2023-09-26,tushare_fund_basic,易方达基金管理有限公司,,019316.OF,019315,False
019318,汇添富国证2000指数增强-A,指数型-股票,存续,2023-11-07,,2023-11-07,tushare_fund_basic,汇添富基金管理股份有限公司,,019318.OF,019318,True
019319,汇添富国证2000指数增强-C,指数型-股票,存续,2023-11-07,,2023-11-07,tushare_fund_basic,汇添富基金管理股份有限公司,,019319.OF,019318,False
019320,易方达中证500质量成长ETF联接-A,指数型-股票,存续,2023-09-21,,2023-09-21,tushare_fund_basic,易方达基金管理有限公司,,019320.OF,019320,True
019321,易方达中证500质量成长ETF联接-C,指数型-股票,存续,2023-09-21,,2023-09-21,tushare_fund_basic,易方达基金管理有限公司,,019321.OF,019320,False
019324,易方达中证生物科技主题ETF联接-A,指数型-股票,存续,2023-09-19,,2023-09-19,tushare_fund_basic,易方达基金管理有限公司,,019324.OF,019324,True
019325,易方达中证生物科技主题ETF联接-C,指数型-股票,存续,2023-09-19,,2023-09-19,tushare_fund_basic,易方达基金管理有限公司,,019325.OF,019324,False
019330,华泰柏瑞中证沪港深云计算产业ETF联接-A,指数型-股票,存续,2023-09-14,,2023-09-14,tushare_fund_basic,华泰柏瑞基金管理有限公司,,019330.OF,019330,True
019331,华泰柏瑞中证沪港深云计算产业ETF联接-C,指数型-股票,存续,2023-09-14,,2023-09-14,tushare_fund_basic,华泰柏瑞基金管理有限公司,,019331.OF,019330,False
019338,创金合信启富优选股票-A,股票型,存续,2023-09-19,,2023-09-19,tushare_fund_basic,创金合信基金管理有限公司,,019338.OF,019338,True
019339,创金合信启富优选股票-C,股票型,存续,2023-09-19,,2023-09-19,tushare_fund_basic,创金合信基金管理有限公司,,019339.OF,019338,False
019359,景顺长城中证500行业中性低波动指数-C,指数型-股票,存续,2023-09-11,,2023-09-11,tushare_fund_basic,景顺长城基金管理有限公司,,019359.OF,019359,True
019365,汇添富中证国新央企股东回报ETF联接-A,指数型-股票,存续,2024-02-02,,2024-02-02,tushare_fund_basic,汇添富基金管理股份有限公司,,019365.OF,019365,True
019366,汇添富中证国新央企股东回报ETF联接-C,指数型-股票,存续,2024-02-02,,2024-02-02,tushare_fund_basic,汇添富基金管理股份有限公司,,019366.OF,019365,False
019385,东财上证科创板50成份指数-A,指数型-股票,存续,2023-11-07,,2023-11-07,tushare_fund_basic,东财基金管理有限公司,,019385.OF,019385,True
019386,东财上证科创板50成份指数-C,指数型-股票,存续,2023-11-07,,2023-11-07,tushare_fund_basic,东财基金管理有限公司,,019386.OF,019385,False
019402,财通资管中证1000指数增强-A,指数型-股票,存续,2024-04-29,,2024-04-29,tushare_fund_basic,财通证券资产管理有限公司,,019402.OF,019402,True
019403,财通资管中证1000指数增强-C,指数型-股票,存续,2024-04-29,,2024-04-29,tushare_fund_basic,财通证券资产管理有限公司,,019403.OF,019402,False
019404,华夏中证全指运输ETF联接-A,指数型-股票,存续,2023-09-27,,2023-09-27,tushare_fund_basic,华夏基金管理有限公司,,019404.OF,019404,True
019405,华夏中证全指运输ETF联接-C,指数型-股票,存续,2023-09-27,,2023-09-27,tushare_fund_basic,华夏基金管理有限公司,,019405.OF,019404,False
019408,易方达中证港股通中国100ETF联接-A,指数型-海外股票,存续,2024-01-04,,2024-01-04,tushare_fund_basic,易方达基金管理有限公司,,019408.OF,019408,True
019409,易方达中证港股通中国100ETF联接-C,指数型-海外股票,存续,2024-01-04,,2024-01-04,tushare_fund_basic,易方达基金管理有限公司,,019409.OF,019408,False
019412,长城新兴产业灵活配置混合-C,混合型-灵活,存续,2023-09-21,,2023-09-21,tushare_fund_basic,长城基金管理有限公司,,019412.OF,019412,True
019428,广发中证国新央企股东回报ETF联接-A,指数型-股票,存续,2023-11-24,,2023-11-24,tushare_fund_basic,广发基金管理有限公司,,019428.OF,019428,True
019429,广发中证国新央企股东回报ETF联接-C,指数型-股票,存续,2023-11-24,,2023-11-24,tushare_fund_basic,广发基金管理有限公司,,019429.OF,019428,False
019441,万家纳斯达克100指数(QDII)-A,指数型-海外股票,存续,2023-09-27,,2023-09-27,tushare_fund_basic,万家基金管理有限公司,,019441.OF,019441,True
019442,万家纳斯达克100指数(QDII)-C,指数型-海外股票,存续,2023-09-27,,2023-09-27,tushare_fund_basic,万家基金管理有限公司,,019442.OF,019441,False
019449,摩根日本精选股票(QDII)-C,股票型,存续,2023-09-08,,2023-09-08,tushare_fund_basic,摩根基金管理(中国)有限公司,,019449.OF,019449,True
019450,摩根欧洲动力策略股票(QDII)-C,股票型,存续,2023-09-08,,2023-09-08,tushare_fund_basic,摩根基金管理(中国)有限公司,,019450.OF,019450,True
019452,南方中证全指医疗保健设备与服务ETF联接-A,指数型-股票,存续,2023-10-24,,2023-10-24,tushare_fund_basic,南方基金管理股份有限公司,,019452.OF,019452,True
019453,南方中证全指医疗保健设备与服务ETF联接-C,指数型-股票,存续,2023-10-24,,2023-10-24,tushare_fund_basic,南方基金管理股份有限公司,,019453.OF,019452,False
019454,华泰柏瑞中证韩交所中韩半导体ETF联接(QDII)-A,指数型-股票,存续,2023-09-22,,2023-09-22,tushare_fund_basic,华泰柏瑞基金管理有限公司,,019454.OF,019454,True
019455,华泰柏瑞中证韩交所中韩半导体ETF联接(QDII)-C,指数型-股票,存续,2023-09-22,,2023-09-22,tushare_fund_basic,华泰柏瑞基金管理有限公司,,019455.OF,019454,False
019457,平安先进制造主题股票-A,股票型,存续,2023-10-24,,2023-10-24,tushare_fund_basic,平安基金管理有限公司,,019457.OF,019457,True
019458,平安先进制造主题股票-C,股票型,存续,2023-10-24,,2023-10-24,tushare_fund_basic,平安基金管理有限公司,,019458.OF,019457,False
019484,大摩品质生活精选股票-C,股票型,存续,2023-09-15,,2023-09-15,tushare_fund_basic,摩根士丹利基金管理(中国)有限公司,,019484.OF,019484,True
019485,农银汇理主题轮动灵活配置混合-C,混合型-灵活,存续,2023-09-11,,2023-09-11,tushare_fund_basic,农银汇理基金管理有限公司,,019485.OF,019485,True
019493,易方达中证国新央企科技引领ETF联接-A,指数型-股票,存续,2024-02-20,,2024-02-20,tushare_fund_basic,易方达基金管理有限公司,,019493.OF,019493,True
019494,易方达中证国新央企科技引领ETF联接-C,指数型-股票,存续,2024-02-20,,2024-02-20,tushare_fund_basic,易方达基金管理有限公司,,019494.OF,019493,False
019503,博时中证软件服务指数-A,指数型-股票,存续,2023-12-26,,2023-12-26,tushare_fund_basic,博时基金管理有限公司,,019503.OF,019503,True
019504,博时中证软件服务指数-C,指数型-股票,存续,2023-12-26,,2023-12-26,tushare_fund_basic,博时基金管理有限公司,,019504.OF,019503,False
019505,国泰海通中证1000优选股票-A,股票型,存续,2023-12-12,,2023-12-12,tushare_fund_basic,上海国泰海通证券资产管理有限公司,,019505.OF,019505,True
019506,国泰海通中证1000优选股票-C,股票型,存续,2023-12-12,,2023-12-12,tushare_fund_basic,上海国泰海通证券资产管理有限公司,,019506.OF,019505,False
019508,银华中证国新央企科技引领ETF联接-A,指数型-股票,存续,2024-01-25,,2024-01-25,tushare_fund_basic,银华基金管理股份有限公司,,019508.OF,019508,True
019509,银华中证国新央企科技引领ETF联接-C,指数型-股票,存续,2024-01-25,,2024-01-25,tushare_fund_basic,银华基金管理股份有限公司,,019509.OF,019508,False
019510,华宝中证A500ETF联接-A,指数型-股票,存续,2025-01-09,,2025-01-09,tushare_fund_basic,华宝基金管理有限公司,,019510.OF,019510,True
019511,华宝中证A500ETF联接-C,指数型-股票,存续,2025-01-09,,2025-01-09,tushare_fund_basic,华宝基金管理有限公司,,019511.OF,019510,False
019514,交银荣鑫灵活配置混合-C,混合型-灵活,存续,2023-09-15,,2023-09-15,tushare_fund_basic,交银施罗德基金管理有限公司,,019514.OF,019514,True
019519,中邮乐享收益灵活配置混合-C,混合型-灵活,存续,2024-01-16,,2024-01-16,tushare_fund_basic,中邮创业基金管理股份有限公司,,019519.OF,019519,True
019524,华泰柏瑞纳斯达克100ETF联接(QDII)-A,指数型-海外股票,存续,2023-10-19,,2023-10-19,tushare_fund_basic,华泰柏瑞基金管理有限公司,,019524.OF,019524,True
019525,华泰柏瑞纳斯达克100ETF联接(QDII)-C,指数型-海外股票,存续,2023-10-19,,2023-10-19,tushare_fund_basic,华泰柏瑞基金管理有限公司,,019525.OF,019524,False
019529,南方中证国新央企科技引领ETF联接-A,指数型-股票,存续,2024-02-28,,2024-02-28,tushare_fund_basic,南方基金管理股份有限公司,,019529.OF,019529,True
019530,南方中证国新央企科技引领ETF联接-C,指数型-股票,存续,2024-02-28,,2024-02-28,tushare_fund_basic,南方基金管理股份有限公司,,019530.OF,019529,False
019531,南方中证光伏产业指数-A,指数型-股票,存续,2024-03-19,,2024-03-19,tushare_fund_basic,南方基金管理股份有限公司,,019531.OF,019531,True
019532,南方中证光伏产业指数-C,指数型-股票,存续,2024-03-19,,2024-03-19,tushare_fund_basic,南方基金管理股份有限公司,,019532.OF,019531,False
019544,招商中证国新央企股东回报ETF联接-A,指数型-股票,存续,2023-12-29,,2023-12-29,tushare_fund_basic,招商基金管理有限公司,,019544.OF,019544,True
019545,招商中证国新央企股东回报ETF联接-C,指数型-股票,存续,2023-12-29,,2023-12-29,tushare_fund_basic,招商基金管理有限公司,,019545.OF,019544,False
019546,汇添富上证50基本面增强指数-D,指数型-股票,存续,2023-09-22,,2023-09-22,tushare_fund_basic,汇添富基金管理股份有限公司,,019546.OF,019546,True
019547,招商纳斯达克100ETF联接(QDII)-A,指数型-海外股票,存续,2023-11-29,,2023-11-29,tushare_fund_basic,招商基金管理有限公司,,019547.OF,019547,True
019548,招商纳斯达克100ETF联接(QDII)-C,指数型-海外股票,存续,2023-11-29,,2023-11-29,tushare_fund_basic,招商基金管理有限公司,,019548.OF,019547,False
019549,华夏全球精选股票(QDII)-USD-现汇,股票型,存续,2023-09-27,,2023-09-27,tushare_fund_basic,华夏基金管理有限公司,,019549.OF,019549,True
019550,华夏全球精选股票(QDII)-USD-现钞,股票型,存续,2023-09-27,,2023-09-27,tushare_fund_basic,华夏基金管理有限公司,,019550.OF,019550,True
019553,中银中证500指数增强-A,指数型-股票,存续,2023-12-26,,2023-12-26,tushare_fund_basic,中银基金管理有限公司,,019553.OF,019553,True
019554,中银中证500指数增强-C,指数型-股票,存续,2023-12-26,,2023-12-26,tushare_fund_basic,中银基金管理有限公司,,019554.OF,019553,False
019555,中银中证1000指数增强-A,指数型-股票,存续,2023-12-12,,2023-12-12,tushare_fund_basic,中银基金管理有限公司,,019555.OF,019555,True
019556,中银中证1000指数增强-C,指数型-股票,存续,2023-12-12,,2023-12-12,tushare_fund_basic,中银基金管理有限公司,,019556.OF,019555,False
019561,富国致航量化选股股票-A,股票型,存续,2023-12-05,,2023-12-05,tushare_fund_basic,富国基金管理有限公司,,019561.OF,019561,True
019562,富国致航量化选股股票-C,股票型,存续,2023-12-05,,2023-12-05,tushare_fund_basic,富国基金管理有限公司,,019562.OF,019561,False
019589,东财中证细分化工产业主题指数-A,指数型-股票,存续,2024-02-02,,2024-02-02,tushare_fund_basic,东财基金管理有限公司,,019589.OF,019589,True
019590,东财中证细分化工产业主题指数-C,指数型-股票,存续,2024-02-02,,2024-02-02,tushare_fund_basic,东财基金管理有限公司,,019590.OF,019589,False
019592,嘉实中证国新央企现代能源ETF联接-A,指数型-股票,存续,2023-12-25,,2023-12-25,tushare_fund_basic,嘉实基金管理有限公司,,019592.OF,019592,True
019593,嘉实中证国新央企现代能源ETF联接-C,指数型-股票,存续,2023-12-25,,2023-12-25,tushare_fund_basic,嘉实基金管理有限公司,,019593.OF,019592,False
019598,平安中证港股通医药卫生综合ETF联接-A,指数型-海外股票,存续,2023-10-31,,2023-10-31,tushare_fund_basic,平安基金管理有限公司,,019598.OF,019598,True
019599,平安中证港股通医药卫生综合ETF联接-C,指数型-海外股票,存续,2023-10-31,,2023-10-31,tushare_fund_basic,平安基金管理有限公司,,019599.OF,019598,False
019607,诺安先进制造股票-C,股票型,存续,2023-09-27,,2023-09-27,tushare_fund_basic,诺安基金管理有限公司,,019607.OF,019607,True
019615,益民服务领先灵活配置混合-C,混合型-灵活,存续,2023-09-26,,2023-09-26,tushare_fund_basic,益民基金管理有限公司,,019615.OF,019615,True
019632,国泰中证半导体材料设备主题ETF联接-A,指数型-股票,存续,2023-09-26,,2023-09-26,tushare_fund_basic,国泰基金管理有限公司,,019632.OF,019632,True
019633,国泰中证半导体材料设备主题ETF联接-C,指数型-股票,存续,2023-09-26,,2023-09-26,tushare_fund_basic,国泰基金管理有限公司,,019633.OF,019632,False
019636,富国研究精选灵活配置混合-D,混合型-灵活,存续,2023-10-20,,2023-10-20,tushare_fund_basic,富国基金管理有限公司,,019636.OF,019636,True
019656,中欧沪深300指数增强-E,指数型-股票,存续,2023-11-01,,2023-11-01,tushare_fund_basic,中欧基金管理有限公司,,019656.OF,015387,False
019666,易方达中证创新药产业ETF联接-A,指数型-股票,存续,2023-11-14,,2023-11-14,tushare_fund_basic,易方达基金管理有限公司,,019666.OF,019666,True
019667,易方达中证创新药产业ETF联接-C,指数型-股票,存续,2023-11-14,,2023-11-14,tushare_fund_basic,易方达基金管理有限公司,,019667.OF,019666,False
019670,广发中证香港创新药ETF联接(QDII)-A,指数型-海外股票,存续,2023-10-31,,2023-10-31,tushare_fund_basic,广发基金管理有限公司,,019670.OF,019670,True
019671,广发中证香港创新药ETF联接(QDII)-C,指数型-海外股票,存续,2023-10-31,,2023-10-31,tushare_fund_basic,广发基金管理有限公司,,019671.OF,019670,False
019689,南方中国梦灵活配置混合-C,混合型-灵活,存续,2023-10-31,,2023-10-31,tushare_fund_basic,南方基金管理股份有限公司,,019689.OF,019689,True
019694,中欧中证500指数增强-E,指数型-股票,存续,2023-11-01,,2023-11-01,tushare_fund_basic,中欧基金管理有限公司,,019694.OF,015453,False
019702,易方达上证科创板成长ETF联接-A,指数型-股票,存续,2024-01-04,,2024-01-04,tushare_fund_basic,易方达基金管理有限公司,,019702.OF,019702,True
019703,易方达上证科创板成长ETF联接-C,指数型-股票,存续,2024-01-04,,2024-01-04,tushare_fund_basic,易方达基金管理有限公司,,019703.OF,019702,False
019710,广发道琼斯美国石油开发与生产指数(QDII-LOF)-E-CNY,指数型-海外股票,存续,2023-11-07,,2023-11-07,tushare_fund_basic,广发基金管理有限公司,,019710.OF,019710,True
019711,广发道琼斯美国石油开发与生产指数(QDII-LOF)-E-USD-现汇,指数型-海外股票,存续,2023-11-07,,2023-11-07,tushare_fund_basic,广发基金管理有限公司,,019711.OF,019711,True
019717,南方中小盘成长股票-C,股票型,存续,2023-10-31,,2023-10-31,tushare_fund_basic,南方基金管理股份有限公司,,019717.OF,019717,True
019736,宝盈纳斯达克100指数(QDII)-A-CNY,指数型-海外股票,存续,2024-03-22,,2024-03-22,tushare_fund_basic,宝盈基金管理有限公司,,019736.OF,019736,True
019737,宝盈纳斯达克100指数(QDII)-C-CNY,指数型-海外股票,存续,2024-03-22,,2024-03-22,tushare_fund_basic,宝盈基金管理有限公司,,019737.OF,019737,True
019738,宝盈纳斯达克100指数(QDII)-A-USD-现汇,指数型-海外股票,未知,2024-03-22,,2024-03-22,tushare_fund_basic,宝盈基金管理有限公司,,019738.OF,019738,True
019739,宝盈纳斯达克100指数(QDII)-C-USD-现汇,指数型-海外股票,未知,2024-03-22,,2024-03-22,tushare_fund_basic,宝盈基金管理有限公司,,019739.OF,019739,True
019748,金鹰周期优选灵活配置混合-C,混合型-灵活,存续,2023-10-19,,2023-10-19,tushare_fund_basic,金鹰基金管理有限公司,,019748.OF,019748,True
019749,金鹰智慧生活灵活配置混合-C,混合型-灵活,存续,2023-10-19,,2023-10-19,tushare_fund_basic,金鹰基金管理有限公司,,019749.OF,019749,True
019759,中欧半导体产业股票-A,股票型,存续,2023-11-21,,2023-11-21,tushare_fund_basic,中欧基金管理有限公司,,019759.OF,019759,True
019764,中欧半导体产业股票-C,股票型,存续,2023-11-21,,2023-11-21,tushare_fund_basic,中欧基金管理有限公司,,019764.OF,019759,False
019765,国寿安保优选国企股票-A,股票型,存续,2023-10-24,,2023-10-24,tushare_fund_basic,国寿安保基金管理有限公司,,019765.OF,019765,True
019766,国寿安保优选国企股票-C,股票型,存续,2023-10-24,,2023-10-24,tushare_fund_basic,国寿安保基金管理有限公司,,019766.OF,019765,False
019767,景顺长城上证科创板50成份指数增强-A,指数型-股票,存续,2024-05-28,,2024-05-28,tushare_fund_basic,景顺长城基金管理有限公司,,019767.OF,019767,True
019768,景顺长城上证科创板50成份指数增强-C,指数型-股票,存续,2024-05-28,,2024-05-28,tushare_fund_basic,景顺长城基金管理有限公司,,019768.OF,019767,False
019776,鹏华产业精选灵活配置混合-C,混合型-灵活,存续,2023-11-10,,2023-11-10,tushare_fund_basic,鹏华基金管理有限公司,,019776.OF,019776,True
019785,广发上证科创板成长ETF联接-A,指数型-股票,存续,2023-11-16,,2023-11-16,tushare_fund_basic,广发基金管理有限公司,,019785.OF,019785,True
019786,广发上证科创板成长ETF联接-C,指数型-股票,存续,2023-11-16,,2023-11-16,tushare_fund_basic,广发基金管理有限公司,,019786.OF,019785,False
019808,富安达中证500指数增强-C,指数型-股票,存续,2023-10-20,,2023-10-20,tushare_fund_basic,富安达基金管理有限公司,,019808.OF,019808,True
019814,民生加银国证2000指数增强-A,指数型-股票,存续,2024-03-19,,2024-03-19,tushare_fund_basic,民生加银基金管理有限公司,,019814.OF,019814,True
019815,民生加银国证2000指数增强-C,指数型-股票,存续,2024-03-19,,2024-03-19,tushare_fund_basic,民生加银基金管理有限公司,,019815.OF,019814,False
019817,广发创业板ETF联接-E,指数型-股票,存续,2023-10-24,,2023-10-24,tushare_fund_basic,广发基金管理有限公司,,019817.OF,019817,True
019818,长城健康生活灵活配置混合-C,混合型-灵活,存续,2023-10-25,,2023-10-25,tushare_fund_basic,长城基金管理有限公司,,019818.OF,019818,True
019822,长城稳健成长灵活配置混合-C,混合型-灵活,存续,2023-10-27,,2023-10-27,tushare_fund_basic,长城基金管理有限公司,,019822.OF,019822,True
019824,国寿安保新材料股票-A,股票型,存续,2023-11-06,,2023-11-06,tushare_fund_basic,国寿安保基金管理有限公司,,019824.OF,019824,True
019825,国寿安保新材料股票-C,股票型,存续,2023-11-06,,2023-11-06,tushare_fund_basic,国寿安保基金管理有限公司,,019825.OF,019824,False
019827,鹏华国证石油天然气ETF联接-A,指数型-股票,存续,2024-05-07,,2024-05-07,tushare_fund_basic,鹏华基金管理有限公司,,019827.OF,019827,True
019828,鹏华国证石油天然气ETF联接-C,指数型-股票,存续,2024-05-07,,2024-05-07,tushare_fund_basic,鹏华基金管理有限公司,,019828.OF,019827,False
019831,华夏中证智选300价值稳健策略ETF联接-A,指数型-股票,存续,2023-11-08,,2023-11-08,tushare_fund_basic,华夏基金管理有限公司,,019831.OF,019831,True
019832,华夏中证智选300价值稳健策略ETF联接-C,指数型-股票,存续,2023-11-08,,2023-11-08,tushare_fund_basic,华夏基金管理有限公司,,019832.OF,019831,False
019838,民生加银品牌蓝筹灵活配置混合-C,混合型-灵活,存续,2023-11-06,,2023-11-06,tushare_fund_basic,民生加银基金管理有限公司,,019838.OF,019838,True
019853,博时中证红利低波动100指数-A,指数型-股票,存续,2023-12-19,,2023-12-19,tushare_fund_basic,博时基金管理有限公司,,019853.OF,019853,True
019854,博时中证红利低波动100指数-C,指数型-股票,存续,2023-12-19,,2023-12-19,tushare_fund_basic,博时基金管理有限公司,,019854.OF,019853,False
019855,博时中证新能源ETF联接-A,指数型-股票,存续,2023-11-28,,2023-11-28,tushare_fund_basic,博时基金管理有限公司,,019855.OF,019855,True
019856,博时中证新能源ETF联接-C,指数型-股票,存续,2023-11-28,,2023-11-28,tushare_fund_basic,博时基金管理有限公司,,019856.OF,019855,False
019857,博时上证科创板100ETF联接-A,指数型-股票,存续,2023-12-01,,2023-12-01,tushare_fund_basic,博时基金管理有限公司,,019857.OF,019857,True
019858,博时上证科创板100ETF联接-C,指数型-股票,存续,2023-12-01,,2023-12-01,tushare_fund_basic,博时基金管理有限公司,,019858.OF,019857,False
019859,银华上证科创板100ETF联接-A,指数型-股票,存续,2023-12-04,,2023-12-04,tushare_fund_basic,银华基金管理股份有限公司,,019859.OF,019859,True
019860,银华上证科创板100ETF联接-C,指数型-股票,存续,2023-12-04,,2023-12-04,tushare_fund_basic,银华基金管理股份有限公司,,019860.OF,019859,False
019861,鹏华上证科创板100ETF联接-A,指数型-股票,存续,2023-12-01,,2023-12-01,tushare_fund_basic,鹏华基金管理有限公司,,019861.OF,019861,True
019862,鹏华上证科创板100ETF联接-C,指数型-股票,存续,2023-12-01,,2023-12-01,tushare_fund_basic,鹏华基金管理有限公司,,019862.OF,019861,False
019863,招商稳健优选股票-C,股票型,存续,2023-10-27,,2023-10-27,tushare_fund_basic,招商基金管理有限公司,,019863.OF,019863,True
019866,国泰上证科创板100ETF联接-A,指数型-股票,存续,2023-11-21,,2023-11-21,tushare_fund_basic,国泰基金管理有限公司,,019866.OF,019866,True
019867,国泰上证科创板100ETF联接-C,指数型-股票,存续,2023-11-21,,2023-11-21,tushare_fund_basic,国泰基金管理有限公司,,019867.OF,019866,False
019868,华夏中证云计算与大数据主题ETF联接-A,指数型-股票,存续,2023-11-14,,2023-11-14,tushare_fund_basic,华夏基金管理有限公司,,019868.OF,019868,True
019869,华夏中证云计算与大数据主题ETF联接-C,指数型-股票,存续,2023-11-14,,2023-11-14,tushare_fund_basic,华夏基金管理有限公司,,019869.OF,019868,False
019870,华泰柏瑞中证2000ETF联接-A,指数型-股票,存续,2023-11-15,,2023-11-15,tushare_fund_basic,华泰柏瑞基金管理有限公司,,019870.OF,019870,True
019871,华泰柏瑞中证2000ETF联接-C,指数型-股票,存续,2023-11-15,,2023-11-15,tushare_fund_basic,华泰柏瑞基金管理有限公司,,019871.OF,019870,False
019874,广发中证稀有金属主题ETF联接-A,指数型-股票,存续,2023-12-26,,2023-12-26,tushare_fund_basic,广发基金管理有限公司,,019874.OF,019874,True
019875,广发中证稀有金属主题ETF联接-C,指数型-股票,存续,2023-12-26,,2023-12-26,tushare_fund_basic,广发基金管理有限公司,,019875.OF,019874,False
019879,万家周期驱动股票-A,股票型,存续,2023-10-31,,2023-10-31,tushare_fund_basic,万家基金管理有限公司,,019879.OF,019879,True
019880,万家周期驱动股票-C,股票型,存续,2023-10-31,,2023-10-31,tushare_fund_basic,万家基金管理有限公司,,019880.OF,019879,False
019886,南方国证交通运输行业ETF联接-A,指数型-股票,存续,2023-11-24,,2023-11-24,tushare_fund_basic,南方基金管理股份有限公司,,019886.OF,019886,True
019887,南方国证交通运输行业ETF联接-C,指数型-股票,存续,2023-11-24,,2023-11-24,tushare_fund_basic,南方基金管理股份有限公司,,019887.OF,019886,False
019891,华夏中证2000ETF联接-A,指数型-股票,存续,2023-11-08,,2023-11-08,tushare_fund_basic,华夏基金管理有限公司,,019891.OF,019891,True
019892,华夏中证2000ETF联接-C,指数型-股票,存续,2023-11-08,,2023-11-08,tushare_fund_basic,华夏基金管理有限公司,,019892.OF,019891,False
019895,天弘新活力灵活配置混合-C,混合型-灵活,存续,2023-10-31,,2023-10-31,tushare_fund_basic,天弘基金管理有限公司,,019895.OF,019895,True
019896,天弘惠利灵活配置混合-C,混合型-灵活,存续,2023-10-31,,2023-10-31,tushare_fund_basic,天弘基金管理有限公司,,019896.OF,019896,True
019897,富国中证沪港深创新药产业ETF联接-A,指数型-股票,存续,2023-11-10,,2023-11-10,tushare_fund_basic,富国基金管理有限公司,,019897.OF,019897,True
019898,富国中证沪港深创新药产业ETF联接-C,指数型-股票,存续,2023-11-10,,2023-11-10,tushare_fund_basic,富国基金管理有限公司,,019898.OF,019897,False
019902,国寿安保先进制造股票-A,股票型,存续,2023-11-08,,2023-11-08,tushare_fund_basic,国寿安保基金管理有限公司,,019902.OF,019902,True
019903,国寿安保先进制造股票-C,股票型,存续,2023-11-08,,2023-11-08,tushare_fund_basic,国寿安保基金管理有限公司,,019903.OF,019902,False
019910,博时上证自然资源ETF联接-C,指数型-股票,存续,2023-11-07,,2023-11-07,tushare_fund_basic,博时基金管理有限公司,,019910.OF,019910,True
019911,华安中证红利低波动指数-A,指数型-股票,存续,2024-08-02,,2024-08-02,tushare_fund_basic,华安基金管理有限公司,,019911.OF,019911,True
019912,华安中证红利低波动指数-C,指数型-股票,存续,2024-08-02,,2024-08-02,tushare_fund_basic,华安基金管理有限公司,,019912.OF,019911,False
019916,富国医药创新股票-A,股票型,存续,2024-03-12,,2024-03-12,tushare_fund_basic,富国基金管理有限公司,,019916.OF,019916,True
019917,富国医药创新股票-C,股票型,存续,2024-03-12,,2024-03-12,tushare_fund_basic,富国基金管理有限公司,,019917.OF,019916,False
019918,招商中证2000指数增强-A,指数型-股票,存续,2024-01-02,,2024-01-02,tushare_fund_basic,招商基金管理有限公司,,019918.OF,019918,True
019919,招商中证2000指数增强-C,指数型-股票,存续,2024-01-02,,2024-01-02,tushare_fund_basic,招商基金管理有限公司,,019919.OF,019918,False
019920,万家中证2000指数增强-A,指数型-股票,存续,2025-01-21,,2025-01-21,tushare_fund_basic,万家基金管理有限公司,,019920.OF,019920,True
019921,万家中证2000指数增强-C,指数型-股票,存续,2025-01-21,,2025-01-21,tushare_fund_basic,万家基金管理有限公司,,019921.OF,019920,False
019923,华泰柏瑞中证2000指数增强-A,指数型-股票,存续,2024-01-12,,2024-01-12,tushare_fund_basic,华泰柏瑞基金管理有限公司,,019923.OF,019923,True
019924,华泰柏瑞中证2000指数增强-C,指数型-股票,存续,2024-01-12,,2024-01-12,tushare_fund_basic,华泰柏瑞基金管理有限公司,,019924.OF,019923,False
019933,工银瑞信国证港股通科技ETF联接-A,指数型-海外股票,存续,2024-05-28,,2024-05-28,tushare_fund_basic,工银瑞信基金管理有限公司,,019933.OF,019933,True
019934,工银瑞信国证港股通科技ETF联接-C,指数型-海外股票,存续,2024-05-28,,2024-05-28,tushare_fund_basic,工银瑞信基金管理有限公司,,019934.OF,019933,False
019936,华安恒生互联网科技业ETF联接(QDII)-A,指数型-海外股票,存续,2024-02-06,,2024-02-06,tushare_fund_basic,华安基金管理有限公司,,019936.OF,019936,True
019937,华安恒生互联网科技业ETF联接(QDII)-C,指数型-海外股票,存续,2024-02-06,,2024-02-06,tushare_fund_basic,华安基金管理有限公司,,019937.OF,019936,False
019941,富国洞见价值股票-A,股票型,存续,2023-12-25,,2023-12-25,tushare_fund_basic,富国基金管理有限公司,,019941.OF,019941,True
019942,富国洞见价值股票-C,股票型,存续,2023-12-25,,2023-12-25,tushare_fund_basic,富国基金管理有限公司,,019942.OF,019941,False
019975,华夏中证物联网主题ETF联接-A,指数型-股票,存续,2023-11-10,,2023-11-10,tushare_fund_basic,华夏基金管理有限公司,,019975.OF,019975,True
019976,华夏中证物联网主题ETF联接-C,指数型-股票,存续,2023-11-10,,2023-11-10,tushare_fund_basic,华夏基金管理有限公司,,019976.OF,019975,False
019989,华安中证云计算与大数据主题指数-A,指数型-股票,存续,2024-12-04,,2024-12-04,tushare_fund_basic,华安基金管理有限公司,,019989.OF,019989,True
019990,华安中证云计算与大数据主题指数-C,指数型-股票,存续,2024-12-04,,2024-12-04,tushare_fund_basic,华安基金管理有限公司,,019990.OF,019989,False
019993,创金合信北证50成份指数增强-A,指数型-股票,存续,2023-12-29,,2023-12-29,tushare_fund_basic,创金合信基金管理有限公司,,019993.OF,019993,True
019994,创金合信北证50成份指数增强-C,指数型-股票,存续,2023-12-29,,2023-12-29,tushare_fund_basic,创金合信基金管理有限公司,,019994.OF,019993,False
020014,鹏华国证ESG300ETF联接-A,指数型-股票,存续,2024-06-07,,2024-06-07,tushare_fund_basic,鹏华基金管理有限公司,,020014.OF,020014,True
020016,鹏华国证ESG300ETF联接-C,指数型-股票,存续,2024-06-07,,2024-06-07,tushare_fund_basic,鹏华基金管理有限公司,,020016.OF,020014,False
020025,国泰中小板300成长ETF联接,指数型-股票,清盘,2012-03-15,2015-07-29,2012-03-15,tushare_fund_basic,国泰基金管理有限公司,2015-07-29,020025.OF,020025,True
020073,财通中证A500指数-A,指数型-股票,存续,2026-03-27,,2026-03-27,tushare_fund_basic,财通基金管理有限公司,,020073.OF,020073,True
020074,财通中证A500指数-C,指数型-股票,存续,2026-03-27,,2026-03-27,tushare_fund_basic,财通基金管理有限公司,,020074.OF,020073,False
020093,泰康国证公共卫生与医疗健康ETF联接-A,指数型-股票,存续,2024-01-31,,2024-01-31,tushare_fund_basic,泰康基金管理有限公司,,020093.OF,020093,True
020094,泰康国证公共卫生与医疗健康ETF联接-C,指数型-股票,存续,2024-01-31,,2024-01-31,tushare_fund_basic,泰康基金管理有限公司,,020094.OF,020093,False
020095,富国中证绿色电力ETF联接-A,指数型-股票,存续,2023-12-19,,2023-12-19,tushare_fund_basic,富国基金管理有限公司,,020095.OF,020095,True
020096,富国中证绿色电力ETF联接-C,指数型-股票,存续,2023-12-19,,2023-12-19,tushare_fund_basic,富国基金管理有限公司,,020096.OF,020095,False
020100,易方达中证A100ETF联接-A,指数型-股票,存续,2024-01-05,,2024-01-05,tushare_fund_basic,易方达基金管理有限公司,,020100.OF,020100,True
020101,易方达中证A100ETF联接-C,指数型-股票,存续,2024-01-05,,2024-01-05,tushare_fund_basic,易方达基金管理有限公司,,020101.OF,020100,False
020102,易方达中证沪港深300ETF联接-A,指数型-股票,存续,2024-01-05,,2024-01-05,tushare_fund_basic,易方达基金管理有限公司,,020102.OF,020102,True
020103,易方达中证沪港深300ETF联接-C,指数型-股票,存续,2024-01-05,,2024-01-05,tushare_fund_basic,易方达基金管理有限公司,,020103.OF,020102,False
020104,易方达中证石化产业ETF联接-A,指数型-股票,存续,2024-01-05,,2024-01-05,tushare_fund_basic,易方达基金管理有限公司,,020104.OF,020104,True
020105,易方达中证石化产业ETF联接-C,指数型-股票,存续,2024-01-05,,2024-01-05,tushare_fund_basic,易方达基金管理有限公司,,020105.OF,020104,False
020106,兴业成长动力灵活配置混合-C,混合型-灵活,存续,2023-11-24,,2023-11-24,tushare_fund_basic,兴业基金管理有限公司,,020106.OF,020106,True
020108,富国国证信息技术创新主题ETF联接-A,指数型-股票,存续,2023-12-12,,2023-12-12,tushare_fund_basic,富国基金管理有限公司,,020108.OF,020108,True
020109,富国国证信息技术创新主题ETF联接-C,指数型-股票,存续,2023-12-12,,2023-12-12,tushare_fund_basic,富国基金管理有限公司,,020109.OF,020108,False
020110,富国恒生港股通创新药及医疗保健ETF联接-A,指数型-海外股票,存续,2023-12-05,,2023-12-05,tushare_fund_basic,富国基金管理有限公司,,020110.OF,020110,True
020111,富国恒生港股通创新药及医疗保健ETF联接-C,指数型-海外股票,存续,2023-12-05,,2023-12-05,tushare_fund_basic,富国基金管理有限公司,,020111.OF,020110,False
020113,易方达中证沪港深500ETF联接-A,指数型-股票,存续,2024-01-04,,2024-01-04,tushare_fund_basic,易方达基金管理有限公司,,020113.OF,020113,True
020114,易方达中证沪港深500ETF联接-C,指数型-股票,存续,2024-01-04,,2024-01-04,tushare_fund_basic,易方达基金管理有限公司,,020114.OF,020113,False
020115,鹏扬中证国有企业红利ETF联接-A,指数型-股票,存续,2024-03-19,,2024-03-19,tushare_fund_basic,鹏扬基金管理有限公司,,020115.OF,020115,True
020116,鹏扬中证国有企业红利ETF联接-C,指数型-股票,存续,2024-03-19,,2024-03-19,tushare_fund_basic,鹏扬基金管理有限公司,,020116.OF,020115,False
020120,宝盈华证龙头红利50指数-A,指数型-股票,存续,2023-12-27,,2023-12-27,tushare_fund_basic,宝盈基金管理有限公司,,020120.OF,020120,True
020121,宝盈华证龙头红利50指数-C,指数型-股票,存续,2023-12-27,,2023-12-27,tushare_fund_basic,宝盈基金管理有限公司,,020121.OF,020120,False
020126,东方量化成长灵活配置混合-C,混合型-灵活,存续,2023-11-24,,2023-11-24,tushare_fund_basic,东方基金管理股份有限公司,,020126.OF,020126,True
020132,中邮趋势精选灵活配置混合-C,混合型-灵活,存续,2024-01-10,,2024-01-10,tushare_fund_basic,中邮创业基金管理股份有限公司,,020132.OF,020132,True
020140,国寿安保品质消费股票-A,股票型,存续,2023-12-07,,2023-12-07,tushare_fund_basic,国寿安保基金管理有限公司,,020140.OF,020140,True
020141,国寿安保品质消费股票-C,股票型,存续,2023-12-07,,2023-12-07,tushare_fund_basic,国寿安保基金管理有限公司,,020141.OF,020140,False
020142,路博迈中国医疗健康股票-A,股票型,存续,2023-12-26,,2023-12-26,tushare_fund_basic,路博迈基金管理(中国)有限公司,,020142.OF,020142,True
020143,路博迈中国医疗健康股票-C,股票型,存续,2023-12-26,,2023-12-26,tushare_fund_basic,路博迈基金管理(中国)有限公司,,020143.OF,020142,False
020156,交银中证红利低波动100指数-A,指数型-股票,存续,2024-03-15,,2024-03-15,tushare_fund_basic,交银施罗德基金管理有限公司,,020156.OF,020156,True
020157,交银中证红利低波动100指数-C,指数型-股票,存续,2024-03-15,,2024-03-15,tushare_fund_basic,交银施罗德基金管理有限公司,,020157.OF,020156,False
020160,中信保诚沪深300指数增强-A,指数型-股票,存续,2023-12-18,,2023-12-18,tushare_fund_basic,中信保诚基金管理有限公司,,020160.OF,020160,True
020161,中信保诚沪深300指数增强-C,指数型-股票,存续,2023-12-18,,2023-12-18,tushare_fund_basic,中信保诚基金管理有限公司,,020161.OF,020160,False
020180,金信深圳成长灵活配置混合-C,混合型-灵活,存续,2023-11-29,,2023-11-29,tushare_fund_basic,金信基金管理有限公司,,020180.OF,020180,True
020183,博时中证传媒指数-A,指数型-股票,存续,2024-03-05,,2024-03-05,tushare_fund_basic,博时基金管理有限公司,,020183.OF,020183,True
020184,博时中证传媒指数-C,指数型-股票,存续,2024-03-05,,2024-03-05,tushare_fund_basic,博时基金管理有限公司,,020184.OF,020183,False
020190,农银汇理上证180指数-A,指数型-股票,存续,2025-02-26,,2025-02-26,tushare_fund_basic,农银汇理基金管理有限公司,,020190.OF,020190,True
020191,农银汇理上证180指数-C,指数型-股票,存续,2025-02-26,,2025-02-26,tushare_fund_basic,农银汇理基金管理有限公司,,020191.OF,020190,False
020195,汇添富中证红利ETF联接-A,指数型-股票,存续,2024-01-30,,2024-01-30,tushare_fund_basic,汇添富基金管理股份有限公司,,020195.OF,020195,True
020196,汇添富中证红利ETF联接-C,指数型-股票,存续,2024-01-30,,2024-01-30,tushare_fund_basic,汇添富基金管理股份有限公司,,020196.OF,020195,False
020199,万家双引擎灵活配置混合-C,混合型-灵活,存续,2023-12-04,,2023-12-04,tushare_fund_basic,万家基金管理有限公司,,020199.OF,020199,True
020217,金鹰多元策略灵活配置混合-C,混合型-灵活,存续,2023-12-01,,2023-12-01,tushare_fund_basic,金鹰基金管理有限公司,,020217.OF,020217,True
020220,国联安沪深300指数增强-A,指数型-股票,存续,2024-01-23,,2024-01-23,tushare_fund_basic,国联安基金管理有限公司,,020220.OF,020220,True
020221,国联安沪深300指数增强-C,指数型-股票,存续,2024-01-23,,2024-01-23,tushare_fund_basic,国联安基金管理有限公司,,020221.OF,020220,False
020226,国泰中证全指集成电路ETF联接-A,指数型-股票,存续,2023-12-07,,2023-12-07,tushare_fund_basic,国泰基金管理有限公司,,020226.OF,020226,True
020227,国泰中证全指集成电路ETF联接-C,指数型-股票,存续,2023-12-07,,2023-12-07,tushare_fund_basic,国泰基金管理有限公司,,020227.OF,020226,False
020232,嘉实互融精选股票-C,股票型,存续,2023-12-12,,2023-12-12,tushare_fund_basic,嘉实基金管理有限公司,,020232.OF,020232,True
020236,路博迈中国动力股票-A,股票型,存续,2024-04-26,,2024-04-26,tushare_fund_basic,路博迈基金管理(中国)有限公司,,020236.OF,020236,True
020237,路博迈中国动力股票-C,股票型,存续,2024-04-26,,2024-04-26,tushare_fund_basic,路博迈基金管理(中国)有限公司,,020237.OF,020236,False
020250,中银中证央企红利50指数-C,指数型-股票,存续,2024-03-22,,2024-03-22,tushare_fund_basic,中银基金管理有限公司,,020250.OF,020250,True
020251,中银中证央企红利50指数-A,指数型-股票,存续,2024-03-22,,2024-03-22,tushare_fund_basic,中银基金管理有限公司,,020251.OF,020250,False
020255,中欧中证机器人指数-A,指数型-股票,存续,2024-01-17,,2024-01-17,tushare_fund_basic,中欧基金管理有限公司,,020255.OF,020255,True
020256,中欧中证机器人指数-C,指数型-股票,存续,2024-01-17,,2024-01-17,tushare_fund_basic,中欧基金管理有限公司,,020256.OF,020255,False
020258,鹏华优选价值股票-C,股票型,存续,2023-12-13,,2023-12-13,tushare_fund_basic,鹏华基金管理有限公司,,020258.OF,020258,True
020271,万家创业板综合ETF联接-A,指数型-股票,存续,2024-03-19,,2024-03-19,tushare_fund_basic,万家基金管理有限公司,,020271.OF,020271,True
020272,万家创业板综合ETF联接-C,指数型-股票,存续,2024-03-19,,2024-03-19,tushare_fund_basic,万家基金管理有限公司,,020272.OF,020271,False
020273,富国中证细分化工产业主题ETF联接-A,指数型-股票,存续,2023-12-26,,2023-12-26,tushare_fund_basic,富国基金管理有限公司,,020273.OF,020273,True
020274,富国中证细分化工产业主题ETF联接-C,指数型-股票,存续,2023-12-26,,2023-12-26,tushare_fund_basic,富国基金管理有限公司,,020274.OF,020273,False
020276,银河新材料股票-A,股票型,存续,2023-12-27,,2023-12-27,tushare_fund_basic,银河基金管理有限公司,,020276.OF,020276,True
020277,银河新材料股票-C,股票型,存续,2023-12-27,,2023-12-27,tushare_fund_basic,银河基金管理有限公司,,020277.OF,020276,False
020278,国泰国证信息技术创新主题ETF联接-A,指数型-股票,存续,2023-12-13,,2023-12-13,tushare_fund_basic,国泰基金管理有限公司,,020278.OF,020278,True
020279,国泰国证信息技术创新主题ETF联接-C,指数型-股票,存续,2023-12-13,,2023-12-13,tushare_fund_basic,国泰基金管理有限公司,,020279.OF,020278,False
020282,益民优势安享灵活配置混合-C,混合型-灵活,存续,2023-12-08,,2023-12-08,tushare_fund_basic,益民基金管理有限公司,,020282.OF,020282,True
020289,国泰中证机器人ETF联接-A,指数型-股票,存续,2023-12-19,,2023-12-19,tushare_fund_basic,国泰基金管理有限公司,,020289.OF,020289,True
020290,国泰中证机器人ETF联接-C,指数型-股票,存续,2023-12-19,,2023-12-19,tushare_fund_basic,国泰基金管理有限公司,,020290.OF,020289,False
020291,华夏上证科创板100ETF联接-A,指数型-股票,存续,2024-01-23,,2024-01-23,tushare_fund_basic,华夏基金管理有限公司,,020291.OF,020291,True
020292,华夏上证科创板100ETF联接-C,指数型-股票,存续,2024-01-23,,2024-01-23,tushare_fund_basic,华夏基金管理有限公司,,020292.OF,020291,False
020293,易方达上证科创板100ETF联接-A,指数型-股票,存续,2024-08-06,,2024-08-06,tushare_fund_basic,易方达基金管理有限公司,,020293.OF,020293,True
020294,易方达上证科创板100ETF联接-C,指数型-股票,存续,2024-08-06,,2024-08-06,tushare_fund_basic,易方达基金管理有限公司,,020294.OF,020293,False
020315,嘉实前沿科技沪港深股票-C,股票型,存续,2023-12-14,,2023-12-14,tushare_fund_basic,嘉实基金管理有限公司,,020315.OF,020315,True
020320,华泰柏瑞上证科创板100ETF联接-A,指数型-股票,存续,2024-02-02,,2024-02-02,tushare_fund_basic,华泰柏瑞基金管理有限公司,,020320.OF,020320,True
020321,华泰柏瑞上证科创板100ETF联接-C,指数型-股票,存续,2024-02-02,,2024-02-02,tushare_fund_basic,华泰柏瑞基金管理有限公司,,020321.OF,020320,False
020323,博时中证基建工程指数-A,指数型-股票,存续,2024-03-19,,2024-03-19,tushare_fund_basic,博时基金管理有限公司,,020323.OF,020323,True
020324,博时中证基建工程指数-C,指数型-股票,存续,2024-03-19,,2024-03-19,tushare_fund_basic,博时基金管理有限公司,,020324.OF,020323,False
020331,红塔红土医药精选股票-A,股票型,存续,2024-04-02,,2024-04-02,tushare_fund_basic,红塔红土基金管理有限公司,,020331.OF,020331,True
020332,红塔红土医药精选股票-C,股票型,存续,2024-04-02,,2024-04-02,tushare_fund_basic,红塔红土基金管理有限公司,,020332.OF,020331,False
020335,华夏中证大数据产业ETF联接-A,指数型-股票,存续,2024-01-23,,2024-01-23,tushare_fund_basic,华夏基金管理有限公司,,020335.OF,020335,True
020336,华夏中证大数据产业ETF联接-C,指数型-股票,存续,2024-01-23,,2024-01-23,tushare_fund_basic,华夏基金管理有限公司,,020336.OF,020335,False
020339,银华混改红利灵活配置混合-C,混合型-灵活,存续,2023-12-14,,2023-12-14,tushare_fund_basic,银华基金管理股份有限公司,,020339.OF,020339,True
020352,国富沪深300指数增强-C,指数型-股票,存续,2024-01-09,,2024-01-09,tushare_fund_basic,国海富兰克林基金管理有限公司,,020352.OF,020352,True
020353,富国量化对冲策略三个月持有期灵活配置混合-E,混合型-灵活,存续,2023-12-21,,2023-12-21,tushare_fund_basic,富国基金管理有限公司,,020353.OF,020353,True
020356,华夏中证半导体材料设备主题ETF联接-A,指数型-股票,存续,2024-01-23,,2024-01-23,tushare_fund_basic,华夏基金管理有限公司,,020356.OF,020356,True
020357,华夏中证半导体材料设备主题ETF联接-C,指数型-股票,存续,2024-01-23,,2024-01-23,tushare_fund_basic,华夏基金管理有限公司,,020357.OF,020356,False
020360,中海混改红利主题精选灵活配置混合-C,混合型-灵活,存续,2023-12-27,,2023-12-27,tushare_fund_basic,中海基金管理有限公司,,020360.OF,020360,True
020361,中海蓝筹灵活配置混合-C,混合型-灵活,存续,2024-01-04,,2024-01-04,tushare_fund_basic,中海基金管理有限公司,,020361.OF,020361,True
020362,中海沪港深价值优选灵活配置混合-C,混合型-灵活,存续,2024-01-12,,2024-01-12,tushare_fund_basic,中海基金管理有限公司,,020362.OF,020362,True
020384,金信转型创新成长灵活配置混合-C,混合型-灵活,存续,2023-12-20,,2023-12-20,tushare_fund_basic,金信基金管理有限公司,,020384.OF,020384,True
020403,易方达国证信息技术创新主题ETF联接-A,指数型-股票,存续,2024-01-05,,2024-01-05,tushare_fund_basic,易方达基金管理有限公司,,020403.OF,020403,True
020404,易方达国证信息技术创新主题ETF联接-C,指数型-股票,存续,2024-01-05,,2024-01-05,tushare_fund_basic,易方达基金管理有限公司,,020404.OF,020403,False
020405,国泰中证油气产业ETF联接-A,指数型-股票,存续,2023-12-29,,2023-12-29,tushare_fund_basic,国泰基金管理有限公司,,020405.OF,020405,True
020406,国泰中证油气产业ETF联接-C,指数型-股票,存续,2023-12-29,,2023-12-29,tushare_fund_basic,国泰基金管理有限公司,,020406.OF,020405,False
020407,工银瑞信中证传媒指数(LOF)-E,指数型-股票,存续,2024-01-23,,2024-01-23,tushare_fund_basic,工银瑞信基金管理有限公司,,020407.OF,164818,False
020411,永赢中证沪深港黄金产业股票ETF联接-A,指数型-股票,存续,2024-02-01,,2024-02-01,tushare_fund_basic,永赢基金管理有限公司,,020411.OF,020411,True
020412,永赢中证沪深港黄金产业股票ETF联接-C,指数型-股票,存续,2024-02-01,,2024-02-01,tushare_fund_basic,永赢基金管理有限公司,,020412.OF,020411,False
020422,华夏中证港股通内地金融ETF联接-A,指数型-海外股票,存续,2024-01-03,,2024-01-03,tushare_fund_basic,华夏基金管理有限公司,,020422.OF,020422,True
020423,华夏中证港股通内地金融ETF联接-C,指数型-海外股票,存续,2024-01-03,,2024-01-03,tushare_fund_basic,华夏基金管理有限公司,,020423.OF,020422,False
020433,金信核心竞争力灵活配置混合-C,混合型-灵活,存续,2023-12-25,,2023-12-25,tushare_fund_basic,金信基金管理有限公司,,020433.OF,020433,True
020434,金信量化精选灵活配置混合-C,混合型-灵活,存续,2023-12-22,,2023-12-22,tushare_fund_basic,金信基金管理有限公司,,020434.OF,020434,True
020435,金信智能中国2025灵活配置混合-C,混合型-灵活,存续,2023-12-22,,2023-12-22,tushare_fund_basic,金信基金管理有限公司,,020435.OF,020435,True
020436,金信稳健策略灵活配置混合-C,混合型-灵活,存续,2023-12-21,,2023-12-21,tushare_fund_basic,金信基金管理有限公司,,020436.OF,020436,True
020437,宝盈医疗健康沪港深股票-C,股票型,存续,2023-12-26,,2023-12-26,tushare_fund_basic,宝盈基金管理有限公司,,020437.OF,020437,True
020451,金信行业优选灵活配置混合-C,混合型-灵活,存续,2023-12-27,,2023-12-27,tushare_fund_basic,金信基金管理有限公司,,020451.OF,020451,True
020456,平安上证红利低波动指数-A,指数型-股票,存续,2024-04-23,,2024-04-23,tushare_fund_basic,平安基金管理有限公司,,020456.OF,020456,True
020457,平安上证红利低波动指数-C,指数型-股票,存续,2024-04-23,,2024-04-23,tushare_fund_basic,平安基金管理有限公司,,020457.OF,020456,False
020458,平安医药精选股票-A,股票型,存续,2024-06-18,,2024-06-18,tushare_fund_basic,平安基金管理有限公司,,020458.OF,020458,True
020459,平安医药精选股票-C,股票型,存续,2024-06-18,,2024-06-18,tushare_fund_basic,平安基金管理有限公司,,020459.OF,020458,False
020461,华安中证国有企业红利ETF联接-A,指数型-股票,存续,2024-01-31,,2024-01-31,tushare_fund_basic,华安基金管理有限公司,,020461.OF,020461,True
020462,华安中证国有企业红利ETF联接-C,指数型-股票,存续,2024-01-31,,2024-01-31,tushare_fund_basic,华安基金管理有限公司,,020462.OF,020461,False
020464,招商中证半导体产业ETF联接-A,指数型-股票,存续,2024-01-26,,2024-01-26,tushare_fund_basic,招商基金管理有限公司,,020464.OF,020464,True
020465,招商中证半导体产业ETF联接-C,指数型-股票,存续,2024-01-26,,2024-01-26,tushare_fund_basic,招商基金管理有限公司,,020465.OF,020464,False
020466,华泰柏瑞中证中央企业红利ETF联接-A,指数型-股票,存续,2023-12-28,,2023-12-28,tushare_fund_basic,华泰柏瑞基金管理有限公司,,020466.OF,020466,True
020467,华泰柏瑞中证中央企业红利ETF联接-C,指数型-股票,存续,2023-12-28,,2023-12-28,tushare_fund_basic,华泰柏瑞基金管理有限公司,,020467.OF,020466,False
020476,泰康半导体量化选股股票-A,股票型,存续,2024-05-07,,2024-05-07,tushare_fund_basic,泰康基金管理有限公司,,020476.OF,020476,True
020477,泰康半导体量化选股股票-C,股票型,存续,2024-05-07,,2024-05-07,tushare_fund_basic,泰康基金管理有限公司,,020477.OF,020476,False
020478,中欧中证芯片产业指数-A,指数型-股票,存续,2024-02-02,,2024-02-02,tushare_fund_basic,中欧基金管理有限公司,,020478.OF,020478,True
020481,招商中证机器人ETF联接-A,指数型-股票,存续,2024-01-19,,2024-01-19,tushare_fund_basic,招商基金管理有限公司,,020481.OF,020481,True
020482,招商中证机器人ETF联接-C,指数型-股票,存续,2024-01-19,,2024-01-19,tushare_fund_basic,招商基金管理有限公司,,020482.OF,020481,False
020483,中欧中证芯片产业指数-C,指数型-股票,存续,2024-02-02,,2024-02-02,tushare_fund_basic,中欧基金管理有限公司,,020483.OF,020478,False
020484,中欧中证全指软件开发指数-A,指数型-股票,存续,2024-03-04,,2024-03-04,tushare_fund_basic,中欧基金管理有限公司,,020484.OF,020484,True
020485,中欧中证全指软件开发指数-C,指数型-股票,存续,2024-03-04,,2024-03-04,tushare_fund_basic,中欧基金管理有限公司,,020485.OF,020484,False
020486,华富智慧城市灵活配置混合-C,混合型-灵活,存续,2024-01-10,,2024-01-10,tushare_fund_basic,华富基金管理有限公司,,020486.OF,020486,True
020487,华富成长企业精选股票-C,股票型,存续,2024-01-10,,2024-01-10,tushare_fund_basic,华富基金管理有限公司,,020487.OF,020487,True
020500,广发中证港股通非银行金融主题ETF联接-A,指数型-海外股票,存续,2024-01-30,,2024-01-30,tushare_fund_basic,广发基金管理有限公司,,020500.OF,020500,True
020501,广发中证港股通非银行金融主题ETF联接-C,指数型-海外股票,存续,2024-01-30,,2024-01-30,tushare_fund_basic,广发基金管理有限公司,,020501.OF,020500,False
020513,富国深证50ETF联接-A,指数型-股票,存续,2024-01-23,,2024-01-23,tushare_fund_basic,富国基金管理有限公司,,020513.OF,020513,True
020514,富国深证50ETF联接-C,指数型-股票,存续,2024-01-23,,2024-01-23,tushare_fund_basic,富国基金管理有限公司,,020514.OF,020513,False
020515,华泰柏瑞南方东英新交所泛东南亚科技ETF联接(QDII)-A,指数型-股票,存续,2024-01-23,,2024-01-23,tushare_fund_basic,华泰柏瑞基金管理有限公司,,020515.OF,020515,True
020516,华泰柏瑞南方东英新交所泛东南亚科技ETF联接(QDII)-C,指数型-股票,存续,2024-01-23,,2024-01-23,tushare_fund_basic,华泰柏瑞基金管理有限公司,,020516.OF,020515,False
020517,易方达深证50ETF联接-A,指数型-股票,存续,2024-01-10,,2024-01-10,tushare_fund_basic,易方达基金管理有限公司,,020517.OF,020517,True
020518,易方达深证50ETF联接-C,指数型-股票,存续,2024-01-10,,2024-01-10,tushare_fund_basic,易方达基金管理有限公司,,020518.OF,020517,False
020553,南方半导体产业股票-A,股票型,存续,2024-04-30,,2024-04-30,tushare_fund_basic,南方基金管理股份有限公司,,020553.OF,020553,True
020554,南方半导体产业股票-C,股票型,存续,2024-04-30,,2024-04-30,tushare_fund_basic,南方基金管理股份有限公司,,020554.OF,020553,False
020562,东方红领先精选灵活配置混合-C,混合型-灵活,存续,2024-01-17,,2024-01-17,tushare_fund_basic,上海东方证券资产管理有限公司,,020562.OF,020562,True
020563,鹏扬国证财富管理指数-A,指数型-股票,清盘,2024-01-30,2024-08-27,2024-01-30,tushare_fund_basic,鹏扬基金管理有限公司,2024-08-27,020563.OF,020563,True
020564,鹏扬国证财富管理指数-C,指数型-股票,清盘,2024-01-30,2024-08-27,2024-01-30,tushare_fund_basic,鹏扬基金管理有限公司,2024-08-27,020564.OF,020563,False
020592,金信多策略精选灵活配置混合-C,混合型-灵活,存续,2024-01-18,,2024-01-18,tushare_fund_basic,金信基金管理有限公司,,020592.OF,020592,True
020602,易方达中证红利低波动ETF联接-A,指数型-股票,存续,2024-03-12,,2024-03-12,tushare_fund_basic,易方达基金管理有限公司,,020602.OF,020602,True
020603,易方达中证红利低波动ETF联接-C,指数型-股票,存续,2024-03-12,,2024-03-12,tushare_fund_basic,易方达基金管理有限公司,,020603.OF,020602,False
020607,南方中证机器人ETF联接-A,指数型-股票,存续,2024-03-13,,2024-03-13,tushare_fund_basic,南方基金管理股份有限公司,,020607.OF,020607,True
020608,南方中证机器人ETF联接-C,指数型-股票,存续,2024-03-13,,2024-03-13,tushare_fund_basic,南方基金管理股份有限公司,,020608.OF,020607,False
020617,中银新华中诚信红利价值指数-A,指数型-股票,存续,2025-04-29,,2025-04-29,tushare_fund_basic,中银基金管理有限公司,,020617.OF,020617,True
020618,中银新华中诚信红利价值指数-C,指数型-股票,存续,2025-04-29,,2025-04-29,tushare_fund_basic,中银基金管理有限公司,,020618.OF,020617,False
020621,华夏中证香港内地国有企业ETF联接(QDII)-A,指数型-海外股票,存续,2024-03-05,,2024-03-05,tushare_fund_basic,华夏基金管理有限公司,,020621.OF,020621,True
020622,华夏中证香港内地国有企业ETF联接(QDII)-C,指数型-海外股票,存续,2024-03-05,,2024-03-05,tushare_fund_basic,华夏基金管理有限公司,,020622.OF,020621,False
020628,汇添富上证科创板芯片ETF联接-A,指数型-股票,存续,2024-03-12,,2024-03-12,tushare_fund_basic,汇添富基金管理股份有限公司,,020628.OF,020628,True
020629,汇添富上证科创板芯片ETF联接-C,指数型-股票,存续,2024-03-12,,2024-03-12,tushare_fund_basic,汇添富基金管理股份有限公司,,020629.OF,020628,False
020630,汇添富中证芯片产业ETF联接-A,指数型-股票,存续,2024-06-04,,2024-06-04,tushare_fund_basic,汇添富基金管理股份有限公司,,020630.OF,020630,True
020631,汇添富中证芯片产业ETF联接-C,指数型-股票,存续,2024-06-04,,2024-06-04,tushare_fund_basic,汇添富基金管理股份有限公司,,020631.OF,020630,False
020632,汇添富中证电信主题ETF联接-A,指数型-股票,存续,2024-03-26,,2024-03-26,tushare_fund_basic,汇添富基金管理股份有限公司,,020632.OF,020632,True
020633,汇添富中证电信主题ETF联接-C,指数型-股票,存续,2024-03-26,,2024-03-26,tushare_fund_basic,汇添富基金管理股份有限公司,,020633.OF,020632,False
020634,汇添富恒生生物科技ETF联接(QDII)-A,指数型-海外股票,存续,2024-03-01,,2024-03-01,tushare_fund_basic,汇添富基金管理股份有限公司,,020634.OF,020634,True
020635,汇添富恒生生物科技ETF联接(QDII)-C,指数型-海外股票,存续,2024-03-01,,2024-03-01,tushare_fund_basic,汇添富基金管理股份有限公司,,020635.OF,020634,False
020639,广发中证半导体材料设备主题ETF联接-A,指数型-股票,存续,2024-03-05,,2024-03-05,tushare_fund_basic,广发基金管理有限公司,,020639.OF,020639,True
020640,广发中证半导体材料设备主题ETF联接-C,指数型-股票,存续,2024-03-05,,2024-03-05,tushare_fund_basic,广发基金管理有限公司,,020640.OF,020639,False
020647,诺安沪深300指数增强-D,指数型-股票,存续,2024-01-30,,2024-01-30,tushare_fund_basic,诺安基金管理有限公司,,020647.OF,020647,True
020650,博时国证粮食产业ETF联接-A,指数型-股票,存续,2024-04-09,,2024-04-09,tushare_fund_basic,博时基金管理有限公司,,020650.OF,020650,True
020651,博时国证粮食产业ETF联接-C,指数型-股票,存续,2024-04-09,,2024-04-09,tushare_fund_basic,博时基金管理有限公司,,020651.OF,020650,False
020659,诺安低碳经济股票-D,股票型,存续,2024-08-22,,2024-08-22,tushare_fund_basic,诺安基金管理有限公司,,020659.OF,020659,True
020667,富国创业板200ETF联接-A,指数型-股票,存续,2024-02-06,,2024-02-06,tushare_fund_basic,富国基金管理有限公司,,020667.OF,020667,True
020668,富国创业板200ETF联接-C,指数型-股票,存续,2024-02-06,,2024-02-06,tushare_fund_basic,富国基金管理有限公司,,020668.OF,020667,False
020670,易方达上证科创板芯片ETF联接-A,指数型-股票,存续,2024-01-31,,2024-01-31,tushare_fund_basic,易方达基金管理有限公司,,020670.OF,020670,True
020671,易方达上证科创板芯片ETF联接-C,指数型-股票,存续,2024-01-31,,2024-01-31,tushare_fund_basic,易方达基金管理有限公司,,020671.OF,020670,False
020672,招商中证红利低波动100指数-A,指数型-股票,存续,2024-03-26,,2024-03-26,tushare_fund_basic,招商基金管理有限公司,,020672.OF,020672,True
020673,招商中证红利低波动100指数-C,指数型-股票,存续,2024-03-26,,2024-03-26,tushare_fund_basic,招商基金管理有限公司,,020673.OF,020672,False
020682,建信环保产业股票-C,股票型,存续,2024-02-02,,2024-02-02,tushare_fund_basic,建信基金管理有限责任公司,,020682.OF,020682,True
020683,南方上证科创板100ETF联接-A,指数型-股票,存续,2024-06-24,,2024-06-24,tushare_fund_basic,南方基金管理股份有限公司,,020683.OF,020683,True
020684,南方上证科创板100ETF联接-C,指数型-股票,存续,2024-06-24,,2024-06-24,tushare_fund_basic,南方基金管理股份有限公司,,020684.OF,020683,False
020685,南方上证科创板新材料ETF联接-A,指数型-股票,存续,2024-03-12,,2024-03-12,tushare_fund_basic,南方基金管理股份有限公司,,020685.OF,020685,True
020686,南方上证科创板新材料ETF联接-C,指数型-股票,存续,2024-03-12,,2024-03-12,tushare_fund_basic,南方基金管理股份有限公司,,020686.OF,020685,False
020691,博时中证全指通信设备指数-A,指数型-股票,存续,2024-05-07,,2024-05-07,tushare_fund_basic,博时基金管理有限公司,,020691.OF,020691,True
020692,博时中证全指通信设备指数-C,指数型-股票,存续,2024-05-07,,2024-05-07,tushare_fund_basic,博时基金管理有限公司,,020692.OF,020691,False
020698,国泰海通科创板量化选股股票-A,股票型,存续,2024-04-16,,2024-04-16,tushare_fund_basic,上海国泰海通证券资产管理有限公司,,020698.OF,020698,True
020699,国泰海通科创板量化选股股票-C,股票型,存续,2024-04-16,,2024-04-16,tushare_fund_basic,上海国泰海通证券资产管理有限公司,,020699.OF,020698,False
020704,南方中证通信服务ETF联接-A,指数型-股票,存续,2024-05-14,,2024-05-14,tushare_fund_basic,南方基金管理股份有限公司,,020704.OF,020704,True
020705,南方中证通信服务ETF联接-C,指数型-股票,存续,2024-05-14,,2024-05-14,tushare_fund_basic,南方基金管理股份有限公司,,020705.OF,020704,False
020712,华安三菱日联日经225ETF联接(QDII)-A,指数型-海外股票,存续,2024-02-07,,2024-02-07,tushare_fund_basic,华安基金管理有限公司,,020712.OF,020712,True
020713,华安三菱日联日经225ETF联接(QDII)-C,指数型-海外股票,存续,2024-02-07,,2024-02-07,tushare_fund_basic,华安基金管理有限公司,,020713.OF,020712,False
020714,华安上证科创板50成份ETF联接-A,指数型-股票,存续,2024-03-12,,2024-03-12,tushare_fund_basic,华安基金管理有限公司,,020714.OF,020714,True
020715,华安上证科创板50成份ETF联接-C,指数型-股票,存续,2024-03-12,,2024-03-12,tushare_fund_basic,华安基金管理有限公司,,020715.OF,020714,False
020720,国寿安保高端装备股票-A,股票型,存续,2024-02-27,,2024-02-27,tushare_fund_basic,国寿安保基金管理有限公司,,020720.OF,020720,True
020721,国寿安保高端装备股票-C,股票型,存续,2024-02-27,,2024-02-27,tushare_fund_basic,国寿安保基金管理有限公司,,020721.OF,020720,False
020722,国寿安保数字经济股票-A,股票型,存续,2024-03-14,,2024-03-14,tushare_fund_basic,国寿安保基金管理有限公司,,020722.OF,020722,True
020723,国寿安保数字经济股票-C,股票型,存续,2024-03-14,,2024-03-14,tushare_fund_basic,国寿安保基金管理有限公司,,020723.OF,020722,False
020726,建信灵活配置混合-C,混合型-灵活,存续,2024-02-07,,2024-02-07,tushare_fund_basic,建信基金管理有限责任公司,,020726.OF,020726,True
020729,华安中证全指软件开发ETF联接-A,指数型-股票,存续,2024-03-12,,2024-03-12,tushare_fund_basic,华安基金管理有限公司,,020729.OF,020729,True
020730,华安中证全指软件开发ETF联接-C,指数型-股票,存续,2024-03-12,,2024-03-12,tushare_fund_basic,华安基金管理有限公司,,020730.OF,020729,False
020732,易方达创业板200ETF联接-A,指数型-股票,存续,2024-06-26,,2024-06-26,tushare_fund_basic,易方达基金管理有限公司,,020732.OF,020732,True
020733,易方达创业板200ETF联接-C,指数型-股票,存续,2024-06-26,,2024-06-26,tushare_fund_basic,易方达基金管理有限公司,,020733.OF,020732,False
020735,东财中证有色金属指数增强-E,指数型-股票,存续,2024-02-21,,2024-02-21,tushare_fund_basic,东财基金管理有限公司,,020735.OF,011630,False
020743,广发恒生消费ETF联接(QDII)-A,指数型-海外股票,存续,2024-04-02,,2024-04-02,tushare_fund_basic,广发基金管理有限公司,,020743.OF,020743,True
020744,广发恒生消费ETF联接(QDII)-C,指数型-海外股票,存续,2024-04-02,,2024-04-02,tushare_fund_basic,广发基金管理有限公司,,020744.OF,020743,False
020748,国联智选先锋股票-A,股票型,存续,2024-06-04,,2024-06-04,tushare_fund_basic,国联基金管理有限公司,,020748.OF,020748,True
020749,国联智选先锋股票-C,股票型,存续,2024-06-04,,2024-06-04,tushare_fund_basic,国联基金管理有限公司,,020749.OF,020748,False
020750,工银瑞信上证科创板50成份ETF联接-E,指数型-股票,存续,2024-02-08,,2024-02-08,tushare_fund_basic,工银瑞信基金管理有限公司,,020750.OF,011614,False
020753,华夏中证智选300成长创新策略ETF联接-A,指数型-股票,存续,2024-03-05,,2024-03-05,tushare_fund_basic,华夏基金管理有限公司,,020753.OF,020753,True
020754,华夏中证智选300成长创新策略ETF联接-C,指数型-股票,存续,2024-03-05,,2024-03-05,tushare_fund_basic,华夏基金管理有限公司,,020754.OF,020753,False
020759,建信红利精选股票-A,股票型,存续,2024-07-16,,2024-07-16,tushare_fund_basic,建信基金管理有限责任公司,,020759.OF,020759,True
020760,建信红利精选股票-C,股票型,存续,2024-07-16,,2024-07-16,tushare_fund_basic,建信基金管理有限责任公司,,020760.OF,020759,False
020766,嘉实中证A100ETF联接-A,指数型-股票,存续,2024-08-26,,2024-08-26,tushare_fund_basic,嘉实基金管理有限公司,,020766.OF,020766,True
020767,嘉实中证A100ETF联接-C,指数型-股票,存续,2024-08-26,,2024-08-26,tushare_fund_basic,嘉实基金管理有限公司,,020767.OF,020766,False
020768,中信保诚国企红利量化选股股票-A,股票型,存续,2024-03-22,,2024-03-22,tushare_fund_basic,中信保诚基金管理有限公司,,020768.OF,020768,True
020769,中信保诚国企红利量化选股股票-C,股票型,存续,2024-03-22,,2024-03-22,tushare_fund_basic,中信保诚基金管理有限公司,,020769.OF,020768,False
020772,中信建投量化选股股票-A,股票型,存续,2024-05-24,,2024-05-24,tushare_fund_basic,中信建投基金管理有限公司,,020772.OF,020772,True
020773,中信建投量化选股股票-C,股票型,存续,2024-05-24,,2024-05-24,tushare_fund_basic,中信建投基金管理有限公司,,020773.OF,020772,False
020774,国寿安保产业升级股票-C,股票型,存续,2024-04-17,,2024-04-17,tushare_fund_basic,国寿安保基金管理有限公司,,020774.OF,020774,True
020775,国寿安保产业升级股票-A,股票型,存续,2024-04-17,,2024-04-17,tushare_fund_basic,国寿安保基金管理有限公司,,020775.OF,020774,False
020781,平安富时中国国企开放共赢ETF联接-A,指数型-股票,清盘,2024-03-26,2026-08-25,2024-03-26,tushare_fund_basic,平安基金管理有限公司,2026-08-25,020781.OF,020781,True
020782,平安富时中国国企开放共赢ETF联接-C,指数型-股票,清盘,2024-03-26,2026-08-25,2024-03-26,tushare_fund_basic,平安基金管理有限公司,2026-08-25,020782.OF,020781,False
020828,东财北证50成份指数-A,指数型-股票,存续,2024-06-25,,2024-06-25,tushare_fund_basic,东财基金管理有限公司,,020828.OF,020828,True
020829,东财北证50成份指数-C,指数型-股票,存续,2024-06-25,,2024-06-25,tushare_fund_basic,东财基金管理有限公司,,020829.OF,020828,False
020837,华夏创业板200ETF联接-A,指数型-股票,存续,2024-03-05,,2024-03-05,tushare_fund_basic,华夏基金管理有限公司,,020837.OF,020837,True
020838,华夏创业板200ETF联接-C,指数型-股票,存续,2024-03-05,,2024-03-05,tushare_fund_basic,华夏基金管理有限公司,,020838.OF,020837,False
020839,南方中证半导体产业指数-A,指数型-股票,存续,2024-03-29,,2024-03-29,tushare_fund_basic,南方基金管理股份有限公司,,020839.OF,020839,True
020840,南方中证半导体产业指数-C,指数型-股票,存续,2024-03-29,,2024-03-29,tushare_fund_basic,南方基金管理股份有限公司,,020840.OF,020839,False
020853,大成中证芯片产业指数-A,指数型-股票,存续,2024-05-24,,2024-05-24,tushare_fund_basic,大成基金管理有限公司,,020853.OF,020853,True
020854,大成中证芯片产业指数-C,指数型-股票,存续,2024-05-24,,2024-05-24,tushare_fund_basic,大成基金管理有限公司,,020854.OF,020853,False
020866,华安恒生港股通中国央企红利ETF联接-A,指数型-海外股票,存续,2024-04-23,,2024-04-23,tushare_fund_basic,华安基金管理有限公司,,020866.OF,020866,True
020867,华安恒生港股通中国央企红利ETF联接-C,指数型-海外股票,存续,2024-04-23,,2024-04-23,tushare_fund_basic,华安基金管理有限公司,,020867.OF,020866,False
020868,华夏沪深300ESG基准ETF联接-A,指数型-股票,存续,2024-04-09,,2024-04-09,tushare_fund_basic,华夏基金管理有限公司,,020868.OF,020868,True
020869,华夏沪深300ESG基准ETF联接-C,指数型-股票,存续,2024-04-09,,2024-04-09,tushare_fund_basic,华夏基金管理有限公司,,020869.OF,020868,False
020870,华夏创业板指数-A,指数型-股票,存续,2024-03-26,,2024-03-26,tushare_fund_basic,华夏基金管理有限公司,,020870.OF,020870,True
020871,华夏创业板指数-C,指数型-股票,存续,2024-03-26,,2024-03-26,tushare_fund_basic,华夏基金管理有限公司,,020871.OF,020870,False
020872,华夏创业板指数-E,指数型-股票,存续,2024-03-26,,2024-03-26,tushare_fund_basic,华夏基金管理有限公司,,020872.OF,020870,False
020873,天弘上证科创板50成份指数-A,指数型-股票,存续,2024-02-28,,2024-02-28,tushare_fund_basic,天弘基金管理有限公司,,020873.OF,020873,True
020874,天弘上证科创板50成份指数-C,指数型-股票,存续,2024-02-28,,2024-02-28,tushare_fund_basic,天弘基金管理有限公司,,020874.OF,020873,False
020893,景顺长城国证机器人产业ETF联接-A,指数型-股票,存续,2024-03-22,,2024-03-22,tushare_fund_basic,景顺长城基金管理有限公司,,020893.OF,020893,True
020894,景顺长城国证机器人产业ETF联接-C,指数型-股票,存续,2024-03-22,,2024-03-22,tushare_fund_basic,景顺长城基金管理有限公司,,020894.OF,020893,False
020899,天弘中证全指通信设备指数-A,指数型-股票,存续,2024-04-15,,2024-04-15,tushare_fund_basic,天弘基金管理有限公司,,020899.OF,020899,True
020900,天弘中证全指通信设备指数-C,指数型-股票,存续,2024-04-15,,2024-04-15,tushare_fund_basic,天弘基金管理有限公司,,020900.OF,020899,False
020901,招商成长量化选股股票-A,股票型,存续,2024-05-31,,2024-05-31,tushare_fund_basic,招商基金管理有限公司,,020901.OF,020901,True
020902,招商成长量化选股股票-C,股票型,存续,2024-05-31,,2024-05-31,tushare_fund_basic,招商基金管理有限公司,,020902.OF,020901,False
020903,广发中证工程机械主题ETF联接-A,指数型-股票,存续,2024-03-25,,2024-03-25,tushare_fund_basic,广发基金管理有限公司,,020903.OF,020903,True
020904,广发中证工程机械主题ETF联接-C,指数型-股票,存续,2024-03-25,,2024-03-25,tushare_fund_basic,广发基金管理有限公司,,020904.OF,020903,False
020964,安信企业价值优选混合-C,混合型-灵活,存续,2024-03-07,,2024-03-07,tushare_fund_basic,安信基金管理有限责任公司,,020964.OF,020964,True
020970,益民品质升级灵活配置混合-C,混合型-灵活,存续,2024-03-11,,2024-03-11,tushare_fund_basic,益民基金管理有限公司,,020970.OF,020970,True
020972,易方达国证机器人产业ETF联接-A,指数型-股票,存续,2024-05-21,,2024-05-21,tushare_fund_basic,易方达基金管理有限公司,,020972.OF,020972,True
020973,易方达国证机器人产业ETF联接-C,指数型-股票,存续,2024-05-21,,2024-05-21,tushare_fund_basic,易方达基金管理有限公司,,020973.OF,020972,False
020981,华安国证机器人产业ETF联接-A,指数型-股票,存续,2024-03-26,,2024-03-26,tushare_fund_basic,华安基金管理有限公司,,020981.OF,020981,True
020982,华安国证机器人产业ETF联接-C,指数型-股票,存续,2024-03-26,,2024-03-26,tushare_fund_basic,华安基金管理有限公司,,020982.OF,020981,False
020983,博时国证消费电子主题指数-A,指数型-股票,存续,2024-04-23,,2024-04-23,tushare_fund_basic,博时基金管理有限公司,,020983.OF,020983,True
020984,博时国证消费电子主题指数-C,指数型-股票,存续,2024-04-23,,2024-04-23,tushare_fund_basic,博时基金管理有限公司,,020984.OF,020983,False
020987,东财中证高端装备制造指数增强-E,指数型-股票,存续,2024-03-12,,2024-03-12,tushare_fund_basic,东财基金管理有限公司,,020987.OF,011667,False
020988,南方恒生科技ETF联接(QDII)-A,指数型-海外股票,存续,2024-05-21,,2024-05-21,tushare_fund_basic,南方基金管理股份有限公司,,020988.OF,020988,True
020989,南方恒生科技ETF联接(QDII)-C,指数型-海外股票,存续,2024-05-21,,2024-05-21,tushare_fund_basic,南方基金管理股份有限公司,,020989.OF,020988,False
020999,南方中证机器人ETF联接-I,指数型-股票,存续,2024-04-22,,2024-04-22,tushare_fund_basic,南方基金管理股份有限公司,,020999.OF,020999,True
021000,南方纳斯达克100指数(QDII)-I,指数型-海外股票,存续,2024-03-19,,2024-03-19,tushare_fund_basic,南方基金管理股份有限公司,,021000.OF,021000,True
021002,南方中证全指房地产ETF联接-I,指数型-股票,存续,2024-04-22,,2024-04-22,tushare_fund_basic,南方基金管理股份有限公司,,021002.OF,021002,True
021005,南方富时中国国企开放共赢ETF联接-I,指数型-股票,存续,2024-03-19,,2024-03-19,tushare_fund_basic,南方基金管理股份有限公司,,021005.OF,021005,True
021006,南方中证全指医疗保健设备与服务ETF联接-I,指数型-股票,存续,2024-04-08,,2024-04-08,tushare_fund_basic,南方基金管理股份有限公司,,021006.OF,021006,True
021013,南方中证银行ETF联接-I,指数型-股票,存续,2024-03-19,,2024-03-19,tushare_fund_basic,南方基金管理股份有限公司,,021013.OF,021013,True
021021,南方中证申万有色金属ETF联接-I,指数型-股票,存续,2024-03-27,,2024-03-27,tushare_fund_basic,南方基金管理股份有限公司,,021021.OF,021021,True
021022,南方沪深300ETF联接-I,指数型-股票,存续,2024-03-19,,2024-03-19,tushare_fund_basic,南方基金管理股份有限公司,,021022.OF,021022,True
021023,南方恒生ETF联接(QDII-LOF)-I,指数型-海外股票,存续,2024-03-27,,2024-03-27,tushare_fund_basic,南方基金管理股份有限公司,,021023.OF,021023,True
021029,南方中证全指证券公司ETF联接-I,指数型-股票,存续,2024-03-27,,2024-03-27,tushare_fund_basic,南方基金管理股份有限公司,,021029.OF,021029,True
021030,汇添富国证港股通创新药ETF联接-A,指数型-海外股票,存续,2024-04-19,,2024-04-19,tushare_fund_basic,汇添富基金管理股份有限公司,,021030.OF,021030,True
021031,汇添富国证港股通创新药ETF联接-C,指数型-海外股票,存续,2024-04-19,,2024-04-19,tushare_fund_basic,汇添富基金管理股份有限公司,,021031.OF,021030,False
021032,南方创业板ETF联接-I,指数型-股票,存续,2024-03-27,,2024-03-27,tushare_fund_basic,南方基金管理股份有限公司,,021032.OF,021032,True
021033,易方达国证新能源电池ETF联接-A,指数型-股票,存续,2024-04-23,,2024-04-23,tushare_fund_basic,易方达基金管理有限公司,,021033.OF,021033,True
021034,易方达国证新能源电池ETF联接-C,指数型-股票,存续,2024-04-23,,2024-04-23,tushare_fund_basic,易方达基金管理有限公司,,021034.OF,021033,False
021035,博时中证汽车零部件主题指数-A,指数型-股票,存续,2024-05-21,,2024-05-21,tushare_fund_basic,博时基金管理有限公司,,021035.OF,021035,True
021036,博时中证汽车零部件主题指数-C,指数型-股票,存续,2024-05-21,,2024-05-21,tushare_fund_basic,博时基金管理有限公司,,021036.OF,021035,False
021038,银华沪深300价值ETF联接-A,指数型-股票,存续,2024-12-24,,2024-12-24,tushare_fund_basic,银华基金管理股份有限公司,,021038.OF,021038,True
021039,银华沪深300价值ETF联接-C,指数型-股票,存续,2024-12-24,,2024-12-24,tushare_fund_basic,银华基金管理股份有限公司,,021039.OF,021038,False
021044,国泰中证香港内地国有企业ETF联接(QDII)-A,指数型-海外股票,存续,2024-04-26,,2024-04-26,tushare_fund_basic,国泰基金管理有限公司,,021044.OF,021044,True
021045,国泰中证香港内地国有企业ETF联接(QDII)-C,指数型-海外股票,存续,2024-04-26,,2024-04-26,tushare_fund_basic,国泰基金管理有限公司,,021045.OF,021044,False
021049,易方达高股息量化选股股票-A,股票型,存续,2025-05-07,,2025-05-07,tushare_fund_basic,易方达基金管理有限公司,,021049.OF,021049,True
021050,易方达高股息量化选股股票-C,股票型,存续,2025-05-07,,2025-05-07,tushare_fund_basic,易方达基金管理有限公司,,021050.OF,021049,False
021051,国联中证500指数增强-A,指数型-股票,存续,2024-08-13,,2024-08-13,tushare_fund_basic,国联基金管理有限公司,,021051.OF,021051,True
021052,国联中证500指数增强-C,指数型-股票,存续,2024-08-13,,2024-08-13,tushare_fund_basic,国联基金管理有限公司,,021052.OF,021051,False
021053,南方恒生生物科技ETF联接(QDII)-I,指数型-海外股票,存续,2024-04-22,,2024-04-22,tushare_fund_basic,南方基金管理股份有限公司,,021053.OF,021053,True
021056,南方标普中国A股大盘红利低波50ETF联接-I,指数型-海外股票,存续,2024-04-08,,2024-04-08,tushare_fund_basic,南方基金管理股份有限公司,,021056.OF,021056,True
021057,南方中证新能源ETF联接-I,指数型-股票,存续,2024-04-08,,2024-04-08,tushare_fund_basic,南方基金管理股份有限公司,,021057.OF,021057,True
021059,南方中证500ETF联接(LOF)-I,指数型-股票,存续,2024-04-08,,2024-04-08,tushare_fund_basic,南方基金管理股份有限公司,,021059.OF,021059,True
021060,嘉实上证科创板生物医药ETF联接-A,指数型-股票,存续,2024-05-29,,2024-05-29,tushare_fund_basic,嘉实基金管理有限公司,,021060.OF,021060,True
021061,嘉实上证科创板生物医药ETF联接-C,指数型-股票,存续,2024-05-29,,2024-05-29,tushare_fund_basic,嘉实基金管理有限公司,,021061.OF,021060,False
021072,华夏中证智选500成长创新策略ETF联接-A,指数型-股票,存续,2024-04-09,,2024-04-09,tushare_fund_basic,华夏基金管理有限公司,,021072.OF,021072,True
021073,华夏中证智选500成长创新策略ETF联接-C,指数型-股票,存续,2024-04-09,,2024-04-09,tushare_fund_basic,华夏基金管理有限公司,,021073.OF,021072,False
021074,华夏中证沪深港黄金产业股票ETF联接-A,指数型-股票,存续,2024-05-08,,2024-05-08,tushare_fund_basic,华夏基金管理有限公司,,021074.OF,021074,True
021075,华夏中证沪深港黄金产业股票ETF联接-C,指数型-股票,存续,2024-05-08,,2024-05-08,tushare_fund_basic,华夏基金管理有限公司,,021075.OF,021074,False
021080,鹏华中证车联网主题ETF联接-A,指数型-股票,存续,2024-04-02,,2024-04-02,tushare_fund_basic,鹏华基金管理有限公司,,021080.OF,021080,True
021081,鹏华中证车联网主题ETF联接-C,指数型-股票,存续,2024-04-02,,2024-04-02,tushare_fund_basic,鹏华基金管理有限公司,,021081.OF,021080,False
021082,鹏华中证工业互联网主题ETF联接-A,指数型-股票,存续,2024-06-25,,2024-06-25,tushare_fund_basic,鹏华基金管理有限公司,,021082.OF,021082,True
021083,鹏华中证工业互联网主题ETF联接-C,指数型-股票,存续,2024-06-25,,2024-06-25,tushare_fund_basic,鹏华基金管理有限公司,,021083.OF,021082,False
021084,鹏华中证光伏产业ETF联接-A,指数型-股票,存续,2024-10-22,,2024-10-22,tushare_fund_basic,鹏华基金管理有限公司,,021084.OF,021084,True
021085,鹏华中证光伏产业ETF联接-C,指数型-股票,存续,2024-10-22,,2024-10-22,tushare_fund_basic,鹏华基金管理有限公司,,021085.OF,021084,False
021086,鹏华国证粮食产业ETF联接-A,指数型-股票,存续,2024-09-19,,2024-09-19,tushare_fund_basic,鹏华基金管理有限公司,,021086.OF,021086,True
021087,鹏华国证粮食产业ETF联接-C,指数型-股票,存续,2024-09-19,,2024-09-19,tushare_fund_basic,鹏华基金管理有限公司,,021087.OF,021086,False
021088,鹏华中证港股通医药卫生综合ETF联接-A,指数型-海外股票,存续,2024-07-30,,2024-07-30,tushare_fund_basic,鹏华基金管理有限公司,,021088.OF,021088,True
021089,鹏华中证港股通医药卫生综合ETF联接-C,指数型-海外股票,存续,2024-07-30,,2024-07-30,tushare_fund_basic,鹏华基金管理有限公司,,021089.OF,021088,False
021090,鹏华中证云计算与大数据主题ETF联接-A,指数型-股票,存续,2024-09-03,,2024-09-03,tushare_fund_basic,鹏华基金管理有限公司,,021090.OF,021090,True
021091,鹏华中证云计算与大数据主题ETF联接-C,指数型-股票,存续,2024-09-03,,2024-09-03,tushare_fund_basic,鹏华基金管理有限公司,,021091.OF,021090,False
021092,广发中证港股通互联网ETF联接-A,指数型-海外股票,存续,2024-05-16,,2024-05-16,tushare_fund_basic,广发基金管理有限公司,,021092.OF,021092,True
021093,广发中证港股通互联网ETF联接-C,指数型-海外股票,存续,2024-05-16,,2024-05-16,tushare_fund_basic,广发基金管理有限公司,,021093.OF,021092,False
021097,南方中证创新药产业ETF联接-A,指数型-股票,存续,2024-04-16,,2024-04-16,tushare_fund_basic,南方基金管理股份有限公司,,021097.OF,021097,True
021098,南方中证创新药产业ETF联接-C,指数型-股票,存续,2024-04-16,,2024-04-16,tushare_fund_basic,南方基金管理股份有限公司,,021098.OF,021097,False
021099,博时中证红利ETF联接-A,指数型-股票,存续,2024-04-26,,2024-04-26,tushare_fund_basic,博时基金管理有限公司,,021099.OF,021099,True
021100,博时中证红利ETF联接-C,指数型-股票,存续,2024-04-26,,2024-04-26,tushare_fund_basic,博时基金管理有限公司,,021100.OF,021099,False
021101,国泰北证50成份指数-A,指数型-股票,存续,2024-11-19,,2024-11-19,tushare_fund_basic,国泰基金管理有限公司,,021101.OF,021101,True
021102,国泰北证50成份指数-C,指数型-股票,存续,2024-11-19,,2024-11-19,tushare_fund_basic,国泰基金管理有限公司,,021102.OF,021101,False
021103,国寿安保沪深300ETF联接-C,指数型-股票,存续,2024-04-03,,2024-04-03,tushare_fund_basic,国寿安保基金管理有限公司,,021103.OF,021103,True
021115,南方北证50成份指数-I,指数型-股票,存续,2024-04-22,,2024-04-22,tushare_fund_basic,南方基金管理股份有限公司,,021115.OF,021115,True
021116,南方中证1000ETF联接-I,指数型-股票,存续,2024-04-22,,2024-04-22,tushare_fund_basic,南方基金管理股份有限公司,,021116.OF,021116,True
021117,南方中证科创创业50ETF联接-I,指数型-股票,存续,2024-04-08,,2024-04-08,tushare_fund_basic,南方基金管理股份有限公司,,021117.OF,021117,True
021125,博时上证超级大盘ETF联接-C,指数型-股票,存续,2024-04-01,,2024-04-01,tushare_fund_basic,博时基金管理有限公司,,021125.OF,021125,True
021129,东财中证银行指数-E,指数型-股票,存续,2024-04-10,,2024-04-10,tushare_fund_basic,东财基金管理有限公司,,021129.OF,011971,False
021140,易方达中证汽车零部件主题ETF联接-A,指数型-股票,存续,2024-05-07,,2024-05-07,tushare_fund_basic,易方达基金管理有限公司,,021140.OF,021140,True
021141,易方达中证汽车零部件主题ETF联接-C,指数型-股票,存续,2024-05-07,,2024-05-07,tushare_fund_basic,易方达基金管理有限公司,,021141.OF,021140,False
021142,华夏中证港股通央企红利ETF联接-A,指数型-海外股票,存续,2024-04-16,,2024-04-16,tushare_fund_basic,华夏基金管理有限公司,,021142.OF,021142,True
021143,华夏中证港股通央企红利ETF联接-C,指数型-海外股票,存续,2024-04-16,,2024-04-16,tushare_fund_basic,华夏基金管理有限公司,,021143.OF,021142,False
021159,天弘中证沪港深物联网主题ETF联接-A,指数型-股票,存续,2024-04-11,,2024-04-11,tushare_fund_basic,天弘基金管理有限公司,,021159.OF,021159,True
021160,天弘中证沪港深物联网主题ETF联接-C,指数型-股票,存续,2024-04-11,,2024-04-11,tushare_fund_basic,天弘基金管理有限公司,,021160.OF,021159,False
021161,天弘北证50成份指数-A,指数型-股票,存续,2024-10-11,,2024-10-11,tushare_fund_basic,天弘基金管理有限公司,,021161.OF,021161,True
021162,天弘北证50成份指数-C,指数型-股票,存续,2024-10-11,,2024-10-11,tushare_fund_basic,天弘基金管理有限公司,,021162.OF,021161,False
021167,中泰红利量化选股股票-A,股票型,存续,2024-06-04,,2024-06-04,tushare_fund_basic,中泰证券(上海)资产管理有限公司,,021167.OF,021167,True
021168,中泰红利量化选股股票-C,股票型,存续,2024-06-04,,2024-06-04,tushare_fund_basic,中泰证券(上海)资产管理有限公司,,021168.OF,021167,False
021170,大成中证500指数增强-A,指数型-股票,存续,2024-07-19,,2024-07-19,tushare_fund_basic,大成基金管理有限公司,,021170.OF,021170,True
021171,大成中证500指数增强-C,指数型-股票,存续,2024-07-19,,2024-07-19,tushare_fund_basic,大成基金管理有限公司,,021171.OF,021170,False
021172,华安北证50成份指数-A,指数型-股票,存续,2024-08-27,,2024-08-27,tushare_fund_basic,华安基金管理有限公司,,021172.OF,021172,True
021173,华安北证50成份指数-C,指数型-股票,存续,2024-08-27,,2024-08-27,tushare_fund_basic,华安基金管理有限公司,,021173.OF,021172,False
021175,东方红中证500指数增强-A,指数型-股票,存续,2024-07-09,,2024-07-09,tushare_fund_basic,上海东方证券资产管理有限公司,,021175.OF,021175,True
021176,东方红中证500指数增强-C,指数型-股票,存续,2024-07-09,,2024-07-09,tushare_fund_basic,上海东方证券资产管理有限公司,,021176.OF,021175,False
021177,摩根中证A50ETF联接-A,指数型-股票,存续,2024-04-03,,2024-04-03,tushare_fund_basic,摩根基金管理(中国)有限公司,,021177.OF,021177,True
021178,摩根中证A50ETF联接-C,指数型-股票,存续,2024-04-03,,2024-04-03,tushare_fund_basic,摩根基金管理(中国)有限公司,,021178.OF,021177,False
021183,平安中证A50ETF联接-A,指数型-股票,存续,2024-04-23,,2024-04-23,tushare_fund_basic,平安基金管理有限公司,,021183.OF,021183,True
021184,平安中证A50ETF联接-C,指数型-股票,存续,2024-04-23,,2024-04-23,tushare_fund_basic,平安基金管理有限公司,,021184.OF,021183,False
021185,中信保诚中证500指数增强-A,指数型-股票,存续,2024-06-21,,2024-06-21,tushare_fund_basic,中信保诚基金管理有限公司,,021185.OF,021185,True
021186,中信保诚中证500指数增强-C,指数型-股票,存续,2024-06-21,,2024-06-21,tushare_fund_basic,中信保诚基金管理有限公司,,021186.OF,021185,False
021187,摩根红利优选股票-A,股票型,存续,2024-07-30,,2024-07-30,tushare_fund_basic,摩根基金管理(中国)有限公司,,021187.OF,021187,True
021188,摩根红利优选股票-C,股票型,存续,2024-07-30,,2024-07-30,tushare_fund_basic,摩根基金管理(中国)有限公司,,021188.OF,021187,False
021189,南方基金南方东英富时亚太精选ETF联接(QDII)-A,指数型-股票,存续,2024-05-21,,2024-05-21,tushare_fund_basic,南方基金管理股份有限公司,,021189.OF,021189,True
021190,南方基金南方东英富时亚太精选ETF联接(QDII)-C,指数型-股票,存续,2024-05-21,,2024-05-21,tushare_fund_basic,南方基金管理股份有限公司,,021190.OF,021189,False
021200,华夏中证装备产业ETF联接-A,指数型-股票,存续,2024-05-28,,2024-05-28,tushare_fund_basic,华夏基金管理有限公司,,021200.OF,021200,True
021201,华夏中证装备产业ETF联接-C,指数型-股票,存续,2024-05-28,,2024-05-28,tushare_fund_basic,华夏基金管理有限公司,,021201.OF,021200,False
021206,易方达中证A50ETF联接-A,指数型-股票,存续,2024-04-23,,2024-04-23,tushare_fund_basic,易方达基金管理有限公司,,021206.OF,021206,True
021207,易方达中证A50ETF联接-C,指数型-股票,存续,2024-04-23,,2024-04-23,tushare_fund_basic,易方达基金管理有限公司,,021207.OF,021206,False
021208,银华中证A50ETF联接-A,指数型-股票,存续,2024-05-22,,2024-05-22,tushare_fund_basic,银华基金管理股份有限公司,,021208.OF,021208,True
021209,银华中证A50ETF联接-C,指数型-股票,存续,2024-05-22,,2024-05-22,tushare_fund_basic,银华基金管理股份有限公司,,021209.OF,021208,False
021210,富国中证A50ETF联接-A,指数型-股票,存续,2024-04-23,,2024-04-23,tushare_fund_basic,富国基金管理有限公司,,021210.OF,021210,True
021211,富国中证A50ETF联接-C,指数型-股票,存续,2024-04-23,,2024-04-23,tushare_fund_basic,富国基金管理有限公司,,021211.OF,021210,False
021212,大成中证A50ETF联接-A,指数型-股票,存续,2024-04-23,,2024-04-23,tushare_fund_basic,大成基金管理有限公司,,021212.OF,021212,True
021213,大成中证A50ETF联接-C,指数型-股票,存续,2024-04-23,,2024-04-23,tushare_fund_basic,大成基金管理有限公司,,021213.OF,021212,False
021214,嘉实中证A50ETF联接-A,指数型-股票,存续,2024-04-29,,2024-04-29,tushare_fund_basic,嘉实基金管理有限公司,,021214.OF,021214,True
021215,嘉实中证A50ETF联接-C,指数型-股票,存续,2024-04-29,,2024-04-29,tushare_fund_basic,嘉实基金管理有限公司,,021215.OF,021214,False
021216,华宝中证A50ETF联接-A,指数型-股票,存续,2024-04-17,,2024-04-17,tushare_fund_basic,华宝基金管理有限公司,,021216.OF,021216,True
021217,华宝中证A50ETF联接-C,指数型-股票,存续,2024-04-17,,2024-04-17,tushare_fund_basic,华宝基金管理有限公司,,021217.OF,021216,False
021218,中邮核心优势灵活配置混合-C,混合型-灵活,存续,2024-04-11,,2024-04-11,tushare_fund_basic,中邮创业基金管理股份有限公司,,021218.OF,021218,True
021222,华泰柏瑞中证A50ETF联接-A,指数型-股票,存续,2024-04-23,,2024-04-23,tushare_fund_basic,华泰柏瑞基金管理有限公司,,021222.OF,021222,True
021223,华泰柏瑞中证A50ETF联接-C,指数型-股票,存续,2024-04-23,,2024-04-23,tushare_fund_basic,华泰柏瑞基金管理有限公司,,021223.OF,021222,False
021224,华宝上证科创板芯片ETF联接-A,指数型-股票,存续,2024-08-27,,2024-08-27,tushare_fund_basic,华宝基金管理有限公司,,021224.OF,021224,True
021225,华宝上证科创板芯片ETF联接-C,指数型-股票,存续,2024-08-27,,2024-08-27,tushare_fund_basic,华宝基金管理有限公司,,021225.OF,021224,False
021231,工银瑞信中证A50ETF联接-A,指数型-股票,存续,2024-06-04,,2024-06-04,tushare_fund_basic,工银瑞信基金管理有限公司,,021231.OF,021231,True
021232,工银瑞信中证A50ETF联接-C,指数型-股票,存续,2024-06-04,,2024-06-04,tushare_fund_basic,工银瑞信基金管理有限公司,,021232.OF,021231,False
021233,博时中证A50ETF联接-A,指数型-股票,存续,2024-08-27,,2024-08-27,tushare_fund_basic,博时基金管理有限公司,,021233.OF,021233,True
021234,博时中证A50ETF联接-C,指数型-股票,存续,2024-08-27,,2024-08-27,tushare_fund_basic,博时基金管理有限公司,,021234.OF,021233,False
021243,富国中证中央企业红利ETF联接-A,指数型-股票,存续,2024-10-10,,2024-10-10,tushare_fund_basic,富国基金管理有限公司,,021243.OF,021243,True
021244,富国中证中央企业红利ETF联接-C,指数型-股票,存续,2024-10-10,,2024-10-10,tushare_fund_basic,富国基金管理有限公司,,021244.OF,021243,False
021245,富国中证A100ETF联接-A,指数型-股票,存续,2024-06-25,,2024-06-25,tushare_fund_basic,富国基金管理有限公司,,021245.OF,021245,True
021246,富国中证A100ETF联接-C,指数型-股票,存续,2024-06-25,,2024-06-25,tushare_fund_basic,富国基金管理有限公司,,021246.OF,021245,False
021250,华夏中证全指医疗器械ETF联接-A,指数型-股票,存续,2024-04-30,,2024-04-30,tushare_fund_basic,华夏基金管理有限公司,,021250.OF,021250,True
021251,华夏中证全指医疗器械ETF联接-C,指数型-股票,存续,2024-04-30,,2024-04-30,tushare_fund_basic,华夏基金管理有限公司,,021251.OF,021250,False
021252,华安中证信息技术应用创新产业指数-A,指数型-股票,存续,2024-10-10,,2024-10-10,tushare_fund_basic,华安基金管理有限公司,,021252.OF,021252,True
021253,华安中证信息技术应用创新产业指数-C,指数型-股票,存续,2024-10-10,,2024-10-10,tushare_fund_basic,华安基金管理有限公司,,021253.OF,021252,False
021254,富国沪深300ESG基准ETF联接-A,指数型-股票,存续,2024-04-25,,2024-04-25,tushare_fund_basic,富国基金管理有限公司,,021254.OF,021254,True
021255,富国沪深300ESG基准ETF联接-C,指数型-股票,存续,2024-04-25,,2024-04-25,tushare_fund_basic,富国基金管理有限公司,,021255.OF,021254,False
021256,浦银中证A50指数增强-A,指数型-股票,存续,2024-05-31,,2024-05-31,tushare_fund_basic,浦银基金管理有限公司,,021256.OF,021256,True
021257,浦银中证A50指数增强-C,指数型-股票,存续,2024-05-31,,2024-05-31,tushare_fund_basic,浦银基金管理有限公司,,021257.OF,021256,False
021265,兴业聚利灵活配置混合-C,混合型-灵活,存续,2024-04-15,,2024-04-15,tushare_fund_basic,兴业基金管理有限公司,,021265.OF,021265,True
021275,万家上证科创板100指数增强-A,指数型-股票,存续,2024-09-27,,2024-09-27,tushare_fund_basic,万家基金管理有限公司,,021275.OF,021275,True
021276,万家上证科创板100指数增强-C,指数型-股票,存续,2024-09-27,,2024-09-27,tushare_fund_basic,万家基金管理有限公司,,021276.OF,021275,False
021277,广发全球精选股票(QDII)-C-CNY,股票型,存续,2024-04-18,,2024-04-18,tushare_fund_basic,广发基金管理有限公司,,021277.OF,021277,True
021278,永赢上证科创板100指数增强-A,指数型-股票,存续,2024-05-28,,2024-05-28,tushare_fund_basic,永赢基金管理有限公司,,021278.OF,021278,True
021279,永赢上证科创板100指数增强-C,指数型-股票,存续,2024-05-28,,2024-05-28,tushare_fund_basic,永赢基金管理有限公司,,021279.OF,021278,False
021280,富国国证疫苗与生物科技ETF联接-A,指数型-股票,存续,2024-04-25,,2024-04-25,tushare_fund_basic,富国基金管理有限公司,,021280.OF,021280,True
021281,富国国证疫苗与生物科技ETF联接-C,指数型-股票,存续,2024-04-25,,2024-04-25,tushare_fund_basic,富国基金管理有限公司,,021281.OF,021280,False
021284,浦银上证科创板100指数增强-A,指数型-股票,存续,2024-09-26,,2024-09-26,tushare_fund_basic,浦银基金管理有限公司,,021284.OF,021284,True
021285,浦银上证科创板100指数增强-C,指数型-股票,存续,2024-09-26,,2024-09-26,tushare_fund_basic,浦银基金管理有限公司,,021285.OF,021284,False
021286,广发安盈灵活配置混合-E,混合型-灵活,存续,2024-04-18,,2024-04-18,tushare_fund_basic,广发基金管理有限公司,,021286.OF,021286,True
021287,中信保诚上证科创板100指数增强A,指数型-股票,发行,2024-09-30,,2024-09-30,tushare_fund_basic,中信保诚基金,,021287.OF,021287,True
021288,中信保诚上证科创板100指数增强C,指数型-股票,发行,2024-09-30,,2024-09-30,tushare_fund_basic,中信保诚基金,,021288.OF,021287,False
021292,鹏华国证疫苗与生物科技ETF联接-A,指数型-股票,存续,2024-10-22,,2024-10-22,tushare_fund_basic,鹏华基金管理有限公司,,021292.OF,021292,True
021293,鹏华国证疫苗与生物科技ETF联接-C,指数型-股票,存续,2024-10-22,,2024-10-22,tushare_fund_basic,鹏华基金管理有限公司,,021293.OF,021292,False
021294,鹏华中证港股通科技ETF联接-A,指数型-海外股票,存续,2024-07-16,,2024-07-16,tushare_fund_basic,鹏华基金管理有限公司,,021294.OF,021294,True
021295,鹏华中证港股通科技ETF联接-C,指数型-海外股票,存续,2024-07-16,,2024-07-16,tushare_fund_basic,鹏华基金管理有限公司,,021295.OF,021294,False
021296,鹏华国证有色金属行业ETF联接-A,指数型-股票,存续,2024-09-26,,2024-09-26,tushare_fund_basic,鹏华基金管理有限公司,,021296.OF,021296,True
021297,鹏华国证有色金属行业ETF联接-C,指数型-股票,存续,2024-09-26,,2024-09-26,tushare_fund_basic,鹏华基金管理有限公司,,021297.OF,021296,False
021298,中欧北证50成份指数-A,指数型-股票,存续,2024-05-10,,2024-05-10,tushare_fund_basic,中欧基金管理有限公司,,021298.OF,021298,True
021299,中欧北证50成份指数-C,指数型-股票,存续,2024-05-10,,2024-05-10,tushare_fund_basic,中欧基金管理有限公司,,021299.OF,021298,False
021301,银河中证机器人指数-A,指数型-股票,存续,2024-05-16,,2024-05-16,tushare_fund_basic,银河基金管理有限公司,,021301.OF,021301,True
021302,银河中证机器人指数-C,指数型-股票,存续,2024-05-16,,2024-05-16,tushare_fund_basic,银河基金管理有限公司,,021302.OF,021301,False
021313,景顺长城沪港深精选股票-C,股票型,存续,2024-04-19,,2024-04-19,tushare_fund_basic,景顺长城基金管理有限公司,,021313.OF,021313,True
021314,博时中证信息技术应用创新产业指数-A,指数型-股票,存续,2024-06-04,,2024-06-04,tushare_fund_basic,博时基金管理有限公司,,021314.OF,021314,True
021315,博时中证信息技术应用创新产业指数-C,指数型-股票,存续,2024-06-04,,2024-06-04,tushare_fund_basic,博时基金管理有限公司,,021315.OF,021314,False
021316,民生加银智选成长股票-A,股票型,存续,2024-06-28,,2024-06-28,tushare_fund_basic,民生加银基金管理有限公司,,021316.OF,021316,True
021317,民生加银智选成长股票-C,股票型,存续,2024-06-28,,2024-06-28,tushare_fund_basic,民生加银基金管理有限公司,,021317.OF,021316,False
021327,富国中证细分机械设备产业主题ETF联接-A,指数型-股票,存续,2024-04-26,,2024-04-26,tushare_fund_basic,富国基金管理有限公司,,021327.OF,021327,True
021328,富国中证细分机械设备产业主题ETF联接-C,指数型-股票,存续,2024-04-26,,2024-04-26,tushare_fund_basic,富国基金管理有限公司,,021328.OF,021327,False
021329,富国上证科创板100ETF联接-A,指数型-股票,存续,2024-12-10,,2024-12-10,tushare_fund_basic,富国基金管理有限公司,,021329.OF,021329,True
021330,富国上证科创板100ETF联接-C,指数型-股票,存续,2024-12-10,,2024-12-10,tushare_fund_basic,富国基金管理有限公司,,021330.OF,021329,False
021344,东财中证芯片产业ETF联接-E,指数型-股票,存续,2024-04-22,,2024-04-22,tushare_fund_basic,东财基金管理有限公司,,021344.OF,013445,False
021356,信澳新目标灵活配置混合-C,混合型-灵活,存续,2024-04-22,,2024-04-22,tushare_fund_basic,信达澳亚基金管理有限公司,,021356.OF,021356,True
021358,东财中证沪港深互联网ETF联接-E,指数型-股票,存续,2024-05-17,,2024-05-17,tushare_fund_basic,东财基金管理有限公司,,021358.OF,012371,False
021359,大成中证A50ETF联接-E,指数型-股票,存续,2024-04-26,,2024-04-26,tushare_fund_basic,大成基金管理有限公司,,021359.OF,021212,False
021362,易方达中证沪深港黄金产业股票指数-A,指数型-股票,存续,2024-10-29,,2024-10-29,tushare_fund_basic,易方达基金管理有限公司,,021362.OF,021362,True
021363,易方达中证沪深港黄金产业股票指数-C,指数型-股票,存续,2024-10-29,,2024-10-29,tushare_fund_basic,易方达基金管理有限公司,,021363.OF,021362,False
021365,华夏中证全指可选消费ETF联接-A,指数型-股票,存续,2024-06-06,,2024-06-06,tushare_fund_basic,华夏基金管理有限公司,,021365.OF,021365,True
021366,华夏中证全指可选消费ETF联接-C,指数型-股票,存续,2024-06-06,,2024-06-06,tushare_fund_basic,华夏基金管理有限公司,,021366.OF,021365,False
021367,华夏创业板综合ETF联接-A,指数型-股票,存续,2024-05-14,,2024-05-14,tushare_fund_basic,华夏基金管理有限公司,,021367.OF,021367,True
021368,华夏创业板综合ETF联接-C,指数型-股票,存续,2024-05-14,,2024-05-14,tushare_fund_basic,华夏基金管理有限公司,,021368.OF,021367,False
021375,中欧中证红利低波动100指数-A,指数型-股票,存续,2024-08-16,,2024-08-16,tushare_fund_basic,中欧基金管理有限公司,,021375.OF,021375,True
021376,中欧中证红利低波动100指数-C,指数型-股票,存续,2024-08-16,,2024-08-16,tushare_fund_basic,中欧基金管理有限公司,,021376.OF,021375,False
021377,兴业中证港股通互联网ETF联接-A,指数型-海外股票,存续,2024-05-28,,2024-05-28,tushare_fund_basic,兴业基金管理有限公司,,021377.OF,021377,True
021378,兴业中证港股通互联网ETF联接-C,指数型-海外股票,存续,2024-05-28,,2024-05-28,tushare_fund_basic,兴业基金管理有限公司,,021378.OF,021377,False
021385,天弘上证科创板100指数增强-A,指数型-股票,存续,2024-05-14,,2024-05-14,tushare_fund_basic,天弘基金管理有限公司,,021385.OF,021385,True
021386,天弘上证科创板100指数增强-C,指数型-股票,存续,2024-05-14,,2024-05-14,tushare_fund_basic,天弘基金管理有限公司,,021386.OF,021385,False
021388,银河中证红利低波动100指数-A,指数型-股票,存续,2024-07-24,,2024-07-24,tushare_fund_basic,银河基金管理有限公司,,021388.OF,021388,True
021389,银河中证红利低波动100指数-C,指数型-股票,存续,2024-07-24,,2024-07-24,tushare_fund_basic,银河基金管理有限公司,,021389.OF,021388,False
021397,广发中证云计算与大数据主题ETF联接-A,指数型-股票,存续,2024-06-12,,2024-06-12,tushare_fund_basic,广发基金管理有限公司,,021397.OF,021397,True
021398,广发中证云计算与大数据主题ETF联接-C,指数型-股票,存续,2024-06-12,,2024-06-12,tushare_fund_basic,广发基金管理有限公司,,021398.OF,021397,False
021399,广发中证红利ETF联接-A,指数型-股票,存续,2024-09-03,,2024-09-03,tushare_fund_basic,广发基金管理有限公司,,021399.OF,021399,True
021400,广发中证红利ETF联接-C,指数型-股票,存续,2024-09-03,,2024-09-03,tushare_fund_basic,广发基金管理有限公司,,021400.OF,021399,False
021415,泰康中证红利低波动ETF联接-A,指数型-股票,存续,2025-01-17,,2025-01-17,tushare_fund_basic,泰康基金管理有限公司,,021415.OF,021415,True
021418,泰康中证红利低波动ETF联接-C,指数型-股票,存续,2025-01-17,,2025-01-17,tushare_fund_basic,泰康基金管理有限公司,,021418.OF,021415,False
021420,广发国证信息技术创新主题ETF联接-A,指数型-股票,存续,2024-06-21,,2024-06-21,tushare_fund_basic,广发基金管理有限公司,,021420.OF,021420,True
021421,广发国证信息技术创新主题ETF联接-C,指数型-股票,存续,2024-06-21,,2024-06-21,tushare_fund_basic,广发基金管理有限公司,,021421.OF,021420,False
021457,易方达恒生港股通高股息低波动ETF联接-A,指数型-海外股票,存续,2024-07-02,,2024-07-02,tushare_fund_basic,易方达基金管理有限公司,,021457.OF,021457,True
021458,易方达恒生港股通高股息低波动ETF联接-C,指数型-海外股票,存续,2024-07-02,,2024-07-02,tushare_fund_basic,易方达基金管理有限公司,,021458.OF,021457,False
021461,国投瑞银中证上游资源产业指数(LOF)-C,指数型-股票,存续,2024-05-10,,2024-05-10,tushare_fund_basic,国投瑞银基金管理有限公司,,021461.OF,161217,False
021464,海富通中证港股通科技ETF联接-A,指数型-海外股票,存续,2024-06-12,,2024-06-12,tushare_fund_basic,海富通基金管理有限公司,,021464.OF,021464,True
021465,海富通中证港股通科技ETF联接-C,指数型-海外股票,存续,2024-06-12,,2024-06-12,tushare_fund_basic,海富通基金管理有限公司,,021465.OF,021464,False
021469,华安中证全指医疗器械指数-A,指数型-股票,存续,2024-11-05,,2024-11-05,tushare_fund_basic,华安基金管理有限公司,,021469.OF,021469,True
021470,华安中证全指医疗器械指数-C,指数型-股票,存续,2024-11-05,,2024-11-05,tushare_fund_basic,华安基金管理有限公司,,021470.OF,021469,False
021471,华夏中证全指信息技术ETF联接-A,指数型-股票,存续,2024-10-15,,2024-10-15,tushare_fund_basic,华夏基金管理有限公司,,021471.OF,021471,True
021472,华夏中证全指信息技术ETF联接-C,指数型-股票,存续,2024-10-15,,2024-10-15,tushare_fund_basic,华夏基金管理有限公司,,021472.OF,021471,False
021474,华安上证科创板新一代信息技术ETF联接-A,指数型-股票,存续,2024-06-07,,2024-06-07,tushare_fund_basic,华安基金管理有限公司,,021474.OF,021474,True
021475,华安上证科创板新一代信息技术ETF联接-C,指数型-股票,存续,2024-06-07,,2024-06-07,tushare_fund_basic,华安基金管理有限公司,,021475.OF,021474,False
021478,东方周期优选灵活配置混合-C,混合型-灵活,存续,2024-05-30,,2024-05-30,tushare_fund_basic,东方基金管理股份有限公司,,021478.OF,021478,True
021480,博时国证龙头家电ETF联接-A,指数型-股票,存续,2024-05-28,,2024-05-28,tushare_fund_basic,博时基金管理有限公司,,021480.OF,021480,True
021481,博时国证龙头家电ETF联接-C,指数型-股票,存续,2024-05-28,,2024-05-28,tushare_fund_basic,博时基金管理有限公司,,021481.OF,021480,False
021482,华夏中证红利低波动ETF联接-A,指数型-股票,存续,2024-07-02,,2024-07-02,tushare_fund_basic,华夏基金管理有限公司,,021482.OF,021482,True
021483,华夏中证红利低波动ETF联接-C,指数型-股票,存续,2024-07-02,,2024-07-02,tushare_fund_basic,华夏基金管理有限公司,,021483.OF,021482,False
021484,景顺长城上证科创板50成份ETF联接-A,指数型-股票,存续,2024-06-06,,2024-06-06,tushare_fund_basic,景顺长城基金管理有限公司,,021484.OF,021484,True
021485,景顺长城上证科创板50成份ETF联接-C,指数型-股票,存续,2024-06-06,,2024-06-06,tushare_fund_basic,景顺长城基金管理有限公司,,021485.OF,021484,False
021488,长盛养老健康产业灵活配置混合-C,混合型-灵活,存续,2024-05-30,,2024-05-30,tushare_fund_basic,长盛基金管理有限公司,,021488.OF,021488,True
021494,长盛沪深300指数(LOF)-C,指数型-股票,存续,2024-06-18,,2024-06-18,tushare_fund_basic,长盛基金管理有限公司,,021494.OF,160807,False
021500,景顺长城优质成长股票-C,股票型,存续,2024-05-16,,2024-05-16,tushare_fund_basic,景顺长城基金管理有限公司,,021500.OF,021500,True
021503,景顺长城成长之星股票-C,股票型,存续,2024-05-17,,2024-05-17,tushare_fund_basic,景顺长城基金管理有限公司,,021503.OF,021503,True
021523,财通价值动量混合-C,混合型-灵活,存续,2024-05-28,,2024-05-28,tushare_fund_basic,财通基金管理有限公司,,021523.OF,021523,True
021528,财通成长优选混合-C,混合型-灵活,存续,2024-05-28,,2024-05-28,tushare_fund_basic,财通基金管理有限公司,,021528.OF,021528,True
021532,天弘中证半导体材料设备主题指数-A,指数型-股票,存续,2024-06-04,,2024-06-04,tushare_fund_basic,天弘基金管理有限公司,,021532.OF,021532,True
021533,天弘中证半导体材料设备主题指数-C,指数型-股票,存续,2024-06-04,,2024-06-04,tushare_fund_basic,天弘基金管理有限公司,,021533.OF,021532,False
021534,华夏中证细分有色金属产业主题ETF联接-D,指数型-股票,存续,2024-05-31,,2024-05-31,tushare_fund_basic,华夏基金管理有限公司,,021534.OF,021534,True
021535,天弘中证软件服务ETF联接-A,指数型-股票,存续,2024-07-02,,2024-07-02,tushare_fund_basic,天弘基金管理有限公司,,021535.OF,021535,True
021536,天弘中证软件服务ETF联接-C,指数型-股票,存续,2024-07-02,,2024-07-02,tushare_fund_basic,天弘基金管理有限公司,,021536.OF,021535,False
021539,华安法国CAC40ETF联接(QDII)-A,指数型-海外股票,存续,2024-06-25,,2024-06-25,tushare_fund_basic,华安基金管理有限公司,,021539.OF,021539,True
021540,华安法国CAC40ETF联接(QDII)-C,指数型-海外股票,存续,2024-06-25,,2024-06-25,tushare_fund_basic,华安基金管理有限公司,,021540.OF,021539,False
021542,国投瑞银信息消费灵活配置混合-C,混合型-灵活,存续,2024-05-30,,2024-05-30,tushare_fund_basic,国投瑞银基金管理有限公司,,021542.OF,021542,True
021543,国投瑞银招财灵活配置混合-C,混合型-灵活,存续,2024-05-27,,2024-05-27,tushare_fund_basic,国投瑞银基金管理有限公司,,021543.OF,021543,True
021546,国投瑞银创新医疗灵活配置混合-C,混合型-灵活,存续,2024-05-27,,2024-05-27,tushare_fund_basic,国投瑞银基金管理有限公司,,021546.OF,021546,True
021550,博时中证红利低波动100ETF联接-A,指数型-股票,存续,2024-07-19,,2024-07-19,tushare_fund_basic,博时基金管理有限公司,,021550.OF,021550,True
021551,博时中证红利低波动100ETF联接-C,指数型-股票,存续,2024-07-19,,2024-07-19,tushare_fund_basic,博时基金管理有限公司,,021551.OF,021550,False
021556,长盛中证全指证券公司指数(LOF)-C,指数型-股票,存续,2024-06-18,,2024-06-18,tushare_fund_basic,长盛基金管理有限公司,,021556.OF,502053,False
021558,工银瑞信现代服务业灵活配置混合-C,混合型-灵活,存续,2024-05-31,,2024-05-31,tushare_fund_basic,工银瑞信基金管理有限公司,,021558.OF,021558,True
021561,天弘中证央企红利50指数-A,指数型-股票,存续,2024-07-02,,2024-07-02,tushare_fund_basic,天弘基金管理有限公司,,021561.OF,021561,True
021562,天弘中证央企红利50指数-C,指数型-股票,存续,2024-07-02,,2024-07-02,tushare_fund_basic,天弘基金管理有限公司,,021562.OF,021561,False
021570,华夏红利量化选股股票-A,股票型,存续,2024-07-02,,2024-07-02,tushare_fund_basic,华夏基金管理有限公司,,021570.OF,021570,True
021571,华夏红利量化选股股票-C,股票型,存续,2024-07-02,,2024-07-02,tushare_fund_basic,华夏基金管理有限公司,,021571.OF,021570,False
021572,创金合信红利量化选股A,股票型,发行,2024-07-15,,2024-07-15,tushare_fund_basic,创金合信基金,,021572.OF,021572,True
021573,创金合信红利量化选股C,股票型,发行,2024-07-15,,2024-07-15,tushare_fund_basic,创金合信基金,,021573.OF,021572,False
021580,华夏中证人工智能主题ETF联接-D,指数型-股票,存续,2024-05-31,,2024-05-31,tushare_fund_basic,华夏基金管理有限公司,,021580.OF,021580,True
021583,中欧中证港股通央企红利指数(QDII)-A,指数型-海外股票,存续,2024-07-01,,2024-07-01,tushare_fund_basic,中欧基金管理有限公司,,021583.OF,021583,True
021584,中欧中证港股通央企红利指数(QDII)-C,指数型-海外股票,存续,2024-07-01,,2024-07-01,tushare_fund_basic,中欧基金管理有限公司,,021584.OF,021583,False
021595,国联安新精选灵活配置混合-C,混合型-灵活,清盘,2024-05-30,2026-08-10,2024-05-30,tushare_fund_basic,国联安基金管理有限公司,2026-08-10,021595.OF,000417,False
021602,汇添富中证信息技术应用创新产业ETF联接-A,指数型-股票,存续,2024-06-20,,2024-06-20,tushare_fund_basic,汇添富基金管理股份有限公司,,021602.OF,021602,True
021603,汇添富中证信息技术应用创新产业ETF联接-C,指数型-股票,存续,2024-06-20,,2024-06-20,tushare_fund_basic,汇添富基金管理股份有限公司,,021603.OF,021602,False
021604,新华积极价值灵活配置混合-C,混合型-灵活,存续,2024-06-12,,2024-06-12,tushare_fund_basic,新华基金管理股份有限公司,,021604.OF,021604,True
021605,富国消费精选30股票-C,股票型,存续,2024-06-06,,2024-06-06,tushare_fund_basic,富国基金管理有限公司,,021605.OF,021605,True
021607,南方上证科创板芯片ETF联接-A,指数型-股票,存续,2024-07-08,,2024-07-08,tushare_fund_basic,南方基金管理股份有限公司,,021607.OF,021607,True
021608,南方上证科创板芯片ETF联接-C,指数型-股票,存续,2024-07-08,,2024-07-08,tushare_fund_basic,南方基金管理股份有限公司,,021608.OF,021607,False
021610,国泰中证环保产业50ETF联接-E,指数型-股票,存续,2024-05-31,,2024-05-31,tushare_fund_basic,国泰基金管理有限公司,,021610.OF,012503,False
021614,华泰紫金中证全指软件指数-A,指数型-股票,存续,2024-06-27,,2024-06-27,tushare_fund_basic,华泰证券(上海)资产管理有限公司,,021614.OF,021614,True
021615,华泰紫金中证全指软件指数-C,指数型-股票,存续,2024-06-27,,2024-06-27,tushare_fund_basic,华泰证券(上海)资产管理有限公司,,021615.OF,021614,False
021619,天弘中证油气产业指数-A,指数型-股票,存续,2024-07-05,,2024-07-05,tushare_fund_basic,天弘基金管理有限公司,,021619.OF,021619,True
021620,天弘中证油气产业指数-C,指数型-股票,存续,2024-07-05,,2024-07-05,tushare_fund_basic,天弘基金管理有限公司,,021620.OF,021619,False
021621,天弘中证汽车零部件主题指数-A,指数型-股票,存续,2024-06-21,,2024-06-21,tushare_fund_basic,天弘基金管理有限公司,,021621.OF,021621,True
021622,天弘中证汽车零部件主题指数-C,指数型-股票,存续,2024-06-21,,2024-06-21,tushare_fund_basic,天弘基金管理有限公司,,021622.OF,021621,False
021625,博时外延增长主题灵活配置混合-C,混合型-灵活,存续,2024-06-26,,2024-06-26,tushare_fund_basic,博时基金管理有限公司,,021625.OF,021625,True
021629,华安红利机遇股票-A,股票型,存续,2024-08-27,,2024-08-27,tushare_fund_basic,华安基金管理有限公司,,021629.OF,021629,True
021630,华安红利机遇股票-C,股票型,存续,2024-08-27,,2024-08-27,tushare_fund_basic,华安基金管理有限公司,,021630.OF,021629,False
021633,招商中证香港科技ETF联接(QDII)-A,指数型-海外股票,存续,2024-07-30,,2024-07-30,tushare_fund_basic,招商基金管理有限公司,,021633.OF,021633,True
021634,招商中证香港科技ETF联接(QDII)-C,指数型-海外股票,存续,2024-07-30,,2024-07-30,tushare_fund_basic,招商基金管理有限公司,,021634.OF,021633,False
021635,人保沪深300指数-C,指数型-股票,存续,2024-06-18,,2024-06-18,tushare_fund_basic,中国人保资产管理有限公司,,021635.OF,021635,True
021649,富国臻选成长灵活配置混合-C,混合型-灵活,存续,2024-06-14,,2024-06-14,tushare_fund_basic,富国基金管理有限公司,,021649.OF,021649,True
021652,东财国证龙头家电指数-E,指数型-股票,存续,2024-06-19,,2024-06-19,tushare_fund_basic,东财基金管理有限公司,,021652.OF,012461,False
021653,南方中证全指计算机ETF联接-A,指数型-股票,存续,2024-07-23,,2024-07-23,tushare_fund_basic,南方基金管理股份有限公司,,021653.OF,021653,True
021654,南方中证全指计算机ETF联接-C,指数型-股票,存续,2024-07-23,,2024-07-23,tushare_fund_basic,南方基金管理股份有限公司,,021654.OF,021653,False
021658,华安恒生生物科技指数(QDII)-A,指数型-海外股票,存续,2024-11-20,,2024-11-20,tushare_fund_basic,华安基金管理有限公司,,021658.OF,021658,True
021659,华安恒生生物科技指数(QDII)-C,指数型-海外股票,存续,2024-11-20,,2024-11-20,tushare_fund_basic,华安基金管理有限公司,,021659.OF,021658,False
021660,中欧上证科创板100指数-A,指数型-股票,存续,2024-07-31,,2024-07-31,tushare_fund_basic,中欧基金管理有限公司,,021660.OF,021660,True
021661,中欧上证科创板100指数-C,指数型-股票,存续,2024-07-31,,2024-07-31,tushare_fund_basic,中欧基金管理有限公司,,021661.OF,021660,False
021662,国富亚洲(除日本)机会股票(QDII)-C,股票型,存续,2024-09-12,,2024-09-12,tushare_fund_basic,国海富兰克林基金管理有限公司,,021662.OF,021662,True
021672,国泰中证全指软件ETF联接-E,指数型-股票,存续,2024-06-13,,2024-06-13,tushare_fund_basic,国泰基金管理有限公司,,021672.OF,012636,False
021673,国泰中证沪深港黄金产业股票ETF联接-A,指数型-股票,存续,2024-07-09,,2024-07-09,tushare_fund_basic,国泰基金管理有限公司,,021673.OF,021673,True
021674,国泰中证沪深港黄金产业股票ETF联接-C,指数型-股票,存续,2024-07-09,,2024-07-09,tushare_fund_basic,国泰基金管理有限公司,,021674.OF,021673,False
021681,国泰中证医疗ETF联接-E,指数型-股票,存续,2024-06-13,,2024-06-13,tushare_fund_basic,国泰基金管理有限公司,,021681.OF,012634,False
021682,华泰柏瑞创业板科技ETF联接-A,指数型-股票,存续,2024-06-19,,2024-06-19,tushare_fund_basic,华泰柏瑞基金管理有限公司,,021682.OF,021682,True
021683,华泰柏瑞创业板科技ETF联接-C,指数型-股票,存续,2024-06-19,,2024-06-19,tushare_fund_basic,华泰柏瑞基金管理有限公司,,021683.OF,021682,False
021686,国泰中证有色金属ETF联接-E,指数型-股票,清盘,2024-07-16,2024-08-16,2024-07-16,tushare_fund_basic,国泰基金管理有限公司,2024-08-16,021686.OF,013218,False
021687,鹏华北证50成份指数-A,指数型-股票,存续,2024-11-19,,2024-11-19,tushare_fund_basic,鹏华基金管理有限公司,,021687.OF,021687,True
021688,鹏华北证50成份指数-C,指数型-股票,存续,2024-11-19,,2024-11-19,tushare_fund_basic,鹏华基金管理有限公司,,021688.OF,021687,False
021689,国泰中证800汽车与零部件ETF联接-E,指数型-股票,存续,2024-07-16,,2024-07-16,tushare_fund_basic,国泰基金管理有限公司,,021689.OF,012973,False
021690,招商资管北证50成份指数-A,指数型-股票,存续,2024-10-25,,2024-10-25,tushare_fund_basic,招商证券资产管理有限公司,,021690.OF,021690,True
021691,招商资管北证50成份指数-C,指数型-股票,存续,2024-10-25,,2024-10-25,tushare_fund_basic,招商证券资产管理有限公司,,021691.OF,021690,False
021698,国泰中证光伏产业ETF联接-E,指数型-股票,存续,2024-10-10,,2024-10-10,tushare_fund_basic,国泰基金管理有限公司,,021698.OF,013601,False
021701,国泰上证国有企业红利ETF联接-A,指数型-股票,存续,2024-06-19,,2024-06-19,tushare_fund_basic,国泰基金管理有限公司,,021701.OF,021701,True
021702,国泰上证国有企业红利ETF联接-C,指数型-股票,存续,2024-06-19,,2024-06-19,tushare_fund_basic,国泰基金管理有限公司,,021702.OF,021701,False
021707,富国中证红利低波动ETF联接-A,指数型-股票,存续,2024-11-01,,2024-11-01,tushare_fund_basic,富国基金管理有限公司,,021707.OF,021707,True
021708,富国中证红利低波动ETF联接-C,指数型-股票,存续,2024-11-01,,2024-11-01,tushare_fund_basic,富国基金管理有限公司,,021708.OF,021707,False
021710,华泰柏瑞港股通量化灵活配置混合-C,混合型-灵活,存续,2024-06-19,,2024-06-19,tushare_fund_basic,华泰柏瑞基金管理有限公司,,021710.OF,021710,True
021714,中欧中证全指医疗保健设备与服务指数-A,指数型-股票,存续,2024-08-02,,2024-08-02,tushare_fund_basic,中欧基金管理有限公司,,021714.OF,021714,True
021715,中欧中证全指医疗保健设备与服务指数-C,指数型-股票,存续,2024-08-02,,2024-08-02,tushare_fund_basic,中欧基金管理有限公司,,021715.OF,021714,False
021716,招商中证云计算与大数据主题ETF联接-A,指数型-股票,存续,2024-09-19,,2024-09-19,tushare_fund_basic,招商基金管理有限公司,,021716.OF,021716,True
021717,招商中证云计算与大数据主题ETF联接-C,指数型-股票,存续,2024-09-19,,2024-09-19,tushare_fund_basic,招商基金管理有限公司,,021717.OF,021716,False
021718,华泰紫金中证半导体产业指数-A,指数型-股票,存续,2024-07-17,,2024-07-17,tushare_fund_basic,华泰证券(上海)资产管理有限公司,,021718.OF,021718,True
021719,华泰紫金中证半导体产业指数-C,指数型-股票,存续,2024-07-17,,2024-07-17,tushare_fund_basic,华泰证券(上海)资产管理有限公司,,021719.OF,021718,False
021722,广发上证50ETF联接-A,指数型-股票,存续,2024-12-12,,2024-12-12,tushare_fund_basic,广发基金管理有限公司,,021722.OF,021722,True
021723,广发上证50ETF联接-C,指数型-股票,存续,2024-12-12,,2024-12-12,tushare_fund_basic,广发基金管理有限公司,,021723.OF,021722,False
021735,景顺长城中证沪港深红利成长低波动指数-E,指数型-股票,存续,2024-06-25,,2024-06-25,tushare_fund_basic,景顺长城基金管理有限公司,,021735.OF,021735,True
021737,广发沪深300ETF联接-F,指数型-股票,存续,2024-08-14,,2024-08-14,tushare_fund_basic,广发基金管理有限公司,,021737.OF,021737,True
021739,广发创业板ETF联接-F,指数型-股票,存续,2024-08-14,,2024-08-14,tushare_fund_basic,广发基金管理有限公司,,021739.OF,021739,True
021741,嘉实新财富灵活配置混合-C,混合型-灵活,存续,2024-06-24,,2024-06-24,tushare_fund_basic,嘉实基金管理有限公司,,021741.OF,021741,True
021745,广发中证1000ETF联接-F,指数型-股票,存续,2024-08-14,,2024-08-14,tushare_fund_basic,广发基金管理有限公司,,021745.OF,021745,True
021749,易方达创业板成长ETF联接-A,指数型-股票,存续,2024-12-24,,2024-12-24,tushare_fund_basic,易方达基金管理有限公司,,021749.OF,021749,True
021750,易方达创业板成长ETF联接-C,指数型-股票,存续,2024-12-24,,2024-12-24,tushare_fund_basic,易方达基金管理有限公司,,021750.OF,021749,False
021752,南方中证全指电力公用事业ETF联接-A,指数型-股票,存续,2024-07-16,,2024-07-16,tushare_fund_basic,南方基金管理股份有限公司,,021752.OF,021752,True
021753,南方中证全指电力公用事业ETF联接-C,指数型-股票,存续,2024-07-16,,2024-07-16,tushare_fund_basic,南方基金管理股份有限公司,,021753.OF,021752,False
021757,中欧沪深300指数量化增强-A,指数型-股票,存续,2024-11-29,,2024-11-29,tushare_fund_basic,中欧基金管理有限公司,,021757.OF,021757,True
021758,中欧沪深300指数量化增强-C,指数型-股票,存续,2024-11-29,,2024-11-29,tushare_fund_basic,中欧基金管理有限公司,,021758.OF,021757,False
021759,中欧中证港股通创新药指数-A,指数型-海外股票,存续,2024-09-26,,2024-09-26,tushare_fund_basic,中欧基金管理有限公司,,021759.OF,021759,True
021760,中欧中证港股通创新药指数-C,指数型-海外股票,存续,2024-09-26,,2024-09-26,tushare_fund_basic,中欧基金管理有限公司,,021760.OF,021759,False
021765,长盛北证50成份指数增强-A,指数型-股票,存续,2024-10-29,,2024-10-29,tushare_fund_basic,长盛基金管理有限公司,,021765.OF,021765,True
021766,长盛北证50成份指数增强-C,指数型-股票,存续,2024-10-29,,2024-10-29,tushare_fund_basic,长盛基金管理有限公司,,021766.OF,021765,False
021768,广发上证科创板50成份ETF联接-F,指数型-股票,存续,2024-08-14,,2024-08-14,tushare_fund_basic,广发基金管理有限公司,,021768.OF,021768,True
021770,南方中证全指汽车指数-A,指数型-股票,存续,2024-09-03,,2024-09-03,tushare_fund_basic,南方基金管理股份有限公司,,021770.OF,021770,True
021771,南方中证全指汽车指数-C,指数型-股票,存续,2024-09-03,,2024-09-03,tushare_fund_basic,南方基金管理股份有限公司,,021771.OF,021770,False
021773,汇添富纳斯达克100ETF联接(QDII)-E-CNY,指数型-海外股票,存续,2024-07-03,,2024-07-03,tushare_fund_basic,汇添富基金管理股份有限公司,,021773.OF,021773,True
021778,广发纳斯达克100ETF联接(QDII)-F-CNY,指数型-海外股票,存续,2024-08-14,,2024-08-14,tushare_fund_basic,广发基金管理有限公司,,021778.OF,021778,True
021784,前海开源股息率100强等权重股票-C,股票型,存续,2024-07-01,,2024-07-01,tushare_fund_basic,前海开源基金管理有限公司,,021784.OF,021784,True
021788,华安中证全指计算机指数-A,指数型-股票,存续,2025-03-14,,2025-03-14,tushare_fund_basic,华安基金管理有限公司,,021788.OF,021788,True
021789,华安中证全指计算机指数-C,指数型-股票,存续,2025-03-14,,2025-03-14,tushare_fund_basic,华安基金管理有限公司,,021789.OF,021788,False
021799,嘉实中证A100指数增强-A,指数型-股票,存续,2024-12-24,,2024-12-24,tushare_fund_basic,嘉实基金管理有限公司,,021799.OF,021799,True
021800,嘉实中证A100指数增强-C,指数型-股票,存续,2024-12-24,,2024-12-24,tushare_fund_basic,嘉实基金管理有限公司,,021800.OF,021799,False
021810,富国创业板增强策略ETF联接-C,指数型-股票,存续,2024-07-16,,2024-07-16,tushare_fund_basic,富国基金管理有限公司,,021810.OF,021810,True
021811,富国创业板增强策略ETF联接-A,指数型-股票,存续,2024-07-16,,2024-07-16,tushare_fund_basic,富国基金管理有限公司,,021811.OF,021810,False
021820,嘉实新思路灵活配置混合-C,混合型-灵活,存续,2024-07-04,,2024-07-04,tushare_fund_basic,嘉实基金管理有限公司,,021820.OF,021820,True
021822,景顺长城国证石油天然气ETF联接-A,指数型-股票,存续,2024-07-23,,2024-07-23,tushare_fund_basic,景顺长城基金管理有限公司,,021822.OF,021822,True
021823,景顺长城国证石油天然气ETF联接-C,指数型-股票,存续,2024-07-23,,2024-07-23,tushare_fund_basic,景顺长城基金管理有限公司,,021823.OF,021822,False
021828,招商中证A100ETF联接-A,指数型-股票,存续,2024-10-08,,2024-10-08,tushare_fund_basic,招商基金管理有限公司,,021828.OF,021828,True
021829,招商中证A100ETF联接-C,指数型-股票,存续,2024-10-08,,2024-10-08,tushare_fund_basic,招商基金管理有限公司,,021829.OF,021828,False
021830,国寿安保农业产业股票-A,股票型,存续,2024-07-16,,2024-07-16,tushare_fund_basic,国寿安保基金管理有限公司,,021830.OF,021830,True
021831,国寿安保农业产业股票-C,股票型,存续,2024-07-16,,2024-07-16,tushare_fund_basic,国寿安保基金管理有限公司,,021831.OF,021830,False
021832,富国沪深300ETF联接-A,指数型-股票,存续,2024-09-27,,2024-09-27,tushare_fund_basic,富国基金管理有限公司,,021832.OF,021832,True
021833,富国沪深300ETF联接-C,指数型-股票,存续,2024-09-27,,2024-09-27,tushare_fund_basic,富国基金管理有限公司,,021833.OF,021832,False
021838,嘉实纳斯达克100ETF联接(QDII)-I-CNY,指数型-海外股票,存续,2024-07-18,,2024-07-18,tushare_fund_basic,嘉实基金管理有限公司,,021838.OF,021838,True
021844,东财中证证券保险领先指数-E,指数型-股票,存续,2024-07-09,,2024-07-09,tushare_fund_basic,东财基金管理有限公司,,021844.OF,012605,False
021847,国泰沪深300增强策略ETF联接-A,指数型-股票,存续,2024-09-06,,2024-09-06,tushare_fund_basic,国泰基金管理有限公司,,021847.OF,021847,True
021848,国泰沪深300增强策略ETF联接-C,指数型-股票,存续,2024-09-06,,2024-09-06,tushare_fund_basic,国泰基金管理有限公司,,021848.OF,021847,False
021851,中银沪深300指数增强-E,指数型-股票,存续,2024-07-12,,2024-07-12,tushare_fund_basic,中银基金管理有限公司,,021851.OF,021851,True
021852,建信中证500指数增强-E,指数型-股票,存续,2024-07-09,,2024-07-09,tushare_fund_basic,建信基金管理有限责任公司,,021852.OF,021852,True
021855,博时中证油气资源ETF联接-A,指数型-股票,存续,2024-09-19,,2024-09-19,tushare_fund_basic,博时基金管理有限公司,,021855.OF,021855,True
021856,博时中证油气资源ETF联接-C,指数型-股票,存续,2024-09-19,,2024-09-19,tushare_fund_basic,博时基金管理有限公司,,021856.OF,021855,False
021861,嘉实中证软件服务ETF联接-I,指数型-股票,存续,2024-07-18,,2024-07-18,tushare_fund_basic,嘉实基金管理有限公司,,021861.OF,021861,True
021862,嘉实中证央企创新驱动ETF联接-I,指数型-股票,存续,2024-07-18,,2024-07-18,tushare_fund_basic,嘉实基金管理有限公司,,021862.OF,021862,True
021866,嘉实沪深300红利低波动ETF联接-I,指数型-股票,存续,2024-07-18,,2024-07-18,tushare_fund_basic,嘉实基金管理有限公司,,021866.OF,021866,True
021867,嘉实中证科创创业50ETF联接-I,指数型-股票,存续,2024-07-18,,2024-07-18,tushare_fund_basic,嘉实基金管理有限公司,,021867.OF,021867,True
021870,嘉实上证科创板芯片ETF联接-I,指数型-股票,存续,2024-07-18,,2024-07-18,tushare_fund_basic,嘉实基金管理有限公司,,021870.OF,021870,True
021873,中欧中证沪深港黄金产业股票指数-A,指数型-股票,存续,2024-08-21,,2024-08-21,tushare_fund_basic,中欧基金管理有限公司,,021873.OF,021873,True
021874,中欧中证沪深港黄金产业股票指数-C,指数型-股票,存续,2024-08-21,,2024-08-21,tushare_fund_basic,中欧基金管理有限公司,,021874.OF,021873,False
021875,路博迈资源精选股票-A,股票型,存续,2024-09-19,,2024-09-19,tushare_fund_basic,路博迈基金管理(中国)有限公司,,021875.OF,021875,True
021876,路博迈资源精选股票-C,股票型,存续,2024-09-19,,2024-09-19,tushare_fund_basic,路博迈基金管理(中国)有限公司,,021876.OF,021875,False
021877,中欧沪深300指数-A,指数型-股票,存续,2024-11-29,,2024-11-29,tushare_fund_basic,中欧基金管理有限公司,,021877.OF,021877,True
021878,中欧沪深300指数-C,指数型-股票,存续,2024-11-29,,2024-11-29,tushare_fund_basic,中欧基金管理有限公司,,021878.OF,021877,False
021879,嘉实中证主要消费ETF联接-I,指数型-股票,存续,2024-07-18,,2024-07-18,tushare_fund_basic,嘉实基金管理有限公司,,021879.OF,021879,True
021880,嘉实中证医药健康100策略ETF联接-I,指数型-股票,存续,2024-07-18,,2024-07-18,tushare_fund_basic,嘉实基金管理有限公司,,021880.OF,021880,True
021881,鑫元华证沪深港红利50指数-A,指数型-股票,存续,2024-09-24,,2024-09-24,tushare_fund_basic,鑫元基金管理有限公司,,021881.OF,021881,True
021882,鑫元华证沪深港红利50指数-C,指数型-股票,存续,2024-09-24,,2024-09-24,tushare_fund_basic,鑫元基金管理有限公司,,021882.OF,021881,False
021886,嘉实沪深300ETF联接(LOF)-I,指数型-股票,存续,2024-07-22,,2024-07-22,tushare_fund_basic,嘉实基金管理有限公司,,021886.OF,021886,True
021887,嘉实中证500ETF联接-I,指数型-股票,存续,2024-07-18,,2024-07-18,tushare_fund_basic,嘉实基金管理有限公司,,021887.OF,021887,True
021889,中欧中证A50指数-A,指数型-股票,存续,2024-08-08,,2024-08-08,tushare_fund_basic,中欧基金管理有限公司,,021889.OF,021889,True
021890,中欧中证A50指数-C,指数型-股票,存续,2024-08-08,,2024-08-08,tushare_fund_basic,中欧基金管理有限公司,,021890.OF,021889,False
021891,融通中证港股通科技指数-A,指数型-海外股票,存续,2024-11-12,,2024-11-12,tushare_fund_basic,融通基金管理有限公司,,021891.OF,021891,True
021892,融通中证港股通科技指数-C,指数型-海外股票,存续,2024-11-12,,2024-11-12,tushare_fund_basic,融通基金管理有限公司,,021892.OF,021891,False
021893,易方达中证半导体材料设备主题ETF联接-A,指数型-股票,存续,2024-11-26,,2024-11-26,tushare_fund_basic,易方达基金管理有限公司,,021893.OF,021893,True
021894,易方达中证半导体材料设备主题ETF联接-C,指数型-股票,存续,2024-11-26,,2024-11-26,tushare_fund_basic,易方达基金管理有限公司,,021894.OF,021893,False
021895,国投瑞银中证机器人指数-A,指数型-股票,存续,2024-11-19,,2024-11-19,tushare_fund_basic,国投瑞银基金管理有限公司,,021895.OF,021895,True
021896,国投瑞银中证机器人指数-C,指数型-股票,存续,2024-11-19,,2024-11-19,tushare_fund_basic,国投瑞银基金管理有限公司,,021896.OF,021895,False
021902,广发主题领先灵活配置混合-C,混合型-灵活,存续,2024-07-25,,2024-07-25,tushare_fund_basic,广发基金管理有限公司,,021902.OF,021902,True
021908,鹏华上证科创板50成份增强策略ETF联接-A,指数型-股票,存续,2024-08-27,,2024-08-27,tushare_fund_basic,鹏华基金管理有限公司,,021908.OF,021908,True
021909,鹏华上证科创板50成份增强策略ETF联接-C,指数型-股票,存续,2024-08-27,,2024-08-27,tushare_fund_basic,鹏华基金管理有限公司,,021909.OF,021908,False
021915,博道大盘价值股票-A,股票型,存续,2024-12-03,,2024-12-03,tushare_fund_basic,博道基金管理有限公司,,021915.OF,021915,True
021916,博道大盘价值股票-C,股票型,存续,2024-12-03,,2024-12-03,tushare_fund_basic,博道基金管理有限公司,,021916.OF,021915,False
021922,博时中证国新央企现代能源ETF联接-A,指数型-股票,存续,2024-11-27,,2024-11-27,tushare_fund_basic,博时基金管理有限公司,,021922.OF,021922,True
021923,博时中证国新央企现代能源ETF联接-C,指数型-股票,存续,2024-11-27,,2024-11-27,tushare_fund_basic,博时基金管理有限公司,,021923.OF,021922,False
021924,汇添富沪深300安中动态策略指数-B,指数型-股票,存续,2024-07-26,,2024-07-26,tushare_fund_basic,汇添富基金管理股份有限公司,,021924.OF,021924,True
021931,兴业华证沪港深红利100指数-A,指数型-股票,存续,2024-11-26,,2024-11-26,tushare_fund_basic,兴业基金管理有限公司,,021931.OF,021931,True
021932,兴业华证沪港深红利100指数-C,指数型-股票,存续,2024-11-26,,2024-11-26,tushare_fund_basic,兴业基金管理有限公司,,021932.OF,021931,False
021933,富国中证通信设备主题ETF联接-A,指数型-股票,存续,2024-08-16,,2024-08-16,tushare_fund_basic,富国基金管理有限公司,,021933.OF,021933,True
021934,富国中证通信设备主题ETF联接-C,指数型-股票,存续,2024-08-16,,2024-08-16,tushare_fund_basic,富国基金管理有限公司,,021934.OF,021933,False
021937,华安半导体产业股票-A,股票型,存续,2025-03-11,,2025-03-11,tushare_fund_basic,华安基金管理有限公司,,021937.OF,021937,True
021938,华安半导体产业股票-C,股票型,存续,2025-03-11,,2025-03-11,tushare_fund_basic,华安基金管理有限公司,,021938.OF,021937,False
021943,国联新机遇灵活配置混合-C,混合型-灵活,存续,2024-09-05,,2024-09-05,tushare_fund_basic,国联基金管理有限公司,,021943.OF,021943,True
021944,广发中证基建工程ETF联接-F,指数型-股票,存续,2024-09-04,,2024-09-04,tushare_fund_basic,广发基金管理有限公司,,021944.OF,021944,True
021945,广发国证半导体芯片ETF联接-F,指数型-股票,存续,2024-09-04,,2024-09-04,tushare_fund_basic,广发基金管理有限公司,,021945.OF,021945,True
021946,广发中证国新央企股东回报ETF联接-F,指数型-股票,存续,2024-09-04,,2024-09-04,tushare_fund_basic,广发基金管理有限公司,,021946.OF,021946,True
021947,广发中证光伏产业指数-F,指数型-股票,存续,2024-09-27,,2024-09-27,tushare_fund_basic,广发基金管理有限公司,,021947.OF,021947,True
021948,广发中证军工ETF联接-F,指数型-股票,存续,2024-09-27,,2024-09-27,tushare_fund_basic,广发基金管理有限公司,,021948.OF,021948,True
021949,南方深证主板50ETF联接-A,指数型-股票,存续,2024-10-18,,2024-10-18,tushare_fund_basic,南方基金管理股份有限公司,,021949.OF,021949,True
021950,南方深证主板50ETF联接-C,指数型-股票,存续,2024-10-18,,2024-10-18,tushare_fund_basic,南方基金管理股份有限公司,,021950.OF,021949,False
021952,广发中证传媒ETF联接-F,指数型-股票,存续,2024-09-04,,2024-09-04,tushare_fund_basic,广发基金管理有限公司,,021952.OF,021952,True
021958,南方中证沪深港黄金产业股票指数-A,指数型-股票,存续,2024-11-04,,2024-11-04,tushare_fund_basic,南方基金管理股份有限公司,,021958.OF,021958,True
021959,南方中证沪深港黄金产业股票指数-C,指数型-股票,存续,2024-11-04,,2024-11-04,tushare_fund_basic,南方基金管理股份有限公司,,021959.OF,021958,False
021961,景顺长城中证国新港股通央企红利ETF联接-A,指数型-海外股票,存续,2024-09-27,,2024-09-27,tushare_fund_basic,景顺长城基金管理有限公司,,021961.OF,021961,True
021962,景顺长城中证国新港股通央企红利ETF联接-C,指数型-海外股票,存续,2024-09-27,,2024-09-27,tushare_fund_basic,景顺长城基金管理有限公司,,021962.OF,021961,False
021963,天弘国证新能源电池指数-A,指数型-股票,存续,2024-10-15,,2024-10-15,tushare_fund_basic,天弘基金管理有限公司,,021963.OF,021963,True
021964,天弘国证新能源电池指数-C,指数型-股票,存续,2024-10-15,,2024-10-15,tushare_fund_basic,天弘基金管理有限公司,,021964.OF,021963,False
021969,兴银鼎新灵活配置混合-C,混合型-灵活,存续,2024-08-05,,2024-08-05,tushare_fund_basic,兴银基金管理有限责任公司,,021969.OF,021969,True
021971,南方中证国新港股通央企红利ETF联接-A,指数型-海外股票,存续,2024-09-12,,2024-09-12,tushare_fund_basic,南方基金管理股份有限公司,,021971.OF,021971,True
021972,南方中证国新港股通央企红利ETF联接-C,指数型-海外股票,存续,2024-09-12,,2024-09-12,tushare_fund_basic,南方基金管理股份有限公司,,021972.OF,021971,False
021977,中欧中证细分化工产业主题指数-A,指数型-股票,存续,2024-09-20,,2024-09-20,tushare_fund_basic,中欧基金管理有限公司,,021977.OF,021977,True
021978,中欧中证细分化工产业主题指数-C,指数型-股票,存续,2024-09-20,,2024-09-20,tushare_fund_basic,中欧基金管理有限公司,,021978.OF,021977,False
021979,兴全红利量化选股股票-A,股票型,存续,2024-10-31,,2024-10-31,tushare_fund_basic,兴证全球基金管理有限公司,,021979.OF,021979,True
021980,兴全红利量化选股股票-C,股票型,存续,2024-10-31,,2024-10-31,tushare_fund_basic,兴证全球基金管理有限公司,,021980.OF,021979,False
021983,中信保诚红利领航量化选股股票-A,股票型,存续,2024-11-15,,2024-11-15,tushare_fund_basic,中信保诚基金管理有限公司,,021983.OF,021983,True
021984,中信保诚红利领航量化选股股票-C,股票型,存续,2024-11-15,,2024-11-15,tushare_fund_basic,中信保诚基金管理有限公司,,021984.OF,021983,False
021988,银河中证通信设备主题指数-A,指数型-股票,存续,2024-10-22,,2024-10-22,tushare_fund_basic,银河基金管理有限公司,,021988.OF,021988,True
021989,银河中证通信设备主题指数-C,指数型-股票,存续,2024-10-22,,2024-10-22,tushare_fund_basic,银河基金管理有限公司,,021989.OF,021988,False
022003,博道大盘成长股票-A,股票型,存续,2024-11-26,,2024-11-26,tushare_fund_basic,博道基金管理有限公司,,022003.OF,022003,True
022004,博道大盘成长股票-C,股票型,存续,2024-11-26,,2024-11-26,tushare_fund_basic,博道基金管理有限公司,,022004.OF,022003,False
022005,广发恒生科技ETF联接(QDII)-F,指数型-海外股票,存续,2024-09-04,,2024-09-04,tushare_fund_basic,广发基金管理有限公司,,022005.OF,022005,True
022006,中信保诚至选灵活配置混合-E,混合型-灵活,存续,2024-08-16,,2024-08-16,tushare_fund_basic,中信保诚基金管理有限公司,,022006.OF,022006,True
022049,国泰安益灵活配置混合-E,混合型-灵活,存续,2024-08-27,,2024-08-27,tushare_fund_basic,国泰基金管理有限公司,,022049.OF,022049,True
022050,富国中证医药50ETF联接-E,指数型-股票,存续,2024-08-22,,2024-08-22,tushare_fund_basic,富国基金管理有限公司,,022050.OF,012801,False
022052,富国中证科创创业50ETF联接-E,指数型-股票,存续,2024-08-23,,2024-08-23,tushare_fund_basic,富国基金管理有限公司,,022052.OF,013313,False
022053,富国中证价值ETF联接-E,指数型-股票,存续,2024-08-23,,2024-08-23,tushare_fund_basic,富国基金管理有限公司,,022053.OF,022053,True
022054,富国中证央企创新驱动ETF联接-E,指数型-股票,存续,2024-08-23,,2024-08-23,tushare_fund_basic,富国基金管理有限公司,,022054.OF,022054,True
022055,富国中证消费50ETF联接-E,指数型-股票,存续,2024-08-22,,2024-08-22,tushare_fund_basic,富国基金管理有限公司,,022055.OF,022055,True
022069,天弘中证工程机械主题指数-A,指数型-股票,存续,2024-10-29,,2024-10-29,tushare_fund_basic,天弘基金管理有限公司,,022069.OF,022069,True
022070,天弘中证工程机械主题指数-C,指数型-股票,存续,2024-10-29,,2024-10-29,tushare_fund_basic,天弘基金管理有限公司,,022070.OF,022069,False
022072,天弘中证港股通高股息投资指数-A,指数型-海外股票,存续,2024-09-24,,2024-09-24,tushare_fund_basic,天弘基金管理有限公司,,022072.OF,022072,True
022073,天弘中证港股通高股息投资指数-C,指数型-海外股票,存续,2024-09-24,,2024-09-24,tushare_fund_basic,天弘基金管理有限公司,,022073.OF,022072,False
022077,富国中证沪港深500ETF联接-E,指数型-股票,存续,2024-08-30,,2024-08-30,tushare_fund_basic,富国基金管理有限公司,,022077.OF,012275,False
022081,景顺长城医疗产业股票-A,股票型,存续,2025-01-24,,2025-01-24,tushare_fund_basic,景顺长城基金管理有限公司,,022081.OF,022081,True
022082,景顺长城医疗产业股票-C,股票型,存续,2025-01-24,,2025-01-24,tushare_fund_basic,景顺长城基金管理有限公司,,022082.OF,022081,False
022083,华安中证有色金属矿业主题ETF联接-A,指数型-股票,存续,2024-09-26,,2024-09-26,tushare_fund_basic,华安基金管理有限公司,,022083.OF,022083,True
022084,华安中证有色金属矿业主题ETF联接-C,指数型-股票,存续,2024-09-26,,2024-09-26,tushare_fund_basic,华安基金管理有限公司,,022084.OF,022083,False
022085,富国中证科技50策略ETF联接-E,指数型-股票,存续,2024-08-29,,2024-08-29,tushare_fund_basic,富国基金管理有限公司,,022085.OF,022085,True
022087,富国上证综指ETF联接-E,指数型-股票,存续,2024-08-29,,2024-08-29,tushare_fund_basic,富国基金管理有限公司,,022087.OF,013286,False
022090,富安达沪深300指数增强-A,指数型-股票,存续,2024-11-26,,2024-11-26,tushare_fund_basic,富安达基金管理有限公司,,022090.OF,022090,True
022091,富安达沪深300指数增强-C,指数型-股票,存续,2024-11-26,,2024-11-26,tushare_fund_basic,富安达基金管理有限公司,,022091.OF,022090,False
022096,富国中证国企一带一路ETF联接-E,指数型-股票,存续,2024-08-30,,2024-08-30,tushare_fund_basic,富国基金管理有限公司,,022096.OF,022096,True
022097,长城中证红利低波动100ETF联接-A,指数型-股票,存续,2024-11-26,,2024-11-26,tushare_fund_basic,长城基金管理有限公司,,022097.OF,022097,True
022098,长城中证红利低波动100ETF联接-C,指数型-股票,存续,2024-11-26,,2024-11-26,tushare_fund_basic,长城基金管理有限公司,,022098.OF,022097,False
022104,广发中证创新药产业ETF联接-F,指数型-股票,存续,2024-09-27,,2024-09-27,tushare_fund_basic,广发基金管理有限公司,,022104.OF,022104,True
022106,广发中证全指信息技术ETF联接-F,指数型-股票,存续,2024-09-27,,2024-09-27,tushare_fund_basic,广发基金管理有限公司,,022106.OF,022106,True
022110,摩根中证A50ETF联接-E,指数型-股票,存续,2024-09-11,,2024-09-11,tushare_fund_basic,摩根基金管理(中国)有限公司,,022110.OF,021177,False
022121,国泰海通中证香港科技指数(QDII)-A,指数型-海外股票,存续,2024-10-08,,2024-10-08,tushare_fund_basic,上海国泰海通证券资产管理有限公司,,022121.OF,022121,True
022122,国泰海通中证香港科技指数(QDII)-C,指数型-海外股票,存续,2024-10-08,,2024-10-08,tushare_fund_basic,上海国泰海通证券资产管理有限公司,,022122.OF,022121,False
022137,中银MSCI中国A50互联互通指数增强-E,指数型-海外股票,存续,2024-11-25,,2024-11-25,tushare_fund_basic,中银基金管理有限公司,,022137.OF,014623,False
022144,银华中证高股息策略ETF联接-A,指数型-股票,存续,2024-12-03,,2024-12-03,tushare_fund_basic,银华基金管理股份有限公司,,022144.OF,022144,True
022145,银华中证高股息策略ETF联接-C,指数型-股票,存续,2024-12-03,,2024-12-03,tushare_fund_basic,银华基金管理股份有限公司,,022145.OF,022144,False
022151,国投瑞银中证港股通央企红利指数-A,指数型-海外股票,存续,2024-11-19,,2024-11-19,tushare_fund_basic,国投瑞银基金管理有限公司,,022151.OF,022151,True
022152,国投瑞银中证港股通央企红利指数-C,指数型-海外股票,存续,2024-11-19,,2024-11-19,tushare_fund_basic,国投瑞银基金管理有限公司,,022152.OF,022151,False
022164,西部利得央企优选股票-A,股票型,存续,2024-12-10,,2024-12-10,tushare_fund_basic,西部利得基金管理有限公司,,022164.OF,022164,True
022165,西部利得央企优选股票-C,股票型,存续,2024-12-10,,2024-12-10,tushare_fund_basic,西部利得基金管理有限公司,,022165.OF,022164,False
022168,富国洞见价值股票-E,股票型,存续,2024-10-15,,2024-10-15,tushare_fund_basic,富国基金管理有限公司,,022168.OF,019941,False
022169,大成中证红利指数-E,指数型-股票,存续,2024-09-13,,2024-09-13,tushare_fund_basic,大成基金管理有限公司,,022169.OF,022169,True
022173,海富通沪港深灵活配置混合-C,混合型-灵活,存续,2024-09-25,,2024-09-25,tushare_fund_basic,海富通基金管理有限公司,,022173.OF,022173,True
022174,海富通沪港深灵活配置混合-D,混合型-灵活,存续,2024-09-25,,2024-09-25,tushare_fund_basic,海富通基金管理有限公司,,022174.OF,022174,True
022177,东财国证消费电子主题指数增强-E,指数型-股票,存续,2024-09-25,,2024-09-25,tushare_fund_basic,东财基金管理有限公司,,022177.OF,012319,False
022178,东财中证食品饮料指数增强-E,指数型-股票,存续,2024-10-18,,2024-10-18,tushare_fund_basic,东财基金管理有限公司,,022178.OF,012340,False
022184,富国全球科技互联网股票(QDII)-C,股票型,存续,2024-09-18,,2024-09-18,tushare_fund_basic,富国基金管理有限公司,,022184.OF,022184,True
022189,鹏华金城灵活配置混合-A,混合型-灵活,存续,2024-10-28,,2024-10-28,tushare_fund_basic,鹏华基金管理有限公司,,022189.OF,022189,True
022190,鹏华金城灵活配置混合-C,混合型-灵活,存续,2024-10-28,,2024-10-28,tushare_fund_basic,鹏华基金管理有限公司,,022190.OF,022189,False
022204,永赢中证A50指数增强-A,指数型-股票,存续,2024-12-17,,2024-12-17,tushare_fund_basic,永赢基金管理有限公司,,022204.OF,022204,True
022205,永赢中证A50指数增强-C,指数型-股票,存续,2024-12-17,,2024-12-17,tushare_fund_basic,永赢基金管理有限公司,,022205.OF,022204,False
022243,中邮军民融合灵活配置混合-C,混合型-灵活,存续,2024-09-27,,2024-09-27,tushare_fund_basic,中邮创业基金管理股份有限公司,,022243.OF,022243,True
022248,鹏华弘达灵活配置混合-E,混合型-灵活,存续,2024-09-25,,2024-09-25,tushare_fund_basic,鹏华基金管理有限公司,,022248.OF,022248,True
022252,中邮健康文娱灵活配置混合-C,混合型-灵活,存续,2024-09-27,,2024-09-27,tushare_fund_basic,中邮创业基金管理股份有限公司,,022252.OF,022252,True
022258,鹏华弘尚灵活配置混合-E,混合型-灵活,存续,2024-09-27,,2024-09-27,tushare_fund_basic,鹏华基金管理有限公司,,022258.OF,022258,True
022259,鹏华弘盛灵活配置混合-E,混合型-灵活,存续,2024-09-30,,2024-09-30,tushare_fund_basic,鹏华基金管理有限公司,,022259.OF,022259,True
022262,华泰柏瑞中证A50ETF联接-E,指数型-股票,存续,2024-09-30,,2024-09-30,tushare_fund_basic,华泰柏瑞基金管理有限公司,,022262.OF,021222,False
022274,国泰中证港股通高股息投资ETF联接-A,指数型-海外股票,存续,2024-10-09,,2024-10-09,tushare_fund_basic,国泰基金管理有限公司,,022274.OF,022274,True
022275,国泰中证港股通高股息投资ETF联接-C,指数型-海外股票,存续,2024-10-09,,2024-10-09,tushare_fund_basic,国泰基金管理有限公司,,022275.OF,022274,False
022281,鹏华弘润灵活配置混合-E,混合型-灵活,存续,2024-10-11,,2024-10-11,tushare_fund_basic,鹏华基金管理有限公司,,022281.OF,022281,True
022282,鹏华弘华灵活配置混合-E,混合型-灵活,存续,2024-10-14,,2024-10-14,tushare_fund_basic,鹏华基金管理有限公司,,022282.OF,022282,True
022284,鹏华弘信灵活配置混合-E,混合型-灵活,存续,2024-10-11,,2024-10-11,tushare_fund_basic,鹏华基金管理有限公司,,022284.OF,022284,True
022285,鹏华弘实灵活配置混合-E,混合型-灵活,存续,2024-10-10,,2024-10-10,tushare_fund_basic,鹏华基金管理有限公司,,022285.OF,022285,True
022288,合煦智远嘉选混合-E,混合型-灵活,存续,2024-10-22,,2024-10-22,tushare_fund_basic,合煦智远基金管理有限公司,,022288.OF,022288,True
022290,兴业中证红利指数-A,指数型-股票,存续,2025-05-29,,2025-05-29,tushare_fund_basic,兴业基金管理有限公司,,022290.OF,022290,True
022291,兴业中证红利指数-C,指数型-股票,存续,2025-05-29,,2025-05-29,tushare_fund_basic,兴业基金管理有限公司,,022291.OF,022290,False
022292,前海开源优选领航股票-A,股票型,存续,2025-01-03,,2025-01-03,tushare_fund_basic,前海开源基金管理有限公司,,022292.OF,022292,True
022293,前海开源优选领航股票-C,股票型,存续,2025-01-03,,2025-01-03,tushare_fund_basic,前海开源基金管理有限公司,,022293.OF,022292,False
022299,安信周期优选股票-A,股票型,存续,2024-10-15,,2024-10-15,tushare_fund_basic,安信基金管理有限责任公司,,022299.OF,022299,True
022300,安信周期优选股票-C,股票型,存续,2024-10-15,,2024-10-15,tushare_fund_basic,安信基金管理有限责任公司,,022300.OF,022299,False
022301,安信医药创新股票-A,股票型,存续,2024-10-15,,2024-10-15,tushare_fund_basic,安信基金管理有限责任公司,,022301.OF,022301,True
022302,安信医药创新股票-C,股票型,存续,2024-10-15,,2024-10-15,tushare_fund_basic,安信基金管理有限责任公司,,022302.OF,022301,False
022309,国联沪深300指数增强-A,指数型-股票,存续,2024-11-26,,2024-11-26,tushare_fund_basic,国联基金管理有限公司,,022309.OF,022309,True
022310,国联沪深300指数增强-C,指数型-股票,存续,2024-11-26,,2024-11-26,tushare_fund_basic,国联基金管理有限公司,,022310.OF,022309,False
022311,永赢中证500指数增强-A,指数型-股票,存续,2025-03-18,,2025-03-18,tushare_fund_basic,永赢基金管理有限公司,,022311.OF,022311,True
022312,永赢中证500指数增强-C,指数型-股票,存续,2025-03-18,,2025-03-18,tushare_fund_basic,永赢基金管理有限公司,,022312.OF,022311,False
022325,长城中证港股通高股息投资指数(QDII)-A,指数型-海外股票,存续,2025-03-11,,2025-03-11,tushare_fund_basic,长城基金管理有限公司,,022325.OF,022325,True
022326,长城中证港股通高股息投资指数(QDII)-C,指数型-海外股票,存续,2025-03-11,,2025-03-11,tushare_fund_basic,长城基金管理有限公司,,022326.OF,022325,False
022327,宏利高端装备股票-A,股票型,存续,2025-01-16,,2025-01-16,tushare_fund_basic,宏利基金管理有限公司,,022327.OF,022327,True
022328,宏利高端装备股票-C,股票型,存续,2025-01-16,,2025-01-16,tushare_fund_basic,宏利基金管理有限公司,,022328.OF,022327,False
022330,鑫元中证800红利低波动ETF联接-A,指数型-股票,存续,2024-12-17,,2024-12-17,tushare_fund_basic,鑫元基金管理有限公司,,022330.OF,022330,True
022331,鑫元中证800红利低波动ETF联接-C,指数型-股票,存续,2024-12-17,,2024-12-17,tushare_fund_basic,鑫元基金管理有限公司,,022331.OF,022330,False
022340,融通创业板ETF联接-A,指数型-股票,存续,2024-12-06,,2024-12-06,tushare_fund_basic,融通基金管理有限公司,,022340.OF,022340,True
022341,融通创业板ETF联接-C,指数型-股票,存续,2024-12-06,,2024-12-06,tushare_fund_basic,融通基金管理有限公司,,022341.OF,022340,False
022342,长盛中证红利低波动100指数-A,指数型-股票,存续,2024-12-24,,2024-12-24,tushare_fund_basic,长盛基金管理有限公司,,022342.OF,022342,True
022343,长盛中证红利低波动100指数-C,指数型-股票,存续,2024-12-24,,2024-12-24,tushare_fund_basic,长盛基金管理有限公司,,022343.OF,022342,False
022344,景顺长城红利量化选股股票-A,股票型,存续,2025-01-24,,2025-01-24,tushare_fund_basic,景顺长城基金管理有限公司,,022344.OF,022344,True
022345,景顺长城红利量化选股股票-C,股票型,存续,2025-01-24,,2025-01-24,tushare_fund_basic,景顺长城基金管理有限公司,,022345.OF,022344,False
022346,东海美丽中国灵活配置混合-C,混合型-灵活,存续,2024-10-18,,2024-10-18,tushare_fund_basic,东海基金管理有限责任公司,,022346.OF,022346,True
022350,嘉实中证全指集成电路ETF联接-A,指数型-股票,存续,2025-06-04,,2025-06-04,tushare_fund_basic,嘉实基金管理有限公司,,022350.OF,022350,True
022351,嘉实中证全指集成电路ETF联接-C,指数型-股票,存续,2025-06-04,,2025-06-04,tushare_fund_basic,嘉实基金管理有限公司,,022351.OF,022350,False
022358,民生加银龙头优选股票-C,股票型,存续,2024-10-21,,2024-10-21,tushare_fund_basic,民生加银基金管理有限公司,,022358.OF,022358,True
022366,贝莱德沪深300指数增强-A,指数型-股票,存续,2024-11-26,,2024-11-26,tushare_fund_basic,贝莱德基金管理有限公司,,022366.OF,022366,True
022367,贝莱德沪深300指数增强-C,指数型-股票,存续,2024-11-26,,2024-11-26,tushare_fund_basic,贝莱德基金管理有限公司,,022367.OF,022366,False
022371,鹏华弘泰灵活配置混合-D,混合型-灵活,存续,2024-10-22,,2024-10-22,tushare_fund_basic,鹏华基金管理有限公司,,022371.OF,022371,True
022382,建信中证A股指数增强-A,指数型-股票,存续,2025-03-25,,2025-03-25,tushare_fund_basic,建信基金管理有限责任公司,,022382.OF,022382,True
022383,建信中证A股指数增强-C,指数型-股票,存续,2025-03-25,,2025-03-25,tushare_fund_basic,建信基金管理有限责任公司,,022383.OF,022382,False
022384,华夏中证信息技术应用创新产业ETF联接-A,指数型-股票,存续,2024-11-26,,2024-11-26,tushare_fund_basic,华夏基金管理有限公司,,022384.OF,022384,True
022385,华夏中证信息技术应用创新产业ETF联接-C,指数型-股票,存续,2024-11-26,,2024-11-26,tushare_fund_basic,华夏基金管理有限公司,,022385.OF,022384,False
022386,华夏中证汽车零部件主题ETF联接-A,指数型-股票,存续,2024-11-19,,2024-11-19,tushare_fund_basic,华夏基金管理有限公司,,022386.OF,022386,True
022387,华夏中证汽车零部件主题ETF联接-C,指数型-股票,存续,2024-11-19,,2024-11-19,tushare_fund_basic,华夏基金管理有限公司,,022387.OF,022386,False
022418,金鹰鑫瑞灵活配置混合-D,混合型-灵活,存续,2024-10-25,,2024-10-25,tushare_fund_basic,金鹰基金管理有限公司,,022418.OF,022418,True
022421,大成中证A500ETF联接-A,指数型-股票,存续,2024-11-12,,2024-11-12,tushare_fund_basic,大成基金管理有限公司,,022421.OF,022421,True
022422,大成中证A500ETF联接-C,指数型-股票,存续,2024-11-12,,2024-11-12,tushare_fund_basic,大成基金管理有限公司,,022422.OF,022421,False
022423,大成中证A500ETF联接-E,指数型-股票,存续,2024-11-12,,2024-11-12,tushare_fund_basic,大成基金管理有限公司,,022423.OF,022421,False
022424,广发中证A500ETF联接-A,指数型-股票,存续,2024-11-05,,2024-11-05,tushare_fund_basic,广发基金管理有限公司,,022424.OF,022424,True
022425,广发中证A500ETF联接-C,指数型-股票,存续,2024-11-05,,2024-11-05,tushare_fund_basic,广发基金管理有限公司,,022425.OF,022424,False
022426,泰康中证A500ETF联接-A,指数型-股票,存续,2024-10-29,,2024-10-29,tushare_fund_basic,泰康基金管理有限公司,,022426.OF,022426,True
022427,泰康中证A500ETF联接-C,指数型-股票,存续,2024-10-29,,2024-10-29,tushare_fund_basic,泰康基金管理有限公司,,022427.OF,022426,False
022428,天弘中证A500ETF联接-A,指数型-股票,存续,2024-11-07,,2024-11-07,tushare_fund_basic,天弘基金管理有限公司,,022428.OF,022428,True
022429,天弘中证A500ETF联接-C,指数型-股票,存续,2024-11-07,,2024-11-07,tushare_fund_basic,天弘基金管理有限公司,,022429.OF,022428,False
022430,华夏中证A500ETF联接-A,指数型-股票,存续,2024-10-31,,2024-10-31,tushare_fund_basic,华夏基金管理有限公司,,022430.OF,022430,True
022431,华夏中证A500ETF联接-C,指数型-股票,存续,2024-10-31,,2024-10-31,tushare_fund_basic,华夏基金管理有限公司,,022431.OF,022430,False
022432,中欧中证A500指数-A,指数型-股票,存续,2024-11-04,,2024-11-04,tushare_fund_basic,中欧基金管理有限公司,,022432.OF,022432,True
022433,中欧中证A500指数-C,指数型-股票,存续,2024-11-04,,2024-11-04,tushare_fund_basic,中欧基金管理有限公司,,022433.OF,022432,False
022434,南方中证A500ETF联接-A,指数型-股票,存续,2024-11-12,,2024-11-12,tushare_fund_basic,南方基金管理股份有限公司,,022434.OF,022434,True
022435,南方中证A500ETF联接-C,指数型-股票,存续,2024-11-12,,2024-11-12,tushare_fund_basic,南方基金管理股份有限公司,,022435.OF,022434,False
022436,摩根中证A500ETF联接-A,指数型-股票,存续,2024-11-11,,2024-11-11,tushare_fund_basic,摩根基金管理(中国)有限公司,,022436.OF,022436,True
022437,摩根中证A500ETF联接-C,指数型-股票,存续,2024-11-11,,2024-11-11,tushare_fund_basic,摩根基金管理(中国)有限公司,,022437.OF,022436,False
022438,华泰柏瑞中证A500ETF联接-A,指数型-股票,存续,2024-11-12,,2024-11-12,tushare_fund_basic,华泰柏瑞基金管理有限公司,,022438.OF,022438,True
022439,华泰柏瑞中证A500ETF联接-C,指数型-股票,存续,2024-11-12,,2024-11-12,tushare_fund_basic,华泰柏瑞基金管理有限公司,,022439.OF,022438,False
022440,万家中证A500ETF联接-A,指数型-股票,存续,2024-11-12,,2024-11-12,tushare_fund_basic,万家基金管理有限公司,,022440.OF,022440,True
022441,万家中证A500ETF联接-C,指数型-股票,存续,2024-11-12,,2024-11-12,tushare_fund_basic,万家基金管理有限公司,,022441.OF,022440,False
022442,工银瑞信中证A500ETF联接-A,指数型-股票,存续,2024-11-26,,2024-11-26,tushare_fund_basic,工银瑞信基金管理有限公司,,022442.OF,022442,True
022443,工银瑞信中证A500ETF联接-C,指数型-股票,存续,2024-11-26,,2024-11-26,tushare_fund_basic,工银瑞信基金管理有限公司,,022443.OF,022442,False
022444,景顺长城中证A500ETF联接-A,指数型-股票,存续,2024-11-06,,2024-11-06,tushare_fund_basic,景顺长城基金管理有限公司,,022444.OF,022444,True
022445,景顺长城中证A500ETF联接-C,指数型-股票,存续,2024-11-06,,2024-11-06,tushare_fund_basic,景顺长城基金管理有限公司,,022445.OF,022444,False
022448,国泰中证A500ETF联接-A,指数型-股票,存续,2024-11-08,,2024-11-08,tushare_fund_basic,国泰基金管理有限公司,,022448.OF,022448,True
022449,国泰中证A500ETF联接-C,指数型-股票,存续,2024-11-08,,2024-11-08,tushare_fund_basic,国泰基金管理有限公司,,022449.OF,022448,False
022450,银华中证A500ETF联接-A,指数型-股票,存续,2024-11-13,,2024-11-13,tushare_fund_basic,银华基金管理股份有限公司,,022450.OF,022450,True
022451,银华中证A500ETF联接-C,指数型-股票,存续,2024-11-13,,2024-11-13,tushare_fund_basic,银华基金管理股份有限公司,,022451.OF,022450,False
022452,银华中证A500ETF联接-I,指数型-股票,存续,2024-11-13,,2024-11-13,tushare_fund_basic,银华基金管理股份有限公司,,022452.OF,022452,True
022453,嘉实中证A500ETF联接-A,指数型-股票,存续,2024-11-12,,2024-11-12,tushare_fund_basic,嘉实基金管理有限公司,,022453.OF,022453,True
022454,嘉实中证A500ETF联接-C,指数型-股票,存续,2024-11-12,,2024-11-12,tushare_fund_basic,嘉实基金管理有限公司,,022454.OF,022453,False
022455,招商中证A500ETF联接-A,指数型-股票,存续,2024-11-05,,2024-11-05,tushare_fund_basic,招商基金管理有限公司,,022455.OF,022455,True
022456,招商中证A500ETF联接-C,指数型-股票,存续,2024-11-05,,2024-11-05,tushare_fund_basic,招商基金管理有限公司,,022456.OF,022455,False
022457,博时中证A500ETF联接-A,指数型-股票,存续,2024-10-30,,2024-10-30,tushare_fund_basic,博时基金管理有限公司,,022457.OF,022457,True
022458,博时中证A500ETF联接-C,指数型-股票,存续,2024-10-30,,2024-10-30,tushare_fund_basic,博时基金管理有限公司,,022458.OF,022457,False
022459,易方达中证A500ETF联接-A,指数型-股票,存续,2024-11-11,,2024-11-11,tushare_fund_basic,易方达基金管理有限公司,,022459.OF,022459,True
022460,易方达中证A500ETF联接-C,指数型-股票,存续,2024-11-11,,2024-11-11,tushare_fund_basic,易方达基金管理有限公司,,022460.OF,022459,False
022461,华商中证A500指数增强-A,指数型-股票,存续,2024-11-01,,2024-11-01,tushare_fund_basic,华商基金管理有限公司,,022461.OF,022461,True
022462,华商中证A500指数增强-C,指数型-股票,存续,2024-11-01,,2024-11-01,tushare_fund_basic,华商基金管理有限公司,,022462.OF,022461,False
022463,富国中证A500ETF联接-A,指数型-股票,存续,2024-11-11,,2024-11-11,tushare_fund_basic,富国基金管理有限公司,,022463.OF,022463,True
022464,富国中证A500ETF联接-C,指数型-股票,存续,2024-11-11,,2024-11-11,tushare_fund_basic,富国基金管理有限公司,,022464.OF,022463,False
022465,华安中证A500ETF联接-A,指数型-股票,存续,2024-11-12,,2024-11-12,tushare_fund_basic,华安基金管理有限公司,,022465.OF,022465,True
022466,华安中证A500ETF联接-C,指数型-股票,存续,2024-11-12,,2024-11-12,tushare_fund_basic,华安基金管理有限公司,,022466.OF,022465,False
022467,国泰海通中证A500指数增强-A,指数型-股票,存续,2024-12-17,,2024-12-17,tushare_fund_basic,上海国泰海通证券资产管理有限公司,,022467.OF,022467,True
022468,国泰海通中证A500指数增强-C,指数型-股票,存续,2024-12-17,,2024-12-17,tushare_fund_basic,上海国泰海通证券资产管理有限公司,,022468.OF,022467,False
022469,汇添富中证A500ETF联接-A,指数型-股票,存续,2024-12-10,,2024-12-10,tushare_fund_basic,汇添富基金管理股份有限公司,,022469.OF,022469,True
022470,汇添富中证A500ETF联接-C,指数型-股票,存续,2024-12-10,,2024-12-10,tushare_fund_basic,汇添富基金管理股份有限公司,,022470.OF,022469,False
022473,兴全中证A500指数增强-A,指数型-股票,存续,2024-12-24,,2024-12-24,tushare_fund_basic,兴证全球基金管理有限公司,,022473.OF,022473,True
022474,兴全中证A500指数增强-C,指数型-股票,存续,2024-12-24,,2024-12-24,tushare_fund_basic,兴证全球基金管理有限公司,,022474.OF,022473,False
022475,国泰中证畜牧养殖ETF联接-E,指数型-股票,存续,2024-11-11,,2024-11-11,tushare_fund_basic,国泰基金管理有限公司,,022475.OF,012724,False
022481,国泰中证动漫游戏ETF联接-E,指数型-股票,存续,2024-11-11,,2024-11-11,tushare_fund_basic,国泰基金管理有限公司,,022481.OF,012728,False
022482,国泰中证新能源汽车ETF联接-E,指数型-股票,存续,2024-11-21,,2024-11-21,tushare_fund_basic,国泰基金管理有限公司,,022482.OF,022482,True
022483,国泰中证全指家用电器ETF联接-E,指数型-股票,存续,2024-11-21,,2024-11-21,tushare_fund_basic,国泰基金管理有限公司,,022483.OF,022483,True
022485,国金中证A500指数增强-A,指数型-股票,存续,2024-11-18,,2024-11-18,tushare_fund_basic,国金基金管理有限公司,,022485.OF,022485,True
022486,国金中证A500指数增强-C,指数型-股票,存续,2024-11-18,,2024-11-18,tushare_fund_basic,国金基金管理有限公司,,022486.OF,022485,False
022494,国泰上证综合ETF联接-E,指数型-股票,存续,2024-11-11,,2024-11-11,tushare_fund_basic,国泰基金管理有限公司,,022494.OF,022494,True
022497,国泰CES半导体芯片行业ETF联接-E,指数型-股票,存续,2024-11-11,,2024-11-11,tushare_fund_basic,国泰基金管理有限公司,,022497.OF,022497,True
022498,国泰中证生物医药ETF联接-E,指数型-股票,存续,2024-11-21,,2024-11-21,tushare_fund_basic,国泰基金管理有限公司,,022498.OF,022498,True
022500,国泰中证全指通信设备ETF联接-E,指数型-股票,存续,2024-11-21,,2024-11-21,tushare_fund_basic,国泰基金管理有限公司,,022500.OF,022500,True
022501,国泰中证煤炭ETF联接-E,指数型-股票,存续,2024-11-11,,2024-11-11,tushare_fund_basic,国泰基金管理有限公司,,022501.OF,022501,True
022504,招商沪深300ETF联接-A,指数型-股票,存续,2024-11-15,,2024-11-15,tushare_fund_basic,招商基金管理有限公司,,022504.OF,022504,True
022505,招商沪深300ETF联接-C,指数型-股票,存续,2024-11-15,,2024-11-15,tushare_fund_basic,招商基金管理有限公司,,022505.OF,022504,False
022509,国泰中证全指证券公司ETF联接-E,指数型-股票,存续,2024-11-11,,2024-11-11,tushare_fund_basic,国泰基金管理有限公司,,022509.OF,012362,False
022513,人保中证800指数增强-A,指数型-股票,存续,2024-12-23,,2024-12-23,tushare_fund_basic,中国人保资产管理有限公司,,022513.OF,022513,True
022514,人保中证800指数增强-C,指数型-股票,存续,2024-12-23,,2024-12-23,tushare_fund_basic,中国人保资产管理有限公司,,022514.OF,022513,False
022518,南方产业智选股票-C,股票型,存续,2024-11-05,,2024-11-05,tushare_fund_basic,南方基金管理股份有限公司,,022518.OF,022518,True
022519,东海祥龙灵活配置混合(LOF)-C,混合型-灵活,存续,2024-11-19,,2024-11-19,tushare_fund_basic,东海基金管理有限责任公司,,022519.OF,168301,False
022523,天弘标普500(QDII-FOF)-D,指数型-海外股票,存续,2024-11-01,,2024-11-01,tushare_fund_basic,天弘基金管理有限公司,,022523.OF,022523,True
022524,天弘越南市场股票(QDII)-D,股票型,存续,2024-11-01,,2024-11-01,tushare_fund_basic,天弘基金管理有限公司,,022524.OF,022524,True
022525,天弘纳斯达克100指数(QDII)-D,指数型-海外股票,存续,2024-11-01,,2024-11-01,tushare_fund_basic,天弘基金管理有限公司,,022525.OF,022525,True
022541,国泰中证计算机主题ETF联接-E,指数型-股票,存续,2024-11-21,,2024-11-21,tushare_fund_basic,国泰基金管理有限公司,,022541.OF,022541,True
022543,天弘沪深300指数增强-E,指数型-股票,存续,2024-11-04,,2024-11-04,tushare_fund_basic,天弘基金管理有限公司,,022543.OF,022543,True
022544,天弘中证科技100指数增强-E,指数型-股票,存续,2024-11-06,,2024-11-06,tushare_fund_basic,天弘基金管理有限公司,,022544.OF,022544,True
022545,天弘国证消费100指数增强-E,指数型-股票,存续,2024-11-05,,2024-11-05,tushare_fund_basic,天弘基金管理有限公司,,022545.OF,022545,True
022558,天弘中证医药主题指数增强-E,指数型-股票,存续,2024-11-08,,2024-11-08,tushare_fund_basic,天弘基金管理有限公司,,022558.OF,012401,False
022559,天弘中证高端装备制造指数增强-E,指数型-股票,存续,2024-11-07,,2024-11-07,tushare_fund_basic,天弘基金管理有限公司,,022559.OF,012212,False
022567,天弘中证500指数增强-E,指数型-股票,存续,2024-11-11,,2024-11-11,tushare_fund_basic,天弘基金管理有限公司,,022567.OF,022567,True
022569,银华上证科创板100ETF联接-I,指数型-股票,存续,2024-11-11,,2024-11-11,tushare_fund_basic,银华基金管理股份有限公司,,022569.OF,022569,True
022578,天弘价值精选灵活配置混合-E,混合型-灵活,存续,2024-11-12,,2024-11-12,tushare_fund_basic,天弘基金管理有限公司,,022578.OF,019216,False
022586,国泰中证钢铁ETF联接-E,指数型-股票,存续,2024-11-21,,2024-11-21,tushare_fund_basic,国泰基金管理有限公司,,022586.OF,022586,True
022599,博时沪深300ETF联接-A,指数型-股票,存续,2025-01-14,,2025-01-14,tushare_fund_basic,博时基金管理有限公司,,022599.OF,022599,True
022600,博时沪深300ETF联接-C,指数型-股票,存续,2025-01-14,,2025-01-14,tushare_fund_basic,博时基金管理有限公司,,022600.OF,022599,False
022606,银华中证A50ETF联接-I,指数型-股票,存续,2024-11-13,,2024-11-13,tushare_fund_basic,银华基金管理股份有限公司,,022606.OF,022606,True
022610,国泰中证A500ETF联接-I,指数型-股票,存续,2024-11-14,,2024-11-14,tushare_fund_basic,国泰基金管理有限公司,,022610.OF,022610,True
022614,南方中证A100ETF联接-I,指数型-股票,存续,2024-11-19,,2024-11-19,tushare_fund_basic,南方基金管理股份有限公司,,022614.OF,022614,True
022625,华安安益灵活配置混合-E,混合型-灵活,存续,2024-11-19,,2024-11-19,tushare_fund_basic,华安基金管理有限公司,,022625.OF,012659,False
022626,诺安中证A100指数-D,指数型-股票,存续,2024-11-22,,2024-11-22,tushare_fund_basic,诺安基金管理有限公司,,022626.OF,022626,True
022627,博时中证A100ETF联接-A,指数型-股票,存续,2024-12-25,,2024-12-25,tushare_fund_basic,博时基金管理有限公司,,022627.OF,022627,True
022628,博时中证A100ETF联接-C,指数型-股票,存续,2024-12-25,,2024-12-25,tushare_fund_basic,博时基金管理有限公司,,022628.OF,022627,False
022643,中欧国证消费电子主题指数-A,指数型-股票,存续,2024-12-10,,2024-12-10,tushare_fund_basic,中欧基金管理有限公司,,022643.OF,022643,True
022644,中欧国证消费电子主题指数-C,指数型-股票,存续,2024-12-10,,2024-12-10,tushare_fund_basic,中欧基金管理有限公司,,022644.OF,022643,False
022646,华安上证180ETF联接-I,指数型-股票,存续,2024-11-19,,2024-11-19,tushare_fund_basic,华安基金管理有限公司,,022646.OF,022646,True
022647,华安恒生科技ETF联接(QDII)-I,指数型-海外股票,存续,2024-11-19,,2024-11-19,tushare_fund_basic,华安基金管理有限公司,,022647.OF,022647,True
022654,华安创业板50ETF联接-I,指数型-股票,存续,2024-11-19,,2024-11-19,tushare_fund_basic,华安基金管理有限公司,,022654.OF,022654,True
022661,华富中证A100ETF联接-C,指数型-股票,存续,2024-11-21,,2024-11-21,tushare_fund_basic,华富基金管理有限公司,,022661.OF,022661,True
022663,华泰柏瑞中证港股通高股息投资ETF联接-I,指数型-海外股票,存续,2024-11-26,,2024-11-26,tushare_fund_basic,华泰柏瑞基金管理有限公司,,022663.OF,022663,True
022664,华泰柏瑞纳斯达克100ETF联接(QDII)-I,指数型-海外股票,存续,2024-11-26,,2024-11-26,tushare_fund_basic,华泰柏瑞基金管理有限公司,,022664.OF,022664,True
022665,鹏华中证A500ETF联接-A,指数型-股票,存续,2024-12-30,,2024-12-30,tushare_fund_basic,鹏华基金管理有限公司,,022665.OF,022665,True
022666,鹏华中证A500ETF联接-C,指数型-股票,存续,2024-12-30,,2024-12-30,tushare_fund_basic,鹏华基金管理有限公司,,022666.OF,022665,False
022670,招商中证A500指数增强-A,指数型-股票,存续,2024-12-24,,2024-12-24,tushare_fund_basic,招商基金管理有限公司,,022670.OF,022670,True
022671,招商中证A500指数增强-C,指数型-股票,存续,2024-12-24,,2024-12-24,tushare_fund_basic,招商基金管理有限公司,,022671.OF,022670,False
022674,中欧中证A500指数增强-A,指数型-股票,存续,2024-12-30,,2024-12-30,tushare_fund_basic,中欧基金管理有限公司,,022674.OF,022674,True
022675,中欧中证A500指数增强-C,指数型-股票,存续,2024-12-30,,2024-12-30,tushare_fund_basic,中欧基金管理有限公司,,022675.OF,022674,False
022676,富国中证A500指数增强-A,指数型-股票,存续,2025-01-23,,2025-01-23,tushare_fund_basic,富国基金管理有限公司,,022676.OF,022676,True
022677,富国中证A500指数增强-C,指数型-股票,存续,2025-01-23,,2025-01-23,tushare_fund_basic,富国基金管理有限公司,,022677.OF,022676,False
022678,华泰柏瑞中证红利低波动ETF联接-I,指数型-股票,存续,2024-11-26,,2024-11-26,tushare_fund_basic,华泰柏瑞基金管理有限公司,,022678.OF,022678,True
022679,华泰柏瑞上证科创板50成份ETF联接-I,指数型-股票,存续,2024-11-26,,2024-11-26,tushare_fund_basic,华泰柏瑞基金管理有限公司,,022679.OF,022679,True
022680,华泰柏瑞南方东英恒生科技指数ETF联接(QDII)-I,指数型-海外股票,存续,2024-11-26,,2024-11-26,tushare_fund_basic,华泰柏瑞基金管理有限公司,,022680.OF,022680,True
022681,华泰柏瑞中证韩交所中韩半导体ETF联接(QDII)-I,指数型-股票,存续,2024-11-26,,2024-11-26,tushare_fund_basic,华泰柏瑞基金管理有限公司,,022681.OF,022681,True
022685,中银中证1000指数增强-E,指数型-股票,存续,2024-11-26,,2024-11-26,tushare_fund_basic,中银基金管理有限公司,,022685.OF,019555,False
022686,广发中证A500指数增强-A,指数型-股票,存续,2025-01-17,,2025-01-17,tushare_fund_basic,广发基金管理有限公司,,022686.OF,022686,True
022687,广发中证A500指数增强-C,指数型-股票,存续,2025-01-17,,2025-01-17,tushare_fund_basic,广发基金管理有限公司,,022687.OF,022686,False
022688,申万菱信中证A500指数增强-A,指数型-股票,存续,2024-12-20,,2024-12-20,tushare_fund_basic,申万菱信基金管理有限公司,,022688.OF,022688,True
022689,申万菱信中证A500指数增强-C,指数型-股票,存续,2024-12-20,,2024-12-20,tushare_fund_basic,申万菱信基金管理有限公司,,022689.OF,022688,False
022690,华安医药生物股票-A,股票型,存续,2024-12-25,,2024-12-25,tushare_fund_basic,华安基金管理有限公司,,022690.OF,022690,True
022691,华安医药生物股票-C,股票型,存续,2024-12-25,,2024-12-25,tushare_fund_basic,华安基金管理有限公司,,022691.OF,022690,False
022695,鹏华中证800ETF联接-A,指数型-股票,存续,2025-04-29,,2025-04-29,tushare_fund_basic,鹏华基金管理有限公司,,022695.OF,022695,True
022696,鹏华中证800ETF联接-C,指数型-股票,存续,2025-04-29,,2025-04-29,tushare_fund_basic,鹏华基金管理有限公司,,022696.OF,022695,False
022697,长信中证A500指数增强-A,指数型-股票,存续,2025-04-29,,2025-04-29,tushare_fund_basic,长信基金管理有限责任公司,,022697.OF,022697,True
022698,长信中证A500指数增强-C,指数型-股票,存续,2025-04-29,,2025-04-29,tushare_fund_basic,长信基金管理有限责任公司,,022698.OF,022697,False
022699,华泰柏瑞沪深300ETF联接-I,指数型-股票,存续,2024-11-26,,2024-11-26,tushare_fund_basic,华泰柏瑞基金管理有限公司,,022699.OF,022699,True
022706,银河中证A500指数增强-A,指数型-股票,存续,2024-12-30,,2024-12-30,tushare_fund_basic,银河基金管理有限公司,,022706.OF,022706,True
022707,银河中证A500指数增强-C,指数型-股票,存续,2024-12-30,,2024-12-30,tushare_fund_basic,银河基金管理有限公司,,022707.OF,022706,False
022710,工银瑞信智能制造股票-C,股票型,存续,2024-11-26,,2024-11-26,tushare_fund_basic,工银瑞信基金管理有限公司,,022710.OF,022710,True
022714,万家新兴蓝筹灵活配置混合-C,混合型-灵活,存续,2024-11-27,,2024-11-27,tushare_fund_basic,万家基金管理有限公司,,022714.OF,022714,True
022715,贝莱德中证A500指数增强-A,指数型-股票,存续,2025-01-23,,2025-01-23,tushare_fund_basic,贝莱德基金管理有限公司,,022715.OF,022715,True
022716,贝莱德中证A500指数增强-C,指数型-股票,存续,2025-01-23,,2025-01-23,tushare_fund_basic,贝莱德基金管理有限公司,,022716.OF,022715,False
022719,广发中证国新港股通央企红利ETF联接-A,指数型-海外股票,存续,2025-01-20,,2025-01-20,tushare_fund_basic,广发基金管理有限公司,,022719.OF,022719,True
022720,广发中证国新港股通央企红利ETF联接-C,指数型-海外股票,存续,2025-01-20,,2025-01-20,tushare_fund_basic,广发基金管理有限公司,,022720.OF,022719,False
022725,博时上证科创板芯片ETF联接-A,指数型-股票,存续,2025-01-21,,2025-01-21,tushare_fund_basic,博时基金管理有限公司,,022725.OF,022725,True
022726,博时上证科创板芯片ETF联接-C,指数型-股票,存续,2025-01-21,,2025-01-21,tushare_fund_basic,博时基金管理有限公司,,022726.OF,022725,False
022728,中银上证科创板50成份ETF联接-A,指数型-股票,存续,2024-12-25,,2024-12-25,tushare_fund_basic,中银基金管理有限公司,,022728.OF,022728,True
022729,中银上证科创板50成份ETF联接-C,指数型-股票,存续,2024-12-25,,2024-12-25,tushare_fund_basic,中银基金管理有限公司,,022729.OF,022728,False
022731,平安中证汽车零部件主题ETF联接-A,指数型-股票,存续,2025-03-04,,2025-03-04,tushare_fund_basic,平安基金管理有限公司,,022731.OF,022731,True
022732,平安中证汽车零部件主题ETF联接-C,指数型-股票,存续,2025-03-04,,2025-03-04,tushare_fund_basic,平安基金管理有限公司,,022732.OF,022731,False
022739,申万菱信新能源汽车主题灵活配置混合-C,混合型-灵活,存续,2024-12-09,,2024-12-09,tushare_fund_basic,申万菱信基金管理有限公司,,022739.OF,022739,True
022741,万家180指数-C,指数型-股票,存续,2024-12-05,,2024-12-05,tushare_fund_basic,万家基金管理有限公司,,022741.OF,022741,True
022742,华泰柏瑞中证A500ETF联接-I,指数型-股票,存续,2024-12-02,,2024-12-02,tushare_fund_basic,华泰柏瑞基金管理有限公司,,022742.OF,022742,True
022743,鹏华增瑞灵活配置混合(LOF)-C,混合型-灵活,存续,2024-12-04,,2024-12-04,tushare_fund_basic,鹏华基金管理有限公司,,022743.OF,160642,False
022745,博道中证A500指数增强-A,指数型-股票,存续,2025-01-23,,2025-01-23,tushare_fund_basic,博道基金管理有限公司,,022745.OF,022745,True
022746,博道中证A500指数增强-C,指数型-股票,存续,2025-01-23,,2025-01-23,tushare_fund_basic,博道基金管理有限公司,,022746.OF,022745,False
022750,南方中证港股通汽车产业主题ETF联接-A,指数型-海外股票,存续,2025-01-14,,2025-01-14,tushare_fund_basic,南方基金管理股份有限公司,,022750.OF,022750,True
022751,南方中证港股通汽车产业主题ETF联接-C,指数型-海外股票,存续,2025-01-14,,2025-01-14,tushare_fund_basic,南方基金管理股份有限公司,,022751.OF,022750,False
022754,易方达科鑫量化选股股票-A,股票型,存续,2024-12-11,,2024-12-11,tushare_fund_basic,易方达基金管理有限公司,,022754.OF,022754,True
022755,易方达科鑫量化选股股票-C,股票型,存续,2024-12-11,,2024-12-11,tushare_fund_basic,易方达基金管理有限公司,,022755.OF,022754,False
022756,鹏扬中证A500指数增强-A,指数型-股票,存续,2025-03-04,,2025-03-04,tushare_fund_basic,鹏扬基金管理有限公司,,022756.OF,022756,True
022757,鹏扬中证A500指数增强-C,指数型-股票,存续,2025-03-04,,2025-03-04,tushare_fund_basic,鹏扬基金管理有限公司,,022757.OF,022756,False
022759,摩根中证A500ETF联接-I,指数型-股票,存续,2024-12-09,,2024-12-09,tushare_fund_basic,摩根基金管理(中国)有限公司,,022759.OF,022759,True
022762,长城中证A500指数-A,指数型-股票,存续,2025-01-17,,2025-01-17,tushare_fund_basic,长城基金管理有限公司,,022762.OF,022762,True
022763,长城中证A500指数-C,指数型-股票,存续,2025-01-17,,2025-01-17,tushare_fund_basic,长城基金管理有限公司,,022763.OF,022762,False
022768,浦银中证A500指数增强-A,指数型-股票,存续,2025-03-11,,2025-03-11,tushare_fund_basic,浦银基金管理有限公司,,022768.OF,022768,True
022769,浦银中证A500指数增强-C,指数型-股票,存续,2025-03-11,,2025-03-11,tushare_fund_basic,浦银基金管理有限公司,,022769.OF,022768,False
022770,兴业中证A500指数增强-A,指数型-股票,存续,2025-01-23,,2025-01-23,tushare_fund_basic,兴业基金管理有限公司,,022770.OF,022770,True
022771,兴业中证A500指数增强-C,指数型-股票,存续,2025-01-23,,2025-01-23,tushare_fund_basic,兴业基金管理有限公司,,022771.OF,022770,False
022774,鹏华沪深300ETF联接(LOF)-D,指数型-股票,存续,2024-12-09,,2024-12-09,tushare_fund_basic,鹏华基金管理有限公司,,022774.OF,022774,True
022781,中泰中证A500指数增强-A,指数型-股票,存续,2025-04-01,,2025-04-01,tushare_fund_basic,中泰证券(上海)资产管理有限公司,,022781.OF,022781,True
022782,中泰中证A500指数增强-C,指数型-股票,存续,2025-04-01,,2025-04-01,tushare_fund_basic,中泰证券(上海)资产管理有限公司,,022782.OF,022781,False
022784,国泰鑫策略价值灵活配置混合-C,混合型-灵活,存续,2024-12-17,,2024-12-17,tushare_fund_basic,国泰基金管理有限公司,,022784.OF,022784,True
022785,国泰鑫策略价值灵活配置混合-E,混合型-灵活,存续,2024-12-17,,2024-12-17,tushare_fund_basic,国泰基金管理有限公司,,022785.OF,022784,False
022790,苏新中证500指数增强-A,指数型-股票,存续,2024-12-30,,2024-12-30,tushare_fund_basic,苏新基金管理有限公司,,022790.OF,022790,True
022791,苏新中证500指数增强-C,指数型-股票,存续,2024-12-30,,2024-12-30,tushare_fund_basic,苏新基金管理有限公司,,022791.OF,022790,False
022792,鹏华中证细分化工产业主题ETF联接-I,指数型-股票,存续,2024-12-09,,2024-12-09,tushare_fund_basic,鹏华基金管理有限公司,,022792.OF,022792,True
022793,鹏华中证港股通消费主题ETF联接-I,指数型-海外股票,存续,2024-12-09,,2024-12-09,tushare_fund_basic,鹏华基金管理有限公司,,022793.OF,022793,True
022794,鹏华国证疫苗与生物科技ETF联接-I,指数型-股票,存续,2024-12-09,,2024-12-09,tushare_fund_basic,鹏华基金管理有限公司,,022794.OF,022794,True
022795,鹏华国证ESG300ETF联接-I,指数型-股票,存续,2024-12-09,,2024-12-09,tushare_fund_basic,鹏华基金管理有限公司,,022795.OF,022795,True
022796,鹏华国证2000指数增强-I,指数型-股票,存续,2024-12-09,,2024-12-09,tushare_fund_basic,鹏华基金管理有限公司,,022796.OF,022796,True
022797,鹏华中证内地低碳经济主题ETF联接-I,指数型-股票,存续,2024-12-09,,2024-12-09,tushare_fund_basic,鹏华基金管理有限公司,,022797.OF,022797,True
022800,西部利得中证A500指数增强-A,指数型-股票,存续,2025-08-19,,2025-08-19,tushare_fund_basic,西部利得基金管理有限公司,,022800.OF,022800,True
022801,西部利得中证A500指数增强-C,指数型-股票,存续,2025-08-19,,2025-08-19,tushare_fund_basic,西部利得基金管理有限公司,,022801.OF,022800,False
022804,中加中证A500指数增强-A,指数型-股票,存续,2025-01-24,,2025-01-24,tushare_fund_basic,中加基金管理有限公司,,022804.OF,022804,True
022805,中加中证A500指数增强-C,指数型-股票,存续,2025-01-24,,2025-01-24,tushare_fund_basic,中加基金管理有限公司,,022805.OF,022804,False
022811,人保中证A500指数增强-A,指数型-股票,存续,2025-03-28,,2025-03-28,tushare_fund_basic,中国人保资产管理有限公司,,022811.OF,022811,True
022812,人保中证A500指数增强-C,指数型-股票,存续,2025-03-28,,2025-03-28,tushare_fund_basic,中国人保资产管理有限公司,,022812.OF,022811,False
022817,宏利中证A500指数增强-A,指数型-股票,存续,2025-03-11,,2025-03-11,tushare_fund_basic,宏利基金管理有限公司,,022817.OF,022817,True
022818,宏利中证A500指数增强-C,指数型-股票,存续,2025-03-11,,2025-03-11,tushare_fund_basic,宏利基金管理有限公司,,022818.OF,022817,False
022819,鹏华中证500指数增强-I,指数型-股票,存续,2024-12-11,,2024-12-11,tushare_fund_basic,鹏华基金管理有限公司,,022819.OF,022819,True
022820,融通中证A500指数增强-A,指数型-股票,存续,2025-03-18,,2025-03-18,tushare_fund_basic,融通基金管理有限公司,,022820.OF,022820,True
022821,融通中证A500指数增强-C,指数型-股票,存续,2025-03-18,,2025-03-18,tushare_fund_basic,融通基金管理有限公司,,022821.OF,022820,False
022822,鹏华中证1000指数增强-I,指数型-股票,存续,2024-12-11,,2024-12-11,tushare_fund_basic,鹏华基金管理有限公司,,022822.OF,022822,True
022823,鹏华中证高铁产业指数(LOF)-I,指数型-股票,存续,2024-12-11,,2024-12-11,tushare_fund_basic,鹏华基金管理有限公司,,022823.OF,022823,True
022824,鹏华沪深300指数增强-I,指数型-股票,存续,2024-12-11,,2024-12-11,tushare_fund_basic,鹏华基金管理有限公司,,022824.OF,022824,True
022825,鹏华中证一带一路主题指数(LOF)-I,指数型-股票,存续,2024-12-11,,2024-12-11,tushare_fund_basic,鹏华基金管理有限公司,,022825.OF,022825,True
022826,华宝上证180价值ETF联接-C,指数型-股票,存续,2024-12-11,,2024-12-11,tushare_fund_basic,华宝基金管理有限公司,,022826.OF,022826,True
022831,华商电子行业量化股票-C,股票型,存续,2024-12-13,,2024-12-13,tushare_fund_basic,华商基金管理有限公司,,022831.OF,022831,True
022834,鹏华中证沪港深科技龙头指数(LOF)-I,指数型-股票,存续,2024-12-11,,2024-12-11,tushare_fund_basic,鹏华基金管理有限公司,,022834.OF,022834,True
022840,招商华证价值优选50指数-A,指数型-股票,存续,2025-01-16,,2025-01-16,tushare_fund_basic,招商基金管理有限公司,,022840.OF,022840,True
022841,招商华证价值优选50指数-C,指数型-股票,存续,2025-01-16,,2025-01-16,tushare_fund_basic,招商基金管理有限公司,,022841.OF,022840,False
022844,鹏华中证港股通医药卫生综合ETF联接-I,指数型-海外股票,存续,2024-12-12,,2024-12-12,tushare_fund_basic,鹏华基金管理有限公司,,022844.OF,022844,True
022845,鹏华上证科创板100ETF联接-I,指数型-股票,存续,2024-12-12,,2024-12-12,tushare_fund_basic,鹏华基金管理有限公司,,022845.OF,022845,True
022848,鹏华国证粮食产业ETF联接-I,指数型-股票,存续,2024-12-12,,2024-12-12,tushare_fund_basic,鹏华基金管理有限公司,,022848.OF,022848,True
022849,招商中证A50指数增强-A,指数型-股票,存续,2025-02-25,,2025-02-25,tushare_fund_basic,招商基金管理有限公司,,022849.OF,022849,True
022850,招商中证A50指数增强-C,指数型-股票,存续,2025-02-25,,2025-02-25,tushare_fund_basic,招商基金管理有限公司,,022850.OF,022849,False
022851,诺安汇利灵活配置混合-E,混合型-灵活,存续,2024-12-12,,2024-12-12,tushare_fund_basic,诺安基金管理有限公司,,022851.OF,022851,True
022854,中航中证智选均衡配置指数-A,指数型-股票,存续,2025-03-19,,2025-03-19,tushare_fund_basic,中航基金管理有限公司,,022854.OF,022854,True
022855,中航中证智选均衡配置指数-C,指数型-股票,存续,2025-03-19,,2025-03-19,tushare_fund_basic,中航基金管理有限公司,,022855.OF,022854,False
022857,华夏上证综合全收益指数增强-A,指数型-股票,存续,2025-03-04,,2025-03-04,tushare_fund_basic,华夏基金管理有限公司,,022857.OF,022857,True
022858,华夏上证综合全收益指数增强-C,指数型-股票,存续,2025-03-04,,2025-03-04,tushare_fund_basic,华夏基金管理有限公司,,022858.OF,022857,False
022859,中银沪深300指数-A,指数型-股票,存续,2025-01-07,,2025-01-07,tushare_fund_basic,中银基金管理有限公司,,022859.OF,022859,True
022860,中银沪深300指数-C,指数型-股票,存续,2025-01-07,,2025-01-07,tushare_fund_basic,中银基金管理有限公司,,022860.OF,022859,False
022861,鹏华国证石油天然气ETF联接-I,指数型-股票,存续,2024-12-13,,2024-12-13,tushare_fund_basic,鹏华基金管理有限公司,,022861.OF,022861,True
022862,鹏华中证光伏产业ETF联接-I,指数型-股票,存续,2024-12-13,,2024-12-13,tushare_fund_basic,鹏华基金管理有限公司,,022862.OF,022862,True
022863,鹏华国证半导体芯片ETF联接-I,指数型-股票,存续,2024-12-13,,2024-12-13,tushare_fund_basic,鹏华基金管理有限公司,,022863.OF,022863,True
022866,博道沪深300指数量化增强-A,指数型-股票,存续,2025-01-21,,2025-01-21,tushare_fund_basic,博道基金管理有限公司,,022866.OF,022866,True
022867,博道沪深300指数量化增强-C,指数型-股票,存续,2025-01-21,,2025-01-21,tushare_fund_basic,博道基金管理有限公司,,022867.OF,022866,False
022868,英大国企改革主题股票-C,股票型,存续,2024-12-16,,2024-12-16,tushare_fund_basic,英大基金管理有限公司,,022868.OF,022868,True
022869,华夏中证全指公用事业ETF联接-A,指数型-股票,存续,2024-12-24,,2024-12-24,tushare_fund_basic,华夏基金管理有限公司,,022869.OF,022869,True
022873,华夏中证全指公用事业ETF联接-C,指数型-股票,存续,2024-12-24,,2024-12-24,tushare_fund_basic,华夏基金管理有限公司,,022873.OF,022869,False
022881,鹏华中证中药ETF联接-I,指数型-股票,存续,2024-12-17,,2024-12-17,tushare_fund_basic,鹏华基金管理有限公司,,022881.OF,022881,True
022882,鹏华中证云计算与大数据主题ETF联接-I,指数型-股票,存续,2024-12-17,,2024-12-17,tushare_fund_basic,鹏华基金管理有限公司,,022882.OF,022882,True
022883,鹏华中证工业互联网主题ETF联接-I,指数型-股票,存续,2024-12-17,,2024-12-17,tushare_fund_basic,鹏华基金管理有限公司,,022883.OF,022883,True
022884,鹏华中证港股通科技ETF联接-I,指数型-海外股票,存续,2024-12-17,,2024-12-17,tushare_fund_basic,鹏华基金管理有限公司,,022884.OF,022884,True
022885,鹏华中证车联网主题ETF联接-I,指数型-股票,存续,2024-12-17,,2024-12-17,tushare_fund_basic,鹏华基金管理有限公司,,022885.OF,022885,True
022886,鹏华国证有色金属行业ETF联接-I,指数型-股票,存续,2024-12-17,,2024-12-17,tushare_fund_basic,鹏华基金管理有限公司,,022886.OF,022886,True
022887,华宝标普港股通低波红利ETF联接-A,指数型-海外股票,存续,2025-01-24,,2025-01-24,tushare_fund_basic,华宝基金管理有限公司,,022887.OF,022887,True
022888,华宝标普港股通低波红利ETF联接-C,指数型-海外股票,存续,2025-01-24,,2025-01-24,tushare_fund_basic,华宝基金管理有限公司,,022888.OF,022887,False
022890,嘉实沪深300ETF联接(LOF)-Y,指数型-股票,存续,2024-12-18,,2024-12-18,tushare_fund_basic,嘉实基金管理有限公司,,022890.OF,022890,True
022891,国联物联网主题灵活配置混合-C,混合型-灵活,存续,2024-12-17,,2024-12-17,tushare_fund_basic,国联基金管理有限公司,,022891.OF,022891,True
022892,易方达中证A50ETF联接-Y,指数型-股票,存续,2024-12-13,,2024-12-13,tushare_fund_basic,易方达基金管理有限公司,,022892.OF,022892,True
022893,汇添富中证500指数增强-Y,指数型-股票,存续,2024-12-13,,2024-12-13,tushare_fund_basic,汇添富基金管理股份有限公司,,022893.OF,022893,True
022894,景顺长城中证A500ETF联接-Y,指数型-股票,存续,2024-12-13,,2024-12-13,tushare_fund_basic,景顺长城基金管理有限公司,,022894.OF,022894,True
022895,易方达上证科创板50成份ETF联接-Y,指数型-股票,存续,2024-12-13,,2024-12-13,tushare_fund_basic,易方达基金管理有限公司,,022895.OF,022895,True
022896,广发创业板ETF联接-Y,指数型-股票,存续,2024-12-13,,2024-12-13,tushare_fund_basic,广发基金管理有限公司,,022896.OF,022896,True
022897,嘉实沪深300红利低波动ETF联接-Y,指数型-股票,存续,2024-12-13,,2024-12-13,tushare_fund_basic,嘉实基金管理有限公司,,022897.OF,022897,True
022898,中欧中证A500指数-Y,指数型-股票,存续,2024-12-13,,2024-12-13,tushare_fund_basic,中欧基金管理有限公司,,022898.OF,022898,True
022899,中欧沪深300指数-Y,指数型-股票,存续,2024-12-13,,2024-12-13,tushare_fund_basic,中欧基金管理有限公司,,022899.OF,022899,True
022900,创金合信中证红利低波动指数-Y,指数型-股票,存续,2024-12-13,,2024-12-13,tushare_fund_basic,创金合信基金管理有限公司,,022900.OF,022900,True
022901,英大领先回报混合-C,混合型-灵活,存续,2025-01-03,,2025-01-03,tushare_fund_basic,英大基金管理有限公司,,022901.OF,022901,True
022902,富国中证A500ETF联接-Y,指数型-股票,存续,2024-12-13,,2024-12-13,tushare_fund_basic,富国基金管理有限公司,,022902.OF,022902,True
022903,富国中证红利指数增强-Y,指数型-股票,存续,2024-12-13,,2024-12-13,tushare_fund_basic,富国基金管理有限公司,,022903.OF,022903,True
022904,大成中证A500ETF联接-Y,指数型-股票,存续,2024-12-13,,2024-12-13,tushare_fund_basic,大成基金管理有限公司,,022904.OF,022904,True
022905,嘉实中证A500ETF联接-Y,指数型-股票,存续,2024-12-13,,2024-12-13,tushare_fund_basic,嘉实基金管理有限公司,,022905.OF,022905,True
022906,富国沪深300增强-Y,指数型-股票,存续,2024-12-13,,2024-12-13,tushare_fund_basic,富国基金管理有限公司,,022906.OF,022906,True
022907,易方达创业板ETF联接-Y,指数型-股票,存续,2024-12-13,,2024-12-13,tushare_fund_basic,易方达基金管理有限公司,,022907.OF,022907,True
022908,国投瑞银沪深300指数量化增强-Y,指数型-股票,存续,2024-12-13,,2024-12-13,tushare_fund_basic,国投瑞银基金管理有限公司,,022908.OF,022908,True
022909,国投瑞银中证500指数量化增强-Y,指数型-股票,存续,2024-12-13,,2024-12-13,tushare_fund_basic,国投瑞银基金管理有限公司,,022909.OF,022909,True
022910,易方达中证科创创业50ETF联接-Y,指数型-股票,存续,2024-12-13,,2024-12-13,tushare_fund_basic,易方达基金管理有限公司,,022910.OF,022910,True
022911,摩根中证A500ETF联接-Y,指数型-股票,存续,2024-12-13,,2024-12-13,tushare_fund_basic,摩根基金管理(中国)有限公司,,022911.OF,022911,True
022912,南方创业板ETF联接-Y,指数型-股票,存续,2024-12-13,,2024-12-13,tushare_fund_basic,南方基金管理股份有限公司,,022912.OF,022912,True
022913,易方达中证500ETF联接-Y,指数型-股票,存续,2024-12-13,,2024-12-13,tushare_fund_basic,易方达基金管理有限公司,,022913.OF,022913,True
022914,易方达沪深300指数精选增强-Y,指数型-股票,存续,2024-12-13,,2024-12-13,tushare_fund_basic,易方达基金管理有限公司,,022914.OF,022914,True
022915,嘉实中证500ETF联接-Y,指数型-股票,存续,2024-12-13,,2024-12-13,tushare_fund_basic,嘉实基金管理有限公司,,022915.OF,022915,True
022916,博时中证A500ETF联接-Y,指数型-股票,存续,2024-12-13,,2024-12-13,tushare_fund_basic,博时基金管理有限公司,,022916.OF,022916,True
022917,万家沪深300指数增强-Y,指数型-股票,存续,2024-12-13,,2024-12-13,tushare_fund_basic,万家基金管理有限公司,,022917.OF,022917,True
022918,南方中证A500ETF联接-Y,指数型-股票,存续,2024-12-13,,2024-12-13,tushare_fund_basic,南方基金管理股份有限公司,,022918.OF,022918,True
022919,申万菱信中证500指数优选增强-Y,指数型-股票,存续,2024-12-13,,2024-12-13,tushare_fund_basic,申万菱信基金管理有限公司,,022919.OF,022919,True
022920,博时创业板ETF联接-Y,指数型-股票,存续,2024-12-13,,2024-12-13,tushare_fund_basic,博时基金管理有限公司,,022920.OF,022920,True
022921,南方中证500ETF联接(LOF)-Y,指数型-股票,存续,2024-12-13,,2024-12-13,tushare_fund_basic,南方基金管理股份有限公司,,022921.OF,022921,True
022922,博时裕富沪深300指数-Y,指数型-股票,存续,2024-12-13,,2024-12-13,tushare_fund_basic,博时基金管理有限公司,,022922.OF,022922,True
022923,易方达深证100ETF联接-Y,指数型-股票,存续,2024-12-13,,2024-12-13,tushare_fund_basic,易方达基金管理有限公司,,022923.OF,022923,True
022924,南方沪深300ETF联接-Y,指数型-股票,存续,2024-12-13,,2024-12-13,tushare_fund_basic,南方基金管理股份有限公司,,022924.OF,022924,True
022925,易方达中证红利ETF联接-Y,指数型-股票,存续,2024-12-13,,2024-12-13,tushare_fund_basic,易方达基金管理有限公司,,022925.OF,022925,True
022926,华宝中证A100ETF联接-Y,指数型-股票,存续,2024-12-13,,2024-12-13,tushare_fund_basic,华宝基金管理有限公司,,022926.OF,022926,True
022927,大成中证红利指数-Y,指数型-股票,存续,2024-12-13,,2024-12-13,tushare_fund_basic,大成基金管理有限公司,,022927.OF,022927,True
022928,易方达沪深300ETF联接-Y,指数型-股票,存续,2024-12-13,,2024-12-13,tushare_fund_basic,易方达基金管理有限公司,,022928.OF,022928,True
022929,华安创业板50指数-Y,指数型-股票,存续,2024-12-13,,2024-12-13,tushare_fund_basic,华安基金管理有限公司,,022929.OF,022929,True
022930,易方达中证A500ETF联接-Y,指数型-股票,存续,2024-12-13,,2024-12-13,tushare_fund_basic,易方达基金管理有限公司,,022930.OF,022930,True
022931,华安中证A500ETF联接-Y,指数型-股票,存续,2024-12-13,,2024-12-13,tushare_fund_basic,华安基金管理有限公司,,022931.OF,022931,True
022932,工银瑞信上证科创板50成份ETF联接-Y,指数型-股票,存续,2024-12-13,,2024-12-13,tushare_fund_basic,工银瑞信基金管理有限公司,,022932.OF,022932,True
022933,易方达上证50指数增强-Y,指数型-股票,存续,2024-12-13,,2024-12-13,tushare_fund_basic,易方达基金管理有限公司,,022933.OF,022933,True
022934,交银创业板50指数-Y,指数型-股票,存续,2024-12-13,,2024-12-13,tushare_fund_basic,交银施罗德基金管理有限公司,,022934.OF,022934,True
022935,工银瑞信沪深300指数-Y,指数型-股票,存续,2024-12-13,,2024-12-13,tushare_fund_basic,工银瑞信基金管理有限公司,,022935.OF,022935,True
022936,国泰沪深300指数-Y,指数型-股票,存续,2024-12-12,,2024-12-12,tushare_fund_basic,国泰基金管理有限公司,,022936.OF,022936,True
022937,西部利得中证500指数增强(LOF)-Y,指数型-股票,存续,2024-12-13,,2024-12-13,tushare_fund_basic,西部利得基金管理有限公司,,022937.OF,022937,True
022938,招商中证A500ETF联接-Y,指数型-股票,存续,2024-12-13,,2024-12-13,tushare_fund_basic,招商基金管理有限公司,,022938.OF,022938,True
022939,华夏中证科创创业50ETF联接-Y,指数型-股票,存续,2024-12-13,,2024-12-13,tushare_fund_basic,华夏基金管理有限公司,,022939.OF,022939,True
022940,天弘沪深300指数增强-Y,指数型-股票,存续,2024-12-13,,2024-12-13,tushare_fund_basic,天弘基金管理有限公司,,022940.OF,022940,True
022941,鹏扬中证科创创业50ETF联接-Y,指数型-股票,存续,2024-12-13,,2024-12-13,tushare_fund_basic,鹏扬基金管理有限公司,,022941.OF,022941,True
022942,泰康中证A500ETF联接-Y,指数型-股票,存续,2024-12-13,,2024-12-13,tushare_fund_basic,泰康基金管理有限公司,,022942.OF,022942,True
022943,华夏中证500指数智选增强-Y,指数型-股票,存续,2024-12-13,,2024-12-13,tushare_fund_basic,华夏基金管理有限公司,,022943.OF,022943,True
022944,银华中证A500ETF联接-Y,指数型-股票,存续,2024-12-13,,2024-12-13,tushare_fund_basic,银华基金管理股份有限公司,,022944.OF,022944,True
022945,华夏上证科创板50成份ETF联接-Y,指数型-股票,存续,2024-12-13,,2024-12-13,tushare_fund_basic,华夏基金管理有限公司,,022945.OF,022945,True
022946,建信中证500指数增强-Y,指数型-股票,存续,2024-12-13,,2024-12-13,tushare_fund_basic,建信基金管理有限责任公司,,022946.OF,022946,True
022947,华泰柏瑞中证A500ETF联接-Y,指数型-股票,存续,2024-12-13,,2024-12-13,tushare_fund_basic,华泰柏瑞基金管理有限公司,,022947.OF,022947,True
022948,华泰柏瑞沪深300ETF联接-Y,指数型-股票,存续,2024-12-13,,2024-12-13,tushare_fund_basic,华泰柏瑞基金管理有限公司,,022948.OF,022948,True
022949,汇添富沪深300指数增强-Y,指数型-股票,存续,2024-12-13,,2024-12-13,tushare_fund_basic,汇添富基金管理股份有限公司,,022949.OF,022949,True
022950,华泰柏瑞上证科创板50成份ETF联接-Y,指数型-股票,存续,2024-12-13,,2024-12-13,tushare_fund_basic,华泰柏瑞基金管理有限公司,,022950.OF,022950,True
022951,华泰柏瑞中证红利低波动ETF联接-Y,指数型-股票,存续,2024-12-13,,2024-12-13,tushare_fund_basic,华泰柏瑞基金管理有限公司,,022951.OF,022951,True
022952,富国创业板ETF联接-Y,指数型-股票,存续,2024-12-13,,2024-12-13,tushare_fund_basic,富国基金管理有限公司,,022952.OF,022952,True
022953,富国中证500指数增强(LOF)-Y,指数型-股票,存续,2024-12-13,,2024-12-13,tushare_fund_basic,富国基金管理有限公司,,022953.OF,022953,True
022954,华夏沪深300指数增强-Y,指数型-股票,存续,2024-12-13,,2024-12-13,tushare_fund_basic,华夏基金管理有限公司,,022954.OF,022954,True
022955,天弘沪深300ETF联接-Y,指数型-股票,存续,2024-12-13,,2024-12-13,tushare_fund_basic,天弘基金管理有限公司,,022955.OF,022955,True
022956,天弘上证50ETF联接-Y,指数型-股票,存续,2024-12-13,,2024-12-13,tushare_fund_basic,天弘基金管理有限公司,,022956.OF,022956,True
022957,华夏中证500指数增强-Y,指数型-股票,存续,2024-12-13,,2024-12-13,tushare_fund_basic,华夏基金管理有限公司,,022957.OF,022957,True
022958,华夏中证500ETF联接-Y,指数型-股票,存续,2024-12-13,,2024-12-13,tushare_fund_basic,华夏基金管理有限公司,,022958.OF,022958,True
022959,华夏上证50ETF联接-Y,指数型-股票,存续,2024-12-13,,2024-12-13,tushare_fund_basic,华夏基金管理有限公司,,022959.OF,022959,True
022960,天弘创业板ETF联接-Y,指数型-股票,存续,2024-12-13,,2024-12-13,tushare_fund_basic,天弘基金管理有限公司,,022960.OF,022960,True
022961,天弘中证500ETF联接-Y,指数型-股票,存续,2024-12-13,,2024-12-13,tushare_fund_basic,天弘基金管理有限公司,,022961.OF,022961,True
022962,兴全沪深300指数增强(LOF)-Y,指数型-股票,存续,2024-12-12,,2024-12-12,tushare_fund_basic,兴证全球基金管理有限公司,,022962.OF,022962,True
022963,兴全中证800六个月持有期指数增强-Y,指数型-海外股票,存续,2024-12-12,,2024-12-12,tushare_fund_basic,兴证全球基金管理有限公司,,022963.OF,022963,True
022964,广发沪深300ETF联接-Y,指数型-股票,存续,2024-12-13,,2024-12-13,tushare_fund_basic,广发基金管理有限公司,,022964.OF,022964,True
022965,广发中证500ETF联接(LOF)-Y,指数型-股票,存续,2024-12-13,,2024-12-13,tushare_fund_basic,广发基金管理有限公司,,022965.OF,022965,True
022966,天弘中证A500ETF联接-Y,指数型-股票,存续,2024-12-13,,2024-12-13,tushare_fund_basic,天弘基金管理有限公司,,022966.OF,022966,True
022967,万家中证A500ETF联接-Y,指数型-股票,存续,2024-12-13,,2024-12-13,tushare_fund_basic,万家基金管理有限公司,,022967.OF,022967,True
022969,鹏华上证科创板50成份增强策略ETF联接-I,指数型-股票,存续,2024-12-18,,2024-12-18,tushare_fund_basic,鹏华基金管理有限公司,,022969.OF,022969,True
022971,广发中证A500ETF联接-Y,指数型-股票,存续,2024-12-13,,2024-12-13,tushare_fund_basic,广发基金管理有限公司,,022971.OF,022971,True
022972,鹏华弘信灵活配置混合-D,混合型-灵活,存续,2024-12-18,,2024-12-18,tushare_fund_basic,鹏华基金管理有限公司,,022972.OF,022972,True
022973,大成沪深300指数-Y,指数型-股票,存续,2024-12-13,,2024-12-13,tushare_fund_basic,大成基金管理有限公司,,022973.OF,022973,True
022974,鹏华弘实灵活配置混合-D,混合型-灵活,存续,2024-12-18,,2024-12-18,tushare_fund_basic,鹏华基金管理有限公司,,022974.OF,022974,True
022975,工银瑞信中证A50ETF联接-Y,指数型-股票,存续,2024-12-13,,2024-12-13,tushare_fund_basic,工银瑞信基金管理有限公司,,022975.OF,022975,True
022976,华安创业板50ETF联接-Y,指数型-股票,存续,2024-12-13,,2024-12-13,tushare_fund_basic,华安基金管理有限公司,,022976.OF,022976,True
022979,华夏中证A500ETF联接-Y,指数型-股票,存续,2024-12-13,,2024-12-13,tushare_fund_basic,华夏基金管理有限公司,,022979.OF,022979,True
022980,天弘中证红利低波动100ETF联接-Y,指数型-股票,存续,2024-12-13,,2024-12-13,tushare_fund_basic,天弘基金管理有限公司,,022980.OF,022980,True
022981,天弘中证科创创业50ETF联接-Y,指数型-股票,存续,2024-12-13,,2024-12-13,tushare_fund_basic,天弘基金管理有限公司,,022981.OF,022981,True
022982,工银瑞信中证A500ETF联接-Y,指数型-股票,存续,2024-12-13,,2024-12-13,tushare_fund_basic,工银瑞信基金管理有限公司,,022982.OF,022982,True
022983,华夏沪深300ETF联接-Y,指数型-股票,存续,2024-12-13,,2024-12-13,tushare_fund_basic,华夏基金管理有限公司,,022983.OF,022983,True
022987,鹏华沪深300ETF联接(LOF)-I,指数型-股票,存续,2024-12-19,,2024-12-19,tushare_fund_basic,鹏华基金管理有限公司,,022987.OF,022987,True
022988,鹏华中证500ETF联接-I,指数型-股票,存续,2024-12-19,,2024-12-19,tushare_fund_basic,鹏华基金管理有限公司,,022988.OF,022988,True
022992,鹏华中证500指数(LOF)-I,指数型-股票,存续,2024-12-19,,2024-12-19,tushare_fund_basic,鹏华基金管理有限公司,,022992.OF,022992,True
023001,汇添富上证科创板100ETF联接-A,指数型-股票,存续,2025-03-19,,2025-03-19,tushare_fund_basic,汇添富基金管理股份有限公司,,023001.OF,023001,True
023002,汇添富上证科创板100ETF联接-C,指数型-股票,存续,2025-03-19,,2025-03-19,tushare_fund_basic,汇添富基金管理股份有限公司,,023002.OF,023001,False
023021,中邮信息产业灵活配置混合-C,混合型-灵活,存续,2025-01-10,,2025-01-10,tushare_fund_basic,中邮创业基金管理股份有限公司,,023021.OF,023021,True
023022,交银中证A500指数-A,指数型-股票,存续,2025-01-22,,2025-01-22,tushare_fund_basic,交银施罗德基金管理有限公司,,023022.OF,023022,True
023023,交银中证A500指数-C,指数型-股票,存续,2025-01-22,,2025-01-22,tushare_fund_basic,交银施罗德基金管理有限公司,,023023.OF,023022,False
023024,鹏华创业板50ETF联接-I,指数型-股票,存续,2024-12-24,,2024-12-24,tushare_fund_basic,鹏华基金管理有限公司,,023024.OF,023024,True
023034,中欧恒生科技指数(QDII)-A,指数型-海外股票,存续,2025-01-14,,2025-01-14,tushare_fund_basic,中欧基金管理有限公司,,023034.OF,023034,True
023035,中欧恒生科技指数(QDII)-C,指数型-海外股票,存续,2025-01-14,,2025-01-14,tushare_fund_basic,中欧基金管理有限公司,,023035.OF,023034,False
023038,汇安中证A500指数-A,指数型-股票,存续,2025-01-24,,2025-01-24,tushare_fund_basic,汇安基金管理有限责任公司,,023038.OF,023038,True
023039,汇安中证A500指数-C,指数型-股票,存续,2025-01-24,,2025-01-24,tushare_fund_basic,汇安基金管理有限责任公司,,023039.OF,023038,False
023042,民生加银中证A500指数-A,指数型-股票,存续,2025-01-21,,2025-01-21,tushare_fund_basic,民生加银基金管理有限公司,,023042.OF,023042,True
023043,民生加银中证A500指数-C,指数型-股票,存续,2025-01-21,,2025-01-21,tushare_fund_basic,民生加银基金管理有限公司,,023043.OF,023042,False
023050,交银上证科创板100指数-A,指数型-股票,存续,2025-02-26,,2025-02-26,tushare_fund_basic,交银施罗德基金管理有限公司,,023050.OF,023050,True
023051,交银上证科创板100指数-C,指数型-股票,存续,2025-02-26,,2025-02-26,tushare_fund_basic,交银施罗德基金管理有限公司,,023051.OF,023050,False
023052,交银中证A50指数-A,指数型-股票,存续,2025-04-02,,2025-04-02,tushare_fund_basic,交银施罗德基金管理有限公司,,023052.OF,023052,True
023053,交银中证A50指数-C,指数型-股票,存续,2025-04-02,,2025-04-02,tushare_fund_basic,交银施罗德基金管理有限公司,,023053.OF,023052,False
023055,富国上证科创板50成份ETF联接-A,指数型-股票,存续,2025-01-21,,2025-01-21,tushare_fund_basic,富国基金管理有限公司,,023055.OF,023055,True
023056,富国上证科创板50成份ETF联接-C,指数型-股票,存续,2025-01-21,,2025-01-21,tushare_fund_basic,富国基金管理有限公司,,023056.OF,023055,False
023059,汇添富沪深300ETF联接-A,指数型-股票,存续,2025-07-02,,2025-07-02,tushare_fund_basic,汇添富基金管理股份有限公司,,023059.OF,023059,True
023060,汇添富沪深300ETF联接-C,指数型-股票,存续,2025-07-02,,2025-07-02,tushare_fund_basic,汇添富基金管理股份有限公司,,023060.OF,023059,False
023064,申万菱信沪深300价值ETF联接-A,指数型-股票,存续,2025-02-05,,2025-02-05,tushare_fund_basic,申万菱信基金管理有限公司,,023064.OF,023064,True
023065,申万菱信沪深300价值ETF联接-C,指数型-股票,存续,2025-02-05,,2025-02-05,tushare_fund_basic,申万菱信基金管理有限公司,,023065.OF,023064,False
023070,鹏华恒生港股通高股息率指数-A,指数型-海外股票,存续,2025-01-24,,2025-01-24,tushare_fund_basic,鹏华基金管理有限公司,,023070.OF,023070,True
023071,鹏华恒生港股通高股息率指数-C,指数型-海外股票,存续,2025-01-24,,2025-01-24,tushare_fund_basic,鹏华基金管理有限公司,,023071.OF,023070,False
023073,国泰海通中证港股通高股息投资指数(QDII)-A,指数型-海外股票,存续,2025-01-14,,2025-01-14,tushare_fund_basic,上海国泰海通证券资产管理有限公司,,023073.OF,023073,True
023074,国泰海通中证港股通高股息投资指数(QDII)-C,指数型-海外股票,存续,2025-01-14,,2025-01-14,tushare_fund_basic,上海国泰海通证券资产管理有限公司,,023074.OF,023073,False
023075,鹏华上证科创板新能源ETF联接-A,指数型-股票,存续,2025-03-18,,2025-03-18,tushare_fund_basic,鹏华基金管理有限公司,,023075.OF,023075,True
023076,鹏华上证科创板新能源ETF联接-C,指数型-股票,存续,2025-03-18,,2025-03-18,tushare_fund_basic,鹏华基金管理有限公司,,023076.OF,023075,False
023078,西部利得多策略优选灵活配置混合-A,混合型-灵活,存续,2024-12-25,,2024-12-25,tushare_fund_basic,西部利得基金管理有限公司,,023078.OF,023078,True
023086,浦银经济带崛起灵活配置混合-E,混合型-灵活,存续,2024-12-27,,2024-12-27,tushare_fund_basic,浦银基金管理有限公司,,023086.OF,023086,True
023094,安信中国制造2025沪港深灵活配置混合-C,混合型-灵活,存续,2024-12-27,,2024-12-27,tushare_fund_basic,安信基金管理有限责任公司,,023094.OF,023094,True
023095,中邮新思路灵活配置混合-C,混合型-灵活,存续,2025-01-14,,2025-01-14,tushare_fund_basic,中邮创业基金管理股份有限公司,,023095.OF,023095,True
023096,中邮消费升级灵活配置混合-C,混合型-灵活,存续,2025-01-10,,2025-01-10,tushare_fund_basic,中邮创业基金管理股份有限公司,,023096.OF,023096,True
023097,安信比较优势灵活配置混合-C,混合型-灵活,存续,2024-12-27,,2024-12-27,tushare_fund_basic,安信基金管理有限责任公司,,023097.OF,023097,True
023098,安信消费医药主题股票-C,股票型,存续,2024-12-27,,2024-12-27,tushare_fund_basic,安信基金管理有限责任公司,,023098.OF,023098,True
023101,国寿安保智慧生活股票-C,股票型,存续,2024-12-26,,2024-12-26,tushare_fund_basic,国寿安保基金管理有限公司,,023101.OF,023101,True
023104,中银中证港股通高股息投资指数-A,指数型-海外股票,存续,2025-06-04,,2025-06-04,tushare_fund_basic,中银基金管理有限公司,,023104.OF,023104,True
023105,中银中证港股通高股息投资指数-C,指数型-海外股票,存续,2025-06-04,,2025-06-04,tushare_fund_basic,中银基金管理有限公司,,023105.OF,023104,False
023108,广发中证A50ETF联接-A,指数型-股票,存续,2025-03-03,,2025-03-03,tushare_fund_basic,广发基金管理有限公司,,023108.OF,023108,True
023109,广发中证A50ETF联接-C,指数型-股票,存续,2025-03-03,,2025-03-03,tushare_fund_basic,广发基金管理有限公司,,023109.OF,023108,False
023110,安信中证一带一路主题指数-C,指数型-股票,存续,2025-01-03,,2025-01-03,tushare_fund_basic,安信基金管理有限责任公司,,023110.OF,167503,False
023111,景顺长城上证科创板200指数-A,指数型-股票,存续,2025-08-26,,2025-08-26,tushare_fund_basic,景顺长城基金管理有限公司,,023111.OF,023111,True
023112,景顺长城上证科创板200指数-C,指数型-股票,存续,2025-08-26,,2025-08-26,tushare_fund_basic,景顺长城基金管理有限公司,,023112.OF,023111,False
023117,华安高端装备股票-A,股票型,存续,2025-05-27,,2025-05-27,tushare_fund_basic,华安基金管理有限公司,,023117.OF,023117,True
023118,华安高端装备股票-C,股票型,存续,2025-05-27,,2025-05-27,tushare_fund_basic,华安基金管理有限公司,,023118.OF,023117,False
023119,民生加银中证全指指数增强-A,指数型-股票,存续,2025-03-20,,2025-03-20,tushare_fund_basic,民生加银基金管理有限公司,,023119.OF,023119,True
023120,民生加银中证全指指数增强-C,指数型-股票,存续,2025-03-20,,2025-03-20,tushare_fund_basic,民生加银基金管理有限公司,,023120.OF,023119,False
023129,富国致盛量化选股股票-A,股票型,存续,2025-04-15,,2025-04-15,tushare_fund_basic,富国基金管理有限公司,,023129.OF,023129,True
023130,富国致盛量化选股股票-C,股票型,存续,2025-04-15,,2025-04-15,tushare_fund_basic,富国基金管理有限公司,,023130.OF,023129,False
023142,兴全中证500指数增强-A,指数型-股票,存续,2025-10-31,,2025-10-31,tushare_fund_basic,兴证全球基金管理有限公司,,023142.OF,023142,True
023143,兴全中证500指数增强-C,指数型-股票,存续,2025-10-31,,2025-10-31,tushare_fund_basic,兴证全球基金管理有限公司,,023143.OF,023142,False
023144,汇添富中证油气资源ETF联接-A,指数型-股票,存续,2025-06-04,,2025-06-04,tushare_fund_basic,汇添富基金管理股份有限公司,,023144.OF,023144,True
023145,汇添富中证油气资源ETF联接-C,指数型-股票,存续,2025-06-04,,2025-06-04,tushare_fund_basic,汇添富基金管理股份有限公司,,023145.OF,023144,False
023146,中金沪深300ETF联接-A,指数型-股票,存续,2025-06-03,,2025-06-03,tushare_fund_basic,中金基金管理有限公司,,023146.OF,023146,True
023147,中金沪深300ETF联接-C,指数型-股票,存续,2025-06-03,,2025-06-03,tushare_fund_basic,中金基金管理有限公司,,023147.OF,023146,False
023148,兴业上证180ETF联接-A,指数型-股票,存续,2025-01-23,,2025-01-23,tushare_fund_basic,兴业基金管理有限公司,,023148.OF,023148,True
023149,兴业上证180ETF联接-C,指数型-股票,存续,2025-01-23,,2025-01-23,tushare_fund_basic,兴业基金管理有限公司,,023149.OF,023148,False
023153,中银证券中证A500指数-A,指数型-股票,存续,2025-03-19,,2025-03-19,tushare_fund_basic,中银国际证券股份有限公司,,023153.OF,023153,True
023154,中银证券中证A500指数-C,指数型-股票,存续,2025-03-19,,2025-03-19,tushare_fund_basic,中银国际证券股份有限公司,,023154.OF,023153,False
023161,博时鑫泰灵活配置混合-D,混合型-灵活,清盘,2025-01-07,2025-09-01,2025-01-07,tushare_fund_basic,博时基金管理有限公司,2025-09-01,023161.OF,023161,True
023162,银河上证国有企业红利ETF联接-A,指数型-股票,存续,2025-01-21,,2025-01-21,tushare_fund_basic,银河基金管理有限公司,,023162.OF,023162,True
023163,银河上证国有企业红利ETF联接-C,指数型-股票,存续,2025-01-21,,2025-01-21,tushare_fund_basic,银河基金管理有限公司,,023163.OF,023162,False
023167,浦银盛世精选灵活配置混合-E,混合型-灵活,存续,2025-01-10,,2025-01-10,tushare_fund_basic,浦银基金管理有限公司,,023167.OF,023167,True
023175,中邮中小盘灵活配置混合-C,混合型-灵活,存续,2025-01-14,,2025-01-14,tushare_fund_basic,中邮创业基金管理股份有限公司,,023175.OF,023175,True
023177,安信策略精选灵活配置混合-C,混合型-灵活,存续,2025-01-07,,2025-01-07,tushare_fund_basic,安信基金管理有限责任公司,,023177.OF,023177,True
023178,安信价值精选股票-C,股票型,存续,2025-01-07,,2025-01-07,tushare_fund_basic,安信基金管理有限责任公司,,023178.OF,023178,True
023179,华泰柏瑞上证180ETF联接-A,指数型-股票,存续,2025-01-21,,2025-01-21,tushare_fund_basic,华泰柏瑞基金管理有限公司,,023179.OF,023179,True
023180,华泰柏瑞上证180ETF联接-C,指数型-股票,存续,2025-01-21,,2025-01-21,tushare_fund_basic,华泰柏瑞基金管理有限公司,,023180.OF,023179,False
023181,华泰柏瑞上证180ETF联接-I,指数型-股票,存续,2025-01-21,,2025-01-21,tushare_fund_basic,华泰柏瑞基金管理有限公司,,023181.OF,023181,True
023182,太平中证红利指数-A,指数型-股票,存续,2025-01-24,,2025-01-24,tushare_fund_basic,太平基金管理有限公司,,023182.OF,023182,True
023183,太平中证红利指数-C,指数型-股票,存续,2025-01-24,,2025-01-24,tushare_fund_basic,太平基金管理有限公司,,023183.OF,023182,False
023184,平安中证A500ETF联接-A,指数型-股票,存续,2025-02-28,,2025-02-28,tushare_fund_basic,平安基金管理有限公司,,023184.OF,023184,True
023185,平安中证A500ETF联接-C,指数型-股票,存续,2025-02-28,,2025-02-28,tushare_fund_basic,平安基金管理有限公司,,023185.OF,023184,False
023188,景顺长城量化新动力股票-C,股票型,存续,2025-01-09,,2025-01-09,tushare_fund_basic,景顺长城基金管理有限公司,,023188.OF,023188,True
023192,招商资管中证500指数增强-A,指数型-股票,存续,2025-01-16,,2025-01-16,tushare_fund_basic,招商证券资产管理有限公司,,023192.OF,023192,True
023196,南方中证物联网主题ETF联接-A,指数型-股票,存续,2025-05-09,,2025-05-09,tushare_fund_basic,南方基金管理股份有限公司,,023196.OF,023196,True
023197,南方中证物联网主题ETF联接-C,指数型-股票,存续,2025-05-09,,2025-05-09,tushare_fund_basic,南方基金管理股份有限公司,,023197.OF,023196,False
023198,招商资管中证500指数增强-C,指数型-股票,存续,2025-01-16,,2025-01-16,tushare_fund_basic,招商证券资产管理有限公司,,023198.OF,023192,False
023199,鹏华上证180ETF联接-A,指数型-股票,存续,2025-01-15,,2025-01-15,tushare_fund_basic,鹏华基金管理有限公司,,023199.OF,023199,True
023200,鹏华上证180ETF联接-C,指数型-股票,存续,2025-01-15,,2025-01-15,tushare_fund_basic,鹏华基金管理有限公司,,023200.OF,023199,False
023201,兴全中证沪港深500指数增强-A,指数型-股票,存续,2025-07-23,,2025-07-23,tushare_fund_basic,兴证全球基金管理有限公司,,023201.OF,023201,True
023202,兴全中证沪港深500指数增强-C,指数型-股票,存续,2025-07-23,,2025-07-23,tushare_fund_basic,兴证全球基金管理有限公司,,023202.OF,023201,False
023203,兴全中证沪港深300指数增强-A,指数型-股票,存续,2025-04-01,,2025-04-01,tushare_fund_basic,兴证全球基金管理有限公司,,023203.OF,023203,True
023204,兴全中证沪港深300指数增强-C,指数型-股票,存续,2025-04-01,,2025-04-01,tushare_fund_basic,兴证全球基金管理有限公司,,023204.OF,023203,False
023213,博时鑫源灵活配置混合-E,混合型-灵活,存续,2025-01-23,,2025-01-23,tushare_fund_basic,博时基金管理有限公司,,023213.OF,023213,True
023222,鹏华恒生中国央企ETF联接(QDII)-A,指数型-海外股票,存续,2025-03-04,,2025-03-04,tushare_fund_basic,鹏华基金管理有限公司,,023222.OF,023222,True
023223,鹏华恒生中国央企ETF联接(QDII)-C,指数型-海外股票,存续,2025-03-04,,2025-03-04,tushare_fund_basic,鹏华基金管理有限公司,,023223.OF,023222,False
023228,易方达上证180ETF联接-A,指数型-股票,存续,2025-02-06,,2025-02-06,tushare_fund_basic,易方达基金管理有限公司,,023228.OF,023228,True
023229,易方达上证180ETF联接-C,指数型-股票,存续,2025-02-06,,2025-02-06,tushare_fund_basic,易方达基金管理有限公司,,023229.OF,023228,False
023230,南方上证180ETF联接-A,指数型-股票,存续,2025-01-20,,2025-01-20,tushare_fund_basic,南方基金管理股份有限公司,,023230.OF,023230,True
023231,南方上证180ETF联接-C,指数型-股票,存续,2025-01-20,,2025-01-20,tushare_fund_basic,南方基金管理股份有限公司,,023231.OF,023230,False
023234,银华上证180ETF联接-A,指数型-股票,存续,2025-01-17,,2025-01-17,tushare_fund_basic,银华基金管理股份有限公司,,023234.OF,023234,True
023235,银华上证180ETF联接-C,指数型-股票,存续,2025-01-17,,2025-01-17,tushare_fund_basic,银华基金管理股份有限公司,,023235.OF,023234,False
023236,银华上证180ETF联接-I,指数型-股票,存续,2025-01-17,,2025-01-17,tushare_fund_basic,银华基金管理股份有限公司,,023236.OF,023236,True
023242,中欧恒生消费指数(QDII)-A,指数型-海外股票,存续,2025-03-07,,2025-03-07,tushare_fund_basic,中欧基金管理有限公司,,023242.OF,023242,True
023243,中欧恒生消费指数(QDII)-C,指数型-海外股票,存续,2025-03-07,,2025-03-07,tushare_fund_basic,中欧基金管理有限公司,,023243.OF,023242,False
023252,天弘上证180ETF联接-A,指数型-股票,存续,2025-01-20,,2025-01-20,tushare_fund_basic,天弘基金管理有限公司,,023252.OF,023252,True
023253,天弘上证180ETF联接-C,指数型-股票,存续,2025-01-20,,2025-01-20,tushare_fund_basic,天弘基金管理有限公司,,023253.OF,023252,False
023254,汇添富中证全指软件ETF联接-A,指数型-股票,存续,2025-02-21,,2025-02-21,tushare_fund_basic,汇添富基金管理股份有限公司,,023254.OF,023254,True
023255,汇添富中证全指软件ETF联接-C,指数型-股票,存续,2025-02-21,,2025-02-21,tushare_fund_basic,汇添富基金管理股份有限公司,,023255.OF,023254,False
023270,景顺长城量化对冲策略三个月定开灵活配置混合-C,混合型-灵活,存续,2025-02-12,,2025-02-12,tushare_fund_basic,景顺长城基金管理有限公司,,023270.OF,023270,True
023286,前海开源人工智能主题灵活配置混合-C,混合型-灵活,存续,2025-01-20,,2025-01-20,tushare_fund_basic,前海开源基金管理有限公司,,023286.OF,023286,True
023289,国泰多策略收益灵活配置混合-C,混合型-灵活,存续,2025-02-27,,2025-02-27,tushare_fund_basic,国泰基金管理有限公司,,023289.OF,023289,True
023290,鹏华沪深300指数量化增强-A,指数型-股票,存续,2025-02-25,,2025-02-25,tushare_fund_basic,鹏华基金管理有限公司,,023290.OF,023290,True
023291,鹏华沪深300指数量化增强-C,指数型-股票,存续,2025-02-25,,2025-02-25,tushare_fund_basic,鹏华基金管理有限公司,,023291.OF,023290,False
023298,汇添富中证A500指数增强-A,指数型-股票,存续,2025-03-27,,2025-03-27,tushare_fund_basic,汇添富基金管理股份有限公司,,023298.OF,023298,True
023299,汇添富中证A500指数增强-C,指数型-股票,存续,2025-03-27,,2025-03-27,tushare_fund_basic,汇添富基金管理股份有限公司,,023299.OF,023298,False
023303,建信中证A500指数增强-A,指数型-股票,存续,2025-06-03,,2025-06-03,tushare_fund_basic,建信基金管理有限责任公司,,023303.OF,023303,True
023304,建信中证A500指数增强-C,指数型-股票,存续,2025-06-03,,2025-06-03,tushare_fund_basic,建信基金管理有限责任公司,,023304.OF,023303,False
023305,永赢中证A500指数增强-A,指数型-股票,存续,2025-05-07,,2025-05-07,tushare_fund_basic,永赢基金管理有限公司,,023305.OF,023305,True
023306,永赢中证A500指数增强-C,指数型-股票,存续,2025-05-07,,2025-05-07,tushare_fund_basic,永赢基金管理有限公司,,023306.OF,023305,False
023319,华宝中证A500指数增强-A,指数型-股票,存续,2025-06-04,,2025-06-04,tushare_fund_basic,华宝基金管理有限公司,,023319.OF,023319,True
023320,华宝中证A500指数增强-C,指数型-股票,存续,2025-06-04,,2025-06-04,tushare_fund_basic,华宝基金管理有限公司,,023320.OF,023319,False
023321,华宝中证800红利低波动ETF联接-A,指数型-股票,存续,2025-03-12,,2025-03-12,tushare_fund_basic,华宝基金管理有限公司,,023321.OF,023321,True
023322,华宝中证800红利低波动ETF联接-C,指数型-股票,存续,2025-03-12,,2025-03-12,tushare_fund_basic,华宝基金管理有限公司,,023322.OF,023321,False
023323,华商上证科创板100指数增强-A,指数型-股票,存续,2025-09-23,,2025-09-23,tushare_fund_basic,华商基金管理有限公司,,023323.OF,023323,True
023324,华商上证科创板100指数增强-C,指数型-股票,存续,2025-09-23,,2025-09-23,tushare_fund_basic,华商基金管理有限公司,,023324.OF,023323,False
023325,路博迈中证A500指数增强-A,指数型-股票,存续,2025-03-20,,2025-03-20,tushare_fund_basic,路博迈基金管理(中国)有限公司,,023325.OF,023325,True
023326,路博迈中证A500指数增强-C,指数型-股票,存续,2025-03-20,,2025-03-20,tushare_fund_basic,路博迈基金管理(中国)有限公司,,023326.OF,023325,False
023331,华富中证A500指数-A,指数型-股票,存续,2025-08-19,,2025-08-19,tushare_fund_basic,华富基金管理有限公司,,023331.OF,023331,True
023332,华富中证A500指数-C,指数型-股票,存续,2025-08-19,,2025-08-19,tushare_fund_basic,华富基金管理有限公司,,023332.OF,023331,False
023333,金鹰中证A500指数-A,指数型-股票,存续,2025-04-25,,2025-04-25,tushare_fund_basic,金鹰基金管理有限公司,,023333.OF,023333,True
023334,金鹰中证A500指数-C,指数型-股票,存续,2025-04-25,,2025-04-25,tushare_fund_basic,金鹰基金管理有限公司,,023334.OF,023333,False
023335,泓德中证A500指数增强-A,指数型-股票,存续,2025-03-11,,2025-03-11,tushare_fund_basic,泓德基金管理有限公司,,023335.OF,023335,True
023336,泓德中证A500指数增强-C,指数型-股票,存续,2025-03-11,,2025-03-11,tushare_fund_basic,泓德基金管理有限公司,,023336.OF,023335,False
023339,鹏华中证A500指数增强-A,指数型-股票,存续,2025-04-22,,2025-04-22,tushare_fund_basic,鹏华基金管理有限公司,,023339.OF,023339,True
023340,鹏华中证A500指数增强-C,指数型-股票,存续,2025-04-22,,2025-04-22,tushare_fund_basic,鹏华基金管理有限公司,,023340.OF,023339,False
023341,中海中证A500指数增强-A,指数型-股票,存续,2025-05-08,,2025-05-08,tushare_fund_basic,中海基金管理有限公司,,023341.OF,023341,True
023342,中海中证A500指数增强-C,指数型-股票,存续,2025-05-08,,2025-05-08,tushare_fund_basic,中海基金管理有限公司,,023342.OF,023341,False
023347,苏新中证A500指数增强-A,指数型-股票,存续,2025-03-04,,2025-03-04,tushare_fund_basic,苏新基金管理有限公司,,023347.OF,023347,True
023348,苏新中证A500指数增强-C,指数型-股票,存续,2025-03-04,,2025-03-04,tushare_fund_basic,苏新基金管理有限公司,,023348.OF,023347,False
023367,海富通中证A500指数增强-A,指数型-股票,存续,2025-03-25,,2025-03-25,tushare_fund_basic,海富通基金管理有限公司,,023367.OF,023367,True
023368,海富通中证A500指数增强-C,指数型-股票,存续,2025-03-25,,2025-03-25,tushare_fund_basic,海富通基金管理有限公司,,023368.OF,023367,False
023371,国泰创业板50ETF联接-A,指数型-股票,存续,2025-03-13,,2025-03-13,tushare_fund_basic,国泰基金管理有限公司,,023371.OF,023371,True
023372,国泰创业板50ETF联接-C,指数型-股票,存续,2025-03-13,,2025-03-13,tushare_fund_basic,国泰基金管理有限公司,,023372.OF,023371,False
023373,建信富时100指数(QDII)-D-CNY,指数型-股票,存续,2025-02-12,,2025-02-12,tushare_fund_basic,建信基金管理有限责任公司,,023373.OF,023373,True
023376,鹏华中证传媒指数(LOF)-I,指数型-股票,存续,2025-02-07,,2025-02-07,tushare_fund_basic,鹏华基金管理有限公司,,023376.OF,023376,True
023377,鹏华中证移动互联网指数(LOF)-I,指数型-股票,存续,2025-02-07,,2025-02-07,tushare_fund_basic,鹏华基金管理有限公司,,023377.OF,023377,True
023378,鹏华中证环保产业指数(LOF)-I,指数型-股票,存续,2025-02-07,,2025-02-07,tushare_fund_basic,鹏华基金管理有限公司,,023378.OF,023378,True
023379,鹏华中证800证券保险指数(LOF)-I,指数型-股票,存续,2025-02-07,,2025-02-07,tushare_fund_basic,鹏华基金管理有限公司,,023379.OF,023379,True
023380,鹏华中证800地产指数(LOF)-I,指数型-股票,存续,2025-02-07,,2025-02-07,tushare_fund_basic,鹏华基金管理有限公司,,023380.OF,023380,True
023381,鹏华创业板指数(LOF)-I,指数型-股票,存续,2025-02-07,,2025-02-07,tushare_fund_basic,鹏华基金管理有限公司,,023381.OF,023381,True
023382,华泰柏瑞上证科创板200ETF联接-A,指数型-股票,存续,2025-02-14,,2025-02-14,tushare_fund_basic,华泰柏瑞基金管理有限公司,,023382.OF,023382,True
023383,华泰柏瑞上证科创板200ETF联接-C,指数型-股票,存续,2025-02-14,,2025-02-14,tushare_fund_basic,华泰柏瑞基金管理有限公司,,023383.OF,023382,False
023384,平安中证人工智能主题ETF联接-A,指数型-股票,存续,2025-04-29,,2025-04-29,tushare_fund_basic,平安基金管理有限公司,,023384.OF,023384,True
023385,平安中证人工智能主题ETF联接-C,指数型-股票,存续,2025-04-29,,2025-04-29,tushare_fund_basic,平安基金管理有限公司,,023385.OF,023384,False
023388,华泰柏瑞上证科创板200ETF联接-I,指数型-股票,存续,2025-02-14,,2025-02-14,tushare_fund_basic,华泰柏瑞基金管理有限公司,,023388.OF,023388,True
023389,易方达中证港股通高股息投资ETF联接-A,指数型-海外股票,存续,2025-03-26,,2025-03-26,tushare_fund_basic,易方达基金管理有限公司,,023389.OF,023389,True
023390,易方达中证港股通高股息投资ETF联接-C,指数型-海外股票,存续,2025-03-26,,2025-03-26,tushare_fund_basic,易方达基金管理有限公司,,023390.OF,023389,False
023395,宝盈北证50成份指数-A,指数型-股票,存续,2025-02-28,,2025-02-28,tushare_fund_basic,宝盈基金管理有限公司,,023395.OF,023395,True
023396,宝盈北证50成份指数-C,指数型-股票,存续,2025-02-28,,2025-02-28,tushare_fund_basic,宝盈基金管理有限公司,,023396.OF,023395,False
023399,尚正中证A500指数-A,指数型-股票,存续,2025-09-24,,2025-09-24,tushare_fund_basic,尚正基金管理有限公司,,023399.OF,023399,True
023400,尚正中证A500指数-C,指数型-股票,存续,2025-09-24,,2025-09-24,tushare_fund_basic,尚正基金管理有限公司,,023400.OF,023399,False
023402,广发全球精选股票(QDII)-F-CNY,股票型,存续,2025-02-18,,2025-02-18,tushare_fund_basic,广发基金管理有限公司,,023402.OF,023402,True
023404,海富通致远量化选股股票-A,股票型,存续,2025-06-24,,2025-06-24,tushare_fund_basic,海富通基金管理有限公司,,023404.OF,023404,True
023405,海富通致远量化选股股票-C,股票型,存续,2025-06-24,,2025-06-24,tushare_fund_basic,海富通基金管理有限公司,,023405.OF,023404,False
023407,华宝创业板人工智能ETF联接-A,指数型-股票,存续,2025-02-14,,2025-02-14,tushare_fund_basic,华宝基金管理有限公司,,023407.OF,023407,True
023408,华宝创业板人工智能ETF联接-C,指数型-股票,存续,2025-02-14,,2025-02-14,tushare_fund_basic,华宝基金管理有限公司,,023408.OF,023407,False
023410,天弘恒生港股通高股息低波动指数-A,指数型-海外股票,存续,2025-03-18,,2025-03-18,tushare_fund_basic,天弘基金管理有限公司,,023410.OF,023410,True
023411,天弘恒生港股通高股息低波动指数-C,指数型-海外股票,存续,2025-03-18,,2025-03-18,tushare_fund_basic,天弘基金管理有限公司,,023411.OF,023410,False
023414,工银瑞信创业板50ETF联接-A,指数型-股票,存续,2025-03-12,,2025-03-12,tushare_fund_basic,工银瑞信基金管理有限公司,,023414.OF,023414,True
023415,工银瑞信创业板50ETF联接-C,指数型-股票,存续,2025-03-12,,2025-03-12,tushare_fund_basic,工银瑞信基金管理有限公司,,023415.OF,023414,False
023418,宏利中证A50指数增强-A,指数型-股票,存续,2025-05-20,,2025-05-20,tushare_fund_basic,宏利基金管理有限公司,,023418.OF,023418,True
023419,宏利中证A50指数增强-C,指数型-股票,存续,2025-05-20,,2025-05-20,tushare_fund_basic,宏利基金管理有限公司,,023419.OF,023418,False
023422,建信纳斯达克100指数(QDII)-D-CNY,指数型-海外股票,存续,2025-02-12,,2025-02-12,tushare_fund_basic,建信基金管理有限责任公司,,023422.OF,023422,True
023423,东财沪深300ETF联接-E,指数型-股票,存续,2025-02-18,,2025-02-18,tushare_fund_basic,东财基金管理有限公司,,023423.OF,015278,False
023426,中欧恒生沪深港汽车主题指数-A,指数型-海外股票,存续,2025-03-18,,2025-03-18,tushare_fund_basic,中欧基金管理有限公司,,023426.OF,023426,True
023427,中欧恒生沪深港汽车主题指数-C,指数型-海外股票,存续,2025-03-18,,2025-03-18,tushare_fund_basic,中欧基金管理有限公司,,023427.OF,023426,False
023429,嘉实创业板50ETF联接-A,指数型-股票,存续,2025-03-07,,2025-03-07,tushare_fund_basic,嘉实基金管理有限公司,,023429.OF,023429,True
023430,嘉实创业板50ETF联接-C,指数型-股票,存续,2025-03-07,,2025-03-07,tushare_fund_basic,嘉实基金管理有限公司,,023430.OF,023429,False
023431,天弘中证A50指数-A,指数型-股票,存续,2025-05-27,,2025-05-27,tushare_fund_basic,天弘基金管理有限公司,,023431.OF,023431,True
023432,天弘中证A50指数-C,指数型-股票,存续,2025-05-27,,2025-05-27,tushare_fund_basic,天弘基金管理有限公司,,023432.OF,023431,False
023435,富安达中证A500指数增强-A,指数型-股票,存续,2025-04-01,,2025-04-01,tushare_fund_basic,富安达基金管理有限公司,,023435.OF,023435,True
023436,富安达中证A500指数增强-C,指数型-股票,存续,2025-04-01,,2025-04-01,tushare_fund_basic,富安达基金管理有限公司,,023436.OF,023435,False
023437,永赢上证科创板50成份指数-A,指数型-股票,存续,2025-06-20,,2025-06-20,tushare_fund_basic,永赢基金管理有限公司,,023437.OF,023437,True
023438,永赢上证科创板50成份指数-C,指数型-股票,存续,2025-06-20,,2025-06-20,tushare_fund_basic,永赢基金管理有限公司,,023438.OF,023437,False
023441,前海开源北证50成份指数-A,指数型-股票,存续,2025-03-11,,2025-03-11,tushare_fund_basic,前海开源基金管理有限公司,,023441.OF,023441,True
023442,前海开源北证50成份指数-C,指数型-股票,存续,2025-03-11,,2025-03-11,tushare_fund_basic,前海开源基金管理有限公司,,023442.OF,023441,False
023444,前海开源中证500等权重ETF联接-A,指数型-股票,存续,2025-07-07,,2025-07-07,tushare_fund_basic,前海开源基金管理有限公司,,023444.OF,023444,True
023445,前海开源中证500等权重ETF联接-C,指数型-股票,存续,2025-07-07,,2025-07-07,tushare_fund_basic,前海开源基金管理有限公司,,023445.OF,023444,False
023446,长城上证科创板100指数增强-A,指数型-股票,存续,2025-04-29,,2025-04-29,tushare_fund_basic,长城基金管理有限公司,,023446.OF,023446,True
023447,长城上证科创板100指数增强-C,指数型-股票,存续,2025-04-29,,2025-04-29,tushare_fund_basic,长城基金管理有限公司,,023447.OF,023446,False
023460,广发安盈灵活配置混合-F,混合型-灵活,存续,2025-04-10,,2025-04-10,tushare_fund_basic,广发基金管理有限公司,,023460.OF,023460,True
023461,中欧中证人工智能主题指数-A,指数型-股票,存续,2025-04-02,,2025-04-02,tushare_fund_basic,中欧基金管理有限公司,,023461.OF,023461,True
023462,中欧中证人工智能主题指数-C,指数型-股票,存续,2025-04-02,,2025-04-02,tushare_fund_basic,中欧基金管理有限公司,,023462.OF,023461,False
023466,华安中证A500增强策略ETF联接-A,指数型-股票,存续,2025-04-25,,2025-04-25,tushare_fund_basic,华安基金管理有限公司,,023466.OF,023466,True
023467,华安中证A500增强策略ETF联接-C,指数型-股票,存续,2025-04-25,,2025-04-25,tushare_fund_basic,华安基金管理有限公司,,023467.OF,023466,False
023473,太平中证A500指数增强-A,指数型-股票,存续,2025-04-29,,2025-04-29,tushare_fund_basic,太平基金管理有限公司,,023473.OF,023473,True
023474,太平中证A500指数增强-C,指数型-股票,存续,2025-04-29,,2025-04-29,tushare_fund_basic,太平基金管理有限公司,,023474.OF,023473,False
023475,农银汇理中证A500指数增强-A,指数型-股票,存续,2025-03-25,,2025-03-25,tushare_fund_basic,农银汇理基金管理有限公司,,023475.OF,023475,True
023476,农银汇理中证A500指数增强-C,指数型-股票,存续,2025-03-25,,2025-03-25,tushare_fund_basic,农银汇理基金管理有限公司,,023476.OF,023475,False
023479,万家中证全指公用事业ETF联接-A,指数型-股票,存续,2025-05-28,,2025-05-28,tushare_fund_basic,万家基金管理有限公司,,023479.OF,023479,True
023480,万家中证全指公用事业ETF联接-C,指数型-股票,存续,2025-05-28,,2025-05-28,tushare_fund_basic,万家基金管理有限公司,,023480.OF,023479,False
023481,万家中证港股通创新药ETF联接-A,指数型-海外股票,存续,2025-03-20,,2025-03-20,tushare_fund_basic,万家基金管理有限公司,,023481.OF,023481,True
023482,万家中证港股通创新药ETF联接-C,指数型-海外股票,存续,2025-03-20,,2025-03-20,tushare_fund_basic,万家基金管理有限公司,,023482.OF,023481,False
023483,中金中证A500ETF联接-A,指数型-股票,存续,2025-03-21,,2025-03-21,tushare_fund_basic,中金基金管理有限公司,,023483.OF,023483,True
023484,中金中证A500ETF联接-C,指数型-股票,存续,2025-03-21,,2025-03-21,tushare_fund_basic,中金基金管理有限公司,,023484.OF,023483,False
023494,新华中证A500指数增强-A,指数型-股票,存续,2025-06-27,,2025-06-27,tushare_fund_basic,新华基金管理股份有限公司,,023494.OF,023494,True
023495,新华中证A500指数增强-C,指数型-股票,存续,2025-06-27,,2025-06-27,tushare_fund_basic,新华基金管理股份有限公司,,023495.OF,023494,False
023498,人保中证500指数-C,指数型-股票,存续,2025-02-28,,2025-02-28,tushare_fund_basic,中国人保资产管理有限公司,,023498.OF,023498,True
023499,博道中证800指数增强-A,指数型-股票,存续,2025-03-18,,2025-03-18,tushare_fund_basic,博道基金管理有限公司,,023499.OF,023499,True
023500,博道中证800指数增强-C,指数型-股票,存续,2025-03-18,,2025-03-18,tushare_fund_basic,博道基金管理有限公司,,023500.OF,023499,False
023501,安信中证A500指数增强-A,指数型-股票,存续,2025-04-29,,2025-04-29,tushare_fund_basic,安信基金管理有限责任公司,,023501.OF,023501,True
023502,安信中证A500指数增强-C,指数型-股票,存续,2025-04-29,,2025-04-29,tushare_fund_basic,安信基金管理有限责任公司,,023502.OF,023501,False
023503,中信建投中证A500指数增强-A,指数型-股票,存续,2025-06-30,,2025-06-30,tushare_fund_basic,中信建投基金管理有限公司,,023503.OF,023503,True
023504,中信建投中证A500指数增强-C,指数型-股票,存续,2025-06-30,,2025-06-30,tushare_fund_basic,中信建投基金管理有限公司,,023504.OF,023503,False
023505,兴银中证港股通科技ETF联接-A,指数型-海外股票,存续,2025-03-24,,2025-03-24,tushare_fund_basic,兴银基金管理有限责任公司,,023505.OF,023505,True
023506,兴银中证港股通科技ETF联接-C,指数型-海外股票,存续,2025-03-24,,2025-03-24,tushare_fund_basic,兴银基金管理有限责任公司,,023506.OF,023505,False
023514,宝盈中证A500指数增强-A,指数型-股票,存续,2025-12-09,,2025-12-09,tushare_fund_basic,宝盈基金管理有限公司,,023514.OF,023514,True
023515,宝盈中证A500指数增强-C,指数型-股票,存续,2025-12-09,,2025-12-09,tushare_fund_basic,宝盈基金管理有限公司,,023515.OF,023514,False
023516,华泰保兴中证A500指数增强-A,指数型-股票,存续,2025-05-30,,2025-05-30,tushare_fund_basic,华泰保兴基金管理有限公司,,023516.OF,023516,True
023517,华泰保兴中证A500指数增强-C,指数型-股票,存续,2025-05-30,,2025-05-30,tushare_fund_basic,华泰保兴基金管理有限公司,,023517.OF,023516,False
023518,国投瑞银上证科创板200指数-A,指数型-股票,存续,2025-03-18,,2025-03-18,tushare_fund_basic,国投瑞银基金管理有限公司,,023518.OF,023518,True
023519,国投瑞银上证科创板200指数-C,指数型-股票,存续,2025-03-18,,2025-03-18,tushare_fund_basic,国投瑞银基金管理有限公司,,023519.OF,023518,False
023520,博时上证科创板人工智能ETF联接-A,指数型-股票,存续,2025-03-11,,2025-03-11,tushare_fund_basic,博时基金管理有限公司,,023520.OF,023520,True
023521,博时上证科创板人工智能ETF联接-C,指数型-股票,存续,2025-03-11,,2025-03-11,tushare_fund_basic,博时基金管理有限公司,,023521.OF,023520,False
023522,中金中证A500指数增强-A,指数型-股票,存续,2025-03-13,,2025-03-13,tushare_fund_basic,中金基金管理有限公司,,023522.OF,023522,True
023523,中金中证A500指数增强-C,指数型-股票,存续,2025-03-13,,2025-03-13,tushare_fund_basic,中金基金管理有限公司,,023523.OF,023522,False
023524,广发制造智选股票-A,股票型,存续,2025-03-12,,2025-03-12,tushare_fund_basic,广发基金管理有限公司,,023524.OF,023524,True
023525,广发制造智选股票-C,股票型,存续,2025-03-12,,2025-03-12,tushare_fund_basic,广发基金管理有限公司,,023525.OF,023524,False
023530,永赢国证通用航空产业ETF联接-A,指数型-股票,存续,2025-03-11,,2025-03-11,tushare_fund_basic,永赢基金管理有限公司,,023530.OF,023530,True
023531,永赢国证通用航空产业ETF联接-C,指数型-股票,存续,2025-03-11,,2025-03-11,tushare_fund_basic,永赢基金管理有限公司,,023531.OF,023530,False
023532,西部利得事件驱动股票-C,股票型,存续,2025-03-03,,2025-03-03,tushare_fund_basic,西部利得基金管理有限公司,,023532.OF,023532,True
023534,永赢中证港股通央企红利ETF联接-A,指数型-海外股票,存续,2025-08-26,,2025-08-26,tushare_fund_basic,永赢基金管理有限公司,,023534.OF,023534,True
023535,永赢中证港股通央企红利ETF联接-C,指数型-海外股票,存续,2025-08-26,,2025-08-26,tushare_fund_basic,永赢基金管理有限公司,,023535.OF,023534,False
023536,博时中证金融科技主题ETF联接-A,指数型-股票,存续,2025-06-19,,2025-06-19,tushare_fund_basic,博时基金管理有限公司,,023536.OF,023536,True
023537,博时中证金融科技主题ETF联接-C,指数型-股票,存续,2025-06-19,,2025-06-19,tushare_fund_basic,博时基金管理有限公司,,023537.OF,023536,False
023544,东方中证A500指数增强-A,指数型-股票,存续,2025-06-04,,2025-06-04,tushare_fund_basic,东方基金管理股份有限公司,,023544.OF,023544,True
023545,东方中证A500指数增强-C,指数型-股票,存续,2025-06-04,,2025-06-04,tushare_fund_basic,东方基金管理股份有限公司,,023545.OF,023544,False
023547,平安上证180ETF联接-A,指数型-股票,存续,2025-03-20,,2025-03-20,tushare_fund_basic,平安基金管理有限公司,,023547.OF,023547,True
023548,平安上证180ETF联接-C,指数型-股票,存续,2025-03-20,,2025-03-20,tushare_fund_basic,平安基金管理有限公司,,023548.OF,023547,False
023550,银华上证科创板人工智能ETF联接-A,指数型-股票,存续,2025-03-11,,2025-03-11,tushare_fund_basic,银华基金管理股份有限公司,,023550.OF,023550,True
023551,银华上证科创板人工智能ETF联接-C,指数型-股票,存续,2025-03-11,,2025-03-11,tushare_fund_basic,银华基金管理股份有限公司,,023551.OF,023550,False
023552,银华上证科创板人工智能ETF联接-I,指数型-股票,存续,2025-03-11,,2025-03-11,tushare_fund_basic,银华基金管理股份有限公司,,023552.OF,023552,True
023553,华泰柏瑞中证A股ETF联接-A,指数型-股票,存续,2025-07-17,,2025-07-17,tushare_fund_basic,华泰柏瑞基金管理有限公司,,023553.OF,023553,True
023554,华泰柏瑞中证A股ETF联接-C,指数型-股票,存续,2025-07-17,,2025-07-17,tushare_fund_basic,华泰柏瑞基金管理有限公司,,023554.OF,023553,False
023555,华宝深证100ETF联接-A,指数型-股票,存续,2025-04-15,,2025-04-15,tushare_fund_basic,华宝基金管理有限公司,,023555.OF,023555,True
023556,华宝深证100ETF联接-C,指数型-股票,存续,2025-04-15,,2025-04-15,tushare_fund_basic,华宝基金管理有限公司,,023556.OF,023555,False
023562,广发中证800指数增强-A,指数型-股票,存续,2025-05-15,,2025-05-15,tushare_fund_basic,广发基金管理有限公司,,023562.OF,023562,True
023563,广发中证800指数增强-C,指数型-股票,存续,2025-05-15,,2025-05-15,tushare_fund_basic,广发基金管理有限公司,,023563.OF,023562,False
023564,易方达上证科创板人工智能ETF联接-A,指数型-股票,存续,2025-05-06,,2025-05-06,tushare_fund_basic,易方达基金管理有限公司,,023564.OF,023564,True
023565,易方达上证科创板人工智能ETF联接-C,指数型-股票,存续,2025-05-06,,2025-05-06,tushare_fund_basic,易方达基金管理有限公司,,023565.OF,023564,False
023568,招商资管中证A500指数增强-A,指数型-股票,存续,2025-04-29,,2025-04-29,tushare_fund_basic,招商证券资产管理有限公司,,023568.OF,023568,True
023569,招商资管中证A500指数增强-C,指数型-股票,存续,2025-04-29,,2025-04-29,tushare_fund_basic,招商证券资产管理有限公司,,023569.OF,023568,False
023572,万家中证港股通央企红利ETF联接-A,指数型-海外股票,存续,2025-04-15,,2025-04-15,tushare_fund_basic,万家基金管理有限公司,,023572.OF,023572,True
023573,万家中证港股通央企红利ETF联接-C,指数型-海外股票,存续,2025-04-15,,2025-04-15,tushare_fund_basic,万家基金管理有限公司,,023573.OF,023572,False
023581,金鹰民族新兴灵活配置混合-C,混合型-灵活,存续,2025-02-28,,2025-02-28,tushare_fund_basic,金鹰基金管理有限公司,,023581.OF,023581,True
023591,南方全球精选配置(QDII-FOF)-C,股票型,存续,2025-03-03,,2025-03-03,tushare_fund_basic,南方基金管理股份有限公司,,023591.OF,023591,True
023592,中信保诚中证800医药指数(LOF)-E,指数型-股票,存续,2025-03-07,,2025-03-07,tushare_fund_basic,中信保诚基金管理有限公司,,023592.OF,165519,False
023593,中信保诚中证800有色指数(LOF)-E,指数型-股票,存续,2025-03-07,,2025-03-07,tushare_fund_basic,中信保诚基金管理有限公司,,023593.OF,165520,False
023594,中信保诚中证信息安全指数(LOF)-E,指数型-股票,存续,2025-03-07,,2025-03-07,tushare_fund_basic,中信保诚基金管理有限公司,,023594.OF,165523,False
023595,中信保诚中证智能家居指数(LOF)-E,指数型-股票,存续,2025-03-07,,2025-03-07,tushare_fund_basic,中信保诚基金管理有限公司,,023595.OF,165524,False
023596,中信保诚中证基建工程指数(LOF)-E,指数型-股票,存续,2025-03-07,,2025-03-07,tushare_fund_basic,中信保诚基金管理有限公司,,023596.OF,165525,False
023597,景顺长城中证港股通创新药ETF联接-A,指数型-海外股票,存续,2025-03-14,,2025-03-14,tushare_fund_basic,景顺长城基金管理有限公司,,023597.OF,023597,True
023598,景顺长城中证港股通创新药ETF联接-C,指数型-海外股票,存续,2025-03-14,,2025-03-14,tushare_fund_basic,景顺长城基金管理有限公司,,023598.OF,023597,False
023605,申万菱信量化对冲策略灵活配置混合-C,混合型-灵活,存续,2025-03-06,,2025-03-06,tushare_fund_basic,申万菱信基金管理有限公司,,023605.OF,023605,True
023607,光大保德信沪深300指数增强-A,指数型-股票,存续,2025-05-16,,2025-05-16,tushare_fund_basic,光大保德信基金管理有限公司,,023607.OF,023607,True
023608,光大保德信沪深300指数增强-C,指数型-股票,存续,2025-05-16,,2025-05-16,tushare_fund_basic,光大保德信基金管理有限公司,,023608.OF,023607,False
023609,光大保德信中证A500指数-A,指数型-股票,存续,2025-07-29,,2025-07-29,tushare_fund_basic,光大保德信基金管理有限公司,,023609.OF,023609,True
023610,光大保德信中证A500指数-C,指数型-股票,存续,2025-07-29,,2025-07-29,tushare_fund_basic,光大保德信基金管理有限公司,,023610.OF,023609,False
023613,中欧中证红利低波动指数-A,指数型-股票,存续,2025-05-22,,2025-05-22,tushare_fund_basic,中欧基金管理有限公司,,023613.OF,023613,True
023614,中欧中证红利低波动指数-C,指数型-股票,存续,2025-05-22,,2025-05-22,tushare_fund_basic,中欧基金管理有限公司,,023614.OF,023613,False
023616,博时中证800指数增强-A,指数型-股票,存续,2025-09-02,,2025-09-02,tushare_fund_basic,博时基金管理有限公司,,023616.OF,023616,True
023617,博时中证800指数增强-C,指数型-股票,存续,2025-09-02,,2025-09-02,tushare_fund_basic,博时基金管理有限公司,,023617.OF,023616,False
023619,华夏中证A500指数增强-A,指数型-股票,存续,2025-04-15,,2025-04-15,tushare_fund_basic,华夏基金管理有限公司,,023619.OF,023619,True
023620,华夏中证A500指数增强-C,指数型-股票,存续,2025-04-15,,2025-04-15,tushare_fund_basic,华夏基金管理有限公司,,023620.OF,023619,False
023621,华夏上证科创板200ETF联接-A,指数型-股票,存续,2025-08-19,,2025-08-19,tushare_fund_basic,华夏基金管理有限公司,,023621.OF,023621,True
023622,华夏上证科创板200ETF联接-C,指数型-股票,存续,2025-08-19,,2025-08-19,tushare_fund_basic,华夏基金管理有限公司,,023622.OF,023621,False
023629,平安鑫享混合-F,混合型-灵活,存续,2025-03-13,,2025-03-13,tushare_fund_basic,平安基金管理有限公司,,023629.OF,023629,True
023630,鑫元中证A100指数-A,指数型-股票,存续,2025-07-22,,2025-07-22,tushare_fund_basic,鑫元基金管理有限公司,,023630.OF,023630,True
023631,鑫元中证A100指数-C,指数型-股票,存续,2025-07-22,,2025-07-22,tushare_fund_basic,鑫元基金管理有限公司,,023631.OF,023630,False
023638,国泰恒生A股电网设备ETF联接-A,指数型-海外股票,存续,2025-03-24,,2025-03-24,tushare_fund_basic,国泰基金管理有限公司,,023638.OF,023638,True
023639,国泰恒生A股电网设备ETF联接-C,指数型-海外股票,存续,2025-03-24,,2025-03-24,tushare_fund_basic,国泰基金管理有限公司,,023639.OF,023638,False
023647,广发科技智选股票-A,股票型,存续,2025-04-17,,2025-04-17,tushare_fund_basic,广发基金管理有限公司,,023647.OF,023647,True
023648,广发科技智选股票-C,股票型,存续,2025-04-17,,2025-04-17,tushare_fund_basic,广发基金管理有限公司,,023648.OF,023647,False
023651,富国上证科创板芯片ETF联接-A,指数型-股票,存续,2025-03-31,,2025-03-31,tushare_fund_basic,富国基金管理有限公司,,023651.OF,023651,True
023652,富国上证科创板芯片ETF联接-C,指数型-股票,存续,2025-03-31,,2025-03-31,tushare_fund_basic,富国基金管理有限公司,,023652.OF,023651,False
023655,融通中证诚通央企科技创新ETF联接-A,指数型-股票,存续,2025-04-29,,2025-04-29,tushare_fund_basic,融通基金管理有限公司,,023655.OF,023655,True
023656,融通中证诚通央企科技创新ETF联接-C,指数型-股票,存续,2025-04-29,,2025-04-29,tushare_fund_basic,融通基金管理有限公司,,023656.OF,023655,False
023659,华泰柏瑞北证50成份指数-A,指数型-股票,存续,2025-04-22,,2025-04-22,tushare_fund_basic,华泰柏瑞基金管理有限公司,,023659.OF,023659,True
023660,华泰柏瑞北证50成份指数-C,指数型-股票,存续,2025-04-22,,2025-04-22,tushare_fund_basic,华泰柏瑞基金管理有限公司,,023660.OF,023659,False
023661,华泰柏瑞北证50成份指数-I,指数型-股票,存续,2025-04-22,,2025-04-22,tushare_fund_basic,华泰柏瑞基金管理有限公司,,023661.OF,023661,True
023668,中银中证A500指数增强-A,指数型-股票,存续,2025-05-07,,2025-05-07,tushare_fund_basic,中银基金管理有限公司,,023668.OF,023668,True
023669,中银中证A500指数增强-C,指数型-股票,存续,2025-05-07,,2025-05-07,tushare_fund_basic,中银基金管理有限公司,,023669.OF,023668,False
023670,中银中证A500指数增强-E,指数型-股票,存续,2025-05-07,,2025-05-07,tushare_fund_basic,中银基金管理有限公司,,023670.OF,023668,False
023679,格林上证科创板综合指数增强-A,指数型-股票,存续,2026-03-27,,2026-03-27,tushare_fund_basic,格林基金管理有限公司,,023679.OF,023679,True
023680,格林上证科创板综合指数增强-C,指数型-股票,存续,2026-03-27,,2026-03-27,tushare_fund_basic,格林基金管理有限公司,,023680.OF,023679,False
023686,建信上证科创板200ETF联接-A,指数型-股票,存续,2025-09-25,,2025-09-25,tushare_fund_basic,建信基金管理有限责任公司,,023686.OF,023686,True
023687,建信上证科创板200ETF联接-C,指数型-股票,存续,2025-09-25,,2025-09-25,tushare_fund_basic,建信基金管理有限责任公司,,023687.OF,023686,False
023711,中金中证优选300指数(LOF)-B,指数型-股票,存续,2025-03-17,,2025-03-17,tushare_fund_basic,中金基金管理有限公司,,023711.OF,023711,True
023715,华夏中证动漫游戏ETF联接-D,指数型-股票,存续,2025-03-28,,2025-03-28,tushare_fund_basic,华夏基金管理有限公司,,023715.OF,023715,True
023719,华夏上证科创板综合ETF联接-A,指数型-股票,存续,2025-04-08,,2025-04-08,tushare_fund_basic,华夏基金管理有限公司,,023719.OF,023719,True
023720,华夏上证科创板综合ETF联接-C,指数型-股票,存续,2025-04-08,,2025-04-08,tushare_fund_basic,华夏基金管理有限公司,,023720.OF,023719,False
023721,天弘上证科创板综合ETF联接-A,指数型-股票,存续,2025-04-09,,2025-04-09,tushare_fund_basic,天弘基金管理有限公司,,023721.OF,023721,True
023722,天弘上证科创板综合ETF联接-C,指数型-股票,存续,2025-04-09,,2025-04-09,tushare_fund_basic,天弘基金管理有限公司,,023722.OF,023721,False
023723,景顺长城上证科创板综合价格ETF联接-A,指数型-股票,存续,2025-04-01,,2025-04-01,tushare_fund_basic,景顺长城基金管理有限公司,,023723.OF,023723,True
023724,景顺长城上证科创板综合价格ETF联接-C,指数型-股票,存续,2025-04-01,,2025-04-01,tushare_fund_basic,景顺长城基金管理有限公司,,023724.OF,023723,False
023725,工银瑞信上证科创板综合价格ETF联接-A,指数型-股票,存续,2025-04-14,,2025-04-14,tushare_fund_basic,工银瑞信基金管理有限公司,,023725.OF,023725,True
023726,工银瑞信上证科创板综合价格ETF联接-C,指数型-股票,存续,2025-04-14,,2025-04-14,tushare_fund_basic,工银瑞信基金管理有限公司,,023726.OF,023725,False
023727,博时上证科创板综合ETF联接-A,指数型-股票,存续,2025-04-08,,2025-04-08,tushare_fund_basic,博时基金管理有限公司,,023727.OF,023727,True
023728,博时上证科创板综合ETF联接-C,指数型-股票,存续,2025-04-08,,2025-04-08,tushare_fund_basic,博时基金管理有限公司,,023728.OF,023727,False
023729,易方达上证科创板综合ETF联接-A,指数型-股票,存续,2025-04-08,,2025-04-08,tushare_fund_basic,易方达基金管理有限公司,,023729.OF,023729,True
023730,易方达上证科创板综合ETF联接-C,指数型-股票,存续,2025-04-08,,2025-04-08,tushare_fund_basic,易方达基金管理有限公司,,023730.OF,023729,False
023731,南方上证科创板综合ETF联接-A,指数型-股票,存续,2025-04-08,,2025-04-08,tushare_fund_basic,南方基金管理股份有限公司,,023731.OF,023731,True
023732,南方上证科创板综合ETF联接-C,指数型-股票,存续,2025-04-08,,2025-04-08,tushare_fund_basic,南方基金管理股份有限公司,,023732.OF,023731,False
023733,国泰上证科创板综合ETF联接-A,指数型-股票,存续,2025-03-25,,2025-03-25,tushare_fund_basic,国泰基金管理有限公司,,023733.OF,023733,True
023734,国泰上证科创板综合ETF联接-C,指数型-股票,存续,2025-03-25,,2025-03-25,tushare_fund_basic,国泰基金管理有限公司,,023734.OF,023733,False
023735,汇添富上证科创板综合ETF联接-A,指数型-股票,存续,2025-04-25,,2025-04-25,tushare_fund_basic,汇添富基金管理股份有限公司,,023735.OF,023735,True
023736,汇添富上证科创板综合ETF联接-C,指数型-股票,存续,2025-04-25,,2025-04-25,tushare_fund_basic,汇添富基金管理股份有限公司,,023736.OF,023735,False
023737,富国上证科创板综合价格ETF联接-A,指数型-股票,存续,2025-04-09,,2025-04-09,tushare_fund_basic,富国基金管理有限公司,,023737.OF,023737,True
023738,富国上证科创板综合价格ETF联接-C,指数型-股票,存续,2025-04-09,,2025-04-09,tushare_fund_basic,富国基金管理有限公司,,023738.OF,023737,False
023739,招商上证科创板综合ETF联接-A,指数型-股票,存续,2025-04-08,,2025-04-08,tushare_fund_basic,招商基金管理有限公司,,023739.OF,023739,True
023740,招商上证科创板综合ETF联接-C,指数型-股票,存续,2025-04-08,,2025-04-08,tushare_fund_basic,招商基金管理有限公司,,023740.OF,023739,False
023741,华泰柏瑞上证科创板综合ETF联接-A,指数型-股票,存续,2025-04-18,,2025-04-18,tushare_fund_basic,华泰柏瑞基金管理有限公司,,023741.OF,023741,True
023742,华泰柏瑞上证科创板综合ETF联接-C,指数型-股票,存续,2025-04-18,,2025-04-18,tushare_fund_basic,华泰柏瑞基金管理有限公司,,023742.OF,023741,False
023743,建信上证科创板综合ETF联接-A,指数型-股票,存续,2025-05-07,,2025-05-07,tushare_fund_basic,建信基金管理有限责任公司,,023743.OF,023743,True
023744,建信上证科创板综合ETF联接-C,指数型-股票,存续,2025-05-07,,2025-05-07,tushare_fund_basic,建信基金管理有限责任公司,,023744.OF,023743,False
023746,华富新华中诚信红利价值指数-A,指数型-股票,存续,2025-05-07,,2025-05-07,tushare_fund_basic,华富基金管理有限公司,,023746.OF,023746,True
023747,华富新华中诚信红利价值指数-C,指数型-股票,存续,2025-05-07,,2025-05-07,tushare_fund_basic,华富基金管理有限公司,,023747.OF,023746,False
023748,广发上证科创板200ETF联接-A,指数型-股票,存续,2025-09-23,,2025-09-23,tushare_fund_basic,广发基金管理有限公司,,023748.OF,023748,True
023749,广发上证科创板200ETF联接-C,指数型-股票,存续,2025-09-23,,2025-09-23,tushare_fund_basic,广发基金管理有限公司,,023749.OF,023748,False
023752,长信量化中小盘股票-C,股票型,存续,2025-04-03,,2025-04-03,tushare_fund_basic,长信基金管理有限责任公司,,023752.OF,023752,True
023755,永赢中证A500ETF联接-A,指数型-股票,存续,2025-06-25,,2025-06-25,tushare_fund_basic,永赢基金管理有限公司,,023755.OF,023755,True
023756,永赢中证A500ETF联接-C,指数型-股票,存续,2025-06-25,,2025-06-25,tushare_fund_basic,永赢基金管理有限公司,,023756.OF,023755,False
023757,鹏华上证科创板综合ETF联接-A,指数型-股票,存续,2025-04-08,,2025-04-08,tushare_fund_basic,鹏华基金管理有限公司,,023757.OF,023757,True
023758,鹏华上证科创板综合ETF联接-C,指数型-股票,存续,2025-04-08,,2025-04-08,tushare_fund_basic,鹏华基金管理有限公司,,023758.OF,023757,False
023763,华夏恒生科技ETF联接(QDII)-D,指数型-海外股票,存续,2025-03-28,,2025-03-28,tushare_fund_basic,华夏基金管理有限公司,,023763.OF,023763,True
023764,华夏恒生互联网科技业ETF联接(QDII)-D,指数型-海外股票,存续,2025-03-28,,2025-03-28,tushare_fund_basic,华夏基金管理有限公司,,023764.OF,023764,True
023765,华夏中证5G通信主题ETF联接-D,指数型-股票,存续,2025-04-03,,2025-04-03,tushare_fund_basic,华夏基金管理有限公司,,023765.OF,023765,True
023766,华夏中证全指证券公司ETF联接-D,指数型-股票,存续,2025-04-03,,2025-04-03,tushare_fund_basic,华夏基金管理有限公司,,023766.OF,023766,True
023771,鹏华弘泰灵活配置混合-E,混合型-灵活,存续,2025-03-24,,2025-03-24,tushare_fund_basic,鹏华基金管理有限公司,,023771.OF,023771,True
023775,兴银MSCI中国A50互联互通指数-A,指数型-海外股票,存续,2025-08-25,,2025-08-25,tushare_fund_basic,兴银基金管理有限责任公司,,023775.OF,023775,True
023776,兴银MSCI中国A50互联互通指数-C,指数型-海外股票,存续,2025-08-25,,2025-08-25,tushare_fund_basic,兴银基金管理有限责任公司,,023776.OF,023775,False
023779,华夏中证大数据产业ETF联接-D,指数型-股票,存续,2025-03-31,,2025-03-31,tushare_fund_basic,华夏基金管理有限公司,,023779.OF,023779,True
023782,华夏创业板动量成长ETF联接-D,指数型-股票,存续,2025-03-31,,2025-03-31,tushare_fund_basic,华夏基金管理有限公司,,023782.OF,023782,True
023819,天弘中证A500指数增强-A,指数型-股票,存续,2025-09-17,,2025-09-17,tushare_fund_basic,天弘基金管理有限公司,,023819.OF,023819,True
023820,天弘中证A500指数增强-C,指数型-股票,存续,2025-09-17,,2025-09-17,tushare_fund_basic,天弘基金管理有限公司,,023820.OF,023819,False
023821,泓德中证500指数增强-A,指数型-股票,存续,2025-04-17,,2025-04-17,tushare_fund_basic,泓德基金管理有限公司,,023821.OF,023821,True
023822,泓德中证500指数增强-C,指数型-股票,存续,2025-04-17,,2025-04-17,tushare_fund_basic,泓德基金管理有限公司,,023822.OF,023821,False
023826,华商中证500指数增强-A,指数型-股票,清盘,2025-06-17,2026-07-14,2025-06-17,tushare_fund_basic,华商基金管理有限公司,2026-07-14,023826.OF,023826,True
023827,华商中证500指数增强-C,指数型-股票,清盘,2025-06-17,2026-07-14,2025-06-17,tushare_fund_basic,华商基金管理有限公司,2026-07-14,023827.OF,023826,False
023828,万家中证半导体材料设备主题ETF联接-A,指数型-股票,存续,2025-04-29,,2025-04-29,tushare_fund_basic,万家基金管理有限公司,,023828.OF,023828,True
023829,万家中证半导体材料设备主题ETF联接-C,指数型-股票,存续,2025-04-29,,2025-04-29,tushare_fund_basic,万家基金管理有限公司,,023829.OF,023828,False
023830,华泰柏瑞创业板50ETF联接-A,指数型-股票,存续,2025-05-16,,2025-05-16,tushare_fund_basic,华泰柏瑞基金管理有限公司,,023830.OF,023830,True
023831,华泰柏瑞创业板50ETF联接-C,指数型-股票,存续,2025-05-16,,2025-05-16,tushare_fund_basic,华泰柏瑞基金管理有限公司,,023831.OF,023830,False
023832,华泰柏瑞中证油气产业ETF联接-A,指数型-股票,存续,2025-04-08,,2025-04-08,tushare_fund_basic,华泰柏瑞基金管理有限公司,,023832.OF,023832,True
023833,华泰柏瑞中证油气产业ETF联接-C,指数型-股票,存续,2025-04-08,,2025-04-08,tushare_fund_basic,华泰柏瑞基金管理有限公司,,023833.OF,023832,False
023834,广发资源智选股票-A,股票型,存续,2025-08-22,,2025-08-22,tushare_fund_basic,广发基金管理有限公司,,023834.OF,023834,True
023835,广发资源智选股票-C,股票型,存续,2025-08-22,,2025-08-22,tushare_fund_basic,广发基金管理有限公司,,023835.OF,023834,False
023842,创金合信中证A500指数增强-A,指数型-股票,存续,2025-11-24,,2025-11-24,tushare_fund_basic,创金合信基金管理有限公司,,023842.OF,023842,True
023843,创金合信中证A500指数增强-C,指数型-股票,存续,2025-11-24,,2025-11-24,tushare_fund_basic,创金合信基金管理有限公司,,023843.OF,023842,False
023851,富国上证科创板新能源ETF联接-A,指数型-股票,存续,2025-04-29,,2025-04-29,tushare_fund_basic,富国基金管理有限公司,,023851.OF,023851,True
023852,富国上证科创板新能源ETF联接-C,指数型-股票,存续,2025-04-29,,2025-04-29,tushare_fund_basic,富国基金管理有限公司,,023852.OF,023851,False
023853,景顺长城量化精选股票-C,股票型,存续,2025-04-01,,2025-04-01,tushare_fund_basic,景顺长城基金管理有限公司,,023853.OF,023853,True
023854,景顺长城沪港深领先科技股票-C,股票型,存续,2025-04-01,,2025-04-01,tushare_fund_basic,景顺长城基金管理有限公司,,023854.OF,023854,True
023855,景顺长城量化小盘股票-C,股票型,存续,2025-05-12,,2025-05-12,tushare_fund_basic,景顺长城基金管理有限公司,,023855.OF,023855,True
023859,富国创业板50ETF联接-A,指数型-股票,存续,2025-04-15,,2025-04-15,tushare_fund_basic,富国基金管理有限公司,,023859.OF,023859,True
023860,富国创业板50ETF联接-C,指数型-股票,存续,2025-04-15,,2025-04-15,tushare_fund_basic,富国基金管理有限公司,,023860.OF,023859,False
023861,国投瑞银中证A500指数增强-A,指数型-股票,存续,2025-06-04,,2025-06-04,tushare_fund_basic,国投瑞银基金管理有限公司,,023861.OF,023861,True
023862,国投瑞银中证A500指数增强-C,指数型-股票,存续,2025-06-04,,2025-06-04,tushare_fund_basic,国投瑞银基金管理有限公司,,023862.OF,023861,False
023863,东财中证A500ETF联接-A,指数型-股票,存续,2025-05-20,,2025-05-20,tushare_fund_basic,东财基金管理有限公司,,023863.OF,023863,True
023864,东财中证A500ETF联接-C,指数型-股票,存续,2025-05-20,,2025-05-20,tushare_fund_basic,东财基金管理有限公司,,023864.OF,023863,False
023865,兴业中证A500ETF联接-A,指数型-股票,存续,2025-04-29,,2025-04-29,tushare_fund_basic,兴业基金管理有限公司,,023865.OF,023865,True
023866,兴业中证A500ETF联接-C,指数型-股票,存续,2025-04-29,,2025-04-29,tushare_fund_basic,兴业基金管理有限公司,,023866.OF,023865,False
023869,摩根中证A500指数增强-A,指数型-股票,存续,2025-09-16,,2025-09-16,tushare_fund_basic,摩根基金管理(中国)有限公司,,023869.OF,023869,True
023870,摩根中证A500指数增强-C,指数型-股票,存续,2025-09-16,,2025-09-16,tushare_fund_basic,摩根基金管理(中国)有限公司,,023870.OF,023869,False
023873,博时上证综合指数增强-A,指数型-股票,存续,2025-07-17,,2025-07-17,tushare_fund_basic,博时基金管理有限公司,,023873.OF,023873,True
023874,博时上证综合指数增强-C,指数型-股票,存续,2025-07-17,,2025-07-17,tushare_fund_basic,博时基金管理有限公司,,023874.OF,023873,False
023876,申万菱信中证A500ETF联接-A,指数型-股票,存续,2025-08-18,,2025-08-18,tushare_fund_basic,申万菱信基金管理有限公司,,023876.OF,023876,True
023877,申万菱信中证A500ETF联接-C,指数型-股票,存续,2025-08-18,,2025-08-18,tushare_fund_basic,申万菱信基金管理有限公司,,023877.OF,023876,False
023879,浙商汇金中证A500指数-A,指数型-股票,存续,2025-05-28,,2025-05-28,tushare_fund_basic,浙江浙商证券资产管理有限公司,,023879.OF,023879,True
023880,浙商汇金中证A500指数-C,指数型-股票,存续,2025-05-28,,2025-05-28,tushare_fund_basic,浙江浙商证券资产管理有限公司,,023880.OF,023879,False
023882,华夏创业板50ETF联接-A,指数型-股票,存续,2025-06-17,,2025-06-17,tushare_fund_basic,华夏基金管理有限公司,,023882.OF,023882,True
023883,华夏创业板50ETF联接-C,指数型-股票,存续,2025-06-17,,2025-06-17,tushare_fund_basic,华夏基金管理有限公司,,023883.OF,023882,False
023884,华夏中证金融科技主题ETF联接-A,指数型-股票,存续,2025-06-10,,2025-06-10,tushare_fund_basic,华夏基金管理有限公司,,023884.OF,023884,True
023885,华夏中证金融科技主题ETF联接-C,指数型-股票,存续,2025-06-10,,2025-06-10,tushare_fund_basic,华夏基金管理有限公司,,023885.OF,023884,False
023886,永赢北证50成份指数-A,指数型-股票,存续,2025-04-11,,2025-04-11,tushare_fund_basic,永赢基金管理有限公司,,023886.OF,023886,True
023887,永赢北证50成份指数-C,指数型-股票,存续,2025-04-11,,2025-04-11,tushare_fund_basic,永赢基金管理有限公司,,023887.OF,023886,False
023889,国泰海通上证科创板综合价格指数增强-A,指数型-股票,存续,2025-04-17,,2025-04-17,tushare_fund_basic,上海国泰海通证券资产管理有限公司,,023889.OF,023889,True
023890,国泰海通上证科创板综合价格指数增强-C,指数型-股票,存续,2025-04-17,,2025-04-17,tushare_fund_basic,上海国泰海通证券资产管理有限公司,,023890.OF,023889,False
023891,博时上证科创板综合价格指数增强-A,指数型-股票,存续,2025-04-29,,2025-04-29,tushare_fund_basic,博时基金管理有限公司,,023891.OF,023891,True
023892,博时上证科创板综合价格指数增强-C,指数型-股票,存续,2025-04-29,,2025-04-29,tushare_fund_basic,博时基金管理有限公司,,023892.OF,023891,False
023893,大成上证科创板综合指数增强-A,指数型-股票,存续,2025-04-29,,2025-04-29,tushare_fund_basic,大成基金管理有限公司,,023893.OF,023893,True
023894,大成上证科创板综合指数增强-C,指数型-股票,存续,2025-04-29,,2025-04-29,tushare_fund_basic,大成基金管理有限公司,,023894.OF,023893,False
023895,天弘上证科创板综合指数增强-A,指数型-股票,存续,2025-04-22,,2025-04-22,tushare_fund_basic,天弘基金管理有限公司,,023895.OF,023895,True
023896,天弘上证科创板综合指数增强-C,指数型-股票,存续,2025-04-22,,2025-04-22,tushare_fund_basic,天弘基金管理有限公司,,023896.OF,023895,False
023897,华商上证科创板综合指数增强-A,指数型-股票,存续,2025-05-28,,2025-05-28,tushare_fund_basic,华商基金管理有限公司,,023897.OF,023897,True
023898,华商上证科创板综合指数增强-C,指数型-股票,存续,2025-05-28,,2025-05-28,tushare_fund_basic,华商基金管理有限公司,,023898.OF,023897,False
023901,博道上证科创板综合指数增强-A,指数型-股票,存续,2025-04-29,,2025-04-29,tushare_fund_basic,博道基金管理有限公司,,023901.OF,023901,True
023902,博道上证科创板综合指数增强-C,指数型-股票,存续,2025-04-29,,2025-04-29,tushare_fund_basic,博道基金管理有限公司,,023902.OF,023901,False
023903,国投瑞银上证科创板综合价格指数增强-A,指数型-股票,存续,2025-04-23,,2025-04-23,tushare_fund_basic,国投瑞银基金管理有限公司,,023903.OF,023903,True
023904,国投瑞银上证科创板综合价格指数增强-C,指数型-股票,存续,2025-04-23,,2025-04-23,tushare_fund_basic,国投瑞银基金管理有限公司,,023904.OF,023903,False
023905,中欧上证科创板综合指数-A,指数型-股票,存续,2025-09-09,,2025-09-09,tushare_fund_basic,中欧基金管理有限公司,,023905.OF,023905,True
023906,中欧上证科创板综合指数-C,指数型-股票,存续,2025-09-09,,2025-09-09,tushare_fund_basic,中欧基金管理有限公司,,023906.OF,023905,False
023908,安信上证科创板综合指数增强-A,指数型-股票,存续,2025-05-13,,2025-05-13,tushare_fund_basic,安信基金管理有限责任公司,,023908.OF,023908,True
023909,安信上证科创板综合指数增强-C,指数型-股票,存续,2025-05-13,,2025-05-13,tushare_fund_basic,安信基金管理有限责任公司,,023909.OF,023908,False
023911,国联上证科创板综合指数增强-A,指数型-股票,存续,2025-06-04,,2025-06-04,tushare_fund_basic,国联基金管理有限公司,,023911.OF,023911,True
023912,国联上证科创板综合指数增强-C,指数型-股票,存续,2025-06-04,,2025-06-04,tushare_fund_basic,国联基金管理有限公司,,023912.OF,023911,False
023913,富国上证科创板综合价格指数增强-A,指数型-股票,存续,2025-05-16,,2025-05-16,tushare_fund_basic,富国基金管理有限公司,,023913.OF,023913,True
023914,富国上证科创板综合价格指数增强-C,指数型-股票,存续,2025-05-16,,2025-05-16,tushare_fund_basic,富国基金管理有限公司,,023914.OF,023913,False
023917,华夏国证自由现金流ETF联接-A,指数型-股票,存续,2025-04-29,,2025-04-29,tushare_fund_basic,华夏基金管理有限公司,,023917.OF,023917,True
023918,华夏国证自由现金流ETF联接-C,指数型-股票,存续,2025-04-29,,2025-04-29,tushare_fund_basic,华夏基金管理有限公司,,023918.OF,023917,False
023919,国泰富时中国A股自由现金流聚焦ETF联接-A,指数型-股票,存续,2025-04-29,,2025-04-29,tushare_fund_basic,国泰基金管理有限公司,,023919.OF,023919,True
023920,国泰富时中国A股自由现金流聚焦ETF联接-C,指数型-股票,存续,2025-04-29,,2025-04-29,tushare_fund_basic,国泰基金管理有限公司,,023920.OF,023919,False
023926,鹏华上证科创板200ETF联接-A,指数型-股票,存续,2025-05-16,,2025-05-16,tushare_fund_basic,鹏华基金管理有限公司,,023926.OF,023926,True
023927,鹏华上证科创板200ETF联接-C,指数型-股票,存续,2025-05-16,,2025-05-16,tushare_fund_basic,鹏华基金管理有限公司,,023927.OF,023926,False
023929,银华国证港股通创新药ETF联接-A,指数型-海外股票,存续,2025-04-16,,2025-04-16,tushare_fund_basic,银华基金管理股份有限公司,,023929.OF,023929,True
023930,银华国证港股通创新药ETF联接-C,指数型-海外股票,存续,2025-04-16,,2025-04-16,tushare_fund_basic,银华基金管理股份有限公司,,023930.OF,023929,False
023932,银华中证A500指数增强-A,指数型-股票,存续,2025-09-16,,2025-09-16,tushare_fund_basic,银华基金管理股份有限公司,,023932.OF,023932,True
023933,银华中证A500指数增强-C,指数型-股票,存续,2025-09-16,,2025-09-16,tushare_fund_basic,银华基金管理股份有限公司,,023933.OF,023932,False
023934,长城上证科创板综合指数-A,指数型-股票,存续,2025-08-28,,2025-08-28,tushare_fund_basic,长城基金管理有限公司,,023934.OF,023934,True
023935,长城上证科创板综合指数-C,指数型-股票,存续,2025-08-28,,2025-08-28,tushare_fund_basic,长城基金管理有限公司,,023935.OF,023934,False
023937,苏新上证科创板综合指数增强-A,指数型-股票,存续,2025-05-20,,2025-05-20,tushare_fund_basic,苏新基金管理有限公司,,023937.OF,023937,True
023938,苏新上证科创板综合指数增强-C,指数型-股票,存续,2025-05-20,,2025-05-20,tushare_fund_basic,苏新基金管理有限公司,,023938.OF,023937,False
023941,永赢上证科创板综合价格指数-A,指数型-股票,存续,2025-05-26,,2025-05-26,tushare_fund_basic,永赢基金管理有限公司,,023941.OF,023941,True
023942,永赢上证科创板综合价格指数-C,指数型-股票,存续,2025-05-26,,2025-05-26,tushare_fund_basic,永赢基金管理有限公司,,023942.OF,023941,False
023947,嘉实价值精选股票-C,股票型,存续,2025-04-17,,2025-04-17,tushare_fund_basic,嘉实基金管理有限公司,,023947.OF,023947,True
023948,银华品质消费股票-C,股票型,存续,2025-04-08,,2025-04-08,tushare_fund_basic,银华基金管理股份有限公司,,023948.OF,023948,True
023949,银河中证A500ETF联接-A,指数型-股票,存续,2025-06-05,,2025-06-05,tushare_fund_basic,银河基金管理有限公司,,023949.OF,023949,True
023950,银河中证A500ETF联接-C,指数型-股票,存续,2025-06-05,,2025-06-05,tushare_fund_basic,银河基金管理有限公司,,023950.OF,023949,False
023957,景顺长城中证A500指数增强-A,指数型-股票,存续,2025-07-17,,2025-07-17,tushare_fund_basic,景顺长城基金管理有限公司,,023957.OF,023957,True
023958,景顺长城中证A500指数增强-C,指数型-股票,存续,2025-07-17,,2025-07-17,tushare_fund_basic,景顺长城基金管理有限公司,,023958.OF,023957,False
023965,中金中证A500指数增强-B,指数型-股票,存续,2025-04-10,,2025-04-10,tushare_fund_basic,中金基金管理有限公司,,023965.OF,023965,True
023967,嘉实新消费股票-C,股票型,存续,2025-04-17,,2025-04-17,tushare_fund_basic,嘉实基金管理有限公司,,023967.OF,023967,True
023968,博时创业板50指数-A,指数型-股票,存续,2025-09-15,,2025-09-15,tushare_fund_basic,博时基金管理有限公司,,023968.OF,023968,True
023969,博时创业板50指数-C,指数型-股票,存续,2025-09-15,,2025-09-15,tushare_fund_basic,博时基金管理有限公司,,023969.OF,023968,False
023970,泰康上证科创板综合指数增强-A,指数型-股票,存续,2025-06-30,,2025-06-30,tushare_fund_basic,泰康基金管理有限公司,,023970.OF,023970,True
023971,泰康上证科创板综合指数增强-C,指数型-股票,存续,2025-06-30,,2025-06-30,tushare_fund_basic,泰康基金管理有限公司,,023971.OF,023970,False
023975,兴银中证全指公用事业指数-A,指数型-股票,存续,2025-06-04,,2025-06-04,tushare_fund_basic,兴银基金管理有限责任公司,,023975.OF,023975,True
023976,兴银中证全指公用事业指数-C,指数型-股票,存续,2025-06-04,,2025-06-04,tushare_fund_basic,兴银基金管理有限责任公司,,023976.OF,023975,False
023979,诺德华证价值优选50指数-A,指数型-股票,存续,2025-04-29,,2025-04-29,tushare_fund_basic,诺德基金管理有限公司,,023979.OF,023979,True
023980,诺德华证价值优选50指数-C,指数型-股票,存续,2025-04-29,,2025-04-29,tushare_fund_basic,诺德基金管理有限公司,,023980.OF,023979,False
023981,泰信中证A500指数增强-A,指数型-股票,存续,2025-09-23,,2025-09-23,tushare_fund_basic,泰信基金管理有限公司,,023981.OF,023981,True
023982,泰信中证A500指数增强-C,指数型-股票,存续,2025-09-23,,2025-09-23,tushare_fund_basic,泰信基金管理有限公司,,023982.OF,023981,False
023989,博时上证科创板人工智能ETF联接-E,指数型-股票,存续,2025-04-15,,2025-04-15,tushare_fund_basic,博时基金管理有限公司,,023989.OF,023520,False
023990,博时上证科创板100ETF联接-E,指数型-股票,存续,2025-04-15,,2025-04-15,tushare_fund_basic,博时基金管理有限公司,,023990.OF,019857,False
023998,易方达上证科创板综合指数增强-A,指数型-股票,存续,2025-04-29,,2025-04-29,tushare_fund_basic,易方达基金管理有限公司,,023998.OF,023998,True
023999,易方达上证科创板综合指数增强-C,指数型-股票,存续,2025-04-29,,2025-04-29,tushare_fund_basic,易方达基金管理有限公司,,023999.OF,023998,False
024000,农银汇理上证科创板50成份指数-A,指数型-股票,存续,2025-05-20,,2025-05-20,tushare_fund_basic,农银汇理基金管理有限公司,,024000.OF,024000,True
024001,农银汇理上证科创板50成份指数-C,指数型-股票,存续,2025-05-20,,2025-05-20,tushare_fund_basic,农银汇理基金管理有限公司,,024001.OF,024000,False
024002,汇添富国证自由现金流ETF联接-A,指数型-股票,存续,2025-05-13,,2025-05-13,tushare_fund_basic,汇添富基金管理股份有限公司,,024002.OF,024002,True
024003,汇添富国证自由现金流ETF联接-C,指数型-股票,存续,2025-05-13,,2025-05-13,tushare_fund_basic,汇添富基金管理股份有限公司,,024003.OF,024002,False
024004,国联中证A50ETF联接-A,指数型-股票,存续,2025-06-24,,2025-06-24,tushare_fund_basic,国联基金管理有限公司,,024004.OF,024004,True
024005,国联中证A50ETF联接-C,指数型-股票,存续,2025-06-24,,2025-06-24,tushare_fund_basic,国联基金管理有限公司,,024005.OF,024004,False
024011,万家沪深300ETF联接-A,指数型-股票,存续,2025-08-26,,2025-08-26,tushare_fund_basic,万家基金管理有限公司,,024011.OF,024011,True
024012,万家沪深300ETF联接-C,指数型-股票,存续,2025-08-26,,2025-08-26,tushare_fund_basic,万家基金管理有限公司,,024012.OF,024011,False
024020,华商创新成长灵活配置混合-C,混合型-灵活,存续,2025-04-18,,2025-04-18,tushare_fund_basic,华商基金管理有限公司,,024020.OF,024020,True
024025,国联安上证科创板综合指数增强-A,指数型-股票,存续,2025-08-29,,2025-08-29,tushare_fund_basic,国联安基金管理有限公司,,024025.OF,024025,True
024026,国联安上证科创板综合指数增强-C,指数型-股票,存续,2025-08-29,,2025-08-29,tushare_fund_basic,国联安基金管理有限公司,,024026.OF,024025,False
024029,招商恒生港股通高股息低波动ETF联接-A,指数型-海外股票,存续,2025-06-30,,2025-06-30,tushare_fund_basic,招商基金管理有限公司,,024029.OF,024029,True
024030,招商恒生港股通高股息低波动ETF联接-C,指数型-海外股票,存续,2025-06-30,,2025-06-30,tushare_fund_basic,招商基金管理有限公司,,024030.OF,024029,False
024033,嘉实上证科创板综合ETF联接-A,指数型-股票,存续,2025-05-27,,2025-05-27,tushare_fund_basic,嘉实基金管理有限公司,,024033.OF,024033,True
024034,嘉实上证科创板综合ETF联接-C,指数型-股票,存续,2025-05-27,,2025-05-27,tushare_fund_basic,嘉实基金管理有限公司,,024034.OF,024033,False
024037,银华恒生港股通中国科技ETF联接-A,指数型-海外股票,存续,2025-04-25,,2025-04-25,tushare_fund_basic,银华基金管理股份有限公司,,024037.OF,024037,True
024038,银华恒生港股通中国科技ETF联接-C,指数型-海外股票,存续,2025-04-25,,2025-04-25,tushare_fund_basic,银华基金管理股份有限公司,,024038.OF,024037,False
024039,银华恒生港股通中国科技ETF联接-I,指数型-海外股票,存续,2025-04-25,,2025-04-25,tushare_fund_basic,银华基金管理股份有限公司,,024039.OF,024039,True
024042,富国恒生A股专精特新企业ETF联接-A,指数型-海外股票,存续,2025-05-27,,2025-05-27,tushare_fund_basic,富国基金管理有限公司,,024042.OF,024042,True
024043,富国恒生A股专精特新企业ETF联接-C,指数型-海外股票,存续,2025-05-27,,2025-05-27,tushare_fund_basic,富国基金管理有限公司,,024043.OF,024042,False
024046,富国致享量化选股股票-A,股票型,存续,2025-06-25,,2025-06-25,tushare_fund_basic,富国基金管理有限公司,,024046.OF,024046,True
024047,富国致享量化选股股票-C,股票型,存续,2025-06-25,,2025-06-25,tushare_fund_basic,富国基金管理有限公司,,024047.OF,024046,False
024050,华宝中证信息技术应用创新产业ETF联接-A,指数型-股票,存续,2025-05-14,,2025-05-14,tushare_fund_basic,华宝基金管理有限公司,,024050.OF,024050,True
024051,华宝中证信息技术应用创新产业ETF联接-C,指数型-股票,存续,2025-05-14,,2025-05-14,tushare_fund_basic,华宝基金管理有限公司,,024051.OF,024050,False
024055,大成恒生医疗保健ETF联接(QDII)-A,指数型-海外股票,存续,2025-06-24,,2025-06-24,tushare_fund_basic,大成基金管理有限公司,,024055.OF,024055,True
024056,大成恒生医疗保健ETF联接(QDII)-C,指数型-海外股票,存续,2025-06-24,,2025-06-24,tushare_fund_basic,大成基金管理有限公司,,024056.OF,024055,False
024059,汇添富中证光伏产业ETF联接-A,指数型-股票,存续,2025-04-29,,2025-04-29,tushare_fund_basic,汇添富基金管理股份有限公司,,024059.OF,024059,True
024060,汇添富中证光伏产业ETF联接-C,指数型-股票,存续,2025-04-29,,2025-04-29,tushare_fund_basic,汇添富基金管理股份有限公司,,024060.OF,024059,False
024063,汇添富创业板ETF联接-A,指数型-股票,存续,2025-08-19,,2025-08-19,tushare_fund_basic,汇添富基金管理股份有限公司,,024063.OF,024063,True
024064,汇添富创业板ETF联接-C,指数型-股票,存续,2025-08-19,,2025-08-19,tushare_fund_basic,汇添富基金管理股份有限公司,,024064.OF,024063,False
024065,华宝新活力灵活配置混合-I,混合型-灵活,存续,2025-04-18,,2025-04-18,tushare_fund_basic,华宝基金管理有限公司,,024065.OF,024065,True
024068,海富通新内需灵活配置混合-D,混合型-灵活,存续,2025-04-23,,2025-04-23,tushare_fund_basic,海富通基金管理有限公司,,024068.OF,024068,True
024069,上银中证半导体产业指数-A,指数型-股票,存续,2025-05-13,,2025-05-13,tushare_fund_basic,上银基金管理有限公司,,024069.OF,024069,True
024070,上银中证半导体产业指数-C,指数型-股票,存续,2025-05-13,,2025-05-13,tushare_fund_basic,上银基金管理有限公司,,024070.OF,024069,False
024071,上银创业板50指数-A,指数型-股票,存续,2025-06-04,,2025-06-04,tushare_fund_basic,上银基金管理有限公司,,024071.OF,024071,True
024072,上银创业板50指数-C,指数型-股票,存续,2025-06-04,,2025-06-04,tushare_fund_basic,上银基金管理有限公司,,024072.OF,024071,False
024073,上银国证自由现金流指数-A,指数型-股票,存续,2025-06-26,,2025-06-26,tushare_fund_basic,上银基金管理有限公司,,024073.OF,024073,True
024074,上银国证自由现金流指数-C,指数型-股票,存续,2025-06-26,,2025-06-26,tushare_fund_basic,上银基金管理有限公司,,024074.OF,024073,False
024075,长盛中证A500指数增强-A,指数型-股票,存续,2025-11-11,,2025-11-11,tushare_fund_basic,长盛基金管理有限公司,,024075.OF,024075,True
024076,长盛中证A500指数增强-C,指数型-股票,存续,2025-11-11,,2025-11-11,tushare_fund_basic,长盛基金管理有限公司,,024076.OF,024075,False
024078,长城国证自由现金流ETF联接-A,指数型-股票,存续,2025-08-05,,2025-08-05,tushare_fund_basic,长城基金管理有限公司,,024078.OF,024078,True
024079,长城国证自由现金流ETF联接-C,指数型-股票,存续,2025-08-05,,2025-08-05,tushare_fund_basic,长城基金管理有限公司,,024079.OF,024078,False
024083,浦银上证科创板综合指数增强-A,指数型-股票,存续,2025-06-17,,2025-06-17,tushare_fund_basic,浦银基金管理有限公司,,024083.OF,024083,True
024084,浦银上证科创板综合指数增强-C,指数型-股票,存续,2025-06-17,,2025-06-17,tushare_fund_basic,浦银基金管理有限公司,,024084.OF,024083,False
024085,兴业上证科创板综合价格ETF联接-A,指数型-股票,存续,2025-11-04,,2025-11-04,tushare_fund_basic,兴业基金管理有限公司,,024085.OF,024085,True
024086,兴业上证科创板综合价格ETF联接-C,指数型-股票,存续,2025-11-04,,2025-11-04,tushare_fund_basic,兴业基金管理有限公司,,024086.OF,024085,False
024091,中金中证1000指数增强-B,指数型-股票,存续,2025-04-21,,2025-04-21,tushare_fund_basic,中金基金管理有限公司,,024091.OF,024091,True
024114,泓德丰泽混合(LOF)-C,混合型-灵活,存续,2025-04-21,,2025-04-21,tushare_fund_basic,泓德基金管理有限公司,,024114.OF,501071,False
024117,中欧国证自由现金流指数-A,指数型-股票,存续,2025-07-22,,2025-07-22,tushare_fund_basic,中欧基金管理有限公司,,024117.OF,024117,True
024118,中欧国证自由现金流指数-C,指数型-股票,存续,2025-07-22,,2025-07-22,tushare_fund_basic,中欧基金管理有限公司,,024118.OF,024117,False
024139,鹏华上证180ETF联接-I,指数型-股票,存续,2025-04-24,,2025-04-24,tushare_fund_basic,鹏华基金管理有限公司,,024139.OF,024139,True
024140,鹏华恒生港股通高股息率指数-I,指数型-海外股票,存续,2025-04-28,,2025-04-28,tushare_fund_basic,鹏华基金管理有限公司,,024140.OF,024140,True
024141,鹏华上证科创板综合ETF联接-I,指数型-股票,存续,2025-04-28,,2025-04-28,tushare_fund_basic,鹏华基金管理有限公司,,024141.OF,024141,True
024142,南方深证100ETF联接-A,指数型-股票,存续,2025-05-21,,2025-05-21,tushare_fund_basic,南方基金管理股份有限公司,,024142.OF,024142,True
024143,南方深证100ETF联接-C,指数型-股票,存续,2025-05-21,,2025-05-21,tushare_fund_basic,南方基金管理股份有限公司,,024143.OF,024142,False
024144,华夏中证港股通汽车产业主题ETF联接-A,指数型-海外股票,存续,2025-07-08,,2025-07-08,tushare_fund_basic,华夏基金管理有限公司,,024144.OF,024144,True
024145,华夏中证港股通汽车产业主题ETF联接-C,指数型-海外股票,存续,2025-07-08,,2025-07-08,tushare_fund_basic,华夏基金管理有限公司,,024145.OF,024144,False
024146,富国深证100ETF联接-A,指数型-股票,存续,2025-06-18,,2025-06-18,tushare_fund_basic,富国基金管理有限公司,,024146.OF,024146,True
024147,富国深证100ETF联接-C,指数型-股票,存续,2025-06-18,,2025-06-18,tushare_fund_basic,富国基金管理有限公司,,024147.OF,024146,False
024148,长城恒生科技指数(QDII)-A,指数型-海外股票,存续,2025-06-18,,2025-06-18,tushare_fund_basic,长城基金管理有限公司,,024148.OF,024148,True
024149,长城恒生科技指数(QDII)-C,指数型-海外股票,存续,2025-06-18,,2025-06-18,tushare_fund_basic,长城基金管理有限公司,,024149.OF,024148,False
024153,华安消费机遇股票-A,股票型,存续,2025-07-17,,2025-07-17,tushare_fund_basic,华安基金管理有限公司,,024153.OF,024153,True
024154,华安消费机遇股票-C,股票型,存续,2025-07-17,,2025-07-17,tushare_fund_basic,华安基金管理有限公司,,024154.OF,024153,False
024157,鹏华上证科创板新能源ETF联接-I,指数型-股票,存续,2025-04-25,,2025-04-25,tushare_fund_basic,鹏华基金管理有限公司,,024157.OF,024157,True
024158,鹏华沪深300指数量化增强-I,指数型-股票,存续,2025-04-25,,2025-04-25,tushare_fund_basic,鹏华基金管理有限公司,,024158.OF,024158,True
024161,大成北证50成份指数-A,指数型-股票,存续,2025-05-27,,2025-05-27,tushare_fund_basic,大成基金管理有限公司,,024161.OF,024161,True
024162,大成北证50成份指数-C,指数型-股票,存续,2025-05-27,,2025-05-27,tushare_fund_basic,大成基金管理有限公司,,024162.OF,024161,False
024166,西部利得恒生科技指数(QDII)-A,指数型-海外股票,存续,2025-07-24,,2025-07-24,tushare_fund_basic,西部利得基金管理有限公司,,024166.OF,024166,True
024167,西部利得恒生科技指数(QDII)-C,指数型-海外股票,存续,2025-07-24,,2025-07-24,tushare_fund_basic,西部利得基金管理有限公司,,024167.OF,024166,False
024168,信澳蓝筹精选股票-C,股票型,存续,2025-06-09,,2025-06-09,tushare_fund_basic,信达澳亚基金管理有限公司,,024168.OF,024168,True
024169,信澳先进智造股票-C,股票型,存续,2025-06-09,,2025-06-09,tushare_fund_basic,信达澳亚基金管理有限公司,,024169.OF,024169,True
024170,信澳新能源产业股票-C,股票型,存续,2025-06-09,,2025-06-09,tushare_fund_basic,信达澳亚基金管理有限公司,,024170.OF,024170,True
024174,东财上证科创板综合价格ETF联接-A,指数型-股票,存续,2025-11-05,,2025-11-05,tushare_fund_basic,东财基金管理有限公司,,024174.OF,024174,True
024179,富国中证500ETF联接-A,指数型-股票,存续,2025-08-26,,2025-08-26,tushare_fund_basic,富国基金管理有限公司,,024179.OF,024179,True
024180,富国中证500ETF联接-C,指数型-股票,存续,2025-08-26,,2025-08-26,tushare_fund_basic,富国基金管理有限公司,,024180.OF,024179,False
024182,兴银上证科创板综合指数增强-A,指数型-股票,存续,2025-07-11,,2025-07-11,tushare_fund_basic,兴银基金管理有限责任公司,,024182.OF,024182,True
024183,兴银上证科创板综合指数增强-C,指数型-股票,存续,2025-07-11,,2025-07-11,tushare_fund_basic,兴银基金管理有限责任公司,,024183.OF,024182,False
024184,鹏华国证钢铁行业指数(LOF)-I,指数型-股票,存续,2025-04-28,,2025-04-28,tushare_fund_basic,鹏华基金管理有限公司,,024184.OF,024184,True
024185,东财上证科创板综合价格ETF联接-C,指数型-股票,存续,2025-11-05,,2025-11-05,tushare_fund_basic,东财基金管理有限公司,,024185.OF,024174,False
024186,博时裕富沪深300指数-I,指数型-股票,存续,2025-04-29,,2025-04-29,tushare_fund_basic,博时基金管理有限公司,,024186.OF,024186,True
024189,华泰柏瑞恒生消费ETF联接-A,指数型-海外股票,存续,2025-05-06,,2025-05-06,tushare_fund_basic,华泰柏瑞基金管理有限公司,,024189.OF,024189,True
024190,华泰柏瑞恒生消费ETF联接-C,指数型-海外股票,存续,2025-05-06,,2025-05-06,tushare_fund_basic,华泰柏瑞基金管理有限公司,,024190.OF,024189,False
024192,国投瑞银中证全指公用事业ETF联接-A,指数型-股票,存续,2025-06-27,,2025-06-27,tushare_fund_basic,国投瑞银基金管理有限公司,,024192.OF,024192,True
024193,国投瑞银中证全指公用事业ETF联接-C,指数型-股票,存续,2025-06-27,,2025-06-27,tushare_fund_basic,国投瑞银基金管理有限公司,,024193.OF,024192,False
024194,永赢国证商用卫星通信产业ETF联接-A,指数型-股票,存续,2025-07-11,,2025-07-11,tushare_fund_basic,永赢基金管理有限公司,,024194.OF,024194,True
024195,永赢国证商用卫星通信产业ETF联接-C,指数型-股票,存续,2025-07-11,,2025-07-11,tushare_fund_basic,永赢基金管理有限公司,,024195.OF,024194,False
024196,中金消费升级股票-C,股票型,存续,2025-04-30,,2025-04-30,tushare_fund_basic,中金基金管理有限公司,,024196.OF,024196,True
024210,建信鑫稳回报灵活配置混合-D,混合型-灵活,存续,2025-05-27,,2025-05-27,tushare_fund_basic,建信基金管理有限责任公司,,024210.OF,024210,True
024211,建信鑫稳回报灵活配置混合-F,混合型-灵活,存续,2025-05-27,,2025-05-27,tushare_fund_basic,建信基金管理有限责任公司,,024211.OF,024211,True
024218,融通中证诚通央企红利ETF联接-A,指数型-股票,存续,2025-07-16,,2025-07-16,tushare_fund_basic,融通基金管理有限公司,,024218.OF,024218,True
024219,融通中证诚通央企红利ETF联接-C,指数型-股票,存续,2025-07-16,,2025-07-16,tushare_fund_basic,融通基金管理有限公司,,024219.OF,024218,False
024220,汇安中证红利低波动100指数-A,指数型-股票,存续,2025-09-05,,2025-09-05,tushare_fund_basic,汇安基金管理有限责任公司,,024220.OF,024220,True
024221,汇安中证红利低波动100指数-C,指数型-股票,存续,2025-09-05,,2025-09-05,tushare_fund_basic,汇安基金管理有限责任公司,,024221.OF,024220,False
024224,国新国证新锐灵活配置混合-C,混合型-灵活,存续,2025-05-15,,2025-05-15,tushare_fund_basic,国新国证基金管理有限公司,,024224.OF,024224,True
024225,长城沪深300自由现金流指数-A,指数型-股票,存续,2025-12-18,,2025-12-18,tushare_fund_basic,长城基金管理有限公司,,024225.OF,024225,True
024226,长城沪深300自由现金流指数-C,指数型-股票,存续,2025-12-18,,2025-12-18,tushare_fund_basic,长城基金管理有限公司,,024226.OF,024225,False
024227,东方红中证港股通高股息投资指数-A,指数型-海外股票,存续,2025-08-19,,2025-08-19,tushare_fund_basic,上海东方证券资产管理有限公司,,024227.OF,024227,True
024228,东方红中证港股通高股息投资指数-C,指数型-海外股票,存续,2025-08-19,,2025-08-19,tushare_fund_basic,上海东方证券资产管理有限公司,,024228.OF,024227,False
024229,国新国证新利灵活配置混合-C,混合型-灵活,存续,2025-05-15,,2025-05-15,tushare_fund_basic,国新国证基金管理有限公司,,024229.OF,024229,True
024231,人保中证A50指数增强-A,指数型-股票,存续,2026-01-21,,2026-01-21,tushare_fund_basic,中国人保资产管理有限公司,,024231.OF,024231,True
024232,人保中证A50指数增强-C,指数型-股票,存续,2026-01-21,,2026-01-21,tushare_fund_basic,中国人保资产管理有限公司,,024232.OF,024231,False
024233,国泰多策略收益灵活配置混合-E,混合型-灵活,存续,2025-05-15,,2025-05-15,tushare_fund_basic,国泰基金管理有限公司,,024233.OF,023289,False
024237,博时纳斯达克100ETF联接(QDII)-I-CNY,指数型-海外股票,存续,2025-05-12,,2025-05-12,tushare_fund_basic,博时基金管理有限公司,,024237.OF,024237,True
024238,信澳新财富灵活配置混合-C,混合型-灵活,存续,2025-05-20,,2025-05-20,tushare_fund_basic,信达澳亚基金管理有限公司,,024238.OF,024238,True
024241,鹏华中证空天一体军工指数(LOF)-I,指数型-股票,存续,2025-08-08,,2025-08-08,tushare_fund_basic,鹏华基金管理有限公司,,024241.OF,024241,True
024242,鹏华中证A股资源产业指数(LOF)-I,指数型-股票,存续,2025-08-08,,2025-08-08,tushare_fund_basic,鹏华基金管理有限公司,,024242.OF,024242,True
024243,鹏华恒生中国央企ETF联接(QDII)-I,指数型-海外股票,存续,2025-08-08,,2025-08-08,tushare_fund_basic,鹏华基金管理有限公司,,024243.OF,024243,True
024244,鹏华北证50成份指数-I,指数型-股票,存续,2025-08-08,,2025-08-08,tushare_fund_basic,鹏华基金管理有限公司,,024244.OF,024244,True
024245,广发上证科创板人工智能ETF联接-A,指数型-股票,存续,2025-06-04,,2025-06-04,tushare_fund_basic,广发基金管理有限公司,,024245.OF,024245,True
024246,广发上证科创板人工智能ETF联接-C,指数型-股票,存续,2025-06-04,,2025-06-04,tushare_fund_basic,广发基金管理有限公司,,024246.OF,024245,False
024247,工银瑞信中证港股通高股息精选ETF联接-A,指数型-海外股票,存续,2025-05-27,,2025-05-27,tushare_fund_basic,工银瑞信基金管理有限公司,,024247.OF,024247,True
024248,工银瑞信中证港股通高股息精选ETF联接-C,指数型-海外股票,存续,2025-05-27,,2025-05-27,tushare_fund_basic,工银瑞信基金管理有限公司,,024248.OF,024247,False
024249,景顺长城上证科创板综合指数增强-A,指数型-股票,存续,2025-09-18,,2025-09-18,tushare_fund_basic,景顺长城基金管理有限公司,,024249.OF,024249,True
024250,景顺长城上证科创板综合指数增强-C,指数型-股票,存续,2025-09-18,,2025-09-18,tushare_fund_basic,景顺长城基金管理有限公司,,024250.OF,024249,False
024252,申万菱信中证红利指数-A,指数型-股票,存续,2025-05-26,,2025-05-26,tushare_fund_basic,申万菱信基金管理有限公司,,024252.OF,024252,True
024253,申万菱信中证红利指数-C,指数型-股票,存续,2025-05-26,,2025-05-26,tushare_fund_basic,申万菱信基金管理有限公司,,024253.OF,024252,False
024254,国联中证800指数增强-A,指数型-股票,存续,2025-09-23,,2025-09-23,tushare_fund_basic,国联基金管理有限公司,,024254.OF,024254,True
024255,国联中证800指数增强-C,指数型-股票,存续,2025-09-23,,2025-09-23,tushare_fund_basic,国联基金管理有限公司,,024255.OF,024254,False
024256,宏利中证主要消费红利指数-I,指数型-股票,存续,2025-06-05,,2025-06-05,tushare_fund_basic,宏利基金管理有限公司,,024256.OF,024256,True
024257,宏利新起点灵活配置混合-C,混合型-灵活,存续,2025-06-05,,2025-06-05,tushare_fund_basic,宏利基金管理有限公司,,024257.OF,024257,True
024258,鑫元中证800红利低波动ETF联接-I,指数型-股票,存续,2025-05-14,,2025-05-14,tushare_fund_basic,鑫元基金管理有限公司,,024258.OF,024258,True
024263,华夏中证红利质量ETF联接-D,指数型-股票,存续,2025-06-26,,2025-06-26,tushare_fund_basic,华夏基金管理有限公司,,024263.OF,024263,True
024266,融通中证诚通央企ESGETF联接-A,指数型-股票,存续,2025-08-26,,2025-08-26,tushare_fund_basic,融通基金管理有限公司,,024266.OF,024266,True
024267,融通中证诚通央企ESGETF联接-C,指数型-股票,存续,2025-08-26,,2025-08-26,tushare_fund_basic,融通基金管理有限公司,,024267.OF,024266,False
024270,诺安策略精选股票-C,股票型,存续,2025-05-21,,2025-05-21,tushare_fund_basic,诺安基金管理有限公司,,024270.OF,024270,True
024273,华夏中证农业主题ETF联接-D,指数型-股票,存续,2025-06-26,,2025-06-26,tushare_fund_basic,华夏基金管理有限公司,,024273.OF,024273,True
024274,东兴中证A500指数增强-A,指数型-股票,存续,2025-07-01,,2025-07-01,tushare_fund_basic,东兴基金管理有限公司,,024274.OF,024274,True
024275,东兴中证A500指数增强-C,指数型-股票,存续,2025-07-01,,2025-07-01,tushare_fund_basic,东兴基金管理有限公司,,024275.OF,024274,False
024298,浦银中证A500ETF联接-A,指数型-股票,存续,2025-07-17,,2025-07-17,tushare_fund_basic,浦银基金管理有限公司,,024298.OF,024298,True
024299,浦银中证A500ETF联接-C,指数型-股票,存续,2025-07-17,,2025-07-17,tushare_fund_basic,浦银基金管理有限公司,,024299.OF,024298,False
024313,华商沪深300指数增强-A,指数型-股票,存续,2025-08-19,,2025-08-19,tushare_fund_basic,华商基金管理有限公司,,024313.OF,024313,True
024314,华商沪深300指数增强-C,指数型-股票,存续,2025-08-19,,2025-08-19,tushare_fund_basic,华商基金管理有限公司,,024314.OF,024313,False
024315,南方中证全指家用电器ETF联接-A,指数型-股票,存续,2025-08-26,,2025-08-26,tushare_fund_basic,南方基金管理股份有限公司,,024315.OF,024315,True
024316,南方中证全指家用电器ETF联接-C,指数型-股票,存续,2025-08-26,,2025-08-26,tushare_fund_basic,南方基金管理股份有限公司,,024316.OF,024315,False
024326,农银汇理中证800自由现金流指数-A,指数型-股票,存续,2025-07-22,,2025-07-22,tushare_fund_basic,农银汇理基金管理有限公司,,024326.OF,024326,True
024327,农银汇理中证800自由现金流指数-C,指数型-股票,存续,2025-07-22,,2025-07-22,tushare_fund_basic,农银汇理基金管理有限公司,,024327.OF,024326,False
024328,易方达恒生港股通创新药ETF联接-A,指数型-海外股票,存续,2025-06-17,,2025-06-17,tushare_fund_basic,易方达基金管理有限公司,,024328.OF,024328,True
024329,易方达恒生港股通创新药ETF联接-C,指数型-海外股票,存续,2025-06-17,,2025-06-17,tushare_fund_basic,易方达基金管理有限公司,,024329.OF,024328,False
024332,招商中证500增强策略ETF联接-A,指数型-股票,存续,2025-09-02,,2025-09-02,tushare_fund_basic,招商基金管理有限公司,,024332.OF,024332,True
024333,招商中证500增强策略ETF联接-C,指数型-股票,存续,2025-09-02,,2025-09-02,tushare_fund_basic,招商基金管理有限公司,,024333.OF,024332,False
024337,财通中证A500指数增强-A,指数型-股票,存续,2025-06-26,,2025-06-26,tushare_fund_basic,财通基金管理有限公司,,024337.OF,024337,True
024338,财通中证A500指数增强-C,指数型-股票,存续,2025-06-26,,2025-06-26,tushare_fund_basic,财通基金管理有限公司,,024338.OF,024337,False
024345,浙商汇金上证科创板综合指数-A,指数型-股票,存续,2025-08-19,,2025-08-19,tushare_fund_basic,浙江浙商证券资产管理有限公司,,024345.OF,024345,True
024346,浙商汇金上证科创板综合指数-C,指数型-股票,存续,2025-08-19,,2025-08-19,tushare_fund_basic,浙江浙商证券资产管理有限公司,,024346.OF,024345,False
024348,中欧国证通用航空产业指数-A,指数型-股票,存续,2025-06-25,,2025-06-25,tushare_fund_basic,中欧基金管理有限公司,,024348.OF,024348,True
024349,中欧国证通用航空产业指数-C,指数型-股票,存续,2025-06-25,,2025-06-25,tushare_fund_basic,中欧基金管理有限公司,,024349.OF,024348,False
024350,建信上证智选科创板创新价值ETF联接-A,指数型-股票,存续,2025-06-20,,2025-06-20,tushare_fund_basic,建信基金管理有限责任公司,,024350.OF,024350,True
024351,建信上证智选科创板创新价值ETF联接-C,指数型-股票,存续,2025-06-20,,2025-06-20,tushare_fund_basic,建信基金管理有限责任公司,,024351.OF,024350,False
024352,长江中证A500指数增强-A,指数型-股票,存续,2025-09-15,,2025-09-15,tushare_fund_basic,长江证券(上海)资产管理有限公司,,024352.OF,024352,True
024353,长江中证A500指数增强-C,指数型-股票,存续,2025-09-15,,2025-09-15,tushare_fund_basic,长江证券(上海)资产管理有限公司,,024353.OF,024352,False
024359,中欧上证科创板综合指数增强-A,指数型-股票,存续,2025-07-22,,2025-07-22,tushare_fund_basic,中欧基金管理有限公司,,024359.OF,024359,True
024360,中欧上证科创板综合指数增强-C,指数型-股票,存续,2025-07-22,,2025-07-22,tushare_fund_basic,中欧基金管理有限公司,,024360.OF,024359,False
024363,华富中证港股通创新药指数-A,指数型-海外股票,存续,2025-06-05,,2025-06-05,tushare_fund_basic,华富基金管理有限公司,,024363.OF,024363,True
024364,华富中证港股通创新药指数-C,指数型-海外股票,存续,2025-06-05,,2025-06-05,tushare_fund_basic,华富基金管理有限公司,,024364.OF,024363,False
024365,华富华证沪深港汽车制造主题指数-A,指数型-股票,存续,2025-06-10,,2025-06-10,tushare_fund_basic,华富基金管理有限公司,,024365.OF,024365,True
024366,华富华证沪深港汽车制造主题指数-C,指数型-股票,存续,2025-06-10,,2025-06-10,tushare_fund_basic,华富基金管理有限公司,,024366.OF,024365,False
024367,华宝沪深300自由现金流ETF联接-A,指数型-股票,存续,2025-07-23,,2025-07-23,tushare_fund_basic,华宝基金管理有限公司,,024367.OF,024367,True
024368,华宝沪深300自由现金流ETF联接-C,指数型-股票,存续,2025-07-23,,2025-07-23,tushare_fund_basic,华宝基金管理有限公司,,024368.OF,024367,False
024369,天弘富时中国A股自由现金流聚焦指数-A,指数型-股票,存续,2025-07-23,,2025-07-23,tushare_fund_basic,天弘基金管理有限公司,,024369.OF,024369,True
024370,天弘富时中国A股自由现金流聚焦指数-C,指数型-股票,存续,2025-07-23,,2025-07-23,tushare_fund_basic,天弘基金管理有限公司,,024370.OF,024369,False
024371,天弘中证港股通央企红利ETF联接-A,指数型-海外股票,存续,2025-11-04,,2025-11-04,tushare_fund_basic,天弘基金管理有限公司,,024371.OF,024371,True
024372,天弘中证港股通央企红利ETF联接-C,指数型-海外股票,存续,2025-11-04,,2025-11-04,tushare_fund_basic,天弘基金管理有限公司,,024372.OF,024371,False
024375,南方中证A500指数增强-A,指数型-股票,存续,2025-09-09,,2025-09-09,tushare_fund_basic,南方基金管理股份有限公司,,024375.OF,024375,True
024376,南方中证A500指数增强-C,指数型-股票,存续,2025-09-09,,2025-09-09,tushare_fund_basic,南方基金管理股份有限公司,,024376.OF,024375,False
024377,易方达科智量化选股股票-A,股票型,存续,2025-06-04,,2025-06-04,tushare_fund_basic,易方达基金管理有限公司,,024377.OF,024377,True
024378,易方达科智量化选股股票-C,股票型,存续,2025-06-04,,2025-06-04,tushare_fund_basic,易方达基金管理有限公司,,024378.OF,024377,False
024381,广发中证港股通汽车产业主题ETF联接-A,指数型-海外股票,存续,2025-07-02,,2025-07-02,tushare_fund_basic,广发基金管理有限公司,,024381.OF,024381,True
024382,广发中证港股通汽车产业主题ETF联接-C,指数型-海外股票,存续,2025-07-02,,2025-07-02,tushare_fund_basic,广发基金管理有限公司,,024382.OF,024381,False
024383,万家上证50ETF联接-A,指数型-股票,存续,2025-12-23,,2025-12-23,tushare_fund_basic,万家基金管理有限公司,,024383.OF,024383,True
024384,万家上证50ETF联接-C,指数型-股票,存续,2025-12-23,,2025-12-23,tushare_fund_basic,万家基金管理有限公司,,024384.OF,024383,False
024390,中信建投上证科创板综合指数增强-A,指数型-股票,存续,2025-06-24,,2025-06-24,tushare_fund_basic,中信建投基金管理有限公司,,024390.OF,024390,True
024391,中信建投上证科创板综合指数增强-C,指数型-股票,存续,2025-06-24,,2025-06-24,tushare_fund_basic,中信建投基金管理有限公司,,024391.OF,024390,False
024393,永赢恒生消费指数(QDII)-A,指数型-海外股票,存续,2025-07-21,,2025-07-21,tushare_fund_basic,永赢基金管理有限公司,,024393.OF,024393,True
024394,永赢恒生消费指数(QDII)-C,指数型-海外股票,存续,2025-07-21,,2025-07-21,tushare_fund_basic,永赢基金管理有限公司,,024394.OF,024393,False
024395,银华兴盛股票-C,股票型,存续,2025-05-29,,2025-05-29,tushare_fund_basic,银华基金管理股份有限公司,,024395.OF,024395,True
024400,国投瑞银中证全指自由现金流指数-A,指数型-股票,存续,2025-07-29,,2025-07-29,tushare_fund_basic,国投瑞银基金管理有限公司,,024400.OF,024400,True
024401,国投瑞银中证全指自由现金流指数-C,指数型-股票,存续,2025-07-29,,2025-07-29,tushare_fund_basic,国投瑞银基金管理有限公司,,024401.OF,024400,False
024402,渤海汇金中证全指自由现金流指数-A,指数型-股票,存续,2025-11-11,,2025-11-11,tushare_fund_basic,渤海汇金证券资产管理有限公司,,024402.OF,024402,True
024403,渤海汇金中证全指自由现金流指数-C,指数型-股票,存续,2025-11-11,,2025-11-11,tushare_fund_basic,渤海汇金证券资产管理有限公司,,024403.OF,024402,False
024407,鑫元中证港股通创新药指数-A,指数型-海外股票,存续,2025-07-09,,2025-07-09,tushare_fund_basic,鑫元基金管理有限公司,,024407.OF,024407,True
024408,鑫元中证港股通创新药指数-C,指数型-海外股票,存续,2025-07-09,,2025-07-09,tushare_fund_basic,鑫元基金管理有限公司,,024408.OF,024407,False
024409,鑫元上证科创板人工智能ETF联接-A,指数型-股票,存续,2025-08-12,,2025-08-12,tushare_fund_basic,鑫元基金管理有限公司,,024409.OF,024409,True
024410,鑫元上证科创板人工智能ETF联接-C,指数型-股票,存续,2025-08-12,,2025-08-12,tushare_fund_basic,鑫元基金管理有限公司,,024410.OF,024409,False
024411,华夏上证科创板人工智能ETF联接-A,指数型-股票,存续,2025-09-23,,2025-09-23,tushare_fund_basic,华夏基金管理有限公司,,024411.OF,024411,True
024412,华夏上证科创板人工智能ETF联接-C,指数型-股票,存续,2025-09-23,,2025-09-23,tushare_fund_basic,华夏基金管理有限公司,,024412.OF,024411,False
024415,长信沪深300指数量化增强-A,指数型-股票,存续,2025-08-22,,2025-08-22,tushare_fund_basic,长信基金管理有限责任公司,,024415.OF,024415,True
024416,长信沪深300指数量化增强-C,指数型-股票,存续,2025-08-22,,2025-08-22,tushare_fund_basic,长信基金管理有限责任公司,,024416.OF,024415,False
024417,华夏上证科创板半导体材料设备主题ETF联接-A,指数型-股票,存续,2025-09-02,,2025-09-02,tushare_fund_basic,华夏基金管理有限公司,,024417.OF,024417,True
024418,华夏上证科创板半导体材料设备主题ETF联接-C,指数型-股票,存续,2025-09-02,,2025-09-02,tushare_fund_basic,华夏基金管理有限公司,,024418.OF,024417,False
024419,华夏创业板新能源ETF联接-A,指数型-股票,存续,2025-08-05,,2025-08-05,tushare_fund_basic,华夏基金管理有限公司,,024419.OF,024419,True
024420,华夏创业板新能源ETF联接-C,指数型-股票,存续,2025-08-05,,2025-08-05,tushare_fund_basic,华夏基金管理有限公司,,024420.OF,024419,False
024452,博时卓睿成长股票-A,股票型,存续,2025-06-20,,2025-06-20,tushare_fund_basic,博时基金管理有限公司,,024452.OF,024452,True
024453,博时卓睿成长股票-C,股票型,存续,2025-06-20,,2025-06-20,tushare_fund_basic,博时基金管理有限公司,,024453.OF,024452,False
024478,鑫元创业板人工智能指数-A,指数型-股票,存续,2025-08-19,,2025-08-19,tushare_fund_basic,鑫元基金管理有限公司,,024478.OF,024478,True
024479,鑫元创业板人工智能指数-C,指数型-股票,存续,2025-08-19,,2025-08-19,tushare_fund_basic,鑫元基金管理有限公司,,024479.OF,024478,False
024491,平安中证A50ETF联接-E,指数型-股票,存续,2025-06-06,,2025-06-06,tushare_fund_basic,平安基金管理有限公司,,024491.OF,021183,False
024492,平安创业板ETF联接-E,指数型-股票,存续,2025-06-06,,2025-06-06,tushare_fund_basic,平安基金管理有限公司,,024492.OF,024492,True
024497,鑫元华证沪深港红利50指数-I,指数型-股票,存续,2025-06-06,,2025-06-06,tushare_fund_basic,鑫元基金管理有限公司,,024497.OF,024497,True
024504,平安中证新能源汽车产业ETF联接-E,指数型-股票,存续,2025-06-06,,2025-06-06,tushare_fund_basic,平安基金管理有限公司,,024504.OF,012698,False
024509,泓德上证科创板综合指数增强-A,指数型-股票,存续,2025-08-04,,2025-08-04,tushare_fund_basic,泓德基金管理有限公司,,024509.OF,024509,True
024510,泓德上证科创板综合指数增强-C,指数型-股票,存续,2025-08-04,,2025-08-04,tushare_fund_basic,泓德基金管理有限公司,,024510.OF,024509,False
024542,平安中证汽车零部件主题ETF联接-E,指数型-股票,存续,2025-06-17,,2025-06-17,tushare_fund_basic,平安基金管理有限公司,,024542.OF,022731,False
024543,平安MSCI中国A股国际ETF联接-E,指数型-海外股票,存续,2025-06-19,,2025-06-19,tushare_fund_basic,平安基金管理有限公司,,024543.OF,024543,True
024544,平安中证港股通医药卫生综合ETF联接-E,指数型-海外股票,存续,2025-06-13,,2025-06-13,tushare_fund_basic,平安基金管理有限公司,,024544.OF,019598,False
024545,平安富时中国国企开放共赢ETF联接-E,指数型-股票,清盘,2025-06-23,2026-08-25,2025-06-23,tushare_fund_basic,平安基金管理有限公司,2026-08-25,024545.OF,020781,False
024546,平安沪深300ETF联接-E,指数型-股票,存续,2025-06-18,,2025-06-18,tushare_fund_basic,平安基金管理有限公司,,024546.OF,024546,True
024556,平安中证500ETF联接-E,指数型-股票,存续,2025-06-20,,2025-06-20,tushare_fund_basic,平安基金管理有限公司,,024556.OF,024556,True
024557,平安中证消费电子主题ETF联接-E,指数型-股票,存续,2025-06-16,,2025-06-16,tushare_fund_basic,平安基金管理有限公司,,024557.OF,015894,False
024558,平安鑫享混合-D,混合型-灵活,存续,2025-06-13,,2025-06-13,tushare_fund_basic,平安基金管理有限公司,,024558.OF,024558,True
024560,华宝上证科创板人工智能ETF联接-A,指数型-股票,存续,2025-07-09,,2025-07-09,tushare_fund_basic,华宝基金管理有限公司,,024560.OF,024560,True
024561,华宝上证科创板人工智能ETF联接-C,指数型-股票,存续,2025-07-09,,2025-07-09,tushare_fund_basic,华宝基金管理有限公司,,024561.OF,024560,False
024564,易方达中证红利价值ETF联接-A,指数型-股票,存续,2025-07-29,,2025-07-29,tushare_fund_basic,易方达基金管理有限公司,,024564.OF,024564,True
024565,易方达中证红利价值ETF联接-C,指数型-股票,存续,2025-07-29,,2025-07-29,tushare_fund_basic,易方达基金管理有限公司,,024565.OF,024564,False
024566,易方达国证自由现金流ETF联接-A,指数型-股票,存续,2025-12-29,,2025-12-29,tushare_fund_basic,易方达基金管理有限公司,,024566.OF,024566,True
024567,易方达国证自由现金流ETF联接-C,指数型-股票,存续,2025-12-29,,2025-12-29,tushare_fund_basic,易方达基金管理有限公司,,024567.OF,024566,False
024570,银华国证自由现金流ETF联接-A,指数型-股票,存续,2025-07-08,,2025-07-08,tushare_fund_basic,银华基金管理股份有限公司,,024570.OF,024570,True
024571,银华国证自由现金流ETF联接-C,指数型-股票,存续,2025-07-08,,2025-07-08,tushare_fund_basic,银华基金管理股份有限公司,,024571.OF,024570,False
024574,嘉实国证自由现金流ETF联接-A,指数型-股票,存续,2025-07-23,,2025-07-23,tushare_fund_basic,嘉实基金管理有限公司,,024574.OF,024574,True
024575,嘉实国证自由现金流ETF联接-C,指数型-股票,存续,2025-07-23,,2025-07-23,tushare_fund_basic,嘉实基金管理有限公司,,024575.OF,024574,False
024576,永赢沪深300指数增强-A,指数型-股票,存续,2025-10-23,,2025-10-23,tushare_fund_basic,永赢基金管理有限公司,,024576.OF,024576,True
024577,永赢沪深300指数增强-C,指数型-股票,存续,2025-10-23,,2025-10-23,tushare_fund_basic,永赢基金管理有限公司,,024577.OF,024576,False
024578,万家中证800自由现金流ETF联接-A,指数型-股票,存续,2025-07-31,,2025-07-31,tushare_fund_basic,万家基金管理有限公司,,024578.OF,024578,True
024579,万家中证800自由现金流ETF联接-C,指数型-股票,存续,2025-07-31,,2025-07-31,tushare_fund_basic,万家基金管理有限公司,,024579.OF,024578,False
024584,华泰保兴上证科创板综合指数增强-A,指数型-股票,存续,2025-06-27,,2025-06-27,tushare_fund_basic,华泰保兴基金管理有限公司,,024584.OF,024584,True
024585,华泰保兴上证科创板综合指数增强-C,指数型-股票,存续,2025-06-27,,2025-06-27,tushare_fund_basic,华泰保兴基金管理有限公司,,024585.OF,024584,False
024600,招商资管中证机器人指数-A,指数型-股票,存续,2025-12-23,,2025-12-23,tushare_fund_basic,招商证券资产管理有限公司,,024600.OF,024600,True
024601,招商资管中证机器人指数-C,指数型-股票,存续,2025-12-23,,2025-12-23,tushare_fund_basic,招商证券资产管理有限公司,,024601.OF,024600,False
024602,方正富邦中证全指自由现金流ETF联接-A,指数型-股票,存续,2025-07-22,,2025-07-22,tushare_fund_basic,方正富邦基金管理有限公司,,024602.OF,024602,True
024603,方正富邦中证全指自由现金流ETF联接-C,指数型-股票,存续,2025-07-22,,2025-07-22,tushare_fund_basic,方正富邦基金管理有限公司,,024603.OF,024602,False
024605,前海开源上证科创板50成份指数-A,指数型-股票,存续,2025-11-04,,2025-11-04,tushare_fund_basic,前海开源基金管理有限公司,,024605.OF,024605,True
024606,前海开源上证科创板50成份指数-C,指数型-股票,存续,2025-11-04,,2025-11-04,tushare_fund_basic,前海开源基金管理有限公司,,024606.OF,024605,False
024609,平安上证180ETF联接-E,指数型-股票,存续,2025-06-25,,2025-06-25,tushare_fund_basic,平安基金管理有限公司,,024609.OF,023547,False
024610,平安中证人工智能主题ETF联接-E,指数型-股票,存续,2025-06-23,,2025-06-23,tushare_fund_basic,平安基金管理有限公司,,024610.OF,023384,False
024611,平安上证红利低波动指数-E,指数型-股票,存续,2025-06-24,,2025-06-24,tushare_fund_basic,平安基金管理有限公司,,024611.OF,020456,False
024613,摩根沪深300自由现金流ETF联接-A,指数型-股票,存续,2025-07-01,,2025-07-01,tushare_fund_basic,摩根基金管理(中国)有限公司,,024613.OF,024613,True
024614,摩根沪深300自由现金流ETF联接-C,指数型-股票,存续,2025-07-01,,2025-07-01,tushare_fund_basic,摩根基金管理(中国)有限公司,,024614.OF,024613,False
024616,大成中证全指自由现金流ETF联接-A,指数型-股票,存续,2025-07-02,,2025-07-02,tushare_fund_basic,大成基金管理有限公司,,024616.OF,024616,True
024617,大成中证全指自由现金流ETF联接-C,指数型-股票,存续,2025-07-02,,2025-07-02,tushare_fund_basic,大成基金管理有限公司,,024617.OF,024616,False
024618,平安中证光伏产业指数-E,指数型-股票,存续,2025-06-26,,2025-06-26,tushare_fund_basic,平安基金管理有限公司,,024618.OF,012722,False
024619,嘉实中证机器人ETF联接-A,指数型-股票,存续,2025-08-19,,2025-08-19,tushare_fund_basic,嘉实基金管理有限公司,,024619.OF,024619,True
024620,嘉实中证机器人ETF联接-C,指数型-股票,存续,2025-08-19,,2025-08-19,tushare_fund_basic,嘉实基金管理有限公司,,024620.OF,024619,False
024622,华泰柏瑞中证全指自由现金流ETF联接-A,指数型-股票,存续,2025-07-08,,2025-07-08,tushare_fund_basic,华泰柏瑞基金管理有限公司,,024622.OF,024622,True
024623,华泰柏瑞中证全指自由现金流ETF联接-C,指数型-股票,存续,2025-07-08,,2025-07-08,tushare_fund_basic,华泰柏瑞基金管理有限公司,,024623.OF,024622,False
024624,苏新中证800自由现金流指数-A,指数型-股票,存续,2025-08-04,,2025-08-04,tushare_fund_basic,苏新基金管理有限公司,,024624.OF,024624,True
024625,苏新中证800自由现金流指数-C,指数型-股票,存续,2025-08-04,,2025-08-04,tushare_fund_basic,苏新基金管理有限公司,,024625.OF,024624,False
024626,华富沪深300指数增强-A,指数型-股票,存续,2025-07-29,,2025-07-29,tushare_fund_basic,华富基金管理有限公司,,024626.OF,024626,True
024627,华富沪深300指数增强-C,指数型-股票,存续,2025-07-29,,2025-07-29,tushare_fund_basic,华富基金管理有限公司,,024627.OF,024626,False
024628,华夏中证全指房地产ETF联接-D,指数型-股票,存续,2025-06-24,,2025-06-24,tushare_fund_basic,华夏基金管理有限公司,,024628.OF,024628,True
024629,华夏中证新能源汽车ETF联接-D,指数型-股票,存续,2025-06-24,,2025-06-24,tushare_fund_basic,华夏基金管理有限公司,,024629.OF,024629,True
024630,兴银中证红利低波动指数-A,指数型-股票,存续,2025-07-21,,2025-07-21,tushare_fund_basic,兴银基金管理有限责任公司,,024630.OF,024630,True
024631,兴银中证红利低波动指数-C,指数型-股票,存续,2025-07-21,,2025-07-21,tushare_fund_basic,兴银基金管理有限责任公司,,024631.OF,024630,False
024634,招商上证科创板综合价格指数增强-A,指数型-股票,存续,2025-12-02,,2025-12-02,tushare_fund_basic,招商基金管理有限公司,,024634.OF,024634,True
024635,招商上证科创板综合价格指数增强-C,指数型-股票,存续,2025-12-02,,2025-12-02,tushare_fund_basic,招商基金管理有限公司,,024635.OF,024634,False
024636,招商沪深300增强策略ETF联接-A,指数型-股票,存续,2025-09-02,,2025-09-02,tushare_fund_basic,招商基金管理有限公司,,024636.OF,024636,True
024637,招商沪深300增强策略ETF联接-C,指数型-股票,存续,2025-09-02,,2025-09-02,tushare_fund_basic,招商基金管理有限公司,,024637.OF,024636,False
024642,华夏中证银行ETF联接-D,指数型-股票,存续,2025-06-24,,2025-06-24,tushare_fund_basic,华夏基金管理有限公司,,024642.OF,024642,True
024643,华夏中证细分食品饮料产业主题ETF联接-D,指数型-股票,存续,2025-06-24,,2025-06-24,tushare_fund_basic,华夏基金管理有限公司,,024643.OF,024643,True
024650,前海开源中证A500指数增强-A,指数型-股票,存续,2025-09-16,,2025-09-16,tushare_fund_basic,前海开源基金管理有限公司,,024650.OF,024650,True
024651,前海开源中证A500指数增强-C,指数型-股票,存续,2025-09-16,,2025-09-16,tushare_fund_basic,前海开源基金管理有限公司,,024651.OF,024650,False
024655,鹏华中证800自由现金流ETF联接-A,指数型-股票,存续,2025-07-23,,2025-07-23,tushare_fund_basic,鹏华基金管理有限公司,,024655.OF,024655,True
024656,鹏华中证800自由现金流ETF联接-C,指数型-股票,存续,2025-07-23,,2025-07-23,tushare_fund_basic,鹏华基金管理有限公司,,024656.OF,024655,False
024657,鹏华中证800自由现金流ETF联接-I,指数型-股票,存续,2025-07-23,,2025-07-23,tushare_fund_basic,鹏华基金管理有限公司,,024657.OF,024657,True
024661,国联鑫价值灵活配置混合-B,混合型-灵活,存续,2025-06-20,,2025-06-20,tushare_fund_basic,国联基金管理有限公司,,024661.OF,024661,True
024662,富国创业板人工智能ETF联接-A,指数型-股票,存续,2025-07-16,,2025-07-16,tushare_fund_basic,富国基金管理有限公司,,024662.OF,024662,True
024663,富国创业板人工智能ETF联接-C,指数型-股票,存续,2025-07-16,,2025-07-16,tushare_fund_basic,富国基金管理有限公司,,024663.OF,024662,False
024665,上银上证科创板综合指数增强-A,指数型-股票,存续,2025-08-26,,2025-08-26,tushare_fund_basic,上银基金管理有限公司,,024665.OF,024665,True
024666,上银上证科创板综合指数增强-C,指数型-股票,存续,2025-08-26,,2025-08-26,tushare_fund_basic,上银基金管理有限公司,,024666.OF,024665,False
024669,华商中证800指数增强-A,指数型-股票,存续,2025-08-05,,2025-08-05,tushare_fund_basic,华商基金管理有限公司,,024669.OF,024669,True
024670,华商中证800指数增强-C,指数型-股票,存续,2025-08-05,,2025-08-05,tushare_fund_basic,华商基金管理有限公司,,024670.OF,024669,False
024682,民生加银成长优选股票-C,股票型,存续,2025-06-26,,2025-06-26,tushare_fund_basic,民生加银基金管理有限公司,,024682.OF,024682,True
024688,富国国证通用航空产业ETF联接-A,指数型-股票,存续,2025-07-14,,2025-07-14,tushare_fund_basic,富国基金管理有限公司,,024688.OF,024688,True
024689,富国国证通用航空产业ETF联接-C,指数型-股票,存续,2025-07-14,,2025-07-14,tushare_fund_basic,富国基金管理有限公司,,024689.OF,024688,False
024700,嘉实中证港股通创新药ETF联接-A,指数型-海外股票,存续,2025-09-02,,2025-09-02,tushare_fund_basic,嘉实基金管理有限公司,,024700.OF,024700,True
024701,嘉实中证港股通创新药ETF联接-C,指数型-海外股票,存续,2025-09-02,,2025-09-02,tushare_fund_basic,嘉实基金管理有限公司,,024701.OF,024700,False
024702,嘉实中证港股通汽车产业主题指数-A,指数型-海外股票,存续,2025-09-30,,2025-09-30,tushare_fund_basic,嘉实基金管理有限公司,,024702.OF,024702,True
024703,嘉实中证港股通汽车产业主题指数-C,指数型-海外股票,存续,2025-09-30,,2025-09-30,tushare_fund_basic,嘉实基金管理有限公司,,024703.OF,024702,False
024705,嘉实中证港股通高股息投资ETF联接-A,指数型-海外股票,存续,2025-07-15,,2025-07-15,tushare_fund_basic,嘉实基金管理有限公司,,024705.OF,024705,True
024706,嘉实中证港股通高股息投资ETF联接-C,指数型-海外股票,存续,2025-07-15,,2025-07-15,tushare_fund_basic,嘉实基金管理有限公司,,024706.OF,024705,False
024709,中金精选股票-A,股票型,存续,2025-06-30,,2025-06-30,tushare_fund_basic,中金基金管理有限公司,,024709.OF,024709,True
024710,中金精选股票-C,股票型,存续,2025-06-30,,2025-06-30,tushare_fund_basic,中金基金管理有限公司,,024710.OF,024709,False
024711,中金新锐股票-A,股票型,存续,2025-06-30,,2025-06-30,tushare_fund_basic,中金基金管理有限公司,,024711.OF,024711,True
024712,中金新锐股票-C,股票型,存续,2025-06-30,,2025-06-30,tushare_fund_basic,中金基金管理有限公司,,024712.OF,024711,False
024713,博时国证大盘价值ETF联接-A,指数型-股票,存续,2025-07-29,,2025-07-29,tushare_fund_basic,博时基金管理有限公司,,024713.OF,024713,True
024714,博时国证大盘价值ETF联接-C,指数型-股票,存续,2025-07-29,,2025-07-29,tushare_fund_basic,博时基金管理有限公司,,024714.OF,024713,False
024715,大成中证800指数增强-A,指数型-股票,存续,2025-12-02,,2025-12-02,tushare_fund_basic,大成基金管理有限公司,,024715.OF,024715,True
024716,大成中证800指数增强-C,指数型-股票,存续,2025-12-02,,2025-12-02,tushare_fund_basic,大成基金管理有限公司,,024716.OF,024715,False
024725,南方创业板人工智能ETF联接-A,指数型-股票,存续,2025-10-30,,2025-10-30,tushare_fund_basic,南方基金管理股份有限公司,,024725.OF,024725,True
024726,南方创业板人工智能ETF联接-C,指数型-股票,存续,2025-10-30,,2025-10-30,tushare_fund_basic,南方基金管理股份有限公司,,024726.OF,024725,False
024732,鹏华上证科创板生物医药ETF联接-A,指数型-股票,存续,2025-09-02,,2025-09-02,tushare_fund_basic,鹏华基金管理有限公司,,024732.OF,024732,True
024733,鹏华上证科创板生物医药ETF联接-C,指数型-股票,存续,2025-09-02,,2025-09-02,tushare_fund_basic,鹏华基金管理有限公司,,024733.OF,024732,False
024734,鹏华上证科创板生物医药ETF联接-I,指数型-股票,存续,2025-09-02,,2025-09-02,tushare_fund_basic,鹏华基金管理有限公司,,024734.OF,024734,True
024739,华泰柏瑞中证港股通科技ETF联接-A,指数型-海外股票,存续,2025-07-08,,2025-07-08,tushare_fund_basic,华泰柏瑞基金管理有限公司,,024739.OF,024739,True
024740,华泰柏瑞中证港股通科技ETF联接-C,指数型-海外股票,存续,2025-07-08,,2025-07-08,tushare_fund_basic,华泰柏瑞基金管理有限公司,,024740.OF,024739,False
024741,人保上证科创板综合指数增强-A,指数型-股票,存续,2026-01-20,,2026-01-20,tushare_fund_basic,中国人保资产管理有限公司,,024741.OF,024741,True
024742,人保上证科创板综合指数增强-C,指数型-股票,存续,2026-01-20,,2026-01-20,tushare_fund_basic,中国人保资产管理有限公司,,024742.OF,024741,False
024743,浦银北证50成份指数-A,指数型-股票,存续,2025-07-25,,2025-07-25,tushare_fund_basic,浦银基金管理有限公司,,024743.OF,024743,True
024744,浦银北证50成份指数-C,指数型-股票,存续,2025-07-25,,2025-07-25,tushare_fund_basic,浦银基金管理有限公司,,024744.OF,024743,False
024745,汇添富中证800自由现金流ETF联接-A,指数型-股票,存续,2025-08-05,,2025-08-05,tushare_fund_basic,汇添富基金管理股份有限公司,,024745.OF,024745,True
024746,汇添富中证800自由现金流ETF联接-C,指数型-股票,存续,2025-08-05,,2025-08-05,tushare_fund_basic,汇添富基金管理股份有限公司,,024746.OF,024745,False
024748,博时中证卫星产业指数-A,指数型-股票,存续,2025-11-17,,2025-11-17,tushare_fund_basic,博时基金管理有限公司,,024748.OF,024748,True
024749,博时中证卫星产业指数-C,指数型-股票,存续,2025-11-17,,2025-11-17,tushare_fund_basic,博时基金管理有限公司,,024749.OF,024748,False
024750,兴业上证科创板人工智能指数-A,指数型-股票,存续,2025-09-01,,2025-09-01,tushare_fund_basic,兴业基金管理有限公司,,024750.OF,024750,True
024751,兴业上证科创板人工智能指数-C,指数型-股票,存续,2025-09-01,,2025-09-01,tushare_fund_basic,兴业基金管理有限公司,,024751.OF,024750,False
024752,华宝上证科创板综合增强策略ETF联接-A,指数型-股票,存续,2025-09-16,,2025-09-16,tushare_fund_basic,华宝基金管理有限公司,,024752.OF,024752,True
024753,华宝上证科创板综合增强策略ETF联接-C,指数型-股票,存续,2025-09-16,,2025-09-16,tushare_fund_basic,华宝基金管理有限公司,,024753.OF,024752,False
024754,天弘中证港股通高股息投资指数-E,指数型-海外股票,存续,2025-07-02,,2025-07-02,tushare_fund_basic,天弘基金管理有限公司,,024754.OF,022072,False
024755,招商晟元价值驱动混合-C,混合型-灵活,存续,2025-06-27,,2025-06-27,tushare_fund_basic,招商基金管理有限公司,,024755.OF,024755,True
024756,国联安安泰灵活配置混合-C,混合型-灵活,存续,2025-07-17,,2025-07-17,tushare_fund_basic,国联安基金管理有限公司,,024756.OF,024756,True
024761,富国中证800自由现金流ETF联接-A,指数型-股票,存续,2025-08-05,,2025-08-05,tushare_fund_basic,富国基金管理有限公司,,024761.OF,024761,True
024762,富国中证800自由现金流ETF联接-C,指数型-股票,存续,2025-08-05,,2025-08-05,tushare_fund_basic,富国基金管理有限公司,,024762.OF,024761,False
024763,富国上证科创板人工智能ETF联接-A,指数型-股票,存续,2025-07-28,,2025-07-28,tushare_fund_basic,富国基金管理有限公司,,024763.OF,024763,True
024764,富国上证科创板人工智能ETF联接-C,指数型-股票,存续,2025-07-28,,2025-07-28,tushare_fund_basic,富国基金管理有限公司,,024764.OF,024763,False
024766,华宝国证通用航空产业ETF联接-A,指数型-股票,存续,2025-08-19,,2025-08-19,tushare_fund_basic,华宝基金管理有限公司,,024766.OF,024766,True
024767,华宝国证通用航空产业ETF联接-C,指数型-股票,存续,2025-08-19,,2025-08-19,tushare_fund_basic,华宝基金管理有限公司,,024767.OF,024766,False
024768,汇添富中证机器人ETF联接-A,指数型-股票,存续,2025-07-15,,2025-07-15,tushare_fund_basic,汇添富基金管理股份有限公司,,024768.OF,024768,True
024769,汇添富中证机器人ETF联接-C,指数型-股票,存续,2025-07-15,,2025-07-15,tushare_fund_basic,汇添富基金管理股份有限公司,,024769.OF,024768,False
024770,华富中证全指自由现金流ETF联接-A,指数型-股票,存续,2025-07-25,,2025-07-25,tushare_fund_basic,华富基金管理有限公司,,024770.OF,024770,True
024771,华富中证全指自由现金流ETF联接-C,指数型-股票,存续,2025-07-25,,2025-07-25,tushare_fund_basic,华富基金管理有限公司,,024771.OF,024770,False
024772,摩根标普港股通低波红利ETF联接-A,指数型-海外股票,存续,2025-09-23,,2025-09-23,tushare_fund_basic,摩根基金管理(中国)有限公司,,024772.OF,024772,True
024773,摩根标普港股通低波红利ETF联接-C,指数型-海外股票,存续,2025-09-23,,2025-09-23,tushare_fund_basic,摩根基金管理(中国)有限公司,,024773.OF,024772,False
024774,永赢上证科创板人工智能指数-A,指数型-股票,存续,2025-08-12,,2025-08-12,tushare_fund_basic,永赢基金管理有限公司,,024774.OF,024774,True
024775,永赢上证科创板人工智能指数-C,指数型-股票,存续,2025-08-12,,2025-08-12,tushare_fund_basic,永赢基金管理有限公司,,024775.OF,024774,False
024776,永赢上证科创板人工智能指数-E,指数型-股票,存续,2025-08-12,,2025-08-12,tushare_fund_basic,永赢基金管理有限公司,,024776.OF,024774,False
024777,金鹰中证全指自由现金流指数-A,指数型-股票,存续,2025-09-02,,2025-09-02,tushare_fund_basic,金鹰基金管理有限公司,,024777.OF,024777,True
024778,金鹰中证全指自由现金流指数-B,指数型-股票,存续,2025-09-02,,2025-09-02,tushare_fund_basic,金鹰基金管理有限公司,,024778.OF,024778,True
024779,金鹰中证全指自由现金流指数-C,指数型-股票,存续,2025-09-02,,2025-09-02,tushare_fund_basic,金鹰基金管理有限公司,,024779.OF,024777,False
024780,金鹰中证全指自由现金流指数-D,指数型-股票,存续,2025-09-02,,2025-09-02,tushare_fund_basic,金鹰基金管理有限公司,,024780.OF,024780,True
024788,光大保德信国证通用航空产业指数-A,指数型-股票,存续,2025-08-14,,2025-08-14,tushare_fund_basic,光大保德信基金管理有限公司,,024788.OF,024788,True
024789,光大保德信国证通用航空产业指数-C,指数型-股票,存续,2025-08-14,,2025-08-14,tushare_fund_basic,光大保德信基金管理有限公司,,024789.OF,024788,False
024792,鑫元中证800自由现金流指数-A,指数型-股票,存续,2025-08-25,,2025-08-25,tushare_fund_basic,鑫元基金管理有限公司,,024792.OF,024792,True
024793,鑫元中证800自由现金流指数-C,指数型-股票,存续,2025-08-25,,2025-08-25,tushare_fund_basic,鑫元基金管理有限公司,,024793.OF,024792,False
024804,华夏量化选股股票-A,股票型,存续,2025-07-22,,2025-07-22,tushare_fund_basic,华夏基金管理有限公司,,024804.OF,024804,True
024805,华夏量化选股股票-C,股票型,存续,2025-07-22,,2025-07-22,tushare_fund_basic,华夏基金管理有限公司,,024805.OF,024804,False
024814,汇添富沪深300自由现金流ETF联接-A,指数型-股票,存续,2026-03-11,,2026-03-11,tushare_fund_basic,汇添富基金管理股份有限公司,,024814.OF,024814,True
024815,汇添富沪深300自由现金流ETF联接-C,指数型-股票,存续,2026-03-11,,2026-03-11,tushare_fund_basic,汇添富基金管理股份有限公司,,024815.OF,024814,False
024816,东方红中证A500指数增强-A,指数型-股票,存续,2025-11-25,,2025-11-25,tushare_fund_basic,上海东方证券资产管理有限公司,,024816.OF,024816,True
024817,东方红中证A500指数增强-C,指数型-股票,存续,2025-11-25,,2025-11-25,tushare_fund_basic,上海东方证券资产管理有限公司,,024817.OF,024816,False
024820,国富国证港股通科技指数-A,指数型-海外股票,存续,2025-10-29,,2025-10-29,tushare_fund_basic,国海富兰克林基金管理有限公司,,024820.OF,024820,True
024821,国富国证港股通科技指数-C,指数型-海外股票,存续,2025-10-29,,2025-10-29,tushare_fund_basic,国海富兰克林基金管理有限公司,,024821.OF,024820,False
024828,建信北证50成份指数-A,指数型-股票,存续,2025-07-29,,2025-07-29,tushare_fund_basic,建信基金管理有限责任公司,,024828.OF,024828,True
024829,建信北证50成份指数-C,指数型-股票,存续,2025-07-29,,2025-07-29,tushare_fund_basic,建信基金管理有限责任公司,,024829.OF,024828,False
024832,广发北证50成份指数-F,指数型-股票,存续,2025-07-11,,2025-07-11,tushare_fund_basic,广发基金管理有限公司,,024832.OF,024832,True
024833,博时中证全指自由现金流ETF联接-A,指数型-股票,存续,2025-09-01,,2025-09-01,tushare_fund_basic,博时基金管理有限公司,,024833.OF,024833,True
024834,博时中证全指自由现金流ETF联接-C,指数型-股票,存续,2025-09-01,,2025-09-01,tushare_fund_basic,博时基金管理有限公司,,024834.OF,024833,False
024835,博时中证全指自由现金流ETF联接-E,指数型-股票,存续,2025-09-01,,2025-09-01,tushare_fund_basic,博时基金管理有限公司,,024835.OF,024833,False
024847,国投瑞银中证港股通科技指数-A,指数型-海外股票,存续,2025-08-12,,2025-08-12,tushare_fund_basic,国投瑞银基金管理有限公司,,024847.OF,024847,True
024848,国投瑞银中证港股通科技指数-C,指数型-海外股票,存续,2025-08-12,,2025-08-12,tushare_fund_basic,国投瑞银基金管理有限公司,,024848.OF,024847,False
024853,国泰上证科创板芯片ETF联接-A,指数型-股票,存续,2025-09-01,,2025-09-01,tushare_fund_basic,国泰基金管理有限公司,,024853.OF,024853,True
024854,国泰上证科创板芯片ETF联接-C,指数型-股票,存续,2025-09-01,,2025-09-01,tushare_fund_basic,国泰基金管理有限公司,,024854.OF,024853,False
024855,天弘沪深300指数量化增强-A,指数型-股票,存续,2025-08-19,,2025-08-19,tushare_fund_basic,天弘基金管理有限公司,,024855.OF,024855,True
024856,天弘沪深300指数量化增强-C,指数型-股票,存续,2025-08-19,,2025-08-19,tushare_fund_basic,天弘基金管理有限公司,,024856.OF,024855,False
024857,天弘创业板指数量化增强-A,指数型-股票,存续,2025-09-02,,2025-09-02,tushare_fund_basic,天弘基金管理有限公司,,024857.OF,024857,True
024858,天弘创业板指数量化增强-C,指数型-股票,存续,2025-09-02,,2025-09-02,tushare_fund_basic,天弘基金管理有限公司,,024858.OF,024857,False
024860,永赢中证港股通医疗主题ETF联接-A,指数型-海外股票,存续,2025-08-26,,2025-08-26,tushare_fund_basic,永赢基金管理有限公司,,024860.OF,024860,True
024861,永赢中证港股通医疗主题ETF联接-C,指数型-海外股票,存续,2025-08-26,,2025-08-26,tushare_fund_basic,永赢基金管理有限公司,,024861.OF,024860,False
024862,万家创业板50ETF联接-A,指数型-股票,存续,2025-09-09,,2025-09-09,tushare_fund_basic,万家基金管理有限公司,,024862.OF,024862,True
024863,万家创业板50ETF联接-C,指数型-股票,存续,2025-09-09,,2025-09-09,tushare_fund_basic,万家基金管理有限公司,,024863.OF,024862,False
024864,富国恒生港股通汽车主题ETF联接-A,指数型-海外股票,存续,2025-07-31,,2025-07-31,tushare_fund_basic,富国基金管理有限公司,,024864.OF,024864,True
024865,富国恒生港股通汽车主题ETF联接-C,指数型-海外股票,存续,2025-07-31,,2025-07-31,tushare_fund_basic,富国基金管理有限公司,,024865.OF,024864,False
024870,中金中证800指数增强-A,指数型-股票,存续,2025-09-10,,2025-09-10,tushare_fund_basic,中金基金管理有限公司,,024870.OF,024870,True
024871,中金中证800指数增强-C,指数型-股票,存续,2025-09-10,,2025-09-10,tushare_fund_basic,中金基金管理有限公司,,024871.OF,024870,False
024872,农银汇理中证红利低波动100指数-A,指数型-股票,存续,2025-10-23,,2025-10-23,tushare_fund_basic,农银汇理基金管理有限公司,,024872.OF,024872,True
024873,农银汇理中证红利低波动100指数-C,指数型-股票,存续,2025-10-23,,2025-10-23,tushare_fund_basic,农银汇理基金管理有限公司,,024873.OF,024872,False
024874,嘉实上证科创板人工智能ETF联接-A,指数型-股票,存续,2025-09-09,,2025-09-09,tushare_fund_basic,嘉实基金管理有限公司,,024874.OF,024874,True
024875,嘉实上证科创板人工智能ETF联接-C,指数型-股票,存续,2025-09-09,,2025-09-09,tushare_fund_basic,嘉实基金管理有限公司,,024875.OF,024874,False
024877,博时中证A500指数增强-A,指数型-股票,存续,2025-08-25,,2025-08-25,tushare_fund_basic,博时基金管理有限公司,,024877.OF,024877,True
024878,博时中证A500指数增强-C,指数型-股票,存续,2025-08-25,,2025-08-25,tushare_fund_basic,博时基金管理有限公司,,024878.OF,024877,False
024879,华夏上证科创板综合指数增强-A,指数型-股票,存续,2025-08-28,,2025-08-28,tushare_fund_basic,华夏基金管理有限公司,,024879.OF,024879,True
024880,华夏上证科创板综合指数增强-C,指数型-股票,存续,2025-08-28,,2025-08-28,tushare_fund_basic,华夏基金管理有限公司,,024880.OF,024879,False
024881,南方创业板200ETF联接-A,指数型-股票,存续,2025-11-11,,2025-11-11,tushare_fund_basic,南方基金管理股份有限公司,,024881.OF,024881,True
024882,南方创业板200ETF联接-C,指数型-股票,存续,2025-11-11,,2025-11-11,tushare_fund_basic,南方基金管理股份有限公司,,024882.OF,024881,False
024883,鹏华上证科创板综合指数增强-A,指数型-股票,存续,2025-10-21,,2025-10-21,tushare_fund_basic,鹏华基金管理有限公司,,024883.OF,024883,True
024884,鹏华上证科创板综合指数增强-C,指数型-股票,存续,2025-10-21,,2025-10-21,tushare_fund_basic,鹏华基金管理有限公司,,024884.OF,024883,False
024885,天弘国证港股通科技ETF联接-A,指数型-海外股票,存续,2025-09-16,,2025-09-16,tushare_fund_basic,天弘基金管理有限公司,,024885.OF,024885,True
024886,天弘国证港股通科技ETF联接-C,指数型-海外股票,存续,2025-09-16,,2025-09-16,tushare_fund_basic,天弘基金管理有限公司,,024886.OF,024885,False
024887,平安中证全指自由现金流ETF联接-A,指数型-股票,存续,2025-08-21,,2025-08-21,tushare_fund_basic,平安基金管理有限公司,,024887.OF,024887,True
024888,平安中证全指自由现金流ETF联接-C,指数型-股票,存续,2025-08-21,,2025-08-21,tushare_fund_basic,平安基金管理有限公司,,024888.OF,024887,False
024891,中欧上证科创板综合指数量化增强-A,指数型-股票,存续,2025-09-01,,2025-09-01,tushare_fund_basic,中欧基金管理有限公司,,024891.OF,024891,True
024892,中欧上证科创板综合指数量化增强-C,指数型-股票,存续,2025-09-01,,2025-09-01,tushare_fund_basic,中欧基金管理有限公司,,024892.OF,024891,False
024893,易方达中证国资央企50ETF联接-A,指数型-股票,存续,2025-11-25,,2025-11-25,tushare_fund_basic,易方达基金管理有限公司,,024893.OF,024893,True
024894,易方达中证国资央企50ETF联接-C,指数型-股票,存续,2025-11-25,,2025-11-25,tushare_fund_basic,易方达基金管理有限公司,,024894.OF,024893,False
024895,泰康资源精选股票-A,股票型,存续,2025-08-12,,2025-08-12,tushare_fund_basic,泰康基金管理有限公司,,024895.OF,024895,True
024896,泰康资源精选股票-C,股票型,存续,2025-08-12,,2025-08-12,tushare_fund_basic,泰康基金管理有限公司,,024896.OF,024895,False
024898,国投瑞银上证科创板人工智能指数-A,指数型-股票,存续,2025-09-02,,2025-09-02,tushare_fund_basic,国投瑞银基金管理有限公司,,024898.OF,024898,True
024899,国投瑞银上证科创板人工智能指数-C,指数型-股票,存续,2025-09-02,,2025-09-02,tushare_fund_basic,国投瑞银基金管理有限公司,,024899.OF,024898,False
024902,中银中证全指自由现金流ETF联接-A,指数型-股票,存续,2025-09-16,,2025-09-16,tushare_fund_basic,中银基金管理有限公司,,024902.OF,024902,True
024903,中银中证全指自由现金流ETF联接-C,指数型-股票,存续,2025-09-16,,2025-09-16,tushare_fund_basic,中银基金管理有限公司,,024903.OF,024902,False
024904,招商资管中证全指自由现金流指数-A,指数型-股票,存续,2025-09-12,,2025-09-12,tushare_fund_basic,招商证券资产管理有限公司,,024904.OF,024904,True
024905,招商资管中证全指自由现金流指数-C,指数型-股票,存续,2025-09-12,,2025-09-12,tushare_fund_basic,招商证券资产管理有限公司,,024905.OF,024904,False
024906,中加沪深300红利低波动指数-A,指数型-股票,存续,2025-09-09,,2025-09-09,tushare_fund_basic,中加基金管理有限公司,,024906.OF,024906,True
024907,中加沪深300红利低波动指数-C,指数型-股票,存续,2025-09-09,,2025-09-09,tushare_fund_basic,中加基金管理有限公司,,024907.OF,024906,False
024908,诺安汇利灵活配置混合-D,混合型-灵活,存续,2025-07-18,,2025-07-18,tushare_fund_basic,诺安基金管理有限公司,,024908.OF,024908,True
024912,华夏国证通用航空产业ETF联接-A,指数型-股票,存续,2025-08-12,,2025-08-12,tushare_fund_basic,华夏基金管理有限公司,,024912.OF,024912,True
024913,华夏国证通用航空产业ETF联接-C,指数型-股票,存续,2025-08-12,,2025-08-12,tushare_fund_basic,华夏基金管理有限公司,,024913.OF,024912,False
024919,易方达港股通红利灵活配置混合-C,混合型-灵活,存续,2025-07-23,,2025-07-23,tushare_fund_basic,易方达基金管理有限公司,,024919.OF,024919,True
024920,大成创业板50ETF联接-A,指数型-股票,存续,2025-09-23,,2025-09-23,tushare_fund_basic,大成基金管理有限公司,,024920.OF,024920,True
024921,大成创业板50ETF联接-C,指数型-股票,存续,2025-09-23,,2025-09-23,tushare_fund_basic,大成基金管理有限公司,,024921.OF,024920,False
024922,大成创业板50ETF联接-E,指数型-股票,存续,2025-09-23,,2025-09-23,tushare_fund_basic,大成基金管理有限公司,,024922.OF,024920,False
024926,交银恒生港股通创新药精选指数-A,指数型-海外股票,存续,2025-08-20,,2025-08-20,tushare_fund_basic,交银施罗德基金管理有限公司,,024926.OF,024926,True
024927,交银恒生港股通创新药精选指数-C,指数型-海外股票,存续,2025-08-20,,2025-08-20,tushare_fund_basic,交银施罗德基金管理有限公司,,024927.OF,024926,False
024939,鹏华中证电信主题ETF联接-A,指数型-股票,存续,2025-09-23,,2025-09-23,tushare_fund_basic,鹏华基金管理有限公司,,024939.OF,024939,True
024940,鹏华中证电信主题ETF联接-C,指数型-股票,存续,2025-09-23,,2025-09-23,tushare_fund_basic,鹏华基金管理有限公司,,024940.OF,024939,False
024943,华夏上证580ETF联接-A,指数型-股票,存续,2025-10-31,,2025-10-31,tushare_fund_basic,华夏基金管理有限公司,,024943.OF,024943,True
024944,华夏上证580ETF联接-C,指数型-股票,存续,2025-10-31,,2025-10-31,tushare_fund_basic,华夏基金管理有限公司,,024944.OF,024943,False
024949,易方达上证380ETF联接-A,指数型-股票,存续,2025-10-31,,2025-10-31,tushare_fund_basic,易方达基金管理有限公司,,024949.OF,024949,True
024950,易方达上证380ETF联接-C,指数型-股票,存续,2025-10-31,,2025-10-31,tushare_fund_basic,易方达基金管理有限公司,,024950.OF,024949,False
024951,易方达上证580ETF联接-A,指数型-股票,存续,2025-10-31,,2025-10-31,tushare_fund_basic,易方达基金管理有限公司,,024951.OF,024951,True
024952,易方达上证580ETF联接-C,指数型-股票,存续,2025-10-31,,2025-10-31,tushare_fund_basic,易方达基金管理有限公司,,024952.OF,024951,False
024972,景顺长城中证芯片产业ETF联接-A,指数型-股票,存续,2025-08-01,,2025-08-01,tushare_fund_basic,景顺长城基金管理有限公司,,024972.OF,024972,True
024973,景顺长城中证芯片产业ETF联接-C,指数型-股票,存续,2025-08-01,,2025-08-01,tushare_fund_basic,景顺长城基金管理有限公司,,024973.OF,024972,False
024974,华泰柏瑞上证科创板半导体材料设备主题ETF联接-A,指数型-股票,存续,2025-08-01,,2025-08-01,tushare_fund_basic,华泰柏瑞基金管理有限公司,,024974.OF,024974,True
024975,华泰柏瑞上证科创板半导体材料设备主题ETF联接-C,指数型-股票,存续,2025-08-01,,2025-08-01,tushare_fund_basic,华泰柏瑞基金管理有限公司,,024975.OF,024974,False
024978,易方达上证科创板200ETF联接-A,指数型-股票,存续,2025-09-16,,2025-09-16,tushare_fund_basic,易方达基金管理有限公司,,024978.OF,024978,True
024979,易方达上证科创板200ETF联接-C,指数型-股票,存续,2025-09-16,,2025-09-16,tushare_fund_basic,易方达基金管理有限公司,,024979.OF,024978,False
024980,汇添富上证科创板50成份ETF联接-A,指数型-股票,存续,2025-08-05,,2025-08-05,tushare_fund_basic,汇添富基金管理股份有限公司,,024980.OF,024980,True
024981,汇添富上证科创板50成份ETF联接-C,指数型-股票,存续,2025-08-05,,2025-08-05,tushare_fund_basic,汇添富基金管理股份有限公司,,024981.OF,024980,False
024982,国泰创业板医药卫生ETF联接-A,指数型-股票,存续,2025-09-26,,2025-09-26,tushare_fund_basic,国泰基金管理有限公司,,024982.OF,024982,True
024983,国泰创业板医药卫生ETF联接-C,指数型-股票,存续,2025-09-26,,2025-09-26,tushare_fund_basic,国泰基金管理有限公司,,024983.OF,024982,False
024985,华宝中证制药ETF联接-A,指数型-股票,存续,2025-08-26,,2025-08-26,tushare_fund_basic,华宝基金管理有限公司,,024985.OF,024985,True
024986,华宝中证制药ETF联接-C,指数型-股票,存续,2025-08-26,,2025-08-26,tushare_fund_basic,华宝基金管理有限公司,,024986.OF,024985,False
024992,汇添富上证科创板200指数-A,指数型-股票,存续,2025-12-16,,2025-12-16,tushare_fund_basic,汇添富基金管理股份有限公司,,024992.OF,024992,True
024993,汇添富上证科创板200指数-C,指数型-股票,存续,2025-12-16,,2025-12-16,tushare_fund_basic,汇添富基金管理股份有限公司,,024993.OF,024992,False
025003,泰信中证全指自由现金流指数-A,指数型-股票,存续,2025-12-02,,2025-12-02,tushare_fund_basic,泰信基金管理有限公司,,025003.OF,025003,True
025004,泰信中证全指自由现金流指数-C,指数型-股票,存续,2025-12-02,,2025-12-02,tushare_fund_basic,泰信基金管理有限公司,,025004.OF,025003,False
025005,泰信上证科创板综合指数增强-A,指数型-股票,存续,2026-01-27,,2026-01-27,tushare_fund_basic,泰信基金管理有限公司,,025005.OF,025005,True
025006,泰信上证科创板综合指数增强-C,指数型-股票,存续,2026-01-27,,2026-01-27,tushare_fund_basic,泰信基金管理有限公司,,025006.OF,025005,False
025007,国泰海通中证500指数增强-Y,指数型-股票,存续,2025-07-24,,2025-07-24,tushare_fund_basic,上海国泰海通证券资产管理有限公司,,025007.OF,025007,True
025008,宏利沪深300指数增强-Y,指数型-股票,存续,2025-08-01,,2025-08-01,tushare_fund_basic,宏利基金管理有限公司,,025008.OF,025008,True
025009,华夏创业板ETF联接-Y,指数型-股票,存续,2025-07-31,,2025-07-31,tushare_fund_basic,华夏基金管理有限公司,,025009.OF,025009,True
025010,招商沪深300指数增强-Y,指数型-股票,存续,2025-07-28,,2025-07-28,tushare_fund_basic,招商基金管理有限公司,,025010.OF,025010,True
025011,财通华裕量化选股股票-A,股票型,存续,2025-09-29,,2025-09-29,tushare_fund_basic,财通基金管理有限公司,,025011.OF,025011,True
025012,财通华裕量化选股股票-C,股票型,存续,2025-09-29,,2025-09-29,tushare_fund_basic,财通基金管理有限公司,,025012.OF,025011,False
025013,天弘中证500指数量化增强-A,指数型-股票,存续,2025-09-12,,2025-09-12,tushare_fund_basic,天弘基金管理有限公司,,025013.OF,025013,True
025014,天弘中证500指数量化增强-C,指数型-股票,存续,2025-09-12,,2025-09-12,tushare_fund_basic,天弘基金管理有限公司,,025014.OF,025013,False
025020,博道中证全指指数增强-A,指数型-股票,存续,2025-09-09,,2025-09-09,tushare_fund_basic,博道基金管理有限公司,,025020.OF,025020,True
025021,博道中证全指指数增强-C,指数型-股票,存续,2025-09-09,,2025-09-09,tushare_fund_basic,博道基金管理有限公司,,025021.OF,025020,False
025027,东财上证科创板50成份ETF联接-A,指数型-股票,存续,2025-09-29,,2025-09-29,tushare_fund_basic,东财基金管理有限公司,,025027.OF,025027,True
025028,东财上证科创板50成份ETF联接-C,指数型-股票,存续,2025-09-29,,2025-09-29,tushare_fund_basic,东财基金管理有限公司,,025028.OF,025027,False
025034,中信保诚中证A500指数增强-A,指数型-股票,存续,2025-09-16,,2025-09-16,tushare_fund_basic,中信保诚基金管理有限公司,,025034.OF,025034,True
025035,中信保诚中证A500指数增强-C,指数型-股票,存续,2025-09-16,,2025-09-16,tushare_fund_basic,中信保诚基金管理有限公司,,025035.OF,025034,False
025038,博道中证500指数增强-Y,指数型-股票,存续,2025-07-28,,2025-07-28,tushare_fund_basic,博道基金管理有限公司,,025038.OF,025038,True
025041,国金中证全指指数增强-A,指数型-股票,存续,2025-09-16,,2025-09-16,tushare_fund_basic,国金基金管理有限公司,,025041.OF,025041,True
025042,国金中证全指指数增强-C,指数型-股票,存续,2025-09-16,,2025-09-16,tushare_fund_basic,国金基金管理有限公司,,025042.OF,025041,False
025043,天弘中证500指数增强-Y,指数型-股票,存续,2025-07-25,,2025-07-25,tushare_fund_basic,天弘基金管理有限公司,,025043.OF,025043,True
025049,民生加银鑫喜灵活配置混合-C,混合型-灵活,存续,2025-08-04,,2025-08-04,tushare_fund_basic,民生加银基金管理有限公司,,025049.OF,025049,True
025056,富国医药成长30股票-C,股票型,存续,2025-08-01,,2025-08-01,tushare_fund_basic,富国基金管理有限公司,,025056.OF,025056,True
025064,民生加银鑫福灵活配置混合-E,混合型-灵活,存续,2025-08-04,,2025-08-04,tushare_fund_basic,民生加银基金管理有限公司,,025064.OF,025064,True
025067,建信医疗创新股票-C,股票型,存续,2025-08-26,,2025-08-26,tushare_fund_basic,建信基金管理有限责任公司,,025067.OF,025067,True
025068,建信医疗创新股票-A,股票型,存续,2025-08-26,,2025-08-26,tushare_fund_basic,建信基金管理有限责任公司,,025068.OF,025067,False
025069,景顺长城高端装备股票,股票型,存续,2025-09-23,,2025-09-23,tushare_fund_basic,景顺长城基金管理有限公司,,025069.OF,025069,True
025105,南方上证科创板人工智能ETF联接-A,指数型-股票,存续,2025-09-16,,2025-09-16,tushare_fund_basic,南方基金管理股份有限公司,,025105.OF,025105,True
025106,南方上证科创板人工智能ETF联接-C,指数型-股票,存续,2025-09-16,,2025-09-16,tushare_fund_basic,南方基金管理股份有限公司,,025106.OF,025105,False
025107,南方中证全指电子行业指数-A,指数型-股票,存续,2025-11-25,,2025-11-25,tushare_fund_basic,南方基金管理股份有限公司,,025107.OF,025107,True
025108,南方中证全指电子行业指数-C,指数型-股票,存续,2025-11-25,,2025-11-25,tushare_fund_basic,南方基金管理股份有限公司,,025108.OF,025107,False
025111,中金中证500指数增强-B,指数型-股票,存续,2025-08-01,,2025-08-01,tushare_fund_basic,中金基金管理有限公司,,025111.OF,025111,True
025125,金鹰中证A500指数-B,指数型-股票,存续,2025-08-05,,2025-08-05,tushare_fund_basic,金鹰基金管理有限公司,,025125.OF,025125,True
025126,金鹰中证A500指数-D,指数型-股票,存续,2025-08-05,,2025-08-05,tushare_fund_basic,金鹰基金管理有限公司,,025126.OF,025126,True
025127,鹏华港股通中证香港银行投资指数(LOF)-I,指数型-海外股票,存续,2025-08-08,,2025-08-08,tushare_fund_basic,鹏华基金管理有限公司,,025127.OF,025127,True
025129,金信深圳成长灵活配置混合-E,混合型-灵活,存续,2025-07-31,,2025-07-31,tushare_fund_basic,金信基金管理有限公司,,025129.OF,020180,False
025130,鹏华中证银行指数(LOF)-I,指数型-股票,存续,2025-08-08,,2025-08-08,tushare_fund_basic,鹏华基金管理有限公司,,025130.OF,025130,True
025136,鹏华中证信息技术指数(LOF)-I,指数型-股票,存续,2025-08-08,,2025-08-08,tushare_fund_basic,鹏华基金管理有限公司,,025136.OF,025136,True
025137,鹏华中证医药卫生指数(LOF)-I,指数型-股票,存续,2025-08-08,,2025-08-08,tushare_fund_basic,鹏华基金管理有限公司,,025137.OF,025137,True
025139,鹏华中证A500ETF联接-I,指数型-股票,存续,2025-08-08,,2025-08-08,tushare_fund_basic,鹏华基金管理有限公司,,025139.OF,025139,True
025140,鹏华中证国防指数(LOF)-I,指数型-股票,存续,2025-08-08,,2025-08-08,tushare_fund_basic,鹏华基金管理有限公司,,025140.OF,025140,True
025141,鹏华中证全指证券公司指数(LOF)-I,指数型-股票,存续,2025-08-08,,2025-08-08,tushare_fund_basic,鹏华基金管理有限公司,,025141.OF,025141,True
025164,易方达创业板指数增强-A,指数型-股票,存续,2025-09-02,,2025-09-02,tushare_fund_basic,易方达基金管理有限公司,,025164.OF,025164,True
025165,易方达创业板指数增强-C,指数型-股票,存续,2025-09-02,,2025-09-02,tushare_fund_basic,易方达基金管理有限公司,,025165.OF,025164,False
025166,汇添富恒生港股通中国科技ETF联接-A,指数型-海外股票,存续,2025-08-27,,2025-08-27,tushare_fund_basic,汇添富基金管理股份有限公司,,025166.OF,025166,True
025167,汇添富恒生港股通中国科技ETF联接-C,指数型-海外股票,存续,2025-08-27,,2025-08-27,tushare_fund_basic,汇添富基金管理股份有限公司,,025167.OF,025166,False
025168,永赢国证自由现金流ETF联接-A,指数型-股票,存续,2025-09-16,,2025-09-16,tushare_fund_basic,永赢基金管理有限公司,,025168.OF,025168,True
025169,永赢国证自由现金流ETF联接-C,指数型-股票,存续,2025-09-16,,2025-09-16,tushare_fund_basic,永赢基金管理有限公司,,025169.OF,025168,False
025170,博时创业板指数增强-A,指数型-股票,存续,2025-09-02,,2025-09-02,tushare_fund_basic,博时基金管理有限公司,,025170.OF,025170,True
025171,博时创业板指数增强-C,指数型-股票,存续,2025-09-02,,2025-09-02,tushare_fund_basic,博时基金管理有限公司,,025171.OF,025170,False
025181,浦银国证港股通科技指数-A,指数型-海外股票,存续,2025-09-16,,2025-09-16,tushare_fund_basic,浦银基金管理有限公司,,025181.OF,025181,True
025182,浦银国证港股通科技指数-C,指数型-海外股票,存续,2025-09-16,,2025-09-16,tushare_fund_basic,浦银基金管理有限公司,,025182.OF,025181,False
025186,中银中证港股通互联网指数-A,指数型-海外股票,存续,2025-08-15,,2025-08-15,tushare_fund_basic,中银基金管理有限公司,,025186.OF,025186,True
025187,中银中证港股通互联网指数-C,指数型-海外股票,存续,2025-08-15,,2025-08-15,tushare_fund_basic,中银基金管理有限公司,,025187.OF,025186,False
025188,前海开源沪港深裕鑫灵活配置混合-D,混合型-灵活,存续,2025-08-11,,2025-08-11,tushare_fund_basic,前海开源基金管理有限公司,,025188.OF,025188,True
025189,交银中证港股通央企红利指数-A,指数型-海外股票,存续,2025-10-28,,2025-10-28,tushare_fund_basic,交银施罗德基金管理有限公司,,025189.OF,025189,True
025190,交银中证港股通央企红利指数-C,指数型-海外股票,存续,2025-10-28,,2025-10-28,tushare_fund_basic,交银施罗德基金管理有限公司,,025190.OF,025189,False
025193,银华中证全指证券公司ETF联接-A,指数型-股票,存续,2025-08-29,,2025-08-29,tushare_fund_basic,银华基金管理股份有限公司,,025193.OF,025193,True
025194,银华中证全指证券公司ETF联接-C,指数型-股票,存续,2025-08-29,,2025-08-29,tushare_fund_basic,银华基金管理股份有限公司,,025194.OF,025193,False
025195,广发创业板指数增强-A,指数型-股票,存续,2025-09-02,,2025-09-02,tushare_fund_basic,广发基金管理有限公司,,025195.OF,025195,True
025196,广发创业板指数增强-C,指数型-股票,存续,2025-09-02,,2025-09-02,tushare_fund_basic,广发基金管理有限公司,,025196.OF,025195,False
025197,广发恒生港股通科技主题ETF联接-A,指数型-海外股票,存续,2025-08-26,,2025-08-26,tushare_fund_basic,广发基金管理有限公司,,025197.OF,025197,True
025198,广发恒生港股通科技主题ETF联接-C,指数型-海外股票,存续,2025-08-26,,2025-08-26,tushare_fund_basic,广发基金管理有限公司,,025198.OF,025197,False
025200,景顺长城国证港股通红利低波动率ETF联接-A,指数型-海外股票,存续,2025-08-21,,2025-08-21,tushare_fund_basic,景顺长城基金管理有限公司,,025200.OF,025200,True
025201,景顺长城国证港股通红利低波动率ETF联接-C,指数型-海外股票,存续,2025-08-21,,2025-08-21,tushare_fund_basic,景顺长城基金管理有限公司,,025201.OF,025200,False
025220,华宝恒生港股通创新药精选ETF联接-A,指数型-海外股票,存续,2025-09-05,,2025-09-05,tushare_fund_basic,华宝基金管理有限公司,,025220.OF,025220,True
025221,华宝恒生港股通创新药精选ETF联接-C,指数型-海外股票,存续,2025-09-05,,2025-09-05,tushare_fund_basic,华宝基金管理有限公司,,025221.OF,025220,False
025224,富国恒指港股通ETF联接-A,指数型-海外股票,存续,2025-09-04,,2025-09-04,tushare_fund_basic,富国基金管理有限公司,,025224.OF,025224,True
025225,富国恒指港股通ETF联接-C,指数型-海外股票,存续,2025-09-04,,2025-09-04,tushare_fund_basic,富国基金管理有限公司,,025225.OF,025224,False
025238,华夏创业板ETF联接-D,指数型-股票,存续,2025-08-25,,2025-08-25,tushare_fund_basic,华夏基金管理有限公司,,025238.OF,025238,True
025246,诺安和鑫灵活配置混合-C,混合型-灵活,存续,2025-08-14,,2025-08-14,tushare_fund_basic,诺安基金管理有限公司,,025246.OF,025246,True
025276,汇泉中证A500指数量化增强-A,指数型-股票,存续,2025-09-24,,2025-09-24,tushare_fund_basic,汇泉基金管理有限公司,,025276.OF,025276,True
025277,汇泉中证A500指数量化增强-C,指数型-股票,存续,2025-09-24,,2025-09-24,tushare_fund_basic,汇泉基金管理有限公司,,025277.OF,025276,False
025293,平安恒生指数增强-A,指数型-海外股票,存续,2025-11-04,,2025-11-04,tushare_fund_basic,平安基金管理有限公司,,025293.OF,025293,True
025294,平安恒生指数增强-C,指数型-海外股票,存续,2025-11-04,,2025-11-04,tushare_fund_basic,平安基金管理有限公司,,025294.OF,025293,False
025295,平安恒生指数增强-E,指数型-海外股票,存续,2025-11-04,,2025-11-04,tushare_fund_basic,平安基金管理有限公司,,025295.OF,025293,False
025308,国泰海通中证全指指数增强-A,指数型-股票,存续,2025-12-02,,2025-12-02,tushare_fund_basic,上海国泰海通证券资产管理有限公司,,025308.OF,025308,True
025309,国泰海通中证全指指数增强-C,指数型-股票,存续,2025-12-02,,2025-12-02,tushare_fund_basic,上海国泰海通证券资产管理有限公司,,025309.OF,025308,False
025311,嘉实中证A500指数增强-A,指数型-股票,存续,2025-09-23,,2025-09-23,tushare_fund_basic,嘉实基金管理有限公司,,025311.OF,025311,True
025312,嘉实中证A500指数增强-C,指数型-股票,存续,2025-09-23,,2025-09-23,tushare_fund_basic,嘉实基金管理有限公司,,025312.OF,025311,False
025315,摩根上证科创板新一代信息技术ETF联接-A,指数型-股票,存续,2026-01-27,,2026-01-27,tushare_fund_basic,摩根基金管理(中国)有限公司,,025315.OF,025315,True
025316,摩根上证科创板新一代信息技术ETF联接-C,指数型-股票,存续,2026-01-27,,2026-01-27,tushare_fund_basic,摩根基金管理(中国)有限公司,,025316.OF,025315,False
025317,光大保德信国证机器人产业指数-A,指数型-股票,存续,2025-09-26,,2025-09-26,tushare_fund_basic,光大保德信基金管理有限公司,,025317.OF,025317,True
025318,光大保德信国证机器人产业指数-C,指数型-股票,存续,2025-09-26,,2025-09-26,tushare_fund_basic,光大保德信基金管理有限公司,,025318.OF,025317,False
025323,鑫元上证科创板综合价格指数增强-A,指数型-股票,存续,2025-10-28,,2025-10-28,tushare_fund_basic,鑫元基金管理有限公司,,025323.OF,025323,True
025324,鑫元上证科创板综合价格指数增强-C,指数型-股票,存续,2025-10-28,,2025-10-28,tushare_fund_basic,鑫元基金管理有限公司,,025324.OF,025323,False
025328,诺安稳健回报灵活配置混合-D,混合型-灵活,存续,2025-08-22,,2025-08-22,tushare_fund_basic,诺安基金管理有限公司,,025328.OF,025328,True
025329,银华沪深300指数(LOF)-C,指数型-股票,存续,2025-08-27,,2025-08-27,tushare_fund_basic,银华基金管理股份有限公司,,025329.OF,161811,False
025330,银华恒生中国企业指数(QDII-LOF)-C,指数型-海外股票,存续,2025-08-27,,2025-08-27,tushare_fund_basic,银华基金管理股份有限公司,,025330.OF,161831,False
025334,人保中证500指数增强-A,指数型-股票,存续,2025-12-16,,2025-12-16,tushare_fund_basic,中国人保资产管理有限公司,,025334.OF,025334,True
025335,人保中证500指数增强-C,指数型-股票,存续,2025-12-16,,2025-12-16,tushare_fund_basic,中国人保资产管理有限公司,,025335.OF,025334,False
025342,长盛上证科创板芯片指数-A,指数型-股票,存续,2025-11-20,,2025-11-20,tushare_fund_basic,长盛基金管理有限公司,,025342.OF,025342,True
025343,长盛上证科创板芯片指数-C,指数型-股票,存续,2025-11-20,,2025-11-20,tushare_fund_basic,长盛基金管理有限公司,,025343.OF,025342,False
025348,华商优势行业灵活配置混合-C,混合型-灵活,存续,2025-08-29,,2025-08-29,tushare_fund_basic,华商基金管理有限公司,,025348.OF,025348,True
025351,诺安优选回报灵活配置混合-C,混合型-灵活,存续,2025-08-27,,2025-08-27,tushare_fund_basic,诺安基金管理有限公司,,025351.OF,025351,True
025362,国泰创业板新能源ETF联接-A,指数型-股票,存续,2025-10-15,,2025-10-15,tushare_fund_basic,国泰基金管理有限公司,,025362.OF,025362,True
025363,国泰创业板新能源ETF联接-C,指数型-股票,存续,2025-10-15,,2025-10-15,tushare_fund_basic,国泰基金管理有限公司,,025363.OF,025362,False
025364,路博迈上证科创板综合价格指数增强-A,指数型-股票,存续,2025-09-30,,2025-09-30,tushare_fund_basic,路博迈基金管理(中国)有限公司,,025364.OF,025364,True
025365,路博迈上证科创板综合价格指数增强-C,指数型-股票,存续,2025-09-30,,2025-09-30,tushare_fund_basic,路博迈基金管理(中国)有限公司,,025365.OF,025364,False
025366,富国中证港股通科技ETF联接-A,指数型-海外股票,存续,2025-09-16,,2025-09-16,tushare_fund_basic,富国基金管理有限公司,,025366.OF,025366,True
025367,富国中证港股通科技ETF联接-C,指数型-海外股票,存续,2025-09-16,,2025-09-16,tushare_fund_basic,富国基金管理有限公司,,025367.OF,025366,False
025373,东方红上证科创板综合指数增强-A,指数型-股票,存续,2025-11-18,,2025-11-18,tushare_fund_basic,上海东方证券资产管理有限公司,,025373.OF,025373,True
025374,东方红上证科创板综合指数增强-C,指数型-股票,存续,2025-11-18,,2025-11-18,tushare_fund_basic,上海东方证券资产管理有限公司,,025374.OF,025373,False
025376,安信创业板指数增强-A,指数型-股票,存续,2025-11-04,,2025-11-04,tushare_fund_basic,安信基金管理有限责任公司,,025376.OF,025376,True
025377,安信创业板指数增强-C,指数型-股票,存续,2025-11-04,,2025-11-04,tushare_fund_basic,安信基金管理有限责任公司,,025377.OF,025376,False
025378,汇添富沪深300指数量化增强-A,指数型-股票,存续,2025-09-30,,2025-09-30,tushare_fund_basic,汇添富基金管理股份有限公司,,025378.OF,025378,True
025379,汇添富沪深300指数量化增强-C,指数型-股票,存续,2025-09-30,,2025-09-30,tushare_fund_basic,汇添富基金管理股份有限公司,,025379.OF,025378,False
025380,汇添富国证通用航空产业ETF联接-A,指数型-股票,存续,2025-10-21,,2025-10-21,tushare_fund_basic,汇添富基金管理股份有限公司,,025380.OF,025380,True
025381,汇添富国证通用航空产业ETF联接-C,指数型-股票,存续,2025-10-21,,2025-10-21,tushare_fund_basic,汇添富基金管理股份有限公司,,025381.OF,025380,False
025383,中加北证50成份指数增强-A,指数型-股票,存续,2025-11-18,,2025-11-18,tushare_fund_basic,中加基金管理有限公司,,025383.OF,025383,True
025384,中加北证50成份指数增强-C,指数型-股票,存续,2025-11-18,,2025-11-18,tushare_fund_basic,中加基金管理有限公司,,025384.OF,025383,False
025386,万家智胜量化选股股票-A,股票型,存续,2025-11-04,,2025-11-04,tushare_fund_basic,万家基金管理有限公司,,025386.OF,025386,True
025387,万家智胜量化选股股票-C,股票型,存续,2025-11-04,,2025-11-04,tushare_fund_basic,万家基金管理有限公司,,025387.OF,025386,False
025388,万家中证800红利低波动指数-A,指数型-股票,存续,2025-11-25,,2025-11-25,tushare_fund_basic,万家基金管理有限公司,,025388.OF,025388,True
025389,万家中证800红利低波动指数-C,指数型-股票,存续,2025-11-25,,2025-11-25,tushare_fund_basic,万家基金管理有限公司,,025389.OF,025388,False
025396,华夏上证智选科创板价值50策略ETF联接-A,指数型-股票,存续,2025-09-09,,2025-09-09,tushare_fund_basic,华夏基金管理有限公司,,025396.OF,025396,True
025397,华夏上证智选科创板价值50策略ETF联接-C,指数型-股票,存续,2025-09-09,,2025-09-09,tushare_fund_basic,华夏基金管理有限公司,,025397.OF,025396,False
025398,银华创业板综合ETF联接-A,指数型-股票,存续,2025-11-11,,2025-11-11,tushare_fund_basic,银华基金管理股份有限公司,,025398.OF,025398,True
025399,银华创业板综合ETF联接-C,指数型-股票,存续,2025-11-11,,2025-11-11,tushare_fund_basic,银华基金管理股份有限公司,,025399.OF,025398,False
025403,工银瑞信新经济灵活配置混合(QDII)-C-CNY,混合型-灵活,存续,2025-09-08,,2025-09-08,tushare_fund_basic,工银瑞信基金管理有限公司,,025403.OF,025403,True
025404,苏新睿见量化选股股票-A,股票型,存续,2025-11-04,,2025-11-04,tushare_fund_basic,苏新基金管理有限公司,,025404.OF,025404,True
025405,苏新睿见量化选股股票-C,股票型,存续,2025-11-04,,2025-11-04,tushare_fund_basic,苏新基金管理有限公司,,025405.OF,025404,False
025411,安信红利量化选股股票-A,股票型,存续,2025-09-23,,2025-09-23,tushare_fund_basic,安信基金管理有限责任公司,,025411.OF,025411,True
025412,安信红利量化选股股票-C,股票型,存续,2025-09-23,,2025-09-23,tushare_fund_basic,安信基金管理有限责任公司,,025412.OF,025411,False
025415,新华策略精选股票-C,股票型,存续,2025-09-05,,2025-09-05,tushare_fund_basic,新华基金管理股份有限公司,,025415.OF,025415,True
025418,贝莱德中证500指数增强-A,指数型-股票,存续,2025-09-26,,2025-09-26,tushare_fund_basic,贝莱德基金管理有限公司,,025418.OF,025418,True
025419,贝莱德中证500指数增强-C,指数型-股票,存续,2025-09-26,,2025-09-26,tushare_fund_basic,贝莱德基金管理有限公司,,025419.OF,025418,False
025420,国泰海通中证A500指数增强-D,指数型-股票,存续,2025-09-01,,2025-09-01,tushare_fund_basic,上海国泰海通证券资产管理有限公司,,025420.OF,025420,True
025423,华夏中证500自由现金流ETF联接-A,指数型-股票,存续,2026-02-12,,2026-02-12,tushare_fund_basic,华夏基金管理有限公司,,025423.OF,025423,True
025424,华夏中证500自由现金流ETF联接-C,指数型-股票,存续,2026-02-12,,2026-02-12,tushare_fund_basic,华夏基金管理有限公司,,025424.OF,025423,False
025426,国联中证港股通综合指数增强-A,指数型-海外股票,存续,2025-11-05,,2025-11-05,tushare_fund_basic,国联基金管理有限公司,,025426.OF,025426,True
025427,国联中证港股通综合指数增强-C,指数型-海外股票,存续,2025-11-05,,2025-11-05,tushare_fund_basic,国联基金管理有限公司,,025427.OF,025426,False
025430,中金中证全指指数增强-A,指数型-股票,存续,2025-11-12,,2025-11-12,tushare_fund_basic,中金基金管理有限公司,,025430.OF,025430,True
025431,中金中证全指指数增强-C,指数型-股票,存续,2025-11-12,,2025-11-12,tushare_fund_basic,中金基金管理有限公司,,025431.OF,025430,False
025432,东方中证红利低波动100指数-A,指数型-股票,存续,2025-11-25,,2025-11-25,tushare_fund_basic,东方基金管理股份有限公司,,025432.OF,025432,True
025433,东方中证红利低波动100指数-C,指数型-股票,存续,2025-11-25,,2025-11-25,tushare_fund_basic,东方基金管理股份有限公司,,025433.OF,025432,False
025435,金鹰中证港股通高股息投资指数-A,指数型-海外股票,存续,2025-12-23,,2025-12-23,tushare_fund_basic,金鹰基金管理有限公司,,025435.OF,025435,True
025436,金鹰中证港股通高股息投资指数-B,指数型-海外股票,存续,2025-12-23,,2025-12-23,tushare_fund_basic,金鹰基金管理有限公司,,025436.OF,025436,True
025437,金鹰中证港股通高股息投资指数-C,指数型-海外股票,存续,2025-12-23,,2025-12-23,tushare_fund_basic,金鹰基金管理有限公司,,025437.OF,025435,False
025438,金鹰中证港股通高股息投资指数-D,指数型-海外股票,存续,2025-12-23,,2025-12-23,tushare_fund_basic,金鹰基金管理有限公司,,025438.OF,025438,True
025443,景顺长城北证50成份指数-A,指数型-股票,存续,2025-11-27,,2025-11-27,tushare_fund_basic,景顺长城基金管理有限公司,,025443.OF,025443,True
025444,景顺长城北证50成份指数-C,指数型-股票,存续,2025-11-27,,2025-11-27,tushare_fund_basic,景顺长城基金管理有限公司,,025444.OF,025443,False
025445,万家周期视野股票-A,股票型,存续,2025-09-18,,2025-09-18,tushare_fund_basic,万家基金管理有限公司,,025445.OF,025445,True
025446,万家周期视野股票-C,股票型,存续,2025-09-18,,2025-09-18,tushare_fund_basic,万家基金管理有限公司,,025446.OF,025445,False
025449,万家数字经济股票-A,股票型,存续,2025-09-17,,2025-09-17,tushare_fund_basic,万家基金管理有限公司,,025449.OF,025449,True
025450,万家数字经济股票-C,股票型,存续,2025-09-17,,2025-09-17,tushare_fund_basic,万家基金管理有限公司,,025450.OF,025449,False
025452,国投瑞银上证综合指数增强-A,指数型-股票,存续,2025-11-13,,2025-11-13,tushare_fund_basic,国投瑞银基金管理有限公司,,025452.OF,025452,True
025453,国投瑞银上证综合指数增强-C,指数型-股票,存续,2025-11-13,,2025-11-13,tushare_fund_basic,国投瑞银基金管理有限公司,,025453.OF,025452,False
025455,国投瑞银北证50成份指数-A,指数型-股票,存续,2025-11-18,,2025-11-18,tushare_fund_basic,国投瑞银基金管理有限公司,,025455.OF,025455,True
025456,国投瑞银北证50成份指数-C,指数型-股票,存续,2025-11-18,,2025-11-18,tushare_fund_basic,国投瑞银基金管理有限公司,,025456.OF,025455,False
025457,申万菱信中证A500红利低波动指数-A,指数型-股票,存续,2025-11-04,,2025-11-04,tushare_fund_basic,申万菱信基金管理有限公司,,025457.OF,025457,True
025458,申万菱信中证A500红利低波动指数-C,指数型-股票,存续,2025-11-04,,2025-11-04,tushare_fund_basic,申万菱信基金管理有限公司,,025458.OF,025457,False
025461,西部利得创业板综合ETF联接-A,指数型-股票,存续,2025-11-03,,2025-11-03,tushare_fund_basic,西部利得基金管理有限公司,,025461.OF,025461,True
025462,西部利得创业板综合ETF联接-C,指数型-股票,存续,2025-11-03,,2025-11-03,tushare_fund_basic,西部利得基金管理有限公司,,025462.OF,025461,False
025468,富国创新趋势股票-C,股票型,存续,2025-09-08,,2025-09-08,tushare_fund_basic,富国基金管理有限公司,,025468.OF,025468,True
025474,招商中证A50ETF联接-A,指数型-股票,存续,2025-11-04,,2025-11-04,tushare_fund_basic,招商基金管理有限公司,,025474.OF,025474,True
025475,招商中证A50ETF联接-C,指数型-股票,存续,2025-11-04,,2025-11-04,tushare_fund_basic,招商基金管理有限公司,,025475.OF,025474,False
025476,银华瑞和灵活配置混合-C,混合型-灵活,存续,2025-09-05,,2025-09-05,tushare_fund_basic,银华基金管理股份有限公司,,025476.OF,025476,True
025478,华夏上证180ETF联接-A,指数型-股票,存续,2025-11-06,,2025-11-06,tushare_fund_basic,华夏基金管理有限公司,,025478.OF,025478,True
025479,华夏上证180ETF联接-C,指数型-股票,存续,2025-11-06,,2025-11-06,tushare_fund_basic,华夏基金管理有限公司,,025479.OF,025478,False
025480,华夏沪深300指数量化增强-A,指数型-股票,存续,2025-12-30,,2025-12-30,tushare_fund_basic,华夏基金管理有限公司,,025480.OF,025480,True
025481,华夏沪深300指数量化增强-C,指数型-股票,存续,2025-12-30,,2025-12-30,tushare_fund_basic,华夏基金管理有限公司,,025481.OF,025480,False
025488,中邮北证50成份指数增强-A,指数型-股票,存续,2025-12-25,,2025-12-25,tushare_fund_basic,中邮创业基金管理股份有限公司,,025488.OF,025488,True
025489,中邮北证50成份指数增强-C,指数型-股票,存续,2025-12-25,,2025-12-25,tushare_fund_basic,中邮创业基金管理股份有限公司,,025489.OF,025488,False
025490,平安中证卫星产业指数-A,指数型-股票,存续,2025-09-23,,2025-09-23,tushare_fund_basic,平安基金管理有限公司,,025490.OF,025490,True
025491,平安中证卫星产业指数-C,指数型-股票,存续,2025-09-23,,2025-09-23,tushare_fund_basic,平安基金管理有限公司,,025491.OF,025490,False
025492,国泰创业板人工智能ETF联接-A,指数型-股票,存续,2025-10-29,,2025-10-29,tushare_fund_basic,国泰基金管理有限公司,,025492.OF,025492,True
025493,国泰创业板人工智能ETF联接-C,指数型-股票,存续,2025-10-29,,2025-10-29,tushare_fund_basic,国泰基金管理有限公司,,025493.OF,025492,False
025497,易方达国证价值100ETF联接-A,指数型-股票,存续,2025-09-23,,2025-09-23,tushare_fund_basic,易方达基金管理有限公司,,025497.OF,025497,True
025498,易方达国证价值100ETF联接-C,指数型-股票,存续,2025-09-23,,2025-09-23,tushare_fund_basic,易方达基金管理有限公司,,025498.OF,025497,False
025501,万家沪深300指数量化增强-A,指数型-股票,存续,2025-10-15,,2025-10-15,tushare_fund_basic,万家基金管理有限公司,,025501.OF,025501,True
025502,万家沪深300指数量化增强-C,指数型-股票,存续,2025-10-15,,2025-10-15,tushare_fund_basic,万家基金管理有限公司,,025502.OF,025501,False
025503,南方中证港股通科技ETF联接-A,指数型-海外股票,存续,2025-09-18,,2025-09-18,tushare_fund_basic,南方基金管理股份有限公司,,025503.OF,025503,True
025504,南方中证港股通科技ETF联接-C,指数型-海外股票,存续,2025-09-18,,2025-09-18,tushare_fund_basic,南方基金管理股份有限公司,,025504.OF,025503,False
025505,华夏创业板人工智能ETF联接-A,指数型-股票,存续,2025-09-16,,2025-09-16,tushare_fund_basic,华夏基金管理有限公司,,025505.OF,025505,True
025506,华夏创业板人工智能ETF联接-C,指数型-股票,存续,2025-09-16,,2025-09-16,tushare_fund_basic,华夏基金管理有限公司,,025506.OF,025505,False
025507,华夏中证港股通医疗主题ETF联接-A,指数型-海外股票,存续,2025-09-19,,2025-09-19,tushare_fund_basic,华夏基金管理有限公司,,025507.OF,025507,True
025508,华夏中证港股通医疗主题ETF联接-C,指数型-海外股票,存续,2025-09-19,,2025-09-19,tushare_fund_basic,华夏基金管理有限公司,,025508.OF,025507,False
025511,广发信息产业股票-A,股票型,存续,2025-11-04,,2025-11-04,tushare_fund_basic,广发基金管理有限公司,,025511.OF,025511,True
025512,广发信息产业股票-C,股票型,存续,2025-11-04,,2025-11-04,tushare_fund_basic,广发基金管理有限公司,,025512.OF,025511,False
025513,德邦中证800指数增强-A,指数型-股票,存续,2025-11-11,,2025-11-11,tushare_fund_basic,德邦基金管理有限公司,,025513.OF,025513,True
025514,德邦中证800指数增强-C,指数型-股票,存续,2025-11-11,,2025-11-11,tushare_fund_basic,德邦基金管理有限公司,,025514.OF,025513,False
025518,东方红中证东方红红利低波动指数-D,指数型-股票,存续,2025-09-15,,2025-09-15,tushare_fund_basic,上海东方证券资产管理有限公司,,025518.OF,025518,True
025525,平安恒生港股通科技主题ETF联接-A,指数型-海外股票,存续,2025-09-23,,2025-09-23,tushare_fund_basic,平安基金管理有限公司,,025525.OF,025525,True
025526,平安恒生港股通科技主题ETF联接-C,指数型-海外股票,存续,2025-09-23,,2025-09-23,tushare_fund_basic,平安基金管理有限公司,,025526.OF,025525,False
025541,华夏创新前沿股票-C,股票型,存续,2025-10-10,,2025-10-10,tushare_fund_basic,华夏基金管理有限公司,,025541.OF,025541,True
025552,中银中证机器人指数-C,指数型-股票,存续,2025-10-28,,2025-10-28,tushare_fund_basic,中银基金管理有限公司,,025552.OF,025552,True
025553,中银中证机器人指数-A,指数型-股票,存续,2025-10-28,,2025-10-28,tushare_fund_basic,中银基金管理有限公司,,025553.OF,025552,False
025556,博时裕益灵活配置混合-C,混合型-灵活,存续,2025-09-16,,2025-09-16,tushare_fund_basic,博时基金管理有限公司,,025556.OF,025556,True
025570,鹏安中证红利指数-A,指数型-股票,存续,2025-10-28,,2025-10-28,tushare_fund_basic,鹏安基金管理有限公司,,025570.OF,025570,True
025571,鹏安中证红利指数-C,指数型-股票,存续,2025-10-28,,2025-10-28,tushare_fund_basic,鹏安基金管理有限公司,,025571.OF,025570,False
025576,长盛上证科创板综合指数增强-A,指数型-股票,存续,2025-12-22,,2025-12-22,tushare_fund_basic,长盛基金管理有限公司,,025576.OF,025576,True
025577,长盛上证科创板综合指数增强-C,指数型-股票,存续,2025-12-22,,2025-12-22,tushare_fund_basic,长盛基金管理有限公司,,025577.OF,025576,False
025578,鹏华中证800ETF联接-I,指数型-股票,存续,2025-10-24,,2025-10-24,tushare_fund_basic,鹏华基金管理有限公司,,025578.OF,025578,True
025637,泰信互联网+主题灵活配置混合-C,混合型-灵活,存续,2025-10-09,,2025-10-09,tushare_fund_basic,泰信基金管理有限公司,,025637.OF,025637,True
025645,广发量化多因子灵活配置混合-C,混合型-灵活,存续,2025-10-09,,2025-10-09,tushare_fund_basic,广发基金管理有限公司,,025645.OF,025645,True
025652,大成创业板人工智能ETF联接-A,指数型-股票,存续,2025-10-21,,2025-10-21,tushare_fund_basic,大成基金管理有限公司,,025652.OF,025652,True
025653,大成创业板人工智能ETF联接-C,指数型-股票,存续,2025-10-21,,2025-10-21,tushare_fund_basic,大成基金管理有限公司,,025653.OF,025652,False
025658,国金科创创业量化选股股票-A,股票型,存续,2025-12-16,,2025-12-16,tushare_fund_basic,国金基金管理有限公司,,025658.OF,025658,True
025659,国金科创创业量化选股股票-C,股票型,存续,2025-12-16,,2025-12-16,tushare_fund_basic,国金基金管理有限公司,,025659.OF,025658,False
025660,招商中国机遇股票-C,股票型,存续,2025-09-25,,2025-09-25,tushare_fund_basic,招商基金管理有限公司,,025660.OF,025660,True
025661,汇添富标普港股通低波红利指数-A,指数型-海外股票,存续,2025-11-25,,2025-11-25,tushare_fund_basic,汇添富基金管理股份有限公司,,025661.OF,025661,True
025662,汇添富标普港股通低波红利指数-C,指数型-海外股票,存续,2025-11-25,,2025-11-25,tushare_fund_basic,汇添富基金管理股份有限公司,,025662.OF,025661,False
025664,中金北证50成份指数增强-A,指数型-股票,存续,2025-11-04,,2025-11-04,tushare_fund_basic,中金基金管理有限公司,,025664.OF,025664,True
025665,中金北证50成份指数增强-C,指数型-股票,存续,2025-11-04,,2025-11-04,tushare_fund_basic,中金基金管理有限公司,,025665.OF,025664,False
025675,鹏华中证A500指数增强-I,指数型-股票,存续,2025-10-17,,2025-10-17,tushare_fund_basic,鹏华基金管理有限公司,,025675.OF,025675,True
025676,泰康沪深300指数增强-A,指数型-股票,存续,2025-10-28,,2025-10-28,tushare_fund_basic,泰康基金管理有限公司,,025676.OF,025676,True
025677,泰康沪深300指数增强-C,指数型-股票,存续,2025-10-28,,2025-10-28,tushare_fund_basic,泰康基金管理有限公司,,025677.OF,025676,False
025678,广发上证科创板100增强策略ETF联接-A,指数型-股票,存续,2025-11-25,,2025-11-25,tushare_fund_basic,广发基金管理有限公司,,025678.OF,025678,True
025679,广发上证科创板100增强策略ETF联接-C,指数型-股票,存续,2025-11-25,,2025-11-25,tushare_fund_basic,广发基金管理有限公司,,025679.OF,025678,False
025680,广发中证800自由现金流ETF联接-A,指数型-股票,存续,2026-01-27,,2026-01-27,tushare_fund_basic,广发基金管理有限公司,,025680.OF,025680,True
025681,广发中证800自由现金流ETF联接-C,指数型-股票,存续,2026-01-27,,2026-01-27,tushare_fund_basic,广发基金管理有限公司,,025681.OF,025680,False
025682,广发中证智选高股息策略ETF联接-A,指数型-股票,存续,2025-11-28,,2025-11-28,tushare_fund_basic,广发基金管理有限公司,,025682.OF,025682,True
025683,广发中证智选高股息策略ETF联接-C,指数型-股票,存续,2025-11-28,,2025-11-28,tushare_fund_basic,广发基金管理有限公司,,025683.OF,025682,False
025690,弘毅远方北证50成份指数-A,指数型-股票,存续,2025-12-10,,2025-12-10,tushare_fund_basic,弘毅远方基金管理有限公司,,025690.OF,025690,True
025691,弘毅远方北证50成份指数-C,指数型-股票,存续,2025-12-10,,2025-12-10,tushare_fund_basic,弘毅远方基金管理有限公司,,025691.OF,025690,False
025692,南方中证通用航空主题ETF联接-A,指数型-股票,存续,2025-10-28,,2025-10-28,tushare_fund_basic,南方基金管理股份有限公司,,025692.OF,025692,True
025693,南方中证通用航空主题ETF联接-C,指数型-股票,存续,2025-10-28,,2025-10-28,tushare_fund_basic,南方基金管理股份有限公司,,025693.OF,025692,False
025696,华泰柏瑞上证科创板综合指数增强-A,指数型-股票,存续,2025-11-18,,2025-11-18,tushare_fund_basic,华泰柏瑞基金管理有限公司,,025696.OF,025696,True
025697,华泰柏瑞上证科创板综合指数增强-C,指数型-股票,存续,2025-11-18,,2025-11-18,tushare_fund_basic,华泰柏瑞基金管理有限公司,,025697.OF,025696,False
025698,鹏华国证机器人产业ETF联接-A,指数型-股票,存续,2025-10-28,,2025-10-28,tushare_fund_basic,鹏华基金管理有限公司,,025698.OF,025698,True
025699,鹏华国证机器人产业ETF联接-C,指数型-股票,存续,2025-10-28,,2025-10-28,tushare_fund_basic,鹏华基金管理有限公司,,025699.OF,025698,False
025700,鹏华国证机器人产业ETF联接-I,指数型-股票,存续,2025-10-28,,2025-10-28,tushare_fund_basic,鹏华基金管理有限公司,,025700.OF,025700,True
025704,浙商汇金量化精选灵活配置混合-C,混合型-灵活,存续,2025-09-30,,2025-09-30,tushare_fund_basic,浙江浙商证券资产管理有限公司,,025704.OF,025704,True
025705,广发沪深300指数量化增强-A,指数型-股票,存续,2025-11-21,,2025-11-21,tushare_fund_basic,广发基金管理有限公司,,025705.OF,025705,True
025706,广发沪深300指数量化增强-C,指数型-股票,存续,2025-11-21,,2025-11-21,tushare_fund_basic,广发基金管理有限公司,,025706.OF,025705,False
025711,汇添富中证A500指数量化增强-A,指数型-股票,存续,2026-03-03,,2026-03-03,tushare_fund_basic,汇添富基金管理股份有限公司,,025711.OF,025711,True
025712,汇添富中证A500指数量化增强-C,指数型-股票,存续,2026-03-03,,2026-03-03,tushare_fund_basic,汇添富基金管理股份有限公司,,025712.OF,025711,False
025719,嘉实恒生港股通科技主题ETF联接-A,指数型-海外股票,存续,2025-10-31,,2025-10-31,tushare_fund_basic,嘉实基金管理有限公司,,025719.OF,025719,True
025720,嘉实恒生港股通科技主题ETF联接-C,指数型-海外股票,存续,2025-10-31,,2025-10-31,tushare_fund_basic,嘉实基金管理有限公司,,025720.OF,025719,False
025723,银河中证800指数增强-A,指数型-股票,存续,2025-12-03,,2025-12-03,tushare_fund_basic,银河基金管理有限公司,,025723.OF,025723,True
025724,银河中证800指数增强-C,指数型-股票,存续,2025-12-03,,2025-12-03,tushare_fund_basic,银河基金管理有限公司,,025724.OF,025723,False
025725,博时中证港股通互联网ETF联接-A,指数型-海外股票,存续,2025-11-18,,2025-11-18,tushare_fund_basic,博时基金管理有限公司,,025725.OF,025725,True
025726,博时中证港股通互联网ETF联接-C,指数型-海外股票,存续,2025-11-18,,2025-11-18,tushare_fund_basic,博时基金管理有限公司,,025726.OF,025725,False
025727,南方上证科创板50成份ETF联接-A,指数型-股票,存续,2025-12-24,,2025-12-24,tushare_fund_basic,南方基金管理股份有限公司,,025727.OF,025727,True
025728,南方上证科创板50成份ETF联接-C,指数型-股票,存续,2025-12-24,,2025-12-24,tushare_fund_basic,南方基金管理股份有限公司,,025728.OF,025727,False
025732,华安国证航天航空行业ETF联接-A,指数型-股票,存续,2025-10-17,,2025-10-17,tushare_fund_basic,华安基金管理有限公司,,025732.OF,025732,True
025733,华安国证航天航空行业ETF联接-C,指数型-股票,存续,2025-10-17,,2025-10-17,tushare_fund_basic,华安基金管理有限公司,,025733.OF,025732,False
025734,华安恒生港股通科技主题ETF联接-A,指数型-海外股票,存续,2025-11-10,,2025-11-10,tushare_fund_basic,华安基金管理有限公司,,025734.OF,025734,True
025735,华安恒生港股通科技主题ETF联接-C,指数型-海外股票,存续,2025-11-10,,2025-11-10,tushare_fund_basic,华安基金管理有限公司,,025735.OF,025734,False
025736,华西科技成长股票,股票型,存续,2025-11-25,,2025-11-25,tushare_fund_basic,华西基金管理有限责任公司,,025736.OF,025736,True
025755,华泰保兴中证全指指数增强-A,指数型-股票,存续,2025-12-29,,2025-12-29,tushare_fund_basic,华泰保兴基金管理有限公司,,025755.OF,025755,True
025756,华泰保兴中证全指指数增强-C,指数型-股票,存续,2025-12-29,,2025-12-29,tushare_fund_basic,华泰保兴基金管理有限公司,,025756.OF,025755,False
025763,工银瑞信中证800指数增强-A,指数型-股票,存续,2025-12-02,,2025-12-02,tushare_fund_basic,工银瑞信基金管理有限公司,,025763.OF,025763,True
025764,工银瑞信中证800指数增强-C,指数型-股票,存续,2025-12-02,,2025-12-02,tushare_fund_basic,工银瑞信基金管理有限公司,,025764.OF,025763,False
025765,永赢国证港股通互联网ETF联接-A,指数型-海外股票,存续,2025-12-23,,2025-12-23,tushare_fund_basic,永赢基金管理有限公司,,025765.OF,025765,True
025766,永赢国证港股通互联网ETF联接-C,指数型-海外股票,存续,2025-12-23,,2025-12-23,tushare_fund_basic,永赢基金管理有限公司,,025766.OF,025765,False
025779,中欧中证全指证券公司指数-A,指数型-股票,存续,2025-10-31,,2025-10-31,tushare_fund_basic,中欧基金管理有限公司,,025779.OF,025779,True
025780,中欧中证全指证券公司指数-C,指数型-股票,存续,2025-10-31,,2025-10-31,tushare_fund_basic,中欧基金管理有限公司,,025780.OF,025779,False
025788,广发质量优选股票-A,股票型,存续,2025-12-23,,2025-12-23,tushare_fund_basic,广发基金管理有限公司,,025788.OF,025788,True
025789,广发质量优选股票-C,股票型,存续,2025-12-23,,2025-12-23,tushare_fund_basic,广发基金管理有限公司,,025789.OF,025788,False
025790,新华中证云计算50ETF联接-A,指数型-股票,存续,2026-02-10,,2026-02-10,tushare_fund_basic,新华基金管理股份有限公司,,025790.OF,025790,True
025791,新华中证云计算50ETF联接-C,指数型-股票,存续,2026-02-10,,2026-02-10,tushare_fund_basic,新华基金管理股份有限公司,,025791.OF,025790,False
025805,华夏国证港股通科技ETF联接-A,指数型-海外股票,存续,2025-12-09,,2025-12-09,tushare_fund_basic,华夏基金管理有限公司,,025805.OF,025805,True
025806,华夏国证港股通科技ETF联接-C,指数型-海外股票,存续,2025-12-09,,2025-12-09,tushare_fund_basic,华夏基金管理有限公司,,025806.OF,025805,False
025832,天弘中证电网设备主题指数-A,指数型-股票,存续,2025-11-25,,2025-11-25,tushare_fund_basic,天弘基金管理有限公司,,025832.OF,025832,True
025833,天弘中证电网设备主题指数-C,指数型-股票,存续,2025-11-25,,2025-11-25,tushare_fund_basic,天弘基金管理有限公司,,025833.OF,025832,False
025841,国泰海通创业板综指增强-A,指数型-股票,存续,2025-12-26,,2025-12-26,tushare_fund_basic,上海国泰海通证券资产管理有限公司,,025841.OF,025841,True
025842,国泰海通创业板综指增强-C,指数型-股票,存续,2025-12-26,,2025-12-26,tushare_fund_basic,上海国泰海通证券资产管理有限公司,,025842.OF,025841,False
025856,华夏中证电网设备主题ETF联接-A,指数型-股票,存续,2025-11-25,,2025-11-25,tushare_fund_basic,华夏基金管理有限公司,,025856.OF,025856,True
025857,华夏中证电网设备主题ETF联接-C,指数型-股票,存续,2025-11-25,,2025-11-25,tushare_fund_basic,华夏基金管理有限公司,,025857.OF,025856,False
025866,长信上证科创板综合指数增强-A,指数型-股票,存续,2025-12-17,,2025-12-17,tushare_fund_basic,长信基金管理有限责任公司,,025866.OF,025866,True
025867,长信上证科创板综合指数增强-C,指数型-股票,存续,2025-12-17,,2025-12-17,tushare_fund_basic,长信基金管理有限责任公司,,025867.OF,025866,False
025868,博时创业板综合ETF联接-A,指数型-股票,存续,2025-12-02,,2025-12-02,tushare_fund_basic,博时基金管理有限公司,,025868.OF,025868,True
025869,博时创业板综合ETF联接-C,指数型-股票,存续,2025-12-02,,2025-12-02,tushare_fund_basic,博时基金管理有限公司,,025869.OF,025868,False
025875,富安达上证科创板综合指数增强-A,指数型-股票,存续,2025-11-21,,2025-11-21,tushare_fund_basic,富安达基金管理有限公司,,025875.OF,025875,True
025876,富安达上证科创板综合指数增强-C,指数型-股票,存续,2025-11-21,,2025-11-21,tushare_fund_basic,富安达基金管理有限公司,,025876.OF,025875,False
025877,易米远景量化选股股票-A,股票型,存续,2026-03-17,,2026-03-17,tushare_fund_basic,易米基金管理有限公司,,025877.OF,025877,True
025878,易米远景量化选股股票-C,股票型,存续,2026-03-17,,2026-03-17,tushare_fund_basic,易米基金管理有限公司,,025878.OF,025877,False
025882,广发沪深300指数增强-Y,指数型-股票,存续,2025-10-30,,2025-10-30,tushare_fund_basic,广发基金管理有限公司,,025882.OF,025882,True
025883,汇添富上证综合指数-Y,指数型-股票,存续,2025-10-31,,2025-10-31,tushare_fund_basic,汇添富基金管理股份有限公司,,025883.OF,025883,True
025911,东方红中证全指指数增强-A,指数型-股票,存续,2025-12-16,,2025-12-16,tushare_fund_basic,上海东方证券资产管理有限公司,,025911.OF,025911,True
025912,东方红中证全指指数增强-C,指数型-股票,存续,2025-12-16,,2025-12-16,tushare_fund_basic,上海东方证券资产管理有限公司,,025912.OF,025911,False
025916,兴银国证新能源车电池ETF联接-A,指数型-股票,存续,2025-11-28,,2025-11-28,tushare_fund_basic,兴银基金管理有限责任公司,,025916.OF,025916,True
025917,兴银国证新能源车电池ETF联接-C,指数型-股票,存续,2025-11-28,,2025-11-28,tushare_fund_basic,兴银基金管理有限责任公司,,025917.OF,025916,False
025932,博道沪深300指数增强-Y,指数型-股票,存续,2025-10-31,,2025-10-31,tushare_fund_basic,博道基金管理有限公司,,025932.OF,025932,True
025935,路博迈中证A500指数增强-B,指数型-股票,存续,2025-11-06,,2025-11-06,tushare_fund_basic,路博迈基金管理(中国)有限公司,,025935.OF,025935,True
025936,中金沪深300指数增强-Y,指数型-股票,存续,2025-11-05,,2025-11-05,tushare_fund_basic,中金基金管理有限公司,,025936.OF,025936,True
025937,华泰柏瑞恒生港股通高股息低波动ETF联接-A,指数型-海外股票,存续,2025-11-13,,2025-11-13,tushare_fund_basic,华泰柏瑞基金管理有限公司,,025937.OF,025937,True
025938,华泰柏瑞恒生港股通高股息低波动ETF联接-C,指数型-海外股票,存续,2025-11-13,,2025-11-13,tushare_fund_basic,华泰柏瑞基金管理有限公司,,025938.OF,025937,False
025949,诺安研究精选股票-C,股票型,存续,2025-10-31,,2025-10-31,tushare_fund_basic,诺安基金管理有限公司,,025949.OF,025949,True
025954,华宝北证50成份指数-A,指数型-股票,存续,2025-12-04,,2025-12-04,tushare_fund_basic,华宝基金管理有限公司,,025954.OF,025954,True
025955,华宝北证50成份指数-C,指数型-股票,存续,2025-12-04,,2025-12-04,tushare_fund_basic,华宝基金管理有限公司,,025955.OF,025954,False
025958,南方中证全指自由现金流ETF联接-A,指数型-股票,存续,2025-12-02,,2025-12-02,tushare_fund_basic,南方基金管理股份有限公司,,025958.OF,025958,True
025959,南方中证全指自由现金流ETF联接-C,指数型-股票,存续,2025-12-02,,2025-12-02,tushare_fund_basic,南方基金管理股份有限公司,,025959.OF,025958,False
025960,国投瑞银创业板综合指数增强-A,指数型-股票,存续,2025-12-25,,2025-12-25,tushare_fund_basic,国投瑞银基金管理有限公司,,025960.OF,025960,True
025961,国投瑞银创业板综合指数增强-C,指数型-股票,存续,2025-12-25,,2025-12-25,tushare_fund_basic,国投瑞银基金管理有限公司,,025961.OF,025960,False
025968,建信科技智选股票-A,股票型,存续,2025-12-02,,2025-12-02,tushare_fund_basic,建信基金管理有限责任公司,,025968.OF,025968,True
025969,建信科技智选股票-C,股票型,存续,2025-12-02,,2025-12-02,tushare_fund_basic,建信基金管理有限责任公司,,025969.OF,025968,False
025982,鹏华中证500指数量化增强-A,指数型-股票,存续,2025-11-25,,2025-11-25,tushare_fund_basic,鹏华基金管理有限公司,,025982.OF,025982,True
025983,鹏华中证500指数量化增强-C,指数型-股票,存续,2025-11-25,,2025-11-25,tushare_fund_basic,鹏华基金管理有限公司,,025983.OF,025982,False
025984,鹏华中证500指数量化增强-I,指数型-股票,存续,2025-11-25,,2025-11-25,tushare_fund_basic,鹏华基金管理有限公司,,025984.OF,025984,True
026001,融通上证科创板综合指数增强-A,指数型-股票,存续,2026-01-19,,2026-01-19,tushare_fund_basic,融通基金管理有限公司,,026001.OF,026001,True
026002,融通上证科创板综合指数增强-C,指数型-股票,存续,2026-01-19,,2026-01-19,tushare_fund_basic,融通基金管理有限公司,,026002.OF,026001,False
026015,宏利印度机会股票(QDII)-C,股票型,存续,2025-11-12,,2025-11-12,tushare_fund_basic,宏利基金管理有限公司,,026015.OF,026015,True
026020,东财中证证券公司30ETF联接-E,指数型-股票,存续,2025-11-12,,2025-11-12,tushare_fund_basic,东财基金管理有限公司,,026020.OF,016043,False
026059,联博中证500指数增强-A,指数型-股票,存续,2025-12-09,,2025-12-09,tushare_fund_basic,联博基金管理有限公司,,026059.OF,026059,True
026060,联博中证500指数增强-C,指数型-股票,存续,2025-12-09,,2025-12-09,tushare_fund_basic,联博基金管理有限公司,,026060.OF,026059,False
026083,财通资管中证500指数增强-A,指数型-股票,存续,2025-12-19,,2025-12-19,tushare_fund_basic,财通证券资产管理有限公司,,026083.OF,026083,True
026084,财通资管中证500指数增强-C,指数型-股票,存续,2025-12-19,,2025-12-19,tushare_fund_basic,财通证券资产管理有限公司,,026084.OF,026083,False
026091,国泰中证港股通汽车产业主题ETF联接-A,指数型-海外股票,存续,2026-01-07,,2026-01-07,tushare_fund_basic,国泰基金管理有限公司,,026091.OF,026091,True
026092,国泰中证港股通汽车产业主题ETF联接-C,指数型-海外股票,存续,2026-01-07,,2026-01-07,tushare_fund_basic,国泰基金管理有限公司,,026092.OF,026091,False
026093,易方达中证A500指数量化增强-A,指数型-股票,存续,2025-12-04,,2025-12-04,tushare_fund_basic,易方达基金管理有限公司,,026093.OF,026093,True
026094,易方达中证A500指数量化增强-C,指数型-股票,存续,2025-12-04,,2025-12-04,tushare_fund_basic,易方达基金管理有限公司,,026094.OF,026093,False
026095,易方达创业板50ETF联接-A,指数型-股票,存续,2025-12-30,,2025-12-30,tushare_fund_basic,易方达基金管理有限公司,,026095.OF,026095,True
026096,易方达创业板50ETF联接-C,指数型-股票,存续,2025-12-30,,2025-12-30,tushare_fund_basic,易方达基金管理有限公司,,026096.OF,026095,False
026107,万家国证港股通科技ETF联接-A,指数型-海外股票,存续,2025-11-28,,2025-11-28,tushare_fund_basic,万家基金管理有限公司,,026107.OF,026107,True
026108,万家国证港股通科技ETF联接-C,指数型-海外股票,存续,2025-11-28,,2025-11-28,tushare_fund_basic,万家基金管理有限公司,,026108.OF,026107,False
026109,广发中证500指数量化增强-A,指数型-股票,存续,2026-02-10,,2026-02-10,tushare_fund_basic,广发基金管理有限公司,,026109.OF,026109,True
026110,广发中证500指数量化增强-C,指数型-股票,存续,2026-02-10,,2026-02-10,tushare_fund_basic,广发基金管理有限公司,,026110.OF,026109,False
026113,鑫元中证港股通科技指数-A,指数型-海外股票,存续,2026-03-27,,2026-03-27,tushare_fund_basic,鑫元基金管理有限公司,,026113.OF,026113,True
026114,鑫元中证港股通科技指数-C,指数型-海外股票,存续,2026-03-27,,2026-03-27,tushare_fund_basic,鑫元基金管理有限公司,,026114.OF,026113,False
026117,东财上证科创板200ETF联接-A,指数型-股票,存续,2026-01-27,,2026-01-27,tushare_fund_basic,东财基金管理有限公司,,026117.OF,026117,True
026118,东财上证科创板200ETF联接-C,指数型-股票,存续,2026-01-27,,2026-01-27,tushare_fund_basic,东财基金管理有限公司,,026118.OF,026117,False
026119,东财北证50成份指数增强-A,指数型-股票,存续,2026-01-21,,2026-01-21,tushare_fund_basic,东财基金管理有限公司,,026119.OF,026119,True
026120,东财北证50成份指数增强-C,指数型-股票,存续,2026-01-21,,2026-01-21,tushare_fund_basic,东财基金管理有限公司,,026120.OF,026119,False
026124,汇丰晋信周期优选股票-A,股票型,存续,2026-03-11,,2026-03-11,tushare_fund_basic,汇丰晋信基金管理有限公司,,026124.OF,026124,True
026125,汇丰晋信周期优选股票-C,股票型,存续,2026-03-11,,2026-03-11,tushare_fund_basic,汇丰晋信基金管理有限公司,,026125.OF,026124,False
026126,山证资管改革精选灵活配置混合-C,混合型-灵活,存续,2025-11-21,,2025-11-21,tushare_fund_basic,山证(上海)资产管理有限公司,,026126.OF,026126,True
026129,永赢中证工程机械主题指数-A,指数型-股票,存续,2026-01-27,,2026-01-27,tushare_fund_basic,永赢基金管理有限公司,,026129.OF,026129,True
026130,永赢中证工程机械主题指数-C,指数型-股票,存续,2026-01-27,,2026-01-27,tushare_fund_basic,永赢基金管理有限公司,,026130.OF,026129,False
026131,永赢国证工业软件主题指数-A,指数型-股票,存续,2026-01-27,,2026-01-27,tushare_fund_basic,永赢基金管理有限公司,,026131.OF,026131,True
026132,永赢国证工业软件主题指数-C,指数型-股票,存续,2026-01-27,,2026-01-27,tushare_fund_basic,永赢基金管理有限公司,,026132.OF,026131,False
026137,山证资管策略精选灵活配置混合-C,混合型-灵活,存续,2025-11-21,,2025-11-21,tushare_fund_basic,山证(上海)资产管理有限公司,,026137.OF,026137,True
026147,鹏华上证科创板100指数增强-A,指数型-股票,存续,2025-12-26,,2025-12-26,tushare_fund_basic,鹏华基金管理有限公司,,026147.OF,026147,True
026148,鹏华上证科创板100指数增强-C,指数型-股票,存续,2025-12-26,,2025-12-26,tushare_fund_basic,鹏华基金管理有限公司,,026148.OF,026147,False
026149,鹏华上证科创板100指数增强-I,指数型-股票,存续,2025-12-26,,2025-12-26,tushare_fund_basic,鹏华基金管理有限公司,,026149.OF,026149,True
026151,农银汇理创业板指数-A,指数型-股票,存续,2025-12-26,,2025-12-26,tushare_fund_basic,农银汇理基金管理有限公司,,026151.OF,026151,True
026152,农银汇理创业板指数-C,指数型-股票,存续,2025-12-26,,2025-12-26,tushare_fund_basic,农银汇理基金管理有限公司,,026152.OF,026151,False
026154,红土创新医疗保健股票-C,股票型,存续,2025-11-21,,2025-11-21,tushare_fund_basic,红土创新基金管理有限公司,,026154.OF,026154,True
026155,红土创新新科技股票-C,股票型,存续,2025-11-21,,2025-11-21,tushare_fund_basic,红土创新基金管理有限公司,,026155.OF,026155,True
026163,英大上证科创板综合指数增强-A,指数型-股票,存续,2025-12-29,,2025-12-29,tushare_fund_basic,英大基金管理有限公司,,026163.OF,026163,True
026164,英大上证科创板综合指数增强-C,指数型-股票,存续,2025-12-29,,2025-12-29,tushare_fund_basic,英大基金管理有限公司,,026164.OF,026163,False
026173,路博迈港股通科技股票-A,股票型,存续,2025-12-30,,2025-12-30,tushare_fund_basic,路博迈基金管理(中国)有限公司,,026173.OF,026173,True
026174,路博迈港股通科技股票-C,股票型,存续,2025-12-30,,2025-12-30,tushare_fund_basic,路博迈基金管理(中国)有限公司,,026174.OF,026173,False
026175,路博迈中证A股指数增强-A,指数型-股票,存续,2026-01-13,,2026-01-13,tushare_fund_basic,路博迈基金管理(中国)有限公司,,026175.OF,026175,True
026176,路博迈中证A股指数增强-C,指数型-股票,存续,2026-01-13,,2026-01-13,tushare_fund_basic,路博迈基金管理(中国)有限公司,,026176.OF,026175,False
026179,长江上证科创板综合指数增强-A,指数型-股票,存续,2026-03-24,,2026-03-24,tushare_fund_basic,长江证券(上海)资产管理有限公司,,026179.OF,026179,True
026180,长江上证科创板综合指数增强-C,指数型-股票,存续,2026-03-24,,2026-03-24,tushare_fund_basic,长江证券(上海)资产管理有限公司,,026180.OF,026179,False
026183,长江中证全指指数增强-A,指数型-股票,存续,2025-12-29,,2025-12-29,tushare_fund_basic,长江证券(上海)资产管理有限公司,,026183.OF,026183,True
026184,长江中证全指指数增强-C,指数型-股票,存续,2025-12-29,,2025-12-29,tushare_fund_basic,长江证券(上海)资产管理有限公司,,026184.OF,026183,False
026185,恒生前海北证50成份指数增强-A,指数型-海外股票,存续,2025-12-30,,2025-12-30,tushare_fund_basic,恒生前海基金管理有限公司,,026185.OF,026185,True
026186,恒生前海北证50成份指数增强-C,指数型-海外股票,存续,2025-12-30,,2025-12-30,tushare_fund_basic,恒生前海基金管理有限公司,,026186.OF,026185,False
026201,诺安利鑫灵活配置混合-D,混合型-灵活,存续,2025-11-25,,2025-11-25,tushare_fund_basic,诺安基金管理有限公司,,026201.OF,026201,True
026206,宝盈恒生科技指数(QDII)-A,指数型-海外股票,存续,2026-01-16,,2026-01-16,tushare_fund_basic,宝盈基金管理有限公司,,026206.OF,026206,True
026207,宝盈恒生科技指数(QDII)-C,指数型-海外股票,存续,2026-01-16,,2026-01-16,tushare_fund_basic,宝盈基金管理有限公司,,026207.OF,026206,False
026223,广发消费领航股票-A,股票型,存续,2026-02-05,,2026-02-05,tushare_fund_basic,广发基金管理有限公司,,026223.OF,026223,True
026224,广发消费领航股票-C,股票型,存续,2026-02-05,,2026-02-05,tushare_fund_basic,广发基金管理有限公司,,026224.OF,026223,False
026228,富国全球科技互联网股票(QDII)-D,股票型,存续,2025-12-02,,2025-12-02,tushare_fund_basic,富国基金管理有限公司,,026228.OF,026228,True
026245,红土创新新兴产业灵活配置混合-C,混合型-灵活,存续,2025-12-03,,2025-12-03,tushare_fund_basic,红土创新基金管理有限公司,,026245.OF,026245,True
026255,国寿安保中证800指数增强-A,指数型-股票,存续,2025-12-30,,2025-12-30,tushare_fund_basic,国寿安保基金管理有限公司,,026255.OF,026255,True
026256,国寿安保中证800指数增强-C,指数型-股票,存续,2025-12-30,,2025-12-30,tushare_fund_basic,国寿安保基金管理有限公司,,026256.OF,026255,False
026265,广发国证新能源电池ETF联接-A,指数型-股票,存续,2026-02-10,,2026-02-10,tushare_fund_basic,广发基金管理有限公司,,026265.OF,026265,True
026266,广发国证新能源电池ETF联接-C,指数型-股票,存续,2026-02-10,,2026-02-10,tushare_fund_basic,广发基金管理有限公司,,026266.OF,026265,False
026275,海富通沪深300指数增强-Y,指数型-股票,存续,2025-12-19,,2025-12-19,tushare_fund_basic,海富通基金管理有限公司,,026275.OF,026275,True
026290,红土创新科技创新股票(LOF)-C,股票型,存续,2025-12-11,,2025-12-11,tushare_fund_basic,红土创新基金管理有限公司,,026290.OF,501201,False
026293,红土创新转型精选灵活配置混合(LOF)-C,混合型-灵活,存续,2025-12-11,,2025-12-11,tushare_fund_basic,红土创新基金管理有限公司,,026293.OF,168401,False
026295,前海开源中证民企300ETF联接-A,指数型-股票,存续,2025-12-26,,2025-12-26,tushare_fund_basic,前海开源基金管理有限公司,,026295.OF,026295,True
026296,前海开源中证民企300ETF联接-C,指数型-股票,存续,2025-12-26,,2025-12-26,tushare_fund_basic,前海开源基金管理有限公司,,026296.OF,026295,False
026303,上银科技创新股票-A,股票型,存续,2026-01-21,,2026-01-21,tushare_fund_basic,上银基金管理有限公司,,026303.OF,026303,True
026304,上银科技创新股票-C,股票型,存续,2026-01-21,,2026-01-21,tushare_fund_basic,上银基金管理有限公司,,026304.OF,026303,False
026357,平安港股医疗优选股票(QDII)-A,股票型,存续,2026-01-29,,2026-01-29,tushare_fund_basic,平安基金管理有限公司,,026357.OF,026357,True
026358,平安港股医疗优选股票(QDII)-C,股票型,存续,2026-01-29,,2026-01-29,tushare_fund_basic,平安基金管理有限公司,,026358.OF,026357,False
026359,易方达中证800指数增强-A,指数型-股票,存续,2026-01-15,,2026-01-15,tushare_fund_basic,易方达基金管理有限公司,,026359.OF,026359,True
026360,易方达中证800指数增强-C,指数型-股票,存续,2026-01-15,,2026-01-15,tushare_fund_basic,易方达基金管理有限公司,,026360.OF,026359,False
026369,富国上证科创板200ETF联接-A,指数型-股票,存续,2026-01-08,,2026-01-08,tushare_fund_basic,富国基金管理有限公司,,026369.OF,026369,True
026370,富国上证科创板200ETF联接-C,指数型-股票,存续,2026-01-08,,2026-01-08,tushare_fund_basic,富国基金管理有限公司,,026370.OF,026369,False
026388,招商资管上证科创板人工智能指数-A,指数型-股票,存续,2026-01-08,,2026-01-08,tushare_fund_basic,招商证券资产管理有限公司,,026388.OF,026388,True
026389,招商资管上证科创板人工智能指数-C,指数型-股票,存续,2026-01-08,,2026-01-08,tushare_fund_basic,招商证券资产管理有限公司,,026389.OF,026388,False
026428,永赢上证科创板200指数-A,指数型-股票,存续,2026-01-29,,2026-01-29,tushare_fund_basic,永赢基金管理有限公司,,026428.OF,026428,True
026429,永赢上证科创板200指数-C,指数型-股票,存续,2026-01-29,,2026-01-29,tushare_fund_basic,永赢基金管理有限公司,,026429.OF,026428,False
026433,华泰柏瑞中证A500指数增强-A,指数型-股票,存续,2026-02-03,,2026-02-03,tushare_fund_basic,华泰柏瑞基金管理有限公司,,026433.OF,026433,True
026434,华泰柏瑞中证A500指数增强-C,指数型-股票,存续,2026-02-03,,2026-02-03,tushare_fund_basic,华泰柏瑞基金管理有限公司,,026434.OF,026433,False
026438,建信恒生生物科技指数-A,指数型-海外股票,存续,2026-02-11,,2026-02-11,tushare_fund_basic,建信基金管理有限责任公司,,026438.OF,026438,True
026439,建信恒生生物科技指数-C,指数型-海外股票,存续,2026-02-11,,2026-02-11,tushare_fund_basic,建信基金管理有限责任公司,,026439.OF,026438,False
026442,国泰海通港股优势精选股票(QDII)-A,股票型,存续,2026-03-27,,2026-03-27,tushare_fund_basic,上海国泰海通证券资产管理有限公司,,026442.OF,026442,True
026443,国泰海通港股优势精选股票(QDII)-C,股票型,存续,2026-03-27,,2026-03-27,tushare_fund_basic,上海国泰海通证券资产管理有限公司,,026443.OF,026442,False
026444,易方达中证细分有色金属产业主题ETF联接-A,指数型-股票,存续,2025-12-31,,2025-12-31,tushare_fund_basic,易方达基金管理有限公司,,026444.OF,026444,True
026445,易方达中证细分有色金属产业主题ETF联接-C,指数型-股票,存续,2025-12-31,,2025-12-31,tushare_fund_basic,易方达基金管理有限公司,,026445.OF,026444,False
026458,银华中证有色金属ETF联接-A,指数型-股票,存续,2026-03-18,,2026-03-18,tushare_fund_basic,银华基金管理股份有限公司,,026458.OF,026458,True
026459,银华中证有色金属ETF联接-C,指数型-股票,存续,2026-03-18,,2026-03-18,tushare_fund_basic,银华基金管理股份有限公司,,026459.OF,026458,False
026462,景顺长城均衡增长股票,股票型,存续,2026-02-12,,2026-02-12,tushare_fund_basic,景顺长城基金管理有限公司,,026462.OF,026462,True
026468,山证资管数字经济锐选股票-A,股票型,存续,2025-12-31,,2025-12-31,tushare_fund_basic,山证(上海)资产管理有限公司,,026468.OF,026468,True
026469,山证资管数字经济锐选股票-C,股票型,存续,2025-12-31,,2025-12-31,tushare_fund_basic,山证(上海)资产管理有限公司,,026469.OF,026468,False
026477,招商中证有色金属矿业主题ETF联接-A,指数型-股票,存续,2026-01-12,,2026-01-12,tushare_fund_basic,招商基金管理有限公司,,026477.OF,026477,True
026478,招商中证有色金属矿业主题ETF联接-C,指数型-股票,存续,2026-01-12,,2026-01-12,tushare_fund_basic,招商基金管理有限公司,,026478.OF,026477,False
026488,安信资源睿选股票-A,股票型,存续,2026-02-10,,2026-02-10,tushare_fund_basic,安信基金管理有限责任公司,,026488.OF,026488,True
026489,安信资源睿选股票-C,股票型,存续,2026-02-10,,2026-02-10,tushare_fund_basic,安信基金管理有限责任公司,,026489.OF,026488,False
026504,兴银国证消费电子主题指数-A,指数型-股票,存续,2026-01-29,,2026-01-29,tushare_fund_basic,兴银基金管理有限责任公司,,026504.OF,026504,True
026505,兴银国证消费电子主题指数-C,指数型-股票,存续,2026-01-29,,2026-01-29,tushare_fund_basic,兴银基金管理有限责任公司,,026505.OF,026504,False
026513,弘毅远方北证50成份指数-I,指数型-股票,存续,2026-01-05,,2026-01-05,tushare_fund_basic,弘毅远方基金管理有限公司,,026513.OF,026513,True
026514,上银中证全指指数增强-A,指数型-股票,存续,2026-02-03,,2026-02-03,tushare_fund_basic,上银基金管理有限公司,,026514.OF,026514,True
026515,上银中证全指指数增强-C,指数型-股票,存续,2026-02-03,,2026-02-03,tushare_fund_basic,上银基金管理有限公司,,026515.OF,026514,False
026516,上银科技先锋股票-A,股票型,存续,2026-01-20,,2026-01-20,tushare_fund_basic,上银基金管理有限公司,,026516.OF,026516,True
026517,上银科技先锋股票-C,股票型,存续,2026-01-20,,2026-01-20,tushare_fund_basic,上银基金管理有限公司,,026517.OF,026516,False
026520,财通资管量化选股股票-A,股票型,存续,2026-02-05,,2026-02-05,tushare_fund_basic,财通证券资产管理有限公司,,026520.OF,026520,True
026521,财通资管量化选股股票-C,股票型,存续,2026-02-05,,2026-02-05,tushare_fund_basic,财通证券资产管理有限公司,,026521.OF,026520,False
026526,鹏华创业板新能源ETF联接-A,指数型-股票,存续,2026-02-10,,2026-02-10,tushare_fund_basic,鹏华基金管理有限公司,,026526.OF,026526,True
026527,鹏华创业板新能源ETF联接-C,指数型-股票,存续,2026-02-10,,2026-02-10,tushare_fund_basic,鹏华基金管理有限公司,,026527.OF,026526,False
026534,兴业恒生科技指数(QDII)-A,指数型-海外股票,存续,2026-02-13,,2026-02-13,tushare_fund_basic,兴业基金管理有限公司,,026534.OF,026534,True
026535,兴业恒生科技指数(QDII)-C,指数型-海外股票,存续,2026-02-13,,2026-02-13,tushare_fund_basic,兴业基金管理有限公司,,026535.OF,026534,False
026544,平安中证卫星产业指数-E,指数型-股票,存续,2026-01-06,,2026-01-06,tushare_fund_basic,平安基金管理有限公司,,026544.OF,025490,False
026553,南方量化成长股票-C,股票型,存续,2026-01-29,,2026-01-29,tushare_fund_basic,南方基金管理股份有限公司,,026553.OF,026553,True
026554,南方中证港股通互联网ETF联接-A,指数型-海外股票,存续,2026-02-05,,2026-02-05,tushare_fund_basic,南方基金管理股份有限公司,,026554.OF,026554,True
026555,南方中证港股通互联网ETF联接-C,指数型-海外股票,存续,2026-02-05,,2026-02-05,tushare_fund_basic,南方基金管理股份有限公司,,026555.OF,026554,False
026606,南方中证港股通50ETF联接-A,指数型-海外股票,存续,2026-03-24,,2026-03-24,tushare_fund_basic,南方基金管理股份有限公司,,026606.OF,026606,True
026607,南方中证港股通50ETF联接-C,指数型-海外股票,存续,2026-03-24,,2026-03-24,tushare_fund_basic,南方基金管理股份有限公司,,026607.OF,026606,False
026608,德邦沪深300指数增强-A,指数型-股票,存续,2026-02-12,,2026-02-12,tushare_fund_basic,德邦基金管理有限公司,,026608.OF,026608,True
026613,国泰上证科创板人工智能ETF联接-A,指数型-股票,存续,2026-02-05,,2026-02-05,tushare_fund_basic,国泰基金管理有限公司,,026613.OF,026613,True
026614,国泰上证科创板人工智能ETF联接-C,指数型-股票,存续,2026-02-05,,2026-02-05,tushare_fund_basic,国泰基金管理有限公司,,026614.OF,026613,False
026615,国泰中证A500ETF联接-Y,指数型-股票,存续,2026-01-06,,2026-01-06,tushare_fund_basic,国泰基金管理有限公司,,026615.OF,026615,True
026619,安信消费睿选股票-A,股票型,存续,2026-02-10,,2026-02-10,tushare_fund_basic,安信基金管理有限责任公司,,026619.OF,026619,True
026620,安信消费睿选股票-C,股票型,存续,2026-02-10,,2026-02-10,tushare_fund_basic,安信基金管理有限责任公司,,026620.OF,026619,False
026622,招商上证科创板芯片设计主题ETF联接-A,指数型-股票,存续,2026-01-20,,2026-01-20,tushare_fund_basic,招商基金管理有限公司,,026622.OF,026622,True
026623,招商上证科创板芯片设计主题ETF联接-C,指数型-股票,存续,2026-01-20,,2026-01-20,tushare_fund_basic,招商基金管理有限公司,,026623.OF,026622,False
026630,天弘中证智选质量领先50指数-A,指数型-股票,存续,2026-03-17,,2026-03-17,tushare_fund_basic,天弘基金管理有限公司,,026630.OF,026630,True
026631,天弘中证智选质量领先50指数-C,指数型-股票,存续,2026-03-17,,2026-03-17,tushare_fund_basic,天弘基金管理有限公司,,026631.OF,026630,False
026646,易方达恒生港股通汽车主题ETF联接-A,指数型-海外股票,存续,2026-01-28,,2026-01-28,tushare_fund_basic,易方达基金管理有限公司,,026646.OF,026646,True
026647,易方达恒生港股通汽车主题ETF联接-C,指数型-海外股票,存续,2026-01-28,,2026-01-28,tushare_fund_basic,易方达基金管理有限公司,,026647.OF,026646,False
026654,汇添富上证科创板人工智能ETF联接-A,指数型-股票,存续,2026-02-09,,2026-02-09,tushare_fund_basic,汇添富基金管理股份有限公司,,026654.OF,026654,True
026655,汇添富上证科创板人工智能ETF联接-C,指数型-股票,存续,2026-02-09,,2026-02-09,tushare_fund_basic,汇添富基金管理股份有限公司,,026655.OF,026654,False
026662,建信资源严选股票-A,股票型,存续,2026-02-10,,2026-02-10,tushare_fund_basic,建信基金管理有限责任公司,,026662.OF,026662,True
026663,建信资源严选股票-C,股票型,存续,2026-02-10,,2026-02-10,tushare_fund_basic,建信基金管理有限责任公司,,026663.OF,026662,False
026671,招商中证全指红利质量ETF联接-A,指数型-股票,存续,2026-02-10,,2026-02-10,tushare_fund_basic,招商基金管理有限公司,,026671.OF,026671,True
026672,招商中证全指红利质量ETF联接-C,指数型-股票,存续,2026-02-10,,2026-02-10,tushare_fund_basic,招商基金管理有限公司,,026672.OF,026671,False
026675,德邦沪深300指数增强-C,指数型-股票,存续,2026-02-12,,2026-02-12,tushare_fund_basic,德邦基金管理有限公司,,026675.OF,026608,False
026688,汇添富中证港股通综合指数增强-A,指数型-海外股票,存续,2026-03-31,,2026-03-31,tushare_fund_basic,汇添富基金管理股份有限公司,,026688.OF,026688,True
026689,汇添富中证港股通综合指数增强-C,指数型-海外股票,存续,2026-03-31,,2026-03-31,tushare_fund_basic,汇添富基金管理股份有限公司,,026689.OF,026688,False
026692,兴银创业板综合指数增强-A,指数型-股票,存续,2026-03-31,,2026-03-31,tushare_fund_basic,兴银基金管理有限责任公司,,026692.OF,026692,True
026693,兴银创业板综合指数增强-C,指数型-股票,存续,2026-03-31,,2026-03-31,tushare_fund_basic,兴银基金管理有限责任公司,,026693.OF,026692,False
026703,长城港股价值优选股票(QDII)-A,股票型,存续,2026-03-27,,2026-03-27,tushare_fund_basic,长城基金管理有限公司,,026703.OF,026703,True
026704,长城港股价值优选股票(QDII)-C,股票型,存续,2026-03-27,,2026-03-27,tushare_fund_basic,长城基金管理有限公司,,026704.OF,026703,False
026715,大成国证石油天然气指数-A,指数型-股票,存续,2026-02-12,,2026-02-12,tushare_fund_basic,大成基金管理有限公司,,026715.OF,026715,True
026716,大成国证石油天然气指数-C,指数型-股票,存续,2026-02-12,,2026-02-12,tushare_fund_basic,大成基金管理有限公司,,026716.OF,026715,False
026718,银华中证科创创业50ETF联接-A,指数型-股票,存续,2026-02-10,,2026-02-10,tushare_fund_basic,银华基金管理股份有限公司,,026718.OF,026718,True
026719,银华中证科创创业50ETF联接-C,指数型-股票,存续,2026-02-10,,2026-02-10,tushare_fund_basic,银华基金管理股份有限公司,,026719.OF,026718,False
026720,平安中证光伏产业ETF联接-A,指数型-股票,存续,2026-02-03,,2026-02-03,tushare_fund_basic,平安基金管理有限公司,,026720.OF,026720,True
026721,平安中证光伏产业ETF联接-C,指数型-股票,存续,2026-02-03,,2026-02-03,tushare_fund_basic,平安基金管理有限公司,,026721.OF,026720,False
026722,浙商中证A500指数增强-A,指数型-股票,存续,2026-03-17,,2026-03-17,tushare_fund_basic,浙商基金管理有限公司,,026722.OF,026722,True
026723,浙商中证A500指数增强-C,指数型-股票,存续,2026-03-17,,2026-03-17,tushare_fund_basic,浙商基金管理有限公司,,026723.OF,026722,False
026736,交银中证A500指数增强-A,指数型-股票,存续,2026-02-10,,2026-02-10,tushare_fund_basic,交银施罗德基金管理有限公司,,026736.OF,026736,True
026737,交银中证A500指数增强-C,指数型-股票,存续,2026-02-10,,2026-02-10,tushare_fund_basic,交银施罗德基金管理有限公司,,026737.OF,026736,False
026738,人保创业板综合指数增强-A,指数型-股票,存续,2026-02-11,,2026-02-11,tushare_fund_basic,中国人保资产管理有限公司,,026738.OF,026738,True
026739,人保创业板综合指数增强-C,指数型-股票,存续,2026-02-11,,2026-02-11,tushare_fund_basic,中国人保资产管理有限公司,,026739.OF,026738,False
026746,上银医药精选股票-A,股票型,存续,2026-03-04,,2026-03-04,tushare_fund_basic,上银基金管理有限公司,,026746.OF,026746,True
026747,上银医药精选股票-C,股票型,存续,2026-03-04,,2026-03-04,tushare_fund_basic,上银基金管理有限公司,,026747.OF,026746,False
026754,华宝中证光伏产业指数,指数型-股票,存续,2026-02-27,,2026-02-27,tushare_fund_basic,华宝基金管理有限公司,,026754.OF,026754,True
026755,华宝中证港股通信息技术综合ETF联接,指数型-海外股票,存续,2026-03-03,,2026-03-03,tushare_fund_basic,华宝基金管理有限公司,,026755.OF,026755,True
026758,招商恒生港股通汽车主题指数-A,指数型-海外股票,存续,2026-03-02,,2026-03-02,tushare_fund_basic,招商基金管理有限公司,,026758.OF,026758,True
026759,招商恒生港股通汽车主题指数-C,指数型-海外股票,存续,2026-03-02,,2026-03-02,tushare_fund_basic,招商基金管理有限公司,,026759.OF,026758,False
026764,人保中证港股通互联网指数-A,指数型-海外股票,存续,2026-03-23,,2026-03-23,tushare_fund_basic,中国人保资产管理有限公司,,026764.OF,026764,True
026765,人保中证港股通互联网指数-C,指数型-海外股票,存续,2026-03-23,,2026-03-23,tushare_fund_basic,中国人保资产管理有限公司,,026765.OF,026764,False
026770,中银创业板50指数-A,指数型-股票,存续,2026-03-17,,2026-03-17,tushare_fund_basic,中银基金管理有限公司,,026770.OF,026770,True
026771,中银创业板50指数-C,指数型-股票,存续,2026-03-17,,2026-03-17,tushare_fund_basic,中银基金管理有限公司,,026771.OF,026770,False
026772,中银证券创业板ETF联接-A,指数型-股票,存续,2026-03-17,,2026-03-17,tushare_fund_basic,中银国际证券股份有限公司,,026772.OF,012116,False
026773,中银证券创业板ETF联接-C,指数型-股票,存续,2026-03-17,,2026-03-17,tushare_fund_basic,中银国际证券股份有限公司,,026773.OF,012116,False
026785,鹏华中证A50ETF联接-A,指数型-股票,存续,2026-03-10,,2026-03-10,tushare_fund_basic,鹏华基金管理有限公司,,026785.OF,026785,True
026786,鹏华中证A50ETF联接-C,指数型-股票,存续,2026-03-10,,2026-03-10,tushare_fund_basic,鹏华基金管理有限公司,,026786.OF,026785,False
026787,鹏华上证科创板人工智能ETF联接-A,指数型-股票,存续,2026-03-06,,2026-03-06,tushare_fund_basic,鹏华基金管理有限公司,,026787.OF,026787,True
026788,鹏华上证科创板人工智能ETF联接-C,指数型-股票,存续,2026-03-06,,2026-03-06,tushare_fund_basic,鹏华基金管理有限公司,,026788.OF,026787,False
026807,易方达研究智选股票-A,股票型,存续,2026-03-17,,2026-03-17,tushare_fund_basic,易方达基金管理有限公司,,026807.OF,026807,True
026808,易方达研究智选股票-C,股票型,存续,2026-03-17,,2026-03-17,tushare_fund_basic,易方达基金管理有限公司,,026808.OF,026807,False
026814,兴全创业板综指增强-A,指数型-股票,存续,2026-03-31,,2026-03-31,tushare_fund_basic,兴证全球基金管理有限公司,,026814.OF,026814,True
026815,兴全创业板综指增强-C,指数型-股票,存续,2026-03-31,,2026-03-31,tushare_fund_basic,兴证全球基金管理有限公司,,026815.OF,026814,False
026816,富国创业板新能源ETF联接-A,指数型-股票,存续,2026-03-17,,2026-03-17,tushare_fund_basic,富国基金管理有限公司,,026816.OF,026816,True
026817,富国创业板新能源ETF联接-C,指数型-股票,存续,2026-03-17,,2026-03-17,tushare_fund_basic,富国基金管理有限公司,,026817.OF,026816,False
026822,长盛电子信息主题灵活配置混合-C,混合型-灵活,存续,2026-02-10,,2026-02-10,tushare_fund_basic,长盛基金管理有限公司,,026822.OF,026822,True
026823,兴银上证综合指数增强-A,指数型-股票,存续,2026-03-23,,2026-03-23,tushare_fund_basic,兴银基金管理有限责任公司,,026823.OF,026823,True
026824,兴银上证综合指数增强-C,指数型-股票,存续,2026-03-23,,2026-03-23,tushare_fund_basic,兴银基金管理有限责任公司,,026824.OF,026823,False
026834,诺安精选回报灵活配置混合-C,混合型-灵活,存续,2026-02-10,,2026-02-10,tushare_fund_basic,诺安基金管理有限公司,,026834.OF,026834,True
026843,国泰上证科创板200ETF联接-A,指数型-股票,存续,2026-03-20,,2026-03-20,tushare_fund_basic,国泰基金管理有限公司,,026843.OF,026843,True
026844,国泰上证科创板200ETF联接-C,指数型-股票,存续,2026-03-20,,2026-03-20,tushare_fund_basic,国泰基金管理有限公司,,026844.OF,026843,False
026847,易方达中证港股通综合指数量化增强-A,指数型-海外股票,存续,2026-03-19,,2026-03-19,tushare_fund_basic,易方达基金管理有限公司,,026847.OF,026847,True
026848,易方达中证港股通综合指数量化增强-C,指数型-海外股票,存续,2026-03-19,,2026-03-19,tushare_fund_basic,易方达基金管理有限公司,,026848.OF,026847,False
026856,富安达策略精选灵活配置混合-C,混合型-灵活,存续,2026-02-27,,2026-02-27,tushare_fund_basic,富安达基金管理有限公司,,026856.OF,026856,True
026860,华夏中证A500增强策略ETF联接-A,指数型-股票,存续,2026-03-27,,2026-03-27,tushare_fund_basic,华夏基金管理有限公司,,026860.OF,026860,True
026861,华夏中证A500增强策略ETF联接-C,指数型-股票,存续,2026-03-27,,2026-03-27,tushare_fund_basic,华夏基金管理有限公司,,026861.OF,026860,False
026862,易方达恒生生物科技ETF联接-A,指数型-海外股票,存续,2026-03-24,,2026-03-24,tushare_fund_basic,易方达基金管理有限公司,,026862.OF,026862,True
026863,易方达恒生生物科技ETF联接-C,指数型-海外股票,存续,2026-03-24,,2026-03-24,tushare_fund_basic,易方达基金管理有限公司,,026863.OF,026862,False
0900201,大成中证500沪市ETF联接,股票型,清盘,2012-08-28,2014-01-23,2012-08-28,tushare_fund_basic,大成基金管理有限公司,2014-01-23,0900201.OF,0900201,True
121007,国投瑞银瑞福深证100指数分级-优先,指数型-股票,清盘,2012-07-17,2015-08-13,2012-07-17,tushare_fund_basic,国投瑞银基金管理有限公司,2015-08-13,121007.OF,121007,True
1210071,国投瑞银瑞福分级封闭-瑞福优先,股票型,清盘,2007-07-17,2012-07-16,2007-07-17,tushare_fund_basic,国投瑞银基金管理有限公司,2012-07-16,1210071.OF,1210071,True
121099,国投瑞银瑞福深证100指数分级,指数型-股票,清盘,2012-07-17,2015-08-13,2012-07-17,tushare_fund_basic,国投瑞银基金管理有限公司,2015-08-13,121099.OF,121099,True
1210991,国投瑞银瑞福分级封闭,股票型,清盘,2007-07-17,2012-07-16,2007-07-17,tushare_fund_basic,国投瑞银基金管理有限公司,2012-07-16,1210991.OF,1210991,True
150001,国投瑞银瑞福深证100指数分级-进取,指数型-股票,清盘,2012-07-17,2015-08-14,2012-07-17,tushare_fund_basic,国投瑞银基金管理有限公司,2015-08-14,150001.SZ,150001,True
1500011,国投瑞银瑞福分级封闭-瑞福进取,股票型,清盘,2007-07-17,2012-07-17,2007-07-17,tushare_fund_basic,国投瑞银基金管理有限公司,2012-07-17,1500011.SZ,1500011,True
150002,大成优选封闭,股票型,清盘,2007-08-01,2012-07-27,2007-08-01,tushare_fund_basic,大成基金管理有限公司,2012-07-27,150002.SZ,150002,True
150003,建信优势动力股票,股票型,清盘,2008-03-19,2013-03-18,2008-03-19,tushare_fund_basic,建信基金管理有限责任公司,2013-03-18,150003.SZ,150003,True
150006,长盛同庆可分离交易股票-A,股票型,清盘,2009-05-12,2012-05-14,2009-05-12,tushare_fund_basic,长盛基金管理有限公司,2012-05-14,150006.SZ,150006,True
150007,长盛同庆可分离交易股票-B,股票型,清盘,2009-05-12,2012-05-14,2009-05-12,tushare_fund_basic,长盛基金管理有限公司,2012-05-14,150007.SZ,150007,True
150008,国投瑞银瑞和沪深300指数分级-小康,指数型-股票,清盘,2009-10-14,2020-09-03,2009-10-14,tushare_fund_basic,国投瑞银基金管理有限公司,2020-09-03,150008.SZ,150008,True
150009,国投瑞银瑞和沪深300指数分级-远见,指数型-股票,清盘,2009-10-14,2020-09-03,2009-10-14,tushare_fund_basic,国投瑞银基金管理有限公司,2020-09-03,150009.SZ,150009,True
150012,国联安双禧中证100指数分级-A,指数型-股票,清盘,2010-04-16,2020-12-02,2010-04-16,tushare_fund_basic,国联安基金管理有限公司,2020-12-02,150012.SZ,150012,True
150013,国联安双禧中证100指数分级-B,指数型-股票,清盘,2010-04-16,2020-12-02,2010-04-16,tushare_fund_basic,国联安基金管理有限公司,2020-12-02,150013.SZ,150013,True
150018,银华深证100指数分级-稳健,指数型-股票,清盘,2010-05-07,2021-01-04,2010-05-07,tushare_fund_basic,银华基金管理股份有限公司,2021-01-04,150018.SZ,150018,True
150019,银华深证100指数分级-积极,指数型-股票,清盘,2010-05-07,2021-01-04,2010-05-07,tushare_fund_basic,银华基金管理股份有限公司,2021-01-04,150019.SZ,150019,True
150022,申万菱信深证成指分级-收益,指数型-股票,清盘,2010-10-22,2021-01-04,2010-10-22,tushare_fund_basic,申万菱信基金管理有限公司,2021-01-04,150022.SZ,150022,True
150023,申万菱信深证成指分级-进取,指数型-股票,清盘,2010-10-22,2021-01-04,2010-10-22,tushare_fund_basic,申万菱信基金管理有限公司,2021-01-04,150023.SZ,150023,True
150028,信诚中证500指数分级-A,指数型-股票,清盘,2011-02-11,2021-01-04,2011-02-11,tushare_fund_basic,中信保诚基金管理有限公司,2021-01-04,150028.SZ,150028,True
150029,信诚中证500指数分级-B,指数型-股票,清盘,2011-02-11,2021-01-04,2011-02-11,tushare_fund_basic,中信保诚基金管理有限公司,2021-01-04,150029.SZ,150029,True
150030,银华中证等权重90指数分级-金利,指数型-股票,清盘,2011-03-17,2020-11-25,2011-03-17,tushare_fund_basic,银华基金管理股份有限公司,2020-11-25,150030.SZ,150030,True
150031,银华中证等权重90指数分级-鑫利,指数型-股票,清盘,2011-03-17,2020-11-25,2011-03-17,tushare_fund_basic,银华基金管理股份有限公司,2020-11-25,150031.SZ,150031,True
150036,建信双利策略主题分级股票-稳健,股票型,清盘,2011-05-06,2020-05-06,2011-05-06,tushare_fund_basic,建信基金管理有限责任公司,2020-05-06,150036.SZ,150036,True
150037,建信双利策略主题分级股票-进取,股票型,清盘,2011-05-06,2020-05-06,2011-05-06,tushare_fund_basic,建信基金管理有限责任公司,2020-05-06,150037.SZ,150037,True
150049,南方新兴消费增长分级股票-收益,股票型,清盘,2012-03-13,2020-11-16,2012-03-13,tushare_fund_basic,南方基金管理股份有限公司,2020-11-16,150049.SZ,150049,True
150050,南方新兴消费增长分级股票-进取,股票型,清盘,2012-03-13,2020-11-16,2012-03-13,tushare_fund_basic,南方基金管理股份有限公司,2020-11-16,150050.SZ,150050,True
150051,信诚沪深300指数分级-A,指数型-股票,清盘,2012-02-01,2021-01-04,2012-02-01,tushare_fund_basic,中信保诚基金管理有限公司,2021-01-04,150051.SZ,150051,True
150052,信诚沪深300指数分级-B,指数型-股票,清盘,2012-02-01,2021-01-04,2012-02-01,tushare_fund_basic,中信保诚基金管理有限公司,2021-01-04,150052.SZ,150052,True
150053,泰达宏利中证500指数分级-稳健,指数型-股票,清盘,2011-12-01,2019-11-04,2011-12-01,tushare_fund_basic,宏利基金管理有限公司,2019-11-04,150053.SZ,150053,True
150054,泰达宏利中证500指数分级-进取,指数型-股票,清盘,2011-12-01,2019-11-04,2011-12-01,tushare_fund_basic,宏利基金管理有限公司,2019-11-04,150054.SZ,150054,True
150055,工银瑞信睿智中证500指数分级-A,指数型-股票,清盘,2012-01-31,2020-02-17,2012-01-31,tushare_fund_basic,工银瑞信基金管理有限公司,2020-02-17,150055.SZ,150055,True
150056,工银瑞信睿智中证500指数分级-B,指数型-股票,清盘,2012-01-31,2020-02-17,2012-01-31,tushare_fund_basic,工银瑞信基金管理有限公司,2020-02-17,150056.SZ,150056,True
150057,长城久兆中小板300指数分级-久兆稳健,指数型-股票,清盘,2012-01-30,2018-08-06,2012-01-30,tushare_fund_basic,长城基金管理有限公司,2018-08-06,150057.SZ,150057,True
150058,长城久兆中小板300指数分级-久兆积极,指数型-股票,清盘,2012-01-30,2018-08-06,2012-01-30,tushare_fund_basic,长城基金管理有限公司,2018-08-06,150058.SZ,150058,True
150059,银华中证内地资源主题指数分级-A,指数型-股票,清盘,2011-12-08,2020-09-30,2011-12-08,tushare_fund_basic,银华基金管理股份有限公司,2020-09-30,150059.SZ,150059,True
150060,银华中证内地资源主题指数分级-B,指数型-股票,清盘,2011-12-08,2020-09-30,2011-12-08,tushare_fund_basic,银华基金管理股份有限公司,2020-09-30,150060.SZ,150060,True
150064,长盛同瑞中证200指数分级-A,指数型-股票,清盘,2011-12-06,2020-08-26,2011-12-06,tushare_fund_basic,长盛基金管理有限公司,2020-08-26,150064.SZ,150064,True
150065,长盛同瑞中证200指数分级-B,指数型-股票,清盘,2011-12-06,2020-08-26,2011-12-06,tushare_fund_basic,长盛基金管理有限公司,2020-08-26,150065.SZ,150065,True
150069,国联安双力中小板综指(LOF)-A,指数型-股票,清盘,2012-03-23,2015-03-23,2012-03-23,tushare_fund_basic,国联安基金管理有限公司,2015-03-23,150069.SZ,150069,True
150070,国联安双力中小板综指(LOF)-B,指数型-股票,清盘,2012-03-23,2015-03-23,2012-03-23,tushare_fund_basic,国联安基金管理有限公司,2015-03-23,150070.SZ,150070,True
150073,诺安中证创业成长指数分级-稳健,指数型-股票,清盘,2012-03-29,2019-05-29,2012-03-29,tushare_fund_basic,诺安基金管理有限公司,2019-05-29,150073.SZ,150073,True
150075,诺安中证创业成长指数分级-进取,指数型-股票,清盘,2012-03-29,2019-05-29,2012-03-29,tushare_fund_basic,诺安基金管理有限公司,2019-05-29,150075.SZ,150075,True
150076,浙商沪深300指数分级-稳健,指数型-股票,清盘,2012-05-07,2018-08-13,2012-05-07,tushare_fund_basic,浙商基金管理有限公司,2018-08-13,150076.SZ,150076,True
150077,浙商沪深300指数分级-进取,指数型-股票,清盘,2012-05-07,2018-08-13,2012-05-07,tushare_fund_basic,浙商基金管理有限公司,2018-08-13,150077.SZ,150077,True
150083,广发深证100指数分级-A,指数型-股票,清盘,2012-05-07,2020-05-22,2012-05-07,tushare_fund_basic,广发基金管理有限公司,2020-05-22,150083.SZ,150083,True
150084,广发深证100指数分级-B,指数型-股票,清盘,2012-05-07,2020-05-22,2012-05-07,tushare_fund_basic,广发基金管理有限公司,2020-05-22,150084.SZ,150084,True
150085,申万菱信中小板指数分级-A,指数型-股票,清盘,2012-05-08,2017-05-08,2012-05-08,tushare_fund_basic,申万菱信基金管理有限公司,2017-05-08,150085.SZ,150085,True
150086,申万菱信中小板指数分级-B,指数型-股票,清盘,2012-05-08,2017-05-08,2012-05-08,tushare_fund_basic,申万菱信基金管理有限公司,2017-05-08,150086.SZ,150086,True
150088,金鹰中证500指数分级-A,指数型-股票,清盘,2012-06-05,2016-08-24,2012-06-05,tushare_fund_basic,金鹰基金管理有限公司,2016-08-24,150088.SZ,150088,True
150089,金鹰中证500指数分级-B,指数型-股票,清盘,2012-06-05,2016-08-24,2012-06-05,tushare_fund_basic,金鹰基金管理有限公司,2016-08-24,150089.SZ,150089,True
150090,万家中证创业成长指数分级-A,指数型-股票,清盘,2012-08-02,2018-08-14,2012-08-02,tushare_fund_basic,万家基金管理有限公司,2018-08-14,150090.SZ,150090,True
150091,万家中证创业成长指数分级-B,指数型-股票,清盘,2012-08-02,2018-08-14,2012-08-02,tushare_fund_basic,万家基金管理有限公司,2018-08-14,150091.SZ,150091,True
150092,诺德深证300指数分级-A,指数型-股票,清盘,2012-09-10,2020-07-02,2012-09-10,tushare_fund_basic,诺德基金管理有限公司,2020-07-02,150092.SZ,150092,True
150093,诺德深证300指数分级-B,指数型-股票,清盘,2012-09-10,2020-07-02,2012-09-10,tushare_fund_basic,诺德基金管理有限公司,2020-07-02,150093.SZ,150093,True
150094,泰信中证锐联基本面400指数分级-A,指数型-股票,清盘,2012-09-07,2020-11-20,2012-09-07,tushare_fund_basic,泰信基金管理有限公司,2020-11-20,150094.SZ,150094,True
150095,泰信中证锐联基本面400指数分级-B,指数型-股票,清盘,2012-09-07,2020-11-20,2012-09-07,tushare_fund_basic,泰信基金管理有限公司,2020-11-20,150095.SZ,150095,True
150096,招商中证大宗商品股票指数分级-A,指数型-股票,清盘,2012-06-28,2017-06-29,2012-06-28,tushare_fund_basic,招商基金管理有限公司,2017-06-29,150096.SZ,150096,True
150097,招商中证大宗商品股票指数分级-B,指数型-股票,清盘,2012-06-28,2017-06-29,2012-06-28,tushare_fund_basic,招商基金管理有限公司,2017-06-29,150097.SZ,150097,True
150098,长盛同庆中证800指数(LOF)-A,指数型-股票,清盘,2012-05-12,2015-05-21,2012-05-12,tushare_fund_basic,长盛基金管理有限公司,2015-05-21,150098.SZ,150098,True
150099,长盛同庆中证800指数(LOF)-B,指数型-股票,清盘,2012-05-12,2015-05-21,2012-05-12,tushare_fund_basic,长盛基金管理有限公司,2015-05-21,150099.SZ,150099,True
150100,鹏华中证A股资源产业指数分级-A,指数型-股票,清盘,2012-09-27,2021-01-04,2012-09-27,tushare_fund_basic,鹏华基金管理有限公司,2021-01-04,150100.SZ,150100,True
150101,鹏华中证A股资源产业指数分级-B,指数型-股票,清盘,2012-09-27,2021-01-04,2012-09-27,tushare_fund_basic,鹏华基金管理有限公司,2021-01-04,150101.SZ,150101,True
150104,华安沪深300指数分级-A,指数型-股票,清盘,2012-06-25,2020-06-17,2012-06-25,tushare_fund_basic,华安基金管理有限公司,2020-06-17,150104.SZ,150104,True
150105,华安沪深300指数分级-B,指数型-股票,清盘,2012-06-25,2020-06-17,2012-06-25,tushare_fund_basic,华安基金管理有限公司,2020-06-17,150105.SZ,150105,True
150106,易方达中小板指数分级-A,指数型-股票,清盘,2012-09-20,2019-09-20,2012-09-20,tushare_fund_basic,易方达基金管理有限公司,2019-09-20,150106.SZ,150106,True
150107,易方达中小板指数分级-B,指数型-股票,清盘,2012-09-20,2019-09-20,2012-09-20,tushare_fund_basic,易方达基金管理有限公司,2019-09-20,150107.SZ,150107,True
150108,长盛同辉深证100等权重指数分级-A,指数型-股票,清盘,2012-09-13,2017-09-13,2012-09-13,tushare_fund_basic,长盛基金管理有限公司,2017-09-13,150108.SZ,150108,True
150109,长盛同辉深证100等权重指数分级-B,指数型-股票,清盘,2012-09-13,2017-09-13,2012-09-13,tushare_fund_basic,长盛基金管理有限公司,2017-09-13,150109.SZ,150109,True
150110,华商中证500指数分级-A,指数型-股票,清盘,2012-09-06,2015-05-12,2012-09-06,tushare_fund_basic,华商基金管理有限公司,2015-05-12,150110.SZ,150110,True
150111,华商中证500指数分级-B,指数型-股票,清盘,2012-09-06,2015-05-12,2012-09-06,tushare_fund_basic,华商基金管理有限公司,2015-05-12,150111.SZ,150111,True
150112,工银瑞信睿智深证100指数分级-A,指数型-股票,清盘,2012-10-25,2018-04-16,2012-10-25,tushare_fund_basic,工银瑞信基金管理有限公司,2018-04-16,150112.SZ,150112,True
150113,工银瑞信睿智深证100指数分级-B,指数型-股票,清盘,2012-10-25,2018-04-16,2012-10-25,tushare_fund_basic,工银瑞信基金管理有限公司,2018-04-16,150113.SZ,150113,True
150117,国泰国证房地产行业指数分级-A,指数型-股票,清盘,2013-02-06,2021-01-04,2013-02-06,tushare_fund_basic,国泰基金管理有限公司,2021-01-04,150117.SZ,150117,True
150118,国泰国证房地产行业指数分级-B,指数型-股票,清盘,2013-02-06,2021-01-04,2013-02-06,tushare_fund_basic,国泰基金管理有限公司,2021-01-04,150118.SZ,150118,True
150121,银河沪深300成长增强指数分级-优先,指数型-股票,清盘,2013-03-29,2018-08-31,2013-03-29,tushare_fund_basic,银河基金管理有限公司,2018-08-31,150121.SZ,150121,True
150122,银河沪深300成长增强指数分级-进取,指数型-股票,清盘,2013-03-29,2018-08-31,2013-03-29,tushare_fund_basic,银河基金管理有限公司,2018-08-31,150122.SZ,150122,True
150123,建信央视财经50指数分级-A,指数型-股票,清盘,2013-03-28,2021-01-04,2013-03-28,tushare_fund_basic,建信基金管理有限责任公司,2021-01-04,150123.SZ,150123,True
150124,建信央视财经50指数分级-B,指数型-股票,清盘,2013-03-28,2021-01-04,2013-03-28,tushare_fund_basic,建信基金管理有限责任公司,2021-01-04,150124.SZ,150124,True
150130,国泰国证医药卫生行业指数分级-A,指数型-股票,清盘,2013-08-29,2021-01-04,2013-08-29,tushare_fund_basic,国泰基金管理有限公司,2021-01-04,150130.SZ,150130,True
150131,国泰国证医药卫生行业指数分级-B,指数型-股票,清盘,2013-08-29,2021-01-04,2013-08-29,tushare_fund_basic,国泰基金管理有限公司,2021-01-04,150131.SZ,150131,True
150135,国富中证100指数增强分级-A,指数型-股票,清盘,2015-03-26,2020-03-27,2015-03-26,tushare_fund_basic,国海富兰克林基金管理有限公司,2020-03-27,150135.SZ,150135,True
150136,国富中证100指数增强分级-B,指数型-股票,清盘,2015-03-26,2020-03-27,2015-03-26,tushare_fund_basic,国海富兰克林基金管理有限公司,2020-03-27,150136.SZ,150136,True
150138,银华中证800等权重指数增强分级-A,指数型-股票,清盘,2013-11-05,2019-04-16,2013-11-05,tushare_fund_basic,银华基金管理股份有限公司,2019-04-16,150138.SZ,150138,True
150139,银华中证800等权重指数增强分级-B,指数型-股票,清盘,2013-11-05,2019-04-16,2013-11-05,tushare_fund_basic,银华基金管理股份有限公司,2019-04-16,150139.SZ,150139,True
150140,国金沪深300指数分级-A,指数型-股票,清盘,2013-07-26,2017-08-31,2013-07-26,tushare_fund_basic,国金基金管理有限公司,2017-08-31,150140.SZ,150140,True
150141,国金沪深300指数分级-B,指数型-股票,清盘,2013-07-26,2017-08-31,2013-07-26,tushare_fund_basic,国金基金管理有限公司,2017-08-31,150141.SZ,150141,True
150145,招商沪深300高贝塔指数分级-A,指数型-股票,清盘,2013-08-01,2020-11-13,2013-08-01,tushare_fund_basic,招商基金管理有限公司,2020-11-13,150145.SZ,150145,True
150146,招商沪深300高贝塔指数分级-B,指数型-股票,清盘,2013-08-01,2020-11-13,2013-08-01,tushare_fund_basic,招商基金管理有限公司,2020-11-13,150146.SZ,150146,True
150148,信诚中证800医药指数分级-A,指数型-股票,清盘,2013-08-16,2021-01-04,2013-08-16,tushare_fund_basic,中信保诚基金管理有限公司,2021-01-04,150148.SZ,150148,True
150149,信诚中证800医药指数分级-B,指数型-股票,清盘,2013-08-16,2021-01-04,2013-08-16,tushare_fund_basic,中信保诚基金管理有限公司,2021-01-04,150149.SZ,150149,True
150150,信诚中证800有色指数分级-A,指数型-股票,清盘,2013-08-30,2021-01-04,2013-08-30,tushare_fund_basic,中信保诚基金管理有限公司,2021-01-04,150150.SZ,150150,True
150151,信诚中证800有色指数分级-B,指数型-股票,清盘,2013-08-30,2021-01-04,2013-08-30,tushare_fund_basic,中信保诚基金管理有限公司,2021-01-04,150151.SZ,150151,True
150152,富国创业板指数分级-A,指数型-股票,清盘,2013-09-12,2021-01-04,2013-09-12,tushare_fund_basic,富国基金管理有限公司,2021-01-04,150152.SZ,150152,True
150153,富国创业板指数分级-B,指数型-股票,清盘,2013-09-12,2021-01-04,2013-09-12,tushare_fund_basic,富国基金管理有限公司,2021-01-04,150153.SZ,150153,True
150157,信诚中证800金融指数分级-A,指数型-股票,清盘,2013-12-20,2021-01-04,2013-12-20,tushare_fund_basic,中信保诚基金管理有限公司,2021-01-04,150157.SZ,150157,True
150158,信诚中证800金融指数分级-B,指数型-股票,清盘,2013-12-20,2021-01-04,2013-12-20,tushare_fund_basic,中信保诚基金管理有限公司,2021-01-04,150158.SZ,150158,True
150167,银华沪深300指数分级-A,指数型-股票,清盘,2014-01-07,2020-11-27,2014-01-07,tushare_fund_basic,银华基金管理股份有限公司,2020-11-27,150167.SZ,150167,True
150168,银华沪深300指数分级-B,指数型-股票,清盘,2014-01-07,2020-11-27,2014-01-07,tushare_fund_basic,银华基金管理股份有限公司,2020-11-27,150168.SZ,150168,True
150169,汇添富恒生指数分级(QDII)-A,指数型-海外股票,清盘,2014-03-06,2020-11-30,2014-03-06,tushare_fund_basic,汇添富基金管理股份有限公司,2020-11-30,150169.SZ,150169,True
150170,汇添富恒生指数分级(QDII)-B,指数型-海外股票,清盘,2014-03-06,2020-11-30,2014-03-06,tushare_fund_basic,汇添富基金管理股份有限公司,2020-11-30,150170.SZ,150170,True
150171,申万菱信中证申万证券行业指数分级-A,指数型-股票,清盘,2014-03-13,2021-01-04,2014-03-13,tushare_fund_basic,申万菱信基金管理有限公司,2021-01-04,150171.SZ,150171,True
150172,申万菱信中证申万证券行业指数分级-B,指数型-股票,清盘,2014-03-13,2021-01-04,2014-03-13,tushare_fund_basic,申万菱信基金管理有限公司,2021-01-04,150172.SZ,150172,True
150173,信诚中证TMT产业主题指数分级-A,指数型-股票,清盘,2014-11-28,2021-01-04,2014-11-28,tushare_fund_basic,中信保诚基金管理有限公司,2021-01-04,150173.SZ,150173,True
150174,信诚中证TMT产业主题指数分级-B,指数型-股票,清盘,2014-11-28,2021-01-04,2014-11-28,tushare_fund_basic,中信保诚基金管理有限公司,2021-01-04,150174.SZ,150174,True
150175,银华恒生中国企业指数分级(QDII)-A,指数型-海外股票,清盘,2014-04-09,2021-01-04,2014-04-09,tushare_fund_basic,银华基金管理股份有限公司,2021-01-04,150175.SZ,150175,True
150176,银华恒生中国企业指数分级(QDII)-B,指数型-海外股票,清盘,2014-04-09,2021-01-04,2014-04-09,tushare_fund_basic,银华基金管理股份有限公司,2021-01-04,150176.SZ,150176,True
150177,鹏华中证800证券保险指数分级-A,指数型-股票,清盘,2014-05-05,2021-01-04,2014-05-05,tushare_fund_basic,鹏华基金管理有限公司,2021-01-04,150177.SZ,150177,True
150178,鹏华中证800证券保险指数分级-B,指数型-股票,清盘,2014-05-05,2021-01-04,2014-05-05,tushare_fund_basic,鹏华基金管理有限公司,2021-01-04,150178.SZ,150178,True
150179,鹏华中证信息技术指数分级-A,指数型-股票,清盘,2014-05-05,2021-01-04,2014-05-05,tushare_fund_basic,鹏华基金管理有限公司,2021-01-04,150179.SZ,150179,True
150180,鹏华中证信息技术指数分级-B,指数型-股票,清盘,2014-05-05,2021-01-04,2014-05-05,tushare_fund_basic,鹏华基金管理有限公司,2021-01-04,150180.SZ,150180,True
150181,富国中证军工指数分级-A,指数型-股票,清盘,2014-04-04,2021-01-04,2014-04-04,tushare_fund_basic,富国基金管理有限公司,2021-01-04,150181.SZ,150181,True
150182,富国中证军工指数分级-B,指数型-股票,清盘,2014-04-04,2021-01-04,2014-04-04,tushare_fund_basic,富国基金管理有限公司,2021-01-04,150182.SZ,150182,True
150184,申万菱信中证环保产业指数分级-A,指数型-股票,清盘,2014-05-30,2020-10-21,2014-05-30,tushare_fund_basic,申万菱信基金管理有限公司,2020-10-21,150184.SZ,150184,True
150185,申万菱信中证环保产业指数分级-B,指数型-股票,清盘,2014-05-30,2020-10-21,2014-05-30,tushare_fund_basic,申万菱信基金管理有限公司,2020-10-21,150185.SZ,150185,True
150186,申万菱信中证军工指数分级-A,指数型-股票,清盘,2014-07-24,2021-01-04,2014-07-24,tushare_fund_basic,申万菱信基金管理有限公司,2021-01-04,150186.SZ,150186,True
150187,申万菱信中证军工指数分级-B,指数型-股票,清盘,2014-07-24,2021-01-04,2014-07-24,tushare_fund_basic,申万菱信基金管理有限公司,2021-01-04,150187.SZ,150187,True
150190,新华中证环保产业指数分级-A,指数型-股票,清盘,2014-09-11,2020-12-01,2014-09-11,tushare_fund_basic,新华基金管理股份有限公司,2020-12-01,150190.SZ,150190,True
150191,新华中证环保产业指数分级-B,指数型-股票,清盘,2014-09-11,2020-12-01,2014-09-11,tushare_fund_basic,新华基金管理股份有限公司,2020-12-01,150191.SZ,150191,True
150192,鹏华中证800地产指数分级-A,指数型-股票,清盘,2014-09-12,2021-01-04,2014-09-12,tushare_fund_basic,鹏华基金管理有限公司,2021-01-04,150192.SZ,150192,True
150193,鹏华中证800地产指数分级-B,指数型-股票,清盘,2014-09-12,2021-01-04,2014-09-12,tushare_fund_basic,鹏华基金管理有限公司,2021-01-04,150193.SZ,150193,True
150194,富国中证移动互联网指数分级-A,指数型-股票,清盘,2014-09-02,2021-01-04,2014-09-02,tushare_fund_basic,富国基金管理有限公司,2021-01-04,150194.SZ,150194,True
150195,富国中证移动互联网指数分级-B,指数型-股票,清盘,2014-09-02,2021-01-04,2014-09-02,tushare_fund_basic,富国基金管理有限公司,2021-01-04,150195.SZ,150195,True
150196,国泰国证有色金属行业指数分级-A,指数型-股票,清盘,2015-03-30,2021-01-04,2015-03-30,tushare_fund_basic,国泰基金管理有限公司,2021-01-04,150196.SZ,150196,True
150197,国泰国证有色金属行业指数分级-B,指数型-股票,清盘,2015-03-30,2021-01-04,2015-03-30,tushare_fund_basic,国泰基金管理有限公司,2021-01-04,150197.SZ,150197,True
150198,国泰国证食品饮料行业指数分级-A,指数型-股票,清盘,2014-10-23,2021-01-04,2014-10-23,tushare_fund_basic,国泰基金管理有限公司,2021-01-04,150198.SZ,150198,True
150199,国泰国证食品饮料行业指数分级-B,指数型-股票,清盘,2014-10-23,2021-01-04,2014-10-23,tushare_fund_basic,国泰基金管理有限公司,2021-01-04,150199.SZ,150199,True
150200,招商中证全指证券公司指数分级-A,指数型-股票,清盘,2014-11-13,2021-01-04,2014-11-13,tushare_fund_basic,招商基金管理有限公司,2021-01-04,150200.SZ,150200,True
150201,招商中证全指证券公司指数分级-B,指数型-股票,清盘,2014-11-13,2021-01-04,2014-11-13,tushare_fund_basic,招商基金管理有限公司,2021-01-04,150201.SZ,150201,True
150203,鹏华中证传媒指数分级-A,指数型-股票,清盘,2014-12-11,2021-01-04,2014-12-11,tushare_fund_basic,鹏华基金管理有限公司,2021-01-04,150203.SZ,150203,True
150204,鹏华中证传媒指数分级-B,指数型-股票,清盘,2014-12-11,2021-01-04,2014-12-11,tushare_fund_basic,鹏华基金管理有限公司,2021-01-04,150204.SZ,150204,True
150205,鹏华中证国防指数分级-A,指数型-股票,清盘,2014-11-13,2021-01-04,2014-11-13,tushare_fund_basic,鹏华基金管理有限公司,2021-01-04,150205.SZ,150205,True
150206,鹏华中证国防指数分级-B,指数型-股票,清盘,2014-11-13,2021-01-04,2014-11-13,tushare_fund_basic,鹏华基金管理有限公司,2021-01-04,150206.SZ,150206,True
150207,招商沪深300地产等权重指数分级-A,指数型-股票,清盘,2014-11-27,2021-01-04,2014-11-27,tushare_fund_basic,招商基金管理有限公司,2021-01-04,150207.SZ,150207,True
150208,招商沪深300地产等权重指数分级-B,指数型-股票,清盘,2014-11-27,2021-01-04,2014-11-27,tushare_fund_basic,招商基金管理有限公司,2021-01-04,150208.SZ,150208,True
150209,富国中证国有企业改革指数分级-A,指数型-股票,清盘,2014-12-17,2021-01-04,2014-12-17,tushare_fund_basic,富国基金管理有限公司,2021-01-04,150209.SZ,150209,True
150210,富国中证国有企业改革指数分级-B,指数型-股票,清盘,2014-12-17,2021-01-04,2014-12-17,tushare_fund_basic,富国基金管理有限公司,2021-01-04,150210.SZ,150210,True
150211,富国中证新能源汽车指数分级-A,指数型-股票,清盘,2015-03-30,2021-01-04,2015-03-30,tushare_fund_basic,富国基金管理有限公司,2021-01-04,150211.SZ,150211,True
150212,富国中证新能源汽车指数分级-B,指数型-股票,清盘,2015-03-30,2021-01-04,2015-03-30,tushare_fund_basic,富国基金管理有限公司,2021-01-04,150212.SZ,150212,True
150213,国投瑞银瑞泽中证创业成长指数分级-A,指数型-股票,清盘,2015-03-17,2020-07-03,2015-03-17,tushare_fund_basic,国投瑞银基金管理有限公司,2020-07-03,150213.SZ,150213,True
150214,国投瑞银瑞泽中证创业成长指数分级-B,指数型-股票,清盘,2015-03-17,2020-07-03,2015-03-17,tushare_fund_basic,国投瑞银基金管理有限公司,2020-07-03,150214.SZ,150214,True
150215,国泰深证TMT50指数分级-A,指数型-股票,清盘,2015-03-26,2020-12-02,2015-03-26,tushare_fund_basic,国泰基金管理有限公司,2020-12-02,150215.SZ,150215,True
150216,国泰深证TMT50指数分级-B,指数型-股票,清盘,2015-03-26,2020-12-02,2015-03-26,tushare_fund_basic,国泰基金管理有限公司,2020-12-02,150216.SZ,150216,True
150217,交银国证新能源指数分级-A,指数型-股票,清盘,2015-03-26,2020-11-26,2015-03-26,tushare_fund_basic,交银施罗德基金管理有限公司,2020-11-26,150217.SZ,150217,True
150218,交银国证新能源指数分级-B,指数型-股票,清盘,2015-03-26,2020-11-26,2015-03-26,tushare_fund_basic,交银施罗德基金管理有限公司,2020-11-26,150218.SZ,150218,True
150219,前海开源中证健康产业指数分级-A,指数型-股票,清盘,2015-04-16,2020-12-17,2015-04-16,tushare_fund_basic,前海开源基金管理有限公司,2020-12-17,150219.SZ,150219,True
150220,前海开源中证健康产业指数分级-B,指数型-股票,清盘,2015-04-16,2020-12-17,2015-04-16,tushare_fund_basic,前海开源基金管理有限公司,2020-12-17,150220.SZ,150220,True
150221,前海开源中航军工指数分级-A,指数型-股票,清盘,2015-03-30,2021-01-04,2015-03-30,tushare_fund_basic,前海开源基金管理有限公司,2021-01-04,150221.SZ,150221,True
150222,前海开源中航军工指数分级-B,指数型-股票,清盘,2015-03-30,2021-01-04,2015-03-30,tushare_fund_basic,前海开源基金管理有限公司,2021-01-04,150222.SZ,150222,True
150223,富国中证全指证券公司指数分级-A,指数型-股票,清盘,2015-03-27,2021-01-04,2015-03-27,tushare_fund_basic,富国基金管理有限公司,2021-01-04,150223.SZ,150223,True
150224,富国中证全指证券公司指数分级-B,指数型-股票,清盘,2015-03-27,2021-01-04,2015-03-27,tushare_fund_basic,富国基金管理有限公司,2021-01-04,150224.SZ,150224,True
150225,博时中证800证券保险指数分级-A,指数型-股票,清盘,2015-05-19,2020-08-05,2015-05-19,tushare_fund_basic,博时基金管理有限公司,2020-08-05,150225.SZ,150225,True
150226,博时中证800证券保险指数分级-B,指数型-股票,清盘,2015-05-19,2020-08-05,2015-05-19,tushare_fund_basic,博时基金管理有限公司,2020-08-05,150226.SZ,150226,True
150227,鹏华中证银行指数分级-A,指数型-股票,清盘,2015-04-17,2021-01-04,2015-04-17,tushare_fund_basic,鹏华基金管理有限公司,2021-01-04,150227.SZ,150227,True
150228,鹏华中证银行指数分级-B,指数型-股票,清盘,2015-04-17,2021-01-04,2015-04-17,tushare_fund_basic,鹏华基金管理有限公司,2021-01-04,150228.SZ,150228,True
150229,鹏华中证酒指数分级-A,指数型-股票,清盘,2015-04-29,2021-01-04,2015-04-29,tushare_fund_basic,鹏华基金管理有限公司,2021-01-04,150229.SZ,150229,True
150230,鹏华中证酒指数分级-B,指数型-股票,清盘,2015-04-29,2021-01-04,2015-04-29,tushare_fund_basic,鹏华基金管理有限公司,2021-01-04,150230.SZ,150230,True
150231,申万菱信中证申万电子行业投资指数分级-A,指数型-股票,清盘,2015-05-14,2020-11-09,2015-05-14,tushare_fund_basic,申万菱信基金管理有限公司,2020-11-09,150231.SZ,150231,True
150232,申万菱信中证申万电子行业投资指数分级-B,指数型-股票,清盘,2015-05-14,2020-11-09,2015-05-14,tushare_fund_basic,申万菱信基金管理有限公司,2020-11-09,150232.SZ,150232,True
150233,申万菱信中证申万传媒行业投资指数分级-A,指数型-股票,清盘,2015-05-29,2018-08-22,2015-05-29,tushare_fund_basic,申万菱信基金管理有限公司,2018-08-22,150233.SZ,150233,True
150234,申万菱信中证申万传媒行业投资指数分级-B,指数型-股票,清盘,2015-05-29,2018-08-22,2015-05-29,tushare_fund_basic,申万菱信基金管理有限公司,2018-08-22,150234.SZ,150234,True
150235,鹏华中证全指证券公司指数分级-A,指数型-股票,清盘,2015-05-06,2021-01-04,2015-05-06,tushare_fund_basic,鹏华基金管理有限公司,2021-01-04,150235.SZ,150235,True
150236,鹏华中证全指证券公司指数分级-B,指数型-股票,清盘,2015-05-06,2021-01-04,2015-05-06,tushare_fund_basic,鹏华基金管理有限公司,2021-01-04,150236.SZ,150236,True
150237,鹏华中证环保产业指数分级-A,指数型-股票,清盘,2015-06-16,2021-01-04,2015-06-16,tushare_fund_basic,鹏华基金管理有限公司,2021-01-04,150237.SZ,150237,True
150238,鹏华中证环保产业指数分级-B,指数型-股票,清盘,2015-06-16,2021-01-04,2015-06-16,tushare_fund_basic,鹏华基金管理有限公司,2021-01-04,150238.SZ,150238,True
150239,鹏华中证医药卫生A,指数型-股票,清盘,2015-08-17,2016-07-14,2015-08-17,tushare_fund_basic,鹏华基金,2016-07-14,150239.OF,150239,True
150240,鹏华中证医药卫生B,指数型-股票,清盘,2015-08-17,2016-07-14,2015-08-17,tushare_fund_basic,鹏华基金,2016-07-14,150240.OF,150240,True
150241,富国中证银行指数分级-A,指数型-股票,清盘,2015-04-30,2019-05-10,2015-04-30,tushare_fund_basic,富国基金管理有限公司,2019-05-10,150241.SZ,150241,True
150242,富国中证银行指数分级-B,指数型-股票,清盘,2015-04-30,2019-05-10,2015-04-30,tushare_fund_basic,富国基金管理有限公司,2019-05-10,150242.SZ,150242,True
150243,鹏华创业板指数分级-A,指数型-股票,清盘,2015-06-09,2021-01-04,2015-06-09,tushare_fund_basic,鹏华基金管理有限公司,2021-01-04,150243.SZ,150243,True
150244,鹏华创业板指数分级-B,指数型-股票,清盘,2015-06-09,2021-01-04,2015-06-09,tushare_fund_basic,鹏华基金管理有限公司,2021-01-04,150244.SZ,150244,True
150245,鹏华中证移动互联网指数分级-A,指数型-股票,清盘,2015-06-16,2021-01-04,2015-06-16,tushare_fund_basic,鹏华基金管理有限公司,2021-01-04,150245.SZ,150245,True
150246,鹏华中证移动互联网指数分级-B,指数型-股票,清盘,2015-06-16,2021-01-04,2015-06-16,tushare_fund_basic,鹏华基金管理有限公司,2021-01-04,150246.SZ,150246,True
150247,工银瑞信中证传媒指数分级-A,指数型-股票,清盘,2015-05-21,2020-11-25,2015-05-21,tushare_fund_basic,工银瑞信基金管理有限公司,2020-11-25,150247.SZ,150247,True
150248,工银瑞信中证传媒指数分级-B,指数型-股票,清盘,2015-05-21,2020-11-25,2015-05-21,tushare_fund_basic,工银瑞信基金管理有限公司,2020-11-25,150248.SZ,150248,True
150249,招商中证银行指数分级-A,指数型-股票,清盘,2015-05-20,2021-01-04,2015-05-20,tushare_fund_basic,招商基金管理有限公司,2021-01-04,150249.SZ,150249,True
150250,招商中证银行指数分级-B,指数型-股票,清盘,2015-05-20,2021-01-04,2015-05-20,tushare_fund_basic,招商基金管理有限公司,2021-01-04,150250.SZ,150250,True
150251,招商中证煤炭等权指数分级-A,指数型-股票,清盘,2015-05-20,2021-01-04,2015-05-20,tushare_fund_basic,招商基金管理有限公司,2021-01-04,150251.SZ,150251,True
150252,招商中证煤炭等权指数分级-B,指数型-股票,清盘,2015-05-20,2021-01-04,2015-05-20,tushare_fund_basic,招商基金管理有限公司,2021-01-04,150252.SZ,150252,True
150253,前海开源大农业A,指数型-股票,清盘,2015-06-04,2016-07-19,2015-06-04,tushare_fund_basic,前海开源基金,2016-07-19,150253.OF,150253,True
150254,前海开源大农业B,指数型-股票,清盘,2015-06-04,2016-07-19,2015-06-04,tushare_fund_basic,前海开源基金,2016-07-19,150254.OF,150254,True
150255,易方达银行指数分级-A,指数型-股票,清盘,2015-06-03,2020-08-05,2015-06-03,tushare_fund_basic,易方达基金管理有限公司,2020-08-05,150255.SZ,150255,True
150256,易方达银行指数分级-B,指数型-股票,清盘,2015-06-03,2020-08-05,2015-06-03,tushare_fund_basic,易方达基金管理有限公司,2020-08-05,150256.SZ,150256,True
150257,易方达生物科技指数分级-A,指数型-股票,清盘,2015-06-03,2020-12-01,2015-06-03,tushare_fund_basic,易方达基金管理有限公司,2020-12-01,150257.SZ,150257,True
150258,易方达生物科技指数分级-B,指数型-股票,清盘,2015-06-03,2020-12-01,2015-06-03,tushare_fund_basic,易方达基金管理有限公司,2020-12-01,150258.SZ,150258,True
150259,易方达并购重组指数分级-A,指数型-股票,清盘,2015-06-03,2021-01-04,2015-06-03,tushare_fund_basic,易方达基金管理有限公司,2021-01-04,150259.SZ,150259,True
150260,易方达并购重组指数分级-B,指数型-股票,清盘,2015-06-03,2021-01-04,2015-06-03,tushare_fund_basic,易方达基金管理有限公司,2021-01-04,150260.SZ,150260,True
150261,华宝中证医疗指数分级-A,指数型-股票,清盘,2015-05-21,2021-01-04,2015-05-21,tushare_fund_basic,华宝基金管理有限公司,2021-01-04,150261.SZ,150261,True
150262,华宝中证医疗指数分级-B,指数型-股票,清盘,2015-05-21,2021-01-04,2015-05-21,tushare_fund_basic,华宝基金管理有限公司,2021-01-04,150262.SZ,150262,True
150263,华宝中证1000指数分级-A,指数型-股票,清盘,2015-06-04,2020-11-18,2015-06-04,tushare_fund_basic,华宝基金管理有限公司,2020-11-18,150263.SZ,150263,True
150264,华宝中证1000指数分级-B,指数型-股票,清盘,2015-06-04,2020-11-18,2015-06-04,tushare_fund_basic,华宝基金管理有限公司,2020-11-18,150264.SZ,150264,True
150265,中融中证一带一路主题指数分级-A,指数型-股票,清盘,2015-05-14,2020-11-05,2015-05-14,tushare_fund_basic,国联基金管理有限公司,2020-11-05,150265.SZ,150265,True
150266,中融中证一带一路主题指数分级-B,指数型-股票,清盘,2015-05-14,2020-11-05,2015-05-14,tushare_fund_basic,国联基金管理有限公司,2020-11-05,150266.SZ,150266,True
150267,博时中证银行指数分级-A,指数型-股票,清盘,2015-06-09,2020-08-04,2015-06-09,tushare_fund_basic,博时基金管理有限公司,2020-08-04,150267.SZ,150267,True
150268,博时中证银行指数分级-B,指数型-股票,清盘,2015-06-09,2020-08-04,2015-06-09,tushare_fund_basic,博时基金管理有限公司,2020-08-04,150268.SZ,150268,True
150269,招商中证白酒指数分级-A,指数型-股票,清盘,2015-05-27,2021-01-04,2015-05-27,tushare_fund_basic,招商基金管理有限公司,2021-01-04,150269.SZ,150269,True
150270,招商中证白酒指数分级-B,指数型-股票,清盘,2015-05-27,2021-01-04,2015-05-27,tushare_fund_basic,招商基金管理有限公司,2021-01-04,150270.SZ,150270,True
150271,招商国证生物医药指数分级-A,指数型-股票,清盘,2015-05-27,2021-01-04,2015-05-27,tushare_fund_basic,招商基金管理有限公司,2021-01-04,150271.SZ,150271,True
150272,招商国证生物医药指数分级-B,指数型-股票,清盘,2015-05-27,2021-01-04,2015-05-27,tushare_fund_basic,招商基金管理有限公司,2021-01-04,150272.SZ,150272,True
150273,鹏华中证一带一路主题指数分级-A,指数型-股票,清盘,2015-05-18,2021-01-04,2015-05-18,tushare_fund_basic,鹏华基金管理有限公司,2021-01-04,150273.SZ,150273,True
150274,鹏华中证一带一路主题指数分级-B,指数型-股票,清盘,2015-05-18,2021-01-04,2015-05-18,tushare_fund_basic,鹏华基金管理有限公司,2021-01-04,150274.SZ,150274,True
150275,安信中证一带一路主题指数分级-A,指数型-股票,清盘,2015-05-14,2021-01-04,2015-05-14,tushare_fund_basic,安信基金管理有限责任公司,2021-01-04,150275.SZ,150275,True
150276,安信中证一带一路主题指数分级-B,指数型-股票,清盘,2015-05-14,2021-01-04,2015-05-14,tushare_fund_basic,安信基金管理有限责任公司,2021-01-04,150276.SZ,150276,True
150277,鹏华中证高铁产业指数分级-A,指数型-股票,清盘,2015-05-27,2021-01-04,2015-05-27,tushare_fund_basic,鹏华基金管理有限公司,2021-01-04,150277.SZ,150277,True
150278,鹏华中证高铁产业指数分级-B,指数型-股票,清盘,2015-05-27,2021-01-04,2015-05-27,tushare_fund_basic,鹏华基金管理有限公司,2021-01-04,150278.SZ,150278,True
150279,鹏华中证新能源指数分级-A,指数型-股票,清盘,2015-05-29,2020-07-14,2015-05-29,tushare_fund_basic,鹏华基金管理有限公司,2020-07-14,150279.SZ,150279,True
150280,鹏华中证新能源指数分级-B,指数型-股票,清盘,2015-05-29,2020-07-14,2015-05-29,tushare_fund_basic,鹏华基金管理有限公司,2020-07-14,150280.SZ,150280,True
150281,长盛中证金融地产指数分级-A,指数型-股票,清盘,2015-06-16,2020-11-27,2015-06-16,tushare_fund_basic,长盛基金管理有限公司,2020-11-27,150281.SZ,150281,True
150282,长盛中证金融地产指数分级-B,指数型-股票,清盘,2015-06-16,2020-11-27,2015-06-16,tushare_fund_basic,长盛基金管理有限公司,2020-11-27,150282.SZ,150282,True
150283,申万菱信中证申万医药生物指数分级-A,指数型-股票,清盘,2015-06-19,2021-01-04,2015-06-19,tushare_fund_basic,申万菱信基金管理有限公司,2021-01-04,150283.SZ,150283,True
150284,申万菱信中证申万医药生物指数分级-B,指数型-股票,清盘,2015-06-19,2021-01-04,2015-06-19,tushare_fund_basic,申万菱信基金管理有限公司,2021-01-04,150284.SZ,150284,True
150285,中融中证白酒A,指数型-股票,清盘,2015-09-30,2016-05-05,2015-09-30,tushare_fund_basic,国联基金,2016-05-05,150285.OF,150285,True
150286,中融中证白酒B,指数型-股票,清盘,2015-09-30,2016-05-05,2015-09-30,tushare_fund_basic,国联基金,2016-05-05,150286.OF,150286,True
150287,中融国证钢铁行业指数分级-A,指数型-股票,清盘,2015-06-19,2021-01-04,2015-06-19,tushare_fund_basic,国联基金管理有限公司,2021-01-04,150287.SZ,150287,True
150288,中融国证钢铁行业指数分级-B,指数型-股票,清盘,2015-06-19,2021-01-04,2015-06-19,tushare_fund_basic,国联基金管理有限公司,2021-01-04,150288.SZ,150288,True
150289,中融中证煤炭指数分级-A,指数型-股票,清盘,2015-06-25,2021-01-04,2015-06-25,tushare_fund_basic,国联基金管理有限公司,2021-01-04,150289.SZ,150289,True
150290,中融中证煤炭指数分级-B,指数型-股票,清盘,2015-06-25,2021-01-04,2015-06-25,tushare_fund_basic,国联基金管理有限公司,2021-01-04,150290.SZ,150290,True
150291,中融中证银行指数分级-A,指数型-股票,清盘,2015-06-05,2020-10-13,2015-06-05,tushare_fund_basic,国联基金管理有限公司,2020-10-13,150291.SZ,150291,True
150292,中融中证银行指数分级-B,指数型-股票,清盘,2015-06-05,2020-10-13,2015-06-05,tushare_fund_basic,国联基金管理有限公司,2020-10-13,150292.SZ,150292,True
150293,南方中证高铁产业指数分级-A,指数型-股票,清盘,2015-06-10,2020-11-30,2015-06-10,tushare_fund_basic,南方基金管理股份有限公司,2020-11-30,150293.SZ,150293,True
150294,南方中证高铁产业指数分级-B,指数型-股票,清盘,2015-06-10,2020-11-30,2015-06-10,tushare_fund_basic,南方基金管理股份有限公司,2020-11-30,150294.SZ,150294,True
150295,南方中证国有企业改革指数分级-A,指数型-股票,清盘,2015-06-03,2020-11-30,2015-06-03,tushare_fund_basic,南方基金管理股份有限公司,2020-11-30,150295.SZ,150295,True
150296,南方中证国有企业改革指数分级-B,指数型-股票,清盘,2015-06-03,2020-11-30,2015-06-03,tushare_fund_basic,南方基金管理股份有限公司,2020-11-30,150296.SZ,150296,True
150297,南方中证互联网指数分级-A,指数型-股票,清盘,2015-07-01,2020-11-30,2015-07-01,tushare_fund_basic,南方基金管理股份有限公司,2020-11-30,150297.SZ,150297,True
150298,南方中证互联网指数分级-B,指数型-股票,清盘,2015-07-01,2020-11-30,2015-07-01,tushare_fund_basic,南方基金管理股份有限公司,2020-11-30,150298.SZ,150298,True
150299,华安中证银行指数分级-A,指数型-股票,清盘,2015-06-09,2021-01-04,2015-06-09,tushare_fund_basic,华安基金管理有限公司,2021-01-04,150299.SZ,150299,True
150300,华安中证银行指数分级-B,指数型-股票,清盘,2015-06-09,2021-01-04,2015-06-09,tushare_fund_basic,华安基金管理有限公司,2021-01-04,150300.SZ,150300,True
150301,华安中证全指证券公司指数分级-A,指数型-股票,清盘,2015-06-09,2021-01-04,2015-06-09,tushare_fund_basic,华安基金管理有限公司,2021-01-04,150301.SZ,150301,True
150302,华安中证全指证券公司指数分级-B,指数型-股票,清盘,2015-06-09,2021-01-04,2015-06-09,tushare_fund_basic,华安基金管理有限公司,2021-01-04,150302.SZ,150302,True
150303,华安创业板50指数分级-A,指数型-股票,清盘,2015-07-06,2021-01-04,2015-07-06,tushare_fund_basic,华安基金管理有限公司,2021-01-04,150303.SZ,150303,True
150304,华安创业板50指数分级-B,指数型-股票,清盘,2015-07-06,2021-01-04,2015-07-06,tushare_fund_basic,华安基金管理有限公司,2021-01-04,150304.SZ,150304,True
150305,国寿安保中证养老产业指数分级-A,指数型-股票,清盘,2015-06-26,2019-03-29,2015-06-26,tushare_fund_basic,国寿安保基金管理有限公司,2019-03-29,150305.SZ,150305,True
150306,国寿安保中证养老产业指数分级-B,指数型-股票,清盘,2015-06-26,2019-03-29,2015-06-26,tushare_fund_basic,国寿安保基金管理有限公司,2019-03-29,150306.SZ,150306,True
150307,富国中证体育产业指数分级-A,指数型-股票,清盘,2015-06-25,2021-01-04,2015-06-25,tushare_fund_basic,富国基金管理有限公司,2021-01-04,150307.SZ,150307,True
150308,富国中证体育产业指数分级-B,指数型-股票,清盘,2015-06-25,2021-01-04,2015-06-25,tushare_fund_basic,富国基金管理有限公司,2021-01-04,150308.SZ,150308,True
150309,信诚中证信息安全指数分级-A,指数型-股票,清盘,2015-06-26,2021-01-04,2015-06-26,tushare_fund_basic,中信保诚基金管理有限公司,2021-01-04,150309.SZ,150309,True
150310,信诚中证信息安全指数分级-B,指数型-股票,清盘,2015-06-26,2021-01-04,2015-06-26,tushare_fund_basic,中信保诚基金管理有限公司,2021-01-04,150310.SZ,150310,True
150311,信诚中证智能家居指数分级-A,指数型-股票,清盘,2015-06-26,2021-01-04,2015-06-26,tushare_fund_basic,中信保诚基金管理有限公司,2021-01-04,150311.SZ,150311,True
150312,信诚中证智能家居指数分级-B,指数型-股票,清盘,2015-06-26,2021-01-04,2015-06-26,tushare_fund_basic,中信保诚基金管理有限公司,2021-01-04,150312.SZ,150312,True
150313,信诚中证基建工程A,指数型-股票,清盘,2015-08-06,2016-07-26,2015-08-06,tushare_fund_basic,中信保诚基金,2016-07-26,150313.OF,150313,True
150314,信诚中证基建工程B,指数型-股票,清盘,2015-08-06,2016-07-26,2015-08-06,tushare_fund_basic,中信保诚基金,2016-07-26,150314.OF,150314,True
150315,富国中证工业4.0指数分级-A,指数型-股票,清盘,2015-06-15,2021-01-04,2015-06-15,tushare_fund_basic,富国基金管理有限公司,2021-01-04,150315.SZ,150315,True
150316,富国中证工业4.0指数分级-B,指数型-股票,清盘,2015-06-15,2021-01-04,2015-06-15,tushare_fund_basic,富国基金管理有限公司,2021-01-04,150316.SZ,150316,True
150317,交银中证互联网金融指数分级-A,指数型-股票,清盘,2015-06-26,2020-11-06,2015-06-26,tushare_fund_basic,交银施罗德基金管理有限公司,2020-11-06,150317.SZ,150317,True
150318,交银中证互联网金融指数分级-B,指数型-股票,清盘,2015-06-26,2020-11-06,2015-06-26,tushare_fund_basic,交银施罗德基金管理有限公司,2020-11-06,150318.SZ,150318,True
150319,交银环境治理A,指数型-股票,清盘,2015-08-13,2016-07-18,2015-08-13,tushare_fund_basic,交银施罗德基金,2016-07-18,150319.OF,150319,True
150320,交银环境治理B,指数型-股票,清盘,2015-08-13,2016-07-18,2015-08-13,tushare_fund_basic,交银施罗德基金,2016-07-18,150320.OF,150320,True
150321,富国中证煤炭指数分级-A,指数型-股票,清盘,2015-06-19,2021-01-04,2015-06-19,tushare_fund_basic,富国基金管理有限公司,2021-01-04,150321.SZ,150321,True
150322,富国中证煤炭指数分级-B,指数型-股票,清盘,2015-06-19,2021-01-04,2015-06-19,tushare_fund_basic,富国基金管理有限公司,2021-01-04,150322.SZ,150322,True
150323,工银瑞信中证环保产业指数分级-A,指数型-股票,清盘,2015-07-09,2020-07-28,2015-07-09,tushare_fund_basic,工银瑞信基金管理有限公司,2020-07-28,150323.SZ,150323,True
150324,工银瑞信中证环保产业指数分级-B,指数型-股票,清盘,2015-07-09,2020-07-28,2015-07-09,tushare_fund_basic,工银瑞信基金管理有限公司,2020-07-28,150324.SZ,150324,True
150325,工银瑞信中证高铁产业指数分级-A,指数型-股票,清盘,2015-07-23,2020-11-04,2015-07-23,tushare_fund_basic,工银瑞信基金管理有限公司,2020-11-04,150325.SZ,150325,True
150326,工银瑞信中证高铁产业指数分级-B,指数型-股票,清盘,2015-07-23,2020-11-04,2015-07-23,tushare_fund_basic,工银瑞信基金管理有限公司,2020-11-04,150326.SZ,150326,True
150327,工银瑞信中证新能源指数分级-A,指数型-股票,清盘,2015-07-09,2020-10-19,2015-07-09,tushare_fund_basic,工银瑞信基金管理有限公司,2020-10-19,150327.SZ,150327,True
150328,工银瑞信中证新能源指数分级-B,指数型-股票,清盘,2015-07-09,2020-10-19,2015-07-09,tushare_fund_basic,工银瑞信基金管理有限公司,2020-10-19,150328.SZ,150328,True
150329,方正富邦中证保险主题指数分级-A,指数型-股票,清盘,2015-07-31,2021-01-04,2015-07-31,tushare_fund_basic,方正富邦基金管理有限公司,2021-01-04,150329.SZ,150329,True
150330,方正富邦中证保险主题指数分级-B,指数型-股票,清盘,2015-07-31,2021-01-04,2015-07-31,tushare_fund_basic,方正富邦基金管理有限公司,2021-01-04,150330.SZ,150330,True
150331,建信中证互联网金融指数分级-A,指数型-股票,清盘,2015-07-31,2018-08-07,2015-07-31,tushare_fund_basic,建信基金管理有限责任公司,2018-08-07,150331.SZ,150331,True
150332,建信中证互联网金融指数分级-B,指数型-股票,清盘,2015-07-31,2018-08-07,2015-07-31,tushare_fund_basic,建信基金管理有限责任公司,2018-08-07,150332.SZ,150332,True
150333,建信中证申万有色金属A,指数型-股票,清盘,2015-08-06,2016-10-14,2015-08-06,tushare_fund_basic,建信基金,2016-10-14,150333.OF,150333,True
150334,建信中证申万有色金属B,指数型-股票,清盘,2015-08-06,2016-10-14,2015-08-06,tushare_fund_basic,建信基金,2016-10-14,150334.OF,150334,True
150335,融通中证军工指数分级-A,指数型-股票,清盘,2015-07-01,2020-11-30,2015-07-01,tushare_fund_basic,融通基金管理有限公司,2020-11-30,150335.SZ,150335,True
150336,融通中证军工指数分级-B,指数型-股票,清盘,2015-07-01,2020-11-30,2015-07-01,tushare_fund_basic,融通基金管理有限公司,2020-11-30,150336.SZ,150336,True
150343,融通中证全指证券公司指数分级-A,指数型-股票,清盘,2015-07-17,2020-11-19,2015-07-17,tushare_fund_basic,融通基金管理有限公司,2020-11-19,150343.SZ,150343,True
150344,融通中证全指证券公司指数分级-B,指数型-股票,清盘,2015-07-17,2020-11-19,2015-07-17,tushare_fund_basic,融通基金管理有限公司,2020-11-19,150344.SZ,150344,True
150349,融通中证大农业A,指数型-股票,清盘,2015-08-25,2016-07-28,2015-08-25,tushare_fund_basic,融通基金,2016-07-28,150349.OF,150349,True
150350,融通中证大农业B,指数型-股票,清盘,2015-08-25,2016-07-28,2015-08-25,tushare_fund_basic,融通基金,2016-07-28,150350.OF,150350,True
150351,银华中证国防安全A,指数型-股票,清盘,2015-08-06,2016-06-14,2015-08-06,tushare_fund_basic,银华基金,2016-06-14,150351.OF,150351,True
150352,银华中证国防安全B,指数型-股票,清盘,2015-08-06,2016-06-14,2015-08-06,tushare_fund_basic,银华基金,2016-06-14,150352.OF,150352,True
150353,银华中证一带一路A,指数型-股票,清盘,2015-08-13,2016-06-14,2015-08-13,tushare_fund_basic,银华基金,2016-06-14,150353.OF,150353,True
150354,银华中证一带一路B,指数型-股票,清盘,2015-08-13,2016-06-14,2015-08-13,tushare_fund_basic,银华基金,2016-06-14,150354.OF,150354,True
150357,国泰国证新能源汽车A,指数型-股票,清盘,2015-08-27,2016-06-30,2015-08-27,tushare_fund_basic,国泰基金,2016-06-30,150357.OF,150357,True
150358,国泰国证新能源汽车B,指数型-股票,清盘,2015-08-27,2016-06-30,2015-08-27,tushare_fund_basic,国泰基金,2016-06-30,150358.OF,150358,True
159100,华夏布拉德斯科巴西伊博维斯帕ETF(QDII),指数型-股票,存续,2025-11-05,,2025-11-05,tushare_fund_basic,华夏基金管理有限公司,,159100.SZ,159100,True
159101,华夏国证港股通科技ETF,指数型-海外股票,存续,2025-08-26,,2025-08-26,tushare_fund_basic,华夏基金管理有限公司,,159101.SZ,159101,True
159102,华安恒生生物科技ETF,指数型-海外股票,存续,2025-09-05,,2025-09-05,tushare_fund_basic,华安基金管理有限公司,,159102.SZ,159102,True
159103,汇添富中证金融科技主题ETF,指数型-股票,存续,2025-08-29,,2025-08-29,tushare_fund_basic,汇添富基金管理股份有限公司,,159103.SZ,159103,True
159105,易方达恒生生物科技ETF,指数型-海外股票,存续,2025-10-20,,2025-10-20,tushare_fund_basic,易方达基金管理有限公司,,159105.SZ,159105,True
159106,前海开源中证民企300ETF,指数型-股票,存续,2025-09-26,,2025-09-26,tushare_fund_basic,前海开源基金管理有限公司,,159106.SZ,159106,True
159107,富国创业板软件ETF,指数型-股票,存续,2025-09-10,,2025-09-10,tushare_fund_basic,富国基金管理有限公司,,159107.SZ,159107,True
159108,博时国证工业软件主题ETF,指数型-股票,存续,2025-11-12,,2025-11-12,tushare_fund_basic,博时基金管理有限公司,,159108.SZ,159108,True
159109,景顺长城恒生港股通50ETF,指数型-海外股票,存续,2025-09-25,,2025-09-25,tushare_fund_basic,景顺长城基金管理有限公司,,159109.SZ,159109,True
159117,鹏华标普港股通低波红利ETF,指数型-海外股票,存续,2025-09-30,,2025-09-30,tushare_fund_basic,鹏华基金管理有限公司,,159117.SZ,159117,True
159118,华夏标普港股通低波红利ETF,指数型-海外股票,存续,2025-11-17,,2025-11-17,tushare_fund_basic,华夏基金管理有限公司,,159118.SZ,159118,True
159119,招商中证800自由现金流ETF,指数型-股票,存续,2025-11-03,,2025-11-03,tushare_fund_basic,招商基金管理有限公司,,159119.SZ,159119,True
159120,国联安恒生港股通科技主题ETF,指数型-海外股票,存续,2025-11-05,,2025-11-05,tushare_fund_basic,国联安基金管理有限公司,,159120.SZ,159120,True
159121,易方达恒生港股通汽车主题ETF,指数型-海外股票,存续,2025-11-14,,2025-11-14,tushare_fund_basic,易方达基金管理有限公司,,159121.SZ,159121,True
159122,富国创业板新能源ETF,指数型-股票,存续,2025-10-22,,2025-10-22,tushare_fund_basic,富国基金管理有限公司,,159122.SZ,159122,True
159123,嘉实中证光伏产业ETF,指数型-股票,存续,2025-11-19,,2025-11-19,tushare_fund_basic,嘉实基金管理有限公司,,159123.SZ,159123,True
159125,招商国证港股通科技ETF,指数型-海外股票,存续,2025-10-24,,2025-10-24,tushare_fund_basic,招商基金管理有限公司,,159125.SZ,159125,True
159126,南方中证港股通50ETF,指数型-海外股票,存续,2025-10-22,,2025-10-22,tushare_fund_basic,南方基金管理股份有限公司,,159126.SZ,159126,True
159127,南方中证港股通高股息投资ETF,指数型-海外股票,存续,2025-11-12,,2025-11-12,tushare_fund_basic,南方基金管理股份有限公司,,159127.SZ,159127,True
159128,天弘国证港股通科技ETF,指数型-海外股票,存续,2025-10-31,,2025-10-31,tushare_fund_basic,天弘基金管理有限公司,,159128.SZ,159128,True
159129,嘉实中证细分化工产业主题ETF,指数型-股票,存续,2025-11-06,,2025-11-06,tushare_fund_basic,嘉实基金管理有限公司,,159129.SZ,159129,True
159130,鹏华恒生生物科技ETF,指数型-海外股票,存续,2025-11-19,,2025-11-19,tushare_fund_basic,鹏华基金管理有限公司,,159130.SZ,159130,True
159131,华宝中证港股通信息技术综合ETF,指数型-海外股票,存续,2025-11-05,,2025-11-05,tushare_fund_basic,华宝基金管理有限公司,,159131.SZ,159131,True
159132,富国恒生生物科技ETF,指数型-海外股票,存续,2025-12-24,,2025-12-24,tushare_fund_basic,富国基金管理有限公司,,159132.SZ,159132,True
159133,天弘中证细分化工产业主题ETF,指数型-股票,存续,2025-11-17,,2025-11-17,tushare_fund_basic,天弘基金管理有限公司,,159133.SZ,159133,True
159135,前海开源恒生港股通科技主题ETF,指数型-海外股票,存续,2026-01-28,,2026-01-28,tushare_fund_basic,前海开源基金管理有限公司,,159135.SZ,159135,True
159136,广发中证A50ETF,指数型-股票,存续,2025-12-16,,2025-12-16,tushare_fund_basic,广发基金管理有限公司,,159136.SZ,159136,True
159137,华宝中证港股通医疗主题ETF,指数型-海外股票,存续,2025-12-31,,2025-12-31,tushare_fund_basic,华宝基金管理有限公司,,159137.SZ,159137,True
159138,易方达中证工程机械主题ETF,指数型-股票,存续,2025-12-31,,2025-12-31,tushare_fund_basic,易方达基金管理有限公司,,159138.SZ,159138,True
159139,华泰柏瑞中证科创创业人工智能ETF,指数型-股票,存续,2025-12-10,,2025-12-10,tushare_fund_basic,华泰柏瑞基金管理有限公司,,159139.SZ,159139,True
159140,易方达中证科创创业人工智能ETF,指数型-股票,存续,2025-12-10,,2025-12-10,tushare_fund_basic,易方达基金管理有限公司,,159140.SZ,159140,True
159141,永赢中证科创创业人工智能ETF,指数型-股票,存续,2025-12-03,,2025-12-03,tushare_fund_basic,永赢基金管理有限公司,,159141.SZ,159141,True
159142,景顺长城中证科创创业人工智能ETF,指数型-股票,存续,2025-12-05,,2025-12-05,tushare_fund_basic,景顺长城基金管理有限公司,,159142.SZ,159142,True
159143,平安恒生港股通中国央企红利ETF,指数型-海外股票,存续,2025-12-29,,2025-12-29,tushare_fund_basic,平安基金管理有限公司,,159143.SZ,159143,True
159145,广发国证工业软件主题ETF,指数型-股票,存续,2026-01-08,,2026-01-08,tushare_fund_basic,广发基金管理有限公司,,159145.SZ,159145,True
159146,华宝中证全指电力公用事业ETF,指数型-股票,存续,2026-01-12,,2026-01-12,tushare_fund_basic,华宝基金管理有限公司,,159146.SZ,159146,True
159147,南方中证电池主题ETF,指数型-股票,存续,2026-01-14,,2026-01-14,tushare_fund_basic,南方基金管理股份有限公司,,159147.SZ,159147,True
159148,富国国证石油天然气ETF,指数型-股票,存续,2026-02-03,,2026-02-03,tushare_fund_basic,富国基金管理有限公司,,159148.SZ,159148,True
159149,工银瑞信创业板新能源ETF,指数型-股票,存续,2026-01-07,,2026-01-07,tushare_fund_basic,工银瑞信基金管理有限公司,,159149.SZ,159149,True
159150,易方达深证50ETF,指数型-股票,存续,2023-11-29,,2023-11-29,tushare_fund_basic,易方达基金管理有限公司,,159150.SZ,159150,True
159151,华夏中证全指食品ETF,指数型-股票,存续,2025-12-31,,2025-12-31,tushare_fund_basic,华夏基金管理有限公司,,159151.SZ,159151,True
159152,平安恒生港股通科技主题ETF,指数型-海外股票,存续,2026-01-21,,2026-01-21,tushare_fund_basic,平安基金管理有限公司,,159152.SZ,159152,True
159153,鹏华国证消费电子主题ETF,指数型-股票,存续,2026-01-29,,2026-01-29,tushare_fund_basic,鹏华基金管理有限公司,,159153.SZ,159153,True
159155,大成中证电池主题ETF,指数型-股票,存续,2026-01-13,,2026-01-13,tushare_fund_basic,大成基金管理有限公司,,159155.SZ,159155,True
159156,万家国证新能源车电池ETF,指数型-股票,存续,2026-02-04,,2026-02-04,tushare_fund_basic,万家基金管理有限公司,,159156.SZ,159156,True
159157,天弘中证工业有色金属主题ETF,指数型-股票,存续,2026-01-28,,2026-01-28,tushare_fund_basic,天弘基金管理有限公司,,159157.SZ,159157,True
159158,景顺长城中证全指电力公用事业ETF,指数型-股票,存续,2026-01-16,,2026-01-16,tushare_fund_basic,景顺长城基金管理有限公司,,159158.SZ,159158,True
159159,国投瑞银中证全指公用事业ETF,指数型-股票,存续,2026-02-04,,2026-02-04,tushare_fund_basic,国投瑞银基金管理有限公司,,159159.SZ,159159,True
159160,东财中证电池主题ETF,指数型-股票,存续,2026-03-19,,2026-03-19,tushare_fund_basic,东财基金管理有限公司,,159160.SZ,159160,True
159162,鹏华中证工业有色金属主题ETF,指数型-股票,存续,2026-01-21,,2026-01-21,tushare_fund_basic,鹏华基金管理有限公司,,159162.SZ,159162,True
159163,泰康中证有色金属矿业主题ETF,指数型-股票,存续,2026-01-27,,2026-01-27,tushare_fund_basic,泰康基金管理有限公司,,159163.SZ,159163,True
159165,永赢中证畜牧养殖产业ETF,指数型-股票,存续,2026-02-04,,2026-02-04,tushare_fund_basic,永赢基金管理有限公司,,159165.SZ,159165,True
159166,长城国证自由现金流ETF,指数型-股票,存续,2026-03-11,,2026-03-11,tushare_fund_basic,长城基金管理有限公司,,159166.SZ,159166,True
159167,工银瑞信中证港股通医疗主题ETF,指数型-海外股票,存续,2026-02-04,,2026-02-04,tushare_fund_basic,工银瑞信基金管理有限公司,,159167.SZ,159167,True
159168,富国中证工业有色金属主题ETF,指数型-股票,存续,2026-02-04,,2026-02-04,tushare_fund_basic,富国基金管理有限公司,,159168.SZ,159168,True
159169,广发恒生生物科技ETF,指数型-海外股票,存续,2026-02-12,,2026-02-12,tushare_fund_basic,广发基金管理有限公司,,159169.SZ,159169,True
159170,永赢国证港股通互联网ETF,指数型-海外股票,存续,2026-03-11,,2026-03-11,tushare_fund_basic,永赢基金管理有限公司,,159170.SZ,159170,True
159171,博时中证工业有色金属主题ETF,指数型-股票,存续,2026-02-13,,2026-02-13,tushare_fund_basic,博时基金管理有限公司,,159171.SZ,159171,True
159172,汇添富中证畜牧养殖产业ETF,指数型-股票,存续,2026-03-11,,2026-03-11,tushare_fund_basic,汇添富基金管理股份有限公司,,159172.SZ,159172,True
159173,南方中证全指农牧渔ETF,指数型-股票,存续,2026-03-25,,2026-03-25,tushare_fund_basic,南方基金,,159173.OF,159173,True
159175,易方达中证电池主题ETF,指数型-股票,存续,2026-02-25,,2026-02-25,tushare_fund_basic,易方达基金管理有限公司,,159175.SZ,159175,True
159176,华宝中证全指家用电器ETF,指数型-股票,存续,2026-03-26,,2026-03-26,tushare_fund_basic,华宝基金管理有限公司,,159176.SZ,159176,True
159177,鹏华中证工程机械主题ETF,指数型-股票,存续,2026-03-17,,2026-03-17,tushare_fund_basic,鹏华基金,,159177.OF,159177,True
159179,工银中证港股通互联网ETF,指数型-海外股票,存续,2026-03-18,,2026-03-18,tushare_fund_basic,工银瑞信基金,,159179.OF,159179,True
159180,银华国证工业软件主题ETF,指数型-股票,存续,2026-03-25,,2026-03-25,tushare_fund_basic,银华基金,,159180.OF,159180,True
159181,易方达国证石油天然气ETF,指数型-股票,存续,2026-03-11,,2026-03-11,tushare_fund_basic,易方达基金管理有限公司,,159181.SZ,159181,True
159183,招商中证新能源汽车ETF,指数型-股票,存续,2026-03-13,,2026-03-13,tushare_fund_basic,招商基金管理有限公司,,159183.SZ,159183,True
159187,景顺长城创业板新能源ETF,指数型-股票,存续,2026-03-24,,2026-03-24,tushare_fund_basic,景顺长城基金,,159187.OF,159187,True
159189,华夏国证石油天然气ETF,指数型-股票,存续,2026-03-11,,2026-03-11,tushare_fund_basic,华夏基金管理有限公司,,159189.SZ,159189,True
159190,天弘创业板新能源ETF,指数型-股票,存续,2026-03-18,,2026-03-18,tushare_fund_basic,天弘基金管理有限公司,,159190.SZ,159190,True
159191,易方达国证港股通科技ETF,指数型-海外股票,存续,2026-03-18,,2026-03-18,tushare_fund_basic,易方达基金管理有限公司,,159191.SZ,159191,True
159195,华安国证石油天然气ETF,指数型-股票,存续,2026-03-20,,2026-03-20,tushare_fund_basic,华安基金,,159195.OF,159195,True
159196,易方达中证港股通信息技术综合ETF,指数型-海外股票,存续,2026-03-25,,2026-03-25,tushare_fund_basic,易方达基金,,159196.OF,159196,True
159197,招商国证石油天然气ETF,指数型-股票,存续,2026-03-25,,2026-03-25,tushare_fund_basic,招商基金,,159197.OF,159197,True
159198,富国中证港股通信息技术综合ETF,指数型-海外股票,存续,2026-03-25,,2026-03-25,tushare_fund_basic,富国基金,,159198.OF,159198,True
159199,平安国证石油天然气ETF,指数型-股票,存续,2026-03-30,,2026-03-30,tushare_fund_basic,平安基金管理有限公司,,159199.SZ,159199,True
159201,华夏国证自由现金流ETF,指数型-股票,存续,2025-02-19,,2025-02-19,tushare_fund_basic,华夏基金管理有限公司,,159201.SZ,159201,True
159202,万家恒生互联网科技业ETF(QDII),指数型-海外股票,存续,2025-04-02,,2025-04-02,tushare_fund_basic,万家基金管理有限公司,,159202.SZ,159202,True
159203,博时国证大盘成长ETF,指数型-股票,存续,2025-06-18,,2025-06-18,tushare_fund_basic,博时基金管理有限公司,,159203.SZ,159203,True
159205,东财创业板ETF,指数型-股票,存续,2025-06-04,,2025-06-04,tushare_fund_basic,东财基金管理有限公司,,159205.SZ,159205,True
159206,永赢国证商用卫星通信产业ETF,指数型-股票,存续,2025-03-06,,2025-03-06,tushare_fund_basic,永赢基金管理有限公司,,159206.SZ,159206,True
159207,广发中证智选高股息策略ETF,指数型-股票,存续,2025-03-27,,2025-03-27,tushare_fund_basic,广发基金管理有限公司,,159207.SZ,159207,True
159208,万家国证航天航空行业ETF,指数型-股票,存续,2025-04-28,,2025-04-28,tushare_fund_basic,万家基金管理有限公司,,159208.SZ,159208,True
159209,招商中证全指红利质量ETF,指数型-股票,存续,2025-03-12,,2025-03-12,tushare_fund_basic,招商基金管理有限公司,,159209.SZ,159209,True
159210,汇添富中证港股通汽车产业主题ETF,指数型-海外股票,存续,2025-05-22,,2025-05-22,tushare_fund_basic,汇添富基金管理股份有限公司,,159210.SZ,159210,True
159211,富国深证100ETF,指数型-股票,存续,2025-04-02,,2025-04-02,tushare_fund_basic,富国基金管理有限公司,,159211.SZ,159211,True
159212,南方深证100ETF,指数型-股票,存续,2025-03-27,,2025-03-27,tushare_fund_basic,南方基金管理股份有限公司,,159212.SZ,159212,True
159213,汇添富中证机器人ETF,指数型-股票,存续,2025-04-21,,2025-04-21,tushare_fund_basic,汇添富基金管理股份有限公司,,159213.SZ,159213,True
159215,平安中证A500ETF,指数型-股票,存续,2025-03-26,,2025-03-26,tushare_fund_basic,平安基金管理有限公司,,159215.SZ,159215,True
159216,大成深证100ETF,指数型-股票,存续,2025-04-02,,2025-04-02,tushare_fund_basic,大成基金管理有限公司,,159216.SZ,159216,True
159217,工银瑞信国证港股通创新药ETF,指数型-海外股票,存续,2025-03-26,,2025-03-26,tushare_fund_basic,工银瑞信基金管理有限公司,,159217.SZ,159217,True
159218,招商中证卫星产业ETF,指数型-股票,存续,2025-05-14,,2025-05-14,tushare_fund_basic,招商基金管理有限公司,,159218.SZ,159218,True
159219,融通深证100ETF,指数型-股票,存续,2025-04-24,,2025-04-24,tushare_fund_basic,融通基金管理有限公司,,159219.SZ,159219,True
159220,华宝标普港股通低波红利ETF,指数型-海外股票,存续,2025-04-29,,2025-04-29,tushare_fund_basic,华宝基金管理有限公司,,159220.SZ,159220,True
159221,嘉实国证自由现金流ETF,指数型-股票,存续,2025-04-30,,2025-04-30,tushare_fund_basic,嘉实基金管理有限公司,,159221.SZ,159221,True
159222,易方达国证自由现金流ETF,指数型-股票,存续,2025-04-09,,2025-04-09,tushare_fund_basic,易方达基金管理有限公司,,159222.SZ,159222,True
159223,永赢国证自由现金流ETF,指数型-股票,存续,2025-06-25,,2025-06-25,tushare_fund_basic,永赢基金管理有限公司,,159223.SZ,159223,True
159225,银华国证自由现金流ETF,指数型-股票,存续,2025-04-09,,2025-04-09,tushare_fund_basic,银华基金管理股份有限公司,,159225.SZ,159225,True
159226,国泰中证A500增强策略ETF,指数型-股票,存续,2025-05-20,,2025-05-20,tushare_fund_basic,国泰基金管理有限公司,,159226.SZ,159226,True
159227,华夏国证航天航空行业ETF,指数型-股票,存续,2025-04-30,,2025-04-30,tushare_fund_basic,华夏基金管理有限公司,,159227.SZ,159227,True
159228,长城中证红利低波动100ETF,指数型-股票,存续,2025-06-05,,2025-06-05,tushare_fund_basic,长城基金管理有限公司,,159228.SZ,159228,True
159229,广发中证800自由现金流ETF,指数型-股票,存续,2025-05-06,,2025-05-06,tushare_fund_basic,广发基金管理有限公司,,159229.SZ,159229,True
159230,华夏国证通用航空产业ETF,指数型-股票,存续,2025-05-21,,2025-05-21,tushare_fund_basic,华夏基金管理有限公司,,159230.SZ,159230,True
159231,华宝国证通用航空产业ETF,指数型-股票,存续,2025-04-18,,2025-04-18,tushare_fund_basic,华宝基金管理有限公司,,159231.SZ,159231,True
159232,南方中证全指自由现金流ETF,指数型-股票,存续,2025-04-23,,2025-04-23,tushare_fund_basic,南方基金管理股份有限公司,,159232.SZ,159232,True
159233,平安中证全指自由现金流ETF,指数型-股票,存续,2025-05-21,,2025-05-21,tushare_fund_basic,平安基金管理有限公司,,159233.SZ,159233,True
159235,大成中证全指自由现金流ETF,指数型-股票,存续,2025-04-23,,2025-04-23,tushare_fund_basic,大成基金管理有限公司,,159235.SZ,159235,True
159236,工银瑞信中证全指自由现金流ETF,指数型-股票,存续,2025-04-30,,2025-04-30,tushare_fund_basic,工银瑞信基金管理有限公司,,159236.SZ,159236,True
159237,工银瑞信中证港股通汽车产业主题ETF,指数型-海外股票,存续,2025-06-25,,2025-06-25,tushare_fund_basic,工银瑞信基金管理有限公司,,159237.SZ,159237,True
159238,景顺长城沪深300增强策略ETF,指数型-股票,存续,2025-05-28,,2025-05-28,tushare_fund_basic,景顺长城基金管理有限公司,,159238.SZ,159238,True
159239,富国恒生港股通汽车主题ETF,指数型-海外股票,存续,2025-05-19,,2025-05-19,tushare_fund_basic,富国基金管理有限公司,,159239.SZ,159239,True
159240,天弘中证A500增强策略ETF,指数型-股票,存续,2025-06-05,,2025-06-05,tushare_fund_basic,天弘基金管理有限公司,,159240.SZ,159240,True
159241,天弘国证航天航空行业ETF,指数型-股票,存续,2025-05-21,,2025-05-21,tushare_fund_basic,天弘基金管理有限公司,,159241.SZ,159241,True
159242,大成创业板人工智能ETF,指数型-股票,存续,2025-07-16,,2025-07-16,tushare_fund_basic,大成基金管理有限公司,,159242.SZ,159242,True
159243,招商创业板人工智能ETF,指数型-股票,存续,2025-12-24,,2025-12-24,tushare_fund_basic,招商基金管理有限公司,,159243.SZ,159243,True
159245,富国国证港股通消费主题ETF,指数型-海外股票,存续,2025-06-11,,2025-06-11,tushare_fund_basic,富国基金管理有限公司,,159245.SZ,159245,True
159246,富国创业板人工智能ETF,指数型-股票,存续,2025-07-02,,2025-07-02,tushare_fund_basic,富国基金管理有限公司,,159246.SZ,159246,True
159247,汇添富创业板ETF,指数型-股票,存续,2026-01-22,,2026-01-22,tushare_fund_basic,汇添富基金管理股份有限公司,,159247.SZ,159247,True
159248,万家中证人工智能主题ETF,指数型-股票,存续,2025-07-10,,2025-07-10,tushare_fund_basic,万家基金管理有限公司,,159248.SZ,159248,True
159249,工银瑞信中证A500增强策略ETF,指数型-股票,存续,2025-06-20,,2025-06-20,tushare_fund_basic,工银瑞信基金管理有限公司,,159249.SZ,159249,True
159251,万家国证港股通科技ETF,指数型-海外股票,存续,2025-07-14,,2025-07-14,tushare_fund_basic,万家基金管理有限公司,,159251.SZ,159251,True
159253,博时中证银行ETF,指数型-股票,存续,2025-11-27,,2025-11-27,tushare_fund_basic,博时基金管理有限公司,,159253.SZ,159253,True
159255,易方达国证通用航空产业ETF,指数型-股票,存续,2025-07-25,,2025-07-25,tushare_fund_basic,易方达基金管理有限公司,,159255.SZ,159255,True
159256,华夏创业板软件ETF,指数型-股票,存续,2025-07-24,,2025-07-24,tushare_fund_basic,华夏基金管理有限公司,,159256.SZ,159256,True
159257,汇添富国证通用航空产业ETF,指数型-股票,存续,2025-07-16,,2025-07-16,tushare_fund_basic,汇添富基金管理股份有限公司,,159257.SZ,159257,True
159258,南方中证机器人ETF,指数型-股票,存续,2025-07-24,,2025-07-24,tushare_fund_basic,南方基金管理股份有限公司,,159258.SZ,159258,True
159259,易方达国证成长100ETF,指数型-股票,存续,2025-08-20,,2025-08-20,tushare_fund_basic,易方达基金管理有限公司,,159259.SZ,159259,True
159260,博时中证全指证券公司ETF,指数型-股票,存续,2025-10-24,,2025-10-24,tushare_fund_basic,博时基金管理有限公司,,159260.SZ,159260,True
159261,鹏华创业板新能源ETF,指数型-股票,存续,2025-06-25,,2025-06-25,tushare_fund_basic,鹏华基金管理有限公司,,159261.SZ,159261,True
159262,广发恒生港股通科技主题ETF,指数型-海外股票,存续,2025-06-26,,2025-06-26,tushare_fund_basic,广发基金管理有限公司,,159262.SZ,159262,True
159263,易方达国证价值100ETF,指数型-股票,存续,2025-06-30,,2025-06-30,tushare_fund_basic,易方达基金管理有限公司,,159263.SZ,159263,True
159265,鹏华国证港股通消费主题ETF,指数型-海外股票,存续,2025-06-18,,2025-06-18,tushare_fund_basic,鹏华基金管理有限公司,,159265.SZ,159265,True
159266,永赢中证港股通央企红利ETF,指数型-海外股票,存续,2025-07-23,,2025-07-23,tushare_fund_basic,永赢基金管理有限公司,,159266.SZ,159266,True
159267,华安国证航天航空行业ETF,指数型-股票,存续,2025-07-21,,2025-07-21,tushare_fund_basic,华安基金管理有限公司,,159267.SZ,159267,True
159268,汇添富国证港股通消费主题ETF,指数型-海外股票,存续,2025-07-10,,2025-07-10,tushare_fund_basic,汇添富基金管理股份有限公司,,159268.SZ,159268,True
159269,南方中证港股通科技ETF,指数型-海外股票,存续,2025-06-30,,2025-06-30,tushare_fund_basic,南方基金管理股份有限公司,,159269.SZ,159269,True
159270,南方创业板200ETF,指数型-股票,存续,2025-07-16,,2025-07-16,tushare_fund_basic,南方基金管理股份有限公司,,159270.SZ,159270,True
159271,鹏华恒生ETF,指数型-海外股票,存续,2025-07-30,,2025-07-30,tushare_fund_basic,鹏华基金管理有限公司,,159271.SZ,159271,True
159272,富国国证机器人产业ETF,指数型-股票,存续,2025-09-08,,2025-09-08,tushare_fund_basic,富国基金管理有限公司,,159272.SZ,159272,True
159273,汇添富中证沪港深云计算产业ETF,指数型-股票,存续,2025-07-28,,2025-07-28,tushare_fund_basic,汇添富基金管理股份有限公司,,159273.SZ,159273,True
159275,华宝中证全指农牧渔ETF,指数型-股票,存续,2025-09-19,,2025-09-19,tushare_fund_basic,华宝基金管理有限公司,,159275.SZ,159275,True
159276,汇添富国证自由现金流ETF,指数型-股票,存续,2025-07-17,,2025-07-17,tushare_fund_basic,汇添富基金管理股份有限公司,,159276.SZ,159276,True
159277,富国中证港股通高股息投资ETF,指数型-海外股票,存续,2025-08-05,,2025-08-05,tushare_fund_basic,富国基金管理有限公司,,159277.SZ,159277,True
159278,鹏华国证机器人产业ETF,指数型-股票,存续,2025-07-30,,2025-07-30,tushare_fund_basic,鹏华基金管理有限公司,,159278.SZ,159278,True
159279,华安创业板人工智能ETF,指数型-股票,存续,2025-09-17,,2025-09-17,tushare_fund_basic,华安基金管理有限公司,,159279.SZ,159279,True
159280,汇添富国证港股通互联网ETF,指数型-海外股票,存续,2025-08-06,,2025-08-06,tushare_fund_basic,汇添富基金管理股份有限公司,,159280.SZ,159280,True
159281,天弘中证港股通央企红利ETF,指数型-海外股票,存续,2025-08-20,,2025-08-20,tushare_fund_basic,天弘基金管理有限公司,,159281.SZ,159281,True
159283,南方中证通用航空主题ETF,指数型-股票,存续,2025-08-13,,2025-08-13,tushare_fund_basic,南方基金管理股份有限公司,,159283.SZ,159283,True
159285,华安国证港股通消费主题ETF,指数型-海外股票,存续,2025-10-09,,2025-10-09,tushare_fund_basic,华安基金管理有限公司,,159285.SZ,159285,True
159286,鹏华国证港股通创新药ETF,指数型-海外股票,存续,2025-08-20,,2025-08-20,tushare_fund_basic,鹏华基金管理有限公司,,159286.SZ,159286,True
159287,博时创业板综合ETF,指数型-股票,存续,2025-08-15,,2025-08-15,tushare_fund_basic,博时基金管理有限公司,,159287.SZ,159287,True
159288,银华创业板综合ETF,指数型-股票,存续,2025-09-17,,2025-09-17,tushare_fund_basic,银华基金管理股份有限公司,,159288.SZ,159288,True
159289,鹏华创业板综合ETF,指数型-股票,存续,2025-09-03,,2025-09-03,tushare_fund_basic,鹏华基金管理有限公司,,159289.SZ,159289,True
159290,东财创业板综合增强策略ETF,指数型-股票,存续,2025-09-09,,2025-09-09,tushare_fund_basic,东财基金管理有限公司,,159290.SZ,159290,True
159291,招商创业板综合增强策略ETF,指数型-股票,存续,2025-08-20,,2025-08-20,tushare_fund_basic,招商基金管理有限公司,,159291.SZ,159291,True
159292,华宝创业板综合增强策略ETF,指数型-股票,存续,2025-08-20,,2025-08-20,tushare_fund_basic,华宝基金管理有限公司,,159292.SZ,159292,True
159293,建信创业板综合增强策略ETF,指数型-股票,存续,2025-12-30,,2025-12-30,tushare_fund_basic,建信基金管理有限责任公司,,159293.SZ,159293,True
159295,西部利得创业板综合ETF,指数型-股票,存续,2025-10-23,,2025-10-23,tushare_fund_basic,西部利得基金管理有限公司,,159295.SZ,159295,True
159296,华宝中证A500红利低波动ETF,指数型-股票,存续,2025-08-27,,2025-08-27,tushare_fund_basic,华宝基金管理有限公司,,159296.SZ,159296,True
159297,南方国证港股通创新药ETF,指数型-海外股票,存续,2025-09-12,,2025-09-12,tushare_fund_basic,南方基金管理股份有限公司,,159297.SZ,159297,True
159298,大成创业板50ETF,指数型-股票,存续,2025-08-29,,2025-08-29,tushare_fund_basic,大成基金管理有限公司,,159298.SZ,159298,True
159299,易方达中证金融科技主题ETF,指数型-股票,存续,2025-09-03,,2025-09-03,tushare_fund_basic,易方达基金管理有限公司,,159299.SZ,159299,True
159300,富国沪深300ETF,指数型-股票,存续,2024-05-23,,2024-05-23,tushare_fund_basic,富国基金管理有限公司,,159300.SZ,159300,True
159301,华夏中证全指公用事业ETF,指数型-股票,存续,2024-07-10,,2024-07-10,tushare_fund_basic,华夏基金管理有限公司,,159301.SZ,159301,True
159302,银华中证港股通高股息投资ETF,指数型-海外股票,存续,2024-08-23,,2024-08-23,tushare_fund_basic,银华基金管理股份有限公司,,159302.SZ,159302,True
159303,大成恒生医疗保健ETF(QDII),指数型-海外股票,存续,2024-06-18,,2024-06-18,tushare_fund_basic,大成基金管理有限公司,,159303.SZ,159303,True
159305,广发国证新能源电池ETF,指数型-股票,存续,2024-09-18,,2024-09-18,tushare_fund_basic,广发基金管理有限公司,,159305.SZ,159305,True
159306,平安中证汽车零部件主题ETF,指数型-股票,存续,2024-04-29,,2024-04-29,tushare_fund_basic,平安基金管理有限公司,,159306.SZ,159306,True
159307,博时中证红利低波动100ETF,指数型-股票,存续,2024-04-16,,2024-04-16,tushare_fund_basic,博时基金管理有限公司,,159307.SZ,159307,True
159309,汇添富中证油气资源ETF,指数型-股票,存续,2024-05-31,,2024-05-31,tushare_fund_basic,汇添富基金管理股份有限公司,,159309.SZ,159309,True
159310,天弘中证芯片产业ETF,指数型-股票,存续,2024-04-18,,2024-04-18,tushare_fund_basic,天弘基金管理有限公司,,159310.SZ,159310,True
159311,易方达中证数字经济主题ETF,指数型-股票,存续,2025-07-07,,2025-07-07,tushare_fund_basic,易方达基金管理有限公司,,159311.SZ,159311,True
159312,广发恒指港股通ETF,指数型-海外股票,存续,2024-10-24,,2024-10-24,tushare_fund_basic,广发基金管理有限公司,,159312.SZ,159312,True
159315,工银瑞信中证沪深港黄金产业股票ETF,指数型-股票,存续,2024-05-30,,2024-05-30,tushare_fund_basic,工银瑞信基金管理有限公司,,159315.SZ,159315,True
159316,易方达恒生港股通创新药ETF,指数型-海外股票,存续,2025-03-18,,2025-03-18,tushare_fund_basic,易方达基金管理有限公司,,159316.SZ,159316,True
159318,银华恒指港股通ETF,指数型-海外股票,存续,2024-06-13,,2024-06-13,tushare_fund_basic,银华基金管理股份有限公司,,159318.SZ,159318,True
159319,汇添富国证粮食产业ETF,指数型-股票,发行,2024-07-16,,2024-07-16,tushare_fund_basic,汇添富基金,,159319.OF,159319,True
159320,广发恒生A股电网设备ETF,指数型-海外股票,存续,2024-12-12,,2024-12-12,tushare_fund_basic,广发基金管理有限公司,,159320.SZ,159320,True
159321,华安中证沪深港黄金产业股票ETF,指数型-股票,存续,2024-05-09,,2024-05-09,tushare_fund_basic,华安基金管理有限公司,,159321.SZ,159321,True
159322,平安中证沪深港黄金产业股票ETF,指数型-股票,存续,2024-06-05,,2024-06-05,tushare_fund_basic,平安基金管理有限公司,,159322.SZ,159322,True
159323,华夏中证港股通汽车产业主题ETF,指数型-海外股票,存续,2024-12-30,,2024-12-30,tushare_fund_basic,华夏基金管理有限公司,,159323.SZ,159323,True
159325,南方中证半导体行业精选ETF,指数型-股票,存续,2024-10-31,,2024-10-31,tushare_fund_basic,南方基金管理股份有限公司,,159325.SZ,159325,True
159326,华夏中证电网设备主题ETF,指数型-股票,存续,2024-08-29,,2024-08-29,tushare_fund_basic,华夏基金管理有限公司,,159326.SZ,159326,True
159327,万家中证半导体材料设备主题ETF,指数型-股票,存续,2024-07-24,,2024-07-24,tushare_fund_basic,万家基金管理有限公司,,159327.SZ,159327,True
159328,易方达中证家电龙头ETF,指数型-股票,存续,2024-11-07,,2024-11-07,tushare_fund_basic,易方达基金管理有限公司,,159328.SZ,159328,True
159329,南方基金南方东英沙特阿拉伯ETF(QDII),指数型-股票,存续,2024-07-05,,2024-07-05,tushare_fund_basic,南方基金管理股份有限公司,,159329.SZ,159329,True
159330,东财沪深300ETF,指数型-股票,存续,2024-08-01,,2024-08-01,tushare_fund_basic,东财基金管理有限公司,,159330.SZ,159330,True
159331,国泰中证港股通高股息投资ETF,指数型-海外股票,存续,2024-07-23,,2024-07-23,tushare_fund_basic,国泰基金管理有限公司,,159331.SZ,159331,True
159332,富国中证中央企业红利ETF,指数型-股票,存续,2024-07-16,,2024-07-16,tushare_fund_basic,富国基金管理有限公司,,159332.SZ,159332,True
159333,万家中证港股通央企红利ETF,指数型-海外股票,存续,2024-08-21,,2024-08-21,tushare_fund_basic,万家基金管理有限公司,,159333.SZ,159333,True
159335,融通中证诚通央企科技创新ETF,指数型-股票,存续,2024-08-22,,2024-08-22,tushare_fund_basic,融通基金管理有限公司,,159335.SZ,159335,True
159336,融通中证诚通央企红利ETF,指数型-股票,存续,2025-01-22,,2025-01-22,tushare_fund_basic,融通基金管理有限公司,,159336.SZ,159336,True
159337,东财中证500ETF,指数型-股票,存续,2024-09-02,,2024-09-02,tushare_fund_basic,东财基金管理有限公司,,159337.SZ,159337,True
159338,国泰中证A500ETF,指数型-股票,存续,2024-09-26,,2024-09-26,tushare_fund_basic,国泰基金管理有限公司,,159338.SZ,159338,True
159339,银华中证A500ETF,指数型-股票,存续,2024-09-26,,2024-09-26,tushare_fund_basic,银华基金管理股份有限公司,,159339.SZ,159339,True
159350,富国深证50ETF,指数型-股票,存续,2023-11-30,,2023-11-30,tushare_fund_basic,富国基金管理有限公司,,159350.SZ,159350,True
159351,嘉实中证A500ETF,指数型-股票,存续,2024-09-20,,2024-09-20,tushare_fund_basic,嘉实基金管理有限公司,,159351.SZ,159351,True
159352,南方中证A500ETF,指数型-股票,存续,2024-09-25,,2024-09-25,tushare_fund_basic,南方基金管理股份有限公司,,159352.SZ,159352,True
159353,景顺长城中证A500ETF,指数型-股票,存续,2024-09-24,,2024-09-24,tushare_fund_basic,景顺长城基金管理有限公司,,159353.SZ,159353,True
159355,华宝中证800红利低波动ETF,指数型-股票,存续,2024-11-25,,2024-11-25,tushare_fund_basic,华宝基金管理有限公司,,159355.SZ,159355,True
159356,万家中证A500ETF,指数型-股票,存续,2024-11-22,,2024-11-22,tushare_fund_basic,万家基金管理有限公司,,159356.SZ,159356,True
159357,博时中证A500ETF,指数型-股票,存续,2024-11-21,,2024-11-21,tushare_fund_basic,博时基金管理有限公司,,159357.SZ,159357,True
159358,大成中证A500ETF,指数型-股票,存续,2024-11-22,,2024-11-22,tushare_fund_basic,大成基金管理有限公司,,159358.SZ,159358,True
159359,华安中证A500ETF,指数型-股票,存续,2024-11-19,,2024-11-19,tushare_fund_basic,华安基金管理有限公司,,159359.SZ,159359,True
159360,天弘中证A500ETF,指数型-股票,存续,2024-11-20,,2024-11-20,tushare_fund_basic,天弘基金管理有限公司,,159360.SZ,159360,True
159361,易方达中证A500ETF,指数型-股票,存续,2024-11-12,,2024-11-12,tushare_fund_basic,易方达基金管理有限公司,,159361.SZ,159361,True
159362,工银瑞信中证A500ETF,指数型-股票,存续,2024-11-19,,2024-11-19,tushare_fund_basic,工银瑞信基金管理有限公司,,159362.SZ,159362,True
159363,华宝创业板人工智能ETF,指数型-股票,存续,2024-12-06,,2024-12-06,tushare_fund_basic,华宝基金管理有限公司,,159363.SZ,159363,True
159365,富国恒指港股通ETF,指数型-海外股票,存续,2025-06-18,,2025-06-18,tushare_fund_basic,富国基金管理有限公司,,159365.SZ,159365,True
159366,永赢中证港股通医疗主题ETF,指数型-海外股票,存续,2025-04-02,,2025-04-02,tushare_fund_basic,永赢基金管理有限公司,,159366.SZ,159366,True
159367,华夏创业板50ETF,指数型-股票,存续,2025-01-24,,2025-01-24,tushare_fund_basic,华夏基金管理有限公司,,159367.SZ,159367,True
159368,华夏创业板新能源ETF,指数型-股票,存续,2025-03-14,,2025-03-14,tushare_fund_basic,华夏基金管理有限公司,,159368.SZ,159368,True
159369,易方达创业板50ETF,指数型-股票,存续,2025-08-13,,2025-08-13,tushare_fund_basic,易方达基金管理有限公司,,159369.SZ,159369,True
159370,工银瑞信创业板50ETF,指数型-股票,存续,2025-01-10,,2025-01-10,tushare_fund_basic,工银瑞信基金管理有限公司,,159370.SZ,159370,True
159371,富国创业板50ETF,指数型-股票,存续,2025-01-24,,2025-01-24,tushare_fund_basic,富国基金管理有限公司,,159371.SZ,159371,True
159372,万家创业板50ETF,指数型-股票,存续,2025-05-26,,2025-05-26,tushare_fund_basic,万家基金管理有限公司,,159372.SZ,159372,True
159373,嘉实创业板50ETF,指数型-股票,存续,2025-01-23,,2025-01-23,tushare_fund_basic,嘉实基金管理有限公司,,159373.SZ,159373,True
159375,国泰创业板50ETF,指数型-股票,存续,2024-12-30,,2024-12-30,tushare_fund_basic,国泰基金管理有限公司,,159375.SZ,159375,True
159376,浦银中证A500ETF,指数型-股票,存续,2024-12-30,,2024-12-30,tushare_fund_basic,浦银基金管理有限公司,,159376.SZ,159376,True
159377,国泰创业板医药卫生ETF,指数型-股票,存续,2025-04-02,,2025-04-02,tushare_fund_basic,国泰基金管理有限公司,,159377.SZ,159377,True
159378,永赢国证通用航空产业ETF,指数型-股票,存续,2025-01-02,,2025-01-02,tushare_fund_basic,永赢基金管理有限公司,,159378.SZ,159378,True
159379,融通中证A500ETF,指数型-股票,存续,2025-01-09,,2025-01-09,tushare_fund_basic,融通基金管理有限公司,,159379.SZ,159379,True
159380,东财中证A500ETF,指数型-股票,存续,2024-12-30,,2024-12-30,tushare_fund_basic,东财基金管理有限公司,,159380.SZ,159380,True
159381,华夏创业板人工智能ETF,指数型-股票,存续,2025-03-14,,2025-03-14,tushare_fund_basic,华夏基金管理有限公司,,159381.SZ,159381,True
159382,南方创业板人工智能ETF,指数型-股票,存续,2025-04-23,,2025-04-23,tushare_fund_basic,南方基金管理股份有限公司,,159382.SZ,159382,True
159383,华泰柏瑞创业板50ETF,指数型-股票,存续,2025-02-05,,2025-02-05,tushare_fund_basic,华泰柏瑞基金管理有限公司,,159383.SZ,159383,True
159385,富国中证诚通国企数字经济ETF,指数型-股票,存续,2025-05-21,,2025-05-21,tushare_fund_basic,富国基金管理有限公司,,159385.SZ,159385,True
159386,永赢中证A500ETF,指数型-股票,存续,2025-01-24,,2025-01-24,tushare_fund_basic,永赢基金管理有限公司,,159386.SZ,159386,True
159387,国泰创业板新能源ETF,指数型-股票,存续,2025-05-28,,2025-05-28,tushare_fund_basic,国泰基金管理有限公司,,159387.SZ,159387,True
159388,国泰创业板人工智能ETF,指数型-股票,存续,2025-03-26,,2025-03-26,tushare_fund_basic,国泰基金管理有限公司,,159388.SZ,159388,True
159389,嘉实中证诚通国企数字经济ETF,指数型-股票,存续,2025-05-22,,2025-05-22,tushare_fund_basic,嘉实基金管理有限公司,,159389.SZ,159389,True
159390,国联中证A50ETF,指数型-股票,存续,2025-03-26,,2025-03-26,tushare_fund_basic,国联基金管理有限公司,,159390.SZ,159390,True
159391,博时国证大盘价值ETF,指数型-股票,存续,2025-04-03,,2025-04-03,tushare_fund_basic,博时基金管理有限公司,,159391.SZ,159391,True
159392,富国国证通用航空产业ETF,指数型-股票,存续,2025-04-30,,2025-04-30,tushare_fund_basic,富国基金管理有限公司,,159392.SZ,159392,True
159393,万家沪深300ETF,指数型-股票,存续,2025-02-25,,2025-02-25,tushare_fund_basic,万家基金管理有限公司,,159393.SZ,159393,True
159399,国泰富时中国A股自由现金流聚焦ETF,指数型-股票,存续,2025-02-19,,2025-02-19,tushare_fund_basic,国泰基金管理有限公司,,159399.SZ,159399,True
159500,富国中证500ETF,指数型-股票,存续,2025-08-20,,2025-08-20,tushare_fund_basic,富国基金管理有限公司,,159500.SZ,159500,True
159501,嘉实纳斯达克100ETF(QDII),指数型-海外股票,存续,2023-05-31,,2023-05-31,tushare_fund_basic,嘉实基金管理有限公司,,159501.SZ,159501,True
159502,嘉实标普生物科技精选行业ETF(QDII),指数型-海外股票,存续,2023-12-26,,2023-12-26,tushare_fund_basic,嘉实基金管理有限公司,,159502.SZ,159502,True
159503,鹏扬国证财富管理ETF,指数型-股票,清盘,2023-06-29,2024-07-19,2023-06-29,tushare_fund_basic,鹏扬基金管理有限公司,2024-07-19,159503.SZ,159503,True
159505,博时国证2000ETF,指数型-股票,存续,2023-11-23,,2023-11-23,tushare_fund_basic,博时基金管理有限公司,,159505.SZ,159505,True
159506,富国恒生港股通创新药及医疗保健ETF,指数型-海外股票,存续,2023-06-14,,2023-06-14,tushare_fund_basic,富国基金管理有限公司,,159506.SZ,159506,True
159507,广发国证通信ETF,指数型-股票,存续,2023-06-08,,2023-06-08,tushare_fund_basic,广发基金管理有限公司,,159507.SZ,159507,True
159508,华安国证生物医药ETF,指数型-股票,存续,2023-06-29,,2023-06-29,tushare_fund_basic,华安基金管理有限公司,,159508.SZ,159508,True
159509,景顺长城纳斯达克科技市值加权ETF(QDII),指数型-海外股票,存续,2023-07-19,,2023-07-19,tushare_fund_basic,景顺长城基金管理有限公司,,159509.SZ,159509,True
159510,华夏中证智选300价值稳健策略ETF,指数型-股票,存续,2023-07-31,,2023-07-31,tushare_fund_basic,华夏基金管理有限公司,,159510.SZ,159510,True
159511,南方中证通信服务ETF,指数型-股票,存续,2023-07-28,,2023-07-28,tushare_fund_basic,南方基金管理股份有限公司,,159511.SZ,159511,True
159512,广发中证全指汽车ETF,指数型-股票,存续,2023-07-13,,2023-07-13,tushare_fund_basic,广发基金管理有限公司,,159512.SZ,159512,True
159513,大成纳斯达克100ETF(QDII),指数型-海外股票,存续,2023-07-12,,2023-07-12,tushare_fund_basic,大成基金管理有限公司,,159513.SZ,159513,True
159515,鹏扬中证国有企业红利ETF,指数型-股票,存续,2023-08-25,,2023-08-25,tushare_fund_basic,鹏扬基金管理有限公司,,159515.SZ,159515,True
159516,国泰中证半导体材料设备主题ETF,指数型-股票,存续,2023-07-19,,2023-07-19,tushare_fund_basic,国泰基金管理有限公司,,159516.SZ,159516,True
159517,银华中证800增强策略ETF,指数型-股票,存续,2023-08-23,,2023-08-23,tushare_fund_basic,银华基金管理股份有限公司,,159517.SZ,159517,True
159518,嘉实标普石油天然气勘探及生产精选行业ETF(QDII),指数型-海外股票,存续,2023-11-01,,2023-11-01,tushare_fund_basic,嘉实基金管理有限公司,,159518.SZ,159518,True
159519,国泰中证香港内地国有企业ETF(QDII),指数型-海外股票,存续,2023-08-23,,2023-08-23,tushare_fund_basic,国泰基金管理有限公司,,159519.SZ,159519,True
159520,工银瑞信中证消费龙头ETF,指数型-股票,存续,2023-10-19,,2023-10-19,tushare_fund_basic,工银瑞信基金管理有限公司,,159520.SZ,159520,True
159521,平安国证2000ETF,指数型-股票,存续,2023-08-25,,2023-08-25,tushare_fund_basic,平安基金管理有限公司,,159521.SZ,159521,True
159522,景顺长城国证2000ETF,指数型-股票,清盘,2023-09-13,2024-08-28,2023-09-13,tushare_fund_basic,景顺长城基金管理有限公司,2024-08-28,159522.SZ,159522,True
159523,华夏中证智选300成长创新策略ETF,指数型-股票,存续,2023-09-05,,2023-09-05,tushare_fund_basic,华夏基金管理有限公司,,159523.SZ,159523,True
159525,富国中证红利低波动ETF,指数型-股票,存续,2024-05-07,,2024-05-07,tushare_fund_basic,富国基金管理有限公司,,159525.SZ,159525,True
159526,嘉实中证机器人ETF,指数型-股票,存续,2024-04-16,,2024-04-16,tushare_fund_basic,嘉实基金管理有限公司,,159526.SZ,159526,True
159527,广发中证云计算与大数据主题ETF,指数型-股票,存续,2024-01-22,,2024-01-22,tushare_fund_basic,广发基金管理有限公司,,159527.SZ,159527,True
159528,富国中证国有企业改革ETF,指数型-股票,存续,2024-05-07,,2024-05-07,tushare_fund_basic,富国基金管理有限公司,,159528.SZ,159528,True
159529,景顺长城标普消费精选ETF(QDII),指数型-海外股票,存续,2024-01-24,,2024-01-24,tushare_fund_basic,景顺长城基金管理有限公司,,159529.SZ,159529,True
159530,易方达国证机器人产业ETF,指数型-股票,存续,2024-01-10,,2024-01-10,tushare_fund_basic,易方达基金管理有限公司,,159530.SZ,159530,True
159531,南方中证2000ETF,指数型-股票,存续,2023-09-07,,2023-09-07,tushare_fund_basic,南方基金管理股份有限公司,,159531.SZ,159531,True
159532,易方达中证2000ETF,指数型-股票,存续,2023-09-13,,2023-09-13,tushare_fund_basic,易方达基金管理有限公司,,159532.SZ,159532,True
159533,博时中证2000ETF,指数型-股票,存续,2024-05-28,,2024-05-28,tushare_fund_basic,博时基金管理有限公司,,159533.SZ,159533,True
159535,嘉实中证2000ETF,指数型-股票,存续,2023-09-14,,2023-09-14,tushare_fund_basic,嘉实基金管理有限公司,,159535.SZ,159535,True
159536,汇添富中证2000ETF,指数型-股票,存续,2023-09-13,,2023-09-13,tushare_fund_basic,汇添富基金管理股份有限公司,,159536.SZ,159536,True
159537,国泰国证信息技术创新主题ETF,指数型-股票,存续,2023-09-20,,2023-09-20,tushare_fund_basic,国泰基金管理有限公司,,159537.SZ,159537,True
159538,富国国证信息技术创新主题ETF,指数型-股票,存续,2023-09-14,,2023-09-14,tushare_fund_basic,富国基金管理有限公司,,159538.SZ,159538,True
159539,广发国证信息技术创新主题ETF,指数型-股票,存续,2023-09-20,,2023-09-20,tushare_fund_basic,广发基金管理有限公司,,159539.SZ,159539,True
159540,易方达国证信息技术创新主题ETF,指数型-股票,存续,2023-09-20,,2023-09-20,tushare_fund_basic,易方达基金管理有限公司,,159540.SZ,159540,True
159541,万家创业板综合ETF,指数型-股票,存续,2023-10-18,,2023-10-18,tushare_fund_basic,万家基金管理有限公司,,159541.SZ,159541,True
159542,大成中证工程机械主题ETF,指数型-股票,存续,2024-05-28,,2024-05-28,tushare_fund_basic,大成基金管理有限公司,,159542.SZ,159542,True
159543,工银瑞信国证2000ETF,指数型-股票,存续,2023-11-09,,2023-11-09,tushare_fund_basic,工银瑞信基金管理有限公司,,159543.SZ,159543,True
159545,易方达恒生港股通高股息低波动ETF,指数型-海外股票,存续,2024-03-27,,2024-03-27,tushare_fund_basic,易方达基金管理有限公司,,159545.SZ,159545,True
159546,国泰中证全指集成电路ETF,指数型-股票,存续,2023-10-11,,2023-10-11,tushare_fund_basic,国泰基金管理有限公司,,159546.SZ,159546,True
159547,华夏中证红利低波动ETF,指数型-股票,存续,2024-01-25,,2024-01-25,tushare_fund_basic,华夏基金管理有限公司,,159547.SZ,159547,True
159549,天弘中证红利低波动100ETF,指数型-股票,存续,2023-11-23,,2023-11-23,tushare_fund_basic,天弘基金管理有限公司,,159549.SZ,159549,True
159550,东财中证沪港深互联网ETF,指数型-股票,存续,2025-06-18,,2025-06-18,tushare_fund_basic,东财基金管理有限公司,,159550.SZ,159550,True
159551,国泰中证机器人ETF,指数型-股票,存续,2023-11-08,,2023-11-08,tushare_fund_basic,国泰基金管理有限公司,,159551.SZ,159551,True
159552,招商中证2000增强策略ETF,指数型-股票,存续,2024-06-19,,2024-06-19,tushare_fund_basic,招商基金管理有限公司,,159552.SZ,159552,True
159553,海富通中证2000增强策略ETF,指数型-股票,存续,2024-03-27,,2024-03-27,tushare_fund_basic,海富通基金管理有限公司,,159553.SZ,159553,True
159555,银华中证2000增强策略ETF,指数型-股票,存续,2023-12-01,,2023-12-01,tushare_fund_basic,银华基金管理股份有限公司,,159555.SZ,159555,True
159556,平安中证2000增强策略ETF,指数型-股票,存续,2023-12-27,,2023-12-27,tushare_fund_basic,平安基金管理有限公司,,159556.SZ,159556,True
159557,嘉实恒生医疗保健ETF(QDII),指数型-海外股票,存续,2024-05-07,,2024-05-07,tushare_fund_basic,嘉实基金管理有限公司,,159557.SZ,159557,True
159558,易方达中证半导体材料设备主题ETF,指数型-股票,存续,2024-06-06,,2024-06-06,tushare_fund_basic,易方达基金管理有限公司,,159558.SZ,159558,True
159559,景顺长城国证机器人产业ETF,指数型-股票,存续,2023-11-30,,2023-11-30,tushare_fund_basic,景顺长城基金管理有限公司,,159559.SZ,159559,True
159560,景顺长城中证芯片产业ETF,指数型-股票,存续,2023-11-09,,2023-11-09,tushare_fund_basic,景顺长城基金管理有限公司,,159560.SZ,159560,True
159561,嘉实德国DAXETF(QDII),指数型-海外股票,存续,2024-04-03,,2024-04-03,tushare_fund_basic,嘉实基金管理有限公司,,159561.SZ,159561,True
159562,华夏中证沪深港黄金产业股票ETF,指数型-股票,存续,2024-01-11,,2024-01-11,tushare_fund_basic,华夏基金管理有限公司,,159562.SZ,159562,True
159563,华夏创业板综合ETF,指数型-股票,存续,2024-02-01,,2024-02-01,tushare_fund_basic,华夏基金管理有限公司,,159563.SZ,159563,True
159565,易方达中证汽车零部件主题ETF,指数型-股票,存续,2024-02-08,,2024-02-08,tushare_fund_basic,易方达基金管理有限公司,,159565.SZ,159565,True
159566,易方达国证新能源电池ETF,指数型-股票,存续,2024-01-31,,2024-01-31,tushare_fund_basic,易方达基金管理有限公司,,159566.SZ,159566,True
159567,银华国证港股通创新药ETF,指数型-海外股票,存续,2024-01-03,,2024-01-03,tushare_fund_basic,银华基金管理股份有限公司,,159567.SZ,159567,True
159568,博时中证港股通互联网ETF,指数型-海外股票,存续,2024-02-08,,2024-02-08,tushare_fund_basic,博时基金管理有限公司,,159568.SZ,159568,True
159569,景顺长城国证港股通红利低波动率ETF,指数型-海外股票,存续,2024-08-14,,2024-08-14,tushare_fund_basic,景顺长城基金管理有限公司,,159569.SZ,159569,True
159570,汇添富国证港股通创新药ETF,指数型-海外股票,存续,2023-12-28,,2023-12-28,tushare_fund_basic,汇添富基金管理股份有限公司,,159570.SZ,159570,True
159571,富国创业板200ETF,指数型-股票,存续,2023-12-20,,2023-12-20,tushare_fund_basic,富国基金管理有限公司,,159571.SZ,159571,True
159572,易方达创业板200ETF,指数型-股票,存续,2023-12-15,,2023-12-15,tushare_fund_basic,易方达基金管理有限公司,,159572.SZ,159572,True
159573,华夏创业板200ETF,指数型-股票,存续,2023-12-15,,2023-12-15,tushare_fund_basic,华夏基金管理有限公司,,159573.SZ,159573,True
159575,银华创业板200ETF,指数型-股票,存续,2023-12-20,,2023-12-20,tushare_fund_basic,银华基金管理股份有限公司,,159575.SZ,159575,True
159576,广发深证100ETF,指数型-股票,存续,2023-12-21,,2023-12-21,tushare_fund_basic,广发基金管理有限公司,,159576.SZ,159576,True
159577,汇添富MSCI美国50ETF(QDII),指数型-海外股票,存续,2024-02-05,,2024-02-05,tushare_fund_basic,汇添富基金管理股份有限公司,,159577.SZ,159577,True
159578,南方深证主板50ETF,指数型-股票,存续,2024-05-30,,2024-05-30,tushare_fund_basic,南方基金管理股份有限公司,,159578.SZ,159578,True
159579,华安深证主板50ETF,指数型-股票,清盘,2024-07-05,2025-03-20,2024-07-05,tushare_fund_basic,华安基金管理有限公司,2025-03-20,159579.SZ,159579,True
159581,万家中证红利ETF,指数型-股票,存续,2024-03-06,,2024-03-06,tushare_fund_basic,万家基金管理有限公司,,159581.SZ,159581,True
159582,博时中证半导体产业ETF,指数型-股票,存续,2024-04-08,,2024-04-08,tushare_fund_basic,博时基金管理有限公司,,159582.SZ,159582,True
159583,富国中证通信设备主题ETF,指数型-股票,存续,2024-06-28,,2024-06-28,tushare_fund_basic,富国基金管理有限公司,,159583.SZ,159583,True
159585,富国中证全指软件ETF,指数型-股票,发行,2024-06-26,,2024-06-26,tushare_fund_basic,富国基金,,159585.OF,159585,True
159586,南方中证全指计算机ETF,指数型-股票,存续,2024-03-07,,2024-03-07,tushare_fund_basic,南方基金管理股份有限公司,,159586.SZ,159586,True
159587,广发国证粮食产业ETF,指数型-股票,存续,2024-08-08,,2024-08-08,tushare_fund_basic,广发基金管理有限公司,,159587.SZ,159587,True
159588,景顺长城国证石油天然气ETF,指数型-股票,存续,2024-05-23,,2024-05-23,tushare_fund_basic,景顺长城基金管理有限公司,,159588.SZ,159588,True
159589,广发中证红利ETF,指数型-股票,存续,2024-03-14,,2024-03-14,tushare_fund_basic,广发基金管理有限公司,,159589.SZ,159589,True
159590,汇添富中证全指软件ETF,指数型-股票,存续,2024-10-28,,2024-10-28,tushare_fund_basic,汇添富基金管理股份有限公司,,159590.SZ,159590,True
159591,富国中证A50ETF,指数型-股票,存续,2024-03-07,,2024-03-07,tushare_fund_basic,富国基金管理有限公司,,159591.SZ,159591,True
159592,银华中证A50ETF,指数型-股票,存续,2024-03-06,,2024-03-06,tushare_fund_basic,银华基金管理股份有限公司,,159592.SZ,159592,True
159593,平安中证A50ETF,指数型-股票,存续,2024-03-04,,2024-03-04,tushare_fund_basic,平安基金管理有限公司,,159593.SZ,159593,True
159595,大成中证A50ETF,指数型-股票,存续,2024-03-06,,2024-03-06,tushare_fund_basic,大成基金管理有限公司,,159595.SZ,159595,True
159596,华宝中证A50ETF,指数型-股票,存续,2024-03-07,,2024-03-07,tushare_fund_basic,华宝基金管理有限公司,,159596.SZ,159596,True
159597,易方达创业板成长ETF,指数型-股票,存续,2024-05-08,,2024-05-08,tushare_fund_basic,易方达基金管理有限公司,,159597.SZ,159597,True
159599,东财中证芯片产业ETF,指数型-股票,存续,2024-04-19,,2024-04-19,tushare_fund_basic,东财基金管理有限公司,,159599.SZ,159599,True
159601,华夏MSCI中国A50互联互通ETF,指数型-海外股票,存续,2021-11-01,,2021-11-01,tushare_fund_basic,华夏基金管理有限公司,,159601.SZ,159601,True
159602,南方MSCI中国A50互联互通ETF,指数型-海外股票,存续,2021-10-29,,2021-10-29,tushare_fund_basic,南方基金管理股份有限公司,,159602.SZ,159602,True
159603,天弘中证科创创业50ETF,指数型-股票,存续,2022-05-26,,2022-05-26,tushare_fund_basic,天弘基金管理有限公司,,159603.SZ,159603,True
159605,广发中证海外中国互联网30ETF(QDII),指数型-海外股票,存续,2021-11-24,,2021-11-24,tushare_fund_basic,广发基金管理有限公司,,159605.SZ,159605,True
159606,易方达中证500质量成长ETF,指数型-股票,存续,2021-12-17,,2021-12-17,tushare_fund_basic,易方达基金管理有限公司,,159606.SZ,159606,True
159607,嘉实中证海外中国互联网30ETF(QDII),指数型-海外股票,存续,2021-11-24,,2021-11-24,tushare_fund_basic,嘉实基金管理有限公司,,159607.SZ,159607,True
159608,广发中证稀有金属主题ETF,指数型-股票,存续,2021-12-15,,2021-12-15,tushare_fund_basic,广发基金管理有限公司,,159608.SZ,159608,True
159609,浦银中证光伏产业ETF,指数型-股票,存续,2022-06-16,,2022-06-16,tushare_fund_basic,浦银基金管理有限公司,,159609.SZ,159609,True
159610,景顺长城中证500增强策略ETF,指数型-股票,存续,2021-12-13,,2021-12-13,tushare_fund_basic,景顺长城基金管理有限公司,,159610.SZ,159610,True
159611,广发中证全指电力公用事业ETF,指数型-股票,存续,2021-12-29,,2021-12-29,tushare_fund_basic,广发基金管理有限公司,,159611.SZ,159611,True
159612,国泰标普500ETF(QDII),指数型-海外股票,存续,2022-05-09,,2022-05-09,tushare_fund_basic,国泰基金管理有限公司,,159612.SZ,159612,True
159613,嘉实中证信息安全主题ETF,指数型-股票,存续,2022-01-19,,2022-01-19,tushare_fund_basic,嘉实基金管理有限公司,,159613.SZ,159613,True
159615,南方恒生生物科技ETF(QDII),指数型-海外股票,存续,2022-06-17,,2022-06-17,tushare_fund_basic,南方基金管理股份有限公司,,159615.SZ,159615,True
159616,建信中证农牧主题ETF,指数型-股票,存续,2022-07-21,,2022-07-21,tushare_fund_basic,建信基金管理有限责任公司,,159616.SZ,159616,True
159617,华夏中证智选500价值稳健策略ETF,指数型-股票,存续,2022-06-09,,2022-06-09,tushare_fund_basic,华夏基金管理有限公司,,159617.SZ,159617,True
159618,华安中证光伏产业ETF,指数型-股票,存续,2022-04-08,,2022-04-08,tushare_fund_basic,华安基金管理有限公司,,159618.SZ,159618,True
159619,国泰中证基建ETF,指数型-股票,存续,2022-02-09,,2022-02-09,tushare_fund_basic,国泰基金管理有限公司,,159619.SZ,159619,True
159620,华夏中证智选500成长创新策略ETF,指数型-股票,存续,2022-07-19,,2022-07-19,tushare_fund_basic,华夏基金管理有限公司,,159620.SZ,159620,True
159621,国泰MSCI中国A股ESG通用ETF,指数型-海外股票,存续,2022-08-30,,2022-08-30,tushare_fund_basic,国泰基金管理有限公司,,159621.SZ,159621,True
159622,东财中证沪港深创新药产业ETF,指数型-股票,存续,2023-04-21,,2023-04-21,tushare_fund_basic,东财基金管理有限公司,,159622.SZ,159622,True
159623,博时中证成渝地区双城经济圈成份ETF,指数型-股票,存续,2022-08-15,,2022-08-15,tushare_fund_basic,博时基金管理有限公司,,159623.SZ,159623,True
159625,嘉实国证绿色电力ETF,指数型-股票,存续,2022-04-21,,2022-04-21,tushare_fund_basic,嘉实基金管理有限公司,,159625.SZ,159625,True
159627,华夏中证A100ETF,指数型-股票,存续,2022-11-08,,2022-11-08,tushare_fund_basic,华夏基金管理有限公司,,159627.SZ,159627,True
159628,万家国证2000ETF,指数型-股票,存续,2022-06-29,,2022-06-29,tushare_fund_basic,万家基金管理有限公司,,159628.SZ,159628,True
159629,富国中证1000ETF,指数型-股票,存续,2022-07-27,,2022-07-27,tushare_fund_basic,富国基金管理有限公司,,159629.SZ,159629,True
159630,汇添富中证A100ETF,指数型-股票,存续,2022-10-20,,2022-10-20,tushare_fund_basic,汇添富基金管理股份有限公司,,159630.SZ,159630,True
159631,招商中证A100ETF,指数型-股票,存续,2022-08-18,,2022-08-18,tushare_fund_basic,招商基金管理有限公司,,159631.SZ,159631,True
159632,华安纳斯达克100ETF(QDII),指数型-海外股票,存续,2022-07-21,,2022-07-21,tushare_fund_basic,华安基金管理有限公司,,159632.SZ,159632,True
159633,易方达中证1000ETF,指数型-股票,存续,2022-07-28,,2022-07-28,tushare_fund_basic,易方达基金管理有限公司,,159633.SZ,159633,True
159635,华夏中证基建ETF,指数型-股票,存续,2022-06-28,,2022-06-28,tushare_fund_basic,华夏基金管理有限公司,,159635.SZ,159635,True
159636,工银瑞信国证港股通科技ETF,指数型-海外股票,存续,2022-06-30,,2022-06-30,tushare_fund_basic,工银瑞信基金管理有限公司,,159636.SZ,159636,True
159637,东财中证新能源汽车ETF,指数型-股票,存续,2022-08-19,,2022-08-19,tushare_fund_basic,东财基金管理有限公司,,159637.SZ,159637,True
159638,嘉实中证智选航空航天科技ETF,指数型-股票,存续,2022-08-05,,2022-08-05,tushare_fund_basic,嘉实基金管理有限公司,,159638.SZ,159638,True
159639,南方中证上海环交所碳中和ETF,指数型-股票,存续,2022-07-11,,2022-07-11,tushare_fund_basic,南方基金管理股份有限公司,,159639.SZ,159639,True
159640,工银瑞信中证上海环交所碳中和ETF,指数型-股票,存续,2022-07-13,,2022-07-13,tushare_fund_basic,工银瑞信基金管理有限公司,,159640.SZ,159640,True
159641,招商中证上海环交所碳中和ETF,指数型-股票,存续,2022-07-14,,2022-07-14,tushare_fund_basic,招商基金管理有限公司,,159641.SZ,159641,True
159642,大成中证上海环交所碳中和ETF,指数型-股票,存续,2022-07-13,,2022-07-13,tushare_fund_basic,大成基金管理有限公司,,159642.SZ,159642,True
159643,国泰国证疫苗与生物科技ETF,指数型-股票,存续,2022-08-10,,2022-08-10,tushare_fund_basic,国泰基金管理有限公司,,159643.SZ,159643,True
159645,富国国证疫苗与生物科技ETF,指数型-股票,存续,2022-09-16,,2022-09-16,tushare_fund_basic,富国基金管理有限公司,,159645.SZ,159645,True
159646,华泰柏瑞国证疫苗与生物科技ETF,指数型-股票,清盘,2022-08-11,2024-06-05,2022-08-11,tushare_fund_basic,华泰柏瑞基金管理有限公司,2024-06-05,159646.SZ,159646,True
159647,鹏华中证中药ETF,指数型-股票,存续,2022-07-20,,2022-07-20,tushare_fund_basic,鹏华基金管理有限公司,,159647.SZ,159647,True
159652,汇添富中证细分有色金属产业主题ETF,指数型-股票,存续,2023-01-16,,2023-01-16,tushare_fund_basic,汇添富基金管理股份有限公司,,159652.SZ,159652,True
159653,国联安国证ESG300ETF,指数型-股票,存续,2023-03-06,,2023-03-06,tushare_fund_basic,国联安基金管理有限公司,,159653.SZ,159653,True
159655,华夏标普500ETF(QDII),指数型-海外股票,存续,2022-10-12,,2022-10-12,tushare_fund_basic,华夏基金管理有限公司,,159655.SZ,159655,True
159656,万家沪深300成长ETF,指数型-股票,存续,2022-12-28,,2022-12-28,tushare_fund_basic,万家基金管理有限公司,,159656.SZ,159656,True
159657,鹏华国证疫苗与生物科技ETF,指数型-股票,存续,2023-02-22,,2023-02-22,tushare_fund_basic,鹏华基金管理有限公司,,159657.SZ,159657,True
159658,华安中证数字经济主题ETF,指数型-股票,存续,2022-09-27,,2022-09-27,tushare_fund_basic,华安基金管理有限公司,,159658.SZ,159658,True
159659,招商纳斯达克100ETF(QDII),指数型-海外股票,存续,2023-04-12,,2023-04-12,tushare_fund_basic,招商基金管理有限公司,,159659.SZ,159659,True
159660,汇添富纳斯达克100ETF(QDII),指数型-海外股票,存续,2023-03-30,,2023-03-30,tushare_fund_basic,汇添富基金管理股份有限公司,,159660.SZ,159660,True
159661,嘉实中证A100ETF,指数型-股票,存续,2023-11-23,,2023-11-23,tushare_fund_basic,嘉实基金管理有限公司,,159661.SZ,159661,True
159662,南方国证交通运输行业ETF,指数型-股票,存续,2022-11-23,,2022-11-23,tushare_fund_basic,南方基金管理股份有限公司,,159662.SZ,159662,True
159663,华夏中证机床ETF,指数型-股票,存续,2022-10-12,,2022-10-12,tushare_fund_basic,华夏基金管理有限公司,,159663.SZ,159663,True
159665,工银瑞信国证半导体芯片ETF,指数型-股票,存续,2022-12-22,,2022-12-22,tushare_fund_basic,工银瑞信基金管理有限公司,,159665.SZ,159665,True
159666,华夏中证全指运输ETF,指数型-股票,存续,2023-01-13,,2023-01-13,tushare_fund_basic,华夏基金管理有限公司,,159666.SZ,159666,True
159667,国泰中证机床ETF,指数型-股票,存续,2022-10-12,,2022-10-12,tushare_fund_basic,国泰基金管理有限公司,,159667.SZ,159667,True
159669,国泰国证绿色电力ETF,指数型-股票,存续,2022-12-29,,2022-12-29,tushare_fund_basic,国泰基金管理有限公司,,159669.SZ,159669,True
159670,国联安中证消费50ETF,指数型-股票,存续,2023-04-14,,2023-04-14,tushare_fund_basic,国联安基金管理有限公司,,159670.SZ,159670,True
159671,工银瑞信中证稀有金属主题ETF,指数型-股票,存续,2023-02-17,,2023-02-17,tushare_fund_basic,工银瑞信基金管理有限公司,,159671.SZ,159671,True
159672,博时中证主要消费ETF,指数型-股票,存续,2023-03-23,,2023-03-23,tushare_fund_basic,博时基金管理有限公司,,159672.SZ,159672,True
159673,鹏华沪深300ETF,指数型-股票,存续,2023-06-21,,2023-06-21,tushare_fund_basic,鹏华基金管理有限公司,,159673.SZ,159927,False
159675,嘉实创业板增强策略ETF,指数型-股票,存续,2022-11-24,,2022-11-24,tushare_fund_basic,嘉实基金管理有限公司,,159675.SZ,159675,True
159676,富国创业板增强策略ETF,指数型-股票,存续,2023-03-23,,2023-03-23,tushare_fund_basic,富国基金管理有限公司,,159676.SZ,159676,True
159677,银华中证1000增强策略ETF,指数型-股票,存续,2022-11-24,,2022-11-24,tushare_fund_basic,银华基金管理股份有限公司,,159677.SZ,159677,True
159678,博时中证500增强策略ETF,指数型-股票,存续,2023-02-13,,2023-02-13,tushare_fund_basic,博时基金管理有限公司,,159678.SZ,159678,True
159679,国泰中证1000增强策略ETF,指数型-股票,存续,2023-02-09,,2023-02-09,tushare_fund_basic,国泰基金管理有限公司,,159679.SZ,159679,True
159680,招商中证1000增强策略ETF,指数型-股票,存续,2022-11-18,,2022-11-18,tushare_fund_basic,招商基金管理有限公司,,159680.SZ,159680,True
159681,鹏华创业板50ETF,指数型-股票,存续,2022-12-21,,2022-12-21,tushare_fund_basic,鹏华基金管理有限公司,,159681.SZ,159681,True
159682,景顺长城创业板50ETF,指数型-股票,存续,2022-12-23,,2022-12-23,tushare_fund_basic,景顺长城基金管理有限公司,,159682.SZ,159682,True
159683,嘉实中证内地运输主题ETF,指数型-股票,清盘,2022-12-29,2025-01-15,2022-12-29,tushare_fund_basic,嘉实基金管理有限公司,2025-01-15,159683.SZ,159683,True
159685,天弘中证1000增强策略ETF,指数型-股票,存续,2023-03-15,,2023-03-15,tushare_fund_basic,天弘基金管理有限公司,,159685.SZ,159685,True
159686,易方达中证A100ETF,指数型-股票,存续,2023-07-11,,2023-07-11,tushare_fund_basic,易方达基金管理有限公司,,159686.SZ,159686,True
159687,南方基金南方东英富时亚太精选ETF(QDII),指数型-股票,存续,2022-12-16,,2022-12-16,tushare_fund_basic,南方基金管理股份有限公司,,159687.SZ,159687,True
159688,华安恒生互联网科技业ETF(QDII),指数型-海外股票,存续,2023-01-17,,2023-01-17,tushare_fund_basic,华安基金管理有限公司,,159688.SZ,159688,True
159689,南方中证主要消费ETF,指数型-股票,存续,2023-03-03,,2023-03-03,tushare_fund_basic,南方基金管理股份有限公司,,159689.SZ,159689,True
159690,招商中证有色金属矿业主题ETF,指数型-股票,存续,2023-06-21,,2023-06-21,tushare_fund_basic,招商基金管理有限公司,,159690.SZ,159690,True
159691,工银瑞信中证港股通高股息精选ETF,指数型-海外股票,存续,2023-03-30,,2023-03-30,tushare_fund_basic,工银瑞信基金管理有限公司,,159691.SZ,159691,True
159692,东财中证证券公司30ETF,指数型-股票,存续,2023-05-05,,2023-05-05,tushare_fund_basic,东财基金管理有限公司,,159692.SZ,159692,True
159693,华泰柏瑞中证有色金属矿业主题ETF,指数型-股票,清盘,2023-11-30,2024-06-07,2023-11-30,tushare_fund_basic,华泰柏瑞基金管理有限公司,2024-06-07,159693.SZ,159693,True
159695,嘉实国证通信ETF,指数型-股票,存续,2023-04-27,,2023-04-27,tushare_fund_basic,嘉实基金管理有限公司,,159695.SZ,159695,True
159696,易方达纳斯达克100ETF(QDII),指数型-海外股票,存续,2023-08-17,,2023-08-17,tushare_fund_basic,易方达基金管理有限公司,,159696.SZ,159696,True
159697,鹏华国证石油天然气ETF,指数型-股票,存续,2023-04-17,,2023-04-17,tushare_fund_basic,鹏华基金管理有限公司,,159697.SZ,159697,True
159698,鹏华国证粮食产业ETF,指数型-股票,存续,2023-07-26,,2023-07-26,tushare_fund_basic,鹏华基金管理有限公司,,159698.SZ,159698,True
159699,广发恒生消费ETF(QDII),指数型-海外股票,存续,2023-08-10,,2023-08-10,tushare_fund_basic,广发基金管理有限公司,,159699.SZ,159699,True
159701,招商中证物联网主题ETF,指数型-股票,存续,2021-12-15,,2021-12-15,tushare_fund_basic,招商基金管理有限公司,,159701.SZ,159701,True
159702,汇添富中证人工智能主题ETF,指数型-股票,清盘,2021-04-29,2022-11-29,2021-04-29,tushare_fund_basic,汇添富基金管理股份有限公司,2022-11-29,159702.SZ,159702,True
159703,天弘中证新材料主题ETF,指数型-股票,存续,2021-05-27,,2021-05-27,tushare_fund_basic,天弘基金管理有限公司,,159703.SZ,159703,True
159706,华安深证100ETF,指数型-股票,存续,2021-12-09,,2021-12-09,tushare_fund_basic,华安基金管理有限公司,,159706.SZ,159706,True
159707,华宝中证800地产ETF,指数型-股票,存续,2021-11-04,,2021-11-04,tushare_fund_basic,华宝基金管理有限公司,,159707.SZ,159707,True
159708,西部利得深证红利ETF,指数型-股票,存续,2021-06-18,,2021-06-18,tushare_fund_basic,西部利得基金管理有限公司,,159708.SZ,159708,True
159709,工银瑞信深证物联网50ETF,指数型-股票,存续,2021-06-18,,2021-06-18,tushare_fund_basic,工银瑞信基金管理有限公司,,159709.SZ,159709,True
159710,建信中证智能电动汽车ETF,指数型-股票,清盘,2021-07-15,2024-01-25,2021-07-15,tushare_fund_basic,建信基金管理有限责任公司,2024-01-25,159710.SZ,159710,True
159711,华夏中证港股通50ETF,指数型-海外股票,存续,2021-12-16,,2021-12-16,tushare_fund_basic,华夏基金管理有限公司,,159711.SZ,159711,True
159712,国泰中证港股通50ETF,指数型-海外股票,存续,2021-10-27,,2021-10-27,tushare_fund_basic,国泰基金管理有限公司,,159712.SZ,159712,True
159713,富国中证稀土产业ETF,指数型-股票,存续,2021-08-05,,2021-08-05,tushare_fund_basic,富国基金管理有限公司,,159713.SZ,159713,True
159715,易方达中证稀土产业ETF,指数型-股票,存续,2021-09-01,,2021-09-01,tushare_fund_basic,易方达基金管理有限公司,,159715.SZ,159715,True
159716,华宝深证100ETF,指数型-股票,存续,2021-06-18,,2021-06-18,tushare_fund_basic,华宝基金管理有限公司,,159716.SZ,159716,True
159717,鹏华国证ESG300ETF,指数型-股票,存续,2021-09-15,,2021-09-15,tushare_fund_basic,鹏华基金管理有限公司,,159717.SZ,159717,True
159718,平安中证港股通医药卫生综合ETF,指数型-海外股票,存续,2021-12-16,,2021-12-16,tushare_fund_basic,平安基金管理有限公司,,159718.SZ,159718,True
159719,平安富时中国国企开放共赢ETF,指数型-股票,存续,2021-12-17,,2021-12-17,tushare_fund_basic,平安基金管理有限公司,,159719.SZ,159719,True
159720,泰康中证智能电动汽车ETF,指数型-股票,存续,2021-07-07,,2021-07-07,tushare_fund_basic,泰康基金管理有限公司,,159720.SZ,159720,True
159721,永赢深证100ETF,指数型-股票,存续,2021-06-17,,2021-06-17,tushare_fund_basic,永赢基金管理有限公司,,159721.SZ,159721,True
159723,汇添富中证沪港深科技龙头ETF,指数型-股票,存续,2021-09-27,,2021-09-27,tushare_fund_basic,汇添富基金管理股份有限公司,,159723.SZ,159723,True
159725,工银瑞信中证线上消费主题ETF,指数型-股票,存续,2021-06-11,,2021-06-11,tushare_fund_basic,工银瑞信基金管理有限公司,,159725.SZ,159725,True
159726,华夏恒生港股通中国内地企业高股息率ETF,指数型-海外股票,存续,2021-11-11,,2021-11-11,tushare_fund_basic,华夏基金管理有限公司,,159726.SZ,159726,True
159728,南方国证在线消费ETF,指数型-股票,存续,2021-12-29,,2021-12-29,tushare_fund_basic,南方基金管理股份有限公司,,159728.SZ,159728,True
159729,汇添富中证沪港深互联网ETF,指数型-股票,存续,2021-07-08,,2021-07-08,tushare_fund_basic,汇添富基金管理股份有限公司,,159729.SZ,159729,True
159730,博时国证龙头家电ETF,指数型-股票,存续,2021-12-13,,2021-12-13,tushare_fund_basic,博时基金管理有限公司,,159730.SZ,159730,True
159731,华夏中证石化产业ETF,指数型-股票,存续,2021-12-02,,2021-12-02,tushare_fund_basic,华夏基金管理有限公司,,159731.SZ,159731,True
159732,华夏国证消费电子主题ETF,指数型-股票,存续,2021-08-12,,2021-08-12,tushare_fund_basic,华夏基金管理有限公司,,159732.SZ,159732,True
159733,景顺长城中证消费电子主题ETF,指数型-股票,清盘,2021-09-15,2024-03-06,2021-09-15,tushare_fund_basic,景顺长城基金管理有限公司,2024-03-06,159733.SZ,159733,True
159735,银华中证港股通消费主题ETF,指数型-海外股票,存续,2021-05-25,,2021-05-25,tushare_fund_basic,银华基金管理股份有限公司,,159735.SZ,159735,True
159736,天弘中证食品饮料ETF,指数型-股票,存续,2021-09-09,,2021-09-09,tushare_fund_basic,天弘基金管理有限公司,,159736.SZ,159736,True
159738,华泰柏瑞中证沪港深云计算产业ETF,指数型-股票,存续,2022-01-18,,2022-01-18,tushare_fund_basic,华泰柏瑞基金管理有限公司,,159738.SZ,159738,True
159739,鹏华中证云计算与大数据主题ETF,指数型-股票,存续,2021-11-03,,2021-11-03,tushare_fund_basic,鹏华基金管理有限公司,,159739.SZ,159739,True
159740,大成恒生科技ETF(QDII),指数型-海外股票,存续,2021-05-18,,2021-05-18,tushare_fund_basic,大成基金管理有限公司,,159740.SZ,159740,True
159741,嘉实恒生科技ETF(QDII),指数型-海外股票,存续,2021-05-26,,2021-05-26,tushare_fund_basic,嘉实基金管理有限公司,,159741.SZ,159741,True
159742,博时恒生科技ETF(QDII),指数型-海外股票,存续,2021-05-17,,2021-05-17,tushare_fund_basic,博时基金管理有限公司,,159742.SZ,159742,True
159743,博时中证湖北新旧动能转换ETF,指数型-股票,存续,2021-12-29,,2021-12-29,tushare_fund_basic,博时基金管理有限公司,,159743.SZ,159743,True
159745,国泰中证全指建筑材料ETF,指数型-股票,存续,2021-06-09,,2021-06-09,tushare_fund_basic,国泰基金管理有限公司,,159745.SZ,159745,True
159747,南方中证香港科技ETF(QDII),指数型-海外股票,存续,2021-07-02,,2021-07-02,tushare_fund_basic,南方基金管理股份有限公司,,159747.SZ,159747,True
159748,富国中证沪港深创新药产业ETF,指数型-股票,存续,2021-11-24,,2021-11-24,tushare_fund_basic,富国基金管理有限公司,,159748.SZ,159748,True
159750,招商中证香港科技ETF(QDII),指数型-海外股票,存续,2022-01-26,,2022-01-26,tushare_fund_basic,招商基金管理有限公司,,159750.SZ,159750,True
159751,鹏华中证港股通科技ETF,指数型-海外股票,存续,2021-12-10,,2021-12-10,tushare_fund_basic,鹏华基金管理有限公司,,159751.SZ,159751,True
159752,申万菱信中证内地新能源主题ETF,指数型-股票,存续,2021-07-20,,2021-07-20,tushare_fund_basic,申万菱信基金管理有限公司,,159752.SZ,159752,True
159755,广发国证新能源车电池ETF,指数型-股票,存续,2021-06-15,,2021-06-15,tushare_fund_basic,广发基金管理有限公司,,159755.SZ,159755,True
159756,中银证券国证新能源车电池ETF,指数型-股票,发行,2021-11-12,,2021-11-12,tushare_fund_basic,中银证券,,159756.OF,159756,True
159757,景顺长城国证新能源车电池ETF,指数型-股票,存续,2021-07-21,,2021-07-21,tushare_fund_basic,景顺长城基金管理有限公司,,159757.SZ,159757,True
159758,华夏中证红利质量ETF,指数型-股票,存续,2021-12-20,,2021-12-20,tushare_fund_basic,华夏基金管理有限公司,,159758.SZ,159758,True
159760,泰康国证公共卫生与医疗健康ETF,指数型-股票,存续,2021-12-06,,2021-12-06,tushare_fund_basic,泰康基金管理有限公司,,159760.SZ,159760,True
159761,国泰中证新材料主题ETF,指数型-股票,存续,2021-11-24,,2021-11-24,tushare_fund_basic,国泰基金管理有限公司,,159761.SZ,159761,True
159763,建信中证新材料主题ETF,指数型-股票,存续,2021-08-19,,2021-08-19,tushare_fund_basic,建信基金管理有限责任公司,,159763.SZ,159763,True
159766,富国中证旅游主题ETF,指数型-股票,存续,2021-07-15,,2021-07-15,tushare_fund_basic,富国基金管理有限公司,,159766.SZ,159766,True
159767,兴银国证新能源车电池ETF,指数型-股票,存续,2021-08-06,,2021-08-06,tushare_fund_basic,兴银基金管理有限责任公司,,159767.SZ,159767,True
159768,银华中证内地地产主题ETF,指数型-股票,存续,2022-01-27,,2022-01-27,tushare_fund_basic,银华基金管理股份有限公司,,159768.SZ,159768,True
159769,银华中证消费电子主题ETF,指数型-股票,清盘,2022-02-18,2024-07-10,2022-02-18,tushare_fund_basic,银华基金管理股份有限公司,2024-07-10,159769.SZ,159769,True
159770,天弘中证机器人ETF,指数型-股票,存续,2021-10-26,,2021-10-26,tushare_fund_basic,天弘基金管理有限公司,,159770.SZ,159770,True
159773,华泰柏瑞创业板科技ETF,指数型-股票,存续,2021-09-23,,2021-09-23,tushare_fund_basic,华泰柏瑞基金管理有限公司,,159773.SZ,159773,True
159775,建信国证新能源车电池ETF,指数型-股票,存续,2022-01-07,,2022-01-07,tushare_fund_basic,建信基金管理有限责任公司,,159775.SZ,159775,True
159776,银华中证港股通医药卫生综合ETF,指数型-海外股票,存续,2022-03-07,,2022-03-07,tushare_fund_basic,银华基金管理股份有限公司,,159776.SZ,159776,True
159777,国联安创业板科技ETF,指数型-股票,存续,2021-09-27,,2021-09-27,tushare_fund_basic,国联安基金管理有限公司,,159777.SZ,159777,True
159778,鹏华中证工业互联网主题ETF,指数型-股票,存续,2022-01-25,,2022-01-25,tushare_fund_basic,鹏华基金管理有限公司,,159778.SZ,159778,True
159779,招商中证消费电子主题ETF,指数型-股票,存续,2021-11-18,,2021-11-18,tushare_fund_basic,招商基金管理有限公司,,159779.SZ,159779,True
159780,南方中证科创创业50ETF,指数型-股票,存续,2021-06-24,,2021-06-24,tushare_fund_basic,南方基金管理股份有限公司,,159780.SZ,159780,True
159781,易方达中证科创创业50ETF,指数型-股票,存续,2021-06-28,,2021-06-28,tushare_fund_basic,易方达基金管理有限公司,,159781.SZ,159781,True
159782,银华中证科创创业50ETF,指数型-股票,存续,2021-06-29,,2021-06-29,tushare_fund_basic,银华基金管理股份有限公司,,159782.SZ,159782,True
159783,华夏中证科创创业50ETF,指数型-股票,存续,2021-06-24,,2021-06-24,tushare_fund_basic,华夏基金管理有限公司,,159783.SZ,159783,True
159786,银华中证虚拟现实主题ETF,指数型-股票,存续,2021-07-29,,2021-07-29,tushare_fund_basic,银华基金管理股份有限公司,,159786.SZ,159786,True
159787,易方达中证全指建筑材料ETF,指数型-股票,存续,2022-03-04,,2022-03-04,tushare_fund_basic,易方达基金管理有限公司,,159787.SZ,159787,True
159788,易方达中证港股通中国100ETF,指数型-海外股票,存续,2022-02-22,,2022-02-22,tushare_fund_basic,易方达基金管理有限公司,,159788.SZ,159788,True
159789,建信中证饮料主题ETF,指数型-股票,清盘,2021-11-25,2023-10-25,2021-11-25,tushare_fund_basic,建信基金管理有限责任公司,2023-10-25,159789.SZ,159789,True
159790,华夏中证内地低碳经济主题ETF,指数型-股票,存续,2021-07-30,,2021-07-30,tushare_fund_basic,华夏基金管理有限公司,,159790.SZ,159790,True
159791,华夏沪深300ESG基准ETF,指数型-股票,存续,2022-02-24,,2022-02-24,tushare_fund_basic,华夏基金管理有限公司,,159791.SZ,159791,True
159792,富国中证港股通互联网ETF,指数型-海外股票,存续,2021-09-15,,2021-09-15,tushare_fund_basic,富国基金管理有限公司,,159792.SZ,159792,True
159793,平安中证沪港深线上消费主题ETF,指数型-股票,存续,2021-11-09,,2021-11-09,tushare_fund_basic,平安基金管理有限公司,,159793.SZ,159793,True
159795,汇添富中证智能汽车主题ETF,指数型-股票,存续,2022-01-27,,2022-01-27,tushare_fund_basic,汇添富基金管理股份有限公司,,159795.SZ,159795,True
159796,汇添富中证电池主题ETF,指数型-股票,存续,2022-03-03,,2022-03-03,tushare_fund_basic,汇添富基金管理股份有限公司,,159796.SZ,159796,True
159797,汇添富中证全指医疗器械ETF,指数型-股票,存续,2022-04-28,,2022-04-28,tushare_fund_basic,汇添富基金管理股份有限公司,,159797.SZ,159797,True
159798,易方达中证消费50ETF,指数型-股票,存续,2022-04-28,,2022-04-28,tushare_fund_basic,易方达基金管理有限公司,,159798.SZ,159798,True
159799,平安中证港股通消费主题ETF,指数型-海外股票,发行,2021-11-18,,2021-11-18,tushare_fund_basic,平安基金,,159799.OF,159799,True
159800,鹏华中证800ETF,指数型-股票,存续,2024-06-27,,2024-06-27,tushare_fund_basic,鹏华基金管理有限公司,,159800.SZ,159800,True
159801,广发国证半导体芯片ETF,指数型-股票,存续,2020-01-20,,2020-01-20,tushare_fund_basic,广发基金管理有限公司,,159801.SZ,159801,True
159802,广发中证800ETF,指数型-股票,清盘,2020-04-13,2020-09-23,2020-04-13,tushare_fund_basic,广发基金管理有限公司,2020-09-23,159802.SZ,159802,True
159803,易方达中证浙江新动能ETF(QDII),指数型-股票,清盘,2020-04-27,2021-09-28,2020-04-27,tushare_fund_basic,易方达基金管理有限公司,2021-09-28,159803.SZ,159803,True
159804,国寿安保国证创业板中盘精选88ETF,指数型-股票,存续,2020-03-04,,2020-03-04,tushare_fund_basic,国寿安保基金管理有限公司,,159804.SZ,159804,True
159805,鹏华中证传媒ETF,指数型-股票,存续,2020-03-06,,2020-03-06,tushare_fund_basic,鹏华基金管理有限公司,,159805.SZ,159805,True
159806,国泰中证新能源汽车ETF,指数型-股票,存续,2020-03-10,,2020-03-10,tushare_fund_basic,国泰基金管理有限公司,,159806.SZ,159806,True
159807,易方达中证科技50ETF,指数型-股票,存续,2020-03-16,,2020-03-16,tushare_fund_basic,易方达基金管理有限公司,,159807.SZ,159807,True
159808,融通创业板ETF,指数型-股票,存续,2020-08-05,,2020-08-05,tushare_fund_basic,融通基金管理有限公司,,159808.SZ,159808,True
159809,博时恒生沪深港通大湾区综合ETF,指数型-海外股票,清盘,2020-04-30,2021-10-21,2020-04-30,tushare_fund_basic,博时基金管理有限公司,2021-10-21,159809.SZ,159809,True
159810,浦银创业板ETF,指数型-股票,存续,2020-06-12,,2020-06-12,tushare_fund_basic,浦银基金管理有限公司,,159810.SZ,159810,True
159811,博时中证5G产业50ETF,指数型-股票,存续,2020-03-27,,2020-03-27,tushare_fund_basic,博时基金管理有限公司,,159811.SZ,159811,True
159813,鹏华国证半导体芯片ETF,指数型-股票,存续,2020-04-17,,2020-04-17,tushare_fund_basic,鹏华基金管理有限公司,,159813.SZ,159813,True
159814,西部利得创业板大盘ETF,指数型-股票,存续,2020-06-19,,2020-06-19,tushare_fund_basic,西部利得基金管理有限公司,,159814.SZ,159814,True
159815,招商中证浙江100ETF,指数型-股票,清盘,2020-08-03,2023-04-28,2020-08-03,tushare_fund_basic,招商基金管理有限公司,2023-04-28,159815.SZ,159815,True
159819,易方达中证人工智能主题ETF,指数型-股票,存续,2020-07-27,,2020-07-27,tushare_fund_basic,易方达基金管理有限公司,,159819.SZ,159819,True
159820,天弘中证500ETF,指数型-股票,存续,2020-08-07,,2020-08-07,tushare_fund_basic,天弘基金管理有限公司,,159820.SZ,159820,True
159821,中银证券创业板ETF,指数型-股票,存续,2020-09-29,,2020-09-29,tushare_fund_basic,中银国际证券股份有限公司,,159821.SZ,159821,True
159822,银华工银南方东英标普中国新经济行业ETF(QDII),指数型-海外股票,存续,2020-09-29,,2020-09-29,tushare_fund_basic,银华基金管理股份有限公司,,159822.SZ,159822,True
159823,嘉实恒生中国企业ETF(QDII),指数型-海外股票,清盘,2020-09-24,2024-08-19,2020-09-24,tushare_fund_basic,嘉实基金管理有限公司,2024-08-19,159823.SZ,159823,True
159824,博时中证新能源汽车ETF,指数型-股票,存续,2020-12-10,,2020-12-10,tushare_fund_basic,博时基金管理有限公司,,159824.SZ,159824,True
159825,富国中证农业主题ETF,指数型-股票,存续,2020-12-10,,2020-12-10,tushare_fund_basic,富国基金管理有限公司,,159825.SZ,159825,True
159827,银华中证农业主题ETF,指数型-股票,存续,2020-12-10,,2020-12-10,tushare_fund_basic,银华基金管理股份有限公司,,159827.SZ,159827,True
159828,国泰中证医疗ETF,指数型-股票,存续,2020-12-24,,2020-12-24,tushare_fund_basic,国泰基金管理有限公司,,159828.SZ,159828,True
159835,建信中证创新药产业ETF,指数型-股票,存续,2021-03-11,,2021-03-11,tushare_fund_basic,建信基金管理有限责任公司,,159835.SZ,159835,True
159836,天弘创业板300ETF,指数型-股票,存续,2021-05-11,,2021-05-11,tushare_fund_basic,天弘基金管理有限公司,,159836.SZ,159836,True
159837,易方达中证生物科技主题ETF,指数型-股票,存续,2021-01-14,,2021-01-14,tushare_fund_basic,易方达基金管理有限公司,,159837.SZ,159837,True
159838,博时中证医药50ETF,指数型-股票,存续,2021-07-22,,2021-07-22,tushare_fund_basic,博时基金管理有限公司,,159838.SZ,159838,True
159839,汇添富国证生物医药ETF,指数型-股票,存续,2021-02-01,,2021-02-01,tushare_fund_basic,汇添富基金管理股份有限公司,,159839.SZ,159839,True
159840,工银瑞信国证新能源车电池ETF,指数型-股票,存续,2021-08-05,,2021-08-05,tushare_fund_basic,工银瑞信基金管理有限公司,,159840.SZ,159840,True
159841,天弘中证全指证券公司ETF,指数型-股票,存续,2021-01-28,,2021-01-28,tushare_fund_basic,天弘基金管理有限公司,,159841.SZ,159841,True
159842,银华中证全指证券公司ETF,指数型-股票,存续,2021-03-03,,2021-03-03,tushare_fund_basic,银华基金管理股份有限公司,,159842.SZ,159842,True
159843,招商国证食品饮料行业ETF,指数型-股票,存续,2021-01-25,,2021-01-25,tushare_fund_basic,招商基金管理有限公司,,159843.SZ,159843,True
159845,华夏中证1000ETF,指数型-股票,存续,2021-03-18,,2021-03-18,tushare_fund_basic,华夏基金管理有限公司,,159845.SZ,159845,True
159846,建信中证1000ETF,指数型-股票,清盘,2021-07-29,2022-01-05,2021-07-29,tushare_fund_basic,建信基金管理有限责任公司,2022-01-05,159846.SZ,159846,True
159847,易方达中证医疗ETF,指数型-股票,存续,2021-07-08,,2021-07-08,tushare_fund_basic,易方达基金管理有限公司,,159847.SZ,159847,True
159848,国联安中证全指证券公司ETF,指数型-股票,存续,2021-02-09,,2021-02-09,tushare_fund_basic,国联安基金管理有限公司,,159848.SZ,159848,True
159849,招商中证生物科技主题ETF,指数型-股票,存续,2021-02-08,,2021-02-08,tushare_fund_basic,招商基金管理有限公司,,159849.SZ,159849,True
159850,华夏恒生中国企业ETF(QDII),指数型-海外股票,存续,2021-02-01,,2021-02-01,tushare_fund_basic,华夏基金管理有限公司,,159850.SZ,159850,True
159851,华宝中证金融科技主题ETF,指数型-股票,存续,2021-03-04,,2021-03-04,tushare_fund_basic,华宝基金管理有限公司,,159851.SZ,159851,True
159852,嘉实中证软件服务ETF,指数型-股票,存续,2021-01-29,,2021-01-29,tushare_fund_basic,嘉实基金管理有限公司,,159852.SZ,159852,True
159853,南方中证科技100ETF,指数型-股票,清盘,2021-09-29,2023-11-27,2021-09-29,tushare_fund_basic,南方基金管理股份有限公司,2023-11-27,159853.SZ,159853,True
159855,银华中证影视主题ETF,指数型-股票,存续,2021-02-09,,2021-02-09,tushare_fund_basic,银华基金管理股份有限公司,,159855.SZ,159855,True
159856,工银瑞信中证沪港深互联网ETF,指数型-股票,存续,2021-01-22,,2021-01-22,tushare_fund_basic,工银瑞信基金管理有限公司,,159856.SZ,159856,True
159857,天弘中证光伏产业ETF,指数型-股票,存续,2021-02-04,,2021-02-04,tushare_fund_basic,天弘基金管理有限公司,,159857.SZ,159857,True
159858,南方中证创新药产业ETF,指数型-股票,存续,2021-03-12,,2021-03-12,tushare_fund_basic,南方基金管理股份有限公司,,159858.SZ,159858,True
159859,天弘国证生物医药ETF,指数型-股票,存续,2021-06-24,,2021-06-24,tushare_fund_basic,天弘基金管理有限公司,,159859.SZ,159859,True
159861,国泰中证环保产业50ETF,指数型-股票,存续,2021-03-19,,2021-03-19,tushare_fund_basic,国泰基金管理有限公司,,159861.SZ,159861,True
159862,银华中证细分食品饮料产业主题ETF,指数型-股票,存续,2021-10-26,,2021-10-26,tushare_fund_basic,银华基金管理股份有限公司,,159862.SZ,159862,True
159863,鹏华中证光伏产业ETF,指数型-股票,存续,2021-02-22,,2021-02-22,tushare_fund_basic,鹏华基金管理有限公司,,159863.SZ,159863,True
159864,国泰中证光伏产业ETF,指数型-股票,存续,2021-07-28,,2021-07-28,tushare_fund_basic,国泰基金管理有限公司,,159864.SZ,159864,True
159865,国泰中证畜牧养殖ETF,指数型-股票,存续,2021-03-01,,2021-03-01,tushare_fund_basic,国泰基金管理有限公司,,159865.SZ,159865,True
159866,工银瑞信大和日经225ETF(QDII),指数型-海外股票,存续,2021-03-24,,2021-03-24,tushare_fund_basic,工银瑞信基金管理有限公司,,159866.SZ,159866,True
159867,鹏华中证畜牧养殖ETF,指数型-股票,存续,2021-02-25,,2021-02-25,tushare_fund_basic,鹏华基金管理有限公司,,159867.SZ,159867,True
159869,华夏中证动漫游戏ETF,指数型-股票,存续,2021-02-25,,2021-02-25,tushare_fund_basic,华夏基金管理有限公司,,159869.SZ,159869,True
159870,鹏华中证细分化工产业主题ETF,指数型-股票,存续,2021-02-23,,2021-02-23,tushare_fund_basic,鹏华基金管理有限公司,,159870.SZ,159870,True
159871,银华中证有色金属ETF,指数型-股票,存续,2021-03-10,,2021-03-10,tushare_fund_basic,银华基金管理股份有限公司,,159871.SZ,159871,True
159872,鹏华中证车联网主题ETF,指数型-股票,存续,2021-06-16,,2021-06-16,tushare_fund_basic,鹏华基金管理有限公司,,159872.SZ,159872,True
159873,天弘中证全指医疗保健设备与服务ETF,指数型-股票,存续,2021-03-16,,2021-03-16,tushare_fund_basic,天弘基金管理有限公司,,159873.SZ,159873,True
159875,嘉实中证新能源ETF,指数型-股票,存续,2021-08-09,,2021-08-09,tushare_fund_basic,嘉实基金管理有限公司,,159875.SZ,159875,True
159876,华宝中证有色金属ETF,指数型-股票,存续,2021-03-12,,2021-03-12,tushare_fund_basic,华宝基金管理有限公司,,159876.SZ,159876,True
159877,南方中证全指医疗保健设备与服务ETF,指数型-股票,存续,2021-10-22,,2021-10-22,tushare_fund_basic,南方基金管理股份有限公司,,159877.SZ,159877,True
159880,鹏华国证有色金属行业ETF,指数型-股票,存续,2021-03-08,,2021-03-08,tushare_fund_basic,鹏华基金管理有限公司,,159880.SZ,159880,True
159881,国泰中证有色金属ETF,指数型-股票,存续,2021-06-17,,2021-06-17,tushare_fund_basic,国泰基金管理有限公司,,159881.SZ,159881,True
159883,永赢中证全指医疗器械ETF,指数型-股票,存续,2021-04-22,,2021-04-22,tushare_fund_basic,永赢基金管理有限公司,,159883.SZ,159883,True
159885,鹏华中证内地低碳经济主题ETF,指数型-股票,存续,2021-04-06,,2021-04-06,tushare_fund_basic,鹏华基金管理有限公司,,159885.SZ,159885,True
159886,富国中证细分机械设备产业主题ETF,指数型-股票,存续,2021-04-15,,2021-04-15,tushare_fund_basic,富国基金管理有限公司,,159886.SZ,159886,True
159887,富国中证800银行ETF,指数型-股票,存续,2021-05-12,,2021-05-12,tushare_fund_basic,富国基金管理有限公司,,159887.SZ,159887,True
159888,华夏中证智能汽车主题ETF,指数型-股票,存续,2021-05-13,,2021-05-13,tushare_fund_basic,华夏基金管理有限公司,,159888.SZ,159888,True
159889,国泰中证智能汽车主题ETF,指数型-股票,存续,2021-09-01,,2021-09-01,tushare_fund_basic,国泰基金管理有限公司,,159889.SZ,159889,True
159890,招商中证云计算与大数据主题ETF,指数型-股票,存续,2021-03-25,,2021-03-25,tushare_fund_basic,招商基金管理有限公司,,159890.SZ,159890,True
159891,建信中证全指医疗保健设备与服务ETF,指数型-股票,存续,2021-05-27,,2021-05-27,tushare_fund_basic,建信基金管理有限责任公司,,159891.SZ,159891,True
159892,华夏恒生生物科技ETF(QDII),指数型-海外股票,存续,2021-09-29,,2021-09-29,tushare_fund_basic,华夏基金管理有限公司,,159892.SZ,159892,True
159895,易方达中证物联网主题ETF,指数型-股票,存续,2021-10-13,,2021-10-13,tushare_fund_basic,易方达基金管理有限公司,,159895.SZ,159895,True
159896,南方中证物联网主题ETF,指数型-股票,存续,2021-11-15,,2021-11-15,tushare_fund_basic,南方基金管理股份有限公司,,159896.SZ,159896,True
159897,建信中证物联网主题ETF,指数型-股票,清盘,2021-06-03,2022-05-19,2021-06-03,tushare_fund_basic,建信基金管理有限责任公司,2022-05-19,159897.SZ,159897,True
159898,招商中证全指医疗器械ETF,指数型-股票,存续,2021-05-27,,2021-05-27,tushare_fund_basic,招商基金管理有限公司,,159898.SZ,159898,True
159899,招商中证全指软件ETF,指数型-股票,存续,2021-06-18,,2021-06-18,tushare_fund_basic,招商基金管理有限公司,,159899.SZ,159899,True
159901,易方达深证100ETF,指数型-股票,存续,2006-03-24,,2006-03-24,tushare_fund_basic,易方达基金管理有限公司,,159901.SZ,159901,True
159902,华夏中小企业100ETF,指数型-股票,存续,2006-06-08,,2006-06-08,tushare_fund_basic,华夏基金管理有限公司,,159902.SZ,159902,True
159903,南方深证成份ETF,指数型-股票,存续,2009-12-04,,2009-12-04,tushare_fund_basic,南方基金管理股份有限公司,,159903.SZ,159903,True
159905,工银瑞信深证红利ETF,指数型-股票,存续,2010-11-05,,2010-11-05,tushare_fund_basic,工银瑞信基金管理有限公司,,159905.SZ,159905,True
159906,大成深证成长40ETF,指数型-股票,存续,2010-12-21,,2010-12-21,tushare_fund_basic,大成基金管理有限公司,,159906.SZ,159906,True
159907,广发国证2000ETF,指数型-股票,存续,2011-06-03,,2011-06-03,tushare_fund_basic,广发基金管理有限公司,,159907.SZ,159907,True
159908,博时创业板ETF,指数型-股票,存续,2018-12-10,,2018-12-10,tushare_fund_basic,博时基金管理有限公司,,159908.SZ,159908,True
159909,招商深证电子信息传媒产业(TMT)50ETF,指数型-股票,存续,2011-06-27,,2011-06-27,tushare_fund_basic,招商基金管理有限公司,,159909.SZ,159909,True
159910,嘉实深证基本面120ETF,指数型-股票,存续,2011-08-01,,2011-08-01,tushare_fund_basic,嘉实基金管理有限公司,,159910.SZ,159910,True
159911,鹏华深证民营ETF,指数型-股票,清盘,2011-09-02,2020-06-19,2011-09-02,tushare_fund_basic,鹏华基金管理有限公司,2020-06-19,159911.SZ,159911,True
159912,汇添富深证300ETF,指数型-股票,存续,2011-09-16,,2011-09-16,tushare_fund_basic,汇添富基金管理股份有限公司,,159912.SZ,159912,True
159913,交银深证300价值ETF,指数型-股票,存续,2011-09-22,,2011-09-22,tushare_fund_basic,交银施罗德基金管理有限公司,,159913.SZ,159913,True
159915,易方达创业板ETF,指数型-股票,存续,2011-09-20,,2011-09-20,tushare_fund_basic,易方达基金管理有限公司,,159915.SZ,159915,True
159916,建信深证基本面60ETF,指数型-股票,存续,2011-09-08,,2011-09-08,tushare_fund_basic,建信基金管理有限责任公司,,159916.SZ,159916,True
159917,国泰中小板300成长ETF,指数型-股票,清盘,2012-03-15,2015-08-27,2012-03-15,tushare_fund_basic,国泰基金管理有限公司,2015-08-27,159917.SZ,159917,True
159918,嘉实中创400ETF,指数型-股票,存续,2012-03-22,,2012-03-22,tushare_fund_basic,嘉实基金管理有限公司,,159918.SZ,159918,True
159919,嘉实沪深300ETF,指数型-股票,存续,2012-05-07,,2012-05-07,tushare_fund_basic,嘉实基金管理有限公司,,159919.SZ,159919,True
159920,华夏恒生ETF(QDII),指数型-海外股票,存续,2012-08-09,,2012-08-09,tushare_fund_basic,华夏基金管理有限公司,,159920.SZ,159920,True
159921,诺安中小板等权重ETF,指数型-股票,清盘,2012-12-10,2017-11-08,2012-12-10,tushare_fund_basic,诺安基金管理有限公司,2017-11-08,159921.SZ,159921,True
159922,嘉实中证500ETF,指数型-股票,存续,2013-02-06,,2013-02-06,tushare_fund_basic,嘉实基金管理有限公司,,159922.SZ,159922,True
159923,大成中证A100ETF,指数型-股票,存续,2013-02-07,,2013-02-07,tushare_fund_basic,大成基金管理有限公司,,159923.SZ,159923,True
159924,景顺长城沪深300等权重ETF,指数型-股票,清盘,2013-05-07,2018-03-20,2013-05-07,tushare_fund_basic,景顺长城基金管理有限公司,2018-03-20,159924.SZ,159924,True
159925,南方沪深300ETF,指数型-股票,存续,2013-02-18,,2013-02-18,tushare_fund_basic,南方基金管理股份有限公司,,159925.SZ,159925,True
159927,鹏华沪深300ETF,指数型-股票,清盘,2013-07-19,2018-02-14,2013-07-19,tushare_fund_basic,鹏华基金管理有限公司,2018-02-14,159927.SZ,159927,True
159928,汇添富中证主要消费ETF,指数型-股票,存续,2013-08-23,,2013-08-23,tushare_fund_basic,汇添富基金管理股份有限公司,,159928.SZ,159928,True
159929,汇添富中证医药卫生ETF,指数型-股票,存续,2013-08-23,,2013-08-23,tushare_fund_basic,汇添富基金管理股份有限公司,,159929.SZ,159929,True
159930,汇添富中证能源ETF,指数型-股票,存续,2013-08-23,,2013-08-23,tushare_fund_basic,汇添富基金管理股份有限公司,,159930.SZ,159930,True
159931,汇添富中证金融地产ETF,指数型-股票,存续,2013-08-23,,2013-08-23,tushare_fund_basic,汇添富基金管理股份有限公司,,159931.SZ,159931,True
159932,大成中证500深市ETF,指数型-股票,清盘,2013-09-12,2022-11-22,2013-09-12,tushare_fund_basic,大成基金管理有限公司,2022-11-22,159932.SZ,159932,True
159933,国投瑞银沪深300金融地产ETF,指数型-股票,存续,2013-09-17,,2013-09-17,tushare_fund_basic,国投瑞银基金管理有限公司,,159933.SZ,159933,True
159935,景顺长城中证500ETF,指数型-股票,存续,2013-12-26,,2013-12-26,tushare_fund_basic,景顺长城基金管理有限公司,,159935.SZ,159935,True
159936,广发中证全指可选消费ETF,指数型-股票,存续,2014-06-03,,2014-06-03,tushare_fund_basic,广发基金管理有限公司,,159936.SZ,159936,True
159938,广发中证全指医药卫生ETF,指数型-股票,存续,2014-12-01,,2014-12-01,tushare_fund_basic,广发基金管理有限公司,,159938.SZ,159938,True
159939,广发中证全指信息技术ETF,指数型-股票,存续,2015-01-08,,2015-01-08,tushare_fund_basic,广发基金管理有限公司,,159939.SZ,159939,True
159940,广发中证全指金融地产ETF,指数型-股票,存续,2015-03-23,,2015-03-23,tushare_fund_basic,广发基金管理有限公司,,159940.SZ,159940,True
159941,广发纳斯达克100ETF(QDII),指数型-海外股票,存续,2015-06-10,,2015-06-10,tushare_fund_basic,广发基金管理有限公司,,159941.SZ,159941,True
159942,华润元大中创100ETF,指数型-股票,清盘,2015-05-25,2018-11-06,2015-05-25,tushare_fund_basic,华润元大基金管理有限公司,2018-11-06,159942.SZ,159942,True
159943,大成深证成份ETF,指数型-股票,存续,2015-06-05,,2015-06-05,tushare_fund_basic,大成基金管理有限公司,,159943.SZ,159943,True
159944,广发中证全指原材料ETF,指数型-股票,存续,2015-06-25,,2015-06-25,tushare_fund_basic,广发基金管理有限公司,,159944.SZ,159944,True
159945,广发中证全指能源ETF,指数型-股票,存续,2015-06-25,,2015-06-25,tushare_fund_basic,广发基金管理有限公司,,159945.SZ,159945,True
159946,广发中证全指主要消费ETF,指数型-股票,清盘,2015-07-01,2018-12-28,2015-07-01,tushare_fund_basic,广发基金管理有限公司,2018-12-28,159946.SZ,159946,True
159948,南方创业板ETF,指数型-股票,存续,2016-05-13,,2016-05-13,tushare_fund_basic,南方基金管理股份有限公司,,159948.SZ,159948,True
159949,华安创业板50ETF,指数型-股票,存续,2016-06-30,,2016-06-30,tushare_fund_basic,华安基金管理有限公司,,159949.SZ,159949,True
159950,易方达深证成指ETF,指数型-股票,清盘,2017-04-27,2019-07-12,2017-04-27,tushare_fund_basic,易方达基金管理有限公司,2019-07-12,159950.SZ,159950,True
159951,嘉实中关村A股ETF,指数型-股票,清盘,2017-06-07,2022-08-24,2017-06-07,tushare_fund_basic,嘉实基金管理有限公司,2022-08-24,159951.SZ,159951,True
159952,广发创业板ETF,指数型-股票,存续,2017-04-25,,2017-04-25,tushare_fund_basic,广发基金管理有限公司,,159952.SZ,159952,True
159953,广发中证全指工业ETF,指数型-股票,清盘,2017-06-13,2020-12-17,2017-06-13,tushare_fund_basic,广发基金管理有限公司,2020-12-17,159953.SZ,159953,True
159954,南方恒生中国企业ETF(QDII),指数型-海外股票,存续,2018-02-08,,2018-02-08,tushare_fund_basic,南方基金管理股份有限公司,,159954.SZ,159954,True
159955,嘉实创业板ETF,指数型-股票,清盘,2017-07-14,2022-11-30,2017-07-14,tushare_fund_basic,嘉实基金管理有限公司,2022-11-30,159955.SZ,159955,True
159956,建信创业板ETF,指数型-股票,存续,2018-02-06,,2018-02-06,tushare_fund_basic,建信基金管理有限责任公司,,159956.SZ,159956,True
159957,华夏创业板ETF,指数型-股票,存续,2017-12-08,,2017-12-08,tushare_fund_basic,华夏基金管理有限公司,,159957.SZ,159957,True
159958,工银瑞信创业板ETF,指数型-股票,存续,2017-12-25,,2017-12-25,tushare_fund_basic,工银瑞信基金管理有限公司,,159958.SZ,159958,True
159959,银华中证央企结构调整ETF,指数型-股票,存续,2018-10-22,,2018-10-22,tushare_fund_basic,银华基金管理股份有限公司,,159959.SZ,159959,True
159960,平安港股通恒生中国企业ETF,指数型-海外股票,存续,2018-09-21,,2018-09-21,tushare_fund_basic,平安基金管理有限公司,,159960.SZ,159960,True
159961,方正富邦深证100ETF,指数型-股票,存续,2018-11-02,,2018-11-02,tushare_fund_basic,方正富邦基金管理有限公司,,159961.SZ,159961,True
159962,华夏中证四川国企改革ETF,指数型-股票,清盘,2019-03-06,2022-11-09,2019-03-06,tushare_fund_basic,华夏基金管理有限公司,2022-11-09,159962.SZ,159962,True
159963,富国恒生中国企业ETF,指数型-海外股票,清盘,2019-03-07,2021-05-25,2019-03-07,tushare_fund_basic,富国基金管理有限公司,2021-05-25,159963.SZ,159963,True
159964,平安创业板ETF,指数型-股票,存续,2019-03-15,,2019-03-15,tushare_fund_basic,平安基金管理有限公司,,159964.SZ,159964,True
159965,国联央视财经50ETF,指数型-股票,存续,2019-03-19,,2019-03-19,tushare_fund_basic,国联基金管理有限公司,,159965.SZ,159965,True
159966,华夏创业板低波价值ETF,指数型-股票,存续,2019-06-14,,2019-06-14,tushare_fund_basic,华夏基金管理有限公司,,159966.SZ,159966,True
159967,华夏创业板动量成长ETF,指数型-股票,存续,2019-06-21,,2019-06-21,tushare_fund_basic,华夏基金管理有限公司,,159967.SZ,159967,True
159968,博时中证500ETF,指数型-股票,存续,2019-08-01,,2019-08-01,tushare_fund_basic,博时基金管理有限公司,,159968.SZ,159968,True
159969,银华深证100ETF,指数型-股票,清盘,2019-06-28,2026-03-12,2019-06-28,tushare_fund_basic,银华基金管理股份有限公司,2026-03-12,159969.SZ,159969,True
159970,工银瑞信深证100ETF,指数型-股票,存续,2019-12-19,,2019-12-19,tushare_fund_basic,工银瑞信基金管理有限公司,,159970.SZ,159970,True
159971,富国创业板ETF,指数型-股票,存续,2019-06-11,,2019-06-11,tushare_fund_basic,富国基金管理有限公司,,159971.SZ,159971,True
159973,弘毅远方国证民企领先100ETF,指数型-股票,存续,2019-07-16,,2019-07-16,tushare_fund_basic,弘毅远方基金管理有限公司,,159973.SZ,159973,True
159974,富国中证央企创新驱动ETF,指数型-股票,存续,2019-09-20,,2019-09-20,tushare_fund_basic,富国基金管理有限公司,,159974.SZ,159974,True
159975,招商深证100ETF,指数型-股票,存续,2019-11-07,,2019-11-07,tushare_fund_basic,招商基金管理有限公司,,159975.SZ,159975,True
159976,工银瑞信粤港澳大湾区创新100ETF,指数型-股票,存续,2019-11-01,,2019-11-01,tushare_fund_basic,工银瑞信基金管理有限公司,,159976.SZ,159976,True
159977,天弘创业板ETF,指数型-股票,存续,2019-09-12,,2019-09-12,tushare_fund_basic,天弘基金管理有限公司,,159977.SZ,159977,True
159978,建信中证沪港深粤港澳大湾区发展主题ETF,指数型-股票,清盘,2020-03-06,2023-01-12,2020-03-06,tushare_fund_basic,建信基金管理有限责任公司,2023-01-12,159978.SZ,159978,True
159979,广发粤港澳大湾区创新100ETF,指数型-股票,清盘,2019-12-16,2022-12-21,2019-12-16,tushare_fund_basic,广发基金管理有限公司,2022-12-21,159979.SZ,159979,True
159982,鹏华中证500ETF,指数型-股票,存续,2019-11-21,,2019-11-21,tushare_fund_basic,鹏华基金管理有限公司,,159982.SZ,159982,True
159983,华夏粤港澳大湾区创新100ETF,指数型-股票,清盘,2020-02-25,2024-01-05,2020-02-25,tushare_fund_basic,华夏基金管理有限公司,2024-01-05,159983.SZ,159983,True
159984,南方粤港澳大湾区创新100ETF,指数型-股票,清盘,2019-11-29,2023-07-10,2019-11-29,tushare_fund_basic,南方基金管理股份有限公司,2023-07-10,159984.SZ,159984,True
159986,弘毅远方国证消费100ETF,指数型-股票,清盘,2019-12-19,2022-10-27,2019-12-19,tushare_fund_basic,弘毅远方基金管理有限公司,2022-10-27,159986.SZ,159986,True
159987,银华中证研发创新100ETF,指数型-股票,清盘,2019-11-01,2024-09-03,2019-11-01,tushare_fund_basic,银华基金管理股份有限公司,2024-09-03,159987.SZ,159987,True
159990,银华巨潮小盘价值ETF,指数型-股票,清盘,2019-12-06,2024-07-17,2019-12-06,tushare_fund_basic,银华基金管理股份有限公司,2024-07-17,159990.SZ,159990,True
159991,招商创业板大盘ETF,指数型-股票,存续,2020-03-20,,2020-03-20,tushare_fund_basic,招商基金管理有限公司,,159991.SZ,159991,True
159992,银华中证创新药产业ETF,指数型-股票,存续,2020-03-20,,2020-03-20,tushare_fund_basic,银华基金管理股份有限公司,,159992.SZ,159992,True
159993,鹏华国证证券龙头ETF,指数型-股票,存续,2019-12-26,,2019-12-26,tushare_fund_basic,鹏华基金管理有限公司,,159993.SZ,159993,True
159994,银华中证5G通信主题ETF,指数型-股票,存续,2020-01-22,,2020-01-22,tushare_fund_basic,银华基金管理股份有限公司,,159994.SZ,159994,True
159995,华夏国证半导体芯片ETF,指数型-股票,存续,2020-01-20,,2020-01-20,tushare_fund_basic,华夏基金管理有限公司,,159995.SZ,159995,True
159996,国泰中证全指家用电器ETF,指数型-股票,存续,2020-02-27,,2020-02-27,tushare_fund_basic,国泰基金管理有限公司,,159996.SZ,159996,True
159997,天弘中证电子ETF,指数型-股票,存续,2020-02-27,,2020-02-27,tushare_fund_basic,天弘基金管理有限公司,,159997.SZ,159997,True
159998,天弘中证计算机主题ETF,指数型-股票,存续,2020-03-20,,2020-03-20,tushare_fund_basic,天弘基金管理有限公司,,159998.SZ,159998,True
159999,永赢中证500ETF,指数型-股票,清盘,2020-07-14,2023-03-20,2020-07-14,tushare_fund_basic,永赢基金管理有限公司,2023-03-20,159999.SZ,159999,True
160119,南方中证500ETF联接(LOF)-A,指数型-股票,存续,2009-09-25,,2009-09-25,tushare_fund_basic,南方基金管理股份有限公司,,160119.SZ,160119,True
160121,南方金砖四国指数(QDII),指数型-股票,清盘,2010-12-09,2020-09-18,2010-12-09,tushare_fund_basic,南方基金管理股份有限公司,2020-09-18,160121.OF,160121,True
160125,南方香港优选股票(QDII-LOF),股票型,存续,2015-05-13,,2015-05-13,tushare_fund_basic,南方基金管理股份有限公司,,160125.SZ,160125,True
160127,南方新兴消费增长股票(LOF)-A,股票型,存续,2020-11-17,,2020-11-17,tushare_fund_basic,南方基金管理股份有限公司,,160127.SZ,160127,True
160133,南方天元新产业股票(LOF),股票型,存续,2014-07-03,,2014-07-03,tushare_fund_basic,南方基金管理股份有限公司,,160133.SZ,160133,True
160135,南方中证高铁产业指数(LOF),指数型-股票,存续,2020-12-01,,2020-12-01,tushare_fund_basic,南方基金管理股份有限公司,,160135.SZ,160135,True
160136,南方中证国有企业改革指数(LOF)-A,指数型-股票,清盘,2020-12-01,2021-04-26,2020-12-01,tushare_fund_basic,南方基金管理股份有限公司,2021-04-26,160136.SZ,010722,False
160137,南方中证互联网指数(LOF)-A,股票型,存续,2020-12-01,,2020-12-01,tushare_fund_basic,南方基金管理股份有限公司,,160137.SZ,160137,True
160138,南方恒生中国企业精明指数(QDII-LOF)-A,指数型-海外股票,清盘,2017-04-26,2019-04-23,2017-04-26,tushare_fund_basic,南方基金管理股份有限公司,2019-04-23,160138.SZ,160138,True
160139,南方恒生中国企业精明指数(QDII-LOF)-C,指数型-海外股票,清盘,2017-04-26,2019-04-22,2017-04-26,tushare_fund_basic,南方基金管理股份有限公司,2019-04-22,160139.OF,160138,False
160142,南方优势产业灵活配置混合(LOF),混合型-灵活,存续,2018-07-05,,2018-07-05,tushare_fund_basic,南方基金管理股份有限公司,,160142.SZ,160142,True
1602121,国泰估值优势可分离,股票型,清盘,2010-02-10,2013-02-18,2010-02-10,tushare_fund_basic,国泰基金,2013-02-18,1602121.OF,1602121,True
160215,国泰价值经典灵活配置混合(LOF),混合型-灵活,存续,2010-08-13,,2010-08-13,tushare_fund_basic,国泰基金管理有限公司,,160215.SZ,160215,True
160218,国泰国证房地产行业指数-A,指数型-股票,存续,2021-01-01,,2021-01-01,tushare_fund_basic,国泰基金管理有限公司,,160218.SZ,160218,True
160219,国泰国证医药卫生行业指数-A,指数型-股票,存续,2021-01-01,,2021-01-01,tushare_fund_basic,国泰基金管理有限公司,,160219.SZ,160219,True
160220,国泰民益灵活配置混合(LOF)-A,混合型-灵活,存续,2013-12-30,,2013-12-30,tushare_fund_basic,国泰基金管理有限公司,,160220.SZ,160220,True
160221,国泰国证有色金属行业指数-A,指数型-股票,存续,2021-01-01,,2021-01-01,tushare_fund_basic,国泰基金管理有限公司,,160221.SZ,160221,True
160222,国泰国证食品饮料行业指数-A,指数型-股票,存续,2021-01-01,,2021-01-01,tushare_fund_basic,国泰基金管理有限公司,,160222.SZ,160222,True
160223,国泰创业板指数(LOF)-A,指数型-股票,存续,2016-11-11,,2016-11-11,tushare_fund_basic,国泰基金管理有限公司,,160223.SZ,160223,True
160225,国泰国证新能源汽车指数(LOF)-A,指数型-股票,存续,2016-07-01,,2016-07-01,tushare_fund_basic,国泰基金管理有限公司,,160225.SZ,160225,True
1602251,国泰国证新能源汽车指数分级,股票型,清盘,2015-08-27,2016-06-30,2015-08-27,tushare_fund_basic,国泰基金管理有限公司,2016-06-30,1602251.OF,1602251,True
160322,华夏港股通精选股票(LOF)-A,股票型,存续,2016-11-11,,2016-11-11,tushare_fund_basic,华夏基金管理有限公司,,160322.SZ,160322,True
160324,华夏磐晟灵活配置混合(LOF),混合型-灵活,存续,2018-12-14,,2018-12-14,tushare_fund_basic,华夏基金管理有限公司,,160324.SZ,160324,True
160326,华夏优选配置股票(FOF-LOF)-A,股票型,存续,2021-12-30,,2021-12-30,tushare_fund_basic,华夏基金管理有限公司,,160326.SZ,014092,False
160416,华安标普全球石油指数(QDII-LOF)-A,指数型-海外股票,存续,2012-03-29,,2012-03-29,tushare_fund_basic,华安基金管理有限公司,,160416.SZ,160416,True
160417,华安沪深300指数分级,指数型-股票,清盘,2012-06-25,2020-06-16,2012-06-25,tushare_fund_basic,华安基金管理有限公司,2020-06-16,160417.OF,160417,True
160418,华安中证银行ETF联接-A,股票型,存续,2021-01-01,,2021-01-01,tushare_fund_basic,华安基金管理有限公司,,160418.SZ,160418,True
160419,华安中证全指证券公司ETF联接-A,股票型,存续,2021-01-01,,2021-01-01,tushare_fund_basic,华安基金管理有限公司,,160419.SZ,160419,True
160420,华安创业板50指数-A,股票型,存续,2021-01-01,,2021-01-01,tushare_fund_basic,华安基金管理有限公司,,160420.SZ,160420,True
160421,华安智增精选灵活配置混合(LOF),混合型-灵活,存续,2016-09-13,,2016-09-13,tushare_fund_basic,华安基金管理有限公司,,160421.SZ,160421,True
160422,华安中证定向增发事件指数(LOF),股票型,清盘,2017-04-11,2018-11-08,2017-04-11,tushare_fund_basic,华安基金管理有限公司,2018-11-08,160422.SZ,160422,True
1604221,华安中证定向增发事件指数(LOF),股票型,清盘,2017-04-11,2018-11-08,2017-04-11,tushare_fund_basic,华安基金管理有限公司,2018-11-08,1604221.SZ,160422,False
160423,华安慧增优选,混合型-灵活,清盘,2018-02-06,2018-05-25,2018-02-06,tushare_fund_basic,华安基金,2018-05-25,160423.OF,160423,True
160516,博时中证全指证券公司ETF联接-A,股票型,存续,2020-08-07,,2020-08-07,tushare_fund_basic,博时基金管理有限公司,,160516.SZ,160516,True
1605161,博时中证800证券保险指数分级,股票型,清盘,2015-05-19,2020-08-06,2015-05-19,tushare_fund_basic,博时基金管理有限公司,2020-08-06,1605161.OF,1605161,True
1605171,博时中证银行指数分级,股票型,清盘,2015-06-09,2020-08-05,2015-06-09,tushare_fund_basic,博时基金管理有限公司,2020-08-05,1605171.OF,1605171,True
160518,博时睿远事件驱动灵活配置混合(LOF),混合型-灵活,存续,2017-10-17,,2017-10-17,tushare_fund_basic,博时基金管理有限公司,,160518.SZ,160518,True
160519,博时睿利事件驱动灵活配置混合(LOF),混合型-灵活,清盘,2017-12-04,2023-08-07,2017-12-04,tushare_fund_basic,博时基金管理有限公司,2023-08-07,160519.SZ,160519,True
160522,博时睿益事件驱动灵活配置混合(LOF),混合型-灵活,清盘,2018-02-23,2021-09-23,2018-02-23,tushare_fund_basic,博时基金管理有限公司,2021-09-23,160522.SZ,160522,True
160525,博时睿丰定期开放,混合型-灵活,清盘,2017-03-22,2018-10-30,2017-03-22,tushare_fund_basic,博时基金,2018-10-30,160525.OF,160525,True
160526,博时优势企业灵活配置混合(LOF)-A,混合型-灵活,存续,2019-06-03,,2019-06-03,tushare_fund_basic,博时基金管理有限公司,,160526.SZ,160526,True
160527,博时研究优选灵活配置混合(LOF)-A,混合型-灵活,存续,2020-03-20,,2020-03-20,tushare_fund_basic,博时基金管理有限公司,,160527.SZ,160527,True
160615,鹏华沪深300ETF联接(LOF)-A,指数型-股票,存续,2009-04-03,,2009-04-03,tushare_fund_basic,鹏华基金管理有限公司,,160615.SZ,160615,True
160616,鹏华中证500指数(LOF)-A,指数型-股票,存续,2010-02-05,,2010-02-05,tushare_fund_basic,鹏华基金管理有限公司,,160616.SZ,160616,True
160620,鹏华中证A股资源产业指数(LOF)-A,指数型-股票,存续,2021-01-01,,2021-01-01,tushare_fund_basic,鹏华基金管理有限公司,,160620.SZ,160620,True
160625,鹏华中证800证券保险指数(LOF)-A,指数型-股票,存续,2021-01-01,,2021-01-01,tushare_fund_basic,鹏华基金管理有限公司,,160625.SZ,160625,True
160626,鹏华中证信息技术指数(LOF)-A,指数型-股票,存续,2021-01-01,,2021-01-01,tushare_fund_basic,鹏华基金管理有限公司,,160626.SZ,160626,True
160628,鹏华中证800地产指数(LOF)-A,指数型-股票,存续,2021-01-01,,2021-01-01,tushare_fund_basic,鹏华基金管理有限公司,,160628.SZ,160628,True
160629,鹏华中证传媒指数(LOF)-A,指数型-股票,存续,2021-01-01,,2021-01-01,tushare_fund_basic,鹏华基金管理有限公司,,160629.SZ,160629,True
160630,鹏华中证国防指数(LOF)-A,指数型-股票,存续,2021-01-01,,2021-01-01,tushare_fund_basic,鹏华基金管理有限公司,,160630.SZ,160630,True
160631,鹏华中证银行指数(LOF)-A,指数型-股票,存续,2021-01-01,,2021-01-01,tushare_fund_basic,鹏华基金管理有限公司,,160631.SZ,160631,True
160632,鹏华中证酒指数(LOF)-A,指数型-股票,存续,2021-01-01,,2021-01-01,tushare_fund_basic,鹏华基金管理有限公司,,160632.SZ,160632,True
160633,鹏华中证全指证券公司指数(LOF)-A,指数型-股票,存续,2021-01-01,,2021-01-01,tushare_fund_basic,鹏华基金管理有限公司,,160633.SZ,160633,True
160634,鹏华中证环保产业指数(LOF)-A,股票型,存续,2021-01-01,,2021-01-01,tushare_fund_basic,鹏华基金管理有限公司,,160634.SZ,160634,True
160635,鹏华中证医药卫生指数(LOF)-A,指数型-股票,存续,2016-07-15,,2016-07-15,tushare_fund_basic,鹏华基金管理有限公司,,160635.SZ,160635,True
1606351,鹏华中证医药卫生指数分级,股票型,清盘,2015-08-17,2016-07-14,2015-08-17,tushare_fund_basic,鹏华基金管理有限公司,2016-07-14,1606351.OF,1606351,True
160636,鹏华中证移动互联网指数(LOF)-A,股票型,存续,2021-01-01,,2021-01-01,tushare_fund_basic,鹏华基金管理有限公司,,160636.SZ,160636,True
160637,鹏华创业板指数(LOF)-A,指数型-股票,存续,2021-01-01,,2021-01-01,tushare_fund_basic,鹏华基金管理有限公司,,160637.SZ,160637,True
160638,鹏华中证一带一路主题指数(LOF)-A,指数型-股票,存续,2021-01-01,,2021-01-01,tushare_fund_basic,鹏华基金管理有限公司,,160638.SZ,160638,True
160639,鹏华中证高铁产业指数(LOF)-A,指数型-股票,存续,2021-01-01,,2021-01-01,tushare_fund_basic,鹏华基金管理有限公司,,160639.SZ,160639,True
160640,鹏华中证新能源指数分级,指数型-股票,清盘,2015-05-29,2020-07-07,2015-05-29,tushare_fund_basic,鹏华基金管理有限公司,2020-07-07,160640.OF,160640,True
160642,鹏华增瑞灵活配置混合(LOF)-A,混合型-灵活,存续,2018-09-21,,2018-09-21,tushare_fund_basic,鹏华基金管理有限公司,,160642.SZ,160642,True
160643,鹏华中证空天一体军工指数(LOF)-A,指数型-股票,存续,2017-06-13,,2017-06-13,tushare_fund_basic,鹏华基金管理有限公司,,160643.SZ,160643,True
160644,鹏华香港美国互联网股票(QDII-LOF)-CNY,股票型,存续,2017-11-16,,2017-11-16,tushare_fund_basic,鹏华基金管理有限公司,,160644.SZ,160644,True
160646,鹏华中证沪港深科技龙头A,指数型-股票,存续,2021-12-07,,2021-12-07,tushare_fund_basic,鹏华基金,,160646.OF,160646,True
160706,嘉实沪深300ETF联接(LOF)-A,指数型-股票,存续,2005-08-29,,2005-08-29,tushare_fund_basic,嘉实基金管理有限公司,,160706.SZ,160706,True
160716,嘉实中证锐联基本面50指数(LOF)-A,指数型-股票,存续,2009-12-30,,2009-12-30,tushare_fund_basic,嘉实基金管理有限公司,,160716.SZ,160716,True
160717,嘉实恒生中国企业指数(QDII-LOF),指数型-海外股票,存续,2010-09-30,,2010-09-30,tushare_fund_basic,嘉实基金管理有限公司,,160717.SZ,160717,True
160722,嘉实惠泽灵活配置混合(LOF),混合型-灵活,存续,2018-03-30,,2018-03-30,tushare_fund_basic,嘉实基金管理有限公司,,160722.SZ,160722,True
160726,嘉实瑞享定开灵活配置混合,混合型-灵活,存续,2018-08-03,,2018-08-03,tushare_fund_basic,嘉实基金管理有限公司,,160726.SZ,160726,True
160806,长盛同庆中证800指数(LOF)-A,指数型-股票,存续,2012-05-12,,2012-05-12,tushare_fund_basic,长盛基金管理有限公司,,160806.SZ,150098,False
1608061,长盛同庆可分离交易股票,股票型,清盘,2009-05-12,2012-05-11,2009-05-12,tushare_fund_basic,长盛基金管理有限公司,2012-05-11,1608061.OF,1608061,True
1608062,长盛同庆中证800,指数型-股票,清盘,2012-05-12,2015-05-20,2012-05-12,tushare_fund_basic,长盛基金,2015-05-20,1608062.OF,1608062,True
160807,长盛沪深300指数(LOF)-A,指数型-股票,存续,2010-08-04,,2010-08-04,tushare_fund_basic,长盛基金管理有限公司,,160807.SZ,160807,True
160808,长盛同瑞中证200指数分级,指数型-股票,清盘,2011-12-06,2020-08-18,2011-12-06,tushare_fund_basic,长盛基金管理有限公司,2020-08-18,160808.OF,160808,True
160809,长盛同辉深证100等权重指数(LOF),指数型-股票,清盘,2017-09-13,2018-01-24,2017-09-13,tushare_fund_basic,长盛基金管理有限公司,2018-01-24,160809.SZ,160809,True
1608091,长盛同辉深证100等权重指数分级,股票型,清盘,2012-09-13,2017-09-12,2012-09-13,tushare_fund_basic,长盛基金管理有限公司,2017-09-12,1608091.OF,1608091,True
160812,长盛同益成长回报灵活配置混合(LOF),混合型-灵活,存续,2014-04-04,,2014-04-04,tushare_fund_basic,长盛基金管理有限公司,,160812.SZ,160812,True
160813,长盛同盛成长优选灵活配置混合(LOF),混合型-灵活,存续,2014-11-05,,2014-11-05,tushare_fund_basic,长盛基金管理有限公司,,160813.SZ,160813,True
160814,长盛中证金融地产,指数型-股票,清盘,2015-06-16,2023-09-25,2015-06-16,tushare_fund_basic,长盛基金,2023-09-25,160814.OF,160814,True
160919,大成产业升级股票(LOF)-A,股票型,存续,2014-12-26,,2014-12-26,tushare_fund_basic,大成基金管理有限公司,,160919.SZ,160919,True
160921,大成多策略灵活配置混合(LOF)-A,混合型-灵活,存续,2018-08-18,,2018-08-18,tushare_fund_basic,大成基金管理有限公司,,160921.SZ,160921,True
160922,大成恒生综合中小型股指数(QDII-LOF)-A,指数型-海外股票,清盘,2016-12-02,2023-02-17,2016-12-02,tushare_fund_basic,大成基金管理有限公司,2023-02-17,160922.SZ,160922,True
160924,大成恒生指数(QDII-LOF)-A,指数型-海外股票,存续,2017-08-10,,2017-08-10,tushare_fund_basic,大成基金管理有限公司,,160924.SZ,160924,True
160925,大成中华沪深港300指数(LOF)-A,指数型-股票,存续,2019-03-20,,2019-03-20,tushare_fund_basic,大成基金管理有限公司,,160925.SZ,160925,True
161017,富国中证500指数增强(LOF)-A,指数型-股票,存续,2011-10-12,,2011-10-12,tushare_fund_basic,富国基金管理有限公司,,161017.SZ,161017,True
161022,富国创业板ETF联接-A,指数型-股票,存续,2024-01-31,2024-01-31,2024-01-31,tushare_fund_basic,富国基金管理有限公司,2024-01-31,161022.OF,013277,False
1610221,富国创业板指数-A,股票型,清盘,2021-01-01,2024-01-31,2021-01-01,tushare_fund_basic,富国基金管理有限公司,2024-01-31,1610221.SZ,1610221,True
161024,富国中证军工指数-A,指数型-股票,存续,2021-01-01,,2021-01-01,tushare_fund_basic,富国基金管理有限公司,,161024.SZ,161024,True
161025,富国中证移动互联网指数-A,指数型-股票,存续,2021-01-01,,2021-01-01,tushare_fund_basic,富国基金管理有限公司,,161025.SZ,161025,True
161026,富国中证国有企业改革指数-A,指数型-股票,存续,2021-01-01,,2021-01-01,tushare_fund_basic,富国基金管理有限公司,,161026.SZ,161026,True
161027,富国中证全指证券公司指数-A,指数型-股票,存续,2021-01-01,,2021-01-01,tushare_fund_basic,富国基金管理有限公司,,161027.SZ,161027,True
161028,富国中证新能源汽车指数-A,指数型-股票,存续,2021-01-01,,2021-01-01,tushare_fund_basic,富国基金管理有限公司,,161028.SZ,161028,True
161029,富国中证银行指数-A,指数型-股票,存续,2019-05-10,,2019-05-10,tushare_fund_basic,富国基金管理有限公司,,161029.SZ,161029,True
1610291,富国中证银行指数分级,股票型,清盘,2015-04-30,2019-05-09,2015-04-30,tushare_fund_basic,富国基金管理有限公司,2019-05-09,1610291.OF,1610291,True
161030,富国中证体育产业指数-A,指数型-股票,存续,2021-01-01,,2021-01-01,tushare_fund_basic,富国基金管理有限公司,,161030.SZ,161030,True
161031,富国中证工业4.0指数-A,指数型-股票,存续,2021-01-01,,2021-01-01,tushare_fund_basic,富国基金管理有限公司,,161031.SZ,161031,True
161032,富国中证煤炭指数(LOF)-A,指数型-股票,存续,2021-01-01,,2021-01-01,tushare_fund_basic,富国基金管理有限公司,,161032.SZ,161032,True
161033,富国中证智能汽车指数(LOF)-A,指数型-股票,存续,2016-02-16,,2016-02-16,tushare_fund_basic,富国基金管理有限公司,,161033.SZ,161033,True
161035,富国中证医药主题指数增强(LOF)-A,指数型-股票,存续,2016-11-11,,2016-11-11,tushare_fund_basic,富国基金管理有限公司,,161035.SZ,161035,True
161036,富国中证娱乐主题指数增强(LOF)-A,指数型-股票,存续,2017-03-13,,2017-03-13,tushare_fund_basic,富国基金管理有限公司,,161036.SZ,161036,True
161037,富国中证高端制造指数增强(LOF)-A,指数型-股票,存续,2017-04-27,,2017-04-27,tushare_fund_basic,富国基金管理有限公司,,161037.SZ,161037,True
161039,富国中证1000指数增强(LOF)-A,指数型-股票,存续,2018-05-31,,2018-05-31,tushare_fund_basic,富国基金管理有限公司,,161039.SZ,161039,True
161118,易方达中小企业100指数(LOF)-A,指数型-股票,存续,2019-09-20,,2019-09-20,tushare_fund_basic,易方达基金管理有限公司,,161118.SZ,161118,True
1611181,易方达中小板指数分级,股票型,清盘,2012-09-20,2019-09-19,2012-09-20,tushare_fund_basic,易方达基金管理有限公司,2019-09-19,1611181.OF,1611181,True
161121,易方达中证银行ETF联接(LOF)-A,指数型-股票,存续,2020-08-07,,2020-08-07,tushare_fund_basic,易方达基金管理有限公司,,161121.SZ,161121,True
1611211,易方达银行指数分级,股票型,清盘,2015-06-03,2020-08-06,2015-06-03,tushare_fund_basic,易方达基金管理有限公司,2020-08-06,1611211.OF,1611211,True
161122,易方达中证万得生物科技指数(LOF)-A,指数型-股票,存续,2020-12-03,,2020-12-03,tushare_fund_basic,易方达基金管理有限公司,,161122.SZ,161122,True
161123,易方达中证万得并购重组指数(LOF),指数型-股票,存续,2021-01-01,,2021-01-01,tushare_fund_basic,易方达基金管理有限公司,,161123.SZ,161123,True
161124,易方达香港恒生综合小型股指数(QDII-LOF)-A,指数型-海外股票,存续,2016-11-02,,2016-11-02,tushare_fund_basic,易方达基金管理有限公司,,161124.SZ,161124,True
161125,易方达标普500指数(QDII-LOF)-A-CNY,指数型-海外股票,存续,2016-12-02,,2016-12-02,tushare_fund_basic,易方达基金管理有限公司,,161125.SZ,161125,True
161126,易方达标普医疗保健指数(QDII-LOF)-A-CNY,指数型-海外股票,存续,2016-11-28,,2016-11-28,tushare_fund_basic,易方达基金管理有限公司,,161126.SZ,161126,True
161127,易方达标普生物科技指数(QDII-LOF)-A-CNY,指数型-海外股票,存续,2016-12-13,,2016-12-13,tushare_fund_basic,易方达基金管理有限公司,,161127.SZ,161127,True
161128,易方达标普信息科技指数(QDII-LOF)-A-CNY,指数型-海外股票,存续,2016-12-13,,2016-12-13,tushare_fund_basic,易方达基金管理有限公司,,161128.SZ,161128,True
161130,易方达纳斯达克100ETF联接(QDII-LOF)-A-CNY,指数型-海外股票,存续,2017-06-23,,2017-06-23,tushare_fund_basic,易方达基金管理有限公司,,161130.SZ,161130,True
161132,易方达科顺定开灵活配置混合,混合型-灵活,存续,2018-10-26,,2018-10-26,tushare_fund_basic,易方达基金管理有限公司,,161132.SZ,161132,True
161207,国投瑞银瑞和沪深300指数分级,指数型-股票,清盘,2009-10-14,2020-08-27,2009-10-14,tushare_fund_basic,国投瑞银基金管理有限公司,2020-08-27,161207.OF,161207,True
161210,国投瑞银全球新兴市场精选股票(QDII-LOF),股票型,清盘,2010-06-10,2018-10-18,2010-06-10,tushare_fund_basic,国投瑞银基金管理有限公司,2018-10-18,161210.SZ,161210,True
161211,国投瑞银沪深300金融地产ETF联接,股票型,存续,2010-04-09,2013-11-04,2010-04-09,tushare_fund_basic,国投瑞银基金管理有限公司,2013-11-04,161211.SZ,161211,True
1612111,国投金融(退市),指数型-股票,清盘,2010-04-09,2013-11-05,2010-04-09,tushare_fund_basic,国投瑞银基金,2013-11-05,1612111.SZ,1612111,True
161213,国投瑞银中证下游消费与服务产业指数(LOF),指数型-股票,清盘,2010-12-16,2022-01-19,2010-12-16,tushare_fund_basic,国投瑞银基金管理有限公司,2022-01-19,161213.SZ,161213,True
161217,国投瑞银中证上游资源产业指数(LOF)-A,指数型-股票,存续,2011-07-21,,2011-07-21,tushare_fund_basic,国投瑞银基金管理有限公司,,161217.SZ,161217,True
161219,国投瑞银新兴产业混合(LOF)-A,混合型-灵活,存续,2011-12-13,,2011-12-13,tushare_fund_basic,国投瑞银基金管理有限公司,,161219.SZ,161219,True
161222,国投瑞银瑞利灵活配置混合(LOF)-A,混合型-灵活,存续,2015-02-05,,2015-02-05,tushare_fund_basic,国投瑞银基金管理有限公司,,161222.SZ,161222,True
161223,国投瑞银瑞泽中证创业成长指数分级,指数型-股票,清盘,2015-03-17,2020-06-24,2015-03-17,tushare_fund_basic,国投瑞银基金管理有限公司,2020-06-24,161223.OF,161223,True
161224,国投瑞银新丝路灵活配置混合(LOF),混合型-灵活,存续,2015-04-10,,2015-04-10,tushare_fund_basic,国投瑞银基金管理有限公司,,161224.SZ,161224,True
161225,国投瑞银瑞盈灵活配置混合(LOF)-A,混合型-灵活,存续,2015-05-19,,2015-05-19,tushare_fund_basic,国投瑞银基金管理有限公司,,161225.SZ,161225,True
161227,国投瑞银瑞福深证100指数(LOF),指数型-股票,存续,2015-08-14,,2015-08-14,tushare_fund_basic,国投瑞银基金管理有限公司,,161227.SZ,161227,True
161229,国投瑞银中国价值发现股票(QDII-LOF),股票型,存续,2015-12-21,,2015-12-21,tushare_fund_basic,国投瑞银基金管理有限公司,,161229.SZ,161229,True
161232,国投瑞银瑞盛灵活配置混合(LOF)-A,混合型-灵活,存续,2017-11-25,,2017-11-25,tushare_fund_basic,国投瑞银基金管理有限公司,,161232.SZ,161232,True
161233,国投瑞银瑞泰多策略灵活配置混合(LOF)-A,混合型-灵活,存续,2018-07-21,,2018-07-21,tushare_fund_basic,国投瑞银基金管理有限公司,,161233.SZ,161233,True
161507,银河沪深300成长增强指数分级,指数型-股票,清盘,2013-03-29,2018-08-30,2013-03-29,tushare_fund_basic,银河基金管理有限公司,2018-08-30,161507.OF,161507,True
161607,融通巨潮100指数(LOF)-A/B,指数型-股票,存续,2005-05-12,,2005-05-12,tushare_fund_basic,融通基金管理有限公司,,161607.SZ,161607,True
161628,融通中证云计算与大数据主题指数(LOF)-A,股票型,存续,2020-12-01,,2020-12-01,tushare_fund_basic,融通基金管理有限公司,,161628.SZ,161628,True
161629,融通中证精准医疗,指数型-股票,清盘,2015-07-17,2021-05-19,2015-07-17,tushare_fund_basic,融通基金,2021-05-19,161629.OF,161629,True
161630,融通中证大农业指数(LOF),指数型-股票,清盘,2016-07-29,2018-01-08,2016-07-29,tushare_fund_basic,融通基金管理有限公司,2018-01-08,161630.SZ,161630,True
1616301,融通中证大农业指数分级,股票型,清盘,2015-08-25,2016-07-28,2015-08-25,tushare_fund_basic,融通基金管理有限公司,2016-07-28,1616301.OF,1616301,True
161631,融通中证人工智能主题指数(LOF)-A,指数型-股票,存续,2017-04-10,,2017-04-10,tushare_fund_basic,融通基金管理有限公司,,161631.SZ,161631,True
161714,招商标普金砖四国指数(QDII-LOF),指数型-海外股票,清盘,2011-02-11,2021-01-15,2011-02-11,tushare_fund_basic,招商基金管理有限公司,2021-01-15,161714.SZ,161714,True
161715,招商中证大宗商品股票指数(LOF),指数型-股票,存续,2017-06-29,,2017-06-29,tushare_fund_basic,招商基金管理有限公司,,161715.SZ,161715,True
1617151,招商中证大宗商品股票指数分级,股票型,清盘,2012-06-28,2017-06-28,2012-06-28,tushare_fund_basic,招商基金管理有限公司,2017-06-28,1617151.OF,1617151,True
161718,招商沪深300高贝塔指数,指数型-股票,清盘,2020-11-17,2022-12-27,2020-11-17,tushare_fund_basic,招商基金管理有限公司,2022-12-27,161718.OF,161718,True
161720,招商中证全指证券公司指数-A,指数型-股票,存续,2021-01-01,,2021-01-01,tushare_fund_basic,招商基金管理有限公司,,161720.SZ,161720,True
161721,招商沪深300地产等权重指数-A,股票型,存续,2021-01-01,,2021-01-01,tushare_fund_basic,招商基金管理有限公司,,161721.SZ,161721,True
161722,招商丰泰灵活配置混合(LOF),混合型-灵活,存续,2015-04-17,,2015-04-17,tushare_fund_basic,招商基金管理有限公司,,161722.SZ,161722,True
161723,招商中证银行指数-A,股票型,存续,2021-01-01,,2021-01-01,tushare_fund_basic,招商基金管理有限公司,,161723.SZ,161723,True
161724,招商中证煤炭等权指数-A,指数型-股票,存续,2021-01-01,,2021-01-01,tushare_fund_basic,招商基金管理有限公司,,161724.SZ,161724,True
161725,招商中证白酒指数-A,指数型-股票,存续,2021-01-01,,2021-01-01,tushare_fund_basic,招商基金管理有限公司,,161725.SZ,161725,True
161726,招商国证生物医药指数-A,指数型-股票,存续,2021-01-01,,2021-01-01,tushare_fund_basic,招商基金管理有限公司,,161726.SZ,161726,True
161727,招商增荣灵活配置混合(LOF),混合型-灵活,存续,2017-12-02,,2017-12-02,tushare_fund_basic,招商基金管理有限公司,,161727.SZ,161727,True
161728,招商瑞智优选灵活配置混合(LOF),混合型-灵活,存续,2018-07-05,,2018-07-05,tushare_fund_basic,招商基金管理有限公司,,161728.SZ,161728,True
161729,招商瑞利灵活配置混合(LOF)-A,混合型-灵活,存续,2019-07-18,,2019-07-18,tushare_fund_basic,招商基金管理有限公司,,161729.SZ,161729,True
161811,银华沪深300指数(LOF)-A,指数型-股票,存续,2020-11-30,,2020-11-30,tushare_fund_basic,银华基金管理股份有限公司,,161811.SZ,161811,True
1618111,银华沪深300指数(LOF),股票型,清盘,2009-10-14,2014-01-07,2009-10-14,tushare_fund_basic,银华基金管理股份有限公司,2014-01-07,1618111.SZ,1618111,True
161812,银华深证100指数(LOF),指数型-股票,存续,2021-01-01,,2021-01-01,tushare_fund_basic,银华基金管理股份有限公司,,161812.SZ,161812,True
161816,银华中证等权重90指数(LOF),指数型-股票,存续,2020-11-26,,2020-11-26,tushare_fund_basic,银华基金管理股份有限公司,,161816.SZ,161816,True
161819,银华中证内地资源主题指数分级,指数型-股票,清盘,2011-12-08,2020-09-29,2011-12-08,tushare_fund_basic,银华基金管理股份有限公司,2020-09-29,161819.OF,161819,True
161825,银华中证800等权重指数增强分级,指数型-股票,清盘,2013-11-05,2019-04-15,2013-11-05,tushare_fund_basic,银华基金管理股份有限公司,2019-04-15,161825.OF,161825,True
161831,银华恒生中国企业指数(QDII-LOF)-A,指数型-海外股票,存续,2021-01-01,,2021-01-01,tushare_fund_basic,银华基金管理股份有限公司,,161831.SZ,161831,True
161832,银华中证国防安全指数分级,指数型-股票,清盘,2015-08-06,2016-06-14,2015-08-06,tushare_fund_basic,银华基金管理股份有限公司,2016-06-14,161832.OF,161832,True
161833,银华中证一带一路主题指数分级,指数型-股票,清盘,2015-08-13,2016-06-14,2015-08-13,tushare_fund_basic,银华基金管理股份有限公司,2016-06-14,161833.OF,161833,True
161834,银华鑫锐灵活配置混合(LOF)-A,混合型-灵活,存续,2019-08-01,,2019-08-01,tushare_fund_basic,银华基金管理股份有限公司,,161834.SZ,161834,True
161907,万家中证红利ETF联接-A,指数型-股票,存续,2024-07-10,2024-07-10,2024-07-10,tushare_fund_basic,万家基金管理有限公司,2024-07-10,161907.OF,015558,False
1619101,万家中证创业成长指数分级,股票型,清盘,2012-08-02,2018-08-14,2012-08-02,tushare_fund_basic,万家基金管理有限公司,2018-08-14,1619101.OF,1619101,True
162010,长城久兆中小板300指数分级,指数型-股票,清盘,2012-01-30,2018-08-12,2012-01-30,tushare_fund_basic,长城基金管理有限公司,2018-08-12,162010.OF,162010,True
162107,金鹰先进制造股票(LOF)-A,股票型,存续,2016-08-25,,2016-08-25,tushare_fund_basic,金鹰基金管理有限公司,,162107.SZ,162107,True
1621071,金鹰中证500指数分级,股票型,清盘,2012-06-05,2016-08-24,2012-06-05,tushare_fund_basic,金鹰基金管理有限公司,2016-08-24,1621071.OF,1621071,True
162211,宏利品质生活灵活配置混合,混合型-灵活,清盘,2009-04-09,2024-08-08,2009-04-09,tushare_fund_basic,宏利基金管理有限公司,2024-08-08,162211.OF,162211,True
162216,宏利中证500指数增强(LOF),指数型-股票,存续,2019-11-06,,2019-11-06,tushare_fund_basic,宏利基金管理有限公司,,162216.SZ,162216,True
1622161,泰达宏利中证500指数分级,股票型,清盘,2011-12-01,2019-11-05,2011-12-01,tushare_fund_basic,宏利基金管理有限公司,2019-11-05,1622161.OF,1622161,True
162307,海富通中证A100指数(LOF)-A,指数型-股票,存续,2009-10-30,,2009-10-30,tushare_fund_basic,海富通基金管理有限公司,,162307.SZ,162307,True
162411,华宝标普石油天然气上游股票指数(QDII-LOF)-A-CNY,指数型-海外股票,存续,2011-09-29,,2011-09-29,tushare_fund_basic,华宝基金管理有限公司,,162411.SZ,162411,True
162412,华宝中证医疗ETF联接-A,指数型-股票,存续,2021-01-01,,2021-01-01,tushare_fund_basic,华宝基金管理有限公司,,162412.SZ,162412,True
162413,华宝中证1000指数-A,指数型-股票,清盘,2020-11-19,2025-01-09,2020-11-19,tushare_fund_basic,华宝基金管理有限公司,2025-01-09,162413.OF,162413,True
162414,华宝新机遇灵活配置混合(LOF)-A,混合型-灵活,存续,2015-06-11,,2015-06-11,tushare_fund_basic,华宝基金管理有限公司,,162414.SZ,162414,True
162415,华宝标普美国品质消费股票指数(QDII-LOF)-A-CNY,指数型-海外股票,存续,2016-03-18,,2016-03-18,tushare_fund_basic,华宝基金管理有限公司,,162415.SZ,162415,True
162416,华宝港股通恒生香港35指数(LOF),指数型-海外股票,清盘,2018-03-30,2023-03-31,2018-03-30,tushare_fund_basic,华宝基金管理有限公司,2023-03-31,162416.SZ,162416,True
162509,国联安中证A100指数(LOF),指数型-股票,存续,2020-12-04,,2020-12-04,tushare_fund_basic,国联安基金管理有限公司,,162509.SZ,162509,True
162510,国联安中小企业综合指数(LOF),指数型-股票,清盘,2012-03-23,2022-12-22,2012-03-23,tushare_fund_basic,国联安基金管理有限公司,2022-12-22,162510.SZ,162510,True
1625101,国联安双力中小板,指数型-股票,清盘,2012-03-23,2015-03-20,2012-03-23,tushare_fund_basic,国联安基金,2015-03-20,1625101.OF,1625101,True
162711,广发中证500ETF联接(LOF)-A,指数型-股票,存续,2009-11-26,,2009-11-26,tushare_fund_basic,广发基金管理有限公司,,162711.SZ,162711,True
162714,广发深证100ETF联接-A,指数型-股票,存续,2024-07-04,2024-07-03,2024-07-04,tushare_fund_basic,广发基金管理有限公司,2024-07-03,162714.OF,009472,False
1627141,广发深证100指数分级,股票型,清盘,2012-05-07,2020-05-25,2012-05-07,tushare_fund_basic,广发基金管理有限公司,2020-05-25,1627141.OF,1627141,True
162719,广发道琼斯美国石油开发与生产指数(QDII-LOF)-A-CNY,指数型-海外股票,存续,2017-02-28,,2017-02-28,tushare_fund_basic,广发基金管理有限公司,,162719.SZ,162719,True
162907,泰信基本面400,指数型-股票,清盘,2012-09-07,2022-10-12,2012-09-07,tushare_fund_basic,泰信基金,2022-10-12,162907.OF,162907,True
163001,长信医疗保健行业灵活配置混合(LOF)-A,混合型-灵活,存续,2015-07-20,,2015-07-20,tushare_fund_basic,长信基金管理有限责任公司,,163001.SZ,163001,True
163109,申万菱信深证成份指数-A,指数型-股票,存续,2021-01-01,,2021-01-01,tushare_fund_basic,申万菱信基金管理有限公司,,163109.SZ,163109,True
163110,申万菱信量化小盘股票(LOF)-A,股票型,存续,2011-06-16,,2011-06-16,tushare_fund_basic,申万菱信基金管理有限公司,,163110.SZ,163110,True
163111,申万菱信中小企业100指数(LOF)-A,指数型-股票,存续,2017-05-09,,2017-05-09,tushare_fund_basic,申万菱信基金管理有限公司,,163111.SZ,163111,True
1631111,申万菱信中小板指数分级,股票型,清盘,2012-05-08,2017-05-08,2012-05-08,tushare_fund_basic,申万菱信基金管理有限公司,2017-05-08,1631111.OF,1631111,True
163113,申万菱信中证申万证券行业指数-A,指数型-股票,存续,2021-01-01,,2021-01-01,tushare_fund_basic,申万菱信基金管理有限公司,,163113.SZ,163113,True
163114,申万菱信中证环保产业指数(LOF)-A,指数型-股票,存续,2020-10-23,,2020-10-23,tushare_fund_basic,申万菱信基金管理有限公司,,163114.SZ,163114,True
163115,申万菱信中证军工指数(LOF)-A,指数型-股票,存续,2021-01-01,,2021-01-01,tushare_fund_basic,申万菱信基金管理有限公司,,163115.SZ,163115,True
163116,申万菱信中证申万电子行业投资指数(LOF)-A,指数型-股票,存续,2020-11-11,,2020-11-11,tushare_fund_basic,申万菱信基金管理有限公司,,163116.SZ,163116,True
163117,申万菱信中证申万传媒行业投资指数分级,指数型-股票,清盘,2015-05-29,2018-08-15,2015-05-29,tushare_fund_basic,申万菱信基金管理有限公司,2018-08-15,163117.OF,163117,True
163118,申万菱信中证申万医药生物指数-A,指数型-股票,存续,2021-01-01,,2021-01-01,tushare_fund_basic,申万菱信基金管理有限公司,,163118.SZ,163118,True
163119,申万菱信中证申万新兴健康产业主题投资指数(LOF)-A,指数型-股票,清盘,2016-10-10,2020-04-16,2016-10-10,tushare_fund_basic,申万菱信基金管理有限公司,2020-04-16,163119.SZ,163119,True
163208,诺安油气能源股票(QDII-LOF-FOF),股票型,存续,2011-09-27,,2011-09-27,tushare_fund_basic,诺安基金管理有限公司,,163208.SZ,163208,True
163209,诺安创业板指数增强(LOF)-A,股票型,存续,2019-05-31,,2019-05-31,tushare_fund_basic,诺安基金管理有限公司,,163209.SZ,163209,True
1632091,诺安中证创业成长指数分级,股票型,清盘,2012-03-29,2019-05-30,2012-03-29,tushare_fund_basic,诺安基金管理有限公司,2019-05-30,1632091.OF,1632091,True
163402,兴全趋势投资混合(LOF),混合型-灵活,存续,2005-11-03,,2005-11-03,tushare_fund_basic,兴证全球基金管理有限公司,,163402.SZ,163402,True
163407,兴全沪深300指数增强(LOF)-A,指数型-股票,存续,2010-11-02,,2010-11-02,tushare_fund_basic,兴证全球基金管理有限公司,,163407.SZ,163407,True
163417,兴全合宜灵活配置混合(LOF)-A,混合型-灵活,存续,2020-02-03,,2020-02-03,tushare_fund_basic,兴证全球基金管理有限公司,,163417.SZ,163417,True
163821,中银沪深300等权重指数(LOF),指数型-股票,存续,2012-05-17,,2012-05-17,tushare_fund_basic,中银基金管理有限公司,,163821.SZ,163821,True
164205,天弘深证成份指数(LOF),股票型,清盘,2010-08-12,2015-05-07,2010-08-12,tushare_fund_basic,天弘基金管理有限公司,2015-05-07,164205.SZ,164205,True
1642051,天弘深证成份指数(LOF),股票型,清盘,2010-08-12,2015-05-07,2010-08-12,tushare_fund_basic,天弘基金管理有限公司,2015-05-07,1642051.SZ,164205,False
164212,天弘全球新能源汽车A,股票型,存续,2023-06-06,,2023-06-06,tushare_fund_basic,天弘基金,,164212.OF,164212,True
164401,前海开源中证健康产业指数,股票型,存续,2020-12-18,,2020-12-18,tushare_fund_basic,前海开源基金管理有限公司,,164401.SZ,164401,True
164402,前海开源中航军工指数-A,股票型,存续,2021-01-01,,2021-01-01,tushare_fund_basic,前海开源基金管理有限公司,,164402.SZ,164402,True
164403,前海开源沪港深农业主题精选灵活配置混合(LOF)-A,混合型-灵活,存续,2016-07-20,,2016-07-20,tushare_fund_basic,前海开源基金管理有限公司,,164403.SZ,164403,True
1644031,前海开源中证大农业指数分级,股票型,清盘,2015-06-04,2016-07-19,2015-06-04,tushare_fund_basic,前海开源基金管理有限公司,2016-07-19,1644031.OF,1644031,True
164508,国富中证A100指数增强(LOF),指数型-股票,存续,2020-03-27,,2020-03-27,tushare_fund_basic,国海富兰克林基金管理有限公司,,164508.SZ,164508,True
1645081,国富中证100指数增强分级,股票型,清盘,2015-03-26,2020-03-26,2015-03-26,tushare_fund_basic,国海富兰克林基金管理有限公司,2020-03-26,1645081.OF,1645081,True
164705,汇添富恒生指数(QDII-LOF)-A,指数型-海外股票,存续,2020-12-01,,2020-12-01,tushare_fund_basic,汇添富基金管理股份有限公司,,164705.SZ,164705,True
1648091,工银瑞信睿智中证500指数分级,股票型,清盘,2012-01-31,2020-02-17,2012-01-31,tushare_fund_basic,工银瑞信基金管理有限公司,2020-02-17,1648091.OF,1648091,True
164811,工银中证京津冀A,指数型-股票,清盘,2018-04-17,2024-01-09,2018-04-17,tushare_fund_basic,工银瑞信基金,2024-01-09,164811.OF,164811,True
1648111,工银瑞信睿智深证100指数分级,股票型,清盘,2012-10-25,2018-04-16,2012-10-25,tushare_fund_basic,工银瑞信基金管理有限公司,2018-04-16,1648111.OF,1648111,True
164818,工银瑞信中证传媒指数(LOF)-A,股票型,存续,2020-11-26,,2020-11-26,tushare_fund_basic,工银瑞信基金管理有限公司,,164818.SZ,164818,True
164819,工银瑞信中证环保产业指数分级,指数型-股票,清盘,2015-07-09,2020-07-27,2015-07-09,tushare_fund_basic,工银瑞信基金管理有限公司,2020-07-27,164819.OF,164819,True
164820,工银瑞信中证高铁产业指数分级,指数型-股票,清盘,2015-07-23,2020-11-03,2015-07-23,tushare_fund_basic,工银瑞信基金管理有限公司,2020-11-03,164820.OF,164820,True
164821,工银瑞信中证新能源指数分级,指数型-股票,清盘,2015-07-09,2020-10-18,2015-07-09,tushare_fund_basic,工银瑞信基金管理有限公司,2020-10-18,164821.OF,164821,True
164823,工银瑞信深证成份指数(LOF),指数型-股票,清盘,2017-09-15,2018-05-11,2017-09-15,tushare_fund_basic,工银瑞信基金管理有限公司,2018-05-11,164823.SZ,164823,True
164824,工银瑞信印度市场(QDII-LOF-FOF)-CNY,股票型,存续,2018-06-15,,2018-06-15,tushare_fund_basic,工银瑞信基金管理有限公司,,164824.SZ,164824,True
164825,工银瑞信中证京津冀协同发展主题指数(LOF)-C,指数型-股票,清盘,2018-04-17,2024-01-09,2018-04-17,tushare_fund_basic,工银瑞信基金管理有限公司,2024-01-09,164825.OF,164825,True
164905,交银国证新能源指数(LOF)-A,股票型,存续,2020-11-30,,2020-11-30,tushare_fund_basic,交银施罗德基金管理有限公司,,164905.SZ,164905,True
164906,交银中证海外中国互联网指数(QDII-LOF)-A,指数型-海外股票,存续,2015-05-27,,2015-05-27,tushare_fund_basic,交银施罗德基金管理有限公司,,164906.SZ,164906,True
164907,交银中证互联网金融指数分级,指数型-股票,清盘,2015-06-26,2020-11-05,2015-06-26,tushare_fund_basic,交银施罗德基金管理有限公司,2020-11-05,164907.OF,164907,True
164908,交银中证环境治理指数(LOF)-A,股票型,存续,2016-07-19,,2016-07-19,tushare_fund_basic,交银施罗德基金管理有限公司,,164908.SZ,164908,True
1649081,交银中证环境治理指数分级,股票型,清盘,2015-08-13,2016-07-18,2015-08-13,tushare_fund_basic,交银施罗德基金管理有限公司,2016-07-18,1649081.OF,1649081,True
165309,建信沪深300指数(LOF),指数型-股票,存续,2009-11-05,,2009-11-05,tushare_fund_basic,建信基金管理有限责任公司,,165309.SZ,165309,True
165310,建信沪深300指数增强(LOF)-A,股票型,存续,2020-05-07,,2020-05-07,tushare_fund_basic,建信基金管理有限责任公司,,165310.SZ,165310,True
1653101,建信双利策略主题分级股票,股票型,清盘,2011-05-06,2020-05-06,2011-05-06,tushare_fund_basic,建信基金管理有限责任公司,2020-05-06,1653101.OF,1653101,True
165312,建信央视财经50指数(LOF),股票型,存续,2021-01-01,,2021-01-01,tushare_fund_basic,建信基金管理有限责任公司,,165312.SZ,165312,True
165315,建信中证互联网金融指数分级,指数型-股票,清盘,2015-07-31,2018-07-31,2015-07-31,tushare_fund_basic,建信基金管理有限责任公司,2018-07-31,165315.OF,165315,True
165316,建信中证申万有色金属指数分级,指数型-股票,清盘,2015-08-06,2016-10-17,2015-08-06,tushare_fund_basic,建信基金管理有限责任公司,2016-10-17,165316.OF,165316,True
165317,建信丰裕多策略灵活配置混合(LOF),混合型-灵活,清盘,2018-10-09,2023-09-05,2018-10-09,tushare_fund_basic,建信基金管理有限责任公司,2023-09-05,165317.SZ,165317,True
165510,信诚金砖四国积极配置(QDII-LOF-FOF),股票型,清盘,2010-12-17,2023-06-08,2010-12-17,tushare_fund_basic,中信保诚基金管理有限公司,2023-06-08,165510.SZ,165510,True
165511,中信保诚中证500指数(LOF)-A,指数型-股票,存续,2021-01-01,,2021-01-01,tushare_fund_basic,中信保诚基金管理有限公司,,165511.SZ,165511,True
165515,中信保诚沪深300指数(LOF)-A,指数型-股票,存续,2021-01-01,,2021-01-01,tushare_fund_basic,中信保诚基金管理有限公司,,165515.SZ,165515,True
165519,中信保诚中证800医药指数(LOF)-A,指数型-股票,存续,2021-01-01,,2021-01-01,tushare_fund_basic,中信保诚基金管理有限公司,,165519.SZ,165519,True
165520,中信保诚中证800有色指数(LOF)-A,指数型-股票,存续,2021-01-01,,2021-01-01,tushare_fund_basic,中信保诚基金管理有限公司,,165520.SZ,165520,True
165521,中信保诚中证800金融指数(LOF)-A,指数型-股票,存续,2021-01-01,,2021-01-01,tushare_fund_basic,中信保诚基金管理有限公司,,165521.SZ,165521,True
165522,中信保诚中证TMT产业主题指数(LOF)-A,指数型-股票,存续,2021-01-01,,2021-01-01,tushare_fund_basic,中信保诚基金管理有限公司,,165522.SZ,165522,True
165523,中信保诚中证信息安全指数(LOF)-A,股票型,存续,2021-01-01,,2021-01-01,tushare_fund_basic,中信保诚基金管理有限公司,,165523.SZ,165523,True
165524,中信保诚中证智能家居指数(LOF)-A,股票型,存续,2021-01-01,,2021-01-01,tushare_fund_basic,中信保诚基金管理有限公司,,165524.SZ,165524,True
165525,中信保诚中证基建工程指数(LOF)-A,指数型-股票,存续,2016-07-27,,2016-07-27,tushare_fund_basic,中信保诚基金管理有限公司,,165525.SZ,165525,True
1655251,信诚中证基建工程指数分级,股票型,清盘,2015-08-06,2016-07-26,2015-08-06,tushare_fund_basic,中信保诚基金管理有限公司,2016-07-26,1655251.OF,1655251,True
165528,中信保诚鼎利灵活配置混合(LOF)-A,混合型-灵活,存续,2017-11-25,,2017-11-25,tushare_fund_basic,中信保诚基金管理有限公司,,165528.SZ,165528,True
165532,信诚鼎泰多策略,混合型-灵活,清盘,2017-07-28,2018-05-02,2017-07-28,tushare_fund_basic,中信保诚基金,2018-05-02,165532.OF,165532,True
165707,诺德深证300指数分级,指数型-股票,清盘,2012-09-10,2020-07-01,2012-09-10,tushare_fund_basic,诺德基金管理有限公司,2020-07-01,165707.OF,165707,True
165806,东吴沪深300指数-A,指数型-股票,清盘,2018-07-11,2018-07-11,2018-07-11,tushare_fund_basic,东吴基金管理有限公司,2018-07-11,165806.OF,165806,True
165810,东吴沪深300指数-C,指数型-股票,清盘,2018-07-11,2023-05-24,2018-07-11,tushare_fund_basic,东吴基金管理有限公司,2023-05-24,165810.OF,165806,False
1660071,中欧沪深300指数增强(LOF)-A,股票型,清盘,2010-06-24,2018-10-08,2010-06-24,tushare_fund_basic,中欧基金管理有限公司,2018-10-08,1660071.SZ,1660071,True
1660111,中欧盛世成长分级,股票型,清盘,2012-03-29,2015-03-27,2012-03-29,tushare_fund_basic,中欧基金,2015-03-27,1660111.OF,1660111,True
166023,中欧瑞丰灵活配置混合(LOF)-A,混合型-灵活,存续,2020-08-01,,2020-08-01,tushare_fund_basic,中欧基金管理有限公司,,166023.SZ,166023,True
1663011,华商中证500指数分级,股票型,清盘,2012-09-06,2015-05-13,2012-09-06,tushare_fund_basic,华商基金管理有限公司,2015-05-13,1663011.OF,1663011,True
166402,浦银安盛中证锐联沪港深基本面100指数(LOF),指数型-股票,清盘,2017-04-27,2023-01-11,2017-04-27,tushare_fund_basic,浦银基金管理有限公司,2023-01-11,166402.SZ,166402,True
166802,浙商沪深300指数增强(LOF)-A,股票型,存续,2018-08-20,,2018-08-20,tushare_fund_basic,浙商基金管理有限公司,,166802.SZ,166802,True
1668021,浙商沪深300指数分级,股票型,清盘,2012-05-07,2018-08-19,2012-05-07,tushare_fund_basic,浙商基金管理有限公司,2018-08-19,1668021.OF,1668021,True
167001,平安鼎泰灵活配置混合(LOF),混合型-灵活,存续,2018-01-20,,2018-01-20,tushare_fund_basic,平安基金管理有限公司,,167001.SZ,167001,True
167002,平安鼎越灵活配置混合(LOF)-A,混合型-灵活,存续,2018-06-20,,2018-06-20,tushare_fund_basic,平安基金管理有限公司,,167002.SZ,167002,True
167301,方正富邦中证保险主题指数-A,指数型-股票,存续,2021-01-01,,2021-01-01,tushare_fund_basic,方正富邦基金管理有限公司,,167301.SZ,167301,True
167302,方正富邦恒生沪深港通大湾区综合指数(LOF),指数型-海外股票,存续,2019-09-26,,2019-09-26,tushare_fund_basic,方正富邦基金管理有限公司,,167302.SZ,167302,True
167503,安信中证一带一路主题指数-A,股票型,存续,2021-01-01,,2021-01-01,tushare_fund_basic,安信基金管理有限责任公司,,167503.SZ,167503,True
167506,安信中证深圳科技创新主题指数(LOF)-A,指数型-股票,存续,2019-12-06,,2019-12-06,tushare_fund_basic,安信基金管理有限责任公司,,167506.SZ,167506,True
1676011,国金沪深300指数分级,股票型,清盘,2013-07-26,2017-08-31,2013-07-26,tushare_fund_basic,国金基金管理有限公司,2017-08-31,1676011.OF,1676011,True
167702,德邦量化优选股票(LOF)-A,股票型,存续,2017-03-24,,2017-03-24,tushare_fund_basic,德邦基金管理有限公司,,167702.SZ,167702,True
167705,德邦量化新锐A,股票型,清盘,2018-04-04,2021-08-16,2018-04-04,tushare_fund_basic,德邦基金,2021-08-16,167705.OF,167705,True
167706,德邦量化新锐股票(LOF)-C,股票型,清盘,2018-04-04,2021-08-16,2018-04-04,tushare_fund_basic,德邦基金管理有限公司,2021-08-16,167706.OF,167706,True
167901,华宸未来沪深300指数增强(LOF),指数型-股票,清盘,2013-04-26,2016-05-06,2013-04-26,tushare_fund_basic,华宸未来基金管理有限公司,2016-05-06,167901.SZ,167901,True
168001,国寿安保中证养老产业指数增强,指数型-股票,清盘,2019-04-01,2021-05-20,2019-04-01,tushare_fund_basic,国寿安保基金管理有限公司,2021-05-20,168001.OF,168001,True
1680011,国寿安保中证养老产业指数分级,股票型,清盘,2015-06-26,2019-03-31,2015-06-26,tushare_fund_basic,国寿安保基金管理有限公司,2019-03-31,1680011.OF,1680011,True
168101,九泰锐智事件驱动灵活配置混合(LOF),混合型-灵活,存续,2020-08-14,,2020-08-14,tushare_fund_basic,九泰基金管理有限公司,,168101.SZ,168101,True
168103,九泰锐益灵活配置混合(LOF)-A,混合型-灵活,存续,2016-08-11,,2016-08-11,tushare_fund_basic,九泰基金管理有限公司,,168103.SZ,168103,True
168104,九泰锐丰灵活配置混合(LOF)-A,混合型-灵活,存续,2018-09-28,,2018-09-28,tushare_fund_basic,九泰基金管理有限公司,,168104.SZ,168104,True
168105,九泰泰富灵活配置混合(LOF)-A,混合型-灵活,存续,2016-09-26,,2016-09-26,tushare_fund_basic,九泰基金管理有限公司,,168105.SZ,168105,True
168106,九泰盈华量化灵活配置混合(LOF)-A,混合型-灵活,清盘,2018-12-19,2021-10-21,2018-12-19,tushare_fund_basic,九泰基金管理有限公司,2021-10-21,168106.SZ,168106,True
168107,九泰盈华量化灵活配置混合(LOF)-C,混合型-灵活,清盘,2018-12-19,2021-10-20,2018-12-19,tushare_fund_basic,九泰基金管理有限公司,2021-10-20,168107.OF,168106,False
168108,九泰锐诚灵活配置混合(LOF)-A,混合型-灵活,清盘,2019-03-25,2021-07-14,2019-03-25,tushare_fund_basic,九泰基金管理有限公司,2021-07-14,168108.SZ,168108,True
168110,九泰锐信定增,混合型-灵活,发行,2017-05-17,,2017-05-17,tushare_fund_basic,九泰基金,,168110.OF,168110,True
168112,九泰锐诚灵活配置混合(LOF)-C,混合型-灵活,清盘,2021-05-25,2021-07-13,2021-05-25,tushare_fund_basic,九泰基金管理有限公司,2021-07-13,168112.OF,168108,False
168201,中融中证一带一路主题指数分级,指数型-股票,清盘,2015-05-14,2020-11-04,2015-05-14,tushare_fund_basic,国联基金管理有限公司,2020-11-04,168201.OF,168201,True
168202,中融中证白酒指数分级,指数型-股票,清盘,2015-09-30,2016-05-06,2015-09-30,tushare_fund_basic,国联基金管理有限公司,2016-05-06,168202.OF,168202,True
168203,国联国证钢铁行业指数-A,指数型-股票,存续,2021-01-01,,2021-01-01,tushare_fund_basic,国联基金管理有限公司,,168203.SZ,168203,True
168204,国联中证煤炭指数-A,指数型-股票,存续,2021-01-01,,2021-01-01,tushare_fund_basic,国联基金管理有限公司,,168204.SZ,168204,True
168205,中融中证银行,指数型-股票,清盘,2015-06-05,2022-07-26,2015-06-05,tushare_fund_basic,国联基金,2022-07-26,168205.OF,168205,True
168301,东海祥龙灵活配置混合(LOF)-A,混合型-灵活,存续,2018-06-22,,2018-06-22,tushare_fund_basic,东海基金管理有限责任公司,,168301.SZ,168301,True
168401,红土创新转型精选灵活配置混合(LOF)-A,混合型-灵活,存续,2019-01-03,,2019-01-03,tushare_fund_basic,红土创新基金管理有限公司,,168401.SZ,168401,True
168701,合煦智远国证香蜜湖金融科技指数(LOF)-A,指数型-股票,存续,2020-04-03,,2020-04-03,tushare_fund_basic,合煦智远基金管理有限公司,,168701.SZ,168701,True
169101,东方红睿丰灵活配置混合(LOF),混合型-灵活,存续,2017-09-19,,2017-09-19,tushare_fund_basic,上海东方证券资产管理有限公司,,169101.SZ,169101,True
169102,东方红睿阳三年持有期混合,混合型-灵活,存续,2025-03-21,2025-03-21,2025-03-21,tushare_fund_basic,上海东方证券资产管理有限公司,2025-03-21,169102.OF,169102,True
169103,东方红睿轩三年持有期混合,混合型-灵活,存续,2025-07-18,2025-07-18,2025-07-18,tushare_fund_basic,上海东方证券资产管理有限公司,2025-07-18,169103.OF,169103,True
169104,东方红睿满沪港深灵活配置混合(LOF)-A,混合型-灵活,存续,2019-06-28,,2019-06-28,tushare_fund_basic,上海东方证券资产管理有限公司,,169104.SZ,169104,True
169105,东方红睿华沪港深灵活配置混合(LOF)-A,混合型-灵活,存续,2019-08-05,,2019-08-05,tushare_fund_basic,上海东方证券资产管理有限公司,,169105.SZ,169105,True
169201,浙商汇金鼎盈事件驱动灵活配置混合(LOF),混合型-灵活,存续,2018-06-07,,2018-06-07,tushare_fund_basic,浙江浙商证券资产管理有限公司,,169201.SZ,169201,True
169301,财通资管中证500指数增强(LOF)-A,指数型-股票,清盘,2019-06-27,2020-05-18,2019-06-27,tushare_fund_basic,财通证券资产管理有限公司,2020-05-18,169301.SZ,169301,True
169302,财通资管中证500指数增强(LOF)-C,指数型-股票,清盘,2019-06-27,2020-05-15,2019-06-27,tushare_fund_basic,财通证券资产管理有限公司,2020-05-15,169302.OF,169301,False
180003,银华道琼斯88精选H,指数型-股票,清盘,2018-09-07,2021-07-19,2018-09-07,tushare_fund_basic,银华基金,2021-07-19,F180003.OF,180003,True
180033,银华上证50等权重ETF联接,指数型-股票,清盘,2012-08-29,2020-09-23,2012-08-29,tushare_fund_basic,银华基金管理股份有限公司,2020-09-23,180033.OF,180033,True
183001,银华全球核心优选(QDII-FOF),股票型,清盘,2008-05-26,2022-11-03,2008-05-26,tushare_fund_basic,银华基金管理股份有限公司,2022-11-03,183001.OF,183001,True
184688,南方开元封闭,股票型,清盘,1998-03-27,2013-02-08,1998-03-27,tushare_fund_basic,南方基金管理股份有限公司,2013-02-08,184688.SZ,184688,True
184689,鹏华普惠封闭,股票型,清盘,1999-01-06,2013-12-23,1999-01-06,tushare_fund_basic,鹏华基金管理有限公司,2013-12-23,184689.SZ,184689,True
184690,长盛同益,股票型,清盘,1999-04-08,2014-04-04,1999-04-08,tushare_fund_basic,长盛基金管理有限公司,2014-04-04,184690.SZ,184690,True
184691,大成景宏封闭,股票型,清盘,1999-05-04,2014-04-10,1999-05-04,tushare_fund_basic,大成基金管理有限公司,2014-04-10,184691.SZ,184691,True
184692,博时裕隆封闭,股票型,清盘,1999-06-15,2014-06-03,1999-06-15,tushare_fund_basic,博时基金管理有限公司,2014-06-03,184692.SZ,184692,True
184693,鹏华普丰封闭,指数型-海外股票,清盘,1999-07-14,2014-06-10,1999-07-14,tushare_fund_basic,鹏华基金管理有限公司,2014-06-10,184693.SZ,184693,True
184695,大成景博封闭,股票型,清盘,1999-09-22,2007-06-12,1999-09-22,tushare_fund_basic,大成基金管理有限公司,2007-06-12,184695.SZ,184695,True
184696,博时裕华封闭,股票型,清盘,1999-11-10,2007-07-06,1999-11-10,tushare_fund_basic,博时基金管理有限公司,2007-07-06,184696.SZ,184696,True
184698,南方天元封闭,股票型,清盘,1999-08-25,2014-07-03,1999-08-25,tushare_fund_basic,南方基金管理股份有限公司,2014-07-03,184698.SZ,184698,True
184699,长盛同盛,股票型,清盘,1999-11-05,2014-11-05,1999-11-05,tushare_fund_basic,长盛基金管理有限公司,2014-11-05,184699.SZ,184699,True
184700,宝盈鸿飞封闭,股票型,清盘,2001-05-18,2008-04-15,2001-05-18,tushare_fund_basic,宝盈基金管理有限公司,2008-04-15,184700.SZ,184700,True
184701,大成景福封闭,指数型-股票,清盘,1999-12-30,2014-12-26,1999-12-30,tushare_fund_basic,大成基金管理有限公司,2014-12-26,184701.SZ,184701,True
184702,长盛同智,股票型,清盘,2000-03-08,2007-01-05,2000-03-08,tushare_fund_basic,长盛基金管理有限公司,2007-01-05,184702.SZ,184702,True
184703,国泰金盛封闭,股票型,清盘,2000-04-26,2009-10-19,2000-04-26,tushare_fund_basic,国泰基金管理有限公司,2009-10-19,184703.SZ,184703,True
184705,博时裕泽封闭,股票型,清盘,2000-03-27,2011-04-22,2000-03-27,tushare_fund_basic,博时基金管理有限公司,2011-04-22,184705.SZ,184705,True
184706,银华天华,股票型,清盘,2000-07-21,2009-07-01,2000-07-21,tushare_fund_basic,银华基金管理股份有限公司,2009-07-01,184706.SZ,184706,True
184708,华夏兴科封闭,股票型,清盘,2000-04-08,2007-04-24,2000-04-08,tushare_fund_basic,华夏基金管理有限公司,2007-04-24,184708.SZ,184708,True
184709,华安安久封闭,股票型,清盘,2000-07-04,2007-08-02,2000-07-04,tushare_fund_basic,华安基金管理有限公司,2007-08-02,184709.SZ,184709,True
184710,南方隆元封闭,股票型,清盘,2000-07-24,2007-11-09,2000-07-24,tushare_fund_basic,南方基金管理股份有限公司,2007-11-09,184710.SZ,184710,True
184711,鹏华普华封闭,股票型,清盘,2000-11-06,2007-04-25,2000-11-06,tushare_fund_basic,鹏华基金管理有限公司,2007-04-25,184711.SZ,184711,True
184712,易方达科汇封闭,股票型,清盘,2001-04-20,2008-10-09,2001-04-20,tushare_fund_basic,易方达基金管理有限公司,2008-10-09,184712.SZ,184712,True
184713,易方达科翔封闭,股票型,清盘,2001-04-20,2008-11-13,2001-04-20,tushare_fund_basic,易方达基金管理有限公司,2008-11-13,184713.SZ,184713,True
184718,华夏兴安封闭,股票型,清盘,2000-07-20,2007-11-22,2000-07-20,tushare_fund_basic,华夏基金管理有限公司,2007-11-22,184718.SZ,184718,True
184719,国投瑞银融鑫封闭,股票型,清盘,2002-06-13,2008-01-10,2002-06-13,tushare_fund_basic,国投瑞银基金管理有限公司,2008-01-10,184719.SZ,184719,True
184720,长城久富,股票型,清盘,2001-12-18,2007-02-12,2001-12-18,tushare_fund_basic,长城基金管理有限公司,2007-02-12,184720.SZ,184720,True
184721,嘉实丰和价值,股票型,清盘,2002-03-22,2017-03-20,2002-03-22,tushare_fund_basic,嘉实基金管理有限公司,2017-03-20,184721.SZ,184721,True
184722,长城久嘉,股票型,清盘,2002-07-05,2017-07-05,2002-07-05,tushare_fund_basic,长城基金管理有限公司,2017-07-05,184722.SZ,184722,True
184728,宝盈鸿阳封闭,股票型,清盘,2001-12-10,2017-01-04,2001-12-10,tushare_fund_basic,宝盈基金管理有限公司,2017-01-04,184728.SZ,184728,True
184738,融通通宝封闭,股票型,清盘,2001-05-16,2007-04-30,2001-05-16,tushare_fund_basic,融通基金管理有限公司,2007-04-30,184738.SZ,184738,True
206005,鹏华上证民营企业50ETF联接,指数型-股票,清盘,2010-08-05,2020-06-23,2010-08-05,tushare_fund_basic,鹏华基金管理有限公司,2020-06-23,206005.OF,206005,True
206010,鹏华深证民营ETF联接,指数型-股票,清盘,2011-09-02,2020-06-09,2011-09-02,tushare_fund_basic,鹏华基金管理有限公司,2020-06-09,206010.OF,206010,True
2100071,金鹰中证技术领先指数增强,股票型,清盘,2011-06-01,2015-07-08,2011-06-01,tushare_fund_basic,金鹰基金管理有限公司,2015-07-08,2100071.OF,2100071,True
217015,招商全球资源股票(QDII),股票型,清盘,2010-03-25,2019-05-07,2010-03-25,tushare_fund_basic,招商基金管理有限公司,2019-05-07,217015.OF,217015,True
229001,泰达宏利全球新格局(QDII-FOF),股票型,清盘,2011-07-20,2015-09-24,2011-07-20,tushare_fund_basic,宏利基金管理有限公司,2015-09-24,229001.OF,229001,True
241002,华宝兴业成熟市场动量优选(QDII-FOF),股票型,清盘,2011-03-15,2015-09-25,2011-03-15,tushare_fund_basic,华宝基金管理有限公司,2015-09-25,241002.OF,241002,True
263001,景顺长城上证180等权重ETF联接,指数型-股票,清盘,2012-06-25,2018-04-20,2012-06-25,tushare_fund_basic,景顺长城基金管理有限公司,2018-04-20,263001.OF,263001,True
270027,广发标普全球农业指数(QDII)-CNY,指数型-海外股票,清盘,2011-06-28,2019-11-08,2011-06-28,tushare_fund_basic,广发基金管理有限公司,2019-11-08,270027.OF,270027,True
3200221,诺安中小板等权重ETF联接,股票型,清盘,2012-12-10,2015-03-29,2012-12-10,tushare_fund_basic,诺安基金管理有限公司,2015-03-29,3200221.OF,3200221,True
370023,上投摩根中证消费服务领先指数,指数型-股票,清盘,2012-09-25,2022-12-09,2012-09-25,tushare_fund_basic,摩根基金管理(中国)有限公司,2022-12-09,370023.OF,370023,True
4000181,东方央视财经50指数增强,股票型,清盘,2012-12-19,2015-12-02,2012-12-19,tushare_fund_basic,东方基金管理股份有限公司,2015-12-02,4000181.OF,4000181,True
400023,东方多策略灵活配置混合-A,混合型-灵活,清盘,2014-05-21,2023-05-10,2014-05-21,tushare_fund_basic,东方基金管理股份有限公司,2023-05-10,400023.OF,400023,True
460220,华泰柏瑞上证中小盘ETF联接,指数型-股票,清盘,2011-01-26,2022-11-20,2011-01-26,tushare_fund_basic,华泰柏瑞基金管理有限公司,2022-11-20,460220.OF,460220,True
500001,国泰金泰封闭,股票型,清盘,1998-03-27,2012-12-24,1998-03-27,tushare_fund_basic,国泰基金管理有限公司,2012-12-24,500001.SH,500001,True
500002,嘉实泰和,股票型,清盘,1999-04-08,2014-04-04,1999-04-08,tushare_fund_basic,嘉实基金管理有限公司,2014-04-04,500002.SH,500002,True
500003,华安安信封闭,股票型,清盘,1998-06-22,2013-05-23,1998-06-22,tushare_fund_basic,华安基金管理有限公司,2013-05-23,500003.SH,500003,True
500005,富国汉盛封闭,股票型,清盘,1999-05-10,2014-04-30,1999-05-10,tushare_fund_basic,富国基金管理有限公司,2014-04-30,500005.SH,500005,True
500006,博时裕阳封闭,股票型,清盘,1998-07-25,2013-07-15,1998-07-25,tushare_fund_basic,博时基金管理有限公司,2013-07-15,500006.SH,500006,True
500007,大成景阳封闭,股票型,清盘,1999-09-17,2007-12-11,1999-09-17,tushare_fund_basic,大成基金管理有限公司,2007-12-11,500007.SH,500007,True
500008,华夏兴华封闭,股票型,清盘,1998-04-28,2013-04-12,1998-04-28,tushare_fund_basic,华夏基金管理有限公司,2013-04-12,500008.SH,500008,True
500009,华安安顺封闭,股票型,清盘,1999-06-15,2014-05-12,1999-06-15,tushare_fund_basic,华安基金管理有限公司,2014-05-12,500009.SH,500009,True
500010,南方金元封闭,股票型,清盘,2000-03-28,2007-05-14,2000-03-28,tushare_fund_basic,南方基金管理股份有限公司,2007-05-14,500010.SH,500010,True
500011,国泰金鑫封闭,股票型,清盘,1999-10-21,2014-09-15,1999-10-21,tushare_fund_basic,国泰基金管理有限公司,2014-09-15,500011.SH,500011,True
500013,华安安瑞封闭,股票型,清盘,2000-07-18,2007-04-10,2000-07-18,tushare_fund_basic,华安基金管理有限公司,2007-04-10,500013.SH,500013,True
500015,富国汉兴封闭,股票型,清盘,1999-12-30,2014-12-12,1999-12-30,tushare_fund_basic,富国基金管理有限公司,2014-12-12,500015.SH,500015,True
500016,博时裕元封闭,股票型,清盘,1999-09-17,2007-04-12,1999-09-17,tushare_fund_basic,博时基金管理有限公司,2007-04-12,500016.SH,500016,True
500017,大成景业封闭,股票型,清盘,2000-06-22,2007-01-16,2000-06-22,tushare_fund_basic,大成基金管理有限公司,2007-01-16,500017.SH,500017,True
500018,华夏兴和封闭,指数型-股票,清盘,1999-07-14,2014-05-30,1999-07-14,tushare_fund_basic,华夏基金管理有限公司,2014-05-30,500018.SH,500018,True
500019,鹏华普润封闭,股票型,清盘,2000-08-08,2007-04-25,2000-08-08,tushare_fund_basic,鹏华基金管理有限公司,2007-04-25,500019.SH,500019,True
500021,国泰金鼎封闭,股票型,清盘,2000-05-16,2007-04-11,2000-05-16,tushare_fund_basic,国泰基金管理有限公司,2007-04-11,500021.SH,500021,True
500025,富国汉鼎封闭,股票型,清盘,2000-06-30,2008-11-20,2000-06-30,tushare_fund_basic,富国基金管理有限公司,2008-11-20,500025.SH,500025,True
500028,华夏兴业封闭,股票型,清盘,2000-08-18,2006-08-09,2000-08-18,tushare_fund_basic,华夏基金管理有限公司,2006-08-09,500028.SH,500028,True
500029,易方达科讯封闭,股票型,清盘,2001-04-20,2007-12-18,2001-04-20,tushare_fund_basic,易方达基金管理有限公司,2007-12-18,500029.SH,500029,True
500035,富国汉博封闭,股票型,清盘,2000-07-12,2007-04-27,2000-07-12,tushare_fund_basic,富国基金管理有限公司,2007-04-27,500035.SH,500035,True
500038,融通通乾封闭,股票型,清盘,2001-08-29,2016-08-12,2001-08-29,tushare_fund_basic,融通基金管理有限公司,2016-08-12,500038.SH,500038,True
500039,长盛同德,股票型,清盘,2000-10-20,2007-10-25,2000-10-20,tushare_fund_basic,长盛基金管理有限公司,2007-10-25,500039.SH,500039,True
500056,易方达科瑞封闭,股票型,清盘,2002-03-12,2017-01-03,2002-03-12,tushare_fund_basic,易方达基金管理有限公司,2017-01-03,500056.SH,500056,True
501000,国金鑫新灵活配置混合(LOF),混合型-灵活,清盘,2015-07-03,2024-06-28,2015-07-03,tushare_fund_basic,国金基金管理有限公司,2024-06-28,501000.SH,501000,True
501001,财通多策略精选混合(LOF),混合型-灵活,存续,2016-12-31,,2016-12-31,tushare_fund_basic,财通基金管理有限公司,,501001.SH,501001,True
5010021,长信中证能源互联网主题指数(LOF),股票型,清盘,2016-01-21,2019-03-01,2016-01-21,tushare_fund_basic,长信基金管理有限责任公司,2019-03-01,5010021.SH,5010021,True
501005,汇添富中证精准医疗主题指数(LOF)-A,指数型-股票,存续,2016-01-21,,2016-01-21,tushare_fund_basic,汇添富基金管理股份有限公司,,501005.SH,501005,True
501007,汇添富中证互联网医疗主题指数(LOF)-A,指数型-股票,存续,2016-12-22,,2016-12-22,tushare_fund_basic,汇添富基金管理股份有限公司,,501007.SH,501007,True
501008,汇添富中证互联网医疗主题指数(LOF)-C,指数型-股票,存续,2016-12-22,,2016-12-22,tushare_fund_basic,汇添富基金管理股份有限公司,,501008.SH,501007,False
501009,汇添富中证生物科技主题指数(LOF)-A,指数型-股票,存续,2016-12-22,,2016-12-22,tushare_fund_basic,汇添富基金管理股份有限公司,,501009.SH,501009,True
501010,汇添富中证生物科技主题指数(LOF)-C,指数型-股票,存续,2016-12-22,,2016-12-22,tushare_fund_basic,汇添富基金管理股份有限公司,,501010.SH,501009,False
501011,汇添富中证中药ETF联接(LOF)-A,指数型-股票,存续,2016-12-29,,2016-12-29,tushare_fund_basic,汇添富基金管理股份有限公司,,501011.SH,501011,True
501012,汇添富中证中药ETF联接(LOF)-C,指数型-股票,存续,2016-12-29,,2016-12-29,tushare_fund_basic,汇添富基金管理股份有限公司,,501012.SH,501011,False
501015,财通多策略升级混合(LOF)-A,混合型-灵活,存续,2017-09-09,,2017-09-09,tushare_fund_basic,财通基金管理有限公司,,501015.SH,501015,True
501016,国泰中证申万证券行业指数(LOF)-A,指数型-股票,存续,2017-04-27,,2017-04-27,tushare_fund_basic,国泰基金管理有限公司,,501016.SH,501016,True
501017,国泰融丰外延增长灵活配置混合(LOF)-A,混合型-灵活,存续,2017-11-27,,2017-11-27,tushare_fund_basic,国泰基金管理有限公司,,501017.SH,501017,True
501019,国泰国证航天军工指数(LOF)-A,指数型-股票,存续,2017-03-29,,2017-03-29,tushare_fund_basic,国泰基金管理有限公司,,501019.SH,501019,True
501020,国泰中证国有企业改革指数(LOF),指数型-股票,清盘,2017-03-29,2018-11-14,2017-03-29,tushare_fund_basic,国泰基金管理有限公司,2018-11-14,501020.SH,501020,True
501021,华宝港股通标普香港上市中国中小盘指数(LOF)-A,指数型-海外股票,存续,2016-06-24,,2016-06-24,tushare_fund_basic,华宝基金管理有限公司,,501021.SH,501021,True
501022,银华鑫盛灵活配置混合(LOF)-A,混合型-灵活,存续,2018-10-15,,2018-10-15,tushare_fund_basic,银华基金管理股份有限公司,,501022.SH,501022,True
501023,鹏华港股通中证香港中小企业投资主题指数(LOF),指数型-海外股票,清盘,2016-09-29,2021-10-19,2016-09-29,tushare_fund_basic,鹏华基金管理有限公司,2021-10-19,501023.SH,501023,True
501025,鹏华港股通中证香港银行投资指数(LOF)-A,指数型-海外股票,存续,2016-11-10,,2016-11-10,tushare_fund_basic,鹏华基金管理有限公司,,501025.SH,501025,True
501026,财通多策略福享混合(LOF)-A,混合型-灵活,存续,2018-03-17,,2018-03-17,tushare_fund_basic,财通基金管理有限公司,,501026.SH,501026,True
501027,国泰融信灵活配置混合(LOF),混合型-灵活,清盘,2018-09-03,2023-08-31,2018-09-03,tushare_fund_basic,国泰基金管理有限公司,2023-08-31,501027.SH,501027,True
501029,华宝标普中国A股红利机会ETF联接(LOF)-A,指数型-海外股票,存续,2017-01-18,,2017-01-18,tushare_fund_basic,华宝基金管理有限公司,,501029.SH,501029,True
501030,汇添富中证环境治理指数(LOF)-A,指数型-股票,存续,2016-12-29,,2016-12-29,tushare_fund_basic,汇添富基金管理股份有限公司,,501030.SH,501030,True
501031,汇添富中证环境治理指数(LOF)-C,指数型-股票,存续,2016-12-29,,2016-12-29,tushare_fund_basic,汇添富基金管理股份有限公司,,501031.SH,501030,False
501035,创金合信鼎鑫睿选定开混合(LOF),混合型-灵活,清盘,2017-07-07,2019-06-10,2017-07-07,tushare_fund_basic,创金合信基金管理有限公司,2019-06-10,501035.SH,501035,True
501036,汇添富中证500ETF联接(LOF)-A,指数型-股票,存续,2017-08-10,,2017-08-10,tushare_fund_basic,汇添富基金管理股份有限公司,,501036.SH,501036,True
501037,汇添富中证500ETF联接(LOF)-C,指数型-股票,存续,2017-08-10,,2017-08-10,tushare_fund_basic,汇添富基金管理股份有限公司,,501037.SH,501036,False
501043,汇添富沪深300指数(LOF)-A,指数型-股票,存续,2017-09-06,,2017-09-06,tushare_fund_basic,汇添富基金管理股份有限公司,,501043.SH,501043,True
501045,汇添富沪深300指数(LOF)-C,指数型-股票,存续,2017-09-06,,2017-09-06,tushare_fund_basic,汇添富基金管理股份有限公司,,501045.SH,501043,False
501046,财通多策略福鑫定开灵活配置混合,混合型-灵活,存续,2017-10-23,,2017-10-23,tushare_fund_basic,财通基金管理有限公司,,501046.SH,501046,True
501047,汇添富中证全指证券公司ETF联接(LOF)-A,指数型-股票,存续,2017-12-04,,2017-12-04,tushare_fund_basic,汇添富基金管理股份有限公司,,501047.SH,501047,True
501048,汇添富中证全指证券公司ETF联接(LOF)-C,指数型-股票,存续,2017-12-04,,2017-12-04,tushare_fund_basic,汇添富基金管理股份有限公司,,501048.SH,501047,False
501050,华夏沪港通上证50AH优选指数(LOF)-A,指数型-股票,存续,2016-10-27,,2016-10-27,tushare_fund_basic,华夏基金管理有限公司,,501050.SH,501050,True
501055,财通多策略福佑,混合型-灵活,清盘,2018-04-08,2021-04-09,2018-04-08,tushare_fund_basic,财通基金,2021-04-09,501055.OF,501055,True
501057,汇添富中证新能源汽车产业指数(LOF)-A,指数型-股票,存续,2018-05-23,,2018-05-23,tushare_fund_basic,汇添富基金管理股份有限公司,,501057.SH,501057,True
501058,汇添富中证新能源汽车产业指数(LOF)-C,指数型-股票,存续,2018-05-23,,2018-05-23,tushare_fund_basic,汇添富基金管理股份有限公司,,501058.SH,501057,False
501059,西部利得中证国有企业红利指数增强(LOF)-A,指数型-股票,存续,2018-07-11,,2018-07-11,tushare_fund_basic,西部利得基金管理有限公司,,501059.SH,501059,True
501060,中金中证优选300指数(LOF)-A,指数型-股票,存续,2018-08-30,,2018-08-30,tushare_fund_basic,中金基金管理有限公司,,501060.SH,501060,True
501061,中金中证优选300指数(LOF)-C,指数型-股票,存续,2018-08-30,,2018-08-30,tushare_fund_basic,中金基金管理有限公司,,501061.SH,501060,False
501064,国泰价值优选灵活配置混合(LOF)-A,混合型-灵活,存续,2019-01-10,,2019-01-10,tushare_fund_basic,国泰基金管理有限公司,,501064.SH,501064,True
501067,招商富时中国A-H50指数(LOF)-A,指数型-股票,清盘,2018-12-03,2023-03-24,2018-12-03,tushare_fund_basic,招商基金管理有限公司,2023-03-24,501067.SH,501067,True
501068,招商富时中国A-H50指数(LOF)-C,指数型-股票,清盘,2018-12-03,2023-03-24,2018-12-03,tushare_fund_basic,招商基金管理有限公司,2023-03-24,501068.SH,501067,False
501069,华宝标普中国A股质量价值指数(LOF),指数型-海外股票,清盘,2019-01-24,2023-06-16,2019-01-24,tushare_fund_basic,华宝基金管理有限公司,2023-06-16,501069.SH,501069,True
501071,泓德丰泽混合(LOF)-A,混合型-灵活,存续,2019-03-28,,2019-03-28,tushare_fund_basic,泓德基金管理有限公司,,501071.SH,501071,True
501072,国金标普中国A股低波红利指数增强(LOF),指数型-海外股票,清盘,2019-06-05,2022-02-25,2019-06-05,tushare_fund_basic,国金基金管理有限公司,2022-02-25,501072.SH,501072,True
501075,万家科创主题灵活配置混合(LOF)-A,混合型-灵活,存续,2019-06-12,,2019-06-12,tushare_fund_basic,万家基金管理有限公司,,501075.SH,501075,True
501076,鹏华创新动力灵活配置混合(LOF),混合型-灵活,存续,2019-06-10,,2019-06-10,tushare_fund_basic,鹏华基金管理有限公司,,501076.SH,501076,True
501077,富国创新企业灵活配置混合(LOF)-A,混合型-灵活,存续,2019-06-11,,2019-06-11,tushare_fund_basic,富国基金管理有限公司,,501077.SH,501077,True
501078,广发科创主题灵活配置混合(LOF),混合型-灵活,存续,2019-06-11,,2019-06-11,tushare_fund_basic,广发基金管理有限公司,,501078.SH,501078,True
501080,中金科创主题灵活配置混合(LOF),混合型-灵活,存续,2019-07-11,,2019-07-11,tushare_fund_basic,中金基金管理有限公司,,501080.SH,501080,True
501082,博时科创主题灵活配置混合(LOF)-A,混合型-灵活,存续,2019-06-27,,2019-06-27,tushare_fund_basic,博时基金管理有限公司,,501082.SH,501082,True
501083,银华科创主题灵活配置混合(LOF)-A,混合型-灵活,存续,2019-07-05,,2019-07-05,tushare_fund_basic,银华基金管理股份有限公司,,501083.SH,501083,True
501085,财通科创主题灵活配置混合(LOF)-A,混合型-灵活,存续,2019-07-11,,2019-07-11,tushare_fund_basic,财通基金管理有限公司,,501085.SH,501085,True
501086,华宝MSCI中国A股国际通ESG通用指数(LOF)-A,指数型-海外股票,清盘,2019-08-21,2023-12-18,2019-08-21,tushare_fund_basic,华宝基金管理有限公司,2023-12-18,501086.SH,501086,True
501089,方正富邦中证主要消费红利指数增强(LOF),指数型-股票,存续,2019-11-29,,2019-11-29,tushare_fund_basic,方正富邦基金管理有限公司,,501089.SH,501089,True
501090,华宝中证消费龙头ETF联接(LOF)-A,指数型-股票,存续,2019-12-19,,2019-12-19,tushare_fund_basic,华宝基金管理有限公司,,501090.SH,501090,True
501096,国联安科技创新混合(LOF),混合型-灵活,存续,2020-03-20,,2020-03-20,tushare_fund_basic,国联安基金管理有限公司,,501096.SH,501096,True
501186,华夏兴融灵活配置混合(LOF)-A,混合型-灵活,存续,2018-07-05,,2018-07-05,tushare_fund_basic,华夏基金管理有限公司,,501186.SH,501186,True
501188,汇添富核心精选灵活配置混合(LOF),混合型-灵活,存续,2018-07-05,,2018-07-05,tushare_fund_basic,汇添富基金管理股份有限公司,,501188.SH,501188,True
501189,嘉实产业优选灵活配置混合(LOF)-A,混合型-灵活,存续,2018-07-05,,2018-07-05,tushare_fund_basic,嘉实基金管理有限公司,,501189.SH,501189,True
501201,红土创新科技创新股票(LOF)-A,股票型,存续,2020-07-23,,2020-07-23,tushare_fund_basic,红土创新基金管理有限公司,,501201.SH,501201,True
501216,富国智鑫行业精选股票(FOF-LOF)-A,股票型,存续,2021-12-16,,2021-12-16,tushare_fund_basic,富国基金管理有限公司,,501216.SH,013932,False
501217,华夏行业配置股票(FOF-LOF)-A,股票型,存续,2022-04-08,,2022-04-08,tushare_fund_basic,华夏基金管理有限公司,,501217.SH,014079,False
501218,工银瑞信睿智进取股票(FOF-LOF)-A,股票型,存续,2021-11-24,,2021-11-24,tushare_fund_basic,工银瑞信基金管理有限公司,,501218.SH,013933,False
501219,华夏智胜先锋股票(LOF)-A,股票型,存续,2021-12-15,,2021-12-15,tushare_fund_basic,华夏基金管理有限公司,,501219.SH,014198,False
501220,国泰行业轮动股票(FOF-LOF)-A,股票型,存续,2022-07-19,,2022-07-19,tushare_fund_basic,国泰基金管理有限公司,,501220.SH,014197,False
501221,民生加银优享进取一年封闭,股票型,发行,2023-03-01,,2023-03-01,tushare_fund_basic,民生加银基金,,501221.OF,501221,True
501223,汇添富积极投资指数优选A,股票型,发行,2022-03-29,,2022-03-29,tushare_fund_basic,汇添富基金,,501223.OF,015457,False
501225,景顺长城全球半导体芯片产业股票(QDII-LOF)-A-CNY,股票型,存续,2023-03-30,,2023-03-30,tushare_fund_basic,景顺长城基金管理有限公司,,501225.SH,501225,True
501226,长城全球新能源汽车A,股票型,存续,2023-04-21,,2023-04-21,tushare_fund_basic,长城基金,,501226.OF,501226,True
501301,华宝港股通恒生中国(香港上市)30ETF联接(LOF)-A,指数型-海外股票,存续,2017-04-20,,2017-04-20,tushare_fund_basic,华宝基金管理有限公司,,501301.SH,501301,True
501302,南方恒生ETF联接(QDII-LOF)-A,指数型-海外股票,存续,2017-07-21,,2017-07-21,tushare_fund_basic,南方基金管理股份有限公司,,501302.SH,501302,True
501303,广发港股通恒生综合中型股指数(LOF)-A,指数型-海外股票,存续,2017-09-21,,2017-09-21,tushare_fund_basic,广发基金管理有限公司,,501303.SH,501303,True
501305,汇添富中证港股通高股息投资ETF联接(LOF)-A,指数型-海外股票,存续,2017-11-24,,2017-11-24,tushare_fund_basic,汇添富基金管理股份有限公司,,501305.SH,501305,True
501306,汇添富中证港股通高股息投资ETF联接(LOF)-C,指数型-海外股票,存续,2017-11-24,,2017-11-24,tushare_fund_basic,汇添富基金管理股份有限公司,,501306.SH,501305,False
501307,银河中证沪港深高股息指数(LOF)-A,指数型-股票,存续,2018-04-10,,2018-04-10,tushare_fund_basic,银河基金管理有限公司,,501307.SH,501307,True
501309,国泰恒生港股通指数(LOF),指数型-海外股票,清盘,2018-11-06,2023-08-22,2018-11-06,tushare_fund_basic,国泰基金管理有限公司,2023-08-22,501309.SH,501309,True
501310,华宝标普沪港深中国增强价值指数(LOF)-A,指数型-海外股票,存续,2018-10-25,,2018-10-25,tushare_fund_basic,华宝基金管理有限公司,,501310.SH,501310,True
501311,嘉实恒生港股通新经济指数(LOF)-A,指数型-海外股票,存续,2019-01-14,,2019-01-14,tushare_fund_basic,嘉实基金管理有限公司,,501311.SH,501311,True
501312,华宝海外科技股票(QDII-LOF)-A,股票型,存续,2023-04-11,,2023-04-11,tushare_fund_basic,华宝基金管理有限公司,,501312.SH,017204,False
502000,西部利得中证500指数增强(LOF)-A,指数型-股票,存续,2020-02-19,,2020-02-19,tushare_fund_basic,西部利得基金管理有限公司,,502000.SH,502000,True
5020001,西部利得中证500等权重指数分级,股票型,清盘,2015-04-15,2020-02-18,2015-04-15,tushare_fund_basic,西部利得基金管理有限公司,2020-02-18,5020001.SH,5020001,True
502001,西部利得中证500等权重指数分级-A,指数型-股票,清盘,2015-04-15,2020-02-18,2015-04-15,tushare_fund_basic,西部利得基金管理有限公司,2020-02-18,502001.SH,502001,True
502002,西部利得中证500等权重指数分级-B,指数型-股票,清盘,2015-04-15,2020-02-18,2015-04-15,tushare_fund_basic,西部利得基金管理有限公司,2020-02-18,502002.SH,502002,True
502003,易方达中证军工指数(LOF)-A,指数型-股票,存续,2021-01-01,,2021-01-01,tushare_fund_basic,易方达基金管理有限公司,,502003.SH,502003,True
502004,易方达军工指数分级-A,指数型-股票,清盘,2015-07-08,2021-01-05,2015-07-08,tushare_fund_basic,易方达基金管理有限公司,2021-01-05,502004.SH,502004,True
502005,易方达军工指数分级-B,指数型-股票,清盘,2015-07-08,2021-01-05,2015-07-08,tushare_fund_basic,易方达基金管理有限公司,2021-01-05,502005.SH,502005,True
502006,易方达中证国有企业改革指数(LOF)-A,指数型-股票,存续,2021-01-01,,2021-01-01,tushare_fund_basic,易方达基金管理有限公司,,502006.SH,502006,True
502007,易方达国企改革指数分级-A,指数型-股票,清盘,2015-06-15,2021-01-05,2015-06-15,tushare_fund_basic,易方达基金管理有限公司,2021-01-05,502007.SH,502007,True
502008,易方达国企改革指数分级-B,指数型-股票,清盘,2015-06-15,2021-01-05,2015-06-15,tushare_fund_basic,易方达基金管理有限公司,2021-01-05,502008.SH,502008,True
502010,易方达中证全指证券公司指数(LOF)-A,指数型-股票,存续,2021-01-01,,2021-01-01,tushare_fund_basic,易方达基金管理有限公司,,502010.SH,502010,True
502011,易方达证券公司指数分级-A,指数型-股票,清盘,2015-07-08,2021-01-05,2015-07-08,tushare_fund_basic,易方达基金管理有限公司,2021-01-05,502011.SH,502011,True
502012,易方达证券公司指数分级-B,指数型-股票,清盘,2015-07-08,2021-01-05,2015-07-08,tushare_fund_basic,易方达基金管理有限公司,2021-01-05,502012.SH,502012,True
502013,长盛中证申万一带一路主题指数(LOF),指数型-股票,存续,2021-01-01,,2021-01-01,tushare_fund_basic,长盛基金管理有限公司,,502013.SH,502013,True
502014,长盛中证申万一带一路主题指数分级-A,指数型-股票,清盘,2015-05-29,2021-01-05,2015-05-29,tushare_fund_basic,长盛基金管理有限公司,2021-01-05,502014.SH,502014,True
502015,长盛中证申万一带一路主题指数分级-B,指数型-股票,清盘,2015-05-29,2021-01-05,2015-05-29,tushare_fund_basic,长盛基金管理有限公司,2021-01-05,502015.SH,502015,True
502016,长信中证一带一路主题指数分级,指数型-股票,清盘,2015-08-17,2018-10-26,2015-08-17,tushare_fund_basic,长信基金管理有限责任公司,2018-10-26,502016.SH,502016,True
502017,长信中证一带一路主题指数分级-A,指数型-股票,清盘,2015-08-17,2018-10-26,2015-08-17,tushare_fund_basic,长信基金管理有限责任公司,2018-10-26,502017.SH,502017,True
502018,长信中证一带一路主题指数分级-B,指数型-股票,清盘,2015-08-17,2018-10-26,2015-08-17,tushare_fund_basic,长信基金管理有限责任公司,2018-10-26,502018.SH,502018,True
502020,国金上证50指数增强(LOF),指数型-股票,清盘,2019-10-14,2023-04-27,2019-10-14,tushare_fund_basic,国金基金管理有限公司,2023-04-27,502020.SH,502020,True
5020201,国金上证50指数分级,股票型,清盘,2015-05-27,2019-10-13,2015-05-27,tushare_fund_basic,国金基金管理有限公司,2019-10-13,5020201.SH,5020201,True
502021,国金上证50指数分级-A,指数型-股票,清盘,2015-05-27,2019-10-13,2015-05-27,tushare_fund_basic,国金基金管理有限公司,2019-10-13,502021.SH,502021,True
502022,国金上证50指数分级-B,指数型-股票,清盘,2015-05-27,2019-10-13,2015-05-27,tushare_fund_basic,国金基金管理有限公司,2019-10-13,502022.SH,502022,True
502023,鹏华国证钢铁行业指数(LOF)-A,指数型-股票,存续,2021-01-01,,2021-01-01,tushare_fund_basic,鹏华基金管理有限公司,,502023.SH,502023,True
502024,鹏华国证钢铁行业指数分级-A,指数型-股票,清盘,2015-08-13,2021-01-05,2015-08-13,tushare_fund_basic,鹏华基金管理有限公司,2021-01-05,502024.SH,502024,True
502025,鹏华国证钢铁行业指数分级-B,指数型-股票,清盘,2015-08-13,2021-01-05,2015-08-13,tushare_fund_basic,鹏华基金管理有限公司,2021-01-05,502025.SH,502025,True
502026,鹏华新丝路指数分级,指数型-股票,清盘,2015-08-13,2018-05-15,2015-08-13,tushare_fund_basic,鹏华基金管理有限公司,2018-05-15,502026.SH,502026,True
502027,鹏华新丝路指数分级-A,指数型-股票,清盘,2015-08-13,2018-05-15,2015-08-13,tushare_fund_basic,鹏华基金管理有限公司,2018-05-15,502027.SH,502027,True
502028,鹏华新丝路指数分级-B,指数型-股票,清盘,2015-08-13,2018-05-15,2015-08-13,tushare_fund_basic,鹏华基金管理有限公司,2018-05-15,502028.SH,502028,True
502030,中海中证高铁产业指数分级,指数型-股票,清盘,2015-07-31,2018-11-14,2015-07-31,tushare_fund_basic,中海基金管理有限公司,2018-11-14,502030.OF,502030,True
502031,中海中证高铁产业指数分级-A,指数型-股票,清盘,2015-07-31,2019-02-22,2015-07-31,tushare_fund_basic,中海基金管理有限公司,2019-02-22,502031.SH,502031,True
502032,中海中证高铁产业指数分级-B,指数型-股票,清盘,2015-07-31,2019-02-22,2015-07-31,tushare_fund_basic,中海基金管理有限公司,2019-02-22,502032.SH,502032,True
502036,大成中证互联网金融指数分级,指数型-股票,清盘,2015-06-29,2020-11-30,2015-06-29,tushare_fund_basic,大成基金管理有限公司,2020-11-30,502036.SH,502036,True
502037,大成中证互联网金融指数分级-A,指数型-股票,清盘,2015-06-29,2020-11-30,2015-06-29,tushare_fund_basic,大成基金管理有限公司,2020-11-30,502037.SH,502037,True
502038,大成中证互联网金融指数分级-B,指数型-股票,清盘,2015-06-29,2020-11-30,2015-06-29,tushare_fund_basic,大成基金管理有限公司,2020-11-30,502038.SH,502038,True
502040,长盛上证50指数(LOF),指数型-股票,清盘,2020-12-04,2024-07-12,2020-12-04,tushare_fund_basic,长盛基金管理有限公司,2024-07-12,502040.SH,502040,True
502041,长盛上证50指数分级-A,指数型-股票,清盘,2015-08-13,2020-12-03,2015-08-13,tushare_fund_basic,长盛基金管理有限公司,2020-12-03,502041.SH,502041,True
502042,长盛上证50指数分级-B,指数型-股票,清盘,2015-08-13,2020-12-03,2015-08-13,tushare_fund_basic,长盛基金管理有限公司,2020-12-03,502042.SH,502042,True
502048,易方达上证50指数(LOF)-A,指数型-股票,存续,2021-01-01,,2021-01-01,tushare_fund_basic,易方达基金管理有限公司,,502048.SH,502048,True
502049,易方达上证50指数分级-A,指数型-股票,清盘,2015-04-15,2021-01-05,2015-04-15,tushare_fund_basic,易方达基金管理有限公司,2021-01-05,502049.SH,502049,True
502050,易方达上证50指数分级-B,指数型-股票,清盘,2015-04-15,2021-01-05,2015-04-15,tushare_fund_basic,易方达基金管理有限公司,2021-01-05,502050.SH,502050,True
502053,长盛中证全指证券公司指数(LOF)-A,指数型-股票,存续,2021-01-01,,2021-01-01,tushare_fund_basic,长盛基金管理有限公司,,502053.SH,502053,True
502054,长盛中证全指证券公司指数分级-A,指数型-股票,清盘,2015-08-13,2021-01-05,2015-08-13,tushare_fund_basic,长盛基金管理有限公司,2021-01-05,502054.SH,502054,True
502055,长盛中证全指证券公司指数分级-B,指数型-股票,清盘,2015-08-13,2021-01-05,2015-08-13,tushare_fund_basic,长盛基金管理有限公司,2021-01-05,502055.SH,502055,True
502056,广发中证医疗ETF联接(LOF)-A,指数型-股票,存续,2020-08-26,,2020-08-26,tushare_fund_basic,广发基金管理有限公司,,502056.SH,502056,True
5020561,广发中证医疗指数分级,股票型,清盘,2015-07-23,2020-08-25,2015-07-23,tushare_fund_basic,广发基金管理有限公司,2020-08-25,5020561.SH,5020561,True
502057,广发中证医疗指数分级-A,指数型-股票,清盘,2015-07-23,2020-08-25,2015-07-23,tushare_fund_basic,广发基金管理有限公司,2020-08-25,502057.SH,502057,True
502058,广发中证医疗指数分级-B,指数型-股票,清盘,2015-07-23,2020-08-25,2015-07-23,tushare_fund_basic,广发基金管理有限公司,2020-08-25,502058.SH,502058,True
510010,交银上证180公司治理ETF,指数型-股票,存续,2009-09-25,,2009-09-25,tushare_fund_basic,交银施罗德基金管理有限公司,,510010.SH,510010,True
510020,博时上证超级大盘ETF,指数型-股票,存续,2009-12-29,,2009-12-29,tushare_fund_basic,博时基金管理有限公司,,510020.SH,510020,True
510030,华宝上证180价值ETF,指数型-股票,存续,2010-04-23,,2010-04-23,tushare_fund_basic,华宝基金管理有限公司,,510030.SH,510030,True
510040,鹏华上证180ETF,指数型-股票,存续,2024-12-25,,2024-12-25,tushare_fund_basic,鹏华基金管理有限公司,,510040.SH,510040,True
510050,华夏上证50ETF,指数型-股票,存续,2004-12-30,,2004-12-30,tushare_fund_basic,华夏基金管理有限公司,,510050.SH,510050,True
510060,工银瑞信上证中央企业50ETF,指数型-股票,存续,2009-08-26,,2009-08-26,tushare_fund_basic,工银瑞信基金管理有限公司,,510060.SH,510060,True
510070,鹏华上证民营企业50ETF,指数型-股票,清盘,2010-08-05,2020-08-13,2010-08-05,tushare_fund_basic,鹏华基金管理有限公司,2020-08-13,510070.SH,510070,True
510090,建信上证社会责任ETF,指数型-股票,存续,2010-05-28,,2010-05-28,tushare_fund_basic,建信基金管理有限责任公司,,510090.SH,510090,True
510100,易方达上证50ETF,指数型-股票,存续,2019-09-06,,2019-09-06,tushare_fund_basic,易方达基金管理有限公司,,510100.SH,510100,True
510110,海富通上证周期行业50ETF,指数型-股票,清盘,2010-09-19,2023-08-11,2010-09-19,tushare_fund_basic,海富通基金管理有限公司,2023-08-11,510110.SH,510110,True
510120,海富通上证非周期行业100ETF,指数型-股票,清盘,2011-04-22,2023-08-11,2011-04-22,tushare_fund_basic,海富通基金管理有限公司,2023-08-11,510120.SH,510120,True
510130,易方达上证中盘ETF,指数型-股票,存续,2010-03-29,,2010-03-29,tushare_fund_basic,易方达基金管理有限公司,,510130.SH,510130,True
510150,招商上证消费80ETF,指数型-股票,存续,2010-12-08,,2010-12-08,tushare_fund_basic,招商基金管理有限公司,,510150.SH,510150,True
510160,南方中证南方小康产业ETF,指数型-股票,存续,2010-08-27,,2010-08-27,tushare_fund_basic,南方基金管理股份有限公司,,510160.SH,510160,True
510170,国联安上证大宗商品股票ETF,指数型-股票,存续,2010-11-26,,2010-11-26,tushare_fund_basic,国联安基金管理有限公司,,510170.SH,510170,True
510180,华安上证180ETF,指数型-股票,存续,2006-04-13,,2006-04-13,tushare_fund_basic,华安基金管理有限公司,,510180.SH,510180,True
510190,华安上证50ETF,指数型-股票,存续,2010-11-18,,2010-11-18,tushare_fund_basic,华安基金管理有限公司,,510190.SH,510190,True
510200,汇安上证证券ETF,指数型-股票,存续,2020-04-09,,2020-04-09,tushare_fund_basic,汇安基金管理有限责任公司,,510200.SH,510200,True
510210,富国上证综指ETF,指数型-股票,存续,2011-01-30,,2011-01-30,tushare_fund_basic,富国基金管理有限公司,,510210.SH,510210,True
510220,华泰柏瑞上证中小盘ETF,指数型-股票,清盘,2011-01-26,2022-12-27,2011-01-26,tushare_fund_basic,华泰柏瑞基金管理有限公司,2022-12-27,510220.SH,510220,True
510230,国泰上证180金融ETF,指数型-股票,存续,2011-03-31,,2011-03-31,tushare_fund_basic,国泰基金管理有限公司,,510230.SH,510230,True
510260,诺安上证新兴产业ETF,指数型-股票,清盘,2011-04-07,2020-01-15,2011-04-07,tushare_fund_basic,诺安基金管理有限公司,2020-01-15,510260.SH,510260,True
510270,中银上证国有企业100ETF,指数型-股票,存续,2011-06-16,,2011-06-16,tushare_fund_basic,中银基金管理有限公司,,510270.SH,510270,True
510280,华宝上证180成长ETF,指数型-股票,清盘,2011-08-04,2019-09-30,2011-08-04,tushare_fund_basic,华宝基金管理有限公司,2019-09-30,510280.SH,510280,True
510290,南方上证380ETF,指数型-股票,存续,2011-09-16,,2011-09-16,tushare_fund_basic,南方基金管理股份有限公司,,510290.SH,510290,True
510300,华泰柏瑞沪深300ETF,指数型-股票,存续,2012-05-04,,2012-05-04,tushare_fund_basic,华泰柏瑞基金管理有限公司,,510300.SH,510300,True
510310,易方达沪深300ETF,指数型-股票,存续,2013-03-06,,2013-03-06,tushare_fund_basic,易方达基金管理有限公司,,510310.SH,510310,True
510320,中金沪深300ETF,指数型-股票,存续,2025-04-16,,2025-04-16,tushare_fund_basic,中金基金管理有限公司,,510320.SH,510320,True
510330,华夏沪深300ETF,指数型-股票,存续,2012-12-25,,2012-12-25,tushare_fund_basic,华夏基金管理有限公司,,510330.SH,510330,True
510350,工银瑞信沪深300ETF,指数型-股票,存续,2019-05-20,,2019-05-20,tushare_fund_basic,工银瑞信基金管理有限公司,,510350.SH,510350,True
510360,广发沪深300ETF,指数型-股票,存续,2015-08-20,,2015-08-20,tushare_fund_basic,广发基金管理有限公司,,510360.SH,510360,True
510370,兴业沪深300ETF,指数型-股票,存续,2020-09-11,,2020-09-11,tushare_fund_basic,兴业基金管理有限公司,,510370.SH,510370,True
510380,国寿安保沪深300ETF,指数型-股票,存续,2018-01-19,,2018-01-19,tushare_fund_basic,国寿安保基金管理有限公司,,510380.SH,510380,True
510390,平安沪深300ETF,指数型-股票,存续,2017-12-25,,2017-12-25,tushare_fund_basic,平安基金管理有限公司,,510390.SH,510390,True
510410,博时上证自然资源ETF,指数型-股票,存续,2012-04-10,,2012-04-10,tushare_fund_basic,博时基金管理有限公司,,510410.SH,510410,True
510420,景顺长城上证180等权重ETF,指数型-股票,清盘,2012-06-12,2019-11-08,2012-06-12,tushare_fund_basic,景顺长城基金管理有限公司,2019-11-08,510420.SH,510420,True
510430,银华上证50等权重ETF,指数型-股票,清盘,2012-08-23,2020-12-18,2012-08-23,tushare_fund_basic,银华基金管理股份有限公司,2020-12-18,510430.SH,510430,True
510440,大成中证500沪市ETF,指数型-股票,清盘,2012-08-24,2022-12-22,2012-08-24,tushare_fund_basic,大成基金管理有限公司,2022-12-22,510440.SH,510440,True
510450,上投摩根上证180高贝塔ETF,指数型-股票,清盘,2013-07-08,2016-08-24,2013-07-08,tushare_fund_basic,摩根基金管理(中国)有限公司,2016-08-24,510450.SH,510450,True
510500,南方中证500ETF,指数型-股票,存续,2013-02-06,,2013-02-06,tushare_fund_basic,南方基金管理股份有限公司,,510500.SH,510500,True
510510,广发中证500ETF,指数型-股票,存续,2013-04-11,,2013-04-11,tushare_fund_basic,广发基金管理有限公司,,510510.SH,510510,True
510520,诺安中证500ETF,指数型-股票,清盘,2014-02-07,2019-10-31,2014-02-07,tushare_fund_basic,诺安基金管理有限公司,2019-10-31,510520.SH,510520,True
510530,工银瑞信中证500ETF,指数型-股票,存续,2019-10-17,,2019-10-17,tushare_fund_basic,工银瑞信基金管理有限公司,,510530.SH,510530,True
510550,方正富邦中证500ETF,指数型-股票,存续,2018-11-30,,2018-11-30,tushare_fund_basic,方正富邦基金管理有限公司,,510550.SH,510550,True
510560,国寿安保中证500ETF,指数型-股票,存续,2015-05-29,,2015-05-29,tushare_fund_basic,国寿安保基金管理有限公司,,510560.SH,510560,True
510570,兴业中证500ETF,指数型-股票,存续,2020-06-30,,2020-06-30,tushare_fund_basic,兴业基金管理有限公司,,510570.SH,510570,True
510580,易方达中证500ETF,指数型-股票,存续,2015-08-27,,2015-08-27,tushare_fund_basic,易方达基金管理有限公司,,510580.SH,510580,True
510590,平安中证500ETF,指数型-股票,存续,2018-03-23,,2018-03-23,tushare_fund_basic,平安基金管理有限公司,,510590.SH,510590,True
510600,申万菱信上证50ETF,指数型-股票,存续,2018-09-03,,2018-09-03,tushare_fund_basic,申万菱信基金管理有限公司,,510600.SH,510600,True
510610,华夏上证能源ETF,指数型-股票,清盘,2013-03-28,2016-07-06,2013-03-28,tushare_fund_basic,华夏基金管理有限公司,2016-07-06,510610.SH,510610,True
510620,华夏上证原材料ETF,指数型-股票,清盘,2013-03-28,2016-08-15,2013-03-28,tushare_fund_basic,华夏基金管理有限公司,2016-08-15,510620.SH,510620,True
510630,华夏上证主要消费ETF,指数型-股票,存续,2013-03-28,,2013-03-28,tushare_fund_basic,华夏基金管理有限公司,,510630.SH,510630,True
510650,华夏上证金融地产ETF,指数型-股票,存续,2013-03-28,,2013-03-28,tushare_fund_basic,华夏基金管理有限公司,,510650.SH,510650,True
510660,华夏上证医药卫生ETF,指数型-股票,存续,2013-03-28,,2013-03-28,tushare_fund_basic,华夏基金管理有限公司,,510660.SH,510660,True
510670,华夏上证180ETF,指数型-股票,存续,2025-10-20,,2025-10-20,tushare_fund_basic,华夏基金管理有限公司,,510670.SH,510670,True
510680,万家上证50ETF,指数型-股票,存续,2015-12-15,,2015-12-15,tushare_fund_basic,万家基金管理有限公司,,510680.SH,510680,True
510690,兴业上证180金融ETF,指数型-股票,清盘,2020-05-08,2022-03-03,2020-05-08,tushare_fund_basic,兴业基金管理有限公司,2022-03-03,510690.SH,510690,True
510700,长盛上证市值百强ETF,指数型-股票,清盘,2013-04-24,2015-10-14,2013-04-24,tushare_fund_basic,长盛基金管理有限公司,2015-10-14,510700.SH,510700,True
510710,博时上证50ETF,指数型-股票,存续,2015-05-27,,2015-05-27,tushare_fund_basic,博时基金管理有限公司,,510710.SH,510710,True
510720,国泰上证国有企业红利ETF,指数型-股票,存续,2024-04-30,,2024-04-30,tushare_fund_basic,国泰基金管理有限公司,,510720.SH,510720,True
510760,国泰上证综合ETF,指数型-股票,存续,2020-08-21,,2020-08-21,tushare_fund_basic,国泰基金管理有限公司,,510760.SH,510760,True
510770,申万菱信上证G60战略新兴产业成份ETF,指数型-股票,存续,2021-09-16,,2021-09-16,tushare_fund_basic,申万菱信基金管理有限公司,,510770.SH,510770,True
510800,建信上证50ETF,指数型-股票,存续,2017-12-22,,2017-12-22,tushare_fund_basic,建信基金管理有限责任公司,,510800.SH,510800,True
510810,汇添富中证上海国企ETF,指数型-股票,存续,2016-07-28,,2016-07-28,tushare_fund_basic,汇添富基金管理股份有限公司,,510810.SH,510810,True
510820,汇添富上证上海改革发展主题ETF,指数型-股票,清盘,2017-12-01,2019-08-20,2017-12-01,tushare_fund_basic,汇添富基金管理股份有限公司,2019-08-20,510820.SH,510820,True
510850,工银瑞信上证50ETF,指数型-股票,存续,2018-12-07,,2018-12-07,tushare_fund_basic,工银瑞信基金管理有限公司,,510850.SH,510850,True
510860,兴业上证50ETF,指数型-股票,清盘,2020-11-13,2022-03-17,2020-11-13,tushare_fund_basic,兴业基金管理有限公司,2022-03-17,510860.SH,510860,True
510880,华泰柏瑞上证红利ETF,指数型-股票,存续,2006-11-17,,2006-11-17,tushare_fund_basic,华泰柏瑞基金管理有限公司,,510880.SH,510880,True
510890,兴业上证红利低波动ETF,指数型-股票,清盘,2019-04-22,2021-09-07,2019-04-22,tushare_fund_basic,兴业基金管理有限公司,2021-09-07,510890.SH,510890,True
510900,易方达恒生中国企业ETF(QDII),指数型-海外股票,存续,2012-08-09,,2012-08-09,tushare_fund_basic,易方达基金管理有限公司,,510900.SH,510900,True
510950,广发上证50ETF,指数型-股票,存续,2024-04-24,,2024-04-24,tushare_fund_basic,广发基金管理有限公司,,510950.SH,510950,True
510980,汇添富上证综合ETF,指数型-股票,存续,2023-11-22,,2023-11-22,tushare_fund_basic,汇添富基金管理股份有限公司,,510980.SH,510980,True
510990,工银瑞信中证180ESGETF,指数型-股票,存续,2021-06-18,,2021-06-18,tushare_fund_basic,工银瑞信基金管理有限公司,,510990.SH,510990,True
512000,华宝中证全指证券公司ETF,指数型-股票,存续,2016-08-30,,2016-08-30,tushare_fund_basic,华宝基金管理有限公司,,512000.SH,512000,True
512010,易方达沪深300医药卫生ETF,指数型-股票,存续,2013-09-23,,2013-09-23,tushare_fund_basic,易方达基金管理有限公司,,512010.SH,512010,True
512020,鹏华中证A500ETF,指数型-股票,存续,2024-11-21,,2024-11-21,tushare_fund_basic,鹏华基金管理有限公司,,512020.SH,512020,True
512030,易方达中证A50增强策略ETF,指数型-股票,存续,2025-07-28,,2025-07-28,tushare_fund_basic,易方达基金管理有限公司,,512030.SH,512030,True
512040,富国中证价值ETF,指数型-股票,存续,2018-11-07,,2018-11-07,tushare_fund_basic,富国基金管理有限公司,,512040.SH,512040,True
512050,华夏中证A500ETF,指数型-股票,存续,2024-11-08,,2024-11-08,tushare_fund_basic,华夏基金管理有限公司,,512050.SH,512050,True
512060,天弘中证A100ETF,指数型-股票,存续,2025-07-09,,2025-07-09,tushare_fund_basic,天弘基金管理有限公司,,512060.SH,512060,True
512070,易方达沪深300非银行金融ETF,指数型-股票,存续,2014-06-26,,2014-06-26,tushare_fund_basic,易方达基金管理有限公司,,512070.SH,512070,True
512080,中金中证A500ETF,指数型-股票,存续,2025-01-14,,2025-01-14,tushare_fund_basic,中金基金管理有限公司,,512080.SH,512080,True
512090,易方达MSCI中国A股国际通ETF,指数型-海外股票,存续,2018-05-17,,2018-05-17,tushare_fund_basic,易方达基金管理有限公司,,512090.SH,512090,True
512100,南方中证1000ETF,指数型-股票,存续,2016-09-29,,2016-09-29,tushare_fund_basic,南方基金管理股份有限公司,,512100.SH,512100,True
512110,华安中证细分地产ETF,指数型-股票,清盘,2013-12-04,2017-01-13,2013-12-04,tushare_fund_basic,华安基金管理有限公司,2017-01-13,512110.SH,512110,True
512120,华安中证细分医药ETF,指数型-股票,存续,2013-12-04,,2013-12-04,tushare_fund_basic,华安基金管理有限公司,,512120.SH,512120,True
512130,鹏华中证全指自由现金流ETF,指数型-股票,存续,2025-06-05,,2025-06-05,tushare_fund_basic,鹏华基金管理有限公司,,512130.SH,512130,True
512150,汇安富时中国A50ETF,指数型-股票,存续,2018-12-21,,2018-12-21,tushare_fund_basic,汇安基金管理有限责任公司,,512150.SH,512150,True
512160,南方MSCI中国A股国际通ETF,指数型-海外股票,存续,2018-04-03,,2018-04-03,tushare_fund_basic,南方基金管理股份有限公司,,512160.SH,512160,True
512170,华宝中证医疗ETF,指数型-股票,存续,2019-05-20,,2019-05-20,tushare_fund_basic,华宝基金管理有限公司,,512170.SH,512170,True
512180,建信MSCI中国A股国际通ETF,指数型-海外股票,存续,2018-04-19,,2018-04-19,tushare_fund_basic,建信基金管理有限责任公司,,512180.SH,512180,True
512190,浙商汇金中证浙江凤凰行动50ETF,指数型-股票,存续,2019-08-05,,2019-08-05,tushare_fund_basic,浙江浙商证券资产管理有限公司,,512190.SH,512190,True
512200,南方中证全指房地产ETF,指数型-股票,存续,2017-08-25,,2017-08-25,tushare_fund_basic,南方基金管理股份有限公司,,512200.SH,512200,True
512210,景顺长城中证800食品饮料ETF,指数型-股票,清盘,2014-07-18,2018-08-31,2014-07-18,tushare_fund_basic,景顺长城基金管理有限公司,2018-08-31,512210.SH,512210,True
512220,景顺长城中证科技传媒通信150ETF,指数型-股票,存续,2014-07-18,,2014-07-18,tushare_fund_basic,景顺长城基金管理有限公司,,512220.SH,512220,True
512230,景顺长城中证医药卫生ETF,指数型-股票,清盘,2014-07-18,2019-01-23,2014-07-18,tushare_fund_basic,景顺长城基金管理有限公司,2019-01-23,512230.SH,512230,True
512240,鹏华中证A50ETF,指数型-股票,存续,2025-03-26,,2025-03-26,tushare_fund_basic,鹏华基金管理有限公司,,512240.SH,512240,True
512250,招商中证A50ETF,指数型-股票,存续,2025-04-03,,2025-04-03,tushare_fund_basic,招商基金管理有限公司,,512250.SH,512250,True
512260,华安中证500行业中性低波动ETF,指数型-股票,存续,2018-11-30,,2018-11-30,tushare_fund_basic,华安基金管理有限公司,,512260.SH,512260,True
512270,华安沪深300行业中性低波动ETF,指数型-股票,清盘,2019-03-07,2021-09-23,2019-03-07,tushare_fund_basic,华安基金管理有限公司,2021-09-23,512270.SH,512270,True
512280,景顺长城MSCI中国A股国际通ETF,指数型-海外股票,清盘,2018-04-27,2025-08-21,2018-04-27,tushare_fund_basic,景顺长城基金管理有限公司,2025-08-21,512280.SH,512280,True
512290,国泰中证生物医药ETF,指数型-股票,存续,2019-04-18,,2019-04-18,tushare_fund_basic,国泰基金管理有限公司,,512290.SH,512290,True
512300,南方中证500医药卫生指数ETF,指数型-股票,清盘,2014-10-30,2021-03-12,2014-10-30,tushare_fund_basic,南方基金管理股份有限公司,2021-03-12,512300.SH,512300,True
512310,南方中证500工业指数ETF,指数型-股票,清盘,2015-04-08,2021-04-16,2015-04-08,tushare_fund_basic,南方基金管理股份有限公司,2021-04-16,512310.SH,512310,True
512320,工银瑞信MSCI中国A股ETF,指数型-海外股票,清盘,2020-06-29,2024-04-16,2020-06-29,tushare_fund_basic,工银瑞信基金管理有限公司,2024-04-16,512320.SH,512320,True
512330,南方中证500信息技术指数ETF,指数型-股票,存续,2015-06-29,,2015-06-29,tushare_fund_basic,南方基金管理股份有限公司,,512330.SH,512330,True
512340,南方中证500原材料指数ETF,指数型-股票,清盘,2015-04-16,2021-04-16,2015-04-16,tushare_fund_basic,南方基金管理股份有限公司,2021-04-16,512340.SH,512340,True
512350,兴业中证福建50ETF,指数型-股票,清盘,2020-07-27,2022-03-17,2020-07-27,tushare_fund_basic,兴业基金管理有限公司,2022-03-17,512350.SH,512350,True
512360,平安MSCI中国A股国际ETF,指数型-海外股票,存续,2018-06-15,,2018-06-15,tushare_fund_basic,平安基金管理有限公司,,512360.SH,512360,True
512370,华夏中证A500增强策略ETF,指数型-股票,存续,2025-08-06,,2025-08-06,tushare_fund_basic,华夏基金管理有限公司,,512370.SH,512370,True
512380,银华MSCI中国A股ETF,指数型-海外股票,存续,2019-03-19,,2019-03-19,tushare_fund_basic,银华基金管理股份有限公司,,512380.SH,512380,True
512390,平安MSCI中国A股低波动ETF,指数型-海外股票,存续,2018-06-07,,2018-06-07,tushare_fund_basic,平安基金管理有限公司,,512390.SH,512390,True
512400,南方中证申万有色金属ETF,指数型-股票,存续,2017-08-03,,2017-08-03,tushare_fund_basic,南方基金管理股份有限公司,,512400.SH,512400,True
512450,广发中证畜牧养殖产业ETF,指数型-股票,存续,2026-03-18,,2026-03-18,tushare_fund_basic,广发基金,,512450.OF,512450,True
512460,华夏中证电池主题ETF,指数型-股票,存续,2026-03-11,,2026-03-11,tushare_fund_basic,华夏基金管理有限公司,,512460.SH,512460,True
512480,国联安中证全指半导体产品与设备ETF,指数型-股票,存续,2019-05-08,,2019-05-08,tushare_fund_basic,国联安基金管理有限公司,,512480.SH,512480,True
512500,华夏中证500ETF,指数型-股票,存续,2015-05-05,,2015-05-05,tushare_fund_basic,华夏基金管理有限公司,,512500.SH,512500,True
512510,华泰柏瑞中证500ETF,指数型-股票,存续,2015-05-13,,2015-05-13,tushare_fund_basic,华泰柏瑞基金管理有限公司,,512510.SH,512510,True
512520,华泰柏瑞MSCI中国A股国际通ETF,指数型-海外股票,存续,2018-04-26,,2018-04-26,tushare_fund_basic,华泰柏瑞基金管理有限公司,,512520.SH,512520,True
512530,建信沪深300红利ETF,指数型-股票,存续,2019-08-23,,2019-08-23,tushare_fund_basic,建信基金管理有限责任公司,,512530.SH,512530,True
512550,嘉实富时中国A50ETF,指数型-股票,存续,2017-07-03,,2017-07-03,tushare_fund_basic,嘉实基金管理有限公司,,512550.SH,512550,True
512560,易方达中证军工ETF,指数型-股票,存续,2017-07-14,,2017-07-14,tushare_fund_basic,易方达基金管理有限公司,,512560.SH,512560,True
512570,易方达中证全指证券公司ETF,指数型-股票,存续,2017-07-27,,2017-07-27,tushare_fund_basic,易方达基金管理有限公司,,512570.SH,512570,True
512580,广发中证环保产业ETF,指数型-股票,存续,2017-01-25,,2017-01-25,tushare_fund_basic,广发基金管理有限公司,,512580.SH,512580,True
512590,浦银安盛中证高股息精选ETF,指数型-股票,清盘,2019-01-29,2023-04-28,2019-01-29,tushare_fund_basic,浦银基金管理有限公司,2023-04-28,512590.SH,512590,True
512600,嘉实中证主要消费ETF,指数型-股票,存续,2014-06-13,,2014-06-13,tushare_fund_basic,嘉实基金管理有限公司,,512600.SH,512600,True
512610,嘉实中证医药卫生ETF,指数型-股票,清盘,2014-06-13,2022-12-22,2014-06-13,tushare_fund_basic,嘉实基金管理有限公司,2022-12-22,512610.SH,512610,True
512620,天弘中证农业主题ETF,指数型-股票,存续,2025-11-12,,2025-11-12,tushare_fund_basic,天弘基金管理有限公司,,512620.SH,512620,True
512630,广发中证卫星产业ETF,指数型-股票,存续,2025-10-13,,2025-10-13,tushare_fund_basic,广发基金管理有限公司,,512630.SH,512630,True
512640,嘉实中证金融地产ETF,指数型-股票,存续,2014-06-20,,2014-06-20,tushare_fund_basic,嘉实基金管理有限公司,,512640.SH,512640,True
512650,汇添富中证长三角一体化发展主题ETF,指数型-股票,存续,2019-07-26,,2019-07-26,tushare_fund_basic,汇添富基金管理股份有限公司,,512650.SH,512650,True
512660,国泰中证军工ETF,指数型-股票,存续,2016-07-26,,2016-07-26,tushare_fund_basic,国泰基金管理有限公司,,512660.SH,512660,True
512670,鹏华中证国防ETF,指数型-股票,存续,2019-07-05,,2019-07-05,tushare_fund_basic,鹏华基金管理有限公司,,512670.SH,512670,True
512680,广发中证军工ETF,指数型-股票,存续,2016-08-30,,2016-08-30,tushare_fund_basic,广发基金管理有限公司,,512680.SH,512680,True
512690,鹏华中证酒ETF,指数型-股票,存续,2019-04-04,,2019-04-04,tushare_fund_basic,鹏华基金管理有限公司,,512690.SH,512690,True
512700,南方中证银行ETF,指数型-股票,存续,2017-06-28,,2017-06-28,tushare_fund_basic,南方基金管理股份有限公司,,512700.SH,512700,True
512710,富国中证军工龙头ETF,指数型-股票,存续,2019-07-23,,2019-07-23,tushare_fund_basic,富国基金管理有限公司,,512710.SH,512710,True
512720,国泰中证计算机主题ETF,指数型-股票,存续,2019-07-11,,2019-07-11,tushare_fund_basic,国泰基金管理有限公司,,512720.SH,512720,True
512730,鹏华中证银行ETF,指数型-股票,存续,2019-12-19,,2019-12-19,tushare_fund_basic,鹏华基金管理有限公司,,512730.SH,512730,True
512750,嘉实中证锐联基本面50ETF,指数型-股票,存续,2019-05-23,,2019-05-23,tushare_fund_basic,嘉实基金管理有限公司,,512750.SH,512750,True
512760,国泰CES半导体芯片行业ETF,指数型-股票,存续,2019-05-16,,2019-05-16,tushare_fund_basic,国泰基金管理有限公司,,512760.SH,512760,True
512770,华夏战略新兴成指ETF,指数型-股票,存续,2018-07-13,,2018-07-13,tushare_fund_basic,华夏基金管理有限公司,,512770.SH,512770,True
512780,广发中证京津冀协同发展主题ETF,指数型-股票,清盘,2018-04-19,2023-01-12,2018-04-19,tushare_fund_basic,广发基金管理有限公司,2023-01-12,512780.SH,512780,True
512790,华安中证民企成长ETF,指数型-股票,清盘,2019-07-26,2020-07-31,2019-07-26,tushare_fund_basic,华安基金管理有限公司,2020-07-31,512790.SH,512790,True
512800,华宝中证银行ETF,指数型-股票,存续,2017-07-18,,2017-07-18,tushare_fund_basic,华宝基金管理有限公司,,512800.SH,512800,True
512810,华宝中证军工ETF,指数型-股票,存续,2016-08-05,,2016-08-05,tushare_fund_basic,华宝基金管理有限公司,,512810.SH,512810,True
512820,汇添富中证银行ETF,指数型-股票,存续,2018-10-23,,2018-10-23,tushare_fund_basic,汇添富基金管理股份有限公司,,512820.SH,512820,True
512833,汇添富中国战略新兴产业ETF,指数型-股票,发行,2018-09-28,,2018-09-28,tushare_fund_basic,汇添富基金,,512833.OF,512833,True
512850,中信建投中证北京50ETF,指数型-股票,清盘,2018-09-27,2021-02-19,2018-09-27,tushare_fund_basic,中信建投基金管理有限公司,2021-02-19,512850.SH,512850,True
512860,华安MSCI中国A股国际ETF,指数型-海外股票,清盘,2018-09-27,2021-04-30,2018-09-27,tushare_fund_basic,华安基金管理有限公司,2021-04-30,512860.SH,512860,True
512870,南华中证杭州湾区ETF,指数型-股票,存续,2018-12-14,,2018-12-14,tushare_fund_basic,南华基金管理有限公司,,512870.SH,512870,True
512880,国泰中证全指证券公司ETF,指数型-股票,存续,2016-07-26,,2016-07-26,tushare_fund_basic,国泰基金管理有限公司,,512880.SH,512880,True
512890,华泰柏瑞中证红利低波动ETF,指数型-股票,存续,2018-12-19,,2018-12-19,tushare_fund_basic,华泰柏瑞基金管理有限公司,,512890.SH,512890,True
512900,南方中证全指证券公司ETF,指数型-股票,存续,2017-03-10,,2017-03-10,tushare_fund_basic,南方基金管理股份有限公司,,512900.SH,512900,True
512910,广发中证A100ETF,指数型-股票,存续,2019-05-27,,2019-05-27,tushare_fund_basic,广发基金管理有限公司,,512910.SH,512910,True
512920,新华MSCI中国A股国际ETF,指数型-海外股票,清盘,2018-11-07,2023-02-08,2018-11-07,tushare_fund_basic,新华基金管理股份有限公司,2023-02-08,512920.SH,512920,True
512930,平安中证人工智能主题ETF,指数型-股票,存续,2019-07-12,,2019-07-12,tushare_fund_basic,平安基金管理有限公司,,512930.SH,512930,True
512940,华安中证有色金属矿业主题ETF,指数型-股票,存续,2026-02-04,,2026-02-04,tushare_fund_basic,华安基金管理有限公司,,512940.SH,512940,True
512950,华夏中证央企结构调整ETF,指数型-股票,存续,2018-10-19,,2018-10-19,tushare_fund_basic,华夏基金管理有限公司,,512950.SH,512950,True
512960,博时中证央企结构调整ETF,指数型-股票,存续,2018-10-19,,2018-10-19,tushare_fund_basic,博时基金管理有限公司,,512960.SH,512960,True
512970,平安中证粤港澳大湾区发展主题ETF,指数型-股票,存续,2019-09-23,,2019-09-23,tushare_fund_basic,平安基金管理有限公司,,512970.SH,512970,True
512980,广发中证传媒ETF,指数型-股票,存续,2017-12-27,,2017-12-27,tushare_fund_basic,广发基金管理有限公司,,512980.SH,512980,True
512990,华夏MSCI中国A股国际通ETF,指数型-海外股票,存续,2018-09-17,,2018-09-17,tushare_fund_basic,华夏基金管理有限公司,,512990.SH,512990,True
513000,易方达奥明日经225ETF(QDII),指数型-海外股票,存续,2019-06-12,,2019-06-12,tushare_fund_basic,易方达基金管理有限公司,,513000.SH,513000,True
513010,易方达恒生科技ETF(QDII),指数型-海外股票,存续,2021-05-18,,2021-05-18,tushare_fund_basic,易方达基金管理有限公司,,513010.SH,513010,True
513020,国泰中证港股通科技ETF,指数型-海外股票,存续,2022-01-19,,2022-01-19,tushare_fund_basic,国泰基金管理有限公司,,513020.SH,513020,True
513030,华安国际龙头(DAX)ETF(QDII),指数型-海外股票,存续,2014-08-08,,2014-08-08,tushare_fund_basic,华安基金管理有限公司,,513030.SH,513030,True
513040,易方达中证港股通互联网ETF,指数型-海外股票,存续,2023-05-31,,2023-05-31,tushare_fund_basic,易方达基金管理有限公司,,513040.SH,513040,True
513050,易方达中证海外中国互联网50ETF(QDII),指数型-海外股票,存续,2017-01-04,,2017-01-04,tushare_fund_basic,易方达基金管理有限公司,,513050.SH,513050,True
513060,博时恒生医疗保健ETF(QDII),指数型-海外股票,存续,2021-03-18,,2021-03-18,tushare_fund_basic,博时基金管理有限公司,,513060.SH,513060,True
513070,易方达中证港股通消费主题ETF,指数型-海外股票,存续,2022-03-14,,2022-03-14,tushare_fund_basic,易方达基金管理有限公司,,513070.SH,513070,True
513080,华安法国CAC40ETF(QDII),指数型-海外股票,存续,2020-05-29,,2020-05-29,tushare_fund_basic,华安基金管理有限公司,,513080.SH,513080,True
513090,易方达中证香港证券投资主题ETF,指数型-海外股票,存续,2020-03-13,,2020-03-13,tushare_fund_basic,易方达基金管理有限公司,,513090.SH,513090,True
513100,国泰纳斯达克100ETF(QDII),指数型-海外股票,存续,2013-04-25,,2013-04-25,tushare_fund_basic,国泰基金管理有限公司,,513100.SH,513100,True
513110,华泰柏瑞纳斯达克100ETF(QDII),指数型-海外股票,存续,2023-03-01,,2023-03-01,tushare_fund_basic,华泰柏瑞基金管理有限公司,,513110.SH,513110,True
513120,广发中证香港创新药ETF(QDII),指数型-海外股票,存续,2022-07-01,,2022-07-01,tushare_fund_basic,广发基金管理有限公司,,513120.SH,513120,True
513130,华泰柏瑞南方东英恒生科技指数ETF(QDII),指数型-海外股票,存续,2021-05-24,,2021-05-24,tushare_fund_basic,华泰柏瑞基金管理有限公司,,513130.SH,513130,True
513140,华泰柏瑞中证港股通金融服务ETF(QDII),指数型-海外股票,存续,2022-12-26,,2022-12-26,tushare_fund_basic,华泰柏瑞基金管理有限公司,,513140.SH,513140,True
513150,华泰柏瑞中证港股通科技ETF,指数型-海外股票,存续,2022-01-25,,2022-01-25,tushare_fund_basic,华泰柏瑞基金管理有限公司,,513150.SH,513150,True
513160,银华恒生港股通中国科技ETF,指数型-海外股票,存续,2022-01-17,,2022-01-17,tushare_fund_basic,银华基金管理股份有限公司,,513160.SH,513160,True
513170,鹏华恒生中国央企ETF(QDII),指数型-海外股票,存续,2024-04-10,,2024-04-10,tushare_fund_basic,鹏华基金管理有限公司,,513170.SH,513170,True
513180,华夏恒生科技ETF(QDII),指数型-海外股票,存续,2021-05-18,,2021-05-18,tushare_fund_basic,华夏基金管理有限公司,,513180.SH,513180,True
513190,华夏中证港股通内地金融ETF,指数型-海外股票,存续,2023-09-25,,2023-09-25,tushare_fund_basic,华夏基金管理有限公司,,513190.SH,513190,True
513200,易方达中证港股通医药卫生综合ETF,指数型-海外股票,存续,2022-01-19,,2022-01-19,tushare_fund_basic,易方达基金管理有限公司,,513200.SH,513200,True
513210,易方达恒生ETF(QDII),指数型-海外股票,存续,2024-04-10,,2024-04-10,tushare_fund_basic,易方达基金管理有限公司,,513210.SH,513210,True
513220,招商中证全球中国互联网ETF(QDII),指数型-海外股票,存续,2022-07-04,,2022-07-04,tushare_fund_basic,招商基金管理有限公司,,513220.SH,513220,True
513230,华夏中证港股通消费主题ETF,指数型-海外股票,存续,2022-01-12,,2022-01-12,tushare_fund_basic,华夏基金管理有限公司,,513230.SH,513230,True
513260,汇添富恒生科技ETF(QDII),指数型-海外股票,存续,2022-08-31,,2022-08-31,tushare_fund_basic,汇添富基金管理股份有限公司,,513260.SH,513260,True
513280,汇添富恒生生物科技ETF(QDII),指数型-海外股票,存续,2022-07-05,,2022-07-05,tushare_fund_basic,汇添富基金管理股份有限公司,,513280.SH,513280,True
513290,汇添富纳斯达克生物科技ETF(QDII),指数型-海外股票,存续,2022-08-15,,2022-08-15,tushare_fund_basic,汇添富基金管理股份有限公司,,513290.SH,513290,True
513300,华夏纳斯达克100ETF(QDII),指数型-海外股票,存续,2020-10-22,,2020-10-22,tushare_fund_basic,华夏基金管理有限公司,,513300.SH,513300,True
513310,华泰柏瑞中证韩交所中韩半导体ETF(QDII),指数型-股票,存续,2022-11-02,,2022-11-02,tushare_fund_basic,华泰柏瑞基金管理有限公司,,513310.SH,513310,True
513320,易方达恒生港股通新经济ETF,指数型-海外股票,存续,2022-03-03,,2022-03-03,tushare_fund_basic,易方达基金管理有限公司,,513320.SH,513320,True
513330,华夏恒生互联网科技业ETF(QDII),指数型-海外股票,存续,2021-01-26,,2021-01-26,tushare_fund_basic,华夏基金管理有限公司,,513330.SH,513330,True
513350,富国标普石油天然气勘探及生产精选行业ETF(QDII),指数型-海外股票,存续,2023-11-20,,2023-11-20,tushare_fund_basic,富国基金管理有限公司,,513350.SH,513350,True
513360,博时中证全球中国教育主题ETF(QDII),指数型-海外股票,存续,2021-06-08,,2021-06-08,tushare_fund_basic,博时基金管理有限公司,,513360.SH,513360,True
513380,广发恒生科技ETF(QDII),指数型-海外股票,存续,2022-04-27,,2022-04-27,tushare_fund_basic,广发基金管理有限公司,,513380.SH,513380,True
513390,博时纳斯达克100ETF(QDII),指数型-海外股票,存续,2023-04-19,,2023-04-19,tushare_fund_basic,博时基金管理有限公司,,513390.SH,513390,True
513400,鹏华道琼斯工业平均ETF(QDII),指数型-股票,存续,2024-01-17,,2024-01-17,tushare_fund_basic,鹏华基金管理有限公司,,513400.SH,513400,True
513500,博时标普500ETF(QDII),指数型-海外股票,存续,2013-12-05,,2013-12-05,tushare_fund_basic,博时基金管理有限公司,,513500.SH,513500,True
513520,华夏野村日经225ETF(QDII),指数型-海外股票,存续,2019-06-12,,2019-06-12,tushare_fund_basic,华夏基金管理有限公司,,513520.SH,513520,True
513530,华泰柏瑞中证港股通高股息投资ETF(QDII),指数型-海外股票,存续,2022-04-08,,2022-04-08,tushare_fund_basic,华泰柏瑞基金管理有限公司,,513530.SH,513530,True
513550,华泰柏瑞中证港股通50ETF,指数型-海外股票,存续,2020-12-30,,2020-12-30,tushare_fund_basic,华泰柏瑞基金管理有限公司,,513550.SH,513550,True
513560,兴银中证港股通科技ETF,指数型-海外股票,存续,2023-01-31,,2023-01-31,tushare_fund_basic,兴银基金管理有限责任公司,,513560.SH,513560,True
513580,华安恒生科技ETF(QDII),指数型-海外股票,存续,2021-05-20,,2021-05-20,tushare_fund_basic,华安基金管理有限公司,,513580.SH,513580,True
513590,鹏华中证港股通消费主题ETF,指数型-海外股票,存续,2021-08-03,,2021-08-03,tushare_fund_basic,鹏华基金管理有限公司,,513590.SH,513590,True
513600,南方恒生ETF(QDII),指数型-海外股票,存续,2014-12-23,,2014-12-23,tushare_fund_basic,南方基金管理股份有限公司,,513600.SH,513600,True
513630,摩根标普港股通低波红利ETF,指数型-海外股票,存续,2023-11-23,,2023-11-23,tushare_fund_basic,摩根基金管理(中国)有限公司,,513630.SH,513630,True
513650,南方标普500ETF(QDII),指数型-海外股票,存续,2023-03-23,,2023-03-23,tushare_fund_basic,南方基金管理股份有限公司,,513650.SH,513650,True
513660,华夏沪港通恒生ETF,指数型-海外股票,存续,2014-12-23,,2014-12-23,tushare_fund_basic,华夏基金管理有限公司,,513660.SH,513660,True
513680,建信港股通恒生中国企业ETF,指数型-海外股票,清盘,2018-12-13,2023-03-27,2018-12-13,tushare_fund_basic,建信基金管理有限责任公司,2023-03-27,513680.SH,513680,True
513690,博时恒生港股通高股息率ETF,指数型-海外股票,存续,2021-05-11,,2021-05-11,tushare_fund_basic,博时基金管理有限公司,,513690.SH,513690,True
513700,鹏华中证港股通医药卫生综合ETF,指数型-海外股票,存续,2021-07-13,,2021-07-13,tushare_fund_basic,鹏华基金管理有限公司,,513700.SH,513700,True
513720,国泰中证港股通互联网ETF,指数型-海外股票,存续,2025-12-30,,2025-12-30,tushare_fund_basic,国泰基金管理有限公司,,513720.SH,513720,True
513730,华泰柏瑞南方东英新交所泛东南亚科技ETF(QDII),指数型-股票,存续,2023-11-15,,2023-11-15,tushare_fund_basic,华泰柏瑞基金管理有限公司,,513730.SH,513730,True
513750,广发中证港股通非银行金融主题ETF,指数型-海外股票,存续,2023-11-10,,2023-11-10,tushare_fund_basic,广发基金管理有限公司,,513750.SH,513750,True
513770,华宝中证港股通互联网ETF,指数型-海外股票,存续,2022-02-09,,2022-02-09,tushare_fund_basic,华宝基金管理有限公司,,513770.SH,513770,True
513780,景顺长城中证港股通创新药ETF,指数型-海外股票,存续,2024-10-16,,2024-10-16,tushare_fund_basic,景顺长城基金管理有限公司,,513780.SH,513780,True
513800,南方顶峰TOPIXETF(QDII),指数型-股票,存续,2019-06-12,,2019-06-12,tushare_fund_basic,南方基金管理股份有限公司,,513800.SH,513800,True
513810,华夏中证香港内地国有企业ETF(QDII),指数型-海外股票,存续,2023-08-21,,2023-08-21,tushare_fund_basic,华夏基金管理有限公司,,513810.SH,513810,True
513820,汇添富中证港股通高股息投资ETF,指数型-海外股票,存续,2024-04-24,,2024-04-24,tushare_fund_basic,汇添富基金管理股份有限公司,,513820.SH,513820,True
513830,嘉实中证港股通高股息投资ETF,指数型-海外股票,存续,2025-02-26,,2025-02-26,tushare_fund_basic,嘉实基金管理有限公司,,513830.SH,513830,True
513850,易方达MSCI美国50ETF(QDII),指数型-海外股票,存续,2023-11-06,,2023-11-06,tushare_fund_basic,易方达基金管理有限公司,,513850.SH,513850,True
513860,海富通中证港股通科技ETF,指数型-海外股票,存续,2021-06-17,,2021-06-17,tushare_fund_basic,海富通基金管理有限公司,,513860.SH,513860,True
513870,富国纳斯达克100ETF(QDII),指数型-海外股票,存续,2023-10-25,,2023-10-25,tushare_fund_basic,富国基金管理有限公司,,513870.SH,513870,True
513880,华安三菱日联日经225ETF(QDII),指数型-海外股票,存续,2019-06-12,,2019-06-12,tushare_fund_basic,华安基金管理有限公司,,513880.SH,513880,True
513890,摩根恒生科技ETF(QDII),指数型-海外股票,存续,2021-12-17,,2021-12-17,tushare_fund_basic,摩根基金管理(中国)有限公司,,513890.SH,513890,True
513900,华安CES港股通精选100ETF,指数型-海外股票,存续,2018-04-27,,2018-04-27,tushare_fund_basic,华安基金管理有限公司,,513900.SH,513900,True
513910,华夏中证港股通央企红利ETF,指数型-海外股票,存续,2024-02-07,,2024-02-07,tushare_fund_basic,华夏基金管理有限公司,,513910.SH,513910,True
513920,华安恒生港股通中国央企红利ETF,指数型-海外股票,存续,2023-12-20,,2023-12-20,tushare_fund_basic,华安基金管理有限公司,,513920.SH,513920,True
513930,华泰柏瑞恒生生物科技ETF,指数型-海外股票,存续,2026-03-09,,2026-03-09,tushare_fund_basic,华泰柏瑞基金管理有限公司,,513930.SH,513930,True
513950,富国恒生港股通高股息低波动ETF(QDII),指数型-海外股票,存续,2023-04-19,,2023-04-19,tushare_fund_basic,富国基金管理有限公司,,513950.SH,513950,True
513960,博时中证港股通消费主题ETF,指数型-海外股票,清盘,2022-03-03,2024-11-08,2022-03-03,tushare_fund_basic,博时基金管理有限公司,2024-11-08,513960.SH,513960,True
513970,景顺长城恒生消费ETF(QDII),指数型-海外股票,存续,2023-04-12,,2023-04-12,tushare_fund_basic,景顺长城基金管理有限公司,,513970.SH,513970,True
513980,景顺长城中证港股通科技ETF,指数型-海外股票,存续,2021-06-21,,2021-06-21,tushare_fund_basic,景顺长城基金管理有限公司,,513980.SH,513980,True
513990,招商上证港股通ETF,指数型-海外股票,存续,2020-08-03,,2020-08-03,tushare_fund_basic,招商基金管理有限公司,,513990.SH,513990,True
515000,华宝中证科技龙头ETF,指数型-股票,存续,2019-07-22,,2019-07-22,tushare_fund_basic,华宝基金管理有限公司,,515000.SH,515000,True
515010,华夏中证全指证券公司ETF,指数型-股票,存续,2019-09-17,,2019-09-17,tushare_fund_basic,华夏基金管理有限公司,,515010.SH,515010,True
515020,华夏中证银行ETF,指数型-股票,存续,2019-10-24,,2019-10-24,tushare_fund_basic,华夏基金管理有限公司,,515020.SH,515020,True
515030,华夏中证新能源汽车ETF,指数型-股票,存续,2020-02-20,,2020-02-20,tushare_fund_basic,华夏基金管理有限公司,,515030.SH,515030,True
515050,华夏中证5G通信主题ETF,指数型-股票,存续,2019-09-17,,2019-09-17,tushare_fund_basic,华夏基金管理有限公司,,515050.SH,515050,True
515060,华夏中证全指房地产ETF,指数型-股票,存续,2019-11-28,,2019-11-28,tushare_fund_basic,华夏基金管理有限公司,,515060.SH,515060,True
515070,华夏中证人工智能主题ETF,指数型-股票,存续,2019-12-09,,2019-12-09,tushare_fund_basic,华夏基金管理有限公司,,515070.SH,515070,True
515080,招商中证红利ETF,指数型-股票,存续,2019-11-28,,2019-11-28,tushare_fund_basic,招商基金管理有限公司,,515080.SH,515080,True
515090,博时中证可持续发展100ETF,指数型-股票,存续,2020-01-19,,2020-01-19,tushare_fund_basic,博时基金管理有限公司,,515090.SH,515090,True
515100,景顺长城中证红利低波动100ETF,指数型-股票,存续,2020-05-22,,2020-05-22,tushare_fund_basic,景顺长城基金管理有限公司,,515100.SH,515100,True
515110,易方达中证国企一带一路ETF,指数型-股票,存续,2019-11-06,,2019-11-06,tushare_fund_basic,易方达基金管理有限公司,,515110.SH,515110,True
515120,广发中证创新药产业ETF,指数型-股票,存续,2020-12-03,,2020-12-03,tushare_fund_basic,广发基金管理有限公司,,515120.SH,515120,True
515130,博时沪深300ETF,指数型-股票,存续,2020-04-03,,2020-04-03,tushare_fund_basic,博时基金管理有限公司,,515130.SH,515130,True
515150,富国中证国企一带一路ETF,指数型-股票,存续,2019-11-06,,2019-11-06,tushare_fund_basic,富国基金管理有限公司,,515150.SH,515150,True
515160,招商MSCI中国A股国际通ETF,指数型-海外股票,存续,2020-02-03,,2020-02-03,tushare_fund_basic,招商基金管理有限公司,,515160.SH,515160,True
515170,华夏中证细分食品饮料产业主题ETF,指数型-股票,存续,2020-12-30,,2020-12-30,tushare_fund_basic,华夏基金管理有限公司,,515170.SH,515170,True
515180,易方达中证红利ETF,指数型-股票,存续,2019-11-26,,2019-11-26,tushare_fund_basic,易方达基金管理有限公司,,515180.SH,515180,True
515190,中银证券中证500ETF,指数型-股票,存续,2020-04-30,,2020-04-30,tushare_fund_basic,中银国际证券股份有限公司,,515190.SH,515190,True
515200,申万菱信中证研发创新100ETF,指数型-股票,存续,2019-10-25,,2019-10-25,tushare_fund_basic,申万菱信基金管理有限公司,,515200.SH,515200,True
515210,国泰中证钢铁ETF,指数型-股票,存续,2020-01-22,,2020-01-22,tushare_fund_basic,国泰基金管理有限公司,,515210.SH,515210,True
515220,国泰中证煤炭ETF,指数型-股票,存续,2020-01-20,,2020-01-20,tushare_fund_basic,国泰基金管理有限公司,,515220.SH,515220,True
515230,国泰中证全指软件ETF,指数型-股票,存续,2021-02-03,,2021-02-03,tushare_fund_basic,国泰基金管理有限公司,,515230.SH,515230,True
515250,富国中证智能汽车主题ETF,指数型-股票,存续,2020-12-24,,2020-12-24,tushare_fund_basic,富国基金管理有限公司,,515250.SH,515250,True
515260,华宝中证电子50ETF,指数型-股票,存续,2020-07-17,,2020-07-17,tushare_fund_basic,华宝基金管理有限公司,,515260.SH,515260,True
515280,富国中证银行ETF,指数型-股票,清盘,2020-04-01,2024-09-25,2020-04-01,tushare_fund_basic,富国基金管理有限公司,2024-09-25,515280.SH,515280,True
515290,天弘中证银行ETF,指数型-股票,存续,2020-12-11,,2020-12-11,tushare_fund_basic,天弘基金管理有限公司,,515290.SH,515290,True
515300,嘉实沪深300红利低波动ETF,指数型-股票,存续,2019-08-08,,2019-08-08,tushare_fund_basic,嘉实基金管理有限公司,,515300.SH,515300,True
515310,汇添富沪深300ETF,指数型-股票,存续,2019-12-04,,2019-12-04,tushare_fund_basic,汇添富基金管理股份有限公司,,515310.SH,515310,True
515320,华安中证电子50ETF,指数型-股票,存续,2020-11-25,,2020-11-25,tushare_fund_basic,华安基金管理有限公司,,515320.SH,515320,True
515330,天弘沪深300ETF,指数型-股票,存续,2019-12-05,,2019-12-05,tushare_fund_basic,天弘基金管理有限公司,,515330.SH,515330,True
515350,民生加银沪深300ETF,指数型-股票,存续,2019-12-24,,2019-12-24,tushare_fund_basic,民生加银基金管理有限公司,,515350.SH,515350,True
515360,方正富邦沪深300ETF,指数型-股票,存续,2019-09-24,,2019-09-24,tushare_fund_basic,方正富邦基金管理有限公司,,515360.SH,515360,True
515370,华夏中证光伏产业ETF,指数型-股票,存续,2025-11-06,,2025-11-06,tushare_fund_basic,华夏基金管理有限公司,,515370.SH,515370,True
515380,泰康沪深300ETF,指数型-股票,存续,2019-12-27,,2019-12-27,tushare_fund_basic,泰康基金管理有限公司,,515380.SH,515380,True
515390,华安沪深300ETF,指数型-股票,存续,2019-12-13,,2019-12-13,tushare_fund_basic,华安基金管理有限公司,,515390.SH,515390,True
515400,富国中证大数据产业ETF,指数型-股票,存续,2021-01-07,,2021-01-07,tushare_fund_basic,富国基金管理有限公司,,515400.SH,515400,True
515450,南方标普中国A股大盘红利低波50ETF,指数型-海外股票,存续,2020-01-17,,2020-01-17,tushare_fund_basic,南方基金管理股份有限公司,,515450.SH,515450,True
515460,南方中证全指红利质量ETF,指数型-股票,存续,2026-03-04,,2026-03-04,tushare_fund_basic,南方基金管理股份有限公司,,515460.SH,515460,True
515500,海富通中证长三角领先ETF,指数型-股票,清盘,2020-08-13,2023-04-10,2020-08-13,tushare_fund_basic,海富通基金管理有限公司,2023-04-10,515500.SH,515500,True
515510,嘉实中证500成长估值ETF,指数型-股票,清盘,2020-03-16,2023-05-08,2020-03-16,tushare_fund_basic,嘉实基金管理有限公司,2023-05-08,515510.SH,515510,True
515520,大成MSCI中国A股质优价值100ETF,指数型-海外股票,清盘,2019-09-26,2023-06-13,2019-09-26,tushare_fund_basic,大成基金管理有限公司,2023-06-13,515520.SH,515520,True
515530,泰康中证500ETF,指数型-股票,存续,2020-09-18,,2020-09-18,tushare_fund_basic,泰康基金管理有限公司,,515530.SH,515530,True
515550,国联中证500ETF,指数型-股票,存续,2019-11-15,,2019-11-15,tushare_fund_basic,国联基金管理有限公司,,515550.SH,515550,True
515560,建信中证全指证券公司ETF,指数型-股票,存续,2020-06-29,,2020-06-29,tushare_fund_basic,建信基金管理有限责任公司,,515560.SH,515560,True
515570,山西证券中证红利潜力ETF,指数型-股票,清盘,2020-01-17,2023-12-18,2020-01-17,tushare_fund_basic,山西证券股份有限公司,2023-12-18,515570.SH,515570,True
515580,华泰柏瑞中证科技100ETF,指数型-股票,存续,2019-09-27,,2019-09-27,tushare_fund_basic,华泰柏瑞基金管理有限公司,,515580.SH,515580,True
515590,前海开源中证500等权重ETF,指数型-股票,存续,2019-11-14,,2019-11-14,tushare_fund_basic,前海开源基金管理有限公司,,515590.SH,515590,True
515600,广发中证央企创新驱动ETF,指数型-股票,存续,2019-09-20,,2019-09-20,tushare_fund_basic,广发基金管理有限公司,,515600.SH,515600,True
515610,中银中证800ETF,指数型-股票,清盘,2020-07-16,2022-09-30,2020-07-16,tushare_fund_basic,中银基金管理有限公司,2022-09-30,515610.SH,515610,True
515620,建信中证800ETF,指数型-股票,清盘,2020-04-17,2021-06-08,2020-04-17,tushare_fund_basic,建信基金管理有限责任公司,2021-06-08,515620.SH,515620,True
515630,鹏华中证800证券保险ETF,指数型-股票,存续,2020-02-28,,2020-02-28,tushare_fund_basic,鹏华基金管理有限公司,,515630.SH,515630,True
515650,富国中证消费50ETF,指数型-股票,存续,2019-10-14,,2019-10-14,tushare_fund_basic,富国基金管理有限公司,,515650.SH,515650,True
515660,国联安沪深300ETF,指数型-股票,存续,2019-11-25,,2019-11-25,tushare_fund_basic,国联安基金管理有限公司,,515660.SH,515660,True
515670,中银中证100ETF,指数型-股票,清盘,2020-04-17,2024-06-28,2020-04-17,tushare_fund_basic,中银基金管理有限公司,2024-06-28,515670.SH,515670,True
515680,嘉实中证央企创新驱动ETF,指数型-股票,存续,2019-09-20,,2019-09-20,tushare_fund_basic,嘉实基金管理有限公司,,515680.SH,515680,True
515690,鹏华中证高股息龙头ETF,指数型-股票,清盘,2020-03-20,2022-04-26,2020-03-20,tushare_fund_basic,鹏华基金管理有限公司,2022-04-26,515690.SH,515690,True
515700,平安中证新能源汽车产业ETF,指数型-股票,存续,2019-12-31,,2019-12-31,tushare_fund_basic,平安基金管理有限公司,,515700.SH,515700,True
515710,华宝中证细分食品饮料产业主题ETF,指数型-股票,存续,2020-12-24,,2020-12-24,tushare_fund_basic,华宝基金管理有限公司,,515710.SH,515710,True
515720,富国中证金融科技主题ETF,指数型-股票,存续,2025-09-22,,2025-09-22,tushare_fund_basic,富国基金管理有限公司,,515720.SH,515720,True
515730,永赢中证家居家电ETF,指数型-股票,存续,2025-11-14,,2025-11-14,tushare_fund_basic,永赢基金管理有限公司,,515730.SH,515730,True
515750,富国中证科技50策略ETF,指数型-股票,存续,2019-11-15,,2019-11-15,tushare_fund_basic,富国基金管理有限公司,,515750.SH,515750,True
515760,华夏中证浙江国资创新发展ETF,指数型-股票,存续,2020-09-17,,2020-09-17,tushare_fund_basic,华夏基金管理有限公司,,515760.SH,515760,True
515770,摩根MSCI中国A股ETF,指数型-海外股票,存续,2020-05-13,,2020-05-13,tushare_fund_basic,摩根基金管理(中国)有限公司,,515770.SH,515770,True
515780,浦银安盛MSCI中国A股ETF,指数型-海外股票,清盘,2020-04-30,2025-05-30,2020-04-30,tushare_fund_basic,浦银基金管理有限公司,2025-05-30,515780.SH,515780,True
515790,华泰柏瑞中证光伏产业ETF,指数型-股票,存续,2020-12-07,,2020-12-07,tushare_fund_basic,华泰柏瑞基金管理有限公司,,515790.SH,515790,True
515800,汇添富中证800ETF,指数型-股票,存续,2019-10-08,,2019-10-08,tushare_fund_basic,汇添富基金管理股份有限公司,,515800.SH,515800,True
515810,易方达中证800ETF,指数型-股票,存续,2019-10-08,,2019-10-08,tushare_fund_basic,易方达基金管理有限公司,,515810.SH,515810,True
515820,富国中证800ETF,指数型-股票,清盘,2020-05-13,2023-03-22,2020-05-13,tushare_fund_basic,富国基金管理有限公司,2023-03-22,515820.SH,515820,True
515830,工银瑞信中证800ETF,指数型-股票,清盘,2020-06-01,2022-06-15,2020-06-01,tushare_fund_basic,工银瑞信基金管理有限公司,2022-06-15,515830.SH,515830,True
515850,富国中证全指证券公司ETF,指数型-股票,存续,2020-01-21,,2020-01-21,tushare_fund_basic,富国基金管理有限公司,,515850.SH,515850,True
515860,嘉实中证新兴科技100策略ETF,指数型-股票,存续,2019-09-26,,2019-09-26,tushare_fund_basic,嘉实基金管理有限公司,,515860.SH,515860,True
515870,嘉实中证先进制造100策略ETF,指数型-股票,清盘,2019-12-05,2023-03-16,2019-12-05,tushare_fund_basic,嘉实基金管理有限公司,2023-03-16,515870.SH,515870,True
515880,国泰中证全指通信设备ETF,指数型-股票,存续,2019-08-16,,2019-08-16,tushare_fund_basic,国泰基金管理有限公司,,515880.SH,515880,True
515890,博时中证红利ETF,指数型-股票,存续,2020-03-20,,2020-03-20,tushare_fund_basic,博时基金管理有限公司,,515890.SH,515890,True
515900,博时中证央企创新驱动ETF,指数型-股票,存续,2019-09-20,,2019-09-20,tushare_fund_basic,博时基金管理有限公司,,515900.SH,515900,True
515910,中金MSCI中国A股国际质量ETF,指数型-海外股票,存续,2021-01-21,,2021-01-21,tushare_fund_basic,中金基金管理有限公司,,515910.SH,515910,True
515920,博时中证智能消费主题ETF,指数型-股票,存续,2020-12-30,,2020-12-30,tushare_fund_basic,博时基金管理有限公司,,515920.SH,515920,True
515930,永赢沪深300ETF,指数型-股票,清盘,2020-04-13,2023-07-31,2020-04-13,tushare_fund_basic,永赢基金管理有限公司,2023-07-31,515930.SH,515930,True
515950,富国中证医药50ETF,指数型-股票,存续,2020-03-16,,2020-03-16,tushare_fund_basic,富国基金管理有限公司,,515950.SH,515950,True
515960,嘉实中证医药健康100策略ETF,指数型-股票,存续,2020-04-24,,2020-04-24,tushare_fund_basic,嘉实基金管理有限公司,,515960.SH,515960,True
515970,华夏中证工程机械主题ETF,指数型-股票,存续,2026-02-04,,2026-02-04,tushare_fund_basic,华夏基金管理有限公司,,515970.SH,515970,True
515980,华富中证人工智能产业ETF,指数型-股票,存续,2019-12-24,,2019-12-24,tushare_fund_basic,华富基金管理有限公司,,515980.SH,515980,True
515990,汇添富中证国企一带一路ETF,指数型-股票,存续,2019-11-06,,2019-11-06,tushare_fund_basic,汇添富基金管理股份有限公司,,515990.SH,515990,True
516000,华夏中证大数据产业ETF,指数型-股票,存续,2021-02-09,,2021-02-09,tushare_fund_basic,华夏基金管理有限公司,,516000.SH,516000,True
516010,国泰中证动漫游戏ETF,指数型-股票,存续,2021-02-25,,2021-02-25,tushare_fund_basic,国泰基金管理有限公司,,516010.SH,516010,True
516020,华宝中证细分化工产业主题ETF,指数型-股票,存续,2021-02-26,,2021-02-26,tushare_fund_basic,华宝基金管理有限公司,,516020.SH,516020,True
516050,工银瑞信中证科技龙头ETF,指数型-股票,存续,2021-01-21,,2021-01-21,tushare_fund_basic,工银瑞信基金管理有限公司,,516050.SH,516050,True
516060,工银瑞信中证创新药产业ETF,指数型-股票,存续,2021-02-09,,2021-02-09,tushare_fund_basic,工银瑞信基金管理有限公司,,516060.SH,516060,True
516070,易方达中证内地低碳经济主题ETF,指数型-股票,存续,2021-04-15,,2021-04-15,tushare_fund_basic,易方达基金管理有限公司,,516070.SH,516070,True
516080,易方达中证创新药产业ETF,指数型-股票,存续,2021-02-03,,2021-02-03,tushare_fund_basic,易方达基金管理有限公司,,516080.SH,516080,True
516090,易方达中证新能源ETF,指数型-股票,存续,2021-03-11,,2021-03-11,tushare_fund_basic,易方达基金管理有限公司,,516090.SH,516090,True
516100,华夏中证金融科技主题ETF,指数型-股票,存续,2021-07-13,,2021-07-13,tushare_fund_basic,华夏基金管理有限公司,,516100.SH,516100,True
516110,国泰中证800汽车与零部件ETF,指数型-股票,存续,2021-04-07,,2021-04-07,tushare_fund_basic,国泰基金管理有限公司,,516110.SH,516110,True
516120,富国中证细分化工产业主题ETF,指数型-股票,存续,2021-03-01,,2021-03-01,tushare_fund_basic,富国基金管理有限公司,,516120.SH,516120,True
516130,华宝中证消费龙头ETF,指数型-股票,存续,2021-09-28,,2021-09-28,tushare_fund_basic,华宝基金管理有限公司,,516130.SH,516130,True
516150,嘉实中证稀土产业ETF,指数型-股票,存续,2021-03-09,,2021-03-09,tushare_fund_basic,嘉实基金管理有限公司,,516150.SH,516150,True
516160,南方中证新能源ETF,指数型-股票,存续,2021-01-22,,2021-01-22,tushare_fund_basic,南方基金管理股份有限公司,,516160.SH,516160,True
516173,平安中证细分食品饮料产业主题ETF,指数型-股票,发行,2021-07-09,,2021-07-09,tushare_fund_basic,平安基金,,516173.OF,516173,True
516180,平安中证光伏产业ETF,指数型-股票,存续,2021-02-09,,2021-02-09,tushare_fund_basic,平安基金管理有限公司,,516180.SH,516180,True
516190,华夏中证文娱传媒ETF,指数型-股票,存续,2021-09-09,,2021-09-09,tushare_fund_basic,华夏基金管理有限公司,,516190.SH,516190,True
516200,华安中证全指证券公司ETF,指数型-股票,存续,2021-03-09,,2021-03-09,tushare_fund_basic,华安基金管理有限公司,,516200.SH,516200,True
516210,华安中证银行ETF,指数型-股票,存续,2021-09-03,,2021-09-03,tushare_fund_basic,华安基金管理有限公司,,516210.SH,516210,True
516220,国泰中证细分化工产业主题ETF,指数型-股票,存续,2021-03-02,,2021-03-02,tushare_fund_basic,国泰基金管理有限公司,,516220.SH,516220,True
516230,招商中证光伏产业ETF,指数型-股票,存续,2026-01-23,,2026-01-23,tushare_fund_basic,招商基金管理有限公司,,516230.SH,516230,True
516250,富国中证工程机械主题ETF,指数型-股票,存续,2025-12-10,,2025-12-10,tushare_fund_basic,富国基金管理有限公司,,516250.SH,516250,True
516260,华夏中证物联网主题ETF,指数型-股票,存续,2021-07-22,,2021-07-22,tushare_fund_basic,华夏基金管理有限公司,,516260.SH,516260,True
516270,华安中证内地新能源主题ETF,指数型-股票,存续,2021-07-09,,2021-07-09,tushare_fund_basic,华安基金管理有限公司,,516270.SH,516270,True
516290,汇添富中证光伏产业ETF,指数型-股票,存续,2021-08-09,,2021-08-09,tushare_fund_basic,汇添富基金管理股份有限公司,,516290.SH,516290,True
516300,华泰柏瑞中证1000ETF,指数型-股票,存续,2021-03-15,,2021-03-15,tushare_fund_basic,华泰柏瑞基金管理有限公司,,516300.SH,516300,True
516310,易方达中证银行ETF,指数型-股票,存续,2021-05-20,,2021-05-20,tushare_fund_basic,易方达基金管理有限公司,,516310.SH,516310,True
516320,华夏中证装备产业ETF,指数型-股票,存续,2021-05-27,,2021-05-27,tushare_fund_basic,华夏基金管理有限公司,,516320.SH,516320,True
516330,华泰柏瑞中证物联网主题ETF,指数型-股票,存续,2021-03-31,,2021-03-31,tushare_fund_basic,华泰柏瑞基金管理有限公司,,516330.SH,516330,True
516350,易方达中证芯片产业ETF,指数型-股票,存续,2021-12-15,,2021-12-15,tushare_fund_basic,易方达基金管理有限公司,,516350.SH,516350,True
516360,华宝中证新材料主题ETF,指数型-股票,存续,2021-04-30,,2021-04-30,tushare_fund_basic,华宝基金管理有限公司,,516360.SH,516360,True
516370,汇添富中证全指电力公用事业ETF,指数型-股票,存续,2026-03-25,,2026-03-25,tushare_fund_basic,汇添富基金,,516370.OF,516370,True
516380,华宝中证智能电动汽车ETF,指数型-股票,存续,2021-06-04,,2021-06-04,tushare_fund_basic,华宝基金管理有限公司,,516380.SH,516380,True
516390,汇添富中证新能源汽车产业ETF,指数型-股票,存续,2021-06-03,,2021-06-03,tushare_fund_basic,汇添富基金管理股份有限公司,,516390.SH,516390,True
516400,富国中证ESG120策略ETF,指数型-股票,清盘,2021-06-16,2022-01-26,2021-06-16,tushare_fund_basic,富国基金管理有限公司,2022-01-26,516400.SH,516400,True
516460,鹏华中证800自由现金流ETF,指数型-股票,存续,2025-04-17,,2025-04-17,tushare_fund_basic,鹏华基金管理有限公司,,516460.SH,516460,True
516480,国联安中证新材料主题ETF,指数型-股票,清盘,2021-05-27,2025-10-14,2021-05-27,tushare_fund_basic,国联安基金管理有限公司,2025-10-14,516480.SH,516480,True
516500,华夏中证生物科技主题ETF,指数型-股票,存续,2021-03-04,,2021-03-04,tushare_fund_basic,华夏基金管理有限公司,,516500.SH,516500,True
516510,易方达中证云计算与大数据主题ETF,指数型-股票,存续,2021-03-29,,2021-03-29,tushare_fund_basic,易方达基金管理有限公司,,516510.SH,516510,True
516520,华泰柏瑞中证智能汽车主题ETF,指数型-股票,存续,2021-02-09,,2021-02-09,tushare_fund_basic,华泰柏瑞基金管理有限公司,,516520.SH,516520,True
516530,银华中证现代物流ETF,指数型-股票,存续,2022-01-04,,2022-01-04,tushare_fund_basic,银华基金管理股份有限公司,,516530.SH,516530,True
516550,嘉实中证大农业ETF,指数型-股票,存续,2021-03-30,,2021-03-30,tushare_fund_basic,嘉实基金管理有限公司,,516550.SH,516550,True
516560,华宝中证养老产业ETF,指数型-股票,存续,2021-09-08,,2021-09-08,tushare_fund_basic,华宝基金管理有限公司,,516560.SH,516560,True
516570,易方达中证石化产业ETF,指数型-股票,存续,2021-06-09,,2021-06-09,tushare_fund_basic,易方达基金管理有限公司,,516570.SH,516570,True
516580,博时中证新能源ETF,指数型-股票,存续,2021-07-15,,2021-07-15,tushare_fund_basic,博时基金管理有限公司,,516580.SH,516580,True
516590,易方达中证智能电动汽车ETF,指数型-股票,存续,2021-04-29,,2021-04-29,tushare_fund_basic,易方达基金管理有限公司,,516590.SH,516590,True
516600,工银瑞信中证消费服务领先ETF,指数型-股票,存续,2021-02-09,,2021-02-09,tushare_fund_basic,工银瑞信基金管理有限公司,,516600.SH,516600,True
516610,大成中证全指医疗保健设备与服务ETF,指数型-股票,存续,2021-04-29,,2021-04-29,tushare_fund_basic,大成基金管理有限公司,,516610.SH,516610,True
516620,国泰中证影视主题ETF,指数型-股票,存续,2021-10-20,,2021-10-20,tushare_fund_basic,国泰基金管理有限公司,,516620.SH,516620,True
516630,华夏中证云计算与大数据主题ETF,指数型-股票,存续,2021-08-24,,2021-08-24,tushare_fund_basic,华夏基金管理有限公司,,516630.SH,516630,True
516640,富国中证芯片产业ETF,指数型-股票,存续,2021-08-19,,2021-08-19,tushare_fund_basic,富国基金管理有限公司,,516640.SH,516640,True
516650,华夏中证细分有色金属产业主题ETF,指数型-股票,存续,2021-06-09,,2021-06-09,tushare_fund_basic,华夏基金管理有限公司,,516650.SH,516650,True
516660,华安中证新能源汽车ETF,指数型-股票,存续,2021-02-03,,2021-02-03,tushare_fund_basic,华安基金管理有限公司,,516660.SH,516660,True
516670,招商中证畜牧养殖ETF,指数型-股票,存续,2021-03-18,,2021-03-18,tushare_fund_basic,招商基金管理有限公司,,516670.SH,516670,True
516680,建信中证细分有色金属产业主题ETF,指数型-股票,清盘,2021-02-18,2022-11-30,2021-02-18,tushare_fund_basic,建信基金管理有限责任公司,2022-11-30,516680.SH,516680,True
516690,银华中证细分化工产业主题ETF,指数型-股票,清盘,2021-12-07,2024-08-27,2021-12-07,tushare_fund_basic,银华基金管理股份有限公司,2024-08-27,516690.SH,516690,True
516700,华宝中证大数据产业ETF,指数型-股票,存续,2021-05-11,,2021-05-11,tushare_fund_basic,华宝基金管理有限公司,,516700.SH,516700,True
516710,华夏中证新材料主题ETF,指数型-股票,存续,2021-08-04,,2021-08-04,tushare_fund_basic,华夏基金管理有限公司,,516710.SH,516710,True
516720,浦银中证ESG120策略ETF,指数型-股票,存续,2021-07-22,,2021-07-22,tushare_fund_basic,浦银基金管理有限公司,,516720.SH,516720,True
516730,浦银中证证券公司30ETF,指数型-股票,存续,2021-11-04,,2021-11-04,tushare_fund_basic,浦银基金管理有限公司,,516730.SH,516730,True
516750,富国中证全指建筑材料ETF,指数型-股票,存续,2021-10-28,,2021-10-28,tushare_fund_basic,富国基金管理有限公司,,516750.SH,516750,True
516760,平安中证畜牧养殖ETF,指数型-股票,存续,2021-03-04,,2021-03-04,tushare_fund_basic,平安基金管理有限公司,,516760.SH,516760,True
516770,华泰柏瑞中证动漫游戏ETF,指数型-股票,存续,2021-02-25,,2021-02-25,tushare_fund_basic,华泰柏瑞基金管理有限公司,,516770.SH,516770,True
516780,华泰柏瑞中证稀土产业ETF,指数型-股票,存续,2021-02-26,,2021-02-26,tushare_fund_basic,华泰柏瑞基金管理有限公司,,516780.SH,516780,True
516790,华泰柏瑞中证全指医疗保健设备与服务ETF,指数型-股票,存续,2021-08-12,,2021-08-12,tushare_fund_basic,华泰柏瑞基金管理有限公司,,516790.SH,516790,True
516800,华宝中证智能制造主题ETF,指数型-股票,存续,2021-01-29,,2021-01-29,tushare_fund_basic,华宝基金管理有限公司,,516800.SH,516800,True
516810,华夏中证农业主题ETF,指数型-股票,存续,2021-12-29,,2021-12-29,tushare_fund_basic,华夏基金管理有限公司,,516810.SH,516810,True
516820,平安中证医药及医疗器械创新ETF,指数型-股票,存续,2021-06-09,,2021-06-09,tushare_fund_basic,平安基金管理有限公司,,516820.SH,516820,True
516830,富国沪深300ESG基准ETF,指数型-股票,存续,2021-06-24,,2021-06-24,tushare_fund_basic,富国基金管理有限公司,,516830.SH,516830,True
516850,华夏中证新能源ETF,指数型-股票,存续,2021-03-09,,2021-03-09,tushare_fund_basic,华夏基金管理有限公司,,516850.SH,516850,True
516860,博时中证金融科技主题ETF,指数型-股票,存续,2021-09-24,,2021-09-24,tushare_fund_basic,博时基金管理有限公司,,516860.SH,516860,True
516870,银华中证800汽车与零部件ETF,指数型-股票,清盘,2021-06-24,2022-01-26,2021-06-24,tushare_fund_basic,银华基金管理股份有限公司,2022-01-26,516870.SH,516870,True
516880,银华中证光伏产业ETF,指数型-股票,存续,2021-01-05,,2021-01-05,tushare_fund_basic,银华基金管理股份有限公司,,516880.SH,516880,True
516890,平安中证新材料主题ETF,指数型-股票,存续,2021-07-09,,2021-07-09,tushare_fund_basic,平安基金管理有限公司,,516890.SH,516890,True
516900,华安中证申万食品饮料ETF,指数型-股票,存续,2021-04-16,,2021-04-16,tushare_fund_basic,华安基金管理有限公司,,516900.SH,516900,True
516910,富国中证现代物流ETF,指数型-股票,存续,2021-06-03,,2021-06-03,tushare_fund_basic,富国基金管理有限公司,,516910.SH,516910,True
516920,汇添富中证芯片产业ETF,指数型-股票,存续,2021-07-27,,2021-07-27,tushare_fund_basic,汇添富基金管理股份有限公司,,516920.SH,516920,True
516930,民生加银中证生物科技主题ETF,指数型-股票,存续,2021-08-05,,2021-08-05,tushare_fund_basic,民生加银基金管理有限公司,,516930.SH,516930,True
516950,银华中证基建ETF,指数型-股票,存续,2021-04-29,,2021-04-29,tushare_fund_basic,银华基金管理股份有限公司,,516950.SH,516950,True
516960,国泰中证细分机械设备产业主题ETF,指数型-股票,存续,2021-04-07,,2021-04-07,tushare_fund_basic,国泰基金管理有限公司,,516960.SH,516960,True
516970,广发中证基建工程ETF,指数型-股票,存续,2021-06-23,,2021-06-23,tushare_fund_basic,广发基金管理有限公司,,516970.SH,516970,True
516980,华富中证证券公司先锋策略ETF,指数型-股票,存续,2021-06-15,,2021-06-15,tushare_fund_basic,华富基金管理有限公司,,516980.SH,516980,True
517000,银华中证沪港深500ETF,指数型-股票,存续,2021-02-04,,2021-02-04,tushare_fund_basic,银华基金管理股份有限公司,,517000.SH,517000,True
517010,易方达中证沪港深500ETF,指数型-股票,存续,2021-08-03,,2021-08-03,tushare_fund_basic,易方达基金管理有限公司,,517010.SH,517010,True
517030,易方达中证沪港深300ETF,指数型-股票,存续,2021-09-15,,2021-09-15,tushare_fund_basic,易方达基金管理有限公司,,517030.SH,517030,True
517050,华泰柏瑞中证沪港深互联网ETF,指数型-股票,存续,2021-01-25,,2021-01-25,tushare_fund_basic,华泰柏瑞基金管理有限公司,,517050.SH,517050,True
517060,华宝中证沪港深500ETF,指数型-股票,清盘,2021-03-05,2022-11-11,2021-03-05,tushare_fund_basic,华宝基金管理有限公司,2022-11-11,517060.SH,517060,True
517080,汇添富中证沪港深500ETF,指数型-股票,存续,2021-02-01,,2021-02-01,tushare_fund_basic,汇添富基金管理股份有限公司,,517080.SH,517080,True
517090,国泰富时中国国企开放共赢ETF,指数型-股票,存续,2021-12-17,,2021-12-17,tushare_fund_basic,国泰基金管理有限公司,,517090.SH,517090,True
517100,富国中证沪港深500ETF,指数型-股票,存续,2021-02-09,,2021-02-09,tushare_fund_basic,富国基金管理有限公司,,517100.SH,517100,True
517110,国泰中证沪港深创新药产业ETF,指数型-股票,存续,2021-09-08,,2021-09-08,tushare_fund_basic,国泰基金管理有限公司,,517110.SH,517110,True
517120,华泰柏瑞中证沪港深创新药产业ETF,指数型-股票,存续,2021-07-08,,2021-07-08,tushare_fund_basic,华泰柏瑞基金管理有限公司,,517120.SH,517120,True
517160,南方中证长江保护主题ETF,指数型-股票,存续,2021-11-26,,2021-11-26,tushare_fund_basic,南方基金管理股份有限公司,,517160.SH,517160,True
517170,华夏中证沪港深500ETF,指数型-股票,存续,2021-04-07,,2021-04-07,tushare_fund_basic,华夏基金管理有限公司,,517170.SH,517170,True
517180,南方富时中国国企开放共赢ETF,指数型-股票,存续,2021-12-17,,2021-12-17,tushare_fund_basic,南方基金管理股份有限公司,,517180.SH,517180,True
517200,嘉实中证沪港深互联网ETF,指数型-股票,存续,2021-01-25,,2021-01-25,tushare_fund_basic,嘉实基金管理有限公司,,517200.SH,517200,True
517270,浦银安盛中证沪港深科技龙头ETF,指数型-股票,清盘,2021-12-30,2024-05-20,2021-12-30,tushare_fund_basic,浦银基金管理有限公司,2024-05-20,517270.SH,517270,True
517280,天弘中证沪港深线上消费主题ETF,指数型-股票,清盘,2021-11-16,2024-08-26,2021-11-16,tushare_fund_basic,天弘基金管理有限公司,2024-08-26,517280.SH,517280,True
517300,国寿安保中证沪港深300ETF,指数型-股票,存续,2021-02-04,,2021-02-04,tushare_fund_basic,国寿安保基金管理有限公司,,517300.SH,517300,True
517330,易方达中证长江保护主题ETF,指数型-股票,存续,2021-11-26,,2021-11-26,tushare_fund_basic,易方达基金管理有限公司,,517330.SH,517330,True
517350,广发中证沪港深科技龙头ETF,指数型-股票,存续,2021-05-20,,2021-05-20,tushare_fund_basic,广发基金管理有限公司,,517350.SH,517350,True
517360,华安中证沪港深科技100ETF,指数型-股票,存续,2021-06-18,,2021-06-18,tushare_fund_basic,华安基金管理有限公司,,517360.SH,517360,True
517380,天弘恒生沪深港创新药精选50ETF,指数型-海外股票,存续,2021-07-27,,2021-07-27,tushare_fund_basic,天弘基金管理有限公司,,517380.SH,517380,True
517390,天弘中证沪港深云计算产业ETF,指数型-股票,存续,2021-12-10,,2021-12-10,tushare_fund_basic,天弘基金管理有限公司,,517390.SH,517390,True
517400,国泰中证沪深港黄金产业股票ETF,指数型-股票,存续,2024-04-24,,2024-04-24,tushare_fund_basic,国泰基金管理有限公司,,517400.SH,517400,True
517500,国泰中证沪港深动漫游戏ETF,指数型-股票,清盘,2022-03-03,2023-12-21,2022-03-03,tushare_fund_basic,国泰基金管理有限公司,2023-12-21,517500.SH,517500,True
517520,永赢中证沪深港黄金产业股票ETF,指数型-股票,存续,2023-10-24,,2023-10-24,tushare_fund_basic,永赢基金管理有限公司,,517520.SH,517520,True
517550,招商中证沪港深消费龙头ETF,指数型-股票,存续,2022-01-20,,2022-01-20,tushare_fund_basic,招商基金管理有限公司,,517550.SH,517550,True
517660,天弘中证沪港深物联网主题ETF,指数型-股票,存续,2021-10-12,,2021-10-12,tushare_fund_basic,天弘基金管理有限公司,,517660.SH,517660,True
517760,浦银安盛中证沪港深消费龙头ETF,指数型-股票,清盘,2022-04-01,2024-05-29,2022-04-01,tushare_fund_basic,浦银基金管理有限公司,2024-05-29,517760.SH,517760,True
517770,浦银中证沪港深游戏及文化传媒ETF,指数型-股票,存续,2021-11-25,,2021-11-25,tushare_fund_basic,浦银基金管理有限公司,,517770.SH,517770,True
517780,浦银安盛中华交易服务沪深港300ETF,指数型-股票,清盘,2022-03-08,2023-11-14,2022-03-08,tushare_fund_basic,浦银基金管理有限公司,2023-11-14,517780.SH,517780,True
517800,方正富邦中证沪港深人工智能50ETF,指数型-股票,存续,2021-08-04,,2021-08-04,tushare_fund_basic,方正富邦基金管理有限公司,,517800.SH,517800,True
517850,汇添富中证沪港深张江自主创新50ETF,指数型-股票,存续,2022-04-28,,2022-04-28,tushare_fund_basic,汇添富基金管理股份有限公司,,517850.SH,517850,True
517880,华泰柏瑞中证沪港深品牌消费50ETF,指数型-股票,存续,2021-11-17,,2021-11-17,tushare_fund_basic,华泰柏瑞基金管理有限公司,,517880.SH,517880,True
517900,招商中证银行AH价格优选ETF,指数型-股票,存续,2022-03-15,,2022-03-15,tushare_fund_basic,招商基金管理有限公司,,517900.SH,517900,True
517950,交银中证智选沪深港科技50ETF,指数型-股票,存续,2025-12-10,,2025-12-10,tushare_fund_basic,交银施罗德基金管理有限公司,,517950.SH,517950,True
517960,摩根中证沪港深科技100ETF,指数型-股票,清盘,2021-11-22,2024-09-04,2021-11-22,tushare_fund_basic,摩根基金管理(中国)有限公司,2024-09-04,517960.SH,517960,True
517983,华富中证银行AH价格优选ETF,指数型-股票,发行,2021-12-20,,2021-12-20,tushare_fund_basic,华富基金,,517983.OF,517983,True
517990,招商中证沪港深500医药卫生ETF,指数型-股票,存续,2022-05-09,,2022-05-09,tushare_fund_basic,招商基金管理有限公司,,517990.SH,517990,True
519027,海富通上证周期行业50ETF联接,指数型-股票,清盘,2010-09-28,2023-06-29,2010-09-28,tushare_fund_basic,海富通基金管理有限公司,2023-06-29,519027.OF,519027,True
519032,海富通上证非周期行业100ETF联接,指数型-股票,清盘,2011-04-27,2023-06-20,2011-04-27,tushare_fund_basic,海富通基金管理有限公司,2023-06-20,519032.OF,519032,True
519117,浦银安盛中证锐联基本面400指数,指数型-股票,清盘,2012-05-14,2022-12-25,2012-05-14,tushare_fund_basic,浦银基金管理有限公司,2022-12-25,519117.OF,519117,True
519132,海富通东财大数据灵活配置混合,混合型-灵活,清盘,2016-01-29,2018-05-10,2016-01-29,tushare_fund_basic,海富通基金管理有限公司,2018-05-10,519132.OF,519132,True
519165,新华鑫利灵活配置混合,混合型-灵活,清盘,2014-04-23,2023-10-10,2014-04-23,tushare_fund_basic,新华基金管理股份有限公司,2023-10-10,519165.OF,519165,True
519167,新华精选低波动股票,股票型,清盘,2018-02-03,2019-03-15,2018-02-03,tushare_fund_basic,新华基金管理股份有限公司,2019-03-15,519167.OF,519167,True
519228,海富通欣享灵活配置混合-C,混合型-灵活,清盘,2017-03-10,2026-07-15,2017-03-10,tushare_fund_basic,海富通基金管理有限公司,2026-07-15,519228.OF,519228,True
519229,海富通欣享灵活配置混合-A,混合型-灵活,清盘,2017-03-10,2026-07-15,2017-03-10,tushare_fund_basic,海富通基金管理有限公司,2026-07-15,519229.OF,519228,False
519610,银河旺利灵活配置混合-A,混合型-灵活,清盘,2016-05-13,2022-11-01,2016-05-13,tushare_fund_basic,银河基金管理有限公司,2022-11-01,519610.OF,519610,True
519611,银河旺利灵活配置混合-C,混合型-灵活,清盘,2016-05-13,2022-11-01,2016-05-13,tushare_fund_basic,银河基金管理有限公司,2022-11-01,519611.OF,519610,False
519612,银河旺利灵活配置混合-I,混合型-灵活,清盘,2016-05-13,2022-11-01,2016-05-13,tushare_fund_basic,银河基金管理有限公司,2022-11-01,519612.OF,519612,True
519619,银河君荣灵活配置混合-A,混合型-灵活,清盘,2016-09-05,2025-07-23,2016-09-05,tushare_fund_basic,银河基金管理有限公司,2025-07-23,519619.OF,519619,True
519620,银河君荣灵活配置混合-C,混合型-灵活,清盘,2016-09-05,2025-07-23,2016-09-05,tushare_fund_basic,银河基金管理有限公司,2025-07-23,519620.OF,519619,False
519621,银河君荣灵活配置混合-I,混合型-灵活,清盘,2016-09-05,2025-07-23,2016-09-05,tushare_fund_basic,银河基金管理有限公司,2025-07-23,519621.OF,519621,True
519623,银河君耀灵活配置混合-A,混合型-灵活,清盘,2016-11-18,2025-10-22,2016-11-18,tushare_fund_basic,银河基金管理有限公司,2025-10-22,519623.OF,519623,True
519624,银河君耀灵活配置混合-C,混合型-灵活,清盘,2016-11-18,2025-10-22,2016-11-18,tushare_fund_basic,银河基金管理有限公司,2025-10-22,519624.OF,519623,False
519625,银河君盛灵活配置混合-A,混合型-灵活,清盘,2016-12-09,2025-07-23,2016-12-09,tushare_fund_basic,银河基金管理有限公司,2025-07-23,519625.OF,519625,True
519626,银河君盛灵活配置混合-C,混合型-灵活,清盘,2016-12-09,2025-07-23,2016-12-09,tushare_fund_basic,银河基金管理有限公司,2025-07-23,519626.OF,519625,False
519627,银河君润灵活配置混合-A,混合型-灵活,清盘,2016-12-27,2025-09-24,2016-12-27,tushare_fund_basic,银河基金管理有限公司,2025-09-24,519627.OF,519627,True
519628,银河君润灵活配置混合-C,混合型-灵活,清盘,2016-12-27,2025-09-24,2016-12-27,tushare_fund_basic,银河基金管理有限公司,2025-09-24,519628.OF,519627,False
519629,银河睿利灵活配置混合-A,混合型-灵活,清盘,2016-12-29,2023-04-20,2016-12-29,tushare_fund_basic,银河基金管理有限公司,2023-04-20,519629.OF,519629,True
519630,银河睿利灵活配置混合-C,混合型-灵活,清盘,2016-12-29,2023-04-20,2016-12-29,tushare_fund_basic,银河基金管理有限公司,2023-04-20,519630.OF,519629,False
519633,银河君腾灵活配置混合-A,混合型-灵活,清盘,2017-03-02,2018-11-30,2017-03-02,tushare_fund_basic,银河基金管理有限公司,2018-11-30,519633.OF,519633,True
519634,银河君腾灵活配置混合-C,混合型-灵活,清盘,2017-03-02,2018-11-30,2017-03-02,tushare_fund_basic,银河基金管理有限公司,2018-11-30,519634.OF,519633,False
519640,银河鸿利灵活配置混合-A,混合型-灵活,清盘,2015-06-19,2022-12-27,2015-06-19,tushare_fund_basic,银河基金管理有限公司,2022-12-27,519640.OF,519640,True
519641,银河鸿利灵活配置混合-C,混合型-灵活,清盘,2015-06-19,2022-12-27,2015-06-19,tushare_fund_basic,银河基金管理有限公司,2022-12-27,519641.OF,519640,False
519646,银河鑫利灵活配置混合-I,混合型-灵活,清盘,2015-11-16,2025-10-22,2015-11-16,tushare_fund_basic,银河基金管理有限公司,2025-10-22,519646.OF,519646,True
519647,银河鸿利灵活配置混合-I,混合型-灵活,清盘,2015-11-16,2022-12-27,2015-11-16,tushare_fund_basic,银河基金管理有限公司,2022-12-27,519647.OF,519647,True
519649,银河犇利灵活配置混合-A,混合型-灵活,清盘,2017-03-10,2018-11-28,2017-03-10,tushare_fund_basic,银河基金管理有限公司,2018-11-28,519649.OF,519649,True
519650,银河犇利灵活配置混合-C,混合型-灵活,清盘,2017-03-10,2018-11-28,2017-03-10,tushare_fund_basic,银河基金管理有限公司,2018-11-28,519650.OF,519649,False
519652,银河鑫利灵活配置混合-A,混合型-灵活,清盘,2015-04-22,2025-10-22,2015-04-22,tushare_fund_basic,银河基金管理有限公司,2025-10-22,519652.OF,519652,True
519653,银河鑫利灵活配置混合-C,混合型-灵活,清盘,2015-04-22,2025-10-22,2015-04-22,tushare_fund_basic,银河基金管理有限公司,2025-10-22,519653.OF,519652,False
5197141,交银沪深300行业分层等权重指数,股票型,清盘,2012-11-07,2015-06-30,2012-11-07,tushare_fund_basic,交银施罗德基金管理有限公司,2015-06-30,5197141.OF,5197141,True
519764,交银卓越回报灵活配置混合-A,混合型-灵活,清盘,2016-02-17,2018-09-25,2016-02-17,tushare_fund_basic,交银施罗德基金管理有限公司,2018-09-25,519764.OF,519764,True
519765,交银卓越回报灵活配置混合-C,混合型-灵活,清盘,2016-12-27,2018-09-25,2016-12-27,tushare_fund_basic,交银施罗德基金管理有限公司,2018-09-25,519765.OF,519764,False
519781,交银领先回报灵活配置混合,混合型-灵活,清盘,2016-09-13,2018-11-29,2016-09-13,tushare_fund_basic,交银施罗德基金管理有限公司,2018-11-29,519781.OF,519781,True
519931,长信上证港股通指数,指数型-海外股票,清盘,2016-12-15,2019-12-14,2016-12-15,tushare_fund_basic,长信基金管理有限责任公司,2019-12-14,519931.OF,519931,True
519960,长信利广灵活配置混合-C,混合型-灵活,清盘,2015-11-30,2024-11-20,2015-11-30,tushare_fund_basic,长信基金管理有限责任公司,2024-11-20,519960.OF,519961,False
519961,长信利广灵活配置混合-A,混合型-灵活,清盘,2015-06-12,2024-11-20,2015-06-12,tushare_fund_basic,长信基金管理有限责任公司,2024-11-20,519961.OF,519961,True
519962,长信利盈灵活配置混合-C,混合型-灵活,清盘,2015-11-26,2025-01-22,2015-11-26,tushare_fund_basic,长信基金管理有限责任公司,2025-01-22,519962.OF,519963,False
519963,长信利盈灵活配置混合-A,混合型-灵活,清盘,2015-06-09,2025-01-22,2015-06-09,tushare_fund_basic,长信基金管理有限责任公司,2025-01-22,519963.OF,519963,True
519969,长信新利灵活配置混合,混合型-灵活,清盘,2015-02-11,2024-04-26,2015-02-11,tushare_fund_basic,长信基金管理有限责任公司,2024-04-26,519969.OF,519969,True
520500,华泰柏瑞恒生创新药ETF(QDII),指数型-海外股票,存续,2024-12-16,,2024-12-16,tushare_fund_basic,华泰柏瑞基金管理有限公司,,520500.SH,520500,True
520510,华夏中证港股通医疗主题ETF,指数型-海外股票,存续,2025-07-28,,2025-07-28,tushare_fund_basic,华夏基金管理有限公司,,520510.SH,520510,True
520520,华泰柏瑞恒生消费ETF(QDII),指数型-海外股票,存续,2024-10-23,,2024-10-23,tushare_fund_basic,华泰柏瑞基金管理有限公司,,520520.SH,520520,True
520530,东财中证港股通科技ETF,指数型-海外股票,存续,2025-11-18,,2025-11-18,tushare_fund_basic,东财基金管理有限公司,,520530.SH,520530,True
520550,招商恒生港股通高股息低波动ETF,指数型-海外股票,存续,2025-01-15,,2025-01-15,tushare_fund_basic,招商基金管理有限公司,,520550.SH,520550,True
520560,华宝港股通恒生中国(香港上市)30ETF,指数型-海外股票,存续,2025-09-24,,2025-09-24,tushare_fund_basic,华宝基金管理有限公司,,520560.SH,520560,True
520570,南方恒生科技ETF(QDII),指数型-海外股票,存续,2025-10-29,,2025-10-29,tushare_fund_basic,南方基金管理股份有限公司,,520570.SH,520570,True
520580,招商利安新兴亚洲精选ETF(QDII),指数型-股票,存续,2025-01-16,,2025-01-16,tushare_fund_basic,招商基金管理有限公司,,520580.SH,520580,True
520590,鹏华恒生科技ETF(QDII),指数型-海外股票,存续,2025-11-17,,2025-11-17,tushare_fund_basic,鹏华基金管理有限公司,,520590.SH,520590,True
520600,广发中证港股通汽车产业主题ETF,指数型-海外股票,存续,2024-12-19,,2024-12-19,tushare_fund_basic,广发基金管理有限公司,,520600.SH,520600,True
520610,银华标普港股通低波红利ETF,指数型-海外股票,存续,2026-01-28,,2026-01-28,tushare_fund_basic,银华基金管理股份有限公司,,520610.SH,520610,True
520620,嘉实恒生消费ETF,指数型-海外股票,存续,2025-08-11,,2025-08-11,tushare_fund_basic,嘉实基金管理有限公司,,520620.SH,520620,True
520630,广发中证港股通互联网ETF,指数型-海外股票,存续,2025-11-26,,2025-11-26,tushare_fund_basic,广发基金管理有限公司,,520630.SH,520630,True
520650,南方中证港股通互联网ETF,指数型-海外股票,存续,2025-10-29,,2025-10-29,tushare_fund_basic,南方基金管理股份有限公司,,520650.SH,520650,True
520660,南方中证国新港股通央企红利ETF,指数型-海外股票,存续,2024-06-26,,2024-06-26,tushare_fund_basic,南方基金管理股份有限公司,,520660.SH,520660,True
520670,嘉实恒生港股通科技主题ETF,指数型-海外股票,存续,2025-08-04,,2025-08-04,tushare_fund_basic,嘉实基金管理有限公司,,520670.SH,520670,True
520680,南方中证港股通汽车产业主题ETF,指数型-海外股票,存续,2026-03-18,,2026-03-18,tushare_fund_basic,南方基金管理股份有限公司,,520680.SH,520680,True
520690,博时恒生港股通创新药精选ETF,指数型-海外股票,存续,2025-07-23,,2025-07-23,tushare_fund_basic,博时基金管理有限公司,,520690.SH,520690,True
520700,万家中证港股通创新药ETF,指数型-海外股票,存续,2024-09-13,,2024-09-13,tushare_fund_basic,万家基金管理有限公司,,520700.SH,520700,True
520720,国泰中证港股通汽车产业主题ETF,指数型-海外股票,存续,2025-09-17,,2025-09-17,tushare_fund_basic,国泰基金管理有限公司,,520720.SH,520720,True
520760,摩根恒生生物科技ETF,指数型-海外股票,存续,2026-02-11,,2026-02-11,tushare_fund_basic,摩根基金管理(中国)有限公司,,520760.SH,520760,True
520770,建信恒指港股通ETF,指数型-海外股票,存续,2025-12-24,,2025-12-24,tushare_fund_basic,建信基金管理有限责任公司,,520770.SH,520770,True
520780,华宝中证港股通汽车产业主题ETF,指数型-海外股票,存续,2025-12-05,,2025-12-05,tushare_fund_basic,华宝基金管理有限公司,,520780.SH,520780,True
520790,兴业中证港股通互联网ETF,指数型-海外股票,存续,2026-03-19,,2026-03-19,tushare_fund_basic,兴业基金管理有限公司,,520790.SH,520790,True
520810,易方达中证港股通高股息投资ETF,指数型-海外股票,存续,2025-12-22,,2025-12-22,tushare_fund_basic,易方达基金管理有限公司,,520810.SH,520810,True
520820,汇添富恒指港股通ETF,指数型-海外股票,存续,2025-11-19,,2025-11-19,tushare_fund_basic,汇添富基金管理股份有限公司,,520820.SH,520820,True
520830,华泰柏瑞南方东英沙特阿拉伯ETF(QDII),指数型-股票,存续,2024-07-05,,2024-07-05,tushare_fund_basic,华泰柏瑞基金管理有限公司,,520830.SH,520830,True
520840,华安恒生港股通科技主题ETF,指数型-海外股票,存续,2025-08-14,,2025-08-14,tushare_fund_basic,华安基金管理有限公司,,520840.SH,520840,True
520850,易方达中证港股通医疗主题ETF,指数型-海外股票,存续,2025-12-31,,2025-12-31,tushare_fund_basic,易方达基金管理有限公司,,520850.SH,520850,True
520860,富国中证港股通科技ETF,指数型-海外股票,存续,2025-07-16,,2025-07-16,tushare_fund_basic,富国基金管理有限公司,,520860.SH,520860,True
520870,易方达伊塔乌巴西IBOVESPAETF(QDII),指数型-股票,存续,2025-11-05,,2025-11-05,tushare_fund_basic,易方达基金管理有限公司,,520870.SH,520870,True
520880,华宝恒生港股通创新药精选ETF,指数型-海外股票,存续,2025-06-27,,2025-06-27,tushare_fund_basic,华宝基金管理有限公司,,520880.SH,520880,True
520890,华泰柏瑞恒生港股通高股息低波动ETF,指数型-海外股票,存续,2024-09-04,,2024-09-04,tushare_fund_basic,华泰柏瑞基金管理有限公司,,520890.SH,520890,True
520900,广发中证国新港股通央企红利ETF,指数型-海外股票,存续,2024-06-26,,2024-06-26,tushare_fund_basic,广发基金管理有限公司,,520900.SH,520900,True
520910,华夏中证港股通互联网ETF,指数型-海外股票,存续,2026-01-21,,2026-01-21,tushare_fund_basic,华夏基金管理有限公司,,520910.SH,520910,True
520920,天弘恒生科技ETF(QDII),指数型-海外股票,存续,2025-09-22,,2025-09-22,tushare_fund_basic,天弘基金管理有限公司,,520920.SH,520920,True
520930,国泰恒生生物科技ETF,指数型-海外股票,存续,2026-01-21,,2026-01-21,tushare_fund_basic,国泰基金管理有限公司,,520930.SH,520930,True
520940,华安恒指港股通ETF,指数型-海外股票,存续,2025-05-26,,2025-05-26,tushare_fund_basic,华安基金管理有限公司,,520940.SH,520940,True
520950,摩根恒生港股通50ETF,指数型-海外股票,存续,2025-10-29,,2025-10-29,tushare_fund_basic,摩根基金管理(中国)有限公司,,520950.SH,520950,True
520960,嘉实恒指港股通ETF,指数型-海外股票,存续,2025-10-22,,2025-10-22,tushare_fund_basic,嘉实基金管理有限公司,,520960.SH,520960,True
520970,嘉实中证港股通创新药ETF,指数型-海外股票,存续,2025-07-30,,2025-07-30,tushare_fund_basic,嘉实基金管理有限公司,,520970.SH,520970,True
520980,汇添富恒生港股通中国科技ETF,指数型-海外股票,存续,2025-06-18,,2025-06-18,tushare_fund_basic,汇添富基金管理股份有限公司,,520980.SH,520980,True
520990,景顺长城中证国新港股通央企红利ETF,指数型-海外股票,存续,2024-06-26,,2024-06-26,tushare_fund_basic,景顺长城基金管理有限公司,,520990.SH,520990,True
530000,天弘上证50ETF,指数型-股票,存续,2024-09-04,,2024-09-04,tushare_fund_basic,天弘基金管理有限公司,,530000.SH,530000,True
530050,东财上证50ETF,指数型-股票,存续,2024-11-18,,2024-11-18,tushare_fund_basic,东财基金管理有限公司,,530050.SH,530050,True
530060,易方达上证综合ETF,指数型-股票,存续,2026-01-30,,2026-01-30,tushare_fund_basic,易方达基金管理有限公司,,530060.SH,530060,True
530080,天弘上证180ETF,指数型-股票,存续,2025-01-08,,2025-01-08,tushare_fund_basic,天弘基金管理有限公司,,530080.SH,530080,True
530100,易方达上证580ETF,指数型-股票,存续,2025-10-10,,2025-10-10,tushare_fund_basic,易方达基金管理有限公司,,530100.SH,530100,True
530180,易方达上证180ETF,指数型-股票,存续,2024-12-18,,2024-12-18,tushare_fund_basic,易方达基金管理有限公司,,530180.SH,530180,True
530280,平安上证180ETF,指数型-股票,存续,2025-01-15,,2025-01-15,tushare_fund_basic,平安基金管理有限公司,,530280.SH,530280,True
530300,华泰柏瑞上证180ETF,指数型-股票,存续,2024-12-30,,2024-12-30,tushare_fund_basic,华泰柏瑞基金管理有限公司,,530300.SH,530300,True
530380,易方达上证380ETF,指数型-股票,存续,2025-09-22,,2025-09-22,tushare_fund_basic,易方达基金管理有限公司,,530380.SH,530380,True
530530,华夏上证580ETF,指数型-股票,存续,2025-08-20,,2025-08-20,tushare_fund_basic,华夏基金管理有限公司,,530530.SH,530530,True
530580,南方上证180ETF,指数型-股票,存续,2024-12-30,,2024-12-30,tushare_fund_basic,南方基金管理股份有限公司,,530580.SH,530580,True
530680,兴业上证180ETF,指数型-股票,存续,2024-12-25,,2024-12-25,tushare_fund_basic,兴业基金管理有限公司,,530680.SH,530680,True
530800,银华上证180ETF,指数型-股票,存续,2025-01-17,,2025-01-17,tushare_fund_basic,银华基金管理股份有限公司,,530800.SH,530800,True
530880,银河上证国有企业红利ETF,指数型-股票,存续,2024-10-30,,2024-10-30,tushare_fund_basic,银河基金管理有限公司,,530880.SH,530880,True
539001,建信纳斯达克100人民币A,指数型-海外股票,存续,2021-09-22,,2021-09-22,tushare_fund_basic,建信基金,,539001.OF,539001,True
560000,浦银安盛中证智能电动汽车ETF,指数型-股票,清盘,2021-09-17,2026-07-15,2021-09-17,tushare_fund_basic,浦银基金管理有限公司,2026-07-15,560000.SH,560000,True
560010,广发中证1000ETF,指数型-股票,存续,2022-07-28,,2022-07-28,tushare_fund_basic,广发基金管理有限公司,,560010.SH,560010,True
560020,汇添富中证红利ETF,指数型-股票,存续,2023-09-26,,2023-09-26,tushare_fund_basic,汇添富基金管理股份有限公司,,560020.SH,560020,True
560030,汇添富中证800价值ETF,指数型-股票,存续,2023-06-20,,2023-06-20,tushare_fund_basic,汇添富基金管理股份有限公司,,560030.SH,560030,True
560050,汇添富MSCI中国A50互联互通ETF,指数型-海外股票,存续,2021-10-29,,2021-10-29,tushare_fund_basic,汇添富基金管理股份有限公司,,560050.SH,560050,True
560060,汇添富中证上海环交所碳中和ETF,指数型-股票,存续,2022-07-13,,2022-07-13,tushare_fund_basic,汇添富基金管理股份有限公司,,560060.SH,560060,True
560070,汇添富中证国新央企股东回报ETF,指数型-股票,存续,2023-05-24,,2023-05-24,tushare_fund_basic,汇添富基金管理股份有限公司,,560070.SH,560070,True
560080,汇添富中证中药ETF,指数型-股票,存续,2022-09-26,,2022-09-26,tushare_fund_basic,汇添富基金管理股份有限公司,,560080.SH,560080,True
560090,汇添富中证全指证券公司ETF,指数型-股票,存续,2023-02-27,,2023-02-27,tushare_fund_basic,汇添富基金管理股份有限公司,,560090.SH,560090,True
560100,南方中证500增强策略ETF,指数型-股票,存续,2022-01-26,,2022-01-26,tushare_fund_basic,南方基金管理股份有限公司,,560100.SH,560100,True
560110,汇添富中证1000ETF,指数型-股票,存续,2022-07-29,,2022-07-29,tushare_fund_basic,汇添富基金管理股份有限公司,,560110.SH,560110,True
560120,华夏中证500自由现金流ETF,指数型-股票,存续,2025-07-23,,2025-07-23,tushare_fund_basic,华夏基金管理有限公司,,560120.SH,560120,True
560130,鹏华中证全指食品ETF,指数型-股票,存续,2025-12-30,,2025-12-30,tushare_fund_basic,鹏华基金管理有限公司,,560130.SH,560130,True
560150,泰康中证红利低波动ETF,指数型-股票,存续,2024-03-15,,2024-03-15,tushare_fund_basic,泰康基金管理有限公司,,560150.SH,560150,True
560160,易方达中证全指食品ETF,指数型-股票,存续,2026-01-19,,2026-01-19,tushare_fund_basic,易方达基金管理有限公司,,560160.SH,560160,True
5601631,光大中证全指医疗器械ETF,指数型-股票,发行,2022-01-04,,2022-01-04,tushare_fund_basic,光大保德信基金,,5601631.OF,5601631,True
560170,南方中证国新央企科技引领ETF,指数型-股票,存续,2023-06-21,,2023-06-21,tushare_fund_basic,南方基金管理股份有限公司,,560170.SH,560170,True
560180,南方沪深300ESG基准ETF,指数型-股票,存续,2023-04-13,,2023-04-13,tushare_fund_basic,南方基金管理股份有限公司,,560180.SH,560180,True
560190,鹏华中证全指公用事业ETF,指数型-股票,存续,2024-12-25,,2024-12-25,tushare_fund_basic,鹏华基金管理有限公司,,560190.SH,560190,True
560210,景顺长城中证全指农牧渔ETF,指数型-股票,存续,2026-03-11,,2026-03-11,tushare_fund_basic,景顺长城基金管理有限公司,,560210.SH,560210,True
560220,广发中证2000ETF,指数型-股票,存续,2023-09-08,,2023-09-08,tushare_fund_basic,广发基金管理有限公司,,560220.SH,560220,True
560230,富国中证光伏产业ETF,指数型-股票,存续,2026-01-28,,2026-01-28,tushare_fund_basic,富国基金管理有限公司,,560230.SH,560230,True
560260,广发中证医疗ETF,指数型-股票,存续,2023-09-06,,2023-09-06,tushare_fund_basic,广发基金管理有限公司,,560260.SH,560260,True
560270,工银瑞信中证全指电力公用事业ETF,指数型-股票,存续,2026-02-11,,2026-02-11,tushare_fund_basic,工银瑞信基金管理有限公司,,560270.SH,560270,True
560280,广发中证工程机械主题ETF,指数型-股票,存续,2023-10-18,,2023-10-18,tushare_fund_basic,广发基金管理有限公司,,560280.SH,560280,True
560290,景顺长城中证有色金属矿业主题ETF,指数型-股票,存续,2026-01-26,,2026-01-26,tushare_fund_basic,景顺长城基金管理有限公司,,560290.SH,560290,True
560300,汇添富中证电信主题ETF,指数型-股票,存续,2023-12-05,,2023-12-05,tushare_fund_basic,汇添富基金管理股份有限公司,,560300.SH,560300,True
560310,博时中证光伏产业ETF,指数型-股票,存续,2026-02-11,,2026-02-11,tushare_fund_basic,博时基金管理有限公司,,560310.SH,560310,True
560330,申万菱信沪深300价值ETF,指数型-股票,存续,2023-05-11,,2023-05-11,tushare_fund_basic,申万菱信基金管理有限公司,,560330.SH,560330,True
560350,摩根中证A50ETF,指数型-股票,存续,2024-03-05,,2024-03-05,tushare_fund_basic,摩根基金管理(中国)有限公司,,560350.SH,560350,True
560360,万家中证软件服务ETF,指数型-股票,存续,2024-06-13,,2024-06-13,tushare_fund_basic,万家基金管理有限公司,,560360.SH,560360,True
560370,易方达中证全指红利质量ETF,指数型-股票,存续,2026-02-10,,2026-02-10,tushare_fund_basic,易方达基金管理有限公司,,560370.SH,560370,True
560380,南方中证A100ETF,指数型-股票,存续,2024-12-19,,2024-12-19,tushare_fund_basic,南方基金管理股份有限公司,,560380.SH,560380,True
560390,易方达恒生A股电网设备ETF,指数型-海外股票,存续,2026-02-13,,2026-02-13,tushare_fund_basic,易方达基金管理有限公司,,560390.SH,560390,True
560400,华泰柏瑞中证全指证券公司ETF,指数型-股票,存续,2026-03-09,,2026-03-09,tushare_fund_basic,华泰柏瑞基金管理有限公司,,560400.SH,560400,True
560500,鹏扬中证500质量成长ETF,指数型-股票,存续,2021-08-04,,2021-08-04,tushare_fund_basic,鹏扬基金管理有限公司,,560500.SH,560500,True
560510,泰康中证A500ETF,指数型-股票,存续,2024-09-27,,2024-09-27,tushare_fund_basic,泰康基金管理有限公司,,560510.SH,560510,True
560520,大成中证红利低波动100ETF,指数型-股票,存续,2024-04-08,,2024-04-08,tushare_fund_basic,大成基金管理有限公司,,560520.SH,560520,True
560530,摩根中证A500ETF,指数型-股票,存续,2024-09-24,,2024-09-24,tushare_fund_basic,摩根基金管理(中国)有限公司,,560530.SH,560530,True
560550,广发中证上海环交所碳中和ETF,指数型-股票,存续,2022-07-11,,2022-07-11,tushare_fund_basic,广发基金管理有限公司,,560550.SH,560550,True
560560,泰康中证内地低碳经济主题ETF,指数型-股票,存续,2021-08-27,,2021-08-27,tushare_fund_basic,泰康基金管理有限公司,,560560.SH,560560,True
560570,国联安中证A500红利低波动ETF,指数型-股票,存续,2025-09-10,,2025-09-10,tushare_fund_basic,国联安基金管理有限公司,,560570.SH,560570,True
560580,南方中证全指电力公用事业ETF,指数型-股票,存续,2023-04-27,,2023-04-27,tushare_fund_basic,南方基金管理股份有限公司,,560580.SH,560580,True
560590,鹏华中证1000增强策略ETF,指数型-股票,存续,2023-09-01,,2023-09-01,tushare_fund_basic,鹏华基金管理有限公司,,560590.SH,560590,True
560600,方正富邦中证医药及医疗器械创新ETF,指数型-股票,清盘,2022-03-03,2023-12-29,2022-03-03,tushare_fund_basic,方正富邦基金管理有限公司,2023-12-29,560600.SH,560600,True
560610,招商中证A500ETF,指数型-股票,存续,2024-09-26,,2024-09-26,tushare_fund_basic,招商基金管理有限公司,,560610.SH,560610,True
560620,万家中证全指公用事业ETF,指数型-股票,存续,2024-09-11,,2024-09-11,tushare_fund_basic,万家基金管理有限公司,,560620.SH,560620,True
560630,万家中证机器人ETF,指数型-股票,存续,2025-03-19,,2025-03-19,tushare_fund_basic,万家基金管理有限公司,,560630.SH,560630,True
560650,民生加银中证企业核心竞争力50ETF,指数型-股票,清盘,2022-06-13,2026-08-24,2022-06-13,tushare_fund_basic,民生加银基金管理有限公司,2026-08-24,560650.SH,560650,True
560660,新华中证云计算50ETF,指数型-股票,存续,2021-08-05,,2021-08-05,tushare_fund_basic,新华基金管理股份有限公司,,560660.SH,560660,True
560680,广发中证主要消费ETF,指数型-股票,存续,2022-10-19,,2022-10-19,tushare_fund_basic,广发基金管理有限公司,,560680.SH,560680,True
560690,鹏华中证电信主题ETF,指数型-股票,存续,2024-04-01,,2024-04-01,tushare_fund_basic,鹏华基金管理有限公司,,560690.SH,560690,True
560700,广发中证国新央企股东回报ETF,指数型-股票,存续,2023-05-24,,2023-05-24,tushare_fund_basic,广发基金管理有限公司,,560700.SH,560700,True
560710,富国中证智选船舶产业ETF,指数型-股票,存续,2026-01-28,,2026-01-28,tushare_fund_basic,富国基金管理有限公司,,560710.SH,560710,True
560750,申万菱信中证A500ETF,指数型-股票,存续,2025-01-22,,2025-01-22,tushare_fund_basic,申万菱信基金管理有限公司,,560750.SH,560750,True
560770,招商中证机器人ETF,指数型-股票,存续,2025-08-21,,2025-08-21,tushare_fund_basic,招商基金管理有限公司,,560770.SH,560770,True
560780,广发中证半导体材料设备主题ETF,指数型-股票,存续,2023-12-01,,2023-12-01,tushare_fund_basic,广发基金管理有限公司,,560780.SH,560780,True
560800,鹏扬中证数字经济主题ETF,指数型-股票,存续,2021-12-22,,2021-12-22,tushare_fund_basic,鹏扬基金管理有限公司,,560800.SH,560800,True
560810,融通中证诚通央企ESGETF,指数型-股票,存续,2024-11-25,,2024-11-25,tushare_fund_basic,融通基金管理有限公司,,560810.SH,560810,True
560820,新华中证A50ETF,指数型-股票,存续,2025-03-28,,2025-03-28,tushare_fund_basic,新华基金管理股份有限公司,,560820.SH,560820,True
560850,汇添富中证信息技术应用创新产业ETF,指数型-股票,存续,2024-04-01,,2024-04-01,tushare_fund_basic,汇添富基金管理股份有限公司,,560850.SH,560850,True
560860,万家中证工业有色金属主题ETF,指数型-股票,存续,2023-02-22,,2023-02-22,tushare_fund_basic,万家基金管理有限公司,,560860.SH,560860,True
560880,广发中证全指家用电器ETF,指数型-股票,存续,2022-03-30,,2022-03-30,tushare_fund_basic,广发基金管理有限公司,,560880.SH,560880,True
560890,新华中证红利低波动ETF,指数型-股票,清盘,2024-09-02,2026-04-01,2024-09-02,tushare_fund_basic,新华基金管理股份有限公司,2026-04-01,560890.SH,560890,True
560900,摩根中证创新药产业ETF,指数型-股票,存续,2022-05-19,,2022-05-19,tushare_fund_basic,摩根基金管理(中国)有限公司,,560900.SH,560900,True
560950,汇添富中证500增强策略ETF,指数型-股票,存续,2023-07-19,,2023-07-19,tushare_fund_basic,汇添富基金管理股份有限公司,,560950.SH,560950,True
560960,摩根中证碳中和60ETF,指数型-股票,清盘,2022-12-29,2025-06-26,2022-12-29,tushare_fund_basic,摩根基金管理(中国)有限公司,2025-06-26,560960.SH,560960,True
560980,广发中证光伏龙头30ETF,指数型-股票,存续,2022-11-16,,2022-11-16,tushare_fund_basic,广发基金管理有限公司,,560980.SH,560980,True
560990,中金中证科技先锋ETF,指数型-股票,存续,2022-06-10,,2022-06-10,tushare_fund_basic,中金基金管理有限公司,,560990.SH,560990,True
561000,华安沪深300增强策略ETF,指数型-股票,存续,2022-12-21,,2022-12-21,tushare_fund_basic,华安基金管理有限公司,,561000.SH,561000,True
561010,华安中证全指软件开发ETF,指数型-股票,存续,2023-11-21,,2023-11-21,tushare_fund_basic,华安基金管理有限公司,,561010.SH,561010,True
561060,华安中证国有企业红利ETF,指数型-股票,存续,2023-09-06,,2023-09-06,tushare_fund_basic,华安基金管理有限公司,,561060.SH,561060,True
561080,华安中证全指自由现金流ETF,指数型-股票,存续,2025-04-23,,2025-04-23,tushare_fund_basic,华安基金管理有限公司,,561080.SH,561080,True
561090,华安中证A500增强策略ETF,指数型-股票,存续,2025-06-18,,2025-06-18,tushare_fund_basic,华安基金管理有限公司,,561090.SH,561090,True
561100,富国中证消费电子主题ETF,指数型-股票,存续,2022-01-20,,2022-01-20,tushare_fund_basic,富国基金管理有限公司,,561100.SH,561100,True
561120,富国中证全指家用电器ETF,指数型-股票,存续,2022-01-25,,2022-01-25,tushare_fund_basic,富国基金管理有限公司,,561120.SH,561120,True
561130,富国中证新华社民族品牌工程ETF,指数型-股票,存续,2021-09-27,,2021-09-27,tushare_fund_basic,富国基金管理有限公司,,561130.SH,561130,True
561150,富国中证500ESG基准ETF,指数型-股票,清盘,2022-07-28,2022-12-27,2022-07-28,tushare_fund_basic,富国基金管理有限公司,2022-12-27,561150.SH,561150,True
561160,富国中证电池主题ETF,指数型-股票,存续,2022-06-30,,2022-06-30,tushare_fund_basic,富国基金管理有限公司,,561160.SH,561160,True
561170,富国中证绿色电力ETF,指数型-股票,存续,2023-03-02,,2023-03-02,tushare_fund_basic,富国基金管理有限公司,,561170.SH,561170,True
561180,富国中证A100ETF,指数型-股票,存续,2022-11-03,,2022-11-03,tushare_fund_basic,富国基金管理有限公司,,561180.SH,561180,True
561190,富国中证上海环交所碳中和ETF,指数型-股票,存续,2022-07-11,,2022-07-11,tushare_fund_basic,富国基金管理有限公司,,561190.SH,561190,True
561200,工银瑞信中证A100ETF,指数型-股票,存续,2023-12-22,,2023-12-22,tushare_fund_basic,工银瑞信基金管理有限公司,,561200.SH,561200,True
561220,工银瑞信中证诚通国企数字经济ETF,指数型-股票,存续,2025-05-21,,2025-05-21,tushare_fund_basic,工银瑞信基金管理有限公司,,561220.SH,561220,True
561230,工银瑞信中证A50ETF,指数型-股票,存续,2024-03-06,,2024-03-06,tushare_fund_basic,工银瑞信基金管理有限公司,,561230.SH,561230,True
561260,工银瑞信中证国新央企现代能源ETF,指数型-股票,存续,2023-07-27,,2023-07-27,tushare_fund_basic,工银瑞信基金管理有限公司,,561260.SH,561260,True
561280,工银瑞信中证1000增强策略ETF,指数型-股票,存续,2023-08-31,,2023-08-31,tushare_fund_basic,工银瑞信基金管理有限公司,,561280.SH,561280,True
561300,国泰沪深300增强策略ETF,指数型-股票,存续,2021-12-01,,2021-12-01,tushare_fund_basic,国泰基金管理有限公司,,561300.SH,561300,True
561310,国泰中证消费电子主题ETF,指数型-股票,存续,2021-11-10,,2021-11-10,tushare_fund_basic,国泰基金管理有限公司,,561310.SH,561310,True
561320,国泰中证内地运输主题ETF,指数型-股票,存续,2022-11-30,,2022-11-30,tushare_fund_basic,国泰基金管理有限公司,,561320.SH,561320,True
561330,国泰中证有色金属矿业主题ETF,指数型-股票,存续,2022-10-19,,2022-10-19,tushare_fund_basic,国泰基金管理有限公司,,561330.SH,561330,True
561350,国泰中证500ETF,指数型-股票,存续,2021-08-18,,2021-08-18,tushare_fund_basic,国泰基金管理有限公司,,561350.SH,561350,True
561360,国泰中证油气产业ETF,指数型-股票,存续,2023-10-23,,2023-10-23,tushare_fund_basic,国泰基金管理有限公司,,561360.SH,561360,True
561370,国泰中证2000ETF,指数型-股票,存续,2023-09-13,,2023-09-13,tushare_fund_basic,国泰基金管理有限公司,,561370.SH,561370,True
561380,国泰恒生A股电网设备ETF,指数型-海外股票,存续,2024-12-11,,2024-12-11,tushare_fund_basic,国泰基金管理有限公司,,561380.SH,561380,True
561500,华泰柏瑞中证企业核心竞争力50ETF,指数型-股票,存续,2021-06-17,,2021-06-17,tushare_fund_basic,华泰柏瑞基金管理有限公司,,561500.SH,561500,True
561510,华泰柏瑞中证中药ETF,指数型-股票,存续,2022-07-26,,2022-07-26,tushare_fund_basic,华泰柏瑞基金管理有限公司,,561510.SH,561510,True
561550,华泰柏瑞中证500增强策略ETF,指数型-股票,存续,2021-12-02,,2021-12-02,tushare_fund_basic,华泰柏瑞基金管理有限公司,,561550.SH,561550,True
561560,华泰柏瑞中证全指电力公用事业ETF,指数型-股票,存续,2022-04-26,,2022-04-26,tushare_fund_basic,华泰柏瑞基金管理有限公司,,561560.SH,561560,True
561570,华泰柏瑞中证油气产业ETF,指数型-股票,存续,2024-10-09,,2024-10-09,tushare_fund_basic,华泰柏瑞基金管理有限公司,,561570.SH,561570,True
561580,华泰柏瑞中证中央企业红利ETF,指数型-股票,存续,2023-05-18,,2023-05-18,tushare_fund_basic,华泰柏瑞基金管理有限公司,,561580.SH,561580,True
561590,华泰柏瑞中证1000增强策略ETF,指数型-股票,存续,2022-11-23,,2022-11-23,tushare_fund_basic,华泰柏瑞基金管理有限公司,,561590.SH,561590,True
561600,平安中证消费电子主题ETF,指数型-股票,存续,2021-08-30,,2021-08-30,tushare_fund_basic,平安基金管理有限公司,,561600.SH,561600,True
561660,平安中证通用航空主题ETF,指数型-股票,存续,2025-10-29,,2025-10-29,tushare_fund_basic,平安基金管理有限公司,,561660.SH,561660,True
561680,平安中证A500红利低波动ETF,指数型-股票,存续,2025-08-27,,2025-08-27,tushare_fund_basic,平安基金管理有限公司,,561680.SH,561680,True
561700,博时中证全指电力公用事业ETF,指数型-股票,存续,2022-07-01,,2022-07-01,tushare_fund_basic,博时基金管理有限公司,,561700.SH,561700,True
561710,博时中证疫苗与生物技术ETF,指数型-股票,清盘,2022-11-08,2024-09-20,2022-11-08,tushare_fund_basic,博时基金管理有限公司,2024-09-20,561710.SH,561710,True
561750,博时中证A50ETF,指数型-股票,存续,2025-05-22,,2025-05-22,tushare_fund_basic,博时基金管理有限公司,,561750.SH,561750,True
561760,博时中证油气资源ETF,指数型-股票,存续,2024-04-19,,2024-04-19,tushare_fund_basic,博时基金管理有限公司,,561760.SH,561760,True
561770,博时中证A100ETF,指数型-股票,存续,2025-06-16,,2025-06-16,tushare_fund_basic,博时基金管理有限公司,,561770.SH,561770,True
561780,博时中证1000增强策略ETF,指数型-股票,存续,2023-11-02,,2023-11-02,tushare_fund_basic,博时基金管理有限公司,,561780.SH,561780,True
561790,博时中证国新央企现代能源ETF,指数型-股票,存续,2023-07-27,,2023-07-27,tushare_fund_basic,博时基金管理有限公司,,561790.SH,561790,True
561800,华富中证稀有金属主题ETF,指数型-股票,存续,2021-08-11,,2021-08-11,tushare_fund_basic,华富基金管理有限公司,,561800.SH,561800,True
561870,华富中证全指自由现金流ETF,指数型-股票,存续,2025-04-29,,2025-04-29,tushare_fund_basic,华富基金管理有限公司,,561870.SH,561870,True
561880,华富中证A100ETF,指数型-股票,存续,2025-01-15,,2025-01-15,tushare_fund_basic,华富基金管理有限公司,,561880.SH,561880,True
561900,招商沪深300ESG基准ETF,指数型-股票,存续,2021-07-06,,2021-07-06,tushare_fund_basic,招商基金管理有限公司,,561900.SH,561900,True
561910,招商中证电池主题ETF,指数型-股票,存续,2021-08-04,,2021-08-04,tushare_fund_basic,招商基金管理有限公司,,561910.SH,561910,True
561920,招商中证疫苗与生物技术ETF,指数型-股票,存续,2023-03-15,,2023-03-15,tushare_fund_basic,招商基金管理有限公司,,561920.SH,561920,True
561930,招商沪深300ETF,指数型-股票,存续,2024-09-06,,2024-09-06,tushare_fund_basic,招商基金管理有限公司,,561930.SH,561930,True
561950,招商中证500增强策略ETF,指数型-股票,存续,2023-03-29,,2023-03-29,tushare_fund_basic,招商基金管理有限公司,,561950.SH,561950,True
561960,招商中证国新央企股东回报ETF,指数型-股票,存续,2023-05-24,,2023-05-24,tushare_fund_basic,招商基金管理有限公司,,561960.SH,561960,True
561980,招商中证半导体产业ETF,指数型-股票,存续,2023-08-21,,2023-08-21,tushare_fund_basic,招商基金管理有限公司,,561980.SH,561980,True
561990,招商沪深300增强策略ETF,指数型-股票,存续,2021-12-02,,2021-12-02,tushare_fund_basic,招商基金管理有限公司,,561990.SH,561990,True
562000,华宝中证A100ETF,指数型-股票,存续,2022-07-21,,2022-07-21,tushare_fund_basic,华宝基金管理有限公司,,562000.SH,562000,True
562010,华宝中证绿色能源ETF,指数型-股票,存续,2022-12-16,,2022-12-16,tushare_fund_basic,华宝基金管理有限公司,,562010.SH,562010,True
562030,华宝中证信息技术应用创新产业ETF,指数型-股票,存续,2023-09-26,,2023-09-26,tushare_fund_basic,华宝基金管理有限公司,,562030.SH,562030,True
562050,华宝中证制药ETF,指数型-股票,存续,2025-06-11,,2025-06-11,tushare_fund_basic,华宝基金管理有限公司,,562050.SH,562050,True
562060,华宝标普中国A股红利机会ETF,指数型-海外股票,存续,2023-12-08,,2023-12-08,tushare_fund_basic,华宝基金管理有限公司,,562060.SH,562060,True
562070,华宝沪深300增强策略ETF,指数型-股票,存续,2025-12-17,,2025-12-17,tushare_fund_basic,华宝基金管理有限公司,,562070.SH,562070,True
562080,华宝沪深300自由现金流ETF,指数型-股票,存续,2025-04-07,,2025-04-07,tushare_fund_basic,华宝基金管理有限公司,,562080.SH,562080,True
562260,海富通中证汽车零部件主题ETF,指数型-股票,清盘,2024-04-19,2025-07-28,2024-04-19,tushare_fund_basic,海富通基金管理有限公司,2025-07-28,562260.SH,562260,True
562300,银华中证内地低碳经济主题ETF,指数型-股票,存续,2021-12-20,,2021-12-20,tushare_fund_basic,银华基金管理股份有限公司,,562300.SH,562300,True
562310,银华沪深300成长ETF,指数型-股票,存续,2022-09-01,,2022-09-01,tushare_fund_basic,银华基金管理股份有限公司,,562310.SH,562310,True
562320,银华沪深300价值ETF,指数型-股票,存续,2022-12-29,,2022-12-29,tushare_fund_basic,银华基金管理股份有限公司,,562320.SH,562320,True
562330,银华中证500价值ETF,指数型-股票,存续,2023-04-07,,2023-04-07,tushare_fund_basic,银华基金管理股份有限公司,,562330.SH,562330,True
562340,银华中证500质量成长ETF,指数型-股票,存续,2024-04-25,,2024-04-25,tushare_fund_basic,银华基金管理股份有限公司,,562340.SH,562340,True
562350,银华中证全指电力公用事业ETF,指数型-股票,存续,2022-06-30,,2022-06-30,tushare_fund_basic,银华基金管理股份有限公司,,562350.SH,562350,True
562360,银华中证机器人ETF,指数型-股票,存续,2021-09-22,,2021-09-22,tushare_fund_basic,银华基金管理股份有限公司,,562360.SH,562360,True
562380,银华中证国新央企科技引领ETF,指数型-股票,存续,2023-06-26,,2023-06-26,tushare_fund_basic,银华基金管理股份有限公司,,562380.SH,562380,True
562390,银华中证中药ETF,指数型-股票,存续,2022-07-20,,2022-07-20,tushare_fund_basic,银华基金管理股份有限公司,,562390.SH,562390,True
562500,华夏中证机器人ETF,指数型-股票,存续,2021-12-17,,2021-12-17,tushare_fund_basic,华夏基金管理有限公司,,562500.SH,562500,True
562510,华夏中证旅游主题ETF,指数型-股票,存续,2021-12-21,,2021-12-21,tushare_fund_basic,华夏基金管理有限公司,,562510.SH,562510,True
562520,华夏中证智选1000成长创新策略ETF,指数型-股票,存续,2022-03-08,,2022-03-08,tushare_fund_basic,华夏基金管理有限公司,,562520.SH,562520,True
562530,华夏中证智选1000价值稳健策略ETF,指数型-股票,存续,2022-07-28,,2022-07-28,tushare_fund_basic,华夏基金管理有限公司,,562530.SH,562530,True
562550,华夏中证绿色电力ETF,指数型-股票,存续,2023-03-07,,2023-03-07,tushare_fund_basic,华夏基金管理有限公司,,562550.SH,562550,True
562560,华夏中证全指信息技术ETF,指数型-股票,存续,2024-03-27,,2024-03-27,tushare_fund_basic,华夏基金管理有限公司,,562560.SH,562560,True
562570,华夏中证信息技术应用创新产业ETF,指数型-股票,存续,2024-04-19,,2024-04-19,tushare_fund_basic,华夏基金管理有限公司,,562570.SH,562570,True
562580,华夏中证全指可选消费ETF,指数型-股票,存续,2024-03-18,,2024-03-18,tushare_fund_basic,华夏基金管理有限公司,,562580.SH,562580,True
562590,华夏中证半导体材料设备主题ETF,指数型-股票,存续,2023-10-09,,2023-10-09,tushare_fund_basic,华夏基金管理有限公司,,562590.SH,562590,True
562600,华夏中证全指医疗器械ETF,指数型-股票,存续,2023-11-23,,2023-11-23,tushare_fund_basic,华夏基金管理有限公司,,562600.SH,562600,True
562660,华夏中证2000ETF,指数型-股票,存续,2023-09-06,,2023-09-06,tushare_fund_basic,华夏基金管理有限公司,,562660.SH,562660,True
562700,华夏中证汽车零部件主题ETF,指数型-股票,存续,2024-05-06,,2024-05-06,tushare_fund_basic,华夏基金管理有限公司,,562700.SH,562700,True
562800,嘉实中证稀有金属主题ETF,指数型-股票,存续,2021-09-15,,2021-09-15,tushare_fund_basic,嘉实基金管理有限公司,,562800.SH,562800,True
562810,嘉实上证综合增强策略ETF,指数型-股票,存续,2025-03-05,,2025-03-05,tushare_fund_basic,嘉实基金管理有限公司,,562810.SH,562810,True
562820,嘉实中证全指集成电路ETF,指数型-股票,存续,2024-04-12,,2024-04-12,tushare_fund_basic,嘉实基金管理有限公司,,562820.SH,562820,True
562850,嘉实中证国新央企现代能源ETF,指数型-股票,存续,2023-07-27,,2023-07-27,tushare_fund_basic,嘉实基金管理有限公司,,562850.SH,562850,True
562860,嘉实中证疫苗与生物技术ETF,指数型-股票,存续,2023-02-16,,2023-02-16,tushare_fund_basic,嘉实基金管理有限公司,,562860.SH,562860,True
562870,嘉实中证全指证券公司ETF,指数型-股票,存续,2025-07-17,,2025-07-17,tushare_fund_basic,嘉实基金管理有限公司,,562870.SH,562870,True
562880,嘉实中证电池主题ETF,指数型-股票,存续,2021-07-13,,2021-07-13,tushare_fund_basic,嘉实基金管理有限公司,,562880.SH,562880,True
562890,嘉实中证A50ETF,指数型-股票,存续,2024-03-07,,2024-03-07,tushare_fund_basic,嘉实基金管理有限公司,,562890.SH,562890,True
562900,易方达中证现代农业主题ETF,指数型-股票,存续,2021-12-02,,2021-12-02,tushare_fund_basic,易方达基金管理有限公司,,562900.SH,562900,True
562910,易方达中证装备产业ETF,指数型-股票,存续,2021-12-29,,2021-12-29,tushare_fund_basic,易方达基金管理有限公司,,562910.SH,562910,True
562920,易方达中证信息安全主题ETF,指数型-股票,存续,2023-05-31,,2023-05-31,tushare_fund_basic,易方达基金管理有限公司,,562920.SH,562920,True
562930,易方达中证软件服务ETF,指数型-股票,存续,2023-05-22,,2023-05-22,tushare_fund_basic,易方达基金管理有限公司,,562930.SH,562930,True
562950,易方达中证消费电子主题ETF,指数型-股票,存续,2022-01-12,,2022-01-12,tushare_fund_basic,易方达基金管理有限公司,,562950.SH,562950,True
562960,易方达中证绿色电力ETF,指数型-股票,存续,2023-04-03,,2023-04-03,tushare_fund_basic,易方达基金管理有限公司,,562960.SH,562960,True
562970,易方达中证光伏产业ETF,指数型-股票,存续,2024-10-30,,2024-10-30,tushare_fund_basic,易方达基金管理有限公司,,562970.SH,562970,True
562990,易方达中证上海环交所碳中和ETF,指数型-股票,存续,2022-07-11,,2022-07-11,tushare_fund_basic,易方达基金管理有限公司,,562990.SH,562990,True
563000,易方达MSCI中国A50互联互通ETF,指数型-海外股票,存续,2021-10-29,,2021-10-29,tushare_fund_basic,易方达基金管理有限公司,,563000.SH,563000,True
563010,易方达中证电信主题ETF,指数型-股票,存续,2023-07-05,,2023-07-05,tushare_fund_basic,易方达基金管理有限公司,,563010.SH,563010,True
563020,易方达中证红利低波动ETF,指数型-股票,存续,2023-12-06,,2023-12-06,tushare_fund_basic,易方达基金管理有限公司,,563020.SH,563020,True
563030,易方达中证500增强策略ETF,指数型-股票,存续,2023-02-17,,2023-02-17,tushare_fund_basic,易方达基金管理有限公司,,563030.SH,563030,True
563050,易方达中证国新央企科技引领ETF,指数型-股票,存续,2023-06-21,,2023-06-21,tushare_fund_basic,易方达基金管理有限公司,,563050.SH,563050,True
563060,易方达中证国资央企50ETF,指数型-股票,存续,2025-05-08,,2025-05-08,tushare_fund_basic,易方达基金管理有限公司,,563060.SH,563060,True
563080,易方达中证A50ETF,指数型-股票,存续,2024-03-06,,2024-03-06,tushare_fund_basic,易方达基金管理有限公司,,563080.SH,563080,True
563090,易方达上证50增强策略ETF,指数型-股票,存续,2024-05-27,,2024-05-27,tushare_fund_basic,易方达基金管理有限公司,,563090.SH,563090,True
563150,银华中证油气资源ETF,指数型-股票,存续,2024-05-22,,2024-05-22,tushare_fund_basic,银华基金管理股份有限公司,,563150.SH,563150,True
563180,银华中证高股息策略ETF,指数型-股票,存续,2024-05-06,,2024-05-06,tushare_fund_basic,银华基金管理股份有限公司,,563180.SH,563180,True
563200,富国中证2000ETF,指数型-股票,存续,2023-09-28,,2023-09-28,tushare_fund_basic,富国基金管理有限公司,,563200.SH,563200,True
563210,富国恒生A股专精特新企业ETF,指数型-海外股票,存续,2025-01-16,,2025-01-16,tushare_fund_basic,富国基金管理有限公司,,563210.SH,563210,True
563220,富国中证A500ETF,指数型-股票,存续,2024-09-25,,2024-09-25,tushare_fund_basic,富国基金管理有限公司,,563220.SH,563220,True
563230,富国中证卫星产业ETF,指数型-股票,存续,2025-09-04,,2025-09-04,tushare_fund_basic,富国基金管理有限公司,,563230.SH,563230,True
563280,富国MSCI中国A50互联互通增强策略ETF,指数型-海外股票,存续,2024-04-01,,2024-04-01,tushare_fund_basic,富国基金管理有限公司,,563280.SH,563280,True
563300,华泰柏瑞中证2000ETF,指数型-股票,存续,2023-09-06,,2023-09-06,tushare_fund_basic,华泰柏瑞基金管理有限公司,,563300.SH,563300,True
563320,华泰柏瑞中证通用航空主题ETF,指数型-股票,存续,2025-08-25,,2025-08-25,tushare_fund_basic,华泰柏瑞基金管理有限公司,,563320.SH,563320,True
563330,华泰柏瑞中证A股ETF,指数型-股票,存续,2023-10-30,,2023-10-30,tushare_fund_basic,华泰柏瑞基金管理有限公司,,563330.SH,563330,True
563350,华泰柏瑞中证A50ETF,指数型-股票,存续,2024-03-06,,2024-03-06,tushare_fund_basic,华泰柏瑞基金管理有限公司,,563350.SH,563350,True
563360,华泰柏瑞中证A500ETF,指数型-股票,存续,2024-09-25,,2024-09-25,tushare_fund_basic,华泰柏瑞基金管理有限公司,,563360.SH,563360,True
563380,华泰柏瑞中证全指航空航天ETF,指数型-股票,存续,2025-10-29,,2025-10-29,tushare_fund_basic,华泰柏瑞基金管理有限公司,,563380.SH,563380,True
563390,华泰柏瑞中证全指自由现金流ETF,指数型-股票,存续,2025-04-23,,2025-04-23,tushare_fund_basic,华泰柏瑞基金管理有限公司,,563390.SH,563390,True
563500,华宝中证A500ETF,指数型-股票,存续,2024-11-22,,2024-11-22,tushare_fund_basic,华宝基金管理有限公司,,563500.SH,563500,True
563510,易方达中证A500红利低波动ETF,指数型-股票,存续,2025-11-17,,2025-11-17,tushare_fund_basic,易方达基金管理有限公司,,563510.SH,563510,True
563520,永赢沪深300ETF,指数型-股票,存续,2024-11-08,,2024-11-08,tushare_fund_basic,永赢基金管理有限公司,,563520.SH,515930,False
563530,易方达中证卫星产业ETF,指数型-股票,存续,2025-11-05,,2025-11-05,tushare_fund_basic,易方达基金管理有限公司,,563530.SH,563530,True
563550,摩根中证A500增强策略ETF,指数型-股票,存续,2025-05-08,,2025-05-08,tushare_fund_basic,摩根基金管理(中国)有限公司,,563550.SH,563550,True
563560,兴业中证科技优势成长50策略ETF,指数型-股票,存续,2026-02-04,,2026-02-04,tushare_fund_basic,兴业基金管理有限公司,,563560.SH,563560,True
563570,兴业中证金融科技主题ETF,指数型-股票,存续,2025-10-29,,2025-10-29,tushare_fund_basic,兴业基金管理有限公司,,563570.SH,563570,True
563580,万家中证800自由现金流ETF,指数型-股票,存续,2025-07-16,,2025-07-16,tushare_fund_basic,万家基金管理有限公司,,563580.SH,563580,True
563590,国寿安保中证A500红利低波动ETF,指数型-股票,存续,2025-10-27,,2025-10-27,tushare_fund_basic,国寿安保基金管理有限公司,,563590.SH,563590,True
563600,易方达中证A500增强策略ETF,指数型-股票,存续,2025-09-10,,2025-09-10,tushare_fund_basic,易方达基金管理有限公司,,563600.SH,563600,True
563620,兴业中证全指自由现金流ETF,指数型-股票,存续,2025-08-06,,2025-08-06,tushare_fund_basic,兴业基金管理有限公司,,563620.SH,563620,True
563630,国联安中证A500增强策略ETF,指数型-股票,存续,2025-06-19,,2025-06-19,tushare_fund_basic,国联安基金管理有限公司,,563630.SH,563630,True
563650,兴业中证A500ETF,指数型-股票,存续,2025-03-25,,2025-03-25,tushare_fund_basic,兴业基金管理有限公司,,563650.SH,563650,True
563660,银河中证A500ETF,指数型-股票,存续,2025-03-20,,2025-03-20,tushare_fund_basic,银河基金管理有限公司,,563660.SH,563660,True
563670,鹏华中证金融科技主题ETF,指数型-股票,存续,2025-09-26,,2025-09-26,tushare_fund_basic,鹏华基金管理有限公司,,563670.SH,563670,True
563680,汇添富中证800自由现金流ETF,指数型-股票,存续,2025-04-30,,2025-04-30,tushare_fund_basic,汇添富基金管理股份有限公司,,563680.SH,563680,True
563690,永赢中证红利低波动ETF,指数型-股票,存续,2025-09-23,,2025-09-23,tushare_fund_basic,永赢基金管理有限公司,,563690.SH,563690,True
563700,易方达中证红利价值ETF,指数型-股票,存续,2025-04-16,,2025-04-16,tushare_fund_basic,易方达基金管理有限公司,,563700.SH,563700,True
563750,汇添富中证500ETF,指数型-股票,存续,2025-10-22,,2025-10-22,tushare_fund_basic,汇添富基金管理股份有限公司,,563750.SH,563750,True
563760,中银中证全指自由现金流ETF,指数型-股票,存续,2025-05-21,,2025-05-21,tushare_fund_basic,中银基金管理有限公司,,563760.SH,563760,True
563770,招商中证全指自由现金流ETF,指数型-股票,存续,2025-05-08,,2025-05-08,tushare_fund_basic,招商基金管理有限公司,,563770.SH,563770,True
563780,方正富邦中证全指自由现金流ETF,指数型-股票,存续,2025-04-30,,2025-04-30,tushare_fund_basic,方正富邦基金管理有限公司,,563780.SH,563780,True
563790,鹏华中证卫星产业ETF,指数型-股票,存续,2025-12-18,,2025-12-18,tushare_fund_basic,鹏华基金管理有限公司,,563790.SH,563790,True
563800,广发中证A500ETF,指数型-股票,存续,2024-11-11,,2024-11-11,tushare_fund_basic,广发基金管理有限公司,,563800.SH,563800,True
563830,博时中证全指自由现金流ETF,指数型-股票,存续,2025-05-14,,2025-05-14,tushare_fund_basic,博时基金管理有限公司,,563830.SH,563830,True
563850,广发中证全指食品ETF,指数型-股票,存续,2025-12-10,,2025-12-10,tushare_fund_basic,广发基金管理有限公司,,563850.SH,563850,True
563860,海富通中证A500ETF,指数型-股票,存续,2025-01-22,,2025-01-22,tushare_fund_basic,海富通基金管理有限公司,,563860.SH,563860,True
563870,鹏华中证通用航空主题ETF,指数型-股票,存续,2025-12-31,,2025-12-31,tushare_fund_basic,鹏华基金管理有限公司,,563870.SH,563870,True
563880,汇添富中证A500ETF,指数型-股票,存续,2024-11-18,,2024-11-18,tushare_fund_basic,汇添富基金管理股份有限公司,,563880.SH,563880,True
563890,创金合信中证国有企业红利ETF,指数型-股票,存续,2025-09-24,,2025-09-24,tushare_fund_basic,创金合信基金管理有限公司,,563890.SH,563890,True
563900,摩根沪深300自由现金流ETF,指数型-股票,存续,2025-04-24,,2025-04-24,tushare_fund_basic,摩根基金管理(中国)有限公司,,563900.SH,563900,True
563930,招商上证综合增强策略ETF,指数型-股票,存续,2025-12-25,,2025-12-25,tushare_fund_basic,招商基金管理有限公司,,563930.SH,563930,True
563960,兴全沪深300质量ETF,指数型-股票,存续,2025-12-05,,2025-12-05,tushare_fund_basic,兴证全球基金管理有限公司,,563960.SH,563960,True
563980,鑫元中证800红利低波动ETF,指数型-股票,存续,2025-10-24,,2025-10-24,tushare_fund_basic,鑫元基金管理有限公司,,563980.SH,563980,True
563990,富国中证800自由现金流ETF,指数型-股票,存续,2025-04-16,,2025-04-16,tushare_fund_basic,富国基金管理有限公司,,563990.SH,563990,True
588000,华夏上证科创板50成份ETF,指数型-股票,存续,2020-09-28,,2020-09-28,tushare_fund_basic,华夏基金管理有限公司,,588000.SH,588000,True
588010,博时上证科创板新材料ETF,指数型-股票,存续,2022-09-30,,2022-09-30,tushare_fund_basic,博时基金管理有限公司,,588010.SH,588010,True
588020,易方达上证科创板成长ETF,指数型-股票,存续,2023-08-23,,2023-08-23,tushare_fund_basic,易方达基金管理有限公司,,588020.SH,588020,True
588030,博时上证科创板100ETF,指数型-股票,存续,2023-09-06,,2023-09-06,tushare_fund_basic,博时基金管理有限公司,,588030.SH,588030,True
588040,鹏华上证科创板50成份ETF,指数型-股票,存续,2025-04-03,,2025-04-03,tushare_fund_basic,鹏华基金管理有限公司,,588040.SH,588040,True
588050,工银瑞信上证科创板50成份ETF,指数型-股票,存续,2020-09-28,,2020-09-28,tushare_fund_basic,工银瑞信基金管理有限公司,,588050.SH,588050,True
588060,广发上证科创板50成份ETF,指数型-股票,存续,2021-07-15,,2021-07-15,tushare_fund_basic,广发基金管理有限公司,,588060.SH,588060,True
588070,万家上证科创板成长ETF,指数型-股票,存续,2024-11-06,,2024-11-06,tushare_fund_basic,万家基金管理有限公司,,588070.SH,588070,True
588080,易方达上证科创板50成份ETF,指数型-股票,存续,2020-09-28,,2020-09-28,tushare_fund_basic,易方达基金管理有限公司,,588080.SH,588080,True
588090,华泰柏瑞上证科创板50成份ETF,指数型-股票,存续,2020-09-28,,2020-09-28,tushare_fund_basic,华泰柏瑞基金管理有限公司,,588090.SH,588090,True
588100,嘉实上证科创板新一代信息技术ETF,指数型-股票,存续,2022-05-18,,2022-05-18,tushare_fund_basic,嘉实基金管理有限公司,,588100.SH,588100,True
588110,广发上证科创板成长ETF,指数型-股票,存续,2023-08-23,,2023-08-23,tushare_fund_basic,广发基金管理有限公司,,588110.SH,588110,True
588120,国泰上证科创板100ETF,指数型-股票,存续,2023-09-06,,2023-09-06,tushare_fund_basic,国泰基金管理有限公司,,588120.SH,588120,True
588130,华夏上证科创板生物医药ETF,指数型-股票,存续,2025-05-14,,2025-05-14,tushare_fund_basic,华夏基金管理有限公司,,588130.SH,588130,True
588140,广发上证科创板200ETF,指数型-股票,存续,2025-09-26,,2025-09-26,tushare_fund_basic,广发基金管理有限公司,,588140.SH,588140,True
588150,南方上证科创板50成份ETF,指数型-股票,存续,2021-12-10,,2021-12-10,tushare_fund_basic,南方基金管理股份有限公司,,588150.SH,588150,True
588160,南方上证科创板新材料ETF,指数型-股票,存续,2022-09-30,,2022-09-30,tushare_fund_basic,南方基金管理股份有限公司,,588160.SH,588160,True
588170,华夏上证科创板半导体材料设备主题ETF,指数型-股票,存续,2025-03-24,,2025-03-24,tushare_fund_basic,华夏基金管理有限公司,,588170.SH,588170,True
588180,国联安上证科创板50成份ETF,指数型-股票,存续,2021-06-24,,2021-06-24,tushare_fund_basic,国联安基金管理有限公司,,588180.SH,588180,True
588190,银华上证科创板100ETF,指数型-股票,存续,2023-09-06,,2023-09-06,tushare_fund_basic,银华基金管理股份有限公司,,588190.SH,588190,True
588200,嘉实上证科创板芯片ETF,指数型-股票,存续,2022-09-30,,2022-09-30,tushare_fund_basic,嘉实基金管理有限公司,,588200.SH,588200,True
588210,易方达上证科创板100ETF,指数型-股票,存续,2023-11-08,,2023-11-08,tushare_fund_basic,易方达基金管理有限公司,,588210.SH,588210,True
588220,鹏华上证科创板100ETF,指数型-股票,存续,2023-09-06,,2023-09-06,tushare_fund_basic,鹏华基金管理有限公司,,588220.SH,588220,True
588230,华泰柏瑞上证科创板200ETF,指数型-股票,存续,2024-12-16,,2024-12-16,tushare_fund_basic,华泰柏瑞基金管理有限公司,,588230.SH,588230,True
588240,鹏华上证科创板200ETF,指数型-股票,存续,2025-02-13,,2025-02-13,tushare_fund_basic,鹏华基金管理有限公司,,588240.SH,588240,True
588250,鹏华上证科创板生物医药ETF,指数型-股票,存续,2025-03-12,,2025-03-12,tushare_fund_basic,鹏华基金管理有限公司,,588250.SH,588250,True
588260,华安上证科创板新一代信息技术ETF,指数型-股票,存续,2022-05-18,,2022-05-18,tushare_fund_basic,华安基金管理有限公司,,588260.SH,588260,True
588270,易方达上证科创板200ETF,指数型-股票,存续,2025-06-05,,2025-06-05,tushare_fund_basic,易方达基金管理有限公司,,588270.SH,588270,True
588280,华安上证科创板50成份ETF,指数型-股票,存续,2021-10-12,,2021-10-12,tushare_fund_basic,华安基金管理有限公司,,588280.SH,588280,True
588290,华安上证科创板芯片ETF,指数型-股票,存续,2022-09-30,,2022-09-30,tushare_fund_basic,华安基金管理有限公司,,588290.SH,588290,True
588300,招商中证科创创业50ETF,指数型-股票,存续,2021-06-25,,2021-06-25,tushare_fund_basic,招商基金管理有限公司,,588300.SH,588300,True
588310,方正富邦中证科创创业50ETF,指数型-股票,存续,2021-11-22,,2021-11-22,tushare_fund_basic,方正富邦基金管理有限公司,,588310.SH,588310,True
588320,广发中证科创创业50增强策略ETF,指数型-股票,存续,2022-12-28,,2022-12-28,tushare_fund_basic,广发基金管理有限公司,,588320.SH,588320,True
588330,华宝中证科创创业50ETF,指数型-股票,存续,2021-06-29,,2021-06-29,tushare_fund_basic,华宝基金管理有限公司,,588330.SH,588330,True
588350,鹏扬中证科创创业50ETF,指数型-股票,存续,2022-10-26,,2022-10-26,tushare_fund_basic,鹏扬基金管理有限公司,,588350.SH,588350,True
588360,国泰中证科创创业50ETF,指数型-股票,存续,2021-06-29,,2021-06-29,tushare_fund_basic,国泰基金管理有限公司,,588360.SH,588360,True
588370,南方上证科创板50成份增强策略ETF,指数型-股票,存续,2022-12-01,,2022-12-01,tushare_fund_basic,南方基金管理股份有限公司,,588370.SH,588370,True
588380,富国中证科创创业50ETF,指数型-股票,存续,2021-06-29,,2021-06-29,tushare_fund_basic,富国基金管理有限公司,,588380.SH,588380,True
588390,博时中证科创创业50ETF,指数型-股票,存续,2021-08-19,,2021-08-19,tushare_fund_basic,博时基金管理有限公司,,588390.SH,588390,True
588400,嘉实中证科创创业50ETF,指数型-股票,存续,2021-06-25,,2021-06-25,tushare_fund_basic,嘉实基金管理有限公司,,588400.SH,588400,True
588410,鹏华中证科创创业人工智能ETF,指数型-股票,存续,2025-12-17,,2025-12-17,tushare_fund_basic,鹏华基金管理有限公司,,588410.SH,588410,True
588420,摩根中证科创创业人工智能ETF,指数型-股票,存续,2025-12-17,,2025-12-17,tushare_fund_basic,摩根基金管理(中国)有限公司,,588420.SH,588420,True
588430,工银瑞信中证科创创业人工智能ETF,指数型-股票,存续,2025-12-17,,2025-12-17,tushare_fund_basic,工银瑞信基金管理有限公司,,588430.SH,588430,True
588450,招商上证科创板50成份增强策略ETF,指数型-股票,存续,2024-05-06,,2024-05-06,tushare_fund_basic,招商基金管理有限公司,,588450.SH,588450,True
588460,鹏华上证科创板50成份增强策略ETF,指数型-股票,存续,2022-12-01,,2022-12-01,tushare_fund_basic,鹏华基金管理有限公司,,588460.SH,588460,True
588500,易方达上证科创板100增强策略ETF,指数型-股票,存续,2024-06-27,,2024-06-27,tushare_fund_basic,易方达基金管理有限公司,,588500.SH,588500,True
588520,永赢上证科创板综合价格增强策略ETF,指数型-股票,存续,2025-06-27,,2025-06-27,tushare_fund_basic,永赢基金管理有限公司,,588520.SH,588520,True
588550,易方达上证科创板综合增强策略ETF,指数型-股票,存续,2025-08-27,,2025-08-27,tushare_fund_basic,易方达基金管理有限公司,,588550.SH,588550,True
588660,兴银中证科创创业50ETF,指数型-股票,存续,2025-02-28,,2025-02-28,tushare_fund_basic,兴银基金管理有限责任公司,,588660.SH,588660,True
588670,嘉实上证科创板综合增强策略ETF,指数型-股票,存续,2025-06-05,,2025-06-05,tushare_fund_basic,嘉实基金管理有限公司,,588670.SH,588670,True
588680,广发上证科创板100增强策略ETF,指数型-股票,存续,2024-06-27,,2024-06-27,tushare_fund_basic,广发基金管理有限公司,,588680.SH,588680,True
588690,银华上证科创板综合增强策略ETF,指数型-股票,存续,2025-08-20,,2025-08-20,tushare_fund_basic,银华基金管理股份有限公司,,588690.SH,588690,True
588700,嘉实上证科创板生物医药ETF,指数型-股票,存续,2023-12-27,,2023-12-27,tushare_fund_basic,嘉实基金管理有限公司,,588700.SH,588700,True
588710,华泰柏瑞上证科创板半导体材料设备主题ETF,指数型-股票,存续,2025-05-26,,2025-05-26,tushare_fund_basic,华泰柏瑞基金管理有限公司,,588710.SH,588710,True
588720,中银上证科创板50成份ETF,指数型-股票,存续,2025-03-27,,2025-03-27,tushare_fund_basic,中银基金管理有限公司,,588720.SH,588720,True
588730,易方达上证科创板人工智能ETF,指数型-股票,存续,2025-01-16,,2025-01-16,tushare_fund_basic,易方达基金管理有限公司,,588730.SH,588730,True
588750,汇添富上证科创板芯片ETF,指数型-股票,存续,2024-12-18,,2024-12-18,tushare_fund_basic,汇添富基金管理股份有限公司,,588750.SH,588750,True
588760,广发上证科创板人工智能ETF,指数型-股票,存续,2025-01-15,,2025-01-15,tushare_fund_basic,广发基金管理有限公司,,588760.SH,588760,True
588770,摩根上证科创板新一代信息技术ETF,指数型-股票,存续,2025-03-14,,2025-03-14,tushare_fund_basic,摩根基金管理(中国)有限公司,,588770.SH,588770,True
588780,国联安上证科创板芯片设计主题ETF,指数型-股票,存续,2024-12-11,,2024-12-11,tushare_fund_basic,国联安基金管理有限公司,,588780.SH,588780,True
588790,博时上证科创板人工智能ETF,指数型-股票,存续,2024-12-31,,2024-12-31,tushare_fund_basic,博时基金管理有限公司,,588790.SH,588790,True
588800,华夏上证科创板100ETF,指数型-股票,存续,2023-11-08,,2023-11-08,tushare_fund_basic,华夏基金管理有限公司,,588800.SH,588800,True
588810,富国上证科创板芯片ETF,指数型-股票,存续,2024-12-30,,2024-12-30,tushare_fund_basic,富国基金管理有限公司,,588810.SH,588810,True
588820,华夏上证科创板200ETF,指数型-股票,存续,2024-12-23,,2024-12-23,tushare_fund_basic,华夏基金管理有限公司,,588820.SH,588820,True
588830,鹏华上证科创板新能源ETF,指数型-股票,存续,2024-07-31,,2024-07-31,tushare_fund_basic,鹏华基金管理有限公司,,588830.SH,588830,True
588840,万家上证科创板50成份ETF,指数型-股票,存续,2025-02-26,,2025-02-26,tushare_fund_basic,万家基金管理有限公司,,588840.SH,588840,True
588850,嘉实上证科创板工业机械ETF,指数型-股票,存续,2025-04-16,,2025-04-16,tushare_fund_basic,嘉实基金管理有限公司,,588850.SH,588850,True
588860,工银瑞信上证科创板生物医药ETF,指数型-股票,存续,2024-08-08,,2024-08-08,tushare_fund_basic,工银瑞信基金管理有限公司,,588860.SH,588860,True
588870,汇添富上证科创板50成份ETF,指数型-股票,存续,2025-01-20,,2025-01-20,tushare_fund_basic,汇添富基金管理股份有限公司,,588870.SH,588870,True
588880,华泰柏瑞上证科创板100ETF,指数型-股票,存续,2023-11-08,,2023-11-08,tushare_fund_basic,华泰柏瑞基金管理有限公司,,588880.SH,588880,True
588890,南方上证科创板芯片ETF,指数型-股票,存续,2024-04-15,,2024-04-15,tushare_fund_basic,南方基金管理股份有限公司,,588890.SH,588890,True
588900,南方上证科创板100ETF,指数型-股票,存续,2023-12-08,,2023-12-08,tushare_fund_basic,南方基金管理股份有限公司,,588900.SH,588900,True
588910,建信上证智选科创板创新价值ETF,指数型-股票,存续,2025-03-20,,2025-03-20,tushare_fund_basic,建信基金管理有限责任公司,,588910.SH,588910,True
588920,鹏华上证科创板芯片ETF,指数型-股票,存续,2025-07-16,,2025-07-16,tushare_fund_basic,鹏华基金管理有限公司,,588920.SH,588920,True
588930,银华上证科创板人工智能ETF,指数型-股票,存续,2025-01-06,,2025-01-06,tushare_fund_basic,银华基金管理股份有限公司,,588930.SH,588930,True
588940,富国上证科创板50成份ETF,指数型-股票,存续,2025-05-21,,2025-05-21,tushare_fund_basic,富国基金管理有限公司,,588940.SH,588940,True
588950,景顺长城上证科创板50成份ETF,指数型-股票,存续,2025-01-15,,2025-01-15,tushare_fund_basic,景顺长城基金管理有限公司,,588950.SH,588950,True
588960,富国上证科创板新能源ETF,指数型-股票,存续,2025-02-06,,2025-02-06,tushare_fund_basic,富国基金管理有限公司,,588960.SH,588960,True
588980,广发上证科创板100ETF,指数型-股票,存续,2025-07-23,,2025-07-23,tushare_fund_basic,广发基金管理有限公司,,588980.SH,588980,True
588990,博时上证科创板芯片ETF,指数型-股票,存续,2024-08-08,,2024-08-08,tushare_fund_basic,博时基金管理有限公司,,588990.SH,588990,True
589000,华夏上证科创板综合ETF,指数型-股票,存续,2025-02-26,,2025-02-26,tushare_fund_basic,华夏基金管理有限公司,,589000.SH,589000,True
589010,华夏上证科创板人工智能ETF,指数型-股票,存续,2025-03-26,,2025-03-26,tushare_fund_basic,华夏基金管理有限公司,,589010.SH,589010,True
589020,鹏华上证科创板半导体材料设备主题ETF,指数型-股票,存续,2025-08-27,,2025-08-27,tushare_fund_basic,鹏华基金管理有限公司,,589020.SH,589020,True
589030,易方达上证科创板芯片设计主题ETF,指数型-股票,存续,2025-12-31,,2025-12-31,tushare_fund_basic,易方达基金管理有限公司,,589030.SH,589030,True
589050,兴业上证科创板综合价格ETF,指数型-股票,存续,2025-07-30,,2025-07-30,tushare_fund_basic,兴业基金管理有限公司,,589050.SH,589050,True
589060,东财上证科创板综合价格ETF,指数型-股票,存续,2025-03-19,,2025-03-19,tushare_fund_basic,东财基金管理有限公司,,589060.SH,589060,True
589070,天弘上证科创板芯片设计主题ETF,指数型-股票,存续,2026-01-15,,2026-01-15,tushare_fund_basic,天弘基金管理有限公司,,589070.SH,589070,True
589080,汇添富上证科创板综合ETF,指数型-股票,存续,2025-02-26,,2025-02-26,tushare_fund_basic,汇添富基金管理股份有限公司,,589080.SH,589080,True
589090,鹏华上证科创板人工智能ETF,指数型-股票,存续,2025-08-13,,2025-08-13,tushare_fund_basic,鹏华基金管理有限公司,,589090.SH,589090,True
589100,国泰上证科创板芯片ETF,指数型-股票,存续,2025-03-26,,2025-03-26,tushare_fund_basic,国泰基金管理有限公司,,589100.SH,589100,True
589110,国泰上证科创板人工智能ETF,指数型-股票,存续,2025-09-26,,2025-09-26,tushare_fund_basic,国泰基金管理有限公司,,589110.SH,589110,True
589120,汇添富上证科创板创新药ETF,指数型-股票,存续,2025-09-10,,2025-09-10,tushare_fund_basic,汇添富基金管理股份有限公司,,589120.SH,589120,True
589130,易方达上证科创板芯片ETF,指数型-股票,存续,2025-12-29,,2025-12-29,tushare_fund_basic,易方达基金管理有限公司,,589130.SH,589130,True
589150,平安上证科创板50成份ETF,指数型-股票,存续,2025-12-17,,2025-12-17,tushare_fund_basic,平安基金管理有限公司,,589150.SH,589150,True
589160,广发上证科创板芯片ETF,指数型-股票,存续,2026-01-21,,2026-01-21,tushare_fund_basic,广发基金管理有限公司,,589160.SH,589160,True
589170,鹏华上证科创板芯片设计主题ETF,指数型-股票,存续,2026-01-28,,2026-01-28,tushare_fund_basic,鹏华基金管理有限公司,,589170.SH,589170,True
589180,汇添富上证科创板新材料ETF,指数型-股票,存续,2025-06-05,,2025-06-05,tushare_fund_basic,汇添富基金管理股份有限公司,,589180.SH,589180,True
589190,华宝上证科创板芯片ETF,指数型-股票,存续,2026-01-19,,2026-01-19,tushare_fund_basic,华宝基金管理有限公司,,589190.SH,589190,True
589200,工银瑞信上证科创板200ETF,指数型-股票,存续,2025-07-23,,2025-07-23,tushare_fund_basic,工银瑞信基金管理有限公司,,589200.SH,589200,True
589210,广发上证科创板芯片设计主题ETF,指数型-股票,存续,2025-12-11,,2025-12-11,tushare_fund_basic,广发基金管理有限公司,,589210.SH,589210,True
589220,国泰上证科创板200ETF,指数型-股票,存续,2026-01-16,,2026-01-16,tushare_fund_basic,国泰基金管理有限公司,,589220.SH,589220,True
589230,南方上证科创板人工智能ETF,指数型-股票,存续,2026-01-16,,2026-01-16,tushare_fund_basic,南方基金管理股份有限公司,,589230.SH,589230,True
589250,浦银安盛上证科创板芯片设计主题ETF,指数型-股票,存续,2026-03-18,,2026-03-18,tushare_fund_basic,浦银安盛基金,,589250.OF,589250,True
589260,国泰上证科创板芯片设计主题ETF,指数型-股票,存续,2026-03-25,,2026-03-25,tushare_fund_basic,国泰基金,,589260.OF,589260,True
589300,嘉实上证科创板综合ETF,指数型-股票,存续,2025-04-09,,2025-04-09,tushare_fund_basic,嘉实基金管理有限公司,,589300.SH,589300,True
589380,富国上证科创板人工智能ETF,指数型-股票,存续,2025-06-20,,2025-06-20,tushare_fund_basic,富国基金管理有限公司,,589380.SH,589380,True
589500,工银瑞信上证科创板综合价格ETF,指数型-股票,存续,2025-02-24,,2025-02-24,tushare_fund_basic,工银瑞信基金管理有限公司,,589500.SH,589500,True
589520,华宝上证科创板人工智能ETF,指数型-股票,存续,2025-03-05,,2025-03-05,tushare_fund_basic,华宝基金管理有限公司,,589520.SH,589520,True
589550,华夏上证智选科创板价值50策略ETF,指数型-股票,存续,2025-07-16,,2025-07-16,tushare_fund_basic,华夏基金管理有限公司,,589550.SH,589550,True
589560,汇添富上证科创板人工智能ETF,指数型-股票,存续,2025-08-25,,2025-08-25,tushare_fund_basic,汇添富基金管理股份有限公司,,589560.SH,589560,True
589580,兴银上证科创板综合价格ETF,指数型-股票,存续,2025-05-27,,2025-05-27,tushare_fund_basic,兴银基金管理有限责任公司,,589580.SH,589580,True
589600,富国上证科创板综合价格ETF,指数型-股票,存续,2025-02-28,,2025-02-28,tushare_fund_basic,富国基金管理有限公司,,589600.SH,589600,True
589630,国泰上证科创板综合ETF,指数型-股票,存续,2025-03-04,,2025-03-04,tushare_fund_basic,国泰基金管理有限公司,,589630.SH,589630,True
589660,南方上证科创板综合ETF,指数型-股票,存续,2025-02-26,,2025-02-26,tushare_fund_basic,南方基金管理股份有限公司,,589660.SH,589660,True
589680,鹏华上证科创板综合ETF,指数型-股票,存续,2025-02-26,,2025-02-26,tushare_fund_basic,鹏华基金管理有限公司,,589680.SH,589680,True
589700,南方上证科创板成长ETF,指数型-股票,存续,2025-05-21,,2025-05-21,tushare_fund_basic,南方基金管理股份有限公司,,589700.SH,589700,True
589720,国泰上证科创板创新药ETF,指数型-股票,存续,2025-07-23,,2025-07-23,tushare_fund_basic,国泰基金管理有限公司,,589720.SH,589720,True
589770,招商上证科创板综合ETF,指数型-股票,存续,2025-02-26,,2025-02-26,tushare_fund_basic,招商基金管理有限公司,,589770.SH,589770,True
589780,富国上证科创板200ETF,指数型-股票,存续,2025-09-17,,2025-09-17,tushare_fund_basic,富国基金管理有限公司,,589780.SH,589780,True
589800,易方达上证科创板综合ETF,指数型-股票,存续,2025-02-25,,2025-02-25,tushare_fund_basic,易方达基金管理有限公司,,589800.SH,589800,True
589820,建信上证科创板200ETF,指数型-股票,存续,2025-08-27,,2025-08-27,tushare_fund_basic,建信基金管理有限责任公司,,589820.SH,589820,True
589850,东财上证科创板50成份ETF,指数型-股票,存续,2025-08-01,,2025-08-01,tushare_fund_basic,东财基金管理有限公司,,589850.SH,589850,True
589860,天弘上证科创板综合ETF,指数型-股票,存续,2025-02-26,,2025-02-26,tushare_fund_basic,天弘基金管理有限公司,,589860.SH,589860,True
589880,建信上证科创板综合ETF,指数型-股票,存续,2025-02-20,,2025-02-20,tushare_fund_basic,建信基金管理有限责任公司,,589880.SH,589880,True
589890,景顺长城上证科创板综合价格ETF,指数型-股票,存续,2025-02-26,,2025-02-26,tushare_fund_basic,景顺长城基金管理有限公司,,589890.SH,589890,True
589900,博时上证科创板综合ETF,指数型-股票,存续,2025-02-26,,2025-02-26,tushare_fund_basic,博时基金管理有限公司,,589900.SH,589900,True
589950,富国上证科创板100ETF,指数型-股票,存续,2025-09-29,,2025-09-29,tushare_fund_basic,富国基金管理有限公司,,589950.SH,589950,True
589960,易方达上证科创板新能源ETF,指数型-股票,存续,2025-09-10,,2025-09-10,tushare_fund_basic,易方达基金管理有限公司,,589960.SH,589960,True
589980,汇添富上证科创板100ETF,指数型-股票,存续,2025-04-25,,2025-04-25,tushare_fund_basic,汇添富基金管理股份有限公司,,589980.SH,589980,True
589990,华泰柏瑞上证科创板综合ETF,指数型-股票,存续,2025-02-26,,2025-02-26,tushare_fund_basic,华泰柏瑞基金管理有限公司,,589990.SH,589990,True
5900071,中邮上证380指数增强,股票型,清盘,2011-11-22,2019-12-24,2011-11-22,tushare_fund_basic,中邮创业基金管理股份有限公司,2019-12-24,5900071.OF,5900071,True
660014,农银汇理深证100指数增强,指数型-股票,清盘,2012-09-04,2017-08-25,2012-09-04,tushare_fund_basic,农银汇理基金管理有限公司,2017-08-25,660014.OF,660014,True
673020,西部利得成长精选灵活配置混合,混合型-灵活,清盘,2015-06-02,2025-10-19,2015-06-02,tushare_fund_basic,西部利得基金管理有限公司,2025-10-19,673020.OF,673020,True
673090,西部利得个股精选股票-A,股票型,清盘,2017-01-23,2025-08-15,2017-01-23,tushare_fund_basic,西部利得基金管理有限公司,2025-08-15,673090.OF,673090,True
850007,海通智选一年持有期股票-B,股票型,清盘,2022-08-19,2025-08-18,2022-08-19,tushare_fund_basic,上海海通证券资产管理有限公司,2025-08-18,850007.OF,850007,True
850788,海通智选一年持有期股票-A,股票型,清盘,2022-08-19,2025-08-18,2022-08-19,tushare_fund_basic,上海海通证券资产管理有限公司,2025-08-18,850788.OF,850788,True
850799,海通智选一年持有期股票-C,股票型,清盘,2022-08-19,2025-08-18,2022-08-19,tushare_fund_basic,上海海通证券资产管理有限公司,2025-08-18,850799.OF,850788,False
860010,光大阳光对冲策略6个月持有期灵活配置混合-A,混合型-灵活,清盘,2020-03-25,2025-11-30,2020-03-25,tushare_fund_basic,上海光大证券资产管理有限公司,2025-11-30,860010.OF,860010,True
860028,光大阳光对冲策略6个月持有期灵活配置混合-B,混合型-灵活,清盘,2020-03-25,2025-11-30,2020-03-25,tushare_fund_basic,上海光大证券资产管理有限公司,2025-11-30,860028.OF,860028,True
860029,光大阳光对冲策略6个月持有期灵活配置混合-C,混合型-灵活,清盘,2020-03-25,2025-11-30,2020-03-25,tushare_fund_basic,上海光大证券资产管理有限公司,2025-11-30,860029.OF,860010,False
870017,广发资管消费精选灵活配置混合,混合型-灵活,清盘,2019-11-12,2025-12-24,2019-11-12,tushare_fund_basic,广发证券资产管理(广东)有限公司,2025-12-24,870017.OF,870017,True
871003,广发资管价值增长灵活配置混合,混合型-灵活,清盘,2020-05-07,2025-12-24,2020-05-07,tushare_fund_basic,广发证券资产管理(广东)有限公司,2025-12-24,871003.OF,871003,True
900029,中信证券量化优选股票-A,股票型,清盘,2020-05-22,2025-07-21,2020-05-22,tushare_fund_basic,中信证券资产管理有限公司,2025-07-21,900029.OF,900029,True
900030,中信证券量化优选股票-C,股票型,清盘,2020-05-22,2025-07-21,2020-05-22,tushare_fund_basic,中信证券资产管理有限公司,2025-07-21,900030.OF,900029,False
920002,中金精选股票-A,股票型,清盘,2020-08-04,2025-06-29,2020-08-04,tushare_fund_basic,中国国际金融股份有限公司,2025-06-29,920002.OF,920002,True
920003,中金新锐股票-A,股票型,清盘,2020-04-07,2025-06-29,2020-04-07,tushare_fund_basic,中国国际金融股份有限公司,2025-06-29,920003.OF,920003,True
920008,中金进取回报灵活配置混合-A,混合型-灵活,清盘,2020-12-24,2025-11-02,2020-12-24,tushare_fund_basic,中国国际金融股份有限公司,2025-11-02,920008.OF,920008,True
920011,中金安心回报灵活配置混合-A,混合型-灵活,清盘,2020-04-30,2025-11-16,2020-04-30,tushare_fund_basic,中国国际金融股份有限公司,2025-11-16,920011.OF,920011,True
920012,中金汇越量化对冲策略3个月定开灵活配置混合-A,混合型-灵活,清盘,2020-09-17,2022-08-11,2020-09-17,tushare_fund_basic,中国国际金融股份有限公司,2022-08-11,920012.OF,920012,True
920921,中金安心回报灵活配置混合-C,混合型-灵活,清盘,2020-04-30,2025-11-16,2020-04-30,tushare_fund_basic,中国国际金融股份有限公司,2025-11-16,920921.OF,920011,False
920922,中金精选股票-C,股票型,清盘,2020-08-04,2025-06-29,2020-08-04,tushare_fund_basic,中国国际金融股份有限公司,2025-06-29,920922.OF,920002,False
920923,中金新锐股票-C,股票型,清盘,2020-04-07,2025-06-29,2020-04-07,tushare_fund_basic,中国国际金融股份有限公司,2025-06-29,920923.OF,920003,False
920926,中金汇越量化对冲策略3个月定开灵活配置混合-C,混合型-灵活,清盘,2020-09-17,2022-08-11,2020-09-17,tushare_fund_basic,中国国际金融股份有限公司,2022-08-11,920926.OF,920012,False
920928,中金进取回报灵活配置混合-C,混合型-灵活,清盘,2020-12-24,2025-11-02,2020-12-24,tushare_fund_basic,中国国际金融股份有限公司,2025-11-02,920928.OF,920008,False
970006,华安证券汇赢增利一年持有期灵活配置混合-A,混合型-灵活,清盘,2020-07-15,2025-10-19,2020-07-15,tushare_fund_basic,华安证券资产管理有限公司,2025-10-19,970006.OF,970006,True
970007,华安证券汇赢增利一年持有期灵活配置混合-B,混合型-灵活,清盘,2020-07-15,2025-10-19,2020-07-15,tushare_fund_basic,华安证券资产管理有限公司,2025-10-19,970007.OF,970007,True
970008,华安证券汇赢增利一年持有期灵活配置混合-C,混合型-灵活,清盘,2020-07-15,2025-10-19,2020-07-15,tushare_fund_basic,华安证券资产管理有限公司,2025-10-19,970008.OF,970006,False
970015,申万宏源红利成长灵活配置混合,混合型-灵活,清盘,2021-01-19,2025-06-27,2021-01-19,tushare_fund_basic,申万宏源证券资产管理有限公司,2025-06-27,970015.OF,970015,True
970020,信达价值精选一年持有期灵活配置混合-A,混合型-灵活,清盘,2021-03-01,2025-06-30,2021-03-01,tushare_fund_basic,信达证券股份有限公司,2025-06-30,970020.OF,970020,True
970021,信达价值精选一年持有期灵活配置混合-B,混合型-灵活,清盘,2021-03-01,2025-06-30,2021-03-01,tushare_fund_basic,信达证券股份有限公司,2025-06-30,970021.OF,970021,True
970032,东海证券海睿进取灵活配置混合-A,混合型-灵活,清盘,2021-06-07,2025-09-14,2021-06-07,tushare_fund_basic,东海证券股份有限公司,2025-09-14,970032.OF,970032,True
970033,东海证券海睿进取灵活配置混合-B,混合型-灵活,清盘,2021-06-07,2025-09-14,2021-06-07,tushare_fund_basic,东海证券股份有限公司,2025-09-14,970033.OF,970033,True
970041,国海证券量化优选一年持有期股票-A,股票型,清盘,2021-08-23,2025-02-21,2021-08-23,tushare_fund_basic,国海证券股份有限公司,2025-02-21,970041.OF,970041,True
970042,国海证券量化优选一年持有期股票-C,股票型,清盘,2021-08-23,2025-02-21,2021-08-23,tushare_fund_basic,国海证券股份有限公司,2025-02-21,970042.OF,970041,False
970043,东吴裕盈一年持有期灵活配置混合-A,混合型-灵活,清盘,2021-08-27,2025-07-14,2021-08-27,tushare_fund_basic,东吴证券股份有限公司,2025-07-14,970043.OF,970043,True
970044,东吴裕盈一年持有期灵活配置混合-B,混合型-灵活,清盘,2021-08-27,2025-07-14,2021-08-27,tushare_fund_basic,东吴证券股份有限公司,2025-07-14,970044.OF,970044,True
970045,东吴裕盈一年持有期灵活配置混合-C,混合型-灵活,清盘,2021-08-27,2025-07-14,2021-08-27,tushare_fund_basic,东吴证券股份有限公司,2025-07-14,970045.OF,970043,False
970048,东海证券海睿致远灵活配置混合,混合型-灵活,清盘,2021-07-19,2024-07-22,2021-07-19,tushare_fund_basic,东海证券股份有限公司,2024-07-22,970048.OF,970048,True
970050,东海证券海睿锐意3个月定开灵活配置混合,混合型-灵活,清盘,2021-12-27,2025-12-28,2021-12-27,tushare_fund_basic,东海证券股份有限公司,2025-12-28,970050.OF,970050,True
