date,nav,ret
2005-04-27,1.0,0.0
2005-04-29,0.9997,-0.0003
2005-05-13,0.9935,-0.006202
2005-05-16,0.9922,-0.0013089999999999998
2005-05-17,0.993,0.0008060000000000001
2005-05-18,0.9947,0.001712
2005-05-19,0.9946,-0.000101
2005-05-20,0.9949,0.000302
2005-05-23,0.9917,-0.003216
2005-05-24,0.9915,-0.000202
2005-05-25,0.9924,0.0009080000000000001
2005-05-26,0.9888,-0.003628
2005-05-27,0.9851,-0.0037419999999999997
2005-05-30,0.9855,0.00040599999999999995
2005-05-31,0.9879,0.002435
2005-06-01,0.9808,-0.007187
2005-06-02,0.9668,-0.014274
2005-06-03,0.9695,0.002793
2005-06-06,0.982,0.012892999999999998
2005-06-07,0.98,-0.0020369999999999997
2005-06-08,1.0121,0.032755
2005-06-09,1.0139,0.001778
2005-06-10,1.0052,-0.008581
2005-06-13,1.0039,-0.0012929999999999999
2005-06-14,0.9993,-0.004582
2005-06-15,0.9936,-0.005704
2005-06-16,1.0008,0.007246
2005-06-17,0.9999,-0.000899
2005-06-20,1.0127,0.012801
2005-06-21,1.006,-0.0066159999999999995
2005-06-22,1.0096,0.003579
2005-06-23,1.0087,-0.000891
2005-06-24,1.0088,9.900000000000001e-05
2005-06-27,1.0186,0.009715
2005-06-28,1.015,-0.003534
2005-06-29,1.0117,-0.003251
2005-06-30,1.001,-0.010576
2005-07-01,0.9948,-0.006194
2005-07-04,0.9933,-0.0015079999999999998
2005-07-05,0.9904,-0.00292
2005-07-06,0.9849,-0.005553
2005-07-07,0.9871,0.002234
2005-07-08,0.9812,-0.005977
2005-07-11,0.98,-0.0012230000000000001
2005-07-12,0.9974,0.017755
2005-07-13,0.9916,-0.005815
2005-07-14,0.9966,0.005042
2005-07-15,0.994,-0.002609
2005-07-18,0.9939,-0.000101
2005-07-19,0.9949,0.001006
2005-07-20,0.9995,0.004624
2005-07-21,1.0016,0.002101
2005-07-22,1.0102,0.008586
2005-07-25,1.0077,-0.0024749999999999998
2005-07-26,1.0193,0.011511
2005-07-27,1.0311,0.011576999999999999
2005-07-28,1.0297,-0.001358
2005-07-29,1.0247,-0.004856
2005-08-01,1.0279,0.0031230000000000003
2005-08-02,1.0352,0.007102000000000001
2005-08-03,1.036,0.0007729999999999999
2005-08-04,1.0309,-0.004923
2005-08-05,1.0423,0.011057999999999998
2005-08-08,1.0413,-0.000959
2005-08-09,1.0437,0.002305
2005-08-10,1.0456,0.00182
2005-08-11,1.0599,0.013675999999999999
2005-08-12,1.0492,-0.010095
2005-08-15,1.069,0.018872
2005-08-16,1.0627,-0.005893000000000001
2005-08-17,1.0639,0.001129
2005-08-18,1.0425,-0.020114999999999997
2005-08-19,1.0432,0.000671
2005-08-22,1.051,0.007477
2005-08-23,1.0179,-0.00295
2005-08-24,1.0234,0.005403
2005-08-25,1.0215,-0.0018570000000000001
2005-08-26,1.0164,-0.004993
2005-08-29,1.0061,-0.010134
2005-08-30,1.0051,-0.000994
2005-08-31,1.0144,0.009253
2005-09-01,1.0271,0.01252
2005-09-02,1.0288,0.001655
2005-09-05,1.0277,-0.0010689999999999999
2005-09-06,1.0205,-0.007006
2005-09-07,1.0307,0.009995
2005-09-08,1.0359,0.005044999999999999
2005-09-09,1.0328,-0.002993
2005-09-12,1.0314,-0.001356
2005-09-13,1.0422,0.010471
2005-09-14,1.0465,0.004126
2005-09-15,1.0456,-0.00086
2005-09-16,1.042,-0.003443
2005-09-19,1.043,0.00096
2005-09-20,1.0366,-0.006136
2005-09-21,1.0247,-0.011479999999999999
2005-09-22,1.0128,-0.011613
2005-09-23,1.0062,-0.006516999999999999
2005-09-26,1.0042,-0.001988
2005-09-27,0.9974,-0.006772
2005-09-28,0.9955,-0.001905
2005-09-29,1.0069,0.011452
2005-09-30,1.0069,0.0
2005-10-10,0.9992,-0.007647
2005-10-11,1.0066,0.007406
2005-10-12,1.0077,0.001093
2005-10-13,1.0015,-0.006153
2005-10-14,0.9919,-0.009586
2005-10-17,0.9832,-0.008771
2005-10-18,0.9864,0.003255
2005-10-19,0.9804,-0.006083
2005-10-20,0.9822,0.0018360000000000002
2005-10-21,0.9823,0.00010200000000000001
2005-10-24,0.9826,0.000305
2005-10-25,0.9726,-0.010177
2005-10-26,0.9584,-0.0146
2005-10-27,0.9612,0.002922
2005-10-28,0.9558,-0.005618
2005-10-31,0.9628,0.007324000000000001
2005-11-01,0.9582,-0.004778
2005-11-02,0.9624,0.004383000000000001
2005-11-03,0.9556,-0.007066
2005-11-04,0.9569,0.00136
2005-11-07,0.9519,-0.005225
2005-11-08,0.9545,0.002731
2005-11-09,0.9569,0.002514
2005-11-10,0.9462,-0.011182000000000001
2005-11-11,0.9469,0.00074
2005-11-14,0.9456,-0.001373
2005-11-15,0.9411,-0.004759
2005-11-16,0.9436,0.002656
2005-11-17,0.9475,0.004133
2005-11-18,0.9622,0.015515000000000001
2005-11-21,0.9634,0.001247
2005-11-22,0.9539,-0.009861
2005-11-23,0.9598,0.006185
2005-11-24,0.9637,0.004063
2005-11-25,0.9633,-0.000415
2005-11-28,0.9589,-0.004568
2005-11-29,0.9522,-0.006987
2005-11-30,0.9517,-0.000525
2005-12-01,0.9508,-0.000946
2005-12-02,0.9507,-0.000105
2005-12-05,0.9436,-0.007468
2005-12-06,0.9467,0.003285
2005-12-07,0.9559,0.009718
2005-12-08,0.9581,0.002301
2005-12-09,0.9688,0.011168
2005-12-12,0.9679,-0.0009289999999999999
2005-12-13,0.9693,0.001446
2005-12-14,0.9728,0.0036109999999999996
2005-12-15,0.9695,-0.003392
2005-12-16,0.9752,0.005879
2005-12-19,0.9751,-0.000103
2005-12-20,0.9785,0.003487
2005-12-21,0.976,-0.002555
2005-12-22,0.9833,0.00748
2005-12-23,0.9906,0.007423999999999999
2005-12-26,0.9934,0.002827
2005-12-27,0.9929,-0.000503
2005-12-28,0.9965,0.003626
2005-12-29,1.0143,0.017863
2005-12-30,1.0071,-0.007098
2005-12-31,1.007,-9.900000000000001e-05
2006-01-04,1.0206,0.013505
2006-01-05,1.0365,0.015579
2006-01-06,1.0498,0.012832
2006-01-09,1.0522,0.002286
2006-01-10,1.0546,0.002281
2006-01-11,1.0509,-0.003508
2006-01-12,1.0603,0.008945
2006-01-13,1.0565,-0.003584
2006-01-16,1.0449,-0.01098
2006-01-17,1.0459,0.000957
2006-01-18,1.0593,0.012811999999999999
2006-01-19,1.0645,0.004909
2006-01-20,1.065,0.00047
2006-01-23,1.0654,0.00037600000000000003
2006-01-24,1.0677,0.002159
2006-01-25,1.0777,0.009366
2006-02-06,1.0978,0.018651
2006-02-07,1.096,-0.00164
2006-02-08,1.0922,-0.003467
2006-02-09,1.0806,-0.010621
2006-02-10,1.0899,0.008606
2006-02-13,1.0936,0.0033950000000000004
2006-02-14,1.0992,0.005121
2006-02-15,1.0993,9.1e-05
2006-02-16,1.0813,-0.016374
2006-02-17,1.0835,0.002035
2006-02-20,1.0856,0.001938
2006-02-21,1.0988,0.012159
2006-02-22,1.0938,-0.00455
2006-02-23,1.0945,0.00064
2006-02-24,1.1017,0.0065780000000000005
2006-02-27,1.105,0.002995
2006-02-28,1.1097,0.004253
2006-03-01,1.1176,0.0071189999999999995
2006-03-02,1.105,-0.011274
2006-03-03,1.1077,0.002443
2006-03-06,1.1073,-0.000361
2006-03-07,1.0819,-0.022938999999999998
2006-03-08,1.0771,-0.004437
2006-03-09,1.0776,0.00046399999999999995
2006-03-10,1.031,0.003155
2006-03-13,1.0377,0.0064990000000000004
2006-03-14,1.0388,0.00106
2006-03-15,1.05,0.010782
2006-03-16,1.0487,-0.001238
2006-03-17,1.0451,-0.003433
2006-03-20,1.0585,0.012822
2006-03-21,1.0631,0.004346
2006-03-22,1.0719,0.008278
2006-03-23,1.0706,-0.001213
2006-03-24,1.0692,-0.001308
2006-03-27,1.0779,0.008137
2006-03-28,1.0853,0.006865
2006-03-29,1.101,0.014466000000000001
2006-03-30,1.098,-0.002725
2006-03-31,1.1161,0.016485
2006-04-03,1.1387,0.020249000000000003
2006-04-04,1.1515,0.011241000000000001
2006-04-05,1.164,0.010854999999999998
2006-04-06,1.1668,0.002405
2006-04-07,1.169,0.001885
2006-04-10,1.1793,0.008811
2006-04-11,1.1745,-0.00407
2006-04-12,1.1719,-0.0022140000000000003
2006-04-13,1.1512,-0.017664
2006-04-14,1.1647,0.011727000000000001
2006-04-17,1.1684,0.0031769999999999997
2006-04-18,1.166,-0.002054
2006-04-19,1.1707,0.004031
2006-04-20,1.167,-0.0031609999999999997
2006-04-21,1.1776,0.009083
2006-04-24,1.1736,-0.003397
2006-04-25,1.1812,0.006475999999999999
2006-04-26,1.196,0.01253
2006-04-27,1.1939,-0.001756
2006-04-28,1.2014,0.006281999999999999
2006-05-08,1.2558,0.045281
2006-05-09,1.2812,0.020226
2006-05-10,1.2959,0.011474
2006-05-11,1.2789,-0.013118000000000001
2006-05-12,1.3157,0.028775
2006-05-15,1.3723,0.043019
2006-05-16,1.3275,-0.032646
2006-05-17,1.3359,0.006328
2006-05-18,1.3358,-7.5e-05
2006-05-19,1.3687,0.024628999999999998
2006-05-22,1.3788,0.007379
2006-05-23,1.322,-0.041195
2006-05-24,1.3097,-0.009304
2006-05-25,1.3286,0.014431000000000001
2006-05-26,1.3511,0.016935
2006-05-29,1.3813,0.022351999999999997
2006-05-30,1.3954,0.010208
2006-05-31,1.3795,-0.011394999999999999
2006-06-01,1.4068,0.019790000000000002
2006-06-02,1.3981,-0.006183999999999999
2006-06-05,1.4058,0.005507
2006-06-06,1.3974,-0.005975
2006-06-07,1.3436,-0.0385
2006-06-08,1.3431,-0.000372
2006-06-09,1.1287,-0.010721000000000001
2006-06-12,1.1339,0.004607
2006-06-13,1.1399,0.0052910000000000006
2006-06-14,1.1324,-0.00658
2006-06-15,1.137,0.004062
2006-06-16,1.162,0.021987999999999997
2006-06-19,1.1694,0.006368
2006-06-20,1.1671,-0.001967
2006-06-21,1.1622,-0.004198
2006-06-22,1.1647,0.002151
2006-06-23,1.1734,0.00747
2006-06-26,1.1991,0.021901999999999998
2006-06-27,1.206,0.0057540000000000004
2006-06-28,1.2015,-0.003731
2006-06-29,1.2337,0.0268
2006-06-30,1.2363,0.002107
2006-07-03,1.2514,0.012214000000000001
2006-07-04,1.2439,-0.005993000000000001
2006-07-05,1.2335,-0.008361
2006-07-06,1.2537,0.016375999999999998
2006-07-07,1.2398,-0.011087
2006-07-10,1.243,0.002581
2006-07-11,1.2486,0.004505
2006-07-12,1.2549,0.005046
2006-07-13,1.2031,-0.041277999999999995
2006-07-14,1.2198,0.013881
2006-07-17,1.2318,0.009838
2006-07-18,1.229,-0.002273
2006-07-19,1.2063,-0.01847
2006-07-20,1.2091,0.002321
2006-07-21,1.217,0.006534
2006-07-24,1.2244,0.006081
2006-07-25,1.2328,0.006861000000000001
2006-07-26,1.2318,-0.0008110000000000001
2006-07-27,1.2209,-0.008849000000000001
2006-07-28,1.2086,-0.010075
2006-07-31,1.1834,-0.020851
2006-08-01,1.1742,-0.007774
2006-08-02,1.1745,0.00025499999999999996
2006-08-03,1.1711,-0.002895
2006-08-04,1.1504,-0.017676
2006-08-07,1.1403,-0.00878
2006-08-08,1.1588,0.016224000000000002
2006-08-09,1.1576,-0.001036
2006-08-10,1.1704,0.011056999999999999
2006-08-11,1.1725,0.001794
2006-08-14,1.1561,-0.013987000000000001
2006-08-15,1.1733,0.014878
2006-08-16,1.1861,0.010909
2006-08-17,1.1772,-0.007503999999999999
2006-08-18,1.174,-0.002718
2006-08-21,1.1743,0.000256
2006-08-22,1.1818,0.006387
2006-08-23,1.1831,0.0011
2006-08-24,1.1899,0.005748
2006-08-25,1.19,8.4e-05
2006-08-28,1.2139,0.020084
2006-08-29,1.2155,0.001318
2006-08-30,1.2191,0.0029620000000000002
2006-08-31,1.2206,0.00123
2006-09-01,1.2023,-0.014993000000000001
2006-09-04,1.2134,0.009232
2006-09-05,1.2131,-0.000247
2006-09-06,1.2121,-0.000824
2006-09-07,1.2039,-0.006765
2006-09-08,1.2172,0.011047
2006-09-11,1.2236,0.0052580000000000005
2006-09-12,1.2297,0.004985
2006-09-13,1.2233,-0.0052049999999999996
2006-09-14,1.2188,-0.003679
2006-09-15,1.2366,0.014605
2006-09-18,1.2512,0.011807000000000002
2006-09-19,1.2546,0.002717
2006-09-20,1.2587,0.0032679999999999996
2006-09-21,1.2657,0.005561
2006-09-22,1.2552,-0.008296
2006-09-25,1.2506,-0.003665
2006-09-26,1.2398,-0.008636
2006-09-27,1.251,0.009034
2006-09-28,1.269,0.014388000000000001
2006-09-29,1.2865,0.01379
2006-09-30,1.2864,-7.8e-05
2006-10-09,1.3096,0.018035000000000002
2006-10-10,1.3092,-0.000305
2006-10-11,1.3087,-0.00038199999999999996
2006-10-12,1.2918,-0.012914000000000002
2006-10-13,1.2936,0.0013930000000000001
2006-10-16,1.2892,-0.003401
2006-10-17,1.2899,0.000543
2006-10-18,1.3088,0.014652
2006-10-19,1.32,0.008557
2006-10-20,1.3198,-0.000152
2006-10-23,1.2934,-0.020003000000000003
2006-10-24,1.3225,0.022498999999999998
2006-10-25,1.3178,-0.003554
2006-10-26,1.3266,0.006678
2006-10-27,1.315,-0.008744
2006-10-30,1.3075,-0.005703000000000001
2006-10-31,1.3239,0.012543
2006-11-01,1.3331,0.0069489999999999994
2006-11-02,1.3411,0.006000999999999999
2006-11-03,1.3454,0.003206
2006-11-06,1.3503,0.0036420000000000003
2006-11-07,1.3527,0.001777
2006-11-08,1.3504,-0.0017000000000000001
2006-11-09,1.3674,0.012589
2006-11-10,1.3515,-0.011628000000000001
2006-11-13,1.3319,-0.014502
2006-11-14,1.3486,0.012538
2006-11-15,1.3787,0.022319
2006-11-16,1.3684,-0.007471
2006-11-17,1.3886,0.014761999999999999
2006-11-20,1.2862,0.016274999999999998
2006-11-21,1.3013,0.011739999999999999
2006-11-22,1.3028,0.001153
2006-11-23,1.3032,0.00030700000000000004
2006-11-24,1.3005,-0.002072
2006-11-27,1.3137,0.01015
2006-11-28,1.3099,-0.002893
2006-11-29,1.3281,0.013894
2006-11-30,1.3581,0.022589
2006-12-01,1.3769,0.013843000000000001
2006-12-04,1.406,0.021134
2006-12-05,1.4025,-0.002489
2006-12-06,1.3807,-0.015544
2006-12-07,1.3764,-0.003114
2006-12-08,1.3293,-0.03422
2006-12-11,1.3792,0.037538999999999996
2006-12-12,1.3939,0.010658
2006-12-13,1.3988,0.003515
2006-12-14,1.424,0.018015
2006-12-15,1.4491,0.017626
2006-12-18,1.4819,0.022635000000000002
2006-12-19,1.491,0.006141
2006-12-20,1.5053,0.009590999999999999
2006-12-21,1.4874,-0.011891
2006-12-22,1.475,-0.008337
2006-12-25,1.5055,0.020678000000000002
2006-12-26,1.5024,-0.002059
2006-12-27,1.5236,0.014111
2006-12-28,1.5221,-0.000985
2006-12-29,1.5605,0.025228
2006-12-31,1.5604,-6.4e-05
2007-01-04,1.574,0.008716
2007-01-05,1.592,0.011436
2007-01-08,1.6287,0.023053
2007-01-09,1.6701,0.025419
2007-01-10,1.6912,0.012634000000000001
2007-01-11,1.6844,-0.004021
2007-01-12,1.6452,-0.023272
2007-01-15,1.7119,0.040541999999999995
2007-01-16,1.7504,0.02249
2007-01-17,1.7269,-0.013426
2007-01-18,1.7225,-0.0025480000000000004
2007-01-19,1.1666,0.025602
2007-01-22,1.2144,0.040974000000000003
2007-01-23,1.2247,0.008482
2007-01-24,1.2265,0.00147
2007-01-25,1.1856,-0.033347
2007-01-26,1.2028,0.014507
2007-01-29,1.2222,0.016129
2007-01-30,1.2156,-0.0054
2007-01-31,1.161,-0.044916
2007-02-01,1.1585,-0.002153
2007-02-02,1.1266,-0.027536
2007-02-05,1.1234,-0.0028399999999999996
2007-02-06,1.1453,0.019494
2007-02-07,1.1659,0.017987
2007-02-08,1.1846,0.016039
2007-02-09,1.1778,-0.0057399999999999994
2007-02-12,1.211,0.028188
2007-02-13,1.2281,0.014121
2007-02-14,1.2534,0.020600999999999998
2007-02-15,1.2798,0.021063000000000002
2007-02-16,1.2956,0.012346
2007-02-26,1.2997,0.003165
2007-02-27,1.2033,-0.074171
2007-02-28,1.2307,0.022771
2007-03-01,1.1996,-0.02527
2007-03-02,1.2102,0.008836
2007-03-05,1.2009,-0.007685
2007-03-06,1.2172,0.013573
2007-03-07,1.2428,0.021032000000000002
2007-03-08,1.2526,0.007885
2007-03-09,1.247,-0.004471
2007-03-12,1.2466,-0.00032099999999999994
2007-03-13,1.2497,0.002487
2007-03-14,1.2365,-0.010563
2007-03-15,1.2543,0.014395
2007-03-16,1.2488,-0.004385
2007-03-19,1.2756,0.021461
2007-03-20,1.2921,0.012935
2007-03-21,1.2997,0.005881999999999999
2007-03-22,1.3027,0.002308
2007-03-23,1.3011,-0.0012280000000000001
2007-03-26,1.3164,0.011758999999999999
2007-03-27,1.3276,0.008508
2007-03-28,1.3328,0.003917
2007-03-29,1.3299,-0.002176
2007-03-30,1.3293,-0.000451
2007-03-31,1.3292,-7.5e-05
2007-04-02,1.3513,0.016627
2007-04-03,1.3677,0.012136000000000001
2007-04-04,1.3779,0.007458
2007-04-05,1.3881,0.007403
2007-04-06,1.399,0.007852
2007-04-09,1.4265,0.019657
2007-04-10,1.4385,0.008412
2007-04-11,1.4586,0.013973
2007-04-12,1.4822,0.01618
2007-04-13,1.487,0.0032379999999999996
2007-04-16,1.5174,0.020444
2007-04-17,1.5246,0.004745
2007-04-18,1.5231,-0.000984
2007-04-19,1.4669,-0.036898
2007-04-20,1.5082,0.028155
2007-04-23,1.5515,0.02871
2007-04-24,1.5524,0.00058
2007-04-25,1.555,0.001675
2007-04-26,1.5675,0.008039
2007-04-27,1.5545,-0.008293
2007-04-30,1.6046,0.032229
2007-05-08,1.6404,0.022311
2007-05-09,1.6447,0.002621
2007-05-10,1.6498,0.003101
2007-05-11,1.6382,-0.007030999999999999
2007-05-14,1.64,0.001099
2007-05-15,1.5988,-0.025122
2007-05-16,1.6337,0.021829
2007-05-17,1.6625,0.017629
2007-05-18,1.6601,-0.001444
2007-05-21,1.6841,0.014457
2007-05-22,1.6948,0.006353999999999999
2007-05-23,1.7173,0.013276
2007-05-24,1.6991,-0.010598000000000002
2007-05-25,1.7205,0.012595
2007-05-28,1.7533,0.019064
2007-05-29,1.7956,0.024125999999999998
2007-05-30,1.7048,-0.050568
2007-05-31,1.75,0.026513
2007-06-01,1.7143,-0.0204
2007-06-04,1.6214,-0.054191
2007-06-05,1.6639,0.026212
2007-06-06,1.6839,0.01202
2007-06-07,1.721,0.022032
2007-06-08,1.7354,0.008367
2007-06-11,1.7901,0.03152
2007-06-12,1.8312,0.022959999999999998
2007-06-13,1.8478,0.009065
2007-06-14,1.8331,-0.007955
2007-06-15,1.8377,0.002509
2007-06-18,1.8819,0.024051999999999997
2007-06-19,1.8835,0.0008500000000000001
2007-06-20,1.8618,-0.011520999999999998
2007-06-21,1.8831,0.011441
2007-06-22,1.8424,-0.021613000000000004
2007-06-25,1.8058,-0.019865
2007-06-26,1.8309,0.0139
2007-06-27,1.8825,0.028183
2007-06-28,1.8122,-0.037344
2007-06-29,1.7891,-0.012747
2007-06-30,1.7891,0.0
2007-07-02,1.7752,-0.007769000000000001
2007-07-03,1.8056,0.017124999999999998
2007-07-04,1.7759,-0.016449000000000002
2007-07-05,1.6976,-0.04409
2007-07-06,1.7512,0.031574
2007-07-09,1.7971,0.026211
2007-07-10,1.7949,-0.001224
2007-07-11,1.8007,0.003231
2007-07-12,1.8062,0.003054
2007-07-13,1.8081,0.001052
2007-07-16,1.7761,-0.017698000000000002
2007-07-17,1.8238,0.026857000000000002
2007-07-18,1.8401,0.008937
2007-07-19,1.8471,0.003804
2007-07-20,1.9113,0.034756999999999996
2007-07-23,1.966,0.028619
2007-07-24,1.9617,-0.002187
2007-07-25,1.9816,0.010144
2007-07-26,1.991,0.004744
2007-07-27,1.9982,0.003616
2007-07-30,2.0249,0.013362
2007-07-31,2.0411,0.008
2007-08-01,1.9813,-0.029298
2007-08-02,2.0384,0.028818999999999997
2007-08-03,2.1189,0.039492
2007-08-06,2.1579,0.018406
2007-08-07,2.1594,0.0006950000000000001
2007-08-08,2.1466,-0.005928
2007-08-09,2.204,0.02674
2007-08-10,2.1693,-0.015744
2007-08-13,2.1549,-0.006638
2007-08-14,2.1863,0.014571
2007-08-15,2.1911,0.002195
2007-08-16,2.1483,-0.019534
2007-08-17,2.1,-0.022483
2007-08-20,2.2201,0.057190000000000005
2007-08-21,2.2464,0.011846
2007-08-22,2.2686,0.009882
2007-08-23,2.3021,0.014766999999999999
2007-08-24,2.3509,0.021198
2007-08-27,2.3596,0.003701
2007-08-28,2.3588,-0.000339
2007-08-29,2.3361,-0.009624
2007-08-30,2.3503,0.006079
2007-08-31,2.3626,0.005233
2007-09-03,1.0,0.01161
2007-09-04,0.9941,-0.0059
2007-09-05,0.9937,-0.000402
2007-09-06,0.9994,0.005736
2007-09-07,0.9882,-0.011207
2007-09-10,1.0007,0.012648999999999999
2007-09-11,0.9689,-0.031778
2007-09-12,0.9849,0.016514
2007-09-13,1.0075,0.022946
2007-09-14,1.0193,0.011712
2007-09-17,1.0376,0.017953
2007-09-18,1.0251,-0.012047
2007-09-19,1.0159,-0.008975
2007-09-20,1.031,0.014863999999999999
2007-09-21,1.0294,-0.001552
2007-09-24,1.037,0.007383
2007-09-25,1.0268,-0.009836000000000001
2007-09-26,1.0108,-0.015582
2007-09-27,1.0274,0.016423
2007-09-28,1.0576,0.029394999999999998
2007-09-30,1.0575,-9.499999999999999e-05
2007-10-08,1.0709,0.012670999999999998
2007-10-09,1.071,9.3e-05
2007-10-10,1.0697,-0.001214
2007-10-11,1.0787,0.008414
2007-10-12,1.0761,-0.00241
2007-10-15,1.0853,0.008549
2007-10-16,1.0927,0.006817999999999999
2007-10-17,1.0767,-0.014643
2007-10-18,1.0439,-0.030463
2007-10-19,1.0484,0.004311
2007-10-22,1.0332,-0.014498
2007-10-23,1.0398,0.0063880000000000004
2007-10-24,1.0486,0.008463
2007-10-25,1.0149,-0.032138
2007-10-26,1.0271,0.012020999999999999
2007-10-29,1.048,0.020349
2007-10-30,1.0562,0.007824
2007-10-31,1.0702,0.013255
2007-11-01,1.0535,-0.015605
2007-11-02,1.0245,-0.027527
2007-11-05,1.0084,-0.015715
2007-11-06,1.0051,-0.003273
2007-11-07,1.0109,0.005770999999999999
2007-11-08,0.9757,-0.034820000000000004
2007-11-09,0.9653,-0.010659
2007-11-12,0.9575,-0.00808
2007-11-13,0.9451,-0.01295
2007-11-14,0.9753,0.031953999999999996
2007-11-15,0.964,-0.011586
2007-11-16,0.9482,-0.016390000000000002
2007-11-19,0.9424,-0.006117
2007-11-20,0.9568,0.01528
2007-11-21,0.95,-0.007107
2007-11-22,0.9161,-0.035684
2007-11-23,0.9289,0.013972
2007-11-26,0.9227,-0.0066749999999999995
2007-11-27,0.9081,-0.015823
2007-11-28,0.8992,-0.009800999999999999
2007-11-29,0.9272,0.031139
2007-11-30,0.912,-0.016393
2007-12-03,0.9202,0.008991
2007-12-04,0.9288,0.009346
2007-12-05,0.9513,0.024225
2007-12-06,0.9515,0.00021
2007-12-07,0.9608,0.009774
2007-12-10,0.9738,0.01353
2007-12-11,0.9762,0.002465
2007-12-12,0.9643,-0.012190000000000001
2007-12-13,0.9349,-0.030488
2007-12-14,0.9489,0.014975
2007-12-17,0.932,-0.01781
2007-12-18,0.9283,-0.0039700000000000004
2007-12-19,0.9461,0.019175
2007-12-20,0.9613,0.016066
2007-12-21,0.9682,0.007178
2007-12-24,0.9832,0.015493
2007-12-25,0.9875,0.004373
2007-12-26,0.994,0.006582
2007-12-27,1.0118,0.017907
2007-12-28,1.0118,0.0
2007-12-29,1.0117,-9.900000000000001e-05
2007-12-31,1.0117,0.0
2008-01-02,1.0211,0.009291
2008-01-03,1.0248,0.003624
2008-01-04,1.0344,0.009368
2008-01-07,1.0509,0.015951
2008-01-08,1.0479,-0.002855
2008-01-09,1.0608,0.012310000000000001
2008-01-10,1.0703,0.008955999999999999
2008-01-11,1.0787,0.007848
2008-01-14,1.0831,0.004079
2008-01-15,1.0764,-0.0061860000000000005
2008-01-16,1.0464,-0.027871
2008-01-17,1.0315,-0.014239
2008-01-18,1.0374,0.005719999999999999
2008-01-21,1.0006,-0.035473
2008-01-22,0.947,-0.053568
2008-01-23,0.9894,0.04477299999999999
2008-01-24,1.0032,0.013948
2008-01-25,1.0106,0.007376000000000001
2008-01-28,0.959,-0.051059
2008-01-29,0.9579,-0.001147
2008-01-30,0.9463,-0.012110000000000001
2008-01-31,0.9329,-0.014159999999999999
2008-02-01,0.932,-0.000965
2008-02-04,0.9926,0.06502100000000001
2008-02-05,0.9852,-0.007455000000000001
2008-02-13,0.9711,-0.014312
2008-02-14,0.982,0.011224000000000001
2008-02-15,0.9708,-0.011405
2008-02-18,0.9896,0.019365
2008-02-19,1.0051,0.015663
2008-02-20,0.9813,-0.023679000000000002
2008-02-21,0.9762,-0.005197
2008-02-22,0.9476,-0.029297
2008-02-25,0.9229,-0.026066
2008-02-26,0.9114,-0.012461
2008-02-27,0.9297,0.020079
2008-02-28,0.9284,-0.0013980000000000002
2008-02-29,0.9367,0.00894
2008-03-03,0.9572,0.021884999999999998
2008-03-04,0.9308,-0.02758
2008-03-05,0.9228,-0.008595
2008-03-06,0.9288,0.006502
2008-03-07,0.9178,-0.011843
2008-03-10,0.8856,-0.035084
2008-03-11,0.8813,-0.004855
2008-03-12,0.8564,-0.028254
2008-03-13,0.8411,-0.017865
2008-03-14,0.829,-0.014386000000000001
2008-03-17,0.7967,-0.038963
2008-03-18,0.7673,-0.036902
2008-03-19,0.7904,0.030106
2008-03-20,0.8126,0.028087
2008-03-21,0.8183,0.007015
2008-03-24,0.788,-0.037028
2008-03-25,0.8012,0.016751000000000002
2008-03-26,0.8074,0.007738
2008-03-27,0.7893,-0.022418
2008-03-28,0.8167,0.034714
2008-03-31,0.7989,-0.021795
2008-04-01,0.7611,-0.047314999999999996
2008-04-02,0.7486,-0.016424
2008-04-03,0.7653,0.022307999999999998
2008-04-07,0.803,0.049262
2008-04-08,0.813,0.012453
2008-04-09,0.7838,-0.035916000000000003
2008-04-10,0.7966,0.016331
2008-04-11,0.8025,0.007406
2008-04-14,0.7571,-0.056573000000000005
2008-04-15,0.7646,0.009906
2008-04-16,0.7508,-0.018049
2008-04-17,0.7347,-0.021444
2008-04-18,0.7169,-0.024228
2008-04-21,0.7108,-0.008509
2008-04-22,0.7152,0.00619
2008-04-23,0.7483,0.046280999999999996
2008-04-24,0.8083,0.080182
2008-04-25,0.8075,-0.00099
2008-04-28,0.795,-0.01548
2008-04-29,0.8021,0.008931
2008-04-30,0.834,0.039771
2008-05-05,0.8521,0.021703
2008-05-06,0.8484,-0.0043419999999999995
2008-05-07,0.815,-0.039368
2008-05-08,0.8355,0.025153
2008-05-09,0.8288,-0.008019
2008-05-12,0.8339,0.006153
2008-05-13,0.8297,-0.005037000000000001
2008-05-14,0.8517,0.026516
2008-05-15,0.844,-0.009041
2008-05-16,0.8398,-0.0049759999999999995
2008-05-19,0.8386,-0.001429
2008-05-20,0.8026,-0.042929
2008-05-21,0.8146,0.014951
2008-05-22,0.8024,-0.014977
2008-05-23,0.7946,-0.009721
2008-05-26,0.7733,-0.026806
2008-05-27,0.7749,0.002069
2008-05-28,0.7923,0.022455
2008-05-29,0.7757,-0.020952000000000002
2008-05-30,0.7759,0.000258
2008-06-02,0.779,0.003995
2008-06-03,0.7784,-0.00077
2008-06-04,0.7683,-0.012975
2008-06-05,0.7595,-0.011453999999999999
2008-06-06,0.7561,-0.004477
2008-06-10,0.7084,-0.063087
2008-06-11,0.6992,-0.012987
2008-06-12,0.6899,-0.013301
2008-06-13,0.6737,-0.023482
2008-06-16,0.6671,-0.009797
2008-06-17,0.6504,-0.025034
2008-06-18,0.6747,0.037362
2008-06-19,0.6382,-0.054098
2008-06-20,0.6536,0.02413
2008-06-23,0.6411,-0.019125
2008-06-24,0.6528,0.01825
2008-06-25,0.6726,0.030331
2008-06-26,0.6736,0.001487
2008-06-27,0.6466,-0.040083
2008-06-30,0.6426,-0.0061860000000000005
2008-07-01,0.6286,-0.021786
2008-07-02,0.631,0.0038179999999999998
2008-07-03,0.6435,0.01981
2008-07-04,0.6393,-0.006527
2008-07-07,0.6615,0.034725
2008-07-08,0.6668,0.008012
2008-07-09,0.6831,0.024445
2008-07-10,0.6794,-0.005416
2008-07-11,0.6761,-0.004857
2008-07-14,0.6778,0.002514
2008-07-15,0.6568,-0.030983
2008-07-16,0.6428,-0.021315
2008-07-17,0.6401,-0.0042
2008-07-18,0.6526,0.019528
2008-07-21,0.6677,0.023138000000000002
2008-07-22,0.6677,0.0
2008-07-23,0.6629,-0.007189
2008-07-24,0.676,0.019762
2008-07-25,0.6703,-0.008432
2008-07-28,0.6721,0.0026850000000000003
2008-07-29,0.665,-0.010564
2008-07-30,0.6611,-0.005865
2008-07-31,0.6488,-0.018605
2008-08-01,0.6533,0.006936
2008-08-04,0.6451,-0.012552
2008-08-05,0.6345,-0.016432
2008-08-06,0.6345,0.0
2008-08-07,0.6322,-0.0036249999999999998
2008-08-08,0.6169,-0.024201
2008-08-11,0.6023,-0.023666999999999997
2008-08-12,0.6033,0.00166
2008-08-13,0.6036,0.000497
2008-08-14,0.6051,0.002485
2008-08-15,0.6048,-0.000496
2008-08-18,0.5847,-0.033234
2008-08-19,0.5893,0.007866999999999999
2008-08-20,0.618,0.048701999999999995
2008-08-21,0.5991,-0.030583
2008-08-22,0.588,-0.018528
2008-08-25,0.585,-0.005102
2008-08-26,0.5732,-0.020171
2008-08-27,0.5662,-0.012212
2008-08-28,0.5671,0.00159
2008-08-29,0.5752,0.014282999999999999
2008-09-01,0.5597,-0.026947000000000002
2008-09-02,0.5511,-0.015365
2008-09-03,0.5394,-0.021230000000000002
2008-09-04,0.5388,-0.001112
2008-09-05,0.529,-0.018189
2008-09-08,0.5224,-0.012476000000000001
2008-09-09,0.5219,-0.000957
2008-09-10,0.5207,-0.002299
2008-09-11,0.512,-0.016708
2008-09-12,0.5117,-0.000586
2008-09-16,0.494,-0.034591
2008-09-17,0.4838,-0.020648
2008-09-18,0.4764,-0.015296
2008-09-19,0.5051,0.060243000000000005
2008-09-22,0.5173,0.024154
2008-09-23,0.5021,-0.029383
2008-09-24,0.5031,0.001992
2008-09-25,0.5135,0.020672000000000003
2008-09-26,0.5162,0.0052580000000000005
2008-09-30,0.5161,-0.000194
2008-10-06,0.5023,-0.026739000000000002
2008-10-07,0.4986,-0.007366
2008-10-08,0.4901,-0.017048
2008-10-09,0.4859,-0.00857
2008-10-10,0.4751,-0.022227
2008-10-13,0.4778,0.0056830000000000006
2008-10-14,0.4722,-0.01172
2008-10-15,0.467,-0.011012
2008-10-16,0.4542,-0.027409
2008-10-17,0.4547,0.001101
2008-10-20,0.4615,0.014955000000000001
2008-10-21,0.4601,-0.0030340000000000002
2008-10-22,0.4546,-0.011954
2008-10-23,0.4559,0.0028599999999999997
2008-10-24,0.4511,-0.010529
2008-10-27,0.4348,-0.036134
2008-10-28,0.4411,0.014489
2008-10-29,0.4352,-0.013375999999999999
2008-10-30,0.4402,0.011489000000000001
2008-10-31,0.4344,-0.013176
2008-11-03,0.4326,-0.004144
2008-11-04,0.4295,-0.0071660000000000005
2008-11-05,0.4362,0.015600000000000001
2008-11-06,0.4295,-0.01536
2008-11-07,0.4306,0.002561
2008-11-10,0.4483,0.041105
2008-11-11,0.4448,-0.007807
2008-11-12,0.4457,0.002023
2008-11-13,0.4571,0.025578
2008-11-14,0.4676,0.022971
2008-11-17,0.478,0.022241
2008-11-18,0.4621,-0.033264
2008-11-19,0.4779,0.034192
2008-11-20,0.4727,-0.010881
2008-11-21,0.4691,-0.007616
2008-11-24,0.4605,-0.018333
2008-11-25,0.4597,-0.0017369999999999998
2008-11-26,0.4608,0.002393
2008-11-27,0.4635,0.005859
2008-11-28,0.4591,-0.009493
2008-12-01,0.4662,0.015465
2008-12-02,0.4685,0.004934
2008-12-03,0.4855,0.036286
2008-12-04,0.4887,0.0065910000000000005
2008-12-05,0.4932,0.009208
2008-12-08,0.5063,0.026560999999999998
2008-12-09,0.4989,-0.014616
2008-12-10,0.5049,0.012025999999999998
2008-12-11,0.4979,-0.013864000000000001
2008-12-12,0.4852,-0.025507
2008-12-15,0.4881,0.005977
2008-12-16,0.4947,0.013522000000000001
2008-12-17,0.4971,0.004850999999999999
2008-12-18,0.5029,0.011668000000000001
2008-12-19,0.5061,0.006363
2008-12-22,0.5042,-0.003754
2008-12-23,0.4908,-0.026577000000000003
2008-12-24,0.4863,-0.009169
2008-12-25,0.4196,-0.001439
2008-12-26,0.4193,-0.0007149999999999999
2008-12-29,0.4206,0.0031
2008-12-30,0.421,0.000951
2008-12-31,0.4202,-0.0019
2009-01-05,0.4251,0.011661
2009-01-06,0.4273,0.005175
2009-01-07,0.4247,-0.006085
2009-01-08,0.4191,-0.013186
2009-01-09,0.4217,0.0062039999999999994
2009-01-12,0.4208,-0.002134
2009-01-13,0.4157,-0.012119999999999999
2009-01-14,0.4228,0.017079999999999998
2009-01-15,0.4219,-0.0021290000000000002
2009-01-16,0.4244,0.005926
2009-01-19,0.4242,-0.000471
2009-01-20,0.4263,0.0049499999999999995
2009-01-21,0.4247,-0.0037530000000000003
2009-01-22,0.4276,0.006828
2009-01-23,0.4263,-0.0030399999999999997
2009-02-02,0.4303,0.009383
2009-02-03,0.4382,0.018359
2009-02-04,0.4464,0.018713
2009-02-05,0.441,-0.012097
2009-02-06,0.4553,0.032425999999999996
2009-02-09,0.4645,0.020206
2009-02-10,0.4664,0.00409
2009-02-11,0.4698,0.00729
2009-02-12,0.4685,-0.002767
2009-02-13,0.4806,0.025827
2009-02-16,0.488,0.015397000000000001
2009-02-17,0.4738,-0.029098000000000002
2009-02-18,0.4619,-0.025116
2009-02-19,0.4667,0.010391999999999998
2009-02-20,0.4736,0.014785
2009-02-23,0.4827,0.019215
2009-02-24,0.4667,-0.033147
2009-02-25,0.4659,-0.001714
2009-02-26,0.4428,-0.049581
2009-02-27,0.4333,-0.021454
2009-03-02,0.4403,0.016155
2009-03-03,0.4403,0.0
2009-03-04,0.4645,0.054963
2009-03-05,0.4642,-0.0006460000000000001
2009-03-06,0.4598,-0.009479
2009-03-09,0.4454,-0.031318
2009-03-10,0.451,0.012573
2009-03-11,0.4488,-0.004878
2009-03-12,0.4467,-0.004679
2009-03-13,0.4451,-0.003582
2009-03-16,0.4494,0.009661
2009-03-17,0.4594,0.022252
2009-03-18,0.4627,0.007183
2009-03-19,0.4682,0.011887000000000002
2009-03-20,0.4708,0.005553
2009-03-23,0.4812,0.022090000000000002
2009-03-24,0.4836,0.004988
2009-03-25,0.4769,-0.013854
2009-03-26,0.4892,0.025792000000000002
2009-03-27,0.4898,0.001226
2009-03-30,0.4852,-0.009392000000000001
2009-03-31,0.4917,0.013397
2009-04-01,0.4993,0.015457
2009-04-02,0.5039,0.009213
2009-04-03,0.5024,-0.002977
2009-04-07,0.5045,0.00418
2009-04-08,0.492,-0.024777
2009-04-09,0.498,0.012195000000000001
2009-04-10,0.5173,0.038755000000000005
2009-04-13,0.5327,0.029769999999999998
2009-04-14,0.5348,0.003942
2009-04-15,0.5406,0.010845
2009-04-16,0.5389,-0.0031450000000000002
2009-04-17,0.5287,-0.018927
2009-04-20,0.5366,0.014942
2009-04-21,0.5267,-0.018449
2009-04-22,0.5091,-0.033416
2009-04-23,0.5149,0.011393
2009-04-24,0.5125,-0.004661
2009-04-27,0.5052,-0.014244000000000001
2009-04-28,0.509,0.007522
2009-04-29,0.5188,0.019253
2009-04-30,0.5227,0.007517
2009-05-04,0.5418,0.036541000000000004
2009-05-05,0.5433,0.0027689999999999998
2009-05-06,0.552,0.016013
2009-05-07,0.5558,0.006884
2009-05-08,0.5583,0.004497999999999999
2009-05-11,0.543,-0.027405
2009-05-12,0.5585,0.028544999999999997
2009-05-13,0.5653,0.012175
2009-05-14,0.5634,-0.0033610000000000003
2009-05-15,0.5672,0.006745
2009-05-18,0.5761,0.015691
2009-05-19,0.5838,0.013366
2009-05-20,0.5845,0.001199
2009-05-21,0.5711,-0.022926000000000002
2009-05-22,0.5651,-0.010506
2009-05-25,0.5722,0.012563999999999999
2009-05-26,0.5575,-0.02569
2009-05-27,0.5664,0.015964
2009-06-01,0.5894,0.040607
2009-06-02,0.5893,-0.00017
2009-06-03,0.608,0.031733
2009-06-04,0.6085,0.0008219999999999999
2009-06-05,0.6086,0.000164
2009-06-08,0.6086,0.0
2009-06-09,0.6076,-0.001643
2009-06-10,0.6091,0.0024690000000000003
2009-06-11,0.6081,-0.0016420000000000002
2009-06-12,0.5989,-0.015128999999999998
2009-06-15,0.6114,0.020872
2009-06-16,0.6117,0.000491
2009-06-17,0.6187,0.011444000000000001
2009-06-18,0.626,0.011798999999999999
2009-06-19,0.6298,0.00607
2009-06-22,0.6293,-0.000794
2009-06-23,0.6294,0.00015900000000000002
2009-06-24,0.6309,0.002383
2009-06-25,0.6297,-0.001902
2009-06-26,0.6321,0.003811
2009-06-29,0.6393,0.011391
2009-06-30,0.6354,-0.0060999999999999995
2009-07-01,0.6462,0.016996999999999998
2009-07-02,0.6515,0.008202000000000001
2009-07-03,0.6555,0.00614
2009-07-06,0.657,0.002288
2009-07-07,0.6507,-0.009589
2009-07-08,0.6508,0.000154
2009-07-09,0.6551,0.006606999999999999
2009-07-10,0.6548,-0.000458
2009-07-13,0.6466,-0.012523
2009-07-14,0.6627,0.024899
2009-07-15,0.665,0.003471
2009-07-16,0.6684,0.0051129999999999995
2009-07-17,0.6686,0.000299
2009-07-20,0.6763,0.011517
2009-07-21,0.6687,-0.011238
2009-07-22,0.677,0.012412000000000001
2009-07-23,0.6884,0.016839
2009-07-24,0.6929,0.006536999999999999
2009-07-27,0.7091,0.02338
2009-07-28,0.709,-0.00014099999999999998
2009-07-29,0.6761,-0.046403
2009-07-30,0.6907,0.021594000000000002
2009-07-31,0.7102,0.028232
2009-08-03,0.7216,0.016052
2009-08-04,0.7203,-0.001802
2009-08-05,0.7077,-0.017493
2009-08-06,0.6901,-0.024869
2009-08-07,0.6678,-0.032313999999999996
2009-08-10,0.6662,-0.002396
2009-08-11,0.6642,-0.0030020000000000003
2009-08-12,0.6333,-0.046521999999999994
2009-08-13,0.6484,0.023843
2009-08-14,0.6364,-0.018507
2009-08-17,0.5956,-0.064111
2009-08-18,0.6035,0.013264
2009-08-19,0.5726,-0.051200999999999997
2009-08-20,0.5981,0.044534000000000004
2009-08-21,0.6088,0.01789
2009-08-24,0.6156,0.01117
2009-08-25,0.5892,-0.042885
2009-08-26,0.5957,0.011032
2009-08-27,0.5882,-0.012589999999999999
2009-08-28,0.5649,-0.039612
2009-08-31,0.524,-0.072402
2009-09-01,0.5241,0.00019099999999999998
2009-09-02,0.5345,0.019844
2009-09-03,0.5638,0.054818
2009-09-04,0.5666,0.004966
2009-09-07,0.57,0.006000999999999999
2009-09-08,0.5847,0.025789
2009-09-09,0.5906,0.010091000000000001
2009-09-10,0.5854,-0.008805
2009-09-11,0.6024,0.02904
2009-09-14,0.6095,0.011786000000000001
2009-09-15,0.6114,0.003117
2009-09-16,0.6016,-0.016029
2009-09-17,0.6094,0.012964999999999999
2009-09-18,0.5902,-0.031506
2009-09-21,0.5916,0.002372
2009-09-22,0.5801,-0.019438999999999998
2009-09-23,0.5702,-0.017065999999999998
2009-09-24,0.5728,0.00456
2009-09-25,0.5709,-0.003317
2009-09-28,0.5577,-0.023121
2009-09-29,0.5591,0.00251
2009-09-30,0.5637,0.008228
2009-10-09,0.5875,0.042221
2009-10-12,0.585,-0.004255
2009-10-13,0.5922,0.012308
2009-10-14,0.5964,0.007092
2009-10-15,0.5992,0.0046949999999999995
2009-10-16,0.6021,0.00484
2009-10-19,0.6161,0.023252000000000002
2009-10-20,0.6225,0.010388
2009-10-21,0.6196,-0.004659
2009-10-22,0.6162,-0.005487
2009-10-23,0.6288,0.020448
2009-10-26,0.6291,0.000477
2009-10-27,0.6133,-0.025115
2009-10-28,0.6159,0.004239
2009-10-29,0.602,-0.022569
2009-10-30,0.6079,0.009800999999999999
2009-11-02,0.6277,0.032570999999999996
2009-11-03,0.6343,0.010515000000000002
2009-11-04,0.6362,0.002995
2009-11-05,0.6374,0.0018859999999999999
2009-11-06,0.6393,0.0029809999999999997
2009-11-09,0.6405,0.001877
2009-11-10,0.6431,0.004059
2009-11-11,0.6413,-0.002799
2009-11-12,0.6416,0.000468
2009-11-13,0.6432,0.002494
2009-11-16,0.6643,0.032805
2009-11-17,0.6654,0.001656
2009-11-18,0.6667,0.001954
2009-11-19,0.6687,0.003
2009-11-20,0.6659,-0.004187
2009-11-23,0.6714,0.008258999999999999
2009-11-24,0.6533,-0.026959
2009-11-25,0.669,0.024032
2009-11-26,0.6467,-0.033333
2009-11-27,0.6313,-0.023813
2009-11-30,0.6558,0.038809
2009-12-01,0.6653,0.014486
2009-12-02,0.6711,0.008718
2009-12-03,0.6721,0.00149
2009-12-04,0.6778,0.008480999999999999
2009-12-07,0.6817,0.0057540000000000004
2009-12-08,0.6746,-0.010415
2009-12-09,0.6635,-0.016454
2009-12-10,0.6655,0.003014
2009-12-11,0.6658,0.000451
2009-12-14,0.6679,0.003154
2009-12-15,0.6659,-0.002994
2009-12-16,0.6623,-0.005405999999999999
2009-12-17,0.6462,-0.024308999999999997
2009-12-18,0.63,-0.025070000000000002
2009-12-21,0.6286,-0.002222
2009-12-22,0.6118,-0.026726
2009-12-23,0.6184,0.010787999999999999
2009-12-24,0.6386,0.032665
2009-12-25,0.6367,-0.0029749999999999998
2009-12-28,0.6451,0.013193
2009-12-29,0.6488,0.005736
2009-12-30,0.6554,0.010173000000000001
2009-12-31,0.6574,0.0030520000000000005
2010-01-04,0.6514,-0.009127
2010-01-05,0.6568,0.008289999999999999
2010-01-06,0.6548,-0.003045
2010-01-07,0.6441,-0.016341
2010-01-08,0.6432,-0.0013969999999999998
2010-01-11,0.6419,-0.0020210000000000002
2010-01-12,0.65,0.012619
2010-01-13,0.6322,-0.027385000000000003
2010-01-14,0.6413,0.014394
2010-01-15,0.6439,0.0040539999999999994
2010-01-18,0.6463,0.003727
2010-01-19,0.6471,0.001238
2010-01-20,0.6288,-0.02828
2010-01-21,0.6293,0.000795
2010-01-22,0.6203,-0.014301999999999999
2010-01-25,0.6139,-0.010318
2010-01-26,0.5992,-0.023944999999999998
2010-01-27,0.5938,-0.009012
2010-01-28,0.5965,0.004547
2010-01-29,0.5975,0.001676
2010-02-01,0.5921,-0.009038000000000001
2010-02-02,0.59,-0.0035470000000000002
2010-02-03,0.6007,0.018136
2010-02-04,0.5994,-0.002164
2010-02-05,0.5893,-0.01685
2010-02-08,0.589,-0.000509
2010-02-09,0.591,0.003396
2010-02-10,0.5992,0.013875
2010-02-11,0.6001,0.001502
2010-02-12,0.6049,0.007999000000000001
2010-02-22,0.6013,-0.005951
2010-02-23,0.5968,-0.007483999999999999
2010-02-24,0.6047,0.013237
2010-02-25,0.6126,0.013064
2010-02-26,0.6117,-0.001469
2010-03-01,0.6176,0.009645
2010-03-02,0.6153,-0.003724
2010-03-03,0.6186,0.005363
2010-03-04,0.6053,-0.0215
2010-03-05,0.6064,0.001817
2010-03-08,0.6104,0.006595999999999999
2010-03-09,0.6128,0.003932
2010-03-10,0.6083,-0.007343
2010-03-11,0.6064,-0.0031230000000000003
2010-03-12,0.6,-0.010554
2010-03-15,0.5931,-0.0115
2010-03-16,0.5959,0.004721
2010-03-17,0.6071,0.018795
2010-03-18,0.6064,-0.001153
2010-03-19,0.6095,0.005112
2010-03-22,0.6118,0.003774
2010-03-23,0.6084,-0.0055569999999999994
2010-03-24,0.6098,0.002301
2010-03-25,0.6035,-0.010331
2010-03-26,0.6103,0.011268
2010-03-29,0.6205,0.016713
2010-03-30,0.6225,0.0032229999999999997
2010-03-31,0.6208,-0.002731
2010-04-01,0.6285,0.012402999999999999
2010-04-02,0.6302,0.0027050000000000004
2010-04-06,0.629,-0.001904
2010-04-07,0.6271,-0.003021
2010-04-08,0.6222,-0.007814
2010-04-09,0.6288,0.010608
2010-04-12,0.6269,-0.0030220000000000004
2010-04-13,0.6299,0.004785
2010-04-14,0.6329,0.004763
2010-04-15,0.6298,-0.0048980000000000004
2010-04-16,0.6249,-0.0077800000000000005
2010-04-19,0.6026,-0.035686
2010-04-20,0.6078,0.008629
2010-04-21,0.6206,0.02106
2010-04-22,0.6198,-0.0012889999999999998
2010-04-23,0.6167,-0.0050019999999999995
2010-04-26,0.6141,-0.004216
2010-04-27,0.6031,-0.017911999999999997
2010-04-28,0.6008,-0.003814
2010-04-29,0.5886,-0.020306
2010-04-30,0.5818,-0.011553
2010-05-04,0.5833,0.0025779999999999996
2010-05-05,0.5934,0.017315
2010-05-06,0.5792,-0.023929999999999996
2010-05-07,0.5717,-0.012948999999999999
2010-05-10,0.5613,-0.018191
2010-05-11,0.5488,-0.022269999999999998
2010-05-12,0.5406,-0.014942
2010-05-13,0.555,0.026637
2010-05-14,0.5585,0.006306000000000001
2010-05-17,0.5397,-0.033662
2010-05-18,0.5448,0.00945
2010-05-19,0.5468,0.003671
2010-05-20,0.5409,-0.01079
2010-05-21,0.5478,0.012757000000000001
2010-05-24,0.5613,0.024644
2010-05-25,0.5595,-0.0032069999999999998
2010-05-26,0.558,-0.0026810000000000002
2010-05-27,0.5647,0.012007
2010-05-28,0.5679,0.005667
2010-05-31,0.5623,-0.009861
2010-06-01,0.5555,-0.012093
2010-06-02,0.5581,0.00468
2010-06-03,0.5579,-0.000358
2010-06-04,0.5602,0.004123
2010-06-07,0.5636,0.006069
2010-06-08,0.5661,0.004436
2010-06-09,0.5725,0.011305
2010-06-10,0.5748,0.004017
2010-06-11,0.5706,-0.007307
2010-06-17,0.5596,-0.019278
2010-06-18,0.5435,-0.028771
2010-06-21,0.5506,0.013063
2010-06-22,0.5522,0.002906
2010-06-23,0.5515,-0.001268
2010-06-24,0.5518,0.000544
2010-06-25,0.5456,-0.011236
2010-06-28,0.539,-0.012097
2010-06-29,0.5226,-0.030427
2010-06-30,0.5223,-0.000574
2010-07-01,0.5155,-0.013019000000000001
2010-07-02,0.5099,-0.010863000000000001
2010-07-05,0.5085,-0.002746
2010-07-06,0.5173,0.017306
2010-07-07,0.5223,0.009666000000000001
2010-07-08,0.5205,-0.0034460000000000003
2010-07-09,0.5292,0.016715
2010-07-12,0.5295,0.000567
2010-07-13,0.5247,-0.009065
2010-07-14,0.5251,0.0007620000000000001
2010-07-15,0.5193,-0.011046
2010-07-16,0.5199,0.001155
2010-07-19,0.5261,0.011924999999999998
2010-07-20,0.5366,0.019958
2010-07-21,0.537,0.000745
2010-07-22,0.5421,0.009497
2010-07-23,0.5444,0.004243
2010-07-26,0.5514,0.012858000000000001
2010-07-27,0.5522,0.001451
2010-07-28,0.5612,0.016298
2010-07-29,0.5627,0.002673
2010-07-30,0.5614,-0.00231
2010-08-02,0.5718,0.018525
2010-08-03,0.565,-0.011892
2010-08-04,0.5692,0.007434
2010-08-05,0.5727,0.006149
2010-08-06,0.5815,0.015366
2010-08-09,0.5863,0.008255
2010-08-10,0.5711,-0.025924999999999997
2010-08-11,0.5761,0.008754999999999999
2010-08-12,0.5727,-0.005901999999999999
2010-08-13,0.5803,0.013269999999999999
2010-08-16,0.5921,0.020333999999999998
2010-08-17,0.5942,0.0035470000000000002
2010-08-18,0.5935,-0.001178
2010-08-19,0.5918,-0.002864
2010-08-20,0.5774,-0.024333
2010-08-23,0.5803,0.005023
2010-08-24,0.5866,0.010856
2010-08-25,0.5789,-0.013126
2010-08-26,0.5824,0.006046
2010-08-27,0.588,0.009615
2010-08-30,0.6048,0.028571
2010-08-31,0.6075,0.004464
2010-09-01,0.599,-0.013992
2010-09-02,0.6071,0.013523
2010-09-03,0.6102,0.005106
2010-09-06,0.6074,-0.004588999999999999
2010-09-07,0.6085,0.0018110000000000001
2010-09-08,0.616,0.012325
2010-09-09,0.6122,-0.006169
2010-09-10,0.6222,0.016335
2010-09-13,0.6318,0.015429
2010-09-14,0.6351,0.005223
2010-09-15,0.6244,-0.016848000000000002
2010-09-16,0.6137,-0.017136
2010-09-17,0.6178,0.006681
2010-09-20,0.6145,-0.005342
2010-09-21,0.615,0.000814
2010-09-27,0.6283,0.021626
2010-09-28,0.6281,-0.00031800000000000003
2010-09-29,0.6194,-0.013851
2010-09-30,0.6287,0.015015
2010-10-08,0.6435,0.023541
2010-10-11,0.6382,-0.008236
2010-10-12,0.6375,-0.001097
2010-10-13,0.6414,0.006118
2010-10-14,0.6235,-0.027908
2010-10-15,0.6227,-0.001283
2010-10-18,0.6185,-0.006745
2010-10-19,0.6361,0.028456000000000002
2010-10-20,0.6421,0.009432000000000001
2010-10-21,0.6446,0.0038929999999999998
2010-10-22,0.6502,0.008688
2010-10-25,0.663,0.019686
2010-10-26,0.6637,0.001056
2010-10-27,0.6573,-0.009643
2010-10-28,0.6576,0.000456
2010-10-29,0.6662,0.013078000000000001
2010-11-01,0.6824,0.024317000000000002
2010-11-02,0.6746,-0.011430000000000001
2010-11-03,0.6643,-0.015267999999999999
2010-11-04,0.6809,0.024988999999999997
2010-11-05,0.6882,0.010721000000000001
2010-11-08,0.7,0.017145999999999998
2010-11-09,0.7037,0.005286
2010-11-10,0.7129,0.013073999999999999
2010-11-11,0.7086,-0.006031999999999999
2010-11-12,0.6783,-0.04276
2010-11-15,0.7001,0.032139
2010-11-16,0.6866,-0.019282999999999998
2010-11-17,0.662,-0.035829
2010-11-18,0.6716,0.014502
2010-11-19,0.6935,0.032609
2010-11-22,0.7031,0.013843000000000001
2010-11-23,0.6991,-0.005689
2010-11-24,0.7177,0.026606
2010-11-25,0.7168,-0.0012540000000000001
2010-11-26,0.714,-0.003906
2010-11-29,0.7209,0.009664
2010-11-30,0.707,-0.019281
2010-12-01,0.7038,-0.004526
2010-12-02,0.7024,-0.001989
2010-12-03,0.6972,-0.007403
2010-12-06,0.6903,-0.009897
2010-12-07,0.7021,0.017094
2010-12-08,0.7027,0.0008550000000000001
2010-12-09,0.6909,-0.016792
2010-12-10,0.7013,0.015053
2010-12-13,0.7188,0.024954
2010-12-14,0.7237,0.006817
2010-12-15,0.7247,0.001382
2010-12-16,0.726,0.001794
2010-12-17,0.7242,-0.0024790000000000003
2010-12-20,0.7168,-0.010218
2010-12-21,0.7202,0.004743
2010-12-22,0.7134,-0.009442
2010-12-23,0.7,-0.018783
2010-12-24,0.6901,-0.014143
2010-12-27,0.6747,-0.022316
2010-12-28,0.6651,-0.014229
2010-12-29,0.6757,0.015937
2010-12-30,0.6852,0.014058999999999999
2010-12-31,0.7009,0.022913000000000003
2011-01-04,0.7081,0.010273000000000001
2011-01-05,0.7107,0.0036720000000000004
2011-01-06,0.7053,-0.007598000000000001
2011-01-07,0.6969,-0.01191
2011-01-10,0.6739,-0.033003
2011-01-11,0.6699,-0.005936
2011-01-12,0.6686,-0.001941
2011-01-13,0.6738,0.007776999999999999
2011-01-14,0.6625,-0.016771
2011-01-17,0.6377,-0.037433999999999995
2011-01-18,0.642,0.006743
2011-01-19,0.6575,0.024142999999999998
2011-01-20,0.6374,-0.03057
2011-01-21,0.6365,-0.0014119999999999998
2011-01-24,0.6196,-0.026551
2011-01-25,0.6141,-0.008877000000000001
2011-01-26,0.6237,0.015632999999999998
2011-01-27,0.6341,0.016675
2011-01-28,0.6395,0.008516000000000001
2011-01-31,0.6489,0.014699
2011-02-01,0.6508,0.002928
2011-02-09,0.6434,-0.011371
2011-02-10,0.6586,0.023624
2011-02-11,0.663,0.006681
2011-02-14,0.6733,0.015535
2011-02-15,0.6747,0.002079
2011-02-16,0.6833,0.012746
2011-02-17,0.6875,0.0061470000000000006
2011-02-18,0.6828,-0.006836
2011-02-21,0.6932,0.015231
2011-02-22,0.676,-0.024811999999999997
2011-02-23,0.6814,0.007988
2011-02-24,0.6845,0.004549
2011-02-25,0.682,-0.0036520000000000003
2011-02-28,0.6887,0.009824000000000001
2011-03-01,0.6891,0.000581
2011-03-02,0.6825,-0.009578
2011-03-03,0.6691,-0.019634
2011-03-04,0.6731,0.005978
2011-03-07,0.6787,0.00832
2011-03-08,0.6789,0.00029499999999999996
2011-03-09,0.6815,0.00383
2011-03-10,0.6783,-0.0046960000000000005
2011-03-11,0.675,-0.0048649999999999995
2011-03-14,0.6811,0.009037
2011-03-15,0.675,-0.008955999999999999
2011-03-16,0.68,0.007407
2011-03-17,0.6707,-0.013675999999999999
2011-03-18,0.6713,0.000895
2011-03-21,0.6652,-0.009087
2011-03-22,0.6628,-0.003608
2011-03-23,0.669,0.009354
2011-03-24,0.6682,-0.001196
2011-03-25,0.6726,0.006585
2011-03-28,0.6659,-0.009961
2011-03-29,0.6564,-0.014266000000000001
2011-03-30,0.6544,-0.0030470000000000002
2011-03-31,0.6506,-0.005807
2011-04-01,0.6599,0.014294
2011-04-06,0.6604,0.0007580000000000001
2011-04-07,0.6617,0.001969
2011-04-08,0.6685,0.010277000000000001
2011-04-11,0.6636,-0.00733
2011-04-12,0.6607,-0.00437
2011-04-13,0.6696,0.013471
2011-04-14,0.6651,-0.00672
2011-04-15,0.6629,-0.0033079999999999997
2011-04-18,0.662,-0.001358
2011-04-19,0.6578,-0.006344
2011-04-20,0.6602,0.003649
2011-04-21,0.6628,0.003938
2011-04-22,0.6617,-0.00166
2011-04-25,0.6555,-0.00937
2011-04-26,0.6497,-0.008848
2011-04-27,0.6452,-0.006926
2011-04-28,0.6358,-0.014569
2011-04-29,0.6399,0.006449
2011-05-03,0.6438,0.006095000000000001
2011-05-04,0.6336,-0.015843
2011-05-05,0.6353,0.0026829999999999996
2011-05-06,0.6367,0.0022040000000000002
2011-05-09,0.6375,0.001256
2011-05-10,0.6394,0.00298
2011-05-11,0.6384,-0.001564
2011-05-12,0.6346,-0.005952
2011-05-13,0.6355,0.001418
2011-05-16,0.6319,-0.005665
2011-05-17,0.6323,0.000633
2011-05-18,0.6372,0.007749000000000001
2011-05-19,0.6361,-0.001726
2011-05-20,0.6371,0.001572
2011-05-23,0.6216,-0.024329
2011-05-24,0.6206,-0.001609
2011-05-25,0.6133,-0.011763
2011-05-26,0.6082,-0.008316
2011-05-27,0.6026,-0.009207
2011-05-30,0.602,-0.000996
2011-05-31,0.608,0.009967
2011-06-01,0.6107,0.004441
2011-06-02,0.6029,-0.012771999999999999
2011-06-03,0.61,0.011776
2011-06-07,0.6122,0.0036070000000000004
2011-06-08,0.6117,-0.0008169999999999999
2011-06-09,0.6014,-0.016838
2011-06-10,0.6027,0.002162
2011-06-13,0.6013,-0.002323
2011-06-14,0.6082,0.011474999999999999
2011-06-15,0.6023,-0.009701
2011-06-16,0.594,-0.013781000000000002
2011-06-17,0.5907,-0.005556
2011-06-20,0.5871,-0.0060940000000000005
2011-06-21,0.5936,0.011071
2011-06-22,0.5937,0.000168
2011-06-23,0.6032,0.016001
2011-06-24,0.6132,0.016578
2011-06-27,0.6172,0.006523
2011-06-28,0.6186,0.002268
2011-06-29,0.613,-0.009053
2011-06-30,0.6205,0.012235000000000001
2011-07-01,0.6236,0.004996
2011-07-04,0.6338,0.016357
2011-07-05,0.635,0.001893
2011-07-06,0.6343,-0.0011020000000000001
2011-07-07,0.6357,0.002207
2011-07-08,0.6355,-0.000315
2011-07-11,0.6395,0.006293999999999999
2011-07-12,0.633,-0.010164
2011-07-13,0.6402,0.011374
2011-07-14,0.6424,0.0034360000000000003
2011-07-15,0.646,0.0056040000000000005
2011-07-18,0.6463,0.00046399999999999995
2011-07-19,0.6407,-0.008665
2011-07-20,0.6399,-0.001249
2011-07-21,0.6337,-0.009689
2011-07-22,0.6363,0.004103
2011-07-25,0.6207,-0.024517
2011-07-26,0.6223,0.0025779999999999996
2011-07-27,0.6303,0.012856000000000001
2011-07-28,0.6298,-0.000793
2011-07-29,0.625,-0.007621
2011-08-01,0.6255,0.0008
2011-08-02,0.6243,-0.001918
2011-08-03,0.6261,0.002883
2011-08-04,0.6279,0.002875
2011-08-05,0.6223,-0.008919
2011-08-08,0.6072,-0.024265
2011-08-09,0.6103,0.005104999999999999
2011-08-10,0.6182,0.012944
2011-08-11,0.6269,0.014073
2011-08-12,0.6273,0.000638
2011-08-15,0.6318,0.007174000000000001
2011-08-16,0.6284,-0.005381
2011-08-17,0.6254,-0.004774
2011-08-18,0.617,-0.013431
2011-08-19,0.6137,-0.005348
2011-08-22,0.6069,-0.011080000000000001
2011-08-23,0.6132,0.010381
2011-08-24,0.6121,-0.001794
2011-08-25,0.6224,0.016827
2011-08-26,0.6224,0.0
2011-08-29,0.6184,-0.006427
2011-08-30,0.6156,-0.004528
2011-08-31,0.6142,-0.002274
2011-09-01,0.6101,-0.0066749999999999995
2011-09-02,0.6046,-0.009015
2011-09-05,0.5947,-0.016374
2011-09-06,0.5899,-0.008071
2011-09-07,0.6,0.017122
2011-09-08,0.5956,-0.007332999999999999
2011-09-09,0.5933,-0.003862
2011-09-13,0.5871,-0.01045
2011-09-14,0.5896,0.0042580000000000005
2011-09-15,0.5903,0.001187
2011-09-16,0.5903,0.0
2011-09-19,0.5828,-0.012705
2011-09-20,0.5837,0.001544
2011-09-21,0.5955,0.020215999999999998
2011-09-22,0.5827,-0.021495
2011-09-23,0.5787,-0.006865
2011-09-26,0.5724,-0.010886
2011-09-27,0.5744,0.0034939999999999997
2011-09-28,0.5702,-0.007312
2011-09-29,0.5663,-0.006840000000000001
2011-09-30,0.565,-0.002296
2011-10-10,0.5596,-0.009558
2011-10-11,0.553,-0.011794
2011-10-12,0.5654,0.022423000000000002
2011-10-13,0.5695,0.007252
2011-10-14,0.5683,-0.002107
2011-10-17,0.5713,0.005279000000000001
2011-10-18,0.5608,-0.018379
2011-10-19,0.558,-0.004993
2011-10-20,0.5476,-0.018638
2011-10-21,0.542,-0.010225999999999999
2011-10-24,0.5494,0.013653
2011-10-25,0.5605,0.020204
2011-10-26,0.5649,0.007850000000000001
2011-10-27,0.5659,0.0017699999999999999
2011-10-28,0.5743,0.014844
2011-10-31,0.5755,0.00209
2011-11-01,0.5751,-0.0006950000000000001
2011-11-02,0.5838,0.015127999999999999
2011-11-03,0.5871,0.005653
2011-11-04,0.5875,0.000681
2011-11-07,0.5863,-0.002043
2011-11-08,0.5829,-0.0057989999999999995
2011-11-09,0.588,0.008749
2011-11-10,0.5838,-0.007143
2011-11-11,0.5808,-0.005139
2011-11-14,0.5911,0.017734
2011-11-15,0.5913,0.000338
2011-11-16,0.58,-0.019110000000000002
2011-11-17,0.582,0.003448
2011-11-18,0.5721,-0.01701
2011-11-21,0.5719,-0.00035000000000000005
2011-11-22,0.5732,0.002273
2011-11-23,0.5728,-0.000698
2011-11-24,0.5759,0.005412
2011-11-25,0.5741,-0.003126
2011-11-28,0.5771,0.005226
2011-11-29,0.582,0.008491
2011-11-30,0.5707,-0.019416
2011-12-01,0.576,0.009287
2011-12-02,0.5693,-0.011632
2011-12-05,0.5576,-0.020552
2011-12-06,0.5557,-0.003407
2011-12-07,0.5557,0.0
2011-12-08,0.5541,-0.002879
2011-12-09,0.5474,-0.012092
2011-12-12,0.544,-0.0062109999999999995
2011-12-13,0.5342,-0.018015
2011-12-14,0.5306,-0.006739
2011-12-15,0.5256,-0.009423
2011-12-16,0.5357,0.019216
2011-12-19,0.5387,0.005600000000000001
2011-12-20,0.5368,-0.003527
2011-12-21,0.5267,-0.018815
2011-12-22,0.5248,-0.0036070000000000004
2011-12-23,0.5268,0.003811
2011-12-26,0.5207,-0.011578999999999999
2011-12-27,0.5068,-0.026695000000000003
2011-12-28,0.5018,-0.009866
2011-12-29,0.503,0.002391
2011-12-30,0.5126,0.019085
2011-12-31,0.5126,0.0
2012-01-04,0.4993,-0.025945999999999997
2012-01-05,0.484,-0.030642999999999997
2012-01-06,0.483,-0.002066
2012-01-09,0.4973,0.029607
2012-01-10,0.5127,0.030966999999999998
2012-01-11,0.5132,0.0009750000000000001
2012-01-12,0.511,-0.004287
2012-01-13,0.4976,-0.026223
2012-01-16,0.4825,-0.030346
2012-01-17,0.4968,0.029636999999999997
2012-01-18,0.4843,-0.025161
2012-01-19,0.4906,0.013007999999999999
2012-01-20,0.5,0.01916
2012-01-30,0.4956,-0.0088
2012-01-31,0.4954,-0.000404
2012-02-01,0.4943,-0.00222
2012-02-02,0.5,0.011531
2012-02-03,0.5046,0.0092
2012-02-06,0.5092,0.009115999999999999
2012-02-07,0.5054,-0.007463
2012-02-08,0.5125,0.014048
2012-02-09,0.5138,0.0025369999999999998
2012-02-10,0.514,0.00038899999999999997
2012-02-13,0.5177,0.0071979999999999995
2012-02-14,0.5179,0.000386
2012-02-15,0.5215,0.006951000000000001
2012-02-16,0.5196,-0.003643
2012-02-17,0.5184,-0.002309
2012-02-20,0.518,-0.000772
2012-02-21,0.5219,0.007529
2012-02-22,0.5278,0.011305
2012-02-23,0.5281,0.000568
2012-02-24,0.5337,0.010604
2012-02-27,0.536,0.00431
2012-02-28,0.5347,-0.002425
2012-02-29,0.5309,-0.007107
2012-03-01,0.5299,-0.001884
2012-03-02,0.5379,0.015097000000000001
2012-03-05,0.5343,-0.006693
2012-03-06,0.5287,-0.010481
2012-03-07,0.5279,-0.0015129999999999998
2012-03-08,0.5331,0.00985
2012-03-09,0.5391,0.011255
2012-03-12,0.5404,0.002411
2012-03-13,0.5466,0.011473
2012-03-14,0.5342,-0.022686
2012-03-15,0.5353,0.002059
2012-03-16,0.5465,0.020922999999999997
2012-03-19,0.547,0.000915
2012-03-20,0.5351,-0.021755
2012-03-21,0.5324,-0.005046
2012-03-22,0.5317,-0.001315
2012-03-23,0.5273,-0.008275
2012-03-26,0.5303,0.005689
2012-03-27,0.5252,-0.009617
2012-03-28,0.5107,-0.027608999999999998
2012-03-29,0.5075,-0.006266000000000001
2012-03-30,0.5072,-0.0005909999999999999
2012-03-31,0.5072,0.0
2012-04-05,0.5207,0.026617000000000002
2012-04-06,0.5233,0.004993
2012-04-09,0.5186,-0.008981
2012-04-10,0.5218,0.00617
2012-04-11,0.5214,-0.000767
2012-04-12,0.5301,0.016686
2012-04-13,0.5315,0.002641
2012-04-16,0.5297,-0.003387
2012-04-17,0.5233,-0.012081999999999999
2012-04-18,0.5303,0.013376999999999998
2012-04-19,0.5277,-0.004903
2012-04-20,0.532,0.008149
2012-04-23,0.5288,-0.006015
2012-04-24,0.5258,-0.005673
2012-04-25,0.5279,0.003994
2012-04-26,0.5274,-0.000947
2012-04-27,0.5267,-0.001327
2012-05-02,0.5341,0.01405
2012-05-03,0.5374,0.0061790000000000005
2012-05-04,0.5457,0.015445
2012-05-07,0.5502,0.008246
2012-05-08,0.5472,-0.005453
2012-05-09,0.5412,-0.010965
2012-05-10,0.5415,0.000554
2012-05-11,0.5378,-0.0068330000000000005
2012-05-14,0.5335,-0.007996
2012-05-15,0.5343,0.0015
2012-05-16,0.5277,-0.012353000000000001
2012-05-17,0.5348,0.013455
2012-05-18,0.5275,-0.01365
2012-05-21,0.5302,0.005118
2012-05-22,0.5385,0.015653999999999998
2012-05-23,0.5397,0.002228
2012-05-24,0.5329,-0.0126
2012-05-25,0.5263,-0.012385
2012-05-28,0.5331,0.012920000000000001
2012-05-29,0.539,0.011067
2012-05-30,0.5375,-0.002783
2012-05-31,0.5383,0.001488
2012-06-01,0.5403,0.003715
2012-06-04,0.5276,-0.023504999999999998
2012-06-05,0.5271,-0.000948
2012-06-06,0.5251,-0.003794
2012-06-07,0.5235,-0.0030470000000000002
2012-06-08,0.5227,-0.0015279999999999998
2012-06-11,0.5308,0.015496000000000001
2012-06-12,0.5288,-0.003768
2012-06-13,0.5394,0.020045
2012-06-14,0.5385,-0.001669
2012-06-15,0.5346,-0.007241999999999999
2012-06-18,0.5371,0.0046760000000000005
2012-06-19,0.5327,-0.008192
2012-06-20,0.5295,-0.006007
2012-06-21,0.5226,-0.013031
2012-06-25,0.5123,-0.019709
2012-06-26,0.5135,0.002342
2012-06-27,0.5139,0.000779
2012-06-28,0.5111,-0.005449000000000001
2012-06-29,0.5188,0.015066
2012-06-30,0.5188,0.0
2012-07-02,0.5229,0.007903
2012-07-03,0.5223,-0.001147
2012-07-04,0.5219,-0.000766
2012-07-05,0.5151,-0.013028999999999999
2012-07-06,0.5259,0.020967
2012-07-09,0.52,-0.011219
2012-07-10,0.5167,-0.006346000000000001
2012-07-11,0.5211,0.008516000000000001
2012-07-12,0.527,0.011322
2012-07-13,0.5278,0.0015179999999999998
2012-07-16,0.5175,-0.019515
2012-07-17,0.5179,0.0007729999999999999
2012-07-18,0.5182,0.000579
2012-07-19,0.5215,0.006368
2012-07-20,0.5172,-0.008245
2012-07-23,0.5119,-0.010247
2012-07-24,0.5144,0.004884
2012-07-25,0.5128,-0.00311
2012-07-26,0.5095,-0.006435
2012-07-27,0.5063,-0.006281
2012-07-30,0.502,-0.008493
2012-07-31,0.5007,-0.0025900000000000003
2012-08-01,0.5054,0.009387
2012-08-02,0.5035,-0.003759
2012-08-03,0.5074,0.007745999999999999
2012-08-06,0.5134,0.011825
2012-08-07,0.5132,-0.00039
2012-08-08,0.5124,-0.001559
2012-08-09,0.5185,0.011904999999999999
2012-08-10,0.5168,-0.0032790000000000002
2012-08-13,0.5075,-0.017995
2012-08-14,0.5073,-0.000394
2012-08-15,0.5041,-0.006308
2012-08-16,0.5011,-0.005951
2012-08-17,0.4978,-0.006586
2012-08-20,0.499,0.002411
2012-08-21,0.5037,0.009419
2012-08-22,0.5015,-0.004368
2012-08-23,0.5017,0.000399
2012-08-24,0.4989,-0.005581
2012-08-27,0.4917,-0.014432
2012-08-28,0.4909,-0.0016270000000000002
2012-08-29,0.4885,-0.004889
2012-08-30,0.484,-0.009212
2012-08-31,0.4841,0.000207
2012-09-03,0.4904,0.013014
2012-09-04,0.4888,-0.003263
2012-09-05,0.4907,0.003887
2012-09-06,0.493,0.004687
2012-09-07,0.5047,0.023732000000000003
2012-09-10,0.505,0.000594
2012-09-11,0.5026,-0.004752
2012-09-12,0.5034,0.001592
2012-09-13,0.5011,-0.004569
2012-09-14,0.5011,0.0
2012-09-17,0.4939,-0.014368
2012-09-18,0.4928,-0.0022270000000000002
2012-09-19,0.493,0.00040599999999999995
2012-09-20,0.4865,-0.013185
2012-09-21,0.4854,-0.002261
2012-09-24,0.4886,0.006593
2012-09-25,0.4898,0.0024560000000000003
2012-09-26,0.4842,-0.011433
2012-09-27,0.4918,0.015696
2012-09-28,0.4972,0.01098
2012-09-30,0.4971,-0.000201
2012-10-08,0.494,-0.006236
2012-10-09,0.5017,0.015587
2012-10-10,0.5031,0.002791
2012-10-11,0.4994,-0.007354
2012-10-12,0.4983,-0.002203
2012-10-15,0.4994,0.002208
2012-10-16,0.5013,0.0038050000000000002
2012-10-17,0.5004,-0.001795
2012-10-18,0.5054,0.009992
2012-10-19,0.5053,-0.00019800000000000002
2012-10-22,0.506,0.0013850000000000002
2012-10-23,0.4998,-0.012253
2012-10-24,0.4981,-0.003401
2012-10-25,0.4942,-0.00783
2012-10-26,0.4892,-0.010117000000000001
2012-10-29,0.4876,-0.003271
2012-10-30,0.4878,0.00041
2012-10-31,0.4909,0.0063549999999999995
2012-11-01,0.4962,0.010795999999999998
2012-11-02,0.4967,0.001008
2012-11-05,0.4941,-0.005235
2012-11-06,0.4916,-0.00506
2012-11-07,0.4899,-0.003458
2012-11-08,0.4837,-0.012656
2012-11-09,0.4823,-0.002894
2012-11-12,0.4815,-0.0016589999999999999
2012-11-13,0.4775,-0.008307
2012-11-14,0.4782,0.001466
2012-11-15,0.4748,-0.00711
2012-11-16,0.4728,-0.0042120000000000005
2012-11-19,0.4701,-0.005711000000000001
2012-11-20,0.4687,-0.002978
2012-11-21,0.4708,0.0044800000000000005
2012-11-22,0.4672,-0.007647
2012-11-23,0.4701,0.006207000000000001
2012-11-26,0.4672,-0.006169
2012-11-27,0.4617,-0.011772
2012-11-28,0.4566,-0.011046
2012-11-29,0.4561,-0.001095
2012-11-30,0.4603,0.009209
2012-12-03,0.4544,-0.012818000000000001
2012-12-04,0.4579,0.007702
2012-12-05,0.4674,0.020747
2012-12-06,0.4668,-0.0012839999999999998
2012-12-07,0.472,0.01114
2012-12-10,0.476,0.008475
2012-12-11,0.474,-0.004202
2012-12-12,0.4749,0.001899
2012-12-13,0.4724,-0.005264
2012-12-14,0.4867,0.030271
2012-12-17,0.4866,-0.000205
2012-12-18,0.4844,-0.004521
2012-12-19,0.4856,0.002477
2012-12-20,0.4867,0.002265
2012-12-21,0.4855,-0.0024660000000000003
2012-12-24,0.4881,0.0053549999999999995
2012-12-25,0.4983,0.020897000000000002
2012-12-26,0.5025,0.008428999999999999
2012-12-27,0.5011,-0.0027860000000000003
2012-12-28,0.5061,0.009978
2012-12-31,0.5137,0.015017
2013-01-04,0.5108,-0.005645
2013-01-07,0.5125,0.003328
2013-01-08,0.5174,0.009561
2013-01-09,0.5201,0.005218
2013-01-10,0.5205,0.0007689999999999999
2013-01-11,0.5123,-0.015754
2013-01-14,0.5278,0.030255999999999998
2013-01-15,0.5313,0.006631000000000001
2013-01-16,0.5318,0.000941
2013-01-17,0.5303,-0.002821
2013-01-18,0.5382,0.014897
2013-01-21,0.5372,-0.0018579999999999998
2013-01-22,0.5318,-0.010052
2013-01-23,0.5328,0.00188
2013-01-24,0.5253,-0.014077
2013-01-25,0.5261,0.0015229999999999998
2013-01-28,0.5394,0.02528
2013-01-29,0.5422,0.005191
2013-01-30,0.5433,0.002029
2013-01-31,0.5386,-0.008650999999999999
2013-02-01,0.5446,0.01114
2013-02-04,0.5388,-0.01065
2013-02-05,0.5467,0.014662
2013-02-06,0.55,0.0060360000000000006
2013-02-07,0.5544,0.008
2013-02-08,0.5623,0.01425
2013-02-18,0.5579,-0.007825
2013-02-19,0.5452,-0.022764000000000003
2013-02-20,0.557,0.021643
2013-02-21,0.5466,-0.018671
2013-02-22,0.5431,-0.006403
2013-02-25,0.5473,0.007733
2013-02-26,0.5403,-0.01279
2013-02-27,0.5414,0.002036
2013-02-28,0.5543,0.023826999999999997
2013-03-01,0.5582,0.007036
2013-03-04,0.5379,-0.036367
2013-03-05,0.5491,0.020821999999999997
2013-03-06,0.5536,0.008195000000000001
2013-03-07,0.5439,-0.017522
2013-03-08,0.5374,-0.011951
2013-03-11,0.5368,-0.001116
2013-03-12,0.5291,-0.014343999999999999
2013-03-13,0.5228,-0.011907000000000001
2013-03-14,0.5257,0.005547
2013-03-15,0.5275,0.003424
2013-03-18,0.5238,-0.007014
2013-03-19,0.527,0.006109
2013-03-20,0.5427,0.029790999999999998
2013-03-21,0.546,0.006081
2013-03-22,0.5473,0.002381
2013-03-25,0.545,-0.004202
2013-03-26,0.5419,-0.0056879999999999995
2013-03-27,0.5467,0.008858
2013-03-28,0.5326,-0.025790999999999998
2013-03-29,0.5296,-0.005633
2013-04-01,0.533,0.00642
2013-04-02,0.5257,-0.013696
2013-04-03,0.5227,-0.005707
2013-04-08,0.5227,0.0
2013-04-09,0.5255,0.005357
2013-04-10,0.5207,-0.009134
2013-04-11,0.5192,-0.0028810000000000003
2013-04-12,0.5175,-0.0032740000000000004
2013-04-15,0.5143,-0.006183999999999999
2013-04-16,0.5219,0.014777
2013-04-17,0.5267,0.009197
2013-04-18,0.5274,0.0013289999999999999
2013-04-19,0.5388,0.021615000000000002
2013-04-22,0.5387,-0.000186
2013-04-23,0.5249,-0.025617
2013-04-24,0.5342,0.017718
2013-04-25,0.5275,-0.012542
2013-04-26,0.5212,-0.011942999999999999
2013-05-02,0.5254,0.008058
2013-05-03,0.5354,0.019033
2013-05-06,0.5431,0.014381999999999999
2013-05-07,0.5437,0.001105
2013-05-08,0.5468,0.0057020000000000005
2013-05-09,0.5455,-0.0023769999999999998
2013-05-10,0.546,0.0009170000000000001
2013-05-13,0.5446,-0.0025640000000000003
2013-05-14,0.5388,-0.01065
2013-05-15,0.5447,0.01095
2013-05-16,0.5534,0.015972
2013-05-17,0.5615,0.014637
2013-05-20,0.5643,0.004987
2013-05-21,0.5648,0.000886
2013-05-22,0.564,-0.001416
2013-05-23,0.5593,-0.008333
2013-05-24,0.5652,0.010549
2013-05-27,0.5698,0.008139
2013-05-28,0.5763,0.011408
2013-05-29,0.5774,0.0019089999999999999
2013-05-30,0.5786,0.002078
2013-05-31,0.574,-0.00795
2013-06-03,0.5705,-0.006098
2013-06-04,0.5613,-0.016126
2013-06-05,0.5631,0.0032069999999999998
2013-06-06,0.5562,-0.012254000000000001
2013-06-07,0.5492,-0.012584999999999999
2013-06-13,0.5404,-0.016023
2013-06-14,0.55,0.017765
2013-06-17,0.5513,0.0023639999999999998
2013-06-18,0.5536,0.004172
2013-06-19,0.5517,-0.003432
2013-06-20,0.537,-0.026645
2013-06-21,0.5362,-0.00149
2013-06-24,0.5116,-0.045877999999999995
2013-06-25,0.5178,0.012119
2013-06-26,0.5333,0.029934
2013-06-27,0.5281,-0.009751
2013-06-28,0.5299,0.003408
2013-06-30,0.5299,0.0
2013-07-01,0.5482,0.034535
2013-07-02,0.558,0.017877
2013-07-03,0.5637,0.010215
2013-07-04,0.5582,-0.009757
2013-07-05,0.5497,-0.015227999999999998
2013-07-08,0.5399,-0.017828
2013-07-09,0.5426,0.005001
2013-07-10,0.5504,0.014375
2013-07-11,0.5585,0.014717000000000001
2013-07-12,0.5626,0.0073409999999999994
2013-07-15,0.5778,0.027017000000000003
2013-07-16,0.5793,0.002596
2013-07-17,0.5692,-0.017435
2013-07-18,0.567,-0.003865
2013-07-19,0.5624,-0.008113
2013-07-22,0.575,0.022404
2013-07-23,0.5863,0.019652
2013-07-24,0.5948,0.014498
2013-07-25,0.5778,-0.028581
2013-07-26,0.5779,0.000173
2013-07-29,0.5701,-0.013496999999999999
2013-07-30,0.5637,-0.011226
2013-07-31,0.5656,0.0033710000000000003
2013-08-01,0.5842,0.032885
2013-08-02,0.5848,0.001027
2013-08-05,0.5908,0.01026
2013-08-06,0.5939,0.005247000000000001
2013-08-07,0.5814,-0.021046999999999996
2013-08-08,0.5839,0.0043
2013-08-09,0.583,-0.0015409999999999998
2013-08-12,0.5814,-0.002744
2013-08-13,0.5826,0.002064
2013-08-14,0.581,-0.002746
2013-08-15,0.5719,-0.015663
2013-08-16,0.5585,-0.023431
2013-08-19,0.5701,0.02077
2013-08-20,0.5697,-0.0007019999999999999
2013-08-21,0.5711,0.002457
2013-08-22,0.5754,0.007529
2013-08-23,0.5819,0.011295999999999999
2013-08-26,0.5908,0.015295000000000001
2013-08-27,0.5922,0.0023699999999999997
2013-08-28,0.5806,-0.019588
2013-08-29,0.578,-0.004477999999999999
2013-08-30,0.5672,-0.018685
2013-09-02,0.5756,0.01481
2013-09-03,0.586,0.018068
2013-09-04,0.5851,-0.0015359999999999998
2013-09-05,0.5945,0.016066
2013-09-06,0.5967,0.003701
2013-09-09,0.5924,-0.007206000000000001
2013-09-10,0.5895,-0.004895
2013-09-11,0.5763,-0.022392
2013-09-12,0.573,-0.005726
2013-09-13,0.5829,0.017277
2013-09-16,0.5923,0.016126
2013-09-17,0.5903,-0.003377
2013-09-18,0.5959,0.009487
2013-09-23,0.6136,0.029703
2013-09-24,0.6203,0.010919000000000002
2013-09-25,0.6145,-0.00935
2013-09-26,0.6152,0.001139
2013-09-27,0.6239,0.014141999999999998
2013-09-30,0.6308,0.011059000000000001
2013-10-08,0.6359,0.008085
2013-10-09,0.6403,0.006919
2013-10-10,0.6331,-0.011245
2013-10-11,0.6372,0.006475999999999999
2013-10-14,0.6417,0.007062000000000001
2013-10-15,0.6434,0.0026490000000000003
2013-10-16,0.631,-0.019273
2013-10-17,0.6274,-0.005705
2013-10-18,0.6323,0.00781
2013-10-21,0.6546,0.035268
2013-10-22,0.6432,-0.017415
2013-10-23,0.6264,-0.026119
2013-10-24,0.6175,-0.014208
2013-10-25,0.6064,-0.017976000000000002
2013-10-28,0.6021,-0.007090999999999999
2013-10-29,0.5971,-0.008304
2013-10-30,0.6069,0.016413
2013-10-31,0.5895,-0.02867
2013-11-01,0.5863,-0.005428
2013-11-04,0.5877,0.002388
2013-11-05,0.5965,0.014974000000000001
2013-11-06,0.591,-0.00922
2013-11-07,0.5822,-0.01489
2013-11-08,0.5746,-0.013054
2013-11-11,0.5821,0.013052999999999999
2013-11-12,0.5873,0.008933
2013-11-13,0.5799,-0.0126
2013-11-14,0.5926,0.0219
2013-11-15,0.6006,0.013500000000000002
2013-11-18,0.6087,0.013487
2013-11-19,0.6056,-0.0050929999999999994
2013-11-20,0.6055,-0.000165
2013-11-21,0.6014,-0.006771
2013-11-22,0.5987,-0.00449
2013-11-25,0.5988,0.000167
2013-11-26,0.598,-0.001336
2013-11-27,0.6071,0.015217000000000001
2013-11-28,0.6151,0.013177000000000001
2013-11-29,0.6211,0.009755
2013-12-02,0.594,-0.043632
2013-12-03,0.6038,0.016498
2013-12-04,0.6061,0.0038090000000000003
2013-12-05,0.5967,-0.015509
2013-12-06,0.5942,-0.00419
2013-12-09,0.6006,0.010771
2013-12-10,0.598,-0.004329
2013-12-11,0.5968,-0.002007
2013-12-12,0.6038,0.011729
2013-12-13,0.6028,-0.001656
2013-12-16,0.5957,-0.011778
2013-12-17,0.5952,-0.000839
2013-12-18,0.595,-0.000336
2013-12-19,0.5917,-0.005546
2013-12-20,0.59,-0.002873
2013-12-23,0.5885,-0.002542
2013-12-24,0.5947,0.010535000000000001
2013-12-25,0.6039,0.01547
2013-12-26,0.5988,-0.008445000000000001
2013-12-27,0.6058,0.01169
2013-12-30,0.6081,0.003797
2013-12-31,0.6089,0.001316
2014-01-02,0.6098,0.001478
2014-01-03,0.6126,0.004592
2014-01-06,0.6039,-0.014202
2014-01-07,0.6102,0.010431999999999999
2014-01-08,0.6192,0.014749000000000002
2014-01-09,0.6132,-0.009689999999999999
2014-01-10,0.6039,-0.015165999999999999
2014-01-13,0.6049,0.001656
2014-01-14,0.6146,0.016035999999999998
2014-01-15,0.6197,0.008298
2014-01-16,0.6163,-0.005487
2014-01-17,0.6088,-0.012169000000000001
2014-01-20,0.5997,-0.014946999999999998
2014-01-21,0.6085,0.014674
2014-01-22,0.6221,0.02235
2014-01-23,0.6326,0.016878
2014-01-24,0.6378,0.00822
2014-01-27,0.6322,-0.00878
2014-01-28,0.6288,-0.005377999999999999
2014-01-29,0.6334,0.0073160000000000005
2014-01-30,0.6328,-0.000947
2014-02-07,0.6447,0.018805000000000002
2014-02-10,0.659,0.022181000000000003
2014-02-11,0.6531,-0.008953
2014-02-12,0.6547,0.00245
2014-02-13,0.6411,-0.020773
2014-02-14,0.6502,0.014194
2014-02-17,0.6602,0.01538
2014-02-18,0.6557,-0.006816
2014-02-19,0.653,-0.004118
2014-02-20,0.6471,-0.009035
2014-02-21,0.6447,-0.003709
2014-02-24,0.6457,0.0015509999999999999
2014-02-25,0.6227,-0.03562
2014-02-26,0.6192,-0.005621
2014-02-27,0.5991,-0.032461000000000004
2014-02-28,0.6063,0.012018
2014-03-03,0.6161,0.016164
2014-03-04,0.6111,-0.008116
2014-03-05,0.6077,-0.005564
2014-03-06,0.6048,-0.004772
2014-03-07,0.6044,-0.000661
2014-03-10,0.5882,-0.026803
2014-03-11,0.5896,0.0023799999999999997
2014-03-12,0.5909,0.002205
2014-03-13,0.6013,0.0176
2014-03-14,0.6006,-0.001164
2014-03-17,0.6095,0.014819
2014-03-18,0.611,0.002461
2014-03-19,0.6014,-0.015712
2014-03-20,0.5819,-0.032424
2014-03-21,0.5878,0.010139
2014-03-24,0.5845,-0.005614
2014-03-25,0.5857,0.002053
2014-03-26,0.5936,0.013488
2014-03-27,0.5787,-0.025101
2014-03-28,0.5667,-0.020735999999999997
2014-03-31,0.562,-0.008294000000000001
2014-04-01,0.5719,0.017616
2014-04-02,0.5662,-0.009967
2014-04-03,0.5655,-0.0012360000000000001
2014-04-04,0.5749,0.016621999999999998
2014-04-08,0.5812,0.010958
2014-04-09,0.5867,0.009463000000000001
2014-04-10,0.591,0.007329
2014-04-11,0.5861,-0.008291
2014-04-14,0.5911,0.008531
2014-04-15,0.5865,-0.007782
2014-04-16,0.5847,-0.003069
2014-04-17,0.5854,0.001197
2014-04-18,0.5869,0.002562
2014-04-21,0.5782,-0.014823999999999999
2014-04-22,0.5694,-0.015220000000000001
2014-04-23,0.5651,-0.007552
2014-04-24,0.5589,-0.010971999999999999
2014-04-25,0.5485,-0.018608
2014-04-28,0.5354,-0.023883
2014-04-29,0.5447,0.01737
2014-04-30,0.5532,0.015605
2014-05-05,0.5609,0.013918999999999999
2014-05-06,0.5646,0.0065969999999999996
2014-05-07,0.5525,-0.021431
2014-05-08,0.5488,-0.006697
2014-05-09,0.5419,-0.012573
2014-05-12,0.5497,0.014394
2014-05-13,0.5508,0.002001
2014-05-14,0.5505,-0.000545
2014-05-15,0.5437,-0.012352
2014-05-16,0.5378,-0.010851999999999999
2014-05-19,0.5359,-0.003533
2014-05-20,0.5387,0.005225
2014-05-21,0.544,0.009839
2014-05-22,0.5468,0.0051470000000000005
2014-05-23,0.5532,0.011704
2014-05-26,0.5589,0.010304
2014-05-27,0.5561,-0.00501
2014-05-28,0.5625,0.011509
2014-05-29,0.5546,-0.014044000000000001
2014-05-30,0.5572,0.004688
2014-06-03,0.5581,0.0016150000000000001
2014-06-04,0.5543,-0.006808999999999999
2014-06-05,0.5627,0.015154
2014-06-06,0.5626,-0.000178
2014-06-09,0.5559,-0.011909000000000001
2014-06-10,0.5633,0.013312
2014-06-11,0.5665,0.005681
2014-06-12,0.5648,-0.0030009999999999998
2014-06-13,0.5696,0.008499
2014-06-16,0.5731,0.006145
2014-06-17,0.5682,-0.00855
2014-06-18,0.5635,-0.008272
2014-06-19,0.5517,-0.020941
2014-06-20,0.557,0.009607
2014-06-23,0.5652,0.014721999999999999
2014-06-24,0.5679,0.004777
2014-06-25,0.5648,-0.005459
2014-06-26,0.5741,0.016466
2014-06-27,0.5751,0.0017419999999999998
2014-06-30,0.5798,0.008172
2014-07-01,0.5803,0.000862
2014-07-02,0.5816,0.0022400000000000002
2014-07-03,0.5818,0.000344
2014-07-04,0.5806,-0.002063
2014-07-07,0.5773,-0.005684
2014-07-08,0.5806,0.005716
2014-07-09,0.5701,-0.018085
2014-07-10,0.5665,-0.006314999999999999
2014-07-11,0.567,0.000883
2014-07-14,0.5711,0.007231
2014-07-15,0.5697,-0.002451
2014-07-16,0.5649,-0.008425
2014-07-17,0.5617,-0.005665
2014-07-18,0.5611,-0.0010680000000000002
2014-07-21,0.5618,0.001248
2014-07-22,0.5656,0.006764
2014-07-23,0.5603,-0.009371
2014-07-24,0.5577,-0.00464
2014-07-25,0.561,0.005917
2014-07-28,0.5692,0.014617
2014-07-29,0.5729,0.006500000000000001
2014-07-30,0.5746,0.002967
2014-07-31,0.5769,0.004003
2014-08-01,0.5734,-0.006067
2014-08-04,0.5794,0.010464
2014-08-05,0.5818,0.004142
2014-08-06,0.583,0.002063
2014-08-07,0.5816,-0.002401
2014-08-08,0.5846,0.005158
2014-08-11,0.5916,0.011974
2014-08-12,0.5929,0.002197
2014-08-13,0.5919,-0.001687
2014-08-14,0.5914,-0.000845
2014-08-15,0.5998,0.014204000000000001
2014-08-18,0.6084,0.014338
2014-08-19,0.6123,0.00641
2014-08-20,0.6136,0.002123
2014-08-21,0.6182,0.007497
2014-08-22,0.6216,0.0055000000000000005
2014-08-25,0.6171,-0.007239
2014-08-26,0.6076,-0.015395
2014-08-27,0.608,0.000658
2014-08-28,0.6049,-0.005099
2014-08-29,0.6107,0.009588
2014-09-01,0.6213,0.017357
2014-09-02,0.6276,0.01014
2014-09-03,0.6331,0.008764
2014-09-04,0.6372,0.006475999999999999
2014-09-05,0.6386,0.002197
2014-09-09,0.6403,0.002662
2014-09-10,0.6419,0.002499
2014-09-11,0.6414,-0.000779
2014-09-12,0.646,0.0071719999999999996
2014-09-15,0.6495,0.005417999999999999
2014-09-16,0.6279,-0.033256
2014-09-17,0.6285,0.000956
2014-09-18,0.634,0.008751
2014-09-19,0.6405,0.010251999999999999
2014-09-22,0.6339,-0.010304
2014-09-23,0.6401,0.009781
2014-09-24,0.6467,0.010310999999999999
2014-09-25,0.6467,0.0
2014-09-26,0.6482,0.002319
2014-09-29,0.652,0.005862000000000001
2014-09-30,0.6549,0.004448
2014-10-08,0.6657,0.016491
2014-10-09,0.6651,-0.000901
2014-10-10,0.6583,-0.010224
2014-10-13,0.6571,-0.001823
2014-10-14,0.6556,-0.002283
2014-10-15,0.6586,0.004576
2014-10-16,0.6515,-0.010780000000000001
2014-10-17,0.6474,-0.006293
2014-10-20,0.6523,0.007569
2014-10-21,0.6459,-0.009811
2014-10-22,0.6416,-0.006657
2014-10-23,0.6334,-0.012781
2014-10-24,0.6349,0.0023680000000000003
2014-10-27,0.6372,0.003623
2014-10-28,0.6515,0.022442000000000004
2014-10-29,0.6591,0.011665000000000002
2014-10-30,0.6556,-0.0053100000000000005
2014-10-31,0.6528,-0.004271
2014-11-03,0.6589,0.009344
2014-11-04,0.6535,-0.008195000000000001
2014-11-05,0.6527,-0.001224
2014-11-06,0.6587,0.009193
2014-11-07,0.6572,-0.002277
2014-11-10,0.6608,0.005477999999999999
2014-11-11,0.642,-0.028450000000000003
2014-11-12,0.6513,0.014486
2014-11-13,0.6398,-0.017657
2014-11-14,0.6364,-0.005314
2014-11-17,0.6438,0.011628000000000001
2014-11-18,0.646,0.003417
2014-11-19,0.6541,0.012539
2014-11-20,0.6533,-0.0012230000000000001
2014-11-21,0.6596,0.009643
2014-11-24,0.6657,0.009248
2014-11-25,0.6743,0.012919
2014-11-26,0.6766,0.003411
2014-11-27,0.6811,0.006651000000000001
2014-11-28,0.6852,0.00602
2014-12-01,0.6782,-0.010216000000000001
2014-12-02,0.6951,0.024918999999999997
2014-12-03,0.6973,0.003165
2014-12-04,0.7156,0.026244
2014-12-05,0.7072,-0.011738
2014-12-08,0.7159,0.012302
2014-12-09,0.6787,-0.051963
2014-12-10,0.6985,0.029173
2014-12-11,0.698,-0.000716
2014-12-12,0.7046,0.009455999999999999
2014-12-15,0.7159,0.016037
2014-12-16,0.723,0.009918
2014-12-17,0.723,0.0
2014-12-18,0.7184,-0.006362
2014-12-19,0.7184,0.0
2014-12-22,0.6999,-0.025752
2014-12-23,0.6864,-0.019288
2014-12-24,0.6802,-0.009033
2014-12-25,0.7011,0.030726
2014-12-26,0.7201,0.0271
2014-12-29,0.7232,0.004305
2014-12-30,0.7208,-0.003319
2014-12-31,0.7313,0.014567000000000002
2015-01-05,0.7383,0.009572
2015-01-06,0.7333,-0.006772
2015-01-07,0.7363,0.004091
2015-01-08,0.7226,-0.018607
2015-01-09,0.7257,0.0042899999999999995
2015-01-12,0.7266,0.00124
2015-01-13,0.7336,0.009634
2015-01-14,0.7313,-0.003135
2015-01-15,0.7479,0.022698999999999997
2015-01-16,0.7585,0.014173
2015-01-19,0.7116,-0.061833
2015-01-20,0.7289,0.024311
2015-01-21,0.7539,0.034298
2015-01-22,0.7615,0.010081
2015-01-23,0.7567,-0.006303
2015-01-26,0.7653,0.011365
2015-01-27,0.7655,0.000261
2015-01-28,0.7578,-0.010059
2015-01-29,0.7564,-0.0018470000000000001
2015-01-30,0.7401,-0.021549
2015-02-02,0.7356,-0.0060799999999999995
2015-02-03,0.7506,0.020392
2015-02-04,0.7457,-0.006528000000000001
2015-02-05,0.743,-0.0036209999999999997
2015-02-06,0.7295,-0.01817
2015-02-09,0.7317,0.0030159999999999996
2015-02-10,0.7416,0.01353
2015-02-11,0.7537,0.016316
2015-02-12,0.7544,0.0009289999999999999
2015-02-13,0.763,0.011399999999999999
2015-02-16,0.7773,0.018742
2015-02-17,0.7865,0.011836
2015-02-25,0.7726,-0.017673
2015-02-26,0.7772,0.005954
2015-02-27,0.7841,0.008878
2015-03-02,0.8028,0.023849
2015-03-03,0.7914,-0.014199999999999999
2015-03-04,0.8004,0.011372
2015-03-05,0.792,-0.010495
2015-03-06,0.7741,-0.022601
2015-03-09,0.7867,0.016277
2015-03-10,0.7985,0.014999
2015-03-11,0.7941,-0.00551
2015-03-12,0.7935,-0.000756
2015-03-13,0.8087,0.019156
2015-03-16,0.8403,0.039075
2015-03-17,0.8442,0.004641
2015-03-18,0.8588,0.017294
2015-03-19,0.8595,0.0008150000000000001
2015-03-20,0.8781,0.021640000000000003
2015-03-23,0.9091,0.035303
2015-03-24,0.9253,0.01782
2015-03-25,0.9268,0.001621
2015-03-26,0.9029,-0.025788000000000002
2015-03-27,0.9172,0.015838
2015-03-30,0.9099,-0.007959
2015-03-31,0.9226,0.013958
2015-04-01,0.9478,0.027313999999999998
2015-04-02,0.9602,0.013083000000000001
2015-04-03,0.9778,0.01833
2015-04-07,0.9878,0.010227
2015-04-08,0.9682,-0.019842
2015-04-09,0.9724,0.004338
2015-04-10,0.9907,0.018819
2015-04-13,0.9986,0.007974
2015-04-14,0.9902,-0.008412
2015-04-15,0.9465,-0.044132
2015-04-16,0.9591,0.013312
2015-04-17,0.9611,0.002085
2015-04-20,0.9372,-0.024867
2015-04-21,0.9708,0.035851
2015-04-22,0.9963,0.026267
2015-04-23,0.9977,0.0014050000000000002
2015-04-24,0.9927,-0.005012
2015-04-27,1.0026,0.009973
2015-04-28,0.9751,-0.027429000000000002
2015-04-29,0.9946,0.019998000000000002
2015-04-30,1.0109,0.016388
2015-05-04,1.0147,0.003759
2015-05-05,0.987,-0.027299000000000004
2015-05-06,0.9944,0.007497
2015-05-07,0.9874,-0.007039
2015-05-08,1.03,0.043144
2015-05-11,1.0826,0.051067999999999995
2015-05-12,1.1168,0.031591
2015-05-13,1.1178,0.000895
2015-05-14,1.1094,-0.007514999999999999
2015-05-15,1.0999,-0.008563
2015-05-18,1.1266,0.024275
2015-05-19,1.1505,0.021214
2015-05-20,1.1769,0.022947000000000002
2015-05-21,1.2179,0.034837
2015-05-22,1.2177,-0.000164
2015-05-25,1.2111,-0.00542
2015-05-26,1.2564,0.037404
2015-05-27,1.2732,0.013372
2015-05-28,1.2004,-0.057179
2015-05-29,1.225,0.020493
2015-06-01,1.2794,0.044408
2015-06-02,1.3109,0.024621
2015-06-03,1.3207,0.007476
2015-06-04,1.3132,-0.005679
2015-06-05,1.312,-0.000914
2015-06-08,1.2681,-0.033460000000000004
2015-06-09,1.2621,-0.004731
2015-06-10,1.2941,0.025355
2015-06-11,1.3059,0.009118000000000001
2015-06-12,1.3246,0.01432
2015-06-15,1.2875,-0.028008
2015-06-16,1.2367,-0.039456000000000005
2015-06-17,1.2611,0.01973
2015-06-18,1.2032,-0.045911999999999994
2015-06-19,1.1366,-0.055352
2015-06-23,1.1392,0.002288
2015-06-24,1.1366,-0.0022819999999999997
2015-06-25,1.0754,-0.053845000000000004
2015-06-26,1.0068,-0.06379
2015-06-29,0.9482,-0.058204000000000006
2015-06-30,0.9999,0.054523999999999996
2015-07-01,0.951,-0.048905000000000004
2015-07-02,0.9035,-0.049947
2015-07-03,0.8741,-0.03254
2015-07-06,0.8485,-0.029287
2015-07-07,0.8015,-0.055392000000000004
2015-07-08,0.7444,-0.071241
2015-07-09,0.7657,0.028614
2015-07-10,0.7982,0.042445000000000004
2015-07-13,0.8422,0.055124000000000006
2015-07-14,0.8634,0.025172
2015-07-15,0.8305,-0.038105
2015-07-16,0.8488,0.022035
2015-07-17,0.8927,0.051719999999999995
2015-07-20,0.9235,0.034502000000000005
2015-07-21,0.9335,0.010827999999999999
2015-07-22,0.9415,0.00857
2015-07-23,0.9646,0.024535
2015-07-24,0.9572,-0.007672
2015-07-27,0.8997,-0.060071000000000006
2015-07-28,0.8731,-0.029565
2015-07-29,0.91,0.042263
2015-07-30,0.8829,-0.02978
2015-07-31,0.8708,-0.013705
2015-08-03,0.8338,-0.04249
2015-08-04,0.8795,0.054809000000000004
2015-08-05,0.8725,-0.007959
2015-08-06,0.8796,0.008138
2015-08-07,0.9042,0.027967
2015-08-10,0.9462,0.04645
2015-08-11,0.9394,-0.007187
2015-08-12,0.9123,-0.028848
2015-08-13,0.9239,0.012715
2015-08-14,0.9237,-0.00021600000000000002
2015-08-17,0.9283,0.00498
2015-08-18,0.8663,-0.066789
2015-08-19,0.8844,0.020893000000000002
2015-08-20,0.8606,-0.026911
2015-08-21,0.8145,-0.053567000000000004
2015-08-24,0.7587,-0.068508
2015-08-25,0.7129,-0.060366
2015-08-26,0.6982,-0.02062
2015-08-27,0.7289,0.04397
2015-08-28,0.7623,0.045822
2015-08-31,0.7472,-0.019808
2015-09-01,0.7091,-0.05099
2015-09-02,0.6996,-0.013397
2015-09-07,0.705,0.007719
2015-09-08,0.7319,0.038155999999999995
2015-09-09,0.7522,0.027736
2015-09-10,0.7505,-0.00226
2015-09-11,0.7571,0.008794
2015-09-14,0.7154,-0.055079
2015-09-15,0.6952,-0.028235999999999997
2015-09-16,0.7353,0.057680999999999996
2015-09-17,0.7331,-0.0029920000000000003
2015-09-18,0.7449,0.016096
2015-09-21,0.7711,0.035173
2015-09-22,0.7716,0.0006479999999999999
2015-09-23,0.7689,-0.003499
2015-09-24,0.7719,0.003902
2015-09-25,0.754,-0.02319
2015-09-28,0.773,0.025199
2015-09-29,0.769,-0.005175
2015-09-30,0.7689,-0.00013
2015-10-08,0.7954,0.034464999999999996
2015-10-09,0.8064,0.01383
2015-10-12,0.8249,0.022941
2015-10-13,0.8321,0.008728
2015-10-14,0.8248,-0.008773
2015-10-15,0.8498,0.03031
2015-10-16,0.8581,0.009767
2015-10-19,0.8579,-0.00023300000000000003
2015-10-20,0.8699,0.013988
2015-10-21,0.8242,-0.052535
2015-10-22,0.8449,0.025115
2015-10-23,0.861,0.019056
2015-10-26,0.8664,0.006272
2015-10-27,0.8733,0.007964
2015-10-28,0.8576,-0.017978
2015-10-29,0.8643,0.007813
2015-10-30,0.8697,0.006248
2015-11-02,0.8553,-0.016557
2015-11-03,0.8496,-0.006664
2015-11-04,0.8875,0.044608999999999996
2015-11-05,0.8887,0.001352
2015-11-06,0.9126,0.026892999999999997
2015-11-09,0.9348,0.024326
2015-11-10,0.9373,0.002674
2015-11-11,0.9385,0.00128
2015-11-12,0.9392,0.000746
2015-11-13,0.9231,-0.017142
2015-11-16,0.9445,0.023183
2015-11-17,0.9371,-0.007835
2015-11-18,0.9122,-0.026570999999999997
2015-11-19,0.939,0.029380000000000003
2015-11-20,0.9569,0.019063
2015-11-23,0.9527,-0.0043890000000000005
2015-11-24,0.9566,0.0040939999999999995
2015-11-25,0.9826,0.02718
2015-11-26,0.9775,-0.00519
2015-11-27,0.9132,-0.06578
2015-11-30,0.9269,0.015002
2015-12-01,0.9245,-0.002589
2015-12-02,0.9071,-0.018821
2015-12-03,0.9255,0.020284
2015-12-04,0.9251,-0.00043200000000000004
2015-12-07,0.9367,0.012539
2015-12-08,0.916,-0.022099
2015-12-09,0.9028,-0.014410000000000001
2015-12-10,0.9051,0.0025480000000000004
2015-12-11,0.8966,-0.009391
2015-12-14,0.9049,0.009257
2015-12-15,0.9226,0.01956
2015-12-16,0.9312,0.009321000000000001
2015-12-17,0.95,0.020189
2015-12-18,0.949,-0.0010530000000000001
2015-12-21,0.9531,0.00432
2015-12-22,0.9552,0.002203
2015-12-23,0.9384,-0.017588
2015-12-24,0.94,0.0017050000000000001
2015-12-25,0.9525,0.013298
2015-12-28,0.9384,-0.014803
2015-12-29,0.9491,0.011402
2015-12-30,0.9635,0.015172000000000001
2015-12-31,0.9626,-0.0009339999999999999
2016-01-04,0.8866,-0.078953
2016-01-05,0.8711,-0.017483
2016-01-06,0.8966,0.029272999999999997
2016-01-07,0.8224,-0.08275700000000001
2016-01-08,0.8164,-0.007296
2016-01-11,0.7569,-0.072881
2016-01-12,0.7532,-0.004888
2016-01-13,0.7187,-0.045805
2016-01-14,0.7446,0.036037
2016-01-15,0.7285,-0.021622
2016-01-18,0.7506,0.030336
2016-01-19,0.7834,0.043697999999999994
2016-01-20,0.7789,-0.005744
2016-01-21,0.7445,-0.044165
2016-01-22,0.7517,0.009670999999999999
2016-01-25,0.7567,0.006652
2016-01-26,0.7032,-0.070702
2016-01-27,0.6947,-0.012088000000000002
2016-01-28,0.6619,-0.047215
2016-01-29,0.6845,0.034144
2016-02-01,0.6806,-0.005698
2016-02-02,0.7168,0.053188000000000006
2016-02-03,0.7247,0.011021000000000001
2016-02-04,0.7401,0.02125
2016-02-05,0.7283,-0.015944
2016-02-15,0.734,0.007826
2016-02-16,0.7651,0.042371
2016-02-17,0.7661,0.001307
2016-02-18,0.7597,-0.008354
2016-02-19,0.769,0.012242
2016-02-22,0.775,0.007802
2016-02-23,0.7627,-0.015871
2016-02-24,0.7456,-0.02242
2016-02-25,0.6866,-0.079131
2016-02-26,0.6907,0.005971
2016-02-29,0.647,-0.063269
2016-03-01,0.6537,0.010355000000000001
2016-03-02,0.6798,0.039927000000000004
2016-03-03,0.6774,-0.0035299999999999997
2016-03-04,0.6566,-0.030706
2016-03-07,0.6668,0.015535
2016-03-08,0.6827,0.023845
2016-03-09,0.672,-0.015673
2016-03-10,0.6606,-0.016964
2016-03-11,0.6584,-0.00333
2016-03-14,0.6846,0.039792999999999995
2016-03-15,0.6769,-0.011247
2016-03-16,0.6743,-0.003841
2016-03-17,0.7053,0.045974
2016-03-18,0.7311,0.03658
2016-03-21,0.741,0.013541000000000001
2016-03-22,0.7356,-0.007287
2016-03-23,0.7436,0.010875
2016-03-24,0.7357,-0.010624
2016-03-25,0.7358,0.000136
2016-03-28,0.7333,-0.003398
2016-03-29,0.721,-0.016773
2016-03-30,0.742,0.029126
2016-03-31,0.7426,0.000809
2016-04-01,0.7381,-0.006059999999999999
2016-04-05,0.7498,0.015851999999999998
2016-04-06,0.7522,0.003201
2016-04-07,0.7437,-0.0113
2016-04-08,0.741,-0.00363
2016-04-11,0.7436,0.003509
2016-04-12,0.7431,-0.000672
2016-04-13,0.4437,0.000807
2016-04-14,0.4493,0.012621
2016-04-15,0.4486,-0.001558
2016-04-18,0.4443,-0.009585
2016-04-19,0.4454,0.002476
2016-04-20,0.4343,-0.024921000000000002
2016-04-21,0.4313,-0.006908
2016-04-22,0.4349,0.008347
2016-04-25,0.4335,-0.003219
2016-04-26,0.4343,0.001845
2016-04-27,0.4347,0.000921
2016-04-28,0.4356,0.00207
2016-04-29,0.4381,0.005738999999999999
2016-05-03,0.4454,0.016662999999999997
2016-05-04,0.4442,-0.0026939999999999998
2016-05-05,0.4449,0.001576
2016-05-06,0.4368,-0.018206
2016-05-09,0.4316,-0.011904999999999999
2016-05-10,0.4327,0.002549
2016-05-11,0.4312,-0.003467
2016-05-12,0.4323,0.002551
2016-05-13,0.4305,-0.004164
2016-05-16,0.434,0.00813
2016-05-17,0.4323,-0.003917
2016-05-18,0.4274,-0.011335
2016-05-19,0.4276,0.000468
2016-05-20,0.4289,0.0030399999999999997
2016-05-23,0.4318,0.0067610000000000005
2016-05-24,0.4289,-0.006716
2016-05-25,0.4269,-0.004663
2016-05-26,0.4283,0.0032790000000000002
2016-05-27,0.4285,0.00046699999999999997
2016-05-30,0.4283,-0.00046699999999999997
2016-05-31,0.4385,0.023815
2016-06-01,0.44,0.003421
2016-06-02,0.4429,0.0065910000000000005
2016-06-03,0.4462,0.007451
2016-06-06,0.4479,0.00381
2016-06-07,0.4476,-0.00067
2016-06-08,0.4468,-0.001787
2016-06-13,0.4339,-0.028872
2016-06-14,0.4376,0.008527
2016-06-15,0.4491,0.02628
2016-06-16,0.4509,0.004008
2016-06-17,0.4517,0.001774
2016-06-20,0.4544,0.005977
2016-06-21,0.4481,-0.013864000000000001
2016-06-22,0.4527,0.010265999999999999
2016-06-23,0.4488,-0.008615000000000001
2016-06-24,0.4456,-0.00713
2016-06-27,0.4559,0.023115
2016-06-28,0.4554,-0.001097
2016-06-29,0.4531,-0.005051
2016-06-30,0.4522,-0.001986
2016-07-01,0.4535,0.002875
2016-07-04,0.4616,0.017861000000000002
2016-07-05,0.4642,0.005633
2016-07-06,0.4692,0.010771
2016-07-07,0.4706,0.002984
2016-07-08,0.4672,-0.0072250000000000005
2016-07-11,0.4707,0.007491
2016-07-12,0.4745,0.008073
2016-07-13,0.4762,0.0035830000000000002
2016-07-14,0.4752,-0.0021
2016-07-15,0.4743,-0.001894
2016-07-18,0.4707,-0.00759
2016-07-19,0.4694,-0.002762
2016-07-20,0.4681,-0.0027689999999999998
2016-07-21,0.4692,0.0023499999999999997
2016-07-22,0.4656,-0.007673
2016-07-25,0.4655,-0.000215
2016-07-26,0.4709,0.0116
2016-07-27,0.4638,-0.015078000000000001
2016-07-28,0.4662,0.005175
2016-07-29,0.4686,0.005148000000000001
2016-08-01,0.4645,-0.008749
2016-08-02,0.4646,0.000215
2016-08-03,0.4656,0.002152
2016-08-04,0.4658,0.00043
2016-08-05,0.4641,-0.00365
2016-08-08,0.4661,0.004309
2016-08-09,0.4692,0.006651000000000001
2016-08-10,0.4682,-0.002131
2016-08-11,0.4661,-0.004485
2016-08-12,0.4719,0.012444
2016-08-15,0.4815,0.020343
2016-08-16,0.4801,-0.002908
2016-08-17,0.48,-0.000208
2016-08-18,0.4803,0.000625
2016-08-19,0.4821,0.003748
2016-08-22,0.4749,-0.014935
2016-08-23,0.4761,0.0025269999999999997
2016-08-24,0.4771,0.0021
2016-08-25,0.4754,-0.003563
2016-08-26,0.4744,-0.002103
2016-08-29,0.472,-0.005059
2016-08-30,0.4717,-0.0006360000000000001
2016-08-31,0.4712,-0.00106
2016-09-01,0.4697,-0.003183
2016-09-02,0.4674,-0.004897
2016-09-05,0.4711,0.007916
2016-09-06,0.4752,0.008702999999999999
2016-09-07,0.4738,-0.002946
2016-09-08,0.4747,0.0019
2016-09-09,0.4703,-0.009269
2016-09-12,0.4607,-0.020413
2016-09-13,0.4666,0.012806999999999999
2016-09-14,0.4646,-0.004286
2016-09-19,0.4698,0.011192
2016-09-20,0.4707,0.001916
2016-09-21,0.4702,-0.001062
2016-09-22,0.4743,0.00872
2016-09-23,0.4715,-0.005903
2016-09-26,0.4627,-0.018664
2016-09-27,0.4657,0.006484
2016-09-28,0.4681,0.005154
2016-09-29,0.4711,0.006409000000000001
2016-09-30,0.4725,0.0029720000000000002
2016-10-10,0.4824,0.020952000000000002
2016-10-11,0.4849,0.005182
2016-10-12,0.4849,0.0
2016-10-13,0.4867,0.0037119999999999996
2016-10-14,0.4834,-0.0067800000000000004
2016-10-17,0.4776,-0.011998
2016-10-18,0.4817,0.008585
2016-10-19,0.4797,-0.004152
2016-10-20,0.4814,0.003544
2016-10-21,0.4798,-0.0033239999999999997
2016-10-24,0.4811,0.0027089999999999996
2016-10-25,0.4795,-0.003326
2016-10-26,0.4773,-0.004588
2016-10-27,0.4781,0.001676
2016-10-28,0.4771,-0.002092
2016-10-31,0.4759,-0.002515
2016-11-01,0.4801,0.008825
2016-11-02,0.4784,-0.0035410000000000003
2016-11-03,0.4788,0.0008359999999999999
2016-11-04,0.4773,-0.0031330000000000004
2016-11-07,0.4785,0.002514
2016-11-08,0.4819,0.007106
2016-11-09,0.4801,-0.003735
2016-11-10,0.4823,0.004582
2016-11-11,0.4782,-0.008501
2016-11-14,0.4761,-0.004391
2016-11-15,0.4771,0.0021
2016-11-16,0.4781,0.002096
2016-11-17,0.4776,-0.001046
2016-11-18,0.4765,-0.002303
2016-11-21,0.4756,-0.001889
2016-11-22,0.477,0.002944
2016-11-23,0.4751,-0.0039829999999999996
2016-11-24,0.4742,-0.001894
2016-11-25,0.4754,0.002531
2016-11-28,0.4724,-0.00631
2016-11-29,0.4719,-0.0010580000000000001
2016-11-30,0.4702,-0.003602
2016-12-01,0.4735,0.007018
2016-12-02,0.469,-0.009504
2016-12-05,0.4689,-0.000213
2016-12-06,0.471,0.004479
2016-12-07,0.4751,0.008705000000000001
2016-12-08,0.4726,-0.005262
2016-12-09,0.4703,-0.004867
2016-12-12,0.4526,-0.037635999999999996
2016-12-13,0.4548,0.004861
2016-12-14,0.4501,-0.010334000000000001
2016-12-15,0.4488,-0.002888
2016-12-16,0.4521,0.007352999999999999
2016-12-19,0.4507,-0.003097
2016-12-20,0.4496,-0.002441
2016-12-21,0.4533,0.00823
2016-12-22,0.4533,0.0
2016-12-23,0.4498,-0.007721
2016-12-26,0.4529,0.0068920000000000006
2016-12-27,0.4536,0.0015459999999999998
2016-12-28,0.4519,-0.003748
2016-12-29,0.4506,-0.0028770000000000002
2016-12-30,0.4406,0.008877000000000001
2016-12-31,0.4406,0.0
2017-01-03,0.4415,0.002043
2017-01-04,0.4462,0.010646
2017-01-05,0.4447,-0.003362
2017-01-06,0.4408,-0.00877
2017-01-09,0.443,0.004991
2017-01-10,0.4427,-0.000677
2017-01-11,0.4386,-0.009261
2017-01-12,0.4353,-0.0075239999999999994
2017-01-13,0.4331,-0.0050539999999999995
2017-01-16,0.4297,-0.007850000000000001
2017-01-17,0.4326,0.006749000000000001
2017-01-18,0.433,0.000925
2017-01-19,0.4323,-0.0016170000000000002
2017-01-20,0.4356,0.007633999999999999
2017-01-23,0.4372,0.003673
2017-01-24,0.4196,-0.001372
2017-01-25,0.4199,0.0007149999999999999
2017-01-26,0.4221,0.005239000000000001
2017-02-03,0.4205,-0.003791
2017-02-06,0.4213,0.001902
2017-02-07,0.4204,-0.0021360000000000003
2017-02-08,0.4261,0.013559000000000002
2017-02-09,0.4301,0.009387
2017-02-10,0.4302,0.00023300000000000003
2017-02-13,0.4334,0.007438
2017-02-14,0.4365,0.0071530000000000005
2017-02-15,0.4311,-0.012371
2017-02-16,0.4334,0.0053349999999999995
2017-02-17,0.4308,-0.005999
2017-02-20,0.4357,0.011374
2017-02-21,0.4372,0.003443
2017-02-22,0.439,0.004117
2017-02-23,0.4352,-0.008656
2017-02-24,0.4338,-0.003217
2017-02-27,0.4321,-0.003919000000000001
2017-02-28,0.4333,0.002777
2017-03-01,0.4338,0.001154
2017-03-02,0.4307,-0.0071460000000000004
2017-03-03,0.4309,0.00046399999999999995
2017-03-06,0.4334,0.005802000000000001
2017-03-07,0.4333,-0.00023099999999999998
2017-03-08,0.4298,-0.008078
2017-03-09,0.427,-0.006515
2017-03-10,0.4272,0.000468
2017-03-13,0.4335,0.014747
2017-03-14,0.4341,0.001384
2017-03-15,0.4337,-0.000921
2017-03-16,0.4378,0.009454
2017-03-17,0.4316,-0.014162
2017-03-20,0.4333,0.003939
2017-03-21,0.4357,0.005539
2017-03-22,0.4354,-0.000689
2017-03-23,0.4363,0.002067
2017-03-24,0.4399,0.008251
2017-03-27,0.4357,-0.009548
2017-03-28,0.4349,-0.0018360000000000002
2017-03-29,0.4342,-0.00161
2017-03-30,0.4277,-0.01497
2017-03-31,0.4325,0.011223
2017-04-05,0.4398,0.016878999999999998
2017-04-06,0.442,0.0050019999999999995
2017-04-07,0.4422,0.000452
2017-04-10,0.4414,-0.001809
2017-04-11,0.4409,-0.001133
2017-04-12,0.4384,-0.00567
2017-04-13,0.44,0.00365
2017-04-14,0.4348,-0.011818
2017-04-17,0.4342,-0.0013800000000000002
2017-04-18,0.4366,0.005527
2017-04-19,0.4344,-0.005039
2017-04-20,0.4396,0.011971
2017-04-21,0.4389,-0.001592
2017-04-24,0.432,-0.015721
2017-04-25,0.435,0.0069440000000000005
2017-04-26,0.4375,0.0057469999999999995
2017-04-27,0.4393,0.004114
2017-04-28,0.4378,-0.003415
2017-05-02,0.4365,-0.002969
2017-05-03,0.4356,-0.002062
2017-05-04,0.4339,-0.003903
2017-05-05,0.432,-0.004379
2017-05-08,0.4275,-0.010417000000000001
2017-05-09,0.4287,0.002807
2017-05-10,0.4275,-0.002799
2017-05-11,0.4295,0.004678
2017-05-12,0.4306,0.002561
2017-05-15,0.4345,0.009056999999999999
2017-05-16,0.4411,0.015189999999999999
2017-05-17,0.4393,-0.004081
2017-05-18,0.4394,0.000228
2017-05-19,0.4389,-0.001138
2017-05-22,0.4398,0.002051
2017-05-23,0.4389,-0.002046
2017-05-24,0.4385,-0.000911
2017-05-25,0.44,0.003421
2017-05-26,0.4391,-0.002045
2017-05-31,0.4395,0.000911
2017-06-01,0.439,-0.001138
2017-06-02,0.4377,-0.0029609999999999997
2017-06-05,0.4371,-0.001371
2017-06-06,0.4422,0.011668000000000001
2017-06-07,0.452,0.022162
2017-06-08,0.4585,0.014381
2017-06-09,0.4617,0.006979
2017-06-12,0.4618,0.00021700000000000002
2017-06-13,0.4639,0.004547
2017-06-14,0.4574,-0.014012
2017-06-15,0.4568,-0.001312
2017-06-16,0.4562,-0.001313
2017-06-19,0.4581,0.004164999999999999
2017-06-20,0.4552,-0.00633
2017-06-21,0.4616,0.01406
2017-06-22,0.4566,-0.010832
2017-06-23,0.4602,0.007884
2017-06-26,0.467,0.014776000000000001
2017-06-27,0.4683,0.002784
2017-06-28,0.4647,-0.007687
2017-06-29,0.4677,0.006456
2017-06-30,0.4681,0.0008550000000000001
2017-07-03,0.4663,-0.003845
2017-07-04,0.4624,-0.008364
2017-07-05,0.4679,0.011894
2017-07-06,0.4671,-0.0017100000000000001
2017-07-07,0.4663,-0.0017130000000000001
2017-07-10,0.4663,0.0
2017-07-11,0.4655,-0.001716
2017-07-12,0.4641,-0.0030080000000000003
2017-07-13,0.4625,-0.003448
2017-07-14,0.4632,0.0015140000000000002
2017-07-17,0.4564,-0.01468
2017-07-18,0.457,0.001315
2017-07-19,0.4622,0.011378999999999998
2017-07-20,0.4658,0.007789000000000001
2017-07-21,0.4668,0.002147
2017-07-24,0.4686,0.003856
2017-07-25,0.4678,-0.001707
2017-07-26,0.4656,-0.004703
2017-07-27,0.4659,0.000644
2017-07-28,0.4705,0.009873
2017-07-31,0.4727,0.0046760000000000005
2017-08-01,0.4754,0.005712
2017-08-02,0.4746,-0.001683
2017-08-03,0.47,-0.009692
2017-08-04,0.4683,-0.0036170000000000004
2017-08-07,0.476,0.016442000000000002
2017-08-08,0.4764,0.00084
2017-08-09,0.483,0.013854
2017-08-10,0.4857,0.00559
2017-08-11,0.4784,-0.015029999999999998
2017-08-14,0.4847,0.013169
2017-08-15,0.4884,0.007633999999999999
2017-08-16,0.4881,-0.0006140000000000001
2017-08-17,0.4867,-0.002868
2017-08-18,0.4854,-0.002671
2017-08-21,0.4864,0.0020599999999999998
2017-08-22,0.4855,-0.00185
2017-08-23,0.4857,0.000412
2017-08-24,0.4802,-0.011324
2017-08-25,0.4857,0.011453999999999999
2017-08-28,0.49,0.008853
2017-08-29,0.49,0.0
2017-08-30,0.4923,0.004694
2017-08-31,0.4928,0.001016
2017-09-01,0.4946,0.003653
2017-09-04,0.4944,-0.000404
2017-09-05,0.4969,0.005057000000000001
2017-09-06,0.4946,-0.0046289999999999994
2017-09-07,0.4932,-0.002831
2017-09-08,0.4918,-0.002839
2017-09-11,0.4949,0.006303
2017-09-12,0.4969,0.004041
2017-09-13,0.5008,0.007849
2017-09-14,0.4991,-0.0033950000000000004
2017-09-15,0.4967,-0.004809
2017-09-18,0.5029,0.012482
2017-09-19,0.5002,-0.0053690000000000005
2017-09-20,0.5011,0.001799
2017-09-21,0.5,-0.002195
2017-09-22,0.4997,-0.0006
2017-09-25,0.5025,0.005603
2017-09-26,0.5028,0.000597
2017-09-27,0.5032,0.000796
2017-09-28,0.5091,0.011725000000000001
2017-09-29,0.5122,0.006089
2017-10-09,0.5173,0.009957
2017-10-10,0.5175,0.000387
2017-10-11,0.5231,0.010821
2017-10-12,0.5222,-0.001721
2017-10-13,0.5215,-0.00134
2017-10-16,0.5187,-0.0053690000000000005
2017-10-17,0.5199,0.002313
2017-10-18,0.5259,0.011541
2017-10-19,0.529,0.005895
2017-10-20,0.5265,-0.004726
2017-10-23,0.5308,0.008167
2017-10-24,0.5307,-0.00018800000000000002
2017-10-25,0.5356,0.009233
2017-10-26,0.5356,0.0
2017-10-27,0.5418,0.011576
2017-10-30,0.5421,0.000554
2017-10-31,0.5412,-0.00166
2017-11-01,0.538,-0.005913000000000001
2017-11-02,0.5374,-0.001115
2017-11-03,0.5372,-0.000372
2017-11-06,0.5477,0.019545999999999997
2017-11-07,0.549,0.002374
2017-11-08,0.5488,-0.000364
2017-11-09,0.5525,0.006742000000000001
2017-11-10,0.5597,0.013031999999999998
2017-11-13,0.558,-0.003037
2017-11-14,0.548,-0.017921
2017-11-15,0.516,-0.00365
2017-11-16,0.5225,0.012597
2017-11-17,0.5157,-0.013014
2017-11-20,0.5198,0.00795
2017-11-21,0.5277,0.015198
2017-11-22,0.5229,-0.009096
2017-11-23,0.503,-0.038057
2017-11-24,0.4988,-0.00835
2017-11-27,0.4928,-0.012029000000000001
2017-11-28,0.4973,0.009131
2017-11-29,0.4955,-0.00362
2017-11-30,0.4913,-0.008476000000000001
2017-12-01,0.4927,0.0028499999999999997
2017-12-04,0.4962,0.007104
2017-12-05,0.4964,0.00040300000000000004
2017-12-06,0.498,0.0032229999999999997
2017-12-07,0.4933,-0.009438
2017-12-08,0.4994,0.012365999999999999
2017-12-11,0.5103,0.021825999999999998
2017-12-12,0.507,-0.0064670000000000005
2017-12-13,0.5141,0.014004
2017-12-14,0.5148,0.001362
2017-12-15,0.5103,-0.008741
2017-12-18,0.5106,0.000588
2017-12-19,0.5173,0.013122
2017-12-20,0.5195,0.004253
2017-12-21,0.5261,0.012705
2017-12-22,0.5234,-0.005132
2017-12-25,0.5193,-0.007833
2017-12-26,0.5204,0.002118
2017-12-27,0.5115,-0.017102
2017-12-28,0.5156,0.008016
2017-12-29,0.5209,0.010279
2017-12-31,0.5208,0.0
2018-01-02,0.5251,0.008063
2018-01-03,0.5292,0.007808000000000001
2018-01-04,0.5324,0.006047
2018-01-05,0.5342,0.0033810000000000003
2018-01-08,0.5131,-0.002059
2018-01-09,0.5164,0.006431
2018-01-10,0.5159,-0.000968
2018-01-11,0.5157,-0.000388
2018-01-12,0.5149,-0.0015509999999999999
2018-01-15,0.5066,-0.016120000000000002
2018-01-16,0.5114,0.009475
2018-01-17,0.5048,-0.012905999999999999
2018-01-18,0.5083,0.006933
2018-01-19,0.5058,-0.0049180000000000005
2018-01-22,0.5171,0.022341000000000003
2018-01-23,0.5206,0.006769
2018-01-24,0.5204,-0.00038399999999999996
2018-01-25,0.5159,-0.008647
2018-01-26,0.515,-0.0017449999999999998
2018-01-29,0.5012,-0.026796
2018-01-30,0.5008,-0.000798
2018-01-31,0.5016,0.0015970000000000001
2018-02-01,0.4946,-0.013955
2018-02-02,0.5001,0.011120000000000001
2018-02-05,0.4951,-0.009998
2018-02-06,0.4791,-0.032317
2018-02-07,0.459,-0.010645
2018-02-08,0.4635,0.009804
2018-02-09,0.4508,-0.0274
2018-02-12,0.4626,0.026175999999999998
2018-02-13,0.4676,0.010808
2018-02-14,0.471,0.007271
2018-02-22,0.4834,0.026327
2018-02-23,0.4834,0.0
2018-02-26,0.4909,0.015515000000000001
2018-02-27,0.4873,-0.007332999999999999
2018-02-28,0.4835,-0.007798
2018-03-01,0.4891,0.011581999999999999
2018-03-02,0.4854,-0.007565
2018-03-05,0.4844,-0.0020599999999999998
2018-03-06,0.4878,0.007019
2018-03-07,0.4833,-0.009225
2018-03-08,0.49,0.013863
2018-03-09,0.4928,0.005714
2018-03-12,0.4954,0.0052759999999999994
2018-03-13,0.4886,-0.013726
2018-03-14,0.4873,-0.002661
2018-03-15,0.4899,0.005336
2018-03-16,0.484,-0.012043
2018-03-19,0.4868,0.005785
2018-03-20,0.4902,0.006984000000000001
2018-03-21,0.4859,-0.008772
2018-03-22,0.4802,-0.011731
2018-03-23,0.4684,-0.024573
2018-03-26,0.4705,0.004483
2018-03-27,0.4749,0.009352000000000001
2018-03-28,0.466,-0.018741
2018-03-29,0.4722,0.013305
2018-03-30,0.4779,0.012071
2018-04-02,0.4758,-0.004394
2018-04-03,0.4734,-0.005044
2018-04-04,0.4735,0.000211
2018-04-09,0.4728,-0.001478
2018-04-10,0.4764,0.007613999999999999
2018-04-11,0.4799,0.007347
2018-04-12,0.4762,-0.00771
2018-04-13,0.4716,-0.00966
2018-04-16,0.4727,0.002332
2018-04-17,0.4667,-0.012693000000000001
2018-04-18,0.4712,0.009642
2018-04-19,0.4719,0.0014860000000000001
2018-04-20,0.4662,-0.012079
2018-04-23,0.4619,-0.009224
2018-04-24,0.4694,0.016236999999999998
2018-04-25,0.4688,-0.001278
2018-04-26,0.4646,-0.008959
2018-04-27,0.4627,-0.00409
2018-05-02,0.4645,0.0038900000000000002
2018-05-03,0.47,0.011840999999999999
2018-05-04,0.4699,-0.000213
2018-05-07,0.4781,0.017451
2018-05-08,0.4805,0.00502
2018-05-09,0.4792,-0.002706
2018-05-10,0.481,0.003756
2018-05-11,0.4782,-0.005821
2018-05-14,0.4802,0.004182
2018-05-15,0.4841,0.008122
2018-05-16,0.4821,-0.004131
2018-05-17,0.4764,-0.011822999999999998
2018-05-18,0.4796,0.006717
2018-05-21,0.4816,0.00417
2018-05-22,0.4837,0.00436
2018-05-23,0.4769,-0.014058
2018-05-24,0.473,-0.008178
2018-05-25,0.47,-0.0063419999999999995
2018-05-28,0.4699,-0.000213
2018-05-29,0.4664,-0.007448
2018-05-30,0.4593,-0.015223
2018-05-31,0.4688,0.020684
2018-06-01,0.4617,-0.015144999999999999
2018-06-04,0.4665,0.010396
2018-06-05,0.4748,0.017792
2018-06-06,0.4752,0.000842
2018-06-07,0.4742,-0.002104
2018-06-08,0.4705,-0.007803
2018-06-11,0.4683,-0.0046760000000000005
2018-06-12,0.4758,0.016014999999999998
2018-06-13,0.471,-0.010088
2018-06-14,0.4706,-0.000849
2018-06-15,0.4653,-0.011262000000000001
2018-06-19,0.4453,-0.042983
2018-06-20,0.452,0.015045999999999999
2018-06-21,0.4504,-0.0035399999999999997
2018-06-22,0.455,0.010213000000000002
2018-06-25,0.4529,-0.004615
2018-06-26,0.4495,-0.007507000000000001
2018-06-27,0.4381,-0.025362
2018-06-28,0.4326,-0.012554000000000001
2018-06-29,0.4481,0.03583
2018-06-30,0.448,0.0
2018-07-02,0.4397,-0.018746
2018-07-03,0.4369,-0.006368
2018-07-04,0.4315,-0.01236
2018-07-05,0.4238,-0.017845
2018-07-06,0.4241,0.000708
2018-07-09,0.4381,0.033011
2018-07-10,0.4422,0.009359
2018-07-11,0.4385,-0.008367
2018-07-12,0.4474,0.020295999999999998
2018-07-13,0.4527,0.011846
2018-07-16,0.4508,-0.004197
2018-07-17,0.4476,-0.007098
2018-07-18,0.4445,-0.006926
2018-07-19,0.4438,-0.001575
2018-07-20,0.4487,0.011041
2018-07-23,0.4504,0.0037890000000000003
2018-07-24,0.4557,0.011767000000000001
2018-07-25,0.4582,0.0054859999999999996
2018-07-26,0.4514,-0.014841
2018-07-27,0.4485,-0.006424
2018-07-30,0.4451,-0.007581
2018-07-31,0.4446,-0.0011229999999999999
2018-08-01,0.4369,-0.017319
2018-08-02,0.4308,-0.013962
2018-08-03,0.4189,-0.027623
2018-08-06,0.4112,-0.018381
2018-08-07,0.4237,0.030399
2018-08-08,0.4158,-0.018645000000000002
2018-08-09,0.4274,0.027898
2018-08-10,0.428,0.0014039999999999999
2018-08-13,0.4303,0.005374
2018-08-14,0.4284,-0.004416
2018-08-15,0.4167,-0.027311000000000002
2018-08-16,0.4121,-0.011039
2018-08-17,0.4016,-0.025478999999999998
2018-08-20,0.4028,0.002988
2018-08-21,0.4132,0.025819
2018-08-22,0.4105,-0.006534
2018-08-23,0.4132,0.0065769999999999995
2018-08-24,0.4133,0.000242
2018-08-27,0.4242,0.026373
2018-08-28,0.4233,-0.002122
2018-08-29,0.4202,-0.007323
2018-08-30,0.4153,-0.011661
2018-08-31,0.4117,-0.008668
2018-09-03,0.4113,-0.000972
2018-09-04,0.416,0.011427
2018-09-05,0.4078,-0.019712
2018-09-06,0.4044,-0.008337
2018-09-07,0.4066,0.00544
2018-09-10,0.3997,-0.01697
2018-09-11,0.3973,-0.006005
2018-09-12,0.3926,-0.01183
2018-09-13,0.3947,0.0053490000000000005
2018-09-14,0.3926,-0.00532
2018-09-17,0.3887,-0.009934
2018-09-18,0.3969,0.021096
2018-09-19,0.4033,0.016125
2018-09-20,0.4031,-0.000496
2018-09-21,0.4132,0.025056
2018-09-25,0.4107,-0.00605
2018-09-26,0.4168,0.014853
2018-09-27,0.4155,-0.0031190000000000002
2018-09-28,0.4182,0.006498
2018-10-08,0.3983,-0.047584999999999995
2018-10-09,0.3967,-0.004017
2018-10-10,0.3947,-0.005042
2018-10-11,0.378,-0.042310999999999994
2018-10-12,0.386,0.021164000000000002
2018-10-15,0.3814,-0.011917
2018-10-16,0.3759,-0.014421
2018-10-17,0.3754,-0.00133
2018-10-18,0.3641,-0.030101
2018-10-19,0.3754,0.031035
2018-10-22,0.3924,0.045285
2018-10-23,0.3854,-0.017839
2018-10-24,0.3826,-0.007265000000000001
2018-10-25,0.3805,-0.005489000000000001
2018-10-26,0.3718,-0.022865000000000003
2018-10-29,0.3611,-0.028779
2018-10-30,0.3651,0.011076999999999998
2018-10-31,0.3725,0.020268
2018-11-01,0.3753,0.007517
2018-11-02,0.3888,0.035971
2018-11-05,0.384,-0.012346
2018-11-06,0.3827,-0.0033850000000000004
2018-11-07,0.3818,-0.002352
2018-11-08,0.3794,-0.006286000000000001
2018-11-09,0.3769,-0.006589
2018-11-12,0.3815,0.012204999999999999
2018-11-13,0.3851,0.009436
2018-11-14,0.3805,-0.011944999999999999
2018-11-15,0.385,0.011827
2018-11-16,0.3875,0.006494
2018-11-19,0.39,0.006452
2018-11-20,0.381,-0.023077
2018-11-21,0.3823,0.003412
2018-11-22,0.3801,-0.005755
2018-11-23,0.3719,-0.021573000000000002
2018-11-26,0.369,-0.007798
2018-11-27,0.3702,0.0032519999999999997
2018-11-28,0.3742,0.010805
2018-11-29,0.3679,-0.016836
2018-11-30,0.3721,0.011415999999999999
2018-12-03,0.3833,0.030099
2018-12-04,0.3854,0.005479
2018-12-05,0.3854,0.0
2018-12-06,0.3775,-0.020498
2018-12-07,0.3776,0.000265
2018-12-10,0.3745,-0.00821
2018-12-11,0.3774,0.007744
2018-12-12,0.3788,0.0037099999999999998
2018-12-13,0.3824,0.009504
2018-12-14,0.3741,-0.021705000000000002
2018-12-17,0.3724,-0.004544
2018-12-18,0.3692,-0.008593
2018-12-19,0.3626,-0.017876
2018-12-20,0.3622,-0.001103
2018-12-21,0.3586,-0.009939
2018-12-24,0.3619,0.009202
2018-12-25,0.3606,-0.003592
2018-12-26,0.3573,-0.009151
2018-12-27,0.3558,-0.004198
2018-12-28,0.3591,0.009275
2018-12-31,0.359,0.0
2019-01-02,0.3544,-0.013087999999999999
2019-01-03,0.3516,-0.007901
2019-01-04,0.3589,0.020762
2019-01-07,0.3624,0.009752
2019-01-08,0.3616,-0.002208
2019-01-09,0.363,0.003872
2019-01-10,0.3616,-0.0038569999999999998
2019-01-11,0.3631,0.004148
2019-01-14,0.3599,-0.008813
2019-01-15,0.3657,0.016116
2019-01-16,0.3667,0.002734
2019-01-17,0.3638,-0.007908
2019-01-18,0.3688,0.013744000000000001
2019-01-21,0.3717,0.007863
2019-01-22,0.3664,-0.014258999999999999
2019-01-23,0.3678,0.0038209999999999997
2019-01-24,0.3696,0.004894
2019-01-25,0.3728,0.008658
2019-01-28,0.3718,-0.002682
2019-01-29,0.3716,-0.000538
2019-01-30,0.3689,-0.007266
2019-01-31,0.369,0.000271
2019-02-01,0.3753,0.017073
2019-02-11,0.3833,0.021316
2019-02-12,0.3843,0.002609
2019-02-13,0.3898,0.014312
2019-02-14,0.392,0.005644
2019-02-15,0.3847,-0.018622
2019-02-18,0.3981,0.034832
2019-02-19,0.3964,-0.0042699999999999995
2019-02-20,0.3979,0.003784
2019-02-21,0.3975,-0.001005
2019-02-22,0.4081,0.026667
2019-02-25,0.4255,0.042637
2019-02-26,0.4211,-0.010341
2019-02-27,0.4146,-0.015436
2019-02-28,0.4125,-0.005064999999999999
2019-03-01,0.4207,0.019879
2019-03-04,0.4273,0.015688
2019-03-05,0.4332,0.013808
2019-03-06,0.4358,0.0060019999999999995
2019-03-07,0.4355,-0.000688
2019-03-08,0.429,-0.014924999999999999
2019-03-11,0.4427,0.031935
2019-03-12,0.453,0.023266
2019-03-13,0.4404,-0.027815
2019-03-14,0.4278,-0.028610000000000003
2019-03-15,0.4327,0.011453999999999999
2019-03-18,0.4429,0.023573
2019-03-19,0.4431,0.000452
2019-03-20,0.4388,-0.009704
2019-03-21,0.4413,0.005697
2019-03-22,0.4389,-0.005437999999999999
2019-03-25,0.4304,-0.019367000000000002
2019-03-26,0.4236,-0.015799
2019-03-27,0.4286,0.011803999999999999
2019-03-28,0.4265,-0.0049
2019-03-29,0.4425,0.037515
2019-04-01,0.4574,0.033672
2019-04-02,0.4564,-0.002186
2019-04-03,0.4583,0.004163
2019-04-04,0.4631,0.010473
2019-04-08,0.4615,-0.0034549999999999997
2019-04-09,0.4613,-0.000433
2019-04-10,0.4595,-0.003902
2019-04-11,0.4472,-0.026768
2019-04-12,0.4466,-0.001342
2019-04-15,0.4419,-0.010524
2019-04-16,0.4486,0.015162
2019-04-17,0.4534,0.010700000000000001
2019-04-18,0.4508,-0.005734
2019-04-19,0.4527,0.004215
2019-04-22,0.4473,-0.011928000000000001
2019-04-23,0.4453,-0.004471
2019-04-24,0.4484,0.006962
2019-04-25,0.438,-0.023194
2019-04-26,0.4341,-0.008904
2019-04-29,0.4286,-0.012669999999999999
2019-04-30,0.4327,0.009566
2019-05-06,0.403,-0.068639
2019-05-07,0.4072,0.010422
2019-05-08,0.4,-0.017682
2019-05-09,0.3974,-0.006500000000000001
2019-05-10,0.4164,0.047811000000000006
2019-05-13,0.4129,-0.008405000000000001
2019-05-14,0.4109,-0.004844
2019-05-15,0.4239,0.031638
2019-05-16,0.4246,0.001651
2019-05-17,0.4135,-0.026142
2019-05-20,0.4054,-0.019589000000000002
2019-05-21,0.4126,0.01776
2019-05-22,0.411,-0.003878
2019-05-23,0.4008,-0.024817999999999996
2019-05-24,0.3977,-0.007735
2019-05-27,0.407,0.023384000000000002
2019-05-28,0.4107,0.009091
2019-05-29,0.4102,-0.001217
2019-05-30,0.4103,0.00024400000000000002
2019-05-31,0.4123,0.004874
2019-06-03,0.4094,-0.007034
2019-06-04,0.4039,-0.013434
2019-06-05,0.402,-0.004704
2019-06-06,0.3937,-0.020647000000000002
2019-06-10,0.4009,0.018288
2019-06-11,0.4152,0.03567
2019-06-12,0.4119,-0.007948
2019-06-13,0.4135,0.0038840000000000003
2019-06-14,0.4085,-0.012092
2019-06-17,0.4061,-0.005875
2019-06-18,0.4083,0.005417
2019-06-19,0.4143,0.014695
2019-06-20,0.4257,0.027516
2019-06-21,0.4263,0.0014089999999999999
2019-06-24,0.4279,0.0037530000000000003
2019-06-25,0.4247,-0.007478
2019-06-26,0.4272,0.005887
2019-06-27,0.4348,0.01779
2019-06-28,0.4353,0.00115
2019-06-30,0.4352,0.0
2019-07-01,0.4494,0.032391
2019-07-02,0.4505,0.002448
2019-07-03,0.4444,-0.013541000000000001
2019-07-04,0.4383,-0.013726
2019-07-05,0.4452,0.015743
2019-07-08,0.4367,-0.019093
2019-07-09,0.4368,0.000229
2019-07-10,0.4361,-0.001603
2019-07-11,0.436,-0.000229
2019-07-12,0.4395,0.008028
2019-07-15,0.4409,0.003185
2019-07-16,0.4378,-0.007030999999999999
2019-07-17,0.4377,-0.000228
2019-07-18,0.4331,-0.010509
2019-07-19,0.4373,0.009698
2019-07-22,0.4363,-0.002287
2019-07-23,0.4357,-0.0013750000000000001
2019-07-24,0.4386,0.006656
2019-07-25,0.4414,0.006384
2019-07-26,0.443,0.0036249999999999998
2019-07-29,0.444,0.0022570000000000003
2019-07-30,0.4447,0.001577
2019-07-31,0.4413,-0.007645999999999999
2019-08-01,0.4403,-0.002266
2019-08-02,0.4354,-0.011129
2019-08-05,0.4294,-0.013779999999999999
2019-08-06,0.4285,-0.002096
2019-08-07,0.4269,-0.003734
2019-08-08,0.4348,0.018506
2019-08-09,0.4289,-0.013569
2019-08-12,0.4381,0.02145
2019-08-13,0.4354,-0.006162999999999999
2019-08-14,0.4414,0.013779999999999999
2019-08-15,0.4434,0.004531
2019-08-16,0.4476,0.009472000000000001
2019-08-19,0.4532,0.012511000000000001
2019-08-20,0.4507,-0.005516
2019-08-21,0.4517,0.002219
2019-08-22,0.4556,0.008634
2019-08-23,0.4606,0.010974999999999999
2019-08-26,0.4577,-0.006296
2019-08-27,0.464,0.013764
2019-08-28,0.4642,0.000431
2019-08-29,0.4685,0.009263
2019-08-30,0.4688,0.00064
2019-09-02,0.4802,0.024317000000000002
2019-09-03,0.4834,0.006664
2019-09-04,0.4826,-0.001655
2019-09-05,0.4822,-0.000829
2019-09-06,0.483,0.0016589999999999999
2019-09-09,0.4912,0.016977
2019-09-10,0.4878,-0.006922
2019-09-11,0.4813,-0.013325
2019-09-12,0.4808,-0.001039
2019-09-16,0.4799,-0.001872
2019-09-17,0.4773,-0.005417999999999999
2019-09-18,0.4814,0.00859
2019-09-19,0.4854,0.008309
2019-09-20,0.4895,0.008447
2019-09-23,0.4879,-0.003269
2019-09-24,0.493,0.010452999999999999
2019-09-25,0.4858,-0.014603999999999999
2019-09-26,0.4747,-0.022848999999999998
2019-09-27,0.4807,0.01264
2019-09-30,0.4732,-0.015602
2019-10-08,0.4706,-0.005495
2019-10-09,0.473,0.0051
2019-10-10,0.4874,0.030444
2019-10-11,0.4881,0.001436
2019-10-14,0.4916,0.007170999999999999
2019-10-15,0.486,-0.011391
2019-10-16,0.4855,-0.001029
2019-10-17,0.487,0.00309
2019-10-18,0.4804,-0.013552
2019-10-21,0.4775,-0.006037
2019-10-22,0.4826,0.010681000000000001
2019-10-23,0.4767,-0.012225
2019-10-24,0.4756,-0.002308
2019-10-25,0.4812,0.011775
2019-10-28,0.4879,0.013924
2019-10-29,0.4871,-0.00164
2019-10-30,0.4903,0.006569
2019-10-31,0.4894,-0.0018360000000000002
2019-11-01,0.4938,0.008991
2019-11-04,0.5031,0.018834
2019-11-05,0.5078,0.009342
2019-11-06,0.5015,-0.012405999999999999
2019-11-07,0.5036,0.004187
2019-11-08,0.5007,-0.005758999999999999
2019-11-11,0.4936,-0.01418
2019-11-12,0.4935,-0.00020299999999999997
2019-11-13,0.5025,0.018237
2019-11-14,0.5074,0.009751
2019-11-15,0.5021,-0.010445
2019-11-18,0.5048,0.005377
2019-11-19,0.5148,0.01981
2019-11-20,0.5124,-0.004662
2019-11-21,0.5088,-0.007026
2019-11-22,0.4896,-0.037736
2019-11-25,0.4831,-0.013276
2019-11-26,0.4875,0.009108
2019-11-27,0.4873,-0.00041
2019-11-28,0.4876,0.000616
2019-11-29,0.4783,-0.019073
2019-12-02,0.479,0.001464
2019-12-03,0.4834,0.009186
2019-12-04,0.4861,0.005585
2019-12-05,0.4914,0.010903000000000001
2019-12-06,0.4969,0.011193
2019-12-09,0.4909,-0.012075
2019-12-10,0.4967,0.011814999999999999
2019-12-11,0.4951,-0.003221
2019-12-12,0.4943,-0.001616
2019-12-13,0.5023,0.016185
2019-12-16,0.504,0.003384
2019-12-17,0.5068,0.005556
2019-12-18,0.499,-0.015390999999999998
2019-12-19,0.4972,-0.0036070000000000004
2019-12-20,0.4932,-0.008045
2019-12-23,0.4884,-0.009732
2019-12-24,0.4944,0.012284999999999999
2019-12-25,0.4959,0.0030340000000000002
2019-12-26,0.4964,0.001008
2019-12-27,0.4921,-0.008662
2019-12-30,0.4969,0.009754
2019-12-31,0.5006,0.007446
2020-01-02,0.5056,0.009988
2020-01-03,0.5018,-0.007516
2020-01-06,0.5044,0.005181
2020-01-07,0.5075,0.006146
2020-01-08,0.5017,-0.011429
2020-01-09,0.5122,0.020929000000000003
2020-01-10,0.5144,0.004295
2020-01-13,0.5222,0.015163
2020-01-14,0.5201,-0.004021
2020-01-15,0.5221,0.003845
2020-01-16,0.5217,-0.000766
2020-01-17,0.523,0.002492
2020-01-20,0.54,0.032505
2020-01-21,0.5371,-0.005370000000000001
2020-01-22,0.5483,0.020853
2020-01-23,0.5315,-0.03064
2020-02-03,0.4949,-0.06886199999999999
2020-02-04,0.5193,0.049303
2020-02-05,0.5227,0.006547
2020-02-06,0.5365,0.026400999999999997
2020-02-07,0.5356,-0.001678
2020-02-10,0.5376,0.003734
2020-02-11,0.5435,0.010974999999999999
2020-02-12,0.5531,0.017662999999999998
2020-02-13,0.5534,0.000542
2020-02-14,0.5541,0.001265
2020-02-17,0.5716,0.031583
2020-02-18,0.5787,0.012421
2020-02-19,0.575,-0.0063939999999999995
2020-02-20,0.5883,0.02313
2020-02-21,0.598,0.016488
2020-02-24,0.6032,0.008696
2020-02-25,0.6109,0.012765
2020-02-26,0.587,-0.039123
2020-02-27,0.5819,-0.008688
2020-02-28,0.5569,-0.042962999999999994
2020-03-02,0.5714,0.026036999999999998
2020-03-03,0.5765,0.008924999999999999
2020-03-04,0.5753,-0.002082
2020-03-05,0.5867,0.019816
2020-03-06,0.5817,-0.008522
2020-03-09,0.56,-0.037304
2020-03-10,0.5702,0.018213999999999998
2020-03-11,0.5616,-0.015082
2020-03-12,0.5448,-0.029914999999999997
2020-03-13,0.5408,-0.007342
2020-03-16,0.5112,-0.054734
2020-03-17,0.5109,-0.0005870000000000001
2020-03-18,0.5043,-0.012918
2020-03-19,0.5022,-0.004164
2020-03-20,0.5067,0.008961
2020-03-23,0.4836,-0.045589000000000005
2020-03-24,0.4569,0.019644
2020-03-25,0.476,0.041803
2020-03-26,0.4738,-0.004622
2020-03-27,0.4707,-0.006543
2020-03-30,0.4638,-0.014659
2020-03-31,0.4707,0.014877
2020-04-01,0.471,0.0006370000000000001
2020-04-02,0.4832,0.025901999999999998
2020-04-03,0.4811,-0.004346
2020-04-07,0.4973,0.033673
2020-04-08,0.4972,-0.000201
2020-04-09,0.5027,0.011062
2020-04-10,0.4909,-0.023473
2020-04-13,0.4873,-0.007332999999999999
2020-04-14,0.502,0.030166
2020-04-15,0.4996,-0.0047810000000000005
2020-04-16,0.5018,0.004404
2020-04-17,0.5082,0.012754000000000001
2020-04-20,0.5161,0.015545
2020-04-21,0.5082,-0.015307
2020-04-22,0.5161,0.015545
2020-04-23,0.512,-0.007944
2020-04-24,0.5093,-0.005273
2020-04-27,0.5168,0.014726
2020-04-28,0.5277,0.021091000000000002
2020-04-29,0.5228,-0.009285999999999999
2020-04-30,0.5289,0.011668000000000001
2020-05-06,0.537,0.015315
2020-05-07,0.5358,-0.002235
2020-05-08,0.5387,0.005412
2020-05-11,0.5355,-0.00594
2020-05-12,0.5428,0.013632
2020-05-13,0.5521,0.017133
2020-05-14,0.5487,-0.006158
2020-05-15,0.5485,-0.000364
2020-05-18,0.5516,0.005652000000000001
2020-05-19,0.5574,0.010515000000000002
2020-05-20,0.5519,-0.009867
2020-05-21,0.5476,-0.007791
2020-05-22,0.5348,-0.023375
2020-05-25,0.5392,0.008227
2020-05-26,0.5529,0.025408
2020-05-27,0.5445,-0.015193000000000002
2020-05-28,0.5432,-0.002388
2020-05-29,0.5546,0.020987
2020-06-01,0.5682,0.024522
2020-06-02,0.5617,-0.011439999999999999
2020-06-03,0.5644,0.0048070000000000005
2020-06-04,0.5694,0.008859
2020-06-05,0.5755,0.010712999999999999
2020-06-08,0.566,-0.016507
2020-06-09,0.5699,0.006889999999999999
2020-06-10,0.5779,0.014038
2020-06-11,0.5779,0.0
2020-06-12,0.5791,0.002076
2020-06-15,0.5762,-0.005008
2020-06-16,0.5867,0.018223
2020-06-17,0.5896,0.004943
2020-06-18,0.5861,-0.005936
2020-06-19,0.6023,0.027639999999999998
2020-06-22,0.5994,-0.004815
2020-06-23,0.613,0.022689
2020-06-24,0.6091,-0.006362
2020-06-29,0.616,0.011328
2020-06-30,0.627,0.017857
2020-07-01,0.6232,-0.0060609999999999995
2020-07-02,0.6193,-0.0062580000000000005
2020-07-03,0.6215,0.003552
2020-07-06,0.6375,0.025744
2020-07-07,0.6535,0.025098
2020-07-08,0.6615,0.012242
2020-07-09,0.6754,0.021013
2020-07-10,0.6713,-0.00607
2020-07-13,0.6893,0.026814
2020-07-14,0.6809,-0.012185999999999999
2020-07-15,0.6801,-0.0011749999999999998
2020-07-16,0.6474,-0.048081
2020-07-17,0.66,0.019462
2020-07-20,0.6588,-0.001818
2020-07-21,0.6735,0.022313
2020-07-22,0.6826,0.013512
2020-07-23,0.6947,0.017726
2020-07-24,0.6551,-0.057003000000000005
2020-07-27,0.6559,0.001221
2020-07-28,0.6675,0.017686
2020-07-29,0.6881,0.030861
2020-07-30,0.696,0.011480999999999998
2020-07-31,0.7088,0.018391
2020-08-03,0.7192,0.014673
2020-08-04,0.7088,-0.014461
2020-08-05,0.7103,0.0021160000000000003
2020-08-06,0.696,-0.020131999999999997
2020-08-07,0.6904,-0.008046
2020-08-10,0.6881,-0.003331
2020-08-11,0.6759,-0.01773
2020-08-12,0.6561,-0.029293999999999997
2020-08-13,0.6505,-0.008535000000000001
2020-08-14,0.6628,0.018909
2020-08-17,0.6762,0.020217
2020-08-18,0.6791,0.004289
2020-08-19,0.6661,-0.019143
2020-08-20,0.6575,-0.012910999999999999
2020-08-21,0.6674,0.015057000000000001
2020-08-24,0.6749,0.011200000000000002
2020-08-25,0.6791,0.0062
2020-08-26,0.6683,-0.0159
2020-08-27,0.6735,0.0078000000000000005
2020-08-28,0.6864,0.0192
2020-08-31,0.6807,-0.0083
2020-09-01,0.684,0.0048
2020-09-02,0.6868,0.0040999999999999995
2020-09-03,0.6862,-0.0009
2020-09-04,0.6755,-0.015600000000000001
2020-09-07,0.6518,-0.0351
2020-09-08,0.6483,-0.0054
2020-09-09,0.6246,-0.0366
2020-09-10,0.6311,0.0104
2020-09-11,0.6498,0.0296
2020-09-14,0.6574,0.011699999999999999
2020-09-15,0.664,0.01
2020-09-16,0.6565,-0.0113
2020-09-17,0.6524,-0.0062
2020-09-18,0.6589,0.01
2020-09-21,0.6524,-0.009899999999999999
2020-09-22,0.6488,-0.0055000000000000005
2020-09-23,0.6652,0.0253
2020-09-24,0.6528,-0.018600000000000002
2020-09-25,0.6531,0.0005
2020-09-28,0.6561,0.0046
2020-09-29,0.6617,0.0085
2020-09-30,0.6672,0.0083
2020-10-09,0.692,0.037200000000000004
2020-10-12,0.7161,0.0348
2020-10-13,0.7197,0.005
2020-10-14,0.7193,-0.0006
2020-10-15,0.7138,-0.0076
2020-10-16,0.7084,-0.0076
2020-10-19,0.6942,-0.02
2020-10-20,0.7086,0.0207
2020-10-21,0.7053,-0.004699999999999999
2020-10-22,0.6998,-0.0078000000000000005
2020-10-23,0.6798,-0.0286
2020-10-26,0.6829,0.0046
2020-10-27,0.6943,0.0167
2020-10-28,0.708,0.0197
2020-10-29,0.7167,0.0123
2020-10-30,0.7077,-0.0126
2020-11-02,0.7164,0.0123
2020-11-03,0.7156,-0.0011
2020-11-04,0.717,0.002
2020-11-05,0.733,0.0223
2020-11-06,0.7193,-0.0187
2020-11-09,0.7278,0.0118
2020-11-10,0.7306,0.0038
2020-11-11,0.7153,-0.0209
2020-11-12,0.7177,0.0034000000000000002
2020-11-13,0.711,-0.009300000000000001
2020-11-16,0.7183,0.0103
2020-11-17,0.702,-0.0227
2020-11-18,0.6882,-0.0197
2020-11-19,0.6947,0.009399999999999999
2020-11-20,0.7062,0.0166
2020-11-23,0.713,0.0096
2020-11-24,0.7102,-0.0039000000000000003
2020-11-25,0.6952,-0.021099999999999997
2020-11-26,0.6904,-0.0069
2020-11-27,0.6908,0.0006
2020-11-30,0.683,-0.0113
2020-12-01,0.6939,0.016
2020-12-02,0.6894,-0.006500000000000001
2020-12-03,0.693,0.0052
2020-12-04,0.7017,0.0126
2020-12-07,0.7076,0.0084
2020-12-08,0.7119,0.0060999999999999995
2020-12-09,0.7119,0.0
2020-12-10,0.7189,0.0098
2020-12-11,0.7189,0.0
2020-12-14,0.7345,0.0217
2020-12-15,0.7423,0.0106
2020-12-16,0.7501,0.0105
2020-12-17,0.7608,0.0143
2020-12-18,0.7718,0.014499999999999999
2020-12-21,0.8039,0.0416
2020-12-22,0.7984,-0.0068000000000000005
2020-12-23,0.8112,0.016
2020-12-24,0.8034,-0.0096
2020-12-25,0.823,0.024399999999999998
2020-12-28,0.8283,0.0064
2020-12-29,0.8053,-0.0278
2020-12-30,0.8272,0.027200000000000002
2020-12-31,0.8424,0.0184
2021-01-04,0.8872,0.053200000000000004
2021-01-05,0.9022,0.0169
2021-01-06,0.9038,0.0018
2021-01-07,0.9318,0.031
2021-01-08,0.9003,-0.0338
2021-01-11,0.8634,-0.040999999999999995
2021-01-12,0.8875,0.0279
2021-01-13,0.8702,-0.0195
2021-01-14,0.8469,-0.0268
2021-01-15,0.8528,0.006999999999999999
2021-01-18,0.8563,0.0040999999999999995
2021-01-19,0.8317,-0.0287
2021-01-20,0.8738,0.0506
2021-01-21,0.8953,0.0246
2021-01-22,0.9224,0.030299999999999997
2021-01-25,0.9242,0.002
2021-01-26,0.9021,-0.0239
2021-01-27,0.9197,0.0195
2021-01-28,0.8895,-0.032799999999999996
2021-01-29,0.8767,-0.0144
2021-02-01,0.8674,-0.0106
2021-02-02,0.904,0.042199999999999994
2021-02-03,0.9097,0.0063
2021-02-04,0.9015,-0.009000000000000001
2021-02-05,0.8966,-0.0054
2021-02-08,0.9132,0.018500000000000003
2021-02-09,0.9383,0.0275
2021-02-10,0.9664,0.029900000000000003
2021-02-18,0.9409,-0.0264
2021-02-19,0.9217,-0.0204
2021-02-22,0.8756,-0.05
2021-02-23,0.8656,-0.011399999999999999
2021-02-24,0.8203,-0.052300000000000006
2021-02-25,0.8137,-0.008
2021-02-26,0.7845,-0.0359
2021-03-01,0.8045,0.0255
2021-03-02,0.7942,-0.0128
2021-03-03,0.7993,0.0064
2021-03-04,0.7454,-0.0674
2021-03-05,0.7467,0.0017000000000000001
2021-03-08,0.7023,-0.059500000000000004
2021-03-09,0.6889,-0.0191
2021-03-10,0.7131,0.0351
2021-03-11,0.7406,0.038599999999999995
2021-03-12,0.749,0.0113
2021-03-15,0.7124,-0.0489
2021-03-16,0.7252,0.018000000000000002
2021-03-17,0.7373,0.0167
2021-03-18,0.7482,0.0148
2021-03-19,0.724,-0.0323
2021-03-22,0.7236,-0.0006
2021-03-23,0.7048,-0.026000000000000002
2021-03-24,0.6943,-0.0149
2021-03-25,0.5191,0.0069
2021-03-26,0.5405,0.0412
2021-03-29,0.5411,0.0011
2021-03-30,0.5527,0.021400000000000002
2021-03-31,0.5489,-0.0069
2021-04-01,0.5604,0.021
2021-04-02,0.5703,0.0177
2021-04-06,0.569,-0.0023
2021-04-07,0.5536,-0.0271
2021-04-08,0.5599,0.011399999999999999
2021-04-09,0.548,-0.0213
2021-04-12,0.5361,-0.0217
2021-04-13,0.5395,0.0063
2021-04-14,0.5525,0.0241
2021-04-15,0.5499,-0.004699999999999999
2021-04-16,0.5476,-0.0042
2021-04-19,0.5696,0.04019999999999999
2021-04-20,0.5758,0.0109
2021-04-21,0.5841,0.0144
2021-04-22,0.5892,0.0087
2021-04-23,0.6008,0.0197
2021-04-26,0.5937,-0.0118
2021-04-27,0.6015,0.0131
2021-04-28,0.618,0.0274
2021-04-29,0.6174,-0.001
2021-04-30,0.6252,0.0126
2021-05-06,0.6207,-0.0072
2021-05-07,0.5982,-0.0362
2021-05-10,0.6072,0.015
2021-05-11,0.6085,0.0021
2021-05-12,0.615,0.010700000000000001
2021-05-13,0.61,-0.008100000000000001
2021-05-14,0.6227,0.0208
2021-05-17,0.645,0.0358
2021-05-18,0.644,-0.0016
2021-05-19,0.6511,0.011000000000000001
2021-05-20,0.6557,0.0070999999999999995
2021-05-21,0.6549,-0.0012
2021-05-24,0.659,0.0063
2021-05-25,0.6729,0.021099999999999997
2021-05-26,0.6635,-0.013999999999999999
2021-05-27,0.6657,0.0033
2021-05-28,0.678,0.018500000000000003
2021-05-31,0.703,0.0369
2021-06-01,0.6977,-0.0075
2021-06-02,0.6875,-0.0146
2021-06-03,0.6849,-0.0038
2021-06-04,0.6984,0.0197
2021-06-07,0.6921,-0.009000000000000001
2021-06-08,0.6753,-0.024300000000000002
2021-06-09,0.6758,0.0007000000000000001
2021-06-10,0.6996,0.0352
2021-06-11,0.7093,0.0139
2021-06-15,0.709,-0.0004
2021-06-16,0.6746,-0.048499999999999995
2021-06-17,0.6893,0.0218
2021-06-18,0.7064,0.0248
2021-06-21,0.705,-0.002
2021-06-22,0.7118,0.0096
2021-06-23,0.714,0.0031
2021-06-24,0.707,-0.0098
2021-06-25,0.7215,0.020499999999999997
2021-06-28,0.733,0.0159
2021-06-29,0.7386,0.0076
2021-06-30,0.7456,0.0095
2021-07-01,0.7463,0.0009
2021-07-02,0.7222,-0.0323
2021-07-05,0.739,0.0233
2021-07-06,0.7219,-0.0231
2021-07-07,0.7568,0.0483
2021-07-08,0.7534,-0.0045000000000000005
2021-07-09,0.7564,0.004
2021-07-12,0.7819,0.0337
2021-07-13,0.7981,0.0207
2021-07-14,0.7753,-0.0286
2021-07-15,0.7951,0.0255
2021-07-16,0.7579,-0.046799999999999994
2021-07-19,0.7463,-0.015300000000000001
2021-07-20,0.7575,0.015
2021-07-21,0.7851,0.0364
2021-07-22,0.7861,0.0013
2021-07-23,0.7749,-0.014199999999999999
2021-07-26,0.7543,-0.026600000000000002
2021-07-27,0.7151,-0.052000000000000005
2021-07-28,0.7287,0.019
2021-07-29,0.7556,0.0369
2021-07-30,0.7406,-0.0199
2021-08-02,0.7626,0.0297
2021-08-03,0.7427,-0.026099999999999998
2021-08-04,0.7799,0.0501
2021-08-05,0.7789,-0.0013
2021-08-06,0.7887,0.0126
2021-08-09,0.772,-0.0212
2021-08-10,0.7616,-0.013500000000000002
2021-08-11,0.7638,0.0029
2021-08-12,0.7605,-0.0043
2021-08-13,0.7603,-0.0003
2021-08-16,0.7345,-0.0339
2021-08-17,0.718,-0.0225
2021-08-18,0.7242,0.0086
2021-08-19,0.7447,0.028300000000000002
2021-08-20,0.7311,-0.0183
2021-08-23,0.7445,0.0183
2021-08-24,0.764,0.0262
2021-08-25,0.775,0.0144
2021-08-26,0.7573,-0.022799999999999997
2021-08-27,0.7706,0.0176
2021-08-30,0.7821,0.0149
2021-08-31,0.7831,0.0013
2021-09-01,0.7576,-0.0326
2021-09-02,0.767,0.0124
2021-09-03,0.7374,-0.038599999999999995
2021-09-06,0.7498,0.0168
2021-09-07,0.7736,0.0317
2021-09-08,0.7607,-0.0167
2021-09-09,0.7666,0.0078000000000000005
2021-09-10,0.7749,0.0108
2021-09-13,0.7695,-0.006999999999999999
2021-09-14,0.7875,0.023399999999999997
2021-09-15,0.7911,0.0046
2021-09-16,0.7622,-0.0365
2021-09-17,0.7776,0.0202
2021-09-22,0.7705,-0.0091
2021-09-23,0.7666,-0.0051
2021-09-24,0.7683,0.0022
2021-09-27,0.7582,-0.0131
2021-09-28,0.7365,-0.0286
2021-09-29,0.7193,-0.023399999999999997
2021-09-30,0.7481,0.04
2021-10-08,0.7295,-0.024900000000000002
2021-10-11,0.7225,-0.0096
2021-10-12,0.7044,-0.025099999999999997
2021-10-13,0.7281,0.0336
2021-10-14,0.7313,0.0044
2021-10-15,0.7457,0.0197
2021-10-18,0.7486,0.0039000000000000003
2021-10-19,0.7605,0.0159
2021-10-20,0.7762,0.0206
2021-10-21,0.7715,-0.0060999999999999995
2021-10-22,0.7664,-0.0066
2021-10-25,0.7918,0.0331
2021-10-26,0.7853,-0.008199999999999999
2021-10-27,0.7943,0.0115
2021-10-28,0.778,-0.020499999999999997
2021-10-29,0.7837,0.0073
2021-11-01,0.7728,-0.0139
2021-11-02,0.7741,0.0017000000000000001
2021-11-03,0.7625,-0.015
2021-11-04,0.7743,0.0155
2021-11-05,0.7517,-0.0292
2021-11-08,0.773,0.028300000000000002
2021-11-09,0.7786,0.0072
2021-11-10,0.7624,-0.0208
2021-11-11,0.7638,0.0018
2021-11-12,0.7701,0.008199999999999999
2021-11-15,0.7496,-0.026600000000000002
2021-11-16,0.7426,-0.009300000000000001
2021-11-17,0.7546,0.016200000000000003
2021-11-18,0.7533,-0.0017000000000000001
2021-11-19,0.7618,0.0113
2021-11-22,0.7847,0.0301
2021-11-23,0.7718,-0.016399999999999998
2021-11-24,0.7616,-0.0132
2021-11-25,0.7534,-0.0108
2021-11-26,0.766,0.0167
2021-11-29,0.7901,0.0315
2021-11-30,0.7826,-0.0095
2021-12-01,0.7718,-0.0138
2021-12-02,0.7684,-0.0044
2021-12-03,0.7746,0.008100000000000001
2021-12-06,0.7577,-0.0218
2021-12-07,0.7421,-0.0206
2021-12-08,0.7585,0.022099999999999998
2021-12-09,0.7564,-0.0028000000000000004
2021-12-10,0.766,0.0127
2021-12-13,0.7689,0.0038
2021-12-14,0.7626,-0.008199999999999999
2021-12-15,0.761,-0.0021
2021-12-16,0.7593,-0.0022
2021-12-17,0.7429,-0.0216
2021-12-20,0.7157,-0.0366
2021-12-21,0.7164,0.001
2021-12-22,0.7199,0.0049
2021-12-23,0.7239,0.005600000000000001
2021-12-24,0.6967,-0.037599999999999995
2021-12-27,0.7011,0.0063
2021-12-28,0.7141,0.018500000000000003
2021-12-29,0.7047,-0.0132
2021-12-30,0.7048,0.0001
2021-12-31,0.7067,0.0027
2022-01-04,0.6943,-0.0175
2022-01-05,0.6696,-0.0356
2022-01-06,0.6705,0.0013
2022-01-07,0.656,-0.0216
2022-01-10,0.649,-0.010700000000000001
2022-01-11,0.6468,-0.0034000000000000002
2022-01-12,0.6676,0.0322
2022-01-13,0.6578,-0.0147
2022-01-14,0.6722,0.0219
2022-01-17,0.6833,0.0165
2022-01-18,0.6806,-0.004
2022-01-19,0.6627,-0.0263
2022-01-20,0.657,-0.0086
2022-01-21,0.6547,-0.0034999999999999996
2022-01-24,0.6685,0.021099999999999997
2022-01-25,0.6525,-0.0239
2022-01-26,0.6671,0.022400000000000003
2022-01-27,0.6535,-0.0204
2022-01-28,0.6487,-0.0073
2022-02-07,0.6455,-0.0049
2022-02-08,0.6186,-0.0417
2022-02-09,0.6258,0.0116
2022-02-10,0.6007,-0.0401
2022-02-11,0.5953,-0.009000000000000001
2022-02-14,0.6011,0.0097
2022-02-15,0.6297,0.047599999999999996
2022-02-16,0.6324,0.0043
2022-02-17,0.6468,0.022799999999999997
2022-02-18,0.6406,-0.0096
2022-02-21,0.6407,0.0002
2022-02-22,0.6404,-0.0005
2022-02-23,0.6581,0.0276
2022-02-24,0.6479,-0.0155
2022-02-25,0.6656,0.0273
2022-02-28,0.6747,0.0137
2022-03-01,0.6712,-0.0052
2022-03-02,0.6589,-0.0183
2022-03-03,0.6406,-0.0278
2022-03-04,0.63,-0.0165
2022-03-07,0.6089,-0.0335
2022-03-08,0.5972,-0.0192
2022-03-09,0.5976,0.0007000000000000001
2022-03-10,0.621,0.0392
2022-03-11,0.6249,0.0063
2022-03-14,0.6044,-0.032799999999999996
2022-03-15,0.5972,-0.011899999999999999
2022-03-16,0.6326,0.0593
2022-03-17,0.6399,0.0115
2022-03-18,0.6368,-0.0048
2022-03-21,0.6387,0.003
2022-03-22,0.6328,-0.0092
2022-03-23,0.635,0.0034999999999999996
2022-03-24,0.6288,-0.0098
2022-03-25,0.6089,-0.0316
2022-03-28,0.5966,-0.0202
2022-03-29,0.5994,0.004699999999999999
2022-03-30,0.5461,0.048
2022-03-31,0.5323,-0.0253
2022-04-01,0.5377,0.0101
2022-04-06,0.5257,-0.0223
2022-04-07,0.5185,-0.0137
2022-04-08,0.5163,-0.0042
2022-04-11,0.4906,-0.049800000000000004
2022-04-12,0.4997,0.018500000000000003
2022-04-13,0.4962,-0.006999999999999999
2022-04-14,0.5008,0.009300000000000001
2022-04-15,0.4951,-0.011399999999999999
2022-04-18,0.5007,0.0113
2022-04-19,0.4958,-0.0098
2022-04-20,0.4809,-0.0301
2022-04-21,0.4662,-0.030600000000000002
2022-04-22,0.4625,-0.0079
2022-04-25,0.4359,-0.0575
2022-04-26,0.4299,-0.0138
2022-04-27,0.459,0.0677
2022-04-28,0.4643,0.0115
2022-04-29,0.4794,0.0325
2022-05-05,0.4757,-0.0077
2022-05-06,0.4669,-0.018500000000000003
2022-05-09,0.4654,-0.0032
2022-05-10,0.4803,0.032
2022-05-11,0.4975,0.0358
2022-05-12,0.4962,-0.0026
2022-05-13,0.4975,0.0026
2022-05-16,0.4926,-0.0098
2022-05-17,0.5064,0.027999999999999997
2022-05-18,0.5061,-0.0006
2022-05-19,0.5127,0.013000000000000001
2022-05-20,0.5196,0.013500000000000002
2022-05-23,0.5159,-0.0070999999999999995
2022-05-24,0.4977,-0.0353
2022-05-25,0.5011,0.0068000000000000005
2022-05-26,0.5039,0.005600000000000001
2022-05-27,0.5071,0.0064
2022-05-30,0.5174,0.0203
2022-05-31,0.5267,0.018000000000000002
2022-06-01,0.5314,0.0089
2022-06-02,0.5391,0.014499999999999999
2022-06-06,0.5614,0.0414
2022-06-07,0.563,0.0029
2022-06-08,0.5707,0.0137
2022-06-09,0.5608,-0.0173
2022-06-10,0.5757,0.026600000000000002
2022-06-13,0.5824,0.0116
2022-06-14,0.5843,0.0033
2022-06-15,0.5758,-0.014499999999999999
2022-06-16,0.5777,0.0033
2022-06-17,0.5957,0.031200000000000002
2022-06-20,0.6004,0.0079
2022-06-21,0.5988,-0.0027
2022-06-22,0.601,0.0037
2022-06-23,0.6164,0.0256
2022-06-24,0.6238,0.012
2022-06-27,0.6254,0.0026
2022-06-28,0.6267,0.0021
2022-06-29,0.6053,-0.0341
2022-06-30,0.6118,0.010700000000000001
2022-07-01,0.6038,-0.0131
2022-07-04,0.6127,0.0147
2022-07-05,0.6183,0.0091
2022-07-06,0.6178,-0.0008
2022-07-07,0.638,0.0327
2022-07-08,0.6244,-0.0213
2022-07-11,0.6082,-0.0259
2022-07-12,0.5986,-0.0158
2022-07-13,0.6108,0.0204
2022-07-14,0.6343,0.0385
2022-07-15,0.6265,-0.0123
2022-07-18,0.6347,0.0131
2022-07-19,0.6207,-0.022099999999999998
2022-07-20,0.6214,0.0011
2022-07-21,0.6146,-0.0109
2022-07-22,0.6165,0.0031
2022-07-25,0.6029,-0.022099999999999998
2022-07-26,0.6138,0.0181
2022-07-27,0.621,0.011699999999999999
2022-07-28,0.6196,-0.0023
2022-07-29,0.6147,-0.0079
2022-08-01,0.6249,0.0166
2022-08-02,0.6162,-0.0139
2022-08-03,0.5958,-0.0331
2022-08-04,0.6021,0.0106
2022-08-05,0.6044,0.0038
2022-08-08,0.6158,0.0189
2022-08-09,0.6277,0.019299999999999998
2022-08-10,0.622,-0.0091
2022-08-11,0.6256,0.0058
2022-08-12,0.6152,-0.0166
2022-08-15,0.6329,0.0288
2022-08-16,0.6364,0.0055000000000000005
2022-08-17,0.6335,-0.0046
2022-08-18,0.6405,0.011000000000000001
2022-08-19,0.6141,-0.0412
2022-08-22,0.623,0.014499999999999999
2022-08-23,0.6305,0.012
2022-08-24,0.6068,-0.037599999999999995
2022-08-25,0.5967,-0.0166
2022-08-26,0.5916,-0.0085
2022-08-29,0.5996,0.013500000000000002
2022-08-30,0.5948,-0.008
2022-08-31,0.5679,-0.0452
2022-09-01,0.5706,0.0048
2022-09-02,0.5684,-0.0039000000000000003
2022-09-05,0.5725,0.0072
2022-09-06,0.5894,0.029500000000000002
2022-09-07,0.5991,0.0165
2022-09-08,0.595,-0.0068000000000000005
2022-09-09,0.5897,-0.0089
2022-09-13,0.5868,-0.0049
2022-09-14,0.5746,-0.0208
2022-09-15,0.5437,-0.0538
2022-09-16,0.5367,-0.0129
2022-09-19,0.5353,-0.0026
2022-09-20,0.5512,0.0297
2022-09-21,0.5467,-0.008199999999999999
2022-09-22,0.5518,0.009300000000000001
2022-09-23,0.5472,-0.0083
2022-09-26,0.5599,0.0232
2022-09-27,0.5629,0.0054
2022-09-28,0.5439,-0.0338
2022-09-29,0.5468,0.0053
2022-09-30,0.5285,-0.0335
2022-10-10,0.5184,-0.0191
2022-10-11,0.5293,0.021
2022-10-12,0.5502,0.0395
2022-10-13,0.543,-0.0131
2022-10-14,0.5534,0.0192
2022-10-17,0.5441,-0.0168
2022-10-18,0.5488,0.0086
2022-10-19,0.5467,-0.0038
2022-10-20,0.5344,-0.0225
2022-10-21,0.5397,0.009899999999999999
2022-10-24,0.5342,-0.0102
2022-10-25,0.5406,0.012
2022-10-26,0.5491,0.015700000000000002
2022-10-27,0.5396,-0.0173
2022-10-28,0.527,-0.023399999999999997
2022-10-31,0.5289,0.0036
2022-11-01,0.5467,0.0337
2022-11-02,0.5574,0.0196
2022-11-03,0.5653,0.014199999999999999
2022-11-04,0.5833,0.0318
2022-11-07,0.5867,0.0058
2022-11-08,0.582,-0.008
2022-11-09,0.5784,-0.0062
2022-11-10,0.5663,-0.0209
2022-11-11,0.5681,0.0032
2022-11-14,0.5494,-0.0329
2022-11-15,0.5653,0.028900000000000002
2022-11-16,0.5595,-0.0103
2022-11-17,0.5542,-0.0095
2022-11-18,0.5512,-0.0054
2022-11-21,0.5605,0.0169
2022-11-22,0.5463,-0.0253
2022-11-23,0.5603,0.0256
2022-11-24,0.5584,-0.0034000000000000002
2022-11-25,0.5431,-0.0274
2022-11-28,0.5429,-0.0004
2022-11-29,0.5381,-0.0088
2022-11-30,0.5361,-0.0037
2022-12-01,0.5459,0.0183
2022-12-02,0.5482,0.0042
2022-12-05,0.5361,-0.022099999999999998
2022-12-06,0.534,-0.0039000000000000003
2022-12-07,0.5338,-0.0004
2022-12-08,0.5338,0.0
2022-12-09,0.5332,-0.0011
2022-12-12,0.5277,-0.0103
2022-12-13,0.5193,-0.0159
2022-12-14,0.5212,0.0037
2022-12-15,0.5249,0.0070999999999999995
2022-12-16,0.5159,-0.0171
2022-12-19,0.5121,-0.0074
2022-12-20,0.5031,-0.0176
2022-12-21,0.5011,-0.004
2022-12-22,0.5001,-0.002
2022-12-23,0.4956,-0.009000000000000001
2022-12-26,0.5156,0.0404
2022-12-27,0.5252,0.018600000000000002
2022-12-28,0.5229,-0.0044
2022-12-29,0.5225,-0.0008
2022-12-30,0.5247,0.0042
2022-12-31,0.5247,0.0
2023-01-03,0.5283,0.0069
2023-01-04,0.517,-0.021400000000000002
2023-01-05,0.5287,0.0226
2023-01-06,0.5402,0.0218
2023-01-09,0.5428,0.0048
2023-01-10,0.5471,0.0079
2023-01-11,0.535,-0.022099999999999998
2023-01-12,0.5365,0.0028000000000000004
2023-01-13,0.5362,-0.0006
2023-01-16,0.5369,0.0013
2023-01-17,0.5383,0.0026
2023-01-18,0.5354,-0.0054
2023-01-19,0.5348,-0.0011
2023-01-20,0.5368,0.0037
2023-01-30,0.5445,0.0143
2023-01-31,0.5406,-0.0072
2023-02-01,0.5428,0.0040999999999999995
2023-02-02,0.542,-0.0015
2023-02-03,0.5351,-0.0127
2023-02-06,0.5296,-0.0103
2023-02-07,0.5254,-0.0079
2023-02-08,0.5221,-0.0063
2023-02-09,0.5306,0.0163
2023-02-10,0.5247,-0.0111
2023-02-13,0.5288,0.0078000000000000005
2023-02-14,0.5254,-0.0064
2023-02-15,0.5233,-0.004
2023-02-16,0.5154,-0.0151
2023-02-17,0.5072,-0.0159
2023-02-20,0.5177,0.0207
2023-02-21,0.5156,-0.0040999999999999995
2023-02-22,0.5145,-0.0021
2023-02-23,0.5147,0.0004
2023-02-24,0.5092,-0.010700000000000001
2023-02-27,0.5109,0.0033
2023-02-28,0.5137,0.0055000000000000005
2023-03-01,0.5137,0.0
2023-03-02,0.5076,-0.011899999999999999
2023-03-03,0.5065,-0.0022
2023-03-06,0.5079,0.0028000000000000004
2023-03-07,0.4986,-0.0183
2023-03-08,0.4986,0.0
2023-03-09,0.4968,-0.0036
2023-03-10,0.4914,-0.0109
2023-03-13,0.4979,0.0132
2023-03-14,0.4924,-0.011000000000000001
2023-03-15,0.486,-0.013000000000000001
2023-03-16,0.4762,-0.0202
2023-03-17,0.4773,0.0023
2023-03-20,0.4754,-0.004
2023-03-21,0.4825,0.0149
2023-03-22,0.4863,0.0079
2023-03-23,0.4919,0.0115
2023-03-24,0.4954,0.0070999999999999995
2023-03-27,0.4937,-0.0034000000000000002
2023-03-28,0.4866,-0.0144
2023-03-29,0.4848,-0.0037
2023-03-30,0.4835,-0.0027
2023-03-31,0.4835,0.0
2023-04-03,0.4925,0.018600000000000002
2023-04-04,0.4899,-0.0053
2023-04-06,0.4877,-0.0045000000000000005
2023-04-07,0.4993,0.023799999999999998
2023-04-10,0.4879,-0.022799999999999997
2023-04-11,0.487,-0.0018
2023-04-12,0.4956,0.0177
2023-04-13,0.4909,-0.0095
2023-04-14,0.4876,-0.0067
2023-04-17,0.4827,-0.01
2023-04-18,0.4812,-0.0031
2023-04-19,0.4797,-0.0031
2023-04-20,0.4791,-0.0013
2023-04-21,0.4689,-0.0213
2023-04-24,0.4656,-0.006999999999999999
2023-04-25,0.4547,-0.023399999999999997
2023-04-26,0.4622,0.0165
2023-04-27,0.4545,-0.0167
2023-04-28,0.4605,0.0132
2023-05-04,0.4598,-0.0015
2023-05-05,0.4491,-0.0233
2023-05-08,0.4492,0.0002
2023-05-09,0.439,-0.0227
2023-05-10,0.4377,-0.003
2023-05-11,0.4394,0.0039000000000000003
2023-05-12,0.4299,-0.0216
2023-05-15,0.4361,0.0144
2023-05-16,0.4267,-0.0216
2023-05-17,0.4266,-0.0002
2023-05-18,0.432,0.0127
2023-05-19,0.4321,0.0002
2023-05-22,0.4281,-0.009300000000000001
2023-05-23,0.422,-0.014199999999999999
2023-05-24,0.4215,-0.0012
2023-05-25,0.4204,-0.0026
2023-05-26,0.4254,0.011899999999999999
2023-05-29,0.4267,0.0031
2023-05-30,0.4314,0.011000000000000001
2023-05-31,0.4312,-0.0005
2023-06-01,0.4385,0.0169
2023-06-02,0.4396,0.0025
2023-06-05,0.4401,0.0011
2023-06-06,0.4315,-0.0195
2023-06-07,0.4284,-0.0072
2023-06-08,0.4243,-0.0096
2023-06-09,0.4341,0.0231
2023-06-12,0.4337,-0.0009
2023-06-13,0.4368,0.0070999999999999995
2023-06-14,0.4384,0.0037
2023-06-15,0.4427,0.0098
2023-06-16,0.4485,0.0131
2023-06-19,0.449,0.0011
2023-06-20,0.4543,0.0118
2023-06-21,0.4387,-0.034300000000000004
2023-06-26,0.4213,-0.0397
2023-06-27,0.4257,0.0104
2023-06-28,0.423,-0.0063
2023-06-29,0.4287,0.013500000000000002
2023-06-30,0.4308,0.0049
2023-07-03,0.4211,-0.0225
2023-07-04,0.421,-0.0002
2023-07-05,0.4144,-0.015700000000000002
2023-07-06,0.4159,0.0036
2023-07-07,0.4134,-0.006
2023-07-10,0.4145,0.0027
2023-07-11,0.416,0.0036
2023-07-12,0.4093,-0.0161
2023-07-13,0.4138,0.011000000000000001
2023-07-14,0.4137,-0.0002
2023-07-17,0.4083,-0.0131
2023-07-18,0.4064,-0.004699999999999999
2023-07-19,0.4047,-0.0042
2023-07-20,0.3965,-0.0203
2023-07-21,0.3949,-0.004
2023-07-24,0.3939,-0.0025
2023-07-25,0.3984,0.011399999999999999
2023-07-26,0.3919,-0.0163
2023-07-27,0.3899,-0.0051
2023-07-28,0.3907,0.0021
2023-07-31,0.3961,0.0138
2023-08-01,0.3943,-0.0045000000000000005
2023-08-02,0.3941,-0.0005
2023-08-03,0.3948,0.0018
2023-08-04,0.3984,0.0091
2023-08-07,0.3995,0.0028000000000000004
2023-08-08,0.3949,-0.0115
2023-08-09,0.3866,-0.021
2023-08-10,0.3866,0.0
2023-08-11,0.38,-0.0171
2023-08-14,0.3839,0.0103
2023-08-15,0.3775,-0.0167
2023-08-16,0.3701,-0.0196
2023-08-17,0.3756,0.0149
2023-08-18,0.367,-0.0229
2023-08-21,0.3622,-0.0131
2023-08-22,0.366,0.0105
2023-08-23,0.3577,-0.0227
2023-08-24,0.3616,0.0109
2023-08-25,0.3542,-0.020499999999999997
2023-08-28,0.3578,0.0102
2023-08-29,0.3717,0.0388
2023-08-30,0.3767,0.013500000000000002
2023-08-31,0.3743,-0.0064
2023-09-01,0.3744,0.0003
2023-09-04,0.3769,0.0067
2023-09-05,0.3741,-0.0074
2023-09-06,0.3756,0.004
2023-09-07,0.3688,-0.0181
2023-09-08,0.3658,-0.008100000000000001
2023-09-11,0.371,0.014199999999999999
2023-09-12,0.3686,-0.006500000000000001
2023-09-13,0.3622,-0.0174
2023-09-14,0.3577,-0.0124
2023-09-15,0.3559,-0.005
2023-09-18,0.3588,0.008100000000000001
2023-09-19,0.3546,-0.011699999999999999
2023-09-20,0.3506,-0.0113
2023-09-21,0.3464,-0.012
2023-09-22,0.3545,0.023399999999999997
2023-09-25,0.3521,-0.0068000000000000005
2023-09-26,0.3523,0.0006
2023-09-27,0.3541,0.0051
2023-09-28,0.3568,0.0076
2023-10-09,0.3582,0.0039000000000000003
2023-10-10,0.3576,-0.0017000000000000001
2023-10-11,0.3576,0.0
2023-10-12,0.3575,-0.0003
2023-10-13,0.3538,-0.0103
2023-10-16,0.3476,-0.0175
2023-10-17,0.3469,-0.002
2023-10-18,0.3446,-0.0066
2023-10-19,0.3413,-0.0096
2023-10-20,0.3365,-0.0141
2023-10-23,0.3294,-0.021099999999999997
2023-10-24,0.3332,0.0115
2023-10-25,0.3363,0.009300000000000001
2023-10-26,0.3396,0.0098
2023-10-27,0.346,0.018799999999999997
2023-10-30,0.3517,0.0165
2023-10-31,0.3473,-0.0125
2023-11-01,0.3496,0.0066
2023-11-02,0.3465,-0.0089
2023-11-03,0.3524,0.017
2023-11-06,0.3638,0.0323
2023-11-07,0.3658,0.0055000000000000005
2023-11-08,0.3683,0.0068000000000000005
2023-11-09,0.3658,-0.0068000000000000005
2023-11-10,0.3624,-0.009300000000000001
2023-11-13,0.3621,-0.0008
2023-11-14,0.3651,0.0083
2023-11-15,0.3649,-0.0005
2023-11-16,0.3608,-0.011200000000000002
2023-11-17,0.3663,0.0152
2023-11-20,0.3672,0.0025
2023-11-21,0.3627,-0.0123
2023-11-22,0.3571,-0.0154
2023-11-23,0.3635,0.0179
2023-11-24,0.359,-0.0124
2023-11-27,0.3626,0.01
2023-11-28,0.3669,0.011899999999999999
2023-11-29,0.3645,-0.006500000000000001
2023-11-30,0.3599,-0.0126
2023-12-01,0.3619,0.005600000000000001
2023-12-04,0.3584,-0.0097
2023-12-05,0.3499,-0.023700000000000002
2023-12-06,0.3522,0.0066
2023-12-07,0.3525,0.0009
2023-12-08,0.3507,-0.0051
2023-12-11,0.3563,0.016
2023-12-12,0.3556,-0.002
2023-12-13,0.3499,-0.016
2023-12-14,0.3478,-0.006
2023-12-15,0.3469,-0.0026
2023-12-18,0.3423,-0.013300000000000001
2023-12-19,0.3428,0.0015
2023-12-20,0.3359,-0.020099999999999996
2023-12-21,0.3386,0.008
2023-12-22,0.3296,-0.026600000000000002
2023-12-25,0.3292,-0.0012
2023-12-26,0.3248,-0.0134
2023-12-27,0.3253,0.0015
2023-12-28,0.3317,0.0197
2023-12-29,0.3375,0.0175
2023-12-31,0.3375,0.0
2024-01-02,0.3343,-0.0095
2024-01-03,0.3311,-0.0096
2024-01-04,0.3269,-0.0127
2024-01-05,0.3205,-0.0196
2024-01-08,0.3153,-0.016200000000000003
2024-01-09,0.3163,0.0032
2024-01-10,0.3144,-0.006
2024-01-11,0.3188,0.013999999999999999
2024-01-12,0.3145,-0.013500000000000002
2024-01-15,0.3137,-0.0025
2024-01-16,0.3141,0.0013
2024-01-17,0.3032,-0.0347
2024-01-18,0.3076,0.014499999999999999
2024-01-19,0.3071,-0.0016
2024-01-22,0.2934,-0.0446
2024-01-23,0.2987,0.0181
2024-01-24,0.2992,0.0017000000000000001
2024-01-25,0.3066,0.024700000000000003
2024-01-26,0.3039,-0.0088
2024-01-29,0.2944,-0.0313
2024-01-30,0.287,-0.025099999999999997
2024-01-31,0.2771,-0.0345
2024-02-01,0.2778,0.0025
2024-02-02,0.2729,-0.0176
2024-02-05,0.26,-0.0473
2024-02-06,0.2711,0.042699999999999995
2024-02-07,0.276,0.0181
2024-02-08,0.2874,0.041299999999999996
2024-02-19,0.29,0.009000000000000001
2024-02-20,0.292,0.0069
2024-02-21,0.2956,0.0123
2024-02-22,0.2994,0.0129
2024-02-23,0.3072,0.026099999999999998
2024-02-26,0.3104,0.0104
2024-02-27,0.3178,0.023799999999999998
2024-02-28,0.2995,-0.0576
2024-02-29,0.3104,0.0364
2024-03-01,0.3134,0.0097
2024-03-04,0.3138,0.0013
2024-03-05,0.3102,-0.0115
2024-03-06,0.3104,0.0006
2024-03-07,0.3053,-0.016399999999999998
2024-03-08,0.3074,0.0069
2024-03-11,0.3108,0.0111
2024-03-12,0.3143,0.0113
2024-03-13,0.3208,0.0207
2024-03-14,0.3162,-0.0143
2024-03-15,0.3195,0.0104
2024-03-18,0.3248,0.0166
2024-03-19,0.3218,-0.0092
2024-03-20,0.3232,0.0044
2024-03-21,0.3237,0.0015
2024-03-22,0.3218,-0.0059
2024-03-25,0.3135,-0.0258
2024-03-26,0.3109,-0.0083
2024-03-27,0.3004,-0.0338
2024-03-28,0.3071,0.0223
2024-03-29,0.3072,0.0003
2024-04-01,0.3153,0.0264
2024-04-02,0.312,-0.0105
2024-04-03,0.307,-0.016
2024-04-08,0.3002,-0.022099999999999998
2024-04-09,0.3046,0.0147
2024-04-10,0.2962,-0.0276
2024-04-11,0.2964,0.0007000000000000001
2024-04-12,0.2946,-0.0060999999999999995
2024-04-15,0.2909,-0.0126
2024-04-16,0.2773,-0.046799999999999994
2024-04-17,0.2865,0.0332
2024-04-18,0.2884,0.0066
2024-04-19,0.2835,-0.017
2024-04-22,0.282,-0.0053
2024-04-23,0.2842,0.0078000000000000005
2024-04-24,0.2887,0.0158
2024-04-25,0.2878,-0.0031
2024-04-26,0.295,0.025
2024-04-29,0.3001,0.0173
2024-04-30,0.2983,-0.006
2024-05-06,0.3046,0.021099999999999997
2024-05-07,0.3038,-0.0026
2024-05-08,0.2991,-0.0155
2024-05-09,0.3017,0.0087
2024-05-10,0.2969,-0.0159
2024-05-13,0.2926,-0.014499999999999999
2024-05-14,0.293,0.0014000000000000002
2024-05-15,0.291,-0.0068000000000000005
2024-05-16,0.2922,0.0040999999999999995
2024-05-17,0.296,0.013000000000000001
2024-05-20,0.2992,0.0108
2024-05-21,0.2966,-0.0087
2024-05-22,0.2979,0.0044
2024-05-23,0.2927,-0.0175
2024-05-24,0.2893,-0.0116
2024-05-27,0.2912,0.0066
2024-05-28,0.2889,-0.0079
2024-05-29,0.2897,0.0028000000000000004
2024-05-30,0.2869,-0.0097
2024-05-31,0.2881,0.0042
2024-06-03,0.2869,-0.0042
2024-06-04,0.2888,0.0066
2024-06-05,0.2843,-0.015600000000000001
2024-06-06,0.2819,-0.0084
2024-06-07,0.2823,0.0014000000000000002
2024-06-11,0.2808,-0.0053
2024-06-12,0.2827,0.0068000000000000005
2024-06-13,0.2811,-0.005699999999999999
2024-06-14,0.2799,-0.0043
2024-06-17,0.2774,-0.0089
2024-06-18,0.2783,0.0032
2024-06-19,0.2761,-0.0079
2024-06-20,0.2727,-0.0123
2024-06-21,0.2725,-0.0007000000000000001
2024-06-24,0.266,-0.0239
2024-06-25,0.2641,-0.0070999999999999995
2024-06-26,0.2666,0.0095
2024-06-27,0.2611,-0.0206
2024-06-28,0.2627,0.0060999999999999995
2024-06-30,0.2627,0.0
2024-07-01,0.2648,0.008
2024-07-02,0.2618,-0.0113
2024-07-03,0.259,-0.010700000000000001
2024-07-04,0.2573,-0.0066
2024-07-05,0.2591,0.006999999999999999
2024-07-08,0.2554,-0.0143
2024-07-09,0.2609,0.0215
2024-07-10,0.2593,-0.0060999999999999995
2024-07-11,0.2651,0.022400000000000003
2024-07-12,0.263,-0.0079
2024-07-15,0.2621,-0.0034000000000000002
2024-07-16,0.2657,0.0137
2024-07-17,0.2632,-0.009399999999999999
2024-07-18,0.2645,0.0049
2024-07-19,0.2647,0.0008
2024-07-22,0.2647,0.0
2024-07-23,0.257,-0.0291
2024-07-24,0.2537,-0.0128
2024-07-25,0.2515,-0.0087
2024-07-26,0.2537,0.0087
2024-07-29,0.2512,-0.009899999999999999
2024-07-30,0.2504,-0.0032
2024-07-31,0.2591,0.0347
2024-08-01,0.2582,-0.0034999999999999996
2024-08-02,0.2533,-0.019
2024-08-05,0.2474,-0.0233
2024-08-06,0.2486,0.0049
2024-08-07,0.2483,-0.0012
2024-08-08,0.2477,-0.0024
2024-08-09,0.2475,-0.0008
2024-08-12,0.2474,-0.0004
2024-08-13,0.2479,0.002
2024-08-14,0.2461,-0.0073
2024-08-15,0.2468,0.0028000000000000004
2024-08-16,0.2458,-0.0040999999999999995
2024-08-19,0.2464,0.0024
2024-08-20,0.2432,-0.013000000000000001
2024-08-21,0.2434,0.0008
2024-08-22,0.243,-0.0016
2024-08-23,0.243,0.0
2024-08-26,0.2418,-0.0049
2024-08-27,0.2402,-0.0066
2024-08-28,0.2404,0.0008
2024-08-29,0.242,0.0067
2024-08-30,0.2451,0.0128
2024-09-02,0.241,-0.0167
2024-09-03,0.242,0.0040999999999999995
2024-09-04,0.2404,-0.0066
2024-09-05,0.2414,0.0042
2024-09-06,0.2389,-0.0104
2024-09-09,0.2367,-0.0092
2024-09-10,0.2373,0.0025
2024-09-11,0.2376,0.0013
2024-09-12,0.2363,-0.0055000000000000005
2024-09-13,0.2356,-0.003
2024-09-18,0.2355,-0.0004
2024-09-19,0.2364,0.0038
2024-09-20,0.2367,0.0013
2024-09-23,0.2366,-0.0004
2024-09-24,0.2452,0.0363
2024-09-25,0.2481,0.0118
2024-09-26,0.2572,0.036699999999999997
2024-09-27,0.2671,0.0385
2024-09-30,0.2877,0.0771
2024-10-08,0.3027,0.0521
2024-10-09,0.285,-0.058499999999999996
2024-10-10,0.2878,0.0098
2024-10-11,0.2797,-0.0281
2024-10-14,0.2894,0.0347
2024-10-15,0.2848,-0.0159
2024-10-16,0.2837,-0.0039000000000000003
2024-10-17,0.2832,-0.0018
2024-10-18,0.2908,0.0268
2024-10-21,0.2985,0.0265
2024-10-22,0.2986,0.0003
2024-10-23,0.3026,0.0134
2024-10-24,0.2984,-0.0139
2024-10-25,0.3008,0.008
2024-10-28,0.3049,0.013600000000000001
2024-10-29,0.3011,-0.0125
2024-10-30,0.3012,0.0003
2024-10-31,0.3018,0.002
2024-11-01,0.2977,-0.013600000000000001
2024-11-04,0.3034,0.0191
2024-11-05,0.3177,0.0471
2024-11-06,0.3177,0.0
2024-11-07,0.3168,-0.0028000000000000004
2024-11-08,0.321,0.013300000000000001
2024-11-11,0.3248,0.0118
2024-11-12,0.3155,-0.0286
2024-11-13,0.3147,-0.0025
2024-11-14,0.3076,-0.0226
2024-11-15,0.3005,-0.0231
2024-11-18,0.299,-0.005
2024-11-19,0.3011,0.006999999999999999
2024-11-20,0.3029,0.006
2024-11-21,0.3022,-0.0023
2024-11-22,0.2942,-0.0265
2024-11-25,0.291,-0.0109
2024-11-26,0.2918,0.0027
2024-11-27,0.2977,0.0202
2024-11-28,0.2967,-0.0034000000000000002
2024-11-29,0.2997,0.0101
2024-12-02,0.3009,0.004
2024-12-03,0.3,-0.003
2024-12-04,0.298,-0.0067
2024-12-05,0.2995,0.005
2024-12-06,0.3014,0.0063
2024-12-09,0.298,-0.0113
2024-12-10,0.2994,0.004699999999999999
2024-12-11,0.299,-0.0013
2024-12-12,0.3034,0.0147
2024-12-13,0.2963,-0.023399999999999997
2024-12-16,0.293,-0.0111
2024-12-17,0.2925,-0.0017000000000000001
2024-12-18,0.2937,0.0040999999999999995
2024-12-19,0.293,-0.0024
2024-12-20,0.2932,0.0007000000000000001
2024-12-23,0.2908,-0.008199999999999999
2024-12-24,0.2934,0.0089
2024-12-25,0.2924,-0.0034000000000000002
2024-12-26,0.2957,0.0113
2024-12-27,0.2966,0.003
2024-12-30,0.2968,0.0007000000000000001
2024-12-31,0.2939,-0.0098
2025-01-02,0.2859,-0.027200000000000002
2025-01-03,0.2817,-0.0147
2025-01-06,0.2801,-0.005699999999999999
2025-01-07,0.2826,0.0089
2025-01-08,0.2819,-0.0025
2025-01-09,0.2856,0.0131
2025-01-10,0.2832,-0.0084
2025-01-13,0.2815,-0.006
2025-01-14,0.2875,0.0213
2025-01-15,0.2828,-0.0163
2025-01-16,0.2831,0.0011
2025-01-17,0.2863,0.0113
2025-01-20,0.2859,-0.0014000000000000002
2025-01-21,0.2836,-0.008
2025-01-22,0.2817,-0.0067
2025-01-23,0.2819,0.0007000000000000001
2025-01-24,0.2837,0.0064
2025-01-27,0.282,-0.006
2025-02-05,0.28,-0.0070999999999999995
2025-02-06,0.2843,0.0154
2025-02-07,0.286,0.006
2025-02-10,0.2873,0.0045000000000000005
2025-02-11,0.2847,-0.009000000000000001
2025-02-12,0.2858,0.0039000000000000003
2025-02-13,0.285,-0.0028000000000000004
2025-02-14,0.2835,-0.0053
2025-02-17,0.2819,-0.005600000000000001
2025-02-18,0.2769,-0.0177
2025-02-19,0.2788,0.0069
2025-02-20,0.2818,0.0108
2025-02-21,0.2838,0.0070999999999999995
2025-02-24,0.2846,0.0028000000000000004
2025-02-25,0.2814,-0.011200000000000002
2025-02-26,0.2841,0.0096
2025-02-27,0.2834,-0.0025
2025-02-28,0.2774,-0.0212
2025-03-03,0.2793,0.0068000000000000005
2025-03-04,0.2833,0.0143
2025-03-05,0.2837,0.0014000000000000002
2025-03-06,0.2861,0.0085
2025-03-07,0.2907,0.0161
2025-03-10,0.293,0.0079
2025-03-11,0.297,0.0137
2025-03-12,0.2954,-0.0054
2025-03-13,0.2961,0.0024
2025-03-14,0.299,0.0098
2025-03-17,0.2975,-0.005
2025-03-18,0.2973,-0.0007000000000000001
2025-03-19,0.2966,-0.0024
2025-03-20,0.2958,-0.0027
2025-03-21,0.2926,-0.0108
2025-03-24,0.2914,-0.0040999999999999995
2025-03-25,0.2918,0.0014000000000000002
2025-03-26,0.291,-0.0027
2025-03-27,0.2904,-0.0021
2025-03-28,0.2891,-0.0045000000000000005
2025-03-31,0.2855,-0.0125
2025-04-01,0.288,0.0088
2025-04-02,0.2835,-0.015600000000000001
2025-04-03,0.2805,-0.0106
2025-04-07,0.262,-0.066
2025-04-08,0.2658,0.014499999999999999
2025-04-09,0.2735,0.028999999999999998
2025-04-10,0.2763,0.0102
2025-04-11,0.2769,0.0022
2025-04-14,0.2774,0.0018
2025-04-15,0.2756,-0.006500000000000001
2025-04-16,0.2747,-0.0033
2025-04-17,0.275,0.0011
2025-04-18,0.2742,-0.0029
2025-04-21,0.2779,0.013500000000000002
2025-04-22,0.2773,-0.0022
2025-04-23,0.2757,-0.0058
2025-04-24,0.2739,-0.006500000000000001
2025-04-25,0.274,0.0004
2025-04-28,0.2725,-0.0055000000000000005
2025-04-29,0.2727,0.0007000000000000001
2025-04-30,0.2726,-0.0004
2025-05-06,0.2753,0.009899999999999999
2025-05-07,0.28,0.0171
2025-05-08,0.2825,0.0089
2025-05-09,0.2789,-0.0127
2025-05-12,0.2868,0.028300000000000002
2025-05-13,0.2822,-0.016
2025-05-14,0.2818,-0.0014000000000000002
2025-05-15,0.2787,-0.011000000000000001
2025-05-16,0.2781,-0.0022
2025-05-19,0.2798,0.0060999999999999995
2025-05-20,0.2803,0.0018
2025-05-21,0.2812,0.0032
2025-05-22,0.2793,-0.0068000000000000005
2025-05-23,0.2774,-0.0068000000000000005
2025-05-26,0.2779,0.0018
2025-05-27,0.2762,-0.0060999999999999995
2025-05-28,0.2756,-0.0022
2025-05-29,0.2787,0.011200000000000002
2025-05-30,0.2784,-0.0011
2025-06-03,0.2793,0.0032
2025-06-04,0.2797,0.0014000000000000002
2025-06-05,0.2799,0.0007000000000000001
2025-06-06,0.281,0.0039000000000000003
2025-06-09,0.2844,0.0121
2025-06-10,0.2811,-0.0116
2025-06-11,0.2829,0.0064
2025-06-12,0.2828,-0.0004
2025-06-13,0.2834,0.0021
2025-06-16,0.2831,-0.0011
2025-06-17,0.2829,-0.0007000000000000001
2025-06-18,0.2832,0.0011
2025-06-19,0.2793,-0.0138
2025-06-20,0.278,-0.004699999999999999
2025-06-23,0.2801,0.0076
2025-06-24,0.2819,0.0064
2025-06-25,0.2885,0.023399999999999997
2025-06-26,0.2882,-0.001
2025-06-27,0.2896,0.0049
2025-06-30,0.2962,0.022799999999999997
2025-07-01,0.2958,-0.0014000000000000002
2025-07-02,0.294,-0.0060999999999999995
2025-07-03,0.2936,-0.0014000000000000002
2025-07-04,0.2936,0.0
2025-07-07,0.2932,-0.0014000000000000002
2025-07-08,0.2949,0.0058
2025-07-09,0.2926,-0.0078000000000000005
2025-07-10,0.2922,-0.0014000000000000002
2025-07-11,0.2937,0.0051
2025-07-14,0.2937,0.0
2025-07-15,0.2942,0.0017000000000000001
2025-07-16,0.2935,-0.0024
2025-07-17,0.2994,0.020099999999999996
2025-07-18,0.3031,0.0124
2025-07-21,0.3051,0.0066
2025-07-22,0.3072,0.0069
2025-07-23,0.3037,-0.011399999999999999
2025-07-24,0.3072,0.0115
2025-07-25,0.3067,-0.0016
2025-07-28,0.3096,0.0095
2025-07-29,0.3124,0.009000000000000001
2025-07-30,0.3091,-0.0106
2025-07-31,0.3056,-0.0113
2025-08-01,0.3035,-0.0069
2025-08-04,0.3087,0.0171
2025-08-05,0.3082,-0.0016
2025-08-06,0.3123,0.013300000000000001
2025-08-07,0.3101,-0.006999999999999999
2025-08-08,0.3081,-0.0064
2025-08-11,0.3106,0.008100000000000001
2025-08-12,0.3085,-0.0068000000000000005
2025-08-13,0.3112,0.0088
2025-08-14,0.3074,-0.012199999999999999
2025-08-15,0.31,0.0085
2025-08-18,0.315,0.0161
2025-08-19,0.3125,-0.0079
2025-08-20,0.3158,0.0106
2025-08-21,0.3161,0.0009
2025-08-22,0.3218,0.018000000000000002
2025-08-25,0.3273,0.0171
2025-08-26,0.3239,-0.0104
2025-08-27,0.3189,-0.0154
2025-08-28,0.3232,0.013500000000000002
2025-08-29,0.3252,0.0062
2025-09-01,0.3287,0.0108
2025-09-02,0.3226,-0.018600000000000002
2025-09-03,0.311,-0.036000000000000004
2025-09-04,0.3031,-0.0254
2025-09-05,0.3103,0.023799999999999998
2025-09-08,0.3144,0.0132
2025-09-09,0.3127,-0.0054
2025-09-10,0.3126,-0.0003
2025-09-11,0.3176,0.016
2025-09-12,0.3173,-0.0009
2025-09-15,0.3156,-0.0054
2025-09-16,0.3152,-0.0013
2025-09-17,0.3158,0.0019
2025-09-18,0.3159,0.0003
2025-09-19,0.3198,0.0123
2025-09-22,0.3203,0.0016
2025-09-23,0.3185,-0.005600000000000001
2025-09-24,0.3224,0.012199999999999999
2025-09-25,0.3229,0.0016
2025-09-26,0.3231,0.0006
2025-09-29,0.3266,0.0108
2025-09-30,0.3367,0.030899999999999997
2025-10-09,0.3409,0.0125
2025-10-10,0.3351,-0.017
2025-10-13,0.3393,0.0125
2025-10-14,0.3321,-0.0212
2025-10-15,0.3338,0.0051
2025-10-16,0.3314,-0.0072
2025-10-17,0.3212,-0.0308
2025-10-20,0.3208,-0.0012
2025-10-21,0.3224,0.005
2025-10-22,0.3184,-0.0124
2025-10-23,0.3183,-0.0003
2025-10-24,0.3224,0.0129
2025-10-27,0.3262,0.0118
2025-10-28,0.3283,0.0064
2025-10-29,0.3298,0.0046
2025-10-30,0.3254,-0.013300000000000001
2025-10-31,0.3247,-0.0022
2025-11-03,0.3235,-0.0037
2025-11-04,0.3189,-0.014199999999999999
2025-11-05,0.3189,0.0
2025-11-06,0.3221,0.01
2025-11-07,0.3218,-0.0009
2025-11-10,0.3228,0.0031
2025-11-11,0.3218,-0.0031
2025-11-12,0.3187,-0.0096
2025-11-13,0.3222,0.011000000000000001
2025-11-14,0.3203,-0.0059
2025-11-17,0.3231,0.0087
2025-11-18,0.3194,-0.0115
2025-11-19,0.3206,0.0038
2025-11-20,0.3164,-0.0131
2025-11-21,0.3112,-0.016399999999999998
2025-11-24,0.3176,0.0206
2025-11-25,0.3171,-0.0016
2025-11-26,0.3143,-0.0088
2025-11-27,0.3141,-0.0006
2025-11-28,0.3148,0.0022
2025-12-01,0.317,0.006999999999999999
2025-12-02,0.3141,-0.0091
2025-12-03,0.3109,-0.0102
2025-12-04,0.311,0.0003
2025-12-05,0.3135,0.008
2025-12-08,0.3154,0.0060999999999999995
2025-12-09,0.3129,-0.0079
2025-12-10,0.3142,0.0042
2025-12-11,0.3107,-0.0111
2025-12-12,0.3135,0.009000000000000001
2025-12-15,0.3134,-0.0003
2025-12-16,0.3085,-0.015600000000000001
2025-12-17,0.312,0.0113
2025-12-18,0.3123,0.001
2025-12-19,0.3156,0.0106
2025-12-22,0.3176,0.0063
2025-12-23,0.3172,-0.0013
2025-12-24,0.3223,0.0161
2025-12-25,0.3274,0.0158
2025-12-26,0.3271,-0.0009
2025-12-29,0.3273,0.0006
2025-12-30,0.3261,-0.0037
2025-12-31,0.3269,0.0025
2026-01-05,0.335,0.0248
2026-01-06,0.3455,0.0313
2026-01-07,0.344,-0.0043
2026-01-08,0.3501,0.0177
2026-01-09,0.3568,0.0191
2026-01-12,0.3644,0.0213
2026-01-13,0.3527,-0.0321
2026-01-14,0.352,-0.002
2026-01-15,0.3558,0.0108
2026-01-16,0.3536,-0.0062
2026-01-19,0.3634,0.0277
2026-01-20,0.3601,-0.0091
2026-01-21,0.3657,0.015600000000000001
2026-01-22,0.3703,0.0126
2026-01-23,0.3712,0.0024
2026-01-26,0.3658,-0.014499999999999999
2026-01-27,0.373,0.0197
2026-01-28,0.374,0.0027
2026-01-29,0.3705,-0.009399999999999999
2026-01-30,0.3668,-0.01
2026-02-02,0.356,-0.0294
2026-02-03,0.3663,0.028900000000000002
2026-02-04,0.3693,0.008199999999999999
2026-02-05,0.3663,-0.008100000000000001
2026-02-06,0.3627,-0.0098
2026-02-09,0.3669,0.0116
2026-02-10,0.3703,0.009300000000000001
2026-02-11,0.3698,-0.0014000000000000002
2026-02-12,0.377,0.0195
2026-02-13,0.3805,0.009300000000000001
2026-02-24,0.3834,0.0076
2026-02-25,0.385,0.0042
2026-02-26,0.3875,0.006500000000000001
2026-02-27,0.3845,-0.0077
2026-03-02,0.389,0.011699999999999999
2026-03-03,0.373,-0.041100000000000005
2026-03-04,0.3732,0.0005
2026-03-05,0.3735,0.0008
2026-03-06,0.3756,0.005600000000000001
2026-03-09,0.3692,-0.017
2026-03-10,0.3729,0.01
2026-03-11,0.3706,-0.0062
2026-03-12,0.3668,-0.0103
2026-03-13,0.3622,-0.0125
2026-03-16,0.3619,-0.0008
2026-03-17,0.3551,-0.018799999999999997
2026-03-18,0.3569,0.0051
2026-03-19,0.3488,-0.0227
2026-03-20,0.3444,-0.0126
2026-03-23,0.3338,-0.0308
2026-03-24,0.3376,0.011399999999999999
2026-03-25,0.3431,0.0163
2026-03-26,0.3387,-0.0128
2026-03-27,0.3419,0.009399999999999999
2026-03-30,0.343,0.0032
2026-03-31,0.3388,-0.012199999999999999
2026-04-01,0.3422,0.01
2026-04-02,0.3383,-0.011399999999999999
2026-04-03,0.335,-0.0098
2026-04-07,0.3353,0.0009
2026-04-08,0.3464,0.0331
2026-04-09,0.343,-0.0098
2026-04-10,0.3504,0.0216
2026-04-13,0.3545,0.011699999999999999
2026-04-14,0.3564,0.0054
2026-04-15,0.3526,-0.010700000000000001
2026-04-16,0.3549,0.006500000000000001
2026-04-17,0.3577,0.0079
2026-04-20,0.3586,0.0025
2026-04-21,0.3578,-0.0022
2026-04-22,0.3588,0.0028000000000000004
2026-04-23,0.3574,-0.0039000000000000003
2026-04-24,0.3559,-0.0042
2026-04-27,0.3556,-0.0008
2026-04-28,0.3514,-0.0118
2026-04-29,0.3567,0.0151
2026-04-30,0.3547,-0.005600000000000001
2026-05-06,0.3614,0.0189
2026-05-07,0.3614,0.0
2026-05-08,0.3631,0.004699999999999999
2026-05-11,0.3645,0.0039000000000000003
2026-05-12,0.3637,-0.0022
2026-05-13,0.3655,0.0049
2026-05-14,0.3558,-0.0265
2026-05-15,0.3495,-0.0177
2026-05-18,0.348,-0.0043
2026-05-19,0.35,0.005699999999999999
2026-05-20,0.35,0.0
2026-05-21,0.3429,-0.0203
2026-05-22,0.3457,0.008199999999999999
2026-05-25,0.3453,-0.0012
2026-05-26,0.3447,-0.0017000000000000001
2026-05-27,0.341,-0.010700000000000001
2026-05-28,0.3426,0.004699999999999999
2026-05-29,0.3365,-0.0178
2026-06-01,0.3346,-0.005600000000000001
2026-06-02,0.3354,0.0024
2026-06-03,0.3346,-0.0024
2026-06-04,0.3316,-0.009000000000000001
2026-06-05,0.3284,-0.0097
2026-06-08,0.3192,-0.027999999999999997
2026-06-09,0.3235,0.013500000000000002
2026-06-10,0.3197,-0.011699999999999999
2026-06-11,0.3204,0.0022
2026-06-12,0.3287,0.0259
2026-06-15,0.3334,0.0143
2026-06-16,0.3357,0.0069
2026-06-17,0.3385,0.0083
2026-06-18,0.3344,-0.0121
2026-06-22,0.3437,0.0278
2026-06-23,0.3343,-0.0273
2026-06-24,0.339,0.0141
2026-06-25,0.3433,0.0127
2026-06-26,0.3372,-0.0178
2026-06-29,0.3392,0.0059
2026-06-30,0.3455,0.018600000000000002
2026-07-01,0.3478,0.0067
2026-07-02,0.3395,-0.0239
2026-07-03,0.3453,0.0171
2026-07-06,0.3445,-0.0023
2026-07-07,0.3383,-0.018000000000000002
2026-07-08,0.3338,-0.013300000000000001
2026-07-09,0.3394,0.0168
2026-07-10,0.3396,0.0006
2026-07-13,0.3288,-0.0318
2026-07-14,0.3299,0.0033
2026-07-15,0.3328,0.0088
2026-07-16,0.3299,-0.0087
2026-07-17,0.3229,-0.0212
2026-07-20,0.3269,0.0124
2026-07-21,0.3317,0.0147
2026-07-22,0.333,0.0039000000000000003
2026-07-23,0.3366,0.0108
2026-07-24,0.3304,-0.0184
2026-07-27,0.3364,0.0182
2026-07-28,0.3324,-0.011899999999999999
2026-07-29,0.3365,0.0123
2026-07-30,0.3356,-0.0027
2026-07-31,0.3362,0.0018
