date,nav,ret
2009-06-24,1.0,0.0
2009-06-26,1.0,0.0
2009-06-30,1.0,0.0
2009-07-03,1.0,0.0
2009-07-10,1.0,0.0
2009-07-17,1.0,0.0
2009-07-24,1.0,0.0
2009-07-27,1.0,0.0
2009-07-28,1.0,0.0
2009-07-29,1.0,0.0
2009-07-30,1.0,0.0
2009-07-31,1.0,0.0
2009-08-03,1.0,0.0
2009-08-04,1.0,0.0
2009-08-05,1.001,0.001
2009-08-06,1.001,0.0
2009-08-07,1.001,0.0
2009-08-10,1.001,0.0
2009-08-11,1.001,0.0
2009-08-12,1.001,0.0
2009-08-13,1.001,0.0
2009-08-14,1.001,0.0
2009-08-17,1.001,0.0
2009-08-18,1.001,0.0
2009-08-19,1.001,0.0
2009-08-20,1.001,0.0
2009-08-21,1.001,0.0
2009-08-24,1.001,0.0
2009-08-25,1.001,0.0
2009-08-26,1.001,0.0
2009-08-27,1.001,0.0
2009-08-28,1.001,0.0
2009-08-31,1.001,0.0
2009-09-01,1.001,0.0
2009-09-02,1.001,0.0
2009-09-03,1.001,0.0
2009-09-04,1.001,0.0
2009-09-07,1.001,0.0
2009-09-08,1.001,0.0
2009-09-09,1.001,0.0
2009-09-10,1.002,0.000999
2009-09-11,1.002,0.0
2009-09-14,1.002,0.0
2009-09-15,1.002,0.0
2009-09-16,1.002,0.0
2009-09-17,1.002,0.0
2009-09-18,1.002,0.0
2009-09-21,1.002,0.0
2009-09-22,1.002,0.0
2009-09-23,1.002,0.0
2009-09-24,1.002,0.0
2009-09-25,1.002,0.0
2009-09-28,1.002,0.0
2009-09-29,1.002,0.0
2009-09-30,1.002,0.0
2009-10-09,1.002,0.0
2009-10-12,1.002,0.0
2009-10-13,1.002,0.0
2009-10-14,1.002,0.0
2009-10-15,1.002,0.0
2009-10-16,1.002,0.0
2009-10-19,1.002,0.0
2009-10-20,1.002,0.0
2009-10-21,1.002,0.0
2009-10-22,1.002,0.0
2009-10-23,1.003,0.000998
2009-10-26,1.003,0.0
2009-10-27,1.003,0.0
2009-10-28,1.003,0.0
2009-10-29,1.003,0.0
2009-10-30,1.003,0.0
2009-11-02,1.003,0.0
2009-11-03,1.003,0.0
2009-11-04,1.003,0.0
2009-11-05,1.003,0.0
2009-11-06,1.003,0.0
2009-11-09,1.003,0.0
2009-11-10,1.003,0.0
2009-11-11,1.003,0.0
2009-11-12,1.004,0.000997
2009-11-13,1.005,0.000996
2009-11-16,1.005,0.0
2009-11-17,1.005,0.0
2009-11-18,1.005,0.0
2009-11-19,1.005,0.0
2009-11-20,1.006,0.000995
2009-11-23,1.006,0.0
2009-11-24,1.006,0.0
2009-11-25,1.006,0.0
2009-11-26,1.006,0.0
2009-11-27,1.006,0.0
2009-11-30,1.007,0.000994
2009-12-01,1.008,0.000993
2009-12-02,1.008,0.0
2009-12-03,1.008,0.0
2009-12-04,1.008,0.0
2009-12-07,1.009,0.000992
2009-12-08,1.008,-0.000991
2009-12-09,1.008,0.0
2009-12-10,1.008,0.0
2009-12-11,1.009,0.000992
2009-12-14,1.009,0.0
2009-12-15,1.009,0.0
2009-12-16,1.009,0.0
2009-12-17,1.008,-0.000991
2009-12-18,1.008,0.0
2009-12-21,1.008,0.0
2009-12-22,1.008,0.0
2009-12-23,1.008,0.0
2009-12-24,1.008,0.0
2009-12-25,1.008,0.0
2009-12-28,1.008,0.0
2009-12-29,1.009,0.000992
2009-12-30,1.009,0.0
2009-12-31,1.009,0.0
2010-01-04,1.009,0.0
2010-01-05,1.009,0.0
2010-01-06,1.01,0.000991
2010-01-07,1.009,-0.00099
2010-01-08,1.01,0.000991
2010-01-11,1.01,0.0
2010-01-12,1.011,0.00099
2010-01-13,1.011,0.0
2010-01-14,1.011,0.0
2010-01-15,1.012,0.000989
2010-01-18,1.012,0.0
2010-01-19,1.012,0.0
2010-01-20,1.012,0.0
2010-01-21,1.012,0.0
2010-01-22,1.013,0.000988
2010-01-25,1.013,0.0
2010-01-26,1.013,0.0
2010-01-27,1.013,0.0
2010-01-28,1.014,0.000987
2010-01-29,1.014,0.0
2010-02-01,1.015,0.000986
2010-02-02,1.015,0.0
2010-02-03,1.014,-0.000985
2010-02-04,1.015,0.000986
2010-02-05,1.015,0.0
2010-02-08,1.016,0.000985
2010-02-09,1.016,0.0
2010-02-10,1.016,0.0
2010-02-11,1.016,0.0
2010-02-12,1.016,0.0
2010-02-22,1.016,0.0
2010-02-23,1.016,0.0
2010-02-24,1.016,0.0
2010-02-25,1.016,0.0
2010-02-26,1.016,0.0
2010-03-01,1.017,0.000984
2010-03-02,1.018,0.000983
2010-03-03,1.018,0.0
2010-03-04,1.018,0.0
2010-03-05,1.018,0.0
2010-03-08,1.018,0.0
2010-03-09,1.018,0.0
2010-03-10,1.018,0.0
2010-03-11,1.018,0.0
2010-03-12,1.018,0.0
2010-03-15,1.018,0.0
2010-03-16,1.018,0.0
2010-03-17,1.018,0.0
2010-03-18,1.019,0.000982
2010-03-19,1.019,0.0
2010-03-22,1.019,0.0
2010-03-23,1.019,0.0
2010-03-24,1.02,0.000981
2010-03-25,1.02,0.0
2010-03-26,1.021,0.00098
2010-03-29,1.02,-0.000979
2010-03-30,1.02,0.0
2010-03-31,1.02,0.0
2010-04-01,1.02,0.0
2010-04-02,1.02,0.0
2010-04-06,1.02,0.0
2010-04-07,1.02,0.0
2010-04-08,1.02,0.0
2010-04-09,1.02,0.0
2010-04-12,1.02,0.0
2010-04-13,1.02,0.0
2010-04-14,1.02,0.0
2010-04-15,1.02,0.0
2010-04-16,1.021,0.00098
2010-04-19,1.022,0.000979
2010-04-20,1.022,0.0
2010-04-21,1.022,0.0
2010-04-22,1.022,0.0
2010-04-23,1.023,0.000978
2010-04-26,1.023,0.0
2010-04-27,1.023,0.0
2010-04-28,1.023,0.0
2010-04-29,1.023,0.0
2010-04-30,1.023,0.0
2010-05-04,1.023,0.0
2010-05-05,1.023,0.0
2010-05-06,1.023,0.0
2010-05-07,1.023,0.0
2010-05-10,1.024,0.000978
2010-05-11,1.024,0.0
2010-05-12,1.024,0.0
2010-05-13,1.024,0.0
2010-05-14,1.024,0.0
2010-05-17,1.024,0.0
2010-05-18,1.024,0.0
2010-05-19,1.025,0.000977
2010-05-20,1.025,0.0
2010-05-21,1.025,0.0
2010-05-24,1.025,0.0
2010-05-25,1.024,-0.0009760000000000001
2010-05-26,1.024,0.0
2010-05-27,1.024,0.0
2010-05-28,1.024,0.0
2010-05-31,1.024,0.0
2010-06-01,1.024,0.0
2010-06-02,1.024,0.0
2010-06-03,1.024,0.0
2010-06-04,1.024,0.0
2010-06-07,1.025,0.000977
2010-06-08,1.025,0.0
2010-06-09,1.025,0.0
2010-06-10,1.025,0.0
2010-06-11,1.025,0.0
2010-06-17,1.025,0.0
2010-06-18,1.024,-0.0009760000000000001
2010-06-21,1.024,0.0
2010-06-22,1.024,0.0
2010-06-23,1.024,0.0
2010-06-24,1.024,0.0
2010-06-25,1.024,0.0
2010-06-28,1.024,0.0
2010-06-29,1.024,0.0
2010-06-30,1.024,0.0
2010-07-01,1.024,0.0
2010-07-02,1.024,0.0
2010-07-05,1.024,0.0
2010-07-06,1.025,0.000977
2010-07-07,1.025,0.0
2010-07-08,1.025,0.0
2010-07-09,1.026,0.0009760000000000001
2010-07-12,1.026,0.0
2010-07-13,1.027,0.0009750000000000001
2010-07-14,1.027,0.0
2010-07-15,1.027,0.0
2010-07-16,1.027,0.0
2010-07-19,1.027,0.0
2010-07-20,1.028,0.000974
2010-07-21,1.028,0.0
2010-07-22,1.028,0.0
2010-07-23,1.028,0.0
2010-07-26,1.029,0.000973
2010-07-27,1.028,-0.000972
2010-07-28,1.029,0.000973
2010-07-29,1.029,0.0
2010-07-30,1.029,0.0
2010-08-02,1.029,0.0
2010-08-03,1.029,0.0
2010-08-04,1.029,0.0
2010-08-05,1.029,0.0
2010-08-06,1.03,0.000972
2010-08-09,1.03,0.0
2010-08-10,1.03,0.0
2010-08-11,1.031,0.0009710000000000001
2010-08-12,1.031,0.0
2010-08-13,1.031,0.0
2010-08-16,1.031,0.0
2010-08-17,1.032,0.00097
2010-08-18,1.032,0.0
2010-08-19,1.032,0.0
2010-08-20,1.032,0.0
2010-08-23,1.032,0.0
2010-08-24,1.032,0.0
2010-08-25,1.033,0.000969
2010-08-26,1.033,0.0
2010-08-27,1.032,-0.000968
2010-08-30,1.032,0.0
2010-08-31,1.033,0.000969
2010-09-01,1.033,0.0
2010-09-02,1.033,0.0
2010-09-03,1.033,0.0
2010-09-06,1.034,0.000968
2010-09-07,1.034,0.0
2010-09-08,1.034,0.0
2010-09-09,1.034,0.0
2010-09-10,1.033,-0.000967
2010-09-13,1.033,0.0
2010-09-14,1.033,0.0
2010-09-15,1.033,0.0
2010-09-16,1.032,-0.000968
2010-09-17,1.032,0.0
2010-09-20,1.032,0.0
2010-09-21,1.032,0.0
2010-09-27,1.032,0.0
2010-09-28,1.033,0.000969
2010-09-29,1.033,0.0
2010-09-30,1.034,0.000968
2010-10-08,1.034,0.0
2010-10-11,1.034,0.0
2010-10-12,1.034,0.0
2010-10-13,1.034,0.0
2010-10-14,1.034,0.0
2010-10-15,1.034,0.0
2010-10-18,1.034,0.0
2010-10-19,1.034,0.0
2010-10-20,1.032,-0.001934
2010-10-21,1.031,-0.000969
2010-10-22,1.032,0.00097
2010-10-25,1.032,0.0
2010-10-26,1.032,0.0
2010-10-27,1.032,0.0
2010-10-28,1.032,0.0
2010-10-29,1.033,0.000969
2010-11-01,1.033,0.0
2010-11-02,1.033,0.0
2010-11-03,1.032,-0.000968
2010-11-04,1.032,0.0
2010-11-05,1.031,-0.000969
2010-11-08,1.03,-0.00097
2010-11-09,1.03,0.0
2010-11-10,1.028,-0.0019420000000000001
2010-11-11,1.027,-0.000973
2010-11-12,1.026,-0.000974
2010-11-15,1.026,0.0
2010-11-16,1.027,0.0009750000000000001
2010-11-17,1.027,0.0
2010-11-18,1.027,0.0
2010-11-19,1.027,0.0
2010-11-22,1.025,-0.0019470000000000002
2010-11-23,1.023,-0.001951
2010-11-24,1.022,-0.000978
2010-11-25,1.023,0.000978
2010-11-26,1.021,-0.001955
2010-11-29,1.022,0.000979
2010-11-30,1.023,0.000978
2010-12-01,1.023,0.0
2010-12-02,1.025,0.001955
2010-12-03,1.025,0.0
2010-12-06,1.025,0.0
2010-12-07,1.026,0.0009760000000000001
2010-12-08,1.024,-0.001949
2010-12-09,1.024,0.0
2010-12-10,1.025,0.000977
2010-12-13,1.027,0.001951
2010-12-14,1.026,-0.000974
2010-12-15,1.027,0.0009750000000000001
2010-12-16,1.027,0.0
2010-12-17,1.027,0.0
2010-12-20,1.026,-0.000974
2010-12-21,1.026,0.0
2010-12-22,1.026,0.0
2010-12-23,1.026,0.0
2010-12-24,1.025,-0.0009750000000000001
2010-12-27,1.025,0.0
2010-12-28,1.025,0.0
2010-12-29,1.026,0.0009760000000000001
2010-12-30,1.027,0.0009750000000000001
2010-12-31,1.029,0.0019470000000000002
2011-01-04,1.029,0.0
2011-01-05,1.029,0.0
2011-01-06,1.029,0.0
2011-01-07,1.028,-0.000972
2011-01-10,1.029,0.000973
2011-01-11,1.029,0.0
2011-01-12,1.029,0.0
2011-01-13,1.029,0.0
2011-01-14,1.028,-0.000972
2011-01-17,1.026,-0.001946
2011-01-18,1.026,0.0
2011-01-19,1.028,0.001949
2011-01-20,1.027,-0.000973
2011-01-21,1.026,-0.000974
2011-01-24,1.025,-0.0009750000000000001
2011-01-25,1.025,0.0
2011-01-26,1.026,0.0009760000000000001
2011-01-27,1.026,0.0
2011-01-28,1.026,0.0
2011-01-31,1.027,0.0009750000000000001
2011-02-01,1.028,0.000974
2011-02-09,1.027,-0.000973
2011-02-10,1.027,0.0
2011-02-11,1.027,0.0
2011-02-14,1.028,0.000974
2011-02-15,1.028,0.0
2011-02-16,1.027,-0.000973
2011-02-17,1.027,0.0
2011-02-18,1.027,0.0
2011-02-21,1.027,0.0
2011-02-22,1.027,0.0
2011-02-23,1.027,0.0
2011-02-24,1.028,0.000974
2011-02-25,1.028,0.0
2011-02-28,1.029,0.000973
2011-03-01,1.028,-0.000972
2011-03-02,1.028,0.0
2011-03-03,1.028,0.0
2011-03-04,1.029,0.000973
2011-03-07,1.03,0.000972
2011-03-08,1.031,0.0009710000000000001
2011-03-09,1.031,0.0
2011-03-10,1.031,0.0
2011-03-11,1.03,-0.00097
2011-03-14,1.03,0.0
2011-03-15,1.03,0.0
2011-03-16,1.032,0.0019420000000000001
2011-03-17,1.032,0.0
2011-03-18,1.033,0.000969
2011-03-21,1.033,0.0
2011-03-22,1.033,0.0
2011-03-23,1.034,0.000968
2011-03-24,1.034,0.0
2011-03-25,1.035,0.000967
2011-03-28,1.035,0.0
2011-03-29,1.034,-0.0009660000000000001
2011-03-30,1.034,0.0
2011-03-31,1.034,0.0
2011-04-01,1.035,0.000967
2011-04-06,1.036,0.0009660000000000001
2011-04-07,1.036,0.0
2011-04-08,1.037,0.000965
2011-04-11,1.037,0.0
2011-04-12,1.038,0.000964
2011-04-13,1.039,0.000963
2011-04-14,1.039,0.0
2011-04-15,1.04,0.000962
2011-04-18,1.041,0.000962
2011-04-19,1.04,-0.000961
2011-04-20,1.039,-0.000962
2011-04-21,1.04,0.000962
2011-04-22,1.04,0.0
2011-04-25,1.039,-0.000962
2011-04-26,1.039,0.0
2011-04-27,1.039,0.0
2011-04-28,1.039,0.0
2011-04-29,1.04,0.000962
2011-05-03,1.04,0.0
2011-05-04,1.04,0.0
2011-05-05,1.04,0.0
2011-05-06,1.041,0.000962
2011-05-09,1.042,0.000961
2011-05-10,1.043,0.00096
2011-05-11,1.042,-0.000959
2011-05-12,1.043,0.00096
2011-05-13,1.042,-0.000959
2011-05-16,1.042,0.0
2011-05-17,1.041,-0.00096
2011-05-18,1.042,0.000961
2011-05-19,1.042,0.0
2011-05-20,1.042,0.0
2011-05-23,1.04,-0.001919
2011-05-24,1.041,0.000962
2011-05-25,1.04,-0.000961
2011-05-26,1.04,0.0
2011-05-27,1.041,0.000962
2011-05-30,1.04,-0.000961
2011-05-31,1.041,0.000962
2011-06-01,1.041,0.0
2011-06-02,1.04,-0.000961
2011-06-03,1.04,0.0
2011-06-07,1.041,0.000962
2011-06-08,1.04,-0.000961
2011-06-09,1.039,-0.000962
2011-06-10,1.039,0.0
2011-06-13,1.039,0.0
2011-06-14,1.039,0.0
2011-06-15,1.037,-0.001925
2011-06-16,1.035,-0.001929
2011-06-17,1.035,0.0
2011-06-20,1.035,0.0
2011-06-21,1.036,0.0009660000000000001
2011-06-22,1.036,0.0
2011-06-23,1.036,0.0
2011-06-24,1.037,0.000965
2011-06-27,1.037,0.0
2011-06-28,1.037,0.0
2011-06-29,1.036,-0.000964
2011-06-30,1.036,0.0
2011-07-01,1.036,0.0
2011-07-04,1.037,0.000965
2011-07-05,1.037,0.0
2011-07-06,1.037,0.0
2011-07-07,1.033,-0.0038569999999999998
2011-07-08,1.033,0.0
2011-07-11,1.033,0.0
2011-07-12,1.033,0.0
2011-07-13,1.033,0.0
2011-07-14,1.032,-0.000968
2011-07-15,1.03,-0.001938
2011-07-18,1.029,-0.0009710000000000001
2011-07-19,1.026,-0.0029149999999999996
2011-07-20,1.025,-0.0009750000000000001
2011-07-21,1.022,-0.0029270000000000003
2011-07-22,1.023,0.000978
2011-07-25,1.021,-0.001955
2011-07-26,1.021,0.0
2011-07-27,1.02,-0.000979
2011-07-28,1.02,0.0
2011-07-29,1.019,-0.00098
2011-08-01,1.018,-0.000981
2011-08-02,1.016,-0.001965
2011-08-03,1.015,-0.000984
2011-08-04,1.016,0.000985
2011-08-05,1.017,0.000984
2011-08-08,1.018,0.000983
2011-08-09,1.019,0.000982
2011-08-10,1.019,0.0
2011-08-11,1.022,0.002944
2011-08-12,1.021,-0.000978
2011-08-15,1.022,0.000979
2011-08-16,1.022,0.0
2011-08-17,1.021,-0.000978
2011-08-18,1.02,-0.000979
2011-08-19,1.019,-0.00098
2011-08-22,1.019,0.0
2011-08-23,1.02,0.000981
2011-08-24,1.02,0.0
2011-08-25,1.02,0.0
2011-08-26,1.02,0.0
2011-08-29,1.011,-0.008824
2011-08-30,1.008,-0.002967
2011-08-31,1.007,-0.000992
2011-09-01,1.006,-0.000993
2011-09-02,1.001,-0.00497
2011-09-05,0.995,-0.005994
2011-09-06,0.996,0.001005
2011-09-07,0.998,0.0020080000000000002
2011-09-08,0.998,0.0
2011-09-09,0.998,0.0
2011-09-13,0.997,-0.001002
2011-09-14,0.997,0.0
2011-09-15,0.997,0.0
2011-09-16,0.996,-0.001003
2011-09-19,0.996,0.0
2011-09-20,0.996,0.0
2011-09-21,0.987,-0.009035999999999999
2011-09-22,0.989,0.002026
2011-09-23,0.99,0.001011
2011-09-26,0.988,-0.00202
2011-09-27,0.988,0.0
2011-09-28,0.984,-0.004049
2011-09-29,0.982,-0.002033
2011-09-30,0.989,0.007128
2011-10-10,0.991,0.002022
2011-10-11,0.991,0.0
2011-10-12,0.99,-0.0010090000000000001
2011-10-13,0.992,0.00202
2011-10-14,0.994,0.002016
2011-10-17,0.997,0.0030180000000000003
2011-10-18,0.996,-0.001003
2011-10-19,0.997,0.0010040000000000001
2011-10-20,0.997,0.0
2011-10-21,1.0,0.003009
2011-10-24,1.002,0.002
2011-10-25,1.003,0.000998
2011-10-26,1.004,0.000997
2011-10-27,1.003,-0.000996
2011-10-28,1.007,0.003988
2011-10-31,1.011,0.003972
2011-11-01,1.012,0.000989
2011-11-02,1.014,0.001976
2011-11-03,1.015,0.000986
2011-11-04,1.015,0.0
2011-11-07,1.015,0.0
2011-11-08,1.016,0.000985
2011-11-09,1.018,0.001969
2011-11-10,1.02,0.001965
2011-11-11,1.019,-0.00098
2011-11-14,1.019,0.0
2011-11-15,1.018,-0.000981
2011-11-16,1.016,-0.001965
2011-11-17,1.015,-0.000984
2011-11-18,1.013,-0.00197
2011-11-21,1.014,0.000987
2011-11-22,1.015,0.000986
2011-11-23,1.016,0.000985
2011-11-24,1.016,0.0
2011-11-25,1.016,0.0
2011-11-28,1.016,0.0
2011-11-29,1.016,0.0
2011-11-30,1.013,-0.002953
2011-12-01,1.017,0.003948999999999999
2011-12-02,1.017,0.0
2011-12-05,1.018,0.000983
2011-12-06,1.017,-0.000982
2011-12-07,1.018,0.000983
2011-12-08,1.018,0.0
2011-12-09,1.018,0.0
2011-12-12,1.019,0.000982
2011-12-13,1.018,-0.000981
2011-12-14,1.018,0.0
2011-12-15,1.018,0.0
2011-12-16,1.02,0.001965
2011-12-19,1.019,-0.00098
2011-12-20,1.02,0.000981
2011-12-21,1.019,-0.00098
2011-12-22,1.018,-0.000981
2011-12-23,1.018,0.0
2011-12-26,1.017,-0.000982
2011-12-27,1.017,0.0
2011-12-28,1.017,0.0
2011-12-29,1.019,0.001967
2011-12-30,1.021,0.001963
2011-12-31,1.022,0.000979
2012-01-04,1.022,0.0
2012-01-05,1.021,-0.000978
2012-01-06,1.023,0.001959
2012-01-09,1.027,0.00391
2012-01-10,1.031,0.003895
2012-01-11,1.028,-0.00291
2012-01-12,1.029,0.000973
2012-01-13,1.026,-0.0029149999999999996
2012-01-16,1.025,-0.0009750000000000001
2012-01-17,1.028,0.0029270000000000003
2012-01-18,1.026,-0.001946
2012-01-19,1.029,0.002924
2012-01-20,1.032,0.0029149999999999996
2012-01-30,1.031,-0.000969
2012-01-31,1.03,-0.00097
2012-02-01,1.03,0.0
2012-02-02,1.031,0.0009710000000000001
2012-02-03,1.032,0.00097
2012-02-06,1.031,-0.000969
2012-02-07,1.028,-0.00291
2012-02-08,1.029,0.000973
2012-02-09,1.029,0.0
2012-02-10,1.028,-0.000972
2012-02-13,1.028,0.0
2012-02-14,1.027,-0.000973
2012-02-15,1.028,0.000974
2012-02-16,1.029,0.000973
2012-02-17,1.028,-0.000972
2012-02-20,1.03,0.001946
2012-02-21,1.027,-0.0029130000000000002
2012-02-22,1.026,-0.000974
2012-02-23,1.026,0.0
2012-02-24,1.026,0.0
2012-02-27,1.027,0.0009750000000000001
2012-02-28,1.027,0.0
2012-02-29,1.026,-0.000974
2012-03-01,1.026,0.0
2012-03-02,1.026,0.0
2012-03-05,1.027,0.0009750000000000001
2012-03-06,1.025,-0.0019470000000000002
2012-03-07,1.026,0.0009760000000000001
2012-03-08,1.027,0.0009750000000000001
2012-03-09,1.028,0.000974
2012-03-12,1.028,0.0
2012-03-13,1.029,0.000973
2012-03-14,1.028,-0.000972
2012-03-15,1.027,-0.000973
2012-03-16,1.029,0.0019470000000000002
2012-03-19,1.029,0.0
2012-03-20,1.028,-0.000972
2012-03-21,1.028,0.0
2012-03-22,1.028,0.0
2012-03-23,1.028,0.0
2012-03-26,1.028,0.0
2012-03-27,1.028,0.0
2012-03-28,1.027,-0.000973
2012-03-29,1.026,-0.000974
2012-03-30,1.027,0.0009750000000000001
2012-03-31,1.027,0.0
2012-04-05,1.027,0.0
2012-04-06,1.027,0.0
2012-04-09,1.026,-0.000974
2012-04-10,1.026,0.0
2012-04-11,1.027,0.0009750000000000001
2012-04-12,1.028,0.000974
2012-04-13,1.029,0.000973
2012-04-16,1.03,0.000972
2012-04-17,1.029,-0.0009710000000000001
2012-04-18,1.03,0.000972
2012-04-19,1.03,0.0
2012-04-20,1.031,0.0009710000000000001
2012-04-23,1.031,0.0
2012-04-24,1.031,0.0
2012-04-25,1.031,0.0
2012-04-26,1.032,0.00097
2012-04-27,1.031,-0.000969
2012-05-02,1.032,0.00097
2012-05-03,1.032,0.0
2012-05-04,1.032,0.0
2012-05-07,1.031,-0.000969
2012-05-08,1.031,0.0
2012-05-09,1.03,-0.00097
2012-05-10,1.031,0.0009710000000000001
2012-05-11,1.031,0.0
2012-05-14,1.032,0.00097
2012-05-15,1.033,0.000969
2012-05-16,1.035,0.001936
2012-05-17,1.035,0.0
2012-05-18,1.035,0.0
2012-05-21,1.036,0.0009660000000000001
2012-05-22,1.038,0.001931
2012-05-23,1.039,0.000963
2012-05-24,1.04,0.000962
2012-05-25,1.041,0.000962
2012-05-28,1.042,0.000961
2012-05-29,1.042,0.0
2012-05-30,1.043,0.00096
2012-05-31,1.043,0.0
2012-06-01,1.043,0.0
2012-06-04,1.042,-0.000959
2012-06-05,1.042,0.0
2012-06-06,1.042,0.0
2012-06-07,1.043,0.00096
2012-06-08,1.045,0.001918
2012-06-11,1.046,0.000957
2012-06-12,1.045,-0.000956
2012-06-13,1.047,0.001914
2012-06-14,1.046,-0.000955
2012-06-15,1.046,0.0
2012-06-18,1.047,0.000956
2012-06-19,1.046,-0.000955
2012-06-20,1.044,-0.001912
2012-06-21,1.044,0.0
2012-06-25,1.044,0.0
2012-06-26,1.043,-0.000958
2012-06-27,1.043,0.0
2012-06-28,1.043,0.0
2012-06-29,1.044,0.000959
2012-06-30,1.044,0.0
2012-07-02,1.043,-0.000958
2012-07-03,1.044,0.000959
2012-07-04,1.045,0.000958
2012-07-05,1.044,-0.000957
2012-07-06,1.048,0.0038309999999999998
2012-07-09,1.048,0.0
2012-07-10,1.048,0.0
2012-07-11,1.049,0.000954
2012-07-12,1.048,-0.000953
2012-07-13,1.049,0.000954
2012-07-16,1.048,-0.000953
2012-07-17,1.048,0.0
2012-07-18,1.047,-0.000954
2012-07-19,1.048,0.000955
2012-07-20,1.049,0.000954
2012-07-23,1.049,0.0
2012-07-24,1.048,-0.000953
2012-07-25,1.048,0.0
2012-07-26,1.048,0.0
2012-07-27,1.048,0.0
2012-07-30,1.047,-0.000954
2012-07-31,1.046,-0.000955
2012-08-01,1.046,0.0
2012-08-02,1.047,0.000956
2012-08-03,1.047,0.0
2012-08-06,1.047,0.0
2012-08-07,1.047,0.0
2012-08-08,1.047,0.0
2012-08-09,1.047,0.0
2012-08-10,1.048,0.000955
2012-08-13,1.048,0.0
2012-08-14,1.048,0.0
2012-08-15,1.047,-0.000954
2012-08-16,1.047,0.0
2012-08-17,1.047,0.0
2012-08-20,1.046,-0.000955
2012-08-21,1.046,0.0
2012-08-22,1.045,-0.000956
2012-08-23,1.044,-0.000957
2012-08-24,1.045,0.000958
2012-08-27,1.043,-0.001914
2012-08-28,1.042,-0.000959
2012-08-29,1.044,0.001919
2012-08-30,1.044,0.0
2012-08-31,1.045,0.000958
2012-09-03,1.044,-0.000957
2012-09-04,1.044,0.0
2012-09-05,1.044,0.0
2012-09-06,1.043,-0.000958
2012-09-07,1.044,0.000959
2012-09-10,1.043,-0.000958
2012-09-11,1.042,-0.000959
2012-09-12,1.041,-0.00096
2012-09-13,1.041,0.0
2012-09-14,1.04,-0.000961
2012-09-17,1.039,-0.000962
2012-09-18,1.039,0.0
2012-09-19,1.038,-0.000962
2012-09-20,1.038,0.0
2012-09-21,1.038,0.0
2012-09-24,1.037,-0.000963
2012-09-25,1.038,0.000964
2012-09-26,1.038,0.0
2012-09-27,1.039,0.000963
2012-09-28,1.04,0.000962
2012-09-30,1.04,0.0
2012-10-08,1.04,0.0
2012-10-09,1.041,0.000962
2012-10-10,1.042,0.000961
2012-10-11,1.042,0.0
2012-10-12,1.043,0.00096
2012-10-15,1.043,0.0
2012-10-16,1.043,0.0
2012-10-17,1.043,0.0
2012-10-18,1.044,0.000959
2012-10-19,1.044,0.0
2012-10-22,1.044,0.0
2012-10-23,1.043,-0.000958
2012-10-24,1.043,0.0
2012-10-25,1.042,-0.000959
2012-10-26,1.042,0.0
2012-10-29,1.041,-0.00096
2012-10-30,1.04,-0.000961
2012-10-31,1.04,0.0
2012-11-01,1.041,0.000962
2012-11-02,1.041,0.0
2012-11-05,1.041,0.0
2012-11-06,1.041,0.0
2012-11-07,1.041,0.0
2012-11-08,1.041,0.0
2012-11-09,1.041,0.0
2012-11-12,1.041,0.0
2012-11-13,1.04,-0.000961
2012-11-14,1.04,0.0
2012-11-15,1.039,-0.000962
2012-11-16,1.039,0.0
2012-11-19,1.04,0.000962
2012-11-20,1.04,0.0
2012-11-21,1.041,0.000962
2012-11-22,1.039,-0.001921
2012-11-23,1.039,0.0
2012-11-26,1.04,0.000962
2012-11-27,1.039,-0.000962
2012-11-28,1.039,0.0
2012-11-29,1.039,0.0
2012-11-30,1.039,0.0
2012-12-03,1.038,-0.000962
2012-12-04,1.037,-0.000963
2012-12-05,1.039,0.001929
2012-12-06,1.038,-0.000962
2012-12-07,1.039,0.000963
2012-12-10,1.041,0.001925
2012-12-11,1.041,0.0
2012-12-12,1.04,-0.000961
2012-12-13,1.04,0.0
2012-12-14,1.042,0.001923
2012-12-17,1.042,0.0
2012-12-18,1.043,0.00096
2012-12-19,1.042,-0.000959
2012-12-20,1.042,0.0
2012-12-21,1.042,0.0
2012-12-24,1.041,-0.00096
2012-12-25,1.043,0.001921
2012-12-26,1.043,0.0
2012-12-27,1.043,0.0
2012-12-28,1.043,0.0
2012-12-31,1.046,0.002876
2013-01-04,1.046,0.0
2013-01-07,1.047,0.000956
2013-01-08,1.048,0.000955
2013-01-09,1.048,0.0
2013-01-10,1.05,0.001908
2013-01-11,1.049,-0.000952
2013-01-14,1.051,0.001907
2013-01-15,1.052,0.000951
2013-01-16,1.052,0.0
2013-01-17,1.052,0.0
2013-01-18,1.053,0.000951
2013-01-21,1.055,0.001899
2013-01-22,1.055,0.0
2013-01-23,1.055,0.0
2013-01-24,1.054,-0.000948
2013-01-25,1.055,0.000949
2013-01-28,1.056,0.000948
2013-01-29,1.056,0.0
2013-01-30,1.057,0.000947
2013-01-31,1.057,0.0
2013-02-01,1.057,0.0
2013-02-04,1.058,0.000946
2013-02-05,1.059,0.000945
2013-02-06,1.061,0.001889
2013-02-07,1.061,0.0
2013-02-08,1.064,0.002828
2013-02-18,1.065,0.00094
2013-02-19,1.064,-0.000939
2013-02-20,1.067,0.0028199999999999996
2013-02-21,1.066,-0.000937
2013-02-22,1.066,0.0
2013-02-25,1.066,0.0
2013-02-26,1.066,0.0
2013-02-27,1.066,0.0
2013-02-28,1.067,0.0009379999999999999
2013-03-01,1.067,0.0
2013-03-04,1.068,0.000937
2013-03-05,1.069,0.000936
2013-03-06,1.069,0.0
2013-03-07,1.069,0.0
2013-03-08,1.07,0.000935
2013-03-11,1.071,0.000935
2013-03-12,1.072,0.0009339999999999999
2013-03-13,1.072,0.0
2013-03-14,1.072,0.0
2013-03-15,1.072,0.0
2013-03-18,1.071,-0.0009329999999999999
2013-03-19,1.07,-0.0009339999999999999
2013-03-20,1.071,0.000935
2013-03-21,1.072,0.0009339999999999999
2013-03-22,1.072,0.0
2013-03-25,1.073,0.0009329999999999999
2013-03-26,1.073,0.0
2013-03-27,1.073,0.0
2013-03-28,1.074,0.0009320000000000001
2013-03-29,1.075,0.000931
2013-04-01,1.076,0.0009299999999999999
2013-04-02,1.076,0.0
2013-04-03,1.076,0.0
2013-04-08,1.077,0.0009289999999999999
2013-04-09,1.078,0.0009289999999999999
2013-04-10,1.078,0.0
2013-04-11,1.079,0.0009279999999999999
2013-04-12,1.079,0.0
2013-04-15,1.079,0.0
2013-04-16,1.079,0.0
2013-04-17,1.078,-0.0009270000000000001
2013-04-18,1.077,-0.0009279999999999999
2013-04-19,1.079,0.0018570000000000001
2013-04-22,1.076,-0.0027800000000000004
2013-04-23,1.073,-0.002788
2013-04-24,1.076,0.0027960000000000003
2013-04-25,1.077,0.0009289999999999999
2013-04-26,1.079,0.0018570000000000001
2013-05-02,1.078,-0.0009270000000000001
2013-05-03,1.079,0.0009279999999999999
2013-05-06,1.081,0.0018540000000000002
2013-05-07,1.082,0.000925
2013-05-08,1.083,0.0009239999999999999
2013-05-09,1.083,0.0
2013-05-10,1.083,0.0
2013-05-13,1.085,0.0018470000000000001
2013-05-14,1.085,0.0
2013-05-15,1.085,0.0
2013-05-16,1.086,0.0009220000000000001
2013-05-17,1.087,0.000921
2013-05-20,1.087,0.0
2013-05-21,1.087,0.0
2013-05-22,1.086,-0.00092
2013-05-23,1.085,-0.000921
2013-05-24,1.086,0.0009220000000000001
2013-05-27,1.087,0.000921
2013-05-28,1.089,0.00184
2013-05-29,1.091,0.001837
2013-05-30,1.09,-0.0009170000000000001
2013-05-31,1.091,0.0009170000000000001
2013-06-03,1.09,-0.0009170000000000001
2013-06-04,1.09,0.0
2013-06-05,1.089,-0.0009170000000000001
2013-06-06,1.087,-0.001837
2013-06-07,1.085,-0.00184
2013-06-13,1.083,-0.001843
2013-06-14,1.083,0.0
2013-06-17,1.082,-0.0009229999999999999
2013-06-18,1.082,0.0
2013-06-19,1.08,-0.0018479999999999998
2013-06-20,1.073,-0.006481
2013-06-21,1.074,0.0009320000000000001
2013-06-24,1.067,-0.006518
2013-06-25,1.069,0.001874
2013-06-26,1.072,0.0028060000000000003
2013-06-27,1.072,0.0
2013-06-28,1.075,0.002799
2013-06-30,1.075,0.0
2013-07-01,1.077,0.0018599999999999999
2013-07-02,1.078,0.0009289999999999999
2013-07-03,1.078,0.0
2013-07-04,1.079,0.0009279999999999999
2013-07-05,1.08,0.0009270000000000001
2013-07-08,1.079,-0.0009260000000000001
2013-07-09,1.079,0.0
2013-07-10,1.078,-0.0009270000000000001
2013-07-11,1.079,0.0009279999999999999
2013-07-12,1.078,-0.0009270000000000001
2013-07-15,1.078,0.0
2013-07-16,1.077,-0.0009279999999999999
2013-07-17,1.076,-0.0009289999999999999
2013-07-18,1.075,-0.0009289999999999999
2013-07-19,1.075,0.0
2013-07-22,1.074,-0.0009299999999999999
2013-07-23,1.074,0.0
2013-07-24,1.074,0.0
2013-07-25,1.074,0.0
2013-07-26,1.074,0.0
2013-07-29,1.073,-0.000931
2013-07-30,1.073,0.0
2013-07-31,1.073,0.0
2013-08-01,1.074,0.0009320000000000001
2013-08-02,1.075,0.000931
2013-08-05,1.075,0.0
2013-08-06,1.076,0.0009299999999999999
2013-08-07,1.075,-0.0009289999999999999
2013-08-08,1.075,0.0
2013-08-09,1.076,0.0009299999999999999
2013-08-12,1.077,0.0009289999999999999
2013-08-13,1.076,-0.0009289999999999999
2013-08-14,1.075,-0.0009289999999999999
2013-08-15,1.074,-0.0009299999999999999
2013-08-16,1.074,0.0
2013-08-19,1.075,0.000931
2013-08-20,1.075,0.0
2013-08-21,1.074,-0.0009299999999999999
2013-08-22,1.073,-0.000931
2013-08-23,1.074,0.0009320000000000001
2013-08-26,1.075,0.000931
2013-08-27,1.075,0.0
2013-08-28,1.076,0.0009299999999999999
2013-08-29,1.075,-0.0009289999999999999
2013-08-30,1.076,0.0009299999999999999
2013-09-02,1.076,0.0
2013-09-03,1.078,0.0018590000000000002
2013-09-04,1.078,0.0
2013-09-05,1.078,0.0
2013-09-06,1.079,0.0009279999999999999
2013-09-09,1.08,0.0009270000000000001
2013-09-10,1.081,0.0009260000000000001
2013-09-11,1.081,0.0
2013-09-12,1.08,-0.000925
2013-09-13,1.08,0.0
2013-09-16,1.08,0.0
2013-09-17,1.08,0.0
2013-09-18,1.08,0.0
2013-09-23,1.081,0.0009260000000000001
2013-09-24,1.082,0.000925
2013-09-25,1.083,0.0009239999999999999
2013-09-26,1.082,-0.0009229999999999999
2013-09-27,1.081,-0.0009239999999999999
2013-09-30,1.082,0.000925
2013-10-08,1.083,0.0009239999999999999
2013-10-09,1.084,0.0009229999999999999
2013-10-10,1.084,0.0
2013-10-11,1.085,0.0009229999999999999
2013-10-14,1.084,-0.0009220000000000001
2013-10-15,1.084,0.0
2013-10-16,1.084,0.0
2013-10-17,1.083,-0.0009229999999999999
2013-10-18,1.084,0.0009229999999999999
2013-10-21,1.084,0.0
2013-10-22,1.083,-0.0009229999999999999
2013-10-23,1.083,0.0
2013-10-24,1.082,-0.0009229999999999999
2013-10-25,1.08,-0.0018479999999999998
2013-10-28,1.079,-0.0009260000000000001
2013-10-29,1.078,-0.0009270000000000001
2013-10-30,1.079,0.0009279999999999999
2013-10-31,1.079,0.0
2013-11-01,1.08,0.0009270000000000001
2013-11-04,1.079,-0.0009260000000000001
2013-11-05,1.078,-0.0009270000000000001
2013-11-06,1.075,-0.002783
2013-11-07,1.075,0.0
2013-11-08,1.073,-0.0018599999999999999
2013-11-11,1.073,0.0
2013-11-12,1.073,0.0
2013-11-13,1.072,-0.0009320000000000001
2013-11-14,1.071,-0.0009329999999999999
2013-11-15,1.071,0.0
2013-11-18,1.07,-0.0009339999999999999
2013-11-19,1.07,0.0
2013-11-20,1.069,-0.000935
2013-11-21,1.069,0.0
2013-11-22,1.071,0.0018709999999999998
2013-11-25,1.07,-0.0009339999999999999
2013-11-26,1.069,-0.000935
2013-11-27,1.07,0.000935
2013-11-28,1.07,0.0
2013-11-29,1.07,0.0
2013-12-02,1.067,-0.0028039999999999996
2013-12-03,1.065,-0.001874
2013-12-04,1.061,-0.003756
2013-12-05,1.061,0.0
2013-12-06,1.061,0.0
2013-12-09,1.06,-0.0009429999999999999
2013-12-10,1.058,-0.001887
2013-12-11,1.055,-0.002836
2013-12-12,1.06,0.004739
2013-12-13,1.061,0.0009429999999999999
2013-12-16,1.059,-0.001885
2013-12-17,1.056,-0.002833
2013-12-18,1.056,0.0
2013-12-19,1.055,-0.000947
2013-12-20,1.054,-0.000948
2013-12-23,1.055,0.000949
2013-12-24,1.053,-0.001896
2013-12-25,1.056,0.002849
2013-12-26,1.054,-0.001894
2013-12-27,1.054,0.0
2013-12-30,1.057,0.002846
2013-12-31,1.057,0.0
2014-01-02,1.056,-0.000946
2014-01-03,1.053,-0.002841
2014-01-06,1.051,-0.001899
2014-01-07,1.05,-0.000951
2014-01-08,1.05,0.0
2014-01-09,1.05,0.0
2014-01-10,1.05,0.0
2014-01-13,1.046,-0.00381
2014-01-14,1.046,0.0
2014-01-15,1.042,-0.003824
2014-01-16,1.04,-0.001919
2014-01-17,1.04,0.0
2014-01-20,1.039,-0.000962
2014-01-21,1.039,0.0
2014-01-22,1.043,0.00385
2014-01-23,1.043,0.0
2014-01-24,1.046,0.002876
2014-01-27,1.049,0.002868
2014-01-28,1.049,0.0
2014-01-29,1.049,0.0
2014-01-30,1.052,0.0028599999999999997
2014-02-07,1.055,0.002852
2014-02-10,1.056,0.000948
2014-02-11,1.057,0.000947
2014-02-12,1.057,0.0
2014-02-13,1.056,-0.000946
2014-02-14,1.061,0.004735
2014-02-17,1.062,0.0009429999999999999
2014-02-18,1.059,-0.002825
2014-02-19,1.059,0.0
2014-02-20,1.062,0.002833
2014-02-21,1.064,0.001883
2014-02-24,1.062,-0.00188
2014-02-25,1.063,0.000942
2014-02-26,1.064,0.000941
2014-02-27,1.068,0.003759
2014-02-28,1.07,0.0018729999999999999
2014-03-03,1.071,0.000935
2014-03-04,1.07,-0.0009339999999999999
2014-03-05,1.066,-0.003738
2014-03-06,1.066,0.0
2014-03-07,1.066,0.0
2014-03-10,1.064,-0.0018759999999999998
2014-03-11,1.064,0.0
2014-03-12,1.061,-0.0028199999999999996
2014-03-13,1.063,0.001885
2014-03-14,1.064,0.000941
2014-03-17,1.065,0.00094
2014-03-18,1.065,0.0
2014-03-19,1.065,0.0
2014-03-20,1.064,-0.000939
2014-03-21,1.066,0.00188
2014-03-24,1.065,-0.0009379999999999999
2014-03-25,1.065,0.0
2014-03-26,1.064,-0.000939
2014-03-27,1.065,0.00094
2014-03-28,1.066,0.000939
2014-03-31,1.066,0.0
2014-04-01,1.066,0.0
2014-04-02,1.065,-0.0009379999999999999
2014-04-03,1.065,0.0
2014-04-04,1.066,0.000939
2014-04-08,1.067,0.0009379999999999999
2014-04-09,1.066,-0.000937
2014-04-10,1.067,0.0009379999999999999
2014-04-11,1.068,0.000937
2014-04-14,1.069,0.000936
2014-04-15,1.069,0.0
2014-04-16,1.069,0.0
2014-04-17,1.07,0.000935
2014-04-18,1.071,0.000935
2014-04-21,1.069,-0.001867
2014-04-22,1.07,0.000935
2014-04-23,1.071,0.000935
2014-04-24,1.071,0.0
2014-04-25,1.07,-0.0009339999999999999
2014-04-28,1.069,-0.000935
2014-04-29,1.07,0.000935
2014-04-30,1.073,0.0028039999999999996
2014-05-05,1.074,0.0009320000000000001
2014-05-06,1.074,0.0
2014-05-07,1.073,-0.000931
2014-05-08,1.075,0.0018640000000000002
2014-05-09,1.079,0.003721
2014-05-12,1.081,0.0018540000000000002
2014-05-13,1.081,0.0
2014-05-14,1.081,0.0
2014-05-15,1.08,-0.000925
2014-05-16,1.081,0.0009260000000000001
2014-05-19,1.08,-0.000925
2014-05-20,1.08,0.0
2014-05-21,1.08,0.0
2014-05-22,1.081,0.0009260000000000001
2014-05-23,1.083,0.00185
2014-05-26,1.083,0.0
2014-05-27,1.084,0.0009229999999999999
2014-05-28,1.085,0.0009229999999999999
2014-05-29,1.088,0.002765
2014-05-30,1.088,0.0
2014-06-03,1.091,0.002757
2014-06-04,1.094,0.0027500000000000003
2014-06-05,1.095,0.000914
2014-06-06,1.097,0.0018260000000000001
2014-06-09,1.097,0.0
2014-06-10,1.099,0.001823
2014-06-11,1.098,-0.00091
2014-06-12,1.098,0.0
2014-06-13,1.1,0.0018210000000000001
2014-06-16,1.1,0.0
2014-06-17,1.099,-0.000909
2014-06-18,1.098,-0.00091
2014-06-19,1.098,0.0
2014-06-20,1.099,0.000911
2014-06-23,1.1,0.00091
2014-06-24,1.101,0.000909
2014-06-25,1.102,0.0009080000000000001
2014-06-26,1.102,0.0
2014-06-27,1.104,0.001815
2014-06-30,1.1,-0.003623
2014-07-01,1.099,-0.000909
2014-07-02,1.098,-0.00091
2014-07-03,1.097,-0.000911
2014-07-04,1.098,0.000912
2014-07-07,1.098,0.0
2014-07-08,1.098,0.0
2014-07-09,1.098,0.0
2014-07-10,1.098,0.0
2014-07-11,1.099,0.000911
2014-07-14,1.099,0.0
2014-07-15,1.099,0.0
2014-07-16,1.097,-0.00182
2014-07-17,1.097,0.0
2014-07-18,1.097,0.0
2014-07-21,1.097,0.0
2014-07-22,1.097,0.0
2014-07-23,1.097,0.0
2014-07-24,1.097,0.0
2014-07-25,1.098,0.000912
2014-07-28,1.098,0.0
2014-07-29,1.1,0.0018210000000000001
2014-07-30,1.1,0.0
2014-07-31,1.102,0.001818
2014-08-01,1.103,0.000907
2014-08-04,1.103,0.0
2014-08-05,1.104,0.000907
2014-08-06,1.104,0.0
2014-08-07,1.104,0.0
2014-08-08,1.106,0.001812
2014-08-11,1.107,0.000904
2014-08-12,1.108,0.000903
2014-08-13,1.109,0.000903
2014-08-14,1.11,0.000902
2014-08-15,1.111,0.000901
2014-08-18,1.112,0.0009
2014-08-19,1.112,0.0
2014-08-20,1.114,0.001799
2014-08-21,1.114,0.0
2014-08-22,1.114,0.0
2014-08-25,1.114,0.0
2014-08-26,1.116,0.001795
2014-08-27,1.116,0.0
2014-08-28,1.116,0.0
2014-08-29,1.117,0.000896
2014-09-01,1.118,0.000895
2014-09-02,1.119,0.0008939999999999999
2014-09-03,1.121,0.001787
2014-09-04,1.122,0.000892
2014-09-05,1.124,0.0017829999999999999
2014-09-09,1.123,-0.00089
2014-09-10,1.121,-0.001781
2014-09-11,1.12,-0.000892
2014-09-12,1.122,0.001786
2014-09-15,1.124,0.0017829999999999999
2014-09-16,1.121,-0.0026690000000000004
2014-09-17,1.121,0.0
2014-09-18,1.123,0.001784
2014-09-19,1.126,0.002671
2014-09-22,1.125,-0.000888
2014-09-23,1.127,0.001778
2014-09-24,1.129,0.0017749999999999999
2014-09-25,1.13,0.000886
2014-09-26,1.13,0.0
2014-09-29,1.132,0.0017699999999999999
2014-09-30,1.135,0.00265
2014-10-08,1.136,0.000881
2014-10-09,1.137,0.0008799999999999999
2014-10-10,1.138,0.0008799999999999999
2014-10-13,1.138,0.0
2014-10-14,1.14,0.0017569999999999999
2014-10-15,1.142,0.001754
2014-10-16,1.144,0.001751
2014-10-17,1.147,0.0026219999999999998
2014-10-20,1.149,0.0017439999999999999
2014-10-21,1.151,0.0017410000000000001
2014-10-22,1.15,-0.0008690000000000001
2014-10-23,1.151,0.0008699999999999999
2014-10-24,1.153,0.0017380000000000002
2014-10-27,1.153,0.0
2014-10-28,1.157,0.003469
2014-10-29,1.159,0.001729
2014-10-30,1.16,0.000863
2014-10-31,1.163,0.0025859999999999998
2014-11-03,1.166,0.0025800000000000003
2014-11-04,1.17,0.003431
2014-11-05,1.172,0.001709
2014-11-06,1.173,0.000853
2014-11-07,1.177,0.0034100000000000003
2014-11-10,1.181,0.003398
2014-11-11,1.18,-0.000847
2014-11-12,1.181,0.000847
2014-11-13,1.181,0.0
2014-11-14,1.178,-0.00254
2014-11-17,1.178,0.0
2014-11-18,1.178,0.0
2014-11-19,1.178,0.0
2014-11-20,1.178,0.0
2014-11-21,1.18,0.001698
2014-11-24,1.184,0.0033900000000000002
2014-11-25,1.184,0.0
2014-11-26,1.186,0.001689
2014-11-27,1.187,0.000843
2014-11-28,1.188,0.000842
2014-12-01,1.187,-0.000842
2014-12-02,1.19,0.0025269999999999997
2014-12-03,1.188,-0.001681
2014-12-04,1.194,0.005051
2014-12-05,1.192,-0.001675
2014-12-08,1.194,0.001678
2014-12-09,1.167,-0.022612999999999998
2014-12-10,1.176,0.007712
2014-12-11,1.171,-0.004252000000000001
2014-12-12,1.169,-0.001708
2014-12-15,1.168,-0.0008550000000000001
2014-12-16,1.176,0.006848999999999999
2014-12-17,1.179,0.002551
2014-12-18,1.179,0.0
2014-12-19,1.183,0.0033929999999999997
2014-12-22,1.189,0.005072
2014-12-23,1.186,-0.002523
2014-12-24,1.186,0.0
2014-12-25,1.192,0.005059
2014-12-26,1.203,0.009228
2014-12-29,1.208,0.004156
2014-12-30,1.209,0.000828
2014-12-31,1.219,0.008270999999999999
2015-01-05,1.232,0.010664
2015-01-06,1.23,-0.001623
2015-01-07,1.234,0.0032519999999999997
2015-01-08,1.232,-0.001621
2015-01-09,1.229,-0.002435
2015-01-12,1.224,-0.004068
2015-01-13,1.229,0.004085
2015-01-14,1.229,0.0
2015-01-15,1.231,0.0016270000000000002
2015-01-16,1.234,0.002437
2015-01-19,1.233,-0.0008100000000000001
2015-01-20,1.234,0.0008110000000000001
2015-01-21,1.24,0.004862
2015-01-22,1.244,0.003226
2015-01-23,1.242,-0.001608
2015-01-26,1.241,-0.000805
2015-01-27,1.237,-0.0032229999999999997
2015-01-28,1.233,-0.0032340000000000003
2015-01-29,1.232,-0.0008110000000000001
2015-01-30,1.231,-0.0008119999999999999
2015-02-02,1.229,-0.0016250000000000001
2015-02-03,1.231,0.0016270000000000002
2015-02-04,1.231,0.0
2015-02-05,1.231,0.0
2015-02-06,1.231,0.0
2015-02-09,1.232,0.0008119999999999999
2015-02-10,1.234,0.001623
2015-02-11,1.235,0.0008100000000000001
2015-02-12,1.236,0.0008100000000000001
2015-02-13,1.235,-0.000809
2015-02-16,1.237,0.0016189999999999998
2015-02-17,1.239,0.0016170000000000002
2015-02-25,1.239,0.0
2015-02-26,1.242,0.002421
2015-02-27,1.24,-0.00161
2015-03-02,1.242,0.001613
2015-03-03,1.238,-0.003221
2015-03-04,1.238,0.0
2015-03-05,1.238,0.0
2015-03-06,1.241,0.002423
2015-03-09,1.239,-0.0016120000000000002
2015-03-10,1.239,0.0
2015-03-11,1.239,0.0
2015-03-12,1.241,0.001614
2015-03-13,1.243,0.0016120000000000002
2015-03-16,1.252,0.007241
2015-03-17,1.257,0.003994
2015-03-18,1.258,0.000796
2015-03-19,1.257,-0.000795
2015-03-20,1.258,0.000796
2015-03-23,1.26,0.00159
2015-03-24,1.26,0.0
2015-03-25,1.258,-0.001587
2015-03-26,1.256,-0.00159
2015-03-27,1.256,0.0
2015-03-30,1.256,0.0
2015-03-31,1.254,-0.001592
2015-04-01,1.254,0.0
2015-04-02,1.256,0.001595
2015-04-03,1.258,0.001592
2015-04-07,1.258,0.0
2015-04-08,1.255,-0.002385
2015-04-09,1.25,-0.003984
2015-04-10,1.252,0.0016
2015-04-13,1.254,0.0015970000000000001
2015-04-14,1.253,-0.000797
2015-04-15,1.251,-0.001596
2015-04-16,1.253,0.001599
2015-04-17,1.262,0.007183
2015-04-20,1.26,-0.001585
2015-04-21,1.264,0.003175
2015-04-22,1.28,0.012658
2015-04-23,1.282,0.001563
2015-04-24,1.283,0.00078
2015-04-27,1.287,0.003118
2015-04-28,1.282,-0.003885
2015-04-29,1.286,0.00312
2015-04-30,1.288,0.001555
2015-05-04,1.29,0.001553
2015-05-05,1.279,-0.008527
2015-05-06,1.278,-0.000782
2015-05-07,1.276,-0.001565
2015-05-08,1.279,0.0023510000000000002
2015-05-11,1.286,0.0054730000000000004
2015-05-12,1.291,0.003888
2015-05-13,1.296,0.0038729999999999997
2015-05-14,1.305,0.0069440000000000005
2015-05-15,1.298,-0.005364
2015-05-18,1.3,0.0015409999999999998
2015-05-19,1.305,0.003846
2015-05-20,1.31,0.0038309999999999998
2015-05-21,1.318,0.0061070000000000004
2015-05-22,1.32,0.0015170000000000001
2015-05-25,1.322,0.0015149999999999999
2015-05-26,1.328,0.0045390000000000005
2015-05-27,1.331,0.0022589999999999997
2015-05-28,1.318,-0.009767
2015-05-29,1.318,0.0
2015-06-01,1.329,0.008346
2015-06-02,1.331,0.001505
2015-06-03,1.332,0.000751
2015-06-04,1.329,-0.002252
2015-06-05,1.329,0.0
2015-06-08,1.329,0.0
2015-06-09,1.328,-0.0007520000000000001
2015-06-10,1.326,-0.0015060000000000002
2015-06-11,1.326,0.0
2015-06-12,1.326,0.0
2015-06-15,1.324,-0.0015079999999999998
2015-06-16,1.319,-0.003776
2015-06-17,1.32,0.0007580000000000001
2015-06-18,1.317,-0.002273
2015-06-19,1.311,-0.004556
2015-06-23,1.312,0.0007630000000000001
2015-06-24,1.315,0.002287
2015-06-25,1.312,-0.002281
2015-06-26,1.304,-0.006098
2015-06-29,1.301,-0.002301
2015-06-30,1.311,0.007685999999999999
2015-07-01,1.304,-0.005339
2015-07-02,1.302,-0.001534
2015-07-03,1.305,0.002304
2015-07-06,1.306,0.000766
2015-07-07,1.302,-0.003063
2015-07-08,1.296,-0.004608
2015-07-09,1.305,0.0069440000000000005
2015-07-10,1.309,0.003065
2015-07-13,1.306,-0.0022919999999999998
2015-07-14,1.302,-0.003063
2015-07-15,1.295,-0.005376
2015-07-16,1.296,0.000772
2015-07-17,1.302,0.0046300000000000004
2015-07-20,1.306,0.0030719999999999996
2015-07-21,1.308,0.0015310000000000002
2015-07-22,1.308,0.0
2015-07-23,1.314,0.004587
2015-07-24,1.311,-0.002283
2015-07-27,1.301,-0.007628
2015-07-28,1.3,-0.0007689999999999999
2015-07-29,1.302,0.0015379999999999999
2015-07-30,1.3,-0.0015359999999999998
2015-07-31,1.298,-0.0015379999999999999
2015-08-03,1.298,0.0
2015-08-04,1.3,0.0015409999999999998
2015-08-05,1.3,0.0
2015-08-06,1.301,0.0007689999999999999
2015-08-07,1.302,0.0007689999999999999
2015-08-10,1.304,0.0015359999999999998
2015-08-11,1.303,-0.000767
2015-08-12,1.303,0.0
2015-08-13,1.304,0.000767
2015-08-14,1.304,0.0
2015-08-17,1.304,0.0
2015-08-18,1.303,-0.000767
2015-08-19,1.303,0.0
2015-08-20,1.304,0.000767
2015-08-21,1.304,0.0
2015-08-24,1.303,-0.000767
2015-08-25,1.302,-0.000767
2015-08-26,1.303,0.0007679999999999999
2015-08-27,1.304,0.000767
2015-08-28,1.304,0.0
2015-08-31,1.304,0.0
2015-09-01,1.304,0.0
2015-09-02,1.304,0.0
2015-09-07,1.305,0.000767
2015-09-08,1.306,0.000766
2015-09-09,1.307,0.000766
2015-09-10,1.307,0.0
2015-09-11,1.307,0.0
2015-09-14,1.307,0.0
2015-09-15,1.306,-0.000765
2015-09-16,1.308,0.0015310000000000002
2015-09-17,1.308,0.0
2015-09-18,1.308,0.0
2015-09-21,1.308,0.0
2015-09-22,1.307,-0.000765
2015-09-23,1.307,0.0
2015-09-24,1.307,0.0
2015-09-25,1.307,0.0
2015-09-28,1.308,0.000765
2015-09-29,1.308,0.0
2015-09-30,1.308,0.0
2015-10-08,1.309,0.000765
2015-10-09,1.309,0.0
2015-10-12,1.31,0.0007639999999999999
2015-10-13,1.311,0.0007630000000000001
2015-10-14,1.313,0.0015260000000000002
2015-10-15,1.313,0.0
2015-10-16,1.313,0.0
2015-10-19,1.314,0.0007620000000000001
2015-10-20,1.315,0.000761
2015-10-21,1.315,0.0
2015-10-22,1.316,0.0007599999999999999
2015-10-23,1.317,0.0007599999999999999
2015-10-26,1.319,0.0015190000000000002
2015-10-27,1.32,0.0007580000000000001
2015-10-28,1.322,0.0015149999999999999
2015-10-29,1.323,0.000756
2015-10-30,1.322,-0.000756
2015-11-02,1.323,0.000756
2015-11-03,1.322,-0.000756
2015-11-04,1.322,0.0
2015-11-05,1.322,0.0
2015-11-06,1.322,0.0
2015-11-09,1.318,-0.0030259999999999996
2015-11-10,1.316,-0.0015170000000000001
2015-11-11,1.317,0.0007599999999999999
2015-11-12,1.317,0.0
2015-11-13,1.317,0.0
2015-11-16,1.317,0.0
2015-11-17,1.317,0.0
2015-11-18,1.317,0.0
2015-11-19,1.317,0.0
2015-11-20,1.317,0.0
2015-11-23,1.317,0.0
2015-11-24,1.318,0.0007589999999999999
2015-11-25,1.319,0.0007589999999999999
2015-11-26,1.319,0.0
2015-11-27,1.32,0.0007580000000000001
2015-11-30,1.321,0.0007580000000000001
2015-12-01,1.321,0.0
2015-12-02,1.322,0.0007570000000000001
2015-12-03,1.323,0.000756
2015-12-04,1.325,0.001512
2015-12-07,1.326,0.000755
2015-12-08,1.327,0.0007539999999999999
2015-12-09,1.327,0.0
2015-12-10,1.328,0.0007539999999999999
2015-12-11,1.328,0.0
2015-12-14,1.328,0.0
2015-12-15,1.328,0.0
2015-12-16,1.328,0.0
2015-12-17,1.329,0.0007530000000000001
2015-12-18,1.329,0.0
2015-12-21,1.331,0.001505
2015-12-22,1.333,0.001503
2015-12-23,1.333,0.0
2015-12-24,1.334,0.00075
2015-12-25,1.335,0.00075
2015-12-28,1.336,0.000749
2015-12-29,1.337,0.000749
2015-12-30,1.337,0.0
2015-12-31,1.337,0.0
2016-01-04,1.336,-0.0007480000000000001
2016-01-05,1.336,0.0
2016-01-06,1.336,0.0
2016-01-07,1.337,0.000749
2016-01-08,1.338,0.0007480000000000001
2016-01-11,1.338,0.0
2016-01-12,1.34,0.001495
2016-01-13,1.341,0.000746
2016-01-14,1.342,0.000746
2016-01-15,1.342,0.0
2016-01-18,1.342,0.0
2016-01-19,1.34,-0.00149
2016-01-20,1.338,-0.001493
2016-01-21,1.338,0.0
2016-01-22,1.339,0.000747
2016-01-25,1.338,-0.000747
2016-01-26,1.337,-0.000747
2016-01-27,1.335,-0.0014960000000000002
2016-01-28,1.334,-0.000749
2016-01-29,1.336,0.0014990000000000001
2016-02-01,1.336,0.0
2016-02-02,1.336,0.0
2016-02-03,1.335,-0.000749
2016-02-04,1.336,0.000749
2016-02-05,1.336,0.0
2016-02-15,1.338,0.001497
2016-02-16,1.338,0.0
2016-02-17,1.338,0.0
2016-02-18,1.339,0.000747
2016-02-19,1.34,0.000747
2016-02-22,1.34,0.0
2016-02-23,1.34,0.0
2016-02-24,1.34,0.0
2016-02-25,1.34,0.0
2016-02-26,1.34,0.0
2016-02-29,1.34,0.0
2016-03-01,1.34,0.0
2016-03-02,1.341,0.000746
2016-03-03,1.34,-0.000746
2016-03-04,1.341,0.000746
2016-03-07,1.341,0.0
2016-03-08,1.341,0.0
2016-03-09,1.342,0.000746
2016-03-10,1.343,0.000745
2016-03-11,1.343,0.0
2016-03-14,1.343,0.0
2016-03-15,1.344,0.000745
2016-03-16,1.344,0.0
2016-03-17,1.344,0.0
2016-03-18,1.345,0.000744
2016-03-21,1.345,0.0
2016-03-22,1.345,0.0
2016-03-23,1.345,0.0
2016-03-24,1.345,0.0
2016-03-25,1.346,0.0007430000000000001
2016-03-28,1.345,-0.0007430000000000001
2016-03-29,1.345,0.0
2016-03-30,1.345,0.0
2016-03-31,1.345,0.0
2016-04-01,1.345,0.0
2016-04-05,1.346,0.0007430000000000001
2016-04-06,1.346,0.0
2016-04-07,1.346,0.0
2016-04-08,1.345,-0.0007430000000000001
2016-04-11,1.345,0.0
2016-04-12,1.344,-0.0007430000000000001
2016-04-13,1.343,-0.000744
2016-04-14,1.342,-0.000745
2016-04-15,1.342,0.0
2016-04-18,1.342,0.0
2016-04-19,1.342,0.0
2016-04-20,1.341,-0.000745
2016-04-21,1.34,-0.000746
2016-04-22,1.339,-0.000746
2016-04-25,1.337,-0.001494
2016-04-26,1.336,-0.0007480000000000001
2016-04-27,1.337,0.000749
2016-04-28,1.337,0.0
2016-04-29,1.338,0.0007480000000000001
2016-05-03,1.338,0.0
2016-05-04,1.339,0.000747
2016-05-05,1.339,0.0
2016-05-06,1.339,0.0
2016-05-09,1.34,0.000747
2016-05-10,1.341,0.000746
2016-05-11,1.341,0.0
2016-05-12,1.342,0.000746
2016-05-13,1.342,0.0
2016-05-16,1.342,0.0
2016-05-17,1.342,0.0
2016-05-18,1.342,0.0
2016-05-19,1.341,-0.000745
2016-05-20,1.341,0.0
2016-05-23,1.342,0.000746
2016-05-24,1.342,0.0
2016-05-25,1.342,0.0
2016-05-26,1.342,0.0
2016-05-27,1.342,0.0
2016-05-30,1.342,0.0
2016-05-31,1.342,0.0
2016-06-01,1.342,0.0
2016-06-02,1.342,0.0
2016-06-03,1.342,0.0
2016-06-06,1.342,0.0
2016-06-07,1.342,0.0
2016-06-08,1.343,0.000745
2016-06-13,1.343,0.0
2016-06-14,1.343,0.0
2016-06-15,1.344,0.000745
2016-06-16,1.344,0.0
2016-06-17,1.344,0.0
2016-06-20,1.344,0.0
2016-06-21,1.345,0.000744
2016-06-22,1.345,0.0
2016-06-23,1.345,0.0
2016-06-24,1.346,0.0007430000000000001
2016-06-27,1.347,0.0007430000000000001
2016-06-28,1.347,0.0
2016-06-29,1.347,0.0
2016-06-30,1.347,0.0
2016-07-01,1.348,0.000742
2016-07-04,1.349,0.000742
2016-07-05,1.349,0.0
2016-07-06,1.349,0.0
2016-07-07,1.35,0.000741
2016-07-08,1.35,0.0
2016-07-11,1.35,0.0
2016-07-12,1.351,0.000741
2016-07-13,1.351,0.0
2016-07-14,1.351,0.0
2016-07-15,1.351,0.0
2016-07-18,1.351,0.0
2016-07-19,1.352,0.00074
2016-07-20,1.352,0.0
2016-07-21,1.353,0.00074
2016-07-22,1.353,0.0
2016-07-25,1.353,0.0
2016-07-26,1.353,0.0
2016-07-27,1.354,0.000739
2016-07-28,1.354,0.0
2016-07-29,1.355,0.000739
2016-08-01,1.355,0.0
2016-08-02,1.356,0.000738
2016-08-03,1.356,0.0
2016-08-04,1.356,0.0
2016-08-05,1.357,0.000737
2016-08-08,1.357,0.0
2016-08-09,1.358,0.000737
2016-08-10,1.358,0.0
2016-08-11,1.358,0.0
2016-08-12,1.359,0.000736
2016-08-15,1.359,0.0
2016-08-16,1.359,0.0
2016-08-17,1.359,0.0
2016-08-18,1.36,0.000736
2016-08-19,1.36,0.0
2016-08-22,1.36,0.0
2016-08-23,1.36,0.0
2016-08-24,1.359,-0.000735
2016-08-25,1.359,0.0
2016-08-26,1.359,0.0
2016-08-29,1.36,0.000736
2016-08-30,1.359,-0.000735
2016-08-31,1.359,0.0
2016-09-01,1.359,0.0
2016-09-02,1.36,0.000736
2016-09-05,1.36,0.0
2016-09-06,1.36,0.0
2016-09-07,1.36,0.0
2016-09-08,1.36,0.0
2016-09-09,1.36,0.0
2016-09-12,1.36,0.0
2016-09-13,1.36,0.0
2016-09-14,1.361,0.000735
2016-09-19,1.361,0.0
2016-09-20,1.36,-0.000735
2016-09-21,1.36,0.0
2016-09-22,1.361,0.000735
2016-09-23,1.361,0.0
2016-09-26,1.362,0.000735
2016-09-27,1.362,0.0
2016-09-28,1.362,0.0
2016-09-29,1.362,0.0
2016-09-30,1.362,0.0
2016-10-10,1.364,0.0014680000000000001
2016-10-11,1.364,0.0
2016-10-12,1.364,0.0
2016-10-13,1.365,0.000733
2016-10-14,1.365,0.0
2016-10-17,1.365,0.0
2016-10-18,1.365,0.0
2016-10-19,1.365,0.0
2016-10-20,1.366,0.000733
2016-10-21,1.366,0.0
2016-10-24,1.366,0.0
2016-10-25,1.366,0.0
2016-10-26,1.365,-0.000732
2016-10-27,1.364,-0.000733
2016-10-28,1.364,0.0
2016-10-31,1.364,0.0
2016-11-01,1.363,-0.000733
2016-11-02,1.363,0.0
2016-11-03,1.364,0.0007340000000000001
2016-11-04,1.364,0.0
2016-11-07,1.364,0.0
2016-11-08,1.364,0.0
2016-11-09,1.364,0.0
2016-11-10,1.364,0.0
2016-11-11,1.363,-0.000733
2016-11-14,1.363,0.0
2016-11-15,1.362,-0.0007340000000000001
2016-11-16,1.361,-0.0007340000000000001
2016-11-17,1.36,-0.000735
2016-11-18,1.36,0.0
2016-11-21,1.36,0.0
2016-11-22,1.36,0.0
2016-11-23,1.36,0.0
2016-11-24,1.36,0.0
2016-11-25,1.359,-0.000735
2016-11-28,1.359,0.0
2016-11-29,1.358,-0.000736
2016-11-30,1.355,-0.002209
2016-12-01,1.353,-0.001476
2016-12-02,1.352,-0.000739
2016-12-05,1.351,-0.00074
2016-12-06,1.348,-0.002221
2016-12-07,1.348,0.0
2016-12-08,1.349,0.000742
2016-12-09,1.348,-0.000741
2016-12-12,1.347,-0.000742
2016-12-13,1.345,-0.001485
2016-12-14,1.343,-0.001487
2016-12-15,1.337,-0.004468
2016-12-16,1.337,0.0
2016-12-19,1.336,-0.0007480000000000001
2016-12-20,1.333,-0.0022459999999999997
2016-12-21,1.334,0.00075
2016-12-22,1.337,0.0022489999999999997
2016-12-23,1.338,0.0007480000000000001
2016-12-26,1.339,0.000747
2016-12-27,1.34,0.000747
2016-12-28,1.34,0.0
2016-12-29,1.341,0.000746
2016-12-30,1.342,0.000746
2016-12-31,1.342,0.0
2017-01-03,1.343,0.000745
2017-01-04,1.343,0.0
2017-01-05,1.344,0.000745
2017-01-06,1.344,0.0
2017-01-09,1.345,0.000744
2017-01-10,1.345,0.0
2017-01-11,1.346,0.0007430000000000001
2017-01-12,1.346,0.0
2017-01-13,1.346,0.0
2017-01-16,1.346,0.0
2017-01-17,1.346,0.0
2017-01-18,1.345,-0.0007430000000000001
2017-01-19,1.344,-0.0007430000000000001
2017-01-20,1.345,0.000744
2017-01-23,1.346,0.0007430000000000001
2017-01-24,1.346,0.0
2017-01-25,1.346,0.0
2017-01-26,1.346,0.0
2017-02-03,1.345,-0.0007430000000000001
2017-02-06,1.345,0.0
2017-02-07,1.343,-0.001487
2017-02-08,1.343,0.0
2017-02-09,1.343,0.0
2017-02-10,1.343,0.0
2017-02-13,1.343,0.0
2017-02-14,1.343,0.0
2017-02-15,1.343,0.0
2017-02-16,1.343,0.0
2017-02-17,1.344,0.000745
2017-02-20,1.344,0.0
2017-02-21,1.344,0.0
2017-02-22,1.344,0.0
2017-02-23,1.344,0.0
2017-02-24,1.345,0.000744
2017-02-27,1.345,0.0
2017-02-28,1.345,0.0
2017-03-01,1.345,0.0
2017-03-02,1.344,-0.0007430000000000001
2017-03-03,1.345,0.000744
2017-03-06,1.345,0.0
2017-03-07,1.344,-0.0007430000000000001
2017-03-08,1.344,0.0
2017-03-09,1.344,0.0
2017-03-10,1.343,-0.000744
2017-03-13,1.343,0.0
2017-03-14,1.343,0.0
2017-03-15,1.343,0.0
2017-03-16,1.344,0.000745
2017-03-17,1.344,0.0
2017-03-20,1.344,0.0
2017-03-21,1.344,0.0
2017-03-22,1.344,0.0
2017-03-23,1.344,0.0
2017-03-24,1.344,0.0
2017-03-27,1.345,0.000744
2017-03-28,1.345,0.0
2017-03-29,1.345,0.0
2017-03-30,1.345,0.0
2017-03-31,1.346,0.0007430000000000001
2017-04-05,1.347,0.0007430000000000001
2017-04-06,1.347,0.0
2017-04-07,1.347,0.0
2017-04-10,1.347,0.0
2017-04-11,1.347,0.0
2017-04-12,1.348,0.000742
2017-04-13,1.348,0.0
2017-04-14,1.348,0.0
2017-04-17,1.347,-0.000742
2017-04-18,1.347,0.0
2017-04-19,1.347,0.0
2017-04-20,1.346,-0.000742
2017-04-21,1.346,0.0
2017-04-24,1.345,-0.0007430000000000001
2017-04-25,1.345,0.0
2017-04-26,1.346,0.0007430000000000001
2017-04-27,1.346,0.0
2017-04-28,1.346,0.0
2017-05-02,1.346,0.0
2017-05-03,1.346,0.0
2017-05-04,1.346,0.0
2017-05-05,1.346,0.0
2017-05-08,1.345,-0.0007430000000000001
2017-05-09,1.345,0.0
2017-05-10,1.344,-0.0007430000000000001
2017-05-11,1.344,0.0
2017-05-12,1.344,0.0
2017-05-15,1.344,0.0
2017-05-16,1.344,0.0
2017-05-17,1.344,0.0
2017-05-18,1.344,0.0
2017-05-19,1.344,0.0
2017-05-22,1.344,0.0
2017-05-23,1.344,0.0
2017-05-24,1.344,0.0
2017-05-25,1.344,0.0
2017-05-26,1.344,0.0
2017-05-31,1.345,0.000744
2017-06-01,1.345,0.0
2017-06-02,1.346,0.0007430000000000001
2017-06-05,1.346,0.0
2017-06-06,1.346,0.0
2017-06-07,1.346,0.0
2017-06-08,1.346,0.0
2017-06-09,1.346,0.0
2017-06-12,1.347,0.0007430000000000001
2017-06-13,1.347,0.0
2017-06-14,1.348,0.000742
2017-06-15,1.349,0.000742
2017-06-16,1.349,0.0
2017-06-19,1.35,0.000741
2017-06-20,1.351,0.000741
2017-06-21,1.352,0.00074
2017-06-22,1.352,0.0
2017-06-23,1.353,0.00074
2017-06-26,1.354,0.000739
2017-06-27,1.355,0.000739
2017-06-28,1.355,0.0
2017-06-29,1.356,0.000738
2017-06-30,1.356,0.0
2017-07-03,1.356,0.0
2017-07-04,1.357,0.000737
2017-07-05,1.357,0.0
2017-07-06,1.357,0.0
2017-07-07,1.358,0.000737
2017-07-10,1.358,0.0
2017-07-11,1.358,0.0
2017-07-12,1.358,0.0
2017-07-13,1.359,0.000736
2017-07-14,1.359,0.0
2017-07-17,1.359,0.0
2017-07-18,1.359,0.0
2017-07-19,1.359,0.0
2017-07-20,1.359,0.0
2017-07-21,1.36,0.000736
2017-07-24,1.36,0.0
2017-07-25,1.36,0.0
2017-07-26,1.36,0.0
2017-07-27,1.36,0.0
2017-07-28,1.361,0.000735
2017-07-31,1.361,0.0
2017-08-01,1.361,0.0
2017-08-02,1.361,0.0
2017-08-03,1.361,0.0
2017-08-04,1.361,0.0
2017-08-07,1.362,0.000735
2017-08-08,1.362,0.0
2017-08-09,1.361,-0.0007340000000000001
2017-08-10,1.361,0.0
2017-08-11,1.361,0.0
2017-08-14,1.362,0.000735
2017-08-15,1.362,0.0
2017-08-16,1.362,0.0
2017-08-17,1.362,0.0
2017-08-18,1.362,0.0
2017-08-21,1.362,0.0
2017-08-22,1.362,0.0
2017-08-23,1.362,0.0
2017-08-24,1.362,0.0
2017-08-25,1.362,0.0
2017-08-28,1.363,0.0007340000000000001
2017-08-29,1.362,-0.0007340000000000001
2017-08-30,1.362,0.0
2017-08-31,1.362,0.0
2017-09-01,1.362,0.0
2017-09-04,1.363,0.0007340000000000001
2017-09-05,1.363,0.0
2017-09-06,1.363,0.0
2017-09-07,1.363,0.0
2017-09-08,1.363,0.0
2017-09-11,1.363,0.0
2017-09-12,1.363,0.0
2017-09-13,1.363,0.0
2017-09-14,1.364,0.0007340000000000001
2017-09-15,1.364,0.0
2017-09-18,1.364,0.0
2017-09-19,1.364,0.0
2017-09-20,1.364,0.0
2017-09-21,1.364,0.0
2017-09-22,1.364,0.0
2017-09-25,1.365,0.000733
2017-09-26,1.365,0.0
2017-09-27,1.365,0.0
2017-09-28,1.365,0.0
2017-09-29,1.365,0.0
2017-10-09,1.366,0.000733
2017-10-10,1.366,0.0
2017-10-11,1.367,0.000732
2017-10-12,1.367,0.0
2017-10-13,1.367,0.0
2017-10-16,1.367,0.0
2017-10-17,1.367,0.0
2017-10-18,1.367,0.0
2017-10-19,1.367,0.0
2017-10-20,1.368,0.000732
2017-10-23,1.368,0.0
2017-10-24,1.368,0.0
2017-10-25,1.368,0.0
2017-10-26,1.368,0.0
2017-10-27,1.368,0.0
2017-10-30,1.368,0.0
2017-10-31,1.367,-0.000731
2017-11-01,1.368,0.000732
2017-11-02,1.368,0.0
2017-11-03,1.368,0.0
2017-11-06,1.368,0.0
2017-11-07,1.368,0.0
2017-11-08,1.368,0.0
2017-11-09,1.368,0.0
2017-11-10,1.368,0.0
2017-11-13,1.368,0.0
2017-11-14,1.368,0.0
2017-11-15,1.367,-0.000731
2017-11-16,1.368,0.000732
2017-11-17,1.368,0.0
2017-11-20,1.368,0.0
2017-11-21,1.368,0.0
2017-11-22,1.367,-0.000731
2017-11-23,1.366,-0.000732
2017-11-24,1.366,0.0
2017-11-27,1.366,0.0
2017-11-28,1.366,0.0
2017-11-29,1.366,0.0
2017-11-30,1.366,0.0
2017-12-01,1.366,0.0
2017-12-04,1.366,0.0
2017-12-05,1.367,0.000732
2017-12-06,1.367,0.0
2017-12-07,1.367,0.0
2017-12-08,1.368,0.000732
2017-12-11,1.368,0.0
2017-12-12,1.368,0.0
2017-12-13,1.368,0.0
2017-12-14,1.368,0.0
2017-12-15,1.368,0.0
2017-12-18,1.368,0.0
2017-12-19,1.368,0.0
2017-12-20,1.368,0.0
2017-12-21,1.368,0.0
2017-12-22,1.368,0.0
2017-12-25,1.369,0.000731
2017-12-26,1.369,0.0
2017-12-27,1.368,-0.00073
2017-12-28,1.368,0.0
2017-12-29,1.369,0.000731
2017-12-31,1.369,0.0
2018-01-02,1.37,0.00073
2018-01-03,1.371,0.00073
2018-01-04,1.371,0.0
2018-01-05,1.372,0.000729
2018-01-08,1.373,0.000729
2018-01-09,1.373,0.0
2018-01-10,1.373,0.0
2018-01-11,1.373,0.0
2018-01-12,1.373,0.0
2018-01-15,1.373,0.0
2018-01-16,1.373,0.0
2018-01-17,1.373,0.0
2018-01-18,1.373,0.0
2018-01-19,1.373,0.0
2018-01-22,1.374,0.000728
2018-01-23,1.374,0.0
2018-01-24,1.374,0.0
2018-01-25,1.375,0.000728
2018-01-26,1.375,0.0
2018-01-29,1.375,0.0
2018-01-30,1.375,0.0
2018-01-31,1.375,0.0
2018-02-01,1.375,0.0
2018-02-02,1.375,0.0
2018-02-05,1.376,0.000727
2018-02-06,1.376,0.0
2018-02-07,1.376,0.0
2018-02-08,1.377,0.000727
2018-02-09,1.376,-0.000726
2018-02-12,1.377,0.000727
2018-02-13,1.377,0.0
2018-02-14,1.378,0.000726
2018-02-22,1.379,0.000726
2018-02-23,1.379,0.0
2018-02-26,1.38,0.000725
2018-02-27,1.38,0.0
2018-02-28,1.38,0.0
2018-03-01,1.381,0.000725
2018-03-02,1.381,0.0
2018-03-05,1.381,0.0
2018-03-06,1.381,0.0
2018-03-07,1.381,0.0
2018-03-08,1.381,0.0
2018-03-09,1.382,0.000724
2018-03-12,1.382,0.0
2018-03-13,1.382,0.0
2018-03-14,1.382,0.0
2018-03-15,1.382,0.0
2018-03-16,1.382,0.0
2018-03-19,1.382,0.0
2018-03-20,1.382,0.0
2018-03-21,1.383,0.000724
2018-03-22,1.383,0.0
2018-03-23,1.384,0.000723
2018-03-26,1.385,0.000723
2018-03-27,1.385,0.0
2018-03-28,1.385,0.0
2018-03-29,1.385,0.0
2018-03-30,1.386,0.000722
2018-04-02,1.386,0.0
2018-04-03,1.387,0.000722
2018-04-04,1.387,0.0
2018-04-09,1.388,0.000721
2018-04-10,1.389,0.0007199999999999999
2018-04-11,1.389,0.0
2018-04-12,1.389,0.0
2018-04-13,1.39,0.0007199999999999999
2018-04-16,1.39,0.0
2018-04-17,1.39,0.0
2018-04-18,1.392,0.001439
2018-04-19,1.392,0.0
2018-04-20,1.392,0.0
2018-04-23,1.392,0.0
2018-04-24,1.392,0.0
2018-04-25,1.392,0.0
2018-04-26,1.391,-0.000718
2018-04-27,1.391,0.0
2018-05-02,1.392,0.000719
2018-05-03,1.392,0.0
2018-05-04,1.392,0.0
2018-05-07,1.392,0.0
2018-05-08,1.392,0.0
2018-05-09,1.392,0.0
2018-05-10,1.391,-0.000718
2018-05-11,1.391,0.0
2018-05-14,1.391,0.0
2018-05-15,1.391,0.0
2018-05-16,1.391,0.0
2018-05-17,1.391,0.0
2018-05-18,1.391,0.0
2018-05-21,1.392,0.000719
2018-05-22,1.392,0.0
2018-05-23,1.392,0.0
2018-05-24,1.392,0.0
2018-05-25,1.392,0.0
2018-05-28,1.392,0.0
2018-05-29,1.392,0.0
2018-05-30,1.392,0.0
2018-05-31,1.392,0.0
2018-06-01,1.392,0.0
2018-06-04,1.392,0.0
2018-06-05,1.392,0.0
2018-06-06,1.392,0.0
2018-06-07,1.392,0.0
2018-06-08,1.393,0.000718
2018-06-11,1.393,0.0
2018-06-12,1.393,0.0
2018-06-13,1.392,-0.000718
2018-06-14,1.392,0.0
2018-06-15,1.392,0.0
2018-06-19,1.392,0.0
2018-06-20,1.393,0.000718
2018-06-21,1.393,0.0
2018-06-22,1.393,0.0
2018-06-25,1.394,0.000718
2018-06-26,1.394,0.0
2018-06-27,1.394,0.0
2018-06-28,1.394,0.0
2018-06-29,1.395,0.000717
2018-06-30,1.395,0.0
2018-07-02,1.395,0.0
2018-07-03,1.396,0.000717
2018-07-04,1.396,0.0
2018-07-05,1.398,0.001433
2018-07-06,1.398,0.0
2018-07-09,1.399,0.0007149999999999999
2018-07-10,1.397,-0.0014299999999999998
2018-07-11,1.396,-0.000716
2018-07-12,1.397,0.000716
2018-07-13,1.397,0.0
2018-07-16,1.397,0.0
2018-07-17,1.397,0.0
2018-07-18,1.397,0.0
2018-07-19,1.398,0.000716
2018-07-20,1.401,0.0021460000000000003
2018-07-23,1.403,0.001428
2018-07-24,1.404,0.000713
2018-07-25,1.403,-0.000712
2018-07-26,1.401,-0.001426
2018-07-27,1.402,0.000714
2018-07-30,1.402,0.0
2018-07-31,1.403,0.000713
2018-08-01,1.403,0.0
2018-08-02,1.402,-0.000713
2018-08-03,1.402,0.0
2018-08-06,1.402,0.0
2018-08-07,1.405,0.00214
2018-08-08,1.404,-0.000712
2018-08-09,1.405,0.000712
2018-08-10,1.404,-0.000712
2018-08-13,1.403,-0.000712
2018-08-14,1.402,-0.000713
2018-08-15,1.401,-0.000713
2018-08-16,1.399,-0.001428
2018-08-17,1.397,-0.0014299999999999998
2018-08-20,1.396,-0.000716
2018-08-21,1.398,0.001433
2018-08-22,1.398,0.0
2018-08-23,1.398,0.0
2018-08-24,1.398,0.0
2018-08-27,1.4,0.001431
2018-08-28,1.4,0.0
2018-08-29,1.4,0.0
2018-08-30,1.399,-0.000714
2018-08-31,1.399,0.0
2018-09-03,1.399,0.0
2018-09-04,1.4,0.0007149999999999999
2018-09-05,1.399,-0.000714
2018-09-06,1.399,0.0
2018-09-07,1.399,0.0
2018-09-10,1.398,-0.0007149999999999999
2018-09-11,1.398,0.0
2018-09-12,1.397,-0.0007149999999999999
2018-09-13,1.398,0.000716
2018-09-14,1.398,0.0
2018-09-17,1.397,-0.0007149999999999999
2018-09-18,1.398,0.000716
2018-09-19,1.398,0.0
2018-09-20,1.398,0.0
2018-09-21,1.399,0.0007149999999999999
2018-09-25,1.4,0.0007149999999999999
2018-09-26,1.401,0.000714
2018-09-27,1.4,-0.000714
2018-09-28,1.401,0.000714
2018-10-08,1.4,-0.000714
2018-10-09,1.4,0.0
2018-10-10,1.4,0.0
2018-10-11,1.4,0.0
2018-10-12,1.401,0.000714
2018-10-15,1.4,-0.000714
2018-10-16,1.4,0.0
2018-10-17,1.401,0.000714
2018-10-18,1.401,0.0
2018-10-19,1.403,0.001428
2018-10-22,1.403,0.0
2018-10-23,1.403,0.0
2018-10-24,1.404,0.000713
2018-10-25,1.405,0.000712
2018-10-26,1.406,0.000712
2018-10-29,1.406,0.0
2018-10-30,1.406,0.0
2018-10-31,1.406,0.0
2018-11-01,1.407,0.0007109999999999999
2018-11-02,1.408,0.0007109999999999999
2018-11-05,1.408,0.0
2018-11-06,1.408,0.0
2018-11-07,1.409,0.0007099999999999999
2018-11-08,1.409,0.0
2018-11-09,1.409,0.0
2018-11-12,1.409,0.0
2018-11-13,1.41,0.0007099999999999999
2018-11-14,1.411,0.000709
2018-11-15,1.412,0.000709
2018-11-16,1.412,0.0
2018-11-19,1.412,0.0
2018-11-20,1.411,-0.000708
2018-11-21,1.411,0.0
2018-11-22,1.411,0.0
2018-11-23,1.411,0.0
2018-11-26,1.411,0.0
2018-11-27,1.411,0.0
2018-11-28,1.411,0.0
2018-11-29,1.412,0.000709
2018-11-30,1.412,0.0
2018-12-03,1.413,0.000708
2018-12-04,1.414,0.000708
2018-12-05,1.415,0.000707
2018-12-06,1.416,0.000707
2018-12-07,1.415,-0.0007059999999999999
2018-12-10,1.416,0.000707
2018-12-11,1.416,0.0
2018-12-12,1.417,0.0007059999999999999
2018-12-13,1.414,-0.002117
2018-12-14,1.413,-0.000707
2018-12-17,1.412,-0.000708
2018-12-18,1.412,0.0
2018-12-19,1.414,0.001416
2018-12-20,1.415,0.000707
2018-12-21,1.415,0.0
2018-12-24,1.415,0.0
2018-12-25,1.218,0.0
2018-12-26,1.219,0.0008210000000000001
2018-12-27,1.22,0.00082
2018-12-28,1.222,0.0016389999999999998
2018-12-31,1.222,0.0
2019-01-02,1.224,0.0016370000000000002
2019-01-03,1.225,0.0008169999999999999
2019-01-04,1.225,0.0
2019-01-07,1.226,0.0008160000000000001
2019-01-08,1.228,0.0016309999999999999
2019-01-09,1.228,0.0
2019-01-10,1.228,0.0
2019-01-11,1.228,0.0
2019-01-14,1.227,-0.000814
2019-01-15,1.227,0.0
2019-01-16,1.229,0.0016300000000000002
2019-01-17,1.23,0.000814
2019-01-18,1.229,-0.0008129999999999999
2019-01-21,1.228,-0.000814
2019-01-22,1.228,0.0
2019-01-23,1.228,0.0
2019-01-24,1.228,0.0
2019-01-25,1.228,0.0
2019-01-28,1.228,0.0
2019-01-29,1.228,0.0
2019-01-30,1.23,0.0016289999999999998
2019-01-31,1.231,0.0008129999999999999
2019-02-01,1.232,0.0008119999999999999
2019-02-11,1.234,0.001623
2019-02-12,1.234,0.0
2019-02-13,1.234,0.0
2019-02-14,1.234,0.0
2019-02-15,1.234,0.0
2019-02-18,1.235,0.0008100000000000001
2019-02-19,1.233,-0.0016189999999999998
2019-02-20,1.233,0.0
2019-02-21,1.234,0.0008110000000000001
2019-02-22,1.236,0.001621
2019-02-25,1.241,0.004045
2019-02-26,1.238,-0.002417
2019-02-27,1.237,-0.000808
2019-02-28,1.238,0.000808
2019-03-01,1.239,0.000808
2019-03-04,1.24,0.000807
2019-03-05,1.242,0.001613
2019-03-06,1.243,0.000805
2019-03-07,1.243,0.0
2019-03-08,1.239,-0.003218
2019-03-11,1.241,0.001614
2019-03-12,1.243,0.0016120000000000002
2019-03-13,1.241,-0.001609
2019-03-14,1.239,-0.0016120000000000002
2019-03-15,1.24,0.000807
2019-03-18,1.243,0.002419
2019-03-19,1.244,0.000805
2019-03-20,1.244,0.0
2019-03-21,1.245,0.000804
2019-03-22,1.246,0.000803
2019-03-25,1.244,-0.001605
2019-03-26,1.241,-0.002412
2019-03-27,1.241,0.0
2019-03-28,1.241,0.0
2019-03-29,1.245,0.0032229999999999997
2019-04-01,1.249,0.0032129999999999997
2019-04-02,1.249,0.0
2019-04-03,1.248,-0.0008010000000000001
2019-04-04,1.248,0.0
2019-04-08,1.248,0.0
2019-04-09,1.245,-0.002404
2019-04-10,1.244,-0.000803
2019-04-11,1.243,-0.000804
2019-04-12,1.242,-0.000805
2019-04-15,1.239,-0.002415
2019-04-16,1.24,0.000807
2019-04-17,1.239,-0.0008060000000000001
2019-04-18,1.239,0.0
2019-04-19,1.24,0.000807
2019-04-22,1.238,-0.001613
2019-04-23,1.236,-0.001616
2019-04-24,1.236,0.0
2019-04-25,1.233,-0.002427
2019-04-26,1.233,0.0
2019-04-29,1.231,-0.0016220000000000002
2019-04-30,1.233,0.0016250000000000001
2019-05-06,1.23,-0.002433
2019-05-07,1.231,0.0008129999999999999
2019-05-08,1.232,0.0008119999999999999
2019-05-09,1.232,0.0
2019-05-10,1.234,0.001623
2019-05-13,1.233,-0.0008100000000000001
2019-05-14,1.233,0.0
2019-05-15,1.235,0.0016220000000000002
2019-05-16,1.235,0.0
2019-05-17,1.233,-0.0016189999999999998
2019-05-20,1.232,-0.0008110000000000001
2019-05-21,1.233,0.0008119999999999999
2019-05-22,1.234,0.0008110000000000001
2019-05-23,1.233,-0.0008100000000000001
2019-05-24,1.232,-0.0008110000000000001
2019-05-27,1.232,0.0
2019-05-28,1.232,0.0
2019-05-29,1.232,0.0
2019-05-30,1.232,0.0
2019-05-31,1.231,-0.0008119999999999999
2019-06-03,1.23,-0.0008119999999999999
2019-06-04,1.228,-0.0016259999999999998
2019-06-05,1.228,0.0
2019-06-06,1.227,-0.000814
2019-06-10,1.229,0.0016300000000000002
2019-06-11,1.231,0.0016270000000000002
2019-06-12,1.23,-0.0008119999999999999
2019-06-13,1.23,0.0
2019-06-14,1.229,-0.0008129999999999999
2019-06-17,1.229,0.0
2019-06-18,1.229,0.0
2019-06-19,1.231,0.0016270000000000002
2019-06-20,1.235,0.003249
2019-06-21,1.236,0.0008100000000000001
2019-06-24,1.236,0.0
2019-06-25,1.145,-0.000809
2019-06-26,1.146,0.0008730000000000001
2019-06-27,1.148,0.0017449999999999998
2019-06-28,1.148,0.0
2019-06-30,1.148,0.0
2019-07-01,1.151,0.002613
2019-07-02,1.151,0.0
2019-07-03,1.15,-0.0008690000000000001
2019-07-04,1.148,-0.001739
2019-07-05,1.149,0.0008709999999999999
2019-07-08,1.145,-0.003481
2019-07-09,1.144,-0.0008730000000000001
2019-07-10,1.144,0.0
2019-07-11,1.143,-0.0008740000000000001
2019-07-12,1.145,0.0017499999999999998
2019-07-15,1.145,0.0
2019-07-16,1.145,0.0
2019-07-17,1.146,0.0008730000000000001
2019-07-18,1.144,-0.0017449999999999998
2019-07-19,1.145,0.0008740000000000001
2019-07-22,1.144,-0.0008730000000000001
2019-07-23,1.145,0.0008740000000000001
2019-07-24,1.146,0.0008730000000000001
2019-07-25,1.148,0.0017449999999999998
2019-07-26,1.15,0.0017419999999999998
2019-07-29,1.151,0.0008699999999999999
2019-07-30,1.152,0.0008690000000000001
2019-07-31,1.153,0.0008680000000000001
2019-08-01,1.151,-0.0017349999999999998
2019-08-02,1.15,-0.0008690000000000001
2019-08-05,1.147,-0.002609
2019-08-06,1.146,-0.0008719999999999999
2019-08-07,1.147,0.0008730000000000001
2019-08-08,1.149,0.0017439999999999999
2019-08-09,1.149,0.0
2019-08-12,1.15,0.0008699999999999999
2019-08-13,1.15,0.0
2019-08-14,1.149,-0.0008699999999999999
2019-08-15,1.15,0.0008699999999999999
2019-08-16,1.151,0.0008699999999999999
2019-08-19,1.154,0.002606
2019-08-20,1.154,0.0
2019-08-21,1.155,0.000867
2019-08-22,1.154,-0.000866
2019-08-23,1.155,0.000867
2019-08-26,1.154,-0.000866
2019-08-27,1.156,0.0017330000000000002
2019-08-28,1.156,0.0
2019-08-29,1.155,-0.0008649999999999999
2019-08-30,1.155,0.0
2019-09-02,1.156,0.000866
2019-09-03,1.157,0.0008649999999999999
2019-09-04,1.158,0.0008640000000000001
2019-09-05,1.16,0.001727
2019-09-06,1.161,0.000862
2019-09-09,1.164,0.0025840000000000004
2019-09-10,1.163,-0.0008590000000000001
2019-09-11,1.162,-0.00086
2019-09-12,1.163,0.000861
2019-09-16,1.162,-0.00086
2019-09-17,1.158,-0.003442
2019-09-18,1.158,0.0
2019-09-19,1.159,0.0008640000000000001
2019-09-20,1.16,0.000863
2019-09-23,1.159,-0.000862
2019-09-24,1.159,0.0
2019-09-25,1.157,-0.001726
2019-09-26,1.156,-0.0008640000000000001
2019-09-27,1.157,0.0008649999999999999
2019-09-30,1.156,-0.0008640000000000001
2019-10-08,1.157,0.0008649999999999999
2019-10-09,1.158,0.0008640000000000001
2019-10-10,1.159,0.0008640000000000001
2019-10-11,1.16,0.000863
2019-10-14,1.163,0.0025859999999999998
2019-10-15,1.161,-0.00172
2019-10-16,1.16,-0.000861
2019-10-17,1.16,0.0
2019-10-18,1.159,-0.000862
2019-10-21,1.158,-0.000863
2019-10-22,1.158,0.0
2019-10-23,1.158,0.0
2019-10-24,1.157,-0.0008640000000000001
2019-10-25,1.159,0.001729
2019-10-28,1.16,0.000863
2019-10-29,1.16,0.0
2019-10-30,1.158,-0.001724
2019-10-31,1.156,-0.001727
2019-11-01,1.159,0.002595
2019-11-04,1.16,0.000863
2019-11-05,1.162,0.001724
2019-11-06,1.161,-0.000861
2019-11-07,1.162,0.000861
2019-11-08,1.162,0.0
2019-11-11,1.16,-0.001721
2019-11-12,1.159,-0.000862
2019-11-13,1.159,0.0
2019-11-14,1.16,0.000863
2019-11-15,1.159,-0.000862
2019-11-18,1.161,0.001726
2019-11-19,1.163,0.0017230000000000001
2019-11-20,1.162,-0.00086
2019-11-21,1.161,-0.000861
2019-11-22,1.16,-0.000861
2019-11-25,1.161,0.000862
2019-11-26,1.161,0.0
2019-11-27,1.16,-0.000861
2019-11-28,1.16,0.0
2019-11-29,1.16,0.0
2019-12-02,1.159,-0.000862
2019-12-03,1.16,0.000863
2019-12-04,1.16,0.0
2019-12-05,1.162,0.001724
2019-12-06,1.164,0.001721
2019-12-09,1.164,0.0
2019-12-10,1.165,0.0008590000000000001
2019-12-11,1.165,0.0
2019-12-12,1.166,0.000858
2019-12-13,1.169,0.0025729999999999998
2019-12-16,1.172,0.002566
2019-12-17,1.175,0.00256
2019-12-18,1.174,-0.000851
2019-12-19,1.173,-0.000852
2019-12-20,1.172,-0.000853
2019-12-23,1.171,-0.000853
2019-12-24,1.173,0.001708
2019-12-25,1.173,0.0
2019-12-26,1.175,0.0017050000000000001
2019-12-27,1.175,0.0
2019-12-30,1.178,0.002553
2019-12-31,1.179,0.000849
2020-01-02,1.183,0.0033929999999999997
2020-01-03,1.183,0.0
2020-01-06,1.185,0.001691
2020-01-07,1.185,0.0
2020-01-08,1.185,0.0
2020-01-09,1.186,0.000844
2020-01-10,1.186,0.0
2020-01-13,1.19,0.0033729999999999997
2020-01-14,1.19,0.0
2020-01-15,1.187,-0.002521
2020-01-16,1.188,0.000842
2020-01-17,1.19,0.001684
2020-01-20,1.194,0.0033610000000000003
2020-01-21,1.191,-0.002513
2020-01-22,1.194,0.002519
2020-01-23,1.188,-0.005024999999999999
2020-02-03,1.174,-0.011785
2020-02-04,1.184,0.008518
2020-02-05,1.186,0.001689
2020-02-06,1.189,0.00253
2020-02-07,1.189,0.0
2020-02-10,1.192,0.002523
2020-02-11,1.193,0.000839
2020-02-12,1.196,0.002515
2020-02-13,1.195,-0.0008359999999999999
2020-02-14,1.195,0.0
2020-02-17,1.196,0.000837
2020-02-18,1.197,0.0008359999999999999
2020-02-19,1.196,-0.000835
2020-02-20,1.201,0.004181000000000001
2020-02-21,1.201,0.0
2020-02-24,1.204,0.002498
2020-02-25,1.206,0.001661
2020-02-26,1.2,-0.004975
2020-02-27,1.198,-0.0016669999999999999
2020-02-28,1.19,-0.006678
2020-03-02,1.193,0.002521
2020-03-03,1.195,0.001676
2020-03-04,1.195,0.0
2020-03-05,1.2,0.004184
2020-03-06,1.2,0.0
2020-03-09,1.192,-0.006666999999999999
2020-03-10,1.194,0.001678
2020-03-11,1.192,-0.001675
2020-03-12,1.189,-0.0025169999999999997
2020-03-13,1.185,-0.003364
2020-03-16,1.179,-0.005063
2020-03-17,1.178,-0.000848
2020-03-18,1.176,-0.001698
2020-03-19,1.178,0.001701
2020-03-20,1.184,0.0050929999999999994
2020-03-23,1.171,-0.01098
2020-03-24,1.176,0.0042699999999999995
2020-03-25,1.185,0.007653
2020-03-26,1.181,-0.003376
2020-03-27,1.18,-0.000847
2020-03-30,1.175,-0.004237
2020-03-31,1.176,0.000851
2020-04-01,1.177,0.0008500000000000001
2020-04-02,1.179,0.001699
2020-04-03,1.175,-0.0033929999999999997
2020-04-07,1.182,0.0059570000000000005
2020-04-08,1.183,0.000846
2020-04-09,1.186,0.002536
2020-04-10,1.179,-0.005901999999999999
2020-04-13,1.173,-0.005089
2020-04-14,1.177,0.0034100000000000003
2020-04-15,1.18,0.002549
2020-04-16,1.184,0.0033900000000000002
2020-04-17,1.187,0.0025340000000000002
2020-04-20,1.19,0.0025269999999999997
2020-04-21,1.188,-0.001681
2020-04-22,1.191,0.002525
2020-04-23,1.19,-0.00084
2020-04-24,1.186,-0.0033610000000000003
2020-04-27,1.186,0.0
2020-04-28,1.186,0.0
2020-04-29,1.185,-0.000843
2020-04-30,1.192,0.005907
2020-05-06,1.192,0.0
2020-05-07,1.188,-0.003356
2020-05-08,1.191,0.002525
2020-05-11,1.188,-0.002519
2020-05-12,1.188,0.0
2020-05-13,1.188,0.0
2020-05-14,1.185,-0.002525
2020-05-15,1.186,0.000844
2020-05-18,1.183,-0.00253
2020-05-19,1.184,0.000845
2020-05-20,1.183,-0.000845
2020-05-21,1.182,-0.000845
2020-05-22,1.182,0.0
2020-05-25,1.18,-0.001692
2020-05-26,1.178,-0.0016950000000000001
2020-05-27,1.177,-0.000849
2020-05-28,1.177,0.0
2020-05-29,1.178,0.0008500000000000001
2020-06-01,1.178,0.0
2020-06-02,1.175,-0.002547
2020-06-03,1.174,-0.000851
2020-06-04,1.172,-0.001704
2020-06-05,1.172,0.0
2020-06-08,1.172,0.0
2020-06-09,1.173,0.000853
2020-06-10,1.172,-0.000853
2020-06-11,1.172,0.0
2020-06-12,1.173,0.000853
2020-06-15,1.173,0.0
2020-06-16,1.173,0.0
2020-06-17,1.172,-0.000853
2020-06-18,1.172,0.0
2020-06-19,1.172,0.0
2020-06-22,1.171,-0.000853
2020-06-23,1.17,-0.000854
2020-06-24,1.171,0.0008550000000000001
2020-06-29,1.171,0.0
2020-06-30,1.172,0.000854
2020-07-01,1.173,0.000853
2020-07-02,1.176,0.0025580000000000004
2020-07-03,1.178,0.001701
2020-07-06,1.188,0.008489
2020-07-07,1.192,0.003367
2020-07-08,1.192,0.0
2020-07-09,1.198,0.005033999999999999
2020-07-10,1.195,-0.002504
2020-07-13,1.205,0.008368
2020-07-14,1.198,-0.005809
2020-07-15,1.191,-0.005843
2020-07-16,1.175,-0.013434
2020-07-17,1.175,0.0
2020-07-20,1.182,0.0059570000000000005
2020-07-21,1.184,0.001692
2020-07-22,1.187,0.0025340000000000002
2020-07-23,1.185,-0.001685
2020-07-24,1.175,-0.008439
2020-07-27,1.174,-0.000851
2020-07-28,1.179,0.004259
2020-07-29,1.185,0.005089
2020-07-30,1.187,0.001688
2020-07-31,1.189,0.001685
2020-08-03,1.197,0.006728
2020-08-04,1.199,0.001671
2020-08-05,1.206,0.0058379999999999994
2020-08-06,1.205,-0.000829
2020-08-07,1.201,-0.00332
2020-08-10,1.199,-0.001665
2020-08-11,1.195,-0.003336
2020-08-12,1.19,-0.004184
2020-08-13,1.192,0.001681
2020-08-14,1.195,0.0025169999999999997
2020-08-17,1.2,0.004184
2020-08-18,1.203,0.0025
2020-08-19,1.202,-0.0008309999999999999
2020-08-20,1.197,-0.00416
2020-08-21,1.199,0.001671
2020-08-24,1.201,0.0017000000000000001
2020-08-25,1.198,-0.0025
2020-08-26,1.193,-0.0042
2020-08-27,1.195,0.0017000000000000001
2020-08-28,1.198,0.0025
2020-08-31,1.199,0.0008
2020-09-01,1.202,0.0025
2020-09-02,1.204,0.0017000000000000001
2020-09-03,1.201,-0.0025
2020-09-04,1.198,-0.0025
2020-09-07,1.188,-0.0083
2020-09-08,1.183,-0.0042
2020-09-09,1.174,-0.0076
2020-09-10,1.173,-0.0009
2020-09-11,1.177,0.0034000000000000002
2020-09-14,1.179,0.0017000000000000001
2020-09-15,1.18,0.0008
2020-09-16,1.177,-0.0025
2020-09-17,1.175,-0.0017000000000000001
2020-09-18,1.177,0.0017000000000000001
2020-09-21,1.177,0.0
2020-09-22,1.174,-0.0025
2020-09-23,1.175,0.0009
2020-09-24,1.17,-0.0043
2020-09-25,1.168,-0.0017000000000000001
2020-09-28,1.167,-0.0009
2020-09-29,1.172,0.0043
2020-09-30,1.174,0.0017000000000000001
2020-10-09,1.178,0.0034000000000000002
2020-10-12,1.184,0.0051
2020-10-13,1.188,0.0034000000000000002
2020-10-14,1.186,-0.0017000000000000001
2020-10-15,1.186,0.0
2020-10-16,1.184,-0.0017000000000000001
2020-10-19,1.181,-0.0025
2020-10-20,1.183,0.0017000000000000001
2020-10-21,1.182,-0.0008
2020-10-22,1.182,0.0
2020-10-23,1.177,-0.0042
2020-10-26,1.178,0.0008
2020-10-27,1.182,0.0034000000000000002
2020-10-28,1.184,0.0017000000000000001
2020-10-29,1.186,0.0017000000000000001
2020-10-30,1.181,-0.0042
2020-11-02,1.181,0.0
2020-11-03,1.183,0.0017000000000000001
2020-11-04,1.185,0.0017000000000000001
2020-11-05,1.189,0.0034000000000000002
2020-11-06,1.187,-0.0017000000000000001
2020-11-09,1.19,0.0025
2020-11-10,1.189,-0.0008
2020-11-11,1.188,-0.0008
2020-11-12,1.189,0.0008
2020-11-13,1.186,-0.0025
2020-11-16,1.189,0.0025
2020-11-17,1.186,-0.0025
2020-11-18,1.187,0.0008
2020-11-19,1.187,0.0
2020-11-20,1.188,0.0008
2020-11-23,1.192,0.0034000000000000002
2020-11-24,1.192,0.0
2020-11-25,1.191,-0.0008
2020-11-26,1.189,-0.0017000000000000001
2020-11-27,1.19,0.0008
2020-11-30,1.189,-0.0008
2020-12-01,1.192,0.0025
2020-12-02,1.192,0.0
2020-12-03,1.189,-0.0025
2020-12-04,1.189,0.0
2020-12-07,1.187,-0.0017000000000000001
2020-12-08,1.187,0.0
2020-12-09,1.185,-0.0017000000000000001
2020-12-10,1.186,0.0008
2020-12-11,1.183,-0.0025
2020-12-14,1.183,0.0
2020-12-15,1.179,-0.0034000000000000002
2020-12-16,1.179,0.0
2020-12-17,1.182,0.0025
2020-12-18,1.185,0.0025
2020-12-21,1.19,0.0042
2020-12-22,1.185,-0.0042
2020-12-23,1.183,-0.0017000000000000001
2020-12-24,1.181,-0.0017000000000000001
2020-12-25,1.185,0.0034000000000000002
2020-12-28,1.188,0.0025
2020-12-29,1.185,-0.0025
2020-12-30,1.189,0.0034000000000000002
2020-12-31,1.193,0.0034000000000000002
2021-01-04,1.198,0.0042
2021-01-05,1.2,0.0017000000000000001
2021-01-06,1.202,0.0017000000000000001
2021-01-07,1.206,0.0033
2021-01-08,1.205,-0.0008
2021-01-11,1.202,-0.0025
2021-01-12,1.204,0.0017000000000000001
2021-01-13,1.202,-0.0017000000000000001
2021-01-14,1.2,-0.0017000000000000001
2021-01-15,1.202,0.0017000000000000001
2021-01-18,1.204,0.0017000000000000001
2021-01-19,1.203,-0.0008
2021-01-20,1.205,0.0017000000000000001
2021-01-21,1.211,0.005
2021-01-22,1.213,0.0017000000000000001
2021-01-25,1.213,0.0
2021-01-26,1.21,-0.0025
2021-01-27,1.21,0.0
2021-01-28,1.202,-0.0066
2021-01-29,1.197,-0.0042
2021-02-01,1.198,0.0008
2021-02-02,1.198,0.0
2021-02-03,1.196,-0.0017000000000000001
2021-02-04,1.191,-0.0042
2021-02-05,1.189,-0.0017000000000000001
2021-02-08,1.192,0.0025
2021-02-09,1.195,0.0025
2021-02-10,1.197,0.0017000000000000001
2021-02-18,1.201,0.0033
2021-02-19,1.202,0.0008
2021-02-22,1.201,-0.0008
2021-02-23,1.198,-0.0025
2021-02-24,1.193,-0.0042
2021-02-25,1.192,-0.0008
2021-02-26,1.187,-0.0042
2021-03-01,1.189,0.0017000000000000001
2021-03-02,1.188,-0.0008
2021-03-03,1.191,0.0025
2021-03-04,1.187,-0.0034000000000000002
2021-03-05,1.184,-0.0025
2021-03-08,1.179,-0.0042
2021-03-09,1.178,-0.0008
2021-03-10,1.179,0.0008
2021-03-11,1.183,0.0034000000000000002
2021-03-12,1.183,0.0
2021-03-15,1.181,-0.0017000000000000001
2021-03-16,1.18,-0.0008
2021-03-17,1.182,0.0017000000000000001
2021-03-18,1.184,0.0017000000000000001
2021-03-19,1.183,-0.0008
2021-03-22,1.183,0.0
2021-03-23,1.18,-0.0025
2021-03-24,1.176,-0.0034000000000000002
2021-03-25,1.176,0.0
2021-03-26,1.178,0.0017000000000000001
2021-03-29,1.18,0.0017000000000000001
2021-03-30,1.181,0.0008
2021-03-31,1.18,-0.0008
2021-04-01,1.18,0.0
2021-04-02,1.181,0.0008
2021-04-06,1.181,0.0
2021-04-07,1.18,-0.0008
2021-04-08,1.181,0.0008
2021-04-09,1.18,-0.0008
2021-04-12,1.177,-0.0025
2021-04-13,1.176,-0.0008
2021-04-14,1.177,0.0009
2021-04-15,1.177,0.0
2021-04-16,1.178,0.0008
2021-04-19,1.181,0.0025
2021-04-20,1.181,0.0
2021-04-21,1.181,0.0
2021-04-22,1.181,0.0
2021-04-23,1.179,-0.0017000000000000001
2021-04-26,1.179,0.0
2021-04-27,1.178,-0.0008
2021-04-28,1.18,0.0017000000000000001
2021-04-29,1.18,0.0
2021-04-30,1.18,0.0
2021-05-06,1.18,0.0
2021-05-07,1.179,-0.0008
2021-05-10,1.179,0.0
2021-05-11,1.178,-0.0008
2021-05-12,1.18,0.0017000000000000001
2021-05-13,1.177,-0.0025
2021-05-14,1.179,0.0017000000000000001
2021-05-17,1.179,0.0
2021-05-18,1.181,0.0017000000000000001
2021-05-19,1.181,0.0
2021-05-20,1.18,-0.0008
2021-05-21,1.18,0.0
2021-05-24,1.18,0.0
2021-05-25,1.183,0.0025
2021-05-26,1.185,0.0017000000000000001
2021-05-27,1.186,0.0008
2021-05-28,1.186,0.0
2021-05-31,1.186,0.0
2021-06-01,1.188,0.0017000000000000001
2021-06-02,1.188,0.0
2021-06-03,1.188,0.0
2021-06-04,1.187,-0.0008
2021-06-07,1.187,0.0
2021-06-08,1.185,-0.0017000000000000001
2021-06-09,1.185,0.0
2021-06-10,1.186,0.0008
2021-06-11,1.184,-0.0017000000000000001
2021-06-15,1.18,-0.0034000000000000002
2021-06-16,1.176,-0.0034000000000000002
2021-06-17,1.175,-0.0009
2021-06-18,1.175,0.0
2021-06-21,1.18,0.0043
2021-06-22,1.183,0.0025
2021-06-23,1.185,0.0017000000000000001
2021-06-24,1.185,0.0
2021-06-25,1.187,0.0017000000000000001
2021-06-28,1.187,0.0
2021-06-29,1.186,-0.0008
2021-06-30,1.186,0.0
2021-07-01,1.1852,-0.0007000000000000001
2021-07-02,1.1822,-0.0025
2021-07-05,1.1834,0.001
2021-07-06,1.1837,0.0003
2021-07-07,1.1906,0.0058
2021-07-08,1.1924,0.0015
2021-07-09,1.1955,0.0026
2021-07-12,1.2023,0.005699999999999999
2021-07-13,1.2064,0.0034000000000000002
2021-07-14,1.2046,-0.0015
2021-07-15,1.207,0.002
2021-07-16,1.2079,0.0007000000000000001
2021-07-19,1.2033,-0.0038
2021-07-20,1.204,0.0006
2021-07-21,1.2119,0.0066
2021-07-22,1.2184,0.0054
2021-07-23,1.2202,0.0015
2021-07-26,1.2171,-0.0025
2021-07-27,1.2097,-0.0060999999999999995
2021-07-28,1.204,-0.004699999999999999
2021-07-29,1.2201,0.0134
2021-07-30,1.2223,0.0018
2021-08-02,1.2296,0.006
2021-08-03,1.2227,-0.005600000000000001
2021-08-04,1.2303,0.0062
2021-08-05,1.2299,-0.0003
2021-08-06,1.2306,0.0006
2021-08-09,1.2276,-0.0024
2021-08-10,1.2277,0.0001
2021-08-11,1.2304,0.0022
2021-08-12,1.2323,0.0015
2021-08-13,1.2325,0.0002
2021-08-16,1.23,-0.002
2021-08-17,1.2214,-0.006999999999999999
2021-08-18,1.2217,0.0002
2021-08-19,1.2242,0.002
2021-08-20,1.2235,-0.0006
2021-08-23,1.2314,0.006500000000000001
2021-08-24,1.2364,0.0040999999999999995
2021-08-25,1.2379,0.0012
2021-08-26,1.2383,0.0003
2021-08-27,1.2409,0.0021
2021-08-30,1.2435,0.0021
2021-08-31,1.241,-0.002
2021-09-01,1.239,-0.0016
2021-09-02,1.2446,0.0045000000000000005
2021-09-03,1.2406,-0.0032
2021-09-06,1.2459,0.0043
2021-09-07,1.2576,0.009399999999999999
2021-09-08,1.259,0.0011
2021-09-09,1.2555,-0.0028000000000000004
2021-09-10,1.2579,0.0019
2021-09-13,1.2588,0.0007000000000000001
2021-09-14,1.2556,-0.0025
2021-09-15,1.2571,0.0012
2021-09-16,1.2402,-0.0134
2021-09-17,1.2373,-0.0023
2021-09-22,1.2408,0.0028000000000000004
2021-09-23,1.2419,0.0009
2021-09-24,1.236,-0.0048
2021-09-27,1.2159,-0.0163
2021-09-28,1.219,0.0025
2021-09-29,1.2037,-0.0126
2021-09-30,1.2181,0.012
2021-10-08,1.2136,-0.0037
2021-10-11,1.2119,-0.0014000000000000002
2021-10-12,1.1969,-0.0124
2021-10-13,1.1998,0.0024
2021-10-14,1.2069,0.0059
2021-10-15,1.2131,0.0051
2021-10-18,1.219,0.0049
2021-10-19,1.2241,0.0042
2021-10-20,1.2282,0.0033
2021-10-21,1.2255,-0.0022
2021-10-22,1.2201,-0.0044
2021-10-25,1.2245,0.0036
2021-10-26,1.2276,0.0025
2021-10-27,1.2269,-0.0006
2021-10-28,1.2195,-0.006
2021-10-29,1.2267,0.0059
2021-11-01,1.2349,0.0067
2021-11-02,1.2332,-0.0014000000000000002
2021-11-03,1.2348,0.0013
2021-11-04,1.2442,0.0076
2021-11-05,1.2347,-0.0076
2021-11-08,1.2411,0.0052
2021-11-09,1.2491,0.0064
2021-11-10,1.2504,0.001
2021-11-11,1.2565,0.0049
2021-11-12,1.2643,0.0062
2021-11-15,1.2595,-0.0038
2021-11-16,1.2516,-0.0063
2021-11-17,1.2591,0.006
2021-11-18,1.2607,0.0013
2021-11-19,1.2717,0.0087
2021-11-22,1.289,0.013600000000000001
2021-11-23,1.2863,-0.0021
2021-11-24,1.2859,-0.0003
2021-11-25,1.2843,-0.0012
2021-11-26,1.2843,0.0
2021-11-29,1.2943,0.0078000000000000005
2021-11-30,1.294,-0.0002
2021-12-01,1.2967,0.0021
2021-12-02,1.2987,0.0015
2021-12-03,1.3039,0.004
2021-12-06,1.2933,-0.008100000000000001
2021-12-07,1.2835,-0.0076
2021-12-08,1.2876,0.0032
2021-12-09,1.2907,0.0024
2021-12-10,1.2974,0.0052
2021-12-13,1.2988,0.0011
2021-12-14,1.2954,-0.0026
2021-12-15,1.2937,-0.0013
2021-12-16,1.2949,0.0009
2021-12-17,1.2906,-0.0033
2021-12-20,1.2834,-0.005600000000000001
2021-12-21,1.2852,0.0014000000000000002
2021-12-22,1.2883,0.0024
2021-12-23,1.2916,0.0026
2021-12-24,1.2897,-0.0015
2021-12-27,1.289,-0.0005
2021-12-28,1.2911,0.0016
2021-12-29,1.2893,-0.0014000000000000002
2021-12-30,1.293,0.0029
2021-12-31,1.2979,0.0038
2022-01-04,1.2971,-0.0006
2022-01-05,1.2911,-0.0046
2022-01-06,1.2902,-0.0007000000000000001
2022-01-07,1.287,-0.0025
2022-01-10,1.2887,0.0013
2022-01-11,1.2826,-0.004699999999999999
2022-01-12,1.2901,0.0058
2022-01-13,1.2859,-0.0033
2022-01-14,1.2852,-0.0005
2022-01-17,1.2928,0.0059
2022-01-18,1.2928,0.0
2022-01-19,1.2882,-0.0036
2022-01-20,1.2849,-0.0026
2022-01-21,1.2835,-0.0011
2022-01-24,1.2891,0.0044
2022-01-25,1.2838,-0.0040999999999999995
2022-01-26,1.2848,0.0008
2022-01-27,1.2808,-0.0031
2022-01-28,1.2805,-0.0002
2022-02-07,1.2838,0.0026
2022-02-08,1.2826,-0.0009
2022-02-09,1.285,0.0019
2022-02-10,1.2851,0.0001
2022-02-11,1.2805,-0.0036
2022-02-14,1.271,-0.0074
2022-02-15,1.2664,-0.0036
2022-02-16,1.2674,0.0008
2022-02-17,1.2673,-0.0001
2022-02-18,1.2685,0.0009
2022-02-21,1.2689,0.0003
2022-02-22,1.2665,-0.0019
2022-02-23,1.2705,0.0032
2022-02-24,1.2692,-0.001
2022-02-25,1.2708,0.0013
2022-02-28,1.2715,0.0006
2022-03-01,1.2717,0.0002
2022-03-02,1.2702,-0.0012
2022-03-03,1.2679,-0.0018
2022-03-04,1.2659,-0.0016
2022-03-07,1.2608,-0.004
2022-03-08,1.2577,-0.0025
2022-03-09,1.2565,-0.001
2022-03-10,1.2599,0.0027
2022-03-11,1.2595,-0.0003
2022-03-14,1.2573,-0.0017000000000000001
2022-03-15,1.2524,-0.0039000000000000003
2022-03-16,1.259,0.0053
2022-03-17,1.2646,0.0044
2022-03-18,1.2647,0.0001
2022-03-21,1.2669,0.0017000000000000001
2022-03-22,1.2646,-0.0018
2022-03-23,1.2646,0.0
2022-03-24,1.2599,-0.0037
2022-03-25,1.2553,-0.0037
2022-03-28,1.2543,-0.0008
2022-03-29,1.2543,0.0
2022-03-30,1.2603,0.0048
2022-03-31,1.258,-0.0018
2022-04-01,1.2608,0.0022
2022-04-06,1.2594,-0.0011
2022-04-07,1.2559,-0.0028000000000000004
2022-04-08,1.2559,0.0
2022-04-11,1.2504,-0.0044
2022-04-12,1.2509,0.0004
2022-04-13,1.2494,-0.0012
2022-04-14,1.2513,0.0015
2022-04-15,1.2512,-0.0001
2022-04-18,1.2546,0.0027
2022-04-19,1.254,-0.0005
2022-04-20,1.2516,-0.0019
2022-04-21,1.2483,-0.0026
2022-04-22,1.2479,-0.0003
2022-04-25,1.2402,-0.0062
2022-04-26,1.2391,-0.0009
2022-04-27,1.2459,0.0055000000000000005
2022-04-28,1.2453,-0.0005
2022-04-29,1.2522,0.0055000000000000005
2022-05-05,1.2542,0.0016
2022-05-06,1.2515,-0.0022
2022-05-09,1.2514,-0.0001
2022-05-10,1.2546,0.0026
2022-05-11,1.259,0.0034999999999999996
2022-05-12,1.2586,-0.0003
2022-05-13,1.26,0.0011
2022-05-16,1.2593,-0.0006
2022-05-17,1.2616,0.0018
2022-05-18,1.2618,0.0002
2022-05-19,1.2618,0.0
2022-05-20,1.2643,0.002
2022-05-23,1.2653,0.0008
2022-05-24,1.2602,-0.004
2022-05-25,1.2613,0.0009
2022-05-26,1.2629,0.0013
2022-05-27,1.2628,-0.0001
2022-05-30,1.2641,0.001
2022-05-31,1.2651,0.0008
2022-06-01,1.2644,-0.0006
2022-06-02,1.2664,0.0016
2022-06-06,1.2705,0.0032
2022-06-07,1.269,-0.0012
2022-06-08,1.2691,0.0001
2022-06-09,1.2673,-0.0014000000000000002
2022-06-10,1.271,0.0029
2022-06-13,1.2709,-0.0001
2022-06-14,1.2699,-0.0008
2022-06-15,1.2713,0.0011
2022-06-16,1.2721,0.0006
2022-06-17,1.2745,0.0019
2022-06-20,1.2744,-0.0001
2022-06-21,1.2724,-0.0016
2022-06-22,1.271,-0.0011
2022-06-23,1.2753,0.0034000000000000002
2022-06-24,1.278,0.0021
2022-06-27,1.2802,0.0017000000000000001
2022-06-28,1.2825,0.0018
2022-06-29,1.2779,-0.0036
2022-06-30,1.2799,0.0016
2022-07-01,1.2797,-0.0002
2022-07-04,1.2815,0.0014000000000000002
2022-07-05,1.2799,-0.0012
2022-07-06,1.2779,-0.0016
2022-07-07,1.2822,0.0034000000000000002
2022-07-08,1.2801,-0.0016
2022-07-11,1.2767,-0.0027
2022-07-12,1.2753,-0.0011
2022-07-13,1.2773,0.0016
2022-07-14,1.2807,0.0027
2022-07-15,1.2816,0.0007000000000000001
2022-07-18,1.2842,0.002
2022-07-19,1.2842,0.0
2022-07-20,1.2865,0.0018
2022-07-21,1.2861,-0.0003
2022-07-22,1.286,-0.0001
2022-07-25,1.2832,-0.0022
2022-07-26,1.2862,0.0023
2022-07-27,1.2892,0.0023
2022-07-28,1.2913,0.0016
2022-07-29,1.2918,0.0004
2022-08-01,1.2956,0.0029
2022-08-02,1.2939,-0.0013
2022-08-03,1.291,-0.0022
2022-08-04,1.29,-0.0008
2022-08-05,1.2907,0.0005
2022-08-08,1.2938,0.0024
2022-08-09,1.2925,-0.001
2022-08-10,1.2915,-0.0008
2022-08-11,1.291,-0.0004
2022-08-12,1.2893,-0.0013
2022-08-15,1.289,-0.0002
2022-08-16,1.2891,0.0001
2022-08-17,1.289,-0.0001
2022-08-18,1.2856,-0.0026
2022-08-19,1.2805,-0.004
2022-08-22,1.2827,0.0017000000000000001
2022-08-23,1.2834,0.0005
2022-08-24,1.2752,-0.0064
2022-08-25,1.2724,-0.0022
2022-08-26,1.2717,-0.0006
2022-08-29,1.271,-0.0006
2022-08-30,1.2705,-0.0004
2022-08-31,1.2691,-0.0011
2022-09-01,1.2693,0.0002
2022-09-02,1.2698,0.0004
2022-09-05,1.2704,0.0005
2022-09-06,1.2718,0.0011
2022-09-07,1.2718,0.0
2022-09-08,1.2714,-0.0003
2022-09-09,1.2715,0.0001
2022-09-13,1.2717,0.0002
2022-09-14,1.2712,-0.0004
2022-09-15,1.2707,-0.0004
2022-09-16,1.2696,-0.0009
2022-09-19,1.2694,-0.0002
2022-09-20,1.2697,0.0002
2022-09-21,1.2702,0.0004
2022-09-22,1.2698,-0.0003
2022-09-23,1.2688,-0.0008
2022-09-26,1.2676,-0.0009
2022-09-27,1.2689,0.001
2022-09-28,1.2667,-0.0017000000000000001
2022-09-29,1.2658,-0.0007000000000000001
2022-09-30,1.2648,-0.0008
2022-10-10,1.2645,-0.0002
2022-10-11,1.2656,0.0009
2022-10-12,1.2681,0.002
2022-10-13,1.2684,0.0002
2022-10-14,1.2702,0.0014000000000000002
2022-10-17,1.2701,-0.0001
2022-10-18,1.2704,0.0002
2022-10-19,1.2697,-0.0006
2022-10-20,1.2685,-0.0009
2022-10-21,1.2682,-0.0002
2022-10-24,1.2669,-0.001
2022-10-25,1.2661,-0.0006
2022-10-26,1.2675,0.0011
2022-10-27,1.2677,0.0002
2022-10-28,1.2663,-0.0011
2022-10-31,1.259,-0.0058
2022-11-01,1.2603,0.001
2022-11-02,1.2618,0.0012
2022-11-03,1.2621,0.0002
2022-11-04,1.2649,0.0022
2022-11-07,1.2641,-0.0006
2022-11-08,1.2629,-0.0009
2022-11-09,1.2628,-0.0001
2022-11-10,1.2612,-0.0013
2022-11-11,1.2624,0.001
2022-11-14,1.259,-0.0027
2022-11-15,1.2587,-0.0002
2022-11-16,1.2557,-0.0024
2022-11-17,1.2544,-0.001
2022-11-18,1.2538,-0.0005
2022-11-21,1.2548,0.0008
2022-11-22,1.2548,0.0
2022-11-23,1.2555,0.0006
2022-11-24,1.2571,0.0013
2022-11-25,1.2571,0.0
2022-11-28,1.256,-0.0009
2022-11-29,1.2568,0.0006
2022-11-30,1.2566,-0.0002
2022-12-01,1.2579,0.001
2022-12-02,1.2581,0.0002
2022-12-05,1.2592,0.0009
2022-12-06,1.2584,-0.0006
2022-12-07,1.2565,-0.0015
2022-12-08,1.2556,-0.0007000000000000001
2022-12-09,1.2558,0.0002
2022-12-12,1.2547,-0.0009
2022-12-13,1.2517,-0.0024
2022-12-14,1.2511,-0.0005
2022-12-15,1.2517,0.0005
2022-12-16,1.2503,-0.0011
2022-12-19,1.2491,-0.001
2022-12-20,1.2485,-0.0005
2022-12-21,1.2487,0.0002
2022-12-22,1.2479,-0.0006
2022-12-23,1.2486,0.0006
2022-12-26,1.2508,0.0018
2022-12-27,1.2532,0.0019
2022-12-28,1.252,-0.001
2022-12-29,1.2514,-0.0005
2022-12-30,1.2521,0.0006
2022-12-31,1.2521,0.0
2023-01-03,1.2546,0.002
2023-01-04,1.2563,0.0014000000000000002
2023-01-05,1.2585,0.0018
2023-01-06,1.2588,0.0002
2023-01-09,1.2593,0.0004
2023-01-10,1.2578,-0.0012
2023-01-11,1.2571,-0.0006
2023-01-12,1.2577,0.0005
2023-01-13,1.2579,0.0002
2023-01-16,1.2597,0.0014000000000000002
2023-01-17,1.2608,0.0009
2023-01-18,1.2616,0.0006
2023-01-19,1.2625,0.0007000000000000001
2023-01-20,1.2639,0.0011
2023-01-30,1.2653,0.0011
2023-01-31,1.2642,-0.0009
2023-02-01,1.2659,0.0013
2023-02-02,1.2673,0.0011
2023-02-03,1.267,-0.0002
2023-02-06,1.265,-0.0016
2023-02-07,1.2651,0.0001
2023-02-08,1.2644,-0.0006
2023-02-09,1.2665,0.0017000000000000001
2023-02-10,1.2663,-0.0002
2023-02-13,1.2669,0.0005
2023-02-14,1.2667,-0.0002
2023-02-15,1.2662,-0.0004
2023-02-16,1.265,-0.0009
2023-02-17,1.2631,-0.0015
2023-02-20,1.2647,0.0013
2023-02-21,1.2652,0.0004
2023-02-22,1.2651,-0.0001
2023-02-23,1.265,-0.0001
2023-02-24,1.2645,-0.0004
2023-02-27,1.2637,-0.0006
2023-02-28,1.264,0.0002
2023-03-01,1.2657,0.0013
2023-03-02,1.2659,0.0002
2023-03-03,1.2665,0.0005
2023-03-06,1.2667,0.0002
2023-03-07,1.2659,-0.0006
2023-03-08,1.2658,-0.0001
2023-03-09,1.2659,0.0001
2023-03-10,1.2655,-0.0003
2023-03-13,1.2659,0.0003
2023-03-14,1.2653,-0.0005
2023-03-15,1.2659,0.0005
2023-03-16,1.2651,-0.0006
2023-03-17,1.2656,0.0004
2023-03-20,1.2657,0.0001
2023-03-21,1.2661,0.0003
2023-03-22,1.2668,0.0006
2023-03-23,1.2674,0.0005
2023-03-24,1.2668,-0.0005
2023-03-27,1.2674,0.0005
2023-03-28,1.2672,-0.0002
2023-03-29,1.2665,-0.0006
2023-03-30,1.2673,0.0006
2023-03-31,1.2691,0.0014000000000000002
2023-04-03,1.2711,0.0016
2023-04-04,1.2718,0.0006
2023-04-06,1.2722,0.0003
2023-04-07,1.2728,0.0005
2023-04-10,1.2722,-0.0005
2023-04-11,1.2723,0.0001
2023-04-12,1.2726,0.0002
2023-04-13,1.2724,-0.0002
2023-04-14,1.273,0.0005
2023-04-17,1.274,0.0008
2023-04-18,1.2744,0.0003
2023-04-19,1.2738,-0.0005
2023-04-20,1.2729,-0.0007000000000000001
2023-04-21,1.2713,-0.0013
2023-04-24,1.2701,-0.0009
2023-04-25,1.2701,0.0
2023-04-26,1.2716,0.0012
2023-04-27,1.273,0.0011
2023-04-28,1.2738,0.0006
2023-05-04,1.2743,0.0004
2023-05-05,1.273,-0.001
2023-05-08,1.2735,0.0004
2023-05-09,1.2723,-0.0009
2023-05-10,1.2712,-0.0009
2023-05-11,1.2727,0.0012
2023-05-12,1.2702,-0.002
2023-05-15,1.2717,0.0012
2023-05-16,1.2721,0.0003
2023-05-17,1.2732,0.0009
2023-05-18,1.2734,0.0002
2023-05-19,1.2738,0.0003
2023-05-22,1.2743,0.0004
2023-05-23,1.2734,-0.0007000000000000001
2023-05-24,1.2722,-0.0009
2023-05-25,1.2713,-0.0007000000000000001
2023-05-26,1.2728,0.0012
2023-05-29,1.2724,-0.0003
2023-05-30,1.273,0.0005
2023-05-31,1.2725,-0.0004
2023-06-01,1.2733,0.0006
2023-06-02,1.2759,0.002
2023-06-05,1.2766,0.0005
2023-06-06,1.2749,-0.0013
2023-06-07,1.2749,0.0
2023-06-08,1.2754,0.0004
2023-06-09,1.2762,0.0006
2023-06-12,1.2773,0.0009
2023-06-13,1.2776,0.0002
2023-06-14,1.2791,0.0012
2023-06-15,1.2792,0.0001
2023-06-16,1.2805,0.001
2023-06-19,1.2795,-0.0008
2023-06-20,1.2796,0.0001
2023-06-21,1.277,-0.002
2023-06-26,1.2747,-0.0018
2023-06-27,1.2769,0.0017000000000000001
2023-06-28,1.2762,-0.0005
2023-06-29,1.277,0.0006
2023-06-30,1.278,0.0008
2023-07-03,1.2784,0.0003
2023-07-04,1.2787,0.0002
2023-07-05,1.278,-0.0005
2023-07-06,1.2785,0.0004
2023-07-07,1.2786,0.0001
2023-07-10,1.2782,-0.0003
2023-07-11,1.2784,0.0002
2023-07-12,1.2777,-0.0005
2023-07-13,1.2794,0.0013
2023-07-14,1.279,-0.0003
2023-07-17,1.2782,-0.0006
2023-07-18,1.2785,0.0002
2023-07-19,1.2793,0.0006
2023-07-20,1.2789,-0.0003
2023-07-21,1.279,0.0001
2023-07-24,1.2777,-0.001
2023-07-25,1.2799,0.0017000000000000001
2023-07-26,1.2796,-0.0002
2023-07-27,1.2798,0.0002
2023-07-28,1.2824,0.002
2023-07-31,1.2822,-0.0002
2023-08-01,1.2809,-0.001
2023-08-02,1.2804,-0.0004
2023-08-03,1.2824,0.0016
2023-08-04,1.2833,0.0007000000000000001
2023-08-07,1.2816,-0.0013
2023-08-08,1.2812,-0.0003
2023-08-09,1.2807,-0.0004
2023-08-10,1.2809,0.0002
2023-08-11,1.2796,-0.001
2023-08-14,1.2793,-0.0002
2023-08-15,1.2794,0.0001
2023-08-16,1.2792,-0.0002
2023-08-17,1.2808,0.0013
2023-08-18,1.2804,-0.0003
2023-08-21,1.2794,-0.0008
2023-08-22,1.279,-0.0003
2023-08-23,1.278,-0.0008
2023-08-24,1.2787,0.0005
2023-08-25,1.2768,-0.0015
2023-08-28,1.2769,0.0001
2023-08-29,1.279,0.0016
2023-08-30,1.2793,0.0002
2023-08-31,1.2794,0.0001
2023-09-01,1.2803,0.0007000000000000001
2023-09-04,1.281,0.0005
2023-09-05,1.2803,-0.0005
2023-09-06,1.2796,-0.0005
2023-09-07,1.2755,-0.0032
2023-09-08,1.2741,-0.0011
2023-09-11,1.2744,0.0002
2023-09-12,1.2749,0.0004
2023-09-13,1.2741,-0.0006
2023-09-14,1.2738,-0.0002
2023-09-15,1.274,0.0002
2023-09-18,1.2741,0.0001
2023-09-19,1.2729,-0.0009
2023-09-20,1.2725,-0.0003
2023-09-21,1.2723,-0.0002
2023-09-22,1.2749,0.002
2023-09-25,1.2741,-0.0006
2023-09-26,1.2742,0.0001
2023-09-27,1.2757,0.0012
2023-09-28,1.2775,0.0014000000000000002
2023-10-09,1.2778,0.0002
2023-10-10,1.2766,-0.0009
2023-10-11,1.2748,-0.0014000000000000002
2023-10-12,1.2752,0.0003
2023-10-13,1.2742,-0.0008
2023-10-16,1.2725,-0.0013
2023-10-17,1.2717,-0.0006
2023-10-18,1.269,-0.0021
2023-10-19,1.2659,-0.0024
2023-10-20,1.2651,-0.0006
2023-10-23,1.2629,-0.0017000000000000001
2023-10-24,1.2667,0.003
2023-10-25,1.2686,0.0015
2023-10-26,1.269,0.0003
2023-10-27,1.2713,0.0018
2023-10-30,1.2723,0.0008
2023-10-31,1.271,-0.001
2023-11-01,1.2701,-0.0007000000000000001
2023-11-02,1.2698,-0.0002
2023-11-03,1.2718,0.0016
2023-11-06,1.2748,0.0024
2023-11-07,1.2753,0.0004
2023-11-08,1.2753,0.0
2023-11-09,1.2749,-0.0003
2023-11-10,1.2748,-0.0001
2023-11-13,1.2753,0.0004
2023-11-14,1.2761,0.0006
2023-11-15,1.277,0.0007000000000000001
2023-11-16,1.2749,-0.0016
2023-11-17,1.275,0.0001
2023-11-20,1.2764,0.0011
2023-11-21,1.2757,-0.0005
2023-11-22,1.2732,-0.002
2023-11-23,1.2719,-0.001
2023-11-24,1.2708,-0.0009
2023-11-27,1.2704,-0.0003
2023-11-28,1.2712,0.0006
2023-11-29,1.2705,-0.0006
2023-11-30,1.2702,-0.0002
2023-12-01,1.2713,0.0009
2023-12-04,1.2712,-0.0001
2023-12-05,1.2692,-0.0016
2023-12-06,1.2694,0.0002
2023-12-07,1.2695,0.0001
2023-12-08,1.27,0.0004
2023-12-11,1.2713,0.001
2023-12-12,1.271,-0.0002
2023-12-13,1.2705,-0.0004
2023-12-14,1.2704,-0.0001
2023-12-15,1.2703,-0.0001
2023-12-18,1.2693,-0.0008
2023-12-19,1.2692,-0.0001
2023-12-20,1.2694,0.0002
2023-12-21,1.2693,-0.0001
2023-12-22,1.2699,0.0005
2023-12-25,1.27,0.0001
2023-12-26,1.2699,-0.0001
2023-12-27,1.2715,0.0013
2023-12-28,1.2749,0.0027
2023-12-29,1.2773,0.0019
2023-12-31,1.2774,0.0001
2024-01-02,1.2766,-0.0006
2024-01-03,1.2744,-0.0017000000000000001
2024-01-04,1.2739,-0.0004
2024-01-05,1.274,0.0001
2024-01-08,1.2722,-0.0014000000000000002
2024-01-09,1.2735,0.001
2024-01-10,1.2735,0.0
2024-01-11,1.2736,0.0001
2024-01-12,1.274,0.0003
2024-01-15,1.2744,0.0003
2024-01-16,1.2741,-0.0002
2024-01-17,1.2727,-0.0011
2024-01-18,1.2729,0.0002
2024-01-19,1.2733,0.0003
2024-01-22,1.2718,-0.0012
2024-01-23,1.272,0.0002
2024-01-24,1.272,0.0
2024-01-25,1.2751,0.0024
2024-01-26,1.2754,0.0002
2024-01-29,1.2743,-0.0009
2024-01-30,1.2743,0.0
2024-01-31,1.2742,-0.0001
2024-02-01,1.2746,0.0003
2024-02-02,1.2742,-0.0003
2024-02-05,1.2742,0.0
2024-02-06,1.2761,0.0015
2024-02-07,1.2766,0.0004
2024-02-08,1.2778,0.0009
2024-02-19,1.2785,0.0005
2024-02-20,1.2802,0.0013
2024-02-21,1.2816,0.0011
2024-02-22,1.2826,0.0008
2024-02-23,1.2842,0.0012
2024-02-26,1.2845,0.0002
2024-02-27,1.2855,0.0008
2024-02-28,1.2826,-0.0023
2024-02-29,1.2849,0.0018
2024-03-01,1.2846,-0.0002
2024-03-04,1.2845,-0.0001
2024-03-05,1.2832,-0.001
2024-03-06,1.2836,0.0003
2024-03-07,1.2835,-0.0001
2024-03-08,1.2841,0.0005
2024-03-11,1.285,0.0007000000000000001
2024-03-12,1.2846,-0.0003
2024-03-13,1.2841,-0.0004
2024-03-14,1.2826,-0.0012
2024-03-15,1.2837,0.0009
2024-03-18,1.2853,0.0012
2024-03-19,1.286,0.0005
2024-03-20,1.2868,0.0006
2024-03-21,1.2875,0.0005
2024-03-22,1.2862,-0.001
2024-03-25,1.285,-0.0009
2024-03-26,1.2844,-0.0005
2024-03-27,1.283,-0.0011
2024-03-28,1.2839,0.0007000000000000001
2024-03-29,1.2862,0.0018
2024-04-01,1.2884,0.0017000000000000001
2024-04-02,1.2885,0.0001
2024-04-03,1.289,0.0004
2024-04-08,1.2886,-0.0003
2024-04-09,1.2904,0.0014000000000000002
2024-04-10,1.2897,-0.0005
2024-04-11,1.2911,0.0011
2024-04-12,1.2922,0.0009
2024-04-15,1.2908,-0.0011
2024-04-16,1.2891,-0.0013
2024-04-17,1.2915,0.0019
2024-04-18,1.2927,0.0009
2024-04-19,1.2928,0.0001
2024-04-22,1.2924,-0.0003
2024-04-23,1.293,0.0005
2024-04-24,1.2925,-0.0004
2024-04-25,1.2928,0.0002
2024-04-26,1.2935,0.0005
2024-04-29,1.2928,-0.0005
2024-04-30,1.2956,0.0022
2024-05-06,1.298,0.0019
2024-05-07,1.299,0.0008
2024-05-08,1.2996,0.0005
2024-05-09,1.3003,0.0005
2024-05-10,1.301,0.0005
2024-05-13,1.3013,0.0002
2024-05-14,1.303,0.0013
2024-05-15,1.3017,-0.001
2024-05-16,1.3017,0.0
2024-05-17,1.3019,0.0002
2024-05-20,1.3029,0.0008
2024-05-21,1.3023,-0.0005
2024-05-22,1.3026,0.0002
2024-05-23,1.3028,0.0002
2024-05-24,1.3026,-0.0002
2024-05-27,1.3027,0.0001
2024-05-28,1.3029,0.0002
2024-05-29,1.303,0.0001
2024-05-30,1.3032,0.0002
2024-05-31,1.3034,0.0002
2024-06-03,1.304,0.0005
2024-06-04,1.3042,0.0002
2024-06-05,1.3046,0.0003
2024-06-06,1.3046,0.0
2024-06-07,1.3046,0.0
2024-06-11,1.3049,0.0002
2024-06-12,1.3048,-0.0001
2024-06-13,1.3048,0.0
2024-06-14,1.3051,0.0002
2024-06-17,1.3051,0.0
2024-06-18,1.3056,0.0004
2024-06-19,1.3065,0.0007000000000000001
2024-06-20,1.3066,0.0001
2024-06-21,1.3062,-0.0003
2024-06-24,1.3071,0.0007000000000000001
2024-06-25,1.2489,0.0004
2024-06-26,1.2495,0.0005
2024-06-27,1.2504,0.0007000000000000001
2024-06-28,1.2504,0.0
2024-06-30,1.2505,0.0001
2024-07-01,1.2492,-0.001
2024-07-02,1.2502,0.0008
2024-07-03,1.2506,0.0003
2024-07-04,1.2504,-0.0002
2024-07-05,1.2494,-0.0008
2024-07-08,1.2484,-0.0008
2024-07-09,1.2494,0.0008
2024-07-10,1.2494,0.0
2024-07-11,1.2498,0.0003
2024-07-12,1.2501,0.0002
2024-07-15,1.2506,0.0004
2024-07-16,1.2507,0.0001
2024-07-17,1.2508,0.0001
2024-07-18,1.2506,-0.0002
2024-07-19,1.251,0.0003
2024-07-22,1.2527,0.0014000000000000002
2024-07-23,1.2536,0.0007000000000000001
2024-07-24,1.2535,-0.0001
2024-07-25,1.2539,0.0003
2024-07-26,1.254,0.0001
2024-07-29,1.2546,0.0005
2024-07-30,1.255,0.0003
2024-07-31,1.2558,0.0006
2024-08-01,1.2567,0.0007000000000000001
2024-08-02,1.257,0.0002
2024-08-05,1.2571,0.0001
2024-08-06,1.257,-0.0001
2024-08-07,1.2573,0.0002
2024-08-08,1.2557,-0.0013
2024-08-09,1.2544,-0.001
2024-08-12,1.2518,-0.0021
2024-08-13,1.2537,0.0015
2024-08-14,1.2548,0.0009
2024-08-15,1.2537,-0.0009
2024-08-16,1.2537,0.0
2024-08-19,1.2543,0.0005
2024-08-20,1.2544,0.0001
2024-08-21,1.2546,0.0002
2024-08-22,1.255,0.0003
2024-08-23,1.2556,0.0005
2024-08-26,1.2552,-0.0003
2024-08-27,1.2541,-0.0009
2024-08-28,1.2553,0.001
2024-08-29,1.255,-0.0002
2024-08-30,1.2553,0.0002
2024-09-02,1.2568,0.0012
2024-09-03,1.2574,0.0005
2024-09-04,1.2579,0.0004
2024-09-05,1.2579,0.0
2024-09-06,1.258,0.0001
2024-09-09,1.2587,0.0006
2024-09-10,1.2592,0.0004
2024-09-11,1.26,0.0006
2024-09-12,1.2601,0.0001
2024-09-13,1.2608,0.0006
2024-09-18,1.2617,0.0007000000000000001
2024-09-19,1.2616,-0.0001
2024-09-20,1.262,0.0003
2024-09-23,1.2623,0.0002
2024-09-24,1.2125,-0.0006
2024-09-25,1.2145,0.0016
2024-09-26,1.2134,-0.0009
2024-09-27,1.21,-0.0028000000000000004
2024-09-30,1.2095,-0.0004
2024-10-08,1.208,-0.0012
2024-10-09,1.2087,0.0006
2024-10-10,1.2107,0.0017000000000000001
2024-10-11,1.2112,0.0004
2024-10-14,1.2117,0.0004
2024-10-15,1.2121,0.0003
2024-10-16,1.2117,-0.0003
2024-10-17,1.2126,0.0007000000000000001
2024-10-18,1.212,-0.0005
2024-10-21,1.2119,-0.0001
2024-10-22,1.2108,-0.0009
2024-10-23,1.2105,-0.0002
2024-10-24,1.2106,0.0001
2024-10-25,1.2112,0.0005
2024-10-28,1.2113,0.0001
2024-10-29,1.2116,0.0002
2024-10-30,1.2115,-0.0001
2024-10-31,1.2123,0.0007000000000000001
2024-11-01,1.2129,0.0005
2024-11-04,1.213,0.0001
2024-11-05,1.2133,0.0002
2024-11-06,1.2129,-0.0003
2024-11-07,1.2136,0.0006
2024-11-08,1.2137,0.0001
2024-11-11,1.2141,0.0003
2024-11-12,1.2149,0.0007000000000000001
2024-11-13,1.2145,-0.0003
2024-11-14,1.2147,0.0002
2024-11-15,1.2146,-0.0001
2024-11-18,1.2142,-0.0003
2024-11-19,1.2146,0.0003
2024-11-20,1.2145,-0.0001
2024-11-21,1.2151,0.0005
2024-11-22,1.2152,0.0001
2024-11-25,1.2156,0.0003
2024-11-26,1.2156,0.0
2024-11-27,1.2156,0.0
2024-11-28,1.2165,0.0007000000000000001
2024-11-29,1.2175,0.0008
2024-12-02,1.2194,0.0016
2024-12-03,1.2192,-0.0002
2024-12-04,1.2201,0.0007000000000000001
2024-12-05,1.2201,0.0
2024-12-06,1.2199,-0.0002
2024-12-09,1.2214,0.0012
2024-12-10,1.224,0.0021
2024-12-11,1.2248,0.0007000000000000001
2024-12-12,1.2258,0.0008
2024-12-13,1.2277,0.0016
2024-12-16,1.2296,0.0015
2024-12-17,1.2293,-0.0002
2024-12-18,1.2283,-0.0008
2024-12-19,1.2292,0.0007000000000000001
2024-12-20,1.2316,0.002
2024-12-23,1.232,0.0003
2024-12-24,1.2309,-0.0009
2024-12-25,1.2297,-0.001
2024-12-26,1.2308,0.0009
2024-12-27,1.2319,0.0009
2024-12-30,1.2317,-0.0002
2024-12-31,1.2323,0.0005
2025-01-02,1.2337,0.0011
2025-01-03,1.234,0.0002
2025-01-06,1.2341,0.0001
2025-01-07,1.2329,-0.001
2025-01-08,1.2325,-0.0003
2025-01-09,1.2315,-0.0008
2025-01-10,1.2317,0.0002
2025-01-13,1.2306,-0.0009
2025-01-14,1.2319,0.0011
2025-01-15,1.2318,-0.0001
2025-01-16,1.2313,-0.0004
2025-01-17,1.2311,-0.0002
2025-01-20,1.1829,-0.0001
2025-01-21,1.1838,0.0008
2025-01-22,1.1835,-0.0003
2025-01-23,1.1827,-0.0007000000000000001
2025-01-24,1.1829,0.0002
2025-01-27,1.1844,0.0013
2025-02-05,1.1849,0.0004
2025-02-06,1.1855,0.0005
2025-02-07,1.1852,-0.0003
2025-02-10,1.1841,-0.0009
2025-02-11,1.1843,0.0002
2025-02-12,1.1841,-0.0002
2025-02-13,1.1838,-0.0003
2025-02-14,1.1829,-0.0008
2025-02-17,1.1818,-0.0009
2025-02-18,1.1815,-0.0003
2025-02-19,1.1823,0.0007000000000000001
2025-02-20,1.181,-0.0011
2025-02-21,1.1798,-0.001
2025-02-24,1.1781,-0.0014000000000000002
2025-02-25,1.1791,0.0008
2025-02-26,1.1796,0.0004
2025-02-27,1.1785,-0.0009
2025-02-28,1.1795,0.0008
2025-03-03,1.1808,0.0011
2025-03-04,1.1806,-0.0002
2025-03-05,1.1808,0.0002
2025-03-06,1.1796,-0.001
2025-03-07,1.1777,-0.0016
2025-03-10,1.1775,-0.0002
2025-03-11,1.1755,-0.0017000000000000001
2025-03-12,1.1773,0.0015
2025-03-13,1.1769,-0.0003
2025-03-14,1.1776,0.0006
2025-03-17,1.1754,-0.0019
2025-03-18,1.1758,0.0003
2025-03-19,1.1763,0.0004
2025-03-20,1.1779,0.0014000000000000002
2025-03-21,1.1774,-0.0004
2025-03-24,1.1318,0.0003
2025-03-25,1.1322,0.0004
2025-03-26,1.1329,0.0006
2025-03-27,1.1328,-0.0001
2025-03-28,1.1327,-0.0001
2025-03-31,1.1328,0.0001
2025-04-01,1.1325,-0.0003
2025-04-02,1.1332,0.0006
2025-04-03,1.1357,0.0022
2025-04-07,1.1379,0.0019
2025-04-08,1.1363,-0.0014000000000000002
2025-04-09,1.1367,0.0004
2025-04-10,1.1372,0.0004
2025-04-11,1.1374,0.0002
2025-04-14,1.1373,-0.0001
2025-04-15,1.1373,0.0
2025-04-16,1.1375,0.0002
2025-04-17,1.1372,-0.0003
2025-04-18,1.1372,0.0
2025-04-21,1.1368,-0.0004
2025-04-22,1.1372,0.0004
2025-04-23,1.1368,-0.0004
2025-04-24,1.1367,-0.0001
2025-04-25,1.1368,0.0001
2025-04-28,1.1373,0.0004
2025-04-29,1.1386,0.0011
2025-04-30,1.139,0.0004
2025-05-06,1.139,0.0
2025-05-07,1.1389,-0.0001
2025-05-08,1.1399,0.0009
2025-05-09,1.14,0.0001
2025-05-12,1.1386,-0.0012
2025-05-13,1.1394,0.0007000000000000001
2025-05-14,1.1391,-0.0003
2025-05-15,1.1385,-0.0005
2025-05-16,1.1384,-0.0001
2025-05-19,1.139,0.0005
2025-05-20,1.1389,-0.0001
2025-05-21,1.1388,-0.0001
2025-05-22,1.1389,0.0001
2025-05-23,1.1391,0.0002
2025-05-26,1.1393,0.0002
2025-05-27,1.1388,-0.0004
2025-05-28,1.1385,-0.0003
2025-05-29,1.138,-0.0004
2025-05-30,1.1389,0.0008
2025-06-03,1.1387,-0.0002
2025-06-04,1.139,0.0003
2025-06-05,1.1392,0.0002
2025-06-06,1.14,0.0007000000000000001
2025-06-09,1.1403,0.0003
2025-06-10,1.1401,-0.0002
2025-06-11,1.1406,0.0004
2025-06-12,1.1404,-0.0002
2025-06-13,1.1405,0.0001
2025-06-16,1.1407,0.0002
2025-06-17,1.1415,0.0007000000000000001
2025-06-18,1.1417,0.0002
2025-06-19,1.1419,0.0002
2025-06-20,1.142,0.0001
2025-06-23,1.1421,0.0001
2025-06-24,1.0966,-0.0004
2025-06-25,1.0962,-0.0004
2025-06-26,1.0967,0.0005
2025-06-27,1.0969,0.0002
2025-06-30,1.0967,-0.0002
2025-07-01,1.0969,0.0002
2025-07-02,1.0973,0.0004
2025-07-03,1.0975,0.0002
2025-07-04,1.0975,0.0
2025-07-07,1.0975,0.0
2025-07-08,1.0971,-0.0004
2025-07-09,1.0971,0.0
2025-07-10,1.0962,-0.0008
2025-07-11,1.0962,0.0
2025-07-14,1.0958,-0.0004
2025-07-15,1.0969,0.001
2025-07-16,1.0968,-0.0001
2025-07-17,1.0968,0.0
2025-07-18,1.0969,0.0001
2025-07-21,1.0963,-0.0005
2025-07-22,1.0956,-0.0006
2025-07-23,1.095,-0.0005
2025-07-24,1.0932,-0.0016
2025-07-25,1.0935,0.0003
2025-07-28,1.0945,0.0009
2025-07-29,1.0932,-0.0012
2025-07-30,1.0944,0.0011
2025-07-31,1.0952,0.0007000000000000001
2025-08-01,1.0952,0.0
2025-08-04,1.0951,-0.0001
2025-08-05,1.095,-0.0001
2025-08-06,1.0952,0.0002
2025-08-07,1.0956,0.0004
2025-08-08,1.0959,0.0003
2025-08-11,1.095,-0.0008
2025-08-12,1.0943,-0.0006
2025-08-13,1.0945,0.0002
2025-08-14,1.0942,-0.0003
2025-08-15,1.0937,-0.0005
2025-08-18,1.0915,-0.002
2025-08-19,1.0922,0.0006
2025-08-20,1.0919,-0.0003
2025-08-21,1.0925,0.0005
2025-08-22,1.0925,0.0
2025-08-25,1.0932,0.0006
2025-08-26,1.0935,0.0003
2025-08-27,1.0934,-0.0001
2025-08-28,1.0926,-0.0007000000000000001
2025-08-29,1.0929,0.0003
2025-09-01,1.0933,0.0004
2025-09-02,1.0936,0.0003
2025-09-03,1.0943,0.0006
2025-09-04,1.0942,-0.0001
2025-09-05,1.0936,-0.0005
2025-09-08,1.0929,-0.0006
2025-09-09,1.0924,-0.0005
2025-09-10,1.0914,-0.0009
2025-09-11,1.0915,0.0001
2025-09-12,1.092,0.0005
2025-09-15,1.0922,0.0002
2025-09-16,1.0929,0.0006
2025-09-17,1.0935,0.0005
2025-09-18,1.0933,-0.0002
2025-09-19,1.0928,-0.0005
2025-09-22,1.0932,0.0004
2025-09-23,1.0636,-0.0005
2025-09-24,1.0625,-0.001
2025-09-25,1.0626,0.0001
2025-09-26,1.063,0.0004
2025-09-29,1.0628,-0.0002
2025-09-30,1.0636,0.0008
2025-10-09,1.064,0.0004
2025-10-10,1.064,0.0
2025-10-13,1.0642,0.0002
2025-10-14,1.0642,0.0
2025-10-15,1.0642,0.0
2025-10-16,1.0643,0.0001
2025-10-17,1.0648,0.0005
2025-10-20,1.0643,-0.0005
2025-10-21,1.0646,0.0003
2025-10-22,1.0646,0.0
2025-10-23,1.0646,0.0
2025-10-24,1.0646,0.0
2025-10-27,1.065,0.0004
2025-10-28,1.066,0.0009
2025-10-29,1.0666,0.0006
2025-10-30,1.0672,0.0006
2025-10-31,1.0678,0.0006
2025-11-03,1.0677,-0.0001
2025-11-04,1.0675,-0.0002
2025-11-05,1.0675,0.0
2025-11-06,1.0669,-0.0006
2025-11-07,1.0666,-0.0003
2025-11-10,1.0669,0.0003
2025-11-11,1.0672,0.0003
2025-11-12,1.0675,0.0003
2025-11-13,1.0676,0.0001
2025-11-14,1.0676,0.0
2025-11-17,1.0679,0.0003
2025-11-18,1.0678,-0.0001
2025-11-19,1.0677,-0.0001
2025-11-20,1.0679,0.0002
2025-11-21,1.0678,-0.0001
2025-11-24,1.0679,0.0001
2025-11-25,1.0677,-0.0002
2025-11-26,1.0671,-0.0006
2025-11-27,1.0668,-0.0003
2025-11-28,1.0673,0.0005
2025-12-01,1.0676,0.0003
2025-12-02,1.0673,-0.0003
2025-12-03,1.0672,-0.0001
2025-12-04,1.0661,-0.001
2025-12-05,1.0667,0.0006
2025-12-08,1.0669,0.0002
2025-12-09,1.0673,0.0004
2025-12-10,1.0676,0.0003
2025-12-11,1.0679,0.0003
2025-12-12,1.0675,-0.0004
2025-12-15,1.0672,-0.0003
2025-12-16,1.0675,0.0003
2025-12-17,1.0682,0.0007000000000000001
2025-12-18,1.0684,0.0002
2025-12-19,1.069,0.0006
2025-12-22,1.0688,-0.0002
2025-12-23,1.0692,0.0004
2025-12-24,1.0693,0.0001
2025-12-25,1.0693,0.0
2025-12-26,1.0693,0.0
2025-12-29,1.0685,-0.0007000000000000001
2025-12-30,1.0684,-0.0001
2025-12-31,1.0686,0.0002
2026-01-05,1.0683,-0.0003
2026-01-06,1.0674,-0.0008
2026-01-07,1.0671,-0.0003
2026-01-08,1.0677,0.0006
2026-01-09,1.0679,0.0002
2026-01-12,1.0683,0.0004
2026-01-13,1.0685,0.0002
2026-01-14,1.0687,0.0002
2026-01-15,1.0688,0.0001
2026-01-16,1.0693,0.0005
2026-01-19,1.0694,0.0001
2026-01-20,1.0697,0.0003
2026-01-21,1.0697,0.0
2026-01-22,1.0695,-0.0002
2026-01-23,1.0699,0.0004
2026-01-26,1.07,0.0001
2026-01-27,1.0699,-0.0001
2026-01-28,1.0702,0.0003
2026-01-29,1.0703,0.0001
2026-01-30,1.0704,0.0001
2026-02-02,1.0705,0.0001
2026-02-03,1.0705,0.0
2026-02-04,1.0706,0.0001
2026-02-05,1.071,0.0004
2026-02-06,1.0714,0.0004
2026-02-09,1.0718,0.0004
2026-02-10,1.0717,-0.0001
2026-02-11,1.0717,0.0
2026-02-12,1.072,0.0003
2026-02-13,1.072,0.0
2026-02-24,1.0723,0.0003
2026-02-25,1.072,-0.0003
2026-02-26,1.0716,-0.0004
2026-02-27,1.072,0.0004
2026-03-02,1.0726,0.0006
2026-03-03,1.0728,0.0002
2026-03-04,1.0733,0.0005
2026-03-05,1.0733,0.0
2026-03-06,1.0732,-0.0001
2026-03-09,1.0726,-0.0006
2026-03-10,1.0727,0.0001
2026-03-11,1.0727,0.0
2026-03-12,1.0733,0.0006
2026-03-13,1.0735,0.0002
2026-03-16,1.0733,-0.0002
2026-03-17,1.0735,0.0002
2026-03-18,1.074,0.0005
2026-03-19,1.074,0.0
2026-03-20,1.074,0.0
2026-03-23,1.0739,-0.0001
2026-03-24,1.074,0.0001
2026-03-25,1.074,0.0
2026-03-26,1.0742,0.0002
2026-03-27,1.0745,0.0003
2026-03-30,1.0752,0.0007000000000000001
2026-03-31,1.075,-0.0002
2026-04-01,1.0748,-0.0002
2026-04-02,1.075,0.0002
2026-04-03,1.0754,0.0004
2026-04-07,1.0755,0.0001
2026-04-08,1.0752,-0.0003
2026-04-09,1.075,-0.0002
2026-04-10,1.0753,0.0003
2026-04-13,1.0755,0.0002
2026-04-14,1.0756,0.0001
2026-04-15,1.076,0.0004
2026-04-16,1.0763,0.0003
2026-04-17,1.0768,0.0005
2026-04-20,1.0769,0.0001
2026-04-21,1.0772,0.0003
2026-04-22,1.0775,0.0003
2026-04-23,1.0774,-0.0001
2026-04-24,1.0722,-0.0002
2026-04-27,1.0718,-0.0004
2026-04-28,1.0723,0.0005
2026-04-29,1.0729,0.0006
2026-04-30,1.0728,-0.0001
2026-05-06,1.0726,-0.0002
2026-05-07,1.0729,0.0003
2026-05-08,1.073,0.0001
2026-05-11,1.0734,0.0004
2026-05-12,1.0737,0.0003
2026-05-13,1.074,0.0003
2026-05-14,1.0739,-0.0001
2026-05-15,1.074,0.0001
2026-05-18,1.0742,0.0002
2026-05-19,1.0745,0.0003
2026-05-20,1.0746,0.0001
2026-05-21,1.0745,-0.0001
2026-05-22,1.0743,-0.0002
2026-05-25,1.0746,0.0003
2026-05-26,1.0751,0.0005
2026-05-27,1.0756,0.0005
2026-05-28,1.0759,0.0003
2026-05-29,1.076,0.0001
2026-06-01,1.0762,0.0002
2026-06-02,1.0762,0.0
2026-06-03,1.0761,-0.0001
2026-06-04,1.0763,0.0002
2026-06-05,1.0761,-0.0002
2026-06-08,1.0758,-0.0003
2026-06-09,1.0755,-0.0003
2026-06-10,1.0752,-0.0003
2026-06-11,1.0748,-0.0004
2026-06-12,1.075,0.0002
2026-06-15,1.075,0.0
2026-06-16,1.0756,0.0006
2026-06-17,1.076,0.0004
2026-06-18,1.0764,0.0004
2026-06-22,1.0762,-0.0002
2026-06-23,1.076,-0.0002
2026-06-24,1.0763,0.0003
2026-06-25,1.0767,0.0004
2026-06-26,1.077,0.0003
2026-06-29,1.078,0.0009
2026-06-30,1.0775,-0.0005
2026-07-01,1.0767,-0.0007000000000000001
2026-07-02,1.0769,0.0002
2026-07-03,1.0771,0.0002
2026-07-06,1.0774,0.0003
2026-07-07,1.0773,-0.0001
2026-07-08,1.0774,0.0001
2026-07-09,1.0773,-0.0001
2026-07-10,1.0772,-0.0001
2026-07-13,1.0769,-0.0003
2026-07-14,1.077,0.0001
2026-07-15,1.0771,0.0001
2026-07-16,1.077,-0.0001
2026-07-17,1.0772,0.0002
2026-07-20,1.0771,-0.0001
2026-07-21,1.0771,0.0
2026-07-22,1.0774,0.0003
2026-07-23,1.0771,-0.0003
2026-07-24,1.0771,0.0
2026-07-27,1.077,-0.0001
2026-07-28,1.077,0.0
2026-07-29,1.0771,0.0001
2026-07-30,1.0776,0.0005
2026-07-31,1.0778,0.0002
2026-08-03,1.0777,-0.0001
2026-08-04,1.0779,0.0002
