date,nav,ret
2011-07-29,1.0,0.0
2011-08-05,1.001,0.001
2011-08-12,1.01,0.008991
2011-08-19,1.003,-0.0069310000000000005
2011-08-26,1.005,0.001994
2011-08-29,1.005,0.0
2011-08-30,1.003,-0.00199
2011-08-31,1.001,-0.001994
2011-09-01,0.997,-0.003996
2011-09-02,0.992,-0.0050149999999999995
2011-09-05,0.985,-0.007056
2011-09-06,0.982,-0.0030459999999999997
2011-09-07,0.989,0.007128
2011-09-08,0.987,-0.002022
2011-09-09,0.984,-0.0030399999999999997
2011-09-13,0.978,-0.006098
2011-09-14,0.977,-0.001022
2011-09-15,0.977,0.0
2011-09-16,0.978,0.001024
2011-09-19,0.974,-0.00409
2011-09-20,0.975,0.001027
2011-09-21,0.983,0.008205
2011-09-22,0.973,-0.010173000000000001
2011-09-23,0.966,-0.007194000000000001
2011-09-26,0.96,-0.0062109999999999995
2011-09-27,0.962,0.002083
2011-09-28,0.959,-0.0031190000000000002
2011-09-29,0.952,-0.007299
2011-09-30,0.954,0.002101
2011-10-10,0.951,-0.0031450000000000002
2011-10-11,0.947,-0.004206
2011-10-12,0.96,0.013728
2011-10-13,0.964,0.0041670000000000006
2011-10-14,0.962,-0.002075
2011-10-17,0.965,0.0031190000000000002
2011-10-18,0.958,-0.007254
2011-10-19,0.955,-0.003132
2011-10-20,0.946,-0.009424
2011-10-21,0.944,-0.002114
2011-10-24,0.953,0.009534
2011-10-25,0.962,0.009444000000000001
2011-10-26,0.967,0.005198
2011-10-27,0.966,-0.001034
2011-10-28,0.973,0.007246
2011-10-31,0.974,0.001028
2011-11-01,0.977,0.00308
2011-11-02,0.986,0.009212
2011-11-03,0.987,0.0010140000000000001
2011-11-04,0.987,0.0
2011-11-07,0.986,-0.001013
2011-11-08,0.983,-0.003043
2011-11-09,0.989,0.006104000000000001
2011-11-10,0.989,0.0
2011-11-11,0.985,-0.004044
2011-11-14,0.994,0.009137
2011-11-15,0.994,0.0
2011-11-16,0.988,-0.0060360000000000006
2011-11-17,0.989,0.0010119999999999999
2011-11-18,0.982,-0.007078
2011-11-21,0.98,-0.0020369999999999997
2011-11-22,0.98,0.0
2011-11-23,0.98,0.0
2011-11-24,0.984,0.004082
2011-11-25,0.983,-0.001016
2011-11-28,0.987,0.004069
2011-11-29,0.992,0.005066
2011-11-30,0.982,-0.010081
2011-12-01,0.99,0.008147
2011-12-02,0.986,-0.00404
2011-12-05,0.972,-0.014199
2011-12-06,0.972,0.0
2011-12-07,0.972,0.0
2011-12-08,0.97,-0.002058
2011-12-09,0.963,-0.007216
2011-12-12,0.957,-0.0062309999999999996
2011-12-13,0.948,-0.009404000000000001
2011-12-14,0.945,-0.003165
2011-12-15,0.943,-0.0021160000000000003
2011-12-16,0.954,0.011665000000000002
2011-12-19,0.955,0.001048
2011-12-20,0.949,-0.0062829999999999995
2011-12-21,0.942,-0.007376000000000001
2011-12-22,0.94,-0.002123
2011-12-23,0.941,0.0010639999999999998
2011-12-26,0.933,-0.008502
2011-12-27,0.916,-0.018221
2011-12-28,0.91,-0.00655
2011-12-29,0.917,0.007692
2011-12-30,0.923,0.006543
2011-12-31,0.923,0.0
2012-01-04,0.91,-0.014085
2012-01-05,0.896,-0.015385
2012-01-06,0.897,0.001116
2012-01-09,0.908,0.012263
2012-01-10,0.923,0.01652
2012-01-11,0.922,-0.001083
2012-01-12,0.918,-0.004338
2012-01-13,0.9,-0.019608
2012-01-16,0.876,-0.026667
2012-01-17,0.896,0.022831
2012-01-18,0.873,-0.025670000000000002
2012-01-19,0.877,0.004582
2012-01-20,0.898,0.023944999999999998
2012-01-30,0.894,-0.0044540000000000005
2012-01-31,0.899,0.005593
2012-02-01,0.903,0.004449
2012-02-02,0.911,0.008859
2012-02-03,0.918,0.007684
2012-02-06,0.926,0.008715
2012-02-07,0.917,-0.009719
2012-02-08,0.927,0.010905
2012-02-09,0.935,0.00863
2012-02-10,0.932,-0.003209
2012-02-13,0.941,0.009657
2012-02-14,0.942,0.0010630000000000001
2012-02-15,0.945,0.003185
2012-02-16,0.944,-0.0010580000000000001
2012-02-17,0.94,-0.004237
2012-02-20,0.938,-0.0021279999999999997
2012-02-21,0.948,0.010661
2012-02-22,0.956,0.008439
2012-02-23,0.959,0.003138
2012-02-24,0.971,0.012513000000000002
2012-02-27,0.973,0.0020599999999999998
2012-02-28,0.972,-0.001028
2012-02-29,0.969,-0.0030859999999999998
2012-03-01,0.968,-0.001032
2012-03-02,0.977,0.009297999999999999
2012-03-05,0.974,-0.003071
2012-03-06,0.967,-0.007187
2012-03-07,0.959,-0.008273
2012-03-08,0.966,0.007299
2012-03-09,0.986,0.020703999999999997
2012-03-12,1.0,0.014199
2012-03-13,1.005,0.005
2012-03-14,0.985,-0.0199
2012-03-15,0.994,0.009137
2012-03-16,1.014,0.020121000000000003
2012-03-19,1.012,-0.001972
2012-03-20,0.991,-0.020751
2012-03-21,0.986,-0.005044999999999999
2012-03-22,0.987,0.0010140000000000001
2012-03-23,0.975,-0.012158
2012-03-26,0.985,0.010256000000000001
2012-03-27,0.967,-0.018274
2012-03-28,0.946,-0.021717
2012-03-29,0.946,0.0
2012-03-30,0.94,-0.0063419999999999995
2012-03-31,0.94,0.0
2012-04-05,0.959,0.020213000000000002
2012-04-06,0.966,0.007299
2012-04-09,0.96,-0.0062109999999999995
2012-04-10,0.962,0.002083
2012-04-11,0.961,-0.00104
2012-04-12,0.97,0.009365
2012-04-13,0.969,-0.001031
2012-04-16,0.967,-0.002064
2012-04-17,0.96,-0.007239
2012-04-18,0.965,0.005208000000000001
2012-04-19,0.96,-0.005181
2012-04-20,0.961,0.001042
2012-04-23,0.951,-0.010406
2012-04-24,0.947,-0.004206
2012-04-25,0.949,0.002112
2012-04-26,0.952,0.0031609999999999997
2012-04-27,0.964,0.012605
2012-05-02,0.973,0.009336
2012-05-03,0.987,0.014388000000000001
2012-05-04,1.004,0.017224
2012-05-07,1.016,0.011952
2012-05-08,1.007,-0.008858
2012-05-09,0.996,-0.010924
2012-05-10,1.001,0.00502
2012-05-11,1.001,0.0
2012-05-14,0.993,-0.007992
2012-05-15,0.992,-0.001007
2012-05-16,0.983,-0.009073
2012-05-17,0.985,0.002035
2012-05-18,0.971,-0.014213
2012-05-21,0.983,0.012358000000000001
2012-05-22,0.992,0.009156
2012-05-23,0.992,0.0
2012-05-24,0.976,-0.016129
2012-05-25,0.968,-0.008197
2012-05-28,0.978,0.010331
2012-05-29,0.982,0.00409
2012-05-30,0.981,-0.001018
2012-05-31,0.986,0.005097000000000001
2012-06-01,0.995,0.009127999999999999
2012-06-04,0.986,-0.009045
2012-06-05,0.988,0.0020280000000000003
2012-06-06,0.984,-0.004049
2012-06-07,0.981,-0.003049
2012-06-08,0.981,0.0
2012-06-11,0.993,0.012232
2012-06-12,0.997,0.004028
2012-06-13,1.014,0.017051
2012-06-14,1.021,0.006903
2012-06-15,1.02,-0.000979
2012-06-18,1.026,0.005881999999999999
2012-06-19,1.023,-0.002924
2012-06-20,1.015,-0.00782
2012-06-21,1.006,-0.008867
2012-06-25,1.001,-0.00497
2012-06-26,0.997,-0.003996
2012-06-27,1.003,0.006018
2012-06-28,1.008,0.004985
2012-06-29,1.024,0.015872999999999998
2012-06-30,1.024,0.0
2012-07-02,1.04,0.015625
2012-07-03,1.041,0.000962
2012-07-04,1.035,-0.005764
2012-07-05,1.03,-0.004830999999999999
2012-07-06,1.06,0.029126
2012-07-09,1.062,0.001887
2012-07-10,1.044,-0.016949000000000002
2012-07-11,1.06,0.015326
2012-07-12,1.064,0.003774
2012-07-13,1.07,0.005639
2012-07-16,1.046,-0.02243
2012-07-17,1.033,-0.012428
2012-07-18,1.026,-0.006776
2012-07-19,1.029,0.002924
2012-07-20,1.028,-0.000972
2012-07-23,1.019,-0.008754999999999999
2012-07-24,1.023,0.0039250000000000005
2012-07-25,1.021,-0.001955
2012-07-26,1.016,-0.004897
2012-07-27,1.005,-0.010827
2012-07-30,0.996,-0.008955
2012-07-31,0.989,-0.0070279999999999995
2012-08-01,0.998,0.0091
2012-08-02,1.003,0.00501
2012-08-03,1.016,0.012961
2012-08-06,1.032,0.015747999999999998
2012-08-07,1.033,0.000969
2012-08-08,1.022,-0.010648999999999999
2012-08-09,1.044,0.021526
2012-08-10,1.042,-0.001916
2012-08-13,1.035,-0.006717999999999999
2012-08-14,1.037,0.0019320000000000001
2012-08-15,1.034,-0.002893
2012-08-16,1.019,-0.014507
2012-08-17,1.004,-0.01472
2012-08-20,1.009,0.00498
2012-08-21,1.024,0.014865999999999999
2012-08-22,1.015,-0.008789
2012-08-23,1.008,-0.0068969999999999995
2012-08-24,0.998,-0.009921
2012-08-27,0.988,-0.01002
2012-08-28,0.986,-0.0020239999999999998
2012-08-29,0.981,-0.005071
2012-08-30,0.948,-0.033639
2012-08-31,0.956,0.008439
2012-09-03,0.979,0.024059
2012-09-04,0.969,-0.010215
2012-09-05,0.967,-0.002064
2012-09-06,0.965,-0.002068
2012-09-07,0.99,0.025907
2012-09-10,0.992,0.00202
2012-09-11,0.993,0.001008
2012-09-12,0.997,0.004028
2012-09-13,0.991,-0.006018
2012-09-14,0.991,0.0
2012-09-17,0.973,-0.018163
2012-09-18,0.974,0.001028
2012-09-19,0.97,-0.004107
2012-09-20,0.953,-0.017526
2012-09-21,0.947,-0.006296
2012-09-24,0.956,0.009504
2012-09-25,0.957,0.001046
2012-09-26,0.949,-0.008359
2012-09-27,0.965,0.01686
2012-09-28,0.978,0.013472
2012-09-30,0.977,-0.001022
2012-10-08,0.977,0.0
2012-10-09,0.992,0.015353
2012-10-10,0.993,0.001008
2012-10-11,0.989,-0.004028
2012-10-12,0.987,-0.002022
2012-10-15,0.996,0.009119
2012-10-16,1.015,0.019076
2012-10-17,1.014,-0.000985
2012-10-18,1.023,0.008876
2012-10-19,1.017,-0.005865
2012-10-22,1.022,0.004916
2012-10-23,1.003,-0.018591
2012-10-24,1.0,-0.0029909999999999997
2012-10-25,0.994,-0.006
2012-10-26,0.992,-0.002012
2012-10-29,0.994,0.002016
2012-10-30,0.993,-0.001006
2012-10-31,1.0,0.007049
2012-11-01,1.013,0.013000000000000001
2012-11-02,1.015,0.001974
2012-11-05,1.002,-0.012808
2012-11-06,0.994,-0.007984
2012-11-07,0.991,-0.0030180000000000003
2012-11-08,0.987,-0.0040360000000000005
2012-11-09,0.976,-0.011145
2012-11-12,0.964,-0.012295
2012-11-13,0.953,-0.011411
2012-11-14,0.962,0.009444000000000001
2012-11-15,0.955,-0.0072770000000000005
2012-11-16,0.942,-0.013613
2012-11-19,0.927,-0.015924
2012-11-20,0.925,-0.002157
2012-11-21,0.926,0.001081
2012-11-22,0.917,-0.009719
2012-11-23,0.92,0.0032719999999999997
2012-11-26,0.907,-0.01413
2012-11-27,0.891,-0.017641
2012-11-28,0.882,-0.010101
2012-11-29,0.885,0.003401
2012-11-30,0.889,0.00452
2012-12-03,0.861,-0.031495999999999996
2012-12-04,0.868,0.00813
2012-12-05,0.885,0.019584999999999998
2012-12-06,0.883,-0.00226
2012-12-07,0.893,0.011325
2012-12-10,0.898,0.005599
2012-12-11,0.902,0.0044540000000000005
2012-12-12,0.901,-0.001109
2012-12-13,0.896,-0.005548999999999999
2012-12-14,0.915,0.021204999999999998
2012-12-17,0.91,-0.005464
2012-12-18,0.908,-0.002198
2012-12-19,0.916,0.008811
2012-12-20,0.915,-0.001092
2012-12-21,0.92,0.005464
2012-12-24,0.921,0.001087
2012-12-25,0.939,0.019544
2012-12-26,0.947,0.00852
2012-12-27,0.947,0.0
2012-12-28,0.956,0.009504
2012-12-31,0.965,0.009414
2013-01-04,0.95,-0.015544
2013-01-07,0.952,0.002105
2013-01-08,0.97,0.018908
2013-01-09,0.98,0.010308999999999999
2013-01-10,0.978,-0.002041
2013-01-11,0.962,-0.01636
2013-01-14,0.986,0.024948
2013-01-15,0.998,0.01217
2013-01-16,1.001,0.003006
2013-01-17,0.999,-0.001998
2013-01-18,1.014,0.015015
2013-01-21,1.009,-0.004931
2013-01-22,0.991,-0.017839
2013-01-23,0.993,0.0020180000000000003
2013-01-24,0.982,-0.011078
2013-01-25,0.982,0.0
2013-01-28,0.997,0.015275
2013-01-29,1.003,0.006018
2013-01-30,1.007,0.003988
2013-01-31,0.997,-0.00993
2013-02-01,1.007,0.010029999999999999
2013-02-04,1.001,-0.005958
2013-02-05,1.019,0.017982
2013-02-06,1.025,0.005888
2013-02-07,1.031,0.005854000000000001
2013-02-08,1.048,0.016489
2013-02-18,1.04,-0.007633999999999999
2013-02-19,1.021,-0.018269
2013-02-20,1.045,0.023506
2013-02-21,1.024,-0.020096
2013-02-22,1.019,-0.004883
2013-02-25,1.022,0.002944
2013-02-26,1.012,-0.009785
2013-02-27,1.003,-0.008893
2013-02-28,1.016,0.012961
2013-03-01,1.031,0.014764
2013-03-04,1.01,-0.020369
2013-03-05,1.029,0.018812
2013-03-06,1.038,0.008746
2013-03-07,1.018,-0.019268
2013-03-08,1.004,-0.013752
2013-03-11,1.009,0.00498
2013-03-12,0.993,-0.015857
2013-03-13,0.988,-0.0050349999999999995
2013-03-14,0.999,0.011134
2013-03-15,1.003,0.004004
2013-03-18,1.002,-0.000997
2013-03-19,0.997,-0.00499
2013-03-20,1.016,0.019057
2013-03-21,1.027,0.010827
2013-03-22,1.029,0.0019470000000000002
2013-03-25,1.031,0.001944
2013-03-26,1.04,0.008729
2013-03-27,1.046,0.005769
2013-03-28,1.036,-0.009559999999999999
2013-03-29,1.022,-0.013514
2013-04-01,1.02,-0.001957
2013-04-02,1.001,-0.018627
2013-04-03,0.985,-0.015984
2013-04-08,0.986,0.001015
2013-04-09,0.983,-0.003043
2013-04-10,0.984,0.001017
2013-04-11,0.987,0.003049
2013-04-12,0.987,0.0
2013-04-15,0.975,-0.012158
2013-04-16,0.974,-0.001026
2013-04-17,0.994,0.020534
2013-04-18,0.989,-0.00503
2013-04-19,1.004,0.015167
2013-04-22,1.01,0.005976
2013-04-23,0.995,-0.014851000000000001
2013-04-24,1.008,0.013065
2013-04-25,0.996,-0.011904999999999999
2013-04-26,0.979,-0.017068
2013-05-02,0.99,0.011236
2013-05-03,0.997,0.007070999999999999
2013-05-06,1.01,0.013039
2013-05-07,1.002,-0.007921000000000001
2013-05-08,1.016,0.013972
2013-05-09,1.019,0.002953
2013-05-10,1.02,0.000981
2013-05-13,1.016,-0.003922
2013-05-14,0.997,-0.018701000000000002
2013-05-15,1.02,0.023069000000000003
2013-05-16,1.025,0.004902
2013-05-17,1.036,0.010731999999999998
2013-05-20,1.041,0.0048259999999999996
2013-05-21,1.06,0.018252
2013-05-22,1.047,-0.012263999999999999
2013-05-23,1.043,-0.00382
2013-05-24,1.062,0.018217
2013-05-27,1.077,0.014124000000000001
2013-05-28,1.065,-0.011142
2013-05-29,1.078,0.012206999999999999
2013-05-30,1.086,0.007421
2013-05-31,1.079,-0.0064459999999999995
2013-06-03,1.059,-0.018536
2013-06-04,1.04,-0.017941
2013-06-05,1.047,0.006731
2013-06-06,1.035,-0.011460999999999999
2013-06-07,1.023,-0.011594
2013-06-13,1.01,-0.012707999999999999
2013-06-14,1.037,0.026732999999999996
2013-06-17,1.052,0.014464999999999999
2013-06-18,1.053,0.000951
2013-06-19,1.046,-0.006647999999999999
2013-06-20,1.019,-0.025813000000000003
2013-06-21,1.016,-0.002944
2013-06-24,0.982,-0.033464999999999995
2013-06-25,0.987,0.005092
2013-06-26,1.017,0.030395
2013-06-27,1.007,-0.009833
2013-06-28,1.0,-0.006951000000000001
2013-06-30,1.0,0.0
2013-07-01,1.031,0.031
2013-07-02,1.056,0.024248
2013-07-03,1.069,0.012311
2013-07-04,1.061,-0.007483999999999999
2013-07-05,1.052,-0.008483000000000001
2013-07-08,1.034,-0.01711
2013-07-09,1.038,0.003868
2013-07-10,1.051,0.012524
2013-07-11,1.063,0.011418
2013-07-12,1.074,0.010348
2013-07-15,1.101,0.02514
2013-07-16,1.103,0.001817
2013-07-17,1.088,-0.013599000000000002
2013-07-18,1.082,-0.005515
2013-07-19,1.072,-0.009242
2013-07-22,1.096,0.022387999999999998
2013-07-23,1.12,0.021898
2013-07-24,1.14,0.017857
2013-07-25,1.112,-0.024561000000000003
2013-07-26,1.105,-0.006294999999999999
2013-07-29,1.09,-0.013574999999999999
2013-07-30,1.083,-0.006422
2013-07-31,1.084,0.0009229999999999999
2013-08-01,1.112,0.025830000000000002
2013-08-02,1.116,0.0035970000000000004
2013-08-05,1.136,0.017921
2013-08-06,1.146,0.008803
2013-08-07,1.137,-0.007853
2013-08-08,1.137,0.0
2013-08-09,1.148,0.009675
2013-08-12,1.146,-0.0017419999999999998
2013-08-13,1.138,-0.006981
2013-08-14,1.133,-0.004394
2013-08-15,1.12,-0.011474
2013-08-16,1.091,-0.025893000000000003
2013-08-19,1.115,0.021998000000000004
2013-08-20,1.119,0.0035870000000000003
2013-08-21,1.123,0.003575
2013-08-22,1.133,0.008905
2013-08-23,1.146,0.011474
2013-08-26,1.158,0.010471
2013-08-27,1.153,-0.004318
2013-08-28,1.137,-0.013876999999999999
2013-08-29,1.13,-0.006157
2013-08-30,1.107,-0.020354
2013-09-02,1.125,0.01626
2013-09-03,1.146,0.018667
2013-09-04,1.147,0.0008730000000000001
2013-09-05,1.157,0.008718
2013-09-06,1.16,0.002593
2013-09-09,1.162,0.001724
2013-09-10,1.158,-0.003442
2013-09-11,1.141,-0.01468
2013-09-12,1.143,0.0017530000000000002
2013-09-13,1.164,0.018373
2013-09-16,1.176,0.010308999999999999
2013-09-17,1.174,-0.001701
2013-09-18,1.182,0.006814
2013-09-23,1.216,0.028765
2013-09-24,1.235,0.015625
2013-09-25,1.228,-0.005667999999999999
2013-09-26,1.215,-0.010586
2013-09-27,1.227,0.009877
2013-09-30,1.245,0.01467
2013-10-08,1.247,0.001606
2013-10-09,1.248,0.000802
2013-10-10,1.211,-0.029647
2013-10-11,1.233,0.018167
2013-10-14,1.254,0.017032000000000002
2013-10-15,1.269,0.011961999999999999
2013-10-16,1.241,-0.022065
2013-10-17,1.23,-0.008864
2013-10-18,1.247,0.013821000000000002
2013-10-21,1.31,0.050521
2013-10-22,1.295,-0.01145
2013-10-23,1.256,-0.030116
2013-10-24,1.253,-0.002389
2013-10-25,1.222,-0.024741
2013-10-28,1.197,-0.020457999999999997
2013-10-29,1.176,-0.017544
2013-10-30,1.197,0.017857
2013-10-31,1.158,-0.032581
2013-11-01,1.153,-0.004318
2013-11-04,1.159,0.005203999999999999
2013-11-05,1.176,0.014668
2013-11-06,1.157,-0.016156
2013-11-07,1.131,-0.022472
2013-11-08,1.118,-0.011493999999999999
2013-11-11,1.128,0.008945
2013-11-12,1.135,0.006206000000000001
2013-11-13,1.116,-0.016739999999999998
2013-11-14,1.129,0.011649
2013-11-15,1.147,0.015943
2013-11-18,1.166,0.016565
2013-11-19,1.16,-0.0051459999999999995
2013-11-20,1.161,0.000862
2013-11-21,1.161,0.0
2013-11-22,1.166,0.004307
2013-11-25,1.164,-0.0017150000000000002
2013-11-26,1.172,0.006873000000000001
2013-11-27,1.177,0.004266
2013-11-28,1.195,0.015293000000000001
2013-11-29,1.213,0.015063
2013-12-02,1.154,-0.048639999999999996
2013-12-03,1.17,0.013865
2013-12-04,1.179,0.007692
2013-12-05,1.177,-0.001696
2013-12-06,1.172,-0.004248
2013-12-09,1.181,0.007679
2013-12-10,1.19,0.007621
2013-12-11,1.177,-0.010924
2013-12-12,1.18,0.002549
2013-12-13,1.182,0.0016950000000000001
2013-12-16,1.156,-0.021997
2013-12-17,1.14,-0.013841000000000001
2013-12-18,1.136,-0.003509
2013-12-19,1.124,-0.010563
2013-12-20,1.107,-0.015125
2013-12-23,1.111,0.003613
2013-12-24,1.13,0.017102
2013-12-25,1.144,0.012388999999999999
2013-12-26,1.128,-0.013986
2013-12-27,1.152,0.021277
2013-12-30,1.151,-0.0008680000000000001
2013-12-31,1.153,0.0017380000000000002
2014-01-02,1.165,0.010407999999999999
2014-01-03,1.161,-0.003433
2014-01-06,1.135,-0.022393999999999997
2014-01-07,1.145,0.008811
2014-01-08,1.149,0.003493
2014-01-09,1.134,-0.013055
2014-01-10,1.121,-0.011464
2014-01-13,1.131,0.008921
2014-01-14,1.16,0.025640999999999997
2014-01-15,1.17,0.008621
2014-01-16,1.174,0.0034189999999999997
2014-01-17,1.158,-0.013629
2014-01-20,1.13,-0.02418
2014-01-21,1.146,0.014159
2014-01-22,1.172,0.022688
2014-01-23,1.187,0.012799
2014-01-24,1.198,0.009267
2014-01-27,1.176,-0.018364000000000002
2014-01-28,1.174,-0.001701
2014-01-29,1.188,0.011924999999999998
2014-01-30,1.183,-0.004209
2014-02-07,1.218,0.029586
2014-02-10,1.237,0.015599
2014-02-11,1.209,-0.022635000000000002
2014-02-12,1.217,0.006617
2014-02-13,1.18,-0.030403
2014-02-14,1.199,0.016102
2014-02-17,1.243,0.036697
2014-02-18,1.243,0.0
2014-02-19,1.24,-0.002414
2014-02-20,1.208,-0.025806
2014-02-21,1.219,0.009106
2014-02-24,1.229,0.008203
2014-02-25,1.161,-0.055330000000000004
2014-02-26,1.165,0.0034449999999999997
2014-02-27,1.143,-0.018884
2014-02-28,1.148,0.004374
2014-03-03,1.177,0.025261
2014-03-04,1.17,-0.005947
2014-03-05,1.172,0.001709
2014-03-06,1.179,0.005973000000000001
2014-03-07,1.165,-0.011874000000000001
2014-03-10,1.127,-0.032618
2014-03-11,1.132,0.004437
2014-03-12,1.136,0.003534
2014-03-13,1.163,0.023767999999999997
2014-03-14,1.165,0.00172
2014-03-17,1.178,0.011158999999999999
2014-03-18,1.181,0.002547
2014-03-19,1.174,-0.005927
2014-03-20,1.141,-0.028109000000000002
2014-03-21,1.149,0.007011
2014-03-24,1.145,-0.003481
2014-03-25,1.153,0.006987
2014-03-26,1.165,0.010407999999999999
2014-03-27,1.142,-0.019742
2014-03-28,1.105,-0.032399
2014-03-31,1.099,-0.005430000000000001
2014-04-01,1.112,0.011829000000000001
2014-04-02,1.098,-0.012589999999999999
2014-04-03,1.088,-0.009106999999999999
2014-04-04,1.099,0.01011
2014-04-08,1.113,0.012739
2014-04-09,1.121,0.007188
2014-04-10,1.137,0.014273000000000001
2014-04-11,1.131,-0.005277
2014-04-14,1.134,0.002653
2014-04-15,1.127,-0.006173
2014-04-16,1.122,-0.004437
2014-04-17,1.119,-0.002674
2014-04-18,1.127,0.007149
2014-04-21,1.123,-0.003549
2014-04-22,1.111,-0.010686
2014-04-23,1.105,-0.005401
2014-04-24,1.09,-0.013574999999999999
2014-04-25,1.069,-0.019266000000000002
2014-04-28,1.037,-0.029935
2014-04-29,1.042,0.004822
2014-04-30,1.052,0.009597
2014-05-05,1.059,0.006654
2014-05-06,1.065,0.005666
2014-05-07,1.047,-0.016901
2014-05-08,1.036,-0.010506
2014-05-09,1.025,-0.010618
2014-05-12,1.033,0.0078049999999999994
2014-05-13,1.03,-0.002904
2014-05-14,1.026,-0.0038829999999999997
2014-05-15,1.015,-0.010721000000000001
2014-05-16,1.007,-0.007882
2014-05-19,1.002,-0.004965
2014-05-20,1.006,0.003992
2014-05-21,1.01,0.003976
2014-05-22,1.011,0.00099
2014-05-23,1.023,0.011869000000000001
2014-05-26,1.032,0.008798
2014-05-27,1.027,-0.0048449999999999995
2014-05-28,1.034,0.006816
2014-05-29,1.026,-0.007737000000000001
2014-05-30,1.025,-0.0009750000000000001
2014-06-03,1.02,-0.004878
2014-06-04,1.019,-0.00098
2014-06-05,1.033,0.013739
2014-06-06,1.031,-0.001936
2014-06-09,1.033,0.00194
2014-06-10,1.04,0.006776
2014-06-11,1.043,0.002885
2014-06-12,1.048,0.004794
2014-06-13,1.053,0.004771
2014-06-16,1.058,0.004748
2014-06-17,1.048,-0.009452
2014-06-18,1.039,-0.008588
2014-06-19,1.014,-0.024062
2014-06-20,1.017,0.002959
2014-06-23,1.031,0.013766
2014-06-24,1.044,0.012608999999999999
2014-06-25,1.032,-0.011493999999999999
2014-06-26,1.045,0.012597
2014-06-27,1.047,0.001914
2014-06-30,1.059,0.011460999999999999
2014-07-01,1.06,0.000944
2014-07-02,1.069,0.008491
2014-07-03,1.087,0.016838
2014-07-04,1.08,-0.00644
2014-07-07,1.089,0.008333
2014-07-08,1.108,0.017447
2014-07-09,1.102,-0.005415
2014-07-10,1.099,-0.002722
2014-07-11,1.102,0.0027300000000000002
2014-07-14,1.139,0.033575
2014-07-15,1.139,0.0
2014-07-16,1.113,-0.022827
2014-07-17,1.1,-0.01168
2014-07-18,1.107,0.006364
2014-07-21,1.107,0.0
2014-07-22,1.15,0.038844
2014-07-23,1.135,-0.013043
2014-07-24,1.12,-0.013216
2014-07-25,1.127,0.00625
2014-07-28,1.136,0.007986
2014-07-29,1.157,0.018486
2014-07-30,1.153,-0.003457
2014-07-31,1.164,0.00954
2014-08-01,1.154,-0.008591
2014-08-04,1.165,0.009532
2014-08-05,1.163,-0.001717
2014-08-06,1.176,0.011177999999999999
2014-08-07,1.169,-0.005952
2014-08-08,1.177,0.006843
2014-08-11,1.198,0.017842
2014-08-12,1.207,0.007513
2014-08-13,1.197,-0.008285
2014-08-14,1.19,-0.005848
2014-08-15,1.196,0.005042
2014-08-18,1.204,0.0066890000000000005
2014-08-19,1.205,0.0008309999999999999
2014-08-20,1.208,0.00249
2014-08-21,1.204,-0.003311
2014-08-22,1.208,0.003322
2014-08-25,1.201,-0.005795
2014-08-26,1.187,-0.011656999999999999
2014-08-27,1.186,-0.000842
2014-08-28,1.18,-0.005059
2014-08-29,1.19,0.008475
2014-09-01,1.218,0.023529
2014-09-02,1.232,0.011493999999999999
2014-09-03,1.244,0.00974
2014-09-04,1.251,0.005627
2014-09-05,1.251,0.0
2014-09-09,1.25,-0.000799
2014-09-10,1.254,0.0032
2014-09-11,1.259,0.003987
2014-09-12,1.276,0.013503000000000001
2014-09-15,1.29,0.010971999999999999
2014-09-16,1.253,-0.028682
2014-09-17,1.257,0.003192
2014-09-18,1.274,0.013524000000000001
2014-09-19,1.301,0.021193
2014-09-22,1.294,-0.00538
2014-09-23,1.301,0.005410000000000001
2014-09-24,1.318,0.013067
2014-09-25,1.319,0.0007589999999999999
2014-09-26,1.318,-0.0007580000000000001
2014-09-29,1.334,0.01214
2014-09-30,1.34,0.004497999999999999
2014-10-08,1.357,0.012686999999999999
2014-10-09,1.368,0.008106
2014-10-10,1.357,-0.008041
2014-10-13,1.343,-0.010317
2014-10-14,1.333,-0.007446
2014-10-15,1.335,0.0015
2014-10-16,1.317,-0.013483
2014-10-17,1.31,-0.005314999999999999
2014-10-20,1.345,0.026718000000000002
2014-10-21,1.334,-0.008178
2014-10-22,1.312,-0.016492
2014-10-23,1.287,-0.019055
2014-10-24,1.29,0.002331
2014-10-27,1.301,0.008527
2014-10-28,1.333,0.024596
2014-10-29,1.346,0.009752
2014-10-30,1.351,0.003715
2014-10-31,1.337,-0.010363
2014-11-03,1.341,0.0029920000000000003
2014-11-04,1.331,-0.007457
2014-11-05,1.325,-0.004508
2014-11-06,1.337,0.009056999999999999
2014-11-07,1.326,-0.008227
2014-11-10,1.32,-0.004525
2014-11-11,1.291,-0.02197
2014-11-12,1.313,0.017041
2014-11-13,1.305,-0.0060929999999999995
2014-11-14,1.294,-0.008428999999999999
2014-11-17,1.306,0.009274
2014-11-18,1.338,0.024502000000000003
2014-11-19,1.356,0.013453
2014-11-20,1.348,-0.0059
2014-11-21,1.356,0.005935
2014-11-24,1.365,0.006637
2014-11-25,1.373,0.005861
2014-11-26,1.379,0.00437
2014-11-27,1.398,0.013777999999999999
2014-11-28,1.409,0.007868
2014-12-01,1.396,-0.009226
2014-12-02,1.435,0.027937
2014-12-03,1.407,-0.019512
2014-12-04,1.471,0.045487
2014-12-05,1.482,0.007478
2014-12-08,1.512,0.020243
2014-12-09,1.398,-0.07539699999999999
2014-12-10,1.421,0.016452
2014-12-11,1.403,-0.012667
2014-12-12,1.424,0.014967999999999999
2014-12-15,1.459,0.024579
2014-12-16,1.472,0.00891
2014-12-17,1.457,-0.01019
2014-12-18,1.441,-0.010981000000000001
2014-12-19,1.426,-0.010409
2014-12-22,1.347,-0.0554
2014-12-23,1.339,-0.005939
2014-12-24,1.336,-0.0022400000000000002
2014-12-25,1.384,0.035928
2014-12-26,1.421,0.026734
2014-12-29,1.426,0.003519
2014-12-30,1.407,-0.013324
2014-12-31,1.421,0.00995
2015-01-05,1.418,-0.002111
2015-01-06,1.423,0.003526
2015-01-07,1.436,0.009136
2015-01-08,1.41,-0.018106
2015-01-09,1.418,0.005674
2015-01-12,1.399,-0.013399000000000001
2015-01-13,1.393,-0.004289
2015-01-14,1.401,0.005743000000000001
2015-01-15,1.435,0.024268
2015-01-16,1.446,0.007665999999999999
2015-01-19,1.358,-0.060857999999999995
2015-01-20,1.363,0.0036820000000000004
2015-01-21,1.403,0.029346999999999998
2015-01-22,1.403,0.0
2015-01-23,1.393,-0.007128
2015-01-26,1.395,0.001436
2015-01-27,1.378,-0.012185999999999999
2015-01-28,1.353,-0.018142000000000002
2015-01-29,1.342,-0.00813
2015-01-30,1.327,-0.011177
2015-02-02,1.33,0.002261
2015-02-03,1.342,0.009023
2015-02-04,1.344,0.00149
2015-02-05,1.32,-0.017857
2015-02-06,1.298,-0.016667
2015-02-09,1.27,-0.021572
2015-02-10,1.288,0.014173
2015-02-11,1.299,0.008539999999999999
2015-02-12,1.321,0.016936
2015-02-13,1.335,0.010598000000000002
2015-02-16,1.36,0.018727
2015-02-17,1.359,-0.000735
2015-02-25,1.351,-0.005887
2015-02-26,1.365,0.010363
2015-02-27,1.382,0.012454
2015-03-02,1.428,0.033285
2015-03-03,1.428,0.0
2015-03-04,1.464,0.02521
2015-03-05,1.462,-0.001366
2015-03-06,1.425,-0.025308
2015-03-09,1.47,0.031579
2015-03-10,1.503,0.022449
2015-03-11,1.49,-0.008649
2015-03-12,1.458,-0.021477
2015-03-13,1.494,0.024691
2015-03-16,1.541,0.031459
2015-03-17,1.58,0.025308
2015-03-18,1.597,0.010759000000000001
2015-03-19,1.616,0.011897
2015-03-20,1.659,0.026608999999999997
2015-03-23,1.697,0.022905000000000002
2015-03-24,1.72,0.013552999999999999
2015-03-25,1.764,0.025581
2015-03-26,1.736,-0.015872999999999998
2015-03-27,1.769,0.019009
2015-03-30,1.754,-0.008479
2015-03-31,1.779,0.014253
2015-04-01,1.828,0.027544
2015-04-02,1.88,0.028446
2015-04-03,1.918,0.020213000000000002
2015-04-07,1.914,-0.002086
2015-04-08,1.887,-0.014107000000000001
2015-04-09,1.847,-0.021198
2015-04-10,1.879,0.017325
2015-04-13,1.921,0.022351999999999997
2015-04-14,1.915,-0.0031230000000000003
2015-04-15,1.801,-0.05953
2015-04-16,1.798,-0.001666
2015-04-17,1.771,-0.015017
2015-04-20,1.735,-0.020327
2015-04-21,1.819,0.048415
2015-04-22,1.867,0.026387999999999998
2015-04-23,1.896,0.015532999999999998
2015-04-24,1.897,0.000527
2015-04-27,1.901,0.002109
2015-04-28,1.823,-0.041031000000000005
2015-04-29,1.87,0.025782
2015-04-30,1.874,0.0021390000000000003
2015-05-04,1.876,0.001067
2015-05-05,1.817,-0.03145
2015-05-06,1.833,0.008806000000000001
2015-05-07,1.826,-0.0038190000000000003
2015-05-08,1.925,0.054217
2015-05-11,2.031,0.055065
2015-05-12,2.138,0.052683
2015-05-13,2.116,-0.010289999999999999
2015-05-14,2.095,-0.009923999999999999
2015-05-15,2.143,0.022912
2015-05-18,2.274,0.061128999999999996
2015-05-19,2.359,0.037378999999999996
2015-05-20,2.439,0.033913
2015-05-21,2.49,0.02091
2015-05-22,2.482,-0.0032129999999999997
2015-05-25,2.464,-0.007252
2015-05-26,2.534,0.028409
2015-05-27,2.564,0.011838999999999999
2015-05-28,2.406,-0.061622
2015-05-29,2.508,0.042394
2015-06-01,2.643,0.053827999999999994
2015-06-02,2.71,0.02535
2015-06-03,2.727,0.006273
2015-06-04,2.704,-0.008434
2015-06-05,2.698,-0.002219
2015-06-08,2.574,-0.04596
2015-06-09,2.555,-0.007382
2015-06-10,2.636,0.031703
2015-06-11,2.645,0.003414
2015-06-12,2.669,0.009074
2015-06-15,2.635,-0.012739
2015-06-16,2.556,-0.029981
2015-06-17,2.606,0.019562
2015-06-18,2.572,-0.013047
2015-06-19,2.44,-0.051322
2015-06-23,2.468,0.011474999999999999
2015-06-24,2.49,0.008914
2015-06-25,2.391,-0.039759
2015-06-26,2.198,-0.080719
2015-06-29,2.107,-0.041401
2015-06-30,2.182,0.035596
2015-07-01,2.042,-0.064161
2015-07-02,1.889,-0.07492700000000001
2015-07-03,1.771,-0.062466999999999995
2015-07-06,1.728,-0.02428
2015-07-07,1.655,-0.042245
2015-07-08,1.528,-0.076737
2015-07-09,1.576,0.031414
2015-07-10,1.671,0.060279
2015-07-13,1.786,0.06882100000000001
2015-07-14,1.819,0.018477
2015-07-15,1.722,-0.053326000000000005
2015-07-16,1.748,0.015099
2015-07-17,1.827,0.045195
2015-07-20,1.881,0.029557000000000003
2015-07-21,1.998,0.062201000000000006
2015-07-22,2.0,0.001001
2015-07-23,2.063,0.0315
2015-07-24,2.013,-0.024237
2015-07-27,1.898,-0.057129000000000006
2015-07-28,1.855,-0.022654999999999998
2015-07-29,1.934,0.042588
2015-07-30,1.873,-0.031541
2015-07-31,1.819,-0.028831000000000002
2015-08-03,1.745,-0.040682
2015-08-04,1.829,0.04813799999999999
2015-08-05,1.803,-0.014215
2015-08-06,1.776,-0.014975
2015-08-07,1.821,0.025338
2015-08-10,1.911,0.049423
2015-08-11,1.877,-0.017792
2015-08-12,1.834,-0.022909000000000002
2015-08-13,1.875,0.022355999999999997
2015-08-14,1.879,0.002133
2015-08-17,1.901,0.011708000000000001
2015-08-18,1.768,-0.069963
2015-08-19,1.791,0.013009
2015-08-20,1.749,-0.023451
2015-08-21,1.669,-0.045739999999999996
2015-08-24,1.56,-0.065309
2015-08-25,1.454,-0.067949
2015-08-26,1.445,-0.00619
2015-08-27,1.521,0.052595
2015-08-28,1.592,0.04668
2015-08-31,1.541,-0.032035
2015-09-01,1.498,-0.027903999999999998
2015-09-02,1.482,-0.010681000000000001
2015-09-07,1.455,-0.018219
2015-09-08,1.492,0.02543
2015-09-09,1.532,0.02681
2015-09-10,1.534,0.001305
2015-09-11,1.525,-0.005867
2015-09-14,1.48,-0.029508
2015-09-15,1.454,-0.017568
2015-09-16,1.532,0.053645
2015-09-17,1.504,-0.018277
2015-09-18,1.509,0.0033239999999999997
2015-09-21,1.566,0.037773
2015-09-22,1.605,0.024904000000000003
2015-09-23,1.598,-0.004361
2015-09-24,1.615,0.010638000000000002
2015-09-25,1.562,-0.032817
2015-09-28,1.611,0.03137
2015-09-29,1.634,0.014277
2015-09-30,1.629,-0.00306
2015-10-08,1.717,0.054021
2015-10-09,1.739,0.012813000000000001
2015-10-12,1.814,0.043128
2015-10-13,1.843,0.015987
2015-10-14,1.803,-0.021703999999999998
2015-10-15,1.864,0.033833
2015-10-16,1.905,0.021996
2015-10-19,1.899,-0.00315
2015-10-20,1.927,0.014745
2015-10-21,1.823,-0.053970000000000004
2015-10-22,1.893,0.038398
2015-10-23,1.943,0.026413000000000002
2015-10-26,1.937,-0.003088
2015-10-27,1.948,0.005679
2015-10-28,1.901,-0.024127
2015-10-29,1.918,0.008943
2015-10-30,1.913,-0.002607
2015-11-02,1.871,-0.021955
2015-11-03,1.91,0.020844
2015-11-04,1.996,0.045026000000000004
2015-11-05,1.992,-0.002004
2015-11-06,2.015,0.011546
2015-11-09,2.044,0.014392
2015-11-10,2.053,0.004403000000000001
2015-11-11,2.082,0.014126000000000001
2015-11-12,2.085,0.001441
2015-11-13,2.02,-0.031175
2015-11-16,2.078,0.028713000000000002
2015-11-17,2.04,-0.018287
2015-11-18,1.98,-0.029411999999999997
2015-11-19,2.048,0.034343
2015-11-20,2.062,0.006836
2015-11-23,2.029,-0.016004
2015-11-24,2.056,0.013307
2015-11-25,2.13,0.035992
2015-11-26,2.113,-0.007981
2015-11-27,1.96,-0.072409
2015-11-30,1.958,-0.0010199999999999999
2015-12-01,1.93,-0.0143
2015-12-02,1.908,-0.011399
2015-12-03,1.962,0.028302
2015-12-04,1.936,-0.013252
2015-12-07,1.934,-0.001033
2015-12-08,1.905,-0.014995000000000001
2015-12-09,1.906,0.000525
2015-12-10,1.892,-0.007345000000000001
2015-12-11,1.869,-0.012156
2015-12-14,1.884,0.008026
2015-12-15,1.938,0.028662
2015-12-16,2.002,0.033024
2015-12-17,2.058,0.027972
2015-12-18,2.081,0.011175999999999998
2015-12-21,2.072,-0.004325
2015-12-22,2.069,-0.001448
2015-12-23,2.035,-0.016433
2015-12-24,2.037,0.000983
2015-12-25,2.071,0.016691
2015-12-28,2.083,0.0057940000000000005
2015-12-29,2.094,0.005281
2015-12-30,2.105,0.005253
2015-12-31,2.078,-0.012827
2016-01-04,1.913,-0.079403
2016-01-05,1.86,-0.027705
2016-01-06,1.897,0.019892
2016-01-07,1.803,-0.049552
2016-01-08,1.796,-0.003882
2016-01-11,1.743,-0.02951
2016-01-12,1.718,-0.014343
2016-01-13,1.66,-0.03376
2016-01-14,1.713,0.031928
2016-01-15,1.663,-0.029189
2016-01-18,1.674,0.006614999999999999
2016-01-19,1.722,0.028673999999999998
2016-01-20,1.695,-0.015679000000000002
2016-01-21,1.624,-0.041887999999999995
2016-01-22,1.623,-0.000616
2016-01-25,1.634,0.006777999999999999
2016-01-26,1.536,-0.059976
2016-01-27,1.521,-0.009766
2016-01-28,1.472,-0.032216
2016-01-29,1.509,0.025136
2016-02-01,1.498,-0.00729
2016-02-02,1.544,0.030708000000000003
2016-02-03,1.557,0.00842
2016-02-04,1.593,0.023121
2016-02-05,1.589,-0.0025109999999999998
2016-02-15,1.588,-0.000629
2016-02-16,1.651,0.039673
2016-02-17,1.673,0.013325
2016-02-18,1.663,-0.005977
2016-02-19,1.673,0.006012999999999999
2016-02-22,1.693,0.011955
2016-02-23,1.673,-0.011813
2016-02-24,1.655,-0.010759000000000001
2016-02-25,1.58,-0.045316999999999996
2016-02-26,1.571,-0.005696
2016-02-29,1.533,-0.024188
2016-03-01,1.537,0.002609
2016-03-02,1.585,0.03123
2016-03-03,1.584,-0.000631
2016-03-04,1.581,-0.001894
2016-03-07,1.595,0.008855
2016-03-08,1.57,-0.015674
2016-03-09,1.536,-0.021655999999999998
2016-03-10,1.521,-0.009766
2016-03-11,1.516,-0.003287
2016-03-14,1.538,0.014512
2016-03-15,1.516,-0.014303999999999999
2016-03-16,1.507,-0.0059370000000000004
2016-03-17,1.537,0.019906999999999998
2016-03-18,1.574,0.024073
2016-03-21,1.606,0.02033
2016-03-22,1.603,-0.0018679999999999999
2016-03-23,1.609,0.0037430000000000002
2016-03-24,1.585,-0.014916
2016-03-25,1.598,0.008202000000000001
2016-03-28,1.591,-0.00438
2016-03-29,1.555,-0.022627
2016-03-30,1.588,0.021221999999999998
2016-03-31,1.591,0.001889
2016-04-01,1.577,-0.008799
2016-04-05,1.615,0.024096000000000003
2016-04-06,1.612,-0.0018579999999999998
2016-04-07,1.585,-0.016749
2016-04-08,1.579,-0.003785
2016-04-11,1.603,0.015199
2016-04-12,1.603,0.0
2016-04-13,1.613,0.0062380000000000005
2016-04-14,1.628,0.009299
2016-04-15,1.623,-0.003071
2016-04-18,1.587,-0.022181000000000003
2016-04-19,1.586,-0.00063
2016-04-20,1.507,-0.049810999999999994
2016-04-21,1.483,-0.015926
2016-04-22,1.509,0.017532000000000002
2016-04-25,1.502,-0.004639
2016-04-26,1.511,0.005992
2016-04-27,1.502,-0.005956
2016-04-28,1.497,-0.003329
2016-04-29,1.502,0.00334
2016-05-03,1.545,0.028628
2016-05-04,1.536,-0.005825
2016-05-05,1.541,0.003255
2016-05-06,1.491,-0.032446
2016-05-09,1.446,-0.030181
2016-05-10,1.458,0.008298999999999999
2016-05-11,1.486,0.019204000000000002
2016-05-12,1.47,-0.010767
2016-05-13,1.476,0.004082
2016-05-16,1.515,0.026423000000000002
2016-05-17,1.498,-0.011221000000000002
2016-05-18,1.463,-0.023364
2016-05-19,1.472,0.0061519999999999995
2016-05-20,1.481,0.0061140000000000005
2016-05-23,1.501,0.013504
2016-05-24,1.492,-0.0059960000000000005
2016-05-25,1.478,-0.009383
2016-05-26,1.476,-0.001353
2016-05-27,1.472,-0.00271
2016-05-30,1.469,-0.002038
2016-05-31,1.515,0.031314
2016-06-01,1.524,0.005940999999999999
2016-06-02,1.52,-0.002625
2016-06-03,1.528,0.005263
2016-06-06,1.538,0.006545
2016-06-07,1.544,0.003901
2016-06-08,1.525,-0.012306
2016-06-13,1.479,-0.030164
2016-06-14,1.491,0.008114
2016-06-15,1.517,0.017438
2016-06-16,1.524,0.004614
2016-06-17,1.533,0.005906
2016-06-20,1.529,-0.002609
2016-06-21,1.525,-0.002616
2016-06-22,1.541,0.010492
2016-06-23,1.522,-0.01233
2016-06-24,1.52,-0.0013139999999999998
2016-06-27,1.548,0.018421
2016-06-28,1.547,-0.0006460000000000001
2016-06-29,1.548,0.0006460000000000001
2016-06-30,1.57,0.014212
2016-07-01,1.571,0.0006370000000000001
2016-07-04,1.602,0.019733
2016-07-05,1.627,0.015605
2016-07-06,1.668,0.0252
2016-07-07,1.679,0.006595
2016-07-08,1.665,-0.008338
2016-07-11,1.657,-0.004805
2016-07-12,1.646,-0.006639000000000001
2016-07-13,1.629,-0.010327999999999999
2016-07-14,1.633,0.002455
2016-07-15,1.637,0.0024490000000000002
2016-07-18,1.648,0.00672
2016-07-19,1.634,-0.008495
2016-07-20,1.624,-0.00612
2016-07-21,1.624,0.0
2016-07-22,1.599,-0.015394000000000001
2016-07-25,1.6,0.000625
2016-07-26,1.625,0.015625
2016-07-27,1.588,-0.022768999999999998
2016-07-28,1.591,0.001889
2016-07-29,1.591,0.0
2016-08-01,1.572,-0.011942
2016-08-02,1.595,0.014631
2016-08-03,1.602,0.0043890000000000005
2016-08-04,1.611,0.005618
2016-08-05,1.602,-0.005587
2016-08-08,1.618,0.009988
2016-08-09,1.619,0.0006180000000000001
2016-08-10,1.604,-0.009265
2016-08-11,1.575,-0.01808
2016-08-12,1.587,0.007619
2016-08-15,1.609,0.013863
2016-08-16,1.603,-0.003729
2016-08-17,1.603,0.0
2016-08-18,1.592,-0.006862
2016-08-19,1.591,-0.000628
2016-08-22,1.576,-0.009427999999999999
2016-08-23,1.579,0.001904
2016-08-24,1.577,-0.0012670000000000001
2016-08-25,1.58,0.001902
2016-08-26,1.574,-0.003797
2016-08-29,1.57,-0.002541
2016-08-30,1.572,0.0012740000000000002
2016-08-31,1.578,0.0038169999999999996
2016-09-01,1.56,-0.011407
2016-09-02,1.534,-0.016667
2016-09-05,1.533,-0.0006519999999999999
2016-09-06,1.553,0.013046
2016-09-07,1.538,-0.009659
2016-09-08,1.535,-0.001951
2016-09-09,1.526,-0.005863
2016-09-12,1.483,-0.028178
2016-09-13,1.48,-0.002023
2016-09-14,1.468,-0.008107999999999999
2016-09-19,1.486,0.012262
2016-09-20,1.479,-0.004711
2016-09-21,1.477,-0.001352
2016-09-22,1.486,0.0060929999999999995
2016-09-23,1.48,-0.004038
2016-09-26,1.446,-0.022973
2016-09-27,1.453,0.004841
2016-09-28,1.458,0.003441
2016-09-29,1.473,0.010287999999999999
2016-09-30,1.488,0.010183
2016-10-10,1.524,0.024194
2016-10-11,1.539,0.009843
2016-10-12,1.527,-0.007796999999999999
2016-10-13,1.527,0.0
2016-10-14,1.522,-0.0032740000000000004
2016-10-17,1.519,-0.001971
2016-10-18,1.531,0.0079
2016-10-19,1.528,-0.00196
2016-10-20,1.522,-0.003927
2016-10-21,1.523,0.0006569999999999999
2016-10-24,1.528,0.003283
2016-10-25,1.526,-0.0013089999999999998
2016-10-26,1.528,0.0013109999999999999
2016-10-27,1.532,0.0026179999999999997
2016-10-28,1.519,-0.008486
2016-10-31,1.525,0.00395
2016-11-01,1.56,0.022951000000000003
2016-11-02,1.546,-0.008974
2016-11-03,1.547,0.0006469999999999999
2016-11-04,1.55,0.001939
2016-11-07,1.547,-0.001935
2016-11-08,1.556,0.005818
2016-11-09,1.541,-0.00964
2016-11-10,1.549,0.005191
2016-11-11,1.534,-0.009684
2016-11-14,1.523,-0.007170999999999999
2016-11-15,1.52,-0.00197
2016-11-16,1.518,-0.001316
2016-11-17,1.513,-0.003294
2016-11-18,1.511,-0.001322
2016-11-21,1.501,-0.006618000000000001
2016-11-22,1.507,0.003997
2016-11-23,1.513,0.003981
2016-11-24,1.52,0.004627
2016-11-25,1.518,-0.001316
2016-11-28,1.51,-0.00527
2016-11-29,1.499,-0.007285000000000001
2016-11-30,1.486,-0.008672
2016-12-01,1.485,-0.000673
2016-12-02,1.466,-0.012795
2016-12-05,1.454,-0.008186
2016-12-06,1.46,0.0041270000000000005
2016-12-07,1.47,0.006848999999999999
2016-12-08,1.464,-0.004082
2016-12-09,1.457,-0.0047810000000000005
2016-12-12,1.407,-0.034317
2016-12-13,1.409,0.001421
2016-12-14,1.392,-0.012065
2016-12-15,1.387,-0.003592
2016-12-16,1.393,0.004326
2016-12-19,1.394,0.000718
2016-12-20,1.395,0.000717
2016-12-21,1.407,0.008602
2016-12-22,1.408,0.0007109999999999999
2016-12-23,1.395,-0.009233
2016-12-26,1.402,0.005018
2016-12-27,1.4,-0.0014269999999999999
2016-12-28,1.404,0.002857
2016-12-29,1.4,-0.002849
2016-12-30,1.404,0.002857
2016-12-31,1.404,0.0
2017-01-03,1.406,0.0014249999999999998
2017-01-04,1.422,0.01138
2017-01-05,1.432,0.007032
2017-01-06,1.421,-0.007682
2017-01-09,1.416,-0.003519
2017-01-10,1.414,-0.0014119999999999998
2017-01-11,1.396,-0.012729999999999998
2017-01-12,1.384,-0.008596
2017-01-13,1.376,-0.0057799999999999995
2017-01-16,1.357,-0.013808
2017-01-17,1.369,0.008843
2017-01-18,1.378,0.006574
2017-01-19,1.363,-0.010885
2017-01-20,1.377,0.010270999999999999
2017-01-23,1.385,0.005809999999999999
2017-01-24,1.377,-0.005776
2017-01-25,1.382,0.0036309999999999997
2017-01-26,1.389,0.005064999999999999
2017-02-03,1.382,-0.00504
2017-02-06,1.4,0.013025
2017-02-07,1.392,-0.005714
2017-02-08,1.408,0.011493999999999999
2017-02-09,1.419,0.007813
2017-02-10,1.421,0.0014089999999999999
2017-02-13,1.431,0.007037
2017-02-14,1.427,-0.002795
2017-02-15,1.416,-0.0077080000000000004
2017-02-16,1.416,0.0
2017-02-17,1.417,0.0007059999999999999
2017-02-20,1.432,0.010586
2017-02-21,1.436,0.002793
2017-02-22,1.457,0.014624
2017-02-23,1.451,-0.004118
2017-02-24,1.459,0.0055130000000000005
2017-02-27,1.453,-0.004112
2017-02-28,1.466,0.008947
2017-03-01,1.467,0.000682
2017-03-02,1.464,-0.002045
2017-03-03,1.468,0.002732
2017-03-06,1.485,0.01158
2017-03-07,1.491,0.00404
2017-03-08,1.485,-0.004024
2017-03-09,1.467,-0.012121
2017-03-10,1.474,0.004772
2017-03-13,1.499,0.016961
2017-03-14,1.496,-0.002001
2017-03-15,1.493,-0.0020050000000000003
2017-03-16,1.498,0.0033489999999999995
2017-03-17,1.489,-0.006008
2017-03-20,1.495,0.004030000000000001
2017-03-21,1.516,0.014047
2017-03-22,1.513,-0.001979
2017-03-23,1.519,0.003966
2017-03-24,1.527,0.005266999999999999
2017-03-27,1.513,-0.009167999999999999
2017-03-28,1.509,-0.002644
2017-03-29,1.504,-0.003313
2017-03-30,1.483,-0.013963000000000001
2017-03-31,1.494,0.007417
2017-04-05,1.522,0.018742
2017-04-06,1.528,0.003942
2017-04-07,1.517,-0.007199
2017-04-10,1.496,-0.013843000000000001
2017-04-11,1.487,-0.0060160000000000005
2017-04-12,1.497,0.006725
2017-04-13,1.508,0.007348
2017-04-14,1.49,-0.011936
2017-04-17,1.497,0.004698
2017-04-18,1.514,0.011356
2017-04-19,1.527,0.008587000000000001
2017-04-20,1.522,-0.0032740000000000004
2017-04-21,1.494,-0.018397
2017-04-24,1.469,-0.016734
2017-04-25,1.494,0.017018
2017-04-26,1.497,0.0020080000000000002
2017-04-27,1.506,0.006012
2017-04-28,1.516,0.00664
2017-05-02,1.537,0.013852
2017-05-03,1.526,-0.007157
2017-05-04,1.525,-0.000655
2017-05-05,1.511,-0.00918
2017-05-08,1.481,-0.019854
2017-05-09,1.492,0.0074270000000000004
2017-05-10,1.483,-0.006031999999999999
2017-05-11,1.492,0.006069
2017-05-12,1.5,0.0053620000000000004
2017-05-15,1.51,0.006666999999999999
2017-05-16,1.539,0.019205
2017-05-17,1.526,-0.008447
2017-05-18,1.521,-0.003277
2017-05-19,1.525,0.00263
2017-05-22,1.525,0.0
2017-05-23,1.535,0.0065569999999999995
2017-05-24,1.53,-0.003257
2017-05-25,1.535,0.0032679999999999996
2017-05-26,1.542,0.00456
2017-05-31,1.545,0.001946
2017-06-01,1.54,-0.003236
2017-06-02,1.533,-0.004545
2017-06-05,1.521,-0.007828
2017-06-06,1.533,0.007890000000000001
2017-06-07,1.558,0.016308
2017-06-08,1.572,0.008986
2017-06-09,1.577,0.003181
2017-06-12,1.599,0.013951
2017-06-13,1.6,0.000625
2017-06-14,1.58,-0.0125
2017-06-15,1.568,-0.007594999999999999
2017-06-16,1.572,0.002551
2017-06-19,1.585,0.00827
2017-06-20,1.579,-0.003785
2017-06-21,1.6,0.013300000000000001
2017-06-22,1.59,-0.00625
2017-06-23,1.602,0.007547000000000001
2017-06-26,1.633,0.019351
2017-06-27,1.632,-0.000612
2017-06-28,1.612,-0.012255
2017-06-29,1.618,0.0037219999999999996
2017-06-30,1.621,0.0018540000000000002
2017-07-03,1.614,-0.004318
2017-07-04,1.602,-0.007435000000000001
2017-07-05,1.619,0.010612
2017-07-06,1.612,-0.004324
2017-07-07,1.608,-0.0024809999999999997
2017-07-10,1.602,-0.003731
2017-07-11,1.603,0.000624
2017-07-12,1.597,-0.0037430000000000002
2017-07-13,1.608,0.006888
2017-07-14,1.62,0.007463
2017-07-17,1.59,-0.018519
2017-07-18,1.595,0.0031450000000000002
2017-07-19,1.61,0.009404000000000001
2017-07-20,1.621,0.006832
2017-07-21,1.608,-0.008020000000000001
2017-07-24,1.611,0.0018659999999999998
2017-07-25,1.606,-0.003104
2017-07-26,1.591,-0.009340000000000001
2017-07-27,1.591,0.0
2017-07-28,1.608,0.010685
2017-07-31,1.629,0.01306
2017-08-01,1.649,0.012277
2017-08-02,1.646,-0.001819
2017-08-03,1.625,-0.012758
2017-08-04,1.611,-0.008615000000000001
2017-08-07,1.648,0.022967
2017-08-08,1.655,0.004248
2017-08-09,1.677,0.013293
2017-08-10,1.664,-0.007752
2017-08-11,1.625,-0.023438
2017-08-14,1.646,0.012923
2017-08-15,1.649,0.001823
2017-08-16,1.658,0.005457999999999999
2017-08-17,1.652,-0.003619
2017-08-18,1.639,-0.007869000000000001
2017-08-21,1.652,0.007932
2017-08-22,1.652,0.0
2017-08-23,1.631,-0.012712000000000001
2017-08-24,1.613,-0.011035999999999999
2017-08-25,1.645,0.019839
2017-08-28,1.672,0.016413
2017-08-29,1.666,-0.003589
2017-08-30,1.694,0.016807000000000002
2017-08-31,1.693,-0.0005899999999999999
2017-09-01,1.697,0.002363
2017-09-04,1.694,-0.001768
2017-09-05,1.703,0.005313
2017-09-06,1.697,-0.003523
2017-09-07,1.684,-0.007661
2017-09-08,1.688,0.002375
2017-09-11,1.718,0.017773
2017-09-12,1.727,0.005239000000000001
2017-09-13,1.748,0.012159999999999999
2017-09-14,1.747,-0.000572
2017-09-15,1.723,-0.013737999999999998
2017-09-18,1.731,0.0046429999999999996
2017-09-19,1.732,0.000578
2017-09-20,1.752,0.011547
2017-09-21,1.73,-0.012557
2017-09-22,1.718,-0.006936
2017-09-25,1.712,-0.0034920000000000003
2017-09-26,1.715,0.0017519999999999999
2017-09-27,1.722,0.004082
2017-09-28,1.716,-0.0034839999999999997
2017-09-29,1.715,-0.000583
2017-10-09,1.722,0.004082
2017-10-10,1.731,0.005226
2017-10-11,1.725,-0.0034660000000000003
2017-10-12,1.723,-0.001159
2017-10-13,1.741,0.010447
2017-10-16,1.722,-0.010912999999999999
2017-10-17,1.719,-0.0017419999999999998
2017-10-18,1.728,0.005235999999999999
2017-10-19,1.725,-0.0017360000000000001
2017-10-20,1.731,0.003478
2017-10-23,1.729,-0.001155
2017-10-24,1.735,0.0034699999999999996
2017-10-25,1.729,-0.003458
2017-10-26,1.745,0.009254
2017-10-27,1.753,0.0045850000000000005
2017-10-30,1.735,-0.010268
2017-10-31,1.738,0.001729
2017-11-01,1.742,0.002301
2017-11-02,1.743,0.000574
2017-11-03,1.738,-0.002869
2017-11-06,1.767,0.016686
2017-11-07,1.76,-0.003962
2017-11-08,1.741,-0.010794999999999999
2017-11-09,1.757,0.00919
2017-11-10,1.789,0.018213
2017-11-13,1.783,-0.0033539999999999998
2017-11-14,1.749,-0.019069
2017-11-15,1.746,-0.0017150000000000002
2017-11-16,1.771,0.014317999999999999
2017-11-17,1.731,-0.022586
2017-11-20,1.743,0.006932000000000001
2017-11-21,1.766,0.013196000000000001
2017-11-22,1.732,-0.019253
2017-11-23,1.664,-0.039261
2017-11-24,1.656,-0.004808
2017-11-27,1.639,-0.010265999999999999
2017-11-28,1.668,0.017694
2017-11-29,1.661,-0.004197
2017-11-30,1.648,-0.007826999999999999
2017-12-01,1.648,0.0
2017-12-04,1.664,0.009709
2017-12-05,1.65,-0.008413
2017-12-06,1.649,-0.000606
2017-12-07,1.638,-0.006671
2017-12-08,1.661,0.014041999999999999
2017-12-11,1.698,0.022275999999999997
2017-12-12,1.684,-0.008245
2017-12-13,1.703,0.011283000000000001
2017-12-14,1.703,0.0
2017-12-15,1.691,-0.007046
2017-12-18,1.697,0.003548
2017-12-19,1.718,0.012375
2017-12-20,1.73,0.006985
2017-12-21,1.723,-0.004046
2017-12-22,1.716,-0.004063
2017-12-25,1.711,-0.002914
2017-12-26,1.714,0.0017530000000000002
2017-12-27,1.679,-0.020419999999999997
2017-12-28,1.711,0.019059
2017-12-29,1.709,-0.0011690000000000001
2017-12-31,1.709,0.0
2018-01-02,1.726,0.009947000000000001
2018-01-03,1.751,0.014483999999999999
2018-01-04,1.744,-0.003998
2018-01-05,1.738,-0.00344
2018-01-08,1.752,0.008055
2018-01-09,1.773,0.011986000000000002
2018-01-10,1.754,-0.010716000000000002
2018-01-11,1.739,-0.008551999999999999
2018-01-12,1.749,0.00575
2018-01-15,1.748,-0.000572
2018-01-16,1.733,-0.008581
2018-01-17,1.7,-0.019042
2018-01-18,1.695,-0.0029409999999999996
2018-01-19,1.694,-0.0005899999999999999
2018-01-22,1.721,0.015939000000000002
2018-01-23,1.724,0.0017430000000000002
2018-01-24,1.727,0.0017399999999999998
2018-01-25,1.73,0.0017369999999999998
2018-01-26,1.752,0.012717000000000001
2018-01-29,1.731,-0.011986000000000002
2018-01-30,1.725,-0.0034660000000000003
2018-01-31,1.749,0.013913
2018-02-01,1.745,-0.002287
2018-02-02,1.749,0.0022919999999999998
2018-02-05,1.779,0.017153
2018-02-06,1.728,-0.028668
2018-02-07,1.648,-0.046296
2018-02-08,1.624,-0.014563
2018-02-09,1.545,-0.048644999999999994
2018-02-12,1.571,0.016828
2018-02-13,1.598,0.017186999999999997
2018-02-14,1.6,0.001252
2018-02-22,1.665,0.040625
2018-02-23,1.671,0.003604
2018-02-26,1.681,0.005984000000000001
2018-02-27,1.649,-0.019036
2018-02-28,1.636,-0.007884
2018-03-01,1.646,0.006111999999999999
2018-03-02,1.627,-0.011543000000000001
2018-03-05,1.643,0.009834
2018-03-06,1.661,0.010955999999999999
2018-03-07,1.637,-0.014449
2018-03-08,1.645,0.004887
2018-03-09,1.66,0.009119
2018-03-12,1.668,0.004819
2018-03-13,1.649,-0.011391
2018-03-14,1.644,-0.0030320000000000004
2018-03-15,1.645,0.000608
2018-03-16,1.637,-0.004863
2018-03-19,1.625,-0.00733
2018-03-20,1.617,-0.004923
2018-03-21,1.606,-0.006803
2018-03-22,1.579,-0.016812
2018-03-23,1.547,-0.020266000000000003
2018-03-26,1.533,-0.00905
2018-03-27,1.556,0.015002999999999999
2018-03-28,1.533,-0.014780999999999999
2018-03-29,1.553,0.013046
2018-03-30,1.575,0.014166000000000002
2018-04-02,1.58,0.003175
2018-04-03,1.567,-0.008228
2018-04-04,1.569,0.001276
2018-04-09,1.568,-0.0006370000000000001
2018-04-10,1.585,0.010842000000000001
2018-04-11,1.595,0.006309
2018-04-12,1.581,-0.008777
2018-04-13,1.577,-0.00253
2018-04-16,1.581,0.002536
2018-04-17,1.544,-0.023403
2018-04-18,1.553,0.005829
2018-04-19,1.56,0.004507
2018-04-20,1.525,-0.022435999999999998
2018-04-23,1.498,-0.017705
2018-04-24,1.54,0.028037
2018-04-25,1.548,0.005195
2018-04-26,1.535,-0.008398
2018-04-27,1.537,0.001303
2018-05-02,1.549,0.007807
2018-05-03,1.585,0.023241
2018-05-04,1.584,-0.000631
2018-05-07,1.617,0.020833
2018-05-08,1.613,-0.002474
2018-05-09,1.619,0.0037199999999999998
2018-05-10,1.619,0.0
2018-05-11,1.604,-0.009265
2018-05-14,1.628,0.014962999999999999
2018-05-15,1.638,0.006142999999999999
2018-05-16,1.631,-0.004274
2018-05-17,1.601,-0.018394
2018-05-18,1.602,0.000625
2018-05-21,1.623,0.013108999999999999
2018-05-22,1.621,-0.001232
2018-05-23,1.608,-0.008020000000000001
2018-05-24,1.591,-0.010572
2018-05-25,1.59,-0.000629
2018-05-28,1.621,0.019497
2018-05-29,1.623,0.0012339999999999999
2018-05-30,1.603,-0.012322999999999999
2018-05-31,1.631,0.017467
2018-06-01,1.626,-0.0030659999999999997
2018-06-04,1.641,0.009225
2018-06-05,1.665,0.014624999999999999
2018-06-06,1.676,0.006606999999999999
2018-06-07,1.665,-0.006563
2018-06-08,1.645,-0.012012
2018-06-11,1.633,-0.007295
2018-06-12,1.678,0.027557
2018-06-13,1.667,-0.006555
2018-06-14,1.647,-0.011998
2018-06-15,1.643,-0.002429
2018-06-19,1.597,-0.027998
2018-06-20,1.601,0.002505
2018-06-21,1.58,-0.013117
2018-06-22,1.595,0.009494
2018-06-25,1.563,-0.020063
2018-06-26,1.567,0.002559
2018-06-27,1.531,-0.022974
2018-06-28,1.506,-0.016329
2018-06-29,1.548,0.027888000000000003
2018-06-30,1.548,0.0
2018-07-02,1.543,-0.0032300000000000002
2018-07-03,1.518,-0.016202
2018-07-04,1.509,-0.005929
2018-07-05,1.492,-0.011266
2018-07-06,1.491,-0.00067
2018-07-09,1.536,0.030181
2018-07-10,1.548,0.007813
2018-07-11,1.538,-0.0064600000000000005
2018-07-12,1.569,0.020156
2018-07-13,1.603,0.02167
2018-07-16,1.595,-0.004991
2018-07-17,1.591,-0.0025080000000000002
2018-07-18,1.561,-0.018855999999999998
2018-07-19,1.556,-0.0032029999999999997
2018-07-20,1.562,0.003856
2018-07-23,1.558,-0.002561
2018-07-24,1.574,0.01027
2018-07-25,1.572,-0.001271
2018-07-26,1.536,-0.022900999999999998
2018-07-27,1.53,-0.003906
2018-07-30,1.503,-0.017647
2018-07-31,1.503,0.0
2018-08-01,1.49,-0.008649
2018-08-02,1.461,-0.019462999999999998
2018-08-03,1.418,-0.029432
2018-08-06,1.367,-0.035966
2018-08-07,1.4,0.02414
2018-08-08,1.365,-0.025
2018-08-09,1.402,0.027105999999999998
2018-08-10,1.41,0.005706
2018-08-13,1.414,0.002837
2018-08-14,1.418,0.002829
2018-08-15,1.388,-0.021157
2018-08-16,1.371,-0.012248000000000002
2018-08-17,1.347,-0.017505
2018-08-20,1.345,-0.001485
2018-08-21,1.384,0.028996
2018-08-22,1.367,-0.012282999999999999
2018-08-23,1.374,0.005121
2018-08-24,1.368,-0.004366999999999999
2018-08-27,1.41,0.030701999999999997
2018-08-28,1.405,-0.003546
2018-08-29,1.4,-0.003559
2018-08-30,1.393,-0.005
2018-08-31,1.381,-0.008615000000000001
2018-09-03,1.39,0.006516999999999999
2018-09-04,1.397,0.0050360000000000005
2018-09-05,1.374,-0.016464
2018-09-06,1.362,-0.008733999999999999
2018-09-07,1.368,0.004405
2018-09-10,1.35,-0.013158000000000001
2018-09-11,1.357,0.0051849999999999995
2018-09-12,1.339,-0.013265
2018-09-13,1.343,0.002987
2018-09-14,1.33,-0.00968
2018-09-17,1.32,-0.0075190000000000005
2018-09-18,1.344,0.018182
2018-09-19,1.374,0.022321
2018-09-20,1.367,-0.005095
2018-09-21,1.393,0.01902
2018-09-25,1.391,-0.001436
2018-09-26,1.407,0.011503000000000001
2018-09-27,1.399,-0.005686
2018-09-28,1.408,0.0064329999999999995
2018-10-08,1.354,-0.038352
2018-10-09,1.352,-0.001477
2018-10-10,1.331,-0.015532999999999998
2018-10-11,1.283,-0.036063
2018-10-12,1.297,0.010912
2018-10-15,1.286,-0.008480999999999999
2018-10-16,1.274,-0.009331
2018-10-17,1.261,-0.010204
2018-10-18,1.23,-0.024584
2018-10-19,1.267,0.030081000000000004
2018-10-22,1.316,0.038674
2018-10-23,1.281,-0.026596
2018-10-24,1.263,-0.014052
2018-10-25,1.255,-0.006333999999999999
2018-10-26,1.239,-0.012749
2018-10-29,1.204,-0.028249
2018-10-30,1.212,0.006645
2018-10-31,1.225,0.010726
2018-11-01,1.233,0.006531
2018-11-02,1.268,0.028386
2018-11-05,1.259,-0.007098
2018-11-06,1.261,0.0015890000000000001
2018-11-07,1.265,0.003172
2018-11-08,1.259,-0.004743
2018-11-09,1.257,-0.0015890000000000001
2018-11-12,1.271,0.011137999999999999
2018-11-13,1.282,0.008655000000000001
2018-11-14,1.275,-0.0054600000000000004
2018-11-15,1.285,0.007843
2018-11-16,1.296,0.00856
2018-11-19,1.296,0.0
2018-11-20,1.269,-0.020833
2018-11-21,1.271,0.001576
2018-11-22,1.267,-0.0031469999999999996
2018-11-23,1.243,-0.018942
2018-11-26,1.236,-0.005632000000000001
2018-11-27,1.241,0.004045
2018-11-28,1.253,0.00967
2018-11-29,1.239,-0.011172999999999999
2018-11-30,1.247,0.006457000000000001
2018-12-03,1.274,0.021652
2018-12-04,1.276,0.00157
2018-12-05,1.273,-0.0023510000000000002
2018-12-06,1.256,-0.013354
2018-12-07,1.259,0.002389
2018-12-10,1.246,-0.010326
2018-12-11,1.254,0.006421
2018-12-12,1.256,0.001595
2018-12-13,1.271,0.011942999999999999
2018-12-14,1.259,-0.009441
2018-12-17,1.249,-0.007943
2018-12-18,1.24,-0.007206000000000001
2018-12-19,1.224,-0.012903
2018-12-20,1.224,0.0
2018-12-21,1.221,-0.002451
2018-12-24,1.228,0.005733
2018-12-25,1.226,-0.0016289999999999998
2018-12-26,1.225,-0.0008160000000000001
2018-12-27,1.216,-0.007347
2018-12-28,1.226,0.008224
2018-12-31,1.225,0.0
2019-01-02,1.211,-0.012235000000000001
2019-01-03,1.196,-0.012386
2019-01-04,1.209,0.01087
2019-01-07,1.219,0.008270999999999999
2019-01-08,1.214,-0.004102
2019-01-09,1.226,0.009885
2019-01-10,1.222,-0.003263
2019-01-11,1.224,0.0016370000000000002
2019-01-14,1.215,-0.007352999999999999
2019-01-15,1.231,0.013169
2019-01-16,1.241,0.008123
2019-01-17,1.239,-0.0016120000000000002
2019-01-18,1.25,0.008878
2019-01-21,1.26,0.008
2019-01-22,1.251,-0.007143
2019-01-23,1.255,0.0031969999999999998
2019-01-24,1.262,0.005578
2019-01-25,1.273,0.008716
2019-01-28,1.272,-0.000786
2019-01-29,1.272,0.0
2019-01-30,1.257,-0.011792
2019-01-31,1.26,0.002387
2019-02-01,1.274,0.011111
2019-02-11,1.31,0.028256999999999997
2019-02-12,1.317,0.005344
2019-02-13,1.326,0.006834
2019-02-14,1.336,0.007541
2019-02-15,1.318,-0.013472999999999999
2019-02-18,1.354,0.027313999999999998
2019-02-19,1.343,-0.008124
2019-02-20,1.336,-0.005212
2019-02-21,1.327,-0.006737
2019-02-22,1.336,0.006782
2019-02-25,1.374,0.028443
2019-02-26,1.361,-0.009461
2019-02-27,1.355,-0.004409
2019-02-28,1.359,0.002952
2019-03-01,1.391,0.023547
2019-03-04,1.411,0.014378
2019-03-05,1.428,0.012048000000000001
2019-03-06,1.44,0.008403
2019-03-07,1.428,-0.008333
2019-03-08,1.417,-0.007703
2019-03-11,1.47,0.037403
2019-03-12,1.489,0.012924999999999999
2019-03-13,1.451,-0.02552
2019-03-14,1.431,-0.013784000000000001
2019-03-15,1.458,0.018868
2019-03-18,1.527,0.047325
2019-03-19,1.541,0.009167999999999999
2019-03-20,1.534,-0.004543
2019-03-21,1.527,-0.004563
2019-03-22,1.53,0.001965
2019-03-25,1.507,-0.015033000000000001
2019-03-26,1.505,-0.001327
2019-03-27,1.531,0.017276
2019-03-28,1.535,0.002613
2019-03-29,1.581,0.029967
2019-04-01,1.627,0.029096
2019-04-02,1.613,-0.008605
2019-04-03,1.61,-0.0018599999999999999
2019-04-04,1.641,0.019255
2019-04-08,1.631,-0.0060940000000000005
2019-04-09,1.639,0.004905
2019-04-10,1.65,0.006711
2019-04-11,1.613,-0.022424
2019-04-12,1.62,0.00434
2019-04-15,1.607,-0.008025
2019-04-16,1.628,0.013068
2019-04-17,1.678,0.030713
2019-04-18,1.685,0.004172
2019-04-19,1.706,0.012463
2019-04-22,1.697,-0.005274999999999999
2019-04-23,1.7,0.001768
2019-04-24,1.708,0.004706
2019-04-25,1.662,-0.026932
2019-04-26,1.662,0.0
2019-04-29,1.638,-0.01444
2019-04-30,1.66,0.013431
2019-05-06,1.556,-0.062651
2019-05-07,1.562,0.003856
2019-05-08,1.531,-0.019846
2019-05-09,1.513,-0.011757
2019-05-10,1.581,0.044944
2019-05-13,1.564,-0.010752999999999999
2019-05-14,1.568,0.0025580000000000004
2019-05-15,1.618,0.031888
2019-05-16,1.621,0.0018540000000000002
2019-05-17,1.587,-0.020975
2019-05-20,1.549,-0.023944999999999998
2019-05-21,1.579,0.019367000000000002
2019-05-22,1.575,-0.002533
2019-05-23,1.526,-0.031111
2019-05-24,1.522,-0.002621
2019-05-27,1.545,0.015112
2019-05-28,1.576,0.020065
2019-05-29,1.583,0.004442
2019-05-30,1.584,0.0006320000000000001
2019-05-31,1.581,-0.001894
2019-06-03,1.578,-0.001898
2019-06-04,1.555,-0.014575
2019-06-05,1.546,-0.005788
2019-06-06,1.529,-0.010995999999999999
2019-06-10,1.543,0.009156
2019-06-11,1.59,0.030459999999999997
2019-06-12,1.576,-0.008805
2019-06-13,1.575,-0.000635
2019-06-14,1.561,-0.008889000000000001
2019-06-17,1.558,-0.001922
2019-06-18,1.562,0.002567
2019-06-19,1.579,0.010883
2019-06-20,1.609,0.018999
2019-06-21,1.617,0.004972
2019-06-24,1.629,0.007421
2019-06-25,1.617,-0.007366
2019-06-26,1.623,0.003711
2019-06-27,1.635,0.0073939999999999995
2019-06-28,1.631,-0.0024460000000000003
2019-06-30,1.631,0.0
2019-07-01,1.677,0.028203999999999996
2019-07-02,1.686,0.005366999999999999
2019-07-03,1.668,-0.010676000000000001
2019-07-04,1.652,-0.009592
2019-07-05,1.676,0.014528000000000001
2019-07-08,1.655,-0.01253
2019-07-09,1.658,0.001813
2019-07-10,1.651,-0.004222
2019-07-11,1.647,-0.002423
2019-07-12,1.652,0.0030359999999999996
2019-07-15,1.678,0.015738000000000002
2019-07-16,1.668,-0.005959
2019-07-17,1.677,0.005396
2019-07-18,1.663,-0.008348
2019-07-19,1.674,0.006614999999999999
2019-07-22,1.655,-0.01135
2019-07-23,1.661,0.0036249999999999998
2019-07-24,1.671,0.00602
2019-07-25,1.692,0.012567
2019-07-26,1.693,0.0005909999999999999
2019-07-29,1.709,0.009451000000000001
2019-07-30,1.71,0.000585
2019-07-31,1.695,-0.008772
2019-08-01,1.687,-0.004719999999999999
2019-08-02,1.679,-0.004742
2019-08-05,1.658,-0.012506999999999999
2019-08-06,1.647,-0.006634
2019-08-07,1.632,-0.009106999999999999
2019-08-08,1.646,0.008578
2019-08-09,1.612,-0.020655999999999997
2019-08-12,1.64,0.01737
2019-08-13,1.63,-0.006098
2019-08-14,1.644,0.008589
2019-08-15,1.654,0.006083
2019-08-16,1.676,0.013301
2019-08-19,1.682,0.00358
2019-08-20,1.684,0.001189
2019-08-21,1.673,-0.006532
2019-08-22,1.694,0.012552
2019-08-23,1.697,0.001771
2019-08-26,1.679,-0.010607
2019-08-27,1.71,0.018463
2019-08-28,1.72,0.005848
2019-08-29,1.716,-0.002326
2019-08-30,1.716,0.0
2019-09-02,1.729,0.007576
2019-09-03,1.728,-0.000578
2019-09-04,1.724,-0.0023150000000000002
2019-09-05,1.728,0.00232
2019-09-06,1.73,0.001157
2019-09-09,1.736,0.003468
2019-09-10,1.738,0.001152
2019-09-11,1.715,-0.013234
2019-09-12,1.719,0.002332
2019-09-16,1.714,-0.002909
2019-09-17,1.693,-0.012252
2019-09-18,1.717,0.014176
2019-09-19,1.722,0.002912
2019-09-20,1.727,0.002904
2019-09-23,1.709,-0.010423
2019-09-24,1.719,0.005850999999999999
2019-09-25,1.705,-0.008144
2019-09-26,1.686,-0.011144000000000001
2019-09-27,1.689,0.001779
2019-09-30,1.684,-0.00296
2019-10-08,1.691,0.004157
2019-10-09,1.684,-0.00414
2019-10-10,1.695,0.006532
2019-10-11,1.704,0.0053100000000000005
2019-10-14,1.717,0.007629
2019-10-15,1.721,0.00233
2019-10-16,1.714,-0.004067
2019-10-17,1.713,-0.000583
2019-10-18,1.715,0.001168
2019-10-21,1.724,0.005248
2019-10-22,1.73,0.0034799999999999996
2019-10-23,1.725,-0.0028899999999999998
2019-10-24,1.719,-0.003478
2019-10-25,1.731,0.006981
2019-10-28,1.735,0.002311
2019-10-29,1.762,0.015562
2019-10-30,1.763,0.000568
2019-10-31,1.764,0.000567
2019-11-01,1.786,0.012472
2019-11-04,1.794,0.004479
2019-11-05,1.812,0.010033
2019-11-06,1.797,-0.008278
2019-11-07,1.803,0.003339
2019-11-08,1.809,0.003328
2019-11-11,1.77,-0.021559
2019-11-12,1.76,-0.00565
2019-11-13,1.755,-0.002841
2019-11-14,1.766,0.006268
2019-11-15,1.759,-0.003964
2019-11-18,1.764,0.002843
2019-11-19,1.778,0.007937
2019-11-20,1.775,-0.001687
2019-11-21,1.763,-0.0067610000000000005
2019-11-22,1.73,-0.018718
2019-11-25,1.721,-0.005202
2019-11-26,1.728,0.004067
2019-11-27,1.724,-0.0023150000000000002
2019-11-28,1.721,-0.0017399999999999998
2019-11-29,1.706,-0.008716
2019-12-02,1.705,-0.000586
2019-12-03,1.711,0.003519
2019-12-04,1.71,-0.000584
2019-12-05,1.714,0.002339
2019-12-06,1.733,0.011085000000000001
2019-12-09,1.72,-0.007501
2019-12-10,1.724,0.002326
2019-12-11,1.711,-0.007541
2019-12-12,1.712,0.000584
2019-12-13,1.74,0.016354999999999998
2019-12-16,1.744,0.002299
2019-12-17,1.75,0.00344
2019-12-18,1.743,-0.004
2019-12-19,1.741,-0.001147
2019-12-20,1.743,0.001149
2019-12-23,1.732,-0.006311
2019-12-24,1.742,0.0057740000000000005
2019-12-25,1.729,-0.007463
2019-12-26,1.732,0.0017349999999999998
2019-12-27,1.73,-0.001155
2019-12-30,1.754,0.013873
2019-12-31,1.761,0.003991
2020-01-02,1.774,0.007382
2020-01-03,1.754,-0.011274
2020-01-06,1.743,-0.006271
2020-01-07,1.771,0.016064000000000002
2020-01-08,1.754,-0.009599
2020-01-09,1.788,0.019384
2020-01-10,1.806,0.010067
2020-01-13,1.822,0.008859
2020-01-14,1.82,-0.001098
2020-01-15,1.819,-0.000549
2020-01-16,1.822,0.0016489999999999999
2020-01-17,1.818,-0.002195
2020-01-20,1.803,-0.008251
2020-01-21,1.764,-0.021631
2020-01-22,1.762,-0.001134
2020-01-23,1.706,-0.031782
2020-02-03,1.604,-0.059789
2020-02-04,1.649,0.028055
2020-02-05,1.675,0.015767
2020-02-06,1.723,0.028657
2020-02-07,1.748,0.01451
2020-02-10,1.768,0.011442
2020-02-11,1.758,-0.005656
2020-02-12,1.771,0.0073950000000000005
2020-02-13,1.745,-0.014681
2020-02-14,1.741,-0.0022919999999999998
2020-02-17,1.762,0.012062
2020-02-18,1.775,0.007378
2020-02-19,1.775,0.0
2020-02-20,1.803,0.015774999999999997
2020-02-21,1.819,0.008874
2020-02-24,1.808,-0.006047
2020-02-25,1.826,0.009956
2020-02-26,1.787,-0.021358000000000002
2020-02-27,1.808,0.011752
2020-02-28,1.744,-0.035398
2020-03-02,1.777,0.018922
2020-03-03,1.783,0.003376
2020-03-04,1.808,0.014020999999999999
2020-03-05,1.88,0.039823
2020-03-06,1.852,-0.014894000000000001
2020-03-09,1.78,-0.038877
2020-03-10,1.827,0.026404
2020-03-11,1.819,-0.004379
2020-03-12,1.78,-0.02144
2020-03-13,1.752,-0.01573
2020-03-16,1.689,-0.035959
2020-03-17,1.663,-0.015394000000000001
2020-03-18,1.631,-0.019242
2020-03-19,1.591,-0.024525
2020-03-20,1.625,0.02137
2020-03-23,1.575,-0.030769
2020-03-24,1.633,0.036825000000000004
2020-03-25,1.667,0.020821
2020-03-26,1.669,0.0012
2020-03-27,1.68,0.0065910000000000005
2020-03-30,1.674,-0.0035709999999999995
2020-03-31,1.698,0.014336999999999999
2020-04-01,1.672,-0.015312
2020-04-02,1.683,0.006579000000000001
2020-04-03,1.668,-0.008912999999999999
2020-04-07,1.705,0.022182
2020-04-08,1.701,-0.002346
2020-04-09,1.729,0.016461
2020-04-10,1.721,-0.004627
2020-04-13,1.721,0.0
2020-04-14,1.74,0.011040000000000001
2020-04-15,1.736,-0.002299
2020-04-16,1.742,0.0034560000000000003
2020-04-17,1.749,0.004018
2020-04-20,1.76,0.006289
2020-04-21,1.738,-0.0125
2020-04-22,1.776,0.021863999999999998
2020-04-23,1.773,-0.001689
2020-04-24,1.758,-0.00846
2020-04-27,1.77,0.006826
2020-04-28,1.788,0.010169
2020-04-29,1.769,-0.010626
2020-04-30,1.763,-0.003392
2020-05-06,1.787,0.013613
2020-05-07,1.802,0.008394
2020-05-08,1.819,0.009434
2020-05-11,1.816,-0.0016489999999999999
2020-05-12,1.844,0.015419
2020-05-13,1.86,0.008677
2020-05-14,1.852,-0.004301
2020-05-15,1.846,-0.0032400000000000003
2020-05-18,1.87,0.013001
2020-05-19,1.893,0.012299
2020-05-20,1.883,-0.0052829999999999995
2020-05-21,1.892,0.0047799999999999995
2020-05-22,1.857,-0.018499
2020-05-25,1.886,0.015617
2020-05-26,1.933,0.02492
2020-05-27,1.928,-0.002587
2020-05-28,1.924,-0.002075
2020-05-29,1.97,0.023909
2020-06-01,2.019,0.024873
2020-06-02,1.987,-0.015849
2020-06-03,1.99,0.00151
2020-06-04,2.037,0.023618
2020-06-05,2.013,-0.011781999999999999
2020-06-08,2.013,0.0
2020-06-09,2.016,0.00149
2020-06-10,2.035,0.009425
2020-06-11,2.029,-0.002948
2020-06-12,2.05,0.01035
2020-06-15,2.06,0.004878
2020-06-16,2.115,0.026699
2020-06-17,2.118,0.001418
2020-06-18,2.108,-0.004721
2020-06-19,2.126,0.008539
2020-06-22,2.13,0.0018809999999999999
2020-06-23,2.169,0.01831
2020-06-24,2.15,-0.00876
2020-06-29,2.163,0.006047
2020-06-30,2.217,0.024965
2020-07-01,2.263,0.020749
2020-07-02,2.267,0.001768
2020-07-03,2.279,0.005293
2020-07-06,2.338,0.025889000000000002
2020-07-07,2.385,0.020103
2020-07-08,2.419,0.014256
2020-07-09,2.441,0.009094999999999999
2020-07-10,2.461,0.008193
2020-07-13,2.494,0.013408999999999999
2020-07-14,2.463,-0.012430000000000002
2020-07-15,2.465,0.0008119999999999999
2020-07-16,2.29,-0.070994
2020-07-17,2.344,0.023580999999999998
2020-07-20,2.354,0.004266
2020-07-21,2.406,0.022090000000000002
2020-07-22,2.441,0.014547000000000001
2020-07-23,2.459,0.007374
2020-07-24,2.324,-0.054900000000000004
2020-07-27,2.316,-0.003442
2020-07-28,2.402,0.037133
2020-07-29,2.453,0.021232
2020-07-30,2.465,0.0048920000000000005
2020-07-31,2.502,0.015009999999999999
2020-08-03,2.532,0.01199
2020-08-04,2.504,-0.011057999999999998
2020-08-05,2.538,0.013578
2020-08-06,2.513,-0.00985
2020-08-07,2.493,-0.007959
2020-08-10,2.478,-0.006017
2020-08-11,2.472,-0.002421
2020-08-12,2.431,-0.016586
2020-08-13,2.437,0.0024679999999999997
2020-08-14,2.455,0.007386
2020-08-17,2.501,0.018737
2020-08-18,2.55,0.019592000000000002
2020-08-19,2.562,0.004706
2020-08-20,2.544,-0.007026
2020-08-21,2.583,0.01533
2020-08-24,2.599,0.0062
2020-08-25,2.634,0.013500000000000002
2020-08-26,2.6,-0.0129
2020-08-27,2.636,0.0138
2020-08-28,2.722,0.0326
2020-08-31,2.749,0.009899999999999999
2020-09-01,2.745,-0.0015
2020-09-02,2.735,-0.0036
2020-09-03,2.72,-0.0055000000000000005
2020-09-04,2.671,-0.018000000000000002
2020-09-07,2.605,-0.024700000000000003
2020-09-08,2.572,-0.0127
2020-09-09,2.498,-0.0288
2020-09-10,2.504,0.0024
2020-09-11,2.544,0.016
2020-09-14,2.554,0.0039000000000000003
2020-09-15,2.588,0.013300000000000001
2020-09-16,2.546,-0.016200000000000003
2020-09-17,2.507,-0.015300000000000001
2020-09-18,2.546,0.015600000000000001
2020-09-21,2.502,-0.0173
2020-09-22,2.483,-0.0076
2020-09-23,2.489,0.0024
2020-09-24,2.439,-0.020099999999999996
2020-09-25,2.452,0.0053
2020-09-28,2.477,0.0102
2020-09-29,2.486,0.0036
2020-09-30,2.49,0.0016
2020-10-09,2.536,0.018500000000000003
2020-10-12,2.63,0.0371
2020-10-13,2.654,0.0091
2020-10-14,2.643,-0.0040999999999999995
2020-10-15,2.633,-0.0038
2020-10-16,2.631,-0.0008
2020-10-19,2.596,-0.013300000000000001
2020-10-20,2.649,0.0204
2020-10-21,2.659,0.0038
2020-10-22,2.679,0.0075
2020-10-23,2.609,-0.026099999999999998
2020-10-26,2.592,-0.006500000000000001
2020-10-27,2.601,0.0034999999999999996
2020-10-28,2.672,0.0273
2020-10-29,2.725,0.019799999999999998
2020-10-30,2.635,-0.033
2020-11-02,2.638,0.0011
2020-11-03,2.672,0.0129
2020-11-04,2.697,0.009399999999999999
2020-11-05,2.746,0.0182
2020-11-06,2.731,-0.0055000000000000005
2020-11-09,2.77,0.0143
2020-11-10,2.766,-0.0014000000000000002
2020-11-11,2.755,-0.004
2020-11-12,2.793,0.0138
2020-11-13,2.736,-0.0204
2020-11-16,2.777,0.015
2020-11-17,2.763,-0.005
2020-11-18,2.763,0.0
2020-11-19,2.812,0.0177
2020-11-20,2.873,0.0217
2020-11-23,2.911,0.0132
2020-11-24,2.91,-0.0003
2020-11-25,2.811,-0.034
2020-11-26,2.809,-0.0007000000000000001
2020-11-27,2.791,-0.0064
2020-11-30,2.745,-0.0165
2020-12-01,2.771,0.0095
2020-12-02,2.752,-0.0069
2020-12-03,2.748,-0.0015
2020-12-04,2.843,0.0346
2020-12-07,2.855,0.0042
2020-12-08,2.924,0.0242
2020-12-09,2.884,-0.0137
2020-12-10,2.912,0.0097
2020-12-11,2.912,0.0
2020-12-14,2.988,0.026099999999999998
2020-12-15,2.982,-0.002
2020-12-16,3.021,0.0131
2020-12-17,3.049,0.009300000000000001
2020-12-18,3.063,0.0046
2020-12-21,3.108,0.0147
2020-12-22,3.173,0.0209
2020-12-23,3.157,-0.005
2020-12-24,3.061,-0.0304
2020-12-25,3.054,-0.0023
2020-12-28,3.153,0.032400000000000005
2020-12-29,3.095,-0.0184
2020-12-30,3.17,0.0242
2020-12-31,3.214,0.0139
2021-01-04,3.326,0.0348
2021-01-05,3.435,0.032799999999999996
2021-01-06,3.39,-0.0131
2021-01-07,3.428,0.011200000000000002
2021-01-08,3.349,-0.023
2021-01-11,3.269,-0.0239
2021-01-12,3.389,0.036699999999999997
2021-01-13,3.355,-0.01
2021-01-14,3.204,-0.045
2021-01-15,3.131,-0.022799999999999997
2021-01-18,3.103,-0.0089
2021-01-19,3.07,-0.0106
2021-01-20,3.08,0.0033
2021-01-21,3.139,0.0192
2021-01-22,3.121,-0.005699999999999999
2021-01-25,3.242,0.0388
2021-01-26,3.135,-0.033
2021-01-27,3.124,-0.0034999999999999996
2021-01-28,3.057,-0.021400000000000002
2021-01-29,3.072,0.0049
2021-02-01,3.09,0.0059
2021-02-02,3.207,0.0379
2021-02-03,3.169,-0.0118
2021-02-04,3.16,-0.0028000000000000004
2021-02-05,3.155,-0.0016
2021-02-08,3.16,0.0016
2021-02-09,3.241,0.0256
2021-02-10,3.318,0.023799999999999998
2021-02-18,3.21,-0.0325
2021-02-19,3.24,0.009300000000000001
2021-02-22,3.046,-0.0599
2021-02-23,3.027,-0.0062
2021-02-24,2.899,-0.042300000000000004
2021-02-25,2.889,-0.0034000000000000002
2021-02-26,2.824,-0.0225
2021-03-01,2.883,0.0209
2021-03-02,2.827,-0.0194
2021-03-03,2.894,0.023700000000000002
2021-03-04,2.776,-0.0408
2021-03-05,2.784,0.0029
2021-03-08,2.646,-0.0496
2021-03-09,2.605,-0.0155
2021-03-10,2.662,0.0219
2021-03-11,2.738,0.0285
2021-03-12,2.734,-0.0015
2021-03-15,2.643,-0.0333
2021-03-16,2.686,0.0163
2021-03-17,2.726,0.0149
2021-03-18,2.78,0.019799999999999998
2021-03-19,2.736,-0.0158
2021-03-22,2.748,0.0044
2021-03-23,2.728,-0.0073
2021-03-24,2.702,-0.0095
2021-03-25,2.691,-0.0040999999999999995
2021-03-26,2.765,0.0275
2021-03-29,2.784,0.0069
2021-03-30,2.806,0.0079
2021-03-31,2.781,-0.0089
2021-04-01,2.823,0.0151
2021-04-02,2.908,0.0301
2021-04-06,2.884,-0.0083
2021-04-07,2.82,-0.0222
2021-04-08,2.839,0.0067
2021-04-09,2.803,-0.0127
2021-04-12,2.768,-0.0125
2021-04-13,2.746,-0.0079
2021-04-14,2.792,0.0168
2021-04-15,2.795,0.0011
2021-04-16,2.83,0.0125
2021-04-19,2.865,0.0124
2021-04-20,2.887,0.0077
2021-04-21,2.924,0.0128
2021-04-22,2.973,0.0168
2021-04-23,2.946,-0.0091
2021-04-26,2.914,-0.0109
2021-04-27,2.927,0.0045000000000000005
2021-04-28,2.953,0.0089
2021-04-29,2.947,-0.002
2021-04-30,2.916,-0.0105
2021-05-06,2.876,-0.0137
2021-05-07,2.827,-0.017
2021-05-10,2.806,-0.0074
2021-05-11,2.826,0.0070999999999999995
2021-05-12,2.84,0.005
2021-05-13,2.861,0.0074
2021-05-14,2.929,0.023799999999999998
2021-05-17,2.975,0.015700000000000002
2021-05-18,2.987,0.004
2021-05-19,2.964,-0.0077
2021-05-20,2.966,0.0007000000000000001
2021-05-21,2.93,-0.0121
2021-05-24,2.929,-0.0003
2021-05-25,2.99,0.0208
2021-05-26,2.978,-0.004
2021-05-27,2.995,0.005699999999999999
2021-05-28,2.983,-0.004
2021-05-31,2.986,0.001
2021-06-01,3.026,0.0134
2021-06-02,2.983,-0.014199999999999999
2021-06-03,2.976,-0.0023
2021-06-04,2.983,0.0024
2021-06-07,2.993,0.0034000000000000002
2021-06-08,2.97,-0.0077
2021-06-09,2.955,-0.0051
2021-06-10,2.973,0.0060999999999999995
2021-06-11,2.927,-0.0155
2021-06-15,2.916,-0.0038
2021-06-16,2.891,-0.0086
2021-06-17,2.95,0.0204
2021-06-18,2.94,-0.0034000000000000002
2021-06-21,2.97,0.0102
2021-06-22,3.003,0.0111
2021-06-23,2.984,-0.0063
2021-06-24,2.952,-0.010700000000000001
2021-06-25,2.972,0.0068000000000000005
2021-06-28,3.001,0.0098
2021-06-29,2.985,-0.0053
2021-06-30,2.988,0.001
2021-07-01,3.013,0.0084
2021-07-02,2.952,-0.0202
2021-07-05,2.959,0.0024
2021-07-06,2.961,0.0007000000000000001
2021-07-07,2.983,0.0074
2021-07-08,2.915,-0.022799999999999997
2021-07-09,2.89,-0.0086
2021-07-12,2.911,0.0073
2021-07-13,2.963,0.0179
2021-07-14,2.973,0.0034000000000000002
2021-07-15,2.969,-0.0013
2021-07-16,2.958,-0.0037
2021-07-19,2.925,-0.011200000000000002
2021-07-20,2.93,0.0017000000000000001
2021-07-21,2.95,0.0068000000000000005
2021-07-22,2.932,-0.0060999999999999995
2021-07-23,2.838,-0.0321
2021-07-26,2.728,-0.0388
2021-07-27,2.635,-0.0341
2021-07-28,2.636,0.0004
2021-07-29,2.672,0.0137
2021-07-30,2.592,-0.029900000000000003
2021-08-02,2.682,0.0347
2021-08-03,2.664,-0.0067
2021-08-04,2.683,0.0070999999999999995
2021-08-05,2.646,-0.0138
2021-08-06,2.646,0.0
2021-08-09,2.715,0.026099999999999998
2021-08-10,2.854,0.0512
2021-08-11,2.859,0.0018
2021-08-12,2.82,-0.013600000000000001
2021-08-13,2.834,0.005
2021-08-16,2.856,0.0078000000000000005
2021-08-17,2.76,-0.0336
2021-08-18,2.763,0.0011
2021-08-19,2.755,-0.0029
2021-08-20,2.645,-0.039900000000000005
2021-08-23,2.704,0.0223
2021-08-24,2.749,0.0166
2021-08-25,2.813,0.0233
2021-08-26,2.733,-0.028399999999999998
2021-08-27,2.702,-0.0113
2021-08-30,2.705,0.0011
2021-08-31,2.676,-0.010700000000000001
2021-09-01,2.749,0.0273
2021-09-02,2.752,0.0011
2021-09-03,2.748,-0.0015
2021-09-06,2.836,0.032
2021-09-07,2.858,0.0078000000000000005
2021-09-08,2.827,-0.0108
2021-09-09,2.807,-0.0070999999999999995
2021-09-10,2.8,-0.0025
2021-09-13,2.798,-0.0007000000000000001
2021-09-14,2.751,-0.0168
2021-09-15,2.715,-0.0131
2021-09-16,2.68,-0.0129
2021-09-17,2.725,0.0168
2021-09-22,2.698,-0.009899999999999999
2021-09-23,2.717,0.006999999999999999
2021-09-24,2.744,0.009899999999999999
2021-09-27,2.76,0.0058
2021-09-28,2.717,-0.015600000000000001
2021-09-29,2.671,-0.0169
2021-09-30,2.694,0.0086
2021-10-08,2.768,0.0275
2021-10-11,2.763,-0.0018
2021-10-12,2.739,-0.0087
2021-10-13,2.82,0.0296
2021-10-14,2.791,-0.0103
2021-10-15,2.775,-0.005699999999999999
2021-10-18,2.668,-0.038599999999999995
2021-10-19,2.691,0.0086
2021-10-20,2.707,0.0059
2021-10-21,2.711,0.0015
2021-10-22,2.71,-0.0004
2021-10-25,2.696,-0.0052
2021-10-26,2.713,0.0063
2021-10-27,2.654,-0.0217
2021-10-28,2.684,0.0113
2021-10-29,2.707,0.0086
2021-11-01,2.735,0.0103
2021-11-02,2.704,-0.0113
2021-11-03,2.695,-0.0033
2021-11-04,2.771,0.0282
2021-11-05,2.744,-0.0097
2021-11-08,2.718,-0.0095
2021-11-09,2.709,-0.0033
2021-11-10,2.677,-0.0118
2021-11-11,2.681,0.0015
2021-11-12,2.646,-0.0131
2021-11-15,2.696,0.0189
2021-11-16,2.749,0.0197
2021-11-17,2.724,-0.0091
2021-11-18,2.698,-0.0095
2021-11-19,2.733,0.013000000000000001
2021-11-22,2.783,0.0183
2021-11-23,2.811,0.0101
2021-11-24,2.835,0.0085
2021-11-25,2.808,-0.0095
2021-11-26,2.799,-0.0032
2021-11-29,2.83,0.0111
2021-11-30,2.798,-0.0113
2021-12-01,2.824,0.009300000000000001
2021-12-02,2.771,-0.018799999999999997
2021-12-03,2.808,0.0134
2021-12-06,2.745,-0.022400000000000003
2021-12-07,2.735,-0.0036
2021-12-08,2.802,0.0245
2021-12-09,2.842,0.0143
2021-12-10,2.888,0.016200000000000003
2021-12-13,2.936,0.0166
2021-12-14,2.97,0.0116
2021-12-15,2.944,-0.0088
2021-12-16,2.971,0.0092
2021-12-17,2.926,-0.0151
2021-12-20,2.887,-0.013300000000000001
2021-12-21,2.915,0.0097
2021-12-22,2.946,0.0106
2021-12-23,2.933,-0.0044
2021-12-24,2.926,-0.0024
2021-12-27,2.876,-0.0171
2021-12-28,2.903,0.009399999999999999
2021-12-29,2.847,-0.019299999999999998
2021-12-30,2.879,0.011200000000000002
2021-12-31,2.884,0.0017000000000000001
2022-01-04,2.92,0.0125
2022-01-05,2.908,-0.0040999999999999995
2022-01-06,2.867,-0.0141
2022-01-07,2.809,-0.0202
2022-01-10,2.81,0.0004
2022-01-11,2.738,-0.0256
2022-01-12,2.801,0.023
2022-01-13,2.758,-0.0154
2022-01-14,2.713,-0.0163
2022-01-17,2.722,0.0033
2022-01-18,2.725,0.0011
2022-01-19,2.706,-0.006999999999999999
2022-01-20,2.662,-0.0163
2022-01-21,2.646,-0.006
2022-01-24,2.65,0.0015
2022-01-25,2.544,-0.04
2022-01-26,2.53,-0.0055000000000000005
2022-01-27,2.467,-0.024900000000000002
2022-01-28,2.456,-0.0045000000000000005
2022-02-07,2.468,0.0049
2022-02-08,2.446,-0.0089
2022-02-09,2.514,0.0278
2022-02-10,2.507,-0.0028000000000000004
2022-02-11,2.478,-0.0116
2022-02-14,2.505,0.0109
2022-02-15,2.525,0.008
2022-02-16,2.566,0.016200000000000003
2022-02-17,2.549,-0.0066
2022-02-18,2.536,-0.0051
2022-02-21,2.538,0.0008
2022-02-22,2.491,-0.018500000000000003
2022-02-23,2.521,0.012
2022-02-24,2.437,-0.0333
2022-02-25,2.453,0.0066
2022-02-28,2.456,0.0012
2022-03-01,2.499,0.0175
2022-03-02,2.485,-0.005600000000000001
2022-03-03,2.466,-0.0076
2022-03-04,2.442,-0.0097
2022-03-07,2.344,-0.0401
2022-03-08,2.299,-0.0192
2022-03-09,2.267,-0.0139
2022-03-10,2.313,0.0203
2022-03-11,2.321,0.0034999999999999996
2022-03-14,2.24,-0.0349
2022-03-15,2.163,-0.0344
2022-03-16,2.235,0.0333
2022-03-17,2.285,0.022400000000000003
2022-03-18,2.3,0.0066
2022-03-21,2.304,0.0017000000000000001
2022-03-22,2.292,-0.0052
2022-03-23,2.323,0.013500000000000002
2022-03-24,2.28,-0.018500000000000003
2022-03-25,2.237,-0.0189
2022-03-28,2.203,-0.0152
2022-03-29,2.182,-0.0095
2022-03-30,2.234,0.023799999999999998
2022-03-31,2.219,-0.0067
2022-04-01,2.25,0.013999999999999999
2022-04-06,2.241,-0.004
2022-04-07,2.215,-0.0116
2022-04-08,2.192,-0.0104
2022-04-11,2.138,-0.0246
2022-04-12,2.203,0.0304
2022-04-13,2.182,-0.0095
2022-04-14,2.244,0.028399999999999998
2022-04-15,2.219,-0.0111
2022-04-18,2.24,0.0095
2022-04-19,2.236,-0.0018
2022-04-20,2.264,0.0125
2022-04-21,2.2,-0.028300000000000002
2022-04-22,2.18,-0.0091
2022-04-25,2.056,-0.056900000000000006
2022-04-26,2.066,0.0049
2022-04-27,2.097,0.015
2022-04-28,2.089,-0.0038
2022-04-29,2.145,0.0268
2022-05-05,2.157,0.005600000000000001
2022-05-06,2.065,-0.042699999999999995
2022-05-09,2.044,-0.0102
2022-05-10,2.077,0.0161
2022-05-11,2.116,0.018799999999999997
2022-05-12,2.128,0.005699999999999999
2022-05-13,2.124,-0.0019
2022-05-16,2.118,-0.0028000000000000004
2022-05-17,2.111,-0.0033
2022-05-18,2.102,-0.0043
2022-05-19,2.088,-0.0067
2022-05-20,2.151,0.0302
2022-05-23,2.137,-0.006500000000000001
2022-05-24,2.088,-0.0229
2022-05-25,2.119,0.0148
2022-05-26,2.137,0.0085
2022-05-27,2.138,0.0005
2022-05-30,2.178,0.0187
2022-05-31,2.213,0.0161
2022-06-01,2.205,-0.0036
2022-06-02,2.201,-0.0018
2022-06-06,2.224,0.0104
2022-06-07,2.218,-0.0027
2022-06-08,2.231,0.0059
2022-06-09,2.197,-0.0152
2022-06-10,2.246,0.0223
2022-06-13,2.246,0.0
2022-06-14,2.26,0.0062
2022-06-15,2.305,0.0199
2022-06-16,2.317,0.0052
2022-06-17,2.32,0.0013
2022-06-20,2.377,0.0246
2022-06-21,2.389,0.005
2022-06-22,2.328,-0.0255
2022-06-23,2.324,-0.0017000000000000001
2022-06-24,2.364,0.0172
2022-06-27,2.407,0.0182
2022-06-28,2.401,-0.0025
2022-06-29,2.371,-0.0125
2022-06-30,2.45,0.0333
2022-07-01,2.454,0.0016
2022-07-04,2.487,0.0134
2022-07-05,2.465,-0.0088
2022-07-06,2.414,-0.0207
2022-07-07,2.431,0.006999999999999999
2022-07-08,2.426,-0.0021
2022-07-11,2.417,-0.0037
2022-07-12,2.381,-0.0149
2022-07-13,2.394,0.0055000000000000005
2022-07-14,2.398,0.0017000000000000001
2022-07-15,2.417,0.0079
2022-07-18,2.399,-0.0074
2022-07-19,2.454,0.0229
2022-07-20,2.45,-0.0016
2022-07-21,2.42,-0.012199999999999999
2022-07-22,2.398,-0.0091
2022-07-25,2.405,0.0029
2022-07-26,2.441,0.015
2022-07-27,2.423,-0.0074
2022-07-28,2.39,-0.013600000000000001
2022-07-29,2.362,-0.011699999999999999
2022-08-01,2.397,0.0148
2022-08-02,2.356,-0.0171
2022-08-03,2.307,-0.0208
2022-08-04,2.341,0.0147
2022-08-05,2.351,0.0043
2022-08-08,2.349,-0.0009
2022-08-09,2.321,-0.011899999999999999
2022-08-10,2.321,0.0
2022-08-11,2.344,0.009899999999999999
2022-08-12,2.325,-0.008100000000000001
2022-08-15,2.324,-0.0004
2022-08-16,2.377,0.022799999999999997
2022-08-17,2.401,0.0101
2022-08-18,2.353,-0.02
2022-08-19,2.402,0.0208
2022-08-22,2.436,0.014199999999999999
2022-08-23,2.457,0.0086
2022-08-24,2.386,-0.028900000000000002
2022-08-25,2.401,0.0063
2022-08-26,2.402,0.0004
2022-08-29,2.397,-0.0021
2022-08-30,2.395,-0.0008
2022-08-31,2.35,-0.018799999999999997
2022-09-01,2.339,-0.004699999999999999
2022-09-02,2.352,0.005600000000000001
2022-09-05,2.306,-0.0196
2022-09-06,2.316,0.0043
2022-09-07,2.295,-0.0091
2022-09-08,2.25,-0.0196
2022-09-09,2.235,-0.0067
2022-09-13,2.277,0.018799999999999997
2022-09-14,2.248,-0.0127
2022-09-15,2.199,-0.0218
2022-09-16,2.182,-0.0077
2022-09-19,2.189,0.0032
2022-09-20,2.199,0.0046
2022-09-21,2.167,-0.0146
2022-09-22,2.157,-0.0046
2022-09-23,2.125,-0.0148
2022-09-26,2.132,0.0033
2022-09-27,2.205,0.0342
2022-09-28,2.176,-0.0132
2022-09-29,2.186,0.0046
2022-09-30,2.175,-0.005
2022-10-10,2.127,-0.022099999999999998
2022-10-11,2.142,0.0070999999999999995
2022-10-12,2.164,0.0103
2022-10-13,2.168,0.0018
2022-10-14,2.19,0.0101
2022-10-17,2.162,-0.0128
2022-10-18,2.143,-0.0088
2022-10-19,2.069,-0.0345
2022-10-20,2.058,-0.0053
2022-10-21,2.03,-0.013600000000000001
2022-10-24,1.938,-0.0453
2022-10-25,1.93,-0.0040999999999999995
2022-10-26,1.944,0.0073
2022-10-27,1.935,-0.0046
2022-10-28,1.89,-0.0233
2022-10-31,1.873,-0.009000000000000001
2022-11-01,1.985,0.059800000000000006
2022-11-02,2.03,0.0227
2022-11-03,2.019,-0.0054
2022-11-04,2.1,0.0401
2022-11-07,2.103,0.0014000000000000002
2022-11-08,2.074,-0.0138
2022-11-09,2.063,-0.0053
2022-11-10,2.082,0.0092
2022-11-11,2.086,0.0019
2022-11-14,2.053,-0.0158
2022-11-15,2.095,0.020499999999999997
2022-11-16,2.101,0.0029
2022-11-17,2.104,0.0014000000000000002
2022-11-18,2.087,-0.008100000000000001
2022-11-21,2.044,-0.0206
2022-11-22,2.033,-0.0054
2022-11-23,2.023,-0.0049
2022-11-24,2.017,-0.003
2022-11-25,2.01,-0.0034999999999999996
2022-11-28,2.01,0.0
2022-11-29,2.054,0.0219
2022-11-30,2.041,-0.0063
2022-12-01,2.104,0.030899999999999997
2022-12-02,2.109,0.0024
2022-12-05,2.126,0.008100000000000001
2022-12-06,2.096,-0.0141
2022-12-07,2.092,-0.0019
2022-12-08,2.083,-0.0043
2022-12-09,2.098,0.0072
2022-12-12,2.114,0.0076
2022-12-13,2.093,-0.009899999999999999
2022-12-14,2.064,-0.0139
2022-12-15,2.077,0.0063
2022-12-16,2.095,0.0087
2022-12-19,2.004,-0.0434
2022-12-20,1.951,-0.0264
2022-12-21,1.953,0.001
2022-12-22,1.943,-0.0051
2022-12-23,1.949,0.0031
2022-12-26,1.94,-0.0046
2022-12-27,1.93,-0.0052
2022-12-28,1.924,-0.0031
2022-12-29,1.921,-0.0016
2022-12-30,1.933,0.0062
2022-12-31,1.933,0.0
2023-01-03,1.91,-0.011899999999999999
2023-01-04,1.916,0.0031
2023-01-05,1.962,0.024
2023-01-06,1.957,-0.0025
2023-01-09,1.998,0.021
2023-01-10,2.007,0.0045000000000000005
2023-01-11,2.002,-0.0025
2023-01-12,1.999,-0.0015
2023-01-13,2.033,0.017
2023-01-16,2.049,0.0079
2023-01-17,2.034,-0.0073
2023-01-18,2.014,-0.0098
2023-01-19,2.003,-0.0055000000000000005
2023-01-20,2.006,0.0015
2023-01-30,2.015,0.0045000000000000005
2023-01-31,1.973,-0.0208
2023-02-01,1.987,0.0070999999999999995
2023-02-02,2.027,0.020099999999999996
2023-02-03,2.029,0.001
2023-02-06,2.013,-0.0079
2023-02-07,1.993,-0.009899999999999999
2023-02-08,1.992,-0.0005
2023-02-09,2.037,0.0226
2023-02-10,2.057,0.0098
2023-02-13,2.107,0.024300000000000002
2023-02-14,2.102,-0.0024
2023-02-15,2.104,0.001
2023-02-16,2.1,-0.0019
2023-02-17,2.098,-0.001
2023-02-20,2.118,0.0095
2023-02-21,2.099,-0.009000000000000001
2023-02-22,2.105,0.0029
2023-02-23,2.1,-0.0024
2023-02-24,2.083,-0.008100000000000001
2023-02-27,2.095,0.0058
2023-02-28,2.098,0.0014000000000000002
2023-03-01,2.102,0.0019
2023-03-02,2.106,0.0019
2023-03-03,2.089,-0.008100000000000001
2023-03-06,2.096,0.0034000000000000002
2023-03-07,2.044,-0.0248
2023-03-08,2.041,-0.0015
2023-03-09,2.034,-0.0034000000000000002
2023-03-10,2.013,-0.0103
2023-03-13,2.043,0.0149
2023-03-14,2.021,-0.0108
2023-03-15,2.006,-0.0074
2023-03-16,2.002,-0.002
2023-03-17,2.031,0.014499999999999999
2023-03-20,2.023,-0.0039000000000000003
2023-03-21,2.107,0.0415
2023-03-22,2.139,0.0152
2023-03-23,2.149,0.004699999999999999
2023-03-24,2.161,0.005600000000000001
2023-03-27,2.139,-0.0102
2023-03-28,2.134,-0.0023
2023-03-29,2.13,-0.0019
2023-03-30,2.141,0.0052
2023-03-31,2.147,0.0028000000000000004
2023-04-03,2.154,0.0033
2023-04-04,2.167,0.006
2023-04-06,2.119,-0.0222
2023-04-07,2.114,-0.0024
2023-04-10,2.102,-0.005699999999999999
2023-04-11,2.073,-0.0138
2023-04-12,2.037,-0.0174
2023-04-13,2.084,0.0231
2023-04-14,2.043,-0.0197
2023-04-17,2.071,0.0137
2023-04-18,2.071,0.0
2023-04-19,2.063,-0.0039000000000000003
2023-04-20,2.055,-0.0039000000000000003
2023-04-21,2.045,-0.0049
2023-04-24,2.031,-0.0068000000000000005
2023-04-25,2.051,0.0098
2023-04-26,2.086,0.0171
2023-04-27,2.075,-0.0053
2023-04-28,2.108,0.0159
2023-05-04,2.135,0.0128
2023-05-05,2.131,-0.0019
2023-05-08,2.117,-0.0066
2023-05-09,2.078,-0.0184
2023-05-10,2.084,0.0029
2023-05-11,2.079,-0.0024
2023-05-12,2.035,-0.0212
2023-05-15,2.034,-0.0005
2023-05-16,1.991,-0.021099999999999997
2023-05-17,1.984,-0.0034999999999999996
2023-05-18,2.007,0.0116
2023-05-19,2.032,0.0125
2023-05-22,2.058,0.0128
2023-05-23,2.025,-0.016
2023-05-24,2.015,-0.0049
2023-05-25,1.987,-0.0139
2023-05-26,2.023,0.0181
2023-05-29,2.03,0.0034999999999999996
2023-05-30,2.053,0.0113
2023-05-31,2.068,0.0073
2023-06-01,2.096,0.013500000000000002
2023-06-02,2.113,0.008100000000000001
2023-06-05,2.12,0.0033
2023-06-06,2.102,-0.0085
2023-06-07,2.105,0.0014000000000000002
2023-06-08,2.105,0.0
2023-06-09,2.111,0.0029
2023-06-12,2.149,0.018000000000000002
2023-06-13,2.145,-0.0019
2023-06-14,2.174,0.013500000000000002
2023-06-15,2.174,0.0
2023-06-16,2.195,0.0097
2023-06-19,2.181,-0.0064
2023-06-20,2.19,0.0040999999999999995
2023-06-21,2.144,-0.021
2023-06-26,2.103,-0.0191
2023-06-27,2.118,0.0070999999999999995
2023-06-28,2.123,0.0024
2023-06-29,2.135,0.005699999999999999
2023-06-30,2.145,0.004699999999999999
2023-07-03,2.123,-0.0103
2023-07-04,2.106,-0.008
2023-07-05,2.085,-0.01
2023-07-06,2.068,-0.008199999999999999
2023-07-07,2.062,-0.0029
2023-07-10,2.066,0.0019
2023-07-11,2.057,-0.0044
2023-07-12,2.018,-0.019
2023-07-13,2.051,0.016399999999999998
2023-07-14,2.062,0.0054
2023-07-17,2.031,-0.015
2023-07-18,2.016,-0.0074
2023-07-19,2.02,0.002
2023-07-20,1.995,-0.0124
2023-07-21,2.006,0.0055000000000000005
2023-07-24,2.016,0.005
2023-07-25,2.029,0.0064
2023-07-26,2.008,-0.0103
2023-07-27,1.998,-0.005
2023-07-28,2.025,0.013500000000000002
2023-07-31,2.012,-0.0064
2023-08-01,1.995,-0.0084
2023-08-02,1.985,-0.005
2023-08-03,1.989,0.002
2023-08-04,1.993,0.002
2023-08-07,1.978,-0.0075
2023-08-08,1.98,0.001
2023-08-09,1.965,-0.0076
2023-08-10,1.965,0.0
2023-08-11,1.946,-0.0097
2023-08-14,1.942,-0.0021
2023-08-15,1.932,-0.0051
2023-08-16,1.923,-0.004699999999999999
2023-08-17,1.949,0.013500000000000002
2023-08-18,1.905,-0.0226
2023-08-21,1.907,0.001
2023-08-22,1.919,0.0063
2023-08-23,1.889,-0.015600000000000001
2023-08-24,1.949,0.0318
2023-08-25,1.916,-0.0169
2023-08-28,1.935,0.009899999999999999
2023-08-29,1.986,0.0264
2023-08-30,2.001,0.0076
2023-08-31,1.989,-0.006
2023-09-01,1.981,-0.004
2023-09-04,1.978,-0.0015
2023-09-05,1.95,-0.014199999999999999
2023-09-06,1.947,-0.0015
2023-09-07,1.937,-0.0051
2023-09-08,1.921,-0.0083
2023-09-11,1.944,0.012
2023-09-12,1.929,-0.0077
2023-09-13,1.921,-0.0040999999999999995
2023-09-14,1.902,-0.009899999999999999
2023-09-15,1.89,-0.0063
2023-09-18,1.912,0.0116
2023-09-19,1.898,-0.0073
2023-09-20,1.876,-0.0116
2023-09-21,1.842,-0.0181
2023-09-22,1.87,0.0152
2023-09-25,1.854,-0.0086
2023-09-26,1.84,-0.0076
2023-09-27,1.842,0.0011
2023-09-28,1.835,-0.0038
2023-10-09,1.815,-0.0109
2023-10-10,1.815,0.0
2023-10-11,1.811,-0.0022
2023-10-12,1.812,0.0006
2023-10-13,1.79,-0.0121
2023-10-16,1.782,-0.0045000000000000005
2023-10-17,1.787,0.0028000000000000004
2023-10-18,1.761,-0.014499999999999999
2023-10-19,1.728,-0.0187
2023-10-20,1.704,-0.0139
2023-10-23,1.682,-0.0129
2023-10-24,1.711,0.0172
2023-10-25,1.742,0.0181
2023-10-26,1.745,0.0017000000000000001
2023-10-27,1.751,0.0034000000000000002
2023-10-30,1.789,0.0217
2023-10-31,1.772,-0.0095
2023-11-01,1.781,0.0051
2023-11-02,1.772,-0.0051
2023-11-03,1.788,0.009000000000000001
2023-11-06,1.856,0.038
2023-11-07,1.887,0.0167
2023-11-08,1.978,0.0482
2023-11-09,1.944,-0.0172
2023-11-10,1.898,-0.023700000000000002
2023-11-13,1.916,0.0095
2023-11-14,1.918,0.001
2023-11-15,1.891,-0.0141
2023-11-16,1.907,0.0085
2023-11-17,1.917,0.0052
2023-11-20,1.928,0.005699999999999999
2023-11-21,1.932,0.0021
2023-11-22,1.935,0.0016
2023-11-23,1.933,-0.001
2023-11-24,1.897,-0.018600000000000002
2023-11-27,1.894,-0.0016
2023-11-28,1.887,-0.0037
2023-11-29,1.858,-0.0154
2023-11-30,1.85,-0.0043
2023-12-01,1.908,0.031400000000000004
2023-12-04,1.914,0.0031
2023-12-05,1.857,-0.0298
2023-12-06,1.886,0.015600000000000001
2023-12-07,1.912,0.0138
2023-12-08,1.889,-0.012
2023-12-11,1.948,0.031200000000000002
2023-12-12,1.943,-0.0026
2023-12-13,1.915,-0.0144
2023-12-14,1.888,-0.0141
2023-12-15,1.914,0.0138
2023-12-18,1.898,-0.0084
2023-12-19,1.921,0.0121
2023-12-20,1.895,-0.013500000000000002
2023-12-21,1.907,0.0063
2023-12-22,1.826,-0.0425
2023-12-25,1.833,0.0038
2023-12-26,1.814,-0.0104
2023-12-27,1.855,0.0226
2023-12-28,1.857,0.0011
2023-12-29,1.885,0.0151
2023-12-31,1.885,0.0
2024-01-02,1.862,-0.012199999999999999
2024-01-03,1.849,-0.006999999999999999
2024-01-04,1.829,-0.0108
2024-01-05,1.785,-0.0241
2024-01-08,1.758,-0.0151
2024-01-09,1.771,0.0074
2024-01-10,1.745,-0.0147
2024-01-11,1.79,0.0258
2024-01-12,1.77,-0.011200000000000002
2024-01-15,1.769,-0.0006
2024-01-16,1.776,0.004
2024-01-17,1.73,-0.0259
2024-01-18,1.742,0.0069
2024-01-19,1.732,-0.005699999999999999
2024-01-22,1.637,-0.0548
2024-01-23,1.641,0.0024
2024-01-24,1.644,0.0018
2024-01-25,1.667,0.013999999999999999
2024-01-26,1.688,0.0126
2024-01-29,1.656,-0.019
2024-01-30,1.617,-0.0236
2024-01-31,1.566,-0.0315
2024-02-01,1.563,-0.0019
2024-02-02,1.55,-0.0083
2024-02-05,1.455,-0.0613
2024-02-06,1.465,0.0069
2024-02-07,1.465,0.0
2024-02-08,1.516,0.0348
2024-02-19,1.547,0.0204
2024-02-20,1.582,0.0226
2024-02-21,1.594,0.0076
2024-02-22,1.613,0.011899999999999999
2024-02-23,1.641,0.0174
2024-02-26,1.666,0.0152
2024-02-27,1.709,0.0258
2024-02-28,1.628,-0.047400000000000005
2024-02-29,1.651,0.0141
2024-03-01,1.631,-0.0121
2024-03-04,1.632,0.0006
2024-03-05,1.633,0.0006
2024-03-06,1.626,-0.0043
2024-03-07,1.634,0.0049
2024-03-08,1.619,-0.0092
2024-03-11,1.629,0.0062
2024-03-12,1.631,0.0012
2024-03-13,1.638,0.0043
2024-03-14,1.629,-0.0055000000000000005
2024-03-15,1.627,-0.0012
2024-03-18,1.655,0.0172
2024-03-19,1.654,-0.0006
2024-03-20,1.7,0.0278
2024-03-21,1.729,0.0171
2024-03-22,1.764,0.0202
2024-03-25,1.675,-0.050499999999999996
2024-03-26,1.659,-0.0096
2024-03-27,1.632,-0.0163
2024-03-28,1.66,0.0172
2024-03-29,1.664,0.0024
2024-04-01,1.692,0.0168
2024-04-02,1.676,-0.0095
2024-04-03,1.658,-0.010700000000000001
2024-04-08,1.622,-0.0217
2024-04-09,1.628,0.0037
2024-04-10,1.61,-0.0111
2024-04-11,1.632,0.0137
2024-04-12,1.618,-0.0086
2024-04-15,1.596,-0.013600000000000001
2024-04-16,1.527,-0.0432
2024-04-17,1.593,0.0432
2024-04-18,1.589,-0.0025
2024-04-19,1.578,-0.0069
2024-04-22,1.567,-0.006999999999999999
2024-04-23,1.569,0.0013
2024-04-24,1.591,0.013999999999999999
2024-04-25,1.573,-0.0113
2024-04-26,1.601,0.0178
2024-04-29,1.64,0.024399999999999998
2024-04-30,1.662,0.0134
2024-05-06,1.674,0.0072
2024-05-07,1.67,-0.0024
2024-05-08,1.624,-0.0275
2024-05-09,1.633,0.0055000000000000005
2024-05-10,1.616,-0.0104
2024-05-13,1.575,-0.0254
2024-05-14,1.585,0.0063
2024-05-15,1.559,-0.016399999999999998
2024-05-16,1.579,0.0128
2024-05-17,1.578,-0.0006
2024-05-20,1.592,0.0089
2024-05-21,1.585,-0.0044
2024-05-22,1.602,0.010700000000000001
2024-05-23,1.551,-0.0318
2024-05-24,1.524,-0.0174
2024-05-27,1.529,0.0033
2024-05-28,1.489,-0.0262
2024-05-29,1.496,0.004699999999999999
2024-05-30,1.494,-0.0013
2024-05-31,1.504,0.0067
2024-06-03,1.493,-0.0073
2024-06-04,1.464,-0.0194
2024-06-05,1.42,-0.0301
2024-06-06,1.365,-0.0387
2024-06-07,1.384,0.0139
2024-06-11,1.389,0.0036
2024-06-12,1.44,0.036699999999999997
2024-06-13,1.433,-0.0049
2024-06-14,1.434,0.0007000000000000001
2024-06-17,1.406,-0.0195
2024-06-18,1.414,0.005699999999999999
2024-06-19,1.405,-0.0064
2024-06-20,1.367,-0.027000000000000003
2024-06-21,1.366,-0.0007000000000000001
2024-06-24,1.322,-0.0322
2024-06-25,1.325,0.0023
2024-06-26,1.389,0.0483
2024-06-27,1.375,-0.0101
2024-06-28,1.366,-0.006500000000000001
2024-06-30,1.366,0.0
2024-07-01,1.378,0.0088
2024-07-02,1.374,-0.0029
2024-07-03,1.358,-0.0116
2024-07-04,1.323,-0.0258
2024-07-05,1.336,0.0098
2024-07-08,1.3,-0.0269
2024-07-09,1.324,0.018500000000000003
2024-07-10,1.325,0.0008
2024-07-11,1.342,0.0128
2024-07-12,1.332,-0.0075
2024-07-15,1.326,-0.0045000000000000005
2024-07-16,1.34,0.0106
2024-07-17,1.293,-0.0351
2024-07-18,1.28,-0.0101
2024-07-19,1.279,-0.0008
2024-07-22,1.279,0.0
2024-07-23,1.25,-0.0227
2024-07-24,1.241,-0.0072
2024-07-25,1.228,-0.0105
2024-07-26,1.236,0.006500000000000001
2024-07-29,1.238,0.0016
2024-07-30,1.231,-0.005699999999999999
2024-07-31,1.258,0.0219
2024-08-01,1.25,-0.0064
2024-08-02,1.242,-0.0064
2024-08-05,1.229,-0.0105
2024-08-06,1.238,0.0073
2024-08-07,1.225,-0.0105
2024-08-08,1.226,0.0008
2024-08-09,1.216,-0.008199999999999999
2024-08-12,1.222,0.0049
2024-08-13,1.236,0.0115
2024-08-14,1.227,-0.0073
2024-08-15,1.225,-0.0016
2024-08-16,1.232,0.005699999999999999
2024-08-19,1.223,-0.0073
2024-08-20,1.217,-0.0049
2024-08-21,1.226,0.0074
2024-08-22,1.213,-0.0106
2024-08-23,1.2,-0.010700000000000001
2024-08-26,1.191,-0.0075
2024-08-27,1.17,-0.0176
2024-08-28,1.179,0.0077
2024-08-29,1.174,-0.0042
2024-08-30,1.219,0.0383
2024-09-02,1.178,-0.0336
2024-09-03,1.18,0.0017000000000000001
2024-09-04,1.15,-0.0254
2024-09-05,1.161,0.0096
2024-09-06,1.133,-0.0241
2024-09-09,1.13,-0.0026
2024-09-10,1.141,0.0097
2024-09-11,1.135,-0.0053
2024-09-12,1.123,-0.0106
2024-09-13,1.119,-0.0036
2024-09-18,1.111,-0.0070999999999999995
2024-09-19,1.118,0.0063
2024-09-20,1.118,0.0
2024-09-23,1.116,-0.0018
2024-09-24,1.161,0.0403
2024-09-25,1.186,0.0215
2024-09-26,1.217,0.026099999999999998
2024-09-27,1.277,0.0493
2024-09-30,1.407,0.1018
2024-10-08,1.5,0.0661
2024-10-09,1.36,-0.0933
2024-10-10,1.355,-0.0037
2024-10-11,1.294,-0.045
2024-10-14,1.357,0.0487
2024-10-15,1.374,0.0125
2024-10-16,1.378,0.0029
2024-10-17,1.392,0.0102
2024-10-18,1.427,0.025099999999999997
2024-10-21,1.478,0.035699999999999996
2024-10-22,1.514,0.024399999999999998
2024-10-23,1.466,-0.0317
2024-10-24,1.446,-0.013600000000000001
2024-10-25,1.484,0.0263
2024-10-28,1.525,0.0276
2024-10-29,1.503,-0.0144
2024-10-30,1.516,0.0086
2024-10-31,1.514,-0.0013
2024-11-01,1.498,-0.0106
2024-11-04,1.517,0.0127
2024-11-05,1.53,0.0086
2024-11-06,1.524,-0.0039000000000000003
2024-11-07,1.567,0.0282
2024-11-08,1.558,-0.005699999999999999
2024-11-11,1.592,0.0218
2024-11-12,1.567,-0.015700000000000002
2024-11-13,1.621,0.0345
2024-11-14,1.57,-0.0315
2024-11-15,1.588,0.0115
2024-11-18,1.477,-0.0699
2024-11-19,1.481,0.0027
2024-11-20,1.563,0.0554
2024-11-21,1.565,0.0013
2024-11-22,1.545,-0.0128
2024-11-25,1.591,0.0298
2024-11-26,1.555,-0.0226
2024-11-27,1.649,0.0605
2024-11-28,1.613,-0.0218
2024-11-29,1.65,0.0229
2024-12-02,1.666,0.0097
2024-12-03,1.639,-0.016200000000000003
2024-12-04,1.579,-0.0366
2024-12-05,1.674,0.0602
2024-12-06,1.715,0.0245
2024-12-09,1.71,-0.0029
2024-12-10,1.75,0.023399999999999997
2024-12-11,1.782,0.0183
2024-12-12,1.782,0.0
2024-12-13,1.817,0.0196
2024-12-16,1.789,-0.0154
2024-12-17,1.704,-0.0475
2024-12-18,1.738,0.02
2024-12-19,1.74,0.0012
2024-12-20,1.784,0.0253
2024-12-23,1.66,-0.0695
2024-12-24,1.653,-0.0042
2024-12-25,1.633,-0.0121
2024-12-26,1.669,0.022000000000000002
2024-12-27,1.661,-0.0048
2024-12-30,1.659,-0.0012
2024-12-31,1.615,-0.0265
2025-01-02,1.61,-0.0031
2025-01-03,1.561,-0.0304
2025-01-06,1.535,-0.0167
2025-01-07,1.562,0.0176
2025-01-08,1.585,0.0147
2025-01-09,1.583,-0.0013
2025-01-10,1.549,-0.0215
2025-01-13,1.54,-0.0058
2025-01-14,1.605,0.042199999999999994
2025-01-15,1.603,-0.0012
2025-01-16,1.608,0.0031
2025-01-17,1.613,0.0031
2025-01-20,1.629,0.009899999999999999
2025-01-21,1.635,0.0037
2025-01-22,1.619,-0.0098
2025-01-23,1.64,0.013000000000000001
2025-01-24,1.67,0.0183
2025-01-27,1.646,-0.0144
2025-02-05,1.606,-0.024300000000000002
2025-02-06,1.643,0.023
2025-02-07,1.635,-0.0049
2025-02-10,1.669,0.0208
2025-02-11,1.665,-0.0024
2025-02-12,1.679,0.0084
2025-02-13,1.654,-0.0149
2025-02-14,1.652,-0.0012
2025-02-17,1.669,0.0103
2025-02-18,1.611,-0.0348
2025-02-19,1.646,0.0217
2025-02-20,1.647,0.0006
2025-02-21,1.667,0.0121
2025-02-24,1.658,-0.0054
2025-02-25,1.645,-0.0078000000000000005
2025-02-26,1.672,0.016399999999999998
2025-02-27,1.671,-0.0006
2025-02-28,1.624,-0.0281
2025-03-03,1.627,0.0018
2025-03-04,1.644,0.0104
2025-03-05,1.655,0.0067
2025-03-06,1.703,0.028999999999999998
2025-03-07,1.696,-0.0040999999999999995
2025-03-10,1.661,-0.0206
2025-03-11,1.665,0.0024
2025-03-12,1.665,0.0
2025-03-13,1.632,-0.019799999999999998
2025-03-14,1.708,0.0466
2025-03-17,1.723,0.0088
2025-03-18,1.713,-0.0058
2025-03-19,1.684,-0.0169
2025-03-20,1.666,-0.010700000000000001
2025-03-21,1.63,-0.0216
2025-03-24,1.622,-0.0049
2025-03-25,1.604,-0.0111
2025-03-26,1.603,-0.0006
2025-03-27,1.601,-0.0012
2025-03-28,1.625,0.015
2025-03-31,1.634,0.0055000000000000005
2025-04-01,1.627,-0.0043
2025-04-02,1.637,0.0060999999999999995
2025-04-03,1.637,0.0
2025-04-07,1.466,-0.1045
2025-04-08,1.524,0.039599999999999996
2025-04-09,1.579,0.0361
2025-04-10,1.646,0.0424
2025-04-11,1.617,-0.0176
2025-04-14,1.661,0.027200000000000002
2025-04-15,1.66,-0.0006
2025-04-16,1.664,0.0024
2025-04-17,1.654,-0.006
2025-04-18,1.61,-0.026600000000000002
2025-04-21,1.666,0.0348
2025-04-22,1.645,-0.0126
2025-04-23,1.647,0.0012
2025-04-24,1.648,0.0006
2025-04-25,1.648,0.0
2025-04-28,1.634,-0.0085
2025-04-29,1.649,0.0092
2025-04-30,1.682,0.02
2025-05-06,1.72,0.0226
2025-05-07,1.701,-0.011000000000000001
2025-05-08,1.706,0.0029
2025-05-09,1.682,-0.0141
2025-05-12,1.688,0.0036
2025-05-13,1.671,-0.0101
2025-05-14,1.661,-0.006
2025-05-15,1.638,-0.0138
2025-05-16,1.643,0.0031
2025-05-19,1.668,0.0152
2025-05-20,1.71,0.0252
2025-05-21,1.698,-0.006999999999999999
2025-05-22,1.688,-0.0059
2025-05-23,1.651,-0.0219
2025-05-26,1.677,0.015700000000000002
2025-05-27,1.678,0.0006
2025-05-28,1.673,-0.003
2025-05-29,1.684,0.0066
2025-05-30,1.675,-0.0053
2025-06-03,1.714,0.0233
2025-06-04,1.751,0.0216
2025-06-05,1.724,-0.0154
2025-06-06,1.699,-0.014499999999999999
2025-06-09,1.729,0.0177
2025-06-10,1.726,-0.0017000000000000001
2025-06-11,1.736,0.0058
2025-06-12,1.74,0.0023
2025-06-13,1.694,-0.0264
2025-06-16,1.705,0.006500000000000001
2025-06-17,1.693,-0.006999999999999999
2025-06-18,1.678,-0.0089
2025-06-19,1.64,-0.0226
2025-06-20,1.617,-0.013999999999999999
2025-06-23,1.631,0.0087
2025-06-24,1.662,0.019
2025-06-25,1.682,0.012
2025-06-26,1.676,-0.0036
2025-06-27,1.679,0.0018
2025-06-30,1.706,0.0161
2025-07-01,1.709,0.0018
2025-07-02,1.682,-0.0158
2025-07-03,1.694,0.0070999999999999995
2025-07-04,1.7,0.0034999999999999996
2025-07-07,1.699,-0.0006
2025-07-08,1.701,0.0012
2025-07-09,1.724,0.013500000000000002
2025-07-10,1.716,-0.0046
2025-07-11,1.71,-0.0034999999999999996
2025-07-14,1.697,-0.0076
2025-07-15,1.696,-0.0006
2025-07-16,1.713,0.01
2025-07-17,1.719,0.0034999999999999996
2025-07-18,1.721,0.0012
2025-07-21,1.737,0.009300000000000001
2025-07-22,1.742,0.0029
2025-07-23,1.73,-0.0069
2025-07-24,1.74,0.0058
2025-07-25,1.758,0.0103
2025-07-28,1.751,-0.004
2025-07-29,1.749,-0.0011
2025-07-30,1.753,0.0023
2025-07-31,1.769,0.0091
2025-08-01,1.795,0.0147
2025-08-04,1.816,0.011699999999999999
2025-08-05,1.805,-0.0060999999999999995
2025-08-06,1.815,0.0055000000000000005
2025-08-07,1.815,0.0
2025-08-08,1.757,-0.032
2025-08-11,1.772,0.0085
2025-08-12,1.754,-0.0102
2025-08-13,1.753,-0.0006
2025-08-14,1.741,-0.0068000000000000005
2025-08-15,1.749,0.0046
2025-08-18,1.8,0.0292
2025-08-19,1.81,0.005600000000000001
2025-08-20,1.802,-0.0044
2025-08-21,1.801,-0.0006
2025-08-22,1.83,0.0161
2025-08-25,1.834,0.0022
2025-08-26,1.839,0.0027
2025-08-27,1.806,-0.0179
2025-08-28,1.798,-0.0044
2025-08-29,1.777,-0.011699999999999999
2025-09-01,1.782,0.0028000000000000004
2025-09-02,1.719,-0.0354
2025-09-03,1.702,-0.009899999999999999
2025-09-04,1.674,-0.0165
2025-09-05,1.708,0.0203
2025-09-08,1.735,0.0158
2025-09-09,1.716,-0.011000000000000001
2025-09-10,1.726,0.0058
2025-09-11,1.754,0.016200000000000003
2025-09-12,1.742,-0.0068000000000000005
2025-09-15,1.753,0.0063
2025-09-16,1.784,0.0177
2025-09-17,1.79,0.0034000000000000002
2025-09-18,1.752,-0.0212
2025-09-19,1.762,0.005699999999999999
2025-09-22,1.767,0.0028000000000000004
2025-09-23,1.743,-0.013600000000000001
2025-09-24,1.776,0.0189
2025-09-25,1.811,0.0197
2025-09-26,1.767,-0.024300000000000002
2025-09-29,1.772,0.0028000000000000004
2025-09-30,1.796,0.013500000000000002
2025-10-09,1.801,0.0028000000000000004
2025-10-10,1.768,-0.0183
2025-10-13,1.742,-0.0147
2025-10-14,1.697,-0.0258
2025-10-15,1.73,0.0194
2025-10-16,1.704,-0.015
2025-10-17,1.648,-0.0329
2025-10-20,1.66,0.0073
2025-10-21,1.687,0.0163
2025-10-22,1.672,-0.0089
2025-10-23,1.665,-0.0042
2025-10-24,1.677,0.0072
2025-10-27,1.679,0.0012
2025-10-28,1.685,0.0036
2025-10-29,1.682,-0.0018
2025-10-30,1.642,-0.023799999999999998
2025-10-31,1.717,0.045700000000000005
2025-11-03,1.765,0.027999999999999997
2025-11-04,1.766,0.0006
2025-11-05,1.764,-0.0011
2025-11-06,1.732,-0.0181
2025-11-07,1.715,-0.0098
2025-11-10,1.72,0.0029
2025-11-11,1.708,-0.006999999999999999
2025-11-12,1.674,-0.0199
2025-11-13,1.691,0.0102
2025-11-14,1.662,-0.0171
2025-11-17,1.677,0.009000000000000001
2025-11-18,1.7,0.0137
2025-11-19,1.662,-0.022400000000000003
2025-11-20,1.64,-0.0132
2025-11-21,1.663,0.013999999999999999
2025-11-24,1.715,0.0313
2025-11-25,1.754,0.0227
2025-11-26,1.76,0.0034000000000000002
2025-11-27,1.71,-0.028399999999999998
2025-11-28,1.719,0.0053
2025-12-01,1.724,0.0029
2025-12-02,1.69,-0.0197
2025-12-03,1.641,-0.028999999999999998
2025-12-04,1.63,-0.0067
2025-12-05,1.628,-0.0012
2025-12-08,1.669,0.0252
2025-12-09,1.688,0.011399999999999999
2025-12-10,1.702,0.0083
2025-12-11,1.664,-0.0223
2025-12-12,1.681,0.0102
2025-12-15,1.63,-0.030299999999999997
2025-12-16,1.584,-0.0282
2025-12-17,1.653,0.0436
2025-12-18,1.636,-0.0103
2025-12-19,1.636,0.0
2025-12-22,1.673,0.0226
2025-12-23,1.679,0.0036
2025-12-24,1.691,0.0070999999999999995
2025-12-25,1.691,0.0
2025-12-26,1.67,-0.0124
2025-12-29,1.666,-0.0024
2025-12-30,1.677,0.0066
2025-12-31,1.707,0.0179
2026-01-05,1.755,0.0281
2026-01-06,1.751,-0.0023
2026-01-07,1.769,0.0103
2026-01-08,1.807,0.0215
2026-01-09,1.913,0.0587
2026-01-12,2.085,0.08990000000000001
2026-01-13,2.062,-0.011000000000000001
2026-01-14,2.169,0.0519
2026-01-15,2.044,-0.0576
2026-01-16,1.919,-0.061200000000000004
2026-01-19,1.904,-0.0078000000000000005
2026-01-20,1.862,-0.022099999999999998
2026-01-21,1.839,-0.0124
2026-01-22,1.861,0.012
2026-01-23,1.912,0.0274
2026-01-26,1.869,-0.0225
2026-01-27,1.894,0.0134
2026-01-28,1.855,-0.0206
2026-01-29,1.944,0.048
2026-01-30,1.927,-0.0087
2026-02-02,1.878,-0.0254
2026-02-03,1.94,0.033
2026-02-04,1.84,-0.051500000000000004
2026-02-05,1.838,-0.0011
2026-02-06,1.784,-0.0294
2026-02-09,1.914,0.0729
2026-02-10,1.993,0.041299999999999996
2026-02-11,1.958,-0.0176
2026-02-12,1.937,-0.010700000000000001
2026-02-13,1.87,-0.0346
2026-02-24,1.796,-0.039599999999999996
2026-02-25,1.778,-0.01
2026-02-26,1.764,-0.0079
2026-02-27,1.793,0.016399999999999998
2026-03-02,1.722,-0.039599999999999996
2026-03-03,1.628,-0.0546
2026-03-04,1.616,-0.0074
2026-03-05,1.631,0.009300000000000001
2026-03-06,1.647,0.0098
2026-03-09,1.661,0.0085
2026-03-10,1.667,0.0036
2026-03-11,1.634,-0.019799999999999998
2026-03-12,1.609,-0.015300000000000001
2026-03-13,1.572,-0.023
2026-03-16,1.581,0.005699999999999999
2026-03-17,1.558,-0.014499999999999999
2026-03-18,1.56,0.0013
2026-03-19,1.521,-0.025
2026-03-20,1.467,-0.0355
2026-03-23,1.387,-0.0545
2026-03-24,1.416,0.0209
2026-03-25,1.442,0.0184
2026-03-26,1.421,-0.0146
2026-03-27,1.438,0.012
2026-03-30,1.445,0.0049
2026-03-31,1.438,-0.0048
2026-04-01,1.465,0.018799999999999997
2026-04-02,1.437,-0.0191
2026-04-03,1.411,-0.0181
2026-04-07,1.433,0.015600000000000001
2026-04-08,1.522,0.0621
2026-04-09,1.493,-0.0191
2026-04-10,1.494,0.0007000000000000001
2026-04-13,1.487,-0.004699999999999999
2026-04-14,1.513,0.0175
2026-04-15,1.485,-0.018500000000000003
2026-04-16,1.527,0.028300000000000002
2026-04-17,1.539,0.0079
2026-04-20,1.598,0.0383
2026-04-21,1.589,-0.005600000000000001
2026-04-22,1.601,0.0076
2026-04-23,1.609,0.005
2026-04-24,1.566,-0.026699999999999998
2026-04-27,1.574,0.0051
2026-04-28,1.548,-0.0165
2026-04-29,1.568,0.0129
2026-04-30,1.56,-0.0051
2026-05-06,1.607,0.0301
2026-05-07,1.696,0.0554
2026-05-08,1.705,0.0053
2026-05-11,1.719,0.008199999999999999
2026-05-12,1.7,-0.0111
2026-05-13,1.742,0.024700000000000003
2026-05-14,1.679,-0.0362
2026-05-15,1.679,0.0
2026-05-18,1.68,0.0006
2026-05-19,1.701,0.0125
2026-05-20,1.695,-0.0034999999999999996
2026-05-21,1.615,-0.0472
2026-05-22,1.665,0.031
2026-05-25,1.665,0.0
2026-05-26,1.638,-0.016200000000000003
2026-05-27,1.615,-0.013999999999999999
2026-05-28,1.614,-0.0006
2026-05-29,1.604,-0.0062
2026-06-01,1.598,-0.0037
2026-06-02,1.586,-0.0075
2026-06-03,1.588,0.0013
2026-06-04,1.569,-0.012
2026-06-05,1.562,-0.0045000000000000005
2026-06-08,1.527,-0.022400000000000003
2026-06-09,1.551,0.015700000000000002
2026-06-10,1.533,-0.0116
2026-06-11,1.51,-0.015
2026-06-12,1.519,0.006
2026-06-15,1.511,-0.0053
2026-06-16,1.488,-0.0152
2026-06-17,1.475,-0.0087
2026-06-18,1.452,-0.015600000000000001
2026-06-22,1.47,0.0124
2026-06-23,1.465,-0.0034000000000000002
2026-06-24,1.461,-0.0027
2026-06-25,1.47,0.0062
2026-06-26,1.454,-0.0109
2026-06-29,1.482,0.019299999999999998
2026-06-30,1.472,-0.0067
2026-07-01,1.487,0.0102
2026-07-02,1.49,0.002
2026-07-03,1.513,0.0154
2026-07-06,1.538,0.0165
2026-07-07,1.517,-0.0137
2026-07-08,1.512,-0.0033
2026-07-09,1.508,-0.0026
2026-07-10,1.511,0.002
2026-07-13,1.508,-0.002
2026-07-14,1.527,0.0126
2026-07-15,1.56,0.0216
2026-07-16,1.566,0.0038
2026-07-17,1.526,-0.0255
2026-07-20,1.559,0.0216
2026-07-21,1.556,-0.0019
2026-07-22,1.56,0.0026
2026-07-23,1.558,-0.0013
2026-07-24,1.538,-0.0128
2026-07-27,1.558,0.013000000000000001
2026-07-28,1.57,0.0077
2026-07-29,1.604,0.0217
2026-07-30,1.623,0.0118
2026-07-31,1.62,-0.0018
2026-08-03,1.605,-0.009300000000000001
2026-08-04,1.594,-0.0069
