date,nav,ret
2011-07-13,1.0,0.0
2011-07-14,1.0,0.0
2011-07-21,1.0,0.0
2011-07-28,1.0,0.0
2011-08-04,0.997,-0.003
2011-08-11,0.994,-0.003009
2011-08-18,0.988,-0.0060360000000000006
2011-08-25,0.99,0.0020239999999999998
2011-08-29,0.999,0.009091
2011-08-30,1.002,0.003003
2011-08-31,1.009,0.006986
2011-09-01,1.008,-0.000991
2011-09-02,0.999,-0.008929
2011-09-05,0.988,-0.011011
2011-09-06,0.982,-0.006072999999999999
2011-09-07,0.993,0.011202
2011-09-08,0.993,0.0
2011-09-09,0.98,-0.013092
2011-09-13,0.977,-0.003061
2011-09-14,0.983,0.006141
2011-09-15,0.988,0.005086
2011-09-16,0.992,0.004049
2011-09-19,0.984,-0.008065
2011-09-20,0.988,0.004065
2011-09-21,0.981,-0.007085
2011-09-22,0.958,-0.023445
2011-09-23,0.954,-0.004175
2011-09-26,0.948,-0.006289
2011-09-27,0.96,0.012658
2011-09-28,0.955,-0.005208000000000001
2011-09-29,0.952,-0.0031409999999999997
2011-09-30,0.941,-0.011555
2011-10-10,0.95,0.009564
2011-10-11,0.952,0.002105
2011-10-12,0.957,0.005252
2011-10-13,0.96,0.003135
2011-10-14,0.96,0.0
2011-10-17,0.959,-0.001042
2011-10-18,0.957,-0.002086
2011-10-19,0.956,-0.001045
2011-10-20,0.954,-0.002092
2011-10-21,0.958,0.004193
2011-10-24,0.961,0.003132
2011-10-25,0.963,0.002081
2011-10-26,0.964,0.001038
2011-10-27,0.971,0.007261
2011-10-28,0.973,0.0020599999999999998
2011-10-31,0.966,-0.007194000000000001
2011-11-01,0.958,-0.008282000000000001
2011-11-02,0.961,0.003132
2011-11-03,0.962,0.001041
2011-11-04,0.961,-0.00104
2011-11-07,0.961,0.0
2011-11-08,0.962,0.001041
2011-11-09,0.958,-0.004158
2011-11-10,0.953,-0.0052190000000000005
2011-11-11,0.956,0.003148
2011-11-14,0.957,0.001046
2011-11-15,0.956,-0.001045
2011-11-16,0.953,-0.003138
2011-11-17,0.949,-0.004197
2011-11-18,0.948,-0.001054
2011-11-21,0.943,-0.005274
2011-11-22,0.942,-0.00106
2011-11-23,0.937,-0.005308
2011-11-24,0.937,0.0
2011-11-25,0.935,-0.002134
2011-11-28,0.943,0.008556000000000001
2011-11-29,0.943,0.0
2011-11-30,0.954,0.011665000000000002
2011-12-01,0.956,0.002096
2011-12-02,0.958,0.002092
2011-12-05,0.962,0.004175
2011-12-06,0.96,-0.002079
2011-12-07,0.962,0.002083
2011-12-08,0.95,-0.012474
2011-12-09,0.954,0.0042109999999999995
2011-12-12,0.946,-0.008386
2011-12-13,0.939,-0.0074
2011-12-14,0.93,-0.009585
2011-12-15,0.929,-0.001075
2011-12-16,0.931,0.002153
2011-12-19,0.928,-0.003222
2011-12-20,0.935,0.007542999999999999
2011-12-21,0.937,0.0021390000000000003
2011-12-22,0.938,0.001067
2011-12-23,0.941,0.003198
2011-12-26,0.94,-0.0010630000000000001
2011-12-27,0.939,-0.0010639999999999998
2011-12-28,0.932,-0.007455000000000001
2011-12-29,0.931,-0.0010730000000000002
2011-12-30,0.932,0.0010739999999999999
2011-12-31,0.932,0.0
2012-01-04,0.945,0.013948
2012-01-05,0.946,0.0010580000000000001
2012-01-06,0.939,-0.0074
2012-01-09,0.943,0.00426
2012-01-10,0.956,0.013786
2012-01-11,0.959,0.003138
2012-01-12,0.962,0.003128
2012-01-13,0.957,-0.005198
2012-01-16,0.958,0.001045
2012-01-17,0.964,0.0062629999999999995
2012-01-18,0.973,0.009336
2012-01-19,0.985,0.012333
2012-01-20,0.987,0.00203
2012-01-30,0.995,0.008105
2012-01-31,1.001,0.00603
2012-02-01,1.011,0.00999
2012-02-02,1.016,0.004946
2012-02-03,1.024,0.007873999999999999
2012-02-06,1.021,-0.00293
2012-02-07,1.016,-0.004897
2012-02-08,1.022,0.005906
2012-02-09,1.025,0.0029349999999999997
2012-02-10,1.018,-0.006828999999999999
2012-02-13,1.019,0.000982
2012-02-14,1.018,-0.000981
2012-02-15,1.023,0.004912000000000001
2012-02-16,1.022,-0.000978
2012-02-17,1.026,0.003914
2012-02-20,1.03,0.003899
2012-02-21,1.032,0.0019420000000000001
2012-02-22,1.035,0.0029070000000000003
2012-02-23,1.039,0.003865
2012-02-24,1.039,0.0
2012-02-27,1.037,-0.001925
2012-02-28,1.046,0.008679
2012-02-29,1.042,-0.003824
2012-03-01,1.044,0.001919
2012-03-02,1.044,0.0
2012-03-05,1.037,-0.006705
2012-03-06,1.015,-0.021215
2012-03-07,1.022,0.0068969999999999995
2012-03-08,1.039,0.016634
2012-03-09,1.044,0.004812
2012-03-12,1.045,0.000958
2012-03-13,1.054,0.008612
2012-03-14,1.054,0.0
2012-03-15,1.054,0.0
2012-03-16,1.052,-0.001898
2012-03-19,1.047,-0.004753
2012-03-20,1.04,-0.006686
2012-03-21,1.04,0.0
2012-03-22,1.034,-0.005769
2012-03-23,1.032,-0.001934
2012-03-26,1.04,0.007752
2012-03-27,1.043,0.002885
2012-03-28,1.032,-0.010546999999999999
2012-03-29,1.022,-0.009689999999999999
2012-03-30,1.029,0.006848999999999999
2012-03-31,1.029,0.0
2012-04-05,1.018,-0.01069
2012-04-06,1.017,-0.000982
2012-04-09,1.015,-0.001967
2012-04-10,0.999,-0.015764
2012-04-11,1.001,0.002002
2012-04-12,1.017,0.015984
2012-04-13,1.008,-0.00885
2012-04-16,1.006,-0.001984
2012-04-17,1.017,0.010934
2012-04-18,1.017,0.0
2012-04-19,1.011,-0.0059
2012-04-20,1.012,0.000989
2012-04-23,0.995,-0.016798
2012-04-24,0.994,-0.001005
2012-04-25,1.014,0.020121000000000003
2012-04-26,1.024,0.009862
2012-04-27,1.021,-0.00293
2012-05-02,1.022,0.000979
2012-05-03,1.017,-0.0048920000000000005
2012-05-04,1.0,-0.016715999999999998
2012-05-07,0.993,-0.006999999999999999
2012-05-08,0.978,-0.015106
2012-05-09,0.973,-0.005112
2012-05-10,0.967,-0.0061660000000000005
2012-05-11,0.966,-0.001034
2012-05-14,0.95,-0.016563
2012-05-15,0.944,-0.006316
2012-05-16,0.937,-0.007415000000000001
2012-05-17,0.929,-0.008538
2012-05-18,0.916,-0.013994
2012-05-21,0.931,0.016375999999999998
2012-05-22,0.938,0.0075190000000000005
2012-05-23,0.927,-0.011727000000000001
2012-05-24,0.921,-0.006472
2012-05-25,0.921,0.0
2012-05-28,0.924,0.003257
2012-05-29,0.941,0.018398
2012-05-30,0.928,-0.013815
2012-05-31,0.915,-0.014009
2012-06-01,0.889,-0.028415
2012-06-04,0.88,-0.010124
2012-06-05,0.889,0.010227
2012-06-06,0.906,0.019123
2012-06-07,0.913,0.007725999999999999
2012-06-08,0.912,-0.001095
2012-06-11,0.911,-0.001096
2012-06-12,0.91,-0.001098
2012-06-13,0.903,-0.007692
2012-06-14,0.899,-0.00443
2012-06-15,0.904,0.005562
2012-06-18,0.911,0.007743
2012-06-19,0.924,0.01427
2012-06-20,0.929,0.005411
2012-06-21,0.914,-0.016146
2012-06-25,0.89,-0.026258
2012-06-26,0.885,-0.005618
2012-06-27,0.889,0.00452
2012-06-28,0.883,-0.006749000000000001
2012-06-29,0.908,0.028313
2012-06-30,0.908,0.0
2012-07-02,0.916,0.008811
2012-07-03,0.925,0.009825
2012-07-04,0.925,0.0
2012-07-05,0.927,0.002162
2012-07-06,0.91,-0.018339
2012-07-09,0.898,-0.013186999999999999
2012-07-10,0.898,0.0
2012-07-11,0.886,-0.013363
2012-07-12,0.872,-0.015801
2012-07-13,0.888,0.018349
2012-07-16,0.887,-0.001126
2012-07-17,0.889,0.002255
2012-07-18,0.897,0.008999
2012-07-19,0.915,0.020066999999999998
2012-07-20,0.901,-0.015301
2012-07-23,0.884,-0.018868
2012-07-24,0.88,-0.004525
2012-07-25,0.881,0.001136
2012-07-26,0.895,0.015891
2012-07-27,0.916,0.023464
2012-07-30,0.922,0.00655
2012-07-31,0.91,-0.013015
2012-08-01,0.906,-0.004396
2012-08-02,0.894,-0.013245
2012-08-03,0.914,0.022371
2012-08-06,0.934,0.021882000000000002
2012-08-07,0.952,0.019272
2012-08-08,0.952,0.0
2012-08-09,0.955,0.0031509999999999997
2012-08-10,0.952,-0.0031409999999999997
2012-08-13,0.948,-0.004202
2012-08-14,0.954,0.006329
2012-08-15,0.957,0.0031450000000000002
2012-08-16,0.965,0.008359
2012-08-17,0.976,0.011399
2012-08-20,0.974,-0.002049
2012-08-21,0.978,0.004107
2012-08-22,0.979,0.001022
2012-08-23,0.978,-0.001021
2012-08-24,0.973,-0.005112
2012-08-27,0.977,0.004111
2012-08-28,0.977,0.0
2012-08-29,0.98,0.003071
2012-08-30,0.967,-0.013265
2012-08-31,0.972,0.005171
2012-09-03,0.977,0.005143999999999999
2012-09-04,0.968,-0.009212
2012-09-05,0.965,-0.003099
2012-09-06,0.983,0.018653
2012-09-07,0.996,0.013225
2012-09-10,1.001,0.00502
2012-09-11,0.99,-0.010989
2012-09-12,0.991,0.00101
2012-09-13,0.994,0.003027
2012-09-14,1.022,0.028169
2012-09-17,1.018,-0.003914
2012-09-18,1.011,-0.006876
2012-09-19,1.017,0.005935
2012-09-20,1.006,-0.010816
2012-09-21,1.008,0.001988
2012-09-24,1.0,-0.007937
2012-09-25,0.993,-0.006999999999999999
2012-09-26,0.98,-0.013092
2012-09-27,0.984,0.004082
2012-09-28,0.984,0.0
2012-09-30,0.984,0.0
2012-10-08,0.993,0.009146
2012-10-09,0.985,-0.008056
2012-10-10,0.981,-0.004061
2012-10-11,0.993,0.012232
2012-10-12,0.993,0.0
2012-10-15,0.995,0.002014
2012-10-16,1.009,0.014070000000000001
2012-10-17,1.018,0.00892
2012-10-18,1.015,-0.002947
2012-10-19,1.006,-0.008867
2012-10-22,1.004,-0.001988
2012-10-23,0.995,-0.008964
2012-10-24,0.994,-0.001005
2012-10-25,0.995,0.001006
2012-10-26,0.993,-0.00201
2012-10-29,0.99,-0.003021
2012-10-30,0.995,0.005051
2012-10-31,0.996,0.001005
2012-11-01,1.014,0.018071999999999998
2012-11-02,1.02,0.005917
2012-11-05,1.017,-0.0029409999999999996
2012-11-06,1.013,-0.003933
2012-11-07,1.002,-0.010859
2012-11-08,0.986,-0.015968
2012-11-09,0.986,0.0
2012-11-12,0.984,-0.0020280000000000003
2012-11-13,0.98,-0.004065
2012-11-14,0.974,-0.006122
2012-11-15,0.97,-0.004107
2012-11-16,0.972,0.002062
2012-11-19,0.996,0.024691
2012-11-20,0.999,0.0030120000000000004
2012-11-21,1.005,0.006006
2012-11-22,1.01,0.004975
2012-11-23,1.022,0.011881
2012-11-26,1.022,0.0
2012-11-27,1.025,0.0029349999999999997
2012-11-28,1.034,0.00878
2012-11-29,1.04,0.005803
2012-11-30,1.041,0.000962
2012-12-03,1.037,-0.003842
2012-12-04,1.023,-0.013500000000000002
2012-12-05,1.025,0.001955
2012-12-06,1.036,0.010731999999999998
2012-12-07,1.034,-0.001931
2012-12-10,1.032,-0.001934
2012-12-11,1.041,0.008721
2012-12-12,1.045,0.003842
2012-12-13,1.044,-0.000957
2012-12-14,1.047,0.002874
2012-12-17,1.052,0.004776
2012-12-18,1.058,0.005703000000000001
2012-12-19,1.059,0.000945
2012-12-20,1.06,0.000944
2012-12-21,1.054,-0.005659999999999999
2012-12-24,1.052,-0.001898
2012-12-25,1.052,0.0
2012-12-26,1.046,-0.005703000000000001
2012-12-27,1.051,0.0047799999999999995
2012-12-28,1.05,-0.000951
2012-12-31,1.06,0.009524
2013-01-04,1.089,0.027357999999999997
2013-01-07,1.088,-0.0009180000000000001
2013-01-08,1.087,-0.000919
2013-01-09,1.09,0.0027600000000000003
2013-01-10,1.091,0.0009170000000000001
2013-01-11,1.096,0.004583
2013-01-14,1.1,0.00365
2013-01-15,1.104,0.003636
2013-01-16,1.107,0.002717
2013-01-17,1.111,0.003613
2013-01-18,1.119,0.007201
2013-01-21,1.12,0.0008939999999999999
2013-01-22,1.12,0.0
2013-01-23,1.11,-0.008929
2013-01-24,1.101,-0.008107999999999999
2013-01-25,1.102,0.0009080000000000001
2013-01-28,1.104,0.001815
2013-01-29,1.107,0.002717
2013-01-30,1.106,-0.000903
2013-01-31,1.103,-0.002712
2013-02-01,1.112,0.008159999999999999
2013-02-04,1.103,-0.008094
2013-02-05,1.099,-0.003626
2013-02-06,1.099,0.0
2013-02-07,1.091,-0.007279
2013-02-08,1.099,0.007332999999999999
2013-02-18,1.099,0.0
2013-02-19,1.102,0.0027300000000000002
2013-02-20,1.099,-0.002722
2013-02-21,1.082,-0.015469
2013-02-22,1.078,-0.0036969999999999998
2013-02-25,1.078,0.0
2013-02-26,1.063,-0.013915
2013-02-27,1.07,0.006585
2013-02-28,1.083,0.012150000000000001
2013-03-01,1.077,-0.005540000000000001
2013-03-04,1.068,-0.008357
2013-03-05,1.083,0.014045
2013-03-06,1.085,0.0018470000000000001
2013-03-07,1.083,-0.001843
2013-03-08,1.09,0.006464
2013-03-11,1.088,-0.001835
2013-03-12,1.081,-0.006434
2013-03-13,1.078,-0.002775
2013-03-14,1.079,0.0009279999999999999
2013-03-15,1.08,0.0009270000000000001
2013-03-18,1.07,-0.009259
2013-03-19,1.065,-0.004673
2013-03-20,1.071,0.005634
2013-03-21,1.066,-0.0046689999999999995
2013-03-22,1.066,0.0
2013-03-25,1.069,0.0028139999999999997
2013-03-26,1.069,0.0
2013-03-27,1.067,-0.0018709999999999998
2013-03-28,1.062,-0.004686
2013-03-29,1.062,0.0
2013-04-01,1.054,-0.007533
2013-04-02,1.06,0.005693
2013-04-03,1.051,-0.008491
2013-04-08,1.038,-0.012369000000000002
2013-04-09,1.04,0.0019270000000000001
2013-04-10,1.053,0.0125
2013-04-11,1.063,0.009497
2013-04-12,1.053,-0.009407
2013-04-15,1.036,-0.016144000000000002
2013-04-16,1.032,-0.003861
2013-04-17,1.016,-0.015504
2013-04-18,1.007,-0.008858
2013-04-19,1.019,0.011917
2013-04-22,1.021,0.001963
2013-04-23,1.043,0.021547999999999998
2013-04-24,1.053,0.009588
2013-04-25,1.067,0.013295
2013-04-26,1.06,-0.00656
2013-05-02,1.074,0.013208
2013-05-03,1.087,0.012103999999999998
2013-05-06,1.093,0.005520000000000001
2013-05-07,1.095,0.00183
2013-05-08,1.102,0.006392999999999999
2013-05-09,1.102,0.0
2013-05-10,1.102,0.0
2013-05-13,1.096,-0.005445
2013-05-14,1.104,0.007299
2013-05-15,1.107,0.002717
2013-05-16,1.112,0.004517
2013-05-17,1.116,0.0035970000000000004
2013-05-20,1.123,0.006272
2013-05-21,1.125,0.001781
2013-05-22,1.121,-0.003556
2013-05-23,1.096,-0.022302
2013-05-24,1.101,0.004562
2013-05-27,1.103,0.001817
2013-05-28,1.111,0.007252999999999999
2013-05-29,1.101,-0.009001
2013-05-30,1.108,0.006358
2013-05-31,1.107,-0.000903
2013-06-03,1.103,-0.003613
2013-06-04,1.106,0.00272
2013-06-05,1.092,-0.012658
2013-06-06,1.087,-0.004579
2013-06-07,1.101,0.012879
2013-06-13,1.076,-0.022707
2013-06-14,1.082,0.005576
2013-06-17,1.089,0.00647
2013-06-18,1.097,0.007346
2013-06-19,1.097,0.0
2013-06-20,1.056,-0.037375
2013-06-21,1.036,-0.018938999999999998
2013-06-24,1.01,-0.025097
2013-06-25,1.022,0.011881
2013-06-26,1.039,0.016634
2013-06-27,1.045,0.005775
2013-06-28,1.05,0.004785
2013-06-30,1.05,0.0
2013-07-01,1.061,0.010476000000000001
2013-07-02,1.057,-0.00377
2013-07-03,1.045,-0.011353
2013-07-04,1.057,0.011483
2013-07-05,1.052,-0.00473
2013-07-08,1.058,0.005703000000000001
2013-07-09,1.061,0.002836
2013-07-10,1.067,0.005655
2013-07-11,1.095,0.026242
2013-07-12,1.093,-0.0018260000000000001
2013-07-15,1.095,0.00183
2013-07-16,1.092,-0.0027400000000000002
2013-07-17,1.098,0.005495
2013-07-18,1.105,0.006375
2013-07-19,1.102,-0.0027150000000000004
2013-07-22,1.105,0.002722
2013-07-23,1.107,0.00181
2013-07-24,1.118,0.009937
2013-07-25,1.12,0.001789
2013-07-26,1.124,0.0035709999999999995
2013-07-29,1.123,-0.00089
2013-07-30,1.129,0.005343
2013-07-31,1.128,-0.000886
2013-08-01,1.144,0.014184
2013-08-02,1.152,0.006993
2013-08-05,1.154,0.0017360000000000001
2013-08-06,1.154,0.0
2013-08-07,1.143,-0.009532
2013-08-08,1.148,0.004374
2013-08-09,1.151,0.002613
2013-08-12,1.156,0.004344
2013-08-13,1.167,0.009516
2013-08-14,1.172,0.004284
2013-08-15,1.169,-0.00256
2013-08-16,1.17,0.0008550000000000001
2013-08-19,1.169,-0.0008550000000000001
2013-08-20,1.161,-0.006843
2013-08-21,1.16,-0.000861
2013-08-22,1.166,0.0051719999999999995
2013-08-23,1.171,0.004288
2013-08-26,1.169,-0.001708
2013-08-27,1.147,-0.01882
2013-08-28,1.137,-0.008718
2013-08-29,1.145,0.007036
2013-08-30,1.141,-0.003493
2013-09-02,1.151,0.008764
2013-09-03,1.15,-0.0008690000000000001
2013-09-04,1.154,0.003478
2013-09-05,1.162,0.006932000000000001
2013-09-06,1.163,0.000861
2013-09-09,1.173,0.008598
2013-09-10,1.186,0.011083
2013-09-11,1.185,-0.000843
2013-09-12,1.182,-0.002532
2013-09-13,1.182,0.0
2013-09-16,1.199,0.014381999999999999
2013-09-17,1.195,-0.003336
2013-09-18,1.202,0.0058579999999999995
2013-09-23,1.204,0.001664
2013-09-24,1.201,-0.002492
2013-09-25,1.199,-0.001665
2013-09-26,1.2,0.000834
2013-09-27,1.198,-0.0016669999999999999
2013-09-30,1.193,-0.004174
2013-10-08,1.191,-0.001676
2013-10-09,1.186,-0.004198
2013-10-10,1.199,0.010961
2013-10-11,1.209,0.00834
2013-10-14,1.207,-0.0016539999999999999
2013-10-15,1.209,0.0016569999999999998
2013-10-16,1.203,-0.004963
2013-10-17,1.212,0.007481
2013-10-18,1.23,0.014851000000000001
2013-10-21,1.235,0.004065
2013-10-22,1.236,0.0008100000000000001
2013-10-23,1.232,-0.003236
2013-10-24,1.239,0.005682
2013-10-25,1.231,-0.006457000000000001
2013-10-28,1.229,-0.0016250000000000001
2013-10-29,1.225,-0.003255
2013-10-30,1.236,0.00898
2013-10-31,1.236,0.0
2013-11-01,1.23,-0.004854
2013-11-04,1.233,0.002439
2013-11-05,1.226,-0.005677
2013-11-06,1.232,0.004894
2013-11-07,1.224,-0.006494
2013-11-08,1.22,-0.0032679999999999996
2013-11-11,1.221,0.00082
2013-11-12,1.218,-0.002457
2013-11-13,1.217,-0.0008210000000000001
2013-11-14,1.224,0.005752
2013-11-15,1.232,0.006535999999999999
2013-11-18,1.242,0.008117
2013-11-19,1.236,-0.004830999999999999
2013-11-20,1.232,-0.003236
2013-11-21,1.232,0.0
2013-11-22,1.236,0.003247
2013-11-25,1.245,0.007281999999999999
2013-11-26,1.245,0.0
2013-11-27,1.254,0.007229
2013-11-28,1.257,0.002392
2013-11-29,1.258,0.000796
2013-12-02,1.256,-0.00159
2013-12-03,1.241,-0.011942999999999999
2013-12-04,1.237,-0.0032229999999999997
2013-12-05,1.234,-0.002425
2013-12-06,1.231,-0.002431
2013-12-09,1.24,0.007311
2013-12-10,1.233,-0.005645
2013-12-11,1.229,-0.0032440000000000004
2013-12-12,1.224,-0.004068
2013-12-13,1.225,0.0008169999999999999
2013-12-16,1.232,0.005714
2013-12-17,1.231,-0.0008119999999999999
2013-12-18,1.235,0.003249
2013-12-19,1.236,0.0008100000000000001
2013-12-20,1.235,-0.000809
2013-12-23,1.24,0.004049
2013-12-24,1.241,0.0008060000000000001
2013-12-25,1.241,0.0
2013-12-26,1.241,0.0
2013-12-27,1.251,0.008058
2013-12-30,1.255,0.0031969999999999998
2013-12-31,1.259,0.0031869999999999997
2014-01-02,1.251,-0.006353999999999999
2014-01-03,1.245,-0.004796
2014-01-06,1.237,-0.006425999999999999
2014-01-07,1.239,0.0016170000000000002
2014-01-08,1.238,-0.000807
2014-01-09,1.218,-0.016155
2014-01-10,1.221,0.002463
2014-01-13,1.22,-0.000819
2014-01-14,1.22,0.0
2014-01-15,1.229,0.007377
2014-01-16,1.221,-0.006509
2014-01-17,1.226,0.004095
2014-01-20,1.227,0.0008160000000000001
2014-01-21,1.23,0.002445
2014-01-22,1.223,-0.005691000000000001
2014-01-23,1.207,-0.013083000000000001
2014-01-24,1.192,-0.012428
2014-01-27,1.177,-0.012584
2014-01-28,1.186,0.007647
2014-01-29,1.176,-0.008432
2014-01-30,1.17,-0.005102
2014-02-07,1.197,0.023077
2014-02-10,1.202,0.004177
2014-02-11,1.222,0.016639
2014-02-12,1.224,0.0016370000000000002
2014-02-13,1.22,-0.0032679999999999996
2014-02-14,1.228,0.0065569999999999995
2014-02-17,1.226,-0.0016289999999999998
2014-02-18,1.226,0.0
2014-02-19,1.224,-0.0016309999999999999
2014-02-20,1.227,0.002451
2014-02-21,1.232,0.004075
2014-02-24,1.235,0.002435
2014-02-25,1.237,0.0016189999999999998
2014-02-26,1.239,0.0016170000000000002
2014-02-27,1.24,0.000807
2014-02-28,1.244,0.003226
2014-03-03,1.229,-0.012058
2014-03-04,1.243,0.011391
2014-03-05,1.244,0.000805
2014-03-06,1.247,0.002412
2014-03-07,1.244,-0.002406
2014-03-10,1.237,-0.005627
2014-03-11,1.237,0.0
2014-03-12,1.226,-0.008892
2014-03-13,1.212,-0.011418999999999999
2014-03-14,1.201,-0.009075999999999999
2014-03-17,1.212,0.009159
2014-03-18,1.219,0.005776
2014-03-19,1.217,-0.0016409999999999999
2014-03-20,1.21,-0.005752
2014-03-21,1.208,-0.001653
2014-03-24,1.2,-0.006623
2014-03-25,1.205,0.0041670000000000006
2014-03-26,1.218,0.010787999999999999
2014-03-27,1.208,-0.00821
2014-03-28,1.22,0.009934
2014-03-31,1.225,0.004098
2014-04-01,1.247,0.017959
2014-04-02,1.249,0.001604
2014-04-03,1.246,-0.002402
2014-04-04,1.241,-0.004013
2014-04-08,1.22,-0.016922
2014-04-09,1.238,0.014754
2014-04-10,1.243,0.004039
2014-04-11,1.232,-0.00885
2014-04-14,1.236,0.003247
2014-04-15,1.227,-0.007281999999999999
2014-04-16,1.234,0.005705
2014-04-17,1.24,0.004862
2014-04-18,1.239,-0.0008060000000000001
2014-04-21,1.239,0.0
2014-04-22,1.249,0.008071
2014-04-23,1.248,-0.0008010000000000001
2014-04-24,1.256,0.00641
2014-04-25,1.246,-0.007962
2014-04-28,1.24,-0.004815
2014-04-29,1.239,-0.0008060000000000001
2014-04-30,1.237,-0.001614
2014-05-05,1.238,0.000808
2014-05-06,1.231,-0.005654
2014-05-07,1.22,-0.008936
2014-05-08,1.216,-0.0032790000000000002
2014-05-09,1.219,0.002467
2014-05-12,1.225,0.004922
2014-05-13,1.226,0.0008160000000000001
2014-05-14,1.221,-0.004078
2014-05-15,1.219,-0.001638
2014-05-16,1.225,0.004922
2014-05-19,1.228,0.0024490000000000002
2014-05-20,1.226,-0.0016289999999999998
2014-05-21,1.234,0.0065249999999999996
2014-05-22,1.239,0.004052
2014-05-23,1.242,0.002421
2014-05-26,1.246,0.003221
2014-05-27,1.251,0.004013
2014-05-28,1.244,-0.005596
2014-05-29,1.246,0.001608
2014-05-30,1.251,0.004013
2014-06-03,1.245,-0.004796
2014-06-04,1.244,-0.000803
2014-06-05,1.246,0.001608
2014-06-06,1.245,-0.000803
2014-06-09,1.24,-0.0040160000000000005
2014-06-10,1.236,-0.003226
2014-06-11,1.236,0.0
2014-06-12,1.233,-0.002427
2014-06-13,1.23,-0.002433
2014-06-16,1.228,-0.0016259999999999998
2014-06-17,1.231,0.002443
2014-06-18,1.233,0.0016250000000000001
2014-06-19,1.239,0.004866
2014-06-20,1.241,0.001614
2014-06-23,1.237,-0.0032229999999999997
2014-06-24,1.239,0.0016170000000000002
2014-06-25,1.237,-0.001614
2014-06-26,1.24,0.002425
2014-06-27,1.243,0.002419
2014-06-30,1.248,0.004023
2014-07-01,1.253,0.004006
2014-07-02,1.257,0.003192
2014-07-03,1.264,0.005568999999999999
2014-07-04,1.265,0.000791
2014-07-07,1.255,-0.007905
2014-07-08,1.244,-0.008765
2014-07-09,1.242,-0.001608
2014-07-10,1.233,-0.007246
2014-07-11,1.234,0.0008110000000000001
2014-07-14,1.238,0.003241
2014-07-15,1.233,-0.004039
2014-07-16,1.238,0.0040550000000000004
2014-07-17,1.226,-0.009693
2014-07-18,1.226,0.0
2014-07-21,1.225,-0.0008160000000000001
2014-07-22,1.229,0.003265
2014-07-23,1.231,0.0016270000000000002
2014-07-24,1.236,0.004062
2014-07-25,1.222,-0.011327
2014-07-28,1.219,-0.002455
2014-07-29,1.22,0.00082
2014-07-30,1.217,-0.0024590000000000002
2014-07-31,1.205,-0.00986
2014-08-01,1.197,-0.006639000000000001
2014-08-04,1.198,0.000835
2014-08-05,1.197,-0.000835
2014-08-06,1.193,-0.003342
2014-08-07,1.177,-0.013412
2014-08-08,1.175,-0.001699
2014-08-11,1.186,0.009362
2014-08-12,1.184,-0.001686
2014-08-13,1.187,0.0025340000000000002
2014-08-14,1.191,0.00337
2014-08-15,1.185,-0.005038
2014-08-18,1.195,0.008439
2014-08-19,1.204,0.0075309999999999995
2014-08-20,1.201,-0.002492
2014-08-21,1.201,0.0
2014-08-22,1.199,-0.001665
2014-08-25,1.203,0.003336
2014-08-26,1.205,0.001663
2014-08-27,1.203,-0.00166
2014-08-28,1.198,-0.004156
2014-08-29,1.198,0.0
2014-09-01,1.193,-0.004174
2014-09-02,1.193,0.0
2014-09-03,1.193,0.0
2014-09-04,1.199,0.0050290000000000005
2014-09-05,1.194,-0.00417
2014-09-09,1.181,-0.010888
2014-09-10,1.175,-0.00508
2014-09-11,1.175,0.0
2014-09-12,1.174,-0.000851
2014-09-15,1.171,-0.002555
2014-09-16,1.165,-0.005124
2014-09-17,1.159,-0.00515
2014-09-18,1.16,0.000863
2014-09-19,1.159,-0.000862
2014-09-22,1.145,-0.012079
2014-09-23,1.134,-0.009607
2014-09-24,1.14,0.0052910000000000006
2014-09-25,1.123,-0.014912000000000002
2014-09-26,1.13,0.006233
2014-09-29,1.115,-0.013274
2014-09-30,1.112,0.0
2014-10-08,1.098,-0.012589999999999999
2014-10-09,1.095,-0.002732
2014-10-10,1.079,-0.014612
2014-10-13,1.067,-0.011121
2014-10-14,1.069,0.001874
2014-10-15,1.061,-0.007483999999999999
2014-10-16,1.069,0.00754
2014-10-17,1.084,0.014032
2014-10-20,1.088,0.00369
2014-10-21,1.107,0.017463
2014-10-22,1.108,0.000903
2014-10-23,1.113,0.004513
2014-10-24,1.112,-0.000898
2014-10-27,1.109,-0.002698
2014-10-28,1.117,0.007214000000000001
2014-10-29,1.124,0.006267
2014-10-30,1.126,0.001779
2014-10-31,1.14,0.012433000000000001
2014-11-03,1.136,-0.003509
2014-11-04,1.12,-0.014085
2014-11-05,1.125,0.004464
2014-11-06,1.128,0.002667
2014-11-07,1.129,0.000887
2014-11-10,1.136,0.0062
2014-11-11,1.138,0.001761
2014-11-12,1.14,0.0017569999999999999
2014-11-13,1.145,0.004386
2014-11-14,1.146,0.0008730000000000001
2014-11-17,1.145,-0.0008730000000000001
2014-11-18,1.148,0.00262
2014-11-19,1.149,0.0008709999999999999
2014-11-20,1.151,0.0017410000000000001
2014-11-21,1.166,0.013031999999999998
2014-11-24,1.171,0.004288
2014-11-25,1.174,0.002562
2014-11-26,1.177,0.002555
2014-11-27,1.181,0.003398
2014-11-28,1.188,0.005927
2014-12-01,1.175,-0.010943000000000001
2014-12-02,1.174,-0.000851
2014-12-03,1.169,-0.004259
2014-12-04,1.162,-0.005988
2014-12-05,1.176,0.012048000000000001
2014-12-08,1.159,-0.014456
2014-12-09,1.151,-0.006903
2014-12-10,1.148,-0.002606
2014-12-11,1.151,0.002613
2014-12-12,1.137,-0.012163
2014-12-15,1.126,-0.009675
2014-12-16,1.125,-0.000888
2014-12-17,1.123,-0.001778
2014-12-18,1.136,0.011576
2014-12-19,1.138,0.001761
2014-12-22,1.135,-0.002636
2014-12-23,1.149,0.056388
2014-12-24,1.15,0.000834
2014-12-25,1.15,0.0
2014-12-26,1.151,0.000833
2014-12-29,1.155,0.003331
2014-12-30,1.144,-0.050622
2014-12-31,1.142,-0.0017480000000000002
2015-01-05,1.108,-0.029772
2015-01-06,1.099,-0.008123
2015-01-07,1.109,0.009099000000000001
2015-01-08,1.132,0.020739
2015-01-09,1.122,-0.008834
2015-01-12,1.12,-0.0017829999999999999
2015-01-13,1.126,0.005357
2015-01-14,1.115,-0.009769
2015-01-15,1.116,0.000897
2015-01-16,1.113,-0.002688
2015-01-19,1.112,-0.000898
2015-01-20,1.118,0.005396
2015-01-21,1.128,0.008945
2015-01-22,1.14,0.010638000000000002
2015-01-23,1.145,0.004386
2015-01-26,1.149,0.003493
2015-01-27,1.147,-0.0017410000000000001
2015-01-28,1.152,0.004359
2015-01-29,1.156,0.0034720000000000003
2015-01-30,1.146,-0.008650999999999999
2015-02-02,1.148,0.0017449999999999998
2015-02-03,1.158,0.008711
2015-02-04,1.168,0.008636
2015-02-05,1.167,-0.000856
2015-02-06,1.168,0.000857
2015-02-09,1.152,-0.013699
2015-02-10,1.168,0.013889
2015-02-11,1.168,0.0
2015-02-12,1.178,0.008562
2015-02-13,1.187,0.00764
2015-02-16,1.185,-0.001685
2015-02-17,1.184,-0.000844
2015-02-25,1.193,0.007601
2015-02-26,1.196,0.002515
2015-02-27,1.194,-0.0016719999999999999
2015-03-02,1.199,0.004188
2015-03-03,1.189,-0.00834
2015-03-04,1.189,0.0
2015-03-05,1.189,0.0
2015-03-06,1.185,-0.003364
2015-03-09,1.172,-0.01097
2015-03-10,1.155,-0.014504999999999999
2015-03-11,1.16,0.004329
2015-03-12,1.163,0.0025859999999999998
2015-03-13,1.164,0.00086
2015-03-16,1.172,0.006873000000000001
2015-03-17,1.164,-0.006826
2015-03-18,1.166,0.0017180000000000001
2015-03-19,1.18,0.012007
2015-03-20,1.178,-0.0016950000000000001
2015-03-23,1.176,-0.001698
2015-03-24,1.181,0.004252000000000001
2015-03-25,1.169,-0.010161
2015-03-26,1.168,-0.0008550000000000001
2015-03-27,1.172,0.003425
2015-03-30,1.181,0.007679
2015-03-31,1.176,-0.004234
2015-04-01,1.175,-0.0008500000000000001
2015-04-02,1.178,0.002553
2015-04-03,1.183,0.004244
2015-04-07,1.189,0.005072
2015-04-08,1.196,0.005887
2015-04-09,1.207,0.009197
2015-04-10,1.209,0.0016569999999999998
2015-04-13,1.202,-0.00579
2015-04-14,1.187,-0.012479
2015-04-15,1.186,-0.000842
2015-04-16,1.19,0.0033729999999999997
2015-04-17,1.177,-0.010924
2015-04-20,1.174,-0.002549
2015-04-21,1.18,0.005111
2015-04-22,1.175,-0.004237
2015-04-23,1.171,-0.003404
2015-04-24,1.182,0.009394
2015-04-27,1.194,0.010152000000000001
2015-04-28,1.185,-0.007538
2015-04-29,1.173,-0.010126999999999999
2015-04-30,1.17,-0.0025580000000000004
2015-05-04,1.188,0.015385
2015-05-05,1.17,-0.015152
2015-05-06,1.164,-0.005128000000000001
2015-05-07,1.165,0.0008590000000000001
2015-05-08,1.186,0.018026
2015-05-11,1.188,0.001686
2015-05-12,1.176,-0.010101
2015-05-13,1.177,0.0008500000000000001
2015-05-14,1.191,0.011895
2015-05-15,1.194,0.002519
2015-05-18,1.209,0.012563
2015-05-19,1.217,0.006617
2015-05-20,1.21,-0.005752
2015-05-21,1.208,-0.001653
2015-05-22,1.206,-0.001656
2015-05-25,1.2,-0.004975
2015-05-26,1.19,-0.008333
2015-05-27,1.197,0.005881999999999999
2015-05-28,1.189,-0.006683
2015-05-29,1.179,-0.008409999999999999
2015-06-01,1.182,0.002545
2015-06-02,1.18,-0.001692
2015-06-03,1.184,0.0033900000000000002
2015-06-04,1.184,0.0
2015-06-05,1.178,-0.0050680000000000005
2015-06-08,1.171,-0.005941999999999999
2015-06-09,1.171,0.0
2015-06-10,1.178,0.005978
2015-06-11,1.18,0.001698
2015-06-12,1.177,-0.002542
2015-06-15,1.171,-0.005098
2015-06-16,1.173,0.001708
2015-06-17,1.172,-0.000853
2015-06-18,1.178,0.005119
2015-06-19,1.177,-0.000849
2015-06-23,1.189,0.010195000000000001
2015-06-24,1.184,-0.0042049999999999995
2015-06-25,1.184,0.0
2015-06-26,1.183,-0.000845
2015-06-29,1.163,-0.016906
2015-06-30,1.162,-0.00086
2015-07-01,1.167,0.004303
2015-07-02,1.166,-0.000857
2015-07-03,1.162,-0.003431
2015-07-06,1.143,-0.016351
2015-07-07,1.129,-0.012248000000000002
2015-07-08,1.113,-0.014172
2015-07-09,1.145,0.028751000000000002
2015-07-10,1.166,0.018341
2015-07-13,1.18,0.012007
2015-07-14,1.182,0.0016950000000000001
2015-07-15,1.171,-0.009306
2015-07-16,1.18,0.007685999999999999
2015-07-17,1.186,0.005084999999999999
2015-07-20,1.188,0.001686
2015-07-21,1.189,0.000842
2015-07-22,1.185,-0.003364
2015-07-23,1.187,0.001688
2015-07-24,1.183,-0.00337
2015-07-27,1.155,-0.023669
2015-07-28,1.162,0.0060609999999999995
2015-07-29,1.169,0.006024000000000001
2015-07-30,1.166,-0.002566
2015-07-31,1.175,0.007719
2015-08-03,1.169,-0.005106
2015-08-04,1.168,-0.0008550000000000001
2015-08-05,1.171,0.0025679999999999995
2015-08-06,1.17,-0.000854
2015-08-07,1.174,0.0034189999999999997
2015-08-10,1.185,0.00937
2015-08-11,1.182,-0.002532
2015-08-12,1.177,-0.00423
2015-08-13,1.193,0.013594
2015-08-14,1.197,0.003353
2015-08-17,1.197,0.0
2015-08-18,1.186,-0.00919
2015-08-19,1.173,-0.010961
2015-08-20,1.155,-0.015345
2015-08-21,1.135,-0.017316
2015-08-24,1.096,-0.034361
2015-08-25,1.111,0.013686
2015-08-26,1.114,0.0027
2015-08-27,1.137,0.020646
2015-08-28,1.132,-0.004398
2015-08-31,1.125,-0.006183999999999999
2015-09-01,1.107,-0.016
2015-09-02,1.111,0.003613
2015-09-07,1.111,0.0
2015-09-08,1.125,0.012601
2015-09-09,1.133,0.007110999999999999
2015-09-10,1.129,-0.0035299999999999997
2015-09-11,1.129,0.0
2015-09-14,1.128,-0.000886
2015-09-15,1.13,0.001773
2015-09-16,1.144,0.012388999999999999
2015-09-17,1.145,0.0008740000000000001
2015-09-18,1.142,-0.00262
2015-09-21,1.138,-0.003503
2015-09-22,1.126,-0.010545
2015-09-23,1.121,-0.00444
2015-09-24,1.118,-0.002676
2015-09-25,1.125,0.006261
2015-09-28,1.113,-0.010667
2015-09-29,1.106,-0.006289
2015-09-30,1.123,0.015371
2015-10-08,1.158,0.031166999999999997
2015-10-09,1.163,0.004318
2015-10-12,1.169,0.005159
2015-10-13,1.158,-0.00941
2015-10-14,1.154,-0.003454
2015-10-15,1.162,0.006932000000000001
2015-10-16,1.156,-0.005163999999999999
2015-10-19,1.161,0.004325
2015-10-20,1.158,-0.0025840000000000004
2015-10-21,1.156,-0.001727
2015-10-22,1.163,0.0060550000000000005
2015-10-23,1.172,0.007739
2015-10-26,1.169,-0.00256
2015-10-27,1.164,-0.004277
2015-10-28,1.166,0.0017180000000000001
2015-10-29,1.165,-0.000858
2015-10-30,1.166,0.000858
2015-11-02,1.162,-0.003431
2015-11-03,1.166,0.003442
2015-11-04,1.168,0.0017150000000000002
2015-11-05,1.172,0.003425
2015-11-06,1.17,-0.001706
2015-11-09,1.162,-0.0068379999999999995
2015-11-10,1.163,0.000861
2015-11-11,1.16,-0.0025800000000000003
2015-11-12,1.158,-0.001724
2015-11-13,1.143,-0.012953
2015-11-16,1.135,-0.006999
2015-11-17,1.142,0.006167000000000001
2015-11-18,1.139,-0.002627
2015-11-19,1.143,0.003512
2015-11-20,1.146,0.002625
2015-11-23,1.147,0.0008730000000000001
2015-11-24,1.142,-0.004359
2015-11-25,1.147,0.004378
2015-11-26,1.148,0.0008719999999999999
2015-11-27,1.143,-0.004355
2015-11-30,1.144,0.0008749999999999999
2015-12-01,1.144,0.0
2015-12-02,1.146,0.0017480000000000002
2015-12-03,1.135,-0.009599
2015-12-04,1.143,0.007048
2015-12-07,1.147,0.0034999999999999996
2015-12-08,1.139,-0.006975
2015-12-09,1.134,-0.00439
2015-12-10,1.137,0.002646
2015-12-11,1.126,-0.009675
2015-12-14,1.123,-0.002664
2015-12-15,1.13,0.006233
2015-12-16,1.137,0.006195000000000001
2015-12-17,1.137,0.0
2015-12-18,1.129,-0.007036
2015-12-21,1.134,0.004429
2015-12-22,1.138,0.003527
2015-12-23,1.151,0.011424
2015-12-24,1.15,-0.0008690000000000001
2015-12-25,1.15,0.0
2015-12-28,1.149,-0.0008699999999999999
2015-12-29,1.156,0.006091999999999999
2015-12-30,1.153,-0.002595
2015-12-31,1.151,-0.0017349999999999998
2016-01-04,1.13,-0.018245
2016-01-05,1.126,-0.0035399999999999997
2016-01-06,1.117,-0.007993
2016-01-07,1.103,-0.012534
2016-01-08,1.103,0.0
2016-01-11,1.095,-0.007252999999999999
2016-01-12,1.099,0.003653
2016-01-13,1.089,-0.009099000000000001
2016-01-14,1.084,-0.0045910000000000005
2016-01-15,1.073,-0.010147999999999999
2016-01-18,1.069,-0.0037280000000000004
2016-01-19,1.074,0.004677
2016-01-20,1.06,-0.013035000000000001
2016-01-21,1.061,0.0009429999999999999
2016-01-22,1.077,0.01508
2016-01-25,1.073,-0.0037140000000000003
2016-01-26,1.074,0.0009320000000000001
2016-01-27,1.072,-0.001862
2016-01-28,1.068,-0.003731
2016-01-29,1.084,0.014981
2016-02-01,1.083,-0.0009229999999999999
2016-02-02,1.072,-0.010157000000000001
2016-02-03,1.073,0.0009329999999999999
2016-02-04,1.077,0.0037280000000000004
2016-02-05,1.077,0.0
2016-02-15,1.068,-0.008357
2016-02-16,1.071,0.002809
2016-02-17,1.086,0.014006000000000001
2016-02-18,1.086,0.0
2016-02-19,1.085,-0.000921
2016-02-22,1.094,0.008295
2016-02-23,1.084,-0.009141
2016-02-24,1.074,-0.009225
2016-02-25,1.077,0.002793
2016-02-26,1.086,0.008357
2016-02-29,1.085,-0.000921
2016-03-01,1.093,0.007372999999999999
2016-03-02,1.098,0.004575
2016-03-03,1.097,-0.000911
2016-03-04,1.101,0.003646
2016-03-07,1.102,0.0009080000000000001
2016-03-08,1.096,-0.005445
2016-03-09,1.094,-0.001825
2016-03-10,1.089,-0.00457
2016-03-11,1.102,0.011937999999999999
2016-03-14,1.11,0.00726
2016-03-15,1.104,-0.005405
2016-03-16,1.107,0.002717
2016-03-17,1.11,0.00271
2016-03-18,1.114,0.003604
2016-03-21,1.114,0.0
2016-03-22,1.112,-0.001795
2016-03-23,1.109,-0.002698
2016-03-24,1.103,-0.005410000000000001
2016-03-25,1.104,0.000907
2016-03-28,1.105,0.000906
2016-03-29,1.11,0.004525
2016-03-30,1.122,0.010811
2016-03-31,1.115,-0.006239
2016-04-01,1.107,-0.007175
2016-04-05,1.096,-0.009937
2016-04-06,1.1,0.00365
2016-04-07,1.095,-0.004545
2016-04-08,1.094,-0.0009130000000000001
2016-04-11,1.099,0.00457
2016-04-12,1.102,0.0027300000000000002
2016-04-13,1.117,0.013611999999999999
2016-04-14,1.119,0.001791
2016-04-15,1.116,-0.0026810000000000002
2016-04-18,1.115,-0.000896
2016-04-19,1.122,0.006278000000000001
2016-04-20,1.122,0.0
2016-04-21,1.121,-0.000891
2016-04-22,1.115,-0.005352
2016-04-25,1.114,-0.000897
2016-04-26,1.111,-0.0026929999999999996
2016-04-27,1.109,-0.0018
2016-04-28,1.11,0.000902
2016-04-29,1.098,-0.010811
2016-05-03,1.099,0.000911
2016-05-04,1.097,-0.00182
2016-05-05,1.098,0.000912
2016-05-06,1.094,-0.003643
2016-05-09,1.093,-0.000914
2016-05-10,1.102,0.008234
2016-05-11,1.093,-0.008167
2016-05-12,1.087,-0.005489000000000001
2016-05-13,1.085,-0.00184
2016-05-16,1.087,0.001843
2016-05-17,1.083,-0.00368
2016-05-18,1.08,-0.0027700000000000003
2016-05-19,1.078,-0.0018520000000000001
2016-05-20,1.084,0.005566
2016-05-23,1.079,-0.004613
2016-05-24,1.083,0.003707
2016-05-25,1.089,0.005540000000000001
2016-05-26,1.09,0.0009180000000000001
2016-05-27,1.093,0.002752
2016-05-30,1.099,0.005489000000000001
2016-05-31,1.1,0.00091
2016-06-01,1.095,-0.004545
2016-06-02,1.097,0.0018260000000000001
2016-06-03,1.096,-0.000912
2016-06-06,1.098,0.001825
2016-06-07,1.105,0.006375
2016-06-08,1.104,-0.000905
2016-06-13,1.076,-0.025362
2016-06-14,1.07,-0.005576
2016-06-15,1.077,0.006542
2016-06-16,1.071,-0.005571
2016-06-17,1.075,0.003735
2016-06-20,1.09,0.013953
2016-06-21,1.089,-0.0009170000000000001
2016-06-22,1.093,0.003673
2016-06-23,1.099,0.005489000000000001
2016-06-24,1.069,-0.027298
2016-06-27,1.054,-0.014032
2016-06-28,1.061,0.006641
2016-06-29,1.069,0.00754
2016-06-30,1.074,0.004677
2016-07-01,1.083,0.00838
2016-07-04,1.085,0.0018470000000000001
2016-07-05,1.074,-0.010138000000000001
2016-07-06,1.072,-0.001862
2016-07-07,1.077,0.004664
2016-07-08,1.083,0.005571
2016-07-11,1.091,0.007387
2016-07-12,1.104,0.011916
2016-07-13,1.103,-0.000906
2016-07-14,1.11,0.006346000000000001
2016-07-15,1.107,-0.0027029999999999997
2016-07-18,1.109,0.001807
2016-07-19,1.104,-0.004509
2016-07-20,1.108,0.003623
2016-07-21,1.109,0.000903
2016-07-22,1.107,-0.001803
2016-07-25,1.11,0.00271
2016-07-26,1.118,0.007207
2016-07-27,1.126,0.007156
2016-07-28,1.125,-0.000888
2016-07-29,1.126,0.000889
2016-08-01,1.126,0.0
2016-08-02,1.115,-0.009769
2016-08-03,1.111,-0.0035870000000000003
2016-08-04,1.119,0.007201
2016-08-05,1.135,0.014298
2016-08-08,1.139,0.003524
2016-08-09,1.141,0.001756
2016-08-10,1.143,0.0017530000000000002
2016-08-11,1.148,0.004374
2016-08-12,1.154,0.005226
2016-08-15,1.156,0.0017330000000000002
2016-08-16,1.152,-0.0034599999999999995
2016-08-17,1.149,-0.0026040000000000004
2016-08-18,1.159,0.008702999999999999
2016-08-19,1.157,-0.001726
2016-08-22,1.156,-0.0008640000000000001
2016-08-23,1.158,0.0017299999999999998
2016-08-24,1.151,-0.006045
2016-08-25,1.147,-0.003475
2016-08-26,1.147,0.0
2016-08-29,1.144,-0.002616
2016-08-30,1.144,0.0
2016-08-31,1.137,-0.006119
2016-09-01,1.139,0.001759
2016-09-02,1.148,0.007902
2016-09-05,1.148,0.0
2016-09-06,1.149,0.0008709999999999999
2016-09-07,1.157,0.0069630000000000004
2016-09-08,1.15,-0.00605
2016-09-09,1.143,-0.006087
2016-09-12,1.142,-0.0008749999999999999
2016-09-13,1.139,-0.002627
2016-09-14,1.128,-0.009658
2016-09-19,1.132,0.003546
2016-09-20,1.132,0.0
2016-09-21,1.137,0.004417
2016-09-22,1.15,0.011434
2016-09-23,1.148,-0.001739
2016-09-26,1.141,-0.006098
2016-09-27,1.14,-0.0008759999999999999
2016-09-28,1.142,0.001754
2016-09-29,1.137,-0.004378
2016-09-30,1.141,0.003518
2016-10-10,1.151,0.008764
2016-10-11,1.157,0.005213
2016-10-12,1.155,-0.001729
2016-10-13,1.151,-0.003463
2016-10-14,1.159,0.00695
2016-10-17,1.153,-0.005177
2016-10-18,1.156,0.0026019999999999997
2016-10-19,1.161,0.004325
2016-10-20,1.162,0.000861
2016-10-21,1.16,-0.001721
2016-10-24,1.162,0.001724
2016-10-25,1.16,-0.001721
2016-10-26,1.16,0.0
2016-10-27,1.161,0.000862
2016-10-28,1.161,0.0
2016-10-31,1.157,-0.0034449999999999997
2016-11-01,1.154,-0.002593
2016-11-02,1.145,-0.007799
2016-11-03,1.144,-0.0008730000000000001
2016-11-04,1.147,0.0026219999999999998
2016-11-07,1.164,0.014820999999999999
2016-11-08,1.166,0.0017180000000000001
2016-11-09,1.162,-0.003431
2016-11-10,1.152,-0.008606
2016-11-11,1.153,0.0008680000000000001
2016-11-14,1.15,-0.0026019999999999997
2016-11-15,1.157,0.006087
2016-11-16,1.148,-0.007779
2016-11-17,1.158,0.008711
2016-11-18,1.155,-0.002591
2016-11-21,1.163,0.006926
2016-11-22,1.163,0.0
2016-11-23,1.161,-0.00172
2016-11-24,1.16,-0.000861
2016-11-25,1.165,0.00431
2016-11-28,1.162,-0.002575
2016-11-29,1.168,0.005163999999999999
2016-11-30,1.171,0.0025679999999999995
2016-12-01,1.163,-0.006832
2016-12-02,1.163,0.0
2016-12-05,1.165,0.00172
2016-12-06,1.176,0.009442
2016-12-07,1.188,0.010204
2016-12-08,1.196,0.006734
2016-12-09,1.193,-0.0025080000000000002
2016-12-12,1.183,-0.008381999999999999
2016-12-13,1.194,0.009297999999999999
2016-12-14,1.189,-0.004188
2016-12-15,1.182,-0.005887
2016-12-16,1.185,0.0025380000000000003
2016-12-19,1.186,0.000844
2016-12-20,1.186,0.0
2016-12-21,1.185,-0.000843
2016-12-22,1.185,0.0
2016-12-23,1.185,0.0
2016-12-26,1.185,0.0
2016-12-27,1.188,0.002532
2016-12-28,1.19,0.001684
2016-12-29,1.185,-0.004202
2016-12-30,1.192,0.005907
2016-12-31,1.192,0.0
2017-01-03,1.19,-0.001678
2017-01-04,1.184,-0.005042
2017-01-05,1.184,0.0
2017-01-06,1.185,0.000845
2017-01-09,1.194,0.007594999999999999
2017-01-10,1.201,0.005863
2017-01-11,1.208,0.005828
2017-01-12,1.215,0.005795
2017-01-13,1.22,0.004115
2017-01-16,1.221,0.00082
2017-01-17,1.22,-0.000819
2017-01-18,1.224,0.0032790000000000002
2017-01-19,1.223,-0.0008169999999999999
2017-01-20,1.226,0.002453
2017-01-23,1.23,0.003263
2017-01-24,1.232,0.0016259999999999998
2017-01-25,1.241,0.007305000000000001
2017-01-26,1.241,0.0
2017-02-03,1.232,-0.007252
2017-02-06,1.227,-0.004058
2017-02-07,1.223,-0.0032600000000000003
2017-02-08,1.22,-0.002453
2017-02-09,1.225,0.004098
2017-02-10,1.228,0.0024490000000000002
2017-02-13,1.235,0.005699999999999999
2017-02-14,1.233,-0.0016189999999999998
2017-02-15,1.227,-0.004866
2017-02-16,1.232,0.004075
2017-02-17,1.23,-0.001623
2017-02-20,1.235,0.004065
2017-02-21,1.238,0.002429
2017-02-22,1.239,0.000808
2017-02-23,1.238,-0.000807
2017-02-24,1.235,-0.002423
2017-02-27,1.239,0.003239
2017-02-28,1.24,0.000807
2017-03-01,1.258,0.014516
2017-03-02,1.254,-0.00318
2017-03-03,1.252,-0.001595
2017-03-06,1.257,0.003994
2017-03-07,1.256,-0.000796
2017-03-08,1.262,0.004777
2017-03-09,1.263,0.0007920000000000001
2017-03-10,1.27,0.005542
2017-03-13,1.279,0.0070869999999999995
2017-03-14,1.277,-0.001564
2017-03-15,1.275,-0.001566
2017-03-16,1.29,0.011765000000000001
2017-03-17,1.296,0.004651
2017-03-20,1.295,-0.000772
2017-03-21,1.288,-0.005405
2017-03-22,1.291,0.002329
2017-03-23,1.296,0.0038729999999999997
2017-03-24,1.295,-0.000772
2017-03-27,1.295,0.0
2017-03-28,1.303,0.006178
2017-03-29,1.306,0.002302
2017-03-30,1.302,-0.003063
2017-03-31,1.305,0.002304
2017-04-05,1.298,-0.005364
2017-04-06,1.305,0.005393
2017-04-07,1.31,0.0038309999999999998
2017-04-10,1.305,-0.0038169999999999996
2017-04-11,1.303,-0.0015329999999999999
2017-04-12,1.309,0.004605000000000001
2017-04-13,1.311,0.0015279999999999998
2017-04-14,1.309,-0.0015260000000000002
2017-04-17,1.31,0.0007639999999999999
2017-04-18,1.304,-0.00458
2017-04-19,1.303,-0.000767
2017-04-20,1.313,0.0076749999999999995
2017-04-21,1.308,-0.003808
2017-04-24,1.335,0.020642
2017-04-25,1.353,0.013483
2017-04-26,1.369,0.011826000000000001
2017-04-27,1.374,0.0036520000000000003
2017-04-28,1.372,-0.001456
2017-05-02,1.38,0.005830999999999999
2017-05-03,1.385,0.003623
2017-05-04,1.391,0.004332
2017-05-05,1.4,0.00647
2017-05-08,1.395,-0.0035709999999999995
2017-05-09,1.398,0.002151
2017-05-10,1.396,-0.001431
2017-05-11,1.394,-0.001433
2017-05-12,1.39,-0.002869
2017-05-15,1.394,0.002878
2017-05-16,1.397,0.002152
2017-05-17,1.387,-0.007158
2017-05-18,1.392,0.0036049999999999997
2017-05-19,1.397,0.003592
2017-05-22,1.405,0.0057269999999999995
2017-05-23,1.405,0.0
2017-05-24,1.404,-0.000712
2017-05-25,1.408,0.002849
2017-05-26,1.405,-0.002131
2017-05-31,1.402,-0.0021349999999999997
2017-06-01,1.404,0.0014269999999999999
2017-06-02,1.411,0.004986
2017-06-05,1.412,0.000709
2017-06-06,1.402,-0.007082000000000001
2017-06-07,1.406,0.002853
2017-06-08,1.398,-0.00569
2017-06-09,1.394,-0.0028610000000000003
2017-06-12,1.385,-0.006456
2017-06-13,1.39,0.00361
2017-06-14,1.394,0.002878
2017-06-15,1.388,-0.004304
2017-06-16,1.393,0.003602
2017-06-19,1.409,0.011486000000000001
2017-06-20,1.407,-0.001419
2017-06-21,1.406,-0.0007109999999999999
2017-06-22,1.406,0.0
2017-06-23,1.405,-0.0007109999999999999
2017-06-26,1.411,0.0042699999999999995
2017-06-27,1.408,-0.0021260000000000003
2017-06-28,1.41,0.0014199999999999998
2017-06-29,1.394,-0.011348
2017-06-30,1.393,-0.000717
2017-07-03,1.394,0.000718
2017-07-04,1.392,-0.0014349999999999999
2017-07-05,1.396,0.002874
2017-07-06,1.385,-0.00788
2017-07-07,1.387,0.001444
2017-07-10,1.388,0.000721
2017-07-11,1.38,-0.005764
2017-07-12,1.392,0.008696
2017-07-13,1.4,0.0057469999999999995
2017-07-14,1.404,0.002857
2017-07-17,1.41,0.004274
2017-07-18,1.404,-0.004255
2017-07-19,1.412,0.005698
2017-07-20,1.411,-0.000708
2017-07-21,1.409,-0.0014169999999999999
2017-07-24,1.418,0.0063880000000000004
2017-07-25,1.418,0.0
2017-07-26,1.416,-0.0014099999999999998
2017-07-27,1.42,0.002825
2017-07-28,1.414,-0.004225
2017-07-31,1.421,0.0049499999999999995
2017-08-01,1.422,0.0007040000000000001
2017-08-02,1.425,0.00211
2017-08-03,1.43,0.003509
2017-08-04,1.446,0.011189
2017-08-07,1.449,0.002075
2017-08-08,1.453,0.002761
2017-08-09,1.442,-0.007571
2017-08-10,1.427,-0.010402
2017-08-11,1.409,-0.012614
2017-08-14,1.425,0.011356
2017-08-15,1.427,0.0014039999999999999
2017-08-16,1.431,0.002803
2017-08-17,1.426,-0.0034939999999999997
2017-08-18,1.422,-0.002805
2017-08-21,1.422,0.0
2017-08-22,1.434,0.008439
2017-08-23,1.428,-0.004184
2017-08-24,1.433,0.003501
2017-08-25,1.435,0.001396
2017-08-28,1.433,-0.001394
2017-08-29,1.431,-0.001396
2017-08-30,1.435,0.002795
2017-08-31,1.432,-0.002091
2017-09-01,1.438,0.00419
2017-09-04,1.427,-0.0076500000000000005
2017-09-05,1.416,-0.0077080000000000004
2017-09-06,1.417,0.0007059999999999999
2017-09-07,1.425,0.005646
2017-09-08,1.42,-0.003509
2017-09-11,1.427,0.00493
2017-09-12,1.437,0.0070079999999999995
2017-09-13,1.447,0.006959
2017-09-14,1.434,-0.008983999999999999
2017-09-15,1.438,0.002789
2017-09-18,1.448,0.006954
2017-09-19,1.451,0.002072
2017-09-20,1.464,0.008959
2017-09-21,1.457,-0.0047810000000000005
2017-09-22,1.457,0.0
2017-09-25,1.447,-0.006863
2017-09-26,1.447,0.0
2017-09-27,1.448,0.000691
2017-09-28,1.443,-0.003453
2017-09-29,1.456,0.009009
2017-10-09,1.463,0.004808
2017-10-10,1.469,0.0041010000000000005
2017-10-11,1.464,-0.003404
2017-10-12,1.468,0.002732
2017-10-13,1.468,0.0
2017-10-16,1.465,-0.002044
2017-10-17,1.461,-0.0027300000000000002
2017-10-18,1.465,0.002738
2017-10-19,1.462,-0.002048
2017-10-20,1.472,0.006840000000000001
2017-10-23,1.475,0.002038
2017-10-24,1.474,-0.000678
2017-10-25,1.487,0.00882
2017-10-26,1.493,0.004035
2017-10-27,1.488,-0.0033489999999999995
2017-10-30,1.484,-0.002688
2017-10-31,1.491,0.004717
2017-11-01,1.498,0.0046949999999999995
2017-11-02,1.493,-0.003338
2017-11-03,1.497,0.0026790000000000004
2017-11-06,1.499,0.001336
2017-11-07,1.497,-0.001334
2017-11-08,1.504,0.0046760000000000005
2017-11-09,1.494,-0.006649
2017-11-10,1.491,-0.0020080000000000002
2017-11-13,1.491,0.0
2017-11-14,1.492,0.000671
2017-11-15,1.491,-0.00067
2017-11-16,1.498,0.0046949999999999995
2017-11-17,1.499,0.000668
2017-11-20,1.504,0.003336
2017-11-21,1.516,0.007979
2017-11-22,1.51,-0.003958
2017-11-23,1.508,-0.001325
2017-11-24,1.505,-0.001989
2017-11-27,1.502,-0.001993
2017-11-28,1.5,-0.001332
2017-11-29,1.493,-0.004667
2017-11-30,1.488,-0.0033489999999999995
2017-12-01,1.487,-0.000672
2017-12-04,1.488,0.000672
2017-12-05,1.484,-0.002688
2017-12-06,1.479,-0.0033689999999999996
2017-12-07,1.481,0.001352
2017-12-08,1.486,0.003376
2017-12-11,1.491,0.0033650000000000004
2017-12-12,1.488,-0.002012
2017-12-13,1.488,0.0
2017-12-14,1.488,0.0
2017-12-15,1.482,-0.004032
2017-12-18,1.496,0.009447
2017-12-19,1.494,-0.001337
2017-12-20,1.491,-0.0020080000000000002
2017-12-21,1.494,0.002012
2017-12-22,1.493,-0.000669
2017-12-25,1.49,-0.002009
2017-12-26,1.484,-0.004027
2017-12-27,1.489,0.0033689999999999996
2017-12-28,1.489,0.0
2017-12-29,1.49,0.000672
2017-12-31,1.49,0.0
2018-01-02,1.484,-0.004027
2018-01-03,1.494,0.006739
2018-01-04,1.501,0.004685
2018-01-05,1.507,0.003997
2018-01-08,1.501,-0.003981
2018-01-09,1.504,0.001999
2018-01-10,1.505,0.000665
2018-01-11,1.498,-0.004651
2018-01-12,1.503,0.003338
2018-01-15,1.499,-0.002661
2018-01-16,1.502,0.002001
2018-01-17,1.502,0.0
2018-01-18,1.491,-0.007324000000000001
2018-01-19,1.504,0.008719
2018-01-22,1.505,0.000665
2018-01-23,1.512,0.004651
2018-01-24,1.504,-0.0052910000000000006
2018-01-25,1.497,-0.004654
2018-01-26,1.505,0.005344
2018-01-29,1.495,-0.006645
2018-01-30,1.491,-0.002676
2018-01-31,1.492,0.000671
2018-02-01,1.485,-0.004692
2018-02-02,1.47,-0.010101
2018-02-05,1.451,-0.012924999999999999
2018-02-06,1.429,-0.015162
2018-02-07,1.434,0.003499
2018-02-08,1.41,-0.016736
2018-02-09,1.409,-0.000709
2018-02-12,1.424,0.010646
2018-02-13,1.427,0.002107
2018-02-14,1.455,0.019622
2018-02-22,1.472,0.011684000000000002
2018-02-23,1.482,0.006793
2018-02-26,1.482,0.0
2018-02-27,1.473,-0.006072999999999999
2018-02-28,1.462,-0.007468
2018-03-01,1.457,-0.0034200000000000003
2018-03-02,1.451,-0.004118
2018-03-05,1.458,0.004824
2018-03-06,1.462,0.0027429999999999998
2018-03-07,1.46,-0.001368
2018-03-08,1.467,0.004795
2018-03-09,1.473,0.00409
2018-03-12,1.479,0.004073
2018-03-13,1.468,-0.007437
2018-03-14,1.469,0.000681
2018-03-15,1.473,0.0027229999999999997
2018-03-16,1.475,0.001358
2018-03-19,1.469,-0.004068
2018-03-20,1.48,0.007488
2018-03-21,1.476,-0.0027029999999999997
2018-03-22,1.468,-0.00542
2018-03-23,1.458,-0.006812
2018-03-26,1.464,0.004115
2018-03-27,1.463,-0.000683
2018-03-28,1.452,-0.0075190000000000005
2018-03-29,1.466,0.009642
2018-03-30,1.462,-0.0027289999999999997
2018-04-02,1.456,-0.004104
2018-04-03,1.465,0.006181
2018-04-04,1.472,0.004778
2018-04-09,1.492,0.013587
2018-04-10,1.514,0.014745
2018-04-11,1.517,0.001982
2018-04-12,1.521,0.002637
2018-04-13,1.522,0.0006569999999999999
2018-04-16,1.526,0.0026279999999999997
2018-04-17,1.532,0.003932
2018-04-18,1.532,0.0
2018-04-19,1.52,-0.007833
2018-04-20,1.515,-0.0032890000000000003
2018-04-23,1.517,0.00132
2018-04-24,1.514,-0.001978
2018-04-25,1.518,0.002642
2018-04-26,1.523,0.003294
2018-04-27,1.533,0.006566
2018-05-02,1.537,0.002609
2018-05-03,1.535,-0.0013009999999999999
2018-05-04,1.538,0.001954
2018-05-07,1.537,-0.00065
2018-05-08,1.542,0.003253
2018-05-09,1.54,-0.0012970000000000002
2018-05-10,1.543,0.001948
2018-05-11,1.546,0.001944
2018-05-14,1.542,-0.002587
2018-05-15,1.544,0.0012970000000000002
2018-05-16,1.568,0.015544
2018-05-17,1.571,0.001913
2018-05-18,1.57,-0.0006370000000000001
2018-05-21,1.58,0.0063690000000000005
2018-05-22,1.579,-0.000633
2018-05-23,1.578,-0.000633
2018-05-24,1.577,-0.000634
2018-05-25,1.582,0.0031709999999999998
2018-05-28,1.582,0.0
2018-05-29,1.571,-0.006953
2018-05-30,1.573,0.001273
2018-05-31,1.577,0.002543
2018-06-01,1.581,0.002536
2018-06-04,1.585,0.00253
2018-06-05,1.59,0.003155
2018-06-06,1.59,0.0
2018-06-07,1.569,-0.013208
2018-06-08,1.582,0.008286
2018-06-11,1.585,0.001896
2018-06-12,1.582,-0.001893
2018-06-13,1.581,-0.0006320000000000001
2018-06-14,1.587,0.003795
2018-06-15,1.579,-0.005041
2018-06-19,1.557,-0.013933
2018-06-20,1.5547,-0.001477
2018-06-21,1.5475,-0.004631
2018-06-22,1.5488,0.00084
2018-06-25,1.5411,-0.004972
2018-06-26,1.5491,0.005191
2018-06-27,1.5369,-0.007876
2018-06-28,1.5492,0.008003
2018-06-29,1.5579,0.0056159999999999995
2018-06-30,1.5578,0.0
2018-07-02,1.5621,0.002696
2018-07-03,1.57,0.005057000000000001
2018-07-04,1.5666,-0.002166
2018-07-05,1.544,-0.014426000000000001
2018-07-06,1.566,0.014249000000000001
2018-07-09,1.5792,0.008428999999999999
2018-07-10,1.5649,-0.009055
2018-07-11,1.5573,-0.004857
2018-07-12,1.5967,0.0253
2018-07-13,1.5853,-0.00714
2018-07-16,1.5902,0.003091
2018-07-17,1.5969,0.004213
2018-07-18,1.5975,0.00037600000000000003
2018-07-19,1.5853,-0.0076370000000000006
2018-07-20,1.5996,0.00902
2018-07-23,1.5922,-0.004626
2018-07-24,1.5751,-0.010740000000000001
2018-07-25,1.6061,0.019681
2018-07-26,1.579,-0.016873
2018-07-27,1.5661,-0.00817
2018-07-30,1.5443,-0.013919999999999998
2018-07-31,1.5404,-0.002525
2018-08-01,1.526,-0.009348
2018-08-02,1.5141,-0.007798
2018-08-03,1.512,-0.001387
2018-08-06,1.5139,0.001257
2018-08-07,1.5226,0.0057469999999999995
2018-08-08,1.5217,-0.0005909999999999999
2018-08-09,1.5247,0.001971
2018-08-10,1.521,-0.002427
2018-08-13,1.5042,-0.011045000000000001
2018-08-14,1.4949,-0.006182999999999999
2018-08-15,1.474,-0.013980999999999999
2018-08-16,1.4856,0.00787
2018-08-17,1.4825,-0.002087
2018-08-20,1.4972,0.009916000000000001
2018-08-21,1.512,0.009885
2018-08-22,1.5165,0.002976
2018-08-23,1.5044,-0.007979
2018-08-24,1.5162,0.007844
2018-08-27,1.5425,0.017346
2018-08-28,1.5319,-0.0068720000000000005
2018-08-29,1.5293,-0.001697
2018-08-30,1.503,-0.017197
2018-08-31,1.5092,0.004125
2018-09-03,1.5074,-0.001193
2018-09-04,1.5027,-0.003118
2018-09-05,1.4808,-0.014574
2018-09-06,1.4703,-0.007090999999999999
2018-09-07,1.4769,0.004489
2018-09-10,1.4702,-0.004537
2018-09-11,1.4712,0.00068
2018-09-12,1.4758,0.0031269999999999996
2018-09-13,1.4964,0.013959
2018-09-14,1.4901,-0.00421
2018-09-17,1.4699,-0.013555999999999999
2018-09-18,1.4806,0.007279
2018-09-19,1.4921,0.007767
2018-09-20,1.5034,0.007573
2018-09-21,1.5005,-0.001929
2018-09-25,1.4964,-0.002732
2018-09-26,1.5061,0.006482
2018-09-27,1.505,-0.00073
2018-09-28,1.5026,-0.001595
2018-10-08,1.4265,-0.050646000000000004
2018-10-09,1.4242,-0.0016120000000000002
2018-10-10,1.3923,-0.022399
2018-10-11,1.3873,-0.0035909999999999996
2018-10-12,1.4163,0.020904
2018-10-15,1.4085,-0.005507
2018-10-16,1.4179,0.006674
2018-10-17,1.4031,-0.010438000000000001
2018-10-18,1.3796,-0.016749
2018-10-19,1.3741,-0.003987
2018-10-22,1.3951,0.015283
2018-10-23,1.3751,-0.014336
2018-10-24,1.3489,-0.019053
2018-10-25,1.3659,0.012603
2018-10-26,1.3554,-0.007687
2018-10-29,1.3302,-0.018592
2018-10-30,1.3359,0.004285
2018-10-31,1.3722,0.027173
2018-11-01,1.4119,0.028932000000000003
2018-11-02,1.4137,0.001275
2018-11-05,1.3986,-0.010681000000000001
2018-11-06,1.4049,0.004505
2018-11-07,1.4172,0.008754999999999999
2018-11-08,1.3999,-0.012206999999999999
2018-11-09,1.3809,-0.013571999999999999
2018-11-12,1.3665,-0.010428
2018-11-13,1.3857,0.01405
2018-11-14,1.3872,0.001082
2018-11-15,1.4147,0.019823999999999998
2018-11-16,1.4031,-0.008199999999999999
2018-11-19,1.3769,-0.018673
2018-11-20,1.3684,-0.006173
2018-11-21,1.3873,0.013812
2018-11-22,1.3868,-0.00035999999999999997
2018-11-23,1.3795,-0.005264
2018-11-26,1.3838,0.003117
2018-11-27,1.3867,0.002096
2018-11-28,1.4083,0.015577
2018-11-29,1.3848,-0.016687
2018-11-30,1.3908,0.004333
2018-12-03,1.4174,0.019126
2018-12-04,1.3752,-0.029773
2018-12-05,1.3601,-0.01098
2018-12-06,1.357,-0.0022789999999999998
2018-12-07,1.3383,-0.013779999999999999
2018-12-10,1.3253,-0.009714
2018-12-11,1.3295,0.003169
2018-12-12,1.3448,0.011508000000000001
2018-12-13,1.3454,0.000446
2018-12-14,1.3255,-0.014791
2018-12-17,1.3071,-0.013882
2018-12-18,1.303,-0.0031369999999999996
2018-12-19,1.2853,-0.013584
2018-12-20,1.2792,-0.004746
2018-12-21,1.2535,-0.020091
2018-12-24,1.2517,-0.001436
2018-12-25,1.2502,-0.001198
2018-12-26,1.2716,0.017117
2018-12-27,1.2742,0.002045
2018-12-28,1.2742,0.0
2018-12-31,1.2817,0.0
2019-01-02,1.2712,-0.002354
2019-01-03,1.2419,-0.023049
2019-01-04,1.2808,0.031323
2019-01-07,1.3006,0.015459
2019-01-08,1.3127,0.009303
2019-01-09,1.3386,0.01973
2019-01-10,1.332,-0.004931
2019-01-11,1.3232,-0.006606999999999999
2019-01-14,1.3038,-0.014661
2019-01-15,1.3224,0.014266000000000001
2019-01-16,1.3345,0.00915
2019-01-17,1.3385,0.002997
2019-01-18,1.3557,0.012849999999999999
2019-01-21,1.3566,0.000664
2019-01-22,1.3372,-0.0143
2019-01-23,1.3481,0.008151
2019-01-24,1.3689,0.015429
2019-01-25,1.4007,0.02323
2019-01-28,1.3793,-0.015278
2019-01-29,1.3757,-0.00261
2019-01-30,1.387,0.008214
2019-01-31,1.4,0.009373
2019-02-01,1.3962,-0.002714
2019-02-11,1.4031,0.004941999999999999
2019-02-12,1.4146,0.008196
2019-02-13,1.4217,0.005019
2019-02-14,1.4243,0.0018290000000000001
2019-02-15,1.4017,-0.015867
2019-02-18,1.411,0.006634999999999999
2019-02-19,1.409,-0.0014169999999999999
2019-02-20,1.4198,0.007665
2019-02-21,1.4068,-0.009156
2019-02-22,1.4549,0.034191
2019-02-25,1.4752,0.013953
2019-02-26,1.4679,-0.004948
2019-02-27,1.4633,-0.003134
2019-02-28,1.4481,-0.010387
2019-03-01,1.4508,0.001865
2019-03-04,1.4686,0.012269
2019-03-05,1.4898,0.014436
2019-03-06,1.4908,0.000671
2019-03-07,1.4465,-0.029716
2019-03-08,1.4328,-0.009471
2019-03-11,1.4642,0.021915
2019-03-12,1.4676,0.002322
2019-03-13,1.4287,-0.026506
2019-03-14,1.4058,-0.016029
2019-03-15,1.4353,0.020984
2019-03-18,1.4646,0.020413999999999998
2019-03-19,1.4608,-0.002595
2019-03-20,1.4499,-0.007462
2019-03-21,1.4404,-0.006552
2019-03-22,1.4194,-0.014579
2019-03-25,1.4184,-0.0007049999999999999
2019-03-26,1.4217,0.002327
2019-03-27,1.4418,0.014138
2019-03-28,1.4556,0.009571
2019-03-29,1.483,0.018824
2019-04-01,1.5066,0.015913999999999998
2019-04-02,1.5129,0.004182
2019-04-03,1.5243,0.007534999999999999
2019-04-04,1.515,-0.006101
2019-04-08,1.5245,0.006271
2019-04-09,1.5344,0.006494
2019-04-10,1.5322,-0.001434
2019-04-11,1.5148,-0.011356
2019-04-12,1.5314,0.010959000000000002
2019-04-15,1.5042,-0.017762
2019-04-16,1.51,0.003856
2019-04-17,1.5181,0.005364
2019-04-18,1.5218,0.002437
2019-04-19,1.5248,0.001971
2019-04-22,1.5258,0.000656
2019-04-23,1.5364,0.006947
2019-04-24,1.5194,-0.011065
2019-04-25,1.4918,-0.018165
2019-04-26,1.4972,0.00362
2019-04-29,1.4898,-0.004943
2019-04-30,1.4899,6.7e-05
2019-05-06,1.453,-0.024767
2019-05-07,1.4382,-0.010185999999999999
2019-05-08,1.4344,-0.002642
2019-05-09,1.4052,-0.020357
2019-05-10,1.4174,0.008682
2019-05-13,1.384,-0.023563999999999998
2019-05-14,1.3922,0.005925000000000001
2019-05-15,1.4158,0.016952000000000002
2019-05-16,1.4133,-0.001766
2019-05-17,1.371,-0.02993
2019-05-20,1.3375,-0.024435
2019-05-21,1.3508,0.009944
2019-05-22,1.347,-0.002813
2019-05-23,1.3153,-0.023534000000000003
2019-05-24,1.3025,-0.009732
2019-05-27,1.3003,-0.001689
2019-05-28,1.316,0.012074
2019-05-29,1.3137,-0.0017480000000000002
2019-05-30,1.31,-0.0028160000000000004
2019-05-31,1.3101,7.6e-05
2019-06-03,1.3158,0.004351
2019-06-04,1.3182,0.001824
2019-06-05,1.316,-0.001669
2019-06-06,1.3098,-0.004711
2019-06-10,1.3527,0.032753000000000004
2019-06-11,1.37,0.012789
2019-06-12,1.3478,-0.016204
2019-06-13,1.3521,0.00319
2019-06-14,1.3362,-0.011758999999999999
2019-06-17,1.3308,-0.004041
2019-06-18,1.3589,0.021115
2019-06-19,1.3839,0.018397
2019-06-20,1.3905,0.004769
2019-06-21,1.3837,-0.00489
2019-06-24,1.3831,-0.00043400000000000003
2019-06-25,1.3623,-0.015039
2019-06-26,1.3884,0.019159
2019-06-27,1.4097,0.015341
2019-06-28,1.4079,-0.0012770000000000001
2019-06-30,1.4077,0.0
2019-07-01,1.4235,0.011080000000000001
2019-07-02,1.4386,0.010608
2019-07-03,1.4245,-0.009800999999999999
2019-07-04,1.4246,7.000000000000001e-05
2019-07-05,1.417,-0.0053349999999999995
2019-07-08,1.3967,-0.014326
2019-07-09,1.4044,0.0055130000000000005
2019-07-10,1.3999,-0.0032040000000000003
2019-07-11,1.3914,-0.006071999999999999
2019-07-12,1.3948,0.002444
2019-07-15,1.4048,0.007169
2019-07-16,1.4044,-0.000285
2019-07-17,1.3961,-0.0059099999999999995
2019-07-18,1.3835,-0.009025
2019-07-19,1.3864,0.002096
2019-07-22,1.3872,0.000577
2019-07-23,1.4203,0.023861
2019-07-24,1.4337,0.009435
2019-07-25,1.4303,-0.002371
2019-07-26,1.4211,-0.006432
2019-07-29,1.4116,-0.006685
2019-07-30,1.4038,-0.005526
2019-07-31,1.3912,-0.008976
2019-08-01,1.3765,-0.010565999999999999
2019-08-02,1.3469,-0.021504
2019-08-05,1.3045,-0.03148
2019-08-06,1.3109,0.004906
2019-08-07,1.32,0.006942
2019-08-08,1.3556,0.02697
2019-08-09,1.343,-0.009295
2019-08-12,1.3372,-0.004319
2019-08-13,1.356,0.014058999999999999
2019-08-14,1.3489,-0.005235999999999999
2019-08-15,1.3574,0.006301
2019-08-16,1.3803,0.01687
2019-08-19,1.4148,0.024995
2019-08-20,1.4178,0.00212
2019-08-21,1.4322,0.010157000000000001
2019-08-22,1.4282,-0.002793
2019-08-23,1.4108,-0.012183
2019-08-26,1.414,0.002268
2019-08-27,1.4158,0.001273
2019-08-28,1.4212,0.003814
2019-08-29,1.4423,0.014846999999999999
2019-08-30,1.4601,0.012341
2019-09-02,1.4647,0.00315
2019-09-03,1.4496,-0.010308999999999999
2019-09-04,1.4588,0.006347
2019-09-05,1.4874,0.019604999999999997
2019-09-06,1.4987,0.0075970000000000005
2019-09-09,1.5049,0.004137
2019-09-10,1.4915,-0.008904
2019-09-11,1.506,0.009722
2019-09-12,1.5128,0.004515
2019-09-16,1.5107,-0.0013880000000000001
2019-09-17,1.5097,-0.0006619999999999999
2019-09-18,1.5108,0.000729
2019-09-19,1.5197,0.0058909999999999995
2019-09-20,1.5082,-0.007567000000000001
2019-09-23,1.4884,-0.013127999999999999
2019-09-24,1.471,-0.01169
2019-09-25,1.4707,-0.00020400000000000003
2019-09-26,1.4699,-0.000544
2019-09-27,1.4293,-0.027621000000000003
2019-09-30,1.4402,0.007625999999999999
2019-10-08,1.4337,-0.004513
2019-10-09,1.4356,0.001325
2019-10-10,1.4463,0.0074529999999999996
2019-10-11,1.4632,0.011685000000000001
2019-10-14,1.465,0.00123
2019-10-15,1.4876,0.015427
2019-10-16,1.485,-0.0017480000000000002
2019-10-17,1.4888,0.002559
2019-10-18,1.4755,-0.008933
2019-10-21,1.4997,0.016401
2019-10-22,1.4693,-0.020270999999999997
2019-10-23,1.4679,-0.000953
2019-10-24,1.5059,0.025886999999999997
2019-10-25,1.5255,0.013015
2019-10-28,1.5494,0.015667
2019-10-29,1.5309,-0.01194
2019-10-30,1.5389,0.005226
2019-10-31,1.5444,0.003574
2019-11-01,1.5482,0.002461
2019-11-04,1.5856,0.024157
2019-11-05,1.5924,0.004289
2019-11-06,1.5775,-0.009356999999999999
2019-11-07,1.5919,0.009127999999999999
2019-11-08,1.5738,-0.01137
2019-11-11,1.5561,-0.011247
2019-11-12,1.5615,0.0034699999999999996
2019-11-13,1.5563,-0.00333
2019-11-14,1.5533,-0.001928
2019-11-15,1.5665,0.008498
2019-11-18,1.5635,-0.001915
2019-11-19,1.5592,-0.0027500000000000003
2019-11-20,1.5228,-0.023344999999999998
2019-11-21,1.5085,-0.009391
2019-11-22,1.5321,0.015645
2019-11-25,1.5581,0.01697
2019-11-26,1.5642,0.003915
2019-11-27,1.5736,0.006009
2019-11-28,1.578,0.0027960000000000003
2019-11-29,1.5668,-0.007098
2019-12-02,1.5625,-0.002744
2019-12-03,1.5524,-0.006464
2019-12-04,1.5478,-0.002963
2019-12-05,1.5761,0.018284
2019-12-06,1.5944,0.011611
2019-12-09,1.5855,-0.005582
2019-12-10,1.5855,0.0
2019-12-11,1.6003,0.009335
2019-12-12,1.6138,0.008436
2019-12-13,1.6143,0.00031
2019-12-16,1.6266,0.007619
2019-12-17,1.6411,0.008914
2019-12-18,1.6421,0.0006090000000000001
2019-12-19,1.646,0.002375
2019-12-20,1.6501,0.0024909999999999997
2019-12-23,1.6735,0.014181
2019-12-24,1.6841,0.006333999999999999
2019-12-25,1.6826,-0.000891
2019-12-26,1.6818,-0.000475
2019-12-27,1.6743,-0.00446
2019-12-30,1.6602,-0.008421
2019-12-31,1.6672,0.004216
2020-01-02,1.7236,0.033829
2020-01-03,1.7233,-0.000174
2020-01-06,1.7277,0.002553
2020-01-07,1.7428,0.00874
2020-01-08,1.7358,-0.004017
2020-01-09,1.7486,0.007374
2020-01-10,1.7301,-0.01058
2020-01-13,1.7535,0.013525
2020-01-14,1.7381,-0.008782
2020-01-15,1.7354,-0.001553
2020-01-16,1.7391,0.002132
2020-01-17,1.7452,0.003508
2020-01-20,1.7396,-0.003209
2020-01-21,1.7215,-0.010405
2020-01-22,1.7325,0.00639
2020-01-23,1.7014,0.0
2020-02-03,1.6675,-0.019925
2020-02-04,1.7274,0.035922
2020-02-05,1.717,-0.0060209999999999994
2020-02-06,1.7669,0.029062
2020-02-07,1.7489,-0.010187
2020-02-10,1.7631,0.008119
2020-02-11,1.7808,0.010039
2020-02-12,1.8066,0.014488000000000001
2020-02-13,1.8097,0.001716
2020-02-14,1.8155,0.003205
2020-02-17,1.8245,0.004957
2020-02-18,1.808,-0.009044
2020-02-19,1.8193,0.00625
2020-02-20,1.8174,-0.001044
2020-02-21,1.7935,-0.013151
2020-02-24,1.7898,-0.002063
2020-02-25,1.7786,-0.0062580000000000005
2020-02-26,1.7565,-0.012426
2020-02-27,1.7187,-0.02152
2020-02-28,1.6896,-0.016931
2020-03-02,1.739,0.029238
2020-03-03,1.7109,-0.016159
2020-03-04,1.7358,0.014554000000000001
2020-03-05,1.7559,0.01158
2020-03-06,1.7085,-0.026995
2020-03-09,1.628,-0.047117000000000006
2020-03-10,1.6652,0.022850000000000002
2020-03-11,1.636,-0.017535000000000002
2020-03-12,1.5407,-0.058252
2020-03-13,1.5854,0.029013
2020-03-16,1.4648,-0.076069
2020-03-17,1.5161,0.035022000000000005
2020-03-18,1.4185,-0.064376
2020-03-19,1.4349,0.011562
2020-03-20,1.4714,0.025436999999999998
2020-03-23,1.4566,-0.010058000000000001
2020-03-24,1.5498,0.063985
2020-03-25,1.5679,0.011679
2020-03-26,1.5905,0.014414
2020-03-27,1.5456,-0.028229999999999998
2020-03-30,1.5505,0.00317
2020-03-31,1.56,0.0061270000000000005
2020-04-01,1.5275,-0.020833
2020-04-02,1.5475,0.013092999999999999
2020-04-03,1.5296,-0.011567000000000001
2020-04-07,1.6252,0.0625
2020-04-08,1.61,-0.009353
2020-04-09,1.612,0.001242
2020-04-10,1.6065,-0.003412
2020-04-13,1.6127,0.003859
2020-04-14,1.6468,0.021145
2020-04-15,1.6443,-0.0015179999999999998
2020-04-16,1.6742,0.018184
2020-04-17,1.6828,0.005137
2020-04-20,1.6774,-0.003209
2020-04-21,1.6468,-0.018243
2020-04-22,1.6835,0.022286
2020-04-23,1.6576,-0.015385
2020-04-24,1.6504,-0.004344
2020-04-27,1.6782,0.016843999999999998
2020-04-28,1.6732,-0.002979
2020-04-29,1.7072,0.02032
2020-04-30,1.6898,-0.010192000000000001
2020-05-06,1.6781,-0.0069240000000000005
2020-05-07,1.708,0.017818
2020-05-08,1.7628,0.032084
2020-05-11,1.7861,0.013218
2020-05-12,1.7957,0.005375
2020-05-13,1.7893,-0.003564
2020-05-14,1.8195,0.016878
2020-05-15,1.8186,-0.000495
2020-05-18,1.8642,0.025074
2020-05-19,1.8892,0.013411
2020-05-20,1.8732,-0.008468999999999999
2020-05-21,1.8381,-0.018737999999999998
2020-05-22,1.801,-0.020184
2020-05-25,1.8068,0.00322
2020-05-26,1.8442,0.0207
2020-05-27,1.8191,-0.01361
2020-05-28,1.7992,-0.010939
2020-05-29,1.856,0.03157
2020-06-01,1.8947,0.020851
2020-06-02,1.9053,0.005595
2020-06-03,1.9338,0.014958
2020-06-04,1.9333,-0.000259
2020-06-05,1.9496,0.008431
2020-06-08,1.9284,-0.010874
2020-06-09,1.9288,0.000207
2020-06-10,1.9618,0.017109
2020-06-11,1.9202,-0.021204999999999998
2020-06-12,1.9411,0.010884
2020-06-15,1.9581,0.008758
2020-06-16,2.0009,0.021858
2020-06-17,2.0323,0.015693
2020-06-18,2.0507,0.009054
2020-06-19,2.071,0.009899
2020-06-22,2.0629,-0.003911
2020-06-23,2.0946,0.015366999999999999
2020-06-24,2.0948,9.499999999999999e-05
2020-06-29,2.0932,-0.0007639999999999999
2020-06-30,2.1109,0.008456
2020-07-01,2.1095,-0.000663
2020-07-02,2.1676,0.027542
2020-07-03,2.1972,0.013656
2020-07-06,2.2287,0.014336
2020-07-07,2.1858,-0.019249000000000002
2020-07-08,2.2511,0.029875
2020-07-09,2.3073,0.024966
2020-07-10,2.2897,-0.007628
2020-07-13,2.2869,-0.0012230000000000001
2020-07-14,2.2649,-0.00962
2020-07-15,2.2801,0.006711
2020-07-16,2.1754,-0.045919
2020-07-17,2.1969,0.009883
2020-07-20,2.2379,0.018663
2020-07-21,2.3044,0.029715
2020-07-22,2.2627,-0.018096
2020-07-23,2.2867,0.010607
2020-07-24,2.2414,-0.01981
2020-07-27,2.274,0.014544
2020-07-28,2.2914,0.007652
2020-07-29,2.3484,0.024876
2020-07-30,2.3589,0.004471
2020-07-31,2.3844,0.01081
2020-08-03,2.4401,0.02336
2020-08-04,2.4717,0.01295
2020-08-05,2.521,0.019946
2020-08-06,2.5101,-0.004324
2020-08-07,2.439,-0.028325999999999997
2020-08-10,2.4061,-0.013489
2020-08-11,2.3859,-0.008395
2020-08-12,2.3908,0.002054
2020-08-13,2.384,-0.0028439999999999997
2020-08-14,2.3667,-0.007257
2020-08-17,2.4,0.014070000000000001
2020-08-18,2.4389,0.016208
2020-08-19,2.3962,-0.017508
2020-08-20,2.3993,0.0012939999999999998
2020-08-21,2.4078,0.003543
2020-08-24,2.4529,0.0187
2020-08-25,2.4612,0.0034000000000000002
2020-08-26,2.4522,-0.0037
2020-08-27,2.4533,0.0004
2020-08-28,2.4548,0.0006
2020-08-31,2.4337,-0.0086
2020-09-01,2.4813,0.0196
2020-09-02,2.5165,0.014199999999999999
2020-09-03,2.4449,-0.0285
2020-09-04,2.4199,-0.0102
2020-09-07,2.39,-0.0124
2020-09-08,2.3239,-0.0277
2020-09-09,2.3265,0.0011
2020-09-10,2.285,-0.0178
2020-09-11,2.3298,0.0196
2020-09-14,2.3734,0.0187
2020-09-15,2.3794,0.0025
2020-09-16,2.3803,0.0004
2020-09-17,2.3541,-0.011000000000000001
2020-09-18,2.3643,0.0043
2020-09-21,2.3348,-0.0125
2020-09-22,2.3355,0.0003
2020-09-23,2.352,0.0070999999999999995
2020-09-24,2.3277,-0.0103
2020-09-25,2.3225,-0.0022
2020-09-28,2.3513,0.0124
2020-09-29,2.3527,0.0006
2020-09-30,2.3934,0.0173
2020-10-09,2.5254,0.0552
2020-10-12,2.5446,0.0076
2020-10-13,2.544,-0.0002
2020-10-14,2.5355,-0.0033
2020-10-15,2.4807,-0.0216
2020-10-16,2.4861,0.0022
2020-10-19,2.4373,-0.0196
2020-10-20,2.4763,0.016
2020-10-21,2.4576,-0.0076
2020-10-22,2.4235,-0.0139
2020-10-23,2.4147,-0.0036
2020-10-26,2.413,-0.0007000000000000001
2020-10-27,2.4466,0.0139
2020-10-28,2.4625,0.006500000000000001
2020-10-29,2.5175,0.0223
2020-10-30,2.4532,-0.0255
2020-11-02,2.4749,0.0088
2020-11-03,2.4604,-0.0059
2020-11-04,2.5022,0.017
2020-11-05,2.5948,0.037000000000000005
2020-11-06,2.5725,-0.0086
2020-11-09,2.5687,-0.0015
2020-11-10,2.4487,-0.0467
2020-11-11,2.4004,-0.0197
2020-11-12,2.4689,0.0285
2020-11-13,2.5293,0.0245
2020-11-16,2.5316,0.0009
2020-11-17,2.4753,-0.0222
2020-11-18,2.4652,-0.0040999999999999995
2020-11-19,2.4746,0.0038
2020-11-20,2.5118,0.015
2020-11-23,2.5348,0.0092
2020-11-24,2.5376,0.0011
2020-11-25,2.5054,-0.0127
2020-11-26,2.5215,0.0064
2020-11-27,2.5376,0.0064
2020-11-30,2.5012,-0.0143
2020-12-01,2.5131,0.0048
2020-12-02,2.473,-0.016
2020-12-03,2.4857,0.0051
2020-12-04,2.5057,0.008
2020-12-07,2.507,0.0005
2020-12-08,2.5152,0.0033
2020-12-09,2.479,-0.0144
2020-12-10,2.4924,0.0054
2020-12-11,2.4883,-0.0016
2020-12-14,2.4917,0.0014000000000000002
2020-12-15,2.4839,-0.0031
2020-12-16,2.5027,0.0076
2020-12-17,2.5401,0.0149
2020-12-18,2.551,0.0043
2020-12-21,2.5533,0.0009
2020-12-22,2.5355,-0.006999999999999999
2020-12-23,2.5647,0.0115
2020-12-24,2.5403,-0.0095
2020-12-25,2.5382,-0.0008
2020-12-28,2.4706,-0.026600000000000002
2020-12-29,2.523,0.0212
2020-12-30,2.6315,0.043
2020-12-31,2.6291,-0.0009
2021-01-04,2.6652,0.0137
2021-01-05,2.698,0.0123
2021-01-06,2.692,-0.0022
2021-01-07,2.6925,0.0002
2021-01-08,2.7525,0.0223
2021-01-11,2.7415,-0.004
2021-01-12,2.7387,-0.001
2021-01-13,2.7334,-0.0019
2021-01-14,2.7689,0.013000000000000001
2021-01-15,2.758,-0.0039000000000000003
2021-01-18,2.7952,0.013500000000000002
2021-01-19,2.8741,0.0282
2021-01-20,2.9221,0.0167
2021-01-21,2.945,0.0078000000000000005
2021-01-22,2.9862,0.013999999999999999
2021-01-25,3.065,0.0264
2021-01-26,2.9664,-0.0322
2021-01-27,2.9066,-0.0202
2021-01-28,2.8571,-0.017
2021-01-29,2.8434,-0.0048
2021-02-01,2.9422,0.0347
2021-02-02,3.02,0.0264
2021-02-03,3.0718,0.0172
2021-02-04,3.0569,-0.0049
2021-02-05,3.0734,0.0054
2021-02-08,3.0872,0.0045000000000000005
2021-02-09,3.1214,0.0111
2021-02-10,3.1781,0.0182
2021-02-18,3.1494,-0.009000000000000001
2021-02-19,3.179,0.009399999999999999
2021-02-22,3.0495,-0.0407
2021-02-23,3.0217,-0.0091
2021-02-24,2.9676,-0.0179
2021-02-25,2.929,-0.013000000000000001
2021-02-26,2.8578,-0.024300000000000002
2021-03-01,2.9794,0.0426
2021-03-02,2.9327,-0.015700000000000002
2021-03-03,2.9306,-0.0007000000000000001
2021-03-04,2.8143,-0.0397
2021-03-05,2.8083,-0.0021
2021-03-08,2.6595,-0.053
2021-03-09,2.7626,0.0388
2021-03-10,2.7421,-0.0074
2021-03-11,2.8718,0.0473
2021-03-12,2.8162,-0.0194
2021-03-15,2.8014,-0.0053
2021-03-16,2.8411,0.014199999999999999
2021-03-17,2.8215,-0.0069
2021-03-18,2.7968,-0.0088
2021-03-19,2.795,-0.0006
2021-03-22,2.7576,-0.0134
2021-03-23,2.6745,-0.0301
2021-03-24,2.5673,-0.0401
2021-03-25,2.5376,-0.0116
2021-03-26,2.5765,0.015300000000000001
2021-03-29,2.5397,-0.0143
2021-03-30,2.5979,0.0229
2021-03-31,2.6083,0.004
2021-04-01,2.7153,0.040999999999999995
2021-04-02,2.7169,0.0006
2021-04-06,2.7316,0.0054
2021-04-07,2.667,-0.0236
2021-04-08,2.6844,0.006500000000000001
2021-04-09,2.6573,-0.0101
2021-04-12,2.6131,-0.0166
2021-04-13,2.6093,-0.0015
2021-04-14,2.6232,0.0053
2021-04-15,2.6208,-0.0009
2021-04-16,2.6481,0.0104
2021-04-19,2.6552,0.0027
2021-04-20,2.6117,-0.016399999999999998
2021-04-21,2.6248,0.005
2021-04-22,2.6504,0.0098
2021-04-23,2.6979,0.0179
2021-04-26,2.7195,0.008
2021-04-27,2.7196,0.0
2021-04-28,2.715,-0.0017000000000000001
2021-04-29,2.6801,-0.0129
2021-04-30,2.6469,-0.0124
2021-05-06,2.5864,-0.0229
2021-05-07,2.561,-0.0098
2021-05-10,2.4856,-0.0294
2021-05-11,2.4743,-0.0045000000000000005
2021-05-12,2.4717,-0.0011
2021-05-13,2.4167,-0.0223
2021-05-14,2.4531,0.0151
2021-05-17,2.4526,-0.0002
2021-05-18,2.4817,0.011899999999999999
2021-05-19,2.4675,-0.005699999999999999
2021-05-20,2.5045,0.015
2021-05-21,2.4981,-0.0026
2021-05-24,2.5107,0.005
2021-05-25,2.527,0.006500000000000001
2021-05-26,2.5203,-0.0027
2021-05-27,2.5403,0.0079
2021-05-28,2.5311,-0.0036
2021-05-31,2.541,0.0039000000000000003
2021-06-01,2.6,0.0232
2021-06-02,2.5956,-0.0017000000000000001
2021-06-03,2.5529,-0.0165
2021-06-04,2.5715,0.0073
2021-06-07,2.5471,-0.0095
2021-06-08,2.5476,0.0002
2021-06-09,2.5451,-0.001
2021-06-10,2.5595,0.005699999999999999
2021-06-11,2.5651,0.0022
2021-06-15,2.5695,0.0017000000000000001
2021-06-16,2.5496,-0.0077
2021-06-17,2.6031,0.021
2021-06-18,2.6074,0.0017000000000000001
2021-06-21,2.5848,-0.0087
2021-06-22,2.5836,-0.0005
2021-06-23,2.6306,0.0182
2021-06-24,2.6653,0.0132
2021-06-25,2.6874,0.0083
2021-06-28,2.7037,0.0060999999999999995
2021-06-29,2.7095,0.0021
2021-06-30,2.7073,-0.0008
2021-07-01,2.6887,-0.0069
2021-07-02,2.6528,-0.0134
2021-07-05,2.6611,0.0031
2021-07-06,2.6173,-0.0165
2021-07-07,2.6164,-0.0003
2021-07-08,2.5884,-0.010700000000000001
2021-07-09,2.6216,0.0128
2021-07-12,2.6678,0.0176
2021-07-13,2.675,0.0027
2021-07-14,2.6501,-0.009300000000000001
2021-07-15,2.6537,0.0014000000000000002
2021-07-16,2.6177,-0.013600000000000001
2021-07-19,2.6039,-0.0053
2021-07-20,2.5934,-0.004
2021-07-21,2.6794,0.0332
2021-07-22,2.6641,-0.005699999999999999
2021-07-23,2.5823,-0.030699999999999998
2021-07-26,2.5162,-0.0256
2021-07-27,2.4038,-0.0447
2021-07-28,2.4792,0.031400000000000004
2021-07-29,2.6092,0.0524
2021-07-30,2.6193,0.0039000000000000003
2021-08-02,2.6206,0.0005
2021-08-03,2.5842,-0.0139
2021-08-04,2.6341,0.019299999999999998
2021-08-05,2.6245,-0.0036
2021-08-06,2.5876,-0.0141
2021-08-09,2.6044,0.006500000000000001
2021-08-10,2.5809,-0.009000000000000001
2021-08-11,2.5581,-0.0088
2021-08-12,2.5526,-0.0022
2021-08-13,2.5241,-0.011200000000000002
2021-08-16,2.4719,-0.0207
2021-08-17,2.4384,-0.013600000000000001
2021-08-18,2.4383,0.0
2021-08-19,2.4185,-0.008100000000000001
2021-08-20,2.4042,-0.0059
2021-08-23,2.4766,0.0301
2021-08-24,2.544,0.027200000000000002
2021-08-25,2.561,0.0067
2021-08-26,2.5239,-0.014499999999999999
2021-08-27,2.5275,0.0014000000000000002
2021-08-30,2.5406,0.0052
2021-08-31,2.54,-0.0002
2021-09-01,2.5507,0.0042
2021-09-02,2.5559,0.002
2021-09-03,2.5725,0.006500000000000001
2021-09-06,2.582,0.0037
2021-09-07,2.6038,0.0084
2021-09-08,2.5833,-0.0079
2021-09-09,2.5429,-0.015600000000000001
2021-09-10,2.5559,0.0051
2021-09-13,2.5032,-0.0206
2021-09-14,2.4836,-0.0078000000000000005
2021-09-15,2.4555,-0.0113
2021-09-16,2.4068,-0.019799999999999998
2021-09-17,2.4413,0.0143
2021-09-22,2.4192,-0.0091
2021-09-23,2.4356,0.0068000000000000005
2021-09-24,2.3927,-0.0176
2021-09-27,2.3951,0.001
2021-09-28,2.3609,-0.0143
2021-09-29,2.3333,-0.011699999999999999
2021-09-30,2.374,0.0174
2021-10-08,2.3524,-0.0091
2021-10-11,2.3405,-0.0051
2021-10-12,2.3207,-0.0085
2021-10-13,2.3578,0.016
2021-10-14,2.3528,-0.0021
2021-10-15,2.3954,0.0181
2021-10-18,2.3986,0.0013
2021-10-19,2.4389,0.0168
2021-10-20,2.4398,0.0004
2021-10-21,2.4191,-0.0085
2021-10-22,2.4419,0.009399999999999999
2021-10-25,2.4646,0.009300000000000001
2021-10-26,2.4589,-0.0023
2021-10-27,2.4337,-0.0102
2021-10-28,2.4391,0.0022
2021-10-29,2.4516,0.0051
2021-11-01,2.4733,0.0089
2021-11-02,2.4603,-0.0053
2021-11-03,2.4486,-0.0048
2021-11-04,2.492,0.0177
2021-11-05,2.4777,-0.005699999999999999
2021-11-08,2.4634,-0.0058
2021-11-09,2.4884,0.0101
2021-11-10,2.4873,-0.0004
2021-11-11,2.5547,0.0271
2021-11-12,2.5757,0.008199999999999999
2021-11-15,2.589,0.0052
2021-11-16,2.6095,0.0079
2021-11-17,2.5996,-0.0038
2021-11-18,2.5813,-0.006999999999999999
2021-11-19,2.5834,0.0008
2021-11-22,2.6099,0.0103
2021-11-23,2.557,-0.0203
2021-11-24,2.5616,0.0018
2021-11-25,2.5724,0.0042
2021-11-26,2.516,-0.0219
2021-11-29,2.5469,0.0123
2021-11-30,2.5089,-0.0149
2021-12-01,2.4618,-0.018799999999999997
2021-12-02,2.4293,-0.0132
2021-12-03,2.4041,-0.0104
2021-12-06,2.3347,-0.028900000000000002
2021-12-07,2.383,0.0207
2021-12-08,2.4272,0.018500000000000003
2021-12-09,2.4287,0.0006
2021-12-10,2.4105,-0.0075
2021-12-13,2.3741,-0.0151
2021-12-14,2.3512,-0.0096
2021-12-15,2.3389,-0.0052
2021-12-16,2.3364,-0.0011
2021-12-17,2.2971,-0.0168
2021-12-20,2.2293,-0.029500000000000002
2021-12-21,2.2787,0.0222
2021-12-22,2.3006,0.0096
2021-12-23,2.3195,0.008199999999999999
2021-12-24,2.3007,-0.008100000000000001
2021-12-27,2.3032,0.0011
2021-12-28,2.2833,-0.0086
2021-12-29,2.2666,-0.0073
2021-12-30,2.2749,0.0037
2021-12-31,2.2912,0.0072
2022-01-04,2.2643,-0.011699999999999999
2022-01-05,2.1777,-0.0382
2022-01-06,2.1873,0.0044
2022-01-07,2.1565,-0.0141
2022-01-10,2.1628,0.0029
2022-01-11,2.1675,0.0022
2022-01-12,2.2176,0.0231
2022-01-13,2.1717,-0.0207
2022-01-14,2.1836,0.0055000000000000005
2022-01-17,2.2051,0.0098
2022-01-18,2.1774,-0.0126
2022-01-19,2.1456,-0.0146
2022-01-20,2.1543,0.0040999999999999995
2022-01-21,2.1027,-0.024
2022-01-24,2.0882,-0.0069
2022-01-25,2.0491,-0.0187
2022-01-26,2.0431,-0.0029
2022-01-27,1.9921,-0.025
2022-01-28,2.0078,0.0079
2022-02-07,2.0591,0.0256
2022-02-08,2.0576,-0.0007000000000000001
2022-02-09,2.1009,0.021
2022-02-10,2.1007,-0.0001
2022-02-11,2.05,-0.0241
2022-02-14,2.039,-0.0054
2022-02-15,2.074,0.0172
2022-02-16,2.0825,0.0040999999999999995
2022-02-17,2.0563,-0.0126
2022-02-18,2.0192,-0.018000000000000002
2022-02-21,1.999,-0.01
2022-02-22,1.9725,-0.013300000000000001
2022-02-23,1.9793,0.0034000000000000002
2022-02-24,1.956,-0.0118
2022-02-25,1.9799,0.012199999999999999
2022-02-28,1.9719,-0.004
2022-03-01,1.966,-0.003
2022-03-02,1.9629,-0.0016
2022-03-03,1.9317,-0.0159
2022-03-04,1.894,-0.0195
2022-03-07,1.829,-0.034300000000000004
2022-03-08,1.8048,-0.0132
2022-03-09,1.8353,0.0169
2022-03-10,1.8293,-0.0033
2022-03-11,1.7915,-0.0207
2022-03-14,1.7165,-0.04190000000000001
2022-03-15,1.6868,-0.0173
2022-03-16,1.8043,0.0697
2022-03-17,1.8363,0.0177
2022-03-18,1.8512,0.008100000000000001
2022-03-21,1.8587,0.0040999999999999995
2022-03-22,1.8932,0.018600000000000002
2022-03-23,1.8898,-0.0018
2022-03-24,1.9213,0.0167
2022-03-25,1.9068,-0.0075
2022-03-28,1.9286,0.011399999999999999
2022-03-29,1.9419,0.0069
2022-03-30,1.9498,0.0040999999999999995
2022-03-31,1.9256,-0.0124
2022-04-01,1.9344,0.0046
2022-04-06,1.9103,-0.0125
2022-04-07,1.8817,-0.015
2022-04-08,1.8715,-0.0054
2022-04-11,1.8113,-0.0322
2022-04-12,1.8211,0.0054
2022-04-13,1.8395,0.0101
2022-04-14,1.8265,-0.0070999999999999995
2022-04-15,1.8369,0.005699999999999999
2022-04-18,1.8386,0.0009
2022-04-19,1.8394,0.0004
2022-04-20,1.8242,-0.0083
2022-04-21,1.785,-0.0215
2022-04-22,1.7833,-0.001
2022-04-25,1.7597,-0.0132
2022-04-26,1.75,-0.0055000000000000005
2022-04-27,1.7761,0.0149
2022-04-28,1.8057,0.0167
2022-04-29,1.8454,0.022000000000000002
2022-05-05,1.8236,-0.0118
2022-05-06,1.8042,-0.0106
2022-05-09,1.7727,-0.0175
2022-05-10,1.7822,0.0054
2022-05-11,1.7668,-0.0086
2022-05-12,1.7471,-0.011200000000000002
2022-05-13,1.8231,0.0435
2022-05-16,1.8039,-0.0105
2022-05-17,1.8574,0.0297
2022-05-18,1.8108,-0.025099999999999997
2022-05-19,1.8094,-0.0008
2022-05-20,1.8145,0.0028000000000000004
2022-05-23,1.803,-0.0063
2022-05-24,1.7507,-0.028999999999999998
2022-05-25,1.7674,0.0095
2022-05-26,1.8049,0.0212
2022-05-27,1.8646,0.0331
2022-05-30,1.8725,0.0042
2022-05-31,1.8797,0.0038
2022-06-01,1.8638,-0.0085
2022-06-02,1.9166,0.028300000000000002
2022-06-06,1.9144,-0.0011
2022-06-07,1.9153,0.0005
2022-06-08,1.9243,0.004699999999999999
2022-06-09,1.8912,-0.0172
2022-06-10,1.8844,-0.0036
2022-06-13,1.8171,-0.035699999999999996
2022-06-14,1.8316,0.008
2022-06-15,1.8609,0.016
2022-06-16,1.8002,-0.0326
2022-06-17,1.8178,0.0098
2022-06-20,1.8316,0.0076
2022-06-21,1.8696,0.0207
2022-06-22,1.8644,-0.0028000000000000004
2022-06-23,1.9026,0.020499999999999997
2022-06-24,1.9532,0.026600000000000002
2022-06-27,1.9622,0.0046
2022-06-28,1.9541,-0.0040999999999999995
2022-06-29,1.9228,-0.016
2022-06-30,1.9203,-0.0013
2022-07-01,1.9011,-0.01
2022-07-04,1.8984,-0.0014000000000000002
2022-07-05,1.9046,0.0033
2022-07-06,1.9089,0.0023
2022-07-07,1.9364,0.0144
2022-07-08,1.9438,0.0038
2022-07-11,1.8935,-0.0259
2022-07-12,1.8774,-0.0085
2022-07-13,1.8855,0.0043
2022-07-14,1.9073,0.0116
2022-07-15,1.9088,0.0008
2022-07-18,1.9245,0.008199999999999999
2022-07-19,1.9343,0.0051
2022-07-20,1.9595,0.013000000000000001
2022-07-21,1.978,0.009399999999999999
2022-07-22,1.9526,-0.0128
2022-07-25,1.9406,-0.0060999999999999995
2022-07-26,1.9358,-0.0025
2022-07-27,1.9732,0.019299999999999998
2022-07-28,1.9669,-0.0032
2022-07-29,1.9527,-0.0072
2022-08-01,1.9567,0.002
2022-08-02,1.9394,-0.0088
2022-08-03,1.9782,0.02
2022-08-04,2.0241,0.0232
2022-08-05,2.0349,0.0053
2022-08-08,2.0205,-0.0070999999999999995
2022-08-09,2.0217,0.0006
2022-08-10,2.0392,0.0087
2022-08-11,2.0448,0.0027
2022-08-12,2.056,0.0055000000000000005
2022-08-15,2.0785,0.0109
2022-08-16,2.0706,-0.0038
2022-08-17,2.0611,-0.0046
2022-08-18,2.1029,0.0203
2022-08-19,2.0856,-0.008199999999999999
2022-08-22,2.0757,-0.004699999999999999
2022-08-23,2.0878,0.0058
2022-08-24,2.0644,-0.011200000000000002
2022-08-25,2.1183,0.026099999999999998
2022-08-26,2.0957,-0.010700000000000001
2022-08-29,2.1017,0.0029
2022-08-30,2.0907,-0.0052
2022-08-31,2.0904,-0.0001
2022-09-01,2.0577,-0.015600000000000001
2022-09-02,2.0456,-0.0059
2022-09-05,2.0338,-0.0058
2022-09-06,2.0371,0.0016
2022-09-07,2.0345,-0.0013
2022-09-08,2.0431,0.0042
2022-09-09,2.0779,0.017
2022-09-13,2.0575,-0.0098
2022-09-14,2.0505,-0.0034000000000000002
2022-09-15,2.0262,-0.011899999999999999
2022-09-16,2.0069,-0.0095
2022-09-19,1.99,-0.0084
2022-09-20,2.0087,0.009399999999999999
2022-09-21,1.967,-0.0208
2022-09-22,1.9585,-0.0043
2022-09-23,1.9207,-0.019299999999999998
2022-09-26,1.9326,0.0062
2022-09-27,1.9614,0.0149
2022-09-28,1.9282,-0.0169
2022-09-29,1.8966,-0.016399999999999998
2022-09-30,1.8769,-0.0104
2022-10-10,1.8168,-0.032
2022-10-11,1.7927,-0.013300000000000001
2022-10-12,1.8004,0.0043
2022-10-13,1.8014,0.0006
2022-10-14,1.8065,0.0028000000000000004
2022-10-17,1.835,0.0158
2022-10-18,1.8619,0.0147
2022-10-19,1.833,-0.0155
2022-10-20,1.8182,-0.008100000000000001
2022-10-21,1.8382,0.011000000000000001
2022-10-24,1.7713,-0.0364
2022-10-25,1.8023,0.0175
2022-10-26,1.8002,-0.0012
2022-10-27,1.7638,-0.0202
2022-10-28,1.7455,-0.0104
2022-10-31,1.7223,-0.013300000000000001
2022-11-01,1.7595,0.0216
2022-11-02,1.7678,0.004699999999999999
2022-11-03,1.754,-0.0078000000000000005
2022-11-04,1.819,0.0371
2022-11-07,1.8307,0.0064
2022-11-08,1.8367,0.0033
2022-11-09,1.8134,-0.0127
2022-11-10,1.8519,0.0212
2022-11-11,1.8992,0.0255
2022-11-14,1.8584,-0.0215
2022-11-15,1.9046,0.024900000000000002
2022-11-16,1.8813,-0.012199999999999999
2022-11-17,1.886,0.0025
2022-11-18,1.885,-0.0005
2022-11-21,1.8657,-0.0102
2022-11-22,1.8769,0.006
2022-11-23,1.8797,0.0015
2022-11-24,1.8797,0.0
2022-11-25,1.849,-0.0163
2022-11-28,1.841,-0.0043
2022-11-29,1.8909,0.0271
2022-11-30,1.9502,0.031400000000000004
2022-12-01,1.9519,0.0009
2022-12-02,1.9455,-0.0033
2022-12-05,1.9478,0.0012
2022-12-06,1.9242,-0.0121
2022-12-07,1.8913,-0.0171
2022-12-08,1.9474,0.0297
2022-12-09,1.9594,0.0062
2022-12-12,1.922,-0.0191
2022-12-13,1.9475,0.013300000000000001
2022-12-14,1.9395,-0.0040999999999999995
2022-12-15,1.9002,-0.0203
2022-12-16,1.8908,-0.0049
2022-12-19,1.8758,-0.0079
2022-12-20,1.8629,-0.0069
2022-12-21,1.8825,0.0105
2022-12-22,1.8842,0.0009
2022-12-23,1.8554,-0.015300000000000001
2022-12-26,1.8566,0.0006
2022-12-27,1.8538,-0.0015
2022-12-28,1.853,-0.0004
2022-12-29,1.872,0.0103
2022-12-30,1.867,-0.0027
2022-12-31,1.8669,-0.0001
2023-01-03,1.9025,0.019
2023-01-04,1.9537,0.0269
2023-01-05,1.9767,0.0118
2023-01-06,2.0071,0.0154
2023-01-09,2.0538,0.0233
2023-01-10,2.0495,-0.0021
2023-01-11,2.054,0.0022
2023-01-12,2.0514,-0.0013
2023-01-13,2.0926,0.020099999999999996
2023-01-16,2.0928,0.0001
2023-01-17,2.0809,-0.005699999999999999
2023-01-18,2.0787,-0.0011
2023-01-19,2.0923,0.006500000000000001
2023-01-20,2.1406,0.0231
2023-01-30,2.1597,0.0089
2023-01-31,2.1574,-0.0011
2023-02-01,2.2126,0.0256
2023-02-02,2.2035,-0.0040999999999999995
2023-02-03,2.1807,-0.0103
2023-02-06,2.1312,-0.0227
2023-02-07,2.1643,0.0155
2023-02-08,2.1453,-0.0088
2023-02-09,2.2037,0.027200000000000002
2023-02-10,2.1518,-0.0236
2023-02-13,2.2017,0.0232
2023-02-14,2.1838,-0.008100000000000001
2023-02-15,2.1717,-0.0055000000000000005
2023-02-16,2.169,-0.0012
2023-02-17,2.1134,-0.0256
2023-02-20,2.1385,0.011899999999999999
2023-02-21,2.0741,-0.0301
2023-02-22,2.0736,-0.0002
2023-02-23,2.1092,0.0172
2023-02-24,2.0532,-0.026600000000000002
2023-02-27,2.077,0.0116
2023-02-28,2.0796,0.0013
2023-03-01,2.1384,0.028300000000000002
2023-03-02,2.1146,-0.0111
2023-03-03,2.1413,0.0126
2023-03-06,2.1292,-0.005699999999999999
2023-03-07,2.1061,-0.0108
2023-03-08,2.0991,-0.0033
2023-03-09,2.068,-0.0148
2023-03-10,2.0291,-0.018799999999999997
2023-03-13,2.0725,0.021400000000000002
2023-03-14,2.0562,-0.0079
2023-03-15,2.0427,-0.0066
2023-03-16,2.051,0.0040999999999999995
2023-03-17,2.0554,0.0021
2023-03-20,1.9834,-0.035
2023-03-21,2.0204,0.0187
2023-03-22,1.9927,-0.0137
2023-03-23,2.0537,0.030600000000000002
2023-03-24,2.0316,-0.0108
2023-03-27,2.0121,-0.0096
2023-03-28,2.0183,0.0031
2023-03-29,2.0415,0.0115
2023-03-30,2.0554,0.0068000000000000005
2023-03-31,2.0704,0.0073
2023-04-03,2.0625,-0.0038
2023-04-04,2.0336,-0.013999999999999999
2023-04-06,2.0243,-0.0046
2023-04-07,2.0283,0.002
2023-04-10,2.0294,0.0005
2023-04-11,2.034,0.0023
2023-04-12,1.9897,-0.0218
2023-04-13,1.9991,0.004699999999999999
2023-04-14,1.9897,-0.004699999999999999
2023-04-17,2.0042,0.0073
2023-04-18,2.0025,-0.0008
2023-04-19,1.9945,-0.004
2023-04-20,1.9852,-0.004699999999999999
2023-04-21,1.9353,-0.025099999999999997
2023-04-24,1.906,-0.0151
2023-04-25,1.8608,-0.023700000000000002
2023-04-26,1.9025,0.022400000000000003
2023-04-27,1.9119,0.0049
2023-04-28,1.9362,0.0127
2023-05-04,1.8691,-0.0347
2023-05-05,1.897,0.0149
2023-05-08,1.8906,-0.0034000000000000002
2023-05-09,1.8627,-0.0148
2023-05-10,1.8802,0.009399999999999999
2023-05-11,1.89,0.0052
2023-05-12,1.885,-0.0026
2023-05-15,1.939,0.0286
2023-05-16,1.9477,0.0045000000000000005
2023-05-17,1.9502,0.0013
2023-05-18,1.9584,0.0042
2023-05-19,1.954,-0.0022
2023-05-22,1.9599,0.003
2023-05-23,1.9374,-0.0115
2023-05-24,1.9151,-0.0115
2023-05-25,1.9521,0.019299999999999998
2023-05-26,2.0059,0.0276
2023-05-29,1.9907,-0.0076
2023-05-30,2.0001,0.004699999999999999
2023-05-31,1.962,-0.019
2023-06-01,2.0018,0.0203
2023-06-02,2.0342,0.016200000000000003
2023-06-05,2.029,-0.0026
2023-06-06,2.0407,0.0058
2023-06-07,2.0309,-0.0048
2023-06-08,2.0469,0.0079
2023-06-09,2.0597,0.0063
2023-06-12,2.0679,0.004
2023-06-13,2.1026,0.0168
2023-06-14,2.1265,0.011399999999999999
2023-06-15,2.1511,0.0116
2023-06-16,2.1442,-0.0032
2023-06-19,2.1407,-0.0016
2023-06-20,2.107,-0.015700000000000002
2023-06-21,2.0651,-0.0199
2023-06-26,2.0201,-0.0218
2023-06-27,2.0626,0.021
2023-06-28,2.0475,-0.0073
2023-06-29,2.0381,-0.0046
2023-06-30,2.0654,0.0134
2023-07-03,2.0851,0.0095
2023-07-04,2.0884,0.0016
2023-07-05,2.0587,-0.014199999999999999
2023-07-06,2.0393,-0.009399999999999999
2023-07-07,2.0372,-0.001
2023-07-10,2.0403,0.0015
2023-07-11,2.0534,0.0064
2023-07-12,2.0837,0.0148
2023-07-13,2.1459,0.029900000000000003
2023-07-14,2.1239,-0.0103
2023-07-17,2.1308,0.0032
2023-07-18,2.1139,-0.0079
2023-07-19,2.1023,-0.0055000000000000005
2023-07-20,2.0691,-0.0158
2023-07-21,2.067,-0.001
2023-07-24,2.0662,-0.0004
2023-07-25,2.1181,0.025099999999999997
2023-07-26,2.1179,-0.0001
2023-07-27,2.1219,0.0019
2023-07-28,2.1683,0.0219
2023-07-31,2.1773,0.0042
2023-08-01,2.1706,-0.0031
2023-08-02,2.1155,-0.0254
2023-08-03,2.1383,0.0108
2023-08-04,2.1502,0.005600000000000001
2023-08-07,2.1443,-0.0027
2023-08-08,2.1214,-0.010700000000000001
2023-08-09,2.1046,-0.0079
2023-08-10,2.1084,0.0018
2023-08-11,2.0694,-0.018500000000000003
2023-08-14,2.0916,0.010700000000000001
2023-08-15,2.0853,-0.003
2023-08-16,2.0509,-0.0165
2023-08-17,2.0605,0.004699999999999999
2023-08-18,2.0278,-0.0159
2023-08-21,2.0416,0.0068000000000000005
2023-08-22,2.0497,0.004
2023-08-23,2.0862,0.0178
2023-08-24,2.085,-0.0006
2023-08-25,2.0651,-0.0095
2023-08-28,2.0822,0.0083
2023-08-29,2.15,0.0326
2023-08-30,2.149,-0.0005
2023-08-31,2.1502,0.0006
2023-09-01,2.1606,0.0048
2023-09-04,2.174,0.0062
2023-09-05,2.1579,-0.0074
2023-09-06,2.1621,0.0019
2023-09-07,2.1264,-0.0165
2023-09-08,2.1295,0.0015
2023-09-11,2.1452,0.0074
2023-09-12,2.1314,-0.0064
2023-09-13,2.1259,-0.0026
2023-09-14,2.1324,0.0031
2023-09-15,2.1225,-0.0046
2023-09-18,2.1074,-0.0070999999999999995
2023-09-19,2.109,0.0008
2023-09-20,2.0793,-0.0141
2023-09-21,2.0564,-0.011000000000000001
2023-09-22,2.0913,0.017
2023-09-25,2.0754,-0.0076
2023-09-26,2.0499,-0.0123
2023-09-27,2.0506,0.0003
2023-09-28,2.0441,-0.0032
2023-10-09,2.0862,0.0206
2023-10-10,2.0954,0.0044
2023-10-11,2.1122,0.008
2023-10-12,2.113,0.0004
2023-10-13,2.0828,-0.0143
2023-10-16,2.0835,0.0003
2023-10-17,2.0873,0.0018
2023-10-18,2.0715,-0.0076
2023-10-19,2.0484,-0.011200000000000002
2023-10-20,2.0322,-0.0079
2023-10-23,2.0369,0.0023
2023-10-24,2.0484,0.005600000000000001
2023-10-25,2.0337,-0.0072
2023-10-26,2.0208,-0.0063
2023-10-27,2.0535,0.016200000000000003
2023-10-30,2.0738,0.009899999999999999
2023-10-31,2.0481,-0.0124
2023-11-01,2.0626,0.0070999999999999995
2023-11-02,2.0762,0.0066
2023-11-03,2.1168,0.0196
2023-11-06,2.1488,0.0151
2023-11-07,2.1478,-0.0005
2023-11-08,2.1543,0.003
2023-11-09,2.1451,-0.0043
2023-11-10,2.1436,-0.0007000000000000001
2023-11-13,2.1744,0.0144
2023-11-14,2.1843,0.0046
2023-11-15,2.221,0.0168
2023-11-16,2.2126,-0.0038
2023-11-17,2.1999,-0.005699999999999999
2023-11-20,2.2263,0.012
2023-11-21,2.207,-0.0087
2023-11-22,2.2092,0.001
2023-11-23,2.2205,0.0051
2023-11-24,2.1959,-0.0111
2023-11-27,2.1881,-0.0036
2023-11-28,2.2116,0.010700000000000001
2023-11-29,2.1847,-0.012199999999999999
2023-11-30,2.1976,0.0059
2023-12-01,2.1867,-0.005
2023-12-04,2.1583,-0.013000000000000001
2023-12-05,2.1383,-0.009300000000000001
2023-12-06,2.1544,0.0075
2023-12-07,2.1566,0.001
2023-12-08,2.1471,-0.0044
2023-12-11,2.1456,-0.0007000000000000001
2023-12-12,2.1696,0.011200000000000002
2023-12-13,2.1639,-0.0026
2023-12-14,2.1553,-0.004
2023-12-15,2.168,0.0059
2023-12-18,2.153,-0.0069
2023-12-19,2.1535,0.0002
2023-12-20,2.1397,-0.0064
2023-12-21,2.1515,0.0055000000000000005
2023-12-22,2.0962,-0.025699999999999997
2023-12-25,2.0956,-0.0003
2023-12-26,2.0991,0.0017000000000000001
2023-12-27,2.1213,0.0106
2023-12-28,2.1427,0.0101
2023-12-29,2.142,-0.0003
2023-12-31,2.1418,-0.0001
2024-01-02,2.1143,-0.0128
2024-01-03,2.1154,0.0005
2024-01-04,2.1066,-0.0042
2024-01-05,2.102,-0.0022
2024-01-08,2.1047,0.0013
2024-01-09,2.108,0.0016
2024-01-10,2.1149,0.0033
2024-01-11,2.1256,0.0051
2024-01-12,2.1219,-0.0017000000000000001
2024-01-15,2.1206,-0.0006
2024-01-16,2.1133,-0.0034000000000000002
2024-01-17,2.0898,-0.0111
2024-01-18,2.1116,0.0104
2024-01-19,2.1199,0.0039000000000000003
2024-01-22,2.0819,-0.0179
2024-01-23,2.1007,0.009000000000000001
2024-01-24,2.1453,0.0212
2024-01-25,2.1758,0.014199999999999999
2024-01-26,2.1616,-0.006500000000000001
2024-01-29,2.1615,0.0
2024-01-30,2.13,-0.0146
2024-01-31,2.0918,-0.0179
2024-02-01,2.1056,0.0066
2024-02-02,2.129,0.0111
2024-02-05,2.1213,-0.0036
2024-02-06,2.158,0.0173
2024-02-07,2.1728,0.0069
2024-02-08,2.1908,0.0083
2024-02-19,2.2007,0.0045000000000000005
2024-02-20,2.1933,-0.0034000000000000002
2024-02-21,2.1931,-0.0001
2024-02-22,2.2421,0.0223
2024-02-23,2.2332,-0.004
2024-02-26,2.227,-0.0028000000000000004
2024-02-27,2.2429,0.0070999999999999995
2024-02-28,2.2168,-0.0116
2024-02-29,2.2438,0.012199999999999999
2024-03-01,2.2733,0.0131
2024-03-04,2.2921,0.0083
2024-03-05,2.2534,-0.0169
2024-03-06,2.2738,0.0091
2024-03-07,2.2909,0.0075
2024-03-08,2.28,-0.0048
2024-03-11,2.264,-0.006999999999999999
2024-03-12,2.3069,0.0189
2024-03-13,2.3077,0.0003
2024-03-14,2.2832,-0.0106
2024-03-15,2.2632,-0.0088
2024-03-18,2.2886,0.011200000000000002
2024-03-19,2.2706,-0.0079
2024-03-20,2.3025,0.013999999999999999
2024-03-21,2.2986,-0.0017000000000000001
2024-03-22,2.3021,0.0015
2024-03-25,2.2997,-0.001
2024-03-26,2.2791,-0.009000000000000001
2024-03-27,2.262,-0.0075
2024-03-28,2.2668,0.0021
2024-03-29,2.2667,0.0
2024-04-01,2.2901,0.0103
2024-04-02,2.276,-0.0062
2024-04-03,2.2804,0.0019
2024-04-08,2.2832,0.0012
2024-04-09,2.2987,0.0068000000000000005
2024-04-10,2.2998,0.0005
2024-04-11,2.3203,0.0089
2024-04-12,2.2704,-0.0215
2024-04-15,2.2432,-0.012
2024-04-16,2.227,-0.0072
2024-04-17,2.2244,-0.0012
2024-04-18,2.2196,-0.0022
2024-04-19,2.1877,-0.0144
2024-04-22,2.2124,0.0113
2024-04-23,2.2509,0.0174
2024-04-24,2.2683,0.0077
2024-04-25,2.2586,-0.0043
2024-04-26,2.3213,0.0278
2024-04-29,2.3069,-0.0062
2024-04-30,2.2825,-0.0106
2024-05-06,2.3834,0.044199999999999996
2024-05-07,2.3602,-0.0097
2024-05-08,2.3475,-0.0054
2024-05-09,2.3624,0.0063
2024-05-10,2.3747,0.0052
2024-05-13,2.3855,0.0045000000000000005
2024-05-14,2.4063,0.0087
2024-05-15,2.4309,0.0102
2024-05-16,2.4386,0.0032
2024-05-17,2.4481,0.0039000000000000003
2024-05-20,2.4565,0.0034000000000000002
2024-05-21,2.4371,-0.0079
2024-05-22,2.4387,0.0007000000000000001
2024-05-23,2.4303,-0.0034000000000000002
2024-05-24,2.4499,0.008100000000000001
2024-05-27,2.4578,0.0032
2024-05-28,2.4636,0.0024
2024-05-29,2.4483,-0.0062
2024-05-30,2.4238,-0.01
2024-05-31,2.4105,-0.0055000000000000005
2024-06-03,2.4366,0.0108
2024-06-04,2.4407,0.0017000000000000001
2024-06-05,2.4726,0.0131
2024-06-06,2.4748,0.0009
2024-06-07,2.4624,-0.005
2024-06-11,2.4743,0.0048
2024-06-12,2.4919,0.0070999999999999995
2024-06-13,2.5038,0.0048
2024-06-14,2.4885,-0.0060999999999999995
2024-06-17,2.4882,-0.0001
2024-06-18,2.4732,-0.006
2024-06-19,2.4915,0.0074
2024-06-20,2.4751,-0.0066
2024-06-21,2.4527,-0.0091
2024-06-24,2.4288,-0.0097
2024-06-25,2.4558,0.0111
2024-06-26,2.4615,0.0023
2024-06-27,2.4364,-0.0102
2024-06-28,2.4315,-0.002
2024-06-30,2.4312,-0.0001
2024-07-01,2.4355,0.0018
2024-07-02,2.4518,0.0067
2024-07-03,2.4969,0.0184
2024-07-04,2.5054,0.0034000000000000002
2024-07-05,2.5073,0.0008
2024-07-08,2.4894,-0.0070999999999999995
2024-07-09,2.5103,0.0084
2024-07-10,2.5256,0.0060999999999999995
2024-07-11,2.5096,-0.0063
2024-07-12,2.5237,0.005600000000000001
2024-07-15,2.5054,-0.0073
2024-07-16,2.4877,-0.0070999999999999995
2024-07-17,2.416,-0.0288
2024-07-18,2.4121,-0.0016
2024-07-19,2.3849,-0.0113
2024-07-22,2.4257,0.0171
2024-07-23,2.4089,-0.0069
2024-07-24,2.3534,-0.023
2024-07-25,2.3265,-0.011399999999999999
2024-07-26,2.333,0.0028000000000000004
2024-07-29,2.3362,0.0014000000000000002
2024-07-30,2.3024,-0.014499999999999999
2024-07-31,2.3615,0.025699999999999997
2024-08-01,2.3299,-0.0134
2024-08-02,2.2942,-0.015300000000000001
2024-08-05,2.2468,-0.0207
2024-08-06,2.288,0.0183
2024-08-07,2.2952,0.0031
2024-08-08,2.3442,0.0213
2024-08-09,2.3555,0.0048
2024-08-12,2.3693,0.0059
2024-08-13,2.405,0.0151
2024-08-14,2.3933,-0.0049
2024-08-15,2.4134,0.0084
2024-08-16,2.4302,0.006999999999999999
2024-08-19,2.4447,0.006
2024-08-20,2.4112,-0.0137
2024-08-21,2.4233,0.005
2024-08-22,2.4081,-0.0063
2024-08-23,2.4127,0.0019
2024-08-26,2.3332,-0.033
2024-08-27,2.3302,-0.0013
2024-08-28,2.2781,-0.022400000000000003
2024-08-29,2.2916,0.0059
2024-08-30,2.306,0.0063
2024-09-02,2.2926,-0.0058
2024-09-03,2.2616,-0.013500000000000002
2024-09-04,2.2379,-0.0105
2024-09-05,2.2409,0.0013
2024-09-06,2.2071,-0.0151
2024-09-09,2.2095,0.0011
2024-09-10,2.2232,0.0062
2024-09-11,2.2527,0.013300000000000001
2024-09-12,2.275,0.009899999999999999
2024-09-13,2.2738,-0.0005
2024-09-18,2.2738,0.0
2024-09-19,2.335,0.0269
2024-09-20,2.3219,-0.005600000000000001
2024-09-23,2.3252,0.0014000000000000002
2024-09-24,2.4011,0.0326
2024-09-25,2.3936,-0.0031
2024-09-26,2.471,0.0323
2024-09-27,2.5041,0.0134
2024-09-30,2.5481,0.0176
2024-10-08,2.6148,0.0262
2024-10-09,2.5845,-0.0116
2024-10-10,2.6,0.006
2024-10-11,2.6158,0.0060999999999999995
2024-10-14,2.5983,-0.0067
2024-10-15,2.5306,-0.026099999999999998
2024-10-16,2.5397,0.0036
2024-10-17,2.5362,-0.0014000000000000002
2024-10-18,2.574,0.0149
2024-10-21,2.5547,-0.0075
2024-10-22,2.5722,0.0069
2024-10-23,2.5522,-0.0078000000000000005
2024-10-24,2.537,-0.006
2024-10-25,2.5501,0.0052
2024-10-28,2.5629,0.005
2024-10-29,2.5754,0.0049
2024-10-30,2.5511,-0.009399999999999999
2024-10-31,2.5011,-0.0196
2024-11-01,2.5071,0.0024
2024-11-04,2.5133,0.0025
2024-11-05,2.5388,0.0101
2024-11-06,2.5342,-0.0018
2024-11-07,2.6233,0.0352
2024-11-08,2.5725,-0.0194
2024-11-11,2.5858,0.0052
2024-11-12,2.5494,-0.0141
2024-11-13,2.5354,-0.0055000000000000005
2024-11-14,2.511,-0.0096
2024-11-15,2.5004,-0.0042
2024-11-18,2.5208,0.008199999999999999
2024-11-19,2.5389,0.0072
2024-11-20,2.5408,0.0007000000000000001
2024-11-21,2.509,-0.0125
2024-11-22,2.4835,-0.0102
2024-11-25,2.4833,-0.0001
2024-11-26,2.4801,-0.0013
2024-11-27,2.4946,0.0058
2024-11-28,2.4793,-0.0060999999999999995
2024-11-29,2.4958,0.0067
2024-12-02,2.5307,0.013999999999999999
2024-12-03,2.5627,0.0126
2024-12-04,2.5771,0.005600000000000001
2024-12-05,2.5755,-0.0006
2024-12-06,2.6033,0.0108
2024-12-09,2.656,0.0202
2024-12-10,2.6254,-0.0115
2024-12-11,2.6498,0.009300000000000001
2024-12-12,2.6501,0.0001
2024-12-13,2.6339,-0.0060999999999999995
2024-12-16,2.6368,0.0011
2024-12-17,2.6301,-0.0025
2024-12-18,2.5844,-0.0174
2024-12-19,2.5879,0.0014000000000000002
2024-12-20,2.5963,0.0032
2024-12-23,2.6243,0.0108
2024-12-24,2.645,0.0079
2024-12-25,2.6443,-0.0003
2024-12-26,2.6355,-0.0033
2024-12-27,2.6121,-0.0089
2024-12-30,2.5882,-0.0091
2024-12-31,2.5671,-0.008199999999999999
2025-01-02,2.5486,-0.0072
2025-01-03,2.5828,0.0134
2025-01-06,2.6187,0.0139
2025-01-07,2.5651,-0.020499999999999997
2025-01-08,2.54,-0.0098
2025-01-09,2.555,0.0059
2025-01-10,2.5381,-0.0066
2025-01-13,2.5265,-0.0046
2025-01-14,2.5339,0.0029
2025-01-15,2.589,0.0217
2025-01-16,2.5861,-0.0011
2025-01-17,2.6208,0.0134
2025-01-20,2.6293,0.0032
2025-01-21,2.6444,0.005699999999999999
2025-01-22,2.6454,0.0004
2025-01-23,2.6494,0.0015
2025-01-24,2.6741,0.009300000000000001
2025-01-27,2.609,-0.024300000000000002
2025-02-05,2.6789,0.0268
2025-02-06,2.7132,0.0128
2025-02-07,2.7121,-0.0004
2025-02-10,2.7606,0.0179
2025-02-11,2.7322,-0.0103
2025-02-12,2.7739,0.015300000000000001
2025-02-13,2.7863,0.0045000000000000005
2025-02-14,2.8524,0.023700000000000002
2025-02-17,2.8539,0.0005
2025-02-18,2.859,0.0018
2025-02-19,2.8512,-0.0027
2025-02-20,2.8213,-0.0105
2025-02-21,2.8524,0.011000000000000001
2025-02-24,2.7901,-0.0218
2025-02-25,2.7268,-0.0227
2025-02-26,2.7701,0.0159
2025-02-27,2.7123,-0.0209
2025-02-28,2.695,-0.0064
2025-03-03,2.658,-0.0137
2025-03-04,2.6774,0.0073
2025-03-05,2.7587,0.0304
2025-03-06,2.7736,0.0054
2025-03-07,2.7615,-0.0044
2025-03-10,2.6737,-0.0318
2025-03-11,2.6863,0.004699999999999999
2025-03-12,2.6872,0.0003
2025-03-13,2.6443,-0.016
2025-03-14,2.704,0.0226
2025-03-17,2.7116,0.0028000000000000004
2025-03-18,2.6948,-0.0062
2025-03-19,2.7106,0.0059
2025-03-20,2.698,-0.0046
2025-03-21,2.6834,-0.0054
2025-03-24,2.747,0.023700000000000002
2025-03-25,2.721,-0.0095
2025-03-26,2.6972,-0.0087
2025-03-27,2.6886,-0.0032
2025-03-28,2.6311,-0.021400000000000002
2025-03-31,2.6194,-0.0044
2025-04-01,2.6655,0.0176
2025-04-02,2.6802,0.0055000000000000005
2025-04-03,2.5762,-0.0388
2025-04-07,2.3276,-0.0965
2025-04-08,2.2975,-0.0129
2025-04-09,2.4137,0.0506
2025-04-10,2.3744,-0.0163
2025-04-11,2.4187,0.0187
2025-04-14,2.466,0.0196
2025-04-15,2.4594,-0.0027
2025-04-16,2.3932,-0.0269
2025-04-17,2.4011,0.0033
2025-04-18,2.4005,-0.0002
2025-04-21,2.3849,-0.006500000000000001
2025-04-22,2.4375,0.022099999999999998
2025-04-23,2.5025,0.026699999999999998
2025-04-24,2.5289,0.0105
2025-04-25,2.5499,0.0083
2025-04-28,2.5508,0.0004
2025-04-29,2.589,0.015
2025-04-30,2.5967,0.003
2025-05-06,2.6831,0.0333
2025-05-07,2.665,-0.0067
2025-05-08,2.6826,0.0066
2025-05-09,2.673,-0.0036
2025-05-12,2.7641,0.0341
2025-05-13,2.7738,0.0034999999999999996
2025-05-14,2.8215,0.0172
2025-05-15,2.7946,-0.0095
2025-05-16,2.7933,-0.0005
2025-05-19,2.792,-0.0005
2025-05-20,2.785,-0.0025
2025-05-21,2.785,0.0
2025-05-22,2.7802,-0.0017000000000000001
2025-05-23,2.7884,0.0029
2025-05-26,2.7696,-0.0067
2025-05-27,2.7687,-0.0003
2025-05-28,2.7511,-0.0064
2025-05-29,2.764,0.004699999999999999
2025-05-30,2.746,-0.006500000000000001
2025-06-03,2.7791,0.0121
2025-06-04,2.8244,0.0163
2025-06-05,2.8344,0.0034999999999999996
2025-06-06,2.8417,0.0026
2025-06-09,2.8904,0.0171
2025-06-10,2.9194,0.01
2025-06-11,2.9235,0.0014000000000000002
2025-06-12,2.9413,0.0060999999999999995
2025-06-13,2.9068,-0.011699999999999999
2025-06-16,2.9384,0.0109
2025-06-17,2.9038,-0.0118
2025-06-18,2.9075,0.0013
2025-06-19,2.8864,-0.0073
2025-06-20,2.8759,-0.0036
2025-06-23,2.8855,0.0033
2025-06-24,2.9624,0.026699999999999998
2025-06-25,2.9495,-0.0044
2025-06-26,2.9713,0.0074
2025-06-27,2.9697,-0.0005
2025-06-30,2.9704,0.0002
2025-07-01,2.9521,-0.0062
2025-07-02,2.9621,0.0034000000000000002
2025-07-03,2.9765,0.0049
2025-07-04,2.974,-0.0008
2025-07-07,2.9695,-0.0015
2025-07-08,2.9895,0.0067
2025-07-09,2.992,0.0008
2025-07-10,3.0016,0.0032
2025-07-11,3.0012,-0.0001
2025-07-14,3.0078,0.0022
2025-07-15,3.0507,0.0143
2025-07-16,3.0604,0.0032
2025-07-17,3.0894,0.0095
2025-07-18,3.1106,0.0069
2025-07-21,3.1527,0.013500000000000002
2025-07-22,3.131,-0.0069
2025-07-23,3.1433,0.0039000000000000003
2025-07-24,3.1337,-0.0031
2025-07-25,3.1391,0.0017000000000000001
2025-07-28,3.1562,0.0054
2025-07-29,3.1668,0.0034000000000000002
2025-07-30,3.1322,-0.0109
2025-07-31,3.1375,0.0017000000000000001
2025-08-01,3.0773,-0.0192
2025-08-04,3.1411,0.0207
2025-08-05,3.144,0.0009
2025-08-06,3.1622,0.0058
2025-08-07,3.1833,0.0067
2025-08-08,3.2126,0.0092
2025-08-11,3.2222,0.003
2025-08-12,3.2408,0.0058
2025-08-13,3.2935,0.0163
2025-08-14,3.2728,-0.0063
2025-08-15,3.2845,0.0036
2025-08-18,3.3105,0.0079
2025-08-19,3.2543,-0.017
2025-08-20,3.2306,-0.0073
2025-08-21,3.2118,-0.0058
2025-08-22,3.2599,0.015
2025-08-25,3.2719,0.0037
2025-08-26,3.2797,0.0024
2025-08-27,3.2597,-0.0060999999999999995
2025-08-28,3.2855,0.0079
2025-08-29,3.2809,-0.0014000000000000002
2025-09-01,3.3175,0.011200000000000002
2025-09-02,3.2906,-0.008100000000000001
2025-09-03,3.3406,0.0152
2025-09-04,3.3018,-0.0116
2025-09-05,3.3591,0.0174
2025-09-08,3.3752,0.0048
2025-09-09,3.4082,0.0098
2025-09-10,3.5018,0.0275
2025-09-11,3.4954,-0.0018
2025-09-12,3.5206,0.0072
2025-09-15,3.5724,0.0147
2025-09-16,3.5911,0.0052
2025-09-17,3.6416,0.0141
2025-09-18,3.6284,-0.0036
2025-09-19,3.648,0.0054
2025-09-22,3.6709,0.0063
2025-09-23,3.6629,-0.0022
2025-09-24,3.6856,0.0062
2025-09-25,3.6703,-0.0042
2025-09-26,3.6394,-0.0084
2025-09-29,3.6805,0.0113
2025-09-30,3.7136,0.009000000000000001
2025-10-09,3.7772,0.0171
2025-10-10,3.6325,-0.0383
2025-10-13,3.6881,0.015300000000000001
2025-10-14,3.6167,-0.0194
2025-10-15,3.6962,0.022000000000000002
2025-10-16,3.688,-0.0022
2025-10-17,3.6119,-0.0206
2025-10-20,3.635,0.0064
2025-10-21,3.6072,-0.0076
2025-10-22,3.5775,-0.008199999999999999
2025-10-23,3.6373,0.0167
2025-10-24,3.7261,0.024399999999999998
2025-10-27,3.8113,0.0229
2025-10-28,3.7949,-0.0043
2025-10-29,3.8352,0.0106
2025-10-30,3.7855,-0.013000000000000001
2025-10-31,3.744,-0.011000000000000001
2025-11-03,3.7662,0.0059
2025-11-04,3.6758,-0.024
2025-11-05,3.712,0.0098
2025-11-06,3.7109,-0.0003
2025-11-07,3.6743,-0.009899999999999999
2025-11-10,3.7504,0.0207
2025-11-11,3.7092,-0.011000000000000001
2025-11-12,3.6974,-0.0032
2025-11-13,3.6183,-0.021400000000000002
2025-11-14,3.5958,-0.0062
2025-11-17,3.5882,-0.0021
2025-11-18,3.5465,-0.0116
2025-11-19,3.5684,0.0062
2025-11-20,3.5151,-0.0149
2025-11-21,3.4785,-0.0104
2025-11-24,3.6106,0.038
2025-11-25,3.6339,0.006500000000000001
2025-11-26,3.6503,0.0045000000000000005
2025-11-27,3.6324,-0.0049
2025-11-28,3.6403,0.0022
2025-12-01,3.6571,0.0046
2025-12-02,3.6665,0.0026
2025-12-03,3.6375,-0.0079
2025-12-04,3.6535,0.0044
2025-12-05,3.6741,0.005600000000000001
2025-12-08,3.7197,0.0124
2025-12-09,3.7584,0.0104
2025-12-10,3.7783,0.0053
2025-12-11,3.7292,-0.013000000000000001
2025-12-12,3.6867,-0.011399999999999999
2025-12-15,3.6272,-0.0161
2025-12-16,3.6119,-0.0042
2025-12-17,3.5919,-0.0055000000000000005
2025-12-18,3.6125,0.005699999999999999
2025-12-19,3.6429,0.0084
2025-12-22,3.6978,0.0151
2025-12-23,3.729,0.0084
2025-12-24,3.7333,0.0012
2025-12-25,3.7309,-0.0006
2025-12-26,3.7218,-0.0024
2025-12-29,3.673,-0.0131
2025-12-30,3.6791,0.0017000000000000001
2025-12-31,3.6719,-0.002
2026-01-05,3.8302,0.0431
2026-01-06,3.8793,0.0128
2026-01-07,3.8519,-0.0070999999999999995
2026-01-08,3.805,-0.012199999999999999
2026-01-09,3.8814,0.020099999999999996
2026-01-12,3.9438,0.0161
2026-01-13,3.9367,-0.0018
2026-01-14,3.9772,0.0103
2026-01-15,4.0122,0.0088
2026-01-16,4.0394,0.0068000000000000005
2026-01-19,3.9799,-0.0147
2026-01-20,3.9051,-0.018799999999999997
2026-01-21,3.9646,0.0152
2026-01-22,3.9712,0.0017000000000000001
2026-01-23,3.9826,0.0029
2026-01-26,3.9861,0.0009
2026-01-27,4.064,0.0195
2026-01-28,4.1466,0.0203
2026-01-29,4.0995,-0.011399999999999999
2026-01-30,4.0468,-0.0129
2026-02-02,3.9862,-0.015
2026-02-03,3.964,-0.005600000000000001
2026-02-04,3.8578,-0.0268
2026-02-05,3.8154,-0.011000000000000001
2026-02-06,3.8459,0.008
2026-02-09,3.9355,0.0233
2026-02-10,3.9422,0.0017000000000000001
2026-02-11,3.96,0.0045000000000000005
2026-02-12,3.8874,-0.0183
2026-02-13,3.8595,-0.0072
2026-02-24,3.8872,0.0072
2026-02-25,3.8862,-0.0003
2026-02-26,3.8007,-0.022000000000000002
2026-02-27,3.7885,-0.0032
2026-03-02,3.7375,-0.013500000000000002
2026-03-03,3.6439,-0.025
2026-03-04,3.6701,0.0072
2026-03-05,3.6465,-0.0064
2026-03-06,3.6368,-0.0027
2026-03-09,3.6702,0.0092
2026-03-10,3.7256,0.0151
2026-03-11,3.7221,-0.0009
2026-03-12,3.6586,-0.0171
2026-03-13,3.6745,0.0043
2026-03-16,3.7434,0.018799999999999997
2026-03-17,3.7697,0.006999999999999999
2026-03-18,3.7624,-0.0019
2026-03-19,3.7217,-0.0108
2026-03-20,3.6489,-0.0196
2026-03-23,3.6286,-0.005600000000000001
2026-03-24,3.7002,0.0197
2026-03-25,3.7658,0.0177
2026-03-26,3.6226,-0.038
2026-03-27,3.6095,-0.0036
2026-03-30,3.5487,-0.0168
2026-03-31,3.6098,0.0172
2026-04-01,3.7262,0.0322
2026-04-02,3.7236,-0.0007000000000000001
2026-04-03,3.7457,0.0059
2026-04-07,3.8147,0.0184
2026-04-08,4.0049,0.0499
2026-04-09,4.0128,0.002
2026-04-10,4.0663,0.013300000000000001
2026-04-13,4.1008,0.0085
2026-04-14,4.2187,0.0288
2026-04-15,4.2319,0.0031
2026-04-16,4.2928,0.0144
2026-04-17,4.3552,0.014499999999999999
2026-04-20,4.3456,-0.0022
2026-04-21,4.395,0.011399999999999999
2026-04-22,4.487,0.0209
2026-04-23,4.4954,0.0019
2026-04-24,4.6801,0.041100000000000005
2026-04-27,4.6996,0.0042
2026-04-28,4.6247,-0.0159
2026-04-29,4.6713,0.0101
2026-04-30,4.7336,0.013300000000000001
2026-05-06,5.1322,0.0842
2026-05-07,5.1654,0.006500000000000001
2026-05-08,5.2278,0.0121
2026-05-11,5.3215,0.0179
2026-05-12,5.2583,-0.011899999999999999
2026-05-13,5.3439,0.0163
2026-05-14,5.3188,-0.004699999999999999
2026-05-15,5.1627,-0.029300000000000003
2026-05-18,5.1357,-0.0052
2026-05-19,5.0729,-0.012199999999999999
2026-05-20,5.1585,0.0169
2026-05-21,5.2234,0.0126
2026-05-22,5.3563,0.0254
2026-05-25,5.4335,0.0144
2026-05-26,5.6337,0.0368
2026-05-27,5.6659,0.005699999999999999
2026-05-28,5.7497,0.0148
2026-05-29,5.7501,0.0001
2026-06-01,5.8149,0.0113
2026-06-02,5.937,0.021
2026-06-03,5.9711,0.005699999999999999
2026-06-04,5.9427,-0.0048
2026-06-05,5.7642,-0.03
2026-06-08,5.6908,-0.0127
2026-06-09,5.8346,0.0253
2026-06-10,5.6889,-0.025
2026-06-11,5.7373,0.0085
2026-06-12,5.8407,0.018000000000000002
2026-06-15,6.1983,0.061200000000000004
2026-06-16,6.2361,0.0060999999999999995
2026-06-17,6.3983,0.026000000000000002
2026-06-18,6.5166,0.018500000000000003
2026-06-22,6.6541,0.021099999999999997
2026-06-23,6.2218,-0.065
2026-06-24,6.2906,0.0111
2026-06-25,6.561,0.043
2026-06-26,6.204,-0.054400000000000004
2026-06-29,6.2489,0.0072
2026-06-30,6.365,0.018600000000000002
2026-07-01,6.2085,-0.0246
2026-07-02,5.7862,-0.068
2026-07-03,5.845,0.0102
2026-07-06,5.8601,0.0026
2026-07-07,5.6971,-0.0278
2026-07-08,5.7803,0.0146
2026-07-09,5.8908,0.0191
2026-07-10,5.8339,-0.0097
2026-07-13,5.5579,-0.0473
2026-07-14,5.6692,0.02
2026-07-15,5.6955,0.0046
2026-07-16,5.5028,-0.0338
2026-07-17,5.2841,-0.0397
2026-07-20,5.3418,0.0109
2026-07-21,5.5828,0.0451
2026-07-22,5.4691,-0.0204
2026-07-23,5.5128,0.008
2026-07-24,5.2659,-0.044800000000000006
2026-07-27,5.2794,0.0026
2026-07-28,4.9969,-0.0535
2026-07-29,4.9628,-0.0068000000000000005
2026-07-30,5.0162,0.0108
2026-07-31,5.2547,0.0475
2026-08-03,5.2342,-0.0039000000000000003
