date,nav,ret
2002-10-23,1.0,0.0
2002-11-18,1.002,0.002
2002-11-19,1.002,0.0
2002-11-20,1.002,0.0
2002-11-21,1.002,0.0
2002-11-22,1.002,0.0
2002-11-25,1.002,0.0
2002-11-26,1.002,0.0
2002-11-27,1.002,0.0
2002-11-28,1.002,0.0
2002-11-29,1.002,0.0
2002-12-02,1.002,0.0
2002-12-03,1.002,0.0
2002-12-04,1.002,0.0
2002-12-05,1.003,0.000998
2002-12-06,1.003,0.0
2002-12-09,1.003,0.0
2002-12-10,1.003,0.0
2002-12-11,1.003,0.0
2002-12-12,1.003,0.0
2002-12-13,1.003,0.0
2002-12-16,1.003,0.0
2002-12-17,1.003,0.0
2002-12-18,1.003,0.0
2002-12-19,1.003,0.0
2002-12-20,1.004,0.000997
2002-12-23,1.004,0.0
2002-12-24,1.004,0.0
2002-12-25,1.004,0.0
2002-12-26,1.004,0.0
2002-12-27,1.004,0.0
2002-12-30,1.005,0.000996
2002-12-31,1.006,0.000995
2003-01-02,1.005,-0.000994
2003-01-03,1.005,0.0
2003-01-06,1.006,0.000995
2003-01-07,1.006,0.0
2003-01-08,1.006,0.0
2003-01-09,1.006,0.0
2003-01-10,1.007,0.000994
2003-01-13,1.007,0.0
2003-01-14,1.007,0.0
2003-01-15,1.008,0.000993
2003-01-16,1.008,0.0
2003-01-17,1.009,0.000992
2003-01-20,1.009,0.0
2003-01-21,1.009,0.0
2003-01-22,1.009,0.0
2003-01-23,1.009,0.0
2003-01-24,1.01,0.000991
2003-01-27,1.01,0.0
2003-01-28,1.01,0.0
2003-01-29,1.01,0.0
2003-02-10,1.011,0.00099
2003-02-11,1.011,0.0
2003-02-12,1.011,0.0
2003-02-13,1.011,0.0
2003-02-14,1.012,0.000989
2003-02-17,1.012,0.0
2003-02-18,1.012,0.0
2003-02-19,1.011,-0.000988
2003-02-20,1.011,0.0
2003-02-21,1.012,0.000989
2003-02-24,1.012,0.0
2003-02-25,1.012,0.0
2003-02-26,1.012,0.0
2003-02-27,1.012,0.0
2003-02-28,1.013,0.000988
2003-03-03,1.013,0.0
2003-03-04,1.014,0.000987
2003-03-05,1.014,0.0
2003-03-06,1.015,0.000986
2003-03-07,1.015,0.0
2003-03-10,1.015,0.0
2003-03-11,1.015,0.0
2003-03-12,1.015,0.0
2003-03-13,1.016,0.000985
2003-03-14,1.016,0.0
2003-03-17,1.016,0.0
2003-03-18,1.016,0.0
2003-03-19,1.017,0.000984
2003-03-20,1.017,0.0
2003-03-21,1.017,0.0
2003-03-24,1.017,0.0
2003-03-25,1.017,0.0
2003-03-26,1.018,0.000983
2003-03-27,1.019,0.000982
2003-03-28,1.019,0.0
2003-03-31,1.019,0.0
2003-04-01,1.019,0.0
2003-04-02,1.019,0.0
2003-04-03,1.019,0.0
2003-04-04,1.019,0.0
2003-04-07,1.019,0.0
2003-04-08,1.019,0.0
2003-04-09,1.02,0.000981
2003-04-10,1.021,0.00098
2003-04-11,1.022,0.000979
2003-04-14,1.023,0.000978
2003-04-15,1.023,0.0
2003-04-16,1.023,0.0
2003-04-17,1.022,-0.000978
2003-04-18,1.022,0.0
2003-04-21,1.022,0.0
2003-04-22,1.022,0.0
2003-04-23,1.022,0.0
2003-04-24,1.021,-0.000978
2003-04-25,1.021,0.0
2003-04-28,1.022,0.000979
2003-04-29,1.022,0.0
2003-04-30,1.023,0.000978
2003-05-12,1.023,0.0
2003-05-13,1.023,0.0
2003-05-14,1.024,0.000978
2003-05-15,1.026,0.001953
2003-05-16,1.026,0.0
2003-05-19,1.027,0.0009750000000000001
2003-05-20,1.027,0.0
2003-05-21,1.027,0.0
2003-05-22,1.027,0.0
2003-05-23,1.027,0.0
2003-05-26,1.027,0.0
2003-05-27,1.028,0.000974
2003-05-28,1.027,-0.000973
2003-05-29,1.028,0.000974
2003-05-30,1.027,-0.000973
2003-06-02,1.028,0.000974
2003-06-03,1.028,0.0
2003-06-04,1.028,0.0
2003-06-05,1.027,-0.000973
2003-06-06,1.027,0.0
2003-06-09,1.027,0.0
2003-06-10,1.027,0.0
2003-06-11,1.028,0.000974
2003-06-12,1.028,0.0
2003-06-13,1.028,0.0
2003-06-16,1.028,0.0
2003-06-17,1.027,-0.000973
2003-06-18,1.027,0.0
2003-06-19,1.027,0.0
2003-06-20,1.029,0.0019470000000000002
2003-06-23,1.028,-0.000972
2003-06-24,1.029,0.000973
2003-06-25,1.028,-0.000972
2003-06-26,1.028,0.0
2003-06-27,1.027,-0.000973
2003-06-30,1.028,0.000974
2003-07-01,1.028,0.0
2003-07-02,1.028,0.0
2003-07-03,1.029,0.000973
2003-07-04,1.029,0.0
2003-07-07,1.029,0.0
2003-07-08,1.03,0.000972
2003-07-09,1.03,0.0
2003-07-10,1.03,0.0
2003-07-11,1.031,0.0009710000000000001
2003-07-14,1.031,0.0
2003-07-15,1.031,0.0
2003-07-16,1.032,0.00097
2003-07-17,1.032,0.0
2003-07-18,1.031,-0.000969
2003-07-21,1.032,0.00097
2003-07-22,1.032,0.0
2003-07-23,1.032,0.0
2003-07-24,1.032,0.0
2003-07-25,1.032,0.0
2003-07-28,1.032,0.0
2003-07-29,1.032,0.0
2003-07-30,1.033,0.000969
2003-07-31,1.033,0.0
2003-08-01,1.033,0.0
2003-08-04,1.034,0.000968
2003-08-05,1.034,0.0
2003-08-06,1.034,0.0
2003-08-07,1.034,0.0
2003-08-08,1.034,0.0
2003-08-11,1.034,0.0
2003-08-12,1.034,0.0
2003-08-13,1.034,0.0
2003-08-14,1.033,-0.000967
2003-08-15,1.034,0.000968
2003-08-18,1.034,0.0
2003-08-19,1.034,0.0
2003-08-20,1.034,0.0
2003-08-21,1.034,0.0
2003-08-22,1.033,-0.000967
2003-08-25,1.032,-0.000968
2003-08-26,1.031,-0.000969
2003-08-27,1.032,0.00097
2003-08-28,1.032,0.0
2003-08-29,1.032,0.0
2003-09-01,1.033,0.000969
2003-09-02,1.033,0.0
2003-09-03,1.033,0.0
2003-09-04,1.033,0.0
2003-09-05,1.032,-0.000968
2003-09-08,1.032,0.0
2003-09-09,1.031,-0.000969
2003-09-10,1.031,0.0
2003-09-11,1.031,0.0
2003-09-12,1.031,0.0
2003-09-15,1.03,-0.00097
2003-09-16,1.03,0.0
2003-09-17,1.029,-0.0009710000000000001
2003-09-18,1.029,0.0
2003-09-19,1.029,0.0
2003-09-22,1.029,0.0
2003-09-23,1.027,-0.001944
2003-09-24,1.024,-0.0029210000000000004
2003-09-25,1.021,-0.00293
2003-09-26,1.021,0.0
2003-09-29,1.02,-0.000979
2003-09-30,1.021,0.00098
2003-10-08,1.021,0.0
2003-10-09,1.02,-0.000979
2003-10-10,1.02,0.0
2003-10-13,1.018,-0.001961
2003-10-14,1.018,0.0
2003-10-15,1.016,-0.001965
2003-10-16,1.014,-0.001969
2003-10-17,1.013,-0.000986
2003-10-20,1.011,-0.001974
2003-10-21,1.011,0.0
2003-10-22,1.014,0.002967
2003-10-23,1.014,0.0
2003-10-24,1.015,0.000986
2003-10-27,1.002,-0.000985
2003-10-28,1.001,-0.000998
2003-10-29,1.001,0.0
2003-10-30,1.001,0.0
2003-10-31,1.001,0.0
2003-11-03,1.002,0.000999
2003-11-04,1.004,0.001996
2003-11-05,1.005,0.000996
2003-11-06,1.005,0.0
2003-11-07,1.006,0.000995
2003-11-10,1.005,-0.000994
2003-11-11,1.005,0.0
2003-11-12,1.004,-0.000995
2003-11-13,1.004,0.0
2003-11-14,1.004,0.0
2003-11-17,1.004,0.0
2003-11-18,1.004,0.0
2003-11-19,1.005,0.000996
2003-11-20,1.005,0.0
2003-11-21,1.006,0.000995
2003-11-24,1.005,-0.000994
2003-11-25,1.005,0.0
2003-11-26,1.006,0.000995
2003-11-27,1.006,0.0
2003-11-28,1.006,0.0
2003-12-01,1.007,0.000994
2003-12-02,1.008,0.000993
2003-12-03,1.008,0.0
2003-12-04,1.008,0.0
2003-12-05,1.009,0.000992
2003-12-08,1.009,0.0
2003-12-09,1.009,0.0
2003-12-10,1.011,0.001982
2003-12-11,1.012,0.000989
2003-12-12,1.012,0.0
2003-12-15,1.012,0.0
2003-12-16,1.012,0.0
2003-12-17,1.012,0.0
2003-12-18,1.013,0.000988
2003-12-19,1.014,0.000987
2003-12-22,1.017,0.002959
2003-12-23,1.018,0.000983
2003-12-24,1.019,0.000982
2003-12-25,1.021,0.001963
2003-12-26,1.02,-0.000979
2003-12-29,1.02,0.0
2003-12-30,1.02,0.0
2003-12-31,1.021,0.00098
2004-01-02,1.02,-0.000979
2004-01-05,1.022,0.001961
2004-01-06,1.022,0.0
2004-01-07,1.021,-0.000978
2004-01-08,1.021,0.0
2004-01-09,1.02,-0.000979
2004-01-12,1.021,0.00098
2004-01-13,1.022,0.000979
2004-01-14,1.023,0.000978
2004-01-15,1.024,0.000978
2004-01-16,1.025,0.000977
2004-01-29,1.027,0.001951
2004-01-30,1.027,0.0
2004-02-02,1.028,0.000974
2004-02-03,1.03,0.001946
2004-02-04,1.031,0.0009710000000000001
2004-02-05,1.031,0.0
2004-02-06,1.032,0.00097
2004-02-09,1.033,0.000969
2004-02-10,1.033,0.0
2004-02-11,1.035,0.001936
2004-02-12,1.036,0.0009660000000000001
2004-02-13,1.036,0.0
2004-02-16,1.039,0.002896
2004-02-17,1.043,0.00385
2004-02-18,1.044,0.000959
2004-02-19,1.045,0.000958
2004-02-20,1.045,0.0
2004-02-23,1.041,-0.003828
2004-02-24,1.038,-0.002882
2004-02-25,1.035,-0.0028899999999999998
2004-02-26,1.036,0.0009660000000000001
2004-02-27,1.04,0.003861
2004-03-01,1.042,0.001923
2004-03-02,1.043,0.00096
2004-03-03,1.04,-0.002876
2004-03-04,1.041,0.000962
2004-03-05,1.042,0.000961
2004-03-08,1.041,-0.00096
2004-03-09,1.041,0.0
2004-03-10,1.043,0.001921
2004-03-11,1.046,0.002876
2004-03-12,1.047,0.000956
2004-03-15,1.051,0.00382
2004-03-16,1.051,0.0
2004-03-17,1.053,0.001903
2004-03-18,1.051,-0.001899
2004-03-19,1.052,0.000951
2004-03-22,1.052,0.0
2004-03-23,1.05,-0.001901
2004-03-24,1.05,0.0
2004-03-25,1.05,0.0
2004-03-26,1.051,0.000952
2004-03-29,1.032,-0.000951
2004-03-30,1.032,0.0
2004-03-31,1.035,0.0029070000000000003
2004-04-01,1.037,0.0019320000000000001
2004-04-02,1.041,0.0038569999999999998
2004-04-05,1.044,0.002882
2004-04-06,1.047,0.002874
2004-04-07,1.049,0.00191
2004-04-08,1.051,0.001907
2004-04-09,1.043,-0.007612
2004-04-12,1.041,-0.001918
2004-04-13,1.041,0.0
2004-04-14,1.032,-0.008646000000000001
2004-04-15,1.029,-0.0029070000000000003
2004-04-16,1.03,0.000972
2004-04-19,1.029,-0.0009710000000000001
2004-04-20,1.027,-0.001944
2004-04-21,1.024,-0.0029210000000000004
2004-04-22,1.023,-0.000977
2004-04-23,1.021,-0.001955
2004-04-26,1.021,0.0
2004-04-27,1.02,-0.000979
2004-04-28,1.017,-0.0029409999999999996
2004-04-29,1.008,-0.00885
2004-04-30,1.011,0.002976
2004-05-10,1.008,-0.002967
2004-05-11,1.007,-0.000992
2004-05-12,1.011,0.003972
2004-05-13,1.011,0.0
2004-05-14,1.009,-0.001978
2004-05-17,1.009,0.0
2004-05-18,1.009,0.0
2004-05-19,1.011,0.001982
2004-05-20,1.01,-0.000989
2004-05-21,1.012,0.00198
2004-05-24,1.011,-0.000988
2004-05-25,1.01,-0.000989
2004-05-26,1.01,0.0
2004-05-27,1.011,0.00099
2004-05-28,1.012,0.000989
2004-05-31,1.012,0.0
2004-06-01,1.014,0.001976
2004-06-02,1.013,-0.000986
2004-06-03,1.012,-0.000987
2004-06-04,1.011,-0.000988
2004-06-07,1.009,-0.001978
2004-06-08,1.007,-0.001982
2004-06-09,1.005,-0.001986
2004-06-10,1.005,0.0
2004-06-11,1.004,-0.000995
2004-06-14,1.002,-0.001992
2004-06-15,1.003,0.000998
2004-06-16,1.005,0.001994
2004-06-17,1.003,-0.00199
2004-06-18,1.002,-0.000997
2004-06-21,1.001,-0.000998
2004-06-22,1.003,0.001998
2004-06-23,1.003,0.0
2004-06-24,1.003,0.0
2004-06-25,1.001,-0.001994
2004-06-28,1.002,0.000999
2004-06-29,1.002,0.0
2004-06-30,1.004,0.001996
2004-07-01,1.005,0.000996
2004-07-02,1.006,0.000995
2004-07-05,1.006,0.0
2004-07-06,1.007,0.000994
2004-07-07,1.007,0.0
2004-07-08,1.007,0.0
2004-07-09,1.007,0.0
2004-07-12,1.006,-0.000993
2004-07-13,1.005,-0.000994
2004-07-14,1.005,0.0
2004-07-15,1.005,0.0
2004-07-16,1.007,0.00199
2004-07-19,1.006,-0.000993
2004-07-20,1.004,-0.001988
2004-07-21,1.003,-0.000996
2004-07-22,0.999,-0.003988
2004-07-23,0.999,0.0
2004-07-26,0.997,-0.002002
2004-07-27,0.996,-0.001003
2004-07-28,0.996,0.0
2004-07-29,0.998,0.0020080000000000002
2004-07-30,1.0,0.002004
2004-08-02,1.0,0.0
2004-08-03,1.0,0.0
2004-08-04,1.002,0.002
2004-08-05,1.001,-0.000998
2004-08-06,1.0,-0.000999
2004-08-09,1.0,0.0
2004-08-10,1.001,0.001
2004-08-11,0.999,-0.001998
2004-08-12,0.999,0.0
2004-08-13,0.999,0.0
2004-08-16,0.999,0.0
2004-08-17,1.0,0.001001
2004-08-18,1.001,0.001
2004-08-19,1.0,-0.000999
2004-08-20,1.0,0.0
2004-08-23,0.999,-0.001
2004-08-24,1.0,0.001001
2004-08-25,0.999,-0.001
2004-08-26,1.0,0.001001
2004-08-27,0.999,-0.001
2004-08-30,0.999,0.0
2004-08-31,0.999,0.0
2004-09-01,0.998,-0.001001
2004-09-02,0.998,0.0
2004-09-03,0.997,-0.001002
2004-09-06,0.997,0.0
2004-09-07,0.996,-0.001003
2004-09-08,0.996,0.0
2004-09-09,0.995,-0.0010040000000000001
2004-09-10,0.996,0.001005
2004-09-13,0.994,-0.0020080000000000002
2004-09-14,0.994,0.0
2004-09-15,0.997,0.0030180000000000003
2004-09-16,0.999,0.002006
2004-09-17,1.001,0.002002
2004-09-20,1.008,0.006993
2004-09-21,1.006,-0.001984
2004-09-22,1.005,-0.000994
2004-09-23,1.006,0.000995
2004-09-24,1.008,0.001988
2004-09-27,1.008,0.0
2004-09-28,1.009,0.000992
2004-09-29,1.008,-0.000991
2004-09-30,1.008,0.0
2004-10-08,1.008,0.0
2004-10-11,1.008,0.0
2004-10-12,1.006,-0.001984
2004-10-13,1.005,-0.000994
2004-10-14,1.003,-0.00199
2004-10-15,1.003,0.0
2004-10-18,1.004,0.000997
2004-10-19,1.004,0.0
2004-10-20,1.003,-0.000996
2004-10-21,1.001,-0.001994
2004-10-22,1.002,0.000999
2004-10-25,1.001,-0.000998
2004-10-26,0.998,-0.002997
2004-10-27,0.998,0.0
2004-10-28,1.0,0.002004
2004-10-29,0.997,-0.003
2004-11-01,0.996,-0.001003
2004-11-02,0.995,-0.0010040000000000001
2004-11-03,0.996,0.001005
2004-11-04,0.994,-0.0020080000000000002
2004-11-05,0.992,-0.002012
2004-11-08,0.992,0.0
2004-11-09,0.993,0.001008
2004-11-10,0.995,0.002014
2004-11-11,0.994,-0.001005
2004-11-12,0.993,-0.001006
2004-11-15,0.992,-0.001007
2004-11-16,0.993,0.001008
2004-11-17,0.992,-0.001007
2004-11-18,0.993,0.001008
2004-11-19,0.994,0.001007
2004-11-22,0.994,0.0
2004-11-23,0.995,0.001006
2004-11-24,0.995,0.0
2004-11-25,0.994,-0.001005
2004-11-26,0.994,0.0
2004-11-29,0.994,0.0
2004-11-30,0.994,0.0
2004-12-01,0.994,0.0
2004-12-02,0.993,-0.001006
2004-12-03,0.992,-0.001007
2004-12-06,0.992,0.0
2004-12-07,0.992,0.0
2004-12-08,0.991,-0.001008
2004-12-09,0.992,0.0010090000000000001
2004-12-10,0.991,-0.001008
2004-12-13,0.991,0.0
2004-12-14,0.991,0.0
2004-12-15,0.99,-0.0010090000000000001
2004-12-16,0.99,0.0
2004-12-17,0.989,-0.00101
2004-12-20,0.986,-0.003033
2004-12-21,0.985,-0.0010140000000000001
2004-12-22,0.985,0.0
2004-12-23,0.984,-0.001015
2004-12-24,0.983,-0.001016
2004-12-27,0.984,0.001017
2004-12-28,0.984,0.0
2004-12-29,0.984,0.0
2004-12-30,0.986,0.002033
2004-12-31,0.988,0.0020280000000000003
2005-01-04,0.985,-0.0030359999999999996
2005-01-05,0.985,0.0
2005-01-06,0.985,0.0
2005-01-07,0.986,0.001015
2005-01-10,0.988,0.0020280000000000003
2005-01-11,0.988,0.0
2005-01-12,0.988,0.0
2005-01-13,0.989,0.0010119999999999999
2005-01-14,0.989,0.0
2005-01-17,0.988,-0.001011
2005-01-18,0.987,-0.0010119999999999999
2005-01-19,0.987,0.0
2005-01-20,0.986,-0.001013
2005-01-21,0.988,0.0020280000000000003
2005-01-24,0.991,0.0030359999999999996
2005-01-25,0.992,0.0010090000000000001
2005-01-26,0.992,0.0
2005-01-27,0.992,0.0
2005-01-28,0.991,-0.001008
2005-01-31,0.992,0.0010090000000000001
2005-02-01,0.993,0.001008
2005-02-02,0.997,0.004028
2005-02-03,0.997,0.0
2005-02-04,1.0,0.003009
2005-02-16,1.003,0.003
2005-02-17,1.001,-0.001994
2005-02-18,1.001,0.0
2005-02-21,1.005,0.003996
2005-02-22,1.007,0.00199
2005-02-23,1.008,0.000993
2005-02-24,1.007,-0.000992
2005-02-25,1.008,0.000993
2005-02-28,1.005,-0.002976
2005-03-01,1.005,0.0
2005-03-02,1.002,-0.002985
2005-03-03,1.001,-0.000998
2005-03-04,1.0,-0.000999
2005-03-07,1.001,0.001
2005-03-08,1.003,0.001998
2005-03-09,1.003,0.0
2005-03-10,1.002,-0.000997
2005-03-11,1.003,0.000998
2005-03-14,1.003,0.0
2005-03-15,1.003,0.0
2005-03-16,1.002,-0.000997
2005-03-17,1.004,0.001996
2005-03-18,1.004,0.0
2005-03-21,1.005,0.000996
2005-03-22,1.005,0.0
2005-03-23,1.005,0.0
2005-03-24,1.005,0.0
2005-03-25,1.004,-0.000995
2005-03-28,1.005,0.000996
2005-03-29,1.005,0.0
2005-03-30,1.005,0.0
2005-03-31,1.005,0.0
2005-04-01,1.009,0.00398
2005-04-04,1.01,0.000991
2005-04-05,1.01,0.0
2005-04-06,1.014,0.00396
2005-04-07,1.017,0.002959
2005-04-08,1.019,0.001967
2005-04-11,1.019,0.0
2005-04-12,1.021,0.001963
2005-04-13,1.021,0.0
2005-04-14,1.021,0.0
2005-04-15,1.02,-0.000979
2005-04-18,1.019,-0.00098
2005-04-19,1.019,0.0
2005-04-20,1.017,-0.001963
2005-04-21,0.997,0.0
2005-04-22,0.997,0.0
2005-04-25,0.997,0.0
2005-04-26,0.997,0.0
2005-04-27,0.998,0.001003
2005-04-28,1.0,0.002004
2005-04-29,1.001,0.001
2005-05-09,1.0,-0.000999
2005-05-10,1.001,0.001
2005-05-11,1.0,-0.000999
2005-05-12,0.997,-0.003
2005-05-13,0.996,-0.001003
2005-05-16,0.995,-0.0010040000000000001
2005-05-17,0.996,0.001005
2005-05-18,0.996,0.0
2005-05-19,0.997,0.0010040000000000001
2005-05-20,0.998,0.001003
2005-05-23,0.996,-0.002004
2005-05-24,0.996,0.0
2005-05-25,0.997,0.0010040000000000001
2005-05-26,0.996,-0.001003
2005-05-27,0.994,-0.0020080000000000002
2005-05-30,0.994,0.0
2005-05-31,0.994,0.0
2005-06-01,0.993,-0.001006
2005-06-02,0.989,-0.004028
2005-06-03,0.989,0.0
2005-06-06,0.99,0.001011
2005-06-07,0.991,0.00101
2005-06-08,1.0,0.009082
2005-06-09,1.001,0.001
2005-06-10,0.998,-0.002997
2005-06-13,0.999,0.001002
2005-06-14,0.999,0.0
2005-06-15,0.999,0.0
2005-06-16,1.003,0.004004
2005-06-17,1.005,0.001994
2005-06-20,1.009,0.00398
2005-06-21,1.008,-0.000991
2005-06-22,1.011,0.002976
2005-06-23,1.011,0.0
2005-06-24,1.011,0.0
2005-06-27,1.013,0.001978
2005-06-28,1.012,-0.000987
2005-06-29,1.011,-0.000988
2005-06-30,1.012,0.000989
2005-07-01,1.01,-0.001976
2005-07-04,1.01,0.0
2005-07-05,1.011,0.00099
2005-07-06,1.011,0.0
2005-07-07,1.012,0.000989
2005-07-08,1.012,0.0
2005-07-11,1.013,0.000988
2005-07-12,1.015,0.001974
2005-07-13,1.015,0.0
2005-07-14,1.016,0.000985
2005-07-15,1.015,-0.000984
2005-07-18,1.016,0.000985
2005-07-19,1.015,-0.000984
2005-07-20,1.016,0.000985
2005-07-21,1.016,0.0
2005-07-22,1.019,0.002953
2005-07-25,1.021,0.001963
2005-07-26,1.022,0.000979
2005-07-27,1.023,0.000978
2005-07-28,1.024,0.000978
2005-07-29,1.024,0.0
2005-08-01,1.026,0.001953
2005-08-02,1.027,0.0009750000000000001
2005-08-03,1.028,0.000974
2005-08-04,1.028,0.0
2005-08-05,1.03,0.001946
2005-08-08,1.031,0.0009710000000000001
2005-08-09,1.031,0.0
2005-08-10,1.031,0.0
2005-08-11,1.032,0.00097
2005-08-12,1.031,-0.000969
2005-08-15,1.032,0.00097
2005-08-16,1.032,0.0
2005-08-17,1.032,0.0
2005-08-18,1.031,-0.000969
2005-08-19,1.031,0.0
2005-08-22,1.031,0.0
2005-08-23,1.032,0.00097
2005-08-24,1.032,0.0
2005-08-25,1.033,0.000969
2005-08-26,1.032,-0.000968
2005-08-29,1.031,-0.000969
2005-08-30,1.032,0.00097
2005-08-31,1.033,0.000969
2005-09-01,1.034,0.000968
2005-09-02,1.035,0.000967
2005-09-05,1.036,0.0009660000000000001
2005-09-06,1.036,0.0
2005-09-07,1.037,0.000965
2005-09-08,1.037,0.0
2005-09-09,1.037,0.0
2005-09-12,1.038,0.000964
2005-09-13,1.039,0.000963
2005-09-14,1.04,0.000962
2005-09-15,1.041,0.000962
2005-09-16,1.041,0.0
2005-09-19,1.041,0.0
2005-09-20,1.041,0.0
2005-09-21,1.04,-0.000961
2005-09-22,1.038,-0.001923
2005-09-23,1.038,0.0
2005-09-26,1.038,0.0
2005-09-27,1.037,-0.000963
2005-09-28,1.018,0.000964
2005-09-29,1.019,0.000982
2005-09-30,1.02,0.000981
2005-10-10,1.02,0.0
2005-10-11,1.02,0.0
2005-10-12,1.021,0.00098
2005-10-13,1.021,0.0
2005-10-14,1.021,0.0
2005-10-17,1.021,0.0
2005-10-18,1.021,0.0
2005-10-19,1.021,0.0
2005-10-20,1.021,0.0
2005-10-21,1.021,0.0
2005-10-24,1.022,0.000979
2005-10-25,1.021,-0.000978
2005-10-26,1.021,0.0
2005-10-27,1.021,0.0
2005-10-28,1.021,0.0
2005-10-31,1.021,0.0
2005-11-01,1.022,0.000979
2005-11-02,1.022,0.0
2005-11-03,1.022,0.0
2005-11-04,1.022,0.0
2005-11-07,1.022,0.0
2005-11-08,1.022,0.0
2005-11-09,1.022,0.0
2005-11-10,1.022,0.0
2005-11-11,1.022,0.0
2005-11-14,1.023,0.000978
2005-11-15,1.022,-0.000978
2005-11-16,1.022,0.0
2005-11-17,1.022,0.0
2005-11-18,1.023,0.000978
2005-11-21,1.023,0.0
2005-11-22,1.023,0.0
2005-11-23,1.023,0.0
2005-11-24,1.023,0.0
2005-11-25,1.024,0.000978
2005-11-28,1.024,0.0
2005-11-29,1.024,0.0
2005-11-30,1.024,0.0
2005-12-01,1.024,0.0
2005-12-02,1.025,0.000977
2005-12-05,1.025,0.0
2005-12-06,1.026,0.0009760000000000001
2005-12-07,1.028,0.001949
2005-12-08,1.028,0.0
2005-12-09,1.029,0.000973
2005-12-12,1.029,0.0
2005-12-13,1.029,0.0
2005-12-14,1.03,0.000972
2005-12-15,1.03,0.0
2005-12-16,1.032,0.0019420000000000001
2005-12-19,1.032,0.0
2005-12-20,1.032,0.0
2005-12-21,1.032,0.0
2005-12-22,1.033,0.000969
2005-12-23,1.034,0.000968
2005-12-26,1.035,0.000967
2005-12-27,1.015,0.0
2005-12-28,1.016,0.000985
2005-12-29,1.016,0.0
2005-12-30,1.016,0.0
2005-12-31,1.016,0.0
2006-01-04,1.022,0.005906
2006-01-05,1.024,0.001957
2006-01-06,1.026,0.001953
2006-01-09,1.027,0.0009750000000000001
2006-01-10,1.027,0.0
2006-01-11,1.029,0.0019470000000000002
2006-01-12,1.029,0.0
2006-01-13,1.03,0.000972
2006-01-16,1.03,0.0
2006-01-17,1.032,0.0019420000000000001
2006-01-18,1.034,0.001938
2006-01-19,1.035,0.000967
2006-01-20,1.035,0.0
2006-01-23,1.035,0.0
2006-01-24,1.036,0.0009660000000000001
2006-01-25,1.036,0.0
2006-02-06,1.037,0.000965
2006-02-07,1.038,0.000964
2006-02-08,1.038,0.0
2006-02-09,1.038,0.0
2006-02-10,1.04,0.0019270000000000001
2006-02-13,1.04,0.0
2006-02-14,1.04,0.0
2006-02-15,1.04,0.0
2006-02-16,1.039,-0.000962
2006-02-17,1.038,-0.000962
2006-02-20,1.042,0.0038540000000000002
2006-02-21,1.042,0.0
2006-02-22,1.042,0.0
2006-02-23,1.042,0.0
2006-02-24,1.042,0.0
2006-02-27,1.043,0.00096
2006-02-28,1.044,0.000959
2006-03-01,1.044,0.0
2006-03-02,1.044,0.0
2006-03-03,1.044,0.0
2006-03-06,1.045,0.000958
2006-03-07,1.044,-0.000957
2006-03-08,1.044,0.0
2006-03-09,1.044,0.0
2006-03-10,1.044,0.0
2006-03-13,1.044,0.0
2006-03-14,1.044,0.0
2006-03-15,1.045,0.000958
2006-03-16,1.046,0.000957
2006-03-17,1.046,0.0
2006-03-20,1.047,0.000956
2006-03-21,1.046,-0.000955
2006-03-22,1.046,0.0
2006-03-23,1.026,0.0
2006-03-24,1.026,0.0
2006-03-27,1.026,0.0
2006-03-28,1.026,0.0
2006-03-29,1.027,0.0009750000000000001
2006-03-30,1.028,0.000974
2006-03-31,1.031,0.002918
2006-04-03,1.033,0.0019
2006-04-04,1.034,0.000968
2006-04-05,1.034,0.0
2006-04-06,1.036,0.001934
2006-04-07,1.036,0.0
2006-04-10,1.036,0.0
2006-04-11,1.036,0.0
2006-04-12,1.036,0.0
2006-04-13,1.037,0.000965
2006-04-14,1.037,0.0
2006-04-17,1.037,0.0
2006-04-18,1.038,0.000964
2006-04-19,1.038,0.0
2006-04-20,1.038,0.0
2006-04-21,1.038,0.0
2006-04-24,1.038,0.0
2006-04-25,1.038,0.0
2006-04-26,1.038,0.0
2006-04-27,1.039,0.000963
2006-04-28,1.039,0.0
2006-05-08,1.041,0.001925
2006-05-09,1.043,0.001921
2006-05-10,1.044,0.000959
2006-05-11,1.045,0.000958
2006-05-12,1.047,0.001914
2006-05-15,1.054,0.006686
2006-05-16,1.051,-0.002846
2006-05-17,1.051,0.0
2006-05-18,1.051,0.0
2006-05-19,1.052,0.000951
2006-05-22,1.052,0.0
2006-05-23,1.051,-0.000951
2006-05-24,1.05,-0.000951
2006-05-25,1.05,0.0
2006-05-26,1.05,0.0
2006-05-29,1.051,0.000952
2006-05-30,1.052,0.000951
2006-05-31,1.052,0.0
2006-06-01,1.053,0.000951
2006-06-02,1.052,-0.00095
2006-06-05,1.052,0.0
2006-06-06,1.052,0.0
2006-06-07,1.051,-0.000951
2006-06-08,1.052,0.000951
2006-06-09,1.051,-0.000951
2006-06-12,1.051,0.0
2006-06-13,1.051,0.0
2006-06-14,1.031,0.0
2006-06-15,1.032,0.00097
2006-06-16,1.032,0.0
2006-06-19,1.032,0.0
2006-06-20,1.033,0.000969
2006-06-21,1.032,-0.000968
2006-06-22,1.032,0.0
2006-06-23,1.032,0.0
2006-06-26,1.033,0.000969
2006-06-27,1.033,0.0
2006-06-28,1.033,0.0
2006-06-29,1.034,0.000968
2006-06-30,1.035,0.000967
2006-07-03,1.035,0.0
2006-07-04,1.035,0.0
2006-07-05,1.034,-0.0009660000000000001
2006-07-06,1.036,0.001934
2006-07-07,1.036,0.0
2006-07-10,1.036,0.0
2006-07-11,1.036,0.0
2006-07-12,1.037,0.000965
2006-07-13,1.036,-0.000964
2006-07-14,1.036,0.0
2006-07-17,1.036,0.0
2006-07-18,1.035,-0.000965
2006-07-19,1.034,-0.0009660000000000001
2006-07-20,1.034,0.0
2006-07-21,1.035,0.000967
2006-07-24,1.035,0.0
2006-07-25,1.035,0.0
2006-07-26,1.035,0.0
2006-07-27,1.035,0.0
2006-07-28,1.035,0.0
2006-07-31,1.035,0.0
2006-08-01,1.034,-0.0009660000000000001
2006-08-02,1.034,0.0
2006-08-03,1.033,-0.000967
2006-08-04,1.034,0.000968
2006-08-07,1.034,0.0
2006-08-08,1.033,-0.000967
2006-08-09,1.034,0.000968
2006-08-10,1.034,0.0
2006-08-11,1.036,0.001934
2006-08-14,1.035,-0.000965
2006-08-15,1.036,0.0009660000000000001
2006-08-16,1.037,0.000965
2006-08-17,1.037,0.0
2006-08-18,1.037,0.0
2006-08-21,1.037,0.0
2006-08-22,1.038,0.000964
2006-08-23,1.038,0.0
2006-08-24,1.039,0.000963
2006-08-25,1.039,0.0
2006-08-28,1.04,0.000962
2006-08-29,1.04,0.0
2006-08-30,1.04,0.0
2006-08-31,1.04,0.0
2006-09-01,1.04,0.0
2006-09-04,1.04,0.0
2006-09-05,1.041,0.000962
2006-09-06,1.041,0.0
2006-09-07,1.041,0.0
2006-09-08,1.041,0.0
2006-09-11,1.041,0.0
2006-09-12,1.042,0.000961
2006-09-13,1.042,0.0
2006-09-14,1.042,0.0
2006-09-15,1.042,0.0
2006-09-18,1.043,0.00096
2006-09-19,1.043,0.0
2006-09-20,1.043,0.0
2006-09-21,1.043,0.0
2006-09-22,1.043,0.0
2006-09-25,1.043,0.0
2006-09-26,1.043,0.0
2006-09-27,1.023,0.0
2006-09-28,1.024,0.000978
2006-09-29,1.025,0.000977
2006-09-30,1.025,0.0
2006-10-09,1.025,0.0
2006-10-10,1.025,0.0
2006-10-11,1.025,0.0
2006-10-12,1.025,0.0
2006-10-13,1.025,0.0
2006-10-16,1.025,0.0
2006-10-17,1.025,0.0
2006-10-18,1.026,0.0009760000000000001
2006-10-19,1.026,0.0
2006-10-20,1.027,0.0009750000000000001
2006-10-23,1.027,0.0
2006-10-24,1.028,0.000974
2006-10-25,1.028,0.0
2006-10-26,1.028,0.0
2006-10-27,1.028,0.0
2006-10-30,1.028,0.0
2006-10-31,1.028,0.0
2006-11-01,1.028,0.0
2006-11-02,1.029,0.000973
2006-11-03,1.03,0.000972
2006-11-06,1.031,0.0009710000000000001
2006-11-07,1.032,0.00097
2006-11-08,1.031,-0.000969
2006-11-09,1.032,0.00097
2006-11-10,1.032,0.0
2006-11-13,1.032,0.0
2006-11-14,1.032,0.0
2006-11-15,1.033,0.000969
2006-11-16,1.033,0.0
2006-11-17,1.034,0.000968
2006-11-20,1.034,0.0
2006-11-21,1.034,0.0
2006-11-22,1.034,0.0
2006-11-23,1.035,0.000967
2006-11-24,1.035,0.0
2006-11-27,1.035,0.0
2006-11-28,1.035,0.0
2006-11-29,1.035,0.0
2006-11-30,1.039,0.003865
2006-12-01,1.04,0.000962
2006-12-04,1.042,0.001923
2006-12-05,1.044,0.001919
2006-12-06,1.045,0.000958
2006-12-07,1.046,0.000957
2006-12-08,1.044,-0.001912
2006-12-11,1.047,0.002874
2006-12-12,1.052,0.004776
2006-12-13,1.053,0.000951
2006-12-14,1.054,0.00095
2006-12-15,1.055,0.000949
2006-12-18,1.056,0.000948
2006-12-19,1.056,0.0
2006-12-20,1.057,0.000947
2006-12-21,1.057,0.0
2006-12-22,1.057,0.0
2006-12-25,1.056,-0.000946
2006-12-26,1.055,-0.000947
2006-12-27,1.036,0.000948
2006-12-28,1.035,-0.000965
2006-12-29,1.039,0.003865
2006-12-31,1.039,0.0
2007-01-04,1.041,0.001925
2007-01-05,1.044,0.002882
2007-01-08,1.047,0.002874
2007-01-09,1.049,0.00191
2007-01-10,1.053,0.0038129999999999995
2007-01-11,1.053,0.0
2007-01-12,1.051,-0.001899
2007-01-15,1.055,0.003806
2007-01-16,1.058,0.0028439999999999997
2007-01-17,1.055,-0.002836
2007-01-18,1.056,0.000948
2007-01-19,1.062,0.005682
2007-01-22,1.069,0.0065910000000000005
2007-01-23,1.069,0.0
2007-01-24,1.072,0.0028060000000000003
2007-01-25,1.07,-0.0018659999999999998
2007-01-26,1.071,0.000935
2007-01-29,1.074,0.002801
2007-01-30,1.073,-0.000931
2007-01-31,1.07,-0.0027960000000000003
2007-02-01,1.069,-0.000935
2007-02-02,1.068,-0.000935
2007-02-05,1.068,0.0
2007-02-06,1.068,0.0
2007-02-07,1.069,0.000936
2007-02-08,1.07,0.000935
2007-02-09,1.071,0.000935
2007-02-12,1.074,0.002801
2007-02-13,1.077,0.002793
2007-02-14,1.081,0.0037140000000000003
2007-02-15,1.083,0.00185
2007-02-16,1.083,0.0
2007-02-26,1.085,0.0018470000000000001
2007-02-27,1.08,-0.004608
2007-02-28,1.082,0.0018520000000000001
2007-03-01,1.08,-0.0018479999999999998
2007-03-02,1.083,0.002778
2007-03-05,1.082,-0.0009229999999999999
2007-03-06,1.082,0.0
2007-03-07,1.043,0.0009239999999999999
2007-03-08,1.044,0.000959
2007-03-09,1.044,0.0
2007-03-12,1.045,0.000958
2007-03-13,1.046,0.000957
2007-03-14,1.047,0.000956
2007-03-15,1.048,0.000955
2007-03-16,1.047,-0.000954
2007-03-19,1.047,0.0
2007-03-20,1.047,0.0
2007-03-21,1.048,0.000955
2007-03-22,1.049,0.000954
2007-03-23,1.049,0.0
2007-03-26,1.05,0.000953
2007-03-27,1.051,0.000952
2007-03-28,1.051,0.0
2007-03-29,1.051,0.0
2007-03-30,1.05,-0.000951
2007-03-31,1.05,0.0
2007-04-02,1.051,0.000952
2007-04-03,1.051,0.0
2007-04-04,1.052,0.000951
2007-04-05,1.053,0.000951
2007-04-06,1.054,0.00095
2007-04-09,1.057,0.002846
2007-04-10,1.058,0.000946
2007-04-11,1.059,0.000945
2007-04-12,1.06,0.000944
2007-04-13,1.06,0.0
2007-04-16,1.061,0.0009429999999999999
2007-04-17,1.063,0.001885
2007-04-18,1.065,0.0018809999999999999
2007-04-19,1.063,-0.001878
2007-04-20,1.065,0.0018809999999999999
2007-04-23,1.068,0.002817
2007-04-24,1.069,0.000936
2007-04-25,1.068,-0.000935
2007-04-26,1.069,0.000936
2007-04-27,1.07,0.000935
2007-04-30,1.071,0.000935
2007-05-08,1.072,0.0009339999999999999
2007-05-09,1.073,0.0009329999999999999
2007-05-10,1.074,0.0009320000000000001
2007-05-11,1.074,0.0
2007-05-14,1.074,0.0
2007-05-15,1.073,-0.000931
2007-05-16,1.073,0.0
2007-05-17,1.075,0.0018640000000000002
2007-05-18,1.075,0.0
2007-05-21,1.075,0.0
2007-05-22,1.075,0.0
2007-05-23,1.076,0.0009299999999999999
2007-05-24,1.077,0.0009289999999999999
2007-05-25,1.078,0.0009289999999999999
2007-05-28,1.08,0.0018549999999999999
2007-05-29,1.081,0.0009260000000000001
2007-05-30,1.078,-0.002775
2007-05-31,1.078,0.0
2007-06-01,1.074,-0.003711
2007-06-04,1.069,-0.004655
2007-06-05,1.069,0.0
2007-06-06,1.071,0.0018709999999999998
2007-06-07,1.072,0.0009339999999999999
2007-06-08,1.072,0.0
2007-06-11,1.073,0.0009329999999999999
2007-06-12,1.074,0.0009320000000000001
2007-06-13,1.076,0.001862
2007-06-14,1.076,0.0
2007-06-15,1.076,0.0
2007-06-18,1.077,0.0009289999999999999
2007-06-19,1.076,-0.0009289999999999999
2007-06-20,1.076,0.0
2007-06-21,1.076,0.0
2007-06-22,1.075,-0.0009289999999999999
2007-06-25,1.075,0.0
2007-06-26,1.06,0.004651
2007-06-27,1.061,0.0009429999999999999
2007-06-28,1.06,-0.0009429999999999999
2007-06-29,1.059,-0.0009429999999999999
2007-06-30,1.059,0.0
2007-07-02,1.058,-0.000944
2007-07-03,1.059,0.000945
2007-07-04,1.058,-0.000944
2007-07-05,1.057,-0.000945
2007-07-06,1.059,0.001892
2007-07-09,1.059,0.0
2007-07-10,1.058,-0.000944
2007-07-11,1.058,0.0
2007-07-12,1.062,0.003781
2007-07-13,1.061,-0.000942
2007-07-16,1.061,0.0
2007-07-17,1.061,0.0
2007-07-18,1.062,0.0009429999999999999
2007-07-19,1.067,0.004708
2007-07-20,1.07,0.0028120000000000003
2007-07-23,1.072,0.001869
2007-07-24,1.073,0.0009329999999999999
2007-07-25,1.075,0.0018640000000000002
2007-07-26,1.075,0.0
2007-07-27,1.075,0.0
2007-07-30,1.076,0.0009299999999999999
2007-07-31,1.076,0.0
2007-08-01,1.076,0.0
2007-08-02,1.077,0.0009289999999999999
2007-08-03,1.078,0.0009289999999999999
2007-08-06,1.078,0.0
2007-08-07,1.078,0.0
2007-08-08,1.079,0.0009279999999999999
2007-08-09,1.079,0.0
2007-08-10,1.08,0.0009270000000000001
2007-08-13,1.082,0.0018520000000000001
2007-08-14,1.082,0.0
2007-08-15,1.082,0.0
2007-08-16,1.083,0.0009239999999999999
2007-08-17,1.084,0.0009229999999999999
2007-08-20,1.085,0.0009229999999999999
2007-08-21,1.085,0.0
2007-08-22,1.086,0.0009220000000000001
2007-08-23,1.086,0.0
2007-08-24,1.087,0.000921
2007-08-27,1.087,0.0
2007-08-28,1.087,0.0
2007-08-29,1.087,0.0
2007-08-30,1.088,0.00092
2007-08-31,1.088,0.0
2007-09-03,1.09,0.001838
2007-09-04,1.091,0.0009170000000000001
2007-09-05,1.092,0.0009170000000000001
2007-09-06,1.095,0.002747
2007-09-07,1.096,0.0009130000000000001
2007-09-10,1.098,0.001825
2007-09-11,1.099,0.000911
2007-09-12,1.099,0.0
2007-09-13,1.101,0.00182
2007-09-14,1.099,-0.001817
2007-09-17,1.102,0.0027300000000000002
2007-09-18,1.104,0.001815
2007-09-19,1.101,-0.002717
2007-09-20,1.102,0.0009080000000000001
2007-09-21,1.102,0.0
2007-09-24,1.102,0.0
2007-09-25,1.101,-0.000907
2007-09-26,1.101,0.0
2007-09-27,1.101,0.0
2007-09-28,1.109,0.007266
2007-09-30,1.109,0.0
2007-10-08,1.112,0.0027050000000000004
2007-10-09,1.129,0.015288
2007-10-10,1.115,0.005314
2007-10-11,1.121,0.005381
2007-10-12,1.126,0.00446
2007-10-15,1.126,0.0
2007-10-16,1.125,-0.000888
2007-10-17,1.123,-0.001778
2007-10-18,1.12,-0.002671
2007-10-19,1.121,0.000893
2007-10-22,1.117,-0.003568
2007-10-23,1.118,0.000895
2007-10-24,1.118,0.0
2007-10-25,1.116,-0.001789
2007-10-26,1.115,-0.000896
2007-10-29,1.116,0.000897
2007-10-30,1.119,0.002688
2007-10-31,1.12,0.0008939999999999999
2007-11-01,1.119,-0.000893
2007-11-02,1.117,-0.001787
2007-11-05,1.116,-0.000895
2007-11-06,1.115,-0.000896
2007-11-07,1.115,0.0
2007-11-08,1.113,-0.001794
2007-11-09,1.111,-0.001797
2007-11-12,1.108,-0.0027
2007-11-13,1.109,0.000903
2007-11-14,1.11,0.000902
2007-11-15,1.109,-0.000901
2007-11-16,1.109,0.0
2007-11-19,1.11,0.000902
2007-11-20,1.11,0.0
2007-11-21,1.11,0.0
2007-11-22,1.109,-0.000901
2007-11-23,1.109,0.0
2007-11-26,1.108,-0.000902
2007-11-27,1.108,0.0
2007-11-28,1.108,0.0
2007-11-29,1.109,0.000903
2007-11-30,1.108,-0.000902
2007-12-03,1.111,0.002708
2007-12-04,1.111,0.0
2007-12-05,1.113,0.0018
2007-12-06,1.113,0.0
2007-12-07,1.112,-0.000898
2007-12-10,1.113,0.000899
2007-12-11,1.114,0.000898
2007-12-12,1.116,0.001795
2007-12-13,1.115,-0.000896
2007-12-14,1.115,0.0
2007-12-17,1.114,-0.000897
2007-12-18,1.114,0.0
2007-12-19,1.119,0.004488
2007-12-20,1.12,0.0008939999999999999
2007-12-21,1.123,0.0026790000000000004
2007-12-24,1.124,0.00089
2007-12-25,1.129,0.004448
2007-12-26,1.13,0.000886
2007-12-27,1.131,0.0008849999999999999
2007-12-28,1.111,0.0
2007-12-29,1.111,0.0
2007-12-31,1.111,0.0
2008-01-02,1.112,0.0009
2008-01-03,1.112,0.0
2008-01-04,1.113,0.000899
2008-01-07,1.114,0.000898
2008-01-08,1.114,0.0
2008-01-09,1.116,0.001795
2008-01-10,1.116,0.0
2008-01-11,1.116,0.0
2008-01-14,1.117,0.000896
2008-01-15,1.117,0.0
2008-01-16,1.116,-0.000895
2008-01-17,1.114,-0.001792
2008-01-18,1.112,-0.001795
2008-01-21,1.111,-0.000899
2008-01-22,1.109,-0.0018
2008-01-23,1.111,0.001803
2008-01-24,1.111,0.0
2008-01-25,1.112,0.0009
2008-01-28,1.11,-0.001799
2008-01-29,1.11,0.0
2008-01-30,1.11,0.0
2008-01-31,1.11,0.0
2008-02-01,1.112,0.001802
2008-02-04,1.116,0.0035970000000000004
2008-02-05,1.115,-0.000896
2008-02-13,1.116,0.000897
2008-02-14,1.116,0.0
2008-02-15,1.116,0.0
2008-02-18,1.117,0.000896
2008-02-19,1.118,0.000895
2008-02-20,1.117,-0.0008939999999999999
2008-02-21,1.118,0.000895
2008-02-22,1.117,-0.0008939999999999999
2008-02-25,1.116,-0.000895
2008-02-26,1.116,0.0
2008-02-27,1.117,0.000896
2008-02-28,1.117,0.0
2008-02-29,1.117,0.0
2008-03-03,1.118,0.000895
2008-03-04,1.118,0.0
2008-03-05,1.117,-0.0008939999999999999
2008-03-06,1.118,0.000895
2008-03-07,1.117,-0.0008939999999999999
2008-03-10,1.116,-0.000895
2008-03-11,1.116,0.0
2008-03-12,1.115,-0.000896
2008-03-13,1.115,0.0
2008-03-14,1.115,0.0
2008-03-17,1.114,-0.000897
2008-03-18,1.113,-0.000898
2008-03-19,1.114,0.000898
2008-03-20,1.115,0.000898
2008-03-21,1.115,0.0
2008-03-24,1.115,0.0
2008-03-25,1.116,0.000897
2008-03-26,1.116,0.0
2008-03-27,1.116,0.0
2008-03-28,1.116,0.0
2008-03-31,1.116,0.0
2008-04-01,1.115,-0.000896
2008-04-02,1.115,0.0
2008-04-03,1.096,0.000897
2008-04-07,1.097,0.000912
2008-04-08,1.097,0.0
2008-04-09,1.096,-0.000912
2008-04-10,1.097,0.000912
2008-04-11,1.097,0.0
2008-04-14,1.097,0.0
2008-04-15,1.097,0.0
2008-04-16,1.097,0.0
2008-04-17,1.098,0.000912
2008-04-18,1.097,-0.000911
2008-04-21,1.098,0.000912
2008-04-22,1.098,0.0
2008-04-23,1.098,0.0
2008-04-24,1.099,0.000911
2008-04-25,1.1,0.00091
2008-04-28,1.1,0.0
2008-04-29,1.1,0.0
2008-04-30,1.1,0.0
2008-05-05,1.101,0.000909
2008-05-06,1.101,0.0
2008-05-07,1.1,-0.0009080000000000001
2008-05-08,1.1,0.0
2008-05-09,1.1,0.0
2008-05-12,1.101,0.000909
2008-05-13,1.101,0.0
2008-05-14,1.101,0.0
2008-05-15,1.101,0.0
2008-05-16,1.101,0.0
2008-05-19,1.101,0.0
2008-05-20,1.1,-0.0009080000000000001
2008-05-21,1.101,0.000909
2008-05-22,1.101,0.0
2008-05-23,1.101,0.0
2008-05-26,1.101,0.0
2008-05-27,1.101,0.0
2008-05-28,1.102,0.0009080000000000001
2008-05-29,1.102,0.0
2008-05-30,1.103,0.000907
2008-06-02,1.103,0.0
2008-06-03,1.103,0.0
2008-06-04,1.103,0.0
2008-06-05,1.103,0.0
2008-06-06,1.103,0.0
2008-06-10,1.101,-0.001813
2008-06-11,1.101,0.0
2008-06-12,1.101,0.0
2008-06-13,1.101,0.0
2008-06-16,1.101,0.0
2008-06-17,1.101,0.0
2008-06-18,1.101,0.0
2008-06-19,1.101,0.0
2008-06-20,1.101,0.0
2008-06-23,1.101,0.0
2008-06-24,1.101,0.0
2008-06-25,1.101,0.0
2008-06-26,1.101,0.0
2008-06-27,1.1,-0.0009080000000000001
2008-06-30,1.1,0.0
2008-07-01,1.1,0.0
2008-07-02,1.1,0.0
2008-07-03,1.1,0.0
2008-07-04,1.08,0.0
2008-07-07,1.08,0.0
2008-07-08,1.08,0.0
2008-07-09,1.081,0.0009260000000000001
2008-07-10,1.081,0.0
2008-07-11,1.081,0.0
2008-07-14,1.082,0.000925
2008-07-15,1.082,0.0
2008-07-16,1.082,0.0
2008-07-17,1.082,0.0
2008-07-18,1.082,0.0
2008-07-21,1.083,0.0009239999999999999
2008-07-22,1.083,0.0
2008-07-23,1.083,0.0
2008-07-24,1.083,0.0
2008-07-25,1.083,0.0
2008-07-28,1.083,0.0
2008-07-29,1.083,0.0
2008-07-30,1.083,0.0
2008-07-31,1.083,0.0
2008-08-01,1.082,-0.0009229999999999999
2008-08-04,1.082,0.0
2008-08-05,1.082,0.0
2008-08-06,1.082,0.0
2008-08-07,1.082,0.0
2008-08-08,1.083,0.0009239999999999999
2008-08-11,1.082,-0.0009229999999999999
2008-08-12,1.083,0.0009239999999999999
2008-08-13,1.084,0.0009229999999999999
2008-08-14,1.084,0.0
2008-08-15,1.084,0.0
2008-08-18,1.086,0.001845
2008-08-19,1.087,0.000921
2008-08-20,1.088,0.00092
2008-08-21,1.088,0.0
2008-08-22,1.088,0.0
2008-08-25,1.089,0.000919
2008-08-26,1.089,0.0
2008-08-27,1.089,0.0
2008-08-28,1.09,0.0009180000000000001
2008-08-29,1.091,0.0009170000000000001
2008-09-01,1.092,0.0009170000000000001
2008-09-02,1.093,0.000916
2008-09-03,1.093,0.0
2008-09-04,1.094,0.000915
2008-09-05,1.095,0.000914
2008-09-08,1.095,0.0
2008-09-09,1.096,0.0009130000000000001
2008-09-10,1.097,0.000912
2008-09-11,1.098,0.000912
2008-09-12,1.101,0.002732
2008-09-16,1.107,0.00545
2008-09-17,1.111,0.003613
2008-09-18,1.11,-0.0009
2008-09-19,1.109,-0.000901
2008-09-22,1.109,0.0
2008-09-23,1.11,0.000902
2008-09-24,1.112,0.001802
2008-09-25,1.114,0.001799
2008-09-26,1.113,-0.000898
2008-09-30,1.113,0.0
2008-10-06,1.115,0.001797
2008-10-07,1.105,0.008969
2008-10-08,1.115,0.00905
2008-10-09,1.124,0.008072000000000001
2008-10-10,1.126,0.001779
2008-10-13,1.125,-0.000888
2008-10-14,1.124,-0.000889
2008-10-15,1.126,0.001779
2008-10-16,1.128,0.001776
2008-10-17,1.127,-0.000887
2008-10-20,1.127,0.0
2008-10-21,1.127,0.0
2008-10-22,1.127,0.0
2008-10-23,1.127,0.0
2008-10-24,1.127,0.0
2008-10-27,1.127,0.0
2008-10-28,1.129,0.0017749999999999999
2008-10-29,1.132,0.002657
2008-10-30,1.134,0.001767
2008-10-31,1.134,0.0
2008-11-03,1.134,0.0
2008-11-04,1.135,0.000882
2008-11-05,1.135,0.0
2008-11-06,1.138,0.002643
2008-11-07,1.139,0.000879
2008-11-10,1.143,0.003512
2008-11-11,1.144,0.0008749999999999999
2008-11-12,1.148,0.003497
2008-11-13,1.153,0.004355
2008-11-14,1.149,-0.003469
2008-11-17,1.147,-0.0017410000000000001
2008-11-18,1.147,0.0
2008-11-19,1.142,-0.004359
2008-11-20,1.143,0.0008759999999999999
2008-11-21,1.144,0.0008749999999999999
2008-11-24,1.143,-0.0008740000000000001
2008-11-25,1.141,-0.0017499999999999998
2008-11-26,1.143,0.0017530000000000002
2008-11-27,1.149,0.005249
2008-11-28,1.147,-0.0017410000000000001
2008-12-01,1.147,0.0
2008-12-02,1.149,0.0017439999999999999
2008-12-03,1.152,0.002611
2008-12-04,1.154,0.0017360000000000001
2008-12-05,1.158,0.0034660000000000003
2008-12-08,1.158,0.0
2008-12-09,1.155,-0.002591
2008-12-10,1.157,0.001732
2008-12-11,1.159,0.001729
2008-12-12,1.161,0.001726
2008-12-15,1.162,0.000861
2008-12-16,1.144,0.001721
2008-12-17,1.149,0.004371
2008-12-18,1.153,0.003481
2008-12-19,1.156,0.0026019999999999997
2008-12-22,1.155,-0.0008649999999999999
2008-12-23,1.155,0.0
2008-12-24,1.155,0.0
2008-12-25,1.153,-0.001732
2008-12-26,1.152,-0.000867
2008-12-29,1.153,0.0008680000000000001
2008-12-30,1.153,0.0
2008-12-31,1.153,0.0
2009-01-05,1.157,0.003469
2009-01-06,1.158,0.0008640000000000001
2009-01-07,1.159,0.0008640000000000001
2009-01-08,1.16,0.000863
2009-01-09,1.161,0.000862
2009-01-12,1.161,0.0
2009-01-13,1.159,-0.0017230000000000001
2009-01-14,1.157,-0.001726
2009-01-15,1.152,-0.0043219999999999995
2009-01-16,1.149,-0.0026040000000000004
2009-01-19,1.148,-0.0008699999999999999
2009-01-20,1.144,-0.0034839999999999997
2009-01-21,1.142,-0.0017480000000000002
2009-01-22,1.146,0.003503
2009-01-23,1.147,0.0008730000000000001
2009-02-02,1.147,0.0
2009-02-03,1.144,-0.002616
2009-02-04,1.139,-0.004371
2009-02-05,1.136,-0.002634
2009-02-06,1.138,0.001761
2009-02-09,1.14,0.0017569999999999999
2009-02-10,1.14,0.0
2009-02-11,1.141,0.000877
2009-02-12,1.144,0.0026290000000000003
2009-02-13,1.145,0.0008740000000000001
2009-02-16,1.146,0.0008730000000000001
2009-02-17,1.143,-0.0026179999999999997
2009-02-18,1.144,0.0008749999999999999
2009-02-19,1.145,0.0008740000000000001
2009-02-20,1.146,0.0008730000000000001
2009-02-23,1.146,0.0
2009-02-24,1.147,0.0008730000000000001
2009-02-25,1.148,0.0008719999999999999
2009-02-26,1.149,0.0008709999999999999
2009-02-27,1.149,0.0
2009-03-02,1.148,-0.0008699999999999999
2009-03-03,1.148,0.0
2009-03-04,1.148,0.0
2009-03-05,1.148,0.0
2009-03-06,1.149,0.0008709999999999999
2009-03-09,1.149,0.0
2009-03-10,1.149,0.0
2009-03-11,1.15,0.0008699999999999999
2009-03-12,1.15,0.0
2009-03-13,1.15,0.0
2009-03-16,1.151,0.0008699999999999999
2009-03-17,1.151,0.0
2009-03-18,1.152,0.0008690000000000001
2009-03-19,1.152,0.0
2009-03-20,1.153,0.0008680000000000001
2009-03-23,1.152,-0.000867
2009-03-24,1.152,0.0
2009-03-25,1.151,-0.0008680000000000001
2009-03-26,1.151,0.0
2009-03-27,1.151,0.0
2009-03-30,1.151,0.0
2009-03-31,1.151,0.0
2009-04-01,1.152,0.0008690000000000001
2009-04-02,1.152,0.0
2009-04-03,1.131,-0.0008680000000000001
2009-04-07,1.129,-0.001768
2009-04-08,1.128,-0.000886
2009-04-09,1.128,0.0
2009-04-10,1.128,0.0
2009-04-13,1.127,-0.000887
2009-04-14,1.127,0.0
2009-04-15,1.127,0.0
2009-04-16,1.127,0.0
2009-04-17,1.128,0.000887
2009-04-20,1.129,0.000887
2009-04-21,1.129,0.0
2009-04-22,1.128,-0.000886
2009-04-23,1.128,0.0
2009-04-24,1.128,0.0
2009-04-27,1.127,-0.000887
2009-04-28,1.127,0.0
2009-04-29,1.129,0.0017749999999999999
2009-04-30,1.13,0.000886
2009-05-04,1.131,0.0008849999999999999
2009-05-05,1.132,0.000884
2009-05-06,1.132,0.0
2009-05-07,1.132,0.0
2009-05-08,1.133,0.000883
2009-05-11,1.133,0.0
2009-05-12,1.134,0.000883
2009-05-13,1.135,0.000882
2009-05-14,1.136,0.000881
2009-05-15,1.136,0.0
2009-05-18,1.137,0.0008799999999999999
2009-05-19,1.138,0.0008799999999999999
2009-05-20,1.139,0.000879
2009-05-21,1.138,-0.000878
2009-05-22,1.138,0.0
2009-05-25,1.137,-0.000879
2009-05-26,1.137,0.0
2009-05-27,1.138,0.0008799999999999999
2009-06-01,1.139,0.000879
2009-06-02,1.139,0.0
2009-06-03,1.14,0.000878
2009-06-04,1.139,-0.000877
2009-06-05,1.139,0.0
2009-06-08,1.138,-0.000878
2009-06-09,1.138,0.0
2009-06-10,1.139,0.000879
2009-06-11,1.138,-0.000878
2009-06-12,1.137,-0.000879
2009-06-15,1.136,-0.0008799999999999999
2009-06-16,1.136,0.0
2009-06-17,1.137,0.0008799999999999999
2009-06-18,1.138,0.0008799999999999999
2009-06-19,1.137,-0.000879
2009-06-22,1.137,0.0
2009-06-23,1.137,0.0
2009-06-24,1.139,0.001759
2009-06-25,1.139,0.0
2009-06-26,1.14,0.000878
2009-06-29,1.141,0.000877
2009-06-30,1.14,-0.0008759999999999999
2009-07-01,1.123,0.002632
2009-07-02,1.124,0.00089
2009-07-03,1.126,0.001779
2009-07-06,1.129,0.002664
2009-07-07,1.129,0.0
2009-07-08,1.129,0.0
2009-07-09,1.131,0.001771
2009-07-10,1.135,0.003537
2009-07-13,1.135,0.0
2009-07-14,1.137,0.001762
2009-07-15,1.138,0.0008799999999999999
2009-07-16,1.14,0.0017569999999999999
2009-07-17,1.141,0.000877
2009-07-20,1.146,0.004382
2009-07-21,1.143,-0.0026179999999999997
2009-07-22,1.144,0.0008749999999999999
2009-07-23,1.144,0.0
2009-07-24,1.144,0.0
2009-07-27,1.151,0.006119
2009-07-28,1.156,0.004344
2009-07-29,1.16,0.0034599999999999995
2009-07-30,1.161,0.000862
2009-07-31,1.166,0.004307
2009-08-03,1.168,0.0017150000000000002
2009-08-04,1.17,0.001712
2009-08-05,1.168,-0.001709
2009-08-06,1.162,-0.005137
2009-08-07,1.152,-0.008606
2009-08-10,1.15,-0.0017360000000000001
2009-08-11,1.15,0.0
2009-08-12,1.141,-0.007826
2009-08-13,1.144,0.0026290000000000003
2009-08-14,1.141,-0.0026219999999999998
2009-08-17,1.132,-0.007888
2009-08-18,1.136,0.003534
2009-08-19,1.128,-0.0070420000000000005
2009-08-20,1.133,0.004433
2009-08-21,1.135,0.0017649999999999999
2009-08-24,1.137,0.001762
2009-08-25,1.134,-0.0026390000000000003
2009-08-26,1.136,0.001764
2009-08-27,1.133,-0.002641
2009-08-28,1.126,-0.006178
2009-08-31,1.115,-0.009769
2009-09-01,1.114,-0.000897
2009-09-02,1.114,0.0
2009-09-03,1.122,0.007181
2009-09-04,1.122,0.0
2009-09-07,1.122,0.0
2009-09-08,1.124,0.0017829999999999999
2009-09-09,1.126,0.001779
2009-09-10,1.126,0.0
2009-09-11,1.127,0.000888
2009-09-14,1.13,0.002662
2009-09-15,1.131,0.0008849999999999999
2009-09-16,1.129,-0.001768
2009-09-17,1.131,0.001771
2009-09-18,1.128,-0.002653
2009-09-21,1.126,-0.001773
2009-09-22,1.122,-0.003552
2009-09-23,1.12,-0.0017829999999999999
2009-09-24,1.098,-0.001786
2009-09-25,1.097,-0.000911
2009-09-28,1.096,-0.000912
2009-09-29,1.095,-0.000912
2009-09-30,1.095,0.0
2009-10-09,1.099,0.003653
2009-10-12,1.098,-0.00091
2009-10-13,1.098,0.0
2009-10-14,1.102,0.003643
2009-10-15,1.102,0.0
2009-10-16,1.102,0.0
2009-10-19,1.104,0.001815
2009-10-20,1.105,0.000906
2009-10-21,1.106,0.000905
2009-10-22,1.106,0.0
2009-10-23,1.107,0.000904
2009-10-26,1.107,0.0
2009-10-27,1.105,-0.001807
2009-10-28,1.105,0.0
2009-10-29,1.101,-0.00362
2009-10-30,1.102,0.0009080000000000001
2009-11-02,1.103,0.000907
2009-11-03,1.105,0.001813
2009-11-04,1.106,0.000905
2009-11-05,1.108,0.001808
2009-11-06,1.109,0.000903
2009-11-09,1.109,0.0
2009-11-10,1.109,0.0
2009-11-11,1.109,0.0
2009-11-12,1.11,0.000902
2009-11-13,1.11,0.0
2009-11-16,1.111,0.000901
2009-11-17,1.111,0.0
2009-11-18,1.111,0.0
2009-11-19,1.112,0.0009
2009-11-20,1.113,0.000899
2009-11-23,1.113,0.0
2009-11-24,1.112,-0.000898
2009-11-25,1.113,0.000899
2009-11-26,1.111,-0.001797
2009-11-27,1.109,-0.0018
2009-11-30,1.113,0.0036070000000000004
2009-12-01,1.114,0.000898
2009-12-02,1.115,0.000898
2009-12-03,1.116,0.000897
2009-12-04,1.116,0.0
2009-12-07,1.117,0.000896
2009-12-08,1.117,0.0
2009-12-09,1.115,-0.001791
2009-12-10,1.116,0.000897
2009-12-11,1.117,0.000896
2009-12-14,1.117,0.0
2009-12-15,1.115,-0.001791
2009-12-16,1.116,0.000897
2009-12-17,1.113,-0.002688
2009-12-18,1.112,-0.000898
2009-12-21,1.112,0.0
2009-12-22,1.11,-0.001799
2009-12-23,1.09,0.0
2009-12-24,1.092,0.001835
2009-12-25,1.093,0.000916
2009-12-28,1.094,0.000915
2009-12-29,1.094,0.0
2009-12-30,1.095,0.000914
2009-12-31,1.097,0.0018260000000000001
2010-01-04,1.096,-0.000912
2010-01-05,1.096,0.0
2010-01-06,1.097,0.000912
2010-01-07,1.096,-0.000912
2010-01-08,1.097,0.000912
2010-01-11,1.097,0.0
2010-01-12,1.1,0.002735
2010-01-13,1.098,-0.001818
2010-01-14,1.101,0.002732
2010-01-15,1.102,0.0009080000000000001
2010-01-18,1.103,0.000907
2010-01-19,1.103,0.0
2010-01-20,1.102,-0.000907
2010-01-21,1.101,-0.000907
2010-01-22,1.099,-0.001817
2010-01-25,1.095,-0.00364
2010-01-26,1.092,-0.0027400000000000002
2010-01-27,1.093,0.000916
2010-01-28,1.095,0.00183
2010-01-29,1.094,-0.0009130000000000001
2010-02-01,1.094,0.0
2010-02-02,1.094,0.0
2010-02-03,1.094,0.0
2010-02-04,1.094,0.0
2010-02-05,1.094,0.0
2010-02-08,1.094,0.0
2010-02-09,1.094,0.0
2010-02-10,1.095,0.000914
2010-02-11,1.096,0.0009130000000000001
2010-02-12,1.097,0.000912
2010-02-22,1.097,0.0
2010-02-23,1.097,0.0
2010-02-24,1.099,0.001823
2010-02-25,1.1,0.00091
2010-02-26,1.101,0.000909
2010-03-01,1.102,0.0009080000000000001
2010-03-02,1.103,0.000907
2010-03-03,1.105,0.001813
2010-03-04,1.103,-0.00181
2010-03-05,1.105,0.001813
2010-03-08,1.106,0.000905
2010-03-09,1.106,0.0
2010-03-10,1.107,0.000904
2010-03-11,1.107,0.0
2010-03-12,1.108,0.000903
2010-03-15,1.106,-0.001805
2010-03-16,1.106,0.0
2010-03-17,1.107,0.000904
2010-03-18,1.107,0.0
2010-03-19,1.109,0.001807
2010-03-22,1.109,0.0
2010-03-23,1.11,0.000902
2010-03-24,1.111,0.000901
2010-03-25,1.111,0.0
2010-03-26,1.111,0.0
2010-03-29,1.091,0.0
2010-03-30,1.092,0.0009170000000000001
2010-03-31,1.092,0.0
2010-04-01,1.094,0.001832
2010-04-02,1.095,0.000914
2010-04-06,1.095,0.0
2010-04-07,1.095,0.0
2010-04-08,1.094,-0.0009130000000000001
2010-04-09,1.096,0.001828
2010-04-12,1.098,0.001825
2010-04-13,1.097,-0.000911
2010-04-14,1.097,0.0
2010-04-15,1.096,-0.000912
2010-04-16,1.096,0.0
2010-04-19,1.096,0.0
2010-04-20,1.096,0.0
2010-04-21,1.101,0.004562
2010-04-22,1.102,0.0009080000000000001
2010-04-23,1.102,0.0
2010-04-26,1.102,0.0
2010-04-27,1.101,-0.000907
2010-04-28,1.101,0.0
2010-04-29,1.1,-0.0009080000000000001
2010-04-30,1.1,0.0
2010-05-04,1.1,0.0
2010-05-05,1.102,0.001818
2010-05-06,1.101,-0.000907
2010-05-07,1.101,0.0
2010-05-10,1.099,-0.001817
2010-05-11,1.098,-0.00091
2010-05-12,1.097,-0.000911
2010-05-13,1.098,0.000912
2010-05-14,1.099,0.000911
2010-05-17,1.098,-0.00091
2010-05-18,1.099,0.000911
2010-05-19,1.101,0.00182
2010-05-20,1.1,-0.0009080000000000001
2010-05-21,1.102,0.001818
2010-05-24,1.103,0.000907
2010-05-25,1.102,-0.000907
2010-05-26,1.102,0.0
2010-05-27,1.103,0.000907
2010-05-28,1.103,0.0
2010-05-31,1.102,-0.000907
2010-06-01,1.1,-0.001815
2010-06-02,1.101,0.000909
2010-06-03,1.101,0.0
2010-06-04,1.102,0.0009080000000000001
2010-06-07,1.103,0.000907
2010-06-08,1.103,0.0
2010-06-09,1.104,0.000907
2010-06-10,1.104,0.0
2010-06-11,1.104,0.0
2010-06-17,1.103,-0.000906
2010-06-18,1.1,-0.00272
2010-06-21,1.101,0.000909
2010-06-22,1.101,0.0
2010-06-23,1.101,0.0
2010-06-24,1.101,0.0
2010-06-25,1.101,0.0
2010-06-28,1.101,0.0
2010-06-29,1.099,-0.001817
2010-06-30,1.1,0.00091
2010-07-01,1.1,0.0
2010-07-02,1.08,0.0
2010-07-05,1.08,0.0
2010-07-06,1.081,0.0009260000000000001
2010-07-07,1.082,0.000925
2010-07-08,1.083,0.0009239999999999999
2010-07-09,1.085,0.0018470000000000001
2010-07-12,1.085,0.0
2010-07-13,1.086,0.0009220000000000001
2010-07-14,1.086,0.0
2010-07-15,1.086,0.0
2010-07-16,1.086,0.0
2010-07-19,1.087,0.000921
2010-07-20,1.088,0.00092
2010-07-21,1.088,0.0
2010-07-22,1.088,0.0
2010-07-23,1.088,0.0
2010-07-26,1.088,0.0
2010-07-27,1.088,0.0
2010-07-28,1.089,0.000919
2010-07-29,1.089,0.0
2010-07-30,1.089,0.0
2010-08-02,1.09,0.0009180000000000001
2010-08-03,1.089,-0.0009170000000000001
2010-08-04,1.09,0.0009180000000000001
2010-08-05,1.09,0.0
2010-08-06,1.092,0.001835
2010-08-09,1.092,0.0
2010-08-10,1.09,-0.001832
2010-08-11,1.092,0.001835
2010-08-12,1.092,0.0
2010-08-13,1.093,0.000916
2010-08-16,1.095,0.00183
2010-08-17,1.095,0.0
2010-08-18,1.097,0.0018260000000000001
2010-08-19,1.099,0.001823
2010-08-20,1.099,0.0
2010-08-23,1.099,0.0
2010-08-24,1.1,0.00091
2010-08-25,1.099,-0.000909
2010-08-26,1.099,0.0
2010-08-27,1.099,0.0
2010-08-30,1.1,0.00091
2010-08-31,1.102,0.001818
2010-09-01,1.103,0.000907
2010-09-02,1.104,0.000907
2010-09-03,1.106,0.001812
2010-09-06,1.107,0.000904
2010-09-07,1.107,0.0
2010-09-08,1.109,0.001807
2010-09-09,1.108,-0.000902
2010-09-10,1.108,0.0
2010-09-13,1.107,-0.000903
2010-09-14,1.107,0.0
2010-09-15,1.106,-0.000903
2010-09-16,1.104,-0.001808
2010-09-17,1.104,0.0
2010-09-20,1.104,0.0
2010-09-21,1.103,-0.000906
2010-09-27,1.103,0.0
2010-09-28,1.103,0.0
2010-09-29,1.104,0.000907
2010-09-30,1.107,0.002717
2010-10-08,1.11,0.00271
2010-10-11,1.093,0.0027029999999999997
2010-10-12,1.095,0.00183
2010-10-13,1.096,0.0009130000000000001
2010-10-14,1.1,0.00365
2010-10-15,1.104,0.003636
2010-10-18,1.105,0.000906
2010-10-19,1.103,-0.00181
2010-10-20,1.1,-0.00272
2010-10-21,1.096,-0.003636
2010-10-22,1.097,0.000912
2010-10-25,1.101,0.003646
2010-10-26,1.101,0.0
2010-10-27,1.1,-0.0009080000000000001
2010-10-28,1.101,0.000909
2010-10-29,1.101,0.0
2010-11-01,1.104,0.002725
2010-11-02,1.104,0.0
2010-11-03,1.104,0.0
2010-11-04,1.105,0.000906
2010-11-05,1.106,0.000905
2010-11-08,1.106,0.0
2010-11-09,1.104,-0.001808
2010-11-10,1.103,-0.000906
2010-11-11,1.104,0.000907
2010-11-12,1.097,-0.006341
2010-11-15,1.099,0.001823
2010-11-16,1.096,-0.0027300000000000002
2010-11-17,1.095,-0.000912
2010-11-18,1.096,0.0009130000000000001
2010-11-19,1.097,0.000912
2010-11-22,1.095,-0.001823
2010-11-23,1.096,0.0009130000000000001
2010-11-24,1.095,-0.000912
2010-11-25,1.098,0.0027400000000000002
2010-11-26,1.099,0.000911
2010-11-29,1.099,0.0
2010-11-30,1.096,-0.0027300000000000002
2010-12-01,1.098,0.001825
2010-12-02,1.1,0.0018210000000000001
2010-12-03,1.098,-0.001818
2010-12-06,1.098,0.0
2010-12-07,1.099,0.000911
2010-12-08,1.098,-0.00091
2010-12-09,1.097,-0.000911
2010-12-10,1.099,0.001823
2010-12-13,1.103,0.00364
2010-12-14,1.104,0.000907
2010-12-15,1.104,0.0
2010-12-16,1.104,0.0
2010-12-17,1.105,0.000906
2010-12-20,1.104,-0.000905
2010-12-21,1.105,0.000906
2010-12-22,1.104,-0.000905
2010-12-23,1.102,-0.001812
2010-12-24,1.078,-0.00363
2010-12-27,1.074,-0.003711
2010-12-28,1.073,-0.000931
2010-12-29,1.075,0.0018640000000000002
2010-12-30,1.076,0.0009299999999999999
2010-12-31,1.079,0.002788
2011-01-04,1.083,0.003707
2011-01-05,1.083,0.0
2011-01-06,1.082,-0.0009229999999999999
2011-01-07,1.082,0.0
2011-01-10,1.081,-0.0009239999999999999
2011-01-11,1.079,-0.00185
2011-01-12,1.08,0.0009270000000000001
2011-01-13,1.08,0.0
2011-01-14,1.077,-0.002778
2011-01-17,1.072,-0.0046429999999999996
2011-01-18,1.07,-0.0018659999999999998
2011-01-19,1.07,0.0
2011-01-20,1.066,-0.003738
2011-01-21,1.065,-0.0009379999999999999
2011-01-24,1.063,-0.001878
2011-01-25,1.065,0.0018809999999999999
2011-01-26,1.066,0.000939
2011-01-27,1.066,0.0
2011-01-28,1.066,0.0
2011-01-31,1.067,0.0009379999999999999
2011-02-01,1.067,0.0
2011-02-09,1.065,-0.001874
2011-02-10,1.066,0.000939
2011-02-11,1.07,0.0037519999999999997
2011-02-14,1.072,0.001869
2011-02-15,1.072,0.0
2011-02-16,1.073,0.0009329999999999999
2011-02-17,1.073,0.0
2011-02-18,1.073,0.0
2011-02-21,1.074,0.0009320000000000001
2011-02-22,1.069,-0.004655
2011-02-23,1.07,0.000935
2011-02-24,1.07,0.0
2011-02-25,1.07,0.0
2011-02-28,1.071,0.000935
2011-03-01,1.071,0.0
2011-03-02,1.072,0.0009339999999999999
2011-03-03,1.072,0.0
2011-03-04,1.074,0.0018659999999999998
2011-03-07,1.076,0.001862
2011-03-08,1.076,0.0
2011-03-09,1.078,0.0018590000000000002
2011-03-10,1.079,0.0009279999999999999
2011-03-11,1.077,-0.0018540000000000002
2011-03-14,1.077,0.0
2011-03-15,1.076,-0.0009289999999999999
2011-03-16,1.077,0.0009289999999999999
2011-03-17,1.075,-0.0018570000000000001
2011-03-18,1.075,0.0
2011-03-21,1.077,0.0018599999999999999
2011-03-22,1.078,0.0009289999999999999
2011-03-23,1.079,0.0009279999999999999
2011-03-24,1.079,0.0
2011-03-25,1.08,0.0009270000000000001
2011-03-28,1.079,-0.0009260000000000001
2011-03-29,1.075,-0.003707
2011-03-30,1.073,-0.0018599999999999999
2011-03-31,1.073,0.0
2011-04-01,1.075,0.0018640000000000002
2011-04-06,1.055,0.0
2011-04-07,1.056,0.000948
2011-04-08,1.057,0.000947
2011-04-11,1.058,0.000946
2011-04-12,1.059,0.000945
2011-04-13,1.061,0.001889
2011-04-14,1.062,0.0009429999999999999
2011-04-15,1.063,0.000942
2011-04-18,1.065,0.0018809999999999999
2011-04-19,1.061,-0.003756
2011-04-20,1.06,-0.0009429999999999999
2011-04-21,1.061,0.0009429999999999999
2011-04-22,1.06,-0.0009429999999999999
2011-04-25,1.057,-0.0028299999999999996
2011-04-26,1.056,-0.000946
2011-04-27,1.055,-0.000947
2011-04-28,1.055,0.0
2011-04-29,1.055,0.0
2011-05-03,1.055,0.0
2011-05-04,1.054,-0.000948
2011-05-05,1.055,0.000949
2011-05-06,1.055,0.0
2011-05-09,1.056,0.000948
2011-05-10,1.057,0.000947
2011-05-11,1.058,0.000946
2011-05-12,1.056,-0.00189
2011-05-13,1.057,0.000947
2011-05-16,1.057,0.0
2011-05-17,1.056,-0.000946
2011-05-18,1.057,0.000947
2011-05-19,1.057,0.0
2011-05-20,1.056,-0.000946
2011-05-23,1.052,-0.003788
2011-05-24,1.052,0.0
2011-05-25,1.049,-0.002852
2011-05-26,1.048,-0.000953
2011-05-27,1.048,0.0
2011-05-30,1.048,0.0
2011-05-31,1.049,0.000954
2011-06-01,1.05,0.000953
2011-06-02,1.048,-0.001905
2011-06-03,1.049,0.000954
2011-06-07,1.049,0.0
2011-06-08,1.047,-0.001907
2011-06-09,1.045,-0.00191
2011-06-10,1.044,-0.000957
2011-06-13,1.042,-0.001916
2011-06-14,1.043,0.00096
2011-06-15,1.041,-0.001918
2011-06-16,1.039,-0.001921
2011-06-17,1.038,-0.000962
2011-06-20,1.037,-0.000963
2011-06-21,1.038,0.000964
2011-06-22,1.038,0.0
2011-06-23,1.04,0.0019270000000000001
2011-06-24,1.041,0.000962
2011-06-27,1.042,0.000961
2011-06-28,1.041,-0.00096
2011-06-29,1.039,-0.001921
2011-06-30,1.04,0.000962
2011-07-01,1.041,0.000962
2011-07-04,1.044,0.002882
2011-07-05,1.044,0.0
2011-07-06,1.043,-0.000958
2011-07-07,1.043,0.0
2011-07-08,1.043,0.0
2011-07-11,1.043,0.0
2011-07-12,1.042,-0.000959
2011-07-13,1.043,0.00096
2011-07-14,1.044,0.000959
2011-07-15,1.043,-0.000958
2011-07-18,1.042,-0.000959
2011-07-19,1.039,-0.002879
2011-07-20,1.037,-0.001925
2011-07-21,1.035,-0.001929
2011-07-22,1.036,0.0009660000000000001
2011-07-25,1.033,-0.002896
2011-07-26,1.033,0.0
2011-07-27,1.033,0.0
2011-07-28,1.031,-0.001936
2011-07-29,1.031,0.0
2011-08-01,1.03,-0.00097
2011-08-02,1.028,-0.0019420000000000001
2011-08-03,1.027,-0.000973
2011-08-04,1.028,0.000974
2011-08-05,1.026,-0.001946
2011-08-08,1.026,0.0
2011-08-09,1.026,0.0
2011-08-10,1.028,0.001949
2011-08-11,1.031,0.002918
2011-08-12,1.032,0.00097
2011-08-15,1.032,0.0
2011-08-16,1.033,0.000969
2011-08-17,1.033,0.0
2011-08-18,1.031,-0.001936
2011-08-19,1.029,-0.00194
2011-08-22,1.028,-0.000972
2011-08-23,1.029,0.000973
2011-08-24,1.03,0.000972
2011-08-25,1.03,0.0
2011-08-26,1.029,-0.0009710000000000001
2011-08-29,1.02,-0.008746
2011-08-30,1.018,-0.001961
2011-08-31,1.018,0.0
2011-09-01,1.017,-0.000982
2011-09-02,1.013,-0.003933
2011-09-05,1.01,-0.0029620000000000002
2011-09-06,1.009,-0.00099
2011-09-07,1.011,0.001982
2011-09-08,1.011,0.0
2011-09-09,1.01,-0.000989
2011-09-13,1.01,0.0
2011-09-14,1.011,0.00099
2011-09-15,1.01,-0.000989
2011-09-16,1.01,0.0
2011-09-19,1.01,0.0
2011-09-20,1.01,0.0
2011-09-21,1.01,0.0
2011-09-22,1.009,-0.00099
2011-09-23,1.009,0.0
2011-09-26,1.008,-0.000991
2011-09-27,1.009,0.000992
2011-09-28,1.008,-0.000991
2011-09-29,1.005,-0.002976
2011-09-30,1.007,0.00199
2011-10-10,1.009,0.001986
2011-10-11,1.009,0.0
2011-10-12,1.01,0.000991
2011-10-13,1.01,0.0
2011-10-14,1.011,0.00099
2011-10-17,1.013,0.001978
2011-10-18,1.015,0.001974
2011-10-19,1.015,0.0
2011-10-20,1.016,0.000985
2011-10-21,1.017,0.000984
2011-10-24,1.018,0.000983
2011-10-25,1.018,0.0
2011-10-26,1.02,0.001965
2011-10-27,1.019,-0.00098
2011-10-28,1.019,0.0
2011-10-31,1.021,0.001963
2011-11-01,1.023,0.001959
2011-11-02,1.023,0.0
2011-11-03,1.024,0.000978
2011-11-04,1.025,0.000977
2011-11-07,1.026,0.0009760000000000001
2011-11-08,1.028,0.001949
2011-11-09,1.029,0.000973
2011-11-10,1.032,0.0029149999999999996
2011-11-11,1.032,0.0
2011-11-14,1.032,0.0
2011-11-15,1.033,0.000969
2011-11-16,1.032,-0.000968
2011-11-17,1.031,-0.000969
2011-11-18,1.03,-0.00097
2011-11-21,1.03,0.0
2011-11-22,1.03,0.0
2011-11-23,1.031,0.0009710000000000001
2011-11-24,1.031,0.0
2011-11-25,1.031,0.0
2011-11-28,1.031,0.0
2011-11-29,1.031,0.0
2011-11-30,1.029,-0.00194
2011-12-01,1.035,0.005830999999999999
2011-12-02,1.036,0.0009660000000000001
2011-12-05,1.035,-0.000965
2011-12-06,1.035,0.0
2011-12-07,1.035,0.0
2011-12-08,1.035,0.0
2011-12-09,1.035,0.0
2011-12-12,1.035,0.0
2011-12-13,1.034,-0.0009660000000000001
2011-12-14,1.034,0.0
2011-12-15,1.033,-0.000967
2011-12-16,1.035,0.001936
2011-12-19,1.035,0.0
2011-12-20,1.035,0.0
2011-12-21,1.035,0.0
2011-12-22,1.035,0.0
2011-12-23,1.035,0.0
2011-12-26,1.035,0.0
2011-12-27,1.035,0.0
2011-12-28,1.037,0.0019320000000000001
2011-12-29,1.036,-0.000964
2011-12-30,1.037,0.000965
2011-12-31,1.038,0.000964
2012-01-04,1.037,-0.000963
2012-01-05,1.038,0.000964
2012-01-06,1.039,0.000963
2012-01-09,1.042,0.0028870000000000002
2012-01-10,1.044,0.001919
2012-01-11,1.043,-0.000958
2012-01-12,1.044,0.000959
2012-01-13,1.043,-0.000958
2012-01-16,1.043,0.0
2012-01-17,1.043,0.0
2012-01-18,1.042,-0.000959
2012-01-19,1.044,0.001919
2012-01-20,1.045,0.000958
2012-01-30,1.046,0.000957
2012-01-31,1.047,0.000956
2012-02-01,1.046,-0.000955
2012-02-02,1.046,0.0
2012-02-03,1.047,0.000956
2012-02-06,1.047,0.0
2012-02-07,1.046,-0.000955
2012-02-08,1.045,-0.000956
2012-02-09,1.045,0.0
2012-02-10,1.044,-0.000957
2012-02-13,1.045,0.000958
2012-02-14,1.045,0.0
2012-02-15,1.046,0.000957
2012-02-16,1.046,0.0
2012-02-17,1.045,-0.000956
2012-02-20,1.047,0.001914
2012-02-21,1.047,0.0
2012-02-22,1.046,-0.000955
2012-02-23,1.048,0.001912
2012-02-24,1.048,0.0
2012-02-27,1.048,0.0
2012-02-28,1.048,0.0
2012-02-29,1.048,0.0
2012-03-01,1.048,0.0
2012-03-02,1.048,0.0
2012-03-05,1.048,0.0
2012-03-06,1.048,0.0
2012-03-07,1.048,0.0
2012-03-08,1.048,0.0
2012-03-09,1.049,0.000954
2012-03-12,1.05,0.000953
2012-03-13,1.051,0.000952
2012-03-14,1.05,-0.000951
2012-03-15,1.05,0.0
2012-03-16,1.05,0.0
2012-03-19,1.051,0.000952
2012-03-20,1.05,-0.000951
2012-03-21,1.05,0.0
2012-03-22,1.05,0.0
2012-03-23,1.05,0.0
2012-03-26,1.051,0.000952
2012-03-27,1.051,0.0
2012-03-28,1.051,0.0
2012-03-29,1.051,0.0
2012-03-30,1.052,0.000951
2012-03-31,1.052,0.0
2012-04-05,1.053,0.000951
2012-04-06,1.053,0.0
2012-04-09,1.054,0.00095
2012-04-10,1.054,0.0
2012-04-11,1.054,0.0
2012-04-12,1.056,0.001898
2012-04-13,1.057,0.000947
2012-04-16,1.058,0.000946
2012-04-17,1.057,-0.000945
2012-04-18,1.058,0.000946
2012-04-19,1.058,0.0
2012-04-20,1.059,0.000945
2012-04-23,1.06,0.000944
2012-04-24,1.061,0.0009429999999999999
2012-04-25,1.061,0.0
2012-04-26,1.061,0.0
2012-04-27,1.062,0.0009429999999999999
2012-05-02,1.063,0.000942
2012-05-03,1.064,0.000941
2012-05-04,1.065,0.00094
2012-05-07,1.065,0.0
2012-05-08,1.065,0.0
2012-05-09,1.065,0.0
2012-05-10,1.066,0.000939
2012-05-11,1.067,0.0009379999999999999
2012-05-14,1.068,0.000937
2012-05-15,1.069,0.000936
2012-05-16,1.07,0.000935
2012-05-17,1.071,0.000935
2012-05-18,1.072,0.0009339999999999999
2012-05-21,1.073,0.0009329999999999999
2012-05-22,1.074,0.0009320000000000001
2012-05-23,1.075,0.000931
2012-05-24,1.077,0.0018599999999999999
2012-05-25,1.079,0.0018570000000000001
2012-05-28,1.08,0.0009270000000000001
2012-05-29,1.081,0.0009260000000000001
2012-05-30,1.082,0.000925
2012-05-31,1.083,0.0009239999999999999
2012-06-01,1.084,0.0009229999999999999
2012-06-04,1.084,0.0
2012-06-05,1.085,0.0009229999999999999
2012-06-06,1.086,0.0009220000000000001
2012-06-07,1.087,0.000921
2012-06-08,1.091,0.00368
2012-06-11,1.091,0.0
2012-06-12,1.091,0.0
2012-06-13,1.091,0.0
2012-06-14,1.092,0.0009170000000000001
2012-06-15,1.092,0.0
2012-06-18,1.092,0.0
2012-06-19,1.091,-0.000916
2012-06-20,1.091,0.0
2012-06-21,1.091,0.0
2012-06-25,1.092,0.0009170000000000001
2012-06-26,1.092,0.0
2012-06-27,1.092,0.0
2012-06-28,1.093,0.000916
2012-06-29,1.093,0.0
2012-06-30,1.093,0.0
2012-07-02,1.073,0.0
2012-07-03,1.073,0.0
2012-07-04,1.074,0.0009320000000000001
2012-07-05,1.075,0.000931
2012-07-06,1.077,0.0018599999999999999
2012-07-09,1.078,0.0009289999999999999
2012-07-10,1.075,-0.002783
2012-07-11,1.078,0.002791
2012-07-12,1.078,0.0
2012-07-13,1.08,0.0018549999999999999
2012-07-16,1.08,0.0
2012-07-17,1.08,0.0
2012-07-18,1.081,0.0009260000000000001
2012-07-19,1.081,0.0
2012-07-20,1.08,-0.000925
2012-07-23,1.081,0.0009260000000000001
2012-07-24,1.08,-0.000925
2012-07-25,1.08,0.0
2012-07-26,1.079,-0.0009260000000000001
2012-07-27,1.08,0.0009270000000000001
2012-07-30,1.08,0.0
2012-07-31,1.079,-0.0009260000000000001
2012-08-01,1.078,-0.0009270000000000001
2012-08-02,1.077,-0.0009279999999999999
2012-08-03,1.076,-0.0009289999999999999
2012-08-06,1.076,0.0
2012-08-07,1.075,-0.0009289999999999999
2012-08-08,1.073,-0.0018599999999999999
2012-08-09,1.073,0.0
2012-08-10,1.072,-0.0009320000000000001
2012-08-13,1.071,-0.0009329999999999999
2012-08-14,1.072,0.0009339999999999999
2012-08-15,1.071,-0.0009329999999999999
2012-08-16,1.071,0.0
2012-08-17,1.072,0.0009339999999999999
2012-08-20,1.07,-0.0018659999999999998
2012-08-21,1.07,0.0
2012-08-22,1.068,-0.001869
2012-08-23,1.069,0.000936
2012-08-24,1.068,-0.000935
2012-08-27,1.069,0.000936
2012-08-28,1.068,-0.000935
2012-08-29,1.068,0.0
2012-08-30,1.068,0.0
2012-08-31,1.069,0.000936
2012-09-03,1.069,0.0
2012-09-04,1.07,0.000935
2012-09-05,1.069,-0.000935
2012-09-06,1.068,-0.000935
2012-09-07,1.069,0.000936
2012-09-10,1.069,0.0
2012-09-11,1.068,-0.000935
2012-09-12,1.068,0.0
2012-09-13,1.068,0.0
2012-09-14,1.067,-0.000936
2012-09-17,1.066,-0.000937
2012-09-18,1.065,-0.0009379999999999999
2012-09-19,1.065,0.0
2012-09-20,1.065,0.0
2012-09-21,1.065,0.0
2012-09-24,1.066,0.000939
2012-09-25,1.066,0.0
2012-09-26,1.067,0.0009379999999999999
2012-09-27,1.069,0.001874
2012-09-28,1.07,0.000935
2012-09-30,1.07,0.0
2012-10-08,1.071,0.000935
2012-10-09,1.052,0.0009339999999999999
2012-10-10,1.053,0.000951
2012-10-11,1.053,0.0
2012-10-12,1.055,0.001899
2012-10-15,1.055,0.0
2012-10-16,1.055,0.0
2012-10-17,1.056,0.000948
2012-10-18,1.057,0.000947
2012-10-19,1.057,0.0
2012-10-22,1.057,0.0
2012-10-23,1.057,0.0
2012-10-24,1.057,0.0
2012-10-25,1.056,-0.000946
2012-10-26,1.056,0.0
2012-10-29,1.056,0.0
2012-10-30,1.056,0.0
2012-10-31,1.057,0.000947
2012-11-01,1.057,0.0
2012-11-02,1.057,0.0
2012-11-05,1.057,0.0
2012-11-06,1.057,0.0
2012-11-07,1.058,0.000946
2012-11-08,1.058,0.0
2012-11-09,1.059,0.000945
2012-11-12,1.06,0.000944
2012-11-13,1.06,0.0
2012-11-14,1.06,0.0
2012-11-15,1.06,0.0
2012-11-16,1.06,0.0
2012-11-19,1.061,0.0009429999999999999
2012-11-20,1.062,0.0009429999999999999
2012-11-21,1.062,0.0
2012-11-22,1.062,0.0
2012-11-23,1.063,0.000942
2012-11-26,1.064,0.000941
2012-11-27,1.064,0.0
2012-11-28,1.064,0.0
2012-11-29,1.064,0.0
2012-11-30,1.065,0.00094
2012-12-03,1.065,0.0
2012-12-04,1.066,0.000939
2012-12-05,1.067,0.0009379999999999999
2012-12-06,1.068,0.000937
2012-12-07,1.069,0.000936
2012-12-10,1.07,0.000935
2012-12-11,1.069,-0.000935
2012-12-12,1.07,0.000935
2012-12-13,1.07,0.0
2012-12-14,1.072,0.001869
2012-12-17,1.074,0.0018659999999999998
2012-12-18,1.074,0.0
2012-12-19,1.074,0.0
2012-12-20,1.075,0.000931
2012-12-21,1.075,0.0
2012-12-24,1.053,-0.0018599999999999999
2012-12-25,1.055,0.001899
2012-12-26,1.055,0.0
2012-12-27,1.055,0.0
2012-12-28,1.054,-0.000948
2012-12-31,1.058,0.003795
2013-01-04,1.059,0.000945
2013-01-07,1.06,0.000944
2013-01-08,1.06,0.0
2013-01-09,1.061,0.0009429999999999999
2013-01-10,1.063,0.001885
2013-01-11,1.063,0.0
2013-01-14,1.065,0.0018809999999999999
2013-01-15,1.067,0.001878
2013-01-16,1.067,0.0
2013-01-17,1.067,0.0
2013-01-18,1.068,0.000937
2013-01-21,1.069,0.000936
2013-01-22,1.069,0.0
2013-01-23,1.07,0.000935
2013-01-24,1.07,0.0
2013-01-25,1.069,-0.000935
2013-01-28,1.07,0.000935
2013-01-29,1.071,0.000935
2013-01-30,1.071,0.0
2013-01-31,1.072,0.0009339999999999999
2013-02-01,1.072,0.0
2013-02-04,1.073,0.0009329999999999999
2013-02-05,1.073,0.0
2013-02-06,1.074,0.0009320000000000001
2013-02-07,1.075,0.000931
2013-02-08,1.075,0.0
2013-02-18,1.077,0.0018599999999999999
2013-02-19,1.078,0.0009289999999999999
2013-02-20,1.079,0.0009279999999999999
2013-02-21,1.08,0.0009270000000000001
2013-02-22,1.08,0.0
2013-02-25,1.081,0.0009260000000000001
2013-02-26,1.08,-0.000925
2013-02-27,1.08,0.0
2013-02-28,1.082,0.0018520000000000001
2013-03-01,1.081,-0.0009239999999999999
2013-03-04,1.082,0.000925
2013-03-05,1.083,0.0009239999999999999
2013-03-06,1.083,0.0
2013-03-07,1.084,0.0009229999999999999
2013-03-08,1.085,0.0009229999999999999
2013-03-11,1.085,0.0
2013-03-12,1.085,0.0
2013-03-13,1.084,-0.0009220000000000001
2013-03-14,1.086,0.001845
2013-03-15,1.086,0.0
2013-03-18,1.085,-0.000921
2013-03-19,1.085,0.0
2013-03-20,1.086,0.0009220000000000001
2013-03-21,1.086,0.0
2013-03-22,1.087,0.000921
2013-03-25,1.088,0.00092
2013-03-26,1.087,-0.000919
2013-03-27,1.088,0.00092
2013-03-28,1.089,0.000919
2013-03-29,1.089,0.0
2013-04-01,1.07,0.0009180000000000001
2013-04-02,1.072,0.001869
2013-04-03,1.073,0.0009329999999999999
2013-04-08,1.074,0.0009320000000000001
2013-04-09,1.075,0.000931
2013-04-10,1.075,0.0
2013-04-11,1.076,0.0009299999999999999
2013-04-12,1.076,0.0
2013-04-15,1.078,0.0018590000000000002
2013-04-16,1.078,0.0
2013-04-17,1.079,0.0009279999999999999
2013-04-18,1.078,-0.0009270000000000001
2013-04-19,1.077,-0.0009279999999999999
2013-04-22,1.074,-0.0027860000000000003
2013-04-23,1.073,-0.000931
2013-04-24,1.073,0.0
2013-04-25,1.073,0.0
2013-04-26,1.075,0.0018640000000000002
2013-05-02,1.076,0.0009299999999999999
2013-05-03,1.077,0.0009289999999999999
2013-05-06,1.077,0.0
2013-05-07,1.078,0.0009289999999999999
2013-05-08,1.079,0.0009279999999999999
2013-05-09,1.078,-0.0009270000000000001
2013-05-10,1.08,0.0018549999999999999
2013-05-13,1.081,0.0009260000000000001
2013-05-14,1.081,0.0
2013-05-15,1.08,-0.000925
2013-05-16,1.082,0.0018520000000000001
2013-05-17,1.082,0.0
2013-05-20,1.082,0.0
2013-05-21,1.082,0.0
2013-05-22,1.082,0.0
2013-05-23,1.083,0.0009239999999999999
2013-05-24,1.084,0.0009229999999999999
2013-05-27,1.085,0.0009229999999999999
2013-05-28,1.085,0.0
2013-05-29,1.086,0.0009220000000000001
2013-05-30,1.086,0.0
2013-05-31,1.086,0.0
2013-06-03,1.087,0.000921
2013-06-04,1.087,0.0
2013-06-05,1.087,0.0
2013-06-06,1.087,0.0
2013-06-07,1.087,0.0
2013-06-13,1.087,0.0
2013-06-14,1.086,-0.00092
2013-06-17,1.086,0.0
2013-06-18,1.085,-0.000921
2013-06-19,1.083,-0.001843
2013-06-20,1.079,-0.003693
2013-06-21,1.078,-0.0009270000000000001
2013-06-24,1.075,-0.002783
2013-06-25,1.075,0.0
2013-06-26,1.078,0.002791
2013-06-27,1.079,0.0009279999999999999
2013-06-28,1.081,0.0018540000000000002
2013-06-30,1.082,0.000925
2013-07-01,1.062,0.0
2013-07-02,1.061,-0.000942
2013-07-03,1.063,0.001885
2013-07-04,1.064,0.000941
2013-07-05,1.065,0.00094
2013-07-08,1.066,0.000939
2013-07-09,1.065,-0.0009379999999999999
2013-07-10,1.064,-0.000939
2013-07-11,1.064,0.0
2013-07-12,1.063,-0.00094
2013-07-15,1.063,0.0
2013-07-16,1.063,0.0
2013-07-17,1.061,-0.0018809999999999999
2013-07-18,1.061,0.0
2013-07-19,1.059,-0.001885
2013-07-22,1.058,-0.000944
2013-07-23,1.058,0.0
2013-07-24,1.057,-0.000945
2013-07-25,1.057,0.0
2013-07-26,1.058,0.000946
2013-07-29,1.057,-0.000945
2013-07-30,1.057,0.0
2013-07-31,1.057,0.0
2013-08-01,1.059,0.001892
2013-08-02,1.059,0.0
2013-08-05,1.06,0.000944
2013-08-06,1.059,-0.0009429999999999999
2013-08-07,1.059,0.0
2013-08-08,1.058,-0.000944
2013-08-09,1.058,0.0
2013-08-12,1.057,-0.000945
2013-08-13,1.056,-0.000946
2013-08-14,1.055,-0.000947
2013-08-15,1.054,-0.000948
2013-08-16,1.053,-0.000949
2013-08-19,1.052,-0.00095
2013-08-20,1.051,-0.000951
2013-08-21,1.051,0.0
2013-08-22,1.051,0.0
2013-08-23,1.051,0.0
2013-08-26,1.052,0.000951
2013-08-27,1.052,0.0
2013-08-28,1.051,-0.000951
2013-08-29,1.051,0.0
2013-08-30,1.051,0.0
2013-09-02,1.052,0.000951
2013-09-03,1.053,0.000951
2013-09-04,1.053,0.0
2013-09-05,1.053,0.0
2013-09-06,1.053,0.0
2013-09-09,1.055,0.001899
2013-09-10,1.057,0.001896
2013-09-11,1.057,0.0
2013-09-12,1.057,0.0
2013-09-13,1.057,0.0
2013-09-16,1.056,-0.000946
2013-09-17,1.057,0.000947
2013-09-18,1.056,-0.000946
2013-09-23,1.056,0.0
2013-09-24,1.055,-0.000947
2013-09-25,1.055,0.0
2013-09-26,1.057,0.001896
2013-09-27,1.057,0.0
2013-09-30,1.057,0.0
2013-10-08,1.039,0.001892
2013-10-09,1.039,0.0
2013-10-10,1.039,0.0
2013-10-11,1.04,0.000962
2013-10-14,1.04,0.0
2013-10-15,1.04,0.0
2013-10-16,1.04,0.0
2013-10-17,1.039,-0.000962
2013-10-18,1.04,0.000962
2013-10-21,1.041,0.000962
2013-10-22,1.041,0.0
2013-10-23,1.04,-0.000961
2013-10-24,1.038,-0.001923
2013-10-25,1.035,-0.0028899999999999998
2013-10-28,1.035,0.0
2013-10-29,1.036,0.0009660000000000001
2013-10-30,1.036,0.0
2013-10-31,1.035,-0.000965
2013-11-01,1.035,0.0
2013-11-04,1.038,0.002899
2013-11-05,1.037,-0.000963
2013-11-06,1.037,0.0
2013-11-07,1.036,-0.000964
2013-11-08,1.035,-0.000965
2013-11-11,1.034,-0.0009660000000000001
2013-11-12,1.033,-0.000967
2013-11-13,1.03,-0.002904
2013-11-14,1.029,-0.0009710000000000001
2013-11-15,1.027,-0.001944
2013-11-18,1.028,0.000974
2013-11-19,1.026,-0.001946
2013-11-20,1.024,-0.001949
2013-11-21,1.023,-0.000977
2013-11-22,1.023,0.0
2013-11-25,1.022,-0.000978
2013-11-26,1.021,-0.000978
2013-11-27,1.021,0.0
2013-11-28,1.021,0.0
2013-11-29,1.021,0.0
2013-12-02,1.021,0.0
2013-12-03,1.02,-0.000979
2013-12-04,1.02,0.0
2013-12-05,1.019,-0.00098
2013-12-06,1.018,-0.000981
2013-12-09,1.019,0.000982
2013-12-10,1.019,0.0
2013-12-11,1.018,-0.000981
2013-12-12,1.017,-0.000982
2013-12-13,1.016,-0.000983
2013-12-16,1.016,0.0
2013-12-17,1.013,-0.002953
2013-12-18,1.012,-0.000987
2013-12-19,1.011,-0.000988
2013-12-20,1.011,0.0
2013-12-23,1.011,0.0
2013-12-24,1.01,-0.000989
2013-12-25,1.011,0.00099
2013-12-26,1.011,0.0
2013-12-27,1.01,-0.000989
2013-12-30,1.011,0.00099
2013-12-31,1.011,0.0
2014-01-02,1.009,-0.001978
2014-01-03,1.01,0.000991
2014-01-06,1.01,0.0
2014-01-07,1.01,0.0
2014-01-08,1.008,-0.00198
2014-01-09,1.008,0.0
2014-01-10,1.007,-0.000992
2014-01-13,1.008,0.000993
2014-01-14,1.007,-0.000992
2014-01-15,1.007,0.0
2014-01-16,1.006,-0.000993
2014-01-17,1.006,0.0
2014-01-20,1.005,-0.000994
2014-01-21,1.006,0.000995
2014-01-22,1.008,0.001988
2014-01-23,1.006,-0.001984
2014-01-24,1.008,0.001988
2014-01-27,1.009,0.000992
2014-01-28,1.01,0.000991
2014-01-29,1.01,0.0
2014-01-30,1.011,0.00099
2014-02-07,1.013,0.001978
2014-02-10,1.014,0.000987
2014-02-11,1.014,0.0
2014-02-12,1.015,0.000986
2014-02-13,1.016,0.000985
2014-02-14,1.018,0.001969
2014-02-17,1.019,0.000982
2014-02-18,1.019,0.0
2014-02-19,1.021,0.001963
2014-02-20,1.022,0.000979
2014-02-21,1.024,0.001957
2014-02-24,1.024,0.0
2014-02-25,1.025,0.000977
2014-02-26,1.027,0.001951
2014-02-27,1.028,0.000974
2014-02-28,1.027,-0.000973
2014-03-03,1.027,0.0
2014-03-04,1.028,0.000974
2014-03-05,1.027,-0.000973
2014-03-06,1.026,-0.000974
2014-03-07,1.026,0.0
2014-03-10,1.027,0.0009750000000000001
2014-03-11,1.027,0.0
2014-03-12,1.027,0.0
2014-03-13,1.028,0.000974
2014-03-14,1.029,0.000973
2014-03-17,1.03,0.000972
2014-03-18,1.03,0.0
2014-03-19,1.03,0.0
2014-03-20,1.029,-0.0009710000000000001
2014-03-21,1.03,0.000972
2014-03-24,1.031,0.0009710000000000001
2014-03-25,1.031,0.0
2014-03-26,1.031,0.0
2014-03-27,1.032,0.00097
2014-03-28,1.032,0.0
2014-03-31,1.033,0.000969
2014-04-01,1.032,-0.000968
2014-04-02,1.032,0.0
2014-04-03,1.033,0.000969
2014-04-04,1.033,0.0
2014-04-08,1.035,0.001936
2014-04-09,1.036,0.0009660000000000001
2014-04-10,1.036,0.0
2014-04-11,1.037,0.000965
2014-04-14,1.039,0.001929
2014-04-15,1.039,0.0
2014-04-16,1.042,0.0028870000000000002
2014-04-17,1.042,0.0
2014-04-18,1.042,0.0
2014-04-21,1.043,0.00096
2014-04-22,1.043,0.0
2014-04-23,1.044,0.000959
2014-04-24,1.044,0.0
2014-04-25,1.044,0.0
2014-04-28,1.045,0.000958
2014-04-29,1.045,0.0
2014-04-30,1.046,0.000957
2014-05-05,1.048,0.001912
2014-05-06,1.048,0.0
2014-05-07,1.049,0.000954
2014-05-08,1.051,0.001907
2014-05-09,1.052,0.000951
2014-05-12,1.053,0.000951
2014-05-13,1.052,-0.00095
2014-05-14,1.053,0.000951
2014-05-15,1.053,0.0
2014-05-16,1.053,0.0
2014-05-19,1.053,0.0
2014-05-20,1.052,-0.00095
2014-05-21,1.052,0.0
2014-05-22,1.054,0.001901
2014-05-23,1.054,0.0
2014-05-26,1.055,0.000949
2014-05-27,1.055,0.0
2014-05-28,1.056,0.000948
2014-05-29,1.056,0.0
2014-05-30,1.057,0.000947
2014-06-03,1.058,0.000946
2014-06-04,1.06,0.00189
2014-06-05,1.061,0.0009429999999999999
2014-06-06,1.06,-0.0009429999999999999
2014-06-09,1.06,0.0
2014-06-10,1.063,0.0028299999999999996
2014-06-11,1.064,0.000941
2014-06-12,1.064,0.0
2014-06-13,1.063,-0.00094
2014-06-16,1.063,0.0
2014-06-17,1.064,0.000941
2014-06-18,1.064,0.0
2014-06-19,1.064,0.0
2014-06-20,1.065,0.00094
2014-06-23,1.066,0.000939
2014-06-24,1.067,0.0009379999999999999
2014-06-25,1.066,-0.000937
2014-06-26,1.067,0.0009379999999999999
2014-06-27,1.068,0.000937
2014-06-30,1.068,0.0
2014-07-01,1.068,0.0
2014-07-02,1.068,0.0
2014-07-03,1.048,0.0
2014-07-04,1.048,0.0
2014-07-07,1.049,0.000954
2014-07-08,1.05,0.000953
2014-07-09,1.049,-0.000952
2014-07-10,1.05,0.000953
2014-07-11,1.05,0.0
2014-07-14,1.051,0.000952
2014-07-15,1.051,0.0
2014-07-16,1.051,0.0
2014-07-17,1.051,0.0
2014-07-18,1.051,0.0
2014-07-21,1.051,0.0
2014-07-22,1.051,0.0
2014-07-23,1.052,0.000951
2014-07-24,1.052,0.0
2014-07-25,1.053,0.000951
2014-07-28,1.053,0.0
2014-07-29,1.053,0.0
2014-07-30,1.054,0.00095
2014-07-31,1.054,0.0
2014-08-01,1.054,0.0
2014-08-04,1.054,0.0
2014-08-05,1.054,0.0
2014-08-06,1.056,0.001898
2014-08-07,1.056,0.0
2014-08-08,1.055,-0.000947
2014-08-11,1.058,0.0028439999999999997
2014-08-12,1.059,0.000945
2014-08-13,1.059,0.0
2014-08-14,1.06,0.000944
2014-08-15,1.061,0.0009429999999999999
2014-08-18,1.062,0.0009429999999999999
2014-08-19,1.062,0.0
2014-08-20,1.063,0.000942
2014-08-21,1.063,0.0
2014-08-22,1.064,0.000941
2014-08-25,1.065,0.00094
2014-08-26,1.065,0.0
2014-08-27,1.065,0.0
2014-08-28,1.066,0.000939
2014-08-29,1.066,0.0
2014-09-01,1.067,0.0009379999999999999
2014-09-02,1.067,0.0
2014-09-03,1.067,0.0
2014-09-04,1.068,0.000937
2014-09-05,1.069,0.000936
2014-09-09,1.069,0.0
2014-09-10,1.07,0.000935
2014-09-11,1.07,0.0
2014-09-12,1.07,0.0
2014-09-15,1.07,0.0
2014-09-16,1.071,0.000935
2014-09-17,1.072,0.0009339999999999999
2014-09-18,1.073,0.0009329999999999999
2014-09-19,1.073,0.0
2014-09-22,1.074,0.0009320000000000001
2014-09-23,1.074,0.0
2014-09-24,1.074,0.0
2014-09-25,1.075,0.000931
2014-09-26,1.075,0.0
2014-09-29,1.076,0.0009299999999999999
2014-09-30,1.075,-0.0009289999999999999
2014-10-08,1.076,0.0009299999999999999
2014-10-09,1.056,0.0
2014-10-10,1.057,0.000947
2014-10-13,1.058,0.000946
2014-10-14,1.059,0.000945
2014-10-15,1.061,0.001889
2014-10-16,1.062,0.0009429999999999999
2014-10-17,1.063,0.000942
2014-10-20,1.065,0.0018809999999999999
2014-10-21,1.067,0.001878
2014-10-22,1.068,0.000937
2014-10-23,1.068,0.0
2014-10-24,1.069,0.000936
2014-10-27,1.069,0.0
2014-10-28,1.07,0.000935
2014-10-29,1.069,-0.000935
2014-10-30,1.072,0.0028060000000000003
2014-10-31,1.073,0.0009329999999999999
2014-11-03,1.075,0.0018640000000000002
2014-11-04,1.078,0.002791
2014-11-05,1.079,0.0009279999999999999
2014-11-06,1.081,0.0018540000000000002
2014-11-07,1.083,0.00185
2014-11-10,1.087,0.003693
2014-11-11,1.088,0.00092
2014-11-12,1.088,0.0
2014-11-13,1.089,0.000919
2014-11-14,1.088,-0.0009180000000000001
2014-11-17,1.088,0.0
2014-11-18,1.088,0.0
2014-11-19,1.087,-0.000919
2014-11-20,1.084,-0.0027600000000000003
2014-11-21,1.082,-0.001845
2014-11-24,1.085,0.002773
2014-11-25,1.086,0.0009220000000000001
2014-11-26,1.085,-0.000921
2014-11-27,1.086,0.0009220000000000001
2014-11-28,1.084,-0.001842
2014-12-01,1.087,0.002768
2014-12-02,1.088,0.00092
2014-12-03,1.086,-0.001838
2014-12-04,1.086,0.0
2014-12-05,1.084,-0.001842
2014-12-08,1.081,-0.002768
2014-12-09,1.072,-0.008326
2014-12-10,1.069,-0.002799
2014-12-11,1.069,0.0
2014-12-12,1.07,0.000935
2014-12-15,1.069,-0.000935
2014-12-16,1.067,-0.0018709999999999998
2014-12-17,1.065,-0.001874
2014-12-18,1.065,0.0
2014-12-19,1.065,0.0
2014-12-22,1.066,0.000939
2014-12-23,1.067,0.0009379999999999999
2014-12-24,1.066,-0.000937
2014-12-25,1.066,0.0
2014-12-26,1.068,0.0018759999999999998
2014-12-29,1.07,0.0018729999999999999
2014-12-30,1.07,0.0
2014-12-31,1.071,0.000935
2015-01-05,1.051,0.0
2015-01-06,1.052,0.000951
2015-01-07,1.052,0.0
2015-01-08,1.052,0.0
2015-01-09,1.053,0.000951
2015-01-12,1.054,0.00095
2015-01-13,1.054,0.0
2015-01-14,1.056,0.001898
2015-01-15,1.057,0.000947
2015-01-16,1.057,0.0
2015-01-19,1.055,-0.001892
2015-01-20,1.058,0.0028439999999999997
2015-01-21,1.058,0.0
2015-01-22,1.06,0.00189
2015-01-23,1.06,0.0
2015-01-26,1.06,0.0
2015-01-27,1.063,0.0028299999999999996
2015-01-28,1.061,-0.0018809999999999999
2015-01-29,1.061,0.0
2015-01-30,1.06,-0.0009429999999999999
2015-02-02,1.061,0.0009429999999999999
2015-02-03,1.06,-0.0009429999999999999
2015-02-04,1.06,0.0
2015-02-05,1.062,0.001887
2015-02-06,1.06,-0.001883
2015-02-09,1.061,0.0009429999999999999
2015-02-10,1.061,0.0
2015-02-11,1.061,0.0
2015-02-12,1.062,0.0009429999999999999
2015-02-13,1.062,0.0
2015-02-16,1.064,0.001883
2015-02-17,1.063,-0.00094
2015-02-25,1.066,0.002822
2015-02-26,1.066,0.0
2015-02-27,1.067,0.0009379999999999999
2015-03-02,1.067,0.0
2015-03-03,1.069,0.001874
2015-03-04,1.068,-0.000935
2015-03-05,1.067,-0.000936
2015-03-06,1.067,0.0
2015-03-09,1.067,0.0
2015-03-10,1.067,0.0
2015-03-11,1.068,0.000937
2015-03-12,1.068,0.0
2015-03-13,1.068,0.0
2015-03-16,1.069,0.000936
2015-03-17,1.067,-0.0018709999999999998
2015-03-18,1.068,0.000937
2015-03-19,1.068,0.0
2015-03-20,1.069,0.000936
2015-03-23,1.07,0.000935
2015-03-24,1.07,0.0
2015-03-25,1.069,-0.000935
2015-03-26,1.067,-0.0018709999999999998
2015-03-27,1.067,0.0
2015-03-30,1.066,-0.000937
2015-03-31,1.044,-0.0018759999999999998
2015-04-01,1.044,0.0
2015-04-02,1.045,0.000958
2015-04-03,1.045,0.0
2015-04-07,1.045,0.0
2015-04-08,1.044,-0.000957
2015-04-09,1.043,-0.000958
2015-04-10,1.044,0.000959
2015-04-13,1.046,0.001916
2015-04-14,1.046,0.0
2015-04-15,1.046,0.0
2015-04-16,1.048,0.001912
2015-04-17,1.049,0.000954
2015-04-20,1.051,0.001907
2015-04-21,1.053,0.001903
2015-04-22,1.055,0.001899
2015-04-23,1.055,0.0
2015-04-24,1.055,0.0
2015-04-27,1.057,0.001896
2015-04-28,1.057,0.0
2015-04-29,1.058,0.000946
2015-04-30,1.059,0.000945
2015-05-04,1.059,0.0
2015-05-05,1.057,-0.001889
2015-05-06,1.057,0.0
2015-05-07,1.057,0.0
2015-05-08,1.058,0.000946
2015-05-11,1.059,0.000945
2015-05-12,1.059,0.0
2015-05-13,1.06,0.000944
2015-05-14,1.063,0.0028299999999999996
2015-05-15,1.064,0.000941
2015-05-18,1.063,-0.00094
2015-05-19,1.064,0.000941
2015-05-20,1.064,0.0
2015-05-21,1.065,0.00094
2015-05-22,1.066,0.000939
2015-05-25,1.068,0.0018759999999999998
2015-05-26,1.068,0.0
2015-05-27,1.068,0.0
2015-05-28,1.065,-0.002809
2015-05-29,1.065,0.0
2015-06-01,1.066,0.000939
2015-06-02,1.067,0.0009379999999999999
2015-06-03,1.068,0.000937
2015-06-04,1.068,0.0
2015-06-05,1.068,0.0
2015-06-08,1.071,0.002809
2015-06-09,1.07,-0.0009339999999999999
2015-06-10,1.07,0.0
2015-06-11,1.07,0.0
2015-06-12,1.07,0.0
2015-06-15,1.069,-0.000935
2015-06-16,1.068,-0.000935
2015-06-17,1.069,0.000936
2015-06-18,1.068,-0.000935
2015-06-19,1.067,-0.000936
2015-06-23,1.067,0.0
2015-06-24,1.067,0.0
2015-06-25,1.068,0.000937
2015-06-26,1.068,0.0
2015-06-29,1.069,0.000936
2015-06-30,1.069,0.0
2015-07-01,1.07,0.000935
2015-07-02,1.07,0.0
2015-07-03,1.07,0.0
2015-07-06,1.073,0.0028039999999999996
2015-07-07,1.075,0.0018640000000000002
2015-07-08,1.076,0.0009299999999999999
2015-07-09,1.076,0.0
2015-07-10,1.076,0.0
2015-07-13,1.077,0.0009289999999999999
2015-07-14,1.077,0.0
2015-07-15,1.077,0.0
2015-07-16,1.077,0.0
2015-07-17,1.077,0.0
2015-07-20,1.078,0.0009289999999999999
2015-07-21,1.078,0.0
2015-07-22,1.079,0.0009279999999999999
2015-07-23,1.08,0.0009270000000000001
2015-07-24,1.081,0.0009260000000000001
2015-07-27,1.082,0.000925
2015-07-28,1.083,0.0009239999999999999
2015-07-29,1.084,0.0009229999999999999
2015-07-30,1.084,0.0
2015-07-31,1.085,0.0009229999999999999
2015-08-03,1.085,0.0
2015-08-04,1.086,0.0009220000000000001
2015-08-05,1.086,0.0
2015-08-06,1.087,0.000921
2015-08-07,1.089,0.00184
2015-08-10,1.089,0.0
2015-08-11,1.089,0.0
2015-08-12,1.088,-0.0009180000000000001
2015-08-13,1.089,0.000919
2015-08-14,1.089,0.0
2015-08-17,1.09,0.0009180000000000001
2015-08-18,1.09,0.0
2015-08-19,1.091,0.0009170000000000001
2015-08-20,1.091,0.0
2015-08-21,1.091,0.0
2015-08-24,1.092,0.0009170000000000001
2015-08-25,1.092,0.0
2015-08-26,1.092,0.0
2015-08-27,1.093,0.000916
2015-08-28,1.093,0.0
2015-08-31,1.093,0.0
2015-09-01,1.094,0.000915
2015-09-02,1.094,0.0
2015-09-07,1.095,0.000914
2015-09-08,1.095,0.0
2015-09-09,1.095,0.0
2015-09-10,1.095,0.0
2015-09-11,1.095,0.0
2015-09-14,1.096,0.0009130000000000001
2015-09-15,1.096,0.0
2015-09-16,1.097,0.000912
2015-09-17,1.097,0.0
2015-09-18,1.097,0.0
2015-09-21,1.097,0.0
2015-09-22,1.097,0.0
2015-09-23,1.097,0.0
2015-09-24,1.097,0.0
2015-09-25,1.097,0.0
2015-09-28,1.098,0.000912
2015-09-29,1.099,0.000911
2015-09-30,1.099,0.0
2015-10-08,1.1,0.00091
2015-10-09,1.08,0.0
2015-10-12,1.081,0.0009260000000000001
2015-10-13,1.082,0.000925
2015-10-14,1.083,0.0009239999999999999
2015-10-15,1.083,0.0
2015-10-16,1.083,0.0
2015-10-19,1.084,0.0009229999999999999
2015-10-20,1.084,0.0
2015-10-21,1.085,0.0009229999999999999
2015-10-22,1.085,0.0
2015-10-23,1.086,0.0009220000000000001
2015-10-26,1.088,0.001842
2015-10-27,1.089,0.000919
2015-10-28,1.091,0.001837
2015-10-29,1.091,0.0
2015-10-30,1.091,0.0
2015-11-02,1.091,0.0
2015-11-03,1.091,0.0
2015-11-04,1.091,0.0
2015-11-05,1.091,0.0
2015-11-06,1.091,0.0
2015-11-09,1.088,-0.0027500000000000003
2015-11-10,1.086,-0.001838
2015-11-11,1.086,0.0
2015-11-12,1.086,0.0
2015-11-13,1.088,0.001842
2015-11-16,1.086,-0.001838
2015-11-17,1.086,0.0
2015-11-18,1.086,0.0
2015-11-19,1.086,0.0
2015-11-20,1.086,0.0
2015-11-23,1.086,0.0
2015-11-24,1.086,0.0
2015-11-25,1.087,0.000921
2015-11-26,1.088,0.00092
2015-11-27,1.088,0.0
2015-11-30,1.089,0.000919
2015-12-01,1.09,0.0009180000000000001
2015-12-02,1.09,0.0
2015-12-03,1.092,0.001835
2015-12-04,1.093,0.000916
2015-12-07,1.094,0.000915
2015-12-08,1.095,0.000914
2015-12-09,1.096,0.0009130000000000001
2015-12-10,1.096,0.0
2015-12-11,1.096,0.0
2015-12-14,1.097,0.000912
2015-12-15,1.097,0.0
2015-12-16,1.098,0.000912
2015-12-17,1.099,0.000911
2015-12-18,1.099,0.0
2015-12-21,1.1,0.00091
2015-12-22,1.102,0.001818
2015-12-23,1.102,0.0
2015-12-24,1.103,0.000907
2015-12-25,1.104,0.000907
2015-12-28,1.104,0.0
2015-12-29,1.105,0.000906
2015-12-30,1.105,0.0
2015-12-31,1.105,0.0
2016-01-04,1.105,0.0
2016-01-05,1.085,0.0
2016-01-06,1.085,0.0
2016-01-07,1.086,0.0009220000000000001
2016-01-08,1.087,0.000921
2016-01-11,1.088,0.00092
2016-01-12,1.089,0.000919
2016-01-13,1.091,0.001837
2016-01-14,1.091,0.0
2016-01-15,1.091,0.0
2016-01-18,1.09,-0.0009170000000000001
2016-01-19,1.089,-0.0009170000000000001
2016-01-20,1.088,-0.0009180000000000001
2016-01-21,1.088,0.0
2016-01-22,1.089,0.000919
2016-01-25,1.087,-0.001837
2016-01-26,1.086,-0.00092
2016-01-27,1.083,-0.002762
2016-01-28,1.082,-0.0009229999999999999
2016-01-29,1.084,0.0018479999999999998
2016-02-01,1.084,0.0
2016-02-02,1.083,-0.0009229999999999999
2016-02-03,1.082,-0.0009229999999999999
2016-02-04,1.083,0.0009239999999999999
2016-02-05,1.083,0.0
2016-02-15,1.086,0.0027700000000000003
2016-02-16,1.086,0.0
2016-02-17,1.086,0.0
2016-02-18,1.086,0.0
2016-02-19,1.087,0.000921
2016-02-22,1.087,0.0
2016-02-23,1.087,0.0
2016-02-24,1.087,0.0
2016-02-25,1.086,-0.00092
2016-02-26,1.086,0.0
2016-02-29,1.086,0.0
2016-03-01,1.087,0.000921
2016-03-02,1.088,0.00092
2016-03-03,1.087,-0.000919
2016-03-04,1.087,0.0
2016-03-07,1.088,0.00092
2016-03-08,1.088,0.0
2016-03-09,1.089,0.000919
2016-03-10,1.089,0.0
2016-03-11,1.09,0.0009180000000000001
2016-03-14,1.091,0.0009170000000000001
2016-03-15,1.091,0.0
2016-03-16,1.091,0.0
2016-03-17,1.092,0.0009170000000000001
2016-03-18,1.093,0.000916
2016-03-21,1.093,0.0
2016-03-22,1.093,0.0
2016-03-23,1.093,0.0
2016-03-24,1.093,0.0
2016-03-25,1.093,0.0
2016-03-28,1.093,0.0
2016-03-29,1.092,-0.000915
2016-03-30,1.093,0.000916
2016-03-31,1.093,0.0
2016-04-01,1.093,0.0
2016-04-05,1.094,0.000915
2016-04-06,1.093,-0.000914
2016-04-07,1.093,0.0
2016-04-08,1.093,0.0
2016-04-11,1.093,0.0
2016-04-12,1.091,-0.00183
2016-04-13,1.09,-0.0009170000000000001
2016-04-14,1.088,-0.001835
2016-04-15,1.087,-0.000919
2016-04-18,1.088,0.00092
2016-04-19,1.087,-0.000919
2016-04-20,1.086,-0.00092
2016-04-21,1.084,-0.001842
2016-04-22,1.081,-0.002768
2016-04-25,1.078,-0.002775
2016-04-26,1.077,-0.0009279999999999999
2016-04-27,1.077,0.0
2016-04-28,1.078,0.0009289999999999999
2016-04-29,1.078,0.0
2016-05-03,1.08,0.0018549999999999999
2016-05-04,1.08,0.0
2016-05-05,1.08,0.0
2016-05-06,1.081,0.0009260000000000001
2016-05-09,1.082,0.000925
2016-05-10,1.083,0.0009239999999999999
2016-05-11,1.083,0.0
2016-05-12,1.084,0.0009229999999999999
2016-05-13,1.085,0.0009229999999999999
2016-05-16,1.085,0.0
2016-05-17,1.085,0.0
2016-05-18,1.085,0.0
2016-05-19,1.084,-0.0009220000000000001
2016-05-20,1.084,0.0
2016-05-23,1.084,0.0
2016-05-24,1.085,0.0009229999999999999
2016-05-25,1.085,0.0
2016-05-26,1.085,0.0
2016-05-27,1.086,0.0009220000000000001
2016-05-30,1.087,0.000921
2016-05-31,1.087,0.0
2016-06-01,1.086,-0.00092
2016-06-02,1.086,0.0
2016-06-03,1.086,0.0
2016-06-06,1.086,0.0
2016-06-07,1.086,0.0
2016-06-08,1.087,0.000921
2016-06-13,1.088,0.00092
2016-06-14,1.088,0.0
2016-06-15,1.088,0.0
2016-06-16,1.089,0.000919
2016-06-17,1.09,0.0009180000000000001
2016-06-20,1.09,0.0
2016-06-21,1.09,0.0
2016-06-22,1.09,0.0
2016-06-23,1.09,0.0
2016-06-24,1.091,0.0009170000000000001
2016-06-27,1.092,0.0009170000000000001
2016-06-28,1.093,0.000916
2016-06-29,1.093,0.0
2016-06-30,1.093,0.0
2016-07-01,1.094,0.000915
2016-07-04,1.094,0.0
2016-07-05,1.095,0.000914
2016-07-06,1.075,0.0
2016-07-07,1.076,0.0009299999999999999
2016-07-08,1.077,0.0009289999999999999
2016-07-11,1.077,0.0
2016-07-12,1.077,0.0
2016-07-13,1.078,0.0009289999999999999
2016-07-14,1.078,0.0
2016-07-15,1.079,0.0009279999999999999
2016-07-18,1.079,0.0
2016-07-19,1.079,0.0
2016-07-20,1.08,0.0009270000000000001
2016-07-21,1.081,0.0009260000000000001
2016-07-22,1.081,0.0
2016-07-25,1.081,0.0
2016-07-26,1.081,0.0
2016-07-27,1.081,0.0
2016-07-28,1.082,0.000925
2016-07-29,1.082,0.0
2016-08-01,1.083,0.0009239999999999999
2016-08-02,1.083,0.0
2016-08-03,1.084,0.0009229999999999999
2016-08-04,1.084,0.0
2016-08-05,1.085,0.0009229999999999999
2016-08-08,1.086,0.0009220000000000001
2016-08-09,1.086,0.0
2016-08-10,1.087,0.000921
2016-08-11,1.088,0.00092
2016-08-12,1.089,0.000919
2016-08-15,1.091,0.001837
2016-08-16,1.09,-0.0009170000000000001
2016-08-17,1.09,0.0
2016-08-18,1.091,0.0009170000000000001
2016-08-19,1.092,0.0009170000000000001
2016-08-22,1.091,-0.000916
2016-08-23,1.09,-0.0009170000000000001
2016-08-24,1.09,0.0
2016-08-25,1.089,-0.0009170000000000001
2016-08-26,1.09,0.0009180000000000001
2016-08-29,1.09,0.0
2016-08-30,1.09,0.0
2016-08-31,1.09,0.0
2016-09-01,1.09,0.0
2016-09-02,1.09,0.0
2016-09-05,1.091,0.0009170000000000001
2016-09-06,1.092,0.0009170000000000001
2016-09-07,1.092,0.0
2016-09-08,1.093,0.000916
2016-09-09,1.092,-0.000915
2016-09-12,1.091,-0.000916
2016-09-13,1.091,0.0
2016-09-14,1.091,0.0
2016-09-19,1.092,0.0009170000000000001
2016-09-20,1.091,-0.000916
2016-09-21,1.092,0.0009170000000000001
2016-09-22,1.092,0.0
2016-09-23,1.093,0.000916
2016-09-26,1.093,0.0
2016-09-27,1.093,0.0
2016-09-28,1.094,0.000915
2016-09-29,1.094,0.0
2016-09-30,1.095,0.000914
2016-10-10,1.096,0.0009130000000000001
2016-10-11,1.097,0.000912
2016-10-12,1.097,0.0
2016-10-13,1.097,0.0
2016-10-14,1.098,0.000912
2016-10-17,1.098,0.0
2016-10-18,1.098,0.0
2016-10-19,1.099,0.000911
2016-10-20,1.1,0.00091
2016-10-21,1.1,0.0
2016-10-24,1.101,0.000909
2016-10-25,1.101,0.0
2016-10-26,1.1,-0.0009080000000000001
2016-10-27,1.098,-0.001818
2016-10-28,1.099,0.000911
2016-10-31,1.099,0.0
2016-11-01,1.099,0.0
2016-11-02,1.099,0.0
2016-11-03,1.099,0.0
2016-11-04,1.1,0.00091
2016-11-07,1.1,0.0
2016-11-08,1.1,0.0
2016-11-09,1.1,0.0
2016-11-10,1.1,0.0
2016-11-11,1.1,0.0
2016-11-14,1.1,0.0
2016-11-15,1.099,-0.000909
2016-11-16,1.098,-0.00091
2016-11-17,1.098,0.0
2016-11-18,1.097,-0.000911
2016-11-21,1.097,0.0
2016-11-22,1.097,0.0
2016-11-23,1.098,0.000912
2016-11-24,1.098,0.0
2016-11-25,1.097,-0.000911
2016-11-28,1.097,0.0
2016-11-29,1.096,-0.000912
2016-11-30,1.093,-0.002737
2016-12-01,1.091,-0.00183
2016-12-02,1.089,-0.001833
2016-12-05,1.086,-0.002755
2016-12-06,1.083,-0.002762
2016-12-07,1.083,0.0
2016-12-08,1.084,0.0009229999999999999
2016-12-09,1.083,-0.0009229999999999999
2016-12-12,1.079,-0.003693
2016-12-13,1.075,-0.003707
2016-12-14,1.072,-0.002791
2016-12-15,1.064,-0.007463
2016-12-16,1.065,0.00094
2016-12-19,1.062,-0.002817
2016-12-20,1.059,-0.002825
2016-12-21,1.06,0.000944
2016-12-22,1.062,0.001887
2016-12-23,1.063,0.000942
2016-12-26,1.064,0.000941
2016-12-27,1.064,0.0
2016-12-28,1.064,0.0
2016-12-29,1.066,0.00188
2016-12-30,1.067,0.0009379999999999999
2016-12-31,1.067,0.0
2017-01-03,1.068,0.000937
2017-01-04,1.069,0.000936
2017-01-05,1.069,0.0
2017-01-06,1.069,0.0
2017-01-09,1.07,0.000935
2017-01-10,1.071,0.000935
2017-01-11,1.071,0.0
2017-01-12,1.072,0.0009339999999999999
2017-01-13,1.072,0.0
2017-01-16,1.07,-0.0018659999999999998
2017-01-17,1.07,0.0
2017-01-18,1.068,-0.001869
2017-01-19,1.068,0.0
2017-01-20,1.068,0.0
2017-01-23,1.069,0.000936
2017-01-24,1.069,0.0
2017-01-25,1.069,0.0
2017-01-26,1.07,0.000935
2017-02-03,1.069,-0.000935
2017-02-06,1.068,-0.000935
2017-02-07,1.066,-0.0018729999999999999
2017-02-08,1.066,0.0
2017-02-09,1.066,0.0
2017-02-10,1.067,0.0009379999999999999
2017-02-13,1.067,0.0
2017-02-14,1.067,0.0
2017-02-15,1.067,0.0
2017-02-16,1.066,-0.000937
2017-02-17,1.066,0.0
2017-02-20,1.067,0.0009379999999999999
2017-02-21,1.067,0.0
2017-02-22,1.067,0.0
2017-02-23,1.067,0.0
2017-02-24,1.067,0.0
2017-02-27,1.068,0.000937
2017-02-28,1.068,0.0
2017-03-01,1.067,-0.000936
2017-03-02,1.067,0.0
2017-03-03,1.067,0.0
2017-03-06,1.068,0.000937
2017-03-07,1.067,-0.000936
2017-03-08,1.067,0.0
2017-03-09,1.066,-0.000937
2017-03-10,1.065,-0.0009379999999999999
2017-03-13,1.065,0.0
2017-03-14,1.065,0.0
2017-03-15,1.065,0.0
2017-03-16,1.065,0.0
2017-03-17,1.065,0.0
2017-03-20,1.064,-0.000939
2017-03-21,1.064,0.0
2017-03-22,1.064,0.0
2017-03-23,1.064,0.0
2017-03-24,1.065,0.00094
2017-03-27,1.067,0.001878
2017-03-28,1.067,0.0
2017-03-29,1.067,0.0
2017-03-30,1.066,-0.000937
2017-03-31,1.067,0.0009379999999999999
2017-04-05,1.046,-0.000937
2017-04-06,1.046,0.0
2017-04-07,1.047,0.000956
2017-04-10,1.047,0.0
2017-04-11,1.047,0.0
2017-04-12,1.047,0.0
2017-04-13,1.048,0.000955
2017-04-14,1.047,-0.000954
2017-04-17,1.046,-0.000955
2017-04-18,1.046,0.0
2017-04-19,1.045,-0.000956
2017-04-20,1.045,0.0
2017-04-21,1.044,-0.000957
2017-04-24,1.043,-0.000958
2017-04-25,1.043,0.0
2017-04-26,1.043,0.0
2017-04-27,1.043,0.0
2017-04-28,1.044,0.000959
2017-05-02,1.044,0.0
2017-05-03,1.043,-0.000958
2017-05-04,1.042,-0.000959
2017-05-05,1.042,0.0
2017-05-08,1.037,-0.004798
2017-05-09,1.035,-0.001929
2017-05-10,1.034,-0.0009660000000000001
2017-05-11,1.033,-0.000967
2017-05-12,1.034,0.000968
2017-05-15,1.034,0.0
2017-05-16,1.034,0.0
2017-05-17,1.034,0.0
2017-05-18,1.034,0.0
2017-05-19,1.034,0.0
2017-05-22,1.034,0.0
2017-05-23,1.034,0.0
2017-05-24,1.034,0.0
2017-05-25,1.034,0.0
2017-05-26,1.034,0.0
2017-05-31,1.033,-0.000967
2017-06-01,1.033,0.0
2017-06-02,1.033,0.0
2017-06-05,1.034,0.000968
2017-06-06,1.035,0.000967
2017-06-07,1.036,0.0009660000000000001
2017-06-08,1.037,0.000965
2017-06-09,1.038,0.000964
2017-06-12,1.038,0.0
2017-06-13,1.039,0.000963
2017-06-14,1.039,0.0
2017-06-15,1.04,0.000962
2017-06-16,1.04,0.0
2017-06-19,1.043,0.002885
2017-06-20,1.044,0.000959
2017-06-21,1.046,0.001916
2017-06-22,1.046,0.0
2017-06-23,1.047,0.000956
2017-06-26,1.049,0.00191
2017-06-27,1.049,0.0
2017-06-28,1.049,0.0
2017-06-29,1.049,0.0
2017-06-30,1.05,0.000953
2017-07-03,1.049,-0.000952
2017-07-04,1.03,0.000953
2017-07-05,1.031,0.0009710000000000001
2017-07-06,1.032,0.00097
2017-07-07,1.032,0.0
2017-07-10,1.032,0.0
2017-07-11,1.032,0.0
2017-07-12,1.033,0.000969
2017-07-13,1.033,0.0
2017-07-14,1.034,0.000968
2017-07-17,1.034,0.0
2017-07-18,1.034,0.0
2017-07-19,1.035,0.000967
2017-07-20,1.037,0.0019320000000000001
2017-07-21,1.037,0.0
2017-07-24,1.038,0.000964
2017-07-25,1.037,-0.000963
2017-07-26,1.036,-0.000964
2017-07-27,1.037,0.000965
2017-07-28,1.037,0.0
2017-07-31,1.038,0.000964
2017-08-01,1.038,0.0
2017-08-02,1.039,0.000963
2017-08-03,1.038,-0.000962
2017-08-04,1.038,0.0
2017-08-07,1.037,-0.000963
2017-08-08,1.038,0.000964
2017-08-09,1.037,-0.000963
2017-08-10,1.037,0.0
2017-08-11,1.037,0.0
2017-08-14,1.039,0.001929
2017-08-15,1.04,0.000962
2017-08-16,1.04,0.0
2017-08-17,1.039,-0.000962
2017-08-18,1.039,0.0
2017-08-21,1.039,0.0
2017-08-22,1.038,-0.000962
2017-08-23,1.038,0.0
2017-08-24,1.038,0.0
2017-08-25,1.038,0.0
2017-08-28,1.04,0.0019270000000000001
2017-08-29,1.04,0.0
2017-08-30,1.039,-0.000962
2017-08-31,1.039,0.0
2017-09-01,1.04,0.000962
2017-09-04,1.04,0.0
2017-09-05,1.04,0.0
2017-09-06,1.04,0.0
2017-09-07,1.041,0.000962
2017-09-08,1.041,0.0
2017-09-11,1.041,0.0
2017-09-12,1.041,0.0
2017-09-13,1.041,0.0
2017-09-14,1.041,0.0
2017-09-15,1.042,0.000961
2017-09-18,1.042,0.0
2017-09-19,1.042,0.0
2017-09-20,1.041,-0.00096
2017-09-21,1.041,0.0
2017-09-22,1.041,0.0
2017-09-25,1.042,0.000961
2017-09-26,1.041,-0.00096
2017-09-27,1.041,0.0
2017-09-28,1.041,0.0
2017-09-29,1.042,0.000961
2017-10-09,1.042,0.0
2017-10-10,1.042,0.0
2017-10-11,1.042,0.0
2017-10-12,1.043,0.00096
2017-10-13,1.043,0.0
2017-10-16,1.042,-0.000959
2017-10-17,1.042,0.0
2017-10-18,1.042,0.0
2017-10-19,1.042,0.0
2017-10-20,1.042,0.0
2017-10-23,1.042,0.0
2017-10-24,1.042,0.0
2017-10-25,1.042,0.0
2017-10-26,1.041,-0.00096
2017-10-27,1.041,0.0
2017-10-30,1.04,-0.000961
2017-10-31,1.039,-0.000962
2017-11-01,1.039,0.0
2017-11-02,1.038,-0.000962
2017-11-03,1.037,-0.000963
2017-11-06,1.037,0.0
2017-11-07,1.037,0.0
2017-11-08,1.036,-0.000964
2017-11-09,1.037,0.000965
2017-11-10,1.04,0.002893
2017-11-13,1.039,-0.000962
2017-11-14,1.039,0.0
2017-11-15,1.038,-0.000962
2017-11-16,1.038,0.0
2017-11-17,1.039,0.000963
2017-11-20,1.037,-0.001925
2017-11-21,1.036,-0.000964
2017-11-22,1.034,-0.001931
2017-11-23,1.031,-0.0029010000000000004
2017-11-24,1.03,-0.00097
2017-11-27,1.029,-0.0009710000000000001
2017-11-28,1.028,-0.000972
2017-11-29,1.028,0.0
2017-11-30,1.026,-0.001946
2017-12-01,1.025,-0.0009750000000000001
2017-12-04,1.027,0.001951
2017-12-05,1.029,0.0019470000000000002
2017-12-06,1.029,0.0
2017-12-07,1.028,-0.000972
2017-12-08,1.03,0.001946
2017-12-11,1.031,0.0009710000000000001
2017-12-12,1.029,-0.00194
2017-12-13,1.029,0.0
2017-12-14,1.028,-0.000972
2017-12-15,1.028,0.0
2017-12-18,1.029,0.000973
2017-12-19,1.031,0.001944
2017-12-20,1.03,-0.00097
2017-12-21,1.031,0.0009710000000000001
2017-12-22,1.031,0.0
2017-12-25,1.031,0.0
2017-12-26,1.033,0.00194
2017-12-27,1.031,-0.001936
2017-12-28,1.032,0.00097
2017-12-29,1.033,0.000969
2017-12-31,1.033,0.0
2018-01-02,1.034,0.000968
2018-01-03,1.034,0.0
2018-01-04,1.033,-0.000967
2018-01-05,1.033,0.0
2018-01-08,1.033,0.0
2018-01-09,1.033,0.0
2018-01-10,1.033,0.0
2018-01-11,1.033,0.0
2018-01-12,1.034,0.000968
2018-01-15,1.035,0.000967
2018-01-16,1.035,0.0
2018-01-17,1.036,0.0009660000000000001
2018-01-18,1.036,0.0
2018-01-19,1.036,0.0
2018-01-22,1.037,0.000965
2018-01-23,1.038,0.000964
2018-01-24,1.039,0.000963
2018-01-25,1.039,0.0
2018-01-26,1.04,0.000962
2018-01-29,1.037,-0.002885
2018-01-30,1.036,-0.000964
2018-01-31,1.037,0.000965
2018-02-01,1.037,0.0
2018-02-02,1.038,0.000964
2018-02-05,1.04,0.0019270000000000001
2018-02-06,1.038,-0.001923
2018-02-07,1.037,-0.000963
2018-02-08,1.035,-0.001929
2018-02-09,1.03,-0.004830999999999999
2018-02-12,1.033,0.0029130000000000002
2018-02-13,1.034,0.000968
2018-02-14,1.035,0.000967
2018-02-22,1.039,0.003865
2018-02-23,1.039,0.0
2018-02-26,1.042,0.0028870000000000002
2018-02-27,1.04,-0.001919
2018-02-28,1.04,0.0
2018-03-01,1.041,0.000962
2018-03-02,1.039,-0.001921
2018-03-05,1.039,0.0
2018-03-06,1.041,0.001925
2018-03-07,1.04,-0.000961
2018-03-08,1.04,0.0
2018-03-09,1.041,0.000962
2018-03-12,1.042,0.000961
2018-03-13,1.042,0.0
2018-03-14,1.041,-0.00096
2018-03-15,1.042,0.000961
2018-03-16,1.041,-0.00096
2018-03-19,1.042,0.000961
2018-03-20,1.042,0.0
2018-03-21,1.042,0.0
2018-03-22,1.042,0.0
2018-03-23,1.041,-0.00096
2018-03-26,1.042,0.000961
2018-03-27,1.044,0.001919
2018-03-28,1.044,0.0
2018-03-29,1.045,0.000958
2018-03-30,1.046,0.000957
2018-04-02,1.047,0.000956
2018-04-03,1.047,0.0
2018-04-04,1.048,0.000955
2018-04-09,1.049,0.000954
2018-04-10,1.05,0.000953
2018-04-11,1.051,0.000952
2018-04-12,1.05,-0.000951
2018-04-13,1.051,0.000952
2018-04-16,1.05,-0.000951
2018-04-17,1.05,0.0
2018-04-18,1.053,0.002857
2018-04-19,1.053,0.0
2018-04-20,1.052,-0.00095
2018-04-23,1.05,-0.001901
2018-04-24,1.052,0.001905
2018-04-25,1.052,0.0
2018-04-26,1.051,-0.000951
2018-04-27,1.051,0.0
2018-05-02,1.051,0.0
2018-05-03,1.051,0.0
2018-05-04,1.051,0.0
2018-05-07,1.053,0.001903
2018-05-08,1.054,0.00095
2018-05-09,1.052,-0.001898
2018-05-10,1.051,-0.000951
2018-05-11,1.051,0.0
2018-05-14,1.051,0.0
2018-05-15,1.053,0.001903
2018-05-16,1.052,-0.00095
2018-05-17,1.051,-0.000951
2018-05-18,1.051,0.0
2018-05-21,1.052,0.000951
2018-05-22,1.052,0.0
2018-05-23,1.05,-0.001901
2018-05-24,1.05,0.0
2018-05-25,1.048,-0.001905
2018-05-28,1.048,0.0
2018-05-29,1.046,-0.001908
2018-05-30,1.044,-0.001912
2018-05-31,1.045,0.000958
2018-06-01,1.045,0.0
2018-06-04,1.042,-0.0028710000000000003
2018-06-05,1.043,0.00096
2018-06-06,1.043,0.0
2018-06-07,1.044,0.000959
2018-06-08,1.043,-0.000958
2018-06-11,1.043,0.0
2018-06-12,1.044,0.000959
2018-06-13,1.043,-0.000958
2018-06-14,1.043,0.0
2018-06-15,1.042,-0.000959
2018-06-19,1.037,-0.004798
2018-06-20,1.037,0.0
2018-06-21,1.037,0.0
2018-06-22,1.038,0.000964
2018-06-25,1.039,0.000963
2018-06-26,1.039,0.0
2018-06-27,1.037,-0.001925
2018-06-28,1.037,0.0
2018-06-29,1.04,0.002893
2018-06-30,1.041,0.0
2018-07-02,1.039,-0.000962
2018-07-03,1.04,0.000962
2018-07-04,1.04,0.0
2018-07-05,1.041,0.000962
2018-07-06,1.042,0.000961
2018-07-09,1.045,0.002879
2018-07-10,1.045,0.0
2018-07-11,1.045,0.0
2018-07-12,1.047,0.001914
2018-07-13,1.047,0.0
2018-07-16,1.047,0.0
2018-07-17,1.047,0.0
2018-07-18,1.047,0.0
2018-07-19,1.049,0.00191
2018-07-20,1.051,0.001907
2018-07-23,1.054,0.0028539999999999998
2018-07-24,1.055,0.000949
2018-07-25,1.055,0.0
2018-07-26,1.053,-0.001896
2018-07-27,1.054,0.00095
2018-07-30,1.055,0.000949
2018-07-31,1.057,0.001896
2018-08-01,1.057,0.0
2018-08-02,1.057,0.0
2018-08-03,1.057,0.0
2018-08-06,1.058,0.000946
2018-08-07,1.062,0.003781
2018-08-08,1.061,-0.000942
2018-08-09,1.062,0.0009429999999999999
2018-08-10,1.06,-0.001883
2018-08-13,1.059,-0.0009429999999999999
2018-08-14,1.058,-0.000944
2018-08-15,1.057,-0.000945
2018-08-16,1.057,0.0
2018-08-17,1.055,-0.001892
2018-08-20,1.054,-0.000948
2018-08-21,1.055,0.000949
2018-08-22,1.055,0.0
2018-08-23,1.056,0.000948
2018-08-24,1.056,0.0
2018-08-27,1.057,0.000947
2018-08-28,1.058,0.000946
2018-08-29,1.057,-0.000945
2018-08-30,1.055,-0.001892
2018-08-31,1.056,0.000948
2018-09-03,1.056,0.0
2018-09-04,1.056,0.0
2018-09-05,1.055,-0.000947
2018-09-06,1.055,0.0
2018-09-07,1.054,-0.000948
2018-09-10,1.052,-0.001898
2018-09-11,1.051,-0.000951
2018-09-12,1.052,0.000951
2018-09-13,1.052,0.0
2018-09-14,1.051,-0.000951
2018-09-17,1.051,0.0
2018-09-18,1.053,0.001903
2018-09-19,1.055,0.001899
2018-09-20,1.054,-0.000948
2018-09-21,1.056,0.001898
2018-09-25,1.056,0.0
2018-09-26,1.037,0.000947
2018-09-27,1.036,-0.000964
2018-09-28,1.038,0.001931
2018-10-08,1.034,-0.0038540000000000002
2018-10-09,1.033,-0.000967
2018-10-10,1.034,0.000968
2018-10-11,1.031,-0.0029010000000000004
2018-10-12,1.033,0.00194
2018-10-15,1.033,0.0
2018-10-16,1.031,-0.001936
2018-10-17,1.032,0.00097
2018-10-18,1.031,-0.000969
2018-10-19,1.035,0.00388
2018-10-22,1.039,0.003865
2018-10-23,1.038,-0.000962
2018-10-24,1.039,0.000963
2018-10-25,1.04,0.000962
2018-10-26,1.04,0.0
2018-10-29,1.038,-0.001923
2018-10-30,1.039,0.000963
2018-10-31,1.04,0.000962
2018-11-01,1.042,0.001923
2018-11-02,1.047,0.004798
2018-11-05,1.048,0.000955
2018-11-06,1.047,-0.000954
2018-11-07,1.047,0.0
2018-11-08,1.047,0.0
2018-11-09,1.045,-0.00191
2018-11-12,1.047,0.001914
2018-11-13,1.049,0.00191
2018-11-14,1.049,0.0
2018-11-15,1.053,0.0038129999999999995
2018-11-16,1.056,0.002849
2018-11-19,1.056,0.0
2018-11-20,1.052,-0.003788
2018-11-21,1.052,0.0
2018-11-22,1.051,-0.000951
2018-11-23,1.048,-0.0028539999999999998
2018-11-26,1.049,0.000954
2018-11-27,1.05,0.000953
2018-11-28,1.052,0.001905
2018-11-29,1.05,-0.001901
2018-11-30,1.051,0.000952
2018-12-03,1.056,0.004757
2018-12-04,1.056,0.0
2018-12-05,1.056,0.0
2018-12-06,1.055,-0.000947
2018-12-07,1.055,0.0
2018-12-10,1.054,-0.000948
2018-12-11,1.054,0.0
2018-12-12,1.055,0.000949
2018-12-13,1.057,0.001896
2018-12-14,1.055,-0.001892
2018-12-17,1.055,0.0
2018-12-18,1.052,-0.0028439999999999997
2018-12-19,1.049,-0.002852
2018-12-20,1.046,-0.0028599999999999997
2018-12-21,1.044,-0.001912
2018-12-24,1.044,0.0
2018-12-25,1.041,-0.002874
2018-12-26,1.041,0.0
2018-12-27,1.041,0.0
2018-12-28,1.042,0.000961
2018-12-31,1.042,0.0
2019-01-02,1.042,0.0
2019-01-03,1.047,0.004798
2019-01-04,1.05,0.002865
2019-01-07,1.053,0.002857
2019-01-08,1.053,0.0
2019-01-09,1.055,0.001899
2019-01-10,1.056,0.000948
2019-01-11,1.056,0.0
2019-01-14,1.056,0.0
2019-01-15,1.057,0.000947
2019-01-16,1.057,0.0
2019-01-17,1.057,0.0
2019-01-18,1.058,0.000946
2019-01-21,1.06,0.00189
2019-01-22,1.059,-0.0009429999999999999
2019-01-23,1.059,0.0
2019-01-24,1.061,0.001889
2019-01-25,1.062,0.0009429999999999999
2019-01-28,1.061,-0.000942
2019-01-29,1.061,0.0
2019-01-30,1.061,0.0
2019-01-31,1.062,0.0009429999999999999
2019-02-01,1.064,0.001883
2019-02-11,1.067,0.0028199999999999996
2019-02-12,1.069,0.001874
2019-02-13,1.071,0.0018709999999999998
2019-02-14,1.073,0.001867
2019-02-15,1.072,-0.0009320000000000001
2019-02-18,1.076,0.003731
2019-02-19,1.074,-0.0018590000000000002
2019-02-20,1.074,0.0
2019-02-21,1.076,0.001862
2019-02-22,1.081,0.004647
2019-02-25,1.092,0.010176000000000001
2019-02-26,1.09,-0.001832
2019-02-27,1.088,-0.001835
2019-02-28,1.089,0.000919
2019-03-01,1.091,0.001837
2019-03-04,1.095,0.003666
2019-03-05,1.098,0.0027400000000000002
2019-03-06,1.098,0.0
2019-03-07,1.097,-0.000911
2019-03-08,1.093,-0.003646
2019-03-11,1.097,0.00366
2019-03-12,1.099,0.001823
2019-03-13,1.097,-0.00182
2019-03-14,1.094,-0.002735
2019-03-15,1.096,0.001828
2019-03-18,1.099,0.002737
2019-03-19,1.101,0.00182
2019-03-20,1.1,-0.0009080000000000001
2019-03-21,1.101,0.000909
2019-03-22,1.101,0.0
2019-03-25,1.103,0.001817
2019-03-26,1.099,-0.003626
2019-03-27,1.099,0.0
2019-03-28,1.079,0.0
2019-03-29,1.081,0.0018540000000000002
2019-04-01,1.084,0.002775
2019-04-02,1.085,0.0009229999999999999
2019-04-03,1.085,0.0
2019-04-04,1.087,0.001843
2019-04-08,1.085,-0.00184
2019-04-09,1.082,-0.002765
2019-04-10,1.081,-0.0009239999999999999
2019-04-11,1.077,-0.0037
2019-04-12,1.077,0.0
2019-04-15,1.075,-0.0018570000000000001
2019-04-16,1.078,0.002791
2019-04-17,1.079,0.0009279999999999999
2019-04-18,1.078,-0.0009270000000000001
2019-04-19,1.079,0.0009279999999999999
2019-04-22,1.074,-0.004634
2019-04-23,1.072,-0.001862
2019-04-24,1.072,0.0
2019-04-25,1.067,-0.004664
2019-04-26,1.063,-0.003749
2019-04-29,1.061,-0.0018809999999999999
2019-04-30,1.064,0.002828
2019-05-06,1.054,-0.009398
2019-05-07,1.055,0.000949
2019-05-08,1.056,0.000948
2019-05-09,1.056,0.0
2019-05-10,1.064,0.007576
2019-05-13,1.062,-0.00188
2019-05-14,1.063,0.000942
2019-05-15,1.066,0.002822
2019-05-16,1.066,0.0
2019-05-17,1.062,-0.0037519999999999997
2019-05-20,1.06,-0.001883
2019-05-21,1.062,0.001887
2019-05-22,1.062,0.0
2019-05-23,1.06,-0.001883
2019-05-24,1.06,0.0
2019-05-27,1.06,0.0
2019-05-28,1.06,0.0
2019-05-29,1.06,0.0
2019-05-30,1.058,-0.001887
2019-05-31,1.057,-0.000945
2019-06-03,1.053,-0.003784
2019-06-04,1.049,-0.0037990000000000003
2019-06-05,1.05,0.000953
2019-06-06,1.047,-0.002857
2019-06-10,1.049,0.00191
2019-06-11,1.056,0.006673
2019-06-12,1.054,-0.001894
2019-06-13,1.053,-0.000949
2019-06-14,1.051,-0.001899
2019-06-17,1.051,0.0
2019-06-18,1.051,0.0
2019-06-19,1.054,0.0028539999999999998
2019-06-20,1.061,0.006641
2019-06-21,1.065,0.00377
2019-06-24,1.064,-0.000939
2019-06-25,1.062,-0.00188
2019-06-26,1.063,0.000942
2019-06-27,1.065,0.0018809999999999999
2019-06-28,1.064,-0.000939
2019-06-30,1.064,0.0
2019-07-01,1.07,0.005639
2019-07-02,1.071,0.000935
2019-07-03,1.069,-0.001867
2019-07-04,1.068,-0.000935
2019-07-05,1.068,0.0
2019-07-08,1.063,-0.004682
2019-07-09,1.062,-0.000941
2019-07-10,1.062,0.0
2019-07-11,1.062,0.0
2019-07-12,1.065,0.002825
2019-07-15,1.067,0.001878
2019-07-16,1.067,0.0
2019-07-17,1.068,0.000937
2019-07-18,1.066,-0.0018729999999999999
2019-07-19,1.068,0.0018759999999999998
2019-07-22,1.066,-0.0018729999999999999
2019-07-23,1.066,0.0
2019-07-24,1.067,0.0009379999999999999
2019-07-25,1.071,0.003749
2019-07-26,1.074,0.002801
2019-07-29,1.074,0.0
2019-07-30,1.076,0.001862
2019-07-31,1.076,0.0
2019-08-01,1.075,-0.0009289999999999999
2019-08-02,1.074,-0.0009299999999999999
2019-08-05,1.07,-0.003724
2019-08-06,1.069,-0.000935
2019-08-07,1.071,0.0018709999999999998
2019-08-08,1.073,0.001867
2019-08-09,1.073,0.0
2019-08-12,1.077,0.0037280000000000004
2019-08-13,1.075,-0.0018570000000000001
2019-08-14,1.077,0.0018599999999999999
2019-08-15,1.078,0.0009289999999999999
2019-08-16,1.081,0.002783
2019-08-19,1.087,0.00555
2019-08-20,1.085,-0.00184
2019-08-21,1.084,-0.0009220000000000001
2019-08-22,1.083,-0.0009229999999999999
2019-08-23,1.088,0.004617
2019-08-26,1.083,-0.004596
2019-08-27,1.086,0.0027700000000000003
2019-08-28,1.086,0.0
2019-08-29,1.086,0.0
2019-08-30,1.086,0.0
2019-09-02,1.091,0.004604
2019-09-03,1.094,0.0027500000000000003
2019-09-04,1.095,0.000914
2019-09-05,1.1,0.004566
2019-09-06,1.102,0.001818
2019-09-09,1.106,0.00363
2019-09-10,1.104,-0.001808
2019-09-11,1.102,-0.001812
2019-09-12,1.102,0.0
2019-09-16,1.1,-0.001815
2019-09-17,1.093,-0.006364
2019-09-18,1.093,0.0
2019-09-19,1.096,0.002745
2019-09-20,1.101,0.004562
2019-09-23,1.097,-0.003633
2019-09-24,1.098,0.000912
2019-09-25,1.097,-0.000911
2019-09-26,1.094,-0.002735
2019-09-27,1.095,0.000914
2019-09-30,1.093,-0.0018260000000000001
2019-10-08,1.095,0.00183
2019-10-09,1.096,0.0009130000000000001
2019-10-10,1.098,0.001825
2019-10-11,1.102,0.003643
2019-10-14,1.106,0.00363
2019-10-15,1.104,-0.001808
2019-10-16,1.101,-0.002717
2019-10-17,1.101,0.0
2019-10-18,1.098,-0.002725
2019-10-21,1.097,-0.000911
2019-10-22,1.097,0.0
2019-10-23,1.095,-0.001823
2019-10-24,1.097,0.0018260000000000001
2019-10-25,1.098,0.000912
2019-10-28,1.1,0.0018210000000000001
2019-10-29,1.098,-0.001818
2019-10-30,1.095,-0.002732
2019-10-31,1.093,-0.0018260000000000001
2019-11-01,1.096,0.002745
2019-11-04,1.097,0.000912
2019-11-05,1.101,0.003646
2019-11-06,1.1,-0.0009080000000000001
2019-11-07,1.101,0.000909
2019-11-08,1.1,-0.0009080000000000001
2019-11-11,1.096,-0.003636
2019-11-12,1.095,-0.000912
2019-11-13,1.095,0.0
2019-11-14,1.096,0.0009130000000000001
2019-11-15,1.094,-0.001825
2019-11-18,1.096,0.001828
2019-11-19,1.1,0.00365
2019-11-20,1.098,-0.001818
2019-11-21,1.097,-0.000911
2019-11-22,1.095,-0.001823
2019-11-25,1.095,0.0
2019-11-26,1.096,0.0009130000000000001
2019-11-27,1.095,-0.000912
2019-11-28,1.094,-0.0009130000000000001
2019-11-29,1.094,0.0
2019-12-02,1.094,0.0
2019-12-03,1.095,0.000914
2019-12-04,1.095,0.0
2019-12-05,1.099,0.003653
2019-12-06,1.101,0.00182
2019-12-09,1.101,0.0
2019-12-10,1.102,0.0009080000000000001
2019-12-11,1.104,0.001815
2019-12-12,1.106,0.001812
2019-12-13,1.11,0.0036170000000000004
2019-12-16,1.116,0.005405
2019-12-17,1.12,0.003584
2019-12-18,1.12,0.0
2019-12-19,1.12,0.0
2019-12-20,1.116,-0.0035709999999999995
2019-12-23,1.114,-0.001792
2019-12-24,1.118,0.0035909999999999996
2019-12-25,1.12,0.001789
2019-12-26,1.124,0.0035709999999999995
2019-12-27,1.122,-0.001779
2019-12-30,1.124,0.0017829999999999999
2019-12-31,1.126,0.001779
2020-01-02,1.132,0.005329
2020-01-03,1.135,0.00265
2020-01-06,1.139,0.003524
2020-01-07,1.141,0.001756
2020-01-08,1.14,-0.0008759999999999999
2020-01-09,1.142,0.001754
2020-01-10,1.141,-0.0008759999999999999
2020-01-13,1.143,0.0017530000000000002
2020-01-14,1.145,0.0017499999999999998
2020-01-15,1.142,-0.00262
2020-01-16,1.141,-0.0008759999999999999
2020-01-17,1.141,0.0
2020-01-20,1.145,0.0035060000000000004
2020-01-21,1.143,-0.0017469999999999999
2020-01-22,1.144,0.0008749999999999999
2020-01-23,1.137,-0.006119
2020-02-03,1.118,-0.016711
2020-02-04,1.125,0.006261
2020-02-05,1.128,0.002667
2020-02-06,1.132,0.003546
2020-02-07,1.134,0.001767
2020-02-10,1.137,0.002646
2020-02-11,1.138,0.0008799999999999999
2020-02-12,1.146,0.00703
2020-02-13,1.144,-0.0017449999999999998
2020-02-14,1.144,0.0
2020-02-17,1.154,0.008741
2020-02-18,1.157,0.0026
2020-02-19,1.157,0.0
2020-02-20,1.162,0.0043219999999999995
2020-02-21,1.164,0.001721
2020-02-24,1.166,0.0017180000000000001
2020-02-25,1.163,-0.0025729999999999998
2020-02-26,1.16,-0.0025800000000000003
2020-02-27,1.159,-0.000862
2020-02-28,1.153,-0.005177
2020-03-02,1.156,0.0026019999999999997
2020-03-03,1.158,0.0017299999999999998
2020-03-04,1.158,0.0
2020-03-05,1.163,0.004318
2020-03-06,1.161,-0.00172
2020-03-09,1.15,-0.009475
2020-03-10,1.154,0.003478
2020-03-11,1.152,-0.0017330000000000002
2020-03-12,1.147,-0.00434
2020-03-13,1.144,-0.002616
2020-03-16,1.131,-0.011364
2020-03-17,1.129,-0.001768
2020-03-18,1.127,-0.001771
2020-03-19,1.125,-0.0017749999999999999
2020-03-20,1.115,0.008889000000000001
2020-03-23,1.107,-0.007175
2020-03-24,1.111,0.003613
2020-03-25,1.12,0.008101
2020-03-26,1.117,-0.0026790000000000004
2020-03-27,1.115,-0.001791
2020-03-30,1.112,-0.0026910000000000002
2020-03-31,1.112,0.0
2020-04-01,1.113,0.000899
2020-04-02,1.117,0.003594
2020-04-03,1.116,-0.000895
2020-04-07,1.127,0.009857
2020-04-08,1.129,0.0017749999999999999
2020-04-09,1.131,0.001771
2020-04-10,1.126,-0.004421
2020-04-13,1.123,-0.002664
2020-04-14,1.127,0.003562
2020-04-15,1.125,-0.0017749999999999999
2020-04-16,1.127,0.001778
2020-04-17,1.13,0.002662
2020-04-20,1.134,0.0035399999999999997
2020-04-21,1.133,-0.000882
2020-04-22,1.135,0.0017649999999999999
2020-04-23,1.134,-0.000881
2020-04-24,1.131,-0.002646
2020-04-27,1.136,0.004421
2020-04-28,1.136,0.0
2020-04-29,1.137,0.0008799999999999999
2020-04-30,1.141,0.003518
2020-05-06,1.142,0.0008759999999999999
2020-05-07,1.141,-0.0008759999999999999
2020-05-08,1.142,0.0008759999999999999
2020-05-11,1.14,-0.001751
2020-05-12,1.138,-0.001754
2020-05-13,1.136,-0.0017569999999999999
2020-05-14,1.131,-0.0044009999999999995
2020-05-15,1.129,-0.001768
2020-05-18,1.127,-0.001771
2020-05-19,1.128,0.000887
2020-05-20,1.122,-0.005319000000000001
2020-05-21,1.119,-0.002674
2020-05-22,1.114,-0.004468
2020-05-25,1.11,-0.0035909999999999996
2020-05-26,1.114,0.003604
2020-05-27,1.111,-0.0026929999999999996
2020-05-28,1.112,0.0009
2020-05-29,1.121,0.008094
2020-06-01,1.131,0.008921
2020-06-02,1.128,-0.002653
2020-06-03,1.127,-0.000887
2020-06-04,1.127,0.0
2020-06-05,1.124,-0.002662
2020-06-08,1.124,0.0
2020-06-09,1.124,0.0
2020-06-10,1.128,0.003559
2020-06-11,1.127,-0.000887
2020-06-12,1.129,0.0017749999999999999
2020-06-15,1.129,0.0
2020-06-16,1.134,0.004429
2020-06-17,1.132,-0.001764
2020-06-18,1.133,0.000883
2020-06-19,1.138,0.004413
2020-06-22,1.136,-0.0017569999999999999
2020-06-23,1.134,-0.001761
2020-06-24,1.136,0.001764
2020-06-29,1.133,-0.002641
2020-06-30,1.14,0.006178
2020-07-01,1.145,0.004386
2020-07-02,1.159,0.012226999999999998
2020-07-03,1.167,0.006903
2020-07-06,1.191,0.020566
2020-07-07,1.189,-0.001679
2020-07-08,1.205,0.013456999999999998
2020-07-09,1.21,0.004149
2020-07-10,1.205,-0.004132
2020-07-13,1.217,0.009959
2020-07-14,1.215,-0.001643
2020-07-15,1.204,-0.009053
2020-07-16,1.18,-0.019934
2020-07-17,1.182,0.0016950000000000001
2020-07-20,1.199,0.014381999999999999
2020-07-21,1.198,-0.000834
2020-07-22,1.204,0.005008
2020-07-23,1.207,0.002492
2020-07-24,1.187,-0.01657
2020-07-27,1.185,-0.001685
2020-07-28,1.189,0.003376
2020-07-29,1.202,0.010934
2020-07-30,1.203,0.000832
2020-07-31,1.205,0.001663
2020-08-03,1.218,0.010787999999999999
2020-08-04,1.215,-0.002463
2020-08-05,1.221,0.0049380000000000005
2020-08-06,1.228,0.005733
2020-08-07,1.227,-0.000814
2020-08-10,1.227,0.0
2020-08-11,1.217,-0.00815
2020-08-12,1.209,-0.006574
2020-08-13,1.209,0.0
2020-08-14,1.213,0.0033090000000000003
2020-08-17,1.226,0.010717
2020-08-18,1.228,0.0016309999999999999
2020-08-19,1.221,-0.005699999999999999
2020-08-20,1.212,-0.007371
2020-08-21,1.214,0.00165
2020-08-24,1.217,0.0025
2020-08-25,1.212,-0.0040999999999999995
2020-08-26,1.203,-0.0074
2020-08-27,1.207,0.0033
2020-08-28,1.215,0.0066
2020-08-31,1.216,0.0008
2020-09-01,1.218,0.0016
2020-09-02,1.219,0.0008
2020-09-03,1.215,-0.0033
2020-09-04,1.212,-0.0025
2020-09-07,1.205,-0.0058
2020-09-08,1.205,0.0
2020-09-09,1.196,-0.0075
2020-09-10,1.191,-0.0042
2020-09-11,1.2,0.0076
2020-09-14,1.204,0.0033
2020-09-15,1.212,0.0066
2020-09-16,1.207,-0.0040999999999999995
2020-09-17,1.208,0.0008
2020-09-18,1.216,0.0066
2020-09-21,1.216,0.0
2020-09-22,1.208,-0.0066
2020-09-23,1.209,0.0008
2020-09-24,1.197,-0.009899999999999999
2020-09-25,1.198,0.0008
2020-09-28,1.195,-0.0025
2020-09-29,1.205,0.0084
2020-09-30,1.209,0.0033
2020-10-09,1.218,0.0074
2020-10-12,1.236,0.0148
2020-10-13,1.24,0.0032
2020-10-14,1.239,-0.0008
2020-10-15,1.239,0.0
2020-10-16,1.236,-0.0024
2020-10-19,1.229,-0.005699999999999999
2020-10-20,1.236,0.005699999999999999
2020-10-21,1.229,-0.005699999999999999
2020-10-22,1.23,0.0008
2020-10-23,1.223,-0.005699999999999999
2020-10-26,1.225,0.0016
2020-10-27,1.229,0.0033
2020-10-28,1.232,0.0024
2020-10-29,1.233,0.0008
2020-10-30,1.222,-0.0089
2020-11-02,1.225,0.0025
2020-11-03,1.232,0.005699999999999999
2020-11-04,1.235,0.0024
2020-11-05,1.243,0.006500000000000001
2020-11-06,1.238,-0.004
2020-11-09,1.247,0.0073
2020-11-10,1.245,-0.0016
2020-11-11,1.24,-0.004
2020-11-12,1.239,-0.0008
2020-11-13,1.237,-0.0016
2020-11-16,1.239,0.0016
2020-11-17,1.235,-0.0032
2020-11-18,1.233,-0.0016
2020-11-19,1.238,0.0040999999999999995
2020-11-20,1.238,0.0
2020-11-23,1.245,0.005699999999999999
2020-11-24,1.244,-0.0008
2020-11-25,1.237,-0.005600000000000001
2020-11-26,1.236,-0.0008
2020-11-27,1.241,0.004
2020-11-30,1.24,-0.0008
2020-12-01,1.247,0.005600000000000001
2020-12-02,1.246,-0.0008
2020-12-03,1.243,-0.0024
2020-12-04,1.244,0.0008
2020-12-07,1.242,-0.0016
2020-12-08,1.241,-0.0008
2020-12-09,1.24,-0.0008
2020-12-10,1.237,-0.0024
2020-12-11,1.232,-0.004
2020-12-14,1.232,0.0
2020-12-15,1.232,0.0
2020-12-16,1.231,-0.0008
2020-12-17,1.235,0.0032
2020-12-18,1.237,0.0016
2020-12-21,1.244,0.005699999999999999
2020-12-22,1.24,-0.0032
2020-12-23,1.242,0.0016
2020-12-24,1.238,-0.0032
2020-12-25,1.243,0.004
2020-12-28,1.243,0.0
2020-12-29,1.24,-0.0024
2020-12-30,1.249,0.0073
2020-12-31,1.254,0.004
2021-01-04,1.26,0.0048
2021-01-05,1.267,0.005600000000000001
2021-01-06,1.268,0.0008
2021-01-07,1.27,0.0016
2021-01-08,1.267,-0.0024
2021-01-11,1.266,-0.0008
2021-01-12,1.273,0.0055000000000000005
2021-01-13,1.269,-0.0031
2021-01-14,1.267,-0.0016
2021-01-15,1.271,0.0032
2021-01-18,1.275,0.0031
2021-01-19,1.27,-0.0039000000000000003
2021-01-20,1.271,0.0008
2021-01-21,1.274,0.0024
2021-01-22,1.273,-0.0008
2021-01-25,1.272,-0.0008
2021-01-26,1.269,-0.0024
2021-01-27,1.269,0.0
2021-01-28,1.258,-0.0087
2021-01-29,1.253,-0.004
2021-02-01,1.254,0.0008
2021-02-02,1.257,0.0024
2021-02-03,1.255,-0.0016
2021-02-04,1.25,-0.004
2021-02-05,1.25,0.0
2021-02-08,1.253,0.0024
2021-02-09,1.258,0.004
2021-02-10,1.261,0.0024
2021-02-18,1.263,0.0016
2021-02-19,1.266,0.0024
2021-02-22,1.268,0.0016
2021-02-23,1.267,-0.0008
2021-02-24,1.261,-0.004699999999999999
2021-02-25,1.261,0.0
2021-02-26,1.257,-0.0032
2021-03-01,1.261,0.0032
2021-03-02,1.261,0.0
2021-03-03,1.265,0.0032
2021-03-04,1.26,-0.004
2021-03-05,1.261,0.0008
2021-03-08,1.257,-0.0032
2021-03-09,1.255,-0.0016
2021-03-10,1.256,0.0008
2021-03-11,1.26,0.0032
2021-03-12,1.26,0.0
2021-03-15,1.259,-0.0008
2021-03-16,1.26,0.0008
2021-03-17,1.261,0.0008
2021-03-18,1.263,0.0016
2021-03-19,1.262,-0.0008
2021-03-22,1.264,0.0016
2021-03-23,1.263,-0.0008
2021-03-24,1.26,-0.0024
2021-03-25,1.26,0.0
2021-03-26,1.262,0.0016
2021-03-29,1.264,0.0016
2021-03-30,1.264,0.0
2021-03-31,1.263,-0.0008
2021-04-01,1.264,0.0008
2021-04-02,1.264,0.0
2021-04-06,1.264,0.0
2021-04-07,1.265,0.0008
2021-04-08,1.265,0.0
2021-04-09,1.265,0.0
2021-04-12,1.262,-0.0024
2021-04-13,1.263,0.0008
2021-04-14,1.265,0.0016
2021-04-15,1.265,0.0
2021-04-16,1.265,0.0
2021-04-19,1.269,0.0032
2021-04-20,1.269,0.0
2021-04-21,1.269,0.0
2021-04-22,1.269,0.0
2021-04-23,1.268,-0.0008
2021-04-26,1.265,-0.0024
2021-04-27,1.264,-0.0008
2021-04-28,1.265,0.0008
2021-04-29,1.267,0.0016
2021-04-30,1.268,0.0008
2021-05-06,1.269,0.0008
2021-05-07,1.269,0.0
2021-05-10,1.27,0.0008
2021-05-11,1.27,0.0
2021-05-12,1.271,0.0008
2021-05-13,1.27,-0.0008
2021-05-14,1.271,0.0008
2021-05-17,1.272,0.0008
2021-05-18,1.273,0.0008
2021-05-19,1.274,0.0008
2021-05-20,1.274,0.0
2021-05-21,1.276,0.0016
2021-05-24,1.277,0.0008
2021-05-25,1.279,0.0016
2021-05-26,1.28,0.0008
2021-05-27,1.28,0.0
2021-05-28,1.28,0.0
2021-05-31,1.281,0.0008
2021-06-01,1.282,0.0008
2021-06-02,1.28,-0.0016
2021-06-03,1.28,0.0
2021-06-04,1.279,-0.0008
2021-06-07,1.279,0.0
2021-06-08,1.277,-0.0016
2021-06-09,1.277,0.0
2021-06-10,1.278,0.0008
2021-06-11,1.275,-0.0023
2021-06-15,1.273,-0.0016
2021-06-16,1.27,-0.0024
2021-06-17,1.269,-0.0008
2021-06-18,1.271,0.0016
2021-06-21,1.273,0.0016
2021-06-22,1.275,0.0016
2021-06-23,1.277,0.0016
2021-06-24,1.277,0.0
2021-06-25,1.279,0.0016
2021-06-28,1.278,-0.0008
2021-06-29,1.276,-0.0016
2021-06-30,1.277,0.0008
2021-07-01,1.277,0.0
2021-07-02,1.276,-0.0008
2021-07-05,1.277,0.0008
2021-07-06,1.278,0.0008
2021-07-07,1.281,0.0023
2021-07-08,1.282,0.0008
2021-07-09,1.285,0.0023
2021-07-12,1.288,0.0023
2021-07-13,1.291,0.0023
2021-07-14,1.289,-0.0015
2021-07-15,1.292,0.0023
2021-07-16,1.293,0.0008
2021-07-19,1.291,-0.0015
2021-07-20,1.291,0.0
2021-07-21,1.295,0.0031
2021-07-22,1.3,0.0039000000000000003
2021-07-23,1.302,0.0015
2021-07-26,1.3,-0.0015
2021-07-27,1.295,-0.0038
2021-07-28,1.293,-0.0015
2021-07-29,1.297,0.0031
2021-07-30,1.3,0.0023
2021-08-02,1.303,0.0023
2021-08-03,1.299,-0.0031
2021-08-04,1.304,0.0038
2021-08-05,1.303,-0.0008
2021-08-06,1.303,0.0
2021-08-09,1.304,0.0008
2021-08-10,1.305,0.0008
2021-08-11,1.307,0.0015
2021-08-12,1.309,0.0015
2021-08-13,1.31,0.0008
2021-08-16,1.31,0.0
2021-08-17,1.307,-0.0023
2021-08-18,1.307,0.0
2021-08-19,1.305,-0.0015
2021-08-20,1.305,0.0
2021-08-23,1.307,0.0015
2021-08-24,1.309,0.0015
2021-08-25,1.311,0.0015
2021-08-26,1.311,0.0
2021-08-27,1.312,0.0008
2021-08-30,1.315,0.0023
2021-08-31,1.317,0.0015
2021-09-01,1.316,-0.0008
2021-09-02,1.32,0.003
2021-09-03,1.319,-0.0008
2021-09-06,1.32,0.0008
2021-09-07,1.325,0.0038
2021-09-08,1.327,0.0015
2021-09-09,1.328,0.0008
2021-09-10,1.328,0.0
2021-09-13,1.331,0.0023
2021-09-14,1.327,-0.003
2021-09-15,1.327,0.0
2021-09-16,1.324,-0.0023
2021-09-17,1.322,-0.0015
2021-09-22,1.323,0.0008
2021-09-23,1.326,0.0023
2021-09-24,1.32,-0.0045000000000000005
2021-09-27,1.315,-0.0038
2021-09-28,1.315,0.0
2021-09-29,1.31,-0.0038
2021-09-30,1.314,0.0031
2021-10-08,1.314,0.0
2021-10-11,1.314,0.0
2021-10-12,1.309,-0.0038
2021-10-13,1.31,0.0008
2021-10-14,1.31,0.0
2021-10-15,1.311,0.0008
2021-10-18,1.314,0.0023
2021-10-19,1.315,0.0008
2021-10-20,1.314,-0.0008
2021-10-21,1.316,0.0015
2021-10-22,1.314,-0.0015
2021-10-25,1.314,0.0
2021-10-26,1.315,0.0008
2021-10-27,1.312,-0.0023
2021-10-28,1.31,-0.0015
2021-10-29,1.313,0.0023
2021-11-01,1.315,0.0015
2021-11-02,1.314,-0.0008
2021-11-03,1.315,0.0008
2021-11-04,1.316,0.0008
2021-11-05,1.312,-0.003
2021-11-08,1.314,0.0015
2021-11-09,1.316,0.0015
2021-11-10,1.318,0.0015
2021-11-11,1.321,0.0023
2021-11-12,1.323,0.0015
2021-11-15,1.322,-0.0008
2021-11-16,1.319,-0.0023
2021-11-17,1.32,0.0008
2021-11-18,1.321,0.0008
2021-11-19,1.323,0.0015
2021-11-22,1.327,0.003
2021-11-23,1.326,-0.0008
2021-11-24,1.326,0.0
2021-11-25,1.326,0.0
2021-11-26,1.326,0.0
2021-11-29,1.327,0.0008
2021-11-30,1.328,0.0008
2021-12-01,1.328,0.0
2021-12-02,1.329,0.0008
2021-12-03,1.33,0.0008
2021-12-06,1.328,-0.0015
2021-12-07,1.323,-0.0038
2021-12-08,1.326,0.0023
2021-12-09,1.328,0.0015
2021-12-10,1.329,0.0008
2021-12-13,1.33,0.0008
2021-12-14,1.309,-0.0008
2021-12-15,1.309,0.0
2021-12-16,1.309,0.0
2021-12-17,1.308,-0.0008
2021-12-20,1.306,-0.0015
2021-12-21,1.309,0.0023
2021-12-22,1.312,0.0023
2021-12-23,1.314,0.0015
2021-12-24,1.314,0.0
2021-12-27,1.313,-0.0008
2021-12-28,1.314,0.0008
2021-12-29,1.313,-0.0008
2021-12-30,1.317,0.003
2021-12-31,1.319,0.0015
2022-01-04,1.319,0.0
2022-01-05,1.316,-0.0023
2022-01-06,1.316,0.0
2022-01-07,1.315,-0.0008
2022-01-10,1.317,0.0015
2022-01-11,1.313,-0.003
2022-01-12,1.317,0.003
2022-01-13,1.313,-0.003
2022-01-14,1.31,-0.0023
2022-01-17,1.314,0.0031
2022-01-18,1.316,0.0015
2022-01-19,1.315,-0.0008
2022-01-20,1.317,0.0015
2022-01-21,1.315,-0.0015
2022-01-24,1.317,0.0015
2022-01-25,1.311,-0.0046
2022-01-26,1.313,0.0015
2022-01-27,1.31,-0.0023
2022-01-28,1.311,0.0008
2022-02-07,1.314,0.0023
2022-02-08,1.316,0.0015
2022-02-09,1.32,0.003
2022-02-10,1.32,0.0
2022-02-11,1.318,-0.0015
2022-02-14,1.303,-0.011399999999999999
2022-02-15,1.297,-0.0046
2022-02-16,1.3,0.0023
2022-02-17,1.301,0.0008
2022-02-18,1.303,0.0015
2022-02-21,1.303,0.0
2022-02-22,1.3,-0.0023
2022-02-23,1.303,0.0023
2022-02-24,1.301,-0.0015
2022-02-25,1.304,0.0023
2022-02-28,1.305,0.0008
2022-03-01,1.306,0.0008
2022-03-02,1.304,-0.0015
2022-03-03,1.302,-0.0015
2022-03-04,1.297,-0.0038
2022-03-07,1.288,-0.0069
2022-03-08,1.281,-0.0054
2022-03-09,1.279,-0.0016
2022-03-10,1.284,0.0039000000000000003
2022-03-11,1.285,0.0008
2022-03-14,1.28,-0.0039000000000000003
2022-03-15,1.27,-0.0078000000000000005
2022-03-16,1.281,0.0087
2022-03-17,1.285,0.0031
2022-03-18,1.288,0.0023
2022-03-21,1.288,0.0
2022-03-22,1.288,0.0
2022-03-23,1.287,-0.0008
2022-03-24,1.281,-0.004699999999999999
2022-03-25,1.277,-0.0031
2022-03-28,1.277,0.0
2022-03-29,1.279,0.0016
2022-03-30,1.286,0.0055000000000000005
2022-03-31,1.285,-0.0008
2022-04-01,1.292,0.0054
2022-04-06,1.294,0.0015
2022-04-07,1.291,-0.0023
2022-04-08,1.292,0.0008
2022-04-11,1.286,-0.0046
2022-04-12,1.288,0.0016
2022-04-13,1.286,-0.0016
2022-04-14,1.288,0.0016
2022-04-15,1.287,-0.0008
2022-04-18,1.286,-0.0008
2022-04-19,1.288,0.0016
2022-04-20,1.283,-0.0039000000000000003
2022-04-21,1.276,-0.0055000000000000005
2022-04-22,1.277,0.0008
2022-04-25,1.266,-0.0086
2022-04-26,1.264,-0.0016
2022-04-27,1.273,0.0070999999999999995
2022-04-28,1.274,0.0008
2022-04-29,1.282,0.0063
2022-05-05,1.283,0.0008
2022-05-06,1.279,-0.0031
2022-05-09,1.277,-0.0016
2022-05-10,1.28,0.0023
2022-05-11,1.284,0.0031
2022-05-12,1.283,-0.0008
2022-05-13,1.285,0.0016
2022-05-16,1.284,-0.0008
2022-05-17,1.287,0.0023
2022-05-18,1.287,0.0
2022-05-19,1.286,-0.0008
2022-05-20,1.292,0.004699999999999999
2022-05-23,1.294,0.0015
2022-05-24,1.288,-0.0046
2022-05-25,1.29,0.0016
2022-05-26,1.293,0.0023
2022-05-27,1.293,0.0
2022-05-30,1.292,-0.0008
2022-05-31,1.293,0.0008
2022-06-01,1.291,-0.0015
2022-06-02,1.291,0.0
2022-06-06,1.294,0.0023
2022-06-07,1.293,-0.0008
2022-06-08,1.294,0.0008
2022-06-09,1.295,0.0008
2022-06-10,1.297,0.0015
2022-06-13,1.296,-0.0008
2022-06-14,1.296,0.0
2022-06-15,1.3,0.0031
2022-06-16,1.301,0.0008
2022-06-17,1.303,0.0015
2022-06-20,1.301,-0.0015
2022-06-21,1.299,-0.0015
2022-06-22,1.298,-0.0008
2022-06-23,1.3,0.0015
2022-06-24,1.301,0.0008
2022-06-27,1.304,0.0023
2022-06-28,1.308,0.0031
2022-06-29,1.306,-0.0015
2022-06-30,1.307,0.0008
2022-07-01,1.308,0.0008
2022-07-04,1.309,0.0008
2022-07-05,1.309,0.0
2022-07-06,1.305,-0.0031
2022-07-07,1.307,0.0015
2022-07-08,1.309,0.0015
2022-07-11,1.308,-0.0008
2022-07-12,1.306,-0.0015
2022-07-13,1.307,0.0008
2022-07-14,1.308,0.0008
2022-07-15,1.306,-0.0015
2022-07-18,1.309,0.0023
2022-07-19,1.31,0.0008
2022-07-20,1.312,0.0015
2022-07-21,1.313,0.0008
2022-07-22,1.311,-0.0015
2022-07-25,1.311,0.0
2022-07-26,1.315,0.0031
2022-07-27,1.316,0.0008
2022-07-28,1.317,0.0008
2022-07-29,1.319,0.0015
2022-08-01,1.319,0.0
2022-08-02,1.318,-0.0008
2022-08-03,1.316,-0.0015
2022-08-04,1.317,0.0008
2022-08-05,1.318,0.0008
2022-08-08,1.319,0.0008
2022-08-09,1.318,-0.0008
2022-08-10,1.317,-0.0008
2022-08-11,1.32,0.0023
2022-08-12,1.321,0.0008
2022-08-15,1.323,0.0015
2022-08-16,1.326,0.0023
2022-08-17,1.327,0.0008
2022-08-18,1.324,-0.0023
2022-08-19,1.323,-0.0008
2022-08-22,1.325,0.0015
2022-08-23,1.324,-0.0008
2022-08-24,1.32,-0.003
2022-08-25,1.32,0.0
2022-08-26,1.32,0.0
2022-08-29,1.319,-0.0008
2022-08-30,1.319,0.0
2022-08-31,1.317,-0.0015
2022-09-01,1.317,0.0
2022-09-02,1.318,0.0008
2022-09-05,1.319,0.0008
2022-09-06,1.32,0.0008
2022-09-07,1.321,0.0008
2022-09-08,1.32,-0.0008
2022-09-09,1.321,0.0008
2022-09-13,1.322,0.0008
2022-09-14,1.32,-0.0015
2022-09-15,1.319,-0.0008
2022-09-16,1.316,-0.0023
2022-09-19,1.316,0.0
2022-09-20,1.316,0.0
2022-09-21,1.316,0.0
2022-09-22,1.315,-0.0008
2022-09-23,1.313,-0.0015
2022-09-26,1.309,-0.003
2022-09-27,1.311,0.0015
2022-09-28,1.308,-0.0023
2022-09-29,1.306,-0.0015
2022-09-30,1.306,0.0
2022-10-10,1.306,0.0
2022-10-11,1.307,0.0008
2022-10-12,1.31,0.0023
2022-10-13,1.31,0.0
2022-10-14,1.313,0.0023
2022-10-17,1.313,0.0
2022-10-18,1.312,-0.0008
2022-10-19,1.31,-0.0015
2022-10-20,1.308,-0.0015
2022-10-21,1.307,-0.0008
2022-10-24,1.303,-0.0031
2022-10-25,1.301,-0.0015
2022-10-26,1.301,0.0
2022-10-27,1.302,0.0008
2022-10-28,1.299,-0.0023
2022-10-31,1.295,-0.0031
2022-11-01,1.299,0.0031
2022-11-02,1.3,0.0008
2022-11-03,1.3,0.0
2022-11-04,1.304,0.0031
2022-11-07,1.303,-0.0008
2022-11-08,1.302,-0.0008
2022-11-09,1.301,-0.0008
2022-11-10,1.299,-0.0015
2022-11-11,1.303,0.0031
2022-11-14,1.298,-0.0038
2022-11-15,1.298,0.0
2022-11-16,1.291,-0.0054
2022-11-17,1.289,-0.0015
2022-11-18,1.287,-0.0016
2022-11-21,1.287,0.0
2022-11-22,1.287,0.0
2022-11-23,1.288,0.0008
2022-11-24,1.29,0.0016
2022-11-25,1.292,0.0016
2022-11-28,1.289,-0.0023
2022-11-29,1.295,0.004699999999999999
2022-11-30,1.295,0.0
2022-12-01,1.297,0.0015
2022-12-02,1.296,-0.0008
2022-12-05,1.3,0.0031
2022-12-06,1.298,-0.0015
2022-12-07,1.293,-0.0039000000000000003
2022-12-08,1.292,-0.0008
2022-12-09,1.292,0.0
2022-12-12,1.288,-0.0031
2022-12-13,1.283,-0.0039000000000000003
2022-12-14,1.283,0.0
2022-12-15,1.283,0.0
2022-12-16,1.281,-0.0016
2022-12-19,1.278,-0.0023
2022-12-20,1.276,-0.0016
2022-12-21,1.277,0.0008
2022-12-22,1.271,-0.0008
2022-12-23,1.272,0.0008
2022-12-26,1.274,0.0016
2022-12-27,1.279,0.0039000000000000003
2022-12-28,1.278,-0.0008
2022-12-29,1.277,-0.0008
2022-12-30,1.278,0.0008
2022-12-31,1.278,0.0
2023-01-03,1.281,0.0023
2023-01-04,1.284,0.0023
2023-01-05,1.287,0.0023
2023-01-06,1.287,0.0
2023-01-09,1.288,0.0008
2023-01-10,1.285,-0.0023
2023-01-11,1.284,-0.0008
2023-01-12,1.285,0.0008
2023-01-13,1.286,0.0008
2023-01-16,1.288,0.0016
2023-01-17,1.29,0.0016
2023-01-18,1.291,0.0008
2023-01-19,1.292,0.0008
2023-01-20,1.294,0.0015
2023-01-30,1.294,0.0
2023-01-31,1.293,-0.0008
2023-02-01,1.296,0.0023
2023-02-02,1.296,0.0
2023-02-03,1.296,0.0
2023-02-06,1.294,-0.0015
2023-02-07,1.295,0.0008
2023-02-08,1.294,-0.0008
2023-02-09,1.297,0.0023
2023-02-10,1.296,-0.0008
2023-02-13,1.297,0.0008
2023-02-14,1.297,0.0
2023-02-15,1.296,-0.0008
2023-02-16,1.295,-0.0008
2023-02-17,1.294,-0.0008
2023-02-20,1.296,0.0015
2023-02-21,1.296,0.0
2023-02-22,1.296,0.0
2023-02-23,1.296,0.0
2023-02-24,1.295,-0.0008
2023-02-27,1.294,-0.0008
2023-02-28,1.294,0.0
2023-03-01,1.296,0.0015
2023-03-02,1.296,0.0
2023-03-03,1.296,0.0
2023-03-06,1.296,0.0
2023-03-07,1.295,-0.0008
2023-03-08,1.295,0.0
2023-03-09,1.296,0.0008
2023-03-10,1.294,-0.0015
2023-03-13,1.295,0.0008
2023-03-14,1.296,0.0008
2023-03-15,1.297,0.0008
2023-03-16,1.295,-0.0015
2023-03-17,1.296,0.0008
2023-03-20,1.298,0.0015
2023-03-21,1.299,0.0008
2023-03-22,1.3,0.0008
2023-03-23,1.301,0.0008
2023-03-24,1.299,-0.0015
2023-03-27,1.3,0.0008
2023-03-28,1.299,-0.0008
2023-03-29,1.299,0.0
2023-03-30,1.299,0.0
2023-03-31,1.301,0.0015
2023-04-03,1.303,0.0015
2023-04-04,1.303,0.0
2023-04-06,1.303,0.0
2023-04-07,1.304,0.0008
2023-04-10,1.305,0.0008
2023-04-11,1.305,0.0
2023-04-12,1.305,0.0
2023-04-13,1.305,0.0
2023-04-14,1.305,0.0
2023-04-17,1.307,0.0015
2023-04-18,1.307,0.0
2023-04-19,1.307,0.0
2023-04-20,1.305,-0.0015
2023-04-21,1.303,-0.0015
2023-04-24,1.301,-0.0015
2023-04-25,1.301,0.0
2023-04-26,1.304,0.0023
2023-04-27,1.306,0.0015
2023-04-28,1.307,0.0008
2023-05-04,1.308,0.0008
2023-05-05,1.308,0.0
2023-05-08,1.309,0.0008
2023-05-09,1.31,0.0008
2023-05-10,1.308,-0.0015
2023-05-11,1.309,0.0008
2023-05-12,1.306,-0.0023
2023-05-15,1.307,0.0008
2023-05-16,1.306,-0.0008
2023-05-17,1.307,0.0008
2023-05-18,1.306,-0.0008
2023-05-19,1.307,0.0008
2023-05-22,1.308,0.0008
2023-05-23,1.308,0.0
2023-05-24,1.307,-0.0008
2023-05-25,1.307,0.0
2023-05-26,1.307,0.0
2023-05-29,1.307,0.0
2023-05-30,1.307,0.0
2023-05-31,1.306,-0.0008
2023-06-01,1.307,0.0008
2023-06-02,1.309,0.0015
2023-06-05,1.309,0.0
2023-06-06,1.309,0.0
2023-06-07,1.309,0.0
2023-06-08,1.31,0.0008
2023-06-09,1.312,0.0015
2023-06-12,1.313,0.0008
2023-06-13,1.314,0.0008
2023-06-14,1.314,0.0
2023-06-15,1.315,0.0008
2023-06-16,1.314,-0.0008
2023-06-19,1.312,-0.0015
2023-06-20,1.312,0.0
2023-06-21,1.311,-0.0008
2023-06-26,1.31,-0.0008
2023-06-27,1.311,0.0008
2023-06-28,1.311,0.0
2023-06-29,1.312,0.0008
2023-06-30,1.313,0.0008
2023-07-03,1.315,0.0015
2023-07-04,1.315,0.0
2023-07-05,1.315,0.0
2023-07-06,1.315,0.0
2023-07-07,1.315,0.0
2023-07-10,1.316,0.0008
2023-07-11,1.317,0.0008
2023-07-12,1.316,-0.0008
2023-07-13,1.317,0.0008
2023-07-14,1.316,-0.0008
2023-07-17,1.317,0.0008
2023-07-18,1.317,0.0
2023-07-19,1.318,0.0008
2023-07-20,1.319,0.0008
2023-07-21,1.319,0.0
2023-07-24,1.319,0.0
2023-07-25,1.319,0.0
2023-07-26,1.319,0.0
2023-07-27,1.32,0.0008
2023-07-28,1.321,0.0008
2023-07-31,1.32,-0.0008
2023-08-01,1.319,-0.0008
2023-08-02,1.32,0.0008
2023-08-03,1.321,0.0008
2023-08-04,1.321,0.0
2023-08-07,1.321,0.0
2023-08-08,1.321,0.0
2023-08-09,1.321,0.0
2023-08-10,1.321,0.0
2023-08-11,1.321,0.0
2023-08-14,1.322,0.0008
2023-08-15,1.322,0.0
2023-08-16,1.323,0.0008
2023-08-17,1.323,0.0
2023-08-18,1.323,0.0
2023-08-21,1.324,0.0008
2023-08-22,1.322,-0.0015
2023-08-23,1.322,0.0
2023-08-24,1.322,0.0
2023-08-25,1.322,0.0
2023-08-28,1.321,-0.0008
2023-08-29,1.321,0.0
2023-08-30,1.321,0.0
2023-08-31,1.321,0.0
2023-09-01,1.321,0.0
2023-09-04,1.32,-0.0008
2023-09-05,1.319,-0.0008
2023-09-06,1.318,-0.0008
2023-09-07,1.315,-0.0023
2023-09-08,1.313,-0.0015
2023-09-11,1.312,-0.0008
2023-09-12,1.313,0.0008
2023-09-13,1.314,0.0008
2023-09-14,1.315,0.0008
2023-09-15,1.315,0.0
2023-09-18,1.315,0.0
2023-09-19,1.315,0.0
2023-09-20,1.315,0.0
2023-09-21,1.316,0.0008
2023-09-22,1.316,0.0
2023-09-25,1.316,0.0
2023-09-26,1.315,-0.0008
2023-09-27,1.316,0.0008
2023-09-28,1.317,0.0008
2023-10-09,1.318,0.0008
2023-10-10,1.317,-0.0008
2023-10-11,1.316,-0.0008
2023-10-12,1.316,0.0
2023-10-13,1.316,0.0
2023-10-16,1.315,-0.0008
2023-10-17,1.314,-0.0008
2023-10-18,1.313,-0.0008
2023-10-19,1.3102,-0.0021
2023-10-20,1.3099,-0.0002
2023-10-23,1.3092,-0.0005
2023-10-24,1.3099,0.0005
2023-10-25,1.3114,0.0011
2023-10-26,1.3121,0.0005
2023-10-27,1.3139,0.0014000000000000002
2023-10-30,1.315,0.0008
2023-10-31,1.3144,-0.0005
2023-11-01,1.3141,-0.0002
2023-11-02,1.3145,0.0003
2023-11-03,1.3156,0.0008
2023-11-06,1.3175,0.0014000000000000002
2023-11-07,1.318,0.0004
2023-11-08,1.3181,0.0001
2023-11-09,1.3185,0.0003
2023-11-10,1.3186,0.0001
2023-11-13,1.3192,0.0005
2023-11-14,1.3193,0.0001
2023-11-15,1.3204,0.0008
2023-11-16,1.3201,-0.0002
2023-11-17,1.3206,0.0004
2023-11-20,1.3214,0.0006
2023-11-21,1.321,-0.0003
2023-11-22,1.3189,-0.0016
2023-11-23,1.318,-0.0007000000000000001
2023-11-24,1.3174,-0.0005
2023-11-27,1.3169,-0.0004
2023-11-28,1.3174,0.0004
2023-11-29,1.3169,-0.0004
2023-11-30,1.317,0.0001
2023-12-01,1.318,0.0008
2023-12-04,1.3178,-0.0002
2023-12-05,1.317,-0.0006
2023-12-06,1.3177,0.0005
2023-12-07,1.3183,0.0005
2023-12-08,1.3189,0.0005
2023-12-11,1.3196,0.0005
2023-12-12,1.3195,-0.0001
2023-12-13,1.3199,0.0003
2023-12-14,1.3204,0.0004
2023-12-15,1.3214,0.0008
2023-12-18,1.3212,-0.0002
2023-12-19,1.321,-0.0002
2023-12-20,1.3206,-0.0003
2023-12-21,1.3116,0.0008
2023-12-22,1.3124,0.0006
2023-12-25,1.3127,0.0002
2023-12-26,1.3128,0.0001
2023-12-27,1.3145,0.0013
2023-12-28,1.3178,0.0025
2023-12-29,1.3197,0.0014000000000000002
2023-12-31,1.3198,0.0001
2024-01-02,1.3199,0.0001
2024-01-03,1.3185,-0.0011
2024-01-04,1.3185,0.0
2024-01-05,1.3187,0.0002
2024-01-08,1.3181,-0.0005
2024-01-09,1.3194,0.001
2024-01-10,1.3193,-0.0001
2024-01-11,1.3203,0.0008
2024-01-12,1.3203,0.0
2024-01-15,1.3208,0.0004
2024-01-16,1.32,-0.0006
2024-01-17,1.3186,-0.0011
2024-01-18,1.3188,0.0002
2024-01-19,1.3194,0.0005
2024-01-22,1.3178,-0.0012
2024-01-23,1.3183,0.0004
2024-01-24,1.318,-0.0002
2024-01-25,1.3206,0.002
2024-01-26,1.321,0.0003
2024-01-29,1.3199,-0.0008
2024-01-30,1.3199,0.0
2024-01-31,1.3195,-0.0003
2024-02-01,1.3197,0.0002
2024-02-02,1.3191,-0.0005
2024-02-05,1.3189,-0.0002
2024-02-06,1.3198,0.0007000000000000001
2024-02-07,1.32,0.0002
2024-02-08,1.3219,0.0014000000000000002
2024-02-19,1.3231,0.0009
2024-02-20,1.3247,0.0012
2024-02-21,1.3264,0.0013
2024-02-22,1.3272,0.0006
2024-02-23,1.3283,0.0008
2024-02-26,1.3292,0.0007000000000000001
2024-02-27,1.3304,0.0009
2024-02-28,1.3278,-0.002
2024-02-29,1.3299,0.0016
2024-03-01,1.3292,-0.0005
2024-03-04,1.3286,-0.0005
2024-03-05,1.3275,-0.0008
2024-03-06,1.3283,0.0006
2024-03-07,1.328,-0.0002
2024-03-08,1.3281,0.0001
2024-03-11,1.3288,0.0005
2024-03-12,1.3282,-0.0005
2024-03-13,1.3276,-0.0005
2024-03-14,1.3262,-0.0011
2024-03-15,1.3273,0.0008
2024-03-18,1.3293,0.0015
2024-03-19,1.3306,0.001
2024-03-20,1.3315,0.0007000000000000001
2024-03-21,1.3317,0.0002
2024-03-22,1.3305,-0.0009
2024-03-25,1.3288,-0.0013
2024-03-26,1.3282,-0.0005
2024-03-27,1.327,-0.0009
2024-03-28,1.3278,0.0006
2024-03-29,1.3293,0.0011
2024-04-01,1.3308,0.0011
2024-04-02,1.3317,0.0007000000000000001
2024-04-03,1.3332,0.0011
2024-04-08,1.333,-0.0002
2024-04-09,1.3354,0.0018
2024-04-10,1.3354,0.0
2024-04-11,1.3369,0.0011
2024-04-12,1.3389,0.0015
2024-04-15,1.3369,-0.0015
2024-04-16,1.334,-0.0022
2024-04-17,1.3367,0.002
2024-04-18,1.3377,0.0007000000000000001
2024-04-19,1.3388,0.0008
2024-04-22,1.3387,-0.0001
2024-04-23,1.3393,0.0004
2024-04-24,1.3393,0.0
2024-04-25,1.3393,0.0
2024-04-26,1.3392,-0.0001
2024-04-29,1.3379,-0.001
2024-04-30,1.34,0.0016
2024-05-06,1.3434,0.0025
2024-05-07,1.3461,0.002
2024-05-08,1.3465,0.0003
2024-05-09,1.3482,0.0013
2024-05-10,1.3482,0.0
2024-05-13,1.3483,0.0001
2024-05-14,1.3492,0.0007000000000000001
2024-05-15,1.3488,-0.0003
2024-05-16,1.3491,0.0002
2024-05-17,1.3491,0.0
2024-05-20,1.3506,0.0011
2024-05-21,1.3499,-0.0005
2024-05-22,1.3508,0.0007000000000000001
2024-05-23,1.3497,-0.0008
2024-05-24,1.3496,-0.0001
2024-05-27,1.3501,0.0004
2024-05-28,1.3505,0.0003
2024-05-29,1.3512,0.0005
2024-05-30,1.3517,0.0004
2024-05-31,1.3512,-0.0004
2024-06-03,1.349,-0.0016
2024-06-04,1.3494,0.0003
2024-06-05,1.3494,0.0
2024-06-06,1.3485,-0.0007000000000000001
2024-06-07,1.3492,0.0005
2024-06-11,1.3503,0.0008
2024-06-12,1.3512,0.0007000000000000001
2024-06-13,1.3508,-0.0003
2024-06-14,1.3505,-0.0002
2024-06-17,1.35,-0.0004
2024-06-18,1.3503,0.0002
2024-06-19,1.3493,-0.0007000000000000001
2024-06-20,1.3472,-0.0016
2024-06-21,1.3451,-0.0016
2024-06-24,1.3419,-0.0024
2024-06-25,1.3442,0.0017000000000000001
2024-06-26,1.3495,0.0039000000000000003
2024-06-27,1.3494,-0.0001
2024-06-28,1.3505,0.0008
2024-06-30,1.3506,0.0001
2024-07-01,1.3506,0.0
2024-07-02,1.3521,0.0011
2024-07-03,1.3517,-0.0003
2024-07-04,1.3497,-0.0015
2024-07-05,1.35,0.0002
2024-07-08,1.3465,-0.0026
2024-07-09,1.3482,0.0013
2024-07-10,1.3477,-0.0004
2024-07-11,1.3497,0.0015
2024-07-12,1.3495,-0.0001
2024-07-15,1.349,-0.0004
2024-07-16,1.3491,0.0001
2024-07-17,1.348,-0.0008
2024-07-18,1.3472,-0.0006
2024-07-19,1.3483,0.0008
2024-07-22,1.3488,0.0004
2024-07-23,1.3477,-0.0008
2024-07-24,1.3449,-0.0021
2024-07-25,1.3462,0.001
2024-07-26,1.3497,0.0026
2024-07-29,1.3501,0.0003
2024-07-30,1.35,-0.0001
2024-07-31,1.3531,0.0023
2024-08-01,1.354,0.0007000000000000001
2024-08-02,1.3538,-0.0001
2024-08-05,1.3525,-0.001
2024-08-06,1.3524,-0.0001
2024-08-07,1.353,0.0004
2024-08-08,1.352,-0.0007000000000000001
2024-08-09,1.3507,-0.001
2024-08-12,1.3474,-0.0024
2024-08-13,1.3477,0.0002
2024-08-14,1.3483,0.0004
2024-08-15,1.3465,-0.0013
2024-08-16,1.3434,-0.0023
2024-08-19,1.3444,0.0007000000000000001
2024-08-20,1.3421,-0.0017000000000000001
2024-08-21,1.3416,-0.0004
2024-08-22,1.3405,-0.0008
2024-08-23,1.3399,-0.0004
2024-08-26,1.3415,0.0012
2024-08-27,1.3391,-0.0018
2024-08-28,1.3404,0.001
2024-08-29,1.3433,0.0022
2024-08-30,1.3464,0.0023
2024-09-02,1.3461,-0.0002
2024-09-03,1.3473,0.0009
2024-09-04,1.3483,0.0007000000000000001
2024-09-05,1.3508,0.0019
2024-09-06,1.3502,-0.0004
2024-09-09,1.3495,-0.0005
2024-09-10,1.348,-0.0011
2024-09-11,1.3486,0.0004
2024-09-12,1.3486,0.0
2024-09-13,1.3477,-0.0007000000000000001
2024-09-18,1.3473,-0.0003
2024-09-19,1.3485,0.0009
2024-09-20,1.3471,-0.001
2024-09-23,1.3467,-0.0003
2024-09-24,1.3514,0.0034999999999999996
2024-09-25,1.3532,0.0013
2024-09-26,1.3566,0.0025
2024-09-27,1.3577,0.0008
2024-09-30,1.3581,0.0003
2024-10-08,1.3624,0.0032
2024-10-09,1.3522,-0.0075
2024-10-10,1.355,0.0021
2024-10-11,1.3563,0.001
2024-10-14,1.361,0.0034999999999999996
2024-10-15,1.3619,0.0007000000000000001
2024-10-16,1.3626,0.0005
2024-10-17,1.3632,0.0004
2024-10-18,1.3646,0.001
2024-10-21,1.366,0.001
2024-10-22,1.3656,-0.0003
2024-10-23,1.3652,-0.0003
2024-10-24,1.364,-0.0009
2024-10-25,1.3658,0.0013
2024-10-28,1.3662,0.0003
2024-10-29,1.3643,-0.0014000000000000002
2024-10-30,1.3639,-0.0003
2024-10-31,1.3651,0.0009
2024-11-01,1.3661,0.0007000000000000001
2024-11-04,1.3674,0.001
2024-11-05,1.3692,0.0013
2024-11-06,1.3693,0.0001
2024-11-07,1.3717,0.0018
2024-11-08,1.3719,0.0001
2024-11-11,1.3743,0.0017000000000000001
2024-11-12,1.3746,0.0002
2024-11-13,1.3743,-0.0002
2024-11-14,1.3725,-0.0013
2024-11-15,1.3719,-0.0004
2024-11-18,1.3703,-0.0012
2024-11-19,1.3716,0.0009
2024-11-20,1.3727,0.0008
2024-11-21,1.3739,0.0009
2024-11-22,1.3734,-0.0004
2024-11-25,1.374,0.0004
2024-11-26,1.3745,0.0004
2024-11-27,1.3759,0.001
2024-11-28,1.3772,0.0009
2024-11-29,1.3794,0.0016
2024-12-02,1.3838,0.0032
2024-12-03,1.3838,0.0
2024-12-04,1.3844,0.0004
2024-12-05,1.3857,0.0009
2024-12-06,1.3868,0.0008
2024-12-09,1.3884,0.0012
2024-12-10,1.3929,0.0032
2024-12-11,1.3949,0.0014000000000000002
2024-12-12,1.3967,0.0013
2024-12-13,1.3986,0.0014000000000000002
2024-12-16,1.3993,0.0005
2024-12-17,1.3971,-0.0016
2024-12-18,1.3961,-0.0007000000000000001
2024-12-19,1.3957,-0.0003
2024-12-20,1.389,0.0024
2024-12-23,1.3881,-0.0006
2024-12-24,1.3874,-0.0005
2024-12-25,1.3857,-0.0012
2024-12-26,1.3869,0.0009
2024-12-27,1.3895,0.0019
2024-12-30,1.3894,-0.0001
2024-12-31,1.3905,0.0008
2025-01-02,1.3927,0.0016
2025-01-03,1.3934,0.0005
2025-01-06,1.3934,0.0
2025-01-07,1.3935,0.0001
2025-01-08,1.393,-0.0004
2025-01-09,1.3921,-0.0006
2025-01-10,1.3915,-0.0004
2025-01-13,1.3906,-0.0006
2025-01-14,1.3928,0.0016
2025-01-15,1.3937,0.0006
2025-01-16,1.3927,-0.0007000000000000001
2025-01-17,1.3926,-0.0001
2025-01-20,1.3927,0.0001
2025-01-21,1.3938,0.0008
2025-01-22,1.3942,0.0003
2025-01-23,1.3937,-0.0004
2025-01-24,1.3938,0.0001
2025-01-27,1.3948,0.0007000000000000001
2025-02-05,1.3962,0.001
2025-02-06,1.398,0.0013
2025-02-07,1.399,0.0007000000000000001
2025-02-10,1.3985,-0.0004
2025-02-11,1.3985,0.0
2025-02-12,1.3988,0.0002
2025-02-13,1.3987,-0.0001
2025-02-14,1.3973,-0.001
2025-02-17,1.3959,-0.001
2025-02-18,1.394,-0.0014000000000000002
2025-02-19,1.3954,0.001
2025-02-20,1.3942,-0.0009
2025-02-21,1.393,-0.0009
2025-02-24,1.3906,-0.0017000000000000001
2025-02-25,1.3904,-0.0001
2025-02-26,1.392,0.0012
2025-02-27,1.3905,-0.0011
2025-02-28,1.3897,-0.0006
2025-03-03,1.3907,0.0007000000000000001
2025-03-04,1.391,0.0002
2025-03-05,1.3909,-0.0001
2025-03-06,1.3913,0.0003
2025-03-07,1.3905,-0.0006
2025-03-10,1.3904,-0.0001
2025-03-11,1.3877,-0.0019
2025-03-12,1.3883,0.0004
2025-03-13,1.3888,0.0004
2025-03-14,1.3899,0.0008
2025-03-17,1.3897,-0.0001
2025-03-18,1.39,0.0002
2025-03-19,1.3896,-0.0003
2025-03-20,1.3908,0.0009
2025-03-21,1.3904,-0.0003
2025-03-24,1.3902,-0.0001
2025-03-25,1.3916,0.001
2025-03-26,1.3927,0.0008
2025-03-27,1.3931,0.0003
2025-03-28,1.3931,0.0
2025-03-31,1.3926,-0.0004
2025-04-01,1.3933,0.0005
2025-04-02,1.3941,0.0006
2025-04-03,1.3957,0.0011
2025-04-07,1.3943,-0.001
2025-04-08,1.3944,0.0001
2025-04-09,1.3952,0.0006
2025-04-10,1.3959,0.0005
2025-04-11,1.3957,-0.0001
2025-04-14,1.3959,0.0001
2025-04-15,1.3952,-0.0005
2025-04-16,1.3948,-0.0003
2025-04-17,1.3947,-0.0001
2025-04-18,1.3946,-0.0001
2025-04-21,1.395,0.0003
2025-04-22,1.3954,0.0003
2025-04-23,1.3958,0.0003
2025-04-24,1.3951,-0.0005
2025-04-25,1.3954,0.0002
2025-04-28,1.3949,-0.0004
2025-04-29,1.3958,0.0006
2025-04-30,1.3966,0.0006
2025-05-06,1.3981,0.0011
2025-05-07,1.3982,0.0001
2025-05-08,1.3999,0.0012
2025-05-09,1.4002,0.0002
2025-05-12,1.4005,0.0002
2025-05-13,1.4011,0.0004
2025-05-14,1.4012,0.0001
2025-05-15,1.4007,-0.0004
2025-05-16,1.4009,0.0001
2025-05-19,1.4014,0.0004
2025-05-20,1.4022,0.0006
2025-05-21,1.4026,0.0003
2025-05-22,1.4019,-0.0005
2025-05-23,1.4018,-0.0001
2025-05-26,1.4021,0.0002
2025-05-27,1.4018,-0.0002
2025-05-28,1.4014,-0.0003
2025-05-29,1.4013,-0.0001
2025-05-30,1.4016,0.0002
2025-06-03,1.4024,0.0006
2025-06-04,1.4029,0.0004
2025-06-05,1.4033,0.0003
2025-06-06,1.4041,0.0006
2025-06-09,1.4054,0.0009
2025-06-10,1.4053,-0.0001
2025-06-11,1.4063,0.0007000000000000001
2025-06-12,1.4062,-0.0001
2025-06-13,1.4058,-0.0003
2025-06-16,1.4061,0.0002
2025-06-17,1.4067,0.0004
2025-06-18,1.4074,0.0005
2025-06-19,1.4074,0.0
2025-06-20,1.4079,0.0004
2025-06-23,1.4084,0.0004
2025-06-24,1.4088,0.0003
2025-06-25,1.409,0.0001
2025-06-26,1.4088,-0.0001
2025-06-27,1.4095,0.0005
2025-06-30,1.4096,0.0001
2025-07-01,1.4104,0.0006
2025-07-02,1.4114,0.0007000000000000001
2025-07-03,1.4125,0.0008
2025-07-04,1.4129,0.0003
2025-07-07,1.4132,0.0002
2025-07-08,1.4136,0.0003
2025-07-09,1.4135,-0.0001
2025-07-10,1.4135,0.0
2025-07-11,1.4132,-0.0002
2025-07-14,1.4123,-0.0006
2025-07-15,1.4129,0.0004
2025-07-16,1.4135,0.0004
2025-07-17,1.4145,0.0007000000000000001
2025-07-18,1.415,0.0004
2025-07-21,1.4152,0.0001
2025-07-22,1.4152,0.0
2025-07-23,1.4137,-0.0011
2025-07-24,1.4121,-0.0011
2025-07-25,1.4113,-0.0006
2025-07-28,1.4119,0.0004
2025-07-29,1.4108,-0.0008
2025-07-30,1.4115,0.0005
2025-07-31,1.4124,0.0006
2025-08-01,1.4129,0.0004
2025-08-04,1.4135,0.0004
2025-08-05,1.414,0.0004
2025-08-06,1.4146,0.0004
2025-08-07,1.415,0.0003
2025-08-08,1.4152,0.0001
2025-08-11,1.4145,-0.0005
2025-08-12,1.4136,-0.0006
2025-08-13,1.4137,0.0001
2025-08-14,1.4129,-0.0006
2025-08-15,1.4129,0.0
2025-08-18,1.4107,-0.0016
2025-08-19,1.4106,-0.0001
2025-08-20,1.4105,-0.0001
2025-08-21,1.4111,0.0004
2025-08-22,1.4115,0.0003
2025-08-25,1.4123,0.0006
2025-08-26,1.4129,0.0004
2025-08-27,1.4115,-0.001
2025-08-28,1.4113,-0.0001
2025-08-29,1.4112,-0.0001
2025-09-01,1.4113,0.0001
2025-09-02,1.4111,-0.0001
2025-09-03,1.4119,0.0006
2025-09-04,1.4125,0.0004
2025-09-05,1.4127,0.0001
2025-09-08,1.4123,-0.0003
2025-09-09,1.4115,-0.0006
2025-09-10,1.41,-0.0011
2025-09-11,1.4098,-0.0001
2025-09-12,1.4101,0.0002
2025-09-15,1.4101,0.0
2025-09-16,1.4103,0.0001
2025-09-17,1.411,0.0005
2025-09-18,1.4105,-0.0004
2025-09-19,1.4098,-0.0005
2025-09-22,1.4097,-0.0001
2025-09-23,1.4085,-0.0009
2025-09-24,1.4075,-0.0007000000000000001
2025-09-25,1.4069,-0.0004
2025-09-26,1.4069,0.0
2025-09-29,1.4073,0.0003
2025-09-30,1.4082,0.0006
2025-10-09,1.4094,0.0009
2025-10-10,1.4094,0.0
2025-10-13,1.4102,0.0006
2025-10-14,1.4103,0.0001
2025-10-15,1.4105,0.0001
2025-10-16,1.4106,0.0001
2025-10-17,1.4111,0.0004
2025-10-20,1.4112,0.0001
2025-10-21,1.4117,0.0004
2025-10-22,1.412,0.0002
2025-10-23,1.4125,0.0004
2025-10-24,1.4127,0.0001
2025-10-27,1.4133,0.0004
2025-10-28,1.4142,0.0006
2025-10-29,1.415,0.0006
2025-10-30,1.4155,0.0004
2025-10-31,1.4163,0.0006
2025-11-03,1.4168,0.0004
2025-11-04,1.4167,-0.0001
2025-11-05,1.4175,0.0006
2025-11-06,1.4172,-0.0002
2025-11-07,1.4169,-0.0002
2025-11-10,1.4171,0.0001
2025-11-11,1.4173,0.0001
2025-11-12,1.4174,0.0001
2025-11-13,1.4175,0.0001
2025-11-14,1.4175,0.0
2025-11-17,1.4176,0.0001
2025-11-18,1.4177,0.0001
2025-11-19,1.4177,0.0
2025-11-20,1.4176,-0.0001
2025-11-21,1.4173,-0.0002
2025-11-24,1.4172,-0.0001
2025-11-25,1.417,-0.0001
2025-11-26,1.4161,-0.0006
2025-11-27,1.4155,-0.0004
2025-11-28,1.4157,0.0001
2025-12-01,1.4159,0.0001
2025-12-02,1.4157,-0.0001
2025-12-03,1.4157,0.0
2025-12-04,1.4146,-0.0008
2025-12-05,1.4146,0.0
2025-12-08,1.4146,0.0
2025-12-09,1.4147,0.0001
2025-12-10,1.4148,0.0001
2025-12-11,1.415,0.0001
2025-12-12,1.4152,0.0001
2025-12-15,1.415,-0.0001
2025-12-16,1.4148,-0.0001
2025-12-17,1.4153,0.0004
2025-12-18,1.4153,0.0
2025-12-19,1.4161,0.0006
2025-12-22,1.4167,0.0004
2025-12-23,1.4166,-0.0001
2025-12-24,1.4179,0.0009
2025-12-25,1.4193,0.001
2025-12-26,1.4155,-0.0006
2025-12-29,1.414,-0.0011
2025-12-30,1.4137,-0.0002
2025-12-31,1.4139,0.0001
2026-01-05,1.4197,0.0040999999999999995
2026-01-06,1.4228,0.0022
2026-01-07,1.4241,0.0009
2026-01-08,1.4264,0.0016
2026-01-09,1.4336,0.005
2026-01-12,1.4398,0.0043
2026-01-13,1.4375,-0.0016
2026-01-14,1.4397,0.0015
2026-01-15,1.4413,0.0011
2026-01-16,1.4446,0.0023
2026-01-19,1.4455,0.0006
2026-01-20,1.4429,-0.0018
2026-01-21,1.4489,0.0042
2026-01-22,1.4519,0.0021
2026-01-23,1.4559,0.0028000000000000004
2026-01-26,1.4515,-0.003
2026-01-27,1.453,0.001
2026-01-28,1.4556,0.0018
2026-01-29,1.4517,-0.0027
2026-01-30,1.4433,-0.0058
2026-02-02,1.4346,-0.006
2026-02-03,1.4429,0.0058
2026-02-04,1.4408,-0.0015
2026-02-05,1.4379,-0.002
2026-02-06,1.44,0.0015
2026-02-09,1.4434,0.0024
2026-02-10,1.4438,0.0003
2026-02-11,1.4426,-0.0008
2026-02-12,1.4455,0.002
2026-02-13,1.4431,-0.0017000000000000001
2026-02-24,1.4467,0.0025
2026-02-25,1.4469,0.0001
2026-02-26,1.4429,-0.0028000000000000004
2026-02-27,1.4419,-0.0007000000000000001
2026-03-02,1.4421,0.0001
2026-03-03,1.437,-0.0034999999999999996
2026-03-04,1.4362,-0.0006
2026-03-05,1.4363,0.0001
2026-03-06,1.4364,0.0001
2026-03-09,1.4349,-0.001
2026-03-10,1.4366,0.0012
2026-03-11,1.4364,-0.0001
2026-03-12,1.4347,-0.0012
2026-03-13,1.4333,-0.001
2026-03-16,1.432,-0.0009
2026-03-17,1.4305,-0.001
2026-03-18,1.4321,0.0011
2026-03-19,1.4307,-0.001
2026-03-20,1.4302,-0.0003
2026-03-23,1.4292,-0.0007000000000000001
2026-03-24,1.4291,0.0007000000000000001
2026-03-25,1.4293,0.0001
2026-03-26,1.4289,-0.0003
2026-03-27,1.4298,0.0006
2026-03-30,1.4299,0.0001
2026-03-31,1.4285,-0.001
2026-04-01,1.4306,0.0015
2026-04-02,1.4295,-0.0008
2026-04-03,1.4309,0.001
2026-04-07,1.4316,0.0005
2026-04-08,1.4368,0.0036
2026-04-09,1.4386,0.0013
2026-04-10,1.4395,0.0006
2026-04-13,1.4386,-0.0006
2026-04-14,1.4412,0.0018
2026-04-15,1.4411,-0.0001
2026-04-16,1.4461,0.0034999999999999996
2026-04-17,1.4466,0.0003
2026-04-20,1.4469,0.0002
2026-04-21,1.4472,0.0002
2026-04-22,1.4494,0.0015
2026-04-23,1.4472,-0.0015
2026-04-24,1.4465,-0.0005
2026-04-27,1.4466,0.0001
2026-04-28,1.4458,-0.0006
2026-04-29,1.4493,0.0024
2026-04-30,1.4495,0.0001
2026-05-06,1.4524,0.002
2026-05-07,1.4533,0.0006
2026-05-08,1.4523,-0.0007000000000000001
2026-05-11,1.454,0.0012
2026-05-12,1.452,-0.0014000000000000002
2026-05-13,1.4534,0.001
2026-05-14,1.45,-0.0023
2026-05-15,1.448,-0.0014000000000000002
2026-05-18,1.4485,0.0003
2026-05-19,1.4517,0.0022
2026-05-20,1.4519,0.0001
2026-05-21,1.4505,-0.001
2026-05-22,1.4512,0.0005
2026-05-25,1.4518,0.0004
2026-05-26,1.4525,0.0005
2026-05-27,1.4514,-0.0008
2026-05-28,1.4524,0.0007000000000000001
2026-05-29,1.4507,-0.0012
2026-06-01,1.4518,0.0008
2026-06-02,1.4537,0.0013
2026-06-03,1.4531,-0.0004
2026-06-04,1.4523,-0.0006
2026-06-05,1.4516,-0.0005
2026-06-08,1.45,-0.0011
2026-06-09,1.4509,0.0006
2026-06-10,1.4492,-0.0012
2026-06-11,1.4498,0.0004
2026-06-12,1.4509,0.0008
2026-06-15,1.4529,0.0014000000000000002
2026-06-16,1.4529,0.0
2026-06-17,1.4535,0.0004
2026-06-18,1.4536,0.0001
2026-06-22,1.4542,0.0004
2026-06-23,1.4522,-0.0014000000000000002
2026-06-24,1.4534,0.0008
2026-06-25,1.452,-0.001
2026-06-26,1.4511,-0.0006
2026-06-29,1.4529,0.0012
2026-06-30,1.4538,0.0006
2026-07-01,1.4539,0.0001
2026-07-02,1.4533,-0.0004
2026-07-03,1.4542,0.0006
2026-07-06,1.4544,0.0001
2026-07-07,1.4532,-0.0008
2026-07-08,1.4527,-0.0003
2026-07-09,1.4535,0.0006
2026-07-10,1.4533,-0.0001
2026-07-13,1.452,-0.0009
2026-07-14,1.454,0.0014000000000000002
2026-07-15,1.4541,0.0001
2026-07-16,1.4536,-0.0003
2026-07-17,1.4518,-0.0012
2026-07-20,1.4523,0.0003
2026-07-21,1.4542,0.0013
2026-07-22,1.4547,0.0003
2026-07-23,1.4558,0.0008
2026-07-24,1.4544,-0.001
2026-07-27,1.4567,0.0016
2026-07-28,1.4549,-0.0012
2026-07-29,1.4573,0.0016
2026-07-30,1.4572,-0.0001
2026-07-31,1.4584,0.0008
2026-08-03,1.4572,-0.0008
2026-08-04,1.4593,0.0014000000000000002
