date,nav,ret
2011-06-28,1.0,0.0
2011-06-30,1.0,0.0
2011-07-01,1.0,0.0
2011-07-08,1.001,0.001
2011-07-15,1.001,0.0
2011-07-22,1.001,0.0
2011-07-29,1.001,0.0
2011-08-05,1.002,0.000999
2011-08-12,1.002,0.0
2011-08-19,1.003,0.000998
2011-08-25,1.003,0.0
2011-08-26,1.003,0.0
2011-08-29,1.001,-0.001994
2011-08-30,1.0,-0.000999
2011-08-31,1.0,0.0
2011-09-01,1.0,0.0
2011-09-02,0.999,-0.001
2011-09-05,0.999,0.0
2011-09-06,0.999,0.0
2011-09-07,0.999,0.0
2011-09-08,0.999,0.0
2011-09-09,0.999,0.0
2011-09-13,1.0,0.001001
2011-09-14,1.0,0.0
2011-09-15,0.999,-0.001
2011-09-16,0.999,0.0
2011-09-19,0.999,0.0
2011-09-20,0.999,0.0
2011-09-21,1.0,0.001001
2011-09-22,0.999,-0.001
2011-09-23,0.999,0.0
2011-09-26,0.999,0.0
2011-09-27,0.999,0.0
2011-09-28,0.999,0.0
2011-09-29,0.999,0.0
2011-09-30,1.0,0.001001
2011-10-10,1.002,0.002
2011-10-11,1.002,0.0
2011-10-12,1.003,0.000998
2011-10-13,1.005,0.001994
2011-10-14,1.007,0.00199
2011-10-17,1.008,0.000993
2011-10-18,1.009,0.000992
2011-10-19,1.01,0.000991
2011-10-20,1.011,0.00099
2011-10-21,1.014,0.002967
2011-10-24,1.016,0.001972
2011-10-25,1.017,0.000984
2011-10-26,1.018,0.000983
2011-10-27,1.017,-0.000982
2011-10-28,1.021,0.003933
2011-10-31,1.023,0.001959
2011-11-01,1.025,0.001955
2011-11-02,1.027,0.001951
2011-11-03,1.028,0.000974
2011-11-04,1.029,0.000973
2011-11-07,1.029,0.0
2011-11-08,1.03,0.000972
2011-11-09,1.032,0.0019420000000000001
2011-11-10,1.031,-0.000969
2011-11-11,1.031,0.0
2011-11-14,1.035,0.00388
2011-11-15,1.034,-0.0009660000000000001
2011-11-16,1.03,-0.003868
2011-11-17,1.027,-0.0029130000000000002
2011-11-18,1.023,-0.003895
2011-11-21,1.024,0.000978
2011-11-22,1.025,0.000977
2011-11-23,1.025,0.0
2011-11-24,1.025,0.0
2011-11-25,1.026,0.0009760000000000001
2011-11-28,1.026,0.0
2011-11-29,1.027,0.0009750000000000001
2011-11-30,1.022,-0.004869
2011-12-01,1.027,0.0048920000000000005
2011-12-02,1.026,-0.000974
2011-12-05,1.025,-0.0009750000000000001
2011-12-06,1.025,0.0
2011-12-07,1.026,0.0009760000000000001
2011-12-08,1.026,0.0
2011-12-09,1.026,0.0
2011-12-12,1.025,-0.0009750000000000001
2011-12-13,1.023,-0.001951
2011-12-14,1.022,-0.000978
2011-12-15,1.023,0.000978
2011-12-16,1.027,0.00391
2011-12-19,1.027,0.0
2011-12-20,1.028,0.000974
2011-12-21,1.026,-0.001946
2011-12-22,1.027,0.0009750000000000001
2011-12-23,1.027,0.0
2011-12-26,1.026,-0.000974
2011-12-27,1.026,0.0
2011-12-28,1.027,0.0009750000000000001
2011-12-29,1.028,0.000974
2011-12-30,1.03,0.001946
2011-12-31,1.03,0.0
2012-01-04,1.031,0.0009710000000000001
2012-01-05,1.03,-0.00097
2012-01-06,1.034,0.0038829999999999997
2012-01-09,1.038,0.003868
2012-01-10,1.042,0.0038540000000000002
2012-01-11,1.04,-0.001919
2012-01-12,1.041,0.000962
2012-01-13,1.038,-0.002882
2012-01-16,1.036,-0.0019270000000000001
2012-01-17,1.04,0.003861
2012-01-18,1.038,-0.001923
2012-01-19,1.042,0.0038540000000000002
2012-01-20,1.045,0.002879
2012-01-30,1.043,-0.001914
2012-01-31,1.044,0.000959
2012-02-01,1.043,-0.000958
2012-02-02,1.045,0.001918
2012-02-03,1.045,0.0
2012-02-06,1.045,0.0
2012-02-07,1.042,-0.0028710000000000003
2012-02-08,1.044,0.001919
2012-02-09,1.044,0.0
2012-02-10,1.044,0.0
2012-02-13,1.044,0.0
2012-02-14,1.043,-0.000958
2012-02-15,1.043,0.0
2012-02-16,1.043,0.0
2012-02-17,1.043,0.0
2012-02-20,1.043,0.0
2012-02-21,1.042,-0.000959
2012-02-22,1.042,0.0
2012-02-23,1.042,0.0
2012-02-24,1.043,0.00096
2012-02-27,1.044,0.000959
2012-02-28,1.045,0.000958
2012-02-29,1.043,-0.001914
2012-03-01,1.044,0.000959
2012-03-02,1.046,0.001916
2012-03-05,1.044,-0.001912
2012-03-06,1.042,-0.001916
2012-03-07,1.042,0.0
2012-03-08,1.043,0.00096
2012-03-09,1.045,0.001918
2012-03-12,1.044,-0.000957
2012-03-13,1.045,0.000958
2012-03-14,1.043,-0.001914
2012-03-15,1.059,0.01534
2012-03-16,1.058,-0.000944
2012-03-19,1.056,-0.00189
2012-03-20,1.053,-0.002841
2012-03-21,1.051,-0.001899
2012-03-22,1.051,0.0
2012-03-23,1.051,0.0
2012-03-26,1.05,-0.000951
2012-03-27,1.05,0.0
2012-03-28,1.045,-0.004762
2012-03-29,1.043,-0.001914
2012-03-30,1.044,0.000959
2012-03-31,1.044,0.0
2012-04-05,1.046,0.001916
2012-04-06,1.047,0.000956
2012-04-09,1.046,-0.000955
2012-04-10,1.049,0.002868
2012-04-11,1.05,0.000953
2012-04-12,1.053,0.002857
2012-04-13,1.055,0.001899
2012-04-16,1.055,0.0
2012-04-17,1.054,-0.000948
2012-04-18,1.057,0.002846
2012-04-19,1.058,0.000946
2012-04-20,1.06,0.00189
2012-04-23,1.056,-0.003774
2012-04-24,1.057,0.000947
2012-04-25,1.057,0.0
2012-04-26,1.058,0.000946
2012-04-27,1.058,0.0
2012-05-02,1.063,0.004726
2012-05-03,1.064,0.000941
2012-05-04,1.066,0.00188
2012-05-07,1.064,-0.0018759999999999998
2012-05-08,1.064,0.0
2012-05-09,1.062,-0.00188
2012-05-10,1.062,0.0
2012-05-11,1.06,-0.001883
2012-05-14,1.059,-0.0009429999999999999
2012-05-15,1.061,0.001889
2012-05-16,1.06,-0.0009429999999999999
2012-05-17,1.064,0.003774
2012-05-18,1.063,-0.00094
2012-05-21,1.065,0.0018809999999999999
2012-05-22,1.068,0.002817
2012-05-23,1.066,-0.0018729999999999999
2012-05-24,1.067,0.0009379999999999999
2012-05-25,1.065,-0.001874
2012-05-28,1.067,0.001878
2012-05-29,1.07,0.0028120000000000003
2012-05-30,1.07,0.0
2012-05-31,1.07,0.0
2012-06-01,1.07,0.0
2012-06-04,1.064,-0.005607
2012-06-05,1.075,0.010338
2012-06-06,1.077,0.0018599999999999999
2012-06-07,1.077,0.0
2012-06-08,1.079,0.0018570000000000001
2012-06-11,1.082,0.0027800000000000004
2012-06-12,1.082,0.0
2012-06-13,1.09,0.0073939999999999995
2012-06-14,1.091,0.0009170000000000001
2012-06-15,1.092,0.0009170000000000001
2012-06-18,1.095,0.002747
2012-06-19,1.093,-0.0018260000000000001
2012-06-20,1.094,0.000915
2012-06-21,1.09,-0.003656
2012-06-25,1.086,-0.00367
2012-06-26,1.086,0.0
2012-06-27,1.089,0.002762
2012-06-28,1.087,-0.001837
2012-06-29,1.092,0.0046
2012-06-30,1.092,0.0
2012-07-02,1.095,0.002747
2012-07-03,1.095,0.0
2012-07-04,1.094,-0.0009130000000000001
2012-07-05,1.094,0.0
2012-07-06,1.097,0.002742
2012-07-09,1.093,-0.003646
2012-07-10,1.092,-0.000915
2012-07-11,1.093,0.000916
2012-07-12,1.094,0.000915
2012-07-13,1.096,0.001828
2012-07-16,1.092,-0.00365
2012-07-17,1.093,0.000916
2012-07-18,1.093,0.0
2012-07-19,1.097,0.00366
2012-07-20,1.096,-0.000912
2012-07-23,1.093,-0.002737
2012-07-24,1.094,0.000915
2012-07-25,1.093,-0.000914
2012-07-26,1.092,-0.000915
2012-07-27,1.089,-0.002747
2012-07-30,1.085,-0.003673
2012-07-31,1.086,0.0009220000000000001
2012-08-01,1.089,0.002762
2012-08-02,1.088,-0.0009180000000000001
2012-08-03,1.087,-0.000919
2012-08-06,1.088,0.00092
2012-08-07,1.086,-0.001838
2012-08-08,1.086,0.0
2012-08-09,1.087,0.000921
2012-08-10,1.087,0.0
2012-08-13,1.081,-0.005520000000000001
2012-08-14,1.08,-0.000925
2012-08-15,1.079,-0.0009260000000000001
2012-08-16,1.079,0.0
2012-08-17,1.078,-0.0009270000000000001
2012-08-20,1.075,-0.002783
2012-08-21,1.076,0.0009299999999999999
2012-08-22,1.075,-0.0009289999999999999
2012-08-23,1.075,0.0
2012-08-24,1.075,0.0
2012-08-27,1.069,-0.005581
2012-08-28,1.07,0.000935
2012-08-29,1.07,0.0
2012-08-30,1.072,0.001869
2012-08-31,1.072,0.0
2012-09-03,1.074,0.0018659999999999998
2012-09-04,1.072,-0.001862
2012-09-05,1.071,-0.0009329999999999999
2012-09-06,1.071,0.0
2012-09-07,1.078,0.006535999999999999
2012-09-10,1.077,-0.0009279999999999999
2012-09-11,1.074,-0.0027860000000000003
2012-09-12,1.073,-0.000931
2012-09-13,1.072,-0.0009320000000000001
2012-09-14,1.072,0.0
2012-09-17,1.069,-0.002799
2012-09-18,1.068,-0.000935
2012-09-19,1.066,-0.0018729999999999999
2012-09-20,1.064,-0.0018759999999999998
2012-09-21,1.064,0.0
2012-09-24,1.065,0.00094
2012-09-25,1.067,0.001878
2012-09-26,1.066,-0.000937
2012-09-27,1.07,0.0037519999999999997
2012-09-28,1.072,0.001869
2012-09-30,1.072,0.0
2012-10-08,1.071,-0.0009329999999999999
2012-10-09,1.073,0.001867
2012-10-10,1.073,0.0
2012-10-11,1.073,0.0
2012-10-12,1.073,0.0
2012-10-15,1.074,0.0009320000000000001
2012-10-16,1.073,-0.000931
2012-10-17,1.074,0.0009320000000000001
2012-10-18,1.077,0.002793
2012-10-19,1.076,-0.0009289999999999999
2012-10-22,1.075,-0.0009289999999999999
2012-10-23,1.074,-0.0009299999999999999
2012-10-24,1.074,0.0
2012-10-25,1.073,-0.000931
2012-10-26,1.072,-0.0009320000000000001
2012-10-29,1.07,-0.0018659999999999998
2012-10-30,1.071,0.000935
2012-10-31,1.071,0.0
2012-11-01,1.073,0.001867
2012-11-02,1.073,0.0
2012-11-05,1.073,0.0
2012-11-06,1.072,-0.0009320000000000001
2012-11-07,1.073,0.0009329999999999999
2012-11-08,1.072,-0.0009320000000000001
2012-11-09,1.072,0.0
2012-11-12,1.073,0.0009329999999999999
2012-11-13,1.072,-0.0009320000000000001
2012-11-14,1.072,0.0
2012-11-15,1.072,0.0
2012-11-16,1.072,0.0
2012-11-19,1.073,0.0009329999999999999
2012-11-20,1.073,0.0
2012-11-21,1.073,0.0
2012-11-22,1.073,0.0
2012-11-23,1.074,0.0009320000000000001
2012-11-26,1.075,0.000931
2012-11-27,1.074,-0.0009299999999999999
2012-11-28,1.073,-0.000931
2012-11-29,1.074,0.0009320000000000001
2012-11-30,1.074,0.0
2012-12-03,1.075,0.000931
2012-12-04,1.075,0.0
2012-12-05,1.076,0.0009299999999999999
2012-12-06,1.075,-0.0009289999999999999
2012-12-07,1.077,0.0018599999999999999
2012-12-10,1.078,0.0009289999999999999
2012-12-11,1.077,-0.0009279999999999999
2012-12-12,1.077,0.0
2012-12-13,1.077,0.0
2012-12-14,1.08,0.0027860000000000003
2012-12-17,1.082,0.0018520000000000001
2012-12-18,1.081,-0.0009239999999999999
2012-12-19,1.081,0.0
2012-12-20,1.082,0.000925
2012-12-21,1.081,-0.0009239999999999999
2012-12-24,1.081,0.0
2012-12-25,1.084,0.002775
2012-12-26,1.084,0.0
2012-12-27,1.084,0.0
2012-12-28,1.084,0.0
2012-12-31,1.085,0.0009229999999999999
2013-01-04,1.087,0.001843
2013-01-07,1.088,0.00092
2013-01-08,1.087,-0.000919
2013-01-09,1.088,0.00092
2013-01-10,1.091,0.002757
2013-01-11,1.09,-0.0009170000000000001
2013-01-14,1.095,0.004587
2013-01-15,1.097,0.0018260000000000001
2013-01-16,1.097,0.0
2013-01-17,1.099,0.001823
2013-01-18,1.101,0.00182
2013-01-21,1.102,0.0009080000000000001
2013-01-22,1.101,-0.000907
2013-01-23,1.101,0.0
2013-01-24,1.1,-0.0009080000000000001
2013-01-25,1.099,-0.000909
2013-01-28,1.104,0.00455
2013-01-29,1.104,0.0
2013-01-30,1.104,0.0
2013-01-31,1.105,0.000906
2013-02-01,1.107,0.00181
2013-02-04,1.106,-0.000903
2013-02-05,1.106,0.0
2013-02-06,1.106,0.0
2013-02-07,1.107,0.000904
2013-02-08,1.109,0.001807
2013-02-18,1.113,0.0036070000000000004
2013-02-19,1.112,-0.000898
2013-02-20,1.114,0.001799
2013-02-21,1.111,-0.0026929999999999996
2013-02-22,1.111,0.0
2013-02-25,1.111,0.0
2013-02-26,1.11,-0.0009
2013-02-27,1.11,0.0
2013-02-28,1.112,0.001802
2013-03-01,1.112,0.0
2013-03-04,1.11,-0.001799
2013-03-05,1.111,0.000901
2013-03-06,1.112,0.0009
2013-03-07,1.113,0.000899
2013-03-08,1.113,0.0
2013-03-11,1.113,0.0
2013-03-12,1.113,0.0
2013-03-13,1.112,-0.000898
2013-03-14,1.112,0.0
2013-03-15,1.112,0.0
2013-03-18,1.11,-0.001799
2013-03-19,1.11,0.0
2013-03-20,1.111,0.000901
2013-03-21,1.112,0.0009
2013-03-22,1.114,0.001799
2013-03-25,1.115,0.000898
2013-03-26,1.114,-0.000897
2013-03-27,1.114,0.0
2013-03-28,1.113,-0.000898
2013-03-29,1.113,0.0
2013-04-01,1.113,0.0
2013-04-02,1.112,-0.000898
2013-04-03,1.112,0.0
2013-04-08,1.114,0.001799
2013-04-09,1.115,0.000898
2013-04-10,1.116,0.000897
2013-04-11,1.116,0.0
2013-04-12,1.116,0.0
2013-04-15,1.114,-0.001792
2013-04-16,1.115,0.000898
2013-04-17,1.114,-0.000897
2013-04-18,1.114,0.0
2013-04-19,1.115,0.000898
2013-04-22,1.113,-0.001794
2013-04-23,1.109,-0.003594
2013-04-24,1.11,0.000902
2013-04-25,1.11,0.0
2013-04-26,1.111,0.000901
2013-05-02,1.11,-0.0009
2013-05-03,1.112,0.001802
2013-05-06,1.114,0.001799
2013-05-07,1.116,0.001795
2013-05-08,1.116,0.0
2013-05-09,1.116,0.0
2013-05-10,1.117,0.000896
2013-05-13,1.117,0.0
2013-05-14,1.115,-0.001791
2013-05-15,1.116,0.000897
2013-05-16,1.117,0.000896
2013-05-17,1.121,0.0035809999999999995
2013-05-20,1.123,0.001784
2013-05-21,1.122,-0.00089
2013-05-22,1.12,-0.0017829999999999999
2013-05-23,1.119,-0.000893
2013-05-24,1.12,0.0008939999999999999
2013-05-27,1.12,0.0
2013-05-28,1.123,0.0026790000000000004
2013-05-29,1.124,0.00089
2013-05-30,1.123,-0.00089
2013-05-31,1.123,0.0
2013-06-03,1.122,-0.00089
2013-06-04,1.121,-0.000891
2013-06-05,1.121,0.0
2013-06-06,1.119,-0.001784
2013-06-07,1.117,-0.001787
2013-06-13,1.113,-0.0035809999999999995
2013-06-14,1.113,0.0
2013-06-17,1.113,0.0
2013-06-18,1.113,0.0
2013-06-19,1.111,-0.001797
2013-06-20,1.101,-0.009001
2013-06-21,1.101,0.0
2013-06-24,1.097,-0.003633
2013-06-25,1.098,0.000912
2013-06-26,1.101,0.002732
2013-06-27,1.102,0.0009080000000000001
2013-06-28,1.104,0.001815
2013-06-30,1.104,0.0
2013-07-01,1.105,0.000906
2013-07-02,1.106,0.000905
2013-07-03,1.107,0.000904
2013-07-04,1.11,0.00271
2013-07-05,1.11,0.0
2013-07-08,1.11,0.0
2013-07-09,1.11,0.0
2013-07-10,1.11,0.0
2013-07-11,1.11,0.0
2013-07-12,1.109,-0.000901
2013-07-15,1.109,0.0
2013-07-16,1.109,0.0
2013-07-17,1.11,0.000902
2013-07-18,1.108,-0.001802
2013-07-19,1.106,-0.001805
2013-07-22,1.106,0.0
2013-07-23,1.107,0.000904
2013-07-24,1.106,-0.000903
2013-07-25,1.105,-0.000904
2013-07-26,1.105,0.0
2013-07-29,1.105,0.0
2013-07-30,1.104,-0.000905
2013-07-31,1.105,0.000906
2013-08-01,1.106,0.000905
2013-08-02,1.108,0.001808
2013-08-05,1.111,0.002708
2013-08-06,1.112,0.0009
2013-08-07,1.112,0.0
2013-08-08,1.112,0.0
2013-08-09,1.112,0.0
2013-08-12,1.113,0.000899
2013-08-13,1.113,0.0
2013-08-14,1.112,-0.000898
2013-08-15,1.11,-0.001799
2013-08-16,1.108,-0.001802
2013-08-19,1.109,0.000903
2013-08-20,1.108,-0.000902
2013-08-21,1.108,0.0
2013-08-22,1.108,0.0
2013-08-23,1.107,-0.000903
2013-08-26,1.109,0.001807
2013-08-27,1.109,0.0
2013-08-28,1.109,0.0
2013-08-29,1.109,0.0
2013-08-30,1.108,-0.000902
2013-09-02,1.108,0.0
2013-09-03,1.111,0.002708
2013-09-04,1.111,0.0
2013-09-05,1.11,-0.0009
2013-09-06,1.11,0.0
2013-09-09,1.113,0.0027029999999999997
2013-09-10,1.115,0.001797
2013-09-11,1.116,0.000897
2013-09-12,1.115,-0.000896
2013-09-13,1.115,0.0
2013-09-16,1.114,-0.000897
2013-09-17,1.111,-0.0026929999999999996
2013-09-18,1.111,0.0
2013-09-23,1.114,0.0027
2013-09-24,1.116,0.001795
2013-09-25,1.115,-0.000896
2013-09-26,1.114,-0.000897
2013-09-27,1.116,0.001795
2013-09-30,1.117,0.000896
2013-10-08,1.123,0.005372
2013-10-09,1.124,0.00089
2013-10-10,1.124,0.0
2013-10-11,1.127,0.0026690000000000004
2013-10-14,1.129,0.0017749999999999999
2013-10-15,1.128,-0.000886
2013-10-16,1.125,-0.00266
2013-10-17,1.125,0.0
2013-10-18,1.126,0.000889
2013-10-21,1.13,0.003552
2013-10-22,1.128,-0.0017699999999999999
2013-10-23,1.125,-0.00266
2013-10-24,1.123,-0.001778
2013-10-25,1.122,-0.00089
2013-10-28,1.122,0.0
2013-10-29,1.12,-0.0017829999999999999
2013-10-30,1.121,0.000893
2013-10-31,1.121,0.0
2013-11-01,1.123,0.001784
2013-11-04,1.123,0.0
2013-11-05,1.123,0.0
2013-11-06,1.122,-0.00089
2013-11-07,1.12,-0.0017829999999999999
2013-11-08,1.118,-0.001786
2013-11-11,1.117,-0.0008939999999999999
2013-11-12,1.118,0.000895
2013-11-13,1.115,-0.0026829999999999996
2013-11-14,1.115,0.0
2013-11-15,1.115,0.0
2013-11-18,1.122,0.006278000000000001
2013-11-19,1.123,0.000891
2013-11-20,1.123,0.0
2013-11-21,1.119,-0.003562
2013-11-22,1.119,0.0
2013-11-25,1.117,-0.001787
2013-11-26,1.116,-0.000895
2013-11-27,1.118,0.001792
2013-11-28,1.122,0.003578
2013-11-29,1.126,0.003565
2013-12-02,1.12,-0.005329
2013-12-03,1.123,0.0026790000000000004
2013-12-04,1.128,0.004452
2013-12-05,1.126,-0.001773
2013-12-06,1.123,-0.002664
2013-12-09,1.125,0.001781
2013-12-10,1.126,0.000889
2013-12-11,1.124,-0.001776
2013-12-12,1.126,0.001779
2013-12-13,1.127,0.000888
2013-12-16,1.125,-0.0017749999999999999
2013-12-17,1.124,-0.000889
2013-12-18,1.124,0.0
2013-12-19,1.119,-0.004448
2013-12-20,1.116,-0.0026810000000000002
2013-12-23,1.116,0.0
2013-12-24,1.12,0.003584
2013-12-25,1.124,0.0035709999999999995
2013-12-26,1.12,-0.003559
2013-12-27,1.125,0.004464
2013-12-30,1.125,0.0
2013-12-31,1.128,0.002667
2014-01-02,1.13,0.001773
2014-01-03,1.13,0.0
2014-01-06,1.126,-0.0035399999999999997
2014-01-07,1.126,0.0
2014-01-08,1.13,0.003552
2014-01-09,1.128,-0.0017699999999999999
2014-01-10,1.127,-0.000887
2014-01-13,1.124,-0.002662
2014-01-14,1.127,0.0026690000000000004
2014-01-15,1.127,0.0
2014-01-16,1.129,0.0017749999999999999
2014-01-17,1.127,-0.001771
2014-01-20,1.125,-0.0017749999999999999
2014-01-21,1.128,0.002667
2014-01-22,1.131,0.00266
2014-01-23,1.131,0.0
2014-01-24,1.132,0.000884
2014-01-27,1.131,-0.000883
2014-01-28,1.131,0.0
2014-01-29,1.131,0.0
2014-01-30,1.131,0.0
2014-02-07,1.132,0.000884
2014-02-10,1.135,0.00265
2014-02-11,1.138,0.002643
2014-02-12,1.139,0.000879
2014-02-13,1.138,-0.000878
2014-02-14,1.139,0.000879
2014-02-17,1.141,0.001756
2014-02-18,1.14,-0.0008759999999999999
2014-02-19,1.14,0.0
2014-02-20,1.145,0.004386
2014-02-21,1.142,-0.00262
2014-02-24,1.139,-0.002627
2014-02-25,1.138,-0.000878
2014-02-26,1.14,0.0017569999999999999
2014-02-27,1.143,0.002632
2014-02-28,1.139,-0.0034999999999999996
2014-03-03,1.142,0.002634
2014-03-04,1.14,-0.001751
2014-03-05,1.137,-0.002632
2014-03-06,1.138,0.0008799999999999999
2014-03-07,1.14,0.0017569999999999999
2014-03-10,1.136,-0.003509
2014-03-11,1.137,0.0008799999999999999
2014-03-12,1.135,-0.001759
2014-03-13,1.138,0.002643
2014-03-14,1.137,-0.000879
2014-03-17,1.14,0.0026390000000000003
2014-03-18,1.141,0.000877
2014-03-19,1.138,-0.0026290000000000003
2014-03-20,1.136,-0.0017569999999999999
2014-03-21,1.138,0.001761
2014-03-24,1.138,0.0
2014-03-25,1.139,0.000879
2014-03-26,1.138,-0.000878
2014-03-27,1.137,-0.000879
2014-03-28,1.134,-0.0026390000000000003
2014-03-31,1.135,0.000882
2014-04-01,1.138,0.002643
2014-04-02,1.138,0.0
2014-04-03,1.139,0.000879
2014-04-04,1.144,0.00439
2014-04-08,1.15,0.005245
2014-04-09,1.152,0.001739
2014-04-10,1.155,0.0026040000000000004
2014-04-11,1.155,0.0
2014-04-14,1.157,0.001732
2014-04-15,1.154,-0.002593
2014-04-16,1.152,-0.0017330000000000002
2014-04-17,1.152,0.0
2014-04-18,1.153,0.0008680000000000001
2014-04-21,1.151,-0.0017349999999999998
2014-04-22,1.152,0.0008690000000000001
2014-04-23,1.149,-0.0026040000000000004
2014-04-24,1.148,-0.0008699999999999999
2014-04-25,1.145,-0.002613
2014-04-28,1.142,-0.00262
2014-04-29,1.144,0.001751
2014-04-30,1.143,-0.0008740000000000001
2014-05-05,1.146,0.002625
2014-05-06,1.148,0.0017449999999999998
2014-05-07,1.145,-0.002613
2014-05-08,1.145,0.0
2014-05-09,1.145,0.0
2014-05-12,1.147,0.0017469999999999999
2014-05-13,1.147,0.0
2014-05-14,1.147,0.0
2014-05-15,1.145,-0.0017439999999999999
2014-05-16,1.144,-0.0008730000000000001
2014-05-19,1.143,-0.0008740000000000001
2014-05-20,1.142,-0.0008749999999999999
2014-05-21,1.143,0.0008759999999999999
2014-05-22,1.143,0.0
2014-05-23,1.144,0.0008749999999999999
2014-05-26,1.146,0.0017480000000000002
2014-05-27,1.146,0.0
2014-05-28,1.146,0.0
2014-05-29,1.146,0.0
2014-05-30,1.146,0.0
2014-06-03,1.146,0.0
2014-06-04,1.146,0.0
2014-06-05,1.146,0.0
2014-06-06,1.147,0.0008730000000000001
2014-06-09,1.148,0.0008719999999999999
2014-06-10,1.149,0.0008709999999999999
2014-06-11,1.149,0.0
2014-06-12,1.149,0.0
2014-06-13,1.149,0.0
2014-06-16,1.15,0.0008699999999999999
2014-06-17,1.149,-0.0008699999999999999
2014-06-18,1.149,0.0
2014-06-19,1.149,0.0
2014-06-20,1.149,0.0
2014-06-23,1.15,0.0008699999999999999
2014-06-24,1.15,0.0
2014-06-25,1.15,0.0
2014-06-26,1.15,0.0
2014-06-27,1.15,0.0
2014-06-30,1.151,0.0008699999999999999
2014-07-01,1.151,0.0
2014-07-02,1.151,0.0
2014-07-03,1.151,0.0
2014-07-04,1.151,0.0
2014-07-07,1.151,0.0
2014-07-08,1.151,0.0
2014-07-09,1.151,0.0
2014-07-10,1.152,0.0008690000000000001
2014-07-11,1.152,0.0
2014-07-14,1.152,0.0
2014-07-15,1.152,0.0
2014-07-16,1.152,0.0
2014-07-17,1.152,0.0
2014-07-18,1.152,0.0
2014-07-21,1.152,0.0
2014-07-22,1.152,0.0
2014-07-23,1.153,0.0008680000000000001
2014-07-24,1.153,0.0
2014-07-25,1.153,0.0
2014-07-28,1.153,0.0
2014-07-29,1.153,0.0
2014-07-30,1.154,0.000867
2014-07-31,1.0,-0.000292
2014-08-01,1.0,0.0
2014-08-04,1.001,0.001
2014-08-05,0.999,-0.001998
2014-08-06,0.999,0.0
2014-08-07,0.998,-0.001001
2014-08-08,0.999,0.001002
2014-08-11,1.001,0.002002
2014-08-12,1.001,0.0
2014-08-13,1.0,-0.000999
2014-08-14,0.999,-0.001
2014-08-15,1.0,0.001001
2014-08-18,1.0,0.0
2014-08-19,1.0,0.0
2014-08-20,1.0,0.0
2014-08-21,1.001,0.001
2014-08-22,1.001,0.0
2014-08-25,1.0,-0.000999
2014-08-26,1.0,0.0
2014-08-27,1.001,0.001
2014-08-28,1.0,-0.000999
2014-08-29,1.001,0.001
2014-09-01,1.004,0.002997
2014-09-02,1.005,0.000996
2014-09-03,1.005,0.0
2014-09-04,1.007,0.00199
2014-09-05,1.009,0.001986
2014-09-09,1.013,0.003964
2014-09-10,1.013,0.0
2014-09-11,1.014,0.000987
2014-09-12,1.018,0.003945000000000001
2014-09-15,1.02,0.001965
2014-09-16,1.013,-0.006863
2014-09-17,1.014,0.000987
2014-09-18,1.015,0.000986
2014-09-19,1.016,0.000985
2014-09-22,1.016,0.0
2014-09-23,1.018,0.001969
2014-09-24,1.018,0.0
2014-09-25,1.019,0.000982
2014-09-26,1.02,0.000981
2014-09-29,1.022,0.001961
2014-09-30,1.021,-0.000978
2014-10-08,1.025,0.003918
2014-10-09,1.025,0.0
2014-10-10,1.024,-0.0009760000000000001
2014-10-13,1.025,0.000977
2014-10-14,1.024,-0.0009760000000000001
2014-10-15,1.024,0.0
2014-10-16,1.024,0.0
2014-10-17,1.022,-0.001953
2014-10-20,1.025,0.0029349999999999997
2014-10-21,1.027,0.001951
2014-10-22,1.026,-0.000974
2014-10-23,1.024,-0.001949
2014-10-24,1.025,0.000977
2014-10-27,1.027,0.001951
2014-10-28,1.03,0.0029210000000000004
2014-10-29,1.03,0.0
2014-10-30,1.03,0.0
2014-10-31,1.03,0.0
2014-11-03,1.034,0.0038829999999999997
2014-11-04,1.034,0.0
2014-11-05,1.034,0.0
2014-11-06,1.038,0.003868
2014-11-07,1.036,-0.0019270000000000001
2014-11-10,1.037,0.000965
2014-11-11,1.037,0.0
2014-11-12,1.04,0.002893
2014-11-13,1.041,0.000962
2014-11-14,1.041,0.0
2014-11-17,1.04,-0.000961
2014-11-18,1.039,-0.000962
2014-11-19,1.038,-0.000962
2014-11-20,1.038,0.0
2014-11-21,1.042,0.0038540000000000002
2014-11-24,1.048,0.005758
2014-11-25,1.052,0.0038169999999999996
2014-11-26,1.055,0.002852
2014-11-27,1.059,0.003791
2014-11-28,1.065,0.005666
2014-12-01,1.065,0.0
2014-12-02,1.079,0.013146
2014-12-03,1.084,0.004634
2014-12-04,1.098,0.012915000000000001
2014-12-05,1.089,-0.008197
2014-12-08,1.099,0.009183
2014-12-09,1.065,-0.030937000000000003
2014-12-10,1.079,0.013146
2014-12-11,1.086,0.006487000000000001
2014-12-12,1.091,0.004604
2014-12-15,1.09,-0.0009170000000000001
2014-12-16,1.097,0.006422
2014-12-17,1.091,-0.005469000000000001
2014-12-18,1.093,0.001833
2014-12-19,1.089,-0.00366
2014-12-22,1.083,-0.00551
2014-12-23,1.078,-0.004617
2014-12-24,1.077,-0.0009279999999999999
2014-12-25,1.083,0.005571
2014-12-26,1.087,0.003693
2014-12-29,1.089,0.00184
2014-12-30,1.086,-0.002755
2014-12-31,1.101,0.013812
2015-01-05,1.123,0.019982
2015-01-06,1.121,-0.001781
2015-01-07,1.132,0.009812999999999999
2015-01-08,1.116,-0.014134
2015-01-09,1.114,-0.001792
2015-01-12,1.109,-0.004488
2015-01-13,1.114,0.004509
2015-01-14,1.116,0.001795
2015-01-15,1.131,0.013441000000000002
2015-01-16,1.137,0.005305
2015-01-19,1.099,-0.033421
2015-01-20,1.115,0.014558999999999999
2015-01-21,1.129,0.012556000000000001
2015-01-22,1.136,0.0062
2015-01-23,1.133,-0.002641
2015-01-26,1.138,0.004413
2015-01-27,1.138,0.0
2015-01-28,1.126,-0.010545
2015-01-29,1.124,-0.001776
2015-01-30,1.12,-0.003559
2015-02-02,1.116,-0.0035709999999999995
2015-02-03,1.115,-0.000896
2015-02-04,1.114,-0.000897
2015-02-05,1.112,-0.001795
2015-02-06,1.107,-0.004496
2015-02-09,1.103,-0.003613
2015-02-10,1.111,0.007252999999999999
2015-02-11,1.116,0.0045000000000000005
2015-02-12,1.121,0.0044800000000000005
2015-02-13,1.128,0.0062439999999999996
2015-02-16,1.136,0.007092
2015-02-17,1.138,0.001761
2015-02-25,1.135,-0.002636
2015-02-26,1.141,0.005286
2015-02-27,1.148,0.006135000000000001
2015-03-02,1.158,0.008711
2015-03-03,1.159,0.0008640000000000001
2015-03-04,1.17,0.009491000000000001
2015-03-05,1.174,0.0034189999999999997
2015-03-06,1.17,-0.003407
2015-03-09,1.174,0.0034189999999999997
2015-03-10,1.181,0.005963
2015-03-11,1.179,-0.001693
2015-03-12,1.174,-0.004241
2015-03-13,1.174,0.0
2015-03-16,1.184,0.008518
2015-03-17,1.19,0.0050680000000000005
2015-03-18,1.203,0.010924
2015-03-19,1.201,-0.001663
2015-03-20,1.209,0.006661
2015-03-23,1.226,0.014060999999999999
2015-03-24,1.239,0.010604
2015-03-25,1.248,0.0072640000000000005
2015-03-26,1.234,-0.011217999999999999
2015-03-27,1.237,0.002431
2015-03-30,1.246,0.007276
2015-03-31,1.246,0.0
2015-04-01,1.26,0.011236
2015-04-02,1.273,0.010317
2015-04-03,1.29,0.013354
2015-04-07,1.293,0.002326
2015-04-08,1.285,-0.006187000000000001
2015-04-09,1.275,-0.007782
2015-04-10,1.292,0.013333
2015-04-13,1.3,0.006192
2015-04-14,1.295,-0.003846
2015-04-15,1.28,-0.011583000000000001
2015-04-16,1.296,0.0125
2015-04-17,1.302,0.0046300000000000004
2015-04-20,1.295,-0.005376
2015-04-21,1.309,0.010811
2015-04-22,1.321,0.009167
2015-04-23,1.325,0.0030280000000000003
2015-04-24,1.317,-0.006038
2015-04-27,1.329,0.009112
2015-04-28,1.318,-0.008277
2015-04-29,1.322,0.003035
2015-04-30,1.323,0.000756
2015-05-04,1.332,0.006803
2015-05-05,1.313,-0.014263999999999999
2015-05-06,1.311,-0.0015229999999999998
2015-05-07,1.308,-0.002288
2015-05-08,1.325,0.012997000000000002
2015-05-11,1.341,0.012075
2015-05-12,1.35,0.006711
2015-05-13,1.361,0.008147999999999999
2015-05-14,1.364,0.0022040000000000002
2015-05-15,1.371,0.005132
2015-05-18,1.388,0.0124
2015-05-19,1.399,0.007925
2015-05-20,1.412,0.009292
2015-05-21,1.44,0.01983
2015-05-22,1.439,-0.0006940000000000001
2015-05-25,1.447,0.005559
2015-05-26,1.469,0.015204
2015-05-27,1.472,0.002042
2015-05-28,1.435,-0.025136
2015-05-29,1.439,0.002787
2015-06-01,1.469,0.020848
2015-06-02,1.497,0.019060999999999998
2015-06-03,1.507,0.00668
2015-06-04,1.504,-0.001991
2015-06-05,1.504,0.0
2015-06-08,1.499,-0.0033239999999999997
2015-06-09,1.495,-0.002668
2015-06-10,1.505,0.0066890000000000005
2015-06-11,1.513,0.0053159999999999995
2015-06-12,1.528,0.009914
2015-06-15,1.524,-0.0026179999999999997
2015-06-16,1.498,-0.01706
2015-06-17,1.494,-0.00267
2015-06-18,1.48,-0.009371
2015-06-19,1.452,-0.018919
2015-06-23,1.469,0.011708000000000001
2015-06-24,1.477,0.0054459999999999995
2015-06-25,1.455,-0.014895
2015-06-26,1.416,-0.026804
2015-06-29,1.393,-0.016243
2015-06-30,1.423,0.021536
2015-07-01,1.393,-0.021082
2015-07-02,1.358,-0.025126
2015-07-03,1.327,-0.022828
2015-07-06,1.328,0.0007539999999999999
2015-07-07,1.324,-0.0030120000000000004
2015-07-08,1.312,-0.009063
2015-07-09,1.341,0.022104
2015-07-10,1.372,0.023117000000000002
2015-07-13,1.385,0.009475
2015-07-14,1.381,-0.002888
2015-07-15,1.339,-0.030413000000000003
2015-07-16,1.35,0.008215
2015-07-17,1.388,0.028148
2015-07-20,1.4,0.008646000000000001
2015-07-21,1.417,0.012143
2015-07-22,1.424,0.00494
2015-07-23,1.445,0.014747
2015-07-24,1.433,-0.008304
2015-07-27,1.389,-0.030705
2015-07-28,1.363,-0.018719
2015-07-29,1.368,0.0036680000000000003
2015-07-30,1.367,-0.000731
2015-07-31,1.366,-0.000732
2015-08-03,1.361,-0.00366
2015-08-04,1.381,0.014695
2015-08-05,1.378,-0.002172
2015-08-06,1.374,-0.002903
2015-08-07,1.391,0.012373
2015-08-10,1.416,0.017973
2015-08-11,1.42,0.002825
2015-08-12,1.407,-0.009155
2015-08-13,1.423,0.011372
2015-08-14,1.429,0.004216
2015-08-17,1.438,0.006298000000000001
2015-08-18,1.412,-0.018081
2015-08-19,1.432,0.014164000000000001
2015-08-20,1.425,-0.004888
2015-08-21,1.417,-0.005614
2015-08-24,1.399,-0.012702999999999999
2015-08-25,1.367,-0.022873
2015-08-26,1.336,-0.022677
2015-08-27,1.353,0.012725
2015-08-28,1.378,0.018477
2015-08-31,1.362,-0.011611
2015-09-01,1.346,-0.011747
2015-09-02,1.341,-0.003715
2015-09-07,1.344,0.0022370000000000003
2015-09-08,1.349,0.0037199999999999998
2015-09-09,1.362,0.009637
2015-09-10,1.356,-0.004405
2015-09-11,1.355,-0.000737
2015-09-14,1.348,-0.005166
2015-09-15,1.343,-0.003709
2015-09-16,1.345,0.001489
2015-09-17,1.345,0.0
2015-09-18,1.346,0.0007430000000000001
2015-09-21,1.347,0.0007430000000000001
2015-09-22,1.346,-0.000742
2015-09-23,1.345,-0.0007430000000000001
2015-09-24,1.344,-0.0007430000000000001
2015-09-25,1.343,-0.000744
2015-09-28,1.344,0.000745
2015-09-29,1.344,0.0
2015-09-30,1.344,0.0
2015-10-08,1.345,0.000744
2015-10-09,1.345,0.0
2015-10-12,1.35,0.003717
2015-10-13,1.35,0.0
2015-10-14,1.35,0.0
2015-10-15,1.351,0.000741
2015-10-16,1.354,0.002221
2015-10-19,1.353,-0.000739
2015-10-20,1.355,0.001478
2015-10-21,1.353,-0.001476
2015-10-22,1.354,0.000739
2015-10-23,1.357,0.002216
2015-10-26,1.359,0.001474
2015-10-27,1.361,0.001472
2015-10-28,1.359,-0.00147
2015-10-29,1.36,0.000736
2015-10-30,1.359,-0.000735
2015-11-02,1.358,-0.000736
2015-11-03,1.359,0.000736
2015-11-04,1.363,0.002943
2015-11-05,1.361,-0.001467
2015-11-06,1.372,0.008082
2015-11-09,1.382,0.007289
2015-11-10,1.384,0.001447
2015-11-11,1.395,0.007948
2015-11-12,1.401,0.004301
2015-11-13,1.388,-0.009278999999999999
2015-11-16,1.394,0.0043230000000000005
2015-11-17,1.389,-0.0035870000000000003
2015-11-18,1.383,-0.00432
2015-11-19,1.39,0.0050609999999999995
2015-11-20,1.392,0.001439
2015-11-23,1.389,-0.002155
2015-11-24,1.392,0.00216
2015-11-25,1.393,0.000718
2015-11-26,1.392,-0.000718
2015-11-27,1.371,-0.015085999999999999
2015-11-30,1.372,0.000729
2015-12-01,1.372,0.0
2015-12-02,1.378,0.004373
2015-12-03,1.38,0.001451
2015-12-04,1.376,-0.002899
2015-12-07,1.378,0.001453
2015-12-08,1.375,-0.002177
2015-12-09,1.374,-0.000727
2015-12-10,1.372,-0.001456
2015-12-11,1.373,0.000729
2015-12-14,1.378,0.0036420000000000003
2015-12-15,1.387,0.006531
2015-12-16,1.395,0.005768
2015-12-17,1.404,0.006452
2015-12-18,1.399,-0.0035610000000000004
2015-12-21,1.403,0.002859
2015-12-22,1.407,0.0028510000000000002
2015-12-23,1.398,-0.006397000000000001
2015-12-24,1.405,0.005007
2015-12-25,1.415,0.007117
2015-12-28,1.405,-0.007067
2015-12-29,1.407,0.001423
2015-12-30,1.423,0.011372
2015-12-31,1.414,-0.006325
2016-01-04,1.383,-0.021924000000000003
2016-01-05,1.373,-0.007231
2016-01-06,1.376,0.002185
2016-01-07,1.367,-0.006541
2016-01-08,1.369,0.001463
2016-01-11,1.355,-0.010225999999999999
2016-01-12,1.353,-0.001476
2016-01-13,1.347,-0.004435
2016-01-14,1.35,0.0022270000000000002
2016-01-15,1.348,-0.0014810000000000001
2016-01-18,1.348,0.0
2016-01-19,1.348,0.0
2016-01-20,1.347,-0.000742
2016-01-21,1.338,-0.0066820000000000004
2016-01-22,1.341,0.002242
2016-01-25,1.342,0.000746
2016-01-26,1.328,-0.010431999999999999
2016-01-27,1.325,-0.0022589999999999997
2016-01-28,1.312,-0.009811
2016-01-29,1.323,0.008384
2016-02-01,1.317,-0.004535
2016-02-02,1.329,0.009112
2016-02-03,1.33,0.0007520000000000001
2016-02-04,1.34,0.0075190000000000005
2016-02-05,1.338,-0.001493
2016-02-15,1.339,0.000747
2016-02-16,1.357,0.013443
2016-02-17,1.362,0.003685
2016-02-18,1.364,0.0014680000000000001
2016-02-19,1.363,-0.000733
2016-02-22,1.374,0.00807
2016-02-23,1.372,-0.001456
2016-02-24,1.373,0.000729
2016-02-25,1.362,-0.008012
2016-02-26,1.363,0.0007340000000000001
2016-02-29,1.363,0.0
2016-03-01,1.363,0.0
2016-03-02,1.363,0.0
2016-03-03,1.364,0.0007340000000000001
2016-03-04,1.364,0.0
2016-03-07,1.365,0.000733
2016-03-08,1.366,0.000733
2016-03-09,1.365,-0.000732
2016-03-10,1.364,-0.000733
2016-03-11,1.365,0.000733
2016-03-14,1.365,0.0
2016-03-15,1.365,0.0
2016-03-16,1.364,-0.000733
2016-03-17,1.366,0.001466
2016-03-18,1.371,0.00366
2016-03-21,1.375,0.002918
2016-03-22,1.375,0.0
2016-03-23,1.374,-0.000727
2016-03-24,1.374,0.0
2016-03-25,1.374,0.0
2016-03-28,1.372,-0.001456
2016-03-29,1.371,-0.000729
2016-03-30,1.373,0.001459
2016-03-31,1.375,0.001457
2016-04-01,1.374,-0.000727
2016-04-05,1.376,0.001456
2016-04-06,1.377,0.000727
2016-04-07,1.377,0.0
2016-04-08,1.381,0.0029049999999999996
2016-04-11,1.383,0.001448
2016-04-12,1.38,-0.002169
2016-04-13,1.382,0.001449
2016-04-14,1.383,0.000724
2016-04-15,1.382,-0.000723
2016-04-18,1.383,0.000724
2016-04-19,1.382,-0.000723
2016-04-20,1.38,-0.001447
2016-04-21,1.38,0.0
2016-04-22,1.378,-0.001449
2016-04-25,1.375,-0.002177
2016-04-26,1.379,0.002909
2016-04-27,1.379,0.0
2016-04-28,1.378,-0.000725
2016-04-29,1.379,0.000726
2016-05-03,1.381,0.00145
2016-05-04,1.38,-0.000724
2016-05-05,1.38,0.0
2016-05-06,1.375,-0.003623
2016-05-09,1.366,-0.006545
2016-05-10,1.368,0.001464
2016-05-11,1.368,0.0
2016-05-12,1.367,-0.000731
2016-05-13,1.366,-0.000732
2016-05-16,1.37,0.002928
2016-05-17,1.37,0.0
2016-05-18,1.367,-0.00219
2016-05-19,1.368,0.000732
2016-05-20,1.37,0.001462
2016-05-23,1.371,0.00073
2016-05-24,1.37,-0.000729
2016-05-25,1.369,-0.00073
2016-05-26,1.368,-0.00073
2016-05-27,1.368,0.0
2016-05-30,1.368,0.0
2016-05-31,1.372,0.002924
2016-06-01,1.374,0.001458
2016-06-02,1.375,0.000728
2016-06-03,1.375,0.0
2016-06-06,1.377,0.001455
2016-06-07,1.377,0.0
2016-06-08,1.378,0.000726
2016-06-13,1.376,-0.001451
2016-06-14,1.376,0.0
2016-06-15,1.378,0.001453
2016-06-16,1.378,0.0
2016-06-17,1.378,0.0
2016-06-20,1.38,0.001451
2016-06-21,1.379,-0.000725
2016-06-22,1.381,0.00145
2016-06-23,1.38,-0.000724
2016-06-24,1.38,0.0
2016-06-27,1.384,0.002899
2016-06-28,1.384,0.0
2016-06-29,1.385,0.000723
2016-06-30,1.385,0.0
2016-07-01,1.384,-0.000722
2016-07-04,1.394,0.0072250000000000005
2016-07-05,1.397,0.002152
2016-07-06,1.399,0.001432
2016-07-07,1.4,0.0007149999999999999
2016-07-08,1.399,-0.000714
2016-07-11,1.399,0.0
2016-07-12,1.405,0.004289
2016-07-13,1.407,0.001423
2016-07-14,1.407,0.0
2016-07-15,1.407,0.0
2016-07-18,1.409,0.001421
2016-07-19,1.408,-0.0007099999999999999
2016-07-20,1.408,0.0
2016-07-21,1.407,-0.0007099999999999999
2016-07-22,1.406,-0.0007109999999999999
2016-07-25,1.407,0.0007109999999999999
2016-07-26,1.412,0.003554
2016-07-27,1.405,-0.004958000000000001
2016-07-28,1.408,0.0021349999999999997
2016-07-29,1.406,-0.0014199999999999998
2016-08-01,1.403,-0.002134
2016-08-02,1.406,0.0021379999999999997
2016-08-03,1.408,0.0014219999999999999
2016-08-04,1.408,0.0
2016-08-05,1.408,0.0
2016-08-08,1.411,0.002131
2016-08-09,1.412,0.000709
2016-08-10,1.413,0.000708
2016-08-11,1.413,0.0
2016-08-12,1.413,0.0
2016-08-15,1.415,0.0014149999999999998
2016-08-16,1.418,0.00212
2016-08-17,1.418,0.0
2016-08-18,1.418,0.0
2016-08-19,1.418,0.0
2016-08-22,1.416,-0.0014099999999999998
2016-08-23,1.417,0.0007059999999999999
2016-08-24,1.417,0.0
2016-08-25,1.416,-0.0007059999999999999
2016-08-26,1.417,0.0007059999999999999
2016-08-29,1.417,0.0
2016-08-30,1.417,0.0
2016-08-31,1.418,0.0007059999999999999
2016-09-01,1.417,-0.0007049999999999999
2016-09-02,1.417,0.0
2016-09-05,1.418,0.0007059999999999999
2016-09-06,1.42,0.0014099999999999998
2016-09-07,1.419,-0.0007040000000000001
2016-09-08,1.42,0.0007049999999999999
2016-09-09,1.419,-0.0007040000000000001
2016-09-12,1.417,-0.0014089999999999999
2016-09-13,1.418,0.0007059999999999999
2016-09-14,1.42,0.0014099999999999998
2016-09-19,1.42,0.0
2016-09-20,1.42,0.0
2016-09-21,1.421,0.0007040000000000001
2016-09-22,1.421,0.0
2016-09-23,1.421,0.0
2016-09-26,1.421,0.0
2016-09-27,1.423,0.0014069999999999998
2016-09-28,1.423,0.0
2016-09-29,1.423,0.0
2016-09-30,1.423,0.0
2016-10-10,1.425,0.0014050000000000002
2016-10-11,1.426,0.0007019999999999999
2016-10-12,1.426,0.0
2016-10-13,1.426,0.0
2016-10-14,1.426,0.0
2016-10-17,1.425,-0.0007009999999999999
2016-10-18,1.426,0.0007019999999999999
2016-10-19,1.427,0.0007009999999999999
2016-10-20,1.428,0.0007009999999999999
2016-10-21,1.428,0.0
2016-10-24,1.428,0.0
2016-10-25,1.429,0.0007000000000000001
2016-10-26,1.429,0.0
2016-10-27,1.429,0.0
2016-10-28,1.429,0.0
2016-10-31,1.43,0.0007000000000000001
2016-11-01,1.432,0.001399
2016-11-02,1.432,0.0
2016-11-03,1.432,0.0
2016-11-04,1.432,0.0
2016-11-07,1.432,0.0
2016-11-08,1.433,0.000698
2016-11-09,1.432,-0.000698
2016-11-10,1.434,0.0013969999999999998
2016-11-11,1.435,0.000697
2016-11-14,1.435,0.0
2016-11-15,1.436,0.000697
2016-11-16,1.435,-0.000696
2016-11-17,1.435,0.0
2016-11-18,1.434,-0.000697
2016-11-21,1.435,0.000697
2016-11-22,1.437,0.001394
2016-11-23,1.436,-0.000696
2016-11-24,1.437,0.000696
2016-11-25,1.438,0.000696
2016-11-28,1.439,0.0006950000000000001
2016-11-29,1.437,-0.0013900000000000002
2016-11-30,1.436,-0.000696
2016-12-01,1.436,0.0
2016-12-02,1.434,-0.0013930000000000001
2016-12-05,1.433,-0.000697
2016-12-06,1.433,0.0
2016-12-07,1.434,0.000698
2016-12-08,1.434,0.0
2016-12-09,1.433,-0.000697
2016-12-12,1.429,-0.002791
2016-12-13,1.43,0.0007000000000000001
2016-12-14,1.428,-0.001399
2016-12-15,1.426,-0.0014010000000000001
2016-12-16,1.428,0.0014030000000000002
2016-12-19,1.426,-0.0014010000000000001
2016-12-20,1.424,-0.0014030000000000002
2016-12-21,1.426,0.0014039999999999999
2016-12-22,1.426,0.0
2016-12-23,1.425,-0.0007009999999999999
2016-12-26,1.426,0.0007019999999999999
2016-12-27,1.427,0.0007009999999999999
2016-12-28,1.426,-0.0007009999999999999
2016-12-29,1.426,0.0
2016-12-30,1.427,0.0007009999999999999
2016-12-31,1.427,0.0
2017-01-03,1.429,0.0014019999999999998
2017-01-04,1.43,0.0007000000000000001
2017-01-05,1.43,0.0
2017-01-06,1.43,0.0
2017-01-09,1.431,0.0006990000000000001
2017-01-10,1.431,0.0
2017-01-11,1.43,-0.0006990000000000001
2017-01-12,1.429,-0.0006990000000000001
2017-01-13,1.428,-0.0007000000000000001
2017-01-16,1.426,-0.0014010000000000001
2017-01-17,1.426,0.0
2017-01-18,1.426,0.0
2017-01-19,1.426,0.0
2017-01-20,1.427,0.0007009999999999999
2017-01-23,1.427,0.0
2017-01-24,1.427,0.0
2017-01-25,1.428,0.0007009999999999999
2017-01-26,1.429,0.0007000000000000001
2017-02-03,1.428,-0.0007000000000000001
2017-02-06,1.429,0.0007000000000000001
2017-02-07,1.429,0.0
2017-02-08,1.429,0.0
2017-02-09,1.429,0.0
2017-02-10,1.429,0.0
2017-02-13,1.43,0.0007000000000000001
2017-02-14,1.43,0.0
2017-02-15,1.429,-0.0006990000000000001
2017-02-16,1.43,0.0007000000000000001
2017-02-17,1.429,-0.0006990000000000001
2017-02-20,1.431,0.0014000000000000002
2017-02-21,1.431,0.0
2017-02-22,1.432,0.0006990000000000001
2017-02-23,1.432,0.0
2017-02-24,1.433,0.000698
2017-02-27,1.433,0.0
2017-02-28,1.434,0.000698
2017-03-01,1.434,0.0
2017-03-02,1.433,-0.000697
2017-03-03,1.434,0.000698
2017-03-06,1.434,0.0
2017-03-07,1.434,0.0
2017-03-08,1.434,0.0
2017-03-09,1.433,-0.000697
2017-03-10,1.433,0.0
2017-03-13,1.435,0.001396
2017-03-14,1.434,-0.000697
2017-03-15,1.434,0.0
2017-03-16,1.435,0.000697
2017-03-17,1.433,-0.001394
2017-03-20,1.434,0.000698
2017-03-21,1.435,0.000697
2017-03-22,1.436,0.000697
2017-03-23,1.437,0.000696
2017-03-24,1.438,0.000696
2017-03-27,1.438,0.0
2017-03-28,1.437,-0.0006950000000000001
2017-03-29,1.437,0.0
2017-03-30,1.434,-0.002088
2017-03-31,1.435,0.000697
2017-04-05,1.439,0.002787
2017-04-06,1.441,0.0013900000000000002
2017-04-07,1.441,0.0
2017-04-10,1.441,0.0
2017-04-11,1.442,0.0006940000000000001
2017-04-12,1.44,-0.001387
2017-04-13,1.44,0.0
2017-04-14,1.439,-0.0006940000000000001
2017-04-17,1.439,0.0
2017-04-18,1.439,0.0
2017-04-19,1.438,-0.0006950000000000001
2017-04-20,1.439,0.0006950000000000001
2017-04-21,1.439,0.0
2017-04-24,1.434,-0.003475
2017-04-25,1.435,0.000697
2017-04-26,1.435,0.0
2017-04-27,1.435,0.0
2017-04-28,1.435,0.0
2017-05-02,1.433,-0.001394
2017-05-03,1.431,-0.001396
2017-05-04,1.431,0.0
2017-05-05,1.429,-0.0013980000000000002
2017-05-08,1.427,-0.0014000000000000002
2017-05-09,1.428,0.0007009999999999999
2017-05-10,1.426,-0.0014010000000000001
2017-05-11,1.426,0.0
2017-05-12,1.426,0.0
2017-05-15,1.426,0.0
2017-05-16,1.428,0.0014030000000000002
2017-05-17,1.427,-0.0007000000000000001
2017-05-18,1.428,0.0007009999999999999
2017-05-19,1.428,0.0
2017-05-22,1.428,0.0
2017-05-23,1.428,0.0
2017-05-24,1.428,0.0
2017-05-25,1.429,0.0007000000000000001
2017-05-26,1.429,0.0
2017-05-31,1.428,-0.0007000000000000001
2017-06-01,1.428,0.0
2017-06-02,1.428,0.0
2017-06-05,1.428,0.0
2017-06-06,1.428,0.0
2017-06-07,1.429,0.0007000000000000001
2017-06-08,1.429,0.0
2017-06-09,1.429,0.0
2017-06-12,1.429,0.0
2017-06-13,1.429,0.0
2017-06-14,1.429,0.0
2017-06-15,1.429,0.0
2017-06-16,1.429,0.0
2017-06-19,1.429,0.0
2017-06-20,1.429,0.0
2017-06-21,1.429,0.0
2017-06-22,1.43,0.0007000000000000001
2017-06-23,1.43,0.0
2017-06-26,1.43,0.0
2017-06-27,1.431,0.0006990000000000001
2017-06-28,1.431,0.0
2017-06-29,1.431,0.0
2017-06-30,1.431,0.0
2017-07-03,1.432,0.0006990000000000001
2017-07-04,1.432,0.0
2017-07-05,1.432,0.0
2017-07-06,1.432,0.0
2017-07-07,1.432,0.0
2017-07-10,1.432,0.0
2017-07-11,1.432,0.0
2017-07-12,1.432,0.0
2017-07-13,1.432,0.0
2017-07-14,1.432,0.0
2017-07-17,1.432,0.0
2017-07-18,1.432,0.0
2017-07-19,1.433,0.000698
2017-07-20,1.433,0.0
2017-07-21,1.433,0.0
2017-07-24,1.433,0.0
2017-07-25,1.433,0.0
2017-07-26,1.433,0.0
2017-07-27,1.433,0.0
2017-07-28,1.433,0.0
2017-07-31,1.433,0.0
2017-08-01,1.433,0.0
2017-08-02,1.433,0.0
2017-08-03,1.433,0.0
2017-08-04,1.433,0.0
2017-08-07,1.433,0.0
2017-08-08,1.0,0.000242
2017-08-09,1.0,0.0
2017-08-10,1.0,0.0
2017-08-11,1.0,0.0
2017-08-14,1.0,0.0
2017-08-15,1.0,0.0
2017-08-16,1.0,0.0
2017-08-17,1.0,0.0
2017-08-18,1.0,0.0
2017-08-21,1.0,0.0
2017-08-22,1.0,0.0
2017-08-23,1.0,0.0
2017-08-24,1.0,0.0
2017-08-25,1.0,0.0
2017-08-28,1.0,0.0
2017-08-29,1.0,0.0
2017-08-30,1.0,0.0
2017-08-31,1.0,0.0
2017-09-01,1.0,0.0
2017-09-04,1.0,0.0
2017-09-05,1.0,0.0
2017-09-06,1.0,0.0
2017-09-07,1.0,0.0
2017-09-08,1.0,0.0
2017-09-11,1.0,0.0
2017-09-12,0.999,-0.001
2017-09-13,1.0,0.001001
2017-09-14,1.0,0.0
2017-09-15,1.0,0.0
2017-09-18,1.001,0.001
2017-09-19,1.001,0.0
2017-09-20,1.001,0.0
2017-09-21,1.001,0.0
2017-09-22,1.002,0.000999
2017-09-25,1.003,0.000998
2017-09-26,1.002,-0.000997
2017-09-27,1.002,0.0
2017-09-28,1.003,0.000998
2017-09-29,1.003,0.0
2017-10-09,1.007,0.003988
2017-10-10,1.009,0.001986
2017-10-11,1.013,0.003964
2017-10-12,1.015,0.001974
2017-10-13,1.016,0.000985
2017-10-16,1.016,0.0
2017-10-17,1.016,0.0
2017-10-18,1.02,0.0039369999999999995
2017-10-19,1.017,-0.0029409999999999996
2017-10-20,1.015,-0.001967
2017-10-23,1.016,0.000985
2017-10-24,1.02,0.0039369999999999995
2017-10-25,1.026,0.005881999999999999
2017-10-26,1.026,0.0
2017-10-27,1.029,0.002924
2017-10-30,1.029,0.0
2017-10-31,1.031,0.001944
2017-11-01,1.031,0.0
2017-11-02,1.032,0.00097
2017-11-03,1.029,-0.0029070000000000003
2017-11-06,1.039,0.009718
2017-11-07,1.049,0.009625
2017-11-08,1.047,-0.001907
2017-11-09,1.057,0.009550999999999999
2017-11-10,1.067,0.009461
2017-11-13,1.078,0.010308999999999999
2017-11-14,1.069,-0.008349
2017-11-15,1.06,-0.008419
2017-11-16,1.072,0.011321000000000001
2017-11-17,1.061,-0.010261
2017-11-20,1.077,0.01508
2017-11-21,1.088,0.010214
2017-11-22,1.084,-0.003676
2017-11-23,1.047,-0.034133
2017-11-24,1.048,0.000955
2017-11-27,1.024,-0.022900999999999998
2017-11-28,1.033,0.008789
2017-11-29,1.033,0.0
2017-11-30,1.024,-0.008712
2017-12-01,1.027,0.00293
2017-12-04,1.03,0.0029210000000000004
2017-12-05,1.025,-0.004854
2017-12-06,1.026,0.0009760000000000001
2017-12-07,1.019,-0.006823
2017-12-08,1.025,0.005888
2017-12-11,1.039,0.013659
2017-12-12,1.026,-0.012512
2017-12-13,1.042,0.015595000000000001
2017-12-14,1.038,-0.0038390000000000004
2017-12-15,1.033,-0.004817
2017-12-18,1.032,-0.000968
2017-12-19,1.05,0.017442
2017-12-20,1.048,-0.001905
2017-12-21,1.061,0.012405
2017-12-22,1.054,-0.0065980000000000006
2017-12-25,1.042,-0.011385000000000001
2017-12-26,1.048,0.005758
2017-12-27,1.029,-0.01813
2017-12-28,1.039,0.009718
2017-12-29,1.045,0.005775
2017-12-31,1.045,0.0
2018-01-02,1.061,0.015310999999999998
2018-01-03,1.065,0.00377
2018-01-04,1.07,0.0046949999999999995
2018-01-05,1.059,-0.010280000000000001
2018-01-08,1.061,0.001889
2018-01-09,1.065,0.00377
2018-01-10,1.062,-0.002817
2018-01-11,1.06,-0.001883
2018-01-12,1.068,0.007547000000000001
2018-01-15,1.073,0.004682
2018-01-16,1.084,0.010251999999999999
2018-01-17,1.072,-0.01107
2018-01-18,1.086,0.01306
2018-01-19,1.082,-0.003683
2018-01-22,1.103,0.019409
2018-01-23,1.108,0.004533
2018-01-24,1.109,0.000903
2018-01-25,1.1,-0.008115
2018-01-26,1.109,0.008182
2018-01-29,1.079,-0.027051
2018-01-30,1.068,-0.010195000000000001
2018-01-31,1.074,0.005618
2018-02-01,1.063,-0.010242
2018-02-02,1.071,0.007526000000000001
2018-02-05,1.062,-0.008403
2018-02-06,1.016,-0.043315
2018-02-07,0.988,-0.027559
2018-02-08,0.995,0.007085
2018-02-09,0.962,-0.033166
2018-02-12,0.991,0.030146000000000003
2018-02-13,1.004,0.013118000000000001
2018-02-14,1.009,0.00498
2018-02-22,1.036,0.026758999999999998
2018-02-23,1.035,-0.000965
2018-02-26,1.049,0.013527
2018-02-27,1.033,-0.015253000000000001
2018-02-28,1.031,-0.001936
2018-03-01,1.039,0.007759
2018-03-02,1.03,-0.008662
2018-03-05,1.024,-0.005825
2018-03-06,1.038,0.013672
2018-03-07,1.031,-0.006744
2018-03-08,1.037,0.00582
2018-03-09,1.052,0.014464999999999999
2018-03-12,1.059,0.006654
2018-03-13,1.052,-0.00661
2018-03-14,1.05,-0.001901
2018-03-15,1.054,0.00381
2018-03-16,1.046,-0.00759
2018-03-19,1.053,0.006692
2018-03-20,1.051,-0.001899
2018-03-21,1.043,-0.007612
2018-03-22,1.031,-0.011505000000000001
2018-03-23,0.995,-0.034918
2018-03-26,1.013,0.01809
2018-03-27,1.035,0.021718
2018-03-28,1.025,-0.009661999999999999
2018-03-29,1.033,0.0078049999999999994
2018-03-30,1.05,0.016457
2018-04-02,1.051,0.000952
2018-04-03,1.046,-0.004757
2018-04-04,1.045,-0.000956
2018-04-09,1.043,-0.001914
2018-04-10,1.044,0.000959
2018-04-11,1.046,0.001916
2018-04-12,1.037,-0.008604
2018-04-13,1.034,-0.002893
2018-04-16,1.034,0.0
2018-04-17,1.014,-0.019341999999999998
2018-04-18,1.028,0.013807
2018-04-19,1.031,0.002918
2018-04-20,1.01,-0.020369
2018-04-23,1.002,-0.007921000000000001
2018-04-24,1.022,0.01996
2018-04-25,1.027,0.0048920000000000005
2018-04-26,1.013,-0.013632
2018-04-27,1.012,-0.000987
2018-05-02,1.01,-0.001976
2018-05-03,1.017,0.0069310000000000005
2018-05-04,1.018,0.000983
2018-05-07,1.035,0.016699
2018-05-08,1.04,0.004830999999999999
2018-05-09,1.037,-0.002885
2018-05-10,1.041,0.0038569999999999998
2018-05-11,1.029,-0.011527
2018-05-14,1.03,0.000972
2018-05-15,1.041,0.01068
2018-05-16,1.043,0.001921
2018-05-17,1.03,-0.012464
2018-05-18,1.034,0.0038829999999999997
2018-05-21,1.043,0.008704
2018-05-22,1.048,0.004794
2018-05-23,1.04,-0.007633999999999999
2018-05-24,1.032,-0.007692
2018-05-25,1.026,-0.005814000000000001
2018-05-28,1.034,0.007796999999999999
2018-05-29,1.019,-0.014507
2018-05-30,1.005,-0.013739
2018-05-31,1.02,0.014924999999999999
2018-06-01,1.003,-0.016667
2018-06-04,0.993,-0.00997
2018-06-05,1.014,0.021147999999999997
2018-06-06,1.021,0.006903
2018-06-07,1.013,-0.007835
2018-06-08,1.008,-0.004935999999999999
2018-06-11,1.004,-0.003968
2018-06-12,1.017,0.012948
2018-06-13,1.009,-0.007866
2018-06-14,1.0,-0.00892
2018-06-15,0.988,-0.012
2018-06-19,0.951,-0.037448999999999996
2018-06-20,0.956,0.0052580000000000005
2018-06-21,0.945,-0.011506
2018-06-22,0.951,0.0063490000000000005
2018-06-25,0.939,-0.012618
2018-06-26,0.932,-0.007455000000000001
2018-06-27,0.911,-0.022532
2018-06-28,0.901,-0.010976999999999999
2018-06-29,0.928,0.029967
2018-06-30,0.928,0.0
2018-07-02,0.913,-0.016164
2018-07-03,0.912,-0.001095
2018-07-04,0.897,-0.016447
2018-07-05,0.887,-0.011148
2018-07-06,0.89,0.003382
2018-07-09,0.919,0.032584
2018-07-10,0.922,0.0032640000000000004
2018-07-11,0.91,-0.013015
2018-07-12,0.93,0.021978
2018-07-13,0.934,0.004301
2018-07-16,0.936,0.002141
2018-07-17,0.934,-0.002137
2018-07-18,0.933,-0.001071
2018-07-19,0.934,0.001072
2018-07-20,0.944,0.010707
2018-07-23,0.95,0.0063560000000000005
2018-07-24,0.958,0.008421
2018-07-25,0.956,-0.002088
2018-07-26,0.94,-0.016736
2018-07-27,0.935,-0.005319000000000001
2018-07-30,0.926,-0.009626000000000001
2018-07-31,0.925,-0.00108
2018-08-01,0.91,-0.016215999999999998
2018-08-02,0.896,-0.015385
2018-08-03,0.879,-0.018973
2018-08-06,0.866,-0.014790000000000001
2018-08-07,0.884,0.020785
2018-08-08,0.871,-0.014705999999999999
2018-08-09,0.897,0.029851000000000003
2018-08-10,0.902,0.005574
2018-08-13,0.91,0.008869
2018-08-14,0.903,-0.007692
2018-08-15,0.885,-0.019934
2018-08-16,0.879,-0.0067800000000000004
2018-08-17,0.865,-0.015927
2018-08-20,0.873,0.009249
2018-08-21,0.883,0.011455
2018-08-22,0.877,-0.006795
2018-08-23,0.886,0.010262
2018-08-24,0.886,0.0
2018-08-27,0.909,0.025959
2018-08-28,0.906,-0.0033
2018-08-29,0.901,-0.005519
2018-08-30,0.893,-0.008879
2018-08-31,0.886,-0.007839
2018-09-03,0.894,0.009029
2018-09-04,0.902,0.008949
2018-09-05,0.886,-0.017738
2018-09-06,0.879,-0.007901
2018-09-07,0.875,-0.004551
2018-09-10,0.862,-0.014857
2018-09-11,0.862,0.0
2018-09-12,0.858,-0.00464
2018-09-13,0.866,0.009324
2018-09-14,0.862,-0.004619
2018-09-17,0.856,-0.006961
2018-09-18,0.869,0.015186999999999999
2018-09-19,0.878,0.010357
2018-09-20,0.876,-0.002278
2018-09-21,0.891,0.017123
2018-09-25,0.888,-0.003367
2018-09-26,0.894,0.006757
2018-09-27,0.889,-0.005593
2018-09-28,0.894,0.0056240000000000005
2018-10-08,0.863,-0.034676
2018-10-09,0.859,-0.004635
2018-10-10,0.86,0.001164
2018-10-11,0.826,-0.039535
2018-10-12,0.834,0.009685000000000001
2018-10-15,0.824,-0.01199
2018-10-16,0.816,-0.009709
2018-10-17,0.82,0.004902
2018-10-18,0.808,-0.014634000000000001
2018-10-19,0.832,0.029703
2018-10-22,0.858,0.03125
2018-10-23,0.838,-0.02331
2018-10-24,0.836,-0.002387
2018-10-25,0.835,-0.001196
2018-10-26,0.829,-0.0071860000000000005
2018-10-29,0.813,-0.019299999999999998
2018-10-30,0.817,0.00492
2018-10-31,0.828,0.013464
2018-11-01,0.835,0.008454
2018-11-02,0.854,0.022754
2018-11-05,0.852,-0.002342
2018-11-06,0.847,-0.005869
2018-11-07,0.845,-0.0023610000000000003
2018-11-08,0.84,-0.005917
2018-11-09,0.838,-0.002381
2018-11-12,0.851,0.015512999999999999
2018-11-13,0.857,0.007050999999999999
2018-11-14,0.855,-0.002334
2018-11-15,0.863,0.009356999999999999
2018-11-16,0.867,0.004635
2018-11-19,0.87,0.0034599999999999995
2018-11-20,0.853,-0.01954
2018-11-21,0.856,0.003517
2018-11-22,0.854,-0.002336
2018-11-23,0.84,-0.016393
2018-11-26,0.834,-0.007143
2018-11-27,0.837,0.0035970000000000004
2018-11-28,0.843,0.007168
2018-11-29,0.833,-0.011862
2018-11-30,0.84,0.008403
2018-12-03,0.86,0.023809999999999998
2018-12-04,0.858,-0.002326
2018-12-05,0.857,-0.001166
2018-12-06,0.841,-0.01867
2018-12-07,0.842,0.001189
2018-12-10,0.838,-0.004751
2018-12-11,0.843,0.005967
2018-12-12,0.841,-0.002372
2018-12-13,0.851,0.011891
2018-12-14,0.837,-0.016451
2018-12-17,0.832,-0.005974
2018-12-18,0.828,-0.004808
2018-12-19,0.819,-0.01087
2018-12-20,0.82,0.001221
2018-12-21,0.815,-0.006098
2018-12-24,0.823,0.009816
2018-12-25,0.822,-0.001215
2018-12-26,0.822,0.0
2018-12-27,0.818,-0.004866
2018-12-28,0.82,0.002445
2018-12-31,0.82,0.0
2019-01-02,0.813,-0.008537
2019-01-03,0.807,-0.00738
2019-01-04,0.823,0.019826999999999997
2019-01-07,0.831,0.009721
2019-01-08,0.829,-0.002407
2019-01-09,0.83,0.001206
2019-01-10,0.828,-0.00241
2019-01-11,0.831,0.003623
2019-01-14,0.825,-0.00722
2019-01-15,0.835,0.012121
2019-01-16,0.838,0.0035930000000000003
2019-01-17,0.834,-0.004773
2019-01-18,0.843,0.010791
2019-01-21,0.849,0.007117
2019-01-22,0.837,-0.014134
2019-01-23,0.842,0.005974
2019-01-24,0.845,0.003563
2019-01-25,0.847,0.0023669999999999997
2019-01-28,0.85,0.003542
2019-01-29,0.849,-0.001176
2019-01-30,0.837,-0.014134
2019-01-31,0.839,0.002389
2019-02-01,0.857,0.021454
2019-02-11,0.875,0.021004000000000002
2019-02-12,0.881,0.006856999999999999
2019-02-13,0.896,0.017026
2019-02-14,0.897,0.001116
2019-02-15,0.889,-0.008919
2019-02-18,0.92,0.034871
2019-02-19,0.915,-0.005435
2019-02-20,0.915,0.0
2019-02-21,0.914,-0.001093
2019-02-22,0.936,0.02407
2019-02-25,0.984,0.051281999999999994
2019-02-26,0.979,-0.005081
2019-02-27,0.965,-0.0143
2019-02-28,0.97,0.005181
2019-03-01,0.98,0.010308999999999999
2019-03-04,1.002,0.022449
2019-03-05,1.013,0.010978000000000002
2019-03-06,1.014,0.000987
2019-03-07,1.006,-0.007890000000000001
2019-03-08,0.981,-0.024851
2019-03-11,1.007,0.026504
2019-03-12,1.03,0.02284
2019-03-13,1.002,-0.027184
2019-03-14,0.982,-0.01996
2019-03-15,0.994,0.01222
2019-03-18,1.021,0.027163
2019-03-19,1.024,0.002938
2019-03-20,1.017,-0.006836
2019-03-21,1.021,0.003933
2019-03-22,1.019,-0.001959
2019-03-25,1.005,-0.013739
2019-03-26,0.994,-0.010945
2019-03-27,1.006,0.012072000000000001
2019-03-28,1.001,-0.00497
2019-03-29,1.036,0.034965
2019-04-01,1.07,0.032819
2019-04-02,1.062,-0.007477
2019-04-03,1.073,0.010358000000000001
2019-04-04,1.082,0.008388
2019-04-08,1.07,-0.011091
2019-04-09,1.072,0.001869
2019-04-10,1.072,0.0
2019-04-11,1.051,-0.01959
2019-04-12,1.045,-0.005709
2019-04-15,1.035,-0.009569
2019-04-16,1.044,0.008696
2019-04-17,1.046,0.001916
2019-04-18,1.045,-0.000956
2019-04-19,1.048,0.0028710000000000003
2019-04-22,1.036,-0.01145
2019-04-23,1.035,-0.000965
2019-04-24,1.04,0.004830999999999999
2019-04-25,1.021,-0.018269
2019-04-26,1.012,-0.008815
2019-04-29,1.009,-0.002964
2019-04-30,1.018,0.00892
2019-05-06,0.967,-0.050098000000000004
2019-05-07,0.976,0.009307
2019-05-08,0.961,-0.015368999999999999
2019-05-09,0.946,-0.015609
2019-05-10,0.979,0.034884
2019-05-13,0.97,-0.009193
2019-05-14,0.967,-0.0030930000000000003
2019-05-15,0.986,0.019648000000000002
2019-05-16,0.99,0.004057
2019-05-17,0.969,-0.021211999999999998
2019-05-20,0.951,-0.018576
2019-05-21,0.963,0.012618
2019-05-22,0.964,0.001038
2019-05-23,0.945,-0.019710000000000002
2019-05-24,0.945,0.0
2019-05-27,0.958,0.013756999999999998
2019-05-28,0.969,0.011482000000000001
2019-05-29,0.967,-0.002064
2019-05-30,0.968,0.001034
2019-05-31,0.97,0.002066
2019-06-03,0.967,-0.0030930000000000003
2019-06-04,0.959,-0.008273
2019-06-05,0.961,0.002086
2019-06-06,0.952,-0.009365
2019-06-10,0.961,0.009454
2019-06-11,0.984,0.023933
2019-06-12,0.979,-0.005081
2019-06-13,0.977,-0.002043
2019-06-14,0.969,-0.008187999999999999
2019-06-17,0.965,-0.004128
2019-06-18,0.967,0.002073
2019-06-19,0.975,0.008273
2019-06-20,0.994,0.019487
2019-06-21,0.995,0.001006
2019-06-24,0.999,0.00402
2019-06-25,0.996,-0.003003
2019-06-26,0.997,0.0010040000000000001
2019-06-27,1.006,0.009027
2019-06-28,1.005,-0.000994
2019-06-30,1.005,0.0
2019-07-01,1.029,0.023881
2019-07-02,1.033,0.003887
2019-07-03,1.021,-0.011616999999999999
2019-07-04,1.012,-0.008815
2019-07-05,1.021,0.008893
2019-07-08,1.004,-0.01665
2019-07-09,1.007,0.002988
2019-07-10,1.005,-0.001986
2019-07-11,1.004,-0.000995
2019-07-12,1.01,0.005976
2019-07-15,1.009,-0.00099
2019-07-16,1.004,-0.004955
2019-07-17,1.003,-0.000996
2019-07-18,0.995,-0.007976
2019-07-19,1.005,0.010049999999999998
2019-07-22,1.0,-0.004975
2019-07-23,1.005,0.005
2019-07-24,1.01,0.004975
2019-07-25,1.016,0.005940999999999999
2019-07-26,1.018,0.001969
2019-07-29,1.023,0.004912000000000001
2019-07-30,1.025,0.001955
2019-07-31,1.02,-0.004878
2019-08-01,1.012,-0.007843
2019-08-02,1.009,-0.002964
2019-08-05,0.997,-0.011893
2019-08-06,0.991,-0.006018
2019-08-07,0.994,0.003027
2019-08-08,1.005,0.011066
2019-08-09,0.999,-0.00597
2019-08-12,1.014,0.015015
2019-08-13,1.014,0.0
2019-08-14,1.017,0.002959
2019-08-15,1.022,0.004916
2019-08-16,1.03,0.007828
2019-08-19,1.046,0.015534
2019-08-20,1.041,-0.0047799999999999995
2019-08-21,1.042,0.000961
2019-08-22,1.045,0.002879
2019-08-23,1.053,0.007656
2019-08-26,1.046,-0.006647999999999999
2019-08-27,1.062,0.015296
2019-08-28,1.058,-0.003766
2019-08-29,1.053,-0.004726
2019-08-30,1.05,-0.002849
2019-09-02,1.066,0.015238
2019-09-03,1.069,0.0028139999999999997
2019-09-04,1.069,0.0
2019-09-05,1.075,0.005613
2019-09-06,1.08,0.004651
2019-09-09,1.095,0.013889
2019-09-10,1.089,-0.005479
2019-09-11,1.076,-0.011937999999999999
2019-09-12,1.085,0.008364
2019-09-16,1.086,0.0009220000000000001
2019-09-17,1.07,-0.014733000000000001
2019-09-18,1.079,0.008411
2019-09-19,1.087,0.007414
2019-09-20,1.086,-0.00092
2019-09-23,1.078,-0.007366
2019-09-24,1.087,0.008349
2019-09-25,1.072,-0.013798999999999999
2019-09-26,1.057,-0.013993
2019-09-27,1.062,0.00473
2019-09-30,1.053,-0.008475
2019-10-08,1.053,0.0
2019-10-09,1.053,0.0
2019-10-10,1.069,0.015195
2019-10-11,1.07,0.000935
2019-10-14,1.074,0.003738
2019-10-15,1.071,-0.002793
2019-10-16,1.068,-0.002801
2019-10-17,1.073,0.004682
2019-10-18,1.063,-0.00932
2019-10-21,1.057,-0.005644
2019-10-22,1.068,0.010407
2019-10-23,1.056,-0.011236
2019-10-24,1.054,-0.001894
2019-10-25,1.064,0.009488
2019-10-28,1.079,0.014098
2019-10-29,1.078,-0.0009270000000000001
2019-10-30,1.074,-0.003711
2019-10-31,1.079,0.004655
2019-11-01,1.094,0.013902000000000001
2019-11-04,1.101,0.006399
2019-11-05,1.108,0.006358
2019-11-06,1.103,-0.004513
2019-11-07,1.108,0.004533
2019-11-08,1.108,0.0
2019-11-11,1.09,-0.016245
2019-11-12,1.093,0.002752
2019-11-13,1.104,0.010064
2019-11-14,1.109,0.004529
2019-11-15,1.104,-0.004509
2019-11-18,1.113,0.008152
2019-11-19,1.133,0.017969
2019-11-20,1.132,-0.000883
2019-11-21,1.123,-0.007951
2019-11-22,1.108,-0.013357
2019-11-25,1.104,-0.00361
2019-11-26,1.11,0.005435
2019-11-27,1.108,-0.001802
2019-11-28,1.104,-0.00361
2019-11-29,1.093,-0.009963999999999999
2019-12-02,1.097,0.00366
2019-12-03,1.101,0.003646
2019-12-04,1.1,-0.0009080000000000001
2019-12-05,1.112,0.010909
2019-12-06,1.121,0.008094
2019-12-09,1.118,-0.002676
2019-12-10,1.124,0.005366999999999999
2019-12-11,1.114,-0.008897
2019-12-12,1.107,-0.006284
2019-12-13,1.121,0.012646999999999999
2019-12-16,1.142,0.018733
2019-12-17,1.156,0.012258999999999999
2019-12-18,1.152,-0.0034599999999999995
2019-12-19,1.15,-0.0017360000000000001
2019-12-20,1.144,-0.005217
2019-12-23,1.131,-0.011364
2019-12-24,1.149,0.015915
2019-12-25,1.153,0.003481
2019-12-26,1.16,0.006071
2019-12-27,1.153,-0.006034
2019-12-30,1.169,0.013876999999999999
2019-12-31,1.172,0.002566
2020-01-02,1.192,0.017065
2020-01-03,1.202,0.008389
2020-01-06,1.222,0.016639
2020-01-07,1.239,0.013912
2020-01-08,1.223,-0.012914000000000002
2020-01-09,1.235,0.009812
2020-01-10,1.232,-0.002429
2020-01-13,1.247,0.012175
2020-01-14,1.249,0.001604
2020-01-15,1.243,-0.004804
2020-01-16,1.246,0.002414
2020-01-17,1.249,0.002408
2020-01-20,1.26,0.008807
2020-01-21,1.251,-0.007143
2020-01-22,1.268,0.013589
2020-01-23,1.234,-0.026814
2020-02-03,1.158,-0.061588000000000004
2020-02-04,1.213,0.047496000000000003
2020-02-05,1.238,0.02061
2020-02-06,1.285,0.037964000000000005
2020-02-07,1.302,0.013229999999999999
2020-02-10,1.316,0.010752999999999999
2020-02-11,1.303,-0.009878
2020-02-12,1.339,0.027629
2020-02-13,1.331,-0.005975
2020-02-14,1.324,-0.005259000000000001
2020-02-17,1.352,0.021147999999999997
2020-02-18,1.367,0.011094999999999999
2020-02-19,1.347,-0.014631
2020-02-20,1.365,0.013363
2020-02-21,1.378,0.009524
2020-02-24,1.39,0.008708
2020-02-25,1.401,0.007914
2020-02-26,1.352,-0.034975
2020-02-27,1.366,0.010355000000000001
2020-02-28,1.31,-0.040996
2020-03-02,1.341,0.023664
2020-03-03,1.357,0.011931
2020-03-04,1.356,-0.000737
2020-03-05,1.375,0.014012
2020-03-06,1.365,-0.007272999999999999
2020-03-09,1.3,-0.047618999999999995
2020-03-10,1.328,0.021537999999999998
2020-03-11,1.313,-0.011295
2020-03-12,1.288,-0.019039999999999998
2020-03-13,1.278,-0.007764
2020-03-16,1.218,-0.046948
2020-03-17,1.215,-0.002463
2020-03-18,1.207,-0.006584
2020-03-19,1.204,-0.002486
2020-03-20,1.237,0.027409
2020-03-23,1.201,-0.029103
2020-03-24,1.225,0.019983
2020-03-25,1.258,0.026939
2020-03-26,1.261,0.002385
2020-03-27,1.255,-0.004758
2020-03-30,1.236,-0.015139
2020-03-31,1.253,0.013753999999999999
2020-04-01,1.247,-0.004789
2020-04-02,1.261,0.011227000000000001
2020-04-03,1.252,-0.007137
2020-04-07,1.293,0.032748
2020-04-08,1.28,-0.010054
2020-04-09,1.285,0.003906
2020-04-10,1.259,-0.020232999999999998
2020-04-13,1.247,-0.009531
2020-04-14,1.278,0.024860000000000004
2020-04-15,1.279,0.000782
2020-04-16,1.287,0.006254999999999999
2020-04-17,1.299,0.009324
2020-04-20,1.308,0.006928
2020-04-21,1.296,-0.009174
2020-04-22,1.316,0.015432
2020-04-23,1.321,0.0037990000000000003
2020-04-24,1.314,-0.005299000000000001
2020-04-27,1.322,0.006088
2020-04-28,1.338,0.012103
2020-04-29,1.322,-0.011958
2020-04-30,1.337,0.011346
2020-05-06,1.355,0.013463000000000001
2020-05-07,1.359,0.002952
2020-05-08,1.37,0.008094
2020-05-11,1.362,-0.005839
2020-05-12,1.374,0.008811
2020-05-13,1.396,0.016012
2020-05-14,1.386,-0.007163
2020-05-15,1.404,0.012987
2020-05-18,1.423,0.013533
2020-05-19,1.446,0.016163
2020-05-20,1.444,-0.0013830000000000001
2020-05-21,1.439,-0.003463
2020-05-22,1.405,-0.023628
2020-05-25,1.415,0.007117
2020-05-26,1.446,0.021907999999999997
2020-05-27,1.421,-0.017289000000000002
2020-05-28,1.42,-0.0007040000000000001
2020-05-29,1.451,0.021831
2020-06-01,1.482,0.021365
2020-06-02,1.474,-0.005397999999999999
2020-06-03,1.468,-0.004071
2020-06-04,1.482,0.009537
2020-06-05,1.493,0.007422
2020-06-08,1.481,-0.008038
2020-06-09,1.505,0.016205
2020-06-10,1.522,0.011295999999999999
2020-06-11,1.512,-0.00657
2020-06-12,1.523,0.007275
2020-06-15,1.513,-0.006566
2020-06-16,1.542,0.019167
2020-06-17,1.549,0.00454
2020-06-18,1.531,-0.011619999999999998
2020-06-19,1.57,0.025474
2020-06-22,1.578,0.005096000000000001
2020-06-23,1.602,0.015208999999999999
2020-06-24,1.581,-0.013108999999999999
2020-06-29,1.578,-0.001898
2020-06-30,1.598,0.012674000000000001
2020-07-01,1.599,0.000626
2020-07-02,1.608,0.0056289999999999995
2020-07-03,1.607,-0.0006219999999999999
2020-07-06,1.624,0.010579
2020-07-07,1.657,0.02032
2020-07-08,1.653,-0.002414
2020-07-09,1.685,0.019359
2020-07-10,1.698,0.007715
2020-07-13,1.744,0.027090999999999997
2020-07-14,1.731,-0.007454
2020-07-15,1.735,0.002311
2020-07-16,1.643,-0.053026
2020-07-17,1.671,0.017041999999999998
2020-07-20,1.662,-0.005385999999999999
2020-07-21,1.696,0.020457
2020-07-22,1.718,0.012972
2020-07-23,1.726,0.004657
2020-07-24,1.638,-0.050984999999999996
2020-07-27,1.632,-0.003663
2020-07-28,1.663,0.018994999999999998
2020-07-29,1.7,0.022248999999999998
2020-07-30,1.7,0.0
2020-07-31,1.708,0.004706
2020-08-03,1.725,0.009953
2020-08-04,1.721,-0.002319
2020-08-05,1.744,0.013364000000000001
2020-08-06,1.736,-0.004587
2020-08-07,1.725,-0.0063360000000000005
2020-08-10,1.732,0.004058
2020-08-11,1.723,-0.005195999999999999
2020-08-12,1.698,-0.01451
2020-08-13,1.69,-0.004711
2020-08-14,1.713,0.013609
2020-08-17,1.734,0.012258999999999999
2020-08-18,1.76,0.014994
2020-08-19,1.732,-0.015909
2020-08-20,1.704,-0.016166
2020-08-21,1.725,0.012324
2020-08-24,1.734,0.0052
2020-08-25,1.738,0.0023
2020-08-26,1.724,-0.008100000000000001
2020-08-27,1.743,0.011000000000000001
2020-08-28,1.788,0.0258
2020-08-31,1.773,-0.0084
2020-09-01,1.769,-0.0023
2020-09-02,1.781,0.0068000000000000005
2020-09-03,1.774,-0.0039000000000000003
2020-09-04,1.74,-0.0192
2020-09-07,1.674,-0.0379
2020-09-08,1.666,-0.0048
2020-09-09,1.603,-0.0378
2020-09-10,1.609,0.0037
2020-09-11,1.627,0.011200000000000002
2020-09-14,1.623,-0.0025
2020-09-15,1.647,0.0148
2020-09-16,1.627,-0.0121
2020-09-17,1.607,-0.0123
2020-09-18,1.623,0.01
2020-09-21,1.605,-0.0111
2020-09-22,1.609,0.0025
2020-09-23,1.638,0.018000000000000002
2020-09-24,1.613,-0.015300000000000001
2020-09-25,1.615,0.0012
2020-09-28,1.611,-0.0025
2020-09-29,1.626,0.009300000000000001
2020-09-30,1.634,0.0049
2020-10-09,1.65,0.0098
2020-10-12,1.706,0.0339
2020-10-13,1.717,0.0064
2020-10-14,1.712,-0.0029
2020-10-15,1.701,-0.0064
2020-10-16,1.697,-0.0024
2020-10-19,1.676,-0.0124
2020-10-20,1.697,0.0125
2020-10-21,1.698,0.0006
2020-10-22,1.679,-0.011200000000000002
2020-10-23,1.627,-0.031
2020-10-26,1.623,-0.0025
2020-10-27,1.654,0.0191
2020-10-28,1.674,0.0121
2020-10-29,1.701,0.0161
2020-10-30,1.676,-0.0147
2020-11-02,1.668,-0.0048
2020-11-03,1.69,0.0132
2020-11-04,1.696,0.0036
2020-11-05,1.707,0.006500000000000001
2020-11-06,1.662,-0.0264
2020-11-09,1.679,0.0102
2020-11-10,1.674,-0.003
2020-11-11,1.653,-0.0125
2020-11-12,1.663,0.006
2020-11-13,1.653,-0.006
2020-11-16,1.66,0.0042
2020-11-17,1.637,-0.0139
2020-11-18,1.617,-0.012199999999999999
2020-11-19,1.64,0.014199999999999999
2020-11-20,1.66,0.012199999999999999
2020-11-23,1.658,-0.0012
2020-11-24,1.649,-0.0054
2020-11-25,1.603,-0.0279
2020-11-26,1.598,-0.0031
2020-11-27,1.608,0.0063
2020-11-30,1.599,-0.005600000000000001
2020-12-01,1.628,0.0181
2020-12-02,1.633,0.0031
2020-12-03,1.655,0.013500000000000002
2020-12-04,1.684,0.0175
2020-12-07,1.694,0.0059
2020-12-08,1.699,0.003
2020-12-09,1.678,-0.0124
2020-12-10,1.682,0.0024
2020-12-11,1.682,0.0
2020-12-14,1.711,0.0172
2020-12-15,1.73,0.0111
2020-12-16,1.746,0.0092
2020-12-17,1.763,0.0097
2020-12-18,1.746,-0.0096
2020-12-21,1.773,0.0155
2020-12-22,1.765,-0.0045000000000000005
2020-12-23,1.767,0.0011
2020-12-24,1.755,-0.0068000000000000005
2020-12-25,1.782,0.0154
2020-12-28,1.796,0.0079
2020-12-29,1.768,-0.015600000000000001
2020-12-30,1.799,0.0175
2020-12-31,1.829,0.0167
2021-01-04,1.852,0.0126
2021-01-05,1.883,0.0167
2021-01-06,1.9,0.009000000000000001
2021-01-07,1.927,0.014199999999999999
2021-01-08,1.896,-0.0161
2021-01-11,1.877,-0.01
2021-01-12,1.918,0.0218
2021-01-13,1.897,-0.0109
2021-01-14,1.846,-0.0269
2021-01-15,1.843,-0.0016
2021-01-18,1.841,-0.0011
2021-01-19,1.81,-0.0168
2021-01-20,1.849,0.0215
2021-01-21,1.88,0.0168
2021-01-22,1.927,0.025
2021-01-25,1.977,0.0259
2021-01-26,1.952,-0.0126
2021-01-27,1.953,0.0005
2021-01-28,1.916,-0.0189
2021-01-29,1.925,0.004699999999999999
2021-02-01,1.961,0.0187
2021-02-02,2.012,0.026000000000000002
2021-02-03,2.022,0.005
2021-02-04,2.024,0.001
2021-02-05,2.035,0.0054
2021-02-08,2.05,0.0074
2021-02-09,2.09,0.0195
2021-02-10,2.146,0.0268
2021-02-18,2.083,-0.0294
2021-02-19,2.086,0.0014000000000000002
2021-02-22,1.98,-0.0508
2021-02-23,1.964,-0.008100000000000001
2021-02-24,1.883,-0.0412
2021-02-25,1.866,-0.009000000000000001
2021-02-26,1.83,-0.019299999999999998
2021-03-01,1.855,0.0137
2021-03-02,1.819,-0.0194
2021-03-03,1.861,0.0231
2021-03-04,1.803,-0.031200000000000002
2021-03-05,1.803,0.0
2021-03-08,1.727,-0.042199999999999994
2021-03-09,1.708,-0.011000000000000001
2021-03-10,1.74,0.0187
2021-03-11,1.79,0.0287
2021-03-12,1.791,0.0006
2021-03-15,1.739,-0.028999999999999998
2021-03-16,1.77,0.0178
2021-03-17,1.785,0.0085
2021-03-18,1.818,0.018500000000000003
2021-03-19,1.791,-0.0149
2021-03-22,1.793,0.0011
2021-03-23,1.794,0.0006
2021-03-24,1.767,-0.0151
2021-03-25,1.775,0.0045000000000000005
2021-03-26,1.827,0.029300000000000003
2021-03-29,1.854,0.0148
2021-03-30,1.869,0.008100000000000001
2021-03-31,1.852,-0.0091
2021-04-01,1.876,0.013000000000000001
2021-04-02,1.898,0.011699999999999999
2021-04-06,1.881,-0.009000000000000001
2021-04-07,1.868,-0.0069
2021-04-08,1.878,0.0054
2021-04-09,1.856,-0.011699999999999999
2021-04-12,1.832,-0.0129
2021-04-13,1.831,-0.0005
2021-04-14,1.84,0.0049
2021-04-15,1.822,-0.0098
2021-04-16,1.834,0.0066
2021-04-19,1.874,0.0218
2021-04-20,1.889,0.008
2021-04-21,1.912,0.012199999999999999
2021-04-22,1.918,0.0031
2021-04-23,1.928,0.0052
2021-04-26,1.908,-0.0104
2021-04-27,1.921,0.0068000000000000005
2021-04-28,1.946,0.013000000000000001
2021-04-29,1.96,0.0072
2021-04-30,1.958,-0.001
2021-05-06,1.919,-0.0199
2021-05-07,1.887,-0.0167
2021-05-10,1.877,-0.0053
2021-05-11,1.899,0.011699999999999999
2021-05-12,1.912,0.0068000000000000005
2021-05-13,1.903,-0.004699999999999999
2021-05-14,1.93,0.014199999999999999
2021-05-17,1.942,0.0062
2021-05-18,1.952,0.0051
2021-05-19,1.956,0.002
2021-05-20,1.958,0.001
2021-05-21,1.933,-0.0128
2021-05-24,1.949,0.0083
2021-05-25,1.989,0.020499999999999997
2021-05-26,1.975,-0.006999999999999999
2021-05-27,1.993,0.0091
2021-05-28,1.974,-0.0095
2021-05-31,1.986,0.0060999999999999995
2021-06-01,2.002,0.008100000000000001
2021-06-02,1.977,-0.0125
2021-06-03,1.968,-0.0046
2021-06-04,1.977,0.0046
2021-06-07,1.987,0.0051
2021-06-08,1.958,-0.0146
2021-06-09,1.962,0.002
2021-06-10,1.966,0.002
2021-06-11,1.955,-0.005600000000000001
2021-06-15,1.949,-0.0031
2021-06-16,1.917,-0.016399999999999998
2021-06-17,1.912,-0.0026
2021-06-18,1.935,0.012
2021-06-21,1.955,0.0103
2021-06-22,1.971,0.008199999999999999
2021-06-23,1.961,-0.0051
2021-06-24,1.94,-0.010700000000000001
2021-06-25,1.965,0.0129
2021-06-28,1.992,0.0137
2021-06-29,1.987,-0.0025
2021-06-30,2.005,0.0091
2021-07-01,2.036,0.0155
2021-07-02,1.979,-0.027999999999999997
2021-07-05,1.961,-0.0091
2021-07-06,1.906,-0.027999999999999997
2021-07-07,1.937,0.0163
2021-07-08,1.903,-0.0176
2021-07-09,1.882,-0.011000000000000001
2021-07-12,1.915,0.0175
2021-07-13,1.917,0.001
2021-07-14,1.927,0.0052
2021-07-15,1.906,-0.0109
2021-07-16,1.868,-0.0199
2021-07-19,1.896,0.015
2021-07-20,1.884,-0.0063
2021-07-21,1.892,0.0042
2021-07-22,1.855,-0.0196
2021-07-23,1.795,-0.0323
2021-07-26,1.732,-0.0351
2021-07-27,1.692,-0.0231
2021-07-28,1.734,0.0248
2021-07-29,1.753,0.011000000000000001
2021-07-30,1.7,-0.0302
2021-08-02,1.744,0.0259
2021-08-03,1.794,0.0287
2021-08-04,1.791,-0.0017000000000000001
2021-08-05,1.805,0.0078000000000000005
2021-08-06,1.758,-0.026000000000000002
2021-08-09,1.767,0.0051
2021-08-10,1.785,0.0102
2021-08-11,1.759,-0.0146
2021-08-12,1.733,-0.0148
2021-08-13,1.733,0.0
2021-08-16,1.742,0.0052
2021-08-17,1.697,-0.0258
2021-08-18,1.7,0.0018
2021-08-19,1.712,0.0070999999999999995
2021-08-20,1.653,-0.0345
2021-08-23,1.682,0.0175
2021-08-24,1.708,0.0155
2021-08-25,1.712,0.0023
2021-08-26,1.659,-0.031
2021-08-27,1.665,0.0036
2021-08-30,1.658,-0.0042
2021-08-31,1.642,-0.0097
2021-09-01,1.656,0.0085
2021-09-02,1.628,-0.0169
2021-09-03,1.64,0.0074
2021-09-06,1.704,0.039
2021-09-07,1.705,0.0006
2021-09-08,1.697,-0.004699999999999999
2021-09-09,1.696,-0.0006
2021-09-10,1.688,-0.004699999999999999
2021-09-13,1.68,-0.004699999999999999
2021-09-14,1.724,0.0262
2021-09-15,1.709,-0.0087
2021-09-16,1.697,-0.006999999999999999
2021-09-17,1.745,0.028300000000000002
2021-09-22,1.757,0.0069
2021-09-23,1.747,-0.005699999999999999
2021-09-24,1.78,0.0189
2021-09-27,1.783,0.0017000000000000001
2021-09-28,1.78,-0.0017000000000000001
2021-09-29,1.739,-0.023
2021-09-30,1.769,0.0173
2021-10-08,1.76,-0.0051
2021-10-11,1.735,-0.014199999999999999
2021-10-12,1.706,-0.0167
2021-10-13,1.73,0.0141
2021-10-14,1.725,-0.0029
2021-10-15,1.716,-0.0052
2021-10-18,1.689,-0.015700000000000002
2021-10-19,1.714,0.0148
2021-10-20,1.691,-0.0134
2021-10-21,1.685,-0.0034999999999999996
2021-10-22,1.679,-0.0036
2021-10-25,1.69,0.0066
2021-10-26,1.685,-0.003
2021-10-27,1.668,-0.0101
2021-10-28,1.653,-0.009000000000000001
2021-10-29,1.676,0.0139
2021-11-01,1.642,-0.0203
2021-11-02,1.637,-0.003
2021-11-03,1.641,0.0024
2021-11-04,1.657,0.0098
2021-11-05,1.647,-0.006
2021-11-08,1.635,-0.0073
2021-11-09,1.648,0.008
2021-11-10,1.664,0.0097
2021-11-11,1.684,0.012
2021-11-12,1.691,0.0042
2021-11-15,1.718,0.016
2021-11-16,1.744,0.0151
2021-11-17,1.743,-0.0006
2021-11-18,1.726,-0.0098
2021-11-19,1.736,0.0058
2021-11-22,1.741,0.0029
2021-11-23,1.742,0.0006
2021-11-24,1.761,0.0109
2021-11-25,1.772,0.0062
2021-11-26,1.771,-0.0006
2021-11-29,1.767,-0.0023
2021-11-30,1.754,-0.0074
2021-12-01,1.75,-0.0023
2021-12-02,1.731,-0.0109
2021-12-03,1.74,0.0052
2021-12-06,1.723,-0.0098
2021-12-07,1.726,0.0017000000000000001
2021-12-08,1.759,0.0191
2021-12-09,1.8,0.0233
2021-12-10,1.803,0.0017000000000000001
2021-12-13,1.805,0.0011
2021-12-14,1.82,0.0083
2021-12-15,1.8,-0.011000000000000001
2021-12-16,1.813,0.0072
2021-12-17,1.783,-0.0165
2021-12-20,1.768,-0.0084
2021-12-21,1.775,0.004
2021-12-22,1.798,0.013000000000000001
2021-12-23,1.798,0.0
2021-12-24,1.798,0.0
2021-12-27,1.793,-0.0028000000000000004
2021-12-28,1.801,0.0045000000000000005
2021-12-29,1.771,-0.0167
2021-12-30,1.778,0.004
2021-12-31,1.78,0.0011
2022-01-04,1.772,-0.0045000000000000005
2022-01-05,1.734,-0.021400000000000002
2022-01-06,1.744,0.0058
2022-01-07,1.714,-0.0172
2022-01-10,1.71,-0.0023
2022-01-11,1.685,-0.0146
2022-01-12,1.709,0.014199999999999999
2022-01-13,1.668,-0.024
2022-01-14,1.659,-0.0054
2022-01-17,1.671,0.0072
2022-01-18,1.671,0.0
2022-01-19,1.65,-0.0126
2022-01-20,1.641,-0.0055000000000000005
2022-01-21,1.631,-0.0060999999999999995
2022-01-24,1.632,0.0006
2022-01-25,1.592,-0.0245
2022-01-26,1.594,0.0013
2022-01-27,1.571,-0.0144
2022-01-28,1.56,-0.006999999999999999
2022-02-07,1.57,0.0064
2022-02-08,1.561,-0.005699999999999999
2022-02-09,1.603,0.0269
2022-02-10,1.597,-0.0037
2022-02-11,1.575,-0.0138
2022-02-14,1.571,-0.0025
2022-02-15,1.595,0.015300000000000001
2022-02-16,1.599,0.0025
2022-02-17,1.589,-0.0063
2022-02-18,1.597,0.005
2022-02-21,1.599,0.0013
2022-02-22,1.569,-0.018799999999999997
2022-02-23,1.591,0.013999999999999999
2022-02-24,1.557,-0.021400000000000002
2022-02-25,1.578,0.013500000000000002
2022-02-28,1.577,-0.0006
2022-03-01,1.596,0.012
2022-03-02,1.591,-0.0031
2022-03-03,1.561,-0.0189
2022-03-04,1.561,0.0
2022-03-07,1.503,-0.037200000000000004
2022-03-08,1.468,-0.0233
2022-03-09,1.452,-0.0109
2022-03-10,1.492,0.0275
2022-03-11,1.511,0.0127
2022-03-14,1.463,-0.0318
2022-03-15,1.396,-0.0458
2022-03-16,1.414,0.0129
2022-03-17,1.454,0.028300000000000002
2022-03-18,1.459,0.0034000000000000002
2022-03-21,1.47,0.0075
2022-03-22,1.454,-0.0109
2022-03-23,1.466,0.0083
2022-03-24,1.449,-0.0116
2022-03-25,1.424,-0.0173
2022-03-28,1.402,-0.0154
2022-03-29,1.398,-0.0029
2022-03-30,1.428,0.0215
2022-03-31,1.433,0.0034999999999999996
2022-04-01,1.462,0.0202
2022-04-06,1.449,-0.0089
2022-04-07,1.426,-0.0159
2022-04-08,1.403,-0.0161
2022-04-11,1.359,-0.031400000000000004
2022-04-12,1.405,0.0338
2022-04-13,1.388,-0.0121
2022-04-14,1.436,0.0346
2022-04-15,1.433,-0.0021
2022-04-18,1.437,0.0028000000000000004
2022-04-19,1.436,-0.0007000000000000001
2022-04-20,1.438,0.0014000000000000002
2022-04-21,1.391,-0.0327
2022-04-22,1.374,-0.012199999999999999
2022-04-25,1.315,-0.0429
2022-04-26,1.321,0.0046
2022-04-27,1.357,0.0273
2022-04-28,1.354,-0.0022
2022-04-29,1.382,0.0207
2022-05-05,1.396,0.0101
2022-05-06,1.362,-0.024399999999999998
2022-05-09,1.35,-0.0088
2022-05-10,1.367,0.0126
2022-05-11,1.399,0.023399999999999997
2022-05-12,1.407,0.005699999999999999
2022-05-13,1.409,0.0014000000000000002
2022-05-16,1.407,-0.0014000000000000002
2022-05-17,1.401,-0.0043
2022-05-18,1.388,-0.009300000000000001
2022-05-19,1.384,-0.0029
2022-05-20,1.416,0.0231
2022-05-23,1.41,-0.0042
2022-05-24,1.377,-0.023399999999999997
2022-05-25,1.392,0.0109
2022-05-26,1.395,0.0022
2022-05-27,1.403,0.005699999999999999
2022-05-30,1.429,0.018500000000000003
2022-05-31,1.458,0.0203
2022-06-01,1.45,-0.0055000000000000005
2022-06-02,1.445,-0.0034000000000000002
2022-06-06,1.468,0.0159
2022-06-07,1.48,0.008199999999999999
2022-06-08,1.492,0.008100000000000001
2022-06-09,1.472,-0.0134
2022-06-10,1.477,0.0034000000000000002
2022-06-13,1.457,-0.013500000000000002
2022-06-14,1.462,0.0034000000000000002
2022-06-15,1.475,0.0089
2022-06-16,1.478,0.002
2022-06-17,1.495,0.0115
2022-06-20,1.526,0.0207
2022-06-21,1.521,-0.0033
2022-06-22,1.507,-0.0092
2022-06-23,1.516,0.006
2022-06-24,1.551,0.0231
2022-06-27,1.586,0.0226
2022-06-28,1.598,0.0076
2022-06-29,1.587,-0.0069
2022-06-30,1.632,0.028399999999999998
2022-07-01,1.612,-0.0123
2022-07-04,1.647,0.0217
2022-07-05,1.634,-0.0079
2022-07-06,1.608,-0.0159
2022-07-07,1.603,-0.0031
2022-07-08,1.618,0.009399999999999999
2022-07-11,1.604,-0.0087
2022-07-12,1.573,-0.019299999999999998
2022-07-13,1.574,0.0006
2022-07-14,1.585,0.006999999999999999
2022-07-15,1.575,-0.0063
2022-07-18,1.561,-0.0089
2022-07-19,1.558,-0.0019
2022-07-20,1.578,0.0128
2022-07-21,1.57,-0.0051
2022-07-22,1.556,-0.0089
2022-07-25,1.56,0.0026
2022-07-26,1.572,0.0077
2022-07-27,1.56,-0.0076
2022-07-28,1.557,-0.0019
2022-07-29,1.517,-0.025699999999999997
2022-08-01,1.523,0.004
2022-08-02,1.498,-0.016399999999999998
2022-08-03,1.491,-0.004699999999999999
2022-08-04,1.511,0.0134
2022-08-05,1.522,0.0073
2022-08-08,1.511,-0.0072
2022-08-09,1.508,-0.002
2022-08-10,1.491,-0.0113
2022-08-11,1.523,0.0215
2022-08-12,1.525,0.0013
2022-08-15,1.515,-0.0066
2022-08-16,1.514,-0.0007000000000000001
2022-08-17,1.522,0.0053
2022-08-18,1.501,-0.0138
2022-08-19,1.494,-0.004699999999999999
2022-08-22,1.502,0.0054
2022-08-23,1.481,-0.013999999999999999
2022-08-24,1.457,-0.016200000000000003
2022-08-25,1.479,0.0151
2022-08-26,1.497,0.012199999999999999
2022-08-29,1.494,-0.002
2022-08-30,1.488,-0.004
2022-08-31,1.497,0.006
2022-09-01,1.476,-0.013999999999999999
2022-09-02,1.468,-0.0054
2022-09-05,1.449,-0.0129
2022-09-06,1.461,0.0083
2022-09-07,1.451,-0.0068000000000000005
2022-09-08,1.457,0.0040999999999999995
2022-09-09,1.472,0.0103
2022-09-13,1.48,0.0054
2022-09-14,1.467,-0.0088
2022-09-15,1.459,-0.0055000000000000005
2022-09-16,1.436,-0.0158
2022-09-19,1.415,-0.0146
2022-09-20,1.437,0.0155
2022-09-21,1.416,-0.0146
2022-09-22,1.404,-0.0085
2022-09-23,1.39,-0.01
2022-09-26,1.418,0.020099999999999996
2022-09-27,1.467,0.0346
2022-09-28,1.45,-0.0116
2022-09-29,1.441,-0.0062
2022-09-30,1.429,-0.0083
2022-10-10,1.378,-0.035699999999999996
2022-10-11,1.372,-0.0044
2022-10-12,1.369,-0.0022
2022-10-13,1.38,0.008
2022-10-14,1.419,0.028300000000000002
2022-10-17,1.421,0.0014000000000000002
2022-10-18,1.421,0.0
2022-10-19,1.397,-0.0169
2022-10-20,1.409,0.0086
2022-10-21,1.386,-0.0163
2022-10-24,1.327,-0.0426
2022-10-25,1.332,0.0038
2022-10-26,1.378,0.0345
2022-10-27,1.357,-0.0152
2022-10-28,1.326,-0.022799999999999997
2022-10-31,1.299,-0.0204
2022-11-01,1.381,0.06309999999999999
2022-11-02,1.416,0.0253
2022-11-03,1.415,-0.0007000000000000001
2022-11-04,1.467,0.036699999999999997
2022-11-07,1.453,-0.0095
2022-11-08,1.44,-0.0089
2022-11-09,1.439,-0.0007000000000000001
2022-11-10,1.445,0.0042
2022-11-11,1.461,0.0111
2022-11-14,1.429,-0.0219
2022-11-15,1.463,0.023799999999999998
2022-11-16,1.467,0.0027
2022-11-17,1.463,-0.0027
2022-11-18,1.451,-0.008199999999999999
2022-11-21,1.424,-0.018600000000000002
2022-11-22,1.402,-0.0154
2022-11-23,1.391,-0.0078000000000000005
2022-11-24,1.387,-0.0029
2022-11-25,1.377,-0.0072
2022-11-28,1.401,0.0174
2022-11-29,1.455,0.0385
2022-11-30,1.456,0.0007000000000000001
2022-12-01,1.479,0.0158
2022-12-02,1.486,0.004699999999999999
2022-12-05,1.504,0.0121
2022-12-06,1.523,0.0126
2022-12-07,1.53,0.0046
2022-12-08,1.528,-0.0013
2022-12-09,1.533,0.0033
2022-12-12,1.532,-0.0007000000000000001
2022-12-13,1.526,-0.0039000000000000003
2022-12-14,1.54,0.0092
2022-12-15,1.527,-0.0084
2022-12-16,1.523,-0.0026
2022-12-19,1.506,-0.011200000000000002
2022-12-20,1.486,-0.013300000000000001
2022-12-21,1.5,0.009399999999999999
2022-12-22,1.506,0.004
2022-12-23,1.508,0.0013
2022-12-26,1.516,0.0053
2022-12-27,1.529,0.0086
2022-12-28,1.514,-0.0098
2022-12-29,1.506,-0.0053
2022-12-30,1.507,0.0007000000000000001
2022-12-31,1.507,0.0
2023-01-03,1.501,-0.004
2023-01-04,1.506,0.0033
2023-01-05,1.538,0.0212
2023-01-06,1.528,-0.006500000000000001
2023-01-09,1.55,0.0144
2023-01-10,1.562,0.0077
2023-01-11,1.546,-0.0102
2023-01-12,1.539,-0.0045000000000000005
2023-01-13,1.562,0.0149
2023-01-16,1.582,0.0128
2023-01-17,1.578,-0.0025
2023-01-18,1.565,-0.008199999999999999
2023-01-19,1.569,0.0026
2023-01-20,1.567,-0.0013
2023-01-30,1.571,0.0026
2023-01-31,1.555,-0.0102
2023-02-01,1.578,0.0148
2023-02-02,1.6,0.0139
2023-02-03,1.597,-0.0019
2023-02-06,1.582,-0.009399999999999999
2023-02-07,1.578,-0.0025
2023-02-08,1.575,-0.0019
2023-02-09,1.603,0.0178
2023-02-10,1.613,0.0062
2023-02-13,1.646,0.020499999999999997
2023-02-14,1.648,0.0012
2023-02-15,1.636,-0.0073
2023-02-16,1.636,0.0
2023-02-17,1.626,-0.0060999999999999995
2023-02-20,1.649,0.0141
2023-02-21,1.651,0.0012
2023-02-22,1.654,0.0018
2023-02-23,1.648,-0.0036
2023-02-24,1.636,-0.0073
2023-02-27,1.638,0.0012
2023-02-28,1.653,0.0092
2023-03-01,1.655,0.0012
2023-03-02,1.648,-0.0042
2023-03-03,1.65,0.0012
2023-03-06,1.668,0.0109
2023-03-07,1.64,-0.0168
2023-03-08,1.636,-0.0024
2023-03-09,1.623,-0.0079
2023-03-10,1.604,-0.011699999999999999
2023-03-13,1.615,0.0069
2023-03-14,1.599,-0.009899999999999999
2023-03-15,1.596,-0.0019
2023-03-16,1.586,-0.0063
2023-03-17,1.567,-0.012
2023-03-20,1.545,-0.013999999999999999
2023-03-21,1.572,0.0175
2023-03-22,1.578,0.0038
2023-03-23,1.573,-0.0032
2023-03-24,1.563,-0.0064
2023-03-27,1.56,-0.0019
2023-03-28,1.576,0.0103
2023-03-29,1.58,0.0025
2023-03-30,1.609,0.0184
2023-03-31,1.608,-0.0006
2023-04-03,1.616,0.005
2023-04-04,1.617,0.0006
2023-04-06,1.622,0.0031
2023-04-07,1.633,0.0068000000000000005
2023-04-10,1.637,0.0024
2023-04-11,1.622,-0.0092
2023-04-12,1.603,-0.011699999999999999
2023-04-13,1.622,0.011899999999999999
2023-04-14,1.609,-0.008
2023-04-17,1.616,0.0044
2023-04-18,1.604,-0.0074
2023-04-19,1.596,-0.005
2023-04-20,1.574,-0.0138
2023-04-21,1.56,-0.0089
2023-04-24,1.544,-0.0103
2023-04-25,1.525,-0.0123
2023-04-26,1.547,0.0144
2023-04-27,1.566,0.0123
2023-04-28,1.576,0.0064
2023-05-04,1.565,-0.006999999999999999
2023-05-05,1.557,-0.0051
2023-05-08,1.54,-0.0109
2023-05-09,1.526,-0.0091
2023-05-10,1.525,-0.0007000000000000001
2023-05-11,1.516,-0.0059
2023-05-12,1.514,-0.0013
2023-05-15,1.529,0.009899999999999999
2023-05-16,1.528,-0.0007000000000000001
2023-05-17,1.524,-0.0026
2023-05-18,1.514,-0.0066
2023-05-19,1.531,0.011200000000000002
2023-05-22,1.557,0.017
2023-05-23,1.548,-0.0058
2023-05-24,1.527,-0.013600000000000001
2023-05-25,1.519,-0.0052
2023-05-26,1.52,0.0007000000000000001
2023-05-29,1.506,-0.0092
2023-05-30,1.5,-0.004
2023-05-31,1.499,-0.0007000000000000001
2023-06-01,1.505,0.004
2023-06-02,1.512,0.004699999999999999
2023-06-05,1.511,-0.0007000000000000001
2023-06-06,1.483,-0.018500000000000003
2023-06-07,1.488,0.0034000000000000002
2023-06-08,1.49,0.0013
2023-06-09,1.488,-0.0013
2023-06-12,1.503,0.0101
2023-06-13,1.5,-0.002
2023-06-14,1.518,0.012
2023-06-15,1.532,0.0092
2023-06-16,1.532,0.0
2023-06-19,1.525,-0.0046
2023-06-20,1.512,-0.0085
2023-06-21,1.496,-0.0106
2023-06-26,1.467,-0.0194
2023-06-27,1.489,0.015
2023-06-28,1.483,-0.004
2023-06-29,1.474,-0.0060999999999999995
2023-06-30,1.477,0.002
2023-07-03,1.506,0.0196
2023-07-04,1.507,0.0007000000000000001
2023-07-05,1.487,-0.013300000000000001
2023-07-06,1.478,-0.0060999999999999995
2023-07-07,1.475,-0.002
2023-07-10,1.484,0.0060999999999999995
2023-07-11,1.489,0.0034000000000000002
2023-07-12,1.476,-0.0087
2023-07-13,1.484,0.0054
2023-07-14,1.468,-0.0108
2023-07-17,1.46,-0.0054
2023-07-18,1.452,-0.0055000000000000005
2023-07-19,1.452,0.0
2023-07-20,1.446,-0.0040999999999999995
2023-07-21,1.455,0.0062
2023-07-24,1.456,0.0007000000000000001
2023-07-25,1.481,0.0172
2023-07-26,1.472,-0.0060999999999999995
2023-07-27,1.474,0.0014000000000000002
2023-07-28,1.485,0.0075
2023-07-31,1.498,0.0088
2023-08-01,1.486,-0.008
2023-08-02,1.474,-0.008100000000000001
2023-08-03,1.482,0.0054
2023-08-04,1.479,-0.002
2023-08-07,1.465,-0.0095
2023-08-08,1.462,-0.002
2023-08-09,1.457,-0.0034000000000000002
2023-08-10,1.459,0.0014000000000000002
2023-08-11,1.441,-0.0123
2023-08-14,1.447,0.0042
2023-08-15,1.433,-0.0097
2023-08-16,1.427,-0.0042
2023-08-17,1.438,0.0077
2023-08-18,1.41,-0.0195
2023-08-21,1.396,-0.009899999999999999
2023-08-22,1.39,-0.0043
2023-08-23,1.368,-0.0158
2023-08-24,1.385,0.0124
2023-08-25,1.361,-0.0173
2023-08-28,1.357,-0.0029
2023-08-29,1.389,0.0236
2023-08-30,1.395,0.0043
2023-08-31,1.397,0.0014000000000000002
2023-09-01,1.41,0.009300000000000001
2023-09-04,1.426,0.0113
2023-09-05,1.423,-0.0021
2023-09-06,1.416,-0.0049
2023-09-07,1.404,-0.0085
2023-09-08,1.4,-0.0028000000000000004
2023-09-11,1.418,0.0129
2023-09-12,1.41,-0.005600000000000001
2023-09-13,1.4,-0.0070999999999999995
2023-09-14,1.393,-0.005
2023-09-15,1.4,0.005
2023-09-18,1.418,0.0129
2023-09-19,1.405,-0.0092
2023-09-20,1.387,-0.0128
2023-09-21,1.371,-0.0115
2023-09-22,1.384,0.0095
2023-09-25,1.375,-0.006500000000000001
2023-09-26,1.364,-0.008
2023-09-27,1.369,0.0037
2023-09-28,1.37,0.0007000000000000001
2023-10-09,1.35,-0.0146
2023-10-10,1.342,-0.0059
2023-10-11,1.349,0.0052
2023-10-12,1.351,0.0015
2023-10-13,1.344,-0.0052
2023-10-16,1.327,-0.0126
2023-10-17,1.322,-0.0038
2023-10-18,1.301,-0.0159
2023-10-19,1.289,-0.0092
2023-10-20,1.275,-0.0109
2023-10-23,1.26,-0.0118
2023-10-24,1.277,0.013500000000000002
2023-10-25,1.287,0.0078000000000000005
2023-10-26,1.296,0.006999999999999999
2023-10-27,1.33,0.0262
2023-10-30,1.354,0.018000000000000002
2023-10-31,1.353,-0.0007000000000000001
2023-11-01,1.352,-0.0007000000000000001
2023-11-02,1.34,-0.0089
2023-11-03,1.351,0.008199999999999999
2023-11-06,1.365,0.0104
2023-11-07,1.359,-0.0044
2023-11-08,1.366,0.0052
2023-11-09,1.363,-0.0022
2023-11-10,1.366,0.0022
2023-11-13,1.366,0.0
2023-11-14,1.37,0.0029
2023-11-15,1.376,0.0044
2023-11-16,1.366,-0.0073
2023-11-17,1.381,0.011000000000000001
2023-11-20,1.395,0.0101
2023-11-21,1.394,-0.0007000000000000001
2023-11-22,1.38,-0.01
2023-11-23,1.391,0.008
2023-11-24,1.392,0.0007000000000000001
2023-11-27,1.385,-0.005
2023-11-28,1.396,0.0079
2023-11-29,1.387,-0.0064
2023-11-30,1.393,0.0043
2023-12-01,1.39,-0.0022
2023-12-04,1.377,-0.009399999999999999
2023-12-05,1.359,-0.0131
2023-12-06,1.355,-0.0029
2023-12-07,1.35,-0.0037
2023-12-08,1.348,-0.0015
2023-12-11,1.349,0.0007000000000000001
2023-12-12,1.359,0.0074
2023-12-13,1.349,-0.0074
2023-12-14,1.346,-0.0022
2023-12-15,1.338,-0.0059
2023-12-18,1.32,-0.013500000000000002
2023-12-19,1.325,0.0038
2023-12-20,1.308,-0.0128
2023-12-21,1.313,0.0038
2023-12-22,1.298,-0.011399999999999999
2023-12-25,1.298,0.0
2023-12-26,1.281,-0.0131
2023-12-27,1.288,0.0055000000000000005
2023-12-28,1.314,0.0202
2023-12-29,1.329,0.011399999999999999
2023-12-31,1.329,0.0
2024-01-02,1.321,-0.006
2024-01-03,1.32,-0.0008
2024-01-04,1.318,-0.0015
2024-01-05,1.293,-0.019
2024-01-08,1.271,-0.017
2024-01-09,1.282,0.0087
2024-01-10,1.281,-0.0008
2024-01-11,1.294,0.0101
2024-01-12,1.287,-0.0054
2024-01-15,1.293,0.004699999999999999
2024-01-16,1.296,0.0023
2024-01-17,1.257,-0.0301
2024-01-18,1.252,-0.004
2024-01-19,1.25,-0.0016
2024-01-22,1.187,-0.0504
2024-01-23,1.189,0.0017000000000000001
2024-01-24,1.193,0.0034000000000000002
2024-01-25,1.225,0.0268
2024-01-26,1.221,-0.0033
2024-01-29,1.192,-0.023799999999999998
2024-01-30,1.162,-0.0252
2024-01-31,1.116,-0.039599999999999996
2024-02-01,1.104,-0.0108
2024-02-02,1.078,-0.0236
2024-02-05,1.033,-0.0417
2024-02-06,1.103,0.0678
2024-02-07,1.132,0.0263
2024-02-08,1.172,0.0353
2024-02-19,1.175,0.0026
2024-02-20,1.175,0.0
2024-02-21,1.192,0.014499999999999999
2024-02-22,1.197,0.0042
2024-02-23,1.206,0.0075
2024-02-26,1.21,0.0033
2024-02-27,1.226,0.0132
2024-02-28,1.183,-0.0351
2024-02-29,1.207,0.0203
2024-03-01,1.211,0.0033
2024-03-04,1.216,0.0040999999999999995
2024-03-05,1.201,-0.0123
2024-03-06,1.194,-0.0058
2024-03-07,1.18,-0.011699999999999999
2024-03-08,1.179,-0.0008
2024-03-11,1.206,0.0229
2024-03-12,1.231,0.0207
2024-03-13,1.235,0.0032
2024-03-14,1.236,0.0008
2024-03-15,1.237,0.0008
2024-03-18,1.251,0.0113
2024-03-19,1.244,-0.005600000000000001
2024-03-20,1.249,0.004
2024-03-21,1.25,0.0008
2024-03-22,1.226,-0.0192
2024-03-25,1.209,-0.0139
2024-03-26,1.206,-0.0025
2024-03-27,1.194,-0.01
2024-03-28,1.204,0.0084
2024-03-29,1.216,0.01
2024-04-01,1.239,0.0189
2024-04-02,1.232,-0.005600000000000001
2024-04-03,1.241,0.0073
2024-04-08,1.224,-0.0137
2024-04-09,1.233,0.0074
2024-04-10,1.219,-0.011399999999999999
2024-04-11,1.214,-0.0040999999999999995
2024-04-12,1.21,-0.0033
2024-04-15,1.206,-0.0033
2024-04-16,1.187,-0.0158
2024-04-17,1.2,0.011000000000000001
2024-04-18,1.204,0.0033
2024-04-19,1.201,-0.0025
2024-04-22,1.213,0.01
2024-04-23,1.207,-0.0049
2024-04-24,1.214,0.0058
2024-04-25,1.217,0.0025
2024-04-26,1.234,0.013999999999999999
2024-04-29,1.243,0.0073
2024-04-30,1.252,0.0072
2024-05-06,1.282,0.024
2024-05-07,1.275,-0.0055000000000000005
2024-05-08,1.282,0.0055000000000000005
2024-05-09,1.291,0.006999999999999999
2024-05-10,1.288,-0.0023
2024-05-13,1.273,-0.0116
2024-05-14,1.286,0.0102
2024-05-15,1.276,-0.0078000000000000005
2024-05-16,1.268,-0.0063
2024-05-17,1.269,0.0008
2024-05-20,1.284,0.0118
2024-05-21,1.275,-0.006999999999999999
2024-05-22,1.271,-0.0031
2024-05-23,1.251,-0.015700000000000002
2024-05-24,1.243,-0.0064
2024-05-27,1.246,0.0024
2024-05-28,1.236,-0.008
2024-05-29,1.236,0.0
2024-05-30,1.226,-0.008100000000000001
2024-05-31,1.23,0.0033
2024-06-03,1.228,-0.0016
2024-06-04,1.244,0.013000000000000001
2024-06-05,1.23,-0.0113
2024-06-06,1.214,-0.013000000000000001
2024-06-07,1.213,-0.0008
2024-06-11,1.21,-0.0025
2024-06-12,1.208,-0.0017000000000000001
2024-06-13,1.191,-0.0141
2024-06-14,1.188,-0.0025
2024-06-17,1.182,-0.0051
2024-06-18,1.175,-0.0059
2024-06-19,1.162,-0.0111
2024-06-20,1.153,-0.0077
2024-06-21,1.155,0.0017000000000000001
2024-06-24,1.127,-0.0242
2024-06-25,1.126,-0.0009
2024-06-26,1.133,0.0062
2024-06-27,1.123,-0.0088
2024-06-28,1.12,-0.0027
2024-06-30,1.12,0.0
2024-07-01,1.131,0.0098
2024-07-02,1.122,-0.008
2024-07-03,1.11,-0.010700000000000001
2024-07-04,1.1,-0.009000000000000001
2024-07-05,1.117,0.0155
2024-07-08,1.101,-0.0143
2024-07-09,1.102,0.0009
2024-07-10,1.097,-0.0045000000000000005
2024-07-11,1.106,0.008199999999999999
2024-07-12,1.104,-0.0018
2024-07-15,1.101,-0.0027
2024-07-16,1.098,-0.0027
2024-07-17,1.1,0.0018
2024-07-18,1.102,0.0018
2024-07-19,1.101,-0.0009
2024-07-22,1.098,-0.0027
2024-07-23,1.065,-0.0301
2024-07-24,1.044,-0.0197
2024-07-25,1.042,-0.0019
2024-07-26,1.052,0.0096
2024-07-29,1.043,-0.0086
2024-07-30,1.042,-0.001
2024-07-31,1.082,0.0384
2024-08-01,1.07,-0.0111
2024-08-02,1.067,-0.0028000000000000004
2024-08-05,1.06,-0.0066
2024-08-06,1.074,0.0132
2024-08-07,1.073,-0.0009
2024-08-08,1.079,0.005600000000000001
2024-08-09,1.07,-0.0083
2024-08-12,1.075,0.004699999999999999
2024-08-13,1.071,-0.0037
2024-08-14,1.057,-0.0131
2024-08-15,1.054,-0.0028000000000000004
2024-08-16,1.045,-0.0085
2024-08-19,1.041,-0.0038
2024-08-20,1.024,-0.0163
2024-08-21,1.025,0.001
2024-08-22,1.018,-0.0068000000000000005
2024-08-23,1.023,0.0049
2024-08-26,1.026,0.0029
2024-08-27,1.025,-0.001
2024-08-28,1.027,0.002
2024-08-29,1.039,0.011699999999999999
2024-08-30,1.048,0.0087
2024-09-02,1.032,-0.015300000000000001
2024-09-03,1.045,0.0126
2024-09-04,1.047,0.0019
2024-09-05,1.055,0.0076
2024-09-06,1.04,-0.014199999999999999
2024-09-09,1.033,-0.0067
2024-09-10,1.03,-0.0029
2024-09-11,1.034,0.0039000000000000003
2024-09-12,1.025,-0.0087
2024-09-13,1.015,-0.0098
2024-09-18,1.015,0.0
2024-09-19,1.023,0.0079
2024-09-20,1.014,-0.0088
2024-09-23,1.015,0.001
2024-09-24,1.049,0.0335
2024-09-25,1.048,-0.001
2024-09-26,1.088,0.0382
2024-09-27,1.135,0.0432
2024-09-30,1.224,0.0784
2024-10-08,1.265,0.0335
2024-10-09,1.169,-0.0759
2024-10-10,1.177,0.0068000000000000005
2024-10-11,1.146,-0.0263
2024-10-14,1.167,0.0183
2024-10-15,1.145,-0.0189
2024-10-16,1.139,-0.0052
2024-10-17,1.135,-0.0034999999999999996
2024-10-18,1.164,0.0256
2024-10-21,1.17,0.0052
2024-10-22,1.179,0.0077
2024-10-23,1.174,-0.0042
2024-10-24,1.166,-0.0068000000000000005
2024-10-25,1.177,0.009399999999999999
2024-10-28,1.193,0.013600000000000001
2024-10-29,1.168,-0.021
2024-10-30,1.163,-0.0043
2024-10-31,1.156,-0.006
2024-11-01,1.15,-0.0052
2024-11-04,1.166,0.0139
2024-11-05,1.181,0.0129
2024-11-06,1.174,-0.0059
2024-11-07,1.213,0.0332
2024-11-08,1.211,-0.0016
2024-11-11,1.216,0.0040999999999999995
2024-11-12,1.212,-0.0033
2024-11-13,1.227,0.0124
2024-11-14,1.211,-0.013000000000000001
2024-11-15,1.211,0.0
2024-11-18,1.193,-0.0149
2024-11-19,1.211,0.0151
2024-11-20,1.224,0.010700000000000001
2024-11-21,1.222,-0.0016
2024-11-22,1.19,-0.0262
2024-11-25,1.195,0.0042
2024-11-26,1.195,0.0
2024-11-27,1.216,0.0176
2024-11-28,1.213,-0.0025
2024-11-29,1.233,0.0165
2024-12-02,1.249,0.013000000000000001
2024-12-03,1.245,-0.0032
2024-12-04,1.237,-0.0064
2024-12-05,1.238,0.0008
2024-12-06,1.249,0.0089
2024-12-09,1.245,-0.0032
2024-12-10,1.268,0.018500000000000003
2024-12-11,1.284,0.0126
2024-12-12,1.302,0.013999999999999999
2024-12-13,1.295,-0.0054
2024-12-16,1.285,-0.0077
2024-12-17,1.265,-0.015600000000000001
2024-12-18,1.27,0.004
2024-12-19,1.267,-0.0024
2024-12-20,1.279,0.0095
2024-12-23,1.255,-0.018799999999999997
2024-12-24,1.259,0.0032
2024-12-25,1.251,-0.0064
2024-12-26,1.259,0.0064
2024-12-27,1.267,0.0064
2024-12-30,1.269,0.0016
2024-12-31,1.258,-0.0087
2025-01-02,1.255,-0.0024
2025-01-03,1.234,-0.0167
2025-01-06,1.239,0.0040999999999999995
2025-01-07,1.254,0.0121
2025-01-08,1.259,0.004
2025-01-09,1.256,-0.0024
2025-01-10,1.224,-0.0255
2025-01-13,1.22,-0.0033
2025-01-14,1.256,0.029500000000000002
2025-01-15,1.25,-0.0048
2025-01-16,1.262,0.0096
2025-01-17,1.265,0.0024
2025-01-20,1.281,0.0126
2025-01-21,1.29,0.006999999999999999
2025-01-22,1.281,-0.006999999999999999
2025-01-23,1.277,-0.0031
2025-01-24,1.292,0.011699999999999999
2025-01-27,1.285,-0.0054
2025-02-05,1.275,-0.0078000000000000005
2025-02-06,1.284,0.0070999999999999995
2025-02-07,1.288,0.0031
2025-02-10,1.307,0.0148
2025-02-11,1.309,0.0015
2025-02-12,1.315,0.0046
2025-02-13,1.32,0.0038
2025-02-14,1.33,0.0076
2025-02-17,1.327,-0.0023
2025-02-18,1.293,-0.0256
2025-02-19,1.306,0.0101
2025-02-20,1.316,0.0077
2025-02-21,1.324,0.0060999999999999995
2025-02-24,1.326,0.0015
2025-02-25,1.318,-0.006
2025-02-26,1.32,0.0015
2025-02-27,1.329,0.0068000000000000005
2025-02-28,1.305,-0.0181
2025-03-03,1.306,0.0008
2025-03-04,1.316,0.0077
2025-03-05,1.322,0.0046
2025-03-06,1.342,0.0151
2025-03-07,1.342,0.0
2025-03-10,1.34,-0.0015
2025-03-11,1.344,0.003
2025-03-12,1.347,0.0022
2025-03-13,1.338,-0.0067
2025-03-14,1.364,0.0194
2025-03-17,1.366,0.0015
2025-03-18,1.368,0.0015
2025-03-19,1.365,-0.0022
2025-03-20,1.353,-0.0088
2025-03-21,1.327,-0.0192
2025-03-24,1.331,0.003
2025-03-25,1.329,-0.0015
2025-03-26,1.337,0.006
2025-03-27,1.343,0.0045000000000000005
2025-03-28,1.329,-0.0104
2025-03-31,1.317,-0.009000000000000001
2025-04-01,1.331,0.0106
2025-04-02,1.342,0.0083
2025-04-03,1.328,-0.0104
2025-04-07,1.222,-0.07980000000000001
2025-04-08,1.245,0.018799999999999997
2025-04-09,1.26,0.012
2025-04-10,1.295,0.0278
2025-04-11,1.291,-0.0031
2025-04-14,1.309,0.0139
2025-04-15,1.318,0.0069
2025-04-16,1.3,-0.0137
2025-04-17,1.309,0.0069
2025-04-18,1.302,-0.0053
2025-04-21,1.333,0.023799999999999998
2025-04-22,1.337,0.003
2025-04-23,1.332,-0.0037
2025-04-24,1.346,0.0105
2025-04-25,1.348,0.0015
2025-04-28,1.335,-0.0096
2025-04-29,1.358,0.0172
2025-04-30,1.363,0.0037
2025-05-06,1.375,0.0088
2025-05-07,1.373,-0.0015
2025-05-08,1.371,-0.0015
2025-05-09,1.371,0.0
2025-05-12,1.379,0.0058
2025-05-13,1.381,0.0015
2025-05-14,1.381,0.0
2025-05-15,1.382,0.0007000000000000001
2025-05-16,1.386,0.0029
2025-05-19,1.406,0.0144
2025-05-20,1.425,0.013500000000000002
2025-05-21,1.425,0.0
2025-05-22,1.412,-0.0091
2025-05-23,1.397,-0.0106
2025-05-26,1.396,-0.0007000000000000001
2025-05-27,1.393,-0.0021
2025-05-28,1.394,0.0007000000000000001
2025-05-29,1.393,-0.0007000000000000001
2025-05-30,1.395,0.0014000000000000002
2025-06-03,1.423,0.020099999999999996
2025-06-04,1.448,0.0176
2025-06-05,1.431,-0.011699999999999999
2025-06-06,1.418,-0.0091
2025-06-09,1.428,0.0070999999999999995
2025-06-10,1.425,-0.0021
2025-06-11,1.433,0.005600000000000001
2025-06-12,1.44,0.0049
2025-06-13,1.407,-0.0229
2025-06-16,1.406,-0.0007000000000000001
2025-06-17,1.401,-0.0036
2025-06-18,1.389,-0.0086
2025-06-19,1.366,-0.0166
2025-06-20,1.357,-0.0066
2025-06-23,1.357,0.0
2025-06-24,1.373,0.0118
2025-06-25,1.384,0.008
2025-06-26,1.375,-0.006500000000000001
2025-06-27,1.373,-0.0015
2025-06-30,1.389,0.011699999999999999
2025-07-01,1.401,0.0086
2025-07-02,1.381,-0.0143
2025-07-03,1.391,0.0072
2025-07-04,1.379,-0.0086
2025-07-07,1.383,0.0029
2025-07-08,1.388,0.0036
2025-07-09,1.39,0.0014000000000000002
2025-07-10,1.381,-0.006500000000000001
2025-07-11,1.382,0.0007000000000000001
2025-07-14,1.386,0.0029
2025-07-15,1.373,-0.009399999999999999
2025-07-16,1.375,0.0015
2025-07-17,1.375,0.0
2025-07-18,1.368,-0.0051
2025-07-21,1.375,0.0051
2025-07-22,1.385,0.0073
2025-07-23,1.384,-0.0007000000000000001
2025-07-24,1.394,0.0072
2025-07-25,1.401,0.005
2025-07-28,1.393,-0.005699999999999999
2025-07-29,1.401,0.005699999999999999
2025-07-30,1.399,-0.0014000000000000002
2025-07-31,1.379,-0.0143
2025-08-01,1.379,0.0
2025-08-04,1.392,0.009399999999999999
2025-08-05,1.399,0.005
2025-08-06,1.409,0.0070999999999999995
2025-08-07,1.429,0.014199999999999999
2025-08-08,1.425,-0.0028000000000000004
2025-08-11,1.433,0.005600000000000001
2025-08-12,1.432,-0.0007000000000000001
2025-08-13,1.434,0.0014000000000000002
2025-08-14,1.416,-0.0126
2025-08-15,1.436,0.0141
2025-08-18,1.464,0.0195
2025-08-19,1.469,0.0034000000000000002
2025-08-20,1.485,0.0109
2025-08-21,1.49,0.0034000000000000002
2025-08-22,1.494,0.0027
2025-08-25,1.513,0.0127
2025-08-26,1.523,0.0066
2025-08-27,1.5,-0.0151
2025-08-28,1.505,0.0033
2025-08-29,1.539,0.0226
2025-09-01,1.534,-0.0032
2025-09-02,1.508,-0.0169
2025-09-03,1.481,-0.0179
2025-09-04,1.482,0.0007000000000000001
2025-09-05,1.503,0.014199999999999999
2025-09-08,1.509,0.004
2025-09-09,1.494,-0.009899999999999999
2025-09-10,1.487,-0.004699999999999999
2025-09-11,1.503,0.0108
2025-09-12,1.502,-0.0007000000000000001
2025-09-15,1.498,-0.0027
2025-09-16,1.515,0.0113
2025-09-17,1.516,0.0007000000000000001
2025-09-18,1.484,-0.021099999999999997
2025-09-19,1.478,-0.004
2025-09-22,1.461,-0.0115
2025-09-23,1.447,-0.0096
2025-09-24,1.46,0.009000000000000001
2025-09-25,1.456,-0.0027
2025-09-26,1.46,0.0027
2025-09-29,1.459,-0.0007000000000000001
2025-09-30,1.46,0.0007000000000000001
2025-10-09,1.457,-0.0021
2025-10-10,1.456,-0.0007000000000000001
2025-10-13,1.441,-0.0103
2025-10-14,1.434,-0.0049
2025-10-15,1.461,0.018799999999999997
2025-10-16,1.443,-0.0123
2025-10-17,1.417,-0.018000000000000002
2025-10-20,1.418,0.0007000000000000001
2025-10-21,1.441,0.016200000000000003
2025-10-22,1.425,-0.0111
2025-10-23,1.42,-0.0034999999999999996
2025-10-24,1.429,0.0063
2025-10-27,1.449,0.013999999999999999
2025-10-28,1.453,0.0028000000000000004
2025-10-29,1.455,0.0014000000000000002
2025-10-30,1.425,-0.0206
2025-10-31,1.431,0.0042
2025-11-03,1.439,0.005600000000000001
2025-11-04,1.417,-0.015300000000000001
2025-11-05,1.428,0.0078000000000000005
2025-11-06,1.432,0.0028000000000000004
2025-11-07,1.421,-0.0077
2025-11-10,1.444,0.016200000000000003
2025-11-11,1.441,-0.0021
2025-11-12,1.436,-0.0034999999999999996
2025-11-13,1.446,0.006999999999999999
2025-11-14,1.434,-0.0083
2025-11-17,1.424,-0.006999999999999999
2025-11-18,1.42,-0.0028000000000000004
2025-11-19,1.413,-0.0049
2025-11-20,1.408,-0.0034999999999999996
2025-11-21,1.38,-0.0199
2025-11-24,1.398,0.013000000000000001
2025-11-25,1.407,0.0064
2025-11-26,1.399,-0.005699999999999999
2025-11-27,1.403,0.0029
2025-11-28,1.415,0.0086
2025-12-01,1.419,0.0028000000000000004
2025-12-02,1.411,-0.005600000000000001
2025-12-03,1.403,-0.005699999999999999
2025-12-04,1.392,-0.0078000000000000005
2025-12-05,1.405,0.009300000000000001
2025-12-08,1.404,-0.0007000000000000001
2025-12-09,1.394,-0.0070999999999999995
2025-12-10,1.402,0.005699999999999999
2025-12-11,1.386,-0.011399999999999999
2025-12-12,1.4,0.0101
2025-12-15,1.398,-0.0014000000000000002
2025-12-16,1.384,-0.01
2025-12-17,1.406,0.0159
2025-12-18,1.407,0.0007000000000000001
2025-12-19,1.438,0.022000000000000002
2025-12-22,1.438,0.0
2025-12-23,1.427,-0.0076
2025-12-24,1.437,0.006999999999999999
2025-12-25,1.45,0.009000000000000001
2025-12-26,1.441,-0.0062
2025-12-29,1.437,-0.0028000000000000004
2025-12-30,1.438,0.0007000000000000001
2025-12-31,1.443,0.0034999999999999996
2026-01-05,1.463,0.0139
2026-01-06,1.469,0.0040999999999999995
2026-01-07,1.469,0.0
2026-01-08,1.494,0.017
2026-01-09,1.514,0.0134
2026-01-12,1.541,0.0178
2026-01-13,1.525,-0.0104
2026-01-14,1.542,0.0111
2026-01-15,1.52,-0.0143
2026-01-16,1.499,-0.0138
2026-01-19,1.512,0.0087
2026-01-20,1.515,0.002
2026-01-21,1.519,0.0026
2026-01-22,1.535,0.0105
2026-01-23,1.544,0.0059
2026-01-26,1.53,-0.0091
2026-01-27,1.534,0.0026
2026-01-28,1.521,-0.0085
2026-01-29,1.526,0.0033
2026-01-30,1.517,-0.0059
2026-02-02,1.484,-0.0218
2026-02-03,1.51,0.0175
2026-02-04,1.496,-0.009300000000000001
2026-02-05,1.503,0.004699999999999999
2026-02-06,1.503,0.0
2026-02-09,1.528,0.0166
2026-02-10,1.534,0.0039000000000000003
2026-02-11,1.526,-0.0052
2026-02-12,1.519,-0.0046
2026-02-13,1.503,-0.0105
2026-02-24,1.507,0.0027
2026-02-25,1.507,0.0
2026-02-26,1.495,-0.008
2026-02-27,1.5,0.0033
2026-03-02,1.479,-0.013999999999999999
2026-03-03,1.454,-0.0169
2026-03-04,1.438,-0.011000000000000001
2026-03-05,1.446,0.005600000000000001
2026-03-06,1.463,0.0118
2026-03-09,1.454,-0.0062
2026-03-10,1.48,0.0179
2026-03-11,1.489,0.0060999999999999995
2026-03-12,1.48,-0.006
2026-03-13,1.482,0.0014000000000000002
2026-03-16,1.471,-0.0074
2026-03-17,1.452,-0.0129
2026-03-18,1.457,0.0034000000000000002
2026-03-19,1.417,-0.0275
2026-03-20,1.416,-0.0007000000000000001
2026-03-23,1.376,-0.0282
2026-03-24,1.406,0.0218
2026-03-25,1.426,0.014199999999999999
2026-03-26,1.406,-0.013999999999999999
2026-03-27,1.422,0.011399999999999999
2026-03-30,1.421,-0.0007000000000000001
2026-03-31,1.399,-0.0155
2026-04-01,1.429,0.021400000000000002
2026-04-02,1.414,-0.0105
2026-04-03,1.406,-0.005699999999999999
2026-04-07,1.419,0.0092
2026-04-08,1.459,0.0282
2026-04-09,1.446,-0.0089
2026-04-10,1.456,0.0069
2026-04-13,1.445,-0.0076
2026-04-14,1.448,0.0021
2026-04-15,1.443,-0.0034999999999999996
2026-04-16,1.473,0.0208
2026-04-17,1.477,0.0027
2026-04-20,1.49,0.0088
2026-04-21,1.487,-0.002
2026-04-22,1.499,0.008100000000000001
2026-04-23,1.494,-0.0033
2026-04-24,1.483,-0.0074
2026-04-27,1.479,-0.0027
2026-04-28,1.461,-0.012199999999999999
2026-04-29,1.48,0.013000000000000001
2026-04-30,1.475,-0.0034000000000000002
2026-05-06,1.483,0.0054
2026-05-07,1.499,0.0108
2026-05-08,1.506,0.004699999999999999
2026-05-11,1.516,0.0066
2026-05-12,1.488,-0.018500000000000003
2026-05-13,1.494,0.004
2026-05-14,1.481,-0.0087
2026-05-15,1.459,-0.0149
2026-05-18,1.453,-0.0040999999999999995
2026-05-19,1.465,0.0083
2026-05-20,1.458,-0.0048
2026-05-21,1.424,-0.0233
2026-05-22,1.422,-0.0014000000000000002
2026-05-25,1.399,-0.016200000000000003
2026-05-26,1.39,-0.0064
2026-05-27,1.364,-0.0187
2026-05-28,1.355,-0.0066
2026-05-29,1.339,-0.0118
2026-06-01,1.343,0.003
2026-06-02,1.328,-0.011200000000000002
2026-06-03,1.309,-0.0143
2026-06-04,1.294,-0.0115
2026-06-05,1.292,-0.0015
2026-06-08,1.263,-0.022400000000000003
2026-06-09,1.273,0.0079
2026-06-10,1.256,-0.0134
2026-06-11,1.268,0.0096
2026-06-12,1.286,0.014199999999999999
2026-06-15,1.293,0.0054
2026-06-16,1.29,-0.0023
2026-06-17,1.289,-0.0008
2026-06-18,1.299,0.0078000000000000005
2026-06-22,1.316,0.0131
2026-06-23,1.323,0.0053
2026-06-24,1.321,-0.0015
2026-06-25,1.297,-0.0182
2026-06-26,1.253,-0.0339
2026-06-29,1.264,0.0088
2026-06-30,1.261,-0.0024
2026-07-01,1.281,0.0159
2026-07-02,1.271,-0.0078000000000000005
2026-07-03,1.282,0.0087
2026-07-06,1.279,-0.0023
2026-07-07,1.257,-0.0172
2026-07-08,1.229,-0.0223
2026-07-09,1.24,0.009000000000000001
2026-07-10,1.234,-0.0048
2026-07-13,1.203,-0.025099999999999997
2026-07-14,1.215,0.01
2026-07-15,1.226,0.0091
2026-07-16,1.214,-0.0098
2026-07-17,1.155,-0.048600000000000004
2026-07-20,1.145,-0.0087
2026-07-21,1.183,0.0332
2026-07-22,1.169,-0.0118
2026-07-23,1.178,0.0077
2026-07-24,1.154,-0.0204
2026-07-27,1.177,0.0199
2026-07-28,1.15,-0.0229
2026-07-29,1.162,0.0104
2026-07-30,1.148,-0.012
2026-07-31,1.175,0.0235
2026-08-03,1.167,-0.0068000000000000005
2026-08-04,1.187,0.0171
2026-08-05,1.212,0.021099999999999997
2026-08-06,1.207,-0.0040999999999999995
2026-08-07,1.222,0.0124
