date,nav,ret
2003-07-15,1.0,0.0
2003-07-25,1.0001,0.0001
2003-07-28,1.0002,0.0001
2003-07-29,1.0002,0.0
2003-07-30,1.0003,0.0001
2003-07-31,1.0003,0.0
2003-08-01,1.0008,0.0005
2003-08-04,1.0009,0.0001
2003-08-05,1.0011,0.0002
2003-08-06,1.0011,0.0
2003-08-07,1.0012,0.0001
2003-08-08,1.0012,0.0
2003-08-11,1.0012,0.0
2003-08-12,1.0013,0.0001
2003-08-13,1.0012,-0.0001
2003-08-14,1.0012,0.0
2003-08-15,1.0012,0.0
2003-08-18,1.0013,0.0001
2003-08-19,1.0014,0.0001
2003-08-20,1.0014,0.0
2003-08-21,1.0014,0.0
2003-08-22,1.0012,-0.0002
2003-08-25,1.0009,-0.0003
2003-08-26,1.0008,-0.0001
2003-08-27,1.0009,0.0001
2003-08-28,1.0009,0.0
2003-08-29,1.001,0.0001
2003-09-01,1.001,0.0
2003-09-02,1.001,0.0
2003-09-03,1.0009,-0.0001
2003-09-04,1.0009,0.0
2003-09-05,1.0008,-0.0001
2003-09-08,1.0006,-0.0002
2003-09-09,1.0004,-0.0002
2003-09-10,1.0005,0.0001
2003-09-11,1.0007,0.0002
2003-09-12,1.002,0.0012989999999999998
2003-09-15,1.0019,-0.0001
2003-09-16,1.0017,-0.0002
2003-09-17,1.0015,-0.0002
2003-09-18,1.0016,0.0001
2003-09-19,1.0018,0.0002
2003-09-22,1.0016,-0.0002
2003-09-23,1.0015,-0.0001
2003-09-24,1.0013,-0.0002
2003-09-25,1.0006,-0.0006990000000000001
2003-09-26,1.0002,-0.0004
2003-09-29,1.0003,0.0001
2003-09-30,1.001,0.0007000000000000001
2003-10-08,1.0011,0.0001
2003-10-09,1.0014,0.0003
2003-10-10,1.0016,0.0002
2003-10-13,1.0015,-0.0001
2003-10-14,1.0017,0.0002
2003-10-15,1.0015,-0.0002
2003-10-16,1.0012,-0.0003
2003-10-17,1.0012,0.0
2003-10-20,1.0009,-0.0003
2003-10-21,1.0008,-0.0001
2003-10-22,1.0026,0.001799
2003-10-23,1.0024,-0.000199
2003-10-24,1.0023,-0.0001
2003-10-27,1.0023,0.0
2003-10-28,1.0029,0.000599
2003-10-29,1.0033,0.000399
2003-10-30,1.0032,-0.0001
2003-10-31,1.0033,0.0001
2003-11-03,1.0036,0.000299
2003-11-04,1.0052,0.001594
2003-11-05,1.0051,-9.900000000000001e-05
2003-11-06,1.0046,-0.000497
2003-11-07,1.004,-0.000597
2003-11-10,1.0045,0.000498
2003-11-11,1.0045,0.0
2003-11-12,1.0035,-0.000996
2003-11-13,1.0037,0.000199
2003-11-14,1.004,0.000299
2003-11-17,1.0038,-0.000199
2003-11-18,1.0077,0.003885
2003-11-19,1.0087,0.000992
2003-11-20,1.0093,0.0005949999999999999
2003-11-21,1.0096,0.000297
2003-11-24,1.011,0.001387
2003-11-25,1.0113,0.000297
2003-11-26,1.0117,0.00039600000000000003
2003-11-27,1.0118,9.900000000000001e-05
2003-11-28,1.0124,0.000593
2003-12-01,1.0135,0.001087
2003-12-02,1.0138,0.00029600000000000004
2003-12-03,1.0151,0.0012820000000000002
2003-12-04,1.0149,-0.000197
2003-12-05,1.0158,0.000887
2003-12-08,1.0153,-0.000492
2003-12-09,1.0162,0.000886
2003-12-10,1.0175,0.0012790000000000002
2003-12-11,1.0189,0.001376
2003-12-12,1.0189,0.0
2003-12-15,1.0186,-0.000294
2003-12-16,1.0198,0.001178
2003-12-17,1.02,0.000196
2003-12-18,1.0215,0.001471
2003-12-19,1.0241,0.002545
2003-12-22,1.0292,0.00498
2003-12-23,1.032,0.002721
2003-12-24,1.0341,0.002035
2003-12-25,1.0355,0.001354
2003-12-26,1.0336,-0.001835
2003-12-29,1.0233,-0.00029
2003-12-30,1.0246,0.00127
2003-12-31,1.0234,-0.001171
2004-01-02,1.0254,0.001954
2004-01-05,1.0319,0.006339
2004-01-06,1.0352,0.003198
2004-01-07,1.0375,0.002222
2004-01-08,1.0407,0.003084
2004-01-09,1.0398,-0.0008649999999999999
2004-01-12,1.0441,0.004135
2004-01-13,1.0435,-0.000575
2004-01-14,1.0425,-0.000958
2004-01-15,1.0428,0.000288
2004-01-16,1.0467,0.00374
2004-01-29,1.0511,0.004204
2004-01-30,1.0519,0.000761
2004-02-02,1.0578,0.005608999999999999
2004-02-03,1.0597,0.001796
2004-02-04,1.0664,0.006323
2004-02-05,1.0676,0.0011250000000000001
2004-02-06,1.0677,9.400000000000001e-05
2004-02-09,1.0697,0.0018729999999999999
2004-02-10,1.0685,-0.001122
2004-02-11,1.0672,-0.001217
2004-02-12,1.0641,-0.0029049999999999996
2004-02-13,1.0662,0.001973
2004-02-16,1.0725,0.005909
2004-02-17,1.0778,0.004941999999999999
2004-02-18,1.0798,0.0018559999999999998
2004-02-19,1.0836,0.003519
2004-02-20,1.0818,-0.001661
2004-02-23,1.0727,-0.008412
2004-02-24,1.0686,-0.003822
2004-02-25,1.0616,-0.006551
2004-02-26,1.0641,0.002355
2004-02-27,1.0745,0.009774
2004-03-01,1.0798,0.004933
2004-03-02,1.0807,0.000833
2004-03-03,1.0732,-0.006939999999999999
2004-03-04,1.0717,-0.0013980000000000002
2004-03-05,1.0715,-0.00018700000000000002
2004-03-08,1.0699,-0.001493
2004-03-09,1.0701,0.00018700000000000002
2004-03-10,1.0757,0.005233
2004-03-11,1.0806,0.004555
2004-03-12,1.0855,0.004535
2004-03-15,1.0914,0.005435
2004-03-16,1.0911,-0.000275
2004-03-17,1.0928,0.001558
2004-03-18,1.0892,-0.003294
2004-03-19,1.0924,0.002938
2004-03-22,1.0916,-0.000732
2004-03-23,1.0885,-0.0028399999999999996
2004-03-24,1.0878,-0.0006429999999999999
2004-03-25,1.0888,0.000919
2004-03-26,1.0901,0.001194
2004-03-29,1.0902,9.2e-05
2004-03-30,1.069,-0.001101
2004-03-31,1.0706,0.001497
2004-04-01,1.074,0.003176
2004-04-02,1.0836,0.008939
2004-04-05,1.0917,0.007475000000000001
2004-04-06,1.0993,0.006962
2004-04-07,1.106,0.006095000000000001
2004-04-08,1.1108,0.00434
2004-04-09,1.0975,-0.011973000000000001
2004-04-12,1.0971,-0.000364
2004-04-13,1.0949,-0.0020050000000000003
2004-04-14,1.0808,-0.012878
2004-04-15,1.0811,0.000278
2004-04-16,1.0826,0.001387
2004-04-19,1.0807,-0.0017549999999999998
2004-04-20,1.084,0.003054
2004-04-21,1.0829,-0.001015
2004-04-22,1.0764,-0.0060019999999999995
2004-04-23,1.0738,-0.002415
2004-04-26,1.0753,0.0013969999999999998
2004-04-27,1.0762,0.000837
2004-04-28,1.074,-0.002044
2004-04-29,1.0578,-0.015084
2004-04-30,1.0626,0.0045379999999999995
2004-05-10,1.0591,-0.003294
2004-05-11,1.0554,-0.0034939999999999997
2004-05-12,1.0619,0.006159
2004-05-13,1.0605,-0.001318
2004-05-14,1.0555,-0.004715
2004-05-17,1.0545,-0.000947
2004-05-18,1.055,0.000474
2004-05-19,1.0608,0.005497999999999999
2004-05-20,1.0589,-0.001791
2004-05-21,1.0613,0.002267
2004-05-24,1.0604,-0.000848
2004-05-25,1.0587,-0.001603
2004-05-26,1.0582,-0.000472
2004-05-27,1.062,0.0035909999999999996
2004-05-28,1.0646,0.002448
2004-05-31,1.0655,0.000845
2004-06-01,1.0716,0.005725
2004-06-02,1.0683,-0.00308
2004-06-03,1.0658,-0.00234
2004-06-04,1.0633,-0.002346
2004-06-07,1.0566,-0.006301
2004-06-08,1.0546,-0.001893
2004-06-09,1.0479,-0.006353
2004-06-10,1.0457,-0.002099
2004-06-11,1.0461,0.000383
2004-06-14,1.0458,-0.000287
2004-06-15,1.0458,0.0
2004-06-16,1.0481,0.002199
2004-06-17,1.0432,-0.004675
2004-06-18,1.0405,-0.0025879999999999996
2004-06-21,1.0398,-0.000673
2004-06-22,1.0487,0.008559
2004-06-23,1.0441,-0.004386
2004-06-24,1.0443,0.00019199999999999998
2004-06-25,1.0432,-0.0010530000000000001
2004-06-28,1.041,-0.002109
2004-06-29,1.0434,0.002305
2004-06-30,1.0449,0.001438
2004-07-01,1.0495,0.004402
2004-07-02,1.0508,0.0012389999999999999
2004-07-05,1.0493,-0.0014269999999999999
2004-07-06,1.0517,0.002287
2004-07-07,1.0502,-0.001426
2004-07-08,1.0472,-0.002857
2004-07-09,1.0458,-0.001337
2004-07-12,1.0436,-0.002104
2004-07-13,1.0442,0.000575
2004-07-14,1.0458,0.001532
2004-07-15,1.0495,0.003538
2004-07-16,1.0555,0.005717
2004-07-19,1.0569,0.001326
2004-07-20,1.0534,-0.003312
2004-07-21,1.0528,-0.00057
2004-07-22,1.0461,-0.006364
2004-07-23,1.0466,0.000478
2004-07-26,1.0457,-0.00086
2004-07-27,1.0444,-0.001243
2004-07-28,1.0467,0.002202
2004-07-29,1.048,0.001242
2004-07-30,1.0469,-0.00105
2004-08-02,1.0452,-0.0016239999999999998
2004-08-03,1.0453,9.599999999999999e-05
2004-08-04,1.0492,0.003731
2004-08-05,1.0472,-0.001906
2004-08-06,1.0475,0.000286
2004-08-09,1.0476,9.499999999999999e-05
2004-08-10,1.0482,0.0005729999999999999
2004-08-11,1.0484,0.00019099999999999998
2004-08-12,1.0472,-0.001145
2004-08-13,1.0472,0.0
2004-08-16,1.0465,-0.000668
2004-08-17,1.0457,-0.0007639999999999999
2004-08-18,1.0462,0.000478
2004-08-19,1.0458,-0.00038199999999999996
2004-08-20,1.0463,0.000478
2004-08-23,1.0464,9.599999999999999e-05
2004-08-24,1.0454,-0.000956
2004-08-25,1.047,0.0015310000000000002
2004-08-26,1.047,0.0
2004-08-27,1.0455,-0.001433
2004-08-30,1.0447,-0.000765
2004-08-31,1.0428,-0.001819
2004-09-01,1.0437,0.000863
2004-09-02,1.0409,-0.0026829999999999996
2004-09-03,1.0372,-0.003555
2004-09-06,1.035,-0.002121
2004-09-07,1.0349,-9.7e-05
2004-09-08,1.0367,0.001739
2004-09-09,1.0154,-0.0012540000000000001
2004-09-10,1.0181,0.0026590000000000003
2004-09-13,1.0107,-0.007268
2004-09-14,1.0131,0.002375
2004-09-15,1.0193,0.00612
2004-09-16,1.0207,0.001373
2004-09-17,1.0248,0.004017
2004-09-20,1.0353,0.010246
2004-09-21,1.0314,-0.003767
2004-09-22,1.0298,-0.0015509999999999999
2004-09-23,1.0395,0.009419
2004-09-24,1.0415,0.001924
2004-09-27,1.036,-0.005281
2004-09-28,1.0433,0.007046
2004-09-29,1.0424,-0.000863
2004-09-30,1.0444,0.001919
2004-10-08,1.0415,-0.002777
2004-10-11,1.0455,0.003841
2004-10-12,1.0415,-0.003826
2004-10-13,1.0413,-0.00019199999999999998
2004-10-14,1.0364,-0.004706
2004-10-15,1.0368,0.000386
2004-10-18,1.0387,0.001833
2004-10-19,1.0394,0.000674
2004-10-20,1.0393,-9.599999999999999e-05
2004-10-21,1.039,-0.000289
2004-10-22,1.0435,0.004331
2004-10-25,1.0442,0.000671
2004-10-26,1.043,-0.001149
2004-10-27,1.0442,0.001151
2004-10-28,1.0434,-0.000766
2004-10-29,1.0416,-0.001725
2004-11-01,1.0382,-0.0032640000000000004
2004-11-02,1.0373,-0.000867
2004-11-03,1.0372,-9.599999999999999e-05
2004-11-04,1.0358,-0.00135
2004-11-05,1.0352,-0.000579
2004-11-08,1.0335,-0.0016420000000000002
2004-11-09,1.034,0.000484
2004-11-10,1.0386,0.004449
2004-11-11,1.0383,-0.000289
2004-11-12,1.0377,-0.000578
2004-11-15,1.0375,-0.000193
2004-11-16,1.0391,0.001542
2004-11-17,1.0371,-0.001925
2004-11-18,1.0433,0.005978
2004-11-19,1.0437,0.000383
2004-11-22,1.0454,0.0016289999999999998
2004-11-23,1.0445,-0.000861
2004-11-24,1.0428,-0.001628
2004-11-25,1.0422,-0.000575
2004-11-26,1.0417,-0.00048
2004-11-29,1.0415,-0.00019199999999999998
2004-11-30,1.0413,-0.00019199999999999998
2004-12-01,1.0407,-0.000576
2004-12-02,1.0398,-0.0008649999999999999
2004-12-03,1.0388,-0.000962
2004-12-06,1.0368,-0.001925
2004-12-07,1.0367,-9.599999999999999e-05
2004-12-08,1.0354,-0.0012540000000000001
2004-12-09,1.0373,0.001835
2004-12-10,1.0362,-0.00106
2004-12-13,1.0327,-0.003378
2004-12-14,1.0316,-0.001065
2004-12-15,1.0311,-0.000485
2004-12-16,1.026,-0.004946
2004-12-17,1.0218,-0.0040939999999999995
2004-12-20,1.0159,-0.0057740000000000005
2004-12-21,1.0155,-0.000394
2004-12-22,1.0163,0.000788
2004-12-23,1.0142,-0.002066
2004-12-24,1.0134,-0.000789
2004-12-27,1.0117,-0.001678
2004-12-28,1.0121,0.000395
2004-12-29,1.0139,0.001778
2004-12-30,1.0164,0.0024660000000000003
2004-12-31,1.0152,-0.001181
2005-01-04,1.008,-0.007092
2005-01-05,1.007,-0.000992
2005-01-06,1.0065,-0.000497
2005-01-07,1.0072,0.0006950000000000001
2005-01-10,1.0092,0.001986
2005-01-11,1.0103,0.00109
2005-01-12,1.0108,0.000495
2005-01-13,1.0112,0.00039600000000000003
2005-01-14,1.0116,0.00039600000000000003
2005-01-17,1.0097,-0.001878
2005-01-18,1.0085,-0.001188
2005-01-19,1.008,-0.000496
2005-01-20,1.0066,-0.001389
2005-01-21,1.0093,0.002682
2005-01-24,1.0123,0.0029720000000000002
2005-01-25,1.0125,0.00019800000000000002
2005-01-26,1.0136,0.001086
2005-01-27,1.0137,9.900000000000001e-05
2005-01-28,1.014,0.00029600000000000004
2005-01-31,1.015,0.000986
2005-02-01,1.0156,0.0005909999999999999
2005-02-02,1.0213,0.005612000000000001
2005-02-03,1.0221,0.000783
2005-02-04,1.025,0.002837
2005-02-16,1.0297,0.0045850000000000005
2005-02-17,1.0282,-0.001457
2005-02-18,1.0276,-0.000584
2005-02-21,1.0293,0.0016539999999999999
2005-02-22,1.0308,0.001457
2005-02-23,1.0316,0.000776
2005-02-24,1.0308,-0.000775
2005-02-25,1.0342,0.0032979999999999997
2005-02-28,1.0331,-0.0010639999999999998
2005-03-01,1.0334,0.00029
2005-03-02,1.0315,-0.0018390000000000001
2005-03-03,1.031,-0.000485
2005-03-04,1.0309,-9.7e-05
2005-03-07,1.0311,0.000194
2005-03-08,1.0348,0.003588
2005-03-09,1.0349,9.7e-05
2005-03-10,1.0324,-0.002416
2005-03-11,1.0324,0.0
2005-03-14,1.0339,0.001453
2005-03-15,1.0327,-0.001161
2005-03-16,1.0309,-0.0017430000000000002
2005-03-17,1.0276,-0.003201
2005-03-18,1.0253,-0.002238
2005-03-21,1.0258,0.00048800000000000004
2005-03-22,1.0243,-0.001462
2005-03-23,1.0246,0.000293
2005-03-24,1.0262,0.001562
2005-03-25,1.0263,9.7e-05
2005-03-28,1.0272,0.000877
2005-03-29,1.0253,-0.00185
2005-03-30,1.0241,-0.00117
2005-03-31,1.0255,0.001367
2005-04-01,1.0291,0.0035099999999999997
2005-04-04,1.0291,0.0
2005-04-05,1.0309,0.001749
2005-04-06,1.034,0.003007
2005-04-07,1.0372,0.003095
2005-04-08,1.0395,0.002218
2005-04-11,1.0391,-0.000385
2005-04-12,1.0389,-0.00019199999999999998
2005-04-13,1.0413,0.00231
2005-04-14,1.0406,-0.000672
2005-04-15,1.0399,-0.000673
2005-04-18,1.0413,0.001346
2005-04-19,1.0385,-0.0026889999999999996
2005-04-20,1.0402,0.0016370000000000002
2005-04-21,1.0393,-0.0008649999999999999
2005-04-22,1.0418,0.002405
2005-04-25,1.0418,0.0
2005-04-26,1.0437,0.001824
2005-04-27,1.0441,0.000383
2005-04-28,1.0466,0.002394
2005-04-29,1.0449,-0.0016239999999999998
2005-05-09,1.0444,-0.000479
2005-05-10,1.0478,0.003255
2005-05-11,1.0455,-0.002195
2005-05-12,1.043,-0.002391
2005-05-13,1.0401,-0.0027800000000000004
2005-05-16,1.0342,-0.005673
2005-05-17,1.0388,0.004448
2005-05-18,1.0371,-0.0016370000000000002
2005-05-19,1.0381,0.000964
2005-05-20,1.0359,-0.0021190000000000002
2005-05-23,1.032,-0.003765
2005-05-24,1.0325,0.000484
2005-05-25,1.0318,-0.000678
2005-05-26,1.0284,-0.003295
2005-05-27,1.0252,-0.0031119999999999997
2005-05-30,1.0254,0.000195
2005-05-31,1.025,-0.00039
2005-06-01,1.0242,-0.00078
2005-06-02,1.0168,-0.0072250000000000005
2005-06-03,1.0138,-0.00295
2005-06-06,1.0168,0.002959
2005-06-07,1.0172,0.000393
2005-06-08,1.0298,0.012386999999999999
2005-06-09,1.0311,0.001262
2005-06-10,1.026,-0.004946
2005-06-13,1.0245,-0.001462
2005-06-14,1.0235,-0.0009760000000000001
2005-06-15,1.0225,-0.000977
2005-06-16,1.025,0.002445
2005-06-17,1.0258,0.00078
2005-06-20,1.0355,0.009455999999999999
2005-06-21,1.0344,-0.001062
2005-06-22,1.0373,0.0028039999999999996
2005-06-23,1.0364,-0.0008680000000000001
2005-06-24,1.0377,0.0012540000000000001
2005-06-27,1.0404,0.0026019999999999997
2005-06-28,1.0398,-0.000577
2005-06-29,1.0391,-0.000673
2005-06-30,1.0375,-0.00154
2005-07-01,1.0329,-0.0044340000000000004
2005-07-04,1.0315,-0.001355
2005-07-05,1.0353,0.003684
2005-07-06,1.0351,-0.000193
2005-07-07,1.0355,0.000386
2005-07-08,1.0343,-0.001159
2005-07-11,1.0368,0.002417
2005-07-12,1.0381,0.0012540000000000001
2005-07-13,1.038,-9.599999999999999e-05
2005-07-14,1.0383,0.000289
2005-07-15,1.0374,-0.000867
2005-07-18,1.0361,-0.001253
2005-07-19,1.0339,-0.002123
2005-07-20,1.0356,0.0016439999999999998
2005-07-21,1.0351,-0.00048300000000000003
2005-07-22,1.0343,-0.0007729999999999999
2005-07-25,1.0361,0.0017399999999999998
2005-07-26,1.0363,0.000193
2005-07-27,1.0397,0.003281
2005-07-28,1.0405,0.0007689999999999999
2005-07-29,1.0412,0.000673
2005-08-01,1.0425,0.001249
2005-08-02,1.0432,0.000671
2005-08-03,1.0464,0.003067
2005-08-04,1.0466,0.00019099999999999998
2005-08-05,1.0455,-0.001051
2005-08-08,1.0464,0.000861
2005-08-09,1.0485,0.002007
2005-08-10,1.0497,0.001144
2005-08-11,1.0519,0.002096
2005-08-12,1.05,-0.001806
2005-08-15,1.0539,0.0037140000000000003
2005-08-16,1.0502,-0.0035110000000000002
2005-08-17,1.0538,0.003428
2005-08-18,1.052,-0.001708
2005-08-19,1.0503,-0.001616
2005-08-22,1.0501,-0.00018999999999999998
2005-08-23,1.0498,-0.000286
2005-08-24,1.0498,0.0
2005-08-25,1.0434,-0.006096000000000001
2005-08-26,1.0461,0.0025879999999999996
2005-08-29,1.0476,0.001434
2005-08-30,1.0465,-0.00105
2005-08-31,1.0492,0.0025800000000000003
2005-09-01,1.0512,0.001906
2005-09-02,1.0513,9.499999999999999e-05
2005-09-05,1.0484,-0.002758
2005-09-06,1.0482,-0.00019099999999999998
2005-09-07,1.0504,0.002099
2005-09-08,1.0505,9.499999999999999e-05
2005-09-09,1.0507,0.00018999999999999998
2005-09-12,1.0521,0.001332
2005-09-13,1.0524,0.000285
2005-09-14,1.0535,0.001045
2005-09-15,1.0548,0.0012339999999999999
2005-09-16,1.0561,0.001232
2005-09-19,1.0556,-0.000473
2005-09-20,1.054,-0.0015160000000000002
2005-09-21,1.0498,-0.003985
2005-09-22,1.045,-0.004572
2005-09-23,1.0441,-0.000861
2005-09-26,1.0434,-0.00067
2005-09-27,1.0413,-0.002013
2005-09-28,1.0423,0.00096
2005-09-29,1.0414,-0.000863
2005-09-30,1.0436,0.002113
2005-10-10,1.0431,-0.000479
2005-10-11,1.0409,-0.002109
2005-10-12,1.0394,-0.001441
2005-10-13,1.0376,-0.001732
2005-10-14,1.0361,-0.001446
2005-10-17,1.0343,-0.0017369999999999998
2005-10-18,1.0339,-0.000387
2005-10-19,1.0333,-0.00058
2005-10-20,1.0323,-0.000968
2005-10-21,1.0331,0.000775
2005-10-24,1.0339,0.000774
2005-10-25,1.0329,-0.000967
2005-10-26,1.033,9.7e-05
2005-10-27,1.0015,-0.001452
2005-10-28,1.003,0.001498
2005-10-31,1.0029,-0.0001
2005-11-01,1.0002,-0.002692
2005-11-02,1.0016,0.0014000000000000002
2005-11-03,1.0033,0.001697
2005-11-04,1.0043,0.000997
2005-11-07,1.0007,-0.0035849999999999996
2005-11-08,1.0004,-0.0003
2005-11-09,1.0009,0.0005
2005-11-10,1.0007,-0.0002
2005-11-11,1.0029,0.002198
2005-11-14,1.0017,-0.001197
2005-11-15,1.0004,-0.001298
2005-11-16,1.0018,0.001399
2005-11-17,1.001,-0.000799
2005-11-18,1.0028,0.001798
2005-11-21,1.0043,0.0014960000000000002
2005-11-22,1.0031,-0.0011949999999999999
2005-11-23,1.0026,-0.000498
2005-11-24,1.0036,0.000997
2005-11-25,1.0036,0.0
2005-11-28,1.0039,0.000299
2005-11-29,1.0023,-0.001594
2005-11-30,1.0038,0.001497
2005-12-01,0.9966,-0.0071730000000000006
2005-12-02,0.9986,0.002007
2005-12-05,0.9974,-0.001202
2005-12-06,0.9933,-0.004111
2005-12-07,0.993,-0.000302
2005-12-08,0.998,0.0050349999999999995
2005-12-09,0.9968,-0.001202
2005-12-12,0.9993,0.0025080000000000002
2005-12-13,0.991,-0.008306000000000001
2005-12-14,0.9972,0.006256
2005-12-15,0.9999,0.002708
2005-12-16,1.0035,0.0036
2005-12-19,1.0047,0.001196
2005-12-20,1.004,-0.000697
2005-12-21,1.0038,-0.000199
2005-12-22,1.0053,0.001494
2005-12-23,1.006,0.000696
2005-12-26,1.0058,-0.000199
2005-12-27,1.0063,0.000497
2005-12-28,1.0039,-0.002385
2005-12-29,1.0076,0.003686
2005-12-30,1.0083,0.0006950000000000001
2005-12-31,1.0084,9.900000000000001e-05
2006-01-04,1.0088,0.000397
2006-01-05,1.0042,-0.00456
2006-01-06,1.0062,0.001992
2006-01-09,1.0167,0.010435000000000002
2006-01-10,1.0169,0.000197
2006-01-11,1.0179,0.000983
2006-01-12,1.0203,0.0023580000000000003
2006-01-13,1.0191,-0.001176
2006-01-16,1.0204,0.001276
2006-01-17,1.0204,0.0
2006-01-18,1.0205,9.8e-05
2006-01-19,1.0199,-0.000588
2006-01-20,1.0229,0.0029409999999999996
2006-01-23,1.023,9.8e-05
2006-01-24,1.0232,0.000196
2006-01-25,1.0227,-0.000489
2006-02-06,1.0254,0.00264
2006-02-07,1.0245,-0.000878
2006-02-08,1.0247,0.000195
2006-02-09,1.0221,-0.0025369999999999998
2006-02-10,1.0258,0.00362
2006-02-13,1.0249,-0.000877
2006-02-14,1.0235,-0.001366
2006-02-15,1.0241,0.000586
2006-02-16,1.0242,9.8e-05
2006-02-17,1.0255,0.0012690000000000002
2006-02-20,1.0341,0.008386
2006-02-21,1.0332,-0.0008699999999999999
2006-02-22,1.0331,-9.7e-05
2006-02-23,1.0326,-0.000484
2006-02-24,1.0321,-0.000484
2006-02-27,1.0329,0.000775
2006-02-28,1.0333,0.000387
2006-03-01,1.0311,-0.0021290000000000002
2006-03-02,1.0291,-0.00194
2006-03-03,1.0285,-0.000583
2006-03-06,1.0378,0.009042
2006-03-07,1.0404,0.002505
2006-03-08,1.0404,0.0
2006-03-09,1.0405,9.599999999999999e-05
2006-03-10,1.0394,-0.001057
2006-03-13,1.0394,0.0
2006-03-14,1.0397,0.000289
2006-03-15,1.039,-0.000673
2006-03-16,1.0392,0.00019199999999999998
2006-03-17,1.0405,0.001251
2006-03-20,1.0398,-0.000673
2006-03-21,1.04,0.00019199999999999998
2006-03-22,1.0379,-0.002019
2006-03-23,1.0398,0.0018310000000000002
2006-03-24,1.04,0.00019199999999999998
2006-03-27,1.0402,0.00019199999999999998
2006-03-28,1.0386,-0.0015379999999999999
2006-03-29,1.0387,9.599999999999999e-05
2006-03-30,1.0381,-0.000578
2006-03-31,1.0384,0.000289
2006-04-03,1.0409,0.002408
2006-04-04,1.0467,0.0055720000000000006
2006-04-05,1.0446,-0.002006
2006-04-06,1.0453,0.00067
2006-04-07,1.0454,9.599999999999999e-05
2006-04-10,1.0455,9.599999999999999e-05
2006-04-11,1.0455,0.0
2006-04-12,1.0254,-9.599999999999999e-05
2006-04-13,1.0254,0.0
2006-04-14,1.0274,0.0019500000000000001
2006-04-17,1.0272,-0.000195
2006-04-18,1.0284,0.001168
2006-04-19,1.0284,0.0
2006-04-20,1.0285,9.7e-05
2006-04-21,1.0285,0.0
2006-04-24,1.0287,0.000194
2006-04-25,1.0288,9.7e-05
2006-04-26,1.0286,-0.000194
2006-04-27,1.0287,9.7e-05
2006-04-28,1.0293,0.000583
2006-05-08,1.0306,0.001263
2006-05-09,1.0313,0.000679
2006-05-10,1.0323,0.00097
2006-05-11,1.0332,0.0008719999999999999
2006-05-12,1.0355,0.002226
2006-05-15,1.0386,0.002994
2006-05-16,1.0368,-0.0017330000000000002
2006-05-17,1.0433,0.006269
2006-05-18,1.0409,-0.0023
2006-05-19,1.0428,0.001825
2006-05-22,1.0432,0.00038399999999999996
2006-05-23,1.0413,-0.0018210000000000001
2006-05-24,1.0388,-0.002401
2006-05-25,1.0377,-0.001059
2006-05-26,1.0388,0.00106
2006-05-29,1.0469,0.007796999999999999
2006-05-30,1.0522,0.005063
2006-05-31,1.0522,0.0
2006-06-01,1.0607,0.008078
2006-06-02,1.0643,0.003394
2006-06-05,1.0633,-0.00094
2006-06-06,1.0615,-0.001693
2006-06-07,1.0557,-0.005464
2006-06-08,1.0104,-0.000284
2006-06-09,1.0111,0.000693
2006-06-12,1.0113,0.00019800000000000002
2006-06-13,1.0094,-0.001879
2006-06-14,1.0104,0.000991
2006-06-15,1.0103,-9.900000000000001e-05
2006-06-16,1.0103,0.0
2006-06-19,1.0132,0.0028699999999999997
2006-06-20,1.0146,0.001382
2006-06-21,1.0135,-0.001084
2006-06-22,1.0132,-0.00029600000000000004
2006-06-23,1.0145,0.001283
2006-06-26,1.0153,0.000789
2006-06-27,1.0173,0.00197
2006-06-28,1.0166,-0.000688
2006-06-29,1.0163,-0.00029499999999999996
2006-06-30,1.0164,9.8e-05
2006-07-03,1.0169,0.000492
2006-07-04,1.0165,-0.000393
2006-07-05,1.02,0.003443
2006-07-06,1.0201,9.8e-05
2006-07-07,1.0201,0.0
2006-07-10,1.0199,-0.000196
2006-07-11,1.0205,0.000588
2006-07-12,1.0206,9.8e-05
2006-07-13,1.0195,-0.001078
2006-07-14,1.0191,-0.000392
2006-07-17,1.0192,9.8e-05
2006-07-18,1.0189,-0.000294
2006-07-19,1.0183,-0.000589
2006-07-20,1.0182,-9.8e-05
2006-07-21,1.0183,9.8e-05
2006-07-24,1.0184,9.8e-05
2006-07-25,1.0182,-0.000196
2006-07-26,1.0182,0.0
2006-07-27,1.0183,9.8e-05
2006-07-28,1.0166,-0.001669
2006-07-31,1.0186,0.001967
2006-08-01,1.0207,0.002062
2006-08-02,1.0227,0.001959
2006-08-03,1.0226,-9.8e-05
2006-08-04,1.0219,-0.0006850000000000001
2006-08-07,1.0225,0.0005870000000000001
2006-08-08,1.0233,0.000782
2006-08-09,1.0223,-0.000977
2006-08-10,1.0232,0.0008799999999999999
2006-08-11,1.0237,0.000489
2006-08-14,1.0231,-0.000586
2006-08-15,1.0228,-0.000293
2006-08-16,1.0237,0.0008799999999999999
2006-08-17,1.0232,-0.00048800000000000004
2006-08-18,1.0219,-0.001271
2006-08-21,1.0231,0.0011740000000000001
2006-08-22,1.0234,0.000293
2006-08-23,1.0247,0.00127
2006-08-24,1.0254,0.000683
2006-08-25,1.0255,9.8e-05
2006-08-28,1.0261,0.000585
2006-08-29,1.0251,-0.0009750000000000001
2006-08-30,1.0257,0.000585
2006-08-31,1.0257,0.0
2006-09-01,1.0251,-0.000585
2006-09-04,1.0256,0.00048800000000000004
2006-09-05,1.0254,-0.000195
2006-09-06,1.025,-0.00039
2006-09-07,1.0256,0.000585
2006-09-08,1.0252,-0.00039
2006-09-11,1.0259,0.000683
2006-09-12,1.0273,0.0013650000000000001
2006-09-13,1.0273,0.0
2006-09-14,1.0265,-0.000779
2006-09-15,1.0285,0.001948
2006-09-18,1.0292,0.000681
2006-09-19,1.0193,9.7e-05
2006-09-20,1.0194,9.8e-05
2006-09-21,1.0194,0.0
2006-09-22,1.0198,0.000392
2006-09-25,1.019,-0.000784
2006-09-26,1.0176,-0.001374
2006-09-27,1.0178,0.000197
2006-09-28,1.0208,0.002948
2006-09-29,1.0215,0.000686
2006-09-30,1.0215,0.0
2006-10-09,1.0225,0.000979
2006-10-10,1.0224,-9.8e-05
2006-10-11,1.0231,0.0006850000000000001
2006-10-12,1.0236,0.000489
2006-10-13,1.0231,-0.00048800000000000004
2006-10-16,1.0268,0.003616
2006-10-17,1.0271,0.000292
2006-10-18,1.0299,0.002726
2006-10-19,1.0307,0.000777
2006-10-20,1.0302,-0.000485
2006-10-23,1.0292,-0.0009710000000000001
2006-10-24,1.0297,0.000486
2006-10-25,1.0307,0.0009710000000000001
2006-10-26,1.0305,-0.000194
2006-10-27,1.0315,0.00097
2006-10-30,1.031,-0.000485
2006-10-31,1.0323,0.001261
2006-11-01,1.0326,0.000291
2006-11-02,1.0325,-9.7e-05
2006-11-03,1.0341,0.00155
2006-11-06,1.0349,0.000774
2006-11-07,1.0359,0.0009660000000000001
2006-11-08,1.0347,-0.001158
2006-11-09,1.0367,0.001933
2006-11-10,1.0371,0.000386
2006-11-13,1.0371,0.0
2006-11-14,1.0388,0.0016389999999999998
2006-11-15,1.0407,0.0018290000000000001
2006-11-16,1.0433,0.002498
2006-11-17,1.0443,0.000958
2006-11-20,1.0477,0.003256
2006-11-21,1.0491,0.001336
2006-11-22,1.0494,0.000286
2006-11-23,1.0504,0.000953
2006-11-24,1.0518,0.001333
2006-11-27,1.0501,-0.001616
2006-11-28,1.0498,-0.000286
2006-11-29,1.0499,9.499999999999999e-05
2006-11-30,1.0552,0.005048
2006-12-01,1.0578,0.002464
2006-12-04,1.0622,0.00416
2006-12-05,1.0634,0.00113
2006-12-06,1.0651,0.001599
2006-12-07,1.0647,-0.00037600000000000003
2006-12-08,1.0645,-0.00018800000000000002
2006-12-11,1.069,0.004227
2006-12-12,1.0703,0.001216
2006-12-13,1.0708,0.00046699999999999997
2006-12-14,1.0705,-0.00028000000000000003
2006-12-15,1.0768,0.0058850000000000005
2006-12-18,1.0817,0.004551
2006-12-19,1.0851,0.0031430000000000004
2006-12-20,1.0737,0.0033179999999999998
2006-12-21,1.0722,-0.0013969999999999998
2006-12-22,1.0754,0.002985
2006-12-25,1.0815,0.005672
2006-12-26,1.0838,0.002127
2006-12-27,1.0875,0.003414
2006-12-28,1.0885,0.00092
2006-12-29,1.0942,0.005237
2006-12-31,1.0943,9.1e-05
2007-01-04,1.0938,-0.000457
2007-01-05,1.091,-0.00256
2007-01-08,1.0938,0.002566
2007-01-09,1.1094,0.014261999999999999
2007-01-10,1.1112,0.0016220000000000002
2007-01-11,1.1105,-0.00063
2007-01-12,1.1087,-0.001621
2007-01-15,1.1155,0.0061329999999999996
2007-01-16,1.1185,0.0026889999999999996
2007-01-17,1.1172,-0.001162
2007-01-18,1.1154,-0.001611
2007-01-19,1.1189,0.003138
2007-01-22,1.1241,0.004647
2007-01-23,1.1226,-0.001334
2007-01-24,1.124,0.001247
2007-01-25,1.1193,-0.004181000000000001
2007-01-26,1.1212,0.001697
2007-01-29,1.1236,0.002141
2007-01-30,1.1232,-0.000356
2007-01-31,1.1201,-0.0027600000000000003
2007-02-01,1.1196,-0.000446
2007-02-02,1.1168,-0.0025009999999999998
2007-02-05,1.1197,0.002597
2007-02-06,1.1215,0.001608
2007-02-07,1.1234,0.001694
2007-02-08,1.125,0.001424
2007-02-09,1.1259,0.0008
2007-02-12,1.1287,0.002487
2007-02-13,1.1297,0.000886
2007-02-14,1.1324,0.0023899999999999998
2007-02-15,1.1352,0.002473
2007-02-16,1.1373,0.00185
2007-02-26,1.1381,0.0007030000000000001
2007-02-27,1.1314,-0.005887
2007-02-28,1.134,0.002298
2007-03-01,1.1394,0.004762
2007-03-02,1.1403,0.00079
2007-03-05,1.1369,-0.0029820000000000003
2007-03-06,1.139,0.0018470000000000001
2007-03-07,1.1416,0.002283
2007-03-08,1.1419,0.000263
2007-03-09,1.1412,-0.000613
2007-03-12,1.1418,0.000526
2007-03-13,1.1423,0.00043799999999999997
2007-03-14,1.1411,-0.001051
2007-03-15,1.1426,0.001315
2007-03-16,1.1429,0.000263
2007-03-19,1.145,0.001837
2007-03-20,1.1455,0.00043700000000000005
2007-03-21,1.1454,-8.7e-05
2007-03-22,1.1459,0.00043700000000000005
2007-03-23,1.1461,0.00017500000000000003
2007-03-26,1.1478,0.001483
2007-03-27,1.148,0.000174
2007-03-28,1.1508,0.002439
2007-03-29,1.1524,0.0013900000000000002
2007-03-30,1.1517,-0.000607
2007-03-31,1.1518,8.7e-05
2007-04-02,1.1537,0.00165
2007-04-03,1.1546,0.00078
2007-04-04,1.1553,0.000606
2007-04-05,1.1566,0.0011250000000000001
2007-04-06,1.157,0.000346
2007-04-09,1.1619,0.004235
2007-04-10,1.1635,0.001377
2007-04-11,1.1645,0.0008590000000000001
2007-04-12,1.1661,0.001374
2007-04-13,1.1671,0.000858
2007-04-16,1.1698,0.002313
2007-04-17,1.1684,-0.001197
2007-04-18,1.1698,0.001198
2007-04-19,1.1653,-0.0038469999999999997
2007-04-20,1.1724,0.0060929999999999995
2007-04-23,1.1749,0.002132
2007-04-24,1.174,-0.000766
2007-04-25,1.1745,0.000426
2007-04-26,1.1775,0.0025540000000000003
2007-04-27,1.1879,0.008832
2007-04-30,1.1881,0.000168
2007-05-08,1.1889,0.000673
2007-05-09,1.1904,0.001262
2007-05-10,1.1902,-0.000168
2007-05-11,1.1885,-0.001428
2007-05-14,1.1886,8.4e-05
2007-05-15,1.193,0.0037019999999999996
2007-05-16,1.1945,0.001257
2007-05-17,1.1954,0.0007530000000000001
2007-05-18,1.195,-0.000335
2007-05-21,1.1956,0.0005020000000000001
2007-05-22,1.1963,0.000585
2007-05-23,1.1973,0.0008359999999999999
2007-05-24,1.1964,-0.0007520000000000001
2007-05-25,1.1972,0.000669
2007-05-28,1.1994,0.001838
2007-05-29,1.2008,0.001167
2007-05-30,1.1943,-0.005413
2007-05-31,1.1968,0.0020930000000000002
2007-06-01,1.1949,-0.001588
2007-06-04,1.1879,-0.0058579999999999995
2007-06-05,1.1893,0.0011790000000000001
2007-06-06,1.19,0.000589
2007-06-07,1.1917,0.001429
2007-06-08,1.193,0.001091
2007-06-11,1.1954,0.002012
2007-06-12,1.1966,0.0010040000000000001
2007-06-13,1.1991,0.002089
2007-06-14,1.1989,-0.000167
2007-06-15,1.2005,0.001335
2007-06-18,1.2048,0.003582
2007-06-19,1.2042,-0.000498
2007-06-20,1.2024,-0.001495
2007-06-21,1.2042,0.001497
2007-06-22,1.2033,-0.000747
2007-06-25,1.2012,-0.0017449999999999998
2007-06-26,1.207,0.004829
2007-06-27,1.211,0.0033139999999999997
2007-06-28,1.2082,-0.002312
2007-06-29,1.206,-0.0018210000000000001
2007-06-30,1.206,0.0
2007-07-02,1.2044,-0.001327
2007-07-03,1.2063,0.001578
2007-07-04,1.2042,-0.0017410000000000001
2007-07-05,1.201,-0.002657
2007-07-06,1.2046,0.0029980000000000002
2007-07-09,1.207,0.001992
2007-07-10,1.2067,-0.000249
2007-07-11,1.2065,-0.000166
2007-07-12,1.2151,0.007128
2007-07-13,1.2141,-0.000823
2007-07-16,1.2146,0.000412
2007-07-17,1.2158,0.000988
2007-07-18,1.2168,0.000823
2007-07-19,1.2214,0.00378
2007-07-20,1.2259,0.003684
2007-07-23,1.2278,0.00155
2007-07-24,1.2288,0.000814
2007-07-25,1.2321,0.002686
2007-07-26,1.2325,0.000325
2007-07-27,1.2331,0.000487
2007-07-30,1.2343,0.000973
2007-07-31,1.2346,0.000243
2007-08-01,1.2322,-0.001944
2007-08-02,1.2348,0.00211
2007-08-03,1.2402,0.004373
2007-08-06,1.2422,0.001613
2007-08-07,1.2418,-0.000322
2007-08-08,1.2422,0.000322
2007-08-09,1.2445,0.0018520000000000001
2007-08-10,1.2458,0.001045
2007-08-13,1.2456,-0.000161
2007-08-14,1.2474,0.0014449999999999999
2007-08-15,1.2468,-0.000481
2007-08-16,1.2483,0.001203
2007-08-17,1.2468,-0.001202
2007-08-20,1.2499,0.002486
2007-08-21,1.2506,0.0005600000000000001
2007-08-22,1.2507,8e-05
2007-08-23,1.2518,0.0008799999999999999
2007-08-24,1.254,0.0017569999999999999
2007-08-27,1.2553,0.001037
2007-08-28,1.2564,0.0008759999999999999
2007-08-29,1.2537,-0.002149
2007-08-30,1.2565,0.002233
2007-08-31,1.2565,0.0
2007-09-03,1.2577,0.000955
2007-09-04,1.2566,-0.0008749999999999999
2007-09-05,1.258,0.001114
2007-09-06,1.2608,0.002226
2007-09-07,1.26,-0.000635
2007-09-10,1.2634,0.002698
2007-09-11,1.2611,-0.00182
2007-09-12,1.1634,0.001824
2007-09-13,1.1659,0.002149
2007-09-14,1.1652,-0.0006
2007-09-17,1.169,0.003261
2007-09-18,1.1693,0.000257
2007-09-19,1.1763,0.005986
2007-09-20,1.18,0.0031450000000000002
2007-09-21,1.1778,-0.0018640000000000002
2007-09-24,1.1764,-0.001189
2007-09-25,1.1798,0.0028899999999999998
2007-09-26,1.1784,-0.001187
2007-09-27,1.1813,0.002461
2007-09-28,1.194,0.010751
2007-09-30,1.1944,0.000335
2007-10-08,1.1994,0.0041860000000000005
2007-10-09,1.2231,0.01976
2007-10-10,1.2301,0.005723000000000001
2007-10-11,1.2402,0.008211000000000001
2007-10-12,1.2474,0.005806
2007-10-15,1.2462,-0.000962
2007-10-16,1.246,-0.00016
2007-10-17,1.2421,-0.00313
2007-10-18,1.2358,-0.005072
2007-10-19,1.239,0.002589
2007-10-22,1.2327,-0.005084999999999999
2007-10-23,1.2337,0.0008110000000000001
2007-10-24,1.2359,0.0017829999999999999
2007-10-25,1.2339,-0.001618
2007-10-26,1.2315,-0.0019450000000000001
2007-10-29,1.2329,0.001137
2007-10-30,1.233,8.099999999999999e-05
2007-10-31,1.2327,-0.000243
2007-11-01,1.2316,-0.000892
2007-11-02,1.2301,-0.0012180000000000001
2007-11-05,1.2676,0.030485
2007-11-06,1.2703,0.00213
2007-11-07,1.2659,-0.003464
2007-11-08,1.2632,-0.002133
2007-11-09,1.2621,-0.0008709999999999999
2007-11-12,1.2583,-0.003011
2007-11-13,1.2584,7.900000000000001e-05
2007-11-14,1.2642,0.004608999999999999
2007-11-15,1.2622,-0.001582
2007-11-16,1.2659,0.0029310000000000004
2007-11-19,1.2648,-0.0008690000000000001
2007-11-20,1.2658,0.000791
2007-11-21,1.265,-0.0006320000000000001
2007-11-22,1.2614,-0.002846
2007-11-23,1.2615,7.900000000000001e-05
2007-11-26,1.2606,-0.000713
2007-11-27,1.2594,-0.000952
2007-11-28,1.2598,0.00031800000000000003
2007-11-29,1.2625,0.002143
2007-11-30,1.2602,-0.001822
2007-12-03,1.2638,0.002857
2007-12-04,1.264,0.00015800000000000002
2007-12-05,1.2678,0.003006
2007-12-06,1.2675,-0.000237
2007-12-07,1.2688,0.001026
2007-12-10,1.2703,0.0011819999999999999
2007-12-11,1.2701,-0.000157
2007-12-12,1.273,0.002283
2007-12-13,1.2704,-0.002042
2007-12-14,1.2706,0.000157
2007-12-17,1.2678,-0.0022040000000000002
2007-12-18,1.2683,0.000394
2007-12-19,1.272,0.0029170000000000003
2007-12-20,1.2748,0.002201
2007-12-21,1.2779,0.002432
2007-12-24,1.2808,0.0022689999999999997
2007-12-25,1.2806,-0.000156
2007-12-26,1.2846,0.003124
2007-12-27,1.2857,0.000856
2007-12-28,1.2854,-0.00023300000000000003
2007-12-29,1.2854,0.0
2007-12-31,1.2856,0.000156
2008-01-02,1.2855,-7.8e-05
2008-01-03,1.2861,0.00046699999999999997
2008-01-04,1.2873,0.0009329999999999999
2008-01-07,1.2886,0.00101
2008-01-08,1.2886,0.0
2008-01-09,1.2893,0.000543
2008-01-10,1.2896,0.00023300000000000003
2008-01-11,1.2902,0.00046499999999999997
2008-01-14,1.2903,7.8e-05
2008-01-15,1.2896,-0.000543
2008-01-16,1.2873,-0.0017829999999999999
2008-01-17,1.2856,-0.001321
2008-01-18,1.2869,0.001011
2008-01-21,1.2832,-0.002875
2008-01-22,1.2782,-0.003897
2008-01-23,1.2804,0.001721
2008-01-24,1.2811,0.000547
2008-01-25,1.2816,0.00039
2008-01-28,1.278,-0.002809
2008-01-29,1.2788,0.000626
2008-01-30,1.2787,-7.8e-05
2008-01-31,1.2779,-0.000626
2008-02-01,1.2809,0.0023480000000000003
2008-02-04,1.2869,0.004684
2008-02-05,1.2854,-0.001166
2008-02-13,1.2837,-0.001323
2008-02-14,1.2848,0.000857
2008-02-15,1.2837,-0.000856
2008-02-18,1.2853,0.001246
2008-02-19,1.2865,0.0009339999999999999
2008-02-20,1.2851,-0.001088
2008-02-21,1.2848,-0.00023300000000000003
2008-02-22,1.2824,-0.0018679999999999999
2008-02-25,1.28,-0.0018709999999999998
2008-02-26,1.2801,7.8e-05
2008-02-27,1.2814,0.001016
2008-02-28,1.2814,0.0
2008-02-29,1.2816,0.000156
2008-03-03,1.2829,0.0010140000000000001
2008-03-04,1.2818,-0.000857
2008-03-05,1.2808,-0.00078
2008-03-06,1.2817,0.0007030000000000001
2008-03-07,1.2816,-7.8e-05
2008-03-10,1.2825,0.0007019999999999999
2008-03-11,1.284,0.00117
2008-03-12,1.2828,-0.000935
2008-03-13,1.2832,0.000312
2008-03-14,1.283,-0.000156
2008-03-17,1.2813,-0.001325
2008-03-18,1.2794,-0.001483
2008-03-19,1.2811,0.0013289999999999999
2008-03-20,1.2817,0.000468
2008-03-21,1.2815,-0.000156
2008-03-24,1.2784,-0.002419
2008-03-25,1.1481,-0.000235
2008-03-26,1.1482,8.7e-05
2008-03-27,1.1453,-0.002526
2008-03-28,1.1465,0.001048
2008-03-31,1.1458,-0.000611
2008-04-01,1.1458,0.0
2008-04-02,1.1461,0.000262
2008-04-03,1.1468,0.000611
2008-04-07,1.1478,0.0008719999999999999
2008-04-08,1.1478,0.0
2008-04-09,1.1465,-0.001133
2008-04-10,1.1472,0.000611
2008-04-11,1.1473,8.7e-05
2008-04-14,1.1463,-0.0008719999999999999
2008-04-15,1.1468,0.00043599999999999997
2008-04-16,1.1469,8.7e-05
2008-04-17,1.1481,0.001046
2008-04-18,1.1472,-0.000784
2008-04-21,1.1477,0.00043599999999999997
2008-04-22,1.1481,0.000349
2008-04-23,1.1493,0.001045
2008-04-24,1.1523,0.00261
2008-04-25,1.158,0.004947
2008-04-28,1.1565,-0.0012950000000000001
2008-04-29,1.1564,-8.6e-05
2008-04-30,1.1569,0.00043200000000000004
2008-05-05,1.1588,0.0016420000000000002
2008-05-06,1.1589,8.6e-05
2008-05-07,1.1572,-0.001467
2008-05-08,1.1591,0.0016420000000000002
2008-05-09,1.1584,-0.000604
2008-05-12,1.1584,0.0
2008-05-13,1.1575,-0.000777
2008-05-14,1.1592,0.001469
2008-05-15,1.1589,-0.000259
2008-05-16,1.1589,0.0
2008-05-19,1.1596,0.000604
2008-05-20,1.1578,-0.001552
2008-05-21,1.163,0.004491
2008-05-22,1.1604,-0.002236
2008-05-23,1.1592,-0.001034
2008-05-26,1.1573,-0.0016389999999999998
2008-05-27,1.1571,-0.000173
2008-05-28,1.1589,0.0015559999999999999
2008-05-29,1.1583,-0.000518
2008-05-30,1.1584,8.6e-05
2008-06-02,1.1595,0.00095
2008-06-03,1.1584,-0.000949
2008-06-04,1.1569,-0.0012950000000000001
2008-06-05,1.1546,-0.001988
2008-06-06,1.1549,0.00026
2008-06-10,1.1496,-0.004588999999999999
2008-06-11,1.1493,-0.000261
2008-06-12,1.1493,0.0
2008-06-13,1.1481,-0.001044
2008-06-16,1.1491,0.0008709999999999999
2008-06-17,1.1482,-0.000783
2008-06-18,1.151,0.002439
2008-06-19,1.1461,-0.004257
2008-06-20,1.1457,-0.000349
2008-06-23,1.1444,-0.001135
2008-06-24,1.1447,0.000262
2008-06-25,1.1471,0.002097
2008-06-26,1.1475,0.000349
2008-06-27,1.1448,-0.002353
2008-06-30,1.1444,-0.000349
2008-07-01,1.143,-0.0012230000000000001
2008-07-02,1.1427,-0.000262
2008-07-03,1.1441,0.001225
2008-07-04,1.1418,-0.00201
2008-07-07,1.145,0.002803
2008-07-08,1.1451,8.7e-05
2008-07-09,1.1477,0.002271
2008-07-10,1.1485,0.000697
2008-07-11,1.1486,8.7e-05
2008-07-14,1.1494,0.000697
2008-07-15,1.1463,-0.0026969999999999997
2008-07-16,1.1439,-0.002094
2008-07-17,1.1439,0.0
2008-07-18,1.1441,0.00017500000000000003
2008-07-21,1.1453,0.001049
2008-07-22,1.1447,-0.000524
2008-07-23,1.1451,0.000349
2008-07-24,1.1469,0.001572
2008-07-25,1.1458,-0.000959
2008-07-28,1.1462,0.000349
2008-07-29,1.1453,-0.000785
2008-07-30,1.1456,0.000262
2008-07-31,1.145,-0.000524
2008-08-01,1.1449,-8.7e-05
2008-08-04,1.1441,-0.0006990000000000001
2008-08-05,1.1423,-0.001573
2008-08-06,1.1423,0.0
2008-08-07,1.1421,-0.00017500000000000003
2008-08-08,1.1413,-0.0007000000000000001
2008-08-11,1.1403,-0.0008759999999999999
2008-08-12,1.1406,0.000263
2008-08-13,1.1412,0.000526
2008-08-14,1.1414,0.00017500000000000003
2008-08-15,1.1413,-8.800000000000001e-05
2008-08-18,1.1404,-0.000789
2008-08-19,1.1411,0.0006140000000000001
2008-08-20,1.1432,0.00184
2008-08-21,1.1422,-0.0008749999999999999
2008-08-22,1.1421,-8.800000000000001e-05
2008-08-25,1.1429,0.0007000000000000001
2008-08-26,1.1424,-0.00043700000000000005
2008-08-27,1.1422,-0.00017500000000000003
2008-08-28,1.1428,0.000525
2008-08-29,1.1439,0.000963
2008-09-01,1.1438,-8.7e-05
2008-09-02,1.1442,0.00035000000000000005
2008-09-03,1.1441,-8.7e-05
2008-09-04,1.1439,-0.00017500000000000003
2008-09-05,1.1436,-0.000262
2008-09-08,1.1438,0.00017500000000000003
2008-09-09,1.144,0.00017500000000000003
2008-09-10,1.1446,0.000524
2008-09-11,1.1446,0.0
2008-09-12,1.1446,0.0
2008-09-16,1.1478,0.0027960000000000003
2008-09-17,1.1507,0.0025269999999999997
2008-09-18,1.1494,-0.00113
2008-09-19,1.1496,0.000174
2008-09-22,1.15,0.000348
2008-09-23,1.1493,-0.0006090000000000001
2008-09-24,1.1502,0.000783
2008-09-25,1.151,0.000696
2008-09-26,1.1513,0.000261
2008-09-30,1.1517,0.00034700000000000003
2008-10-06,1.1514,-0.00026
2008-10-07,1.1531,0.001476
2008-10-08,1.1553,0.001908
2008-10-09,1.1606,0.004588
2008-10-10,1.1616,0.000862
2008-10-13,1.1628,0.001033
2008-10-14,1.1616,-0.001032
2008-10-15,1.162,0.000344
2008-10-16,1.1617,-0.000258
2008-10-17,1.1615,-0.000172
2008-10-20,1.1616,8.6e-05
2008-10-21,1.1618,0.000172
2008-10-22,1.162,0.000172
2008-10-23,1.162,0.0
2008-10-24,1.1626,0.000516
2008-10-27,1.1618,-0.000688
2008-10-28,1.1635,0.001463
2008-10-29,1.1655,0.001719
2008-10-30,1.1693,0.0032600000000000003
2008-10-31,1.1685,-0.000684
2008-11-03,1.1687,0.000171
2008-11-04,1.1689,0.000171
2008-11-05,1.1701,0.001027
2008-11-06,1.1734,0.0028199999999999996
2008-11-07,1.1743,0.000767
2008-11-10,1.1773,0.002555
2008-11-11,1.1787,0.001189
2008-11-12,1.1811,0.002036
2008-11-13,1.1856,0.00381
2008-11-14,1.1849,-0.0005899999999999999
2008-11-17,1.1842,-0.0005909999999999999
2008-11-18,1.1845,0.00025299999999999997
2008-11-19,1.181,-0.0029549999999999997
2008-11-20,1.1818,0.000677
2008-11-21,1.1835,0.001438
2008-11-24,1.184,0.000422
2008-11-25,1.1825,-0.0012670000000000001
2008-11-26,1.184,0.001268
2008-11-27,1.1899,0.0049830000000000004
2008-11-28,1.189,-0.000756
2008-12-01,1.1889,-8.4e-05
2008-12-02,1.1942,0.004458
2008-12-03,1.1958,0.00134
2008-12-04,1.1968,0.0008359999999999999
2008-12-05,1.1993,0.002089
2008-12-08,1.1997,0.000334
2008-12-09,1.1977,-0.0016669999999999999
2008-12-10,1.1988,0.0009180000000000001
2008-12-11,1.1993,0.000417
2008-12-12,1.2002,0.00075
2008-12-15,1.2029,0.0022500000000000003
2008-12-16,1.2042,0.001081
2008-12-17,1.186,0.001495
2008-12-18,1.1879,0.0016020000000000001
2008-12-19,1.1886,0.000589
2008-12-22,1.1887,8.4e-05
2008-12-23,1.1893,0.000505
2008-12-24,1.1892,-8.4e-05
2008-12-25,1.1888,-0.000336
2008-12-26,1.1886,-0.000168
2008-12-29,1.1894,0.000673
2008-12-30,1.1896,0.000168
2008-12-31,1.1896,0.0
2009-01-05,1.1922,0.002186
2009-01-06,1.1927,0.000419
2009-01-07,1.1931,0.000335
2009-01-08,1.1943,0.001006
2009-01-09,1.1943,0.0
2009-01-12,1.1945,0.000167
2009-01-13,1.194,-0.000419
2009-01-14,1.1931,-0.0007539999999999999
2009-01-15,1.1914,-0.0014249999999999998
2009-01-16,1.188,-0.0028539999999999998
2009-01-19,1.1868,-0.00101
2009-01-20,1.1847,-0.001769
2009-01-21,1.1841,-0.0005059999999999999
2009-01-22,1.1893,0.004392
2009-01-23,1.1901,0.000673
2009-02-02,1.19,-8.4e-05
2009-02-03,1.1862,-0.0031929999999999997
2009-02-04,1.1816,-0.003878
2009-02-05,1.1773,-0.003639
2009-02-06,1.1787,0.001189
2009-02-09,1.182,0.0028000000000000004
2009-02-10,1.1816,-0.000338
2009-02-11,1.1826,0.000846
2009-02-12,1.1853,0.002283
2009-02-13,1.1861,0.000675
2009-02-16,1.1864,0.00025299999999999997
2009-02-17,1.1854,-0.000843
2009-02-18,1.1858,0.000337
2009-02-19,1.1866,0.000675
2009-02-20,1.1868,0.000169
2009-02-23,1.1874,0.0005059999999999999
2009-02-24,1.1886,0.001011
2009-02-25,1.1893,0.000589
2009-02-26,1.1896,0.000252
2009-02-27,1.1901,0.00042
2009-03-02,1.1895,-0.000504
2009-03-03,1.1899,0.000336
2009-03-04,1.1895,-0.000336
2009-03-05,1.1892,-0.000252
2009-03-06,1.1905,0.001093
2009-03-09,1.1908,0.000252
2009-03-10,1.1912,0.000336
2009-03-11,1.1918,0.000504
2009-03-12,1.1926,0.000671
2009-03-13,1.1923,-0.000252
2009-03-16,1.1928,0.000419
2009-03-17,1.193,0.000168
2009-03-18,1.1932,0.000168
2009-03-19,1.1932,0.0
2009-03-20,1.193,-0.000168
2009-03-23,1.1933,0.00025100000000000003
2009-03-24,1.1927,-0.000503
2009-03-25,1.1926,-8.4e-05
2009-03-26,1.1923,-0.000252
2009-03-27,1.192,-0.000252
2009-03-30,1.1921,8.4e-05
2009-03-31,1.1922,8.4e-05
2009-04-01,1.192,-0.000168
2009-04-02,1.1919,-8.4e-05
2009-04-03,1.1899,-0.001678
2009-04-07,1.1892,-0.000588
2009-04-08,1.1876,-0.001345
2009-04-09,1.1876,0.0
2009-04-10,1.1869,-0.000589
2009-04-13,1.1858,-0.0009270000000000001
2009-04-14,1.1861,0.00025299999999999997
2009-04-15,1.1858,-0.00025299999999999997
2009-04-16,1.1862,0.000337
2009-04-17,1.1877,0.001265
2009-04-20,1.1881,0.000337
2009-04-21,1.1882,8.4e-05
2009-04-22,1.158,-0.000168
2009-04-23,1.1577,-0.000259
2009-04-24,1.1579,0.000173
2009-04-27,1.1578,-8.6e-05
2009-04-28,1.1581,0.000259
2009-04-29,1.1589,0.000691
2009-04-30,1.1593,0.00034500000000000004
2009-05-04,1.1593,0.0
2009-05-05,1.1597,0.00034500000000000004
2009-05-06,1.1599,0.000172
2009-05-07,1.1599,0.0
2009-05-08,1.1602,0.000259
2009-05-11,1.1606,0.00034500000000000004
2009-05-12,1.161,0.00034500000000000004
2009-05-13,1.1614,0.00034500000000000004
2009-05-14,1.1618,0.000344
2009-05-15,1.1621,0.000258
2009-05-18,1.1626,0.00043
2009-05-19,1.1631,0.00043
2009-05-20,1.1634,0.000258
2009-05-21,1.1631,-0.000258
2009-05-22,1.1629,-0.000172
2009-05-25,1.1624,-0.00043
2009-05-26,1.1625,8.6e-05
2009-05-27,1.1624,-8.6e-05
2009-06-01,1.1624,0.0
2009-06-02,1.1623,-8.6e-05
2009-06-03,1.162,-0.000258
2009-06-04,1.1617,-0.000258
2009-06-05,1.1619,0.000172
2009-06-08,1.1615,-0.000344
2009-06-09,1.1607,-0.000689
2009-06-10,1.1606,-8.6e-05
2009-06-11,1.1604,-0.000172
2009-06-12,1.1602,-0.000172
2009-06-15,1.1603,8.6e-05
2009-06-16,1.1606,0.000259
2009-06-17,1.1608,0.000172
2009-06-18,1.1607,-8.6e-05
2009-06-19,1.1604,-0.000258
2009-06-22,1.1603,-8.6e-05
2009-06-23,1.1602,-8.6e-05
2009-06-24,1.1602,0.0
2009-06-25,1.16,-0.000172
2009-06-26,1.1599,-8.6e-05
2009-06-29,1.16,8.6e-05
2009-06-30,1.1603,0.000259
2009-07-01,1.1603,0.0
2009-07-02,1.16,-0.000259
2009-07-03,1.1597,-0.000259
2009-07-06,1.1588,-0.000776
2009-07-07,1.1583,-0.000431
2009-07-08,1.1576,-0.000604
2009-07-09,1.1553,-0.001987
2009-07-10,1.1538,-0.001298
2009-07-13,1.1533,-0.000433
2009-07-14,1.1531,-0.000173
2009-07-15,1.1509,-0.001908
2009-07-16,1.1492,-0.001477
2009-07-17,1.1499,0.0006090000000000001
2009-07-20,1.1496,-0.000261
2009-07-21,1.1515,0.001653
2009-07-22,1.1518,0.000261
2009-07-23,1.1519,8.7e-05
2009-07-24,1.1523,0.00034700000000000003
2009-07-27,1.1532,0.000781
2009-07-28,1.1524,-0.0006940000000000001
2009-07-29,1.1574,0.004339
2009-07-30,1.1579,0.00043200000000000004
2009-07-31,1.1577,-0.000173
2009-08-03,1.1564,-0.0011229999999999999
2009-08-04,1.1554,-0.0008649999999999999
2009-08-05,1.1567,0.0011250000000000001
2009-08-06,1.1575,0.000692
2009-08-07,1.1584,0.0007779999999999999
2009-08-10,1.158,-0.00034500000000000004
2009-08-11,1.16,0.001727
2009-08-12,1.159,-0.000862
2009-08-13,1.1588,-0.000173
2009-08-14,1.1576,-0.001036
2009-08-17,1.157,-0.000518
2009-08-18,1.1579,0.0007779999999999999
2009-08-19,1.1556,-0.001986
2009-08-20,1.1574,0.001558
2009-08-21,1.1586,0.001037
2009-08-24,1.1589,0.000259
2009-08-25,1.1587,-0.000173
2009-08-26,1.1591,0.00034500000000000004
2009-08-27,1.1586,-0.000431
2009-08-28,1.1583,-0.000259
2009-08-31,1.1556,-0.002331
2009-09-01,1.1551,-0.000433
2009-09-02,1.1554,0.00026
2009-09-03,1.1564,0.000866
2009-09-04,1.1566,0.000173
2009-09-07,1.157,0.000346
2009-09-08,1.1573,0.000259
2009-09-09,1.1585,0.001037
2009-09-10,1.1592,0.000604
2009-09-11,1.1598,0.000518
2009-09-14,1.1613,0.0012929999999999999
2009-09-15,1.1614,8.6e-05
2009-09-16,1.1611,-0.000258
2009-09-17,1.1618,0.000603
2009-09-18,1.1613,-0.00043
2009-09-21,1.1609,-0.000344
2009-09-22,1.16,-0.000775
2009-09-23,1.1591,-0.000776
2009-09-24,1.1583,-0.0006900000000000001
2009-09-25,1.1583,0.0
2009-09-28,1.1569,-0.001209
2009-09-29,1.1573,0.000346
2009-09-30,1.1578,0.00043200000000000004
2009-10-09,1.1582,0.00034500000000000004
2009-10-12,1.1569,-0.001122
2009-10-13,1.1579,0.0008640000000000001
2009-10-14,1.159,0.00095
2009-10-15,1.159,0.0
2009-10-16,1.1589,-8.6e-05
2009-10-19,1.16,0.000949
2009-10-20,1.161,0.000862
2009-10-21,1.161,0.0
2009-10-22,1.1615,0.000431
2009-10-23,1.1616,8.6e-05
2009-10-26,1.1616,0.0
2009-10-27,1.1608,-0.000689
2009-10-28,1.1613,0.000431
2009-10-29,1.1598,-0.0012920000000000002
2009-10-30,1.1644,0.003966
2009-11-02,1.1641,-0.000258
2009-11-03,1.1643,0.000172
2009-11-04,1.1649,0.0005149999999999999
2009-11-05,1.1657,0.000687
2009-11-06,1.1659,0.000172
2009-11-09,1.1664,0.000429
2009-11-10,1.1665,8.6e-05
2009-11-11,1.1668,0.000257
2009-11-12,1.1675,0.0006
2009-11-13,1.1684,0.000771
2009-11-16,1.1689,0.000428
2009-11-17,1.1689,0.0
2009-11-18,1.1694,0.000428
2009-11-19,1.1709,0.001283
2009-11-20,1.1716,0.000598
2009-11-23,1.1728,0.001024
2009-11-24,1.1716,-0.001023
2009-11-25,1.1728,0.001024
2009-11-26,1.1719,-0.000767
2009-11-27,1.1723,0.000341
2009-11-30,1.1742,0.001621
2009-12-01,1.1742,0.0
2009-12-02,1.1746,0.000341
2009-12-03,1.1758,0.001022
2009-12-04,1.1748,-0.0008500000000000001
2009-12-07,1.1756,0.000681
2009-12-08,1.1755,-8.5e-05
2009-12-09,1.1749,-0.0005099999999999999
2009-12-10,1.1754,0.000426
2009-12-11,1.175,-0.00034
2009-12-14,1.1747,-0.00025499999999999996
2009-12-15,1.1748,8.5e-05
2009-12-16,1.1765,0.001447
2009-12-17,1.175,-0.001275
2009-12-18,1.1748,-0.00017
2009-12-21,1.1755,0.000596
2009-12-22,1.1742,-0.001106
2009-12-23,1.1748,0.000511
2009-12-24,1.1756,0.000681
2009-12-25,1.177,0.001191
2009-12-28,1.1779,0.000765
2009-12-29,1.1786,0.000594
2009-12-30,1.1786,0.0
2009-12-31,1.1806,0.001697
2010-01-04,1.1807,8.5e-05
2010-01-05,1.1805,-0.000169
2010-01-06,1.1806,8.5e-05
2010-01-07,1.1805,-8.5e-05
2010-01-08,1.1806,8.5e-05
2010-01-11,1.1806,0.0
2010-01-12,1.183,0.002033
2010-01-13,1.1823,-0.0005920000000000001
2010-01-14,1.1449,0.002199
2010-01-15,1.1452,0.000262
2010-01-18,1.1456,0.000349
2010-01-19,1.1452,-0.000349
2010-01-20,1.1434,-0.001572
2010-01-21,1.144,0.000525
2010-01-22,1.142,-0.0017480000000000002
2010-01-25,1.1387,-0.0028899999999999998
2010-01-26,1.1362,-0.002195
2010-01-27,1.1378,0.0014080000000000002
2010-01-28,1.1391,0.001143
2010-01-29,1.1387,-0.00035099999999999997
2010-02-01,1.1376,-0.0009660000000000001
2010-02-02,1.1375,-8.800000000000001e-05
2010-02-03,1.1376,8.800000000000001e-05
2010-02-04,1.1383,0.000615
2010-02-05,1.1372,-0.0009660000000000001
2010-02-08,1.1373,8.800000000000001e-05
2010-02-09,1.1372,-8.800000000000001e-05
2010-02-10,1.1382,0.000879
2010-02-11,1.1391,0.000791
2010-02-12,1.1411,0.001756
2010-02-22,1.1406,-0.00043799999999999997
2010-02-23,1.1408,0.00017500000000000003
2010-02-24,1.1427,0.001665
2010-02-25,1.1441,0.001225
2010-02-26,1.145,0.000787
2010-03-01,1.1464,0.0012230000000000001
2010-03-02,1.1466,0.000174
2010-03-03,1.1479,0.001134
2010-03-04,1.146,-0.001655
2010-03-05,1.1468,0.000698
2010-03-08,1.1478,0.0008719999999999999
2010-03-09,1.1476,-0.000174
2010-03-10,1.1474,-0.000174
2010-03-11,1.1477,0.000261
2010-03-12,1.1475,-0.000174
2010-03-15,1.1472,-0.000261
2010-03-16,1.1476,0.000349
2010-03-17,1.1497,0.00183
2010-03-18,1.151,0.001131
2010-03-19,1.1524,0.001216
2010-03-22,1.1532,0.0006940000000000001
2010-03-23,1.1537,0.00043400000000000003
2010-03-24,1.1551,0.001213
2010-03-25,1.155,-8.7e-05
2010-03-26,1.1555,0.000433
2010-03-29,1.156,0.000433
2010-03-30,1.1572,0.001038
2010-03-31,1.1593,0.001815
2010-04-01,1.1604,0.000949
2010-04-02,1.1633,0.002499
2010-04-06,1.1644,0.000946
2010-04-07,1.1652,0.000687
2010-04-08,1.164,-0.0010299999999999999
2010-04-09,1.166,0.0017180000000000001
2010-04-12,1.167,0.000858
2010-04-13,1.1645,-0.002142
2010-04-14,1.1642,-0.000258
2010-04-15,1.163,-0.001031
2010-04-16,1.1637,0.000602
2010-04-19,1.1631,-0.000516
2010-04-20,1.1635,0.000344
2010-04-21,1.1682,0.00404
2010-04-22,1.1691,0.00077
2010-04-23,1.1693,0.000171
2010-04-26,1.1693,0.0
2010-04-27,1.1686,-0.000599
2010-04-28,1.1671,-0.0012839999999999998
2010-04-29,1.1656,-0.0012850000000000001
2010-04-30,1.1655,-8.6e-05
2010-05-04,1.165,-0.000429
2010-05-05,1.1666,0.001373
2010-05-06,1.1654,-0.001029
2010-05-07,1.1641,-0.001115
2010-05-10,1.1627,-0.001203
2010-05-11,1.1616,-0.000946
2010-05-12,1.161,-0.000517
2010-05-13,1.1619,0.000775
2010-05-14,1.1618,-8.6e-05
2010-05-17,1.1601,-0.001463
2010-05-18,1.1609,0.0006900000000000001
2010-05-19,1.1624,0.0012920000000000002
2010-05-20,1.1609,-0.0012900000000000001
2010-05-21,1.1625,0.001378
2010-05-24,1.1638,0.001118
2010-05-25,1.1632,-0.000516
2010-05-26,1.1636,0.000344
2010-05-27,1.1649,0.001117
2010-05-28,1.1641,-0.000687
2010-05-31,1.1621,-0.0017180000000000001
2010-06-01,1.16,-0.001807
2010-06-02,1.1607,0.000603
2010-06-03,1.1607,0.0
2010-06-04,1.1615,0.000689
2010-06-07,1.1629,0.001205
2010-06-08,1.1631,0.000172
2010-06-09,1.1636,0.00043
2010-06-10,1.1659,0.001977
2010-06-11,1.1663,0.000343
2010-06-17,1.1639,-0.002058
2010-06-18,1.1595,-0.00378
2010-06-21,1.161,0.0012939999999999998
2010-06-22,1.1622,0.001034
2010-06-23,1.1621,-8.6e-05
2010-06-24,1.1622,8.6e-05
2010-06-25,1.1613,-0.000774
2010-06-28,1.1603,-0.000861
2010-06-29,1.1579,-0.002068
2010-06-30,1.158,8.6e-05
2010-07-01,1.1567,-0.0011229999999999999
2010-07-02,1.1558,-0.0007779999999999999
2010-07-05,1.1559,8.7e-05
2010-07-06,1.1572,0.0011250000000000001
2010-07-07,1.1588,0.0013830000000000001
2010-07-08,1.1594,0.000518
2010-07-09,1.1606,0.001035
2010-07-12,1.1615,0.000775
2010-07-13,1.1617,0.000172
2010-07-14,1.1614,-0.000258
2010-07-15,1.1602,-0.001033
2010-07-16,1.1604,0.000172
2010-07-19,1.1617,0.0011200000000000001
2010-07-20,1.1642,0.002152
2010-07-21,1.1646,0.000344
2010-07-22,1.1651,0.000429
2010-07-23,1.1654,0.000257
2010-07-26,1.1654,0.0
2010-07-27,1.1651,-0.000257
2010-07-28,1.1663,0.0010299999999999999
2010-07-29,1.1675,0.001029
2010-07-30,1.1678,0.000257
2010-08-02,1.1687,0.000771
2010-08-03,1.1681,-0.000513
2010-08-04,1.1688,0.000599
2010-08-05,1.1695,0.000599
2010-08-06,1.171,0.001283
2010-08-09,1.1724,0.001196
2010-08-10,1.1716,-0.000682
2010-08-11,1.1729,0.00111
2010-08-12,1.1737,0.000682
2010-08-13,1.1746,0.000767
2010-08-16,1.1765,0.001618
2010-08-17,1.1782,0.0014449999999999999
2010-08-18,1.1782,0.0
2010-08-19,1.1787,0.000424
2010-08-20,1.1792,0.000424
2010-08-23,1.1803,0.0009329999999999999
2010-08-24,1.181,0.000593
2010-08-25,1.1796,-0.0011849999999999999
2010-08-26,1.1809,0.0011020000000000001
2010-08-27,1.1847,0.003218
2010-08-30,1.1874,0.0022789999999999998
2010-08-31,1.189,0.0013469999999999999
2010-09-01,1.188,-0.000841
2010-09-02,1.1961,0.006817999999999999
2010-09-03,1.1958,-0.00025100000000000003
2010-09-06,1.1915,-0.003596
2010-09-07,1.1936,0.001762
2010-09-08,1.1937,8.4e-05
2010-09-09,1.1927,-0.000838
2010-09-10,1.1931,0.000335
2010-09-13,1.1934,0.00025100000000000003
2010-09-14,1.1938,0.000335
2010-09-15,1.1912,-0.002178
2010-09-16,1.1887,-0.002099
2010-09-17,1.1887,0.0
2010-09-20,1.1867,-0.001683
2010-09-21,1.1851,-0.001348
2010-09-27,1.1873,0.0018559999999999998
2010-09-28,1.1855,-0.0015160000000000002
2010-09-29,1.1847,-0.000675
2010-09-30,1.1884,0.0031230000000000003
2010-10-08,1.1917,0.002777
2010-10-11,1.1933,0.001343
2010-10-12,1.1927,-0.000503
2010-10-13,1.1957,0.002515
2010-10-14,1.1942,-0.0012540000000000001
2010-10-15,1.1986,0.003684
2010-10-18,1.1993,0.000584
2010-10-19,1.2031,0.003169
2010-10-20,1.1995,-0.0029920000000000003
2010-10-21,1.1925,-0.005836
2010-10-22,1.1941,0.001342
2010-10-25,1.1987,0.003852
2010-10-26,1.1989,0.000167
2010-10-27,1.2015,0.002169
2010-10-28,1.2007,-0.000666
2010-10-29,1.2002,-0.000416
2010-11-01,1.2062,0.004999
2010-11-02,1.2075,0.001078
2010-11-03,1.2036,-0.0032300000000000002
2010-11-04,1.2068,0.0026590000000000003
2010-11-05,1.2089,0.0017399999999999998
2010-11-08,1.2103,0.001158
2010-11-09,1.2089,-0.001157
2010-11-10,1.2043,-0.0038050000000000002
2010-11-11,1.2051,0.000664
2010-11-12,1.1943,-0.008962
2010-11-15,1.1993,0.004187
2010-11-16,1.1935,-0.004836
2010-11-17,1.19,-0.002933
2010-11-18,1.1905,0.00042
2010-11-19,1.1925,0.00168
2010-11-22,1.1901,-0.002013
2010-11-23,1.1878,-0.001933
2010-11-24,1.1858,-0.001684
2010-11-25,1.1857,-8.4e-05
2010-11-26,1.1857,0.0
2010-11-29,1.1849,-0.000675
2010-11-30,1.1826,-0.001941
2010-12-01,1.184,0.0011840000000000002
2010-12-02,1.1874,0.002872
2010-12-03,1.1843,-0.002611
2010-12-06,1.1817,-0.002195
2010-12-07,1.1825,0.000677
2010-12-08,1.1818,-0.0005920000000000001
2010-12-09,1.1811,-0.0005920000000000001
2010-12-10,1.1818,0.000593
2010-12-13,1.1869,0.004315
2010-12-14,1.1878,0.0007580000000000001
2010-12-15,1.1892,0.0011790000000000001
2010-12-16,1.1894,0.000168
2010-12-17,1.191,0.001345
2010-12-20,1.1902,-0.000672
2010-12-21,1.191,0.000672
2010-12-22,1.1922,0.001008
2010-12-23,1.1872,-0.004194
2010-12-24,1.1838,-0.002864
2010-12-27,1.1806,-0.0027029999999999997
2010-12-28,1.1787,-0.001609
2010-12-29,1.1788,8.5e-05
2010-12-30,1.1796,0.000679
2010-12-31,1.182,0.002035
2011-01-04,1.1876,0.004738
2011-01-05,1.1883,0.000589
2011-01-06,1.1877,-0.000505
2011-01-07,1.1916,0.0032840000000000005
2011-01-10,1.1908,-0.000671
2011-01-11,1.1883,-0.002099
2011-01-12,1.1888,0.000421
2011-01-13,1.1876,-0.0010090000000000001
2011-01-14,1.1853,-0.0019370000000000001
2011-01-17,1.1596,-0.004809
2011-01-18,1.1575,-0.0018110000000000001
2011-01-19,1.1592,0.001469
2011-01-20,1.155,-0.003623
2011-01-21,1.1542,-0.000693
2011-01-24,1.1514,-0.002426
2011-01-25,1.1515,8.7e-05
2011-01-26,1.1532,0.001476
2011-01-27,1.1541,0.00078
2011-01-28,1.1548,0.000607
2011-01-31,1.1563,0.0012989999999999998
2011-02-01,1.1561,-0.000173
2011-02-09,1.1535,-0.0022489999999999997
2011-02-10,1.1557,0.001907
2011-02-11,1.1565,0.000692
2011-02-14,1.1616,0.00441
2011-02-15,1.1604,-0.001033
2011-02-16,1.1596,-0.000689
2011-02-17,1.1611,0.0012939999999999998
2011-02-18,1.1574,-0.0031869999999999997
2011-02-21,1.1581,0.000605
2011-02-22,1.1545,-0.0031090000000000002
2011-02-23,1.1542,-0.00026
2011-02-24,1.1548,0.00052
2011-02-25,1.1549,8.7e-05
2011-02-28,1.1556,0.000606
2011-03-01,1.1567,0.000952
2011-03-02,1.1563,-0.000346
2011-03-03,1.1569,0.000519
2011-03-04,1.159,0.001815
2011-03-07,1.1621,0.0026750000000000003
2011-03-08,1.1608,-0.001119
2011-03-09,1.1621,0.0011200000000000001
2011-03-10,1.1607,-0.001205
2011-03-11,1.1588,-0.0016370000000000002
2011-03-14,1.1583,-0.000431
2011-03-15,1.1573,-0.000863
2011-03-16,1.1589,0.0013830000000000001
2011-03-17,1.1592,0.000259
2011-03-18,1.1602,0.000863
2011-03-21,1.1599,-0.000259
2011-03-22,1.1601,0.000172
2011-03-23,1.1622,0.00181
2011-03-24,1.1623,8.6e-05
2011-03-25,1.1658,0.003011
2011-03-28,1.1655,-0.000257
2011-03-29,1.1652,-0.000257
2011-03-30,1.1632,-0.001716
2011-03-31,1.1602,-0.002579
2011-04-01,1.1623,0.00181
2011-04-06,1.1641,0.001549
2011-04-07,1.1652,0.000945
2011-04-08,1.1663,0.000944
2011-04-11,1.1707,0.0037730000000000003
2011-04-12,1.1735,0.002392
2011-04-13,1.1756,0.00179
2011-04-14,1.1764,0.000681
2011-04-15,1.1768,0.00034
2011-04-18,1.1813,0.003824
2011-04-19,1.1771,-0.003555
2011-04-20,1.1763,-0.00068
2011-04-21,1.1777,0.0011899999999999999
2011-04-22,1.1772,-0.00042500000000000003
2011-04-25,1.1734,-0.003228
2011-04-26,1.1735,8.5e-05
2011-04-27,1.173,-0.000426
2011-04-28,1.1573,-0.013384
2011-04-29,1.1602,0.002506
2011-05-03,1.1619,0.001465
2011-05-04,1.1621,0.000172
2011-05-05,1.1618,-0.000258
2011-05-06,1.1621,0.000258
2011-05-09,1.1645,0.002065
2011-05-10,1.1665,0.001717
2011-05-11,1.1647,-0.0015429999999999999
2011-05-12,1.1652,0.000429
2011-05-13,1.1651,-8.6e-05
2011-05-16,1.1649,-0.000172
2011-05-17,1.1643,-0.0005149999999999999
2011-05-18,1.1652,0.0007729999999999999
2011-05-19,1.1642,-0.000858
2011-05-20,1.164,-0.000172
2011-05-23,1.159,-0.0042959999999999995
2011-05-24,1.1584,-0.000518
2011-05-25,1.1569,-0.0012950000000000001
2011-05-26,1.1562,-0.000605
2011-05-27,1.1546,-0.001384
2011-05-30,1.1534,-0.001039
2011-05-31,1.1559,0.002168
2011-06-01,1.1562,0.00026
2011-06-02,1.1552,-0.0008649999999999999
2011-06-03,1.1568,0.0013850000000000002
2011-06-07,1.1573,0.00043200000000000004
2011-06-08,1.1582,0.0007779999999999999
2011-06-09,1.1541,-0.0035399999999999997
2011-06-10,1.1539,-0.000173
2011-06-13,1.1538,-8.7e-05
2011-06-14,1.154,0.000173
2011-06-15,1.1528,-0.00104
2011-06-16,1.1496,-0.0027760000000000003
2011-06-17,1.1483,-0.001131
2011-06-20,1.1456,-0.0023510000000000002
2011-06-21,1.147,0.001222
2011-06-22,1.1456,-0.001221
2011-06-23,1.1476,0.0017460000000000002
2011-06-24,1.1499,0.002004
2011-06-27,1.1497,-0.000174
2011-06-28,1.1485,-0.001044
2011-06-29,1.1474,-0.000958
2011-06-30,1.1479,0.00043599999999999997
2011-07-01,1.15,0.0018290000000000001
2011-07-04,1.1528,0.002435
2011-07-05,1.1524,-0.00034700000000000003
2011-07-06,1.152,-0.00034700000000000003
2011-07-07,1.1524,0.00034700000000000003
2011-07-08,1.1529,0.00043400000000000003
2011-07-11,1.152,-0.000781
2011-07-12,1.1502,-0.001563
2011-07-13,1.1516,0.001217
2011-07-14,1.1523,0.000608
2011-07-15,1.1521,-0.000174
2011-07-18,1.1524,0.00026
2011-07-19,1.1488,-0.003124
2011-07-20,1.145,-0.0033079999999999997
2011-07-21,1.1412,-0.003319
2011-07-22,1.1423,0.000964
2011-07-25,1.1379,-0.003852
2011-07-26,1.138,8.800000000000001e-05
2011-07-27,1.1381,8.800000000000001e-05
2011-07-28,1.1362,-0.001669
2011-07-29,1.1347,-0.00132
2011-08-01,1.1332,-0.001322
2011-08-02,1.132,-0.001059
2011-08-03,1.1296,-0.00212
2011-08-04,1.1295,-8.9e-05
2011-08-05,1.1296,8.9e-05
2011-08-08,1.1267,-0.002567
2011-08-09,1.1277,0.000888
2011-08-10,1.1283,0.0005319999999999999
2011-08-11,1.1348,0.005761
2011-08-12,1.1387,0.003437
2011-08-15,1.1417,0.002635
2011-08-16,1.1407,-0.0008759999999999999
2011-08-17,1.1394,-0.00114
2011-08-18,1.1372,-0.001931
2011-08-19,1.1345,-0.002374
2011-08-22,1.1338,-0.0006169999999999999
2011-08-23,1.1361,0.002029
2011-08-24,1.1369,0.0007040000000000001
2011-08-25,1.1396,0.002375
2011-08-26,1.1385,-0.000965
2011-08-29,1.1187,-0.017391
2011-08-30,1.112,-0.0059889999999999995
2011-08-31,1.1106,-0.0012590000000000001
2011-09-01,1.1094,-0.00108
2011-09-02,1.0988,-0.009555000000000001
2011-09-05,1.0886,-0.009283
2011-09-06,1.0876,-0.000919
2011-09-07,1.0917,0.00377
2011-09-08,1.0909,-0.000733
2011-09-09,1.0925,0.001467
2011-09-13,1.0925,0.0
2011-09-14,1.0935,0.000915
2011-09-15,1.0931,-0.000366
2011-09-16,1.0934,0.000274
2011-09-19,1.0914,-0.0018290000000000001
2011-09-20,1.0916,0.000183
2011-09-21,1.094,0.002199
2011-09-22,1.092,-0.001828
2011-09-23,1.0876,-0.004029
2011-09-26,1.0827,-0.004505
2011-09-27,1.083,0.000277
2011-09-28,1.0834,0.000369
2011-09-29,1.0791,-0.0039689999999999994
2011-09-30,1.0842,0.004726
2011-10-10,1.0843,9.2e-05
2011-10-11,1.0831,-0.0011070000000000001
2011-10-12,1.0907,0.007017
2011-10-13,1.0955,0.0044009999999999995
2011-10-14,1.0971,0.001461
2011-10-17,1.1012,0.003737
2011-10-18,1.0975,-0.00336
2011-10-19,1.0988,0.0011849999999999999
2011-10-20,1.0976,-0.001092
2011-10-21,1.103,0.00492
2011-10-24,1.1066,0.0032640000000000004
2011-10-25,1.1083,0.0015359999999999998
2011-10-26,1.1117,0.003068
2011-10-27,1.1075,-0.003778
2011-10-28,1.1139,0.005778999999999999
2011-10-31,1.1185,0.00413
2011-11-01,1.1216,0.002772
2011-11-02,1.1253,0.0032990000000000003
2011-11-03,1.1285,0.0028439999999999997
2011-11-04,1.1305,0.001772
2011-11-07,1.1288,-0.0015040000000000001
2011-11-08,1.128,-0.000709
2011-11-09,1.1308,0.002482
2011-11-10,1.1294,-0.001238
2011-11-11,1.1265,-0.0025679999999999995
2011-11-14,1.1296,0.002752
2011-11-15,1.1285,-0.000974
2011-11-16,1.1228,-0.005051
2011-11-17,1.1203,-0.0022270000000000002
2011-11-18,1.1163,-0.00357
2011-11-21,1.1176,0.001165
2011-11-22,1.119,0.001253
2011-11-23,1.1192,0.000179
2011-11-24,1.1176,-0.0014299999999999998
2011-11-25,1.1178,0.000179
2011-11-28,1.1177,-8.9e-05
2011-11-29,1.1184,0.000626
2011-11-30,1.1133,-0.00456
2011-12-01,1.1167,0.003054
2011-12-02,1.1161,-0.0005369999999999999
2011-12-05,1.1132,-0.0025979999999999996
2011-12-06,1.1119,-0.001168
2011-12-07,1.1132,0.0011690000000000001
2011-12-08,1.1129,-0.000269
2011-12-09,1.1119,-0.000899
2011-12-12,1.112,8.999999999999999e-05
2011-12-13,1.1096,-0.0021579999999999998
2011-12-14,1.1079,-0.001532
2011-12-15,1.107,-0.0008119999999999999
2011-12-16,1.1113,0.0038840000000000003
2011-12-19,1.1095,-0.0016200000000000001
2011-12-20,1.1097,0.00017999999999999998
2011-12-21,1.1067,-0.0027029999999999997
2011-12-22,1.1039,-0.00253
2011-12-23,1.1041,0.000181
2011-12-26,1.101,-0.0028079999999999997
2011-12-27,1.099,-0.001817
2011-12-28,1.0987,-0.000273
2011-12-29,1.101,0.0020930000000000002
2011-12-30,1.1031,0.001907
2011-12-31,1.1033,0.000181
2012-01-04,1.1037,0.000363
2012-01-05,1.1039,0.000181
2012-01-06,1.105,0.000996
2012-01-09,1.1105,0.004977
2012-01-10,1.1166,0.0054930000000000005
2012-01-11,1.1136,-0.002687
2012-01-12,1.1151,0.0013469999999999999
2012-01-13,1.111,-0.003677
2012-01-16,1.1093,-0.00153
2012-01-17,1.1127,0.003065
2012-01-18,1.1108,-0.001708
2012-01-19,1.115,0.003781
2012-01-20,1.1197,0.004215
2012-01-30,1.1174,-0.002054
2012-01-31,1.1171,-0.000268
2012-02-01,1.1171,0.0
2012-02-02,1.119,0.001701
2012-02-03,1.1205,0.00134
2012-02-06,1.12,-0.000446
2012-02-07,1.1163,-0.003304
2012-02-08,1.1177,0.0012540000000000001
2012-02-09,1.1169,-0.000716
2012-02-10,1.1162,-0.0006270000000000001
2012-02-13,1.1159,-0.000269
2012-02-14,1.1162,0.000269
2012-02-15,1.1179,0.0015229999999999998
2012-02-16,1.1184,0.00044699999999999997
2012-02-17,1.1178,-0.000536
2012-02-20,1.1193,0.001342
2012-02-21,1.1184,-0.000804
2012-02-22,1.1178,-0.000536
2012-02-23,1.1171,-0.000626
2012-02-24,1.117,-8.999999999999999e-05
2012-02-27,1.1164,-0.0005369999999999999
2012-02-28,1.1171,0.0006270000000000001
2012-02-29,1.1166,-0.000448
2012-03-01,1.1164,-0.000179
2012-03-02,1.1178,0.0012540000000000001
2012-03-05,1.1177,-8.9e-05
2012-03-06,1.1175,-0.000179
2012-03-07,1.1176,8.9e-05
2012-03-08,1.1193,0.0015210000000000002
2012-03-09,1.1217,0.002144
2012-03-12,1.1234,0.0015160000000000002
2012-03-13,1.1232,-0.000178
2012-03-14,1.1222,-0.00089
2012-03-15,1.1227,0.000446
2012-03-16,1.124,0.001158
2012-03-19,1.1245,0.000445
2012-03-20,1.1241,-0.000356
2012-03-21,1.1243,0.000178
2012-03-22,1.1249,0.0005340000000000001
2012-03-23,1.1251,0.000178
2012-03-26,1.125,-8.9e-05
2012-03-27,1.125,0.0
2012-03-28,1.1241,-0.0008
2012-03-29,1.1241,0.0
2012-03-30,1.1259,0.001601
2012-03-31,1.126,8.9e-05
2012-04-05,1.1264,0.00035499999999999996
2012-04-06,1.1266,0.000178
2012-04-09,1.1265,-8.9e-05
2012-04-10,1.1266,8.9e-05
2012-04-11,1.1273,0.000621
2012-04-12,1.1283,0.000887
2012-04-13,1.1297,0.001241
2012-04-16,1.1312,0.001328
2012-04-17,1.1313,8.800000000000001e-05
2012-04-18,1.1324,0.000972
2012-04-19,1.1326,0.000177
2012-04-20,1.1337,0.0009710000000000001
2012-04-23,1.1338,8.800000000000001e-05
2012-04-24,1.1341,0.000265
2012-04-25,1.1346,0.000441
2012-04-26,1.1353,0.0006169999999999999
2012-04-27,1.1374,0.00185
2012-05-02,1.1373,-8.800000000000001e-05
2012-05-03,1.1375,0.00017600000000000002
2012-05-04,1.1374,-8.800000000000001e-05
2012-05-07,1.1361,-0.001143
2012-05-08,1.1368,0.000616
2012-05-09,1.1365,-0.000264
2012-05-10,1.1368,0.000264
2012-05-11,1.1377,0.0007920000000000001
2012-05-14,1.1394,0.001494
2012-05-15,1.1402,0.0007019999999999999
2012-05-16,1.1425,0.0020169999999999997
2012-05-17,1.1433,0.0007000000000000001
2012-05-18,1.1447,0.001225
2012-05-21,1.1452,0.00043700000000000005
2012-05-22,1.147,0.001572
2012-05-23,1.1476,0.000523
2012-05-24,1.1514,0.003311
2012-05-25,1.1505,-0.000782
2012-05-28,1.1534,0.002521
2012-05-29,1.1534,0.0
2012-05-30,1.1547,0.001127
2012-05-31,1.1553,0.00052
2012-06-01,1.1551,-0.000173
2012-06-04,1.1542,-0.000779
2012-06-05,1.1544,0.000173
2012-06-06,1.1553,0.00078
2012-06-07,1.1568,0.001298
2012-06-08,1.1607,0.0033710000000000003
2012-06-11,1.1597,-0.000862
2012-06-12,1.1625,0.002414
2012-06-13,1.1639,0.001204
2012-06-14,1.1632,-0.000601
2012-06-15,1.1642,0.00086
2012-06-18,1.164,-0.000172
2012-06-19,1.1621,-0.0016320000000000002
2012-06-20,1.1602,-0.0016350000000000002
2012-06-21,1.1594,-0.0006900000000000001
2012-06-25,1.1585,-0.000776
2012-06-26,1.1553,-0.002762
2012-06-27,1.1584,0.0026829999999999996
2012-06-28,1.1595,0.00095
2012-06-29,1.1601,0.000517
2012-06-30,1.1602,8.6e-05
2012-07-02,1.1609,0.000603
2012-07-03,1.1624,0.0012920000000000002
2012-07-04,1.1645,0.001807
2012-07-05,1.1637,-0.000687
2012-07-06,1.1668,0.002664
2012-07-09,1.1654,-0.0012
2012-07-10,1.1654,0.0
2012-07-11,1.1656,0.000172
2012-07-12,1.1666,0.000858
2012-07-13,1.1676,0.000857
2012-07-16,1.1665,-0.000942
2012-07-17,1.1658,-0.0006
2012-07-18,1.1652,-0.0005149999999999999
2012-07-19,1.1663,0.000944
2012-07-20,1.167,0.0006
2012-07-23,1.1664,-0.000514
2012-07-24,1.1655,-0.000772
2012-07-25,1.1682,0.002317
2012-07-26,1.1662,-0.001712
2012-07-27,1.1661,-8.6e-05
2012-07-30,1.1651,-0.000858
2012-07-31,1.164,-0.000944
2012-08-01,1.165,0.0008590000000000001
2012-08-02,1.1635,-0.001288
2012-08-03,1.164,0.00043
2012-08-06,1.1646,0.0005149999999999999
2012-08-07,1.1649,0.000258
2012-08-08,1.1653,0.000343
2012-08-09,1.1663,0.000858
2012-08-10,1.1669,0.000514
2012-08-13,1.167,8.6e-05
2012-08-14,1.166,-0.000857
2012-08-15,1.1655,-0.000429
2012-08-16,1.1653,-0.000172
2012-08-17,1.1653,0.0
2012-08-20,1.1643,-0.000858
2012-08-21,1.1637,-0.0005149999999999999
2012-08-22,1.1619,-0.001547
2012-08-23,1.1619,0.0
2012-08-24,1.1594,-0.002152
2012-08-27,1.1599,0.000431
2012-08-28,1.1598,-8.6e-05
2012-08-29,1.1597,-8.6e-05
2012-08-30,1.1596,-8.6e-05
2012-08-31,1.1598,0.000172
2012-09-03,1.1592,-0.000517
2012-09-04,1.1594,0.000173
2012-09-05,1.1586,-0.0006900000000000001
2012-09-06,1.1587,8.6e-05
2012-09-07,1.1588,8.6e-05
2012-09-10,1.1586,-0.000173
2012-09-11,1.1579,-0.000604
2012-09-12,1.1583,0.00034500000000000004
2012-09-13,1.1577,-0.000518
2012-09-14,1.1582,0.00043200000000000004
2012-09-17,1.1572,-0.000863
2012-09-18,1.1574,0.000173
2012-09-19,1.1559,-0.0012959999999999998
2012-09-20,1.1577,0.001557
2012-09-21,1.1587,0.0008640000000000001
2012-09-24,1.1578,-0.000777
2012-09-25,1.1591,0.0011229999999999999
2012-09-26,1.1599,0.0006900000000000001
2012-09-27,1.162,0.0018110000000000001
2012-09-28,1.1639,0.0016350000000000002
2012-09-30,1.164,8.6e-05
2012-10-08,1.163,-0.0008590000000000001
2012-10-09,1.1651,0.001806
2012-10-10,1.1657,0.0005149999999999999
2012-10-11,1.1662,0.000429
2012-10-12,1.1664,0.000171
2012-10-15,1.1666,0.000171
2012-10-16,1.1666,0.0
2012-10-17,1.1669,0.000257
2012-10-18,1.1672,0.000257
2012-10-19,1.1672,0.0
2012-10-22,1.1675,0.000257
2012-10-23,1.1679,0.000343
2012-10-24,1.1676,-0.000257
2012-10-25,1.1668,-0.0006850000000000001
2012-10-26,1.1661,-0.0006
2012-10-29,1.1651,-0.000858
2012-10-30,1.1654,0.000257
2012-10-31,1.1654,0.0
2012-11-01,1.1668,0.001201
2012-11-02,1.167,0.000171
2012-11-05,1.168,0.000857
2012-11-06,1.1668,-0.001027
2012-11-07,1.1682,0.0012
2012-11-08,1.1682,0.0
2012-11-09,1.1684,0.000171
2012-11-12,1.169,0.000514
2012-11-13,1.1689,-8.6e-05
2012-11-14,1.1691,0.000171
2012-11-15,1.1694,0.000257
2012-11-16,1.1692,-0.000171
2012-11-19,1.1693,8.6e-05
2012-11-20,1.1688,-0.000428
2012-11-21,1.1682,-0.000513
2012-11-22,1.1691,0.00077
2012-11-23,1.1693,0.000171
2012-11-26,1.1697,0.000342
2012-11-27,1.1692,-0.000427
2012-11-28,1.1679,-0.001112
2012-11-29,1.168,8.6e-05
2012-11-30,1.1685,0.000428
2012-12-03,1.1672,-0.001113
2012-12-04,1.1662,-0.000857
2012-12-05,1.1683,0.001801
2012-12-06,1.1694,0.000942
2012-12-07,1.1688,-0.000513
2012-12-10,1.1726,0.003251
2012-12-11,1.1724,-0.000171
2012-12-12,1.1727,0.000256
2012-12-13,1.1733,0.000512
2012-12-14,1.1749,0.001364
2012-12-17,1.1761,0.001021
2012-12-18,1.1765,0.00034
2012-12-19,1.1748,-0.0014449999999999999
2012-12-20,1.1746,-0.00017
2012-12-21,1.1748,0.00017
2012-12-24,1.1746,-0.00017
2012-12-25,1.1776,0.0025540000000000003
2012-12-26,1.1792,0.001359
2012-12-27,1.1792,0.0
2012-12-28,1.18,0.000678
2012-12-31,1.1813,0.0011020000000000001
2013-01-04,1.1828,0.00127
2013-01-07,1.1838,0.000845
2013-01-08,1.1855,0.001436
2013-01-09,1.1854,-8.4e-05
2013-01-10,1.1875,0.001772
2013-01-11,1.1869,-0.000505
2013-01-14,1.1938,0.0058130000000000005
2013-01-15,1.1977,0.003267
2013-01-16,1.1997,0.00167
2013-01-17,1.1987,-0.000834
2013-01-18,1.1614,0.002252
2013-01-21,1.1625,0.000947
2013-01-22,1.1607,-0.001548
2013-01-23,1.1612,0.000431
2013-01-24,1.1591,-0.001808
2013-01-25,1.1586,-0.000431
2013-01-28,1.164,0.004661
2013-01-29,1.1649,0.0007729999999999999
2013-01-30,1.166,0.000944
2013-01-31,1.1679,0.0016300000000000002
2013-02-01,1.1704,0.002141
2013-02-04,1.1702,-0.000171
2013-02-05,1.17,-0.000171
2013-02-06,1.1713,0.001111
2013-02-07,1.1724,0.000939
2013-02-08,1.1791,0.0057150000000000005
2013-02-18,1.1791,0.0
2013-02-19,1.1756,-0.002968
2013-02-20,1.1774,0.0015310000000000002
2013-02-21,1.1723,-0.004332
2013-02-22,1.1704,-0.001621
2013-02-25,1.1702,-0.000171
2013-02-26,1.1689,-0.001111
2013-02-27,1.1694,0.000428
2013-02-28,1.173,0.003079
2013-03-01,1.1729,-8.5e-05
2013-03-04,1.1681,-0.004092
2013-03-05,1.1687,0.000514
2013-03-06,1.1699,0.001027
2013-03-07,1.1705,0.000513
2013-03-08,1.1712,0.000598
2013-03-11,1.1712,0.0
2013-03-12,1.1717,0.000427
2013-03-13,1.1715,-0.000171
2013-03-14,1.1711,-0.000341
2013-03-15,1.1729,0.001537
2013-03-18,1.1728,-8.5e-05
2013-03-19,1.1717,-0.0009379999999999999
2013-03-20,1.1728,0.000939
2013-03-21,1.1732,0.000341
2013-03-22,1.1737,0.000426
2013-03-25,1.1743,0.000511
2013-03-26,1.1725,-0.0015329999999999999
2013-03-27,1.1724,-8.5e-05
2013-03-28,1.1708,-0.0013650000000000001
2013-03-29,1.1707,-8.5e-05
2013-04-01,1.1709,0.000171
2013-04-02,1.171,8.5e-05
2013-04-03,1.1713,0.000256
2013-04-08,1.1718,0.000427
2013-04-09,1.1725,0.000597
2013-04-10,1.1738,0.001109
2013-04-11,1.1751,0.001108
2013-04-12,1.1757,0.000511
2013-04-15,1.1756,-8.5e-05
2013-04-16,1.1765,0.000766
2013-04-17,1.1762,-0.00025499999999999996
2013-04-18,1.1743,-0.0016150000000000001
2013-04-19,1.1741,-0.00017
2013-04-22,1.1716,-0.0021290000000000002
2013-04-23,1.1692,-0.002048
2013-04-24,1.1722,0.002566
2013-04-25,1.173,0.000682
2013-04-26,1.175,0.0017050000000000001
2013-05-02,1.1751,8.5e-05
2013-05-03,1.1759,0.000681
2013-05-06,1.1769,0.0008500000000000001
2013-05-07,1.1771,0.00017
2013-05-08,1.1775,0.00034
2013-05-09,1.1775,0.0
2013-05-10,1.1783,0.000679
2013-05-13,1.1786,0.00025499999999999996
2013-05-14,1.1788,0.00017
2013-05-15,1.1792,0.000339
2013-05-16,1.1801,0.0007630000000000001
2013-05-17,1.1816,0.001271
2013-05-20,1.182,0.000339
2013-05-21,1.1817,-0.000254
2013-05-22,1.1814,-0.000254
2013-05-23,1.1813,-8.5e-05
2013-05-24,1.182,0.000593
2013-05-27,1.1831,0.000931
2013-05-28,1.1839,0.000676
2013-05-29,1.1843,0.000338
2013-05-30,1.1838,-0.000422
2013-05-31,1.184,0.000169
2013-06-03,1.1839,-8.4e-05
2013-06-04,1.1835,-0.000338
2013-06-05,1.1832,-0.00025299999999999997
2013-06-06,1.1826,-0.0005070000000000001
2013-06-07,1.1824,-0.000169
2013-06-13,1.1811,-0.001099
2013-06-14,1.1806,-0.000423
2013-06-17,1.1802,-0.000339
2013-06-18,1.1804,0.000169
2013-06-19,1.1775,-0.002457
2013-06-20,1.169,-0.007219
2013-06-21,1.1713,0.001967
2013-06-24,1.1605,-0.009221
2013-06-25,1.1613,0.000689
2013-06-26,1.1681,0.005856
2013-06-27,1.1696,0.0012839999999999998
2013-06-28,1.1741,0.0038469999999999997
2013-06-30,1.1742,8.5e-05
2013-07-01,1.1776,0.002896
2013-07-02,1.1812,0.0030570000000000003
2013-07-03,1.1801,-0.000931
2013-07-04,1.1814,0.0011020000000000001
2013-07-05,1.182,0.000508
2013-07-08,1.1797,-0.001946
2013-07-09,1.1796,-8.5e-05
2013-07-10,1.1792,-0.000339
2013-07-11,1.1796,0.000339
2013-07-12,1.1783,-0.0011020000000000001
2013-07-15,1.1784,8.5e-05
2013-07-16,1.1782,-0.00017
2013-07-17,1.1779,-0.00025499999999999996
2013-07-18,1.1774,-0.000424
2013-07-19,1.1765,-0.0007639999999999999
2013-07-22,1.1755,-0.0008500000000000001
2013-07-23,1.1758,0.00025499999999999996
2013-07-24,1.1746,-0.001021
2013-07-25,1.1743,-0.00025499999999999996
2013-07-26,1.1749,0.000511
2013-07-29,1.173,-0.0016170000000000002
2013-07-30,1.173,0.0
2013-07-31,1.1739,0.000767
2013-08-01,1.1765,0.002215
2013-08-02,1.1775,0.0008500000000000001
2013-08-05,1.1773,-0.00017
2013-08-06,1.1775,0.00017
2013-08-07,1.1765,-0.000849
2013-08-08,1.1768,0.00025499999999999996
2013-08-09,1.1761,-0.0005949999999999999
2013-08-12,1.1761,0.0
2013-08-13,1.1759,-0.00017
2013-08-14,1.1736,-0.001956
2013-08-15,1.1728,-0.000682
2013-08-16,1.1731,0.000256
2013-08-19,1.173,-8.5e-05
2013-08-20,1.1716,-0.001194
2013-08-21,1.1715,-8.5e-05
2013-08-22,1.1714,-8.5e-05
2013-08-23,1.1716,0.000171
2013-08-26,1.1728,0.001024
2013-08-27,1.1728,0.0
2013-08-28,1.1724,-0.000341
2013-08-29,1.1733,0.0007679999999999999
2013-08-30,1.1739,0.000511
2013-09-02,1.1736,-0.000256
2013-09-03,1.1743,0.000596
2013-09-04,1.1744,8.5e-05
2013-09-05,1.1749,0.000426
2013-09-06,1.1754,0.000426
2013-09-09,1.1782,0.002382
2013-09-10,1.1795,0.001103
2013-09-11,1.1792,-0.000254
2013-09-12,1.1792,0.0
2013-09-13,1.1797,0.000424
2013-09-16,1.1796,-8.5e-05
2013-09-17,1.1808,0.001017
2013-09-18,1.1818,0.000847
2013-09-23,1.1828,0.000846
2013-09-24,1.1824,-0.000338
2013-09-25,1.1826,0.000169
2013-09-26,1.1834,0.000676
2013-09-27,1.1835,8.5e-05
2013-09-30,1.1839,0.000338
2013-10-08,1.1845,0.0005070000000000001
2013-10-09,1.1847,0.000169
2013-10-10,1.1849,0.000169
2013-10-11,1.1852,0.00025299999999999997
2013-10-14,1.1857,0.000422
2013-10-15,1.1859,0.000169
2013-10-16,1.1855,-0.000337
2013-10-17,1.1848,-0.0005899999999999999
2013-10-18,1.186,0.001013
2013-10-21,1.1866,0.0005059999999999999
2013-10-22,1.186,-0.0005059999999999999
2013-10-23,1.1857,-0.00025299999999999997
2013-10-24,1.185,-0.0005899999999999999
2013-10-25,1.1848,-0.000169
2013-10-28,1.1841,-0.0005909999999999999
2013-10-29,1.1841,0.0
2013-10-30,1.1844,0.00025299999999999997
2013-10-31,1.1845,8.4e-05
2013-11-01,1.1854,0.0007599999999999999
2013-11-04,1.1858,0.000337
2013-11-05,1.1855,-0.00025299999999999997
2013-11-06,1.1842,-0.001097
2013-11-07,1.1834,-0.000676
2013-11-08,1.1831,-0.000254
2013-11-11,1.1816,-0.001268
2013-11-12,1.1816,0.0
2013-11-13,1.1791,-0.0021160000000000003
2013-11-14,1.178,-0.0009329999999999999
2013-11-15,1.1763,-0.001443
2013-11-18,1.1755,-0.00068
2013-11-19,1.1735,-0.001701
2013-11-20,1.1729,-0.000511
2013-11-21,1.1732,0.000256
2013-11-22,1.1732,0.0
2013-11-25,1.169,-0.00358
2013-11-26,1.1657,-0.002823
2013-11-27,1.1676,0.0016300000000000002
2013-11-28,1.1695,0.0016270000000000002
2013-11-29,1.1675,-0.0017100000000000001
2013-12-02,1.1702,0.002313
2013-12-03,1.1713,0.00094
2013-12-04,1.1702,-0.000939
2013-12-05,1.1705,0.000256
2013-12-06,1.1707,0.000171
2013-12-09,1.1707,0.0
2013-12-10,1.1704,-0.000256
2013-12-11,1.1693,-0.00094
2013-12-12,1.1696,0.000257
2013-12-13,1.1705,0.0007689999999999999
2013-12-16,1.1686,-0.001623
2013-12-17,1.1684,-0.000171
2013-12-18,1.1677,-0.000599
2013-12-19,1.166,-0.001456
2013-12-20,1.1662,0.000172
2013-12-23,1.1663,8.6e-05
2013-12-24,1.1664,8.6e-05
2013-12-25,1.1717,0.004544
2013-12-26,1.1705,-0.001024
2013-12-27,1.1705,0.0
2013-12-30,1.1701,-0.000342
2013-12-31,1.1679,-0.00188
2014-01-02,1.1692,0.001113
2014-01-03,1.1692,0.0
2014-01-06,1.1673,-0.0016250000000000001
2014-01-07,1.1677,0.000343
2014-01-08,1.1676,-8.6e-05
2014-01-09,1.1682,0.000514
2014-01-10,1.1673,-0.00077
2014-01-13,1.1647,-0.0022270000000000002
2014-01-14,1.165,0.000258
2014-01-15,1.166,0.000858
2014-01-16,1.1549,-0.0009429999999999999
2014-01-17,1.155,8.7e-05
2014-01-20,1.1537,-0.001126
2014-01-21,1.1555,0.00156
2014-01-22,1.1572,0.001471
2014-01-23,1.1578,0.000518
2014-01-24,1.1601,0.001987
2014-01-27,1.161,0.000776
2014-01-28,1.1621,0.000947
2014-01-29,1.1637,0.001377
2014-01-30,1.1647,0.0008590000000000001
2014-02-07,1.1653,0.0005149999999999999
2014-02-10,1.1668,0.0012870000000000002
2014-02-11,1.167,0.000171
2014-02-12,1.1674,0.000343
2014-02-13,1.1685,0.000942
2014-02-14,1.1706,0.001797
2014-02-17,1.1716,0.000854
2014-02-18,1.1712,-0.000341
2014-02-19,1.1717,0.000427
2014-02-20,1.1722,0.000427
2014-02-21,1.1733,0.0009379999999999999
2014-02-24,1.1735,0.00017
2014-02-25,1.176,0.00213
2014-02-26,1.1756,-0.00034
2014-02-27,1.1788,0.002722
2014-02-28,1.175,-0.0032240000000000003
2014-03-03,1.1758,0.000681
2014-03-04,1.1747,-0.000936
2014-03-05,1.1738,-0.000766
2014-03-06,1.1739,8.5e-05
2014-03-07,1.1743,0.000341
2014-03-10,1.1737,-0.000511
2014-03-11,1.1743,0.000511
2014-03-12,1.1741,-0.00017
2014-03-13,1.175,0.000767
2014-03-14,1.1759,0.000766
2014-03-17,1.176,8.5e-05
2014-03-18,1.1763,0.00025499999999999996
2014-03-19,1.1754,-0.000765
2014-03-20,1.175,-0.00034
2014-03-21,1.1763,0.001106
2014-03-24,1.1772,0.000765
2014-03-25,1.1771,-8.5e-05
2014-03-26,1.1768,-0.00025499999999999996
2014-03-27,1.1767,-8.5e-05
2014-03-28,1.1762,-0.00042500000000000003
2014-03-31,1.1762,0.0
2014-04-01,1.1765,0.00025499999999999996
2014-04-02,1.1769,0.00034
2014-04-03,1.1778,0.000765
2014-04-04,1.1786,0.000679
2014-04-08,1.1811,0.002121
2014-04-09,1.1817,0.000508
2014-04-10,1.1826,0.0007620000000000001
2014-04-11,1.1828,0.000169
2014-04-14,1.184,0.001015
2014-04-15,1.1838,-0.000169
2014-04-16,1.1838,0.0
2014-04-17,1.1865,0.002281
2014-04-18,1.1862,-0.00025299999999999997
2014-04-21,1.1869,0.0005899999999999999
2014-04-22,1.1868,-8.4e-05
2014-04-23,1.1866,-0.000169
2014-04-24,1.1867,8.4e-05
2014-04-25,1.1871,0.000337
2014-04-28,1.1866,-0.000421
2014-04-29,1.1865,-8.4e-05
2014-04-30,1.188,0.0012640000000000001
2014-05-05,1.1889,0.0007580000000000001
2014-05-06,1.1914,0.002103
2014-05-07,1.1922,0.000671
2014-05-08,1.1941,0.001594
2014-05-09,1.1966,0.002094
2014-05-12,1.1968,0.000167
2014-05-13,1.1982,0.00117
2014-05-14,1.1979,-0.00025
2014-05-15,1.198,8.3e-05
2014-05-16,1.1979,-8.3e-05
2014-05-19,1.1969,-0.000835
2014-05-20,1.1973,0.000334
2014-05-21,1.1981,0.000668
2014-05-22,1.1988,0.000584
2014-05-23,1.1993,0.000417
2014-05-26,1.1999,0.0005
2014-05-27,1.2005,0.0005
2014-05-28,1.202,0.001249
2014-05-29,1.2033,0.001082
2014-05-30,1.2043,0.0008309999999999999
2014-06-03,1.2064,0.0017439999999999999
2014-06-04,1.2085,0.0017410000000000001
2014-06-05,1.2085,0.0
2014-06-06,1.21,0.001241
2014-06-09,1.2102,0.000165
2014-06-10,1.2115,0.0010739999999999999
2014-06-11,1.2102,-0.0010730000000000002
2014-06-12,1.2104,0.000165
2014-06-13,1.2127,0.0019
2014-06-16,1.2149,0.001814
2014-06-17,1.2135,-0.001152
2014-06-18,1.2121,-0.001154
2014-06-19,1.2113,-0.00066
2014-06-20,1.2129,0.001321
2014-06-23,1.2148,0.001566
2014-06-24,1.2158,0.000823
2014-06-25,1.2161,0.000247
2014-06-26,1.2184,0.0018909999999999999
2014-06-27,1.219,0.000492
2014-06-30,1.2194,0.000328
2014-07-01,1.2176,-0.001476
2014-07-02,1.2162,-0.00115
2014-07-03,1.218,0.00148
2014-07-04,1.2165,-0.001232
2014-07-07,1.217,0.00041099999999999996
2014-07-08,1.2173,0.000247
2014-07-09,1.216,-0.0010680000000000002
2014-07-10,1.216,0.0
2014-07-11,1.2177,0.0013980000000000002
2014-07-14,1.2198,0.001725
2014-07-15,1.2203,0.00041
2014-07-16,1.2199,-0.000328
2014-07-17,1.2181,-0.001476
2014-07-18,1.2194,0.001067
2014-07-21,1.2186,-0.000656
2014-07-22,1.2214,0.002298
2014-07-23,1.2224,0.000819
2014-07-24,1.2229,0.00040899999999999997
2014-07-25,1.2237,0.000654
2014-07-28,1.2245,0.000654
2014-07-29,1.2252,0.000572
2014-07-30,1.2247,-0.00040800000000000005
2014-07-31,1.2267,0.001633
2014-08-01,1.2275,0.0006519999999999999
2014-08-04,1.2304,0.002363
2014-08-05,1.2315,0.0008939999999999999
2014-08-06,1.232,0.00040599999999999995
2014-08-07,1.2333,0.001055
2014-08-08,1.2342,0.00073
2014-08-11,1.2353,0.000891
2014-08-12,1.2356,0.000243
2014-08-13,1.2362,0.000486
2014-08-14,1.2365,0.000243
2014-08-15,1.2376,0.00089
2014-08-18,1.2384,0.0006460000000000001
2014-08-19,1.2381,-0.000242
2014-08-20,1.2389,0.0006460000000000001
2014-08-21,1.2392,0.000242
2014-08-22,1.2394,0.000161
2014-08-25,1.2402,0.0006450000000000001
2014-08-26,1.2398,-0.00032300000000000004
2014-08-27,1.2404,0.000484
2014-08-28,1.2397,-0.0005639999999999999
2014-08-29,1.2398,8.099999999999999e-05
2014-09-01,1.2403,0.00040300000000000004
2014-09-02,1.2414,0.000887
2014-09-03,1.2422,0.000644
2014-09-04,1.2422,0.0
2014-09-05,1.2425,0.000242
2014-09-09,1.2427,0.000161
2014-09-10,1.2418,-0.000724
2014-09-11,1.242,0.000161
2014-09-12,1.2431,0.000886
2014-09-15,1.2436,0.000402
2014-09-16,1.2432,-0.000322
2014-09-17,1.2432,0.0
2014-09-18,1.244,0.000644
2014-09-19,1.2455,0.001206
2014-09-22,1.2444,-0.000883
2014-09-23,1.2451,0.000563
2014-09-24,1.2464,0.001044
2014-09-25,1.2468,0.00032099999999999994
2014-09-26,1.2471,0.000241
2014-09-29,1.2487,0.001283
2014-09-30,1.2523,0.002883
2014-10-08,1.2511,-0.000958
2014-10-09,1.2531,0.001599
2014-10-10,1.2526,-0.000399
2014-10-13,1.2529,0.00024
2014-10-14,1.2539,0.000798
2014-10-15,1.2553,0.001117
2014-10-16,1.2563,0.000797
2014-10-17,1.2578,0.001194
2014-10-20,1.2611,0.002624
2014-10-21,1.2628,0.001348
2014-10-22,1.2641,0.001029
2014-10-23,1.2642,7.900000000000001e-05
2014-10-24,1.2657,0.001187
2014-10-27,1.2662,0.000395
2014-10-28,1.2683,0.0016589999999999999
2014-10-29,1.271,0.0021290000000000002
2014-10-30,1.2737,0.002124
2014-10-31,1.2776,0.0030620000000000005
2014-11-03,1.2797,0.0016439999999999998
2014-11-04,1.2809,0.0009379999999999999
2014-11-05,1.2823,0.001093
2014-11-06,1.2828,0.00039
2014-11-07,1.2887,0.004599
2014-11-10,1.2906,0.001474
2014-11-11,1.2911,0.000387
2014-11-12,1.2922,0.000852
2014-11-13,1.2932,0.000774
2014-11-14,1.2916,-0.001237
2014-11-17,1.2914,-0.000155
2014-11-18,1.291,-0.00031
2014-11-19,1.2911,7.7e-05
2014-11-20,1.2904,-0.000542
2014-11-21,1.2903,-7.7e-05
2014-11-24,1.2911,0.00062
2014-11-25,1.2902,-0.000697
2014-11-26,1.2903,7.8e-05
2014-11-27,1.2906,0.00023300000000000003
2014-11-28,1.2896,-0.000775
2014-12-01,1.2891,-0.000388
2014-12-02,1.2884,-0.000543
2014-12-03,1.2859,-0.00194
2014-12-04,1.2836,-0.001789
2014-12-05,1.2812,-0.00187
2014-12-08,1.2744,-0.005308
2014-12-09,1.2577,-0.013104
2014-12-10,1.2564,-0.001034
2014-12-11,1.2501,-0.005013999999999999
2014-12-12,1.2571,0.005600000000000001
2014-12-15,1.254,-0.0024660000000000003
2014-12-16,1.2556,0.001276
2014-12-17,1.2583,0.00215
2014-12-18,1.2563,-0.0015890000000000001
2014-12-19,1.2567,0.00031800000000000003
2014-12-22,1.2591,0.00191
2014-12-23,1.2597,0.000477
2014-12-24,1.2622,0.0019850000000000002
2014-12-25,1.2621,-7.900000000000001e-05
2014-12-26,1.2655,0.0026939999999999998
2014-12-29,1.2671,0.0012640000000000001
2014-12-30,1.2703,0.002525
2014-12-31,1.2667,-0.0028339999999999997
2015-01-05,1.266,-0.000553
2015-01-06,1.2657,-0.000237
2015-01-07,1.2662,0.000395
2015-01-08,1.2659,-0.000237
2015-01-09,1.2663,0.00031600000000000004
2015-01-12,1.2653,-0.00079
2015-01-13,1.2677,0.001897
2015-01-14,1.2692,0.001183
2015-01-15,1.2713,0.001655
2015-01-16,1.2193,-0.001573
2015-01-19,1.2163,-0.00246
2015-01-20,1.219,0.00222
2015-01-21,1.2254,0.00525
2015-01-22,1.2286,0.002611
2015-01-23,1.2289,0.00024400000000000002
2015-01-26,1.2283,-0.00048800000000000004
2015-01-27,1.2262,-0.0017100000000000001
2015-01-28,1.2233,-0.002365
2015-01-29,1.2229,-0.000327
2015-01-30,1.223,8.2e-05
2015-02-02,1.2225,-0.00040899999999999997
2015-02-03,1.2233,0.000654
2015-02-04,1.2229,-0.000327
2015-02-05,1.2234,0.00040899999999999997
2015-02-06,1.2237,0.000245
2015-02-09,1.2242,0.00040899999999999997
2015-02-10,1.2234,-0.0006529999999999999
2015-02-11,1.2235,8.2e-05
2015-02-12,1.2224,-0.000899
2015-02-13,1.2234,0.0008179999999999999
2015-02-16,1.2242,0.000654
2015-02-17,1.2251,0.000735
2015-02-25,1.2266,0.001224
2015-02-26,1.2272,0.000489
2015-02-27,1.2282,0.0008150000000000001
2015-03-02,1.2292,0.000814
2015-03-03,1.2293,8.099999999999999e-05
2015-03-04,1.2298,0.000407
2015-03-05,1.2296,-0.00016299999999999998
2015-03-06,1.2298,0.00016299999999999998
2015-03-09,1.2309,0.0008939999999999999
2015-03-10,1.231,8.099999999999999e-05
2015-03-11,1.2314,0.000325
2015-03-12,1.232,0.000487
2015-03-13,1.2321,8.099999999999999e-05
2015-03-16,1.2349,0.002273
2015-03-17,1.2371,0.001782
2015-03-18,1.2368,-0.000243
2015-03-19,1.2363,-0.000404
2015-03-20,1.2378,0.001213
2015-03-23,1.2377,-8.099999999999999e-05
2015-03-24,1.2375,-0.00016199999999999998
2015-03-25,1.2356,-0.001535
2015-03-26,1.2343,-0.001052
2015-03-27,1.2339,-0.00032399999999999996
2015-03-30,1.2339,0.0
2015-03-31,1.2365,0.002107
2015-04-01,1.2361,-0.00032300000000000004
2015-04-02,1.2362,8.099999999999999e-05
2015-04-03,1.237,0.0006469999999999999
2015-04-07,1.2377,0.000566
2015-04-08,1.2361,-0.0012929999999999999
2015-04-09,1.2348,-0.001052
2015-04-10,1.2372,0.001944
2015-04-13,1.24,0.002263
2015-04-14,1.2404,0.00032300000000000004
2015-04-15,1.2395,-0.000726
2015-04-16,1.2398,0.000242
2015-04-17,1.2456,0.004678
2015-04-20,1.2461,0.000401
2015-04-21,1.2496,0.002809
2015-04-22,1.2594,0.007843
2015-04-23,1.2584,-0.000794
2015-04-24,1.2573,-0.0008740000000000001
2015-04-27,1.2616,0.0034200000000000003
2015-04-28,1.2595,-0.001665
2015-04-29,1.2608,0.001032
2015-04-30,1.2612,0.000317
2015-05-04,1.2613,7.900000000000001e-05
2015-05-05,1.2605,-0.000634
2015-05-06,1.262,0.0011899999999999999
2015-05-07,1.2631,0.0008719999999999999
2015-05-08,1.2652,0.001663
2015-05-11,1.2666,0.0011070000000000001
2015-05-12,1.2686,0.001579
2015-05-13,1.2698,0.000946
2015-05-14,1.2728,0.002363
2015-05-15,1.2747,0.001493
2015-05-18,1.2758,0.000863
2015-05-19,1.2762,0.000314
2015-05-20,1.2763,7.8e-05
2015-05-21,1.2769,0.00047
2015-05-22,1.2777,0.0006270000000000001
2015-05-25,1.2799,0.001722
2015-05-26,1.2811,0.0009379999999999999
2015-05-27,1.2843,0.002498
2015-05-28,1.2776,-0.005217
2015-05-29,1.277,-0.00047
2015-06-01,1.2797,0.002114
2015-06-02,1.2796,-7.8e-05
2015-06-03,1.2799,0.000234
2015-06-04,1.2817,0.0014060000000000001
2015-06-05,1.2829,0.000936
2015-06-08,1.2812,-0.001325
2015-06-09,1.2809,-0.000234
2015-06-10,1.2799,-0.000781
2015-06-11,1.2804,0.000391
2015-06-12,1.2811,0.000547
2015-06-15,1.283,0.001483
2015-06-16,1.2828,-0.000156
2015-06-17,1.285,0.0017150000000000002
2015-06-18,1.2848,-0.000156
2015-06-19,1.285,0.000156
2015-06-23,1.2861,0.000856
2015-06-24,1.2868,0.000544
2015-06-25,1.2862,-0.00046600000000000005
2015-06-26,1.2857,-0.00038899999999999997
2015-06-29,1.2856,-7.8e-05
2015-06-30,1.2916,0.004667
2015-07-01,1.289,-0.002013
2015-07-02,1.2883,-0.000543
2015-07-03,1.289,0.000543
2015-07-06,1.2909,0.001474
2015-07-07,1.2866,-0.003331
2015-07-08,1.2837,-0.002254
2015-07-09,1.2839,0.000156
2015-07-10,1.2847,0.000623
2015-07-13,1.2856,0.0007009999999999999
2015-07-14,1.2859,0.00023300000000000003
2015-07-15,1.2867,0.0006219999999999999
2015-07-16,1.2875,0.0006219999999999999
2015-07-17,1.29,0.0019420000000000001
2015-07-20,1.2904,0.00031
2015-07-21,1.2916,0.0009299999999999999
2015-07-22,1.292,0.00031
2015-07-23,1.2935,0.001161
2015-07-24,1.2945,0.0007729999999999999
2015-07-27,1.2958,0.0010040000000000001
2015-07-28,1.2962,0.00030900000000000003
2015-07-29,1.297,0.0006169999999999999
2015-07-30,1.2978,0.0006169999999999999
2015-07-31,1.2983,0.000385
2015-08-03,1.299,0.000539
2015-08-04,1.2994,0.000308
2015-08-05,1.3003,0.000693
2015-08-06,1.3009,0.00046100000000000004
2015-08-07,1.3024,0.001153
2015-08-10,1.3041,0.001305
2015-08-11,1.302,-0.00161
2015-08-12,1.3022,0.000154
2015-08-13,1.3035,0.000998
2015-08-14,1.3046,0.000844
2015-08-17,1.3059,0.000996
2015-08-18,1.3063,0.000306
2015-08-19,1.3065,0.000153
2015-08-20,1.3074,0.000689
2015-08-21,1.3082,0.000612
2015-08-24,1.309,0.000612
2015-08-25,1.3089,-7.6e-05
2015-08-26,1.3104,0.0011459999999999999
2015-08-27,1.3111,0.0005340000000000001
2015-08-28,1.3118,0.0005340000000000001
2015-08-31,1.3125,0.0005340000000000001
2015-09-01,1.3132,0.000533
2015-09-02,1.3135,0.000228
2015-09-07,1.3139,0.000305
2015-09-08,1.3146,0.000533
2015-09-09,1.3153,0.0005319999999999999
2015-09-10,1.3155,0.000152
2015-09-11,1.3152,-0.000228
2015-09-14,1.3157,0.00037999999999999997
2015-09-15,1.3153,-0.000304
2015-09-16,1.316,0.0005319999999999999
2015-09-17,1.3157,-0.000228
2015-09-18,1.3165,0.000608
2015-09-21,1.317,0.00037999999999999997
2015-09-22,1.316,-0.0007589999999999999
2015-09-23,1.316,0.0
2015-09-24,1.3156,-0.000304
2015-09-25,1.3151,-0.00037999999999999997
2015-09-28,1.3154,0.000228
2015-09-29,1.3157,0.000228
2015-09-30,1.3171,0.0010639999999999998
2015-10-08,1.3177,0.000456
2015-10-09,1.3175,-0.000152
2015-10-12,1.3188,0.000987
2015-10-13,1.3201,0.000986
2015-10-14,1.3215,0.001061
2015-10-15,1.3213,-0.000151
2015-10-16,1.3207,-0.00045400000000000003
2015-10-19,1.3204,-0.00022700000000000002
2015-10-20,1.3209,0.00037900000000000005
2015-10-21,1.3216,0.00053
2015-10-22,1.3218,0.000151
2015-10-23,1.3222,0.000303
2015-10-26,1.323,0.000605
2015-10-27,1.3237,0.0005290000000000001
2015-10-28,1.3241,0.000302
2015-10-29,1.3244,0.00022700000000000002
2015-10-30,1.3256,0.000906
2015-11-02,1.3258,0.000151
2015-11-03,1.3256,-0.000151
2015-11-04,1.3254,-0.000151
2015-11-05,1.3255,7.5e-05
2015-11-06,1.3265,0.0007539999999999999
2015-11-09,1.3248,-0.0012820000000000002
2015-11-10,1.3245,-0.000226
2015-11-11,1.3248,0.00022700000000000002
2015-11-12,1.3246,-0.000151
2015-11-13,1.3245,-7.5e-05
2015-11-16,1.3244,-7.6e-05
2015-11-17,1.3238,-0.000453
2015-11-18,1.3234,-0.000302
2015-11-19,1.3228,-0.000453
2015-11-20,1.3229,7.6e-05
2015-11-23,1.323,7.6e-05
2015-11-24,1.3235,0.000378
2015-11-25,1.3243,0.000604
2015-11-26,1.3246,0.00022700000000000002
2015-11-27,1.3241,-0.00037699999999999995
2015-11-30,1.3245,0.000302
2015-12-01,1.3259,0.001057
2015-12-02,1.3264,0.00037699999999999995
2015-12-03,1.327,0.000452
2015-12-04,1.3271,7.5e-05
2015-12-07,1.3274,0.000226
2015-12-08,1.3276,0.000151
2015-12-09,1.329,0.001055
2015-12-10,1.3292,0.00015
2015-12-11,1.3287,-0.00037600000000000003
2015-12-14,1.3293,0.000452
2015-12-15,1.33,0.000527
2015-12-16,1.3303,0.000226
2015-12-17,1.3327,0.001804
2015-12-18,1.3341,0.00105
2015-12-21,1.3356,0.001124
2015-12-22,1.3357,7.5e-05
2015-12-23,1.3345,-0.000898
2015-12-24,1.3362,0.0012740000000000002
2015-12-25,1.3367,0.00037400000000000004
2015-12-28,1.3381,0.001047
2015-12-29,1.3391,0.000747
2015-12-30,1.3387,-0.000299
2015-12-31,1.3393,0.000448
2016-01-04,1.3385,-0.000597
2016-01-05,1.3385,0.0
2016-01-06,1.3399,0.001046
2016-01-07,1.3402,0.000224
2016-01-08,1.3411,0.000672
2016-01-11,1.3418,0.000522
2016-01-12,1.3425,0.000522
2016-01-13,1.314,0.001117
2016-01-14,1.3145,0.00038100000000000005
2016-01-15,1.3146,7.6e-05
2016-01-18,1.3142,-0.000304
2016-01-19,1.3138,-0.000304
2016-01-20,1.3133,-0.00038100000000000005
2016-01-21,1.3137,0.000305
2016-01-22,1.3141,0.000304
2016-01-25,1.3133,-0.0006090000000000001
2016-01-26,1.3123,-0.000761
2016-01-27,1.3107,-0.001219
2016-01-28,1.3098,-0.000687
2016-01-29,1.3102,0.000305
2016-02-01,1.3098,-0.000305
2016-02-02,1.3094,-0.000305
2016-02-03,1.3092,-0.000153
2016-02-04,1.3095,0.000229
2016-02-05,1.3106,0.00084
2016-02-15,1.3115,0.000687
2016-02-16,1.3123,0.00061
2016-02-17,1.3137,0.001067
2016-02-18,1.3151,0.001066
2016-02-19,1.3166,0.0011409999999999999
2016-02-22,1.3177,0.000835
2016-02-23,1.3181,0.000304
2016-02-24,1.3188,0.000531
2016-02-25,1.3188,0.0
2016-02-26,1.3211,0.0017439999999999999
2016-02-29,1.321,-7.6e-05
2016-03-01,1.3216,0.00045400000000000003
2016-03-02,1.3218,0.000151
2016-03-03,1.322,0.000151
2016-03-04,1.3225,0.000378
2016-03-07,1.323,0.000378
2016-03-08,1.3232,0.000151
2016-03-09,1.3237,0.000378
2016-03-10,1.3246,0.00068
2016-03-11,1.3247,7.5e-05
2016-03-14,1.3254,0.000528
2016-03-15,1.3259,0.00037699999999999995
2016-03-16,1.3257,-0.000151
2016-03-17,1.3262,0.00037699999999999995
2016-03-18,1.3274,0.000905
2016-03-21,1.3274,0.0
2016-03-22,1.327,-0.000301
2016-03-23,1.3272,0.000151
2016-03-24,1.3275,0.000226
2016-03-25,1.3278,0.000226
2016-03-28,1.3279,7.5e-05
2016-03-29,1.3279,0.0
2016-03-30,1.3283,0.000301
2016-03-31,1.3278,-0.00037600000000000003
2016-04-01,1.3275,-0.000226
2016-04-05,1.3276,7.5e-05
2016-04-06,1.3282,0.000452
2016-04-07,1.3279,-0.000226
2016-04-08,1.3292,0.000979
2016-04-11,1.3287,-0.00037600000000000003
2016-04-12,1.3279,-0.000602
2016-04-13,1.3268,-0.000828
2016-04-14,1.3249,-0.001432
2016-04-15,1.3243,-0.000453
2016-04-18,1.325,0.0005290000000000001
2016-04-19,1.3249,-7.5e-05
2016-04-20,1.3238,-0.00083
2016-04-21,1.3223,-0.001133
2016-04-22,1.3208,-0.001134
2016-04-25,1.3197,-0.000833
2016-04-26,1.3185,-0.000909
2016-04-27,1.3179,-0.000455
2016-04-28,1.3183,0.000304
2016-04-29,1.3189,0.000455
2016-05-03,1.3193,0.000303
2016-05-04,1.3194,7.6e-05
2016-05-05,1.3198,0.000303
2016-05-06,1.3216,0.001364
2016-05-09,1.3222,0.00045400000000000003
2016-05-10,1.3228,0.00045400000000000003
2016-05-11,1.3232,0.000302
2016-05-12,1.3239,0.0005290000000000001
2016-05-13,1.3244,0.000378
2016-05-16,1.3244,0.0
2016-05-17,1.3244,0.0
2016-05-18,1.3243,-7.6e-05
2016-05-19,1.3243,0.0
2016-05-20,1.3262,0.0014349999999999999
2016-05-23,1.3271,0.000679
2016-05-24,1.3282,0.000829
2016-05-25,1.3295,0.000979
2016-05-26,1.3299,0.000301
2016-05-27,1.331,0.0008269999999999999
2016-05-30,1.3312,0.00015
2016-05-31,1.3313,7.5e-05
2016-06-01,1.3313,0.0
2016-06-02,1.3309,-0.0003
2016-06-03,1.3311,0.00015
2016-06-06,1.3315,0.000301
2016-06-07,1.3319,0.0003
2016-06-08,1.3322,0.000225
2016-06-13,1.3326,0.0003
2016-06-14,1.3332,0.00045
2016-06-15,1.3334,0.00015
2016-06-16,1.3344,0.00075
2016-06-17,1.3347,0.000225
2016-06-20,1.3351,0.0003
2016-06-21,1.3353,0.00015
2016-06-22,1.3352,-7.5e-05
2016-06-23,1.3353,7.5e-05
2016-06-24,1.3364,0.000824
2016-06-27,1.3385,0.001571
2016-06-28,1.3393,0.000598
2016-06-29,1.3389,-0.000299
2016-06-30,1.3391,0.000149
2016-07-01,1.34,0.000672
2016-07-04,1.3407,0.000522
2016-07-05,1.3407,0.0
2016-07-06,1.3415,0.000597
2016-07-07,1.3422,0.000522
2016-07-08,1.3441,0.001416
2016-07-11,1.3441,0.0
2016-07-12,1.3449,0.0005949999999999999
2016-07-13,1.3451,0.000149
2016-07-14,1.3457,0.000446
2016-07-15,1.3458,7.400000000000001e-05
2016-07-18,1.3462,0.000297
2016-07-19,1.3468,0.000446
2016-07-20,1.3485,0.001262
2016-07-21,1.3493,0.000593
2016-07-22,1.3502,0.000667
2016-07-25,1.3504,0.00014800000000000002
2016-07-26,1.3505,7.400000000000001e-05
2016-07-27,1.3507,0.00014800000000000002
2016-07-28,1.3512,0.00037
2016-07-29,1.3514,0.00014800000000000002
2016-08-01,1.3517,0.000222
2016-08-02,1.3522,0.00037
2016-08-03,1.3528,0.000444
2016-08-04,1.3533,0.00037
2016-08-05,1.3542,0.000665
2016-08-08,1.355,0.0005909999999999999
2016-08-09,1.3556,0.000443
2016-08-10,1.357,0.001033
2016-08-11,1.3577,0.000516
2016-08-12,1.3586,0.000663
2016-08-15,1.3602,0.001178
2016-08-16,1.3608,0.000441
2016-08-17,1.3604,-0.000294
2016-08-18,1.3611,0.0005149999999999999
2016-08-19,1.3608,-0.00021999999999999998
2016-08-22,1.36,-0.000588
2016-08-23,1.3598,-0.000147
2016-08-24,1.3595,-0.000221
2016-08-25,1.3589,-0.000441
2016-08-26,1.36,0.000809
2016-08-29,1.3599,-7.400000000000001e-05
2016-08-30,1.3593,-0.000441
2016-08-31,1.3589,-0.000294
2016-09-01,1.3587,-0.000147
2016-09-02,1.3586,-7.400000000000001e-05
2016-09-05,1.3584,-0.000147
2016-09-06,1.3583,-7.400000000000001e-05
2016-09-07,1.3578,-0.000368
2016-09-08,1.3574,-0.00029499999999999996
2016-09-09,1.3583,0.000663
2016-09-12,1.3575,-0.000589
2016-09-13,1.3577,0.000147
2016-09-14,1.3587,0.000737
2016-09-19,1.359,0.000221
2016-09-20,1.3592,0.000147
2016-09-21,1.359,-0.000147
2016-09-22,1.3602,0.000883
2016-09-23,1.3613,0.000809
2016-09-26,1.3616,0.00021999999999999998
2016-09-27,1.3617,7.3e-05
2016-09-28,1.3618,7.3e-05
2016-09-29,1.3621,0.00021999999999999998
2016-09-30,1.3626,0.00036700000000000003
2016-10-10,1.365,0.001761
2016-10-11,1.365,0.0
2016-10-12,1.3644,-0.00043999999999999996
2016-10-13,1.365,0.00043999999999999996
2016-10-14,1.3658,0.000586
2016-10-17,1.3659,7.3e-05
2016-10-18,1.3659,0.0
2016-10-19,1.3665,0.000439
2016-10-20,1.3692,0.001976
2016-10-21,1.3698,0.00043799999999999997
2016-10-24,1.369,-0.000584
2016-10-25,1.369,0.0
2016-10-26,1.369,0.0
2016-10-27,1.3694,0.000292
2016-10-28,1.3695,7.3e-05
2016-10-31,1.3695,0.0
2016-11-01,1.3693,-0.000146
2016-11-02,1.3695,0.000146
2016-11-03,1.3697,0.000146
2016-11-04,1.3699,0.000146
2016-11-07,1.37,7.3e-05
2016-11-08,1.3696,-0.000292
2016-11-09,1.3695,-7.3e-05
2016-11-10,1.3692,-0.00021899999999999998
2016-11-11,1.3685,-0.000511
2016-11-14,1.3679,-0.00043799999999999997
2016-11-15,1.3669,-0.000731
2016-11-16,1.3664,-0.000366
2016-11-17,1.3657,-0.000512
2016-11-18,1.3651,-0.000439
2016-11-21,1.3652,7.3e-05
2016-11-22,1.3653,7.3e-05
2016-11-23,1.3653,0.0
2016-11-24,1.3651,-0.000146
2016-11-25,1.3648,-0.00021999999999999998
2016-11-28,1.3647,-7.3e-05
2016-11-29,1.3636,-0.0008060000000000001
2016-11-30,1.3611,-0.001833
2016-12-01,1.3586,-0.001837
2016-12-02,1.3578,-0.000589
2016-12-05,1.3575,-0.000221
2016-12-06,1.3548,-0.001989
2016-12-07,1.3547,-7.400000000000001e-05
2016-12-08,1.3557,0.000738
2016-12-09,1.3556,-7.400000000000001e-05
2016-12-12,1.3548,-0.0005899999999999999
2016-12-13,1.3527,-0.00155
2016-12-14,1.3505,-0.0016259999999999998
2016-12-15,1.3444,-0.004517
2016-12-16,1.3438,-0.000446
2016-12-19,1.3423,-0.001116
2016-12-20,1.3395,-0.002086
2016-12-21,1.3414,0.001418
2016-12-22,1.3446,0.002386
2016-12-23,1.3476,0.002231
2016-12-26,1.3487,0.0008160000000000001
2016-12-27,1.3498,0.0008160000000000001
2016-12-28,1.35,0.00014800000000000002
2016-12-29,1.3512,0.000889
2016-12-30,1.3524,0.000888
2016-12-31,1.3525,7.400000000000001e-05
2017-01-03,1.3536,0.000887
2017-01-04,1.3541,0.000369
2017-01-05,1.3543,0.00014800000000000002
2017-01-06,1.3545,0.00014800000000000002
2017-01-09,1.3551,0.000443
2017-01-10,1.3561,0.000738
2017-01-11,1.3568,0.000516
2017-01-12,1.3571,0.000221
2017-01-13,1.3572,7.400000000000001e-05
2017-01-16,1.3572,0.0
2017-01-17,1.3558,-0.001032
2017-01-18,1.3543,-0.001106
2017-01-19,1.3539,-0.00029499999999999996
2017-01-20,1.3549,0.000739
2017-01-23,1.3558,0.000664
2017-01-24,1.356,0.00014800000000000002
2017-01-25,1.3552,-0.0005899999999999999
2017-01-26,1.3551,-7.400000000000001e-05
2017-02-03,1.3543,-0.0005899999999999999
2017-02-06,1.3528,-0.001108
2017-02-07,1.3503,-0.0018479999999999998
2017-02-08,1.3499,-0.00029600000000000004
2017-02-09,1.3506,0.000519
2017-02-10,1.3512,0.000444
2017-02-13,1.3517,0.00037
2017-02-14,1.3519,0.00014800000000000002
2017-02-15,1.3519,0.0
2017-02-16,1.3521,0.00014800000000000002
2017-02-17,1.3525,0.00029600000000000004
2017-02-20,1.3532,0.000518
2017-02-21,1.3533,7.400000000000001e-05
2017-02-22,1.3533,0.0
2017-02-23,1.3535,0.00014800000000000002
2017-02-24,1.3539,0.00029600000000000004
2017-02-27,1.3544,0.000369
2017-02-28,1.3541,-0.000222
2017-03-01,1.354,-7.400000000000001e-05
2017-03-02,1.3539,-7.400000000000001e-05
2017-03-03,1.3538,-7.400000000000001e-05
2017-03-06,1.3537,-7.400000000000001e-05
2017-03-07,1.3532,-0.000369
2017-03-08,1.3527,-0.000369
2017-03-09,1.3522,-0.00037
2017-03-10,1.3516,-0.000444
2017-03-13,1.3514,-0.00014800000000000002
2017-03-14,1.3514,0.0
2017-03-15,1.3517,0.000222
2017-03-16,1.3524,0.000518
2017-03-17,1.3522,-0.00014800000000000002
2017-03-20,1.3521,-7.400000000000001e-05
2017-03-21,1.3513,-0.0005920000000000001
2017-03-22,1.3515,0.00014800000000000002
2017-03-23,1.3518,0.000222
2017-03-24,1.3527,0.000666
2017-03-27,1.3537,0.000739
2017-03-28,1.3543,0.000443
2017-03-29,1.3545,0.00014800000000000002
2017-03-30,1.3545,0.0
2017-03-31,1.3546,7.400000000000001e-05
2017-04-05,1.3555,0.000664
2017-04-06,1.3556,7.400000000000001e-05
2017-04-07,1.356,0.00029499999999999996
2017-04-10,1.3565,0.000369
2017-04-11,1.3566,7.400000000000001e-05
2017-04-12,1.3568,0.000147
2017-04-13,1.3567,-7.400000000000001e-05
2017-04-14,1.3561,-0.000442
2017-04-17,1.3553,-0.0005899999999999999
2017-04-18,1.3547,-0.000443
2017-04-19,1.3542,-0.000369
2017-04-20,1.3535,-0.000517
2017-04-21,1.3527,-0.0005909999999999999
2017-04-24,1.3519,-0.0005909999999999999
2017-04-25,1.3517,-0.00014800000000000002
2017-04-26,1.3522,0.00037
2017-04-27,1.3528,0.000444
2017-04-28,1.3529,7.400000000000001e-05
2017-05-02,1.3532,0.000222
2017-05-03,1.3524,-0.0005909999999999999
2017-05-04,1.352,-0.00029600000000000004
2017-05-05,1.3518,-0.00014800000000000002
2017-05-08,1.3515,-0.000222
2017-05-09,1.3517,0.00014800000000000002
2017-05-10,1.3514,-0.000222
2017-05-11,1.3512,-0.00014800000000000002
2017-05-12,1.3512,0.0
2017-05-15,1.352,0.0005920000000000001
2017-05-16,1.3526,0.000444
2017-05-17,1.3524,-0.00014800000000000002
2017-05-18,1.3539,0.001109
2017-05-19,1.3537,-0.00014800000000000002
2017-05-22,1.354,0.000222
2017-05-23,1.3539,-7.400000000000001e-05
2017-05-24,1.3541,0.00014800000000000002
2017-05-25,1.3546,0.000369
2017-05-26,1.3547,7.400000000000001e-05
2017-05-31,1.3556,0.000664
2017-06-01,1.3557,7.400000000000001e-05
2017-06-02,1.3559,0.00014800000000000002
2017-06-05,1.3565,0.000443
2017-06-06,1.3569,0.00029499999999999996
2017-06-07,1.3569,0.0
2017-06-08,1.3569,0.0
2017-06-09,1.3574,0.000368
2017-06-12,1.3582,0.000589
2017-06-13,1.3589,0.0005149999999999999
2017-06-14,1.3597,0.000589
2017-06-15,1.3603,0.000441
2017-06-16,1.361,0.0005149999999999999
2017-06-19,1.3627,0.001249
2017-06-20,1.3638,0.000807
2017-06-21,1.3643,0.00036700000000000003
2017-06-22,1.3643,0.0
2017-06-23,1.3645,0.000147
2017-06-26,1.3654,0.00066
2017-06-27,1.3663,0.000659
2017-06-28,1.3669,0.000439
2017-06-29,1.3674,0.000366
2017-06-30,1.3673,-7.3e-05
2017-07-03,1.3677,0.000293
2017-07-04,1.3678,7.3e-05
2017-07-05,1.368,0.000146
2017-07-06,1.3685,0.000365
2017-07-07,1.3689,0.000292
2017-07-10,1.3692,0.00021899999999999998
2017-07-11,1.3696,0.000292
2017-07-12,1.3699,0.00021899999999999998
2017-07-13,1.3701,0.000146
2017-07-14,1.3706,0.000365
2017-07-17,1.3715,0.0006569999999999999
2017-07-18,1.3711,-0.000292
2017-07-19,1.371,-7.3e-05
2017-07-20,1.3712,0.000146
2017-07-21,1.3711,-7.3e-05
2017-07-24,1.3716,0.000365
2017-07-25,1.3716,0.0
2017-07-26,1.3717,7.3e-05
2017-07-27,1.372,0.00021899999999999998
2017-07-28,1.3721,7.3e-05
2017-07-31,1.3724,0.00021899999999999998
2017-08-01,1.3726,0.000146
2017-08-02,1.3727,7.3e-05
2017-08-03,1.3725,-0.000146
2017-08-04,1.3728,0.00021899999999999998
2017-08-07,1.3728,0.0
2017-08-08,1.3728,0.0
2017-08-09,1.3724,-0.000291
2017-08-10,1.3725,7.3e-05
2017-08-11,1.3732,0.0005099999999999999
2017-08-14,1.3736,0.000291
2017-08-15,1.3738,0.000146
2017-08-16,1.3738,0.0
2017-08-17,1.3738,0.0
2017-08-18,1.3737,-7.3e-05
2017-08-21,1.3739,0.000146
2017-08-22,1.3738,-7.3e-05
2017-08-23,1.3736,-0.000146
2017-08-24,1.3731,-0.000364
2017-08-25,1.3731,0.0
2017-08-28,1.3732,7.3e-05
2017-08-29,1.3723,-0.000655
2017-08-30,1.3721,-0.000146
2017-08-31,1.3715,-0.00043700000000000005
2017-09-01,1.3721,0.00043700000000000005
2017-09-04,1.3724,0.00021899999999999998
2017-09-05,1.3725,7.3e-05
2017-09-06,1.3735,0.000729
2017-09-07,1.3736,7.3e-05
2017-09-08,1.3741,0.000364
2017-09-11,1.3744,0.00021799999999999999
2017-09-12,1.3749,0.000364
2017-09-13,1.3751,0.000145
2017-09-14,1.3756,0.000364
2017-09-15,1.3757,7.3e-05
2017-09-18,1.3762,0.000363
2017-09-19,1.3763,7.3e-05
2017-09-20,1.3763,0.0
2017-09-21,1.3763,0.0
2017-09-22,1.3766,0.00021799999999999999
2017-09-25,1.3769,0.00021799999999999999
2017-09-26,1.3768,-7.3e-05
2017-09-27,1.3761,-0.000508
2017-09-28,1.3766,0.000363
2017-09-29,1.3771,0.000363
2017-10-09,1.3781,0.000726
2017-10-10,1.3782,7.3e-05
2017-10-11,1.3784,0.000145
2017-10-12,1.3784,0.0
2017-10-13,1.3788,0.00029
2017-10-16,1.3785,-0.00021799999999999999
2017-10-17,1.3777,-0.00058
2017-10-18,1.3776,-7.3e-05
2017-10-19,1.3776,0.0
2017-10-20,1.378,0.00029
2017-10-23,1.3782,0.000145
2017-10-24,1.3781,-7.3e-05
2017-10-25,1.3775,-0.00043499999999999995
2017-10-26,1.3771,-0.00029
2017-10-27,1.3766,-0.000363
2017-10-30,1.3753,-0.000944
2017-10-31,1.3752,-7.3e-05
2017-11-01,1.3758,0.00043599999999999997
2017-11-02,1.3759,7.3e-05
2017-11-03,1.3758,-7.3e-05
2017-11-06,1.3762,0.000291
2017-11-07,1.3757,-0.000363
2017-11-08,1.3754,-0.00021799999999999999
2017-11-09,1.3754,0.0
2017-11-10,1.3752,-0.000145
2017-11-13,1.3746,-0.00043599999999999997
2017-11-14,1.3739,-0.000509
2017-11-15,1.3739,0.0
2017-11-16,1.3745,0.00043700000000000005
2017-11-17,1.3743,-0.000146
2017-11-20,1.3745,0.000146
2017-11-21,1.3743,-0.000146
2017-11-22,1.3735,-0.000582
2017-11-23,1.3728,-0.0005099999999999999
2017-11-24,1.3728,0.0
2017-11-27,1.373,0.000146
2017-11-28,1.3733,0.00021799999999999999
2017-11-29,1.3733,0.0
2017-11-30,1.373,-0.00021799999999999999
2017-12-01,1.3732,0.000146
2017-12-04,1.374,0.000583
2017-12-05,1.3742,0.000146
2017-12-06,1.3782,0.0029110000000000004
2017-12-07,1.3785,0.00021799999999999999
2017-12-08,1.3783,-0.000145
2017-12-11,1.3783,0.0
2017-12-12,1.3784,7.3e-05
2017-12-13,1.3784,0.0
2017-12-14,1.378,-0.00029
2017-12-15,1.3781,7.3e-05
2017-12-18,1.3792,0.000798
2017-12-19,1.379,-0.000145
2017-12-20,1.3787,-0.00021799999999999999
2017-12-21,1.3785,-0.000145
2017-12-22,1.3783,-0.000145
2017-12-25,1.3687,0.00029
2017-12-26,1.3689,0.000146
2017-12-27,1.3684,-0.000365
2017-12-28,1.3688,0.000292
2017-12-29,1.3702,0.001023
2017-12-31,1.3704,0.0
2018-01-02,1.371,0.000584
2018-01-03,1.3718,0.000584
2018-01-04,1.372,0.000146
2018-01-05,1.3724,0.000292
2018-01-08,1.3732,0.000583
2018-01-09,1.3733,7.3e-05
2018-01-10,1.3726,-0.0005099999999999999
2018-01-11,1.3715,-0.0008010000000000001
2018-01-12,1.3714,-7.3e-05
2018-01-15,1.3717,0.00021899999999999998
2018-01-16,1.3719,0.000146
2018-01-17,1.372,7.3e-05
2018-01-18,1.3716,-0.000292
2018-01-19,1.3716,0.0
2018-01-22,1.3726,0.000729
2018-01-23,1.3731,0.000364
2018-01-24,1.3746,0.001092
2018-01-25,1.375,0.000291
2018-01-26,1.3755,0.000364
2018-01-29,1.3751,-0.000291
2018-01-30,1.3752,7.3e-05
2018-01-31,1.3754,0.000145
2018-02-01,1.3758,0.000291
2018-02-02,1.3763,0.000363
2018-02-05,1.3772,0.000654
2018-02-06,1.3751,-0.0015249999999999999
2018-02-07,1.3758,0.000509
2018-02-08,1.3761,0.00021799999999999999
2018-02-09,1.3766,0.000363
2018-02-12,1.3776,0.000726
2018-02-13,1.3774,-0.000145
2018-02-14,1.3779,0.000363
2018-02-22,1.3797,0.0013059999999999999
2018-02-23,1.3803,0.00043499999999999995
2018-02-26,1.3818,0.001087
2018-02-27,1.3818,0.0
2018-02-28,1.3817,-7.2e-05
2018-03-01,1.3827,0.000724
2018-03-02,1.3825,-0.000145
2018-03-05,1.3824,-7.2e-05
2018-03-06,1.3833,0.0006510000000000001
2018-03-07,1.3839,0.00043400000000000003
2018-03-08,1.3837,-0.000145
2018-03-09,1.3846,0.00065
2018-03-12,1.3853,0.0005059999999999999
2018-03-13,1.385,-0.00021700000000000002
2018-03-14,1.3848,-0.000144
2018-03-15,1.3847,-7.2e-05
2018-03-16,1.385,0.00021700000000000002
2018-03-19,1.3853,0.00021700000000000002
2018-03-20,1.3855,0.000144
2018-03-21,1.386,0.000361
2018-03-22,1.3866,0.000433
2018-03-23,1.388,0.00101
2018-03-26,1.3887,0.000504
2018-03-27,1.3886,-7.2e-05
2018-03-28,1.3886,0.0
2018-03-29,1.3887,7.2e-05
2018-03-30,1.3889,0.000144
2018-04-02,1.3896,0.000504
2018-04-03,1.3905,0.0006479999999999999
2018-04-04,1.3918,0.000935
2018-04-09,1.3944,0.0018679999999999999
2018-04-10,1.3951,0.0005020000000000001
2018-04-11,1.3953,0.000143
2018-04-12,1.3956,0.000215
2018-04-13,1.3959,0.000215
2018-04-16,1.396,7.2e-05
2018-04-17,1.3968,0.0005729999999999999
2018-04-18,1.403,0.004439
2018-04-19,1.4035,0.000356
2018-04-20,1.4032,-0.000214
2018-04-23,1.402,-0.0008550000000000001
2018-04-24,1.4023,0.000214
2018-04-25,1.4017,-0.000428
2018-04-26,1.4014,-0.000214
2018-04-27,1.4009,-0.000357
2018-05-02,1.4007,-0.000143
2018-05-03,1.4014,0.0005
2018-05-04,1.4017,0.000214
2018-05-07,1.4018,7.1e-05
2018-05-08,1.4021,0.000214
2018-05-09,1.4013,-0.000571
2018-05-10,1.4014,7.1e-05
2018-05-11,1.4005,-0.0006419999999999999
2018-05-14,1.3997,-0.000571
2018-05-15,1.3991,-0.000429
2018-05-16,1.3982,-0.0006429999999999999
2018-05-17,1.3984,0.000143
2018-05-18,1.3988,0.000286
2018-05-21,1.3995,0.0005
2018-05-22,1.399,-0.000357
2018-05-23,1.399,0.0
2018-05-24,1.3993,0.000214
2018-05-25,1.4008,0.001072
2018-05-28,1.4013,0.000357
2018-05-29,1.4013,0.0
2018-05-30,1.4017,0.000285
2018-05-31,1.4015,-0.000143
2018-06-01,1.4018,0.000214
2018-06-04,1.4015,-0.000214
2018-06-05,1.4015,0.0
2018-06-06,1.4017,0.000143
2018-06-07,1.4014,-0.000214
2018-06-08,1.4011,-0.000214
2018-06-11,1.4005,-0.000428
2018-06-12,1.4005,0.0
2018-06-13,1.4003,-0.000143
2018-06-14,1.4003,0.0
2018-06-15,1.4013,0.000714
2018-06-19,1.4016,0.000214
2018-06-20,1.4031,0.00107
2018-06-21,1.4034,0.000214
2018-06-22,1.404,0.000428
2018-06-25,1.4055,0.0010680000000000002
2018-06-26,1.4061,0.000427
2018-06-27,1.4064,0.000213
2018-06-28,1.4071,0.000498
2018-06-29,1.4088,0.001208
2018-06-30,1.4089,0.0
2018-07-02,1.4096,0.000568
2018-07-03,1.4114,0.0012770000000000001
2018-07-04,1.4124,0.000709
2018-07-05,1.4138,0.000991
2018-07-06,1.4152,0.00099
2018-07-09,1.416,0.000565
2018-07-10,1.4161,7.1e-05
2018-07-11,1.4164,0.000212
2018-07-12,1.4168,0.00028199999999999997
2018-07-13,1.4169,7.1e-05
2018-07-16,1.4176,0.000494
2018-07-17,1.418,0.00028199999999999997
2018-07-18,1.419,0.0007049999999999999
2018-07-19,1.4197,0.000493
2018-07-20,1.4216,0.001338
2018-07-23,1.4233,0.001196
2018-07-24,1.4242,0.0006320000000000001
2018-07-25,1.4251,0.0006320000000000001
2018-07-26,1.4258,0.000491
2018-07-27,1.427,0.000842
2018-07-30,1.4292,0.001542
2018-07-31,1.4315,0.001609
2018-08-01,1.4328,0.0009080000000000001
2018-08-02,1.4342,0.000977
2018-08-03,1.4366,0.001673
2018-08-06,1.4374,0.000557
2018-08-07,1.4391,0.001183
2018-08-08,1.4387,-0.000278
2018-08-09,1.4372,-0.001043
2018-08-10,1.4352,-0.001392
2018-08-13,1.4335,-0.0011849999999999999
2018-08-14,1.4336,7.000000000000001e-05
2018-08-15,1.4337,7.000000000000001e-05
2018-08-16,1.4333,-0.000279
2018-08-17,1.4317,-0.001116
2018-08-20,1.4303,-0.000978
2018-08-21,1.4299,-0.00028000000000000003
2018-08-22,1.4302,0.00021
2018-08-23,1.4329,0.001888
2018-08-24,1.4332,0.00020899999999999998
2018-08-27,1.4332,0.0
2018-08-28,1.4339,0.00048800000000000004
2018-08-29,1.433,-0.000628
2018-08-30,1.4328,-0.00014000000000000001
2018-08-31,1.4346,0.001256
2018-09-03,1.4346,0.0
2018-09-04,1.4349,0.00020899999999999998
2018-09-05,1.4351,0.000139
2018-09-06,1.4351,0.0
2018-09-07,1.4353,0.000139
2018-09-10,1.4353,0.0
2018-09-11,1.4348,-0.000348
2018-09-12,1.4344,-0.000279
2018-09-13,1.4348,0.000279
2018-09-14,1.4353,0.000348
2018-09-17,1.4359,0.00041799999999999997
2018-09-18,1.4361,0.000139
2018-09-19,1.4361,0.0
2018-09-20,1.4361,0.0
2018-09-21,1.4369,0.000557
2018-09-25,1.437,7.000000000000001e-05
2018-09-26,1.4371,7.000000000000001e-05
2018-09-27,1.4374,0.00020899999999999998
2018-09-28,1.4388,0.000974
2018-10-08,1.4397,0.000626
2018-10-09,1.4401,0.000278
2018-10-10,1.4407,0.000417
2018-10-11,1.4428,0.001458
2018-10-12,1.4434,0.000416
2018-10-15,1.444,0.000416
2018-10-16,1.4444,0.000277
2018-10-17,1.4446,0.000138
2018-10-18,1.4451,0.000346
2018-10-19,1.4449,-0.000138
2018-10-22,1.4448,-6.9e-05
2018-10-23,1.445,0.000138
2018-10-24,1.4453,0.000208
2018-10-25,1.4458,0.000346
2018-10-26,1.446,0.000138
2018-10-29,1.4471,0.000761
2018-10-30,1.4473,0.000138
2018-10-31,1.3823,0.0
2018-11-01,1.3828,0.000362
2018-11-02,1.3813,-0.001085
2018-11-05,1.3819,0.00043400000000000003
2018-11-06,1.3828,0.0006510000000000001
2018-11-07,1.3836,0.000579
2018-11-08,1.3836,0.0
2018-11-09,1.3837,7.2e-05
2018-11-12,1.3839,0.000145
2018-11-13,1.3845,0.00043400000000000003
2018-11-14,1.3871,0.001878
2018-11-15,1.3885,0.0010090000000000001
2018-11-16,1.391,0.001801
2018-11-19,1.3911,7.2e-05
2018-11-20,1.3914,0.00021600000000000002
2018-11-21,1.3918,0.000287
2018-11-22,1.3908,-0.000718
2018-11-23,1.3907,-7.2e-05
2018-11-26,1.3906,-7.2e-05
2018-11-27,1.391,0.000288
2018-11-28,1.3236,0.000431
2018-11-29,1.325,0.0010580000000000001
2018-11-30,1.3252,0.000151
2018-12-03,1.3259,0.000528
2018-12-04,1.3281,0.0016589999999999999
2018-12-05,1.3289,0.000602
2018-12-06,1.3297,0.000602
2018-12-07,1.33,0.000226
2018-12-10,1.3318,0.001353
2018-12-11,1.3317,-7.5e-05
2018-12-12,1.3322,0.000375
2018-12-13,1.3292,-0.002252
2018-12-14,1.3288,-0.000301
2018-12-17,1.3282,-0.000452
2018-12-18,1.3283,7.5e-05
2018-12-19,1.3291,0.000602
2018-12-20,1.3302,0.000828
2018-12-21,1.33,-0.00015
2018-12-24,1.2651,7.5e-05
2018-12-25,1.2657,0.000474
2018-12-26,1.2659,0.00015800000000000002
2018-12-27,1.2666,0.000553
2018-12-28,1.2683,0.001342
2018-12-31,1.2687,0.0
2019-01-02,1.2702,0.001498
2019-01-03,1.2712,0.000787
2019-01-04,1.2716,0.000315
2019-01-07,1.2727,0.0008649999999999999
2019-01-08,1.274,0.001021
2019-01-09,1.2741,7.8e-05
2019-01-10,1.2739,-0.000157
2019-01-11,1.2738,-7.8e-05
2019-01-14,1.2736,-0.000157
2019-01-15,1.2737,7.900000000000001e-05
2019-01-16,1.2745,0.000628
2019-01-17,1.2747,0.000157
2019-01-18,1.2746,-7.8e-05
2019-01-21,1.2745,-7.8e-05
2019-01-22,1.2745,0.0
2019-01-23,1.2744,-7.8e-05
2019-01-24,1.2746,0.000157
2019-01-25,1.2746,0.0
2019-01-28,1.2747,7.8e-05
2019-01-29,1.275,0.000235
2019-01-30,1.2755,0.000392
2019-01-31,1.2759,0.000314
2019-02-01,1.2762,0.000235
2019-02-11,1.2773,0.000862
2019-02-12,1.2778,0.000391
2019-02-13,1.278,0.000157
2019-02-14,1.2784,0.000313
2019-02-15,1.2783,-7.8e-05
2019-02-18,1.2793,0.000782
2019-02-19,1.2786,-0.000547
2019-02-20,1.2787,7.8e-05
2019-02-21,1.2788,7.8e-05
2019-02-22,1.2795,0.000547
2019-02-25,1.2822,0.00211
2019-02-26,1.2799,-0.001794
2019-02-27,1.2795,-0.000313
2019-02-28,1.2793,-0.000156
2019-03-01,1.2797,0.000313
2019-03-04,1.2808,0.00086
2019-03-05,1.2819,0.0008590000000000001
2019-03-06,1.2829,0.00078
2019-03-07,1.2831,0.000156
2019-03-08,1.2836,0.00039
2019-03-11,1.2844,0.000623
2019-03-12,1.2845,7.8e-05
2019-03-13,1.2842,-0.000234
2019-03-14,1.284,-0.000156
2019-03-15,1.2838,-0.000156
2019-03-18,1.2842,0.000312
2019-03-19,1.2844,0.000156
2019-03-20,1.284,-0.00031099999999999997
2019-03-21,1.2845,0.00038899999999999997
2019-03-22,1.285,0.00038899999999999997
2019-03-25,1.2858,0.000623
2019-03-26,1.2854,-0.00031099999999999997
2019-03-27,1.2858,0.00031099999999999997
2019-03-28,1.2861,0.00023300000000000003
2019-03-29,1.2872,0.0008550000000000001
2019-04-01,1.2874,0.000155
2019-04-02,1.2869,-0.000388
2019-04-03,1.2864,-0.00038899999999999997
2019-04-04,1.2861,-0.00023300000000000003
2019-04-08,1.2852,-0.0007000000000000001
2019-04-09,1.2843,-0.0007000000000000001
2019-04-10,1.2828,-0.001168
2019-04-11,1.2822,-0.000468
2019-04-12,1.2828,0.000468
2019-04-15,1.2811,-0.001325
2019-04-16,1.2803,-0.000624
2019-04-17,1.2806,0.000234
2019-04-18,1.281,0.000312
2019-04-19,1.282,0.000781
2019-04-22,1.2815,-0.00039
2019-04-23,1.2805,-0.00078
2019-04-24,1.2801,-0.000312
2019-04-25,1.2796,-0.000391
2019-04-26,1.2796,0.0
2019-04-29,1.2793,-0.000234
2019-04-30,1.2799,0.00046899999999999996
2019-05-06,1.2809,0.000781
2019-05-07,1.2815,0.000468
2019-05-08,1.2821,0.000468
2019-05-09,1.283,0.0007019999999999999
2019-05-10,1.2836,0.000468
2019-05-13,1.284,0.000312
2019-05-14,1.2848,0.000623
2019-05-15,1.2856,0.000623
2019-05-16,1.286,0.00031099999999999997
2019-05-17,1.2854,-0.00046699999999999997
2019-05-20,1.2854,0.0
2019-05-21,1.2853,-7.8e-05
2019-05-22,1.2851,-0.000156
2019-05-23,1.2848,-0.00023300000000000003
2019-05-24,1.2848,0.0
2019-05-27,1.2845,-0.00023300000000000003
2019-05-28,1.2839,-0.00046699999999999997
2019-05-29,1.2843,0.000312
2019-05-30,1.2846,0.000234
2019-05-31,1.2849,0.000234
2019-06-03,1.2853,0.00031099999999999997
2019-06-04,1.2854,7.8e-05
2019-06-05,1.2854,0.0
2019-06-06,1.2852,-0.000156
2019-06-10,1.2856,0.00031099999999999997
2019-06-11,1.2857,7.8e-05
2019-06-12,1.2856,-7.8e-05
2019-06-13,1.2857,7.8e-05
2019-06-14,1.2854,-0.00023300000000000003
2019-06-17,1.2856,0.000156
2019-06-18,1.286,0.00031099999999999997
2019-06-19,1.2863,0.00023300000000000003
2019-06-20,1.2875,0.0009329999999999999
2019-06-21,1.2883,0.000621
2019-06-24,1.289,0.000543
2019-06-25,1.2896,0.00046499999999999997
2019-06-26,1.2897,7.8e-05
2019-06-27,1.29,0.00023300000000000003
2019-06-28,1.2899,-7.8e-05
2019-06-30,1.29,0.0
2019-07-01,1.291,0.000853
2019-07-02,1.2919,0.000697
2019-07-03,1.2928,0.000697
2019-07-04,1.2934,0.00046399999999999995
2019-07-05,1.2933,-7.7e-05
2019-07-08,1.2929,-0.00030900000000000003
2019-07-09,1.2933,0.00030900000000000003
2019-07-10,1.2933,0.0
2019-07-11,1.2936,0.00023199999999999997
2019-07-12,1.2941,0.000387
2019-07-15,1.2943,0.000155
2019-07-16,1.2944,7.7e-05
2019-07-17,1.2944,0.0
2019-07-18,1.2948,0.00030900000000000003
2019-07-19,1.2951,0.00023199999999999997
2019-07-22,1.2954,0.00023199999999999997
2019-07-23,1.296,0.00046300000000000003
2019-07-24,1.2958,-0.000154
2019-07-25,1.2963,0.000386
2019-07-26,1.2969,0.00046300000000000003
2019-07-29,1.2969,0.0
2019-07-30,1.2976,0.00054
2019-07-31,1.2985,0.0006940000000000001
2019-08-01,1.2989,0.000308
2019-08-02,1.3001,0.0009239999999999999
2019-08-05,1.3012,0.000846
2019-08-06,1.3013,7.7e-05
2019-08-07,1.302,0.000538
2019-08-08,1.3029,0.000691
2019-08-09,1.3035,0.00046100000000000004
2019-08-12,1.3047,0.000921
2019-08-13,1.3055,0.000613
2019-08-14,1.3058,0.00023
2019-08-15,1.3066,0.000613
2019-08-16,1.3074,0.000612
2019-08-19,1.3095,0.001606
2019-08-20,1.3092,-0.000229
2019-08-21,1.3094,0.000153
2019-08-22,1.3094,0.0
2019-08-23,1.3093,-7.6e-05
2019-08-26,1.3091,-0.000153
2019-08-27,1.3099,0.000611
2019-08-28,1.3103,0.000305
2019-08-29,1.3095,-0.000611
2019-08-30,1.3087,-0.000611
2019-09-02,1.3089,0.000153
2019-09-03,1.3093,0.000306
2019-09-04,1.3099,0.000458
2019-09-05,1.3119,0.001527
2019-09-06,1.3126,0.0005340000000000001
2019-09-09,1.3147,0.0016
2019-09-10,1.3145,-0.000152
2019-09-11,1.3141,-0.000304
2019-09-12,1.3135,-0.000457
2019-09-16,1.3132,-0.000228
2019-09-17,1.3122,-0.000761
2019-09-18,1.3118,-0.000305
2019-09-19,1.3119,7.6e-05
2019-09-20,1.312,7.6e-05
2019-09-23,1.312,0.0
2019-09-24,1.3115,-0.00038100000000000005
2019-09-25,1.3112,-0.000229
2019-09-26,1.311,-0.000153
2019-09-27,1.311,0.0
2019-09-30,1.3116,0.000458
2019-10-08,1.3128,0.000915
2019-10-09,1.3131,0.000229
2019-10-10,1.3132,7.6e-05
2019-10-11,1.3132,0.0
2019-10-14,1.3136,0.000305
2019-10-15,1.3131,-0.00038100000000000005
2019-10-16,1.3128,-0.000228
2019-10-17,1.313,0.000152
2019-10-18,1.3127,-0.000228
2019-10-21,1.3122,-0.00038100000000000005
2019-10-22,1.3119,-0.000229
2019-10-23,1.3118,-7.6e-05
2019-10-24,1.3116,-0.000152
2019-10-25,1.3115,-7.6e-05
2019-10-28,1.3112,-0.000229
2019-10-29,1.3106,-0.000458
2019-10-30,1.3099,-0.0005340000000000001
2019-10-31,1.3094,-0.00038199999999999996
2019-11-01,1.3095,7.6e-05
2019-11-04,1.3095,0.0
2019-11-05,1.3098,0.000229
2019-11-06,1.3104,0.000458
2019-11-07,1.3102,-0.000153
2019-11-08,1.3105,0.000229
2019-11-11,1.3109,0.000305
2019-11-12,1.3111,0.000153
2019-11-13,1.3114,0.000229
2019-11-14,1.3115,7.6e-05
2019-11-15,1.3117,0.000152
2019-11-18,1.3126,0.000686
2019-11-19,1.313,0.000305
2019-11-20,1.3132,0.000152
2019-11-21,1.3137,0.00038100000000000005
2019-11-22,1.3139,0.000152
2019-11-25,1.314,7.6e-05
2019-11-26,1.3141,7.6e-05
2019-11-27,1.3143,0.000152
2019-11-28,1.2525,0.000152
2019-11-29,1.2528,0.00024
2019-12-02,1.2529,8e-05
2019-12-03,1.2528,-8e-05
2019-12-04,1.2531,0.000239
2019-12-05,1.2532,8e-05
2019-12-06,1.253,-0.00016
2019-12-09,1.2532,0.00016
2019-12-10,1.2534,0.00016
2019-12-11,1.2536,0.00016
2019-12-12,1.254,0.000319
2019-12-13,1.2539,-8e-05
2019-12-16,1.2541,0.00016
2019-12-17,1.2538,-0.000239
2019-12-18,1.2538,0.0
2019-12-19,1.254,0.00016
2019-12-20,1.2543,0.000239
2019-12-23,1.255,0.000558
2019-12-24,1.2552,0.00015900000000000002
2019-12-25,1.2559,0.000558
2019-12-26,1.2566,0.000557
2019-12-27,1.2571,0.000398
2019-12-30,1.2575,0.00031800000000000003
2019-12-31,1.2578,0.000239
2020-01-02,1.258,0.00015900000000000002
2020-01-03,1.2583,0.000238
2020-01-06,1.2595,0.000954
2020-01-07,1.2596,7.900000000000001e-05
2020-01-08,1.2599,0.000238
2020-01-09,1.2606,0.000556
2020-01-10,1.2612,0.000476
2020-01-13,1.2616,0.000317
2020-01-14,1.2615,-7.900000000000001e-05
2020-01-15,1.2613,-0.00015900000000000002
2020-01-16,1.2618,0.00039600000000000003
2020-01-17,1.2621,0.000238
2020-01-20,1.2626,0.00039600000000000003
2020-01-21,1.2634,0.000634
2020-01-22,1.2638,0.000317
2020-01-23,1.2643,0.00039600000000000003
2020-02-03,1.2694,0.004033999999999999
2020-02-04,1.2686,-0.00063
2020-02-05,1.2685,-7.900000000000001e-05
2020-02-06,1.2694,0.000709
2020-02-07,1.2706,0.000945
2020-02-10,1.2712,0.000472
2020-02-11,1.271,-0.000157
2020-02-12,1.2724,0.001101
2020-02-13,1.2727,0.000236
2020-02-14,1.2737,0.000786
2020-02-17,1.2747,0.000785
2020-02-18,1.2767,0.001569
2020-02-19,1.2765,-0.000157
2020-02-20,1.2782,0.001332
2020-02-21,1.2801,0.0014860000000000001
2020-02-24,1.2825,0.001875
2020-02-25,1.2831,0.000468
2020-02-26,1.2819,-0.000935
2020-02-27,1.2822,0.000234
2020-02-28,1.2826,0.000312
2020-03-02,1.2827,7.8e-05
2020-03-03,1.2829,0.000156
2020-03-04,1.2835,0.000468
2020-03-05,1.2838,0.000234
2020-03-06,1.285,0.000935
2020-03-09,1.2864,0.001089
2020-03-10,1.2857,-0.000544
2020-03-11,1.2856,-7.8e-05
2020-03-12,1.285,-0.00046699999999999997
2020-03-13,1.2841,-0.0007000000000000001
2020-03-16,1.2842,7.8e-05
2020-03-17,1.2833,-0.0007009999999999999
2020-03-18,1.283,-0.000234
2020-03-19,1.2826,-0.000312
2020-03-20,1.2834,0.000624
2020-03-23,1.2839,0.00039
2020-03-24,1.2852,0.001013
2020-03-25,1.2868,0.001245
2020-03-26,1.2874,0.00046600000000000005
2020-03-27,1.2874,0.0
2020-03-30,1.2869,-0.000388
2020-03-31,1.2871,0.000155
2020-04-01,1.2877,0.00046600000000000005
2020-04-02,1.2884,0.000544
2020-04-03,1.2879,-0.000388
2020-04-07,1.2918,0.0030280000000000003
2020-04-08,1.2934,0.0012389999999999999
2020-04-09,1.2943,0.000696
2020-04-10,1.2942,-7.7e-05
2020-04-13,1.2933,-0.0006950000000000001
2020-04-14,1.2935,0.000155
2020-04-15,1.2943,0.0006180000000000001
2020-04-16,1.295,0.000541
2020-04-17,1.296,0.000772
2020-04-20,1.2969,0.0006940000000000001
2020-04-21,1.2962,-0.00054
2020-04-22,1.2967,0.000386
2020-04-23,1.2978,0.000848
2020-04-24,1.2977,-7.7e-05
2020-04-27,1.2974,-0.00023099999999999998
2020-04-28,1.2969,-0.000385
2020-04-29,1.2972,0.00023099999999999998
2020-04-30,1.2984,0.000925
2020-05-06,1.2996,0.0009239999999999999
2020-05-07,1.2982,-0.001077
2020-05-08,1.2981,-7.7e-05
2020-05-11,1.2976,-0.000385
2020-05-12,1.2967,-0.0006940000000000001
2020-05-13,1.2963,-0.000308
2020-05-14,1.2958,-0.000386
2020-05-15,1.295,-0.0006169999999999999
2020-05-18,1.2945,-0.000386
2020-05-19,1.294,-0.000386
2020-05-20,1.2937,-0.00023199999999999997
2020-05-21,1.2937,0.0
2020-05-22,1.2938,7.7e-05
2020-05-25,1.2935,-0.00023199999999999997
2020-05-26,1.2934,-7.7e-05
2020-05-27,1.293,-0.00030900000000000003
2020-05-28,1.2927,-0.00023199999999999997
2020-05-29,1.293,0.00023199999999999997
2020-06-01,1.294,0.0007729999999999999
2020-06-02,1.2938,-0.000155
2020-06-03,1.2928,-0.0007729999999999999
2020-06-04,1.2917,-0.000851
2020-06-05,1.2895,-0.001703
2020-06-08,1.2887,-0.00062
2020-06-09,1.2889,0.000155
2020-06-10,1.2894,0.000388
2020-06-11,1.2904,0.000776
2020-06-12,1.2911,0.000542
2020-06-15,1.2915,0.00031
2020-06-16,1.291,-0.000387
2020-06-17,1.2903,-0.000542
2020-06-18,1.2907,0.00031
2020-06-19,1.2901,-0.00046499999999999997
2020-06-22,1.2898,-0.00023300000000000003
2020-06-23,1.2879,-0.001473
2020-06-24,1.289,0.000854
2020-06-29,1.2893,0.00023300000000000003
2020-06-30,1.2896,0.00023300000000000003
2020-07-01,1.2897,7.8e-05
2020-07-02,1.2912,0.001163
2020-07-03,1.2937,0.001936
2020-07-06,1.2969,0.002474
2020-07-07,1.2966,-0.00023099999999999998
2020-07-08,1.297,0.000308
2020-07-09,1.2971,7.7e-05
2020-07-10,1.2958,-0.001002
2020-07-13,1.2966,0.0006169999999999999
2020-07-14,1.2942,-0.0018509999999999998
2020-07-15,1.2944,0.000155
2020-07-16,1.2949,0.000386
2020-07-17,1.2955,0.00046300000000000003
2020-07-20,1.2964,0.0006950000000000001
2020-07-21,1.2982,0.0013880000000000001
2020-07-22,1.2995,0.001001
2020-07-23,1.2995,0.0
2020-07-24,1.299,-0.000385
2020-07-27,1.2999,0.000693
2020-07-28,1.2996,-0.00023099999999999998
2020-07-29,1.2985,-0.000846
2020-07-30,1.2976,-0.000693
2020-07-31,1.2975,-7.7e-05
2020-08-03,1.3005,0.002312
2020-08-04,1.3001,-0.000308
2020-08-05,1.3001,0.0
2020-08-06,1.3012,0.000846
2020-08-07,1.3002,-0.0007689999999999999
2020-08-10,1.3018,0.001231
2020-08-11,1.3011,-0.000538
2020-08-12,1.3002,-0.000692
2020-08-13,1.3006,0.000308
2020-08-14,1.3013,0.000538
2020-08-17,1.3035,0.001691
2020-08-18,1.3049,0.0010739999999999999
2020-08-19,1.3041,-0.000613
2020-08-20,1.3026,-0.00115
2020-08-21,1.3022,-0.00030700000000000004
2020-08-24,1.3018,-0.0003
2020-08-25,1.3009,-0.0007000000000000001
2020-08-26,1.2988,-0.0016
2020-08-27,1.2984,-0.0003
2020-08-28,1.2984,0.0
2020-08-31,1.299,0.0005
2020-09-01,1.2994,0.0003
2020-09-02,1.2993,-0.0001
2020-09-03,1.2983,-0.0008
2020-09-04,1.2978,-0.0004
2020-09-07,1.2967,-0.0008
2020-09-08,1.2976,0.0007000000000000001
2020-09-09,1.297,-0.0005
2020-09-10,1.2968,-0.0002
2020-09-11,1.2973,0.0004
2020-09-14,1.2975,0.0002
2020-09-15,1.2977,0.0002
2020-09-16,1.2978,0.0001
2020-09-17,1.2977,-0.0001
2020-09-18,1.2976,-0.0001
2020-09-21,1.2982,0.0005
2020-09-22,1.2983,0.0001
2020-09-23,1.2983,0.0
2020-09-24,1.2978,-0.0004
2020-09-25,1.2979,0.0001
2020-09-28,1.2981,0.0002
2020-09-29,1.2985,0.0003
2020-09-30,1.2986,0.0001
2020-10-09,1.2991,0.0004
2020-10-12,1.2999,0.0006
2020-10-13,1.3001,0.0002
2020-10-14,1.2997,-0.0003
2020-10-15,1.3004,0.0005
2020-10-16,1.3008,0.0003
2020-10-19,1.3012,0.0003
2020-10-20,1.3011,-0.0001
2020-10-21,1.3014,0.0002
2020-10-22,1.3019,0.0004
2020-10-23,1.3024,0.0004
2020-10-26,1.3025,0.0001
2020-10-27,1.3028,0.0002
2020-10-28,1.3029,0.0001
2020-10-29,1.3029,0.0
2020-10-30,1.3029,0.0
2020-11-02,1.3032,0.0002
2020-11-03,1.3035,0.0002
2020-11-04,1.3036,0.0001
2020-11-05,1.3044,0.0006
2020-11-06,1.3042,-0.0002
2020-11-09,1.3045,0.0002
2020-11-10,1.3039,-0.0005
2020-11-11,1.304,0.0001
2020-11-12,1.3029,-0.0008
2020-11-13,1.3012,-0.0013
2020-11-16,1.3007,-0.0004
2020-11-17,1.3002,-0.0004
2020-11-18,1.2997,-0.0004
2020-11-19,1.299,-0.0005
2020-11-20,1.2975,-0.0012
2020-11-23,1.2985,0.0008
2020-11-24,1.2991,0.0005
2020-11-25,1.2999,0.0006
2020-11-26,1.3002,0.0002
2020-11-27,1.3005,0.0002
2020-11-30,1.3017,0.0009
2020-12-01,1.2396,0.0007000000000000001
2020-12-02,1.2395,-0.0001
2020-12-03,1.2391,-0.0003
2020-12-04,1.2392,0.0001
2020-12-07,1.2394,0.0002
2020-12-08,1.2398,0.0003
2020-12-09,1.2402,0.0003
2020-12-10,1.2406,0.0003
2020-12-11,1.2402,-0.0003
2020-12-14,1.2403,0.0001
2020-12-15,1.2382,-0.0017000000000000001
2020-12-16,1.2389,0.0006
2020-12-17,1.2392,0.0002
2020-12-18,1.2394,0.0002
2020-12-21,1.2404,0.0008
2020-12-22,1.2416,0.001
2020-12-23,1.2426,0.0008
2020-12-24,1.243,0.0003
2020-12-25,1.2437,0.0006
2020-12-28,1.2444,0.0006
2020-12-29,1.2449,0.0004
2020-12-30,1.2457,0.0006
2020-12-31,1.246,0.0002
2021-01-04,1.2463,0.0002
2021-01-05,1.2471,0.0006
2021-01-06,1.2471,0.0
2021-01-07,1.2473,0.0002
2021-01-08,1.2477,0.0003
2021-01-11,1.2478,0.0001
2021-01-12,1.248,0.0002
2021-01-13,1.2485,0.0004
2021-01-14,1.249,0.0004
2021-01-15,1.2485,-0.0004
2021-01-18,1.248,-0.0004
2021-01-19,1.2475,-0.0004
2021-01-20,1.2476,0.0001
2021-01-21,1.2481,0.0004
2021-01-22,1.2478,-0.0002
2021-01-25,1.2475,-0.0002
2021-01-26,1.246,-0.0012
2021-01-27,1.2456,-0.0003
2021-01-28,1.2438,-0.0014000000000000002
2021-01-29,1.243,-0.0006
2021-02-01,1.2436,0.0005
2021-02-02,1.244,0.0003
2021-02-03,1.2441,0.0001
2021-02-04,1.2437,-0.0003
2021-02-05,1.2432,-0.0004
2021-02-08,1.243,-0.0002
2021-02-09,1.2434,0.0003
2021-02-10,1.2436,0.0002
2021-02-18,1.2435,-0.0001
2021-02-19,1.2442,0.0006
2021-02-22,1.2447,0.0004
2021-02-23,1.2442,-0.0004
2021-02-24,1.2447,0.0004
2021-02-25,1.2449,0.0002
2021-02-26,1.245,0.0001
2021-03-01,1.2457,0.0006
2021-03-02,1.2463,0.0005
2021-03-03,1.247,0.0006
2021-03-04,1.2469,-0.0001
2021-03-05,1.2477,0.0006
2021-03-08,1.2482,0.0004
2021-03-09,1.2475,-0.0006
2021-03-10,1.2477,0.0002
2021-03-11,1.248,0.0002
2021-03-12,1.2487,0.0006
2021-03-15,1.2495,0.0006
2021-03-16,1.2502,0.0006
2021-03-17,1.2503,0.0001
2021-03-18,1.2505,0.0002
2021-03-19,1.2509,0.0003
2021-03-22,1.2527,0.0014000000000000002
2021-03-23,1.2524,-0.0002
2021-03-24,1.2524,0.0
2021-03-25,1.254,0.0013
2021-03-26,1.254,0.0
2021-03-29,1.2543,0.0002
2021-03-30,1.2547,0.0003
2021-03-31,1.2549,0.0002
2021-04-01,1.256,0.0009
2021-04-02,1.2575,0.0012
2021-04-06,1.2582,0.0006
2021-04-07,1.2576,-0.0005
2021-04-08,1.2573,-0.0002
2021-04-09,1.2575,0.0002
2021-04-12,1.258,0.0004
2021-04-13,1.2588,0.0006
2021-04-14,1.2594,0.0005
2021-04-15,1.2592,-0.0002
2021-04-16,1.2598,0.0005
2021-04-19,1.2607,0.0007000000000000001
2021-04-20,1.2615,0.0006
2021-04-21,1.2615,0.0
2021-04-22,1.2616,0.0001
2021-04-23,1.2612,-0.0003
2021-04-26,1.2605,-0.0006
2021-04-27,1.26,-0.0004
2021-04-28,1.2598,-0.0002
2021-04-29,1.2602,0.0003
2021-04-30,1.2602,0.0
2021-05-06,1.2611,0.0007000000000000001
2021-05-07,1.2603,-0.0006
2021-05-10,1.2612,0.0007000000000000001
2021-05-11,1.2618,0.0005
2021-05-12,1.2626,0.0006
2021-05-13,1.2628,0.0002
2021-05-14,1.2638,0.0008
2021-05-17,1.2644,0.0005
2021-05-18,1.2649,0.0004
2021-05-19,1.2661,0.0009
2021-05-20,1.267,0.0007000000000000001
2021-05-21,1.2677,0.0006
2021-05-24,1.2695,0.0014000000000000002
2021-05-25,1.2702,0.0006
2021-05-26,1.2714,0.0009
2021-05-27,1.2729,0.0012
2021-05-28,1.274,0.0009
2021-05-31,1.2768,0.0022
2021-06-01,1.2773,0.0004
2021-06-02,1.2765,-0.0006
2021-06-03,1.2769,0.0003
2021-06-04,1.2769,0.0
2021-06-07,1.2758,-0.0009
2021-06-08,1.2759,0.0001
2021-06-09,1.2756,-0.0002
2021-06-10,1.2759,0.0002
2021-06-11,1.2751,-0.0006
2021-06-15,1.2748,-0.0002
2021-06-16,1.2735,-0.001
2021-06-17,1.2734,-0.0001
2021-06-18,1.2734,0.0
2021-06-21,1.2743,0.0007000000000000001
2021-06-22,1.2754,0.0009
2021-06-23,1.2776,0.0017000000000000001
2021-06-24,1.277,-0.0005
2021-06-25,1.2791,0.0016
2021-06-28,1.2816,0.002
2021-06-29,1.2803,-0.001
2021-06-30,1.2808,0.0004
2021-07-01,1.2809,0.0001
2021-07-02,1.2809,0.0
2021-07-05,1.2811,0.0002
2021-07-06,1.2814,0.0002
2021-07-07,1.2824,0.0008
2021-07-08,1.2841,0.0013
2021-07-09,1.2852,0.0009
2021-07-12,1.2873,0.0016
2021-07-13,1.2884,0.0009
2021-07-14,1.2885,0.0001
2021-07-15,1.2881,-0.0003
2021-07-16,1.287,-0.0009
2021-07-19,1.2876,0.0005
2021-07-20,1.2879,0.0002
2021-07-21,1.2892,0.001
2021-07-22,1.2903,0.0009
2021-07-23,1.2905,0.0002
2021-07-26,1.2896,-0.0007000000000000001
2021-07-27,1.2898,0.0002
2021-07-28,1.2896,-0.0002
2021-07-29,1.2905,0.0007000000000000001
2021-07-30,1.2935,0.0023
2021-08-02,1.2966,0.0024
2021-08-03,1.2967,0.0001
2021-08-04,1.2979,0.0009
2021-08-05,1.2985,0.0005
2021-08-06,1.2989,0.0003
2021-08-09,1.2984,-0.0004
2021-08-10,1.2994,0.0008
2021-08-11,1.2995,0.0001
2021-08-12,1.3,0.0004
2021-08-13,1.2999,-0.0001
2021-08-16,1.2999,0.0
2021-08-17,1.2974,-0.0019
2021-08-18,1.2986,0.0009
2021-08-19,1.2981,-0.0004
2021-08-20,1.2979,-0.0002
2021-08-23,1.2984,0.0004
2021-08-24,1.2987,0.0002
2021-08-25,1.3004,0.0013
2021-08-26,1.3014,0.0008
2021-08-27,1.301,-0.0003
2021-08-30,1.3014,0.0003
2021-08-31,1.3017,0.0002
2021-09-01,1.3033,0.0012
2021-09-02,1.3062,0.0022
2021-09-03,1.3072,0.0008
2021-09-06,1.3107,0.0027
2021-09-07,1.3151,0.0034000000000000002
2021-09-08,1.3172,0.0016
2021-09-09,1.3177,0.0004
2021-09-10,1.3153,-0.0018
2021-09-13,1.3144,-0.0007000000000000001
2021-09-14,1.3121,-0.0017000000000000001
2021-09-15,1.3113,-0.0006
2021-09-16,1.3099,-0.0011
2021-09-17,1.3094,-0.0004
2021-09-22,1.3097,0.0002
2021-09-23,1.3112,0.0011
2021-09-24,1.3107,-0.0004
2021-09-27,1.3086,-0.0016
2021-09-28,1.3088,0.0002
2021-09-29,1.3083,-0.0004
2021-09-30,1.31,0.0013
2021-10-08,1.3113,0.001
2021-10-11,1.3105,-0.0006
2021-10-12,1.3082,-0.0018
2021-10-13,1.3073,-0.0007000000000000001
2021-10-14,1.3074,0.0001
2021-10-15,1.3071,-0.0002
2021-10-18,1.3072,0.0001
2021-10-19,1.3078,0.0005
2021-10-20,1.3079,0.0001
2021-10-21,1.3074,-0.0004
2021-10-22,1.3072,-0.0002
2021-10-25,1.3083,0.0008
2021-10-26,1.3085,0.0002
2021-10-27,1.3088,0.0002
2021-10-28,1.3085,-0.0002
2021-10-29,1.3099,0.0011
2021-11-01,1.3106,0.0005
2021-11-02,1.3109,0.0002
2021-11-03,1.3116,0.0005
2021-11-04,1.314,0.0018
2021-11-05,1.3121,-0.0014000000000000002
2021-11-08,1.3132,0.0008
2021-11-09,1.314,0.0006
2021-11-10,1.3144,0.0003
2021-11-11,1.3173,0.0022
2021-11-12,1.3182,0.0007000000000000001
2021-11-15,1.319,0.0006
2021-11-16,1.3172,-0.0014000000000000002
2021-11-17,1.3179,0.0005
2021-11-18,1.3181,0.0002
2021-11-19,1.3199,0.0014000000000000002
2021-11-22,1.3213,0.0011
2021-11-23,1.3217,0.0003
2021-11-24,1.3218,0.0001
2021-11-25,1.322,0.0002
2021-11-26,1.3224,0.0003
2021-11-29,1.3235,0.0008
2021-11-30,1.3243,0.0006
2021-12-01,1.3249,0.0005
2021-12-02,1.3247,-0.0002
2021-12-03,1.3251,0.0003
2021-12-06,1.3241,-0.0008
2021-12-07,1.3214,-0.002
2021-12-08,1.3221,0.0005
2021-12-09,1.3234,0.001
2021-12-10,1.324,0.0005
2021-12-13,1.3242,0.0002
2021-12-14,1.3239,-0.0002
2021-12-15,1.3245,0.0005
2021-12-16,1.2648,0.0002
2021-12-17,1.2649,0.0001
2021-12-20,1.2641,-0.0006
2021-12-21,1.2655,0.0011
2021-12-22,1.2654,-0.0001
2021-12-23,1.2664,0.0008
2021-12-24,1.2667,0.0002
2021-12-27,1.2673,0.0005
2021-12-28,1.2678,0.0004
2021-12-29,1.2678,0.0
2021-12-30,1.2687,0.0007000000000000001
2021-12-31,1.2708,0.0017000000000000001
2022-01-04,1.272,0.0009
2022-01-05,1.2722,0.0002
2022-01-06,1.273,0.0006
2022-01-07,1.273,0.0
2022-01-10,1.2736,0.0005
2022-01-11,1.2735,-0.0001
2022-01-12,1.2741,0.0005
2022-01-13,1.2729,-0.0009
2022-01-14,1.2704,-0.002
2022-01-17,1.2722,0.0014000000000000002
2022-01-18,1.2733,0.0009
2022-01-19,1.2742,0.0007000000000000001
2022-01-20,1.2752,0.0008
2022-01-21,1.2746,-0.0005
2022-01-24,1.2761,0.0012
2022-01-25,1.2744,-0.0013
2022-01-26,1.2749,0.0004
2022-01-27,1.2739,-0.0008
2022-01-28,1.2744,0.0004
2022-02-07,1.2757,0.001
2022-02-08,1.2769,0.0009
2022-02-09,1.2784,0.0012
2022-02-10,1.2784,0.0
2022-02-11,1.2765,-0.0015
2022-02-14,1.2718,-0.0037
2022-02-15,1.2692,-0.002
2022-02-16,1.2694,0.0002
2022-02-17,1.2697,0.0002
2022-02-18,1.2708,0.0009
2022-02-21,1.2716,0.0006
2022-02-22,1.27,-0.0013
2022-02-23,1.272,0.0016
2022-02-24,1.272,0.0
2022-02-25,1.2728,0.0006
2022-02-28,1.2736,0.0006
2022-03-01,1.2737,0.0001
2022-03-02,1.2738,0.0001
2022-03-03,1.2726,-0.0009
2022-03-04,1.2712,-0.0011
2022-03-07,1.2691,-0.0017000000000000001
2022-03-08,1.2682,-0.0007000000000000001
2022-03-09,1.267,-0.0009
2022-03-10,1.2671,0.0001
2022-03-11,1.2673,0.0002
2022-03-14,1.2679,0.0005
2022-03-15,1.2666,-0.001
2022-03-16,1.2673,0.0006
2022-03-17,1.268,0.0006
2022-03-18,1.269,0.0008
2022-03-21,1.2693,0.0002
2022-03-22,1.2689,-0.0003
2022-03-23,1.2685,-0.0003
2022-03-24,1.2679,-0.0005
2022-03-25,1.2671,-0.0006
2022-03-28,1.2669,-0.0002
2022-03-29,1.2667,-0.0002
2022-03-30,1.268,0.001
2022-03-31,1.2689,0.0007000000000000001
2022-04-01,1.2708,0.0015
2022-04-06,1.2724,0.0013
2022-04-07,1.2722,-0.0002
2022-04-08,1.2725,0.0002
2022-04-11,1.2725,0.0
2022-04-12,1.2725,0.0
2022-04-13,1.2724,-0.0001
2022-04-14,1.2731,0.0006
2022-04-15,1.2733,0.0002
2022-04-18,1.2734,0.0001
2022-04-19,1.2737,0.0002
2022-04-20,1.2736,-0.0001
2022-04-21,1.273,-0.0005
2022-04-22,1.2733,0.0002
2022-04-25,1.2722,-0.0009
2022-04-26,1.2712,-0.0008
2022-04-27,1.2716,0.0003
2022-04-28,1.2714,-0.0002
2022-04-29,1.273,0.0013
2022-05-05,1.2743,0.001
2022-05-06,1.2735,-0.0006
2022-05-09,1.2737,0.0002
2022-05-10,1.274,0.0002
2022-05-11,1.275,0.0008
2022-05-12,1.2754,0.0003
2022-05-13,1.2768,0.0011
2022-05-16,1.277,0.0002
2022-05-17,1.2784,0.0011
2022-05-18,1.279,0.0005
2022-05-19,1.2792,0.0002
2022-05-20,1.281,0.0014000000000000002
2022-05-23,1.2829,0.0015
2022-05-24,1.2806,-0.0018
2022-05-25,1.281,0.0003
2022-05-26,1.2821,0.0009
2022-05-27,1.2825,0.0003
2022-05-30,1.2826,0.0001
2022-05-31,1.2829,0.0002
2022-06-01,1.2824,-0.0004
2022-06-02,1.2823,-0.0001
2022-06-06,1.2829,0.0005
2022-06-07,1.2825,-0.0003
2022-06-08,1.283,0.0004
2022-06-09,1.2827,-0.0002
2022-06-10,1.2838,0.0009
2022-06-13,1.2839,0.0001
2022-06-14,1.2836,-0.0002
2022-06-15,1.2848,0.0009
2022-06-16,1.2852,0.0003
2022-06-17,1.2878,0.002
2022-06-20,1.2875,-0.0002
2022-06-21,1.287,-0.0004
2022-06-22,1.2864,-0.0005
2022-06-23,1.2876,0.0009
2022-06-24,1.2885,0.0007000000000000001
2022-06-27,1.29,0.0012
2022-06-28,1.291,0.0008
2022-06-29,1.2901,-0.0007000000000000001
2022-06-30,1.2913,0.0009
2022-07-01,1.2921,0.0006
2022-07-04,1.2922,0.0001
2022-07-05,1.2915,-0.0005
2022-07-06,1.2905,-0.0008
2022-07-07,1.2909,0.0003
2022-07-08,1.2913,0.0003
2022-07-11,1.2916,0.0002
2022-07-12,1.2914,-0.0002
2022-07-13,1.2919,0.0004
2022-07-14,1.2928,0.0007000000000000001
2022-07-15,1.293,0.0002
2022-07-18,1.2945,0.0012
2022-07-19,1.2958,0.001
2022-07-20,1.2973,0.0012
2022-07-21,1.2973,0.0
2022-07-22,1.2968,-0.0004
2022-07-25,1.297,0.0002
2022-07-26,1.2981,0.0008
2022-07-27,1.2988,0.0005
2022-07-28,1.2986,-0.0002
2022-07-29,1.2994,0.0006
2022-08-01,1.3006,0.0009
2022-08-02,1.3004,-0.0002
2022-08-03,1.3011,0.0005
2022-08-04,1.3015,0.0003
2022-08-05,1.3016,0.0001
2022-08-08,1.302,0.0003
2022-08-09,1.3017,-0.0002
2022-08-10,1.3018,0.0001
2022-08-11,1.3025,0.0005
2022-08-12,1.3025,0.0
2022-08-15,1.3045,0.0015
2022-08-16,1.3057,0.0009
2022-08-17,1.3059,0.0002
2022-08-18,1.3054,-0.0004
2022-08-19,1.3045,-0.0007000000000000001
2022-08-22,1.3049,0.0003
2022-08-23,1.3049,0.0
2022-08-24,1.3037,-0.0009
2022-08-25,1.3031,-0.0005
2022-08-26,1.3029,-0.0002
2022-08-29,1.3023,-0.0005
2022-08-30,1.3023,0.0
2022-08-31,1.3022,-0.0001
2022-09-01,1.3023,0.0001
2022-09-02,1.3026,0.0002
2022-09-05,1.3035,0.0007000000000000001
2022-09-06,1.3041,0.0005
2022-09-07,1.3044,0.0002
2022-09-08,1.3041,-0.0002
2022-09-09,1.3044,0.0002
2022-09-13,1.3043,-0.0001
2022-09-14,1.3038,-0.0004
2022-09-15,1.3036,-0.0002
2022-09-16,1.3026,-0.0008
2022-09-19,1.3023,-0.0002
2022-09-20,1.3024,0.0001
2022-09-21,1.3029,0.0004
2022-09-22,1.3027,-0.0002
2022-09-23,1.3024,-0.0002
2022-09-26,1.3013,-0.0008
2022-09-27,1.3013,0.0
2022-09-28,1.3007,-0.0005
2022-09-29,1.2999,-0.0006
2022-09-30,1.3001,0.0002
2022-10-10,1.3002,0.0001
2022-10-11,1.3005,0.0002
2022-10-12,1.3012,0.0005
2022-10-13,1.302,0.0006
2022-10-14,1.3031,0.0008
2022-10-17,1.3034,0.0002
2022-10-18,1.3031,-0.0002
2022-10-19,1.3029,-0.0002
2022-10-20,1.3028,-0.0001
2022-10-21,1.3026,-0.0002
2022-10-24,1.3017,-0.0007000000000000001
2022-10-25,1.3013,-0.0003
2022-10-26,1.3019,0.0005
2022-10-27,1.302,0.0001
2022-10-28,1.3011,-0.0007000000000000001
2022-10-31,1.3009,-0.0002
2022-11-01,1.3013,0.0003
2022-11-02,1.3018,0.0004
2022-11-03,1.302,0.0002
2022-11-04,1.3031,0.0008
2022-11-07,1.3028,-0.0002
2022-11-08,1.3024,-0.0003
2022-11-09,1.3019,-0.0004
2022-11-10,1.3013,-0.0005
2022-11-11,1.3018,0.0004
2022-11-14,1.2997,-0.0016
2022-11-15,1.2995,-0.0002
2022-11-16,1.2971,-0.0018
2022-11-17,1.2956,-0.0012
2022-11-18,1.2951,-0.0004
2022-11-21,1.2955,0.0003
2022-11-22,1.2955,0.0
2022-11-23,1.296,0.0004
2022-11-24,1.2974,0.0011
2022-11-25,1.2975,0.0001
2022-11-28,1.2966,-0.0007000000000000001
2022-11-29,1.297,0.0003
2022-11-30,1.2971,0.0001
2022-12-01,1.2983,0.0009
2022-12-02,1.2985,0.0002
2022-12-05,1.2994,0.0007000000000000001
2022-12-06,1.2984,-0.0008
2022-12-07,1.2965,-0.0015
2022-12-08,1.2959,-0.0005
2022-12-09,1.2956,-0.0002
2022-12-12,1.2341,-0.0012
2022-12-13,1.2315,-0.0021
2022-12-14,1.2314,-0.0001
2022-12-15,1.2319,0.0004
2022-12-16,1.2314,-0.0004
2022-12-19,1.2303,-0.0009
2022-12-20,1.2298,-0.0004
2022-12-21,1.2298,0.0
2022-12-22,1.2295,-0.0002
2022-12-23,1.2303,0.0007000000000000001
2022-12-26,1.2312,0.0007000000000000001
2022-12-27,1.2322,0.0008
2022-12-28,1.2319,-0.0002
2022-12-29,1.232,0.0001
2022-12-30,1.2334,0.0011
2022-12-31,1.2334,0.0
2023-01-03,1.234,0.0005
2023-01-04,1.2353,0.0011
2023-01-05,1.2371,0.0015
2023-01-06,1.2378,0.0006
2023-01-09,1.2381,0.0002
2023-01-10,1.2369,-0.001
2023-01-11,1.2365,-0.0003
2023-01-12,1.2367,0.0002
2023-01-13,1.237,0.0002
2023-01-16,1.2386,0.0013
2023-01-17,1.2391,0.0004
2023-01-18,1.2398,0.0006
2023-01-19,1.2406,0.0006
2023-01-20,1.2425,0.0015
2023-01-30,1.243,0.0004
2023-01-31,1.2419,-0.0009
2023-02-01,1.243,0.0009
2023-02-02,1.2437,0.0006
2023-02-03,1.2434,-0.0002
2023-02-06,1.2419,-0.0012
2023-02-07,1.2426,0.0006
2023-02-08,1.2423,-0.0002
2023-02-09,1.2433,0.0008
2023-02-10,1.2441,0.0006
2023-02-13,1.2444,0.0002
2023-02-14,1.2449,0.0004
2023-02-15,1.2438,-0.0009
2023-02-16,1.2428,-0.0008
2023-02-17,1.2416,-0.001
2023-02-20,1.243,0.0011
2023-02-21,1.2426,-0.0003
2023-02-22,1.2424,-0.0002
2023-02-23,1.2418,-0.0005
2023-02-24,1.2413,-0.0004
2023-02-27,1.2406,-0.0006
2023-02-28,1.2406,0.0
2023-03-01,1.2414,0.0006
2023-03-02,1.2417,0.0002
2023-03-03,1.2421,0.0003
2023-03-06,1.2426,0.0004
2023-03-07,1.2421,-0.0004
2023-03-08,1.2419,-0.0002
2023-03-09,1.2421,0.0002
2023-03-10,1.2418,-0.0002
2023-03-13,1.2417,-0.0001
2023-03-14,1.2416,-0.0001
2023-03-15,1.2418,0.0002
2023-03-16,1.2416,-0.0002
2023-03-17,1.2422,0.0005
2023-03-20,1.2427,0.0004
2023-03-21,1.2433,0.0005
2023-03-22,1.2435,0.0002
2023-03-23,1.2436,0.0001
2023-03-24,1.2436,0.0
2023-03-27,1.244,0.0003
2023-03-28,1.2435,-0.0004
2023-03-29,1.2436,0.0001
2023-03-30,1.2435,-0.0001
2023-03-31,1.2443,0.0006
2023-04-03,1.2452,0.0007000000000000001
2023-04-04,1.2454,0.0002
2023-04-06,1.2457,0.0002
2023-04-07,1.2468,0.0009
2023-04-10,1.2468,0.0
2023-04-11,1.2467,-0.0001
2023-04-12,1.2475,0.0006
2023-04-13,1.2476,0.0001
2023-04-14,1.248,0.0003
2023-04-17,1.2486,0.0005
2023-04-18,1.2487,0.0001
2023-04-19,1.2482,-0.0004
2023-04-20,1.2474,-0.0006
2023-04-21,1.2463,-0.0009
2023-04-24,1.2456,-0.0006
2023-04-25,1.2455,-0.0001
2023-04-26,1.2469,0.0011
2023-04-27,1.2478,0.0007000000000000001
2023-04-28,1.2491,0.001
2023-05-04,1.2493,0.0002
2023-05-05,1.2489,-0.0003
2023-05-08,1.25,0.0009
2023-05-09,1.2499,-0.0001
2023-05-10,1.2501,0.0002
2023-05-11,1.2512,0.0009
2023-05-12,1.2487,-0.002
2023-05-15,1.2496,0.0007000000000000001
2023-05-16,1.2493,-0.0002
2023-05-17,1.2503,0.0008
2023-05-18,1.251,0.0006
2023-05-19,1.2514,0.0003
2023-05-22,1.2519,0.0004
2023-05-23,1.2518,-0.0001
2023-05-24,1.2512,-0.0005
2023-05-25,1.251,-0.0002
2023-05-26,1.2513,0.0002
2023-05-29,1.2516,0.0002
2023-05-30,1.2518,0.0002
2023-05-31,1.2522,0.0003
2023-06-01,1.2527,0.0004
2023-06-02,1.2542,0.0012
2023-06-05,1.2542,0.0
2023-06-06,1.2537,-0.0004
2023-06-07,1.2541,0.0003
2023-06-08,1.2546,0.0004
2023-06-09,1.2553,0.0006
2023-06-12,1.2562,0.0007000000000000001
2023-06-13,1.2568,0.0005
2023-06-14,1.2569,0.0001
2023-06-15,1.2585,0.0013
2023-06-16,1.2585,0.0
2023-06-19,1.2573,-0.001
2023-06-20,1.2583,0.0008
2023-06-21,1.257,-0.001
2023-06-26,1.2561,-0.0007000000000000001
2023-06-27,1.2565,0.0003
2023-06-28,1.2568,0.0002
2023-06-29,1.2578,0.0008
2023-06-30,1.2592,0.0011
2023-07-03,1.2592,0.0
2023-07-04,1.2595,0.0002
2023-07-05,1.259,-0.0004
2023-07-06,1.2592,0.0002
2023-07-07,1.2593,0.0001
2023-07-10,1.2596,0.0002
2023-07-11,1.2603,0.0006
2023-07-12,1.2596,-0.0006
2023-07-13,1.2605,0.0007000000000000001
2023-07-14,1.2606,0.0001
2023-07-17,1.2599,-0.0006
2023-07-18,1.2603,0.0003
2023-07-19,1.2605,0.0002
2023-07-20,1.2606,0.0001
2023-07-21,1.2626,0.0016
2023-07-24,1.2603,-0.0018
2023-07-25,1.2612,0.0007000000000000001
2023-07-26,1.2615,0.0002
2023-07-27,1.2619,0.0003
2023-07-28,1.2633,0.0011
2023-07-31,1.2634,0.0001
2023-08-01,1.2627,-0.0006
2023-08-02,1.2633,0.0005
2023-08-03,1.264,0.0006
2023-08-04,1.2648,0.0006
2023-08-07,1.2641,-0.0006
2023-08-08,1.2639,-0.0002
2023-08-09,1.2636,-0.0002
2023-08-10,1.264,0.0003
2023-08-11,1.2632,-0.0006
2023-08-14,1.2629,-0.0002
2023-08-15,1.2628,-0.0001
2023-08-16,1.2626,-0.0002
2023-08-17,1.2633,0.0006
2023-08-18,1.2631,-0.0002
2023-08-21,1.263,-0.0001
2023-08-22,1.2621,-0.0007000000000000001
2023-08-23,1.2612,-0.0007000000000000001
2023-08-24,1.2616,0.0003
2023-08-25,1.2607,-0.0007000000000000001
2023-08-28,1.2606,-0.0001
2023-08-29,1.2614,0.0006
2023-08-30,1.2623,0.0007000000000000001
2023-08-31,1.2623,0.0
2023-09-01,1.2626,0.0002
2023-09-04,1.2629,0.0002
2023-09-05,1.2626,-0.0002
2023-09-06,1.2621,-0.0004
2023-09-07,1.2591,-0.0024
2023-09-08,1.2582,-0.0007000000000000001
2023-09-11,1.2584,0.0002
2023-09-12,1.2592,0.0006
2023-09-13,1.2586,-0.0005
2023-09-14,1.2582,-0.0003
2023-09-15,1.2587,0.0004
2023-09-18,1.2585,-0.0002
2023-09-19,1.2579,-0.0005
2023-09-20,1.2576,-0.0002
2023-09-21,1.2575,-0.0001
2023-09-22,1.259,0.0012
2023-09-25,1.2585,-0.0004
2023-09-26,1.2586,0.0001
2023-09-27,1.259,0.0003
2023-09-28,1.2603,0.001
2023-10-09,1.2603,0.0
2023-10-10,1.2597,-0.0005
2023-10-11,1.2589,-0.0006
2023-10-12,1.2594,0.0004
2023-10-13,1.259,-0.0003
2023-10-16,1.2577,-0.001
2023-10-17,1.2569,-0.0006
2023-10-18,1.2552,-0.0014000000000000002
2023-10-19,1.2528,-0.0019
2023-10-20,1.2521,-0.0006
2023-10-23,1.25,-0.0017000000000000001
2023-10-24,1.2521,0.0017000000000000001
2023-10-25,1.2534,0.001
2023-10-26,1.2542,0.0006
2023-10-27,1.2565,0.0018
2023-10-30,1.2579,0.0011
2023-10-31,1.2568,-0.0009
2023-11-01,1.2559,-0.0007000000000000001
2023-11-02,1.2557,-0.0002
2023-11-03,1.2575,0.0014000000000000002
2023-11-06,1.2604,0.0023
2023-11-07,1.2609,0.0004
2023-11-08,1.2608,-0.0001
2023-11-09,1.2603,-0.0004
2023-11-10,1.2598,-0.0004
2023-11-13,1.2602,0.0003
2023-11-14,1.2607,0.0004
2023-11-15,1.2614,0.0006
2023-11-16,1.26,-0.0011
2023-11-17,1.2601,0.0001
2023-11-20,1.2609,0.0006
2023-11-21,1.2599,-0.0008
2023-11-22,1.2578,-0.0017000000000000001
2023-11-23,1.2573,-0.0004
2023-11-24,1.2567,-0.0005
2023-11-27,1.257,0.0002
2023-11-28,1.2575,0.0004
2023-11-29,1.2573,-0.0002
2023-11-30,1.2572,-0.0001
2023-12-01,1.2576,0.0003
2023-12-04,1.2176,0.0
2023-12-05,1.2166,-0.0008
2023-12-06,1.2167,0.0001
2023-12-07,1.217,0.0002
2023-12-08,1.2181,0.0009
2023-12-11,1.2186,0.0004
2023-12-12,1.2189,0.0002
2023-12-13,1.2193,0.0003
2023-12-14,1.2193,0.0
2023-12-15,1.2197,0.0003
2023-12-18,1.2189,-0.0007000000000000001
2023-12-19,1.2187,-0.0002
2023-12-20,1.218,-0.0006
2023-12-21,1.2187,0.0006
2023-12-22,1.2193,0.0005
2023-12-25,1.2197,0.0003
2023-12-26,1.2199,0.0002
2023-12-27,1.2214,0.0012
2023-12-28,1.2241,0.0022
2023-12-29,1.2257,0.0013
2023-12-31,1.2259,0.0002
2024-01-02,1.2256,-0.0002
2024-01-03,1.2243,-0.0011
2024-01-04,1.2241,-0.0002
2024-01-05,1.2242,0.0001
2024-01-08,1.2236,-0.0005
2024-01-09,1.2243,0.0006
2024-01-10,1.2239,-0.0003
2024-01-11,1.2248,0.0007000000000000001
2024-01-12,1.2248,0.0
2024-01-15,1.2246,-0.0002
2024-01-16,1.2239,-0.0006
2024-01-17,1.2224,-0.0012
2024-01-18,1.2227,0.0002
2024-01-19,1.2227,0.0
2024-01-22,1.2205,-0.0018
2024-01-23,1.2206,0.0001
2024-01-24,1.2201,-0.0004
2024-01-25,1.2233,0.0026
2024-01-26,1.2235,0.0002
2024-01-29,1.2214,-0.0017000000000000001
2024-01-30,1.2202,-0.001
2024-01-31,1.2187,-0.0012
2024-02-01,1.2187,0.0
2024-02-02,1.2181,-0.0005
2024-02-05,1.2169,-0.001
2024-02-06,1.2209,0.0033
2024-02-07,1.2221,0.001
2024-02-08,1.2254,0.0027
2024-02-19,1.226,0.0005
2024-02-20,1.2273,0.0011
2024-02-21,1.2292,0.0015
2024-02-22,1.2304,0.001
2024-02-23,1.2316,0.001
2024-02-26,1.2328,0.001
2024-02-27,1.2336,0.0006
2024-02-28,1.2299,-0.003
2024-02-29,1.2318,0.0015
2024-03-01,1.2323,0.0004
2024-03-04,1.2312,-0.0009
2024-03-05,1.2293,-0.0015
2024-03-06,1.2293,0.0
2024-03-07,1.2289,-0.0003
2024-03-08,1.2291,0.0002
2024-03-11,1.2307,0.0013
2024-03-12,1.231,0.0002
2024-03-13,1.2311,0.0001
2024-03-14,1.2299,-0.001
2024-03-15,1.2307,0.0007000000000000001
2024-03-18,1.2323,0.0013
2024-03-19,1.2331,0.0006
2024-03-20,1.2345,0.0011
2024-03-21,1.2344,-0.0001
2024-03-22,1.2333,-0.0009
2024-03-25,1.2316,-0.0014000000000000002
2024-03-26,1.2311,-0.0004
2024-03-27,1.2303,-0.0006
2024-03-28,1.2307,0.0003
2024-03-29,1.2315,0.0007000000000000001
2024-04-01,1.2329,0.0011
2024-04-02,1.2332,0.0002
2024-04-03,1.2339,0.0006
2024-04-08,1.2336,-0.0002
2024-04-09,1.235,0.0011
2024-04-10,1.2346,-0.0003
2024-04-11,1.2353,0.0006
2024-04-12,1.2365,0.001
2024-04-15,1.2353,-0.001
2024-04-16,1.2333,-0.0016
2024-04-17,1.2349,0.0013
2024-04-18,1.2354,0.0004
2024-04-19,1.2352,-0.0002
2024-04-22,1.2354,0.0002
2024-04-23,1.2358,0.0003
2024-04-24,1.2352,-0.0005
2024-04-25,1.2353,0.0001
2024-04-26,1.2352,-0.0001
2024-04-29,1.2352,0.0
2024-04-30,1.2361,0.0007000000000000001
2024-05-06,1.2379,0.0015
2024-05-07,1.24,0.0017000000000000001
2024-05-08,1.2395,-0.0004
2024-05-09,1.2413,0.0015
2024-05-10,1.2412,-0.0001
2024-05-13,1.2419,0.0006
2024-05-14,1.2429,0.0008
2024-05-15,1.2422,-0.0006
2024-05-16,1.2421,-0.0001
2024-05-17,1.2424,0.0002
2024-05-20,1.2433,0.0007000000000000001
2024-05-21,1.2425,-0.0006
2024-05-22,1.2432,0.0006
2024-05-23,1.2421,-0.0009
2024-05-24,1.2417,-0.0003
2024-05-27,1.2419,0.0002
2024-05-28,1.2423,0.0003
2024-05-29,1.2428,0.0004
2024-05-30,1.2435,0.0006
2024-05-31,1.2436,0.0001
2024-06-03,1.2428,-0.0006
2024-06-04,1.2426,-0.0002
2024-06-05,1.2427,0.0001
2024-06-06,1.2425,-0.0002
2024-06-07,1.2421,-0.0003
2024-06-11,1.2429,0.0006
2024-06-12,1.2432,0.0002
2024-06-13,1.2431,-0.0001
2024-06-14,1.2433,0.0002
2024-06-17,1.2427,-0.0005
2024-06-18,1.243,0.0002
2024-06-19,1.2422,-0.0006
2024-06-20,1.2414,-0.0006
2024-06-21,1.2403,-0.0009
2024-06-24,1.2374,-0.0023
2024-06-25,1.2386,0.001
2024-06-26,1.2397,0.0009
2024-06-27,1.2398,0.0001
2024-06-28,1.2401,0.0002
2024-06-30,1.2402,0.0001
2024-07-01,1.2398,-0.0003
2024-07-02,1.24,0.0002
2024-07-03,1.2399,-0.0001
2024-07-04,1.2394,-0.0004
2024-07-05,1.2392,-0.0002
2024-07-08,1.2376,-0.0013
2024-07-09,1.2388,0.001
2024-07-10,1.2389,0.0001
2024-07-11,1.2393,0.0003
2024-07-12,1.2397,0.0003
2024-07-15,1.2398,0.0001
2024-07-16,1.2398,0.0
2024-07-17,1.2393,-0.0004
2024-07-18,1.2391,-0.0002
2024-07-19,1.2396,0.0004
2024-07-22,1.24,0.0003
2024-07-23,1.2402,0.0002
2024-07-24,1.2395,-0.0006
2024-07-25,1.2403,0.0006
2024-07-26,1.2411,0.0006
2024-07-29,1.2417,0.0005
2024-07-30,1.2422,0.0004
2024-07-31,1.243,0.0006
2024-08-01,1.2433,0.0002
2024-08-02,1.243,-0.0002
2024-08-05,1.2427,-0.0002
2024-08-06,1.2426,-0.0001
2024-08-07,1.2428,0.0002
2024-08-08,1.2424,-0.0003
2024-08-09,1.2419,-0.0004
2024-08-12,1.2398,-0.0017000000000000001
2024-08-13,1.2403,0.0004
2024-08-14,1.2407,0.0003
2024-08-15,1.2399,-0.0006
2024-08-16,1.2393,-0.0005
2024-08-19,1.2396,0.0002
2024-08-20,1.2388,-0.0006
2024-08-21,1.2381,-0.0006
2024-08-22,1.2375,-0.0005
2024-08-23,1.2384,0.0007000000000000001
2024-08-26,1.2391,0.0006
2024-08-27,1.2382,-0.0007000000000000001
2024-08-28,1.2387,0.0004
2024-08-29,1.2401,0.0011
2024-08-30,1.2416,0.0012
2024-09-02,1.2415,-0.0001
2024-09-03,1.2415,0.0
2024-09-04,1.2415,0.0
2024-09-05,1.2427,0.001
2024-09-06,1.2423,-0.0003
2024-09-09,1.2419,-0.0003
2024-09-10,1.242,0.0001
2024-09-11,1.2421,0.0001
2024-09-12,1.2425,0.0003
2024-09-13,1.2429,0.0003
2024-09-18,1.2432,0.0002
2024-09-19,1.2435,0.0002
2024-09-20,1.243,-0.0004
2024-09-23,1.243,0.0
2024-09-24,1.2464,0.0027
2024-09-25,1.2479,0.0012
2024-09-26,1.2494,0.0012
2024-09-27,1.2491,-0.0002
2024-09-30,1.2506,0.0012
2024-10-08,1.2543,0.003
2024-10-09,1.2486,-0.0045000000000000005
2024-10-10,1.2511,0.002
2024-10-11,1.2507,-0.0003
2024-10-14,1.2545,0.003
2024-10-15,1.2547,0.0002
2024-10-16,1.2548,0.0001
2024-10-17,1.2554,0.0005
2024-10-18,1.2575,0.0017000000000000001
2024-10-21,1.2584,0.0007000000000000001
2024-10-22,1.2576,-0.0006
2024-10-23,1.2573,-0.0002
2024-10-24,1.2559,-0.0011
2024-10-25,1.2572,0.001
2024-10-28,1.2577,0.0004
2024-10-29,1.2565,-0.001
2024-10-30,1.2563,-0.0002
2024-10-31,1.2572,0.0007000000000000001
2024-11-01,1.2577,0.0004
2024-11-04,1.2593,0.0013
2024-11-05,1.2612,0.0015
2024-11-06,1.2613,0.0001
2024-11-07,1.2632,0.0015
2024-11-08,1.2635,0.0002
2024-11-11,1.2662,0.0021
2024-11-12,1.2658,-0.0003
2024-11-13,1.2655,-0.0002
2024-11-14,1.2639,-0.0013
2024-11-15,1.2635,-0.0003
2024-11-18,1.2623,-0.0009
2024-11-19,1.2635,0.001
2024-11-20,1.2646,0.0009
2024-11-21,1.2651,0.0004
2024-11-22,1.264,-0.0009
2024-11-25,1.2648,0.0006
2024-11-26,1.2643,-0.0004
2024-11-27,1.2659,0.0013
2024-11-28,1.2664,0.0004
2024-11-29,1.2694,0.0024
2024-12-02,1.2725,0.0024
2024-12-03,1.2717,-0.0006
2024-12-04,1.2723,0.0005
2024-12-05,1.2735,0.0009
2024-12-06,1.2737,0.0002
2024-12-09,1.2743,0.0005
2024-12-10,1.2588,0.0034999999999999996
2024-12-11,1.2602,0.0011
2024-12-12,1.2618,0.0013
2024-12-13,1.2619,0.0001
2024-12-16,1.2606,-0.001
2024-12-17,1.2588,-0.0014000000000000002
2024-12-18,1.2598,0.0008
2024-12-19,1.2601,0.0002
2024-12-20,1.263,0.0023
2024-12-23,1.2619,-0.0009
2024-12-24,1.2626,0.0006
2024-12-25,1.2616,-0.0008
2024-12-26,1.2629,0.001
2024-12-27,1.2643,0.0011
2024-12-30,1.2639,-0.0003
2024-12-31,1.2632,-0.0006
2025-01-02,1.2634,0.0002
2025-01-03,1.2627,-0.0006
2025-01-06,1.2624,-0.0002
2025-01-07,1.2641,0.0013
2025-01-08,1.2644,0.0002
2025-01-09,1.2656,0.0009
2025-01-10,1.266,0.0003
2025-01-13,1.2664,0.0003
2025-01-14,1.2709,0.0036
2025-01-15,1.2715,0.0005
2025-01-16,1.271,-0.0004
2025-01-17,1.2713,0.0002
2025-01-20,1.2728,0.0012
2025-01-21,1.2762,0.0027
2025-01-22,1.2766,0.0003
2025-01-23,1.2747,-0.0015
2025-01-24,1.2766,0.0015
2025-01-27,1.2759,-0.0005
2025-02-05,1.2778,0.0015
2025-02-06,1.2828,0.0039000000000000003
2025-02-07,1.2835,0.0005
2025-02-10,1.2833,-0.0002
2025-02-11,1.2818,-0.0012
2025-02-12,1.2834,0.0012
2025-02-13,1.2828,-0.0005
2025-02-14,1.2821,-0.0005
2025-02-17,1.2814,-0.0005
2025-02-18,1.2795,-0.0015
2025-02-19,1.281,0.0012
2025-02-20,1.2804,-0.0005
2025-02-21,1.2806,0.0002
2025-02-24,1.2785,-0.0016
2025-02-25,1.279,0.0004
2025-02-26,1.2804,0.0011
2025-02-27,1.2789,-0.0012
2025-02-28,1.2777,-0.0009
2025-03-03,1.2784,0.0005
2025-03-04,1.2786,0.0002
2025-03-05,1.2793,0.0005
2025-03-06,1.279,-0.0002
2025-03-07,1.2773,-0.0013
2025-03-10,1.2767,-0.0005
2025-03-11,1.2738,-0.0023
2025-03-12,1.2754,0.0013
2025-03-13,1.2754,0.0
2025-03-14,1.2766,0.0009
2025-03-17,1.2746,-0.0016
2025-03-18,1.275,0.0003
2025-03-19,1.2745,-0.0004
2025-03-20,1.2757,0.0009
2025-03-21,1.2744,-0.001
2025-03-24,1.274,-0.0003
2025-03-25,1.2753,0.001
2025-03-26,1.2765,0.0009
2025-03-27,1.2768,0.0002
2025-03-28,1.2762,-0.0005
2025-03-31,1.2753,-0.0007000000000000001
2025-04-01,1.2757,0.0003
2025-04-02,1.2771,0.0011
2025-04-03,1.2781,0.0008
2025-04-07,1.274,-0.0032
2025-04-08,1.2737,-0.0002
2025-04-09,1.2755,0.0014000000000000002
2025-04-10,1.2771,0.0013
2025-04-11,1.2765,-0.0005
2025-04-14,1.2768,0.0002
2025-04-15,1.2758,-0.0008
2025-04-16,1.2754,-0.0003
2025-04-17,1.2748,-0.0005
2025-04-18,1.2752,0.0003
2025-04-21,1.2756,0.0003
2025-04-22,1.2764,0.0006
2025-04-23,1.2765,0.0001
2025-04-24,1.2757,-0.0006
2025-04-25,1.2763,0.0005
2025-04-28,1.2758,-0.0004
2025-04-29,1.2776,0.0014000000000000002
2025-04-30,1.2782,0.0005
2025-05-06,1.2797,0.0012
2025-05-07,1.2787,-0.0008
2025-05-08,1.2805,0.0014000000000000002
2025-05-09,1.2806,0.0001
2025-05-12,1.2801,-0.0004
2025-05-13,1.2803,0.0002
2025-05-14,1.2792,-0.0009
2025-05-15,1.2785,-0.0005
2025-05-16,1.2781,-0.0003
2025-05-19,1.2787,0.0005
2025-05-20,1.2791,0.0003
2025-05-21,1.2794,0.0002
2025-05-22,1.2788,-0.0005
2025-05-23,1.2786,-0.0002
2025-05-26,1.2785,-0.0001
2025-05-27,1.2777,-0.0006
2025-05-28,1.2772,-0.0004
2025-05-29,1.2767,-0.0004
2025-05-30,1.2777,0.0008
2025-06-03,1.2779,0.0002
2025-06-04,1.2792,0.001
2025-06-05,1.2804,0.0009
2025-06-06,1.2811,0.0005
2025-06-09,1.2824,0.001
2025-06-10,1.2813,-0.0009
2025-06-11,1.2824,0.0009
2025-06-12,1.2826,0.0002
2025-06-13,1.2816,-0.0008
2025-06-16,1.2822,0.0005
2025-06-17,1.2831,0.0007000000000000001
2025-06-18,1.2835,0.0003
2025-06-19,1.283,-0.0004
2025-06-20,1.2826,-0.0003
2025-06-23,1.2834,0.0006
2025-06-24,1.2846,0.0009
2025-06-25,1.2859,0.001
2025-06-26,1.2855,-0.0003
2025-06-27,1.2864,0.0007000000000000001
2025-06-30,1.287,0.0005
2025-07-01,1.2882,0.0009
2025-07-02,1.2879,-0.0002
2025-07-03,1.2891,0.0009
2025-07-04,1.2887,-0.0003
2025-07-07,1.2883,-0.0003
2025-07-08,1.2894,0.0009
2025-07-09,1.2884,-0.0008
2025-07-10,1.2883,-0.0001
2025-07-11,1.2886,0.0002
2025-07-14,1.2876,-0.0008
2025-07-15,1.2877,0.0001
2025-07-16,1.289,0.001
2025-07-17,1.2908,0.0014000000000000002
2025-07-18,1.2912,0.0003
2025-07-21,1.2919,0.0005
2025-07-22,1.2918,-0.0001
2025-07-23,1.2913,-0.0004
2025-07-24,1.2913,0.0
2025-07-25,1.2913,0.0
2025-07-28,1.2908,-0.0004
2025-07-29,1.2906,-0.0002
2025-07-30,1.2903,-0.0002
2025-07-31,1.29,-0.0002
2025-08-01,1.2908,0.0006
2025-08-04,1.2922,0.0011
2025-08-05,1.2939,0.0013
2025-08-06,1.2957,0.0014000000000000002
2025-08-07,1.2954,-0.0002
2025-08-08,1.2956,0.0002
2025-08-11,1.2963,0.0005
2025-08-12,1.2953,-0.0008
2025-08-13,1.2959,0.0005
2025-08-14,1.295,-0.0007000000000000001
2025-08-15,1.2954,0.0003
2025-08-18,1.2941,-0.001
2025-08-19,1.2948,0.0005
2025-08-20,1.2947,-0.0001
2025-08-21,1.2959,0.0009
2025-08-22,1.2965,0.0005
2025-08-25,1.2977,0.0009
2025-08-26,1.2986,0.0007000000000000001
2025-08-27,1.2972,-0.0011
2025-08-28,1.2961,-0.0008
2025-08-29,1.2959,-0.0002
2025-09-01,1.2956,-0.0002
2025-09-02,1.2958,0.0002
2025-09-03,1.2968,0.0008
2025-09-04,1.2975,0.0005
2025-09-05,1.2982,0.0005
2025-09-08,1.2982,0.0
2025-09-09,1.2963,-0.0015
2025-09-10,1.2943,-0.0015
2025-09-11,1.2949,0.0005
2025-09-12,1.2953,0.0003
2025-09-15,1.2951,-0.0002
2025-09-16,1.2952,0.0001
2025-09-17,1.2963,0.0008
2025-09-18,1.2952,-0.0008
2025-09-19,1.294,-0.0009
2025-09-22,1.2935,-0.0004
2025-09-23,1.2929,-0.0005
2025-09-24,1.2927,-0.0002
2025-09-25,1.293,0.0002
2025-09-26,1.2929,-0.0001
2025-09-29,1.2938,0.0007000000000000001
2025-09-30,1.2947,0.0007000000000000001
2025-10-09,1.296,0.001
2025-10-10,1.2957,-0.0002
2025-10-13,1.2966,0.0007000000000000001
2025-10-14,1.2962,-0.0003
2025-10-15,1.2962,0.0
2025-10-16,1.2963,0.0001
2025-10-17,1.2966,0.0002
2025-10-20,1.2965,-0.0001
2025-10-21,1.2974,0.0007000000000000001
2025-10-22,1.2974,0.0
2025-10-23,1.2981,0.0005
2025-10-24,1.2983,0.0002
2025-10-27,1.2997,0.0011
2025-10-28,1.3004,0.0005
2025-10-29,1.3013,0.0007000000000000001
2025-10-30,1.3007,-0.0005
2025-10-31,1.302,0.001
2025-11-03,1.3025,0.0004
2025-11-04,1.3017,-0.0006
2025-11-05,1.3028,0.0008
2025-11-06,1.3028,0.0
2025-11-07,1.3028,0.0
2025-11-10,1.3045,0.0013
2025-11-11,1.3048,0.0002
2025-11-12,1.3051,0.0002
2025-11-13,1.3062,0.0008
2025-11-14,1.3057,-0.0004
2025-11-17,1.3054,-0.0002
2025-11-18,1.305,-0.0003
2025-11-19,1.3052,0.0002
2025-11-20,1.3055,0.0002
2025-11-21,1.3042,-0.001
2025-11-24,1.3044,0.0002
2025-11-25,1.3045,0.0001
2025-11-26,1.3023,-0.0017000000000000001
2025-11-27,1.3016,-0.0005
2025-11-28,1.3021,0.0004
2025-12-01,1.3029,0.0006
2025-12-02,1.3018,-0.0008
2025-12-03,1.3012,-0.0005
2025-12-04,1.3,-0.0009
2025-12-05,1.3018,0.0014000000000000002
2025-12-08,1.302,0.0002
2025-12-09,1.3015,-0.0004
2025-12-10,1.3021,0.0005
2025-12-11,1.2704,0.0002
2025-12-12,1.2702,-0.0002
2025-12-15,1.2693,-0.0007000000000000001
2025-12-16,1.2687,-0.0005
2025-12-17,1.2699,0.0009
2025-12-18,1.2705,0.0005
2025-12-19,1.2716,0.0009
2025-12-22,1.2717,0.0001
2025-12-23,1.2719,0.0002
2025-12-24,1.2723,0.0003
2025-12-25,1.2728,0.0004
2025-12-26,1.2729,0.0001
2025-12-29,1.2716,-0.001
2025-12-30,1.2721,0.0004
2025-12-31,1.2726,0.0004
2026-01-05,1.275,0.0019
2026-01-06,1.2767,0.0013
2026-01-07,1.2768,0.0001
2026-01-08,1.2775,0.0005
2026-01-09,1.2792,0.0013
2026-01-12,1.2807,0.0012
2026-01-13,1.2787,-0.0016
2026-01-14,1.2786,-0.0001
2026-01-15,1.2795,0.0007000000000000001
2026-01-16,1.2811,0.0013
2026-01-19,1.283,0.0015
2026-01-20,1.2817,-0.001
2026-01-21,1.2833,0.0012
2026-01-22,1.2851,0.0014000000000000002
2026-01-23,1.2894,0.0033
2026-01-26,1.2856,-0.0029
2026-01-27,1.2849,-0.0005
2026-01-28,1.2865,0.0012
2026-01-29,1.286,-0.0004
2026-01-30,1.2836,-0.0019
2026-02-02,1.2808,-0.0022
2026-02-03,1.2841,0.0026
2026-02-04,1.2845,0.0003
2026-02-05,1.2832,-0.001
2026-02-06,1.2852,0.0016
2026-02-09,1.2881,0.0023
2026-02-10,1.287,-0.0009
2026-02-11,1.2877,0.0005
2026-02-12,1.2885,0.0006
2026-02-13,1.2881,-0.0003
2026-02-24,1.2887,0.0005
2026-02-25,1.2881,-0.0005
2026-02-26,1.2866,-0.0012
2026-02-27,1.2867,0.0001
2026-03-02,1.2874,0.0005
2026-03-03,1.287,-0.0003
2026-03-04,1.2873,0.0002
2026-03-05,1.2871,-0.0002
2026-03-06,1.2877,0.0005
2026-03-09,1.2869,-0.0006
2026-03-10,1.2879,0.0008
2026-03-11,1.2882,0.0002
2026-03-12,1.2871,-0.0009
2026-03-13,1.2871,0.0
2026-03-16,1.2865,-0.0005
2026-03-17,1.286,-0.0004
2026-03-18,1.2868,0.0006
2026-03-19,1.2861,-0.0005
2026-03-20,1.2854,-0.0005
2026-03-23,1.284,-0.0011
2026-03-24,1.2857,0.0013
2026-03-25,1.2868,0.0009
2026-03-26,1.2858,-0.0008
2026-03-27,1.2861,0.0002
2026-03-30,1.2855,-0.0005
2026-03-31,1.2849,-0.0005
2026-04-01,1.287,0.0016
2026-04-02,1.2861,-0.0007000000000000001
2026-04-03,1.2869,0.0006
2026-04-07,1.288,0.0009
2026-04-08,1.2901,0.0016
2026-04-09,1.2893,-0.0006
2026-04-10,1.288,-0.001
2026-04-13,1.2877,-0.0002
2026-04-14,1.2891,0.0011
2026-04-15,1.2895,0.0003
2026-04-16,1.2914,0.0015
2026-04-17,1.2924,0.0008
2026-04-20,1.2931,0.0005
2026-04-21,1.2929,-0.0002
2026-04-22,1.2941,0.0009
2026-04-23,1.2931,-0.0008
2026-04-24,1.2927,-0.0003
2026-04-27,1.2932,0.0004
2026-04-28,1.291,-0.0017000000000000001
2026-04-29,1.2926,0.0012
2026-04-30,1.2926,0.0
2026-05-06,1.2933,0.0005
2026-05-07,1.2946,0.001
2026-05-08,1.2942,-0.0003
2026-05-11,1.2955,0.001
2026-05-12,1.2932,-0.0018
2026-05-13,1.295,0.0014000000000000002
2026-05-14,1.293,-0.0015
2026-05-15,1.2914,-0.0012
2026-05-18,1.2907,-0.0005
2026-05-19,1.2931,0.0019
2026-05-20,1.2925,-0.0005
2026-05-21,1.2919,-0.0005
2026-05-22,1.2919,0.0
2026-05-25,1.2919,0.0
2026-05-26,1.2911,-0.0006
2026-05-27,1.2902,-0.0007000000000000001
2026-05-28,1.2914,0.0009
2026-05-29,1.2899,-0.0012
2026-06-01,1.2909,0.0008
2026-06-02,1.2916,0.0005
2026-06-03,1.2902,-0.0011
2026-06-04,1.2897,-0.0004
2026-06-05,1.2898,0.0001
2026-06-08,1.2891,-0.0005
2026-06-09,1.2891,0.0
2026-06-10,1.2879,-0.0009
2026-06-11,1.2876,-0.0002
2026-06-12,1.2884,0.0006
2026-06-15,1.2901,0.0013
2026-06-16,1.2917,0.0012
2026-06-17,1.2921,0.0003
2026-06-18,1.2918,-0.0002
2026-06-22,1.2899,-0.0015
2026-06-23,1.2891,-0.0006
2026-06-24,1.2885,-0.0005
2026-06-25,1.2886,0.0001
2026-06-26,1.2885,-0.0001
2026-06-29,1.289,0.0004
2026-06-30,1.2894,0.0003
2026-07-01,1.2892,-0.0002
2026-07-02,1.2897,0.0004
2026-07-03,1.29,0.0002
2026-07-06,1.2908,0.0006
2026-07-07,1.2903,-0.0004
2026-07-08,1.2904,0.0001
2026-07-09,1.2905,0.0001
2026-07-10,1.2905,0.0
2026-07-13,1.2896,-0.0007000000000000001
2026-07-14,1.291,0.0011
2026-07-15,1.291,0.0
2026-07-16,1.2908,-0.0002
2026-07-17,1.2898,-0.0008
2026-07-20,1.2899,0.0001
2026-07-21,1.2919,0.0016
2026-07-22,1.292,0.0001
2026-07-23,1.2923,0.0002
2026-07-24,1.2911,-0.0009
2026-07-27,1.2925,0.0011
2026-07-28,1.2906,-0.0015
2026-07-29,1.2917,0.0009
2026-07-30,1.2912,-0.0004
2026-07-31,1.292,0.0006
2026-08-03,1.2916,-0.0003
2026-08-04,1.2923,0.0005
