date,nav,ret
2008-04-18,1.0,0.0
2008-04-25,1.0004,0.0004
2008-04-28,1.0007,0.0003
2008-04-29,1.0008,0.0001
2008-04-30,1.0009,0.0001
2008-05-05,1.0014,0.0005
2008-05-06,1.0015,0.0001
2008-05-07,1.0015,0.0
2008-05-08,1.0018,0.0003
2008-05-09,1.0019,0.0001
2008-05-12,1.0021,0.0002
2008-05-13,1.0021,0.0
2008-05-14,1.0022,0.0001
2008-05-15,1.0024,0.0002
2008-05-16,1.0024,0.0
2008-05-19,1.0026,0.0002
2008-05-20,1.0025,-0.0001
2008-05-21,1.0028,0.000299
2008-05-22,1.0035,0.000698
2008-05-23,1.004,0.000498
2008-05-26,1.0046,0.000598
2008-05-27,1.0047,0.0001
2008-05-28,1.0065,0.001792
2008-05-29,1.0066,9.900000000000001e-05
2008-05-30,1.0067,9.900000000000001e-05
2008-06-02,1.0069,0.000199
2008-06-03,1.0069,0.0
2008-06-04,1.007,9.900000000000001e-05
2008-06-05,1.0074,0.000397
2008-06-06,1.0073,-9.900000000000001e-05
2008-06-10,1.0063,-0.000993
2008-06-11,1.0059,-0.000397
2008-06-12,1.0058,-9.900000000000001e-05
2008-06-13,1.0057,-9.900000000000001e-05
2008-06-16,1.0061,0.000398
2008-06-17,1.0061,0.0
2008-06-18,1.0064,0.000298
2008-06-19,1.0063,-9.900000000000001e-05
2008-06-20,1.0065,0.000199
2008-06-23,1.0064,-9.900000000000001e-05
2008-06-24,1.0069,0.000497
2008-06-25,1.0076,0.0006950000000000001
2008-06-26,1.0076,0.0
2008-06-27,1.0064,-0.001191
2008-06-30,1.0068,0.000397
2008-07-01,1.0065,-0.000298
2008-07-02,1.0064,-9.900000000000001e-05
2008-07-03,1.0064,0.0
2008-07-04,1.0068,0.000397
2008-07-07,1.0082,0.001391
2008-07-08,1.0078,-0.000397
2008-07-09,1.0084,0.0005949999999999999
2008-07-10,1.0087,0.000298
2008-07-11,1.0085,-0.00019800000000000002
2008-07-14,1.0092,0.0006940000000000001
2008-07-15,1.0088,-0.00039600000000000003
2008-07-16,1.0085,-0.000297
2008-07-17,1.0087,0.00019800000000000002
2008-07-18,1.0091,0.000397
2008-07-21,1.0096,0.000495
2008-07-22,1.0097,9.900000000000001e-05
2008-07-23,1.0098,9.900000000000001e-05
2008-07-24,1.0104,0.000594
2008-07-25,1.0104,0.0
2008-07-28,1.0108,0.00039600000000000003
2008-07-29,1.0106,-0.00019800000000000002
2008-07-30,1.0117,0.001088
2008-07-31,1.012,0.000297
2008-08-01,1.0119,-9.900000000000001e-05
2008-08-04,1.0111,-0.000791
2008-08-05,1.0107,-0.00039600000000000003
2008-08-06,1.0108,9.900000000000001e-05
2008-08-07,1.0116,0.000791
2008-08-08,1.0113,-0.000297
2008-08-11,1.0109,-0.00039600000000000003
2008-08-12,1.0108,-9.900000000000001e-05
2008-08-13,1.0108,0.0
2008-08-14,1.011,0.00019800000000000002
2008-08-15,1.0112,0.00019800000000000002
2008-08-18,1.0124,0.001187
2008-08-19,1.0137,0.0012839999999999998
2008-08-20,1.0154,0.0016769999999999999
2008-08-21,1.0142,-0.0011819999999999999
2008-08-22,1.0138,-0.000394
2008-08-25,1.0145,0.0006900000000000001
2008-08-26,1.0135,-0.000986
2008-08-27,1.0134,-9.900000000000001e-05
2008-08-28,1.0145,0.001085
2008-08-29,1.016,0.001479
2008-09-01,1.0175,0.001476
2008-09-02,1.0179,0.000393
2008-09-03,1.0177,-0.000196
2008-09-04,1.0182,0.000491
2008-09-05,1.0185,0.00029499999999999996
2008-09-08,1.018,-0.000491
2008-09-09,1.0182,0.000196
2008-09-10,1.0198,0.001571
2008-09-11,1.0199,9.8e-05
2008-09-12,1.0211,0.001177
2008-09-16,1.0255,0.004309
2008-09-17,1.0296,0.003998
2008-09-18,1.0288,-0.000777
2008-09-19,1.0338,0.00486
2008-09-22,1.033,-0.000774
2008-09-23,1.0312,-0.0017419999999999998
2008-09-24,1.0319,0.000679
2008-09-25,1.0317,-0.000194
2008-09-26,1.0316,-9.7e-05
2008-09-30,1.0318,0.000194
2008-10-06,1.0323,0.000485
2008-10-07,1.0347,0.0023250000000000002
2008-10-08,1.039,0.004156
2008-10-09,1.0444,0.005197
2008-10-10,1.0439,-0.000479
2008-10-13,1.0449,0.000958
2008-10-14,1.0444,-0.000479
2008-10-15,1.0455,0.0010530000000000001
2008-10-16,1.0452,-0.000287
2008-10-17,1.0438,-0.001339
2008-10-20,1.0419,-0.00182
2008-10-21,1.0426,0.000672
2008-10-22,1.0449,0.002206
2008-10-23,1.0388,-0.0058379999999999994
2008-10-24,1.0381,-0.000674
2008-10-27,1.0288,-0.008959
2008-10-28,1.0278,-0.000972
2008-10-29,1.0306,0.002724
2008-10-30,1.034,0.0032990000000000003
2008-10-31,1.0328,-0.001161
2008-11-03,1.0315,-0.0012590000000000001
2008-11-04,1.0303,-0.001163
2008-11-05,1.0322,0.0018440000000000002
2008-11-06,1.0365,0.004166
2008-11-07,1.0379,0.001351
2008-11-10,1.0421,0.004047
2008-11-11,1.0425,0.00038399999999999996
2008-11-12,1.0469,0.004221
2008-11-13,1.0514,0.004298
2008-11-14,1.0463,-0.004850999999999999
2008-11-17,1.0454,-0.00086
2008-11-18,1.0475,0.002009
2008-11-19,1.0427,-0.004582
2008-11-20,1.0304,0.000671
2008-11-21,1.0335,0.003009
2008-11-24,1.033,-0.000484
2008-11-25,1.0313,-0.001646
2008-11-26,1.035,0.003588
2008-11-27,1.0455,0.010145
2008-11-28,1.0427,-0.002678
2008-12-01,1.0426,-9.599999999999999e-05
2008-12-02,1.0463,0.003549
2008-12-03,1.0486,0.002198
2008-12-04,1.0494,0.0007630000000000001
2008-12-05,1.052,0.0024779999999999997
2008-12-08,1.0533,0.0012360000000000001
2008-12-09,1.0503,-0.002848
2008-12-10,1.0522,0.001809
2008-12-11,1.0535,0.0012360000000000001
2008-12-12,1.0552,0.001614
2008-12-15,1.0576,0.002274
2008-12-16,1.056,-0.0015129999999999998
2008-12-17,1.0592,0.0030299999999999997
2008-12-18,1.0631,0.0036820000000000004
2008-12-19,1.065,0.001787
2008-12-22,1.0659,0.000845
2008-12-23,1.0653,-0.000563
2008-12-24,1.0649,-0.000375
2008-12-25,1.0632,-0.001596
2008-12-26,1.0633,9.400000000000001e-05
2008-12-29,1.0633,0.0
2008-12-30,1.0633,0.0
2008-12-31,1.0636,0.00028199999999999997
2009-01-05,1.067,0.0031969999999999998
2009-01-06,1.0677,0.000656
2009-01-07,1.0683,0.000562
2009-01-08,1.0706,0.002153
2009-01-09,1.071,0.00037400000000000004
2009-01-12,1.0712,0.00018700000000000002
2009-01-13,1.0708,-0.000373
2009-01-14,1.0688,-0.0018679999999999999
2009-01-15,1.0649,-0.003649
2009-01-16,1.0627,-0.002066
2009-01-19,1.0614,-0.0012230000000000001
2009-01-20,1.0595,-0.00179
2009-01-21,1.0585,-0.000944
2009-01-22,1.0638,0.005007
2009-01-23,1.0645,0.000658
2009-02-02,1.065,0.00047
2009-02-03,1.0618,-0.003005
2009-02-04,1.0583,-0.003296
2009-02-05,1.0572,-0.001039
2009-02-06,1.0597,0.002365
2009-02-09,1.0623,0.002454
2009-02-10,1.0101,0.0007530000000000001
2009-02-11,1.01,-9.900000000000001e-05
2009-02-12,1.0125,0.0024749999999999998
2009-02-13,1.014,0.0014810000000000001
2009-02-16,1.0148,0.000789
2009-02-17,1.0112,-0.0035470000000000002
2009-02-18,1.0094,-0.00178
2009-02-19,1.0107,0.001288
2009-02-20,1.0111,0.00039600000000000003
2009-02-23,1.0117,0.000593
2009-02-24,1.0115,-0.00019800000000000002
2009-02-25,1.0115,0.0
2009-02-26,1.0089,-0.0025700000000000002
2009-02-27,1.0074,-0.001487
2009-03-02,1.007,-0.000397
2009-03-03,1.0074,0.000397
2009-03-04,1.0073,-9.900000000000001e-05
2009-03-05,1.0071,-0.000199
2009-03-06,1.0078,0.0006950000000000001
2009-03-09,1.0078,0.0
2009-03-10,1.008,0.00019800000000000002
2009-03-11,1.0082,0.00019800000000000002
2009-03-12,1.0086,0.000397
2009-03-13,1.0084,-0.00019800000000000002
2009-03-16,1.0086,0.00019800000000000002
2009-03-17,1.0088,0.00019800000000000002
2009-03-18,1.009,0.00019800000000000002
2009-03-19,1.009,0.0
2009-03-20,1.0091,9.900000000000001e-05
2009-03-23,1.0095,0.00039600000000000003
2009-03-24,1.0091,-0.00039600000000000003
2009-03-25,1.009,-9.900000000000001e-05
2009-03-26,1.0088,-0.00019800000000000002
2009-03-27,1.0088,0.0
2009-03-30,1.0088,0.0
2009-03-31,1.0107,0.001883
2009-04-01,1.0106,-9.900000000000001e-05
2009-04-02,1.0105,-9.900000000000001e-05
2009-04-03,1.0099,-0.000594
2009-04-07,1.0094,-0.000495
2009-04-08,1.0079,-0.0014860000000000001
2009-04-09,1.0081,0.00019800000000000002
2009-04-10,1.0077,-0.000397
2009-04-13,1.0082,0.000496
2009-04-14,1.0083,9.900000000000001e-05
2009-04-15,1.0087,0.000397
2009-04-16,1.009,0.000297
2009-04-17,1.009,0.0
2009-04-20,1.0101,0.00109
2009-04-21,1.0105,0.00039600000000000003
2009-04-22,1.0087,-0.001781
2009-04-23,1.0081,-0.0005949999999999999
2009-04-24,1.0082,9.900000000000001e-05
2009-04-27,1.0078,-0.000397
2009-04-28,1.0079,9.900000000000001e-05
2009-04-29,1.0086,0.0006950000000000001
2009-04-30,1.0089,0.000297
2009-05-04,1.0095,0.0005949999999999999
2009-05-05,1.0098,0.000297
2009-05-06,1.0104,0.000594
2009-05-07,1.0112,0.0007920000000000001
2009-05-08,1.012,0.000791
2009-05-11,1.0088,-0.003162
2009-05-12,1.011,0.0021809999999999998
2009-05-13,1.012,0.000989
2009-05-14,1.012,0.0
2009-05-15,1.0127,0.000692
2009-05-18,1.0136,0.000889
2009-05-19,1.0149,0.001283
2009-05-20,1.0125,-0.002365
2009-05-21,1.009,-0.003457
2009-05-22,1.0099,0.000892
2009-05-25,1.0087,-0.001188
2009-05-26,1.0074,-0.0012889999999999998
2009-05-27,1.008,0.000596
2009-06-01,1.0097,0.001687
2009-06-02,1.0107,0.00099
2009-06-03,1.0118,0.001088
2009-06-04,1.0156,0.003756
2009-06-05,1.0168,0.0011819999999999999
2009-06-08,1.0165,-0.00029499999999999996
2009-06-09,1.0163,-0.000197
2009-06-10,1.0203,0.003936
2009-06-11,1.0172,-0.0030380000000000003
2009-06-12,1.0145,-0.002654
2009-06-15,1.0141,-0.000394
2009-06-16,1.0118,-0.002268
2009-06-17,1.0121,0.000297
2009-06-18,1.0124,0.00029600000000000004
2009-06-19,1.0132,0.00079
2009-06-22,1.0124,-0.00079
2009-06-23,1.0103,-0.002074
2009-06-24,1.0104,9.900000000000001e-05
2009-06-25,1.01,-0.00039600000000000003
2009-06-26,1.0017,0.0007920000000000001
2009-06-29,1.0025,0.000799
2009-06-30,1.0031,0.000599
2009-07-01,1.0045,0.001396
2009-07-02,1.005,0.000498
2009-07-03,1.0051,0.0001
2009-07-06,1.0069,0.001791
2009-07-07,1.0069,0.0
2009-07-08,1.0073,0.000397
2009-07-09,1.0089,0.001588
2009-07-10,1.0101,0.001189
2009-07-13,1.0094,-0.000693
2009-07-14,1.0129,0.003467
2009-07-15,1.0143,0.001382
2009-07-16,1.0153,0.000986
2009-07-17,1.0165,0.0011819999999999999
2009-07-20,1.0205,0.003935
2009-07-21,1.0189,-0.001568
2009-07-22,1.0214,0.002454
2009-07-23,1.0225,0.001077
2009-07-24,1.022,-0.000489
2009-07-27,1.0279,0.005773
2009-07-28,1.0306,0.002627
2009-07-29,1.0191,-0.011158999999999999
2009-07-30,1.022,0.002846
2009-07-31,1.0298,0.007632
2009-08-03,1.0364,0.006409000000000001
2009-08-04,1.0386,0.002123
2009-08-05,1.0368,-0.0017330000000000002
2009-08-06,1.0303,-0.006269
2009-08-07,1.018,-0.011937999999999999
2009-08-10,1.0177,-0.00029499999999999996
2009-08-11,1.0169,-0.000786
2009-08-12,1.0085,-0.00826
2009-08-13,1.0097,0.0011899999999999999
2009-08-14,1.0048,-0.004853
2009-08-17,0.9955,-0.009256
2009-08-18,0.9962,0.0007030000000000001
2009-08-19,0.992,-0.004216
2009-08-20,0.9957,0.00373
2009-08-21,0.9971,0.0014060000000000001
2009-08-24,0.9986,0.0015040000000000001
2009-08-25,0.9966,-0.002003
2009-08-26,0.9986,0.002007
2009-08-27,0.997,-0.0016020000000000001
2009-08-28,0.99,-0.0070209999999999995
2009-08-31,0.9775,-0.012626
2009-09-01,0.9785,0.001023
2009-09-02,0.9785,0.0
2009-09-03,0.9787,0.00020400000000000003
2009-09-04,0.9789,0.00020400000000000003
2009-09-07,0.9789,0.0
2009-09-08,0.981,0.0021449999999999998
2009-09-09,0.9808,-0.00020400000000000003
2009-09-10,0.9793,-0.001529
2009-09-11,0.9826,0.00337
2009-09-14,0.9855,0.0029509999999999996
2009-09-15,0.9865,0.001015
2009-09-16,0.9843,-0.00223
2009-09-17,0.9866,0.002337
2009-09-18,0.9837,-0.0029389999999999998
2009-09-21,0.9847,0.001017
2009-09-22,0.9834,-0.00132
2009-09-23,0.9821,-0.001322
2009-09-24,0.9812,-0.000916
2009-09-25,0.9806,-0.000611
2009-09-28,0.9807,0.00010200000000000001
2009-09-29,0.9806,-0.00010200000000000001
2009-09-30,0.9814,0.0008160000000000001
2009-10-09,0.9814,0.0
2009-10-12,0.9811,-0.000306
2009-10-13,0.9814,0.000306
2009-10-14,0.9816,0.00020400000000000003
2009-10-15,0.9818,0.00020400000000000003
2009-10-16,0.9824,0.000611
2009-10-19,0.9838,0.0014249999999999998
2009-10-20,0.984,0.00020299999999999997
2009-10-21,0.9836,-0.000407
2009-10-22,0.9838,0.00020299999999999997
2009-10-23,0.9842,0.000407
2009-10-26,0.9836,-0.00061
2009-10-27,0.9796,-0.004067
2009-10-28,0.9802,0.000612
2009-10-29,0.9767,-0.0035709999999999995
2009-10-30,0.9851,0.0086
2009-11-02,0.9868,0.001726
2009-11-03,0.988,0.001216
2009-11-04,0.988,0.0
2009-11-05,0.9888,0.0008100000000000001
2009-11-06,0.9904,0.001618
2009-11-09,0.9917,0.001313
2009-11-10,0.9943,0.0026219999999999998
2009-11-11,0.9936,-0.0007040000000000001
2009-11-12,0.9968,0.003221
2009-11-13,0.9991,0.002307
2009-11-16,1.002,0.002903
2009-11-17,1.0046,0.002595
2009-11-18,1.0056,0.000995
2009-11-19,1.006,0.000398
2009-11-20,1.0061,9.900000000000001e-05
2009-11-23,1.0067,0.000596
2009-11-24,1.0022,-0.00447
2009-11-25,1.0071,0.004889
2009-11-26,1.0048,-0.002284
2009-11-27,1.0008,-0.003981
2009-11-30,1.0047,0.003897
2009-12-01,1.0071,0.002389
2009-12-02,1.0099,0.0027800000000000004
2009-12-03,1.0096,-0.000297
2009-12-04,1.007,-0.002575
2009-12-07,1.0111,0.004071
2009-12-08,1.0117,0.000593
2009-12-09,1.0106,-0.001087
2009-12-10,1.0099,-0.000693
2009-12-11,1.0114,0.001485
2009-12-14,1.0093,-0.002076
2009-12-15,1.0084,-0.000892
2009-12-16,1.0077,-0.0006940000000000001
2009-12-17,1.0061,-0.001588
2009-12-18,1.0052,-0.000895
2009-12-21,1.0058,0.000597
2009-12-22,1.005,-0.000795
2009-12-23,1.0047,-0.000299
2009-12-24,1.0058,0.001095
2009-12-25,1.0096,0.003778
2009-12-28,1.0108,0.001189
2009-12-29,1.0062,0.000693
2009-12-30,1.0063,9.900000000000001e-05
2009-12-31,1.0062,-9.900000000000001e-05
2010-01-04,1.0057,-0.000497
2010-01-05,1.0055,-0.000199
2010-01-06,1.0051,-0.000398
2010-01-07,1.005,-9.900000000000001e-05
2010-01-08,1.0048,-0.000199
2010-01-11,1.0056,0.000796
2010-01-12,1.006,0.000398
2010-01-13,1.0064,0.000398
2010-01-14,1.0076,0.001192
2010-01-15,1.0071,-0.000496
2010-01-18,1.007,-9.900000000000001e-05
2010-01-19,1.0073,0.000298
2010-01-20,1.0073,0.0
2010-01-21,1.0095,0.002184
2010-01-22,1.0076,-0.001882
2010-01-25,1.0069,-0.0006950000000000001
2010-01-26,1.0075,0.000596
2010-01-27,1.007,-0.000496
2010-01-28,1.0054,-0.0015890000000000001
2010-01-29,1.0052,-0.000199
2010-02-01,1.0044,-0.000796
2010-02-02,1.0051,0.000697
2010-02-03,1.005,-9.900000000000001e-05
2010-02-04,1.0052,0.000199
2010-02-05,1.0048,-0.000398
2010-02-08,1.0046,-0.000199
2010-02-09,1.0036,-0.000995
2010-02-10,1.005,0.0013950000000000002
2010-02-11,1.0055,0.000498
2010-02-12,1.0076,0.002089
2010-02-22,1.0071,-0.000496
2010-02-23,1.0067,-0.000397
2010-02-24,1.0096,0.0028810000000000003
2010-02-25,1.0113,0.001684
2010-02-26,1.0113,0.0
2010-03-01,1.0123,0.000989
2010-03-02,1.0121,-0.00019800000000000002
2010-03-03,1.0123,0.00019800000000000002
2010-03-04,1.0097,-0.0025679999999999995
2010-03-05,1.0102,0.000495
2010-03-08,1.0114,0.001188
2010-03-09,1.0116,0.00019800000000000002
2010-03-10,1.0114,-0.00019800000000000002
2010-03-11,1.0124,0.000989
2010-03-12,1.0126,0.00019800000000000002
2010-03-15,1.0117,-0.000889
2010-03-16,1.0114,-0.000297
2010-03-17,1.0127,0.0012850000000000001
2010-03-18,1.0131,0.000395
2010-03-19,1.0136,0.000494
2010-03-22,1.0134,-0.000197
2010-03-23,1.0131,-0.00029600000000000004
2010-03-24,1.015,0.001875
2010-03-25,1.0153,0.00029600000000000004
2010-03-26,1.0166,0.00128
2010-03-29,1.0166,0.0
2010-03-30,1.0171,0.000492
2010-03-31,1.0209,0.0037359999999999997
2010-04-01,1.0241,0.003134
2010-04-02,1.024,-9.8e-05
2010-04-06,1.0247,0.000684
2010-04-07,1.0254,0.000683
2010-04-08,1.0239,-0.001463
2010-04-09,1.0294,0.005372
2010-04-12,1.0307,0.001263
2010-04-13,1.0264,-0.004172
2010-04-14,1.0257,-0.000682
2010-04-15,1.0235,-0.0021449999999999998
2010-04-16,1.0241,0.000586
2010-04-19,1.0224,-0.00166
2010-04-20,1.0232,0.000782
2010-04-21,1.0065,0.002248
2010-04-22,1.0078,0.0012920000000000002
2010-04-23,1.0079,9.900000000000001e-05
2010-04-26,1.0073,-0.0005949999999999999
2010-04-27,1.0047,-0.002581
2010-04-28,1.0049,0.000199
2010-04-29,1.0056,0.000697
2010-04-30,1.0049,-0.000696
2010-05-04,1.0048,-0.0001
2010-05-05,1.0058,0.000995
2010-05-06,1.0052,-0.000597
2010-05-07,1.0068,0.001592
2010-05-10,1.0065,-0.000298
2010-05-11,1.0069,0.000397
2010-05-12,1.0058,-0.001092
2010-05-13,1.0066,0.000795
2010-05-14,1.0064,-0.000199
2010-05-17,1.005,-0.001391
2010-05-18,1.0063,0.0012939999999999998
2010-05-19,1.0068,0.000497
2010-05-20,1.0067,-9.900000000000001e-05
2010-05-21,1.0079,0.001192
2010-05-24,1.008,9.900000000000001e-05
2010-05-25,1.0066,-0.001389
2010-05-26,1.0063,-0.000298
2010-05-27,1.007,0.000696
2010-05-28,1.0061,-0.0008939999999999999
2010-05-31,1.0044,-0.00169
2010-06-01,1.0017,-0.002688
2010-06-02,1.0019,0.0002
2010-06-03,1.0025,0.000599
2010-06-04,1.0031,0.000599
2010-06-07,1.004,0.000897
2010-06-08,1.0041,0.0001
2010-06-09,1.0042,0.0001
2010-06-10,1.0038,-0.000398
2010-06-11,1.0037,-0.0001
2010-06-17,1.003,-0.000697
2010-06-18,1.0003,-0.002692
2010-06-21,1.0011,0.0008
2010-06-22,1.0012,0.0001
2010-06-23,1.0012,0.0
2010-06-24,1.0011,-0.0001
2010-06-25,1.0007,-0.0004
2010-06-28,1.001,0.0003
2010-06-29,1.0004,-0.000599
2010-06-30,1.0009,0.0005
2010-07-01,1.0015,0.000599
2010-07-02,1.0014,-0.0001
2010-07-05,1.0018,0.000399
2010-07-06,1.0024,0.000599
2010-07-07,1.0036,0.001197
2010-07-08,1.0045,0.000897
2010-07-09,1.0058,0.0012939999999999998
2010-07-12,1.0064,0.000597
2010-07-13,1.0074,0.000994
2010-07-14,1.0082,0.000794
2010-07-15,1.0076,-0.0005949999999999999
2010-07-16,1.0089,0.0012900000000000001
2010-07-19,1.0086,-0.000297
2010-07-20,1.0081,-0.000496
2010-07-21,1.0095,0.001389
2010-07-22,1.0087,-0.0007920000000000001
2010-07-23,1.0091,0.000397
2010-07-26,1.0099,0.000793
2010-07-27,1.0101,0.00019800000000000002
2010-07-28,1.0101,0.0
2010-07-29,1.0097,-0.00039600000000000003
2010-07-30,1.0099,0.00019800000000000002
2010-08-02,1.0104,0.000495
2010-08-03,1.0106,0.00019800000000000002
2010-08-04,1.0105,-9.900000000000001e-05
2010-08-05,1.0123,0.001781
2010-08-06,1.0136,0.0012839999999999998
2010-08-09,1.014,0.000395
2010-08-10,1.0194,0.005325
2010-08-11,1.02,0.000589
2010-08-12,1.0202,0.000196
2010-08-13,1.0211,0.000882
2010-08-16,1.021,-9.8e-05
2010-08-17,1.022,0.000979
2010-08-18,1.0231,0.001076
2010-08-19,1.0236,0.000489
2010-08-20,1.0243,0.000684
2010-08-23,1.0248,0.00048800000000000004
2010-08-24,1.0254,0.000585
2010-08-25,1.025,-0.00039
2010-08-26,1.025,0.0
2010-08-27,1.0258,0.00078
2010-08-30,1.0267,0.000877
2010-08-31,1.0279,0.0011690000000000001
2010-09-01,1.0278,-9.7e-05
2010-09-02,1.0282,0.00038899999999999997
2010-09-03,1.03,0.001751
2010-09-06,1.0303,0.000291
2010-09-07,1.0302,-9.7e-05
2010-09-08,1.03,-0.000194
2010-09-09,1.0296,-0.000388
2010-09-10,1.0293,-0.000291
2010-09-13,1.0272,-0.0020399999999999997
2010-09-14,1.0267,-0.000487
2010-09-15,1.0255,-0.0011690000000000001
2010-09-16,1.025,-0.00048800000000000004
2010-09-17,1.0258,0.00078
2010-09-20,1.0017,0.00039
2010-09-21,1.0011,-0.000599
2010-09-27,1.0014,0.0003
2010-09-28,1.0015,0.0001
2010-09-29,1.0013,-0.0002
2010-09-30,1.0026,0.001298
2010-10-08,1.0044,0.001795
2010-10-11,1.0052,0.000796
2010-10-12,1.0057,0.000497
2010-10-13,1.0057,0.0
2010-10-14,1.0071,0.001392
2010-10-15,1.0092,0.002085
2010-10-18,1.0074,-0.001784
2010-10-19,1.0089,0.001489
2010-10-20,1.0043,-0.0045590000000000006
2010-10-21,1.0019,-0.0023899999999999998
2010-10-22,1.0023,0.000399
2010-10-25,1.0053,0.002993
2010-10-26,1.0058,0.000497
2010-10-27,1.0048,-0.000994
2010-10-28,1.0056,0.000796
2010-10-29,1.0066,0.000994
2010-11-01,1.0093,0.002682
2010-11-02,1.0067,-0.002576
2010-11-03,1.0065,-0.000199
2010-11-04,1.0079,0.001391
2010-11-05,1.0073,-0.0005949999999999999
2010-11-08,1.0065,-0.000794
2010-11-09,1.0083,0.0017879999999999999
2010-11-10,1.0083,0.0
2010-11-11,1.0076,-0.0006940000000000001
2010-11-12,1.0044,-0.003176
2010-11-15,1.0041,-0.000299
2010-11-16,1.0055,0.001394
2010-11-17,1.0051,-0.000398
2010-11-18,1.0045,-0.000597
2010-11-19,1.0047,0.000199
2010-11-22,1.003,-0.001692
2010-11-23,1.0013,-0.0016950000000000001
2010-11-24,1.0006,-0.0006990000000000001
2010-11-25,1.0014,0.0008
2010-11-26,1.0015,0.0001
2010-11-29,1.0027,0.001198
2010-11-30,1.0003,-0.002394
2010-12-01,1.0015,0.0012
2010-12-02,1.0027,0.001198
2010-12-03,1.0035,0.000798
2010-12-06,1.0038,0.000299
2010-12-07,1.0065,0.00269
2010-12-08,1.0065,0.0
2010-12-09,1.0058,-0.0006950000000000001
2010-12-10,1.0101,0.004275
2010-12-13,1.0135,0.003366
2010-12-14,1.014,0.000493
2010-12-15,1.0134,-0.0005920000000000001
2010-12-16,1.0145,0.001085
2010-12-17,1.0158,0.001281
2010-12-20,1.0164,0.0005909999999999999
2010-12-21,1.018,0.001574
2010-12-22,1.0167,-0.0012770000000000001
2010-12-23,1.014,-0.002656
2010-12-24,0.9994,-0.001874
2010-12-27,0.998,-0.0014010000000000001
2010-12-28,0.9968,-0.001202
2010-12-29,0.999,0.002207
2010-12-30,1.0021,0.0031030000000000003
2010-12-31,1.0036,0.001497
2011-01-04,1.0052,0.001594
2011-01-05,1.0053,9.900000000000001e-05
2011-01-06,1.005,-0.000298
2011-01-07,1.006,0.000995
2011-01-10,1.0054,-0.000596
2011-01-11,1.0042,-0.001194
2011-01-12,0.9997,-0.004481
2011-01-13,1.0012,0.0015
2011-01-14,1.0005,-0.0006990000000000001
2011-01-17,0.9982,-0.002299
2011-01-18,0.9982,0.0
2011-01-19,0.9989,0.0007009999999999999
2011-01-20,0.9982,-0.0007009999999999999
2011-01-21,0.9973,-0.000902
2011-01-24,0.9957,-0.001604
2011-01-25,0.9955,-0.000201
2011-01-26,0.9959,0.000402
2011-01-27,0.996,0.0001
2011-01-28,0.9964,0.000402
2011-01-31,0.9971,0.0007030000000000001
2011-02-01,0.9974,0.000301
2011-02-09,0.9945,-0.002908
2011-02-10,0.9948,0.000302
2011-02-11,0.9954,0.000603
2011-02-14,0.9957,0.000301
2011-02-15,0.9951,-0.000603
2011-02-16,0.9957,0.000603
2011-02-17,0.9962,0.0005020000000000001
2011-02-18,0.9943,-0.001907
2011-02-21,0.9958,0.0015090000000000001
2011-02-22,0.9907,-0.005122
2011-02-23,0.9895,-0.001211
2011-02-24,0.9901,0.000606
2011-02-25,0.9899,-0.000202
2011-02-28,0.992,0.002121
2011-03-01,0.9927,0.0007059999999999999
2011-03-02,0.993,0.000302
2011-03-03,0.9911,-0.001913
2011-03-04,0.9944,0.00333
2011-03-07,0.9946,0.000201
2011-03-08,0.9952,0.000603
2011-03-09,0.9961,0.000904
2011-03-10,0.9952,-0.000904
2011-03-11,0.9926,-0.002613
2011-03-14,0.9913,-0.00131
2011-03-15,0.9913,0.0
2011-03-16,0.9927,0.0014119999999999998
2011-03-17,0.993,0.000302
2011-03-18,0.9941,0.001108
2011-03-21,0.994,-0.000101
2011-03-22,1.0037,0.009759
2011-03-23,0.9966,-0.007074
2011-03-24,0.9949,-0.001706
2011-03-25,0.9994,0.004523
2011-03-28,0.9998,0.0004
2011-03-29,0.9987,-0.0011
2011-03-30,0.9989,0.0002
2011-03-31,0.9978,-0.001101
2011-04-01,0.9977,-0.0001
2011-04-06,0.9968,-0.000902
2011-04-07,0.9971,0.000301
2011-04-08,0.9977,0.000602
2011-04-11,0.9986,0.000902
2011-04-12,0.9996,0.001001
2011-04-13,0.9998,0.0002
2011-04-14,1.0008,0.001
2011-04-15,1.0012,0.0004
2011-04-18,1.0015,0.0003
2011-04-19,1.0,-0.001498
2011-04-20,1.0006,0.0006
2011-04-21,1.0006,0.0
2011-04-22,1.0008,0.0002
2011-04-25,1.0003,-0.0005
2011-04-26,1.0,-0.0003
2011-04-27,1.0003,0.0003
2011-04-28,1.0026,0.002299
2011-04-29,1.0005,-0.002095
2011-05-03,1.0008,0.0003
2011-05-04,1.0015,0.0006990000000000001
2011-05-05,1.0014,-0.0001
2011-05-06,1.0027,0.001298
2011-05-09,1.0031,0.000399
2011-05-10,1.0038,0.000698
2011-05-11,1.0036,-0.000199
2011-05-12,1.005,0.0013950000000000002
2011-05-13,1.0051,0.0001
2011-05-16,1.0051,0.0
2011-05-17,1.005,-9.900000000000001e-05
2011-05-18,1.0052,0.000199
2011-05-19,1.0053,9.900000000000001e-05
2011-05-20,1.0054,9.900000000000001e-05
2011-05-23,1.0035,-0.00189
2011-05-24,1.0043,0.000797
2011-05-25,1.0034,-0.000896
2011-05-26,1.0034,0.0
2011-05-27,1.0045,0.001096
2011-05-30,1.0039,-0.000597
2011-05-31,1.004,0.0001
2011-06-01,1.0035,-0.000498
2011-06-02,1.0033,-0.000199
2011-06-03,1.0039,0.000598
2011-06-07,1.0039,0.0
2011-06-08,1.0038,-0.0001
2011-06-09,1.0034,-0.000398
2011-06-10,1.0036,0.000199
2011-06-13,1.0027,-0.000897
2011-06-14,1.0025,-0.000199
2011-06-15,1.0007,-0.001796
2011-06-16,1.0009,0.0002
2011-06-17,1.0004,-0.0005
2011-06-20,1.0,-0.0004
2011-06-21,1.0,0.0
2011-06-22,0.9993,-0.0007000000000000001
2011-06-23,1.0,0.0007000000000000001
2011-06-24,1.0003,0.0003
2011-06-27,1.0009,0.0006
2011-06-28,1.0007,-0.0002
2011-06-29,1.0,-0.0007000000000000001
2011-06-30,1.0002,0.0002
2011-07-01,1.0009,0.0007000000000000001
2011-07-04,1.0009,0.0
2011-07-05,1.0003,-0.000599
2011-07-06,0.9994,-0.0009
2011-07-07,0.9991,-0.0003
2011-07-08,0.9992,0.0001
2011-07-11,0.999,-0.0002
2011-07-12,0.9994,0.0004
2011-07-13,0.9994,0.0
2011-07-14,0.9987,-0.0007000000000000001
2011-07-15,0.9969,-0.001802
2011-07-18,0.9969,0.0
2011-07-19,0.9943,-0.0026079999999999996
2011-07-20,0.9931,-0.001207
2011-07-21,0.9914,-0.001712
2011-07-22,0.9897,-0.0017150000000000002
2011-07-25,0.9887,-0.00101
2011-07-26,0.9883,-0.00040500000000000003
2011-07-27,0.987,-0.001315
2011-07-28,0.9883,0.001317
2011-07-29,0.9883,0.0
2011-08-01,0.9855,-0.002833
2011-08-02,0.9843,-0.0012180000000000001
2011-08-03,0.983,-0.001321
2011-08-04,0.982,-0.001017
2011-08-05,0.9819,-0.00010200000000000001
2011-08-08,0.9843,0.002444
2011-08-09,0.9841,-0.00020299999999999997
2011-08-10,0.9841,0.0
2011-08-11,0.9855,0.001423
2011-08-12,0.9862,0.0007099999999999999
2011-08-15,0.9871,0.0009130000000000001
2011-08-16,0.9864,-0.000709
2011-08-17,0.986,-0.00040599999999999995
2011-08-18,0.9861,0.000101
2011-08-19,0.9859,-0.00020299999999999997
2011-08-22,0.9861,0.00020299999999999997
2011-08-23,0.9859,-0.00020299999999999997
2011-08-24,0.987,0.001116
2011-08-25,0.9869,-0.000101
2011-08-26,0.9864,-0.0005070000000000001
2011-08-29,0.9818,-0.004663
2011-08-30,0.9787,-0.0031569999999999997
2011-08-31,0.9791,0.00040899999999999997
2011-09-01,0.9793,0.00020400000000000003
2011-09-02,0.9777,-0.0016339999999999998
2011-09-05,0.9752,-0.002557
2011-09-06,0.9755,0.000308
2011-09-07,0.9752,-0.000308
2011-09-08,0.9754,0.000205
2011-09-09,0.9758,0.00041
2011-09-13,0.9751,-0.000717
2011-09-14,0.9752,0.000103
2011-09-15,0.9748,-0.00041
2011-09-16,0.9738,-0.001026
2011-09-19,0.9737,-0.000103
2011-09-20,0.9731,-0.000616
2011-09-21,0.9731,0.0
2011-09-22,0.9721,-0.001028
2011-09-23,0.972,-0.000103
2011-09-26,0.9718,-0.000206
2011-09-27,0.9715,-0.00030900000000000003
2011-09-28,0.9713,-0.000206
2011-09-29,0.9713,0.0
2011-09-30,0.9723,0.0010299999999999999
2011-10-10,0.9739,0.001646
2011-10-11,0.9753,0.001438
2011-10-12,0.9739,-0.0014349999999999999
2011-10-13,0.9732,-0.000719
2011-10-14,0.9752,0.002055
2011-10-17,0.9745,-0.000718
2011-10-18,0.9767,0.002258
2011-10-19,0.979,0.002355
2011-10-20,0.9811,0.0021449999999999998
2011-10-21,0.9833,0.002242
2011-10-24,0.9817,-0.0016270000000000002
2011-10-25,0.9797,-0.0020369999999999997
2011-10-26,0.98,0.000306
2011-10-27,0.9793,-0.000714
2011-10-28,0.9787,-0.000613
2011-10-31,0.9785,-0.00020400000000000003
2011-11-01,0.9807,0.002248
2011-11-02,0.9797,-0.0010199999999999999
2011-11-03,0.9794,-0.000306
2011-11-04,0.9821,0.002757
2011-11-07,0.9834,0.0013239999999999999
2011-11-08,0.9844,0.001017
2011-11-09,0.9887,0.004368
2011-11-10,0.9924,0.0037419999999999997
2011-11-11,0.996,0.003628
2011-11-14,0.9939,-0.002108
2011-11-15,0.9955,0.00161
2011-11-16,0.9934,-0.002109
2011-11-17,0.991,-0.002416
2011-11-18,0.9894,-0.0016150000000000001
2011-11-21,0.9911,0.0017180000000000001
2011-11-22,0.991,-0.000101
2011-11-23,0.9901,-0.0009080000000000001
2011-11-24,0.9899,-0.000202
2011-11-25,0.9906,0.000707
2011-11-28,0.9926,0.002019
2011-11-29,0.9919,-0.0007049999999999999
2011-11-30,0.9939,0.002016
2011-12-01,0.9957,0.0018110000000000001
2011-12-02,0.9971,0.0014060000000000001
2011-12-05,0.9962,-0.000903
2011-12-06,0.9955,-0.0007030000000000001
2011-12-07,0.9961,0.000603
2011-12-08,0.9978,0.001707
2011-12-09,0.9989,0.0011020000000000001
2011-12-12,0.9986,-0.0003
2011-12-13,0.9983,-0.0003
2011-12-14,0.9985,0.0002
2011-12-15,0.9973,-0.001202
2011-12-16,0.9967,-0.000602
2011-12-19,0.9941,-0.002609
2011-12-20,0.9947,0.000604
2011-12-21,0.9939,-0.000804
2011-12-22,0.9939,0.0
2011-12-23,0.9941,0.000201
2011-12-26,0.9933,-0.000805
2011-12-27,0.9937,0.00040300000000000004
2011-12-28,0.9938,0.000101
2011-12-29,0.994,0.000201
2011-12-30,0.9944,0.000402
2011-12-31,0.9945,0.000101
2012-01-04,0.9943,-0.000201
2012-01-05,0.9944,0.000101
2012-01-06,0.9962,0.00181
2012-01-09,0.9956,-0.000602
2012-01-10,0.9968,0.001205
2012-01-11,0.9943,-0.0025080000000000002
2012-01-12,0.9967,0.002414
2012-01-13,0.9967,0.0
2012-01-16,0.9974,0.0007019999999999999
2012-01-17,0.9975,0.0001
2012-01-18,0.9955,-0.0020050000000000003
2012-01-19,0.9986,0.003114
2012-01-20,1.0001,0.001502
2012-01-30,1.0014,0.0013
2012-01-31,1.0033,0.001897
2012-02-01,1.003,-0.000299
2012-02-02,1.0035,0.000499
2012-02-03,1.0038,0.000299
2012-02-06,1.0042,0.000398
2012-02-07,1.0042,0.0
2012-02-08,1.0043,0.0001
2012-02-09,1.0039,-0.000398
2012-02-10,1.0047,0.000797
2012-02-13,1.0047,0.0
2012-02-14,1.0049,0.000199
2012-02-15,1.0055,0.000597
2012-02-16,1.0058,0.000298
2012-02-17,1.0058,0.0
2012-02-20,1.0068,0.000994
2012-02-21,1.0072,0.000397
2012-02-22,1.0077,0.000496
2012-02-23,1.0074,-0.000298
2012-02-24,1.0082,0.000794
2012-02-27,1.0078,-0.000397
2012-02-28,1.0084,0.0005949999999999999
2012-02-29,1.0086,0.00019800000000000002
2012-03-01,1.0092,0.0005949999999999999
2012-03-02,1.0097,0.000495
2012-03-05,1.01,0.000297
2012-03-06,1.0107,0.000693
2012-03-07,1.0116,0.00089
2012-03-08,1.0129,0.0012850000000000001
2012-03-09,1.0143,0.001382
2012-03-12,1.015,0.0006900000000000001
2012-03-13,1.0145,-0.000493
2012-03-14,1.0152,0.0006900000000000001
2012-03-15,1.016,0.000788
2012-03-16,1.0168,0.000787
2012-03-19,1.0171,0.00029499999999999996
2012-03-20,1.0169,-0.000197
2012-03-21,1.0173,0.000393
2012-03-22,1.0018,0.000491
2012-03-23,1.0022,0.000399
2012-03-26,1.003,0.000798
2012-03-27,1.0028,-0.000199
2012-03-28,1.003,0.000199
2012-03-29,1.0035,0.000499
2012-03-30,1.0046,0.001096
2012-03-31,1.0043,-0.000299
2012-04-05,1.0046,0.000299
2012-04-06,1.0047,0.0001
2012-04-09,1.0046,-0.0001
2012-04-10,1.0049,0.000299
2012-04-11,1.0055,0.000597
2012-04-12,1.0062,0.000696
2012-04-13,1.0076,0.001391
2012-04-16,1.0081,0.000496
2012-04-17,1.0084,0.000298
2012-04-18,1.0096,0.0011899999999999999
2012-04-19,1.0106,0.00099
2012-04-20,1.0116,0.00099
2012-04-23,1.0121,0.000494
2012-04-24,1.0126,0.000494
2012-04-25,1.0128,0.00019800000000000002
2012-04-26,1.0131,0.00029600000000000004
2012-04-27,1.0144,0.001283
2012-05-02,1.0151,0.0006900000000000001
2012-05-03,1.0161,0.000985
2012-05-04,1.0172,0.001083
2012-05-07,1.0179,0.000688
2012-05-08,1.0181,0.000196
2012-05-09,1.0186,0.000491
2012-05-10,1.0191,0.000491
2012-05-11,1.0197,0.000589
2012-05-14,1.0051,0.001471
2012-05-15,1.0065,0.0013930000000000001
2012-05-16,1.0075,0.000994
2012-05-17,1.0074,-9.900000000000001e-05
2012-05-18,1.0085,0.001092
2012-05-21,1.0092,0.0006940000000000001
2012-05-22,1.01,0.000793
2012-05-23,1.0102,0.00019800000000000002
2012-05-24,1.0114,0.001188
2012-05-25,1.0132,0.00178
2012-05-28,1.0146,0.001382
2012-05-29,1.0151,0.000493
2012-05-30,1.0154,0.00029600000000000004
2012-05-31,1.0166,0.0011819999999999999
2012-06-01,1.0171,0.000492
2012-06-04,1.0176,0.000492
2012-06-05,1.0185,0.000884
2012-06-06,1.0191,0.000589
2012-06-07,1.0197,0.000589
2012-06-08,1.0214,0.0016669999999999999
2012-06-11,1.0223,0.000881
2012-06-12,1.0229,0.0005870000000000001
2012-06-13,1.023,9.8e-05
2012-06-14,1.0229,-9.8e-05
2012-06-15,1.0236,0.000684
2012-06-18,1.0216,-0.001954
2012-06-19,1.0215,-9.8e-05
2012-06-20,1.0222,0.0006850000000000001
2012-06-21,1.0223,9.8e-05
2012-06-25,1.0223,0.0
2012-06-26,1.0224,9.8e-05
2012-06-27,1.0223,-9.8e-05
2012-06-28,1.0224,9.8e-05
2012-06-29,1.0234,0.000978
2012-06-30,1.0236,0.000195
2012-07-02,1.0232,-0.000391
2012-07-03,1.0235,0.000293
2012-07-04,1.0242,0.000684
2012-07-05,1.0243,9.8e-05
2012-07-06,1.0131,0.0009760000000000001
2012-07-09,1.0133,0.000197
2012-07-10,1.013,-0.00029600000000000004
2012-07-11,1.0133,0.00029600000000000004
2012-07-12,1.0135,0.000197
2012-07-13,1.0141,0.0005920000000000001
2012-07-16,1.0143,0.000197
2012-07-17,1.014,-0.00029600000000000004
2012-07-18,1.0142,0.000197
2012-07-19,1.0145,0.00029600000000000004
2012-07-20,1.0144,-9.900000000000001e-05
2012-07-23,1.0141,-0.00029600000000000004
2012-07-24,1.0135,-0.0005920000000000001
2012-07-25,1.0131,-0.000395
2012-07-26,1.0126,-0.000494
2012-07-27,1.0127,9.900000000000001e-05
2012-07-30,1.0124,-0.00029600000000000004
2012-07-31,1.0114,-0.000988
2012-08-01,1.0101,-0.0012850000000000001
2012-08-02,1.006,-0.004059
2012-08-03,1.0035,-0.002485
2012-08-06,1.0041,0.000598
2012-08-07,1.0036,-0.000498
2012-08-08,1.0031,-0.000498
2012-08-09,1.0031,0.0
2012-08-10,1.0029,-0.000199
2012-08-13,1.0035,0.000598
2012-08-14,1.0035,0.0
2012-08-15,1.0033,-0.000199
2012-08-16,1.0039,0.000598
2012-08-17,1.0051,0.0011949999999999999
2012-08-20,1.0048,-0.000298
2012-08-21,1.0052,0.000398
2012-08-22,1.0044,-0.000796
2012-08-23,1.0054,0.000996
2012-08-24,1.0053,-9.900000000000001e-05
2012-08-27,1.0054,9.900000000000001e-05
2012-08-28,1.0054,0.0
2012-08-29,1.0054,0.0
2012-08-30,1.0055,9.900000000000001e-05
2012-08-31,1.0055,0.0
2012-09-03,1.0057,0.000199
2012-09-04,1.007,0.0012929999999999999
2012-09-05,1.0069,-9.900000000000001e-05
2012-09-06,1.0072,0.000298
2012-09-07,1.0069,-0.000298
2012-09-10,1.007,9.900000000000001e-05
2012-09-11,1.0071,9.900000000000001e-05
2012-09-12,1.0075,0.000397
2012-09-13,1.0075,0.0
2012-09-14,1.0075,0.0
2012-09-17,1.0072,-0.000298
2012-09-18,1.0075,0.000298
2012-09-19,1.0077,0.000199
2012-09-20,1.0078,9.900000000000001e-05
2012-09-21,1.0078,0.0
2012-09-24,1.008,0.00019800000000000002
2012-09-25,1.0084,0.000397
2012-09-26,1.0088,0.000397
2012-09-27,1.0092,0.000397
2012-09-28,1.01,0.000793
2012-09-30,1.0102,0.00019800000000000002
2012-10-08,1.0108,0.000594
2012-10-09,1.0116,0.000791
2012-10-10,1.0116,0.0
2012-10-11,1.0119,0.000297
2012-10-12,1.0134,0.001482
2012-10-15,1.0134,0.0
2012-10-16,1.0127,-0.000691
2012-10-17,1.0143,0.00158
2012-10-18,1.0141,-0.000197
2012-10-19,1.0139,-0.000197
2012-10-22,1.0146,0.0006900000000000001
2012-10-23,1.0145,-9.900000000000001e-05
2012-10-24,1.0142,-0.00029600000000000004
2012-10-25,1.014,-0.000197
2012-10-26,1.0139,-9.900000000000001e-05
2012-10-29,1.0136,-0.00029600000000000004
2012-10-30,1.0141,0.000493
2012-10-31,1.0143,0.000197
2012-11-01,1.0148,0.000493
2012-11-02,1.015,0.000197
2012-11-05,1.0155,0.000493
2012-11-06,1.0158,0.00029499999999999996
2012-11-07,1.0161,0.00029499999999999996
2012-11-08,1.0163,0.000197
2012-11-09,1.0166,0.00029499999999999996
2012-11-12,1.0174,0.000787
2012-11-13,1.0178,0.000393
2012-11-14,1.018,0.000197
2012-11-15,1.0182,0.000196
2012-11-16,1.0183,9.8e-05
2012-11-19,1.0188,0.000491
2012-11-20,1.0189,9.8e-05
2012-11-21,1.0191,0.000196
2012-11-22,1.0189,-0.000196
2012-11-23,1.0194,0.000491
2012-11-26,1.0198,0.000392
2012-11-27,1.0202,0.000392
2012-11-28,1.0204,0.000196
2012-11-29,1.0208,0.000392
2012-11-30,1.0213,0.00049
2012-12-03,1.0212,-9.8e-05
2012-12-04,1.021,-0.000196
2012-12-05,1.0217,0.000686
2012-12-06,1.022,0.000294
2012-12-07,1.0221,9.8e-05
2012-12-10,1.0229,0.000783
2012-12-11,1.0223,-0.0005870000000000001
2012-12-12,1.0227,0.000391
2012-12-13,1.0229,0.000196
2012-12-14,1.0235,0.0005870000000000001
2012-12-17,1.0035,9.8e-05
2012-12-18,1.0039,0.000399
2012-12-19,1.004,0.0001
2012-12-20,1.0041,0.0001
2012-12-21,1.0045,0.000398
2012-12-24,1.0046,0.0001
2012-12-25,1.0055,0.000896
2012-12-26,1.0057,0.000199
2012-12-27,1.0062,0.000497
2012-12-28,1.0061,-9.900000000000001e-05
2012-12-31,1.0069,0.000795
2013-01-04,1.007,9.900000000000001e-05
2013-01-07,1.0085,0.00149
2013-01-08,1.0093,0.000793
2013-01-09,1.0098,0.000495
2013-01-10,1.0108,0.00099
2013-01-11,1.0107,-9.900000000000001e-05
2013-01-14,1.0117,0.000989
2013-01-15,1.0131,0.001384
2013-01-16,1.0142,0.001086
2013-01-17,1.0147,0.000493
2013-01-18,1.0158,0.001084
2013-01-21,1.0165,0.000689
2013-01-22,1.0169,0.000394
2013-01-23,1.0171,0.000197
2013-01-24,1.0169,-0.000197
2013-01-25,1.0168,-9.8e-05
2013-01-28,1.0182,0.001377
2013-01-29,1.0183,9.8e-05
2013-01-30,1.0189,0.000589
2013-01-31,1.0194,0.000491
2013-02-01,1.0207,0.001275
2013-02-04,1.0207,0.0
2013-02-05,1.0208,9.8e-05
2013-02-06,1.0214,0.000588
2013-02-07,1.0214,0.0
2013-02-08,1.0221,0.0006850000000000001
2013-02-18,1.0222,9.8e-05
2013-02-19,1.0221,-9.8e-05
2013-02-20,1.0223,0.000196
2013-02-21,1.0218,-0.000489
2013-02-22,1.0214,-0.000391
2013-02-25,1.0215,9.8e-05
2013-02-26,1.0208,-0.0006850000000000001
2013-02-27,1.0213,0.00049
2013-02-28,1.0222,0.000881
2013-03-01,1.0222,0.0
2013-03-04,1.021,-0.0011740000000000001
2013-03-05,1.0218,0.000784
2013-03-06,1.0227,0.000881
2013-03-07,1.0229,0.000196
2013-03-08,1.0233,0.000391
2013-03-11,1.0237,0.000391
2013-03-12,1.0244,0.000684
2013-03-13,1.0243,-9.8e-05
2013-03-14,1.0244,9.8e-05
2013-03-15,1.0244,0.0
2013-03-18,1.0027,-0.000683
2013-03-19,1.0025,-0.000199
2013-03-20,1.0032,0.000698
2013-03-21,1.0036,0.000399
2013-03-22,1.0042,0.000598
2013-03-25,1.005,0.000797
2013-03-26,1.0044,-0.000597
2013-03-27,1.0047,0.000299
2013-03-28,1.0032,-0.001493
2013-03-29,1.0038,0.000598
2013-04-01,1.0044,0.000598
2013-04-02,1.005,0.000597
2013-04-03,1.0055,0.000498
2013-04-08,1.0063,0.000796
2013-04-09,1.0073,0.000994
2013-04-10,1.0079,0.000596
2013-04-11,1.0073,-0.0005949999999999999
2013-04-12,1.0075,0.000199
2013-04-15,1.0067,-0.000794
2013-04-16,1.0075,0.000795
2013-04-17,1.0072,-0.000298
2013-04-18,1.007,-0.000199
2013-04-19,1.0073,0.000298
2013-04-22,1.006,-0.0012909999999999998
2013-04-23,1.0023,-0.0036780000000000003
2013-04-24,1.0026,0.000299
2013-04-25,1.0047,0.002095
2013-04-26,1.0069,0.00219
2013-05-02,1.0081,0.001192
2013-05-03,1.0094,0.0012900000000000001
2013-05-06,1.0104,0.000991
2013-05-07,1.0112,0.0007920000000000001
2013-05-08,1.0115,0.000297
2013-05-09,1.0117,0.00019800000000000002
2013-05-10,1.0125,0.000791
2013-05-13,1.0129,0.000395
2013-05-14,1.0132,0.00029600000000000004
2013-05-15,1.0139,0.000691
2013-05-16,1.0146,0.0006900000000000001
2013-05-17,1.0156,0.000986
2013-05-20,1.0163,0.000689
2013-05-21,1.016,-0.00029499999999999996
2013-05-22,1.0156,-0.000394
2013-05-23,1.0157,9.8e-05
2013-05-24,1.0162,0.000492
2013-05-27,1.0167,0.000492
2013-05-28,1.0179,0.0011799999999999998
2013-05-29,1.018,9.8e-05
2013-05-30,1.0178,-0.000196
2013-05-31,1.0176,-0.000197
2013-06-03,1.018,0.000393
2013-06-04,1.017,-0.000982
2013-06-05,1.0168,-0.000197
2013-06-06,1.0163,-0.000492
2013-06-07,1.0159,-0.000394
2013-06-13,1.0133,-0.002559
2013-06-14,1.013,-0.00029600000000000004
2013-06-17,0.9983,-0.000395
2013-06-18,0.9982,-0.0001
2013-06-19,0.9944,-0.0038069999999999996
2013-06-20,0.992,-0.002414
2013-06-21,0.9913,-0.0007059999999999999
2013-06-24,0.9896,-0.0017150000000000002
2013-06-25,0.9904,0.000808
2013-06-26,0.9948,0.004443
2013-06-27,0.9967,0.00191
2013-06-28,0.9992,0.0025080000000000002
2013-06-30,0.9993,0.0001
2013-07-01,1.0003,0.001001
2013-07-02,1.0016,0.0013
2013-07-03,1.0034,0.001797
2013-07-04,1.0041,0.000698
2013-07-05,1.0044,0.000299
2013-07-08,1.0048,0.000398
2013-07-09,1.0048,0.0
2013-07-10,1.0045,-0.000299
2013-07-11,1.0047,0.000199
2013-07-12,1.004,-0.000697
2013-07-15,1.0039,-0.0001
2013-07-16,1.0032,-0.000697
2013-07-17,1.0022,-0.000997
2013-07-18,1.0014,-0.000798
2013-07-19,1.001,-0.000399
2013-07-22,1.0001,-0.000899
2013-07-23,0.9994,-0.0007000000000000001
2013-07-24,0.9994,0.0
2013-07-25,0.9992,-0.0002
2013-07-26,0.9994,0.0002
2013-07-29,0.9993,-0.0001
2013-07-30,0.9988,-0.0005
2013-07-31,0.9992,0.0004
2013-08-01,0.9997,0.0005
2013-08-02,1.0003,0.0006
2013-08-05,1.0004,0.0001
2013-08-06,1.0,-0.0004
2013-08-07,0.9992,-0.0008
2013-08-08,0.9991,-0.0001
2013-08-09,0.9989,-0.0002
2013-08-12,0.9987,-0.0002
2013-08-13,0.9984,-0.0003
2013-08-14,0.9933,-0.0051080000000000006
2013-08-15,0.9975,0.004228
2013-08-16,0.9972,-0.000301
2013-08-19,0.9969,-0.000301
2013-08-20,0.9962,-0.0007019999999999999
2013-08-21,0.9962,0.0
2013-08-22,0.9963,0.0001
2013-08-23,0.9964,0.0001
2013-08-26,0.9974,0.0010040000000000001
2013-08-27,0.9978,0.000401
2013-08-28,0.9985,0.0007019999999999999
2013-08-29,0.9988,0.0003
2013-08-30,0.9994,0.000601
2013-09-02,0.9999,0.0005
2013-09-03,1.0,0.0001
2013-09-04,1.0003,0.0003
2013-09-05,1.0001,-0.0002
2013-09-06,1.0009,0.0008
2013-09-09,1.0013,0.0004
2013-09-10,1.0015,0.0002
2013-09-11,1.0017,0.0002
2013-09-12,1.0013,-0.000399
2013-09-13,1.0017,0.000399
2013-09-16,1.0018,0.0001
2013-09-17,1.0025,0.0006990000000000001
2013-09-18,1.0028,0.000299
2013-09-23,1.003,0.0016950000000000001
2013-09-24,1.0025,-0.000499
2013-09-25,1.0026,0.0001
2013-09-26,1.0028,0.000199
2013-09-27,1.0031,0.000299
2013-09-30,1.0038,0.000698
2013-10-08,1.0048,0.000996
2013-10-09,1.0048,0.0
2013-10-10,1.005,0.000199
2013-10-11,1.0054,0.000398
2013-10-14,1.0054,0.0
2013-10-15,1.0054,0.0
2013-10-16,1.0055,9.900000000000001e-05
2013-10-17,1.0055,0.0
2013-10-18,1.0051,-0.000398
2013-10-21,1.0059,0.000796
2013-10-22,1.0058,-9.900000000000001e-05
2013-10-23,1.0056,-0.000199
2013-10-24,1.0046,-0.000994
2013-10-25,1.0045,-0.0001
2013-10-28,1.005,0.000498
2013-10-29,1.0048,-0.000199
2013-10-30,1.0045,-0.000299
2013-10-31,1.0047,0.000199
2013-11-01,1.0051,0.000398
2013-11-04,1.0047,-0.000398
2013-11-05,1.0043,-0.000398
2013-11-06,1.0041,-0.000199
2013-11-07,1.0038,-0.000299
2013-11-08,1.0017,-0.002092
2013-11-11,1.0017,0.0
2013-11-12,1.0007,-0.000998
2013-11-13,1.0007,0.0
2013-11-14,0.9988,-0.001899
2013-11-15,0.9978,-0.001001
2013-11-18,0.9974,-0.000401
2013-11-19,0.9966,-0.000802
2013-11-20,0.9951,-0.001505
2013-11-21,0.9944,-0.0007030000000000001
2013-11-22,0.996,0.001609
2013-11-25,0.9959,-0.0001
2013-11-26,0.9955,-0.000402
2013-11-27,0.9955,0.0
2013-11-28,0.9967,0.001205
2013-11-29,0.9988,0.002107
2013-12-02,0.9959,-0.002903
2013-12-03,0.9975,0.0016070000000000001
2013-12-04,0.9994,0.001905
2013-12-05,0.9972,-0.002201
2013-12-06,0.9954,-0.001805
2013-12-09,0.9967,0.0013059999999999999
2013-12-10,0.9947,-0.002007
2013-12-11,0.9952,0.000503
2013-12-12,0.9961,0.000904
2013-12-13,0.9967,0.000602
2013-12-16,0.9942,-0.0025080000000000002
2013-12-17,0.994,-0.000201
2013-12-18,0.9927,-0.001308
2013-12-19,0.9892,-0.003526
2013-12-20,0.9865,-0.0027289999999999997
2013-12-23,0.9876,0.001115
2013-12-24,0.9884,0.0008100000000000001
2013-12-25,0.9892,0.000809
2013-12-26,0.9904,0.001213
2013-12-27,0.9905,0.000101
2013-12-30,0.9906,0.000101
2013-12-31,0.9906,0.0
2014-01-02,0.9922,0.0016150000000000001
2014-01-03,0.9924,0.000202
2014-01-06,0.9893,-0.003124
2014-01-07,0.989,-0.000303
2014-01-08,0.9901,0.001112
2014-01-09,0.9892,-0.000909
2014-01-10,0.9863,-0.002932
2014-01-13,0.9834,-0.00294
2014-01-14,0.9853,0.0019320000000000001
2014-01-15,0.9864,0.001116
2014-01-16,0.9868,0.00040599999999999995
2014-01-17,0.9866,-0.00020299999999999997
2014-01-20,0.9842,-0.002433
2014-01-21,0.9845,0.000305
2014-01-22,0.982,-0.002539
2014-01-23,0.9828,0.0008150000000000001
2014-01-24,0.9855,0.002747
2014-01-27,0.9875,0.002029
2014-01-28,0.9892,0.001722
2014-01-29,0.9911,0.001921
2014-01-30,0.9975,0.006457000000000001
2014-02-07,0.9996,0.002105
2014-02-10,1.002,0.002401
2014-02-11,1.0021,0.0001
2014-02-12,1.001,-0.001098
2014-02-13,1.0019,0.000899
2014-02-14,1.0066,0.004691
2014-02-17,1.01,0.003378
2014-02-18,1.0093,-0.000693
2014-02-19,1.011,0.001684
2014-02-20,1.0098,-0.001187
2014-02-21,1.0111,0.0012870000000000002
2014-02-24,1.0124,0.0012859999999999998
2014-02-25,1.0123,-9.900000000000001e-05
2014-02-26,1.0127,0.000395
2014-02-27,1.0138,0.001086
2014-02-28,1.0144,0.0005920000000000001
2014-03-03,1.0153,0.000887
2014-03-04,1.0158,0.000492
2014-03-05,1.0147,-0.001083
2014-03-06,1.0146,-9.900000000000001e-05
2014-03-07,1.0147,9.900000000000001e-05
2014-03-10,1.0145,-0.000197
2014-03-11,1.015,0.000493
2014-03-12,1.0149,-9.900000000000001e-05
2014-03-13,1.015,9.900000000000001e-05
2014-03-14,1.0157,0.0006900000000000001
2014-03-17,1.0172,0.001477
2014-03-18,1.017,-0.000197
2014-03-19,1.0168,-0.000197
2014-03-20,1.0164,-0.000393
2014-03-21,1.0149,0.001869
2014-03-24,1.0148,-9.900000000000001e-05
2014-03-25,1.0154,0.0005909999999999999
2014-03-26,1.0153,-9.8e-05
2014-03-27,1.0148,-0.000492
2014-03-28,1.015,0.000197
2014-03-31,1.0169,0.001872
2014-04-01,1.0161,-0.000787
2014-04-02,1.0149,-0.001181
2014-04-03,1.0155,0.0005909999999999999
2014-04-04,1.0158,0.00029499999999999996
2014-04-08,1.0164,0.0005909999999999999
2014-04-09,1.0165,9.8e-05
2014-04-10,1.0172,0.000689
2014-04-11,1.0155,-0.001671
2014-04-14,1.0176,0.002068
2014-04-15,1.017,-0.0005899999999999999
2014-04-16,1.018,0.000983
2014-04-17,1.0176,-0.000393
2014-04-18,1.0189,0.001278
2014-04-21,1.0194,0.000491
2014-04-22,1.0195,9.8e-05
2014-04-23,1.0195,0.0
2014-04-24,1.0194,-9.8e-05
2014-04-25,1.0196,0.000196
2014-04-28,1.0206,0.000981
2014-04-29,1.0207,9.8e-05
2014-04-30,1.0217,0.00098
2014-05-05,1.0225,0.000783
2014-05-06,1.0237,0.0011740000000000001
2014-05-07,1.0248,0.001075
2014-05-08,1.0253,0.00048800000000000004
2014-05-09,1.0259,0.000585
2014-05-12,1.0263,0.00039
2014-05-13,1.0276,0.0012670000000000001
2014-05-14,1.0281,0.000487
2014-05-15,1.0285,0.00038899999999999997
2014-05-16,1.0287,0.000194
2014-05-19,1.0288,9.7e-05
2014-05-20,1.0287,-9.7e-05
2014-05-21,1.0289,0.000194
2014-05-22,1.0291,0.000194
2014-05-23,1.0293,0.000194
2014-05-26,1.0299,0.000583
2014-05-27,1.0334,0.003398
2014-05-28,1.0313,-0.002032
2014-05-29,1.0316,0.000291
2014-05-30,1.0314,-0.000194
2014-06-03,1.0327,0.00126
2014-06-04,1.0341,0.001356
2014-06-05,1.0353,0.00116
2014-06-06,1.0346,-0.000676
2014-06-09,1.0358,0.00116
2014-06-10,1.037,0.001159
2014-06-11,1.0376,0.000579
2014-06-12,1.0261,0.0
2014-06-13,1.0242,-0.0018520000000000001
2014-06-16,1.0262,0.001953
2014-06-17,1.0258,-0.00039
2014-06-18,1.0258,0.0
2014-06-19,1.0256,-0.000195
2014-06-20,1.0283,0.002633
2014-06-23,1.0297,0.001361
2014-06-24,1.0304,0.00068
2014-06-25,1.0309,0.000485
2014-06-26,1.0321,0.001164
2014-06-27,1.0326,0.000484
2014-06-30,1.033,0.000387
2014-07-01,1.032,-0.000968
2014-07-02,1.0303,-0.001647
2014-07-03,1.0319,0.001553
2014-07-04,1.0308,-0.001066
2014-07-07,1.0322,0.001358
2014-07-08,1.0326,0.000388
2014-07-09,1.0328,0.000194
2014-07-10,1.0335,0.000678
2014-07-11,1.0341,0.000581
2014-07-14,1.0352,0.0010639999999999998
2014-07-15,1.0348,-0.000386
2014-07-16,1.034,-0.0007729999999999999
2014-07-17,1.0323,-0.0016439999999999998
2014-07-18,1.0318,-0.000484
2014-07-21,1.0324,0.000582
2014-07-22,1.0338,0.001356
2014-07-23,1.0345,0.000677
2014-07-24,1.0362,0.001643
2014-07-25,1.0367,0.00048300000000000003
2014-07-28,1.0396,0.002797
2014-07-29,1.0409,0.00125
2014-07-30,1.0412,0.000288
2014-07-31,1.043,0.001729
2014-08-01,1.0439,0.000863
2014-08-04,1.0452,0.001245
2014-08-05,1.0455,0.000287
2014-08-06,1.0461,0.000574
2014-08-07,1.0462,9.599999999999999e-05
2014-08-08,1.0472,0.000956
2014-08-11,1.0493,0.0020050000000000003
2014-08-12,1.0499,0.000572
2014-08-13,1.0495,-0.00038100000000000005
2014-08-14,1.0511,0.0015249999999999999
2014-08-15,1.0529,0.001712
2014-08-18,1.053,9.499999999999999e-05
2014-08-19,1.0544,0.00133
2014-08-20,1.0542,-0.00018999999999999998
2014-08-21,1.0548,0.000569
2014-08-22,1.0547,-9.499999999999999e-05
2014-08-25,1.0558,0.001043
2014-08-26,1.0558,0.0
2014-08-27,1.0562,0.00037900000000000005
2014-08-28,1.0572,0.000947
2014-08-29,1.0578,0.000568
2014-09-01,1.0583,0.000473
2014-09-02,1.0586,0.000283
2014-09-03,1.0586,0.0
2014-09-04,1.0585,-9.400000000000001e-05
2014-09-05,1.0594,0.0008500000000000001
2014-09-09,1.0604,0.000944
2014-09-10,1.0607,0.000283
2014-09-11,1.0611,0.00037699999999999995
2014-09-12,1.0612,9.400000000000001e-05
2014-09-15,1.0626,0.0013189999999999999
2014-09-16,1.0623,-0.00028199999999999997
2014-09-17,1.0639,0.0015060000000000002
2014-09-18,1.0657,0.001692
2014-09-19,1.0673,0.0015010000000000002
2014-09-22,1.0675,0.00018700000000000002
2014-09-23,1.0679,0.000375
2014-09-24,1.0676,-0.000281
2014-09-25,1.0482,9.400000000000001e-05
2014-09-26,1.0484,0.00019099999999999998
2014-09-29,1.0492,0.0007630000000000001
2014-09-30,1.0495,0.000286
2014-10-08,1.051,0.001429
2014-10-09,1.0508,-0.00018999999999999998
2014-10-10,1.0512,0.00038100000000000005
2014-10-13,1.0514,0.00018999999999999998
2014-10-14,1.0531,0.0016170000000000002
2014-10-15,1.0555,0.0022789999999999998
2014-10-16,1.0565,0.000947
2014-10-17,1.0586,0.001988
2014-10-20,1.0621,0.003306
2014-10-21,1.0647,0.002448
2014-10-22,1.0659,0.001127
2014-10-23,1.067,0.001032
2014-10-24,1.0684,0.001312
2014-10-27,1.0689,0.000468
2014-10-28,1.0703,0.00131
2014-10-29,1.0725,0.002055
2014-10-30,1.0741,0.001492
2014-10-31,1.0771,0.002793
2014-11-03,1.0801,0.002785
2014-11-04,1.0842,0.003796
2014-11-05,1.0871,0.0026750000000000003
2014-11-06,1.0897,0.002392
2014-11-07,1.0921,0.002202
2014-11-10,1.0957,0.003296
2014-11-11,1.0948,-0.0008210000000000001
2014-11-12,1.0957,0.0008219999999999999
2014-11-13,1.0955,-0.000183
2014-11-14,1.0941,-0.001278
2014-11-17,1.0945,0.000366
2014-11-18,1.0929,-0.001462
2014-11-19,1.0916,-0.001189
2014-11-20,1.0889,-0.002473
2014-11-21,1.0859,-0.002755
2014-11-24,1.0938,0.007275
2014-11-25,1.094,0.000183
2014-11-26,1.0939,-9.1e-05
2014-11-27,1.0937,-0.000183
2014-11-28,1.0943,0.000549
2014-12-01,1.0951,0.000731
2014-12-02,1.0948,-0.000274
2014-12-03,1.0908,-0.003654
2014-12-04,1.0876,-0.002934
2014-12-05,1.0823,-0.004873
2014-12-08,1.0778,-0.004158
2014-12-09,1.0596,-0.016886
2014-12-10,1.0543,-0.0050019999999999995
2014-12-11,1.0516,-0.002561
2014-12-12,1.0499,-0.0016170000000000002
2014-12-15,1.049,-0.000857
2014-12-16,1.0459,-0.0029549999999999997
2014-12-17,1.0432,-0.0025819999999999997
2014-12-18,1.0417,-0.001438
2014-12-19,1.0417,0.0
2014-12-22,1.0431,0.001344
2014-12-23,1.044,0.000863
2014-12-24,1.0462,0.002107
2014-12-25,1.0376,0.003154
2014-12-26,1.0408,0.003084
2014-12-29,1.0433,0.002402
2014-12-30,1.0439,0.000575
2014-12-31,1.044,9.599999999999999e-05
2015-01-05,1.0472,0.003065
2015-01-06,1.0501,0.0027689999999999998
2015-01-07,1.0521,0.001905
2015-01-08,1.0526,0.000475
2015-01-09,1.0543,0.0016150000000000001
2015-01-12,1.0524,-0.001802
2015-01-13,1.0538,0.00133
2015-01-14,1.0551,0.0012339999999999999
2015-01-15,1.0555,0.00037900000000000005
2015-01-16,1.0579,0.002274
2015-01-19,1.0588,0.000851
2015-01-20,1.0605,0.001606
2015-01-21,1.0611,0.000566
2015-01-22,1.0623,0.001131
2015-01-23,1.0626,0.00028199999999999997
2015-01-26,1.0634,0.0007530000000000001
2015-01-27,1.0629,-0.00047
2015-01-28,1.0623,-0.0005639999999999999
2015-01-29,1.0616,-0.000659
2015-01-30,1.0612,-0.00037699999999999995
2015-02-02,1.0599,-0.001225
2015-02-03,1.0597,-0.000189
2015-02-04,1.0596,-9.400000000000001e-05
2015-02-05,1.0612,0.00151
2015-02-06,1.0609,-0.000283
2015-02-09,1.0617,0.0007539999999999999
2015-02-10,1.0626,0.000848
2015-02-11,1.0632,0.000565
2015-02-12,1.0646,0.001317
2015-02-13,1.0659,0.001221
2015-02-16,1.0687,0.002627
2015-02-17,1.0689,0.00018700000000000002
2015-02-25,1.0709,0.0018709999999999998
2015-02-26,1.0717,0.000747
2015-02-27,1.0718,9.3e-05
2015-03-02,1.0724,0.0005600000000000001
2015-03-03,1.0718,-0.000559
2015-03-04,1.0716,-0.00018700000000000002
2015-03-05,1.0725,0.00084
2015-03-06,1.0721,-0.000373
2015-03-09,1.0733,0.001119
2015-03-10,1.0746,0.001211
2015-03-11,1.0759,0.00121
2015-03-12,1.0761,0.000186
2015-03-13,1.0764,0.000279
2015-03-16,1.0815,0.004738
2015-03-17,1.0837,0.002034
2015-03-18,1.0854,0.001569
2015-03-19,1.0848,-0.000553
2015-03-20,1.0861,0.001198
2015-03-23,1.0893,0.002946
2015-03-24,1.0889,-0.00036700000000000003
2015-03-25,1.0881,-0.000735
2015-03-26,1.0776,-0.000735
2015-03-27,1.076,-0.001485
2015-03-30,1.0762,0.000186
2015-03-31,1.074,-0.002044
2015-04-01,1.075,0.000931
2015-04-02,1.0788,0.003535
2015-04-03,1.0803,0.0013900000000000002
2015-04-07,1.0805,0.000185
2015-04-08,1.0767,-0.003517
2015-04-09,1.0743,-0.002229
2015-04-10,1.0773,0.002793
2015-04-13,1.0807,0.003156
2015-04-14,1.0806,-9.3e-05
2015-04-15,1.0798,-0.00074
2015-04-16,1.0821,0.00213
2015-04-17,1.0841,0.0018479999999999998
2015-04-20,1.089,0.00452
2015-04-21,1.091,0.001837
2015-04-22,1.0924,0.001283
2015-04-23,1.0927,0.000275
2015-04-24,1.093,0.000275
2015-04-27,1.0946,0.001464
2015-04-28,1.0944,-0.000183
2015-04-29,1.0985,0.0037459999999999998
2015-04-30,1.0997,0.001092
2015-05-04,1.1016,0.0017280000000000002
2015-05-05,1.1016,0.0
2015-05-06,1.1016,0.0
2015-05-07,1.1032,0.001452
2015-05-08,1.105,0.0016320000000000002
2015-05-11,1.1101,0.004615
2015-05-12,1.1132,0.002793
2015-05-13,1.1151,0.001707
2015-05-14,1.1209,0.005201
2015-05-15,1.1209,0.0
2015-05-18,1.1212,0.000268
2015-05-19,1.1251,0.003478
2015-05-20,1.1266,0.001333
2015-05-21,1.1304,0.0033729999999999997
2015-05-22,1.1341,0.003273
2015-05-25,1.1399,0.005114
2015-05-26,1.1418,0.0016669999999999999
2015-05-27,1.1441,0.002014
2015-05-28,1.1346,-0.008303
2015-05-29,1.1363,0.001498
2015-06-01,1.1455,0.008095999999999999
2015-06-02,1.1499,0.003841
2015-06-03,1.1501,0.000174
2015-06-04,1.1529,0.002435
2015-06-05,1.154,0.000954
2015-06-08,1.1547,0.000607
2015-06-09,1.1563,0.001386
2015-06-10,1.157,0.000605
2015-06-11,1.1562,-0.000691
2015-06-12,1.1563,8.6e-05
2015-06-15,1.1187,-0.001384
2015-06-16,1.1118,-0.006168
2015-06-17,1.1134,0.001439
2015-06-18,1.1121,-0.001168
2015-06-19,1.1026,-0.008542
2015-06-23,1.1064,0.0034460000000000003
2015-06-24,1.1091,0.00244
2015-06-25,1.1081,-0.000902
2015-06-26,1.1029,-0.004693
2015-06-29,1.1028,-9.1e-05
2015-06-30,1.1088,0.0054410000000000005
2015-07-01,1.1014,-0.006674
2015-07-02,1.0988,-0.0023610000000000003
2015-07-03,1.0977,-0.001001
2015-07-06,1.1016,0.003553
2015-07-07,1.1064,0.004357
2015-07-08,1.1068,0.000362
2015-07-09,1.1067,-8.999999999999999e-05
2015-07-10,1.108,0.0011749999999999998
2015-07-13,1.1087,0.0006320000000000001
2015-07-14,1.1089,0.00017999999999999998
2015-07-15,1.1089,0.0
2015-07-16,1.1098,0.0008119999999999999
2015-07-17,1.1113,0.001352
2015-07-20,1.1128,0.00135
2015-07-21,1.1134,0.000539
2015-07-22,1.1146,0.001078
2015-07-23,1.1164,0.0016150000000000001
2015-07-24,1.1181,0.0015229999999999998
2015-07-27,1.1187,0.0005369999999999999
2015-07-28,1.1194,0.000626
2015-07-29,1.1208,0.001251
2015-07-30,1.1211,0.000268
2015-07-31,1.1221,0.000892
2015-08-03,1.1231,0.000891
2015-08-04,1.1235,0.000356
2015-08-05,1.1248,0.001157
2015-08-06,1.1257,0.0008
2015-08-07,1.1271,0.0012439999999999999
2015-08-10,1.1278,0.000621
2015-08-11,1.1267,-0.0009750000000000001
2015-08-12,1.1265,-0.000178
2015-08-13,1.1268,0.00026599999999999996
2015-08-14,1.1272,0.00035499999999999996
2015-08-17,1.1285,0.001153
2015-08-18,1.1286,8.9e-05
2015-08-19,1.129,0.000354
2015-08-20,1.1291,8.9e-05
2015-08-21,1.1298,0.00062
2015-08-24,1.1304,0.000531
2015-08-25,1.1305,8.800000000000001e-05
2015-08-26,1.131,0.000442
2015-08-27,1.1313,0.000265
2015-08-28,1.1316,0.000265
2015-08-31,1.1322,0.00053
2015-09-01,1.1324,0.000177
2015-09-02,1.1327,0.000265
2015-09-07,1.1332,0.000441
2015-09-08,1.1333,8.800000000000001e-05
2015-09-09,1.1334,8.800000000000001e-05
2015-09-10,1.1334,0.0
2015-09-11,1.1334,0.0
2015-09-14,1.1339,0.000441
2015-09-15,1.1336,-0.000265
2015-09-16,1.0914,0.0005290000000000001
2015-09-17,1.0917,0.000275
2015-09-18,1.0919,0.000183
2015-09-21,1.0922,0.000275
2015-09-22,1.0921,-9.2e-05
2015-09-23,1.0925,0.000366
2015-09-24,1.0926,9.2e-05
2015-09-25,1.0928,0.000183
2015-09-28,1.0932,0.000366
2015-09-29,1.0935,0.000274
2015-09-30,1.0939,0.000366
2015-10-08,1.0949,0.000914
2015-10-09,1.095,9.1e-05
2015-10-12,1.0955,0.000457
2015-10-13,1.0959,0.000365
2015-10-14,1.0967,0.00073
2015-10-15,1.0971,0.000365
2015-10-16,1.0974,0.000273
2015-10-19,1.0978,0.000364
2015-10-20,1.0984,0.000547
2015-10-21,1.0988,0.000364
2015-10-22,1.099,0.000182
2015-10-23,1.0994,0.000364
2015-10-26,1.1008,0.001273
2015-10-27,1.1012,0.000363
2015-10-28,1.102,0.000726
2015-10-29,1.1025,0.00045400000000000003
2015-10-30,1.1028,0.000272
2015-11-02,1.1032,0.000363
2015-11-03,1.1031,-9.1e-05
2015-11-04,1.1029,-0.000181
2015-11-05,1.1029,0.0
2015-11-06,1.1032,0.000272
2015-11-09,1.1017,-0.00136
2015-11-10,1.1006,-0.000998
2015-11-11,1.1007,9.1e-05
2015-11-12,1.1006,-9.1e-05
2015-11-13,1.1008,0.000182
2015-11-16,1.1008,0.0
2015-11-17,1.101,0.000182
2015-11-18,1.1008,-0.000182
2015-11-19,1.1004,-0.000363
2015-11-20,1.1006,0.000182
2015-11-23,1.1006,0.0
2015-11-24,1.1009,0.000273
2015-11-25,1.1015,0.000545
2015-11-26,1.1016,9.1e-05
2015-11-27,1.1017,9.1e-05
2015-11-30,1.1023,0.000545
2015-12-01,1.1027,0.000363
2015-12-02,1.1029,0.000181
2015-12-03,1.1037,0.000725
2015-12-04,1.1048,0.000997
2015-12-07,1.1058,0.000905
2015-12-08,1.1063,0.000452
2015-12-09,1.1066,0.000271
2015-12-10,1.1071,0.000452
2015-12-11,1.1071,0.0
2015-12-14,1.0954,0.000181
2015-12-15,1.0958,0.000365
2015-12-16,1.0961,0.000274
2015-12-17,1.0972,0.0010040000000000001
2015-12-18,1.0973,9.1e-05
2015-12-21,1.0982,0.00082
2015-12-22,1.0991,0.00082
2015-12-23,1.0989,-0.000182
2015-12-24,1.0997,0.000728
2015-12-25,1.1006,0.0008179999999999999
2015-12-28,1.1005,-9.1e-05
2015-12-29,1.1016,0.001
2015-12-30,1.1027,0.000999
2015-12-31,1.1022,-0.000453
2016-01-04,1.0994,-0.00254
2016-01-05,1.0982,-0.001092
2016-01-06,1.0995,0.0011840000000000002
2016-01-07,1.0977,-0.0016370000000000002
2016-01-08,1.0989,0.001093
2016-01-11,1.0974,-0.0013650000000000001
2016-01-12,1.0992,0.00164
2016-01-13,1.0995,0.000273
2016-01-14,1.1014,0.0017280000000000002
2016-01-15,1.1011,-0.000272
2016-01-18,1.1024,0.001181
2016-01-19,1.103,0.000544
2016-01-20,1.1027,-0.000272
2016-01-21,1.1009,-0.0016320000000000002
2016-01-22,1.1021,0.00109
2016-01-25,1.102,-9.1e-05
2016-01-26,1.099,-0.002722
2016-01-27,1.0976,-0.0012740000000000002
2016-01-28,1.0961,-0.001367
2016-01-29,1.0972,0.0010040000000000001
2016-02-01,1.0967,-0.000456
2016-02-02,1.0985,0.0016409999999999999
2016-02-03,1.098,-0.000455
2016-02-04,1.0994,0.001275
2016-02-05,1.0993,-9.1e-05
2016-02-15,1.1008,0.0013650000000000001
2016-02-16,1.1026,0.0016350000000000002
2016-02-17,1.1032,0.000544
2016-02-18,1.1041,0.0008160000000000001
2016-02-19,1.1047,0.000543
2016-02-22,1.1065,0.0016289999999999998
2016-02-23,1.1068,0.000271
2016-02-24,1.1074,0.000542
2016-02-25,1.1062,-0.001084
2016-02-26,1.1063,8.999999999999999e-05
2016-02-29,1.1061,-0.000181
2016-03-01,1.1069,0.000723
2016-03-02,1.1077,0.000723
2016-03-03,1.0965,0.000271
2016-03-04,1.097,0.000456
2016-03-07,1.0976,0.000547
2016-03-08,1.0982,0.000547
2016-03-09,1.0989,0.0006370000000000001
2016-03-10,1.0996,0.0006370000000000001
2016-03-11,1.0999,0.000273
2016-03-14,1.1006,0.0006360000000000001
2016-03-15,1.1008,0.000182
2016-03-16,1.1009,9.1e-05
2016-03-17,1.1015,0.000545
2016-03-18,1.1016,9.1e-05
2016-03-21,1.1019,0.000272
2016-03-22,1.1019,0.0
2016-03-23,1.1022,0.000272
2016-03-24,1.102,-0.000181
2016-03-25,1.1025,0.00045400000000000003
2016-03-28,1.1022,-0.000272
2016-03-29,1.1017,-0.00045400000000000003
2016-03-30,1.1024,0.000635
2016-03-31,1.1026,0.000181
2016-04-01,1.1029,0.000272
2016-04-05,1.1037,0.000725
2016-04-06,1.1037,0.0
2016-04-07,1.1036,-9.1e-05
2016-04-08,1.1032,-0.000362
2016-04-11,1.1036,0.000363
2016-04-12,1.1025,-0.000997
2016-04-13,1.1019,-0.000544
2016-04-14,1.1004,-0.001361
2016-04-15,1.0999,-0.00045400000000000003
2016-04-18,1.1002,0.000273
2016-04-19,1.1001,-9.1e-05
2016-04-20,1.0994,-0.0006360000000000001
2016-04-21,1.098,-0.001273
2016-04-22,1.0964,-0.001457
2016-04-25,1.0944,-0.001824
2016-04-26,1.0932,-0.001096
2016-04-27,1.0937,0.000457
2016-04-28,1.0943,0.000549
2016-04-29,1.095,0.00064
2016-05-03,1.096,0.0009130000000000001
2016-05-04,1.0963,0.000274
2016-05-05,1.0968,0.000456
2016-05-06,1.0971,0.000274
2016-05-09,1.0977,0.000547
2016-05-10,1.0983,0.000547
2016-05-11,1.0911,0.000273
2016-05-12,1.0913,0.000183
2016-05-13,1.0918,0.000458
2016-05-16,1.0924,0.00055
2016-05-17,1.0927,0.000275
2016-05-18,1.0927,0.0
2016-05-19,1.093,0.000275
2016-05-20,1.093,0.0
2016-05-23,1.094,0.000915
2016-05-24,1.0939,-9.1e-05
2016-05-25,1.0943,0.000366
2016-05-26,1.0942,-9.1e-05
2016-05-27,1.0944,0.000183
2016-05-30,1.0949,0.000457
2016-05-31,1.095,9.1e-05
2016-06-01,1.095,0.0
2016-06-02,1.0951,9.1e-05
2016-06-03,1.0952,9.1e-05
2016-06-06,1.0955,0.000274
2016-06-07,1.0956,9.1e-05
2016-06-08,1.0957,9.1e-05
2016-06-13,1.0957,0.0
2016-06-14,1.0962,0.000456
2016-06-15,1.0969,0.000639
2016-06-16,1.0972,0.000273
2016-06-17,1.0973,9.1e-05
2016-06-20,1.0981,0.000729
2016-06-21,1.0974,-0.0006370000000000001
2016-06-22,1.0989,0.001367
2016-06-23,1.0982,-0.0006370000000000001
2016-06-24,1.0981,-9.1e-05
2016-06-27,1.1005,0.002186
2016-06-28,1.1006,9.1e-05
2016-06-29,1.1003,-0.000273
2016-06-30,1.1007,0.000364
2016-07-01,1.1014,0.0006360000000000001
2016-07-04,1.1059,0.004086
2016-07-05,1.1065,0.000543
2016-07-06,1.1064,-8.999999999999999e-05
2016-07-07,1.1074,0.000904
2016-07-08,1.1073,-8.999999999999999e-05
2016-07-11,1.1077,0.000361
2016-07-12,1.1093,0.001444
2016-07-13,1.1101,0.000721
2016-07-14,1.1107,0.00054
2016-07-15,1.1104,-0.00027
2016-07-18,1.1117,0.001171
2016-07-19,1.1118,8.999999999999999e-05
2016-07-20,1.112,0.00017999999999999998
2016-07-21,1.1125,0.00045
2016-07-22,1.1121,-0.00035999999999999997
2016-07-25,1.1133,0.0010789999999999999
2016-07-26,1.1137,0.000359
2016-07-27,1.1127,-0.000898
2016-07-28,1.1134,0.000629
2016-07-29,1.1139,0.000449
2016-08-01,1.114,8.999999999999999e-05
2016-08-02,1.1145,0.000449
2016-08-03,1.1151,0.000538
2016-08-04,1.1154,0.000269
2016-08-05,1.1155,8.999999999999999e-05
2016-08-08,1.1168,0.001165
2016-08-09,1.1177,0.0008060000000000001
2016-08-10,1.1181,0.000358
2016-08-11,1.1183,0.000179
2016-08-12,1.1189,0.0005369999999999999
2016-08-15,1.1201,0.001072
2016-08-16,1.1193,-0.000714
2016-08-17,1.1193,0.0
2016-08-18,1.1191,-0.000179
2016-08-19,1.1206,0.00134
2016-08-22,1.12,-0.000535
2016-08-23,1.1205,0.000446
2016-08-24,1.1196,-0.000803
2016-08-25,1.1189,-0.000625
2016-08-26,1.1191,0.000179
2016-08-29,1.1193,0.000179
2016-08-30,1.1193,0.0
2016-08-31,1.1198,0.00044699999999999997
2016-09-01,1.1197,-8.9e-05
2016-09-02,1.1201,0.000357
2016-09-05,1.1199,-0.000179
2016-09-06,1.1201,0.000179
2016-09-07,1.1202,8.9e-05
2016-09-08,1.1205,0.000268
2016-09-09,1.1207,0.000178
2016-09-12,1.1207,0.0
2016-09-13,1.1206,-8.9e-05
2016-09-14,1.0969,8.9e-05
2016-09-19,1.0973,0.000365
2016-09-20,1.0971,-0.000182
2016-09-21,1.0974,0.000273
2016-09-22,1.0981,0.000638
2016-09-23,1.0985,0.000364
2016-09-26,1.0988,0.000273
2016-09-27,1.0989,9.1e-05
2016-09-28,1.099,9.1e-05
2016-09-29,1.0991,9.1e-05
2016-09-30,1.0994,0.000273
2016-10-10,1.1005,0.001001
2016-10-11,1.101,0.00045400000000000003
2016-10-12,1.101,0.0
2016-10-13,1.1012,0.000182
2016-10-14,1.1014,0.000182
2016-10-17,1.1013,-9.1e-05
2016-10-18,1.1018,0.00045400000000000003
2016-10-19,1.1016,-0.000182
2016-10-20,1.102,0.000363
2016-10-21,1.1025,0.00045400000000000003
2016-10-24,1.1035,0.000907
2016-10-25,1.1033,-0.000181
2016-10-26,1.1031,-0.000181
2016-10-27,1.1027,-0.000363
2016-10-28,1.1028,9.1e-05
2016-10-31,1.1031,0.000272
2016-11-01,1.1033,0.000181
2016-11-02,1.1033,0.0
2016-11-03,1.1043,0.000906
2016-11-04,1.1045,0.000181
2016-11-07,1.1047,0.000181
2016-11-08,1.105,0.000272
2016-11-09,1.1051,8.999999999999999e-05
2016-11-10,1.1049,-0.000181
2016-11-11,1.1068,0.00172
2016-11-14,1.1073,0.000452
2016-11-15,1.1058,-0.001355
2016-11-16,1.1047,-0.000995
2016-11-17,1.1038,-0.0008150000000000001
2016-11-18,1.1033,-0.000453
2016-11-21,1.1034,9.1e-05
2016-11-22,1.1038,0.000363
2016-11-23,1.1039,9.1e-05
2016-11-24,1.1042,0.000272
2016-11-25,1.1044,0.000181
2016-11-28,1.1047,0.000272
2016-11-29,1.0876,-0.000724
2016-11-30,1.0863,-0.0011949999999999999
2016-12-01,1.0858,-0.00046
2016-12-02,1.0846,-0.001105
2016-12-05,1.0841,-0.00046100000000000004
2016-12-06,1.0823,-0.00166
2016-12-07,1.0848,0.00231
2016-12-08,1.0844,-0.000369
2016-12-09,1.0845,9.2e-05
2016-12-12,1.0797,-0.004426
2016-12-13,1.0794,-0.000278
2016-12-14,1.0773,-0.001946
2016-12-15,1.0733,-0.003713
2016-12-16,1.0727,-0.000559
2016-12-19,1.0717,-0.0009320000000000001
2016-12-20,1.0697,-0.0018659999999999998
2016-12-21,1.0699,0.00018700000000000002
2016-12-22,1.071,0.001028
2016-12-23,1.0723,0.001214
2016-12-26,1.0731,0.000746
2016-12-27,1.0738,0.0006519999999999999
2016-12-28,1.0737,-9.3e-05
2016-12-29,1.0746,0.000838
2016-12-30,1.0758,0.001117
2016-12-31,1.0759,9.3e-05
2017-01-03,1.0762,0.000372
2017-01-04,1.0766,0.000372
2017-01-05,1.077,0.000372
2017-01-06,1.0768,-0.000186
2017-01-09,1.0778,0.0009289999999999999
2017-01-10,1.0781,0.000278
2017-01-11,1.0781,0.0
2017-01-12,1.078,-9.3e-05
2017-01-13,1.0779,-9.3e-05
2017-01-16,1.0777,-0.000186
2017-01-17,1.0777,0.0
2017-01-18,1.0773,-0.000371
2017-01-19,1.0764,-0.000835
2017-01-20,1.0773,0.0008359999999999999
2017-01-23,1.0786,0.001207
2017-01-24,1.079,0.000371
2017-01-25,1.0791,9.3e-05
2017-01-26,1.0797,0.000556
2017-02-03,1.0798,9.3e-05
2017-02-06,1.0795,-0.000278
2017-02-07,1.0794,-9.3e-05
2017-02-08,1.0791,-0.000278
2017-02-09,1.0793,0.000185
2017-02-10,1.0795,0.000185
2017-02-13,1.0802,0.0006479999999999999
2017-02-14,1.0804,0.000185
2017-02-15,1.0801,-0.000278
2017-02-16,1.0801,0.0
2017-02-17,1.0791,-0.0009260000000000001
2017-02-20,1.0798,0.000649
2017-02-21,1.0804,0.000556
2017-02-22,1.0806,0.000185
2017-02-23,1.0811,0.00046300000000000003
2017-02-24,1.0813,0.000185
2017-02-27,1.0818,0.00046199999999999995
2017-02-28,1.0818,0.0
2017-03-01,1.0822,0.00037
2017-03-02,1.0819,-0.000277
2017-03-03,1.0815,-0.00037
2017-03-06,1.0821,0.000555
2017-03-07,1.0821,0.0
2017-03-08,1.082,-9.2e-05
2017-03-09,1.0816,-0.00037
2017-03-10,1.0816,0.0
2017-03-13,1.0819,0.000277
2017-03-14,1.0825,0.000555
2017-03-15,1.0831,0.000554
2017-03-16,1.0849,0.0016619999999999998
2017-03-17,1.0845,-0.000369
2017-03-20,1.0848,0.000277
2017-03-21,1.0841,-0.0006450000000000001
2017-03-22,1.0844,0.000277
2017-03-23,1.0846,0.000184
2017-03-24,1.0867,0.001936
2017-03-27,1.0874,0.000644
2017-03-28,1.0696,0.000276
2017-03-29,1.0695,-9.3e-05
2017-03-30,1.069,-0.000468
2017-03-31,1.0694,0.00037400000000000004
2017-04-05,1.0698,0.00037400000000000004
2017-04-06,1.0697,-9.3e-05
2017-04-07,1.0709,0.001122
2017-04-10,1.0709,0.0
2017-04-11,1.0706,-0.00028000000000000003
2017-04-12,1.0706,0.0
2017-04-13,1.0704,-0.00018700000000000002
2017-04-14,1.069,-0.001308
2017-04-17,1.0657,-0.003087
2017-04-18,1.0651,-0.000563
2017-04-19,1.065,-9.400000000000001e-05
2017-04-20,1.0639,-0.001033
2017-04-21,1.0621,-0.001692
2017-04-24,1.0589,-0.003013
2017-04-25,1.0617,0.002644
2017-04-26,1.0618,9.400000000000001e-05
2017-04-27,1.0622,0.00037699999999999995
2017-04-28,1.0617,-0.000471
2017-05-02,1.061,-0.000659
2017-05-03,1.0602,-0.0007539999999999999
2017-05-04,1.0591,-0.001038
2017-05-05,1.0588,-0.000283
2017-05-08,1.0585,-0.000283
2017-05-09,1.0579,-0.000567
2017-05-10,1.0572,-0.0006619999999999999
2017-05-11,1.0569,-0.000284
2017-05-12,1.0567,-0.000189
2017-05-15,1.0568,9.499999999999999e-05
2017-05-16,1.0567,-9.499999999999999e-05
2017-05-17,1.0569,0.000189
2017-05-18,1.0566,-0.000284
2017-05-19,1.0565,-9.499999999999999e-05
2017-05-22,1.0567,0.000189
2017-05-23,1.0567,0.0
2017-05-24,1.0572,0.000473
2017-05-25,1.0575,0.000284
2017-05-26,1.0576,9.499999999999999e-05
2017-05-31,1.0582,0.000567
2017-06-01,1.058,-0.000189
2017-06-02,1.0583,0.000284
2017-06-05,1.0584,9.400000000000001e-05
2017-06-06,1.0585,9.400000000000001e-05
2017-06-07,1.0592,0.000661
2017-06-08,1.0594,0.000189
2017-06-09,1.0593,-9.400000000000001e-05
2017-06-12,1.0589,-0.000378
2017-06-13,1.0599,0.000944
2017-06-14,1.0603,0.00037699999999999995
2017-06-15,1.061,0.00066
2017-06-16,1.0609,-9.400000000000001e-05
2017-06-19,1.0624,0.001414
2017-06-20,1.0635,0.001035
2017-06-21,1.0641,0.0005639999999999999
2017-06-22,1.061,-0.00037600000000000003
2017-06-23,1.0615,0.000471
2017-06-26,1.0627,0.00113
2017-06-27,1.0634,0.000659
2017-06-28,1.0638,0.00037600000000000003
2017-06-29,1.0646,0.0007520000000000001
2017-06-30,1.0651,0.00047
2017-07-03,1.0659,0.000751
2017-07-04,1.0661,0.00018800000000000002
2017-07-05,1.0668,0.0006569999999999999
2017-07-06,1.0674,0.000562
2017-07-07,1.0683,0.000843
2017-07-10,1.0686,0.000281
2017-07-11,1.068,-0.000561
2017-07-12,1.0682,0.00018700000000000002
2017-07-13,1.0684,0.00018700000000000002
2017-07-14,1.0688,0.00037400000000000004
2017-07-17,1.0688,0.0
2017-07-18,1.0683,-0.000468
2017-07-19,1.0689,0.000562
2017-07-20,1.0692,0.000281
2017-07-21,1.0692,0.0
2017-07-24,1.0697,0.000468
2017-07-25,1.0701,0.00037400000000000004
2017-07-26,1.0696,-0.00046699999999999997
2017-07-27,1.0705,0.000841
2017-07-28,1.0708,0.00028000000000000003
2017-07-31,1.0724,0.001494
2017-08-01,1.072,-0.000373
2017-08-02,1.0718,-0.00018700000000000002
2017-08-03,1.0713,-0.00046699999999999997
2017-08-04,1.0716,0.00028000000000000003
2017-08-07,1.0715,-9.3e-05
2017-08-08,1.0717,0.00018700000000000002
2017-08-09,1.0718,9.3e-05
2017-08-10,1.0716,-0.00018700000000000002
2017-08-11,1.0712,-0.000373
2017-08-14,1.0716,0.000373
2017-08-15,1.0717,9.3e-05
2017-08-16,1.072,0.00028000000000000003
2017-08-17,1.0718,-0.00018700000000000002
2017-08-18,1.0714,-0.000373
2017-08-21,1.0723,0.00084
2017-08-22,1.0721,-0.00018700000000000002
2017-08-23,1.0719,-0.00018700000000000002
2017-08-24,1.0714,-0.00046600000000000005
2017-08-25,1.0712,-0.00018700000000000002
2017-08-28,1.0711,-9.3e-05
2017-08-29,1.0708,-0.00028000000000000003
2017-08-30,1.0704,-0.00037400000000000004
2017-08-31,1.0703,-9.3e-05
2017-09-01,1.0705,0.00018700000000000002
2017-09-04,1.0708,0.00028000000000000003
2017-09-05,1.071,0.00018700000000000002
2017-09-06,1.0712,0.00018700000000000002
2017-09-07,1.0714,0.00018700000000000002
2017-09-08,1.0717,0.00028000000000000003
2017-09-11,1.0721,0.000373
2017-09-12,1.0725,0.000373
2017-09-13,1.0726,9.3e-05
2017-09-14,1.073,0.000373
2017-09-15,1.0732,0.000186
2017-09-18,1.0736,0.000373
2017-09-19,1.0619,0.000186
2017-09-20,1.062,9.400000000000001e-05
2017-09-21,1.062,0.0
2017-09-22,1.0622,0.00018800000000000002
2017-09-25,1.0634,0.00113
2017-09-26,1.0633,-9.400000000000001e-05
2017-09-27,1.063,-0.00028199999999999997
2017-09-28,1.0634,0.00037600000000000003
2017-09-29,1.0639,0.00047
2017-10-09,1.0645,0.0005639999999999999
2017-10-10,1.0645,0.0
2017-10-11,1.0644,-9.400000000000001e-05
2017-10-12,1.0641,-0.00028199999999999997
2017-10-13,1.0645,0.00037600000000000003
2017-10-16,1.0642,-0.00028199999999999997
2017-10-17,1.0637,-0.00047
2017-10-18,1.0638,9.400000000000001e-05
2017-10-19,1.064,0.00018800000000000002
2017-10-20,1.0642,0.00018800000000000002
2017-10-23,1.0647,0.00047
2017-10-24,1.0647,0.0
2017-10-25,1.0645,-0.00018800000000000002
2017-10-26,1.0648,0.00028199999999999997
2017-10-27,1.0645,-0.00028199999999999997
2017-10-30,1.0642,-0.00028199999999999997
2017-10-31,1.0641,-9.400000000000001e-05
2017-11-01,1.064,-9.400000000000001e-05
2017-11-02,1.0641,9.400000000000001e-05
2017-11-03,1.0646,0.00047
2017-11-06,1.065,0.00037600000000000003
2017-11-07,1.0649,-9.400000000000001e-05
2017-11-08,1.0648,-9.400000000000001e-05
2017-11-09,1.0647,-9.400000000000001e-05
2017-11-10,1.064,-0.0006569999999999999
2017-11-13,1.0641,9.400000000000001e-05
2017-11-14,1.0633,-0.0007520000000000001
2017-11-15,1.0626,-0.000658
2017-11-16,1.063,0.00037600000000000003
2017-11-17,1.0629,-9.400000000000001e-05
2017-11-20,1.0639,0.000941
2017-11-21,1.0636,-0.00028199999999999997
2017-11-22,1.0621,-0.0014099999999999998
2017-11-23,1.0602,-0.001789
2017-11-24,1.06,-0.000189
2017-11-27,1.0593,-0.00066
2017-11-28,1.0591,-0.000189
2017-11-29,1.0587,-0.000378
2017-11-30,1.0585,-0.000189
2017-12-01,1.0586,9.400000000000001e-05
2017-12-04,1.0592,0.000567
2017-12-05,1.0591,-9.400000000000001e-05
2017-12-06,1.0595,0.000378
2017-12-07,1.0599,0.000378
2017-12-08,1.0601,0.000189
2017-12-11,1.06,-9.400000000000001e-05
2017-12-12,1.0599,-9.400000000000001e-05
2017-12-13,1.0599,0.0
2017-12-14,1.0598,-9.400000000000001e-05
2017-12-15,1.0599,9.400000000000001e-05
2017-12-18,1.061,0.001038
2017-12-19,1.0467,-9.400000000000001e-05
2017-12-20,1.0465,-0.00019099999999999998
2017-12-21,1.0463,-0.00019099999999999998
2017-12-22,1.0466,0.000287
2017-12-25,1.0467,9.599999999999999e-05
2017-12-26,1.0467,0.0
2017-12-27,1.0465,-0.00019099999999999998
2017-12-28,1.0479,0.001338
2017-12-29,1.0485,0.0005729999999999999
2017-12-31,1.0488,0.0
2018-01-02,1.0503,0.001717
2018-01-03,1.0506,0.000286
2018-01-04,1.0516,0.000952
2018-01-05,1.0512,-0.00037999999999999997
2018-01-08,1.0527,0.0014269999999999999
2018-01-09,1.0527,0.0
2018-01-10,1.0511,-0.0015199999999999999
2018-01-11,1.0511,0.0
2018-01-12,1.0508,-0.000285
2018-01-15,1.0508,0.0
2018-01-16,1.05,-0.000761
2018-01-17,1.0497,-0.000286
2018-01-18,1.0501,0.00038100000000000005
2018-01-19,1.0505,0.00038100000000000005
2018-01-22,1.0517,0.001142
2018-01-23,1.053,0.0012360000000000001
2018-01-24,1.0539,0.0008550000000000001
2018-01-25,1.0553,0.001328
2018-01-26,1.0553,0.0
2018-01-29,1.0559,0.000569
2018-01-30,1.0553,-0.000568
2018-01-31,1.0555,0.00018999999999999998
2018-02-01,1.0553,-0.000189
2018-02-02,1.0564,0.001042
2018-02-05,1.0575,0.001041
2018-02-06,1.0552,-0.002175
2018-02-07,1.0541,-0.001042
2018-02-08,1.0539,-0.00018999999999999998
2018-02-09,1.0525,-0.001328
2018-02-12,1.0535,0.00095
2018-02-13,1.0536,9.499999999999999e-05
2018-02-14,1.054,0.00037999999999999997
2018-02-22,1.0562,0.002087
2018-02-23,1.0565,0.000284
2018-02-26,1.0573,0.0007570000000000001
2018-02-27,1.0576,0.000284
2018-02-28,1.0579,0.000284
2018-03-01,1.0581,0.000189
2018-03-02,1.0574,-0.0006619999999999999
2018-03-05,1.0576,0.000189
2018-03-06,1.0583,0.0006619999999999999
2018-03-07,1.0584,9.400000000000001e-05
2018-03-08,1.0589,0.000472
2018-03-09,1.0593,0.000378
2018-03-12,1.0548,-0.004248
2018-03-13,1.0547,-9.499999999999999e-05
2018-03-14,1.0548,9.499999999999999e-05
2018-03-15,1.055,0.00018999999999999998
2018-03-16,1.0553,0.000284
2018-03-19,1.0412,0.00037900000000000005
2018-03-20,1.0409,-0.000288
2018-03-21,1.0412,0.000288
2018-03-22,1.0414,0.00019199999999999998
2018-03-23,1.0418,0.00038399999999999996
2018-03-26,1.0421,0.000288
2018-03-27,1.043,0.0008640000000000001
2018-03-28,1.0428,-0.00019199999999999998
2018-03-29,1.0429,9.599999999999999e-05
2018-03-30,1.0455,0.002493
2018-04-02,1.0458,0.000287
2018-04-03,1.0457,-9.599999999999999e-05
2018-04-04,1.0455,-0.00019099999999999998
2018-04-09,1.0474,0.001817
2018-04-10,1.0479,0.000477
2018-04-11,1.0486,0.000668
2018-04-12,1.0477,-0.000858
2018-04-13,1.0465,-0.001145
2018-04-16,1.0478,0.001242
2018-04-17,1.0472,-0.0005729999999999999
2018-04-18,1.0533,0.005825
2018-04-19,1.0531,-0.00018999999999999998
2018-04-20,1.0512,-0.001804
2018-04-23,1.049,-0.0020930000000000002
2018-04-24,1.0514,0.002288
2018-04-25,1.0523,0.000856
2018-04-26,1.0505,-0.001711
2018-04-27,1.0506,9.499999999999999e-05
2018-05-02,1.0506,0.0
2018-05-03,1.0524,0.0017130000000000001
2018-05-04,1.0535,0.001045
2018-05-07,1.0579,0.004177
2018-05-08,1.0588,0.000851
2018-05-09,1.0568,-0.001889
2018-05-10,1.0562,-0.000568
2018-05-11,1.0544,-0.001704
2018-05-14,1.0517,-0.002561
2018-05-15,1.0547,0.002853
2018-05-16,1.0534,-0.0012330000000000002
2018-05-17,1.0524,-0.000949
2018-05-18,1.0524,0.0
2018-05-21,1.0542,0.0017100000000000001
2018-05-22,1.0545,0.000285
2018-05-23,1.0539,-0.000569
2018-05-24,1.0537,-0.00018999999999999998
2018-05-25,1.0381,-0.014804999999999999
2018-05-28,1.0384,0.000289
2018-05-29,1.0386,0.000193
2018-05-30,1.0376,-0.000963
2018-05-31,1.037,-0.000578
2018-06-01,1.0373,0.000289
2018-06-04,1.0368,-0.000482
2018-06-05,1.0389,0.0020250000000000003
2018-06-06,1.0406,0.0016359999999999999
2018-06-07,1.0399,-0.000673
2018-06-08,1.0362,-0.003558
2018-06-11,1.0326,-0.0034739999999999997
2018-06-12,1.0323,-0.000291
2018-06-13,1.0288,-0.0033900000000000002
2018-06-14,1.0231,-0.005540000000000001
2018-06-15,1.0174,-0.005571
2018-06-19,1.0093,-0.007961000000000001
2018-06-20,1.0086,-0.0006940000000000001
2018-06-21,1.0089,0.000297
2018-06-22,1.0082,-0.0006940000000000001
2018-06-25,1.0081,-9.900000000000001e-05
2018-06-26,1.0083,0.00019800000000000002
2018-06-27,1.0074,-0.000893
2018-06-28,1.0083,0.000893
2018-06-29,1.011,0.002678
2018-06-30,1.0111,0.0
2018-07-02,1.0111,9.900000000000001e-05
2018-07-03,1.0123,0.001187
2018-07-04,1.0113,-0.000988
2018-07-05,1.0108,-0.000494
2018-07-06,1.0104,-0.00039600000000000003
2018-07-09,1.0099,-0.000495
2018-07-10,1.0096,-0.000297
2018-07-11,1.009,-0.000594
2018-07-12,1.0116,0.002577
2018-07-13,1.0115,-9.900000000000001e-05
2018-07-16,1.0096,-0.001878
2018-07-17,1.0117,0.00208
2018-07-18,1.01,-0.00168
2018-07-19,1.0116,0.0015840000000000001
2018-07-20,1.0161,0.004448
2018-07-23,1.0218,0.00561
2018-07-24,1.0215,-0.000294
2018-07-25,1.0195,-0.001958
2018-07-26,1.017,-0.002452
2018-07-27,1.0163,-0.000688
2018-07-30,1.0134,-0.002853
2018-07-31,1.0149,0.00148
2018-08-01,1.0124,-0.002463
2018-08-02,1.0073,-0.005038
2018-08-03,1.0078,0.000496
2018-08-06,1.0057,-0.002084
2018-08-07,1.0082,0.002486
2018-08-08,1.0068,-0.001389
2018-08-09,1.0084,0.0015890000000000001
2018-08-10,1.0098,0.0013880000000000001
2018-08-13,1.0108,0.00099
2018-08-14,1.0093,-0.001484
2018-08-15,1.0049,-0.004359
2018-08-16,1.0029,-0.00199
2018-08-17,1.0014,-0.0014960000000000002
2018-08-20,1.0014,0.0
2018-08-21,1.0049,0.003495
2018-08-22,1.0031,-0.001791
2018-08-23,1.0054,0.002293
2018-08-24,1.0076,0.002188
2018-08-27,1.0106,0.002977
2018-08-28,1.0106,0.0
2018-08-29,1.0127,0.002078
2018-08-30,1.0112,-0.0014810000000000001
2018-08-31,1.0108,-0.00039600000000000003
2018-09-03,1.0138,0.002968
2018-09-04,1.0152,0.001381
2018-09-05,1.0174,0.002167
2018-09-06,1.0163,-0.001081
2018-09-07,1.0156,-0.000689
2018-09-10,1.0118,-0.0037419999999999997
2018-09-11,1.0142,0.002372
2018-09-12,1.0127,-0.001479
2018-09-13,1.0125,-0.000197
2018-09-14,1.0106,-0.001877
2018-09-17,1.0106,0.0
2018-09-18,1.0105,-9.900000000000001e-05
2018-09-19,1.0127,0.002177
2018-09-20,1.0099,-0.002765
2018-09-21,1.0125,0.002575
2018-09-25,1.0133,0.00079
2018-09-26,1.0118,-0.00148
2018-09-27,1.0129,0.001087
2018-09-28,1.0141,0.0011849999999999999
2018-10-08,1.0142,9.900000000000001e-05
2018-10-09,1.0159,0.001676
2018-10-10,1.0166,0.000689
2018-10-11,1.0144,-0.002164
2018-10-12,1.014,-0.000394
2018-10-15,1.0129,-0.001085
2018-10-16,1.0109,-0.001975
2018-10-17,1.0112,0.000297
2018-10-18,1.0104,-0.000791
2018-10-19,1.0123,0.00188
2018-10-22,1.0138,0.001482
2018-10-23,1.0137,-9.900000000000001e-05
2018-10-24,1.0138,9.900000000000001e-05
2018-10-25,1.0147,0.000888
2018-10-26,1.0153,0.0005909999999999999
2018-10-29,1.0169,0.001576
2018-10-30,1.0174,0.000492
2018-10-31,1.0189,0.001474
2018-11-01,1.0202,0.001276
2018-11-02,1.0223,0.002058
2018-11-05,1.0226,0.000293
2018-11-06,1.0226,0.0
2018-11-07,1.0228,0.000196
2018-11-08,1.0232,0.000391
2018-11-09,1.0232,0.0
2018-11-12,1.0252,0.001955
2018-11-13,1.0262,0.0009750000000000001
2018-11-14,1.0279,0.0016569999999999998
2018-11-15,1.0294,0.001459
2018-11-16,1.032,0.002526
2018-11-19,1.033,0.000969
2018-11-20,1.0333,0.00029
2018-11-21,1.0335,0.000194
2018-11-22,1.0332,-0.00029
2018-11-23,1.0335,0.00029
2018-11-26,1.0322,-0.001258
2018-11-27,1.0331,0.0008719999999999999
2018-11-28,1.0339,0.000774
2018-11-29,1.0324,-0.001451
2018-11-30,1.0327,0.000291
2018-12-03,1.0384,0.005520000000000001
2018-12-04,1.0383,-9.599999999999999e-05
2018-12-05,1.0378,-0.000482
2018-12-06,1.0355,-0.002216
2018-12-07,1.0375,0.001931
2018-12-10,1.0377,0.000193
2018-12-11,1.038,0.000289
2018-12-12,1.0378,-0.000193
2018-12-13,1.039,0.001156
2018-12-14,1.0365,-0.002406
2018-12-17,1.0277,-0.000579
2018-12-18,1.0263,-0.001362
2018-12-19,1.0248,-0.001462
2018-12-20,1.0253,0.00048800000000000004
2018-12-21,1.0247,-0.000585
2018-12-24,1.0265,0.0017569999999999999
2018-12-25,1.0265,0.0
2018-12-26,1.0263,-0.000195
2018-12-27,1.0253,-0.000974
2018-12-28,1.026,0.000683
2018-12-31,1.0266,0.0
2019-01-02,1.0273,0.0012670000000000001
2019-01-03,1.0292,0.00185
2019-01-04,1.031,0.001749
2019-01-07,1.0341,0.003007
2019-01-08,1.0357,0.001547
2019-01-09,1.0369,0.001159
2019-01-10,1.0376,0.000675
2019-01-11,1.0387,0.00106
2019-01-14,1.0398,0.001059
2019-01-15,1.0418,0.001923
2019-01-16,1.0423,0.00048
2019-01-17,1.0421,-0.00019199999999999998
2019-01-18,1.0432,0.001056
2019-01-21,1.045,0.001725
2019-01-22,1.0444,-0.000574
2019-01-23,1.0446,0.00019099999999999998
2019-01-24,1.0454,0.000766
2019-01-25,1.0469,0.0014349999999999999
2019-01-28,1.0473,0.00038199999999999996
2019-01-29,1.047,-0.000286
2019-01-30,1.0469,-9.599999999999999e-05
2019-01-31,1.0472,0.000287
2019-02-01,1.0487,0.001432
2019-02-11,1.0542,0.005245
2019-02-12,1.0557,0.001423
2019-02-13,1.059,0.003126
2019-02-14,1.0602,0.001133
2019-02-15,1.0594,-0.000755
2019-02-18,1.0658,0.0060409999999999995
2019-02-19,1.0634,-0.002252
2019-02-20,1.0637,0.00028199999999999997
2019-02-21,1.0646,0.000846
2019-02-22,1.0664,0.001691
2019-02-25,1.0711,0.0044069999999999995
2019-02-26,1.0701,-0.0009339999999999999
2019-02-27,1.0679,-0.002056
2019-02-28,1.0681,0.00018700000000000002
2019-03-01,1.069,0.000843
2019-03-04,1.0722,0.002993
2019-03-05,1.0759,0.003451
2019-03-06,1.0791,0.002974
2019-03-07,1.0774,-0.001575
2019-03-08,1.0726,-0.004455
2019-03-11,1.079,0.005967
2019-03-12,1.081,0.0018540000000000002
2019-03-13,1.0784,-0.002405
2019-03-14,1.0578,-0.001113
2019-03-15,1.0596,0.001702
2019-03-18,1.0645,0.004624
2019-03-19,1.0654,0.000845
2019-03-20,1.0657,0.00028199999999999997
2019-03-21,1.067,0.00122
2019-03-22,1.0678,0.00075
2019-03-25,1.0672,-0.000562
2019-03-26,1.0646,-0.0024360000000000002
2019-03-27,1.0648,0.00018800000000000002
2019-03-28,1.0642,-0.000563
2019-03-29,1.0677,0.0032890000000000003
2019-04-01,1.0714,0.0034649999999999998
2019-04-02,1.0712,-0.00018700000000000002
2019-04-03,1.0733,0.00196
2019-04-04,1.076,0.002516
2019-04-08,1.075,-0.0009289999999999999
2019-04-09,1.0748,-0.000186
2019-04-10,1.0749,9.3e-05
2019-04-11,1.0717,-0.002977
2019-04-12,1.0722,0.00046699999999999997
2019-04-15,1.0711,-0.001026
2019-04-16,1.0716,0.00046699999999999997
2019-04-17,1.0728,0.0011200000000000001
2019-04-18,1.0725,-0.00028000000000000003
2019-04-19,1.0735,0.0009320000000000001
2019-04-22,1.0717,-0.0016769999999999999
2019-04-23,1.0705,-0.0011200000000000001
2019-04-24,1.0704,-9.3e-05
2019-04-25,1.0675,-0.0027089999999999996
2019-04-26,1.0668,-0.000656
2019-04-29,1.0667,-9.400000000000001e-05
2019-04-30,1.0689,0.002062
2019-05-06,1.0629,-0.005613
2019-05-07,1.0649,0.001882
2019-05-08,1.0648,-9.400000000000001e-05
2019-05-09,1.0643,-0.00047
2019-05-10,1.0731,0.008268
2019-05-13,1.0711,-0.0018640000000000002
2019-05-14,1.0693,-0.001681
2019-05-15,1.0726,0.0030859999999999998
2019-05-16,1.0739,0.001212
2019-05-17,1.0699,-0.003725
2019-05-20,1.0682,-0.0015890000000000001
2019-05-21,1.0698,0.001498
2019-05-22,1.0694,-0.00037400000000000004
2019-05-23,1.066,-0.003179
2019-05-24,1.0666,0.000563
2019-05-27,1.0681,0.0014060000000000001
2019-05-28,1.0682,9.400000000000001e-05
2019-05-29,1.0676,-0.000562
2019-05-30,1.0657,-0.00178
2019-05-31,1.065,-0.0006569999999999999
2019-06-03,1.0652,0.00018800000000000002
2019-06-04,1.063,-0.002065
2019-06-05,1.0634,0.00037600000000000003
2019-06-06,1.0596,-0.0035730000000000002
2019-06-10,1.0599,0.000283
2019-06-11,1.0658,0.005567
2019-06-12,1.0643,-0.0014069999999999998
2019-06-13,1.0652,0.000846
2019-06-14,1.0632,-0.001878
2019-06-17,1.0623,-0.000847
2019-06-18,1.0627,0.00037699999999999995
2019-06-19,1.0677,0.004705
2019-06-20,1.0719,0.003934
2019-06-21,1.0752,0.003079
2019-06-24,1.0769,0.001581
2019-06-25,1.0749,-0.0018570000000000001
2019-06-26,1.0776,0.002512
2019-06-27,1.0801,0.00232
2019-06-28,1.0803,0.000185
2019-06-30,1.0804,0.0
2019-07-01,1.0874,0.006572
2019-07-02,1.0883,0.000828
2019-07-03,1.0878,-0.00045900000000000004
2019-07-04,1.0906,0.0025740000000000003
2019-07-05,1.0898,-0.0007340000000000001
2019-07-08,1.0835,-0.005781
2019-07-09,1.0837,0.000185
2019-07-10,1.0836,-9.2e-05
2019-07-11,1.0838,0.000185
2019-07-12,1.0825,-0.001199
2019-07-15,1.0835,0.0009239999999999999
2019-07-16,1.0825,-0.0009229999999999999
2019-07-17,1.0843,0.001663
2019-07-18,1.0797,-0.004242
2019-07-19,1.0821,0.002223
2019-07-22,1.0807,-0.0012939999999999998
2019-07-23,1.0833,0.002406
2019-07-24,1.0869,0.003323
2019-07-25,1.0898,0.002668
2019-07-26,1.093,0.0029360000000000002
2019-07-29,1.09,-0.002745
2019-07-30,1.091,0.0009170000000000001
2019-07-31,1.0895,-0.0013750000000000001
2019-08-01,1.088,-0.001377
2019-08-02,1.0855,-0.002298
2019-08-05,1.0804,-0.004698
2019-08-06,1.0737,-0.006201
2019-08-07,1.0732,-0.00046600000000000005
2019-08-08,1.0756,0.002236
2019-08-09,1.0729,-0.00251
2019-08-12,1.074,0.0010249999999999999
2019-08-13,1.0727,-0.00121
2019-08-14,1.0755,0.00261
2019-08-15,1.0755,0.0
2019-08-16,1.0771,0.001488
2019-08-19,1.0828,0.005292
2019-08-20,1.0802,-0.002401
2019-08-21,1.0811,0.000833
2019-08-22,1.081,-9.2e-05
2019-08-23,1.0815,0.00046300000000000003
2019-08-26,1.0782,-0.003051
2019-08-27,1.0828,0.004266
2019-08-28,1.0826,-0.000185
2019-08-29,1.0812,-0.0012929999999999999
2019-08-30,1.08,-0.00111
2019-09-02,1.0838,0.003519
2019-09-03,1.0845,0.0006460000000000001
2019-09-04,1.0871,0.002397
2019-09-05,1.0907,0.003312
2019-09-06,1.0933,0.002384
2019-09-09,1.0973,0.003659
2019-09-10,1.0974,9.1e-05
2019-09-11,1.0959,-0.001367
2019-09-12,1.0989,0.002737
2019-09-16,1.0972,-0.001547
2019-09-17,1.091,-0.005651000000000001
2019-09-18,1.0924,0.001283
2019-09-19,1.0959,0.0032040000000000003
2019-09-20,1.0966,0.000639
2019-09-23,1.0934,-0.002918
2019-09-24,1.0929,-0.000457
2019-09-25,1.0898,-0.002836
2019-09-26,1.0897,-9.2e-05
2019-09-27,1.0891,-0.0005510000000000001
2019-09-30,1.0871,-0.0018360000000000002
2019-10-08,1.0885,0.001288
2019-10-09,1.0921,0.003307
2019-10-10,1.0967,0.0042120000000000005
2019-10-11,1.1004,0.003374
2019-10-14,1.1054,0.004544
2019-10-15,1.1057,0.000271
2019-10-16,1.1036,-0.001899
2019-10-17,1.1054,0.0016309999999999999
2019-10-18,1.1027,-0.002443
2019-10-21,1.1006,-0.001904
2019-10-22,1.1019,0.001181
2019-10-23,1.0995,-0.002178
2019-10-24,1.0981,-0.001273
2019-10-25,1.0998,0.001548
2019-10-28,1.1023,0.002273
2019-10-29,1.101,-0.0011790000000000001
2019-10-30,1.099,-0.001817
2019-10-31,1.0976,-0.0012740000000000002
2019-11-01,1.1012,0.00328
2019-11-04,1.1071,0.005358000000000001
2019-11-05,1.1105,0.003071
2019-11-06,1.1083,-0.001981
2019-11-07,1.1083,0.0
2019-11-08,1.109,0.0006320000000000001
2019-11-11,1.103,-0.005410000000000001
2019-11-12,1.1022,-0.000725
2019-11-13,1.1014,-0.000726
2019-11-14,1.1046,0.0029049999999999996
2019-11-15,1.1019,-0.002444
2019-11-18,1.1057,0.003449
2019-11-19,1.1083,0.0023510000000000002
2019-11-20,1.1068,-0.001353
2019-11-21,1.1062,-0.000542
2019-11-22,1.1052,-0.000904
2019-11-25,1.111,0.005248
2019-11-26,1.1101,-0.0008100000000000001
2019-11-27,1.1094,-0.000631
2019-11-28,1.1082,-0.001082
2019-11-29,1.1069,-0.001173
2019-12-02,1.1077,0.000723
2019-12-03,1.1107,0.002708
2019-12-04,1.1091,-0.001441
2019-12-05,1.1102,0.000992
2019-12-06,1.1124,0.001982
2019-12-09,1.1159,0.003146
2019-12-10,1.1177,0.001613
2019-12-11,1.1201,0.002147
2019-12-12,1.1184,-0.0015179999999999998
2019-12-13,1.1281,0.008673
2019-12-16,1.1179,0.0010639999999999998
2019-12-17,1.1213,0.003041
2019-12-18,1.1204,-0.000803
2019-12-19,1.1208,0.000357
2019-12-20,1.1199,-0.000803
2019-12-23,1.117,-0.0025900000000000003
2019-12-24,1.1209,0.003491
2019-12-25,1.1213,0.000357
2019-12-26,1.1251,0.0033889999999999997
2019-12-27,1.1272,0.001867
2019-12-30,1.1321,0.004347
2019-12-31,1.1356,0.0030919999999999997
2020-01-02,1.1405,0.004315
2020-01-03,1.1405,0.0
2020-01-06,1.1398,-0.0006140000000000001
2020-01-07,1.1426,0.002457
2020-01-08,1.1392,-0.002976
2020-01-09,1.1441,0.004301
2020-01-10,1.145,0.000787
2020-01-13,1.147,0.0017469999999999999
2020-01-14,1.1481,0.000959
2020-01-15,1.1452,-0.002526
2020-01-16,1.1436,-0.0013969999999999998
2020-01-17,1.1437,8.7e-05
2020-01-20,1.1447,0.0008740000000000001
2020-01-21,1.1403,-0.003844
2020-01-22,1.1404,8.800000000000001e-05
2020-01-23,1.1345,-0.005174
2020-02-03,1.1305,-0.003526
2020-02-04,1.1344,0.00345
2020-02-05,1.1363,0.001675
2020-02-06,1.1393,0.00264
2020-02-07,1.1395,0.00017600000000000002
2020-02-10,1.1421,0.0022819999999999997
2020-02-11,1.1422,8.800000000000001e-05
2020-02-12,1.1442,0.001751
2020-02-13,1.1435,-0.000612
2020-02-14,1.1456,0.0018360000000000002
2020-02-17,1.1527,0.006198
2020-02-18,1.1536,0.000781
2020-02-19,1.1538,0.000173
2020-02-20,1.1584,0.003987
2020-02-21,1.159,0.000518
2020-02-24,1.1597,0.000604
2020-02-25,1.1578,-0.001638
2020-02-26,1.1602,0.002073
2020-02-27,1.1623,0.00181
2020-02-28,1.1595,-0.002409
2020-03-02,1.1619,0.00207
2020-03-03,1.1627,0.000689
2020-03-04,1.1637,0.00086
2020-03-05,1.1656,0.001633
2020-03-06,1.1657,8.6e-05
2020-03-09,1.1659,0.000172
2020-03-10,1.1655,-0.000343
2020-03-11,1.1649,-0.0005149999999999999
2020-03-12,1.1643,-0.0005149999999999999
2020-03-13,1.125,-0.0008590000000000001
2020-03-16,1.1238,-0.001067
2020-03-17,1.1252,0.001246
2020-03-18,1.1247,-0.000444
2020-03-19,1.1239,-0.0007109999999999999
2020-03-20,1.1267,0.0024909999999999997
2020-03-23,1.1246,-0.0018640000000000002
2020-03-24,1.1274,0.00249
2020-03-25,1.1301,0.002395
2020-03-26,1.1301,0.0
2020-03-27,1.1324,0.002035
2020-03-30,1.1339,0.001325
2020-03-31,1.1319,-0.001764
2020-04-01,1.1315,-0.00035299999999999996
2020-04-02,1.1337,0.001944
2020-04-03,1.132,-0.0015
2020-04-07,1.1394,0.006536999999999999
2020-04-08,1.1396,0.00017600000000000002
2020-04-09,1.1416,0.0017549999999999998
2020-04-10,1.1401,-0.0013139999999999998
2020-04-13,1.141,0.000789
2020-04-14,1.1433,0.002016
2020-04-15,1.1406,-0.002362
2020-04-16,1.1409,0.000263
2020-04-17,1.1436,0.0023669999999999997
2020-04-20,1.1464,0.002448
2020-04-21,1.1451,-0.001134
2020-04-22,1.1457,0.000524
2020-04-23,1.1455,-0.00017500000000000003
2020-04-24,1.1439,-0.0013969999999999998
2020-04-27,1.1439,0.0
2020-04-28,1.1423,-0.001399
2020-04-29,1.1445,0.001926
2020-04-30,1.1468,0.00201
2020-05-06,1.1482,0.001221
2020-05-07,1.1464,-0.001568
2020-05-08,1.1491,0.002355
2020-05-11,1.1519,0.002437
2020-05-12,1.1507,-0.001042
2020-05-13,1.1497,-0.0008690000000000001
2020-05-14,1.1457,-0.003479
2020-05-15,1.1439,-0.001571
2020-05-18,1.143,-0.000787
2020-05-19,1.1435,0.00043700000000000005
2020-05-20,1.1399,-0.003148
2020-05-21,1.1385,-0.0012280000000000001
2020-05-22,1.1354,-0.0027229999999999997
2020-05-25,1.1328,-0.00229
2020-05-26,1.1334,0.00053
2020-05-27,1.1331,-0.000265
2020-05-28,1.1321,-0.000883
2020-05-29,1.1094,0.00106
2020-06-01,1.1117,0.002073
2020-06-02,1.1092,-0.0022489999999999997
2020-06-03,1.1071,-0.001893
2020-06-04,1.1067,-0.000361
2020-06-05,1.1044,-0.002078
2020-06-08,1.1039,-0.000453
2020-06-09,1.1043,0.000362
2020-06-10,1.1041,-0.000181
2020-06-11,1.1045,0.000362
2020-06-12,1.1049,0.000362
2020-06-15,1.1059,0.000905
2020-06-16,1.1071,0.001085
2020-06-17,1.1071,0.0
2020-06-18,1.1088,0.0015359999999999998
2020-06-19,1.1091,0.000271
2020-06-22,1.1077,-0.001262
2020-06-23,1.1058,-0.0017150000000000002
2020-06-24,1.106,0.000181
2020-06-29,1.1042,-0.0016270000000000002
2020-06-30,1.1057,0.001358
2020-07-01,1.1092,0.003165
2020-07-02,1.1148,0.0050490000000000005
2020-07-03,1.1187,0.003498
2020-07-06,1.1313,0.011263
2020-07-07,1.1341,0.0024749999999999998
2020-07-08,1.1404,0.005555
2020-07-09,1.1473,0.006051
2020-07-10,1.1407,-0.005753
2020-07-13,1.1518,0.009731
2020-07-14,1.145,-0.005904
2020-07-15,1.1438,-0.001048
2020-07-16,1.1341,-0.008480999999999999
2020-07-17,1.1379,0.0033510000000000002
2020-07-20,1.1489,0.009667
2020-07-21,1.1528,0.0033950000000000004
2020-07-22,1.155,0.001908
2020-07-23,1.1566,0.0013850000000000002
2020-07-24,1.1455,-0.009597
2020-07-27,1.147,0.0013089999999999998
2020-07-28,1.1499,0.0025280000000000003
2020-07-29,1.1566,0.005827
2020-07-30,1.1581,0.0012970000000000002
2020-07-31,1.1619,0.003281
2020-08-03,1.1689,0.006025
2020-08-04,1.171,0.001797
2020-08-05,1.1735,0.0021349999999999997
2020-08-06,1.1717,-0.001534
2020-08-07,1.1699,-0.0015359999999999998
2020-08-10,1.1746,0.004017
2020-08-11,1.17,-0.003916
2020-08-12,1.1681,-0.0016239999999999998
2020-08-13,1.1703,0.001883
2020-08-14,1.1752,0.004187
2020-08-17,1.1816,0.0054459999999999995
2020-08-18,1.1838,0.001862
2020-08-19,1.1854,0.001352
2020-08-20,1.1806,-0.004049
2020-08-21,1.1825,0.001609
2020-08-24,1.1849,0.002
2020-08-25,1.1861,0.001
2020-08-26,1.1802,-0.005
2020-08-27,1.1829,0.0023
2020-08-28,1.1854,0.0021
2020-08-31,1.1889,0.003
2020-09-01,1.191,0.0018
2020-09-02,1.192,0.0008
2020-09-03,1.189,-0.0025
2020-09-04,1.187,-0.0017000000000000001
2020-09-07,1.183,-0.0034000000000000002
2020-09-08,1.1852,0.0019
2020-09-09,1.1721,-0.0111
2020-09-10,1.1663,-0.0049
2020-09-11,1.1711,0.0040999999999999995
2020-09-14,1.1448,0.0038
2020-09-15,1.1457,0.0008
2020-09-16,1.1426,-0.0027
2020-09-17,1.1473,0.0040999999999999995
2020-09-18,1.1525,0.0045000000000000005
2020-09-21,1.1513,-0.001
2020-09-22,1.1474,-0.0034000000000000002
2020-09-23,1.1475,0.0001
2020-09-24,1.1399,-0.0066
2020-09-25,1.1395,-0.0004
2020-09-28,1.1364,-0.0027
2020-09-29,1.1411,0.0040999999999999995
2020-09-30,1.1424,0.0011
2020-10-09,1.1519,0.0083
2020-10-12,1.1613,0.008199999999999999
2020-10-13,1.1622,0.0008
2020-10-14,1.164,0.0015
2020-10-15,1.1652,0.001
2020-10-16,1.1657,0.0004
2020-10-19,1.1649,-0.0007000000000000001
2020-10-20,1.1688,0.0033
2020-10-21,1.167,-0.0015
2020-10-22,1.1696,0.0022
2020-10-23,1.1675,-0.0018
2020-10-26,1.1686,0.0009
2020-10-27,1.1714,0.0024
2020-10-28,1.1723,0.0008
2020-10-29,1.1725,0.0002
2020-10-30,1.1657,-0.0058
2020-11-02,1.1734,0.0066
2020-11-03,1.176,0.0022
2020-11-04,1.1773,0.0011
2020-11-05,1.1828,0.004699999999999999
2020-11-06,1.1776,-0.0044
2020-11-09,1.1837,0.0052
2020-11-10,1.1816,-0.0018
2020-11-11,1.177,-0.0039000000000000003
2020-11-12,1.1791,0.0018
2020-11-13,1.1795,0.0003
2020-11-16,1.1812,0.0014000000000000002
2020-11-17,1.1786,-0.0022
2020-11-18,1.1775,-0.0009
2020-11-19,1.1776,0.0001
2020-11-20,1.1783,0.0006
2020-11-23,1.1807,0.002
2020-11-24,1.1797,-0.0008
2020-11-25,1.174,-0.0048
2020-11-26,1.1695,-0.0038
2020-11-27,1.1704,0.0008
2020-11-30,1.1675,-0.0025
2020-12-01,1.174,0.005600000000000001
2020-12-02,1.1749,0.0008
2020-12-03,1.1753,0.0003
2020-12-04,1.1774,0.0018
2020-12-07,1.1775,0.0001
2020-12-08,1.1776,0.0001
2020-12-09,1.1733,-0.0037
2020-12-10,1.1744,0.0009
2020-12-11,1.1681,-0.0054
2020-12-14,1.1689,0.0007000000000000001
2020-12-15,1.1439,-0.004
2020-12-16,1.1403,-0.0031
2020-12-17,1.1409,0.0005
2020-12-18,1.1396,-0.0011
2020-12-21,1.1456,0.0053
2020-12-22,1.1398,-0.0051
2020-12-23,1.1402,0.0004
2020-12-24,1.1345,-0.005
2020-12-25,1.14,0.0048
2020-12-28,1.1337,-0.0055000000000000005
2020-12-29,1.1339,0.0002
2020-12-30,1.137,0.0027
2020-12-31,1.1473,0.0091
2021-01-04,1.1517,0.0038
2021-01-05,1.1523,0.0005
2021-01-06,1.1507,-0.0014000000000000002
2021-01-07,1.149,-0.0015
2021-01-08,1.1476,-0.0012
2021-01-11,1.1459,-0.0015
2021-01-12,1.1521,0.0054
2021-01-13,1.1468,-0.0046
2021-01-14,1.148,0.001
2021-01-15,1.1523,0.0037
2021-01-18,1.1586,0.0055000000000000005
2021-01-19,1.1545,-0.0034999999999999996
2021-01-20,1.1614,0.006
2021-01-21,1.1664,0.0043
2021-01-22,1.1662,-0.0002
2021-01-25,1.1653,-0.0008
2021-01-26,1.1602,-0.0044
2021-01-27,1.1579,-0.002
2021-01-28,1.1502,-0.0066
2021-01-29,1.1494,-0.0007000000000000001
2021-02-01,1.1573,0.0069
2021-02-02,1.1608,0.003
2021-02-03,1.159,-0.0016
2021-02-04,1.1548,-0.0036
2021-02-05,1.1487,-0.0053
2021-02-08,1.1572,0.0074
2021-02-09,1.1673,0.0087
2021-02-10,1.172,0.004
2021-02-18,1.1795,0.0064
2021-02-19,1.1801,0.0005
2021-02-22,1.1826,0.0021
2021-02-23,1.177,-0.004699999999999999
2021-02-24,1.1698,-0.0060999999999999995
2021-02-25,1.17,0.0002
2021-02-26,1.1651,-0.0042
2021-03-01,1.1778,0.0109
2021-03-02,1.1747,-0.0026
2021-03-03,1.1812,0.0055000000000000005
2021-03-04,1.1723,-0.0075
2021-03-05,1.1728,0.0004
2021-03-08,1.1643,-0.0072
2021-03-09,1.1567,-0.006500000000000001
2021-03-10,1.1564,-0.0003
2021-03-11,1.1621,0.0049
2021-03-12,1.1458,0.0018
2021-03-15,1.1426,-0.0028000000000000004
2021-03-16,1.146,0.003
2021-03-17,1.1466,0.0005
2021-03-18,1.1528,0.0054
2021-03-19,1.1504,-0.0021
2021-03-22,1.1563,0.0051
2021-03-23,1.1518,-0.0039000000000000003
2021-03-24,1.1453,-0.005600000000000001
2021-03-25,1.1452,-0.0001
2021-03-26,1.1514,0.0054
2021-03-29,1.1523,0.0008
2021-03-30,1.1525,0.0002
2021-03-31,1.1527,0.0002
2021-04-01,1.1544,0.0015
2021-04-02,1.1553,0.0008
2021-04-06,1.1566,0.0011
2021-04-07,1.1563,-0.0003
2021-04-08,1.1565,0.0002
2021-04-09,1.1545,-0.0017000000000000001
2021-04-12,1.145,-0.008199999999999999
2021-04-13,1.144,-0.0009
2021-04-14,1.1488,0.0042
2021-04-15,1.148,-0.0007000000000000001
2021-04-16,1.1508,0.0024
2021-04-19,1.1591,0.0072
2021-04-20,1.1601,0.0009
2021-04-21,1.1601,0.0
2021-04-22,1.1617,0.0014000000000000002
2021-04-23,1.1609,-0.0007000000000000001
2021-04-26,1.1631,0.0019
2021-04-27,1.1626,-0.0004
2021-04-28,1.1657,0.0027
2021-04-29,1.1644,-0.0011
2021-04-30,1.1631,-0.0011
2021-05-06,1.1665,0.0029
2021-05-07,1.1629,-0.0031
2021-05-10,1.1612,-0.0015
2021-05-11,1.1584,-0.0024
2021-05-12,1.16,0.0014000000000000002
2021-05-13,1.1546,-0.004699999999999999
2021-05-14,1.1608,0.0054
2021-05-17,1.1657,0.0042
2021-05-18,1.1655,-0.0002
2021-05-19,1.165,-0.0004
2021-05-20,1.1626,-0.0021
2021-05-21,1.1609,-0.0015
2021-05-24,1.1642,0.0028000000000000004
2021-05-25,1.1681,0.0033
2021-05-26,1.172,0.0033
2021-05-27,1.1746,0.0022
2021-05-28,1.1716,-0.0026
2021-05-31,1.1759,0.0037
2021-06-01,1.1786,0.0023
2021-06-02,1.1771,-0.0013
2021-06-03,1.1753,-0.0015
2021-06-04,1.174,-0.0011
2021-06-07,1.1759,0.0016
2021-06-08,1.1745,-0.0012
2021-06-09,1.1747,0.0002
2021-06-10,1.1759,0.001
2021-06-11,1.1746,-0.0011
2021-06-15,1.1731,-0.0013
2021-06-16,1.1525,-0.0051
2021-06-17,1.1526,0.0001
2021-06-18,1.1526,0.0
2021-06-21,1.1564,0.0033
2021-06-22,1.1596,0.0028000000000000004
2021-06-23,1.1637,0.0034999999999999996
2021-06-24,1.1624,-0.0011
2021-06-25,1.1667,0.0037
2021-06-28,1.1695,0.0024
2021-06-29,1.1674,-0.0018
2021-06-30,1.1704,0.0026
2021-07-01,1.1663,-0.0034999999999999996
2021-07-02,1.1623,-0.0034000000000000002
2021-07-05,1.1657,0.0029
2021-07-06,1.1687,0.0026
2021-07-07,1.1747,0.0051
2021-07-08,1.1741,-0.0005
2021-07-09,1.1803,0.0053
2021-07-12,1.1868,0.0055000000000000005
2021-07-13,1.1921,0.0045000000000000005
2021-07-14,1.1888,-0.0028000000000000004
2021-07-15,1.1902,0.0012
2021-07-16,1.19,-0.0002
2021-07-19,1.1883,-0.0014000000000000002
2021-07-20,1.1881,-0.0002
2021-07-21,1.1924,0.0036
2021-07-22,1.1964,0.0034000000000000002
2021-07-23,1.1957,-0.0006
2021-07-26,1.1914,-0.0036
2021-07-27,1.1816,-0.008199999999999999
2021-07-28,1.1752,-0.0054
2021-07-29,1.1851,0.0084
2021-07-30,1.1875,0.002
2021-08-02,1.1992,0.009899999999999999
2021-08-03,1.1989,-0.0003
2021-08-04,1.2038,0.0040999999999999995
2021-08-05,1.2019,-0.0016
2021-08-06,1.2028,0.0007000000000000001
2021-08-09,1.2077,0.0040999999999999995
2021-08-10,1.2097,0.0017000000000000001
2021-08-11,1.2136,0.0032
2021-08-12,1.2151,0.0012
2021-08-13,1.2166,0.0012
2021-08-16,1.217,0.0003
2021-08-17,1.2101,-0.005699999999999999
2021-08-18,1.2163,0.0051
2021-08-19,1.2157,-0.0005
2021-08-20,1.2161,0.0003
2021-08-23,1.2282,0.009899999999999999
2021-08-24,1.2337,0.0045000000000000005
2021-08-25,1.2378,0.0033
2021-08-26,1.2379,0.0001
2021-08-27,1.2403,0.0019
2021-08-30,1.2439,0.0029
2021-08-31,1.2463,0.0019
2021-09-01,1.2446,-0.0014000000000000002
2021-09-02,1.2554,0.0087
2021-09-03,1.251,-0.0034999999999999996
2021-09-06,1.2558,0.0038
2021-09-07,1.2655,0.0077
2021-09-08,1.2646,-0.0007000000000000001
2021-09-09,1.2673,0.0021
2021-09-10,1.2635,-0.003
2021-09-13,1.2682,0.0037
2021-09-14,1.2628,-0.0043
2021-09-15,1.2355,-0.0016
2021-09-16,1.2301,-0.0044
2021-09-17,1.2256,-0.0037
2021-09-22,1.2249,-0.0006
2021-09-23,1.2263,0.0011
2021-09-24,1.2201,-0.0051
2021-09-27,1.214,-0.005
2021-09-28,1.2157,0.0014000000000000002
2021-09-29,1.2116,-0.0034000000000000002
2021-09-30,1.2142,0.0021
2021-10-08,1.2152,0.0008
2021-10-11,1.2148,-0.0003
2021-10-12,1.2124,-0.002
2021-10-13,1.211,-0.0012
2021-10-14,1.2108,-0.0002
2021-10-15,1.2113,0.0004
2021-10-18,1.2101,-0.001
2021-10-19,1.2112,0.0009
2021-10-20,1.2105,-0.0006
2021-10-21,1.2115,0.0008
2021-10-22,1.2107,-0.0007000000000000001
2021-10-25,1.2122,0.0012
2021-10-26,1.2128,0.0005
2021-10-27,1.212,-0.0007000000000000001
2021-10-28,1.2111,-0.0007000000000000001
2021-10-29,1.2122,0.0009
2021-11-01,1.2151,0.0024
2021-11-02,1.2152,0.0001
2021-11-03,1.2161,0.0007000000000000001
2021-11-04,1.2194,0.0027
2021-11-05,1.2187,-0.0006
2021-11-08,1.2198,0.0009
2021-11-09,1.2214,0.0013
2021-11-10,1.221,-0.0003
2021-11-11,1.2226,0.0013
2021-11-12,1.2248,0.0018
2021-11-15,1.2259,0.0009
2021-11-16,1.2246,-0.0011
2021-11-17,1.2261,0.0012
2021-11-18,1.2251,-0.0008
2021-11-19,1.2283,0.0026
2021-11-22,1.2295,0.001
2021-11-23,1.2291,-0.0003
2021-11-24,1.2294,0.0002
2021-11-25,1.2292,-0.0002
2021-11-26,1.2291,-0.0001
2021-11-29,1.2298,0.0006
2021-11-30,1.2302,0.0003
2021-12-01,1.2323,0.0017000000000000001
2021-12-02,1.2307,-0.0013
2021-12-03,1.2328,0.0017000000000000001
2021-12-06,1.2324,-0.0003
2021-12-07,1.2327,0.0002
2021-12-08,1.2357,0.0024
2021-12-09,1.238,0.0019
2021-12-10,1.2032,-0.0001
2021-12-13,1.2061,0.0024
2021-12-14,1.2051,-0.0008
2021-12-15,1.2056,0.0004
2021-12-16,1.208,0.002
2021-12-17,1.2067,-0.0011
2021-12-20,1.203,-0.0031
2021-12-21,1.2061,0.0026
2021-12-22,1.2089,0.0023
2021-12-23,1.2121,0.0026
2021-12-24,1.2099,-0.0018
2021-12-27,1.2099,0.0
2021-12-28,1.2105,0.0005
2021-12-29,1.2092,-0.0011
2021-12-30,1.2118,0.0022
2021-12-31,1.2144,0.0021
2022-01-04,1.2151,0.0006
2022-01-05,1.2123,-0.0023
2022-01-06,1.2125,0.0002
2022-01-07,1.2105,-0.0016
2022-01-10,1.212,0.0012
2022-01-11,1.2098,-0.0018
2022-01-12,1.2124,0.0021
2022-01-13,1.209,-0.0028000000000000004
2022-01-14,1.2075,-0.0012
2022-01-17,1.2105,0.0025
2022-01-18,1.2119,0.0012
2022-01-19,1.2129,0.0008
2022-01-20,1.2127,-0.0002
2022-01-21,1.2109,-0.0015
2022-01-24,1.2126,0.0014000000000000002
2022-01-25,1.2073,-0.0044
2022-01-26,1.2086,0.0011
2022-01-27,1.205,-0.003
2022-01-28,1.2053,0.0002
2022-02-07,1.2091,0.0032
2022-02-08,1.2101,0.0008
2022-02-09,1.2127,0.0021
2022-02-10,1.2134,0.0006
2022-02-11,1.2083,-0.0042
2022-02-14,1.2031,-0.0043
2022-02-15,1.2031,0.0
2022-02-16,1.2045,0.0012
2022-02-17,1.2051,0.0005
2022-02-18,1.207,0.0016
2022-02-21,1.2062,-0.0007000000000000001
2022-02-22,1.2029,-0.0027
2022-02-23,1.2056,0.0022
2022-02-24,1.2026,-0.0025
2022-02-25,1.2056,0.0025
2022-02-28,1.2066,0.0008
2022-03-01,1.2067,0.0001
2022-03-02,1.2044,-0.0019
2022-03-03,1.2031,-0.0011
2022-03-04,1.1999,-0.0027
2022-03-07,1.1931,-0.005699999999999999
2022-03-08,1.1864,-0.005600000000000001
2022-03-09,1.1827,-0.0031
2022-03-10,1.186,0.0028000000000000004
2022-03-11,1.1855,-0.0004
2022-03-14,1.1691,-0.0021
2022-03-15,1.1614,-0.0066
2022-03-16,1.1651,0.0032
2022-03-17,1.1672,0.0018
2022-03-18,1.1691,0.0016
2022-03-21,1.1694,0.0003
2022-03-22,1.1696,0.0002
2022-03-23,1.1697,0.0001
2022-03-24,1.1679,-0.0015
2022-03-25,1.1668,-0.0009
2022-03-28,1.1666,-0.0002
2022-03-29,1.1667,0.0001
2022-03-30,1.1695,0.0024
2022-03-31,1.169,-0.0004
2022-04-01,1.1704,0.0012
2022-04-06,1.171,0.0005
2022-04-07,1.1699,-0.0009
2022-04-08,1.1704,0.0004
2022-04-11,1.1677,-0.0023
2022-04-12,1.1686,0.0008
2022-04-13,1.1678,-0.0007000000000000001
2022-04-14,1.169,0.001
2022-04-15,1.1691,0.0001
2022-04-18,1.1694,0.0003
2022-04-19,1.1699,0.0004
2022-04-20,1.1683,-0.0014000000000000002
2022-04-21,1.1652,-0.0027
2022-04-22,1.1662,0.0009
2022-04-25,1.1622,-0.0034000000000000002
2022-04-26,1.1599,-0.002
2022-04-27,1.1633,0.0029
2022-04-28,1.1626,-0.0006
2022-04-29,1.1652,0.0022
2022-05-05,1.1667,0.0013
2022-05-06,1.1654,-0.0011
2022-05-09,1.1666,0.001
2022-05-10,1.1685,0.0016
2022-05-11,1.169,0.0004
2022-05-12,1.1694,0.0003
2022-05-13,1.1705,0.0009
2022-05-16,1.1707,0.0002
2022-05-17,1.1715,0.0007000000000000001
2022-05-18,1.1726,0.0009
2022-05-19,1.173,0.0003
2022-05-20,1.1742,0.001
2022-05-23,1.1755,0.0011
2022-05-24,1.1731,-0.002
2022-05-25,1.1749,0.0015
2022-05-26,1.1764,0.0013
2022-05-27,1.176,-0.0003
2022-05-30,1.1768,0.0007000000000000001
2022-05-31,1.1772,0.0003
2022-06-01,1.1767,-0.0004
2022-06-02,1.1771,0.0003
2022-06-06,1.1774,0.0003
2022-06-07,1.1773,-0.0001
2022-06-08,1.1774,0.0001
2022-06-09,1.1767,-0.0006
2022-06-10,1.1791,0.002
2022-06-13,1.1794,0.0003
2022-06-14,1.1795,0.0001
2022-06-15,1.1798,0.0003
2022-06-16,1.1805,0.0006
2022-06-17,1.1823,0.0015
2022-06-20,1.184,0.0014000000000000002
2022-06-21,1.1838,-0.0002
2022-06-22,1.1825,-0.0011
2022-06-23,1.1851,0.0022
2022-06-24,1.1858,0.0006
2022-06-27,1.187,0.001
2022-06-28,1.1885,0.0013
2022-06-29,1.1851,-0.0029
2022-06-30,1.186,0.0008
2022-07-01,1.187,0.0008
2022-07-04,1.1883,0.0011
2022-07-05,1.1871,-0.001
2022-07-06,1.1849,-0.0019
2022-07-07,1.1863,0.0012
2022-07-08,1.1866,0.0003
2022-07-11,1.1853,-0.0011
2022-07-12,1.1843,-0.0008
2022-07-13,1.1856,0.0011
2022-07-14,1.185,-0.0005
2022-07-15,1.1831,-0.0016
2022-07-18,1.1863,0.0027
2022-07-19,1.1863,0.0
2022-07-20,1.1866,0.0003
2022-07-21,1.1866,0.0
2022-07-22,1.1856,-0.0008
2022-07-25,1.1847,-0.0008
2022-07-26,1.1873,0.0022
2022-07-27,1.1889,0.0013
2022-07-28,1.1899,0.0008
2022-07-29,1.1902,0.0003
2022-08-01,1.1918,0.0013
2022-08-02,1.1896,-0.0018
2022-08-03,1.1882,-0.0012
2022-08-04,1.1899,0.0014000000000000002
2022-08-05,1.1923,0.002
2022-08-08,1.1938,0.0013
2022-08-09,1.1941,0.0003
2022-08-10,1.1929,-0.001
2022-08-11,1.1958,0.0024
2022-08-12,1.1961,0.0003
2022-08-15,1.198,0.0016
2022-08-16,1.1994,0.0012
2022-08-17,1.2003,0.0008
2022-08-18,1.1981,-0.0018
2022-08-19,1.1981,0.0
2022-08-22,1.2002,0.0018
2022-08-23,1.2004,0.0002
2022-08-24,1.196,-0.0037
2022-08-25,1.1966,0.0005
2022-08-26,1.1957,-0.0008
2022-08-29,1.1966,0.0008
2022-08-30,1.1958,-0.0007000000000000001
2022-08-31,1.1929,-0.0024
2022-09-01,1.1923,-0.0005
2022-09-02,1.1933,0.0008
2022-09-05,1.1951,0.0015
2022-09-06,1.1978,0.0023
2022-09-07,1.1992,0.0012
2022-09-08,1.1981,-0.0009
2022-09-09,1.1989,0.0007000000000000001
2022-09-13,1.1992,0.0003
2022-09-14,1.1976,-0.0013
2022-09-15,1.1948,-0.0023
2022-09-16,1.1908,-0.0033
2022-09-19,1.19,-0.0007000000000000001
2022-09-20,1.1903,0.0003
2022-09-21,1.1914,0.0009
2022-09-22,1.1906,-0.0007000000000000001
2022-09-23,1.1871,-0.0016
2022-09-26,1.1847,-0.002
2022-09-27,1.1865,0.0015
2022-09-28,1.1827,-0.0032
2022-09-29,1.1815,-0.001
2022-09-30,1.1805,-0.0008
2022-10-10,1.1803,-0.0002
2022-10-11,1.1816,0.0011
2022-10-12,1.1854,0.0032
2022-10-13,1.1861,0.0006
2022-10-14,1.1883,0.0019
2022-10-17,1.1895,0.001
2022-10-18,1.1897,0.0002
2022-10-19,1.1876,-0.0018
2022-10-20,1.1856,-0.0017000000000000001
2022-10-21,1.1865,0.0008
2022-10-24,1.1823,-0.0034999999999999996
2022-10-25,1.1813,-0.0008
2022-10-26,1.1819,0.0005
2022-10-27,1.1817,-0.0002
2022-10-28,1.176,-0.0048
2022-10-31,1.1747,-0.0011
2022-11-01,1.18,0.0045000000000000005
2022-11-02,1.1822,0.0019
2022-11-03,1.1818,-0.0003
2022-11-04,1.1873,0.004699999999999999
2022-11-07,1.1871,-0.0002
2022-11-08,1.1854,-0.0014000000000000002
2022-11-09,1.1849,-0.0004
2022-11-10,1.1831,-0.0015
2022-11-11,1.1885,0.0046
2022-11-14,1.1854,-0.0026
2022-11-15,1.1876,0.0019
2022-11-16,1.1832,-0.0037
2022-11-17,1.1809,-0.0019
2022-11-18,1.1794,-0.0013
2022-11-21,1.1795,0.0001
2022-11-22,1.1798,0.0003
2022-11-23,1.1803,0.0004
2022-11-24,1.1814,0.0009
2022-11-25,1.1835,0.0018
2022-11-28,1.1812,-0.0019
2022-11-29,1.1871,0.005
2022-11-30,1.1862,-0.0008
2022-12-01,1.1887,0.0021
2022-12-02,1.187,-0.0014000000000000002
2022-12-05,1.1926,0.004699999999999999
2022-12-06,1.1915,-0.0009
2022-12-07,1.1872,-0.0036
2022-12-08,1.1862,-0.0008
2022-12-09,1.1884,0.0019
2022-12-12,1.1841,-0.0036
2022-12-13,1.1813,-0.0024
2022-12-14,1.1772,-0.0009
2022-12-15,1.1767,-0.0004
2022-12-16,1.1769,0.0002
2022-12-19,1.1727,-0.0036
2022-12-20,1.1702,-0.0021
2022-12-21,1.171,0.0007000000000000001
2022-12-22,1.1713,0.0003
2022-12-23,1.1709,-0.0003
2022-12-26,1.1728,0.0016
2022-12-27,1.1763,0.003
2022-12-28,1.1761,-0.0002
2022-12-29,1.1754,-0.0006
2022-12-30,1.1773,0.0016
2022-12-31,1.1774,0.0001
2023-01-03,1.179,0.0014000000000000002
2023-01-04,1.1826,0.0031
2023-01-05,1.1875,0.0040999999999999995
2023-01-06,1.188,0.0004
2023-01-09,1.1907,0.0023
2023-01-10,1.1886,-0.0018
2023-01-11,1.1887,0.0001
2023-01-12,1.1897,0.0008
2023-01-13,1.1926,0.0024
2023-01-16,1.1965,0.0033
2023-01-17,1.198,0.0013
2023-01-18,1.1983,0.0003
2023-01-19,1.2008,0.0021
2023-01-20,1.2022,0.0012
2023-01-30,1.2023,0.0001
2023-01-31,1.201,-0.0011
2023-02-01,1.2038,0.0023
2023-02-02,1.204,0.0002
2023-02-03,1.2021,-0.0016
2023-02-06,1.1981,-0.0033
2023-02-07,1.2005,0.002
2023-02-08,1.1993,-0.001
2023-02-09,1.2025,0.0027
2023-02-10,1.2016,-0.0007000000000000001
2023-02-13,1.2043,0.0022
2023-02-14,1.206,0.0014000000000000002
2023-02-15,1.2033,-0.0022
2023-02-16,1.2007,-0.0022
2023-02-17,1.1968,-0.0032
2023-02-20,1.2036,0.005699999999999999
2023-02-21,1.2037,0.0001
2023-02-22,1.2019,-0.0015
2023-02-23,1.2011,-0.0007000000000000001
2023-02-24,1.1983,-0.0023
2023-02-27,1.1964,-0.0016
2023-02-28,1.1978,0.0012
2023-03-01,1.2024,0.0038
2023-03-02,1.2029,0.0004
2023-03-03,1.2029,0.0
2023-03-06,1.2005,-0.002
2023-03-07,1.196,-0.0037
2023-03-08,1.1955,-0.0004
2023-03-09,1.1943,-0.001
2023-03-10,1.1906,-0.0031
2023-03-13,1.1935,0.0024
2023-03-14,1.1859,-0.002
2023-03-15,1.1877,0.0015
2023-03-16,1.1841,-0.003
2023-03-17,1.1882,0.0034999999999999996
2023-03-20,1.1902,0.0017000000000000001
2023-03-21,1.1927,0.0021
2023-03-22,1.1927,0.0
2023-03-23,1.1974,0.0039000000000000003
2023-03-24,1.1971,-0.0003
2023-03-27,1.1981,0.0008
2023-03-28,1.1948,-0.0028000000000000004
2023-03-29,1.1939,-0.0008
2023-03-30,1.1962,0.0019
2023-03-31,1.2012,0.0042
2023-04-03,1.2108,0.008
2023-04-04,1.2089,-0.0016
2023-04-06,1.2076,-0.0011
2023-04-07,1.2113,0.0031
2023-04-10,1.2092,-0.0017000000000000001
2023-04-11,1.2093,0.0001
2023-04-12,1.2102,0.0007000000000000001
2023-04-13,1.2073,-0.0024
2023-04-14,1.2089,0.0013
2023-04-17,1.2119,0.0025
2023-04-18,1.2129,0.0008
2023-04-19,1.2104,-0.0021
2023-04-20,1.2105,0.0001
2023-04-21,1.2037,-0.005600000000000001
2023-04-24,1.1987,-0.0042
2023-04-25,1.1974,-0.0011
2023-04-26,1.1969,-0.0004
2023-04-27,1.2006,0.0031
2023-04-28,1.2036,0.0025
2023-05-04,1.206,0.002
2023-05-05,1.2034,-0.0022
2023-05-08,1.2055,0.0017000000000000001
2023-05-09,1.2036,-0.0016
2023-05-10,1.2016,-0.0017000000000000001
2023-05-11,1.2023,0.0006
2023-05-12,1.1976,-0.0039000000000000003
2023-05-15,1.2008,0.0027
2023-05-16,1.1997,-0.0009
2023-05-17,1.1992,-0.0004
2023-05-18,1.1999,0.0006
2023-05-19,1.2,0.0001
2023-05-22,1.2003,0.0002
2023-05-23,1.1977,-0.0022
2023-05-24,1.1943,-0.0028000000000000004
2023-05-25,1.1929,-0.0012
2023-05-26,1.1944,0.0013
2023-05-29,1.1926,-0.0015
2023-05-30,1.1937,0.0009
2023-05-31,1.1917,-0.0017000000000000001
2023-06-01,1.1927,0.0008
2023-06-02,1.1973,0.0039000000000000003
2023-06-05,1.1966,-0.0006
2023-06-06,1.1941,-0.0021
2023-06-07,1.194,-0.0001
2023-06-08,1.1956,0.0013
2023-06-09,1.1958,0.0002
2023-06-12,1.1982,0.002
2023-06-13,1.1989,0.0006
2023-06-14,1.1838,0.0011
2023-06-15,1.1852,0.0012
2023-06-16,1.1873,0.0018
2023-06-19,1.1851,-0.0019
2023-06-20,1.1834,-0.0014000000000000002
2023-06-21,1.1793,-0.0034999999999999996
2023-06-26,1.1758,-0.003
2023-06-27,1.1798,0.0034000000000000002
2023-06-28,1.1789,-0.0008
2023-06-29,1.1791,0.0002
2023-06-30,1.1817,0.0022
2023-07-03,1.183,0.0011
2023-07-04,1.183,0.0
2023-07-05,1.1824,-0.0005
2023-07-06,1.1818,-0.0005
2023-07-07,1.1812,-0.0005
2023-07-10,1.1821,0.0008
2023-07-11,1.1843,0.0019
2023-07-12,1.1822,-0.0018
2023-07-13,1.185,0.0024
2023-07-14,1.1854,0.0003
2023-07-17,1.1863,0.0008
2023-07-18,1.1876,0.0011
2023-07-19,1.1881,0.0004
2023-07-20,1.1866,-0.0013
2023-07-21,1.187,0.0003
2023-07-24,1.187,0.0
2023-07-25,1.1906,0.003
2023-07-26,1.1896,-0.0008
2023-07-27,1.1886,-0.0008
2023-07-28,1.1929,0.0036
2023-07-31,1.195,0.0018
2023-08-01,1.1946,-0.0003
2023-08-02,1.1944,-0.0002
2023-08-03,1.1958,0.0012
2023-08-04,1.1964,0.0005
2023-08-07,1.1956,-0.0007000000000000001
2023-08-08,1.1946,-0.0008
2023-08-09,1.1935,-0.0009
2023-08-10,1.1947,0.001
2023-08-11,1.1914,-0.0028000000000000004
2023-08-14,1.1913,-0.0001
2023-08-15,1.191,-0.0003
2023-08-16,1.1897,-0.0011
2023-08-17,1.1912,0.0013
2023-08-18,1.1893,-0.0016
2023-08-21,1.1877,-0.0013
2023-08-22,1.1883,0.0005
2023-08-23,1.1851,-0.0027
2023-08-24,1.1851,0.0
2023-08-25,1.1839,-0.001
2023-08-28,1.1851,0.001
2023-08-29,1.1892,0.0034999999999999996
2023-08-30,1.1907,0.0013
2023-08-31,1.1907,0.0
2023-09-01,1.1926,0.0016
2023-09-04,1.1945,0.0016
2023-09-05,1.193,-0.0013
2023-09-06,1.1925,-0.0004
2023-09-07,1.188,-0.0038
2023-09-08,1.1866,-0.0012
2023-09-11,1.1874,0.0007000000000000001
2023-09-12,1.1872,-0.0002
2023-09-13,1.1861,-0.0009
2023-09-14,1.1804,0.0
2023-09-15,1.18,-0.0003
2023-09-18,1.1798,-0.0002
2023-09-19,1.1791,-0.0006
2023-09-20,1.1784,-0.0006
2023-09-21,1.1777,-0.0006
2023-09-22,1.18,0.002
2023-09-25,1.1785,-0.0013
2023-09-26,1.1774,-0.0009
2023-09-27,1.1787,0.0011
2023-09-28,1.1803,0.0014000000000000002
2023-10-09,1.1797,-0.0005
2023-10-10,1.1778,-0.0016
2023-10-11,1.1775,-0.0003
2023-10-12,1.1787,0.001
2023-10-13,1.1786,-0.0001
2023-10-16,1.1773,-0.0011
2023-10-17,1.177,-0.0003
2023-10-18,1.1731,-0.0033
2023-10-19,1.1688,-0.0037
2023-10-20,1.167,-0.0015
2023-10-23,1.1634,-0.0031
2023-10-24,1.1661,0.0023
2023-10-25,1.1685,0.0021
2023-10-26,1.1692,0.0006
2023-10-27,1.1722,0.0034000000000000002
2023-10-30,1.1741,0.0016
2023-10-31,1.1729,-0.001
2023-11-01,1.1717,-0.001
2023-11-02,1.1711,-0.0005
2023-11-03,1.173,0.0016
2023-11-06,1.1759,0.0025
2023-11-07,1.1754,-0.0004
2023-11-08,1.1742,-0.001
2023-11-09,1.1736,-0.0005
2023-11-10,1.1727,-0.0008
2023-11-13,1.1733,0.0005
2023-11-14,1.1733,0.0
2023-11-15,1.1749,0.0014000000000000002
2023-11-16,1.1729,-0.0017000000000000001
2023-11-17,1.1731,0.0002
2023-11-20,1.1739,0.0007000000000000001
2023-11-21,1.1737,-0.0002
2023-11-22,1.1706,-0.0026
2023-11-23,1.1711,0.0004
2023-11-24,1.1695,-0.0014000000000000002
2023-11-27,1.169,-0.0004
2023-11-28,1.1699,0.0008
2023-11-29,1.169,-0.0008
2023-11-30,1.1691,0.0001
2023-12-01,1.1691,0.0
2023-12-04,1.1685,-0.0005
2023-12-05,1.1655,-0.0026
2023-12-06,1.1658,0.0003
2023-12-07,1.1648,-0.0009
2023-12-08,1.1656,0.0007000000000000001
2023-12-11,1.168,0.0021
2023-12-12,1.1686,0.0005
2023-12-13,1.1663,-0.002
2023-12-14,1.1659,-0.0003
2023-12-15,1.1654,-0.0004
2023-12-18,1.1643,-0.0009
2023-12-19,1.1643,0.0
2023-12-20,1.1625,-0.0015
2023-12-21,1.1644,0.0016
2023-12-22,1.1643,-0.0001
2023-12-25,1.1646,0.0003
2023-12-26,1.1628,-0.0015
2023-12-27,1.1652,0.0021
2023-12-28,1.1695,0.0037
2023-12-29,1.1722,0.0023
2023-12-31,1.1722,0.0
2024-01-02,1.1722,0.0
2024-01-03,1.1705,-0.0015
2024-01-04,1.1694,-0.0009
2024-01-05,1.1683,-0.0009
2024-01-08,1.1645,-0.0033
2024-01-09,1.1659,0.0012
2024-01-10,1.1652,-0.0006
2024-01-11,1.1662,0.0009
2024-01-12,1.1665,0.0003
2024-01-15,1.1671,0.0005
2024-01-16,1.1666,-0.0004
2024-01-17,1.1617,-0.0042
2024-01-18,1.1622,0.0004
2024-01-19,1.1612,-0.0009
2024-01-22,1.1521,-0.006500000000000001
2024-01-23,1.153,0.0008
2024-01-24,1.1555,0.0022
2024-01-25,1.1643,0.0076
2024-01-26,1.1639,-0.0003
2024-01-29,1.1618,-0.0018
2024-01-30,1.158,-0.0033
2024-01-31,1.1547,-0.0028000000000000004
2024-02-01,1.1535,-0.001
2024-02-02,1.1507,-0.0024
2024-02-05,1.1493,-0.0012
2024-02-06,1.1573,0.006999999999999999
2024-02-07,1.1618,0.0039000000000000003
2024-02-08,1.1646,0.0024
2024-02-19,1.1679,0.0028000000000000004
2024-02-20,1.1701,0.0019
2024-02-21,1.1729,0.0024
2024-02-22,1.1754,0.0021
2024-02-23,1.1762,0.0007000000000000001
2024-02-26,1.1765,0.0003
2024-02-27,1.1792,0.0023
2024-02-28,1.1737,-0.004699999999999999
2024-02-29,1.1787,0.0043
2024-03-01,1.1789,0.0002
2024-03-04,1.1788,-0.0001
2024-03-05,1.1785,-0.0003
2024-03-06,1.1795,0.0008
2024-03-07,1.1789,-0.0005
2024-03-08,1.1811,0.0019
2024-03-11,1.1811,0.0
2024-03-12,1.18,-0.0009
2024-03-13,1.1801,0.0001
2024-03-14,1.1797,-0.0003
2024-03-15,1.1815,0.0015
2024-03-18,1.1842,0.0023
2024-03-19,1.1837,-0.0004
2024-03-20,1.1846,0.0008
2024-03-21,1.1842,-0.0003
2024-03-22,1.1806,-0.003
2024-03-25,1.1791,-0.0013
2024-03-26,1.1796,0.0004
2024-03-27,1.1789,-0.0006
2024-03-28,1.1817,0.0024
2024-03-29,1.1857,0.0034000000000000002
2024-04-01,1.1898,0.0034999999999999996
2024-04-02,1.1907,0.0008
2024-04-03,1.1924,0.0014000000000000002
2024-04-08,1.19,-0.002
2024-04-09,1.1904,0.0003
2024-04-10,1.1895,-0.0008
2024-04-11,1.1914,0.0016
2024-04-12,1.1919,0.0004
2024-04-15,1.1946,0.0023
2024-04-16,1.1908,-0.0032
2024-04-17,1.1968,0.005
2024-04-18,1.1975,0.0006
2024-04-19,1.1988,0.0011
2024-04-22,1.197,-0.0015
2024-04-23,1.1952,-0.0015
2024-04-24,1.1948,-0.0003
2024-04-25,1.1957,0.0008
2024-04-26,1.1968,0.0009
2024-04-29,1.1965,-0.0003
2024-04-30,1.1991,0.0022
2024-05-06,1.2043,0.0043
2024-05-07,1.2062,0.0016
2024-05-08,1.2041,-0.0017000000000000001
2024-05-09,1.2071,0.0025
2024-05-10,1.2075,0.0003
2024-05-13,1.2086,0.0009
2024-05-14,1.2107,0.0017000000000000001
2024-05-15,1.209,-0.0014000000000000002
2024-05-16,1.2084,-0.0005
2024-05-17,1.2095,0.0009
2024-05-20,1.2108,0.0011
2024-05-21,1.2102,-0.0005
2024-05-22,1.2091,-0.0009
2024-05-23,1.2073,-0.0015
2024-05-24,1.2059,-0.0012
2024-05-27,1.2083,0.002
2024-05-28,1.2062,-0.0017000000000000001
2024-05-29,1.2071,0.0007000000000000001
2024-05-30,1.2067,-0.0003
2024-05-31,1.2061,-0.0005
2024-06-03,1.205,-0.0009
2024-06-04,1.2075,0.0021
2024-06-05,1.2056,-0.0016
2024-06-06,1.2052,-0.0003
2024-06-07,1.2046,-0.0005
2024-06-11,1.2044,-0.0002
2024-06-12,1.2059,0.0012
2024-06-13,1.2043,-0.0013
2024-06-14,1.2059,0.0013
2024-06-17,1.2045,-0.0012
2024-06-18,1.2049,0.0003
2024-06-19,1.2034,-0.0012
2024-06-20,1.2001,-0.0027
2024-06-21,1.1989,-0.001
2024-06-24,1.1961,-0.0023
2024-06-25,1.1962,0.0001
2024-06-26,1.2,0.0032
2024-06-27,1.197,-0.0025
2024-06-28,1.1994,0.002
2024-06-30,1.1995,0.0001
2024-07-01,1.1994,-0.0001
2024-07-02,1.1967,-0.0023
2024-07-03,1.1945,-0.0018
2024-07-04,1.1924,-0.0018
2024-07-05,1.1927,0.0003
2024-07-08,1.1878,-0.0040999999999999995
2024-07-09,1.19,0.0019
2024-07-10,1.1888,-0.001
2024-07-11,1.1937,0.0040999999999999995
2024-07-12,1.193,-0.0006
2024-07-15,1.1936,0.0005
2024-07-16,1.1934,-0.0002
2024-07-17,1.1919,-0.0013
2024-07-18,1.193,0.0009
2024-07-19,1.1938,0.0007000000000000001
2024-07-22,1.1932,-0.0005
2024-07-23,1.1881,-0.0043
2024-07-24,1.185,-0.0026
2024-07-25,1.1845,-0.0004
2024-07-26,1.1884,0.0033
2024-07-29,1.1873,-0.0009
2024-07-30,1.186,-0.0011
2024-07-31,1.1935,0.0063
2024-08-01,1.1924,-0.0009
2024-08-02,1.191,-0.0012
2024-08-05,1.1882,-0.0024
2024-08-06,1.1896,0.0012
2024-08-07,1.1904,0.0007000000000000001
2024-08-08,1.1894,-0.0008
2024-08-09,1.1877,-0.0014000000000000002
2024-08-12,1.1865,-0.001
2024-08-13,1.1866,0.0001
2024-08-14,1.1844,-0.0019
2024-08-15,1.1834,-0.0008
2024-08-16,1.1815,-0.0016
2024-08-19,1.1824,0.0008
2024-08-20,1.1791,-0.0028000000000000004
2024-08-21,1.1775,-0.0014000000000000002
2024-08-22,1.1752,-0.002
2024-08-23,1.1769,0.0014000000000000002
2024-08-26,1.1765,-0.0003
2024-08-27,1.1736,-0.0025
2024-08-28,1.1735,-0.0001
2024-08-29,1.1762,0.0023
2024-08-30,1.1798,0.0031
2024-09-02,1.1786,-0.001
2024-09-03,1.1808,0.0019
2024-09-04,1.1808,0.0
2024-09-05,1.1833,0.0021
2024-09-06,1.1815,-0.0015
2024-09-09,1.1796,-0.0016
2024-09-10,1.1793,-0.0003
2024-09-11,1.1796,0.0003
2024-09-12,1.178,-0.0014000000000000002
2024-09-13,1.1771,-0.0008
2024-09-18,1.1784,0.0011
2024-09-19,1.1808,0.002
2024-09-20,1.1797,-0.0009
2024-09-23,1.1795,-0.0002
2024-09-24,1.188,0.0072
2024-09-25,1.19,0.0017000000000000001
2024-09-26,1.1976,0.0064
2024-09-27,1.2037,0.0051
2024-09-30,1.2205,0.013999999999999999
2024-10-08,1.2306,0.0083
2024-10-09,1.2092,-0.0174
2024-10-10,1.2133,0.0034000000000000002
2024-10-11,1.2097,-0.003
2024-10-14,1.2156,0.0049
2024-10-15,1.212,-0.003
2024-10-16,1.2129,0.0007000000000000001
2024-10-17,1.2116,-0.0011
2024-10-18,1.2172,0.0046
2024-10-21,1.2195,0.0019
2024-10-22,1.2202,0.0006
2024-10-23,1.2203,0.0001
2024-10-24,1.2168,-0.0029
2024-10-25,1.2193,0.0021
2024-10-28,1.2207,0.0011
2024-10-29,1.217,-0.003
2024-10-30,1.2164,-0.0005
2024-10-31,1.2183,0.0016
2024-11-01,1.2194,0.0009
2024-11-04,1.2239,0.0037
2024-11-05,1.2301,0.0051
2024-11-06,1.2298,-0.0002
2024-11-07,1.2366,0.0055000000000000005
2024-11-08,1.2357,-0.0007000000000000001
2024-11-11,1.2388,0.0025
2024-11-12,1.2365,-0.0017000000000000001
2024-11-13,1.2361,-0.0003
2024-11-14,1.2313,-0.0039000000000000003
2024-11-15,1.2291,-0.0018
2024-11-18,1.2257,-0.0028000000000000004
2024-11-19,1.2294,0.003
2024-11-20,1.2311,0.0014000000000000002
2024-11-21,1.2317,0.0005
2024-11-22,1.2258,-0.0048
2024-11-25,1.2258,0.0
2024-11-26,1.2251,-0.0006
2024-11-27,1.229,0.0032
2024-11-28,1.2286,-0.0003
2024-11-29,1.2319,0.0027
2024-12-02,1.2356,0.003
2024-12-03,1.2357,0.0001
2024-12-04,1.2333,-0.0019
2024-12-05,1.2347,0.0011
2024-12-06,1.239,0.0034999999999999996
2024-12-09,1.2383,-0.0006
2024-12-10,1.2431,0.0039000000000000003
2024-12-11,1.2456,0.002
2024-12-12,1.2495,0.0031
2024-12-13,1.2462,-0.0026
2024-12-16,1.2426,-0.0029
2024-12-17,1.2404,-0.0018
2024-12-18,1.2408,0.0003
2024-12-19,1.2394,-0.0011
2024-12-20,1.2412,0.0015
2024-12-23,1.2397,-0.0012
2024-12-24,1.2423,0.0021
2024-12-25,1.2403,-0.0016
2024-12-26,1.2411,0.0006
2024-12-27,1.2436,0.002
2024-12-30,1.2439,0.0002
2024-12-31,1.2423,-0.0013
2025-01-02,1.238,-0.0034999999999999996
2025-01-03,1.2368,-0.001
2025-01-06,1.2356,-0.001
2025-01-07,1.2363,0.0006
2025-01-08,1.2356,-0.0006
2025-01-09,1.2349,-0.0006
2025-01-10,1.2319,-0.0024
2025-01-13,1.2303,-0.0013
2025-01-14,1.2368,0.0053
2025-01-15,1.2366,-0.0002
2025-01-16,1.2354,-0.001
2025-01-17,1.2378,0.0019
2025-01-20,1.2194,-0.0002
2025-01-21,1.22,0.0005
2025-01-22,1.2192,-0.0007000000000000001
2025-01-23,1.2194,0.0002
2025-01-24,1.2214,0.0016
2025-01-27,1.2214,0.0
2025-02-05,1.2196,-0.0015
2025-02-06,1.223,0.0028000000000000004
2025-02-07,1.2265,0.0029
2025-02-10,1.2272,0.0006
2025-02-11,1.2255,-0.0014000000000000002
2025-02-12,1.2262,0.0006
2025-02-13,1.2263,0.0001
2025-02-14,1.2266,0.0002
2025-02-17,1.2249,-0.0014000000000000002
2025-02-18,1.2207,-0.0034000000000000002
2025-02-19,1.2237,0.0025
2025-02-20,1.2238,0.0001
2025-02-21,1.224,0.0002
2025-02-24,1.2235,-0.0004
2025-02-25,1.2209,-0.0021
2025-02-26,1.2238,0.0024
2025-02-27,1.2244,0.0005
2025-02-28,1.2216,-0.0023
2025-03-03,1.2222,0.0005
2025-03-04,1.2236,0.0011
2025-03-05,1.2233,-0.0002
2025-03-06,1.2247,0.0011
2025-03-07,1.2241,-0.0005
2025-03-10,1.2242,0.0001
2025-03-11,1.2235,-0.0006
2025-03-12,1.2239,0.0003
2025-03-13,1.2243,0.0003
2025-03-14,1.2281,0.0031
2025-03-17,1.2282,0.0001
2025-03-18,1.2284,0.0002
2025-03-19,1.2277,-0.0006
2025-03-20,1.2269,-0.0007000000000000001
2025-03-21,1.2245,-0.002
2025-03-24,1.2248,0.0002
2025-03-25,1.2273,0.002
2025-03-26,1.2275,0.0002
2025-03-27,1.2288,0.0011
2025-03-28,1.2276,-0.001
2025-03-31,1.225,-0.0021
2025-04-01,1.2276,0.0021
2025-04-02,1.2278,0.0002
2025-04-03,1.2288,0.0008
2025-04-07,1.2134,-0.0125
2025-04-08,1.2183,0.004
2025-04-09,1.2232,0.004
2025-04-10,1.2267,0.0029
2025-04-11,1.2251,-0.0013
2025-04-14,1.2259,0.0007000000000000001
2025-04-15,1.224,-0.0015
2025-04-16,1.2228,-0.001
2025-04-17,1.2235,0.0006
2025-04-18,1.2102,-0.0007000000000000001
2025-04-21,1.211,0.0007000000000000001
2025-04-22,1.2122,0.001
2025-04-23,1.2117,-0.0004
2025-04-24,1.2112,-0.0004
2025-04-25,1.2109,-0.0002
2025-04-28,1.2086,-0.0019
2025-04-29,1.2098,0.001
2025-04-30,1.2115,0.0014000000000000002
2025-05-06,1.2154,0.0032
2025-05-07,1.2162,0.0007000000000000001
2025-05-08,1.2179,0.0014000000000000002
2025-05-09,1.2171,-0.0007000000000000001
2025-05-12,1.2192,0.0017000000000000001
2025-05-13,1.2188,-0.0003
2025-05-14,1.219,0.0002
2025-05-15,1.2174,-0.0013
2025-05-16,1.2169,-0.0004
2025-05-19,1.2173,0.0003
2025-05-20,1.2199,0.0021
2025-05-21,1.2209,0.0008
2025-05-22,1.2186,-0.0019
2025-05-23,1.218,-0.0005
2025-05-26,1.2178,-0.0002
2025-05-27,1.2176,-0.0002
2025-05-28,1.2191,0.0012
2025-05-29,1.2203,0.001
2025-05-30,1.2197,-0.0005
2025-06-03,1.2209,0.001
2025-06-04,1.2214,0.0004
2025-06-05,1.2207,-0.0006
2025-06-06,1.2214,0.0006
2025-06-09,1.2237,0.0019
2025-06-10,1.2225,-0.001
2025-06-11,1.2238,0.0011
2025-06-12,1.2243,0.0004
2025-06-13,1.2223,-0.0016
2025-06-16,1.2212,-0.0009
2025-06-17,1.221,-0.0002
2025-06-18,1.2201,-0.0007000000000000001
2025-06-19,1.2175,-0.0021
2025-06-20,1.2173,-0.0002
2025-06-23,1.2178,0.0004
2025-06-24,1.2209,0.0025
2025-06-25,1.2243,0.0028000000000000004
2025-06-26,1.2234,-0.0007000000000000001
2025-06-27,1.2254,0.0016
2025-06-30,1.2275,0.0017000000000000001
2025-07-01,1.2278,0.0002
2025-07-02,1.2276,-0.0002
2025-07-03,1.2293,0.0014000000000000002
2025-07-04,1.2302,0.0007000000000000001
2025-07-07,1.2297,-0.0004
2025-07-08,1.2328,0.0025
2025-07-09,1.2326,-0.0002
2025-07-10,1.2348,0.0018
2025-07-11,1.236,0.001
2025-07-14,1.2352,-0.0006
2025-07-15,1.2352,0.0
2025-07-16,1.2371,0.0015
2025-07-17,1.2328,0.0032
2025-07-18,1.2356,0.0023
2025-07-21,1.2361,0.0004
2025-07-22,1.2374,0.0011
2025-07-23,1.2358,-0.0013
2025-07-24,1.2377,0.0015
2025-07-25,1.2371,-0.0005
2025-07-28,1.2371,0.0
2025-07-29,1.2383,0.001
2025-07-30,1.2397,0.0011
2025-07-31,1.2363,-0.0027
2025-08-01,1.2378,0.0012
2025-08-04,1.2403,0.002
2025-08-05,1.2415,0.001
2025-08-06,1.2423,0.0006
2025-08-07,1.2437,0.0011
2025-08-08,1.2431,-0.0005
2025-08-11,1.2434,0.0002
2025-08-12,1.2418,-0.0013
2025-08-13,1.243,0.001
2025-08-14,1.2407,-0.0019
2025-08-15,1.2444,0.003
2025-08-18,1.245,0.0005
2025-08-19,1.2434,-0.0013
2025-08-20,1.2469,0.0028000000000000004
2025-08-21,1.2483,0.0011
2025-08-22,1.2504,0.0017000000000000001
2025-08-25,1.2536,0.0026
2025-08-26,1.2525,-0.0009
2025-08-27,1.2474,-0.0040999999999999995
2025-08-28,1.2495,0.0017000000000000001
2025-08-29,1.2487,-0.0006
2025-09-01,1.2497,0.0008
2025-09-02,1.2458,-0.0031
2025-09-03,1.2441,-0.0014000000000000002
2025-09-04,1.2428,-0.001
2025-09-05,1.2445,0.0014000000000000002
2025-09-08,1.2465,0.0016
2025-09-09,1.2446,-0.0015
2025-09-10,1.2431,-0.0012
2025-09-11,1.245,0.0015
2025-09-12,1.2437,-0.001
2025-09-15,1.2439,0.0002
2025-09-16,1.2436,-0.0002
2025-09-17,1.246,0.0019
2025-09-18,1.2431,-0.0023
2025-09-19,1.2453,0.0018
2025-09-22,1.2446,-0.0006
2025-09-23,1.2422,-0.0019
2025-09-24,1.2434,0.001
2025-09-25,1.2431,-0.0002
2025-09-26,1.243,-0.0001
2025-09-29,1.244,0.0008
2025-09-30,1.247,0.0024
2025-10-09,1.2482,0.001
2025-10-10,1.2463,-0.0015
2025-10-13,1.2454,-0.0007000000000000001
2025-10-14,1.2433,-0.0017000000000000001
2025-10-15,1.246,0.0022
2025-10-16,1.2435,-0.002
2025-10-17,1.2387,-0.0039000000000000003
2025-10-20,1.2387,0.0
2025-10-21,1.2408,0.0017000000000000001
2025-10-22,1.2395,-0.001
2025-10-23,1.2407,0.001
2025-10-24,1.241,0.0002
2025-10-27,1.2232,0.001
2025-10-28,1.2231,-0.0001
2025-10-29,1.226,0.0024
2025-10-30,1.2235,-0.002
2025-10-31,1.2237,0.0002
2025-11-03,1.2244,0.0006
2025-11-04,1.222,-0.002
2025-11-05,1.2221,0.0001
2025-11-06,1.2233,0.001
2025-11-07,1.2227,-0.0005
2025-11-10,1.2262,0.0029
2025-11-11,1.2255,-0.0006
2025-11-12,1.226,0.0004
2025-11-13,1.2281,0.0017000000000000001
2025-11-14,1.2261,-0.0016
2025-11-17,1.2237,-0.002
2025-11-18,1.2211,-0.0021
2025-11-19,1.2212,0.0001
2025-11-20,1.2203,-0.0007000000000000001
2025-11-21,1.2165,-0.0031
2025-11-24,1.2184,0.0016
2025-11-25,1.2189,0.0004
2025-11-26,1.2167,-0.0018
2025-11-27,1.2151,-0.0013
2025-11-28,1.2169,0.0015
2025-12-01,1.2187,0.0015
2025-12-02,1.2177,-0.0008
2025-12-03,1.2161,-0.0013
2025-12-04,1.216,-0.0001
2025-12-05,1.2187,0.0022
2025-12-08,1.2182,-0.0004
2025-12-09,1.2151,-0.0025
2025-12-10,1.2165,0.0012
2025-12-11,1.2151,-0.0012
2025-12-12,1.2172,0.0017000000000000001
2025-12-15,1.2181,0.0007000000000000001
2025-12-16,1.2156,-0.0021
2025-12-17,1.2192,0.003
2025-12-18,1.2206,0.0011
2025-12-19,1.2236,0.0025
2025-12-22,1.2243,0.0006
2025-12-23,1.2234,-0.0007000000000000001
2025-12-24,1.2238,0.0003
2025-12-25,1.2259,0.0017000000000000001
2025-12-26,1.2255,-0.0003
2025-12-29,1.2244,-0.0009
2025-12-30,1.2239,-0.0004
2025-12-31,1.2251,0.001
2026-01-05,1.2297,0.0038
2026-01-06,1.2326,0.0024
2026-01-07,1.2317,-0.0007000000000000001
2026-01-08,1.234,0.0019
2026-01-09,1.2355,0.0012
2026-01-12,1.2382,0.0022
2026-01-13,1.2353,-0.0023
2026-01-14,1.2349,-0.0003
2026-01-15,1.236,0.0009
2026-01-16,1.2338,-0.0018
2026-01-19,1.2375,0.003
2026-01-20,1.2392,0.0014000000000000002
2026-01-21,1.2384,-0.0006
2026-01-22,1.2402,0.0015
2026-01-23,1.24,-0.0002
2026-01-26,1.2397,-0.0002
2026-01-27,1.2393,-0.0003
2026-01-28,1.2379,-0.0011
2026-01-29,1.2436,0.0046
2026-01-30,1.2414,-0.0018
2026-02-02,1.2375,-0.0031
2026-02-03,1.2388,0.0011
2026-02-04,1.2445,0.0046
2026-02-05,1.2471,0.0021
2026-02-06,1.2459,-0.001
2026-02-09,1.2477,0.0014000000000000002
2026-02-10,1.2478,0.0001
2026-02-11,1.2485,0.0006
2026-02-12,1.247,-0.0012
2026-02-13,1.2446,-0.0019
2026-02-24,1.2459,0.001
2026-02-25,1.2462,0.0002
2026-02-26,1.245,-0.001
2026-02-27,1.246,0.0008
2026-03-02,1.2474,0.0011
2026-03-03,1.2463,-0.0009
2026-03-04,1.2445,-0.0014000000000000002
2026-03-05,1.2455,0.0008
2026-03-06,1.247,0.0012
2026-03-09,1.2448,-0.0018
2026-03-10,1.2465,0.0014000000000000002
2026-03-11,1.2479,0.0011
2026-03-12,1.2505,0.0021
2026-03-13,1.2506,0.0001
2026-03-16,1.2504,-0.0002
2026-03-17,1.25,-0.0003
2026-03-18,1.2495,-0.0004
2026-03-19,1.2471,-0.0019
2026-03-20,1.2462,-0.0007000000000000001
2026-03-23,1.2379,-0.0067
2026-03-24,1.2425,0.0037
2026-03-25,1.245,0.002
2026-03-26,1.2437,-0.001
2026-03-27,1.2436,-0.0001
2026-03-30,1.2436,0.0
2026-03-31,1.2428,-0.0006
2026-04-01,1.2444,0.0013
2026-04-02,1.2432,-0.001
2026-04-03,1.2397,-0.0028000000000000004
2026-04-07,1.2396,-0.0001
2026-04-08,1.2453,0.0046
2026-04-09,1.242,-0.0026
2026-04-10,1.243,0.0008
2026-04-13,1.2429,-0.0001
2026-04-14,1.245,0.0017000000000000001
2026-04-15,1.2465,0.0012
2026-04-16,1.2472,0.0006
2026-04-17,1.2464,-0.0006
2026-04-20,1.2485,0.0017000000000000001
2026-04-21,1.249,0.0004
2026-04-22,1.25,0.0008
2026-04-23,1.2506,0.0005
2026-04-24,1.2515,0.0007000000000000001
2026-04-27,1.251,-0.0004
2026-04-28,1.2525,0.0012
2026-04-29,1.2553,0.0022
2026-04-30,1.2538,-0.0012
2026-05-06,1.2536,-0.0002
2026-05-07,1.2531,-0.0004
2026-05-08,1.2531,0.0
2026-05-11,1.2549,0.0014000000000000002
2026-05-12,1.2535,-0.0011
2026-05-13,1.2534,-0.0001
2026-05-14,1.2515,-0.0015
2026-05-15,1.25,-0.0012
2026-05-18,1.2465,-0.0028000000000000004
2026-05-19,1.2481,0.0013
2026-05-20,1.2467,-0.0011
2026-05-21,1.2443,-0.0019
2026-05-22,1.2439,-0.0003
2026-05-25,1.2433,-0.0005
2026-05-26,1.2439,0.0005
2026-05-27,1.2426,-0.001
2026-05-28,1.2411,-0.0012
2026-05-29,1.2439,0.0023
2026-06-01,1.2474,0.0028000000000000004
2026-06-02,1.2473,-0.0001
2026-06-03,1.2446,-0.0022
2026-06-04,1.2408,-0.0031
2026-06-05,1.2411,0.0002
2026-06-08,1.2398,-0.001
2026-06-09,1.2409,0.0009
2026-06-10,1.2422,0.001
2026-06-11,1.2422,0.0
2026-06-12,1.2456,0.0027
2026-06-15,1.245,-0.0005
2026-06-16,1.2417,-0.0027
2026-06-17,1.2404,-0.001
2026-06-18,1.2338,-0.0053
2026-06-22,1.2364,0.0021
2026-06-23,1.235,-0.0011
2026-06-24,1.2319,-0.0025
2026-06-25,1.2321,0.0002
2026-06-26,1.2292,-0.0024
2026-06-29,1.2337,0.0037
2026-06-30,1.2309,-0.0023
2026-07-01,1.2336,0.0022
2026-07-02,1.2344,0.0006
2026-07-03,1.2359,0.0012
2026-07-06,1.2391,0.0026
2026-07-07,1.2363,-0.0023
2026-07-08,1.2354,-0.0007000000000000001
2026-07-09,1.2342,-0.001
2026-07-10,1.2341,-0.0001
2026-07-13,1.2357,0.0013
2026-07-14,1.2378,0.0017000000000000001
2026-07-15,1.2429,0.0040999999999999995
2026-07-16,1.2423,-0.0005
2026-07-17,1.2403,-0.0016
2026-07-20,1.2462,0.0048
2026-07-21,1.2453,-0.0007000000000000001
2026-07-22,1.2469,0.0013
2026-07-23,1.2503,0.0027
2026-07-24,1.2469,-0.0027
2026-07-27,1.2483,0.0011
2026-07-28,1.2507,0.0019
2026-07-29,1.2555,0.0038
2026-07-30,1.26,0.0036
2026-07-31,1.2581,-0.0015
2026-08-03,1.2585,0.0003
2026-08-04,1.2532,-0.0042
