date,nav,ret
2007-12-08,1.0,0.0
2007-12-10,1.002,0.0
2007-12-11,1.003,0.000998
2007-12-12,0.989,-0.013958
2007-12-13,0.962,-0.0273
2007-12-14,0.976,0.014553
2007-12-17,0.958,-0.018443
2007-12-18,0.957,-0.001044
2007-12-19,0.972,0.015674
2007-12-20,0.987,0.015432
2007-12-21,0.993,0.006079
2007-12-24,1.011,0.018127
2007-12-25,1.009,-0.001978
2007-12-26,1.014,0.004955
2007-12-27,1.035,0.020710000000000003
2007-12-28,1.029,-0.005797
2007-12-29,1.029,0.0
2007-12-31,1.029,0.0
2008-01-02,1.035,0.005830999999999999
2008-01-03,1.032,-0.002899
2008-01-04,1.042,0.009689999999999999
2008-01-07,1.053,0.010557
2008-01-08,1.05,-0.002849
2008-01-09,1.063,0.012381
2008-01-10,1.073,0.009407
2008-01-11,1.087,0.013047999999999999
2008-01-14,1.096,0.00828
2008-01-15,1.086,-0.009124
2008-01-16,1.051,-0.032228
2008-01-17,1.038,-0.012369000000000002
2008-01-18,1.043,0.004817
2008-01-21,1.012,-0.029722
2008-01-22,0.962,-0.049407
2008-01-23,1.008,0.047817
2008-01-24,1.023,0.014881
2008-01-25,1.027,0.00391
2008-01-28,0.992,-0.03408
2008-01-29,0.992,0.0
2008-01-30,0.988,-0.004032
2008-01-31,0.973,-0.015182
2008-02-01,0.97,-0.0030830000000000002
2008-02-04,1.028,0.059794
2008-02-05,1.018,-0.009728
2008-02-13,1.004,-0.013752
2008-02-14,1.012,0.007968
2008-02-15,1.0,-0.011858
2008-02-18,1.02,0.02
2008-02-19,1.035,0.014705999999999999
2008-02-20,1.015,-0.019323999999999997
2008-02-21,1.009,-0.005911
2008-02-22,0.982,-0.026758999999999998
2008-02-25,0.948,-0.034623
2008-02-26,0.933,-0.015823
2008-02-27,0.954,0.022508
2008-02-28,0.957,0.0031450000000000002
2008-02-29,0.967,0.010449
2008-03-03,0.993,0.026886999999999998
2008-03-04,0.975,-0.018127
2008-03-05,0.965,-0.010256000000000001
2008-03-06,0.972,0.007254
2008-03-07,0.955,-0.017490000000000002
2008-03-10,0.918,-0.038743
2008-03-11,0.91,-0.008715
2008-03-12,0.881,-0.031868
2008-03-13,0.864,-0.019296
2008-03-14,0.852,-0.013889
2008-03-17,0.812,-0.046948
2008-03-18,0.784,-0.034483
2008-03-19,0.807,0.029337
2008-03-20,0.83,0.028501
2008-03-21,0.839,0.010843
2008-03-24,0.808,-0.036949
2008-03-25,0.82,0.014851000000000001
2008-03-26,0.823,0.003659
2008-03-27,0.81,-0.015795999999999998
2008-03-28,0.839,0.035802
2008-03-31,0.828,-0.013111
2008-04-01,0.793,-0.042271
2008-04-02,0.788,-0.006305
2008-04-03,0.805,0.021574
2008-04-07,0.835,0.037267
2008-04-08,0.844,0.010778000000000001
2008-04-09,0.812,-0.037915000000000004
2008-04-10,0.813,0.001232
2008-04-11,0.82,0.00861
2008-04-14,0.784,-0.043902000000000004
2008-04-15,0.782,-0.002551
2008-04-16,0.769,-0.016624
2008-04-17,0.75,-0.024707
2008-04-18,0.74,-0.013333
2008-04-21,0.74,0.0
2008-04-22,0.744,0.005405
2008-04-23,0.781,0.049731
2008-04-24,0.835,0.069142
2008-04-25,0.83,-0.005988
2008-04-28,0.815,-0.018071999999999998
2008-04-29,0.821,0.007362
2008-04-30,0.851,0.036541000000000004
2008-05-05,0.863,0.014100999999999999
2008-05-06,0.859,-0.004635
2008-05-07,0.835,-0.027939
2008-05-08,0.852,0.020359
2008-05-09,0.851,-0.0011740000000000001
2008-05-12,0.859,0.009401
2008-05-13,0.86,0.001164
2008-05-14,0.87,0.011628000000000001
2008-05-15,0.862,-0.009195
2008-05-16,0.862,0.0
2008-05-19,0.86,-0.00232
2008-05-20,0.832,-0.032558
2008-05-21,0.841,0.010817
2008-05-22,0.818,-0.027347999999999997
2008-05-23,0.807,-0.013447
2008-05-26,0.794,-0.016109
2008-05-27,0.789,-0.0062970000000000005
2008-05-28,0.804,0.019011
2008-05-29,0.789,-0.018657
2008-05-30,0.79,0.0012670000000000001
2008-06-02,0.792,0.002532
2008-06-03,0.788,-0.005051
2008-06-04,0.777,-0.013959
2008-06-05,0.764,-0.016731
2008-06-06,0.764,0.0
2008-06-10,0.716,-0.06282700000000001
2008-06-11,0.709,-0.009777000000000001
2008-06-12,0.694,-0.021157
2008-06-13,0.682,-0.017291
2008-06-16,0.68,-0.002933
2008-06-17,0.665,-0.022059000000000002
2008-06-18,0.688,0.034586
2008-06-19,0.653,-0.050872
2008-06-20,0.661,0.012251000000000001
2008-06-23,0.646,-0.022692999999999998
2008-06-24,0.659,0.020124
2008-06-25,0.681,0.033384
2008-06-26,0.684,0.004405
2008-06-27,0.661,-0.033626
2008-06-30,0.655,-0.009077
2008-07-01,0.641,-0.021374
2008-07-02,0.641,0.0
2008-07-03,0.652,0.017161
2008-07-04,0.648,-0.006135000000000001
2008-07-07,0.674,0.040123
2008-07-08,0.677,0.004451
2008-07-09,0.695,0.026587999999999997
2008-07-10,0.698,0.004317
2008-07-11,0.695,-0.004298
2008-07-14,0.692,-0.004317
2008-07-15,0.672,-0.028902
2008-07-16,0.668,-0.005952
2008-07-17,0.668,0.0
2008-07-18,0.679,0.016467
2008-07-21,0.691,0.017673
2008-07-22,0.69,-0.001447
2008-07-23,0.686,-0.005797
2008-07-24,0.699,0.01895
2008-07-25,0.693,-0.008584000000000001
2008-07-28,0.695,0.002886
2008-07-29,0.689,-0.008633
2008-07-30,0.684,-0.007257
2008-07-31,0.672,-0.017544
2008-08-01,0.672,0.0
2008-08-04,0.662,-0.014881
2008-08-05,0.645,-0.02568
2008-08-06,0.645,0.0
2008-08-07,0.642,-0.004651
2008-08-08,0.627,-0.023364
2008-08-11,0.61,-0.027113
2008-08-12,0.613,0.0049180000000000005
2008-08-13,0.617,0.0065249999999999996
2008-08-14,0.62,0.004862
2008-08-15,0.621,0.001613
2008-08-18,0.601,-0.032206
2008-08-19,0.603,0.003328
2008-08-20,0.632,0.048093000000000004
2008-08-21,0.613,-0.030063
2008-08-22,0.604,-0.014681999999999999
2008-08-25,0.603,-0.001656
2008-08-26,0.593,-0.016584
2008-08-27,0.588,-0.008432
2008-08-28,0.592,0.006803
2008-08-29,0.6,0.013514
2008-09-01,0.586,-0.023333
2008-09-02,0.577,-0.015358
2008-09-03,0.564,-0.02253
2008-09-04,0.565,0.001773
2008-09-05,0.557,-0.014159
2008-09-08,0.549,-0.014362999999999999
2008-09-09,0.552,0.005464
2008-09-10,0.551,-0.001812
2008-09-11,0.538,-0.023593000000000003
2008-09-12,0.538,0.0
2008-09-16,0.526,-0.022305000000000002
2008-09-17,0.515,-0.020913
2008-09-18,0.507,-0.015534
2008-09-19,0.54,0.065089
2008-09-22,0.558,0.033333
2008-09-23,0.544,-0.025089999999999998
2008-09-24,0.544,0.0
2008-09-25,0.56,0.029411999999999997
2008-09-26,0.566,0.010714
2008-09-30,0.566,0.0
2008-10-06,0.544,-0.038869
2008-10-07,0.537,-0.012868
2008-10-08,0.524,-0.024209
2008-10-09,0.518,-0.01145
2008-10-10,0.501,-0.032819
2008-10-13,0.508,0.013972
2008-10-14,0.501,-0.013779999999999999
2008-10-15,0.494,-0.013972
2008-10-16,0.481,-0.026316000000000003
2008-10-17,0.478,-0.006237
2008-10-20,0.487,0.018828
2008-10-21,0.488,0.002053
2008-10-22,0.487,-0.002049
2008-10-23,0.491,0.008214
2008-10-24,0.483,-0.016293
2008-10-27,0.461,-0.045549
2008-10-28,0.469,0.017354
2008-10-29,0.466,-0.006397000000000001
2008-10-30,0.473,0.015021
2008-10-31,0.472,-0.002114
2008-11-03,0.472,0.0
2008-11-04,0.467,-0.010592999999999998
2008-11-05,0.479,0.025696
2008-11-06,0.47,-0.018789
2008-11-07,0.469,-0.0021279999999999997
2008-11-10,0.491,0.046908000000000005
2008-11-11,0.489,-0.004073
2008-11-12,0.488,-0.002045
2008-11-13,0.501,0.026639
2008-11-14,0.517,0.031936
2008-11-17,0.525,0.015474000000000002
2008-11-18,0.502,-0.04381
2008-11-19,0.521,0.037849
2008-11-20,0.518,-0.005758
2008-11-21,0.515,-0.005792
2008-11-24,0.505,-0.019417
2008-11-25,0.504,-0.00198
2008-11-26,0.505,0.001984
2008-11-27,0.513,0.015842000000000002
2008-11-28,0.51,-0.005848
2008-12-01,0.517,0.013725000000000001
2008-12-02,0.522,0.009670999999999999
2008-12-03,0.536,0.02682
2008-12-04,0.539,0.0055969999999999995
2008-12-05,0.546,0.012987
2008-12-08,0.558,0.021978
2008-12-09,0.553,-0.008961
2008-12-10,0.557,0.007233000000000001
2008-12-11,0.551,-0.010771999999999999
2008-12-12,0.538,-0.023593000000000003
2008-12-15,0.541,0.005576
2008-12-16,0.545,0.0073939999999999995
2008-12-17,0.549,0.007339
2008-12-18,0.557,0.014572
2008-12-19,0.565,0.014362999999999999
2008-12-22,0.561,-0.0070799999999999995
2008-12-23,0.543,-0.032086
2008-12-24,0.538,-0.009208
2008-12-25,0.536,-0.003717
2008-12-26,0.536,0.0
2008-12-29,0.536,0.0
2008-12-30,0.537,0.0018659999999999998
2008-12-31,0.538,0.001862
2009-01-05,0.543,0.009294
2009-01-06,0.548,0.009208
2009-01-07,0.546,-0.00365
2009-01-08,0.54,-0.010989
2009-01-09,0.545,0.009259
2009-01-12,0.545,0.0
2009-01-13,0.534,-0.020183
2009-01-14,0.543,0.016854
2009-01-15,0.54,-0.0055249999999999995
2009-01-16,0.544,0.007407
2009-01-19,0.546,0.003676
2009-01-20,0.546,0.0
2009-01-21,0.54,-0.010989
2009-01-22,0.545,0.009259
2009-01-23,0.543,-0.00367
2009-02-02,0.547,0.007366
2009-02-03,0.557,0.018282
2009-02-04,0.564,0.012567
2009-02-05,0.557,-0.012411
2009-02-06,0.571,0.025135
2009-02-09,0.59,0.033275
2009-02-10,0.591,0.0016950000000000001
2009-02-11,0.595,0.006768
2009-02-12,0.598,0.005042
2009-02-13,0.611,0.021739
2009-02-16,0.619,0.013092999999999999
2009-02-17,0.606,-0.021002
2009-02-18,0.592,-0.023102
2009-02-19,0.599,0.011824
2009-02-20,0.605,0.010017
2009-02-23,0.614,0.014876
2009-02-24,0.594,-0.032573
2009-02-25,0.589,-0.008418
2009-02-26,0.563,-0.044143
2009-02-27,0.557,-0.010657000000000002
2009-03-02,0.563,0.010771999999999999
2009-03-03,0.562,-0.001776
2009-03-04,0.589,0.048042999999999995
2009-03-05,0.585,-0.006791
2009-03-06,0.58,-0.008547
2009-03-09,0.57,-0.017241
2009-03-10,0.577,0.012281
2009-03-11,0.573,-0.006932000000000001
2009-03-12,0.567,-0.010471
2009-03-13,0.563,-0.0070550000000000005
2009-03-16,0.571,0.01421
2009-03-17,0.585,0.024517999999999998
2009-03-18,0.587,0.0034189999999999997
2009-03-19,0.594,0.011924999999999998
2009-03-20,0.591,-0.005051
2009-03-23,0.6,0.015227999999999998
2009-03-24,0.604,0.006666999999999999
2009-03-25,0.595,-0.014901
2009-03-26,0.599,0.006723
2009-03-27,0.6,0.001669
2009-03-30,0.598,-0.003333
2009-03-31,0.605,0.011706000000000001
2009-04-01,0.61,0.008264
2009-04-02,0.616,0.009836000000000001
2009-04-03,0.614,-0.003247
2009-04-07,0.614,0.0
2009-04-08,0.601,-0.021173
2009-04-09,0.609,0.013311
2009-04-10,0.628,0.031198999999999998
2009-04-13,0.636,0.012739
2009-04-14,0.647,0.017296
2009-04-15,0.65,0.004637
2009-04-16,0.647,-0.004615
2009-04-17,0.648,0.0015459999999999998
2009-04-20,0.657,0.013889
2009-04-21,0.651,-0.009132
2009-04-22,0.628,-0.03533
2009-04-23,0.633,0.007962
2009-04-24,0.639,0.009479
2009-04-27,0.627,-0.018779
2009-04-28,0.622,-0.007974
2009-04-29,0.634,0.019293
2009-04-30,0.642,0.012618
2009-05-04,0.658,0.024922
2009-05-05,0.66,0.0030399999999999997
2009-05-06,0.674,0.021211999999999998
2009-05-07,0.668,-0.008902
2009-05-08,0.665,-0.004491
2009-05-11,0.645,-0.030074999999999998
2009-05-12,0.659,0.021705000000000002
2009-05-13,0.663,0.00607
2009-05-14,0.662,-0.0015079999999999998
2009-05-15,0.666,0.006042
2009-05-18,0.669,0.004505
2009-05-19,0.672,0.004484
2009-05-20,0.673,0.001488
2009-05-21,0.66,-0.019316
2009-05-22,0.657,-0.004545
2009-05-25,0.661,0.006088
2009-05-26,0.66,-0.0015129999999999998
2009-05-27,0.662,0.0030299999999999997
2009-06-01,0.677,0.022659
2009-06-02,0.677,0.0
2009-06-03,0.68,0.004431
2009-06-04,0.673,-0.010294000000000001
2009-06-05,0.67,-0.004458
2009-06-08,0.667,-0.004477999999999999
2009-06-09,0.675,0.011994
2009-06-10,0.678,0.004444
2009-06-11,0.673,-0.0073750000000000005
2009-06-12,0.66,-0.019316
2009-06-15,0.671,0.016667
2009-06-16,0.668,-0.004471
2009-06-17,0.678,0.01497
2009-06-18,0.686,0.011798999999999999
2009-06-19,0.688,0.0029149999999999996
2009-06-22,0.685,-0.00436
2009-06-23,0.686,0.00146
2009-06-24,0.698,0.017493
2009-06-25,0.704,0.008596
2009-06-26,0.707,0.004261
2009-06-29,0.717,0.014144
2009-06-30,0.71,-0.009762999999999999
2009-07-01,0.723,0.01831
2009-07-02,0.729,0.008298999999999999
2009-07-03,0.732,0.004115
2009-07-06,0.74,0.010929
2009-07-07,0.733,-0.009459
2009-07-08,0.74,0.00955
2009-07-09,0.753,0.017568
2009-07-10,0.757,0.005312
2009-07-13,0.747,-0.01321
2009-07-14,0.773,0.034806
2009-07-15,0.778,0.006468000000000001
2009-07-16,0.78,0.002571
2009-07-17,0.783,0.003846
2009-07-20,0.798,0.019157
2009-07-21,0.788,-0.012531
2009-07-22,0.802,0.017766
2009-07-23,0.809,0.008728
2009-07-24,0.812,0.0037080000000000004
2009-07-27,0.82,0.009852
2009-07-28,0.815,-0.006098
2009-07-29,0.778,-0.045399
2009-07-30,0.79,0.015424
2009-07-31,0.807,0.021519
2009-08-03,0.811,0.004957
2009-08-04,0.816,0.006165
2009-08-05,0.802,-0.017157
2009-08-06,0.788,-0.017456
2009-08-07,0.769,-0.024112
2009-08-10,0.765,-0.005202
2009-08-11,0.769,0.005229
2009-08-12,0.739,-0.039012
2009-08-13,0.749,0.013531999999999999
2009-08-14,0.73,-0.025367
2009-08-17,0.689,-0.056164
2009-08-18,0.697,0.011611
2009-08-19,0.672,-0.035868000000000004
2009-08-20,0.7,0.041666999999999996
2009-08-21,0.715,0.021429
2009-08-24,0.72,0.006993
2009-08-25,0.702,-0.025
2009-08-26,0.714,0.017094
2009-08-27,0.708,-0.008403
2009-08-28,0.688,-0.028249
2009-08-31,0.646,-0.061047000000000004
2009-09-01,0.651,0.00774
2009-09-02,0.662,0.016897
2009-09-03,0.69,0.04229599999999999
2009-09-04,0.695,0.007246
2009-09-07,0.702,0.010072000000000001
2009-09-08,0.714,0.017094
2009-09-09,0.717,0.004202
2009-09-10,0.712,-0.006974
2009-09-11,0.724,0.016854
2009-09-14,0.737,0.017956
2009-09-15,0.736,-0.001357
2009-09-16,0.728,-0.01087
2009-09-17,0.738,0.013736
2009-09-18,0.719,-0.025745
2009-09-21,0.727,0.011127
2009-09-22,0.723,-0.005502
2009-09-23,0.712,-0.015214
2009-09-24,0.709,-0.004213
2009-09-25,0.708,-0.0014099999999999998
2009-09-28,0.695,-0.018362
2009-09-29,0.694,-0.001439
2009-09-30,0.701,0.010086
2009-10-09,0.727,0.03709
2009-10-12,0.728,0.001376
2009-10-13,0.734,0.008242000000000001
2009-10-14,0.736,0.002725
2009-10-15,0.739,0.004076
2009-10-16,0.739,0.0
2009-10-19,0.753,0.018945
2009-10-20,0.762,0.011952
2009-10-21,0.754,-0.010499000000000001
2009-10-22,0.751,-0.003979
2009-10-23,0.76,0.011984
2009-10-26,0.762,0.002632
2009-10-27,0.755,-0.009186
2009-10-28,0.76,0.006623
2009-10-29,0.75,-0.013158000000000001
2009-10-30,0.759,0.012
2009-11-02,0.777,0.023715
2009-11-03,0.784,0.009009
2009-11-04,0.783,-0.001276
2009-11-05,0.784,0.0012770000000000001
2009-11-06,0.785,0.001276
2009-11-09,0.786,0.0012740000000000002
2009-11-10,0.791,0.006361
2009-11-11,0.791,0.0
2009-11-12,0.796,0.006321
2009-11-13,0.802,0.007538
2009-11-16,0.822,0.024938
2009-11-17,0.822,0.0
2009-11-18,0.819,-0.00365
2009-11-19,0.819,0.0
2009-11-20,0.818,-0.001221
2009-11-23,0.83,0.01467
2009-11-24,0.807,-0.027711
2009-11-25,0.826,0.023544
2009-11-26,0.793,-0.039952
2009-11-27,0.78,-0.016393
2009-11-30,0.811,0.039744
2009-12-01,0.822,0.013564
2009-12-02,0.829,0.008516000000000001
2009-12-03,0.826,-0.003619
2009-12-04,0.823,-0.0036320000000000002
2009-12-07,0.828,0.0060750000000000005
2009-12-08,0.821,-0.008454
2009-12-09,0.812,-0.010962000000000001
2009-12-10,0.816,0.004926
2009-12-11,0.816,0.0
2009-12-14,0.818,0.002451
2009-12-15,0.822,0.00489
2009-12-16,0.818,-0.004866
2009-12-17,0.801,-0.020782
2009-12-18,0.781,-0.024969
2009-12-21,0.782,0.00128
2009-12-22,0.765,-0.021739
2009-12-23,0.776,0.014379
2009-12-24,0.805,0.037371
2009-12-25,0.808,0.003727
2009-12-28,0.816,0.009901
2009-12-29,0.819,0.003676
2009-12-30,0.82,0.001221
2009-12-31,0.822,0.002439
2010-01-04,0.817,-0.006083
2010-01-05,0.817,0.0
2010-01-06,0.815,-0.002448
2010-01-07,0.798,-0.020859000000000003
2010-01-08,0.799,0.001253
2010-01-11,0.795,-0.005006
2010-01-12,0.809,0.01761
2010-01-13,0.798,-0.013597
2010-01-14,0.816,0.022556
2010-01-15,0.817,0.001225
2010-01-18,0.823,0.007344000000000001
2010-01-19,0.819,-0.00486
2010-01-20,0.791,-0.034188
2010-01-21,0.789,-0.0025280000000000003
2010-01-22,0.774,-0.019011
2010-01-25,0.769,-0.0064600000000000005
2010-01-26,0.75,-0.024707
2010-01-27,0.746,-0.005333
2010-01-28,0.757,0.014745
2010-01-29,0.759,0.002642
2010-02-01,0.755,-0.00527
2010-02-02,0.75,-0.006623
2010-02-03,0.761,0.014667
2010-02-04,0.757,-0.005255999999999999
2010-02-05,0.744,-0.017173
2010-02-08,0.745,0.001344
2010-02-09,0.743,-0.0026850000000000003
2010-02-10,0.754,0.014804999999999999
2010-02-11,0.755,0.001326
2010-02-12,0.763,0.010596000000000001
2010-02-22,0.759,-0.005242
2010-02-23,0.761,0.002635
2010-02-24,0.778,0.022339
2010-02-25,0.789,0.014138999999999999
2010-02-26,0.788,-0.0012670000000000001
2010-03-01,0.791,0.0038069999999999996
2010-03-02,0.787,-0.005057000000000001
2010-03-03,0.792,0.006353
2010-03-04,0.773,-0.02399
2010-03-05,0.776,0.003881
2010-03-08,0.783,0.009021
2010-03-09,0.782,-0.0012770000000000001
2010-03-10,0.773,-0.011509
2010-03-11,0.771,-0.002587
2010-03-12,0.764,-0.009079
2010-03-15,0.754,-0.013089
2010-03-16,0.756,0.002653
2010-03-17,0.773,0.022487
2010-03-18,0.771,-0.002587
2010-03-19,0.775,0.005188000000000001
2010-03-22,0.779,0.005161
2010-03-23,0.778,-0.0012839999999999998
2010-03-24,0.784,0.007712
2010-03-25,0.778,-0.007653
2010-03-26,0.783,0.006427
2010-03-29,0.794,0.014049
2010-03-30,0.795,0.0012590000000000001
2010-03-31,0.797,0.002516
2010-04-01,0.806,0.011292
2010-04-02,0.808,0.0024809999999999997
2010-04-06,0.806,-0.0024749999999999998
2010-04-07,0.81,0.004963
2010-04-08,0.812,0.0024690000000000003
2010-04-09,0.825,0.01601
2010-04-12,0.833,0.009697
2010-04-13,0.827,-0.007203
2010-04-14,0.83,0.003628
2010-04-15,0.819,-0.013253
2010-04-16,0.82,0.001221
2010-04-19,0.802,-0.021951000000000002
2010-04-20,0.813,0.013715999999999999
2010-04-21,0.833,0.0246
2010-04-22,0.836,0.0036009999999999996
2010-04-23,0.833,-0.003589
2010-04-26,0.836,0.0036009999999999996
2010-04-27,0.824,-0.014354
2010-04-28,0.823,-0.001214
2010-04-29,0.801,-0.026730999999999998
2010-04-30,0.788,-0.01623
2010-05-04,0.791,0.0038069999999999996
2010-05-05,0.804,0.016434999999999998
2010-05-06,0.785,-0.023632
2010-05-07,0.768,-0.021655999999999998
2010-05-10,0.758,-0.013021
2010-05-11,0.747,-0.014512
2010-05-12,0.745,-0.002677
2010-05-13,0.767,0.029529999999999997
2010-05-14,0.774,0.009126
2010-05-17,0.748,-0.033592
2010-05-18,0.755,0.009358
2010-05-19,0.763,0.010596000000000001
2010-05-20,0.76,-0.003932
2010-05-21,0.774,0.018421
2010-05-24,0.795,0.027132
2010-05-25,0.784,-0.013836
2010-05-26,0.78,-0.005102
2010-05-27,0.791,0.014103000000000001
2010-05-28,0.794,0.0037930000000000004
2010-05-31,0.787,-0.008816000000000001
2010-06-01,0.776,-0.013977
2010-06-02,0.782,0.007732
2010-06-03,0.782,0.0
2010-06-04,0.785,0.003836
2010-06-07,0.787,0.0025480000000000004
2010-06-08,0.789,0.002541
2010-06-09,0.802,0.016477
2010-06-10,0.804,0.002494
2010-06-11,0.802,-0.0024879999999999998
2010-06-17,0.783,-0.023691
2010-06-18,0.76,-0.029373999999999997
2010-06-21,0.776,0.021053000000000002
2010-06-22,0.778,0.002577
2010-06-23,0.78,0.002571
2010-06-24,0.78,0.0
2010-06-25,0.77,-0.012821
2010-06-28,0.762,-0.01039
2010-06-29,0.737,-0.032808000000000004
2010-06-30,0.741,0.0054269999999999995
2010-07-01,0.729,-0.016194
2010-07-02,0.719,-0.013717
2010-07-05,0.721,0.002782
2010-07-06,0.738,0.023578
2010-07-07,0.749,0.014905
2010-07-08,0.748,-0.001335
2010-07-09,0.764,0.02139
2010-07-12,0.768,0.005235999999999999
2010-07-13,0.761,-0.009115
2010-07-14,0.761,0.0
2010-07-15,0.756,-0.00657
2010-07-16,0.757,0.001323
2010-07-19,0.77,0.017173
2010-07-20,0.785,0.019481
2010-07-21,0.785,0.0
2010-07-22,0.792,0.008917000000000001
2010-07-23,0.796,0.005051
2010-07-26,0.803,0.008794
2010-07-27,0.804,0.001245
2010-07-28,0.817,0.016169
2010-07-29,0.815,-0.002448
2010-07-30,0.814,-0.001227
2010-08-02,0.827,0.015971
2010-08-03,0.819,-0.009674
2010-08-04,0.823,0.004884
2010-08-05,0.829,0.00729
2010-08-06,0.84,0.013269
2010-08-09,0.843,0.0035709999999999995
2010-08-10,0.824,-0.022538999999999997
2010-08-11,0.83,0.007281999999999999
2010-08-12,0.826,-0.004819
2010-08-13,0.835,0.010896
2010-08-16,0.854,0.022754
2010-08-17,0.862,0.009368
2010-08-18,0.863,0.00116
2010-08-19,0.863,0.0
2010-08-20,0.846,-0.019699
2010-08-23,0.851,0.0059099999999999995
2010-08-24,0.856,0.005875
2010-08-25,0.846,-0.011682
2010-08-26,0.851,0.0059099999999999995
2010-08-27,0.859,0.009401
2010-08-30,0.878,0.022119
2010-08-31,0.882,0.004556
2010-09-01,0.874,-0.00907
2010-09-02,0.885,0.012586
2010-09-03,0.89,0.00565
2010-09-06,0.888,-0.0022470000000000003
2010-09-07,0.889,0.001126
2010-09-08,0.895,0.006749000000000001
2010-09-09,0.887,-0.008939
2010-09-10,0.903,0.018038000000000002
2010-09-13,0.919,0.017719
2010-09-14,0.92,0.001088
2010-09-15,0.909,-0.011957
2010-09-16,0.898,-0.012100999999999999
2010-09-17,0.909,0.012249000000000001
2010-09-20,0.908,-0.0011
2010-09-21,0.909,0.001101
2010-09-27,0.927,0.019802
2010-09-28,0.929,0.002157
2010-09-29,0.918,-0.011840999999999999
2010-09-30,0.927,0.009804
2010-10-08,0.945,0.019417
2010-10-11,0.93,-0.015872999999999998
2010-10-12,0.925,-0.005376
2010-10-13,0.925,0.0
2010-10-14,0.903,-0.023784
2010-10-15,0.899,-0.00443
2010-10-18,0.904,0.005562
2010-10-19,0.933,0.032080000000000004
2010-10-20,0.949,0.017149
2010-10-21,0.949,0.0
2010-10-22,0.962,0.013699
2010-10-25,0.984,0.022869
2010-10-26,0.978,-0.006098
2010-10-27,0.967,-0.011247
2010-10-28,0.966,-0.001034
2010-10-29,0.981,0.015528
2010-11-01,1.006,0.025484
2010-11-02,1.0,-0.0059640000000000006
2010-11-03,0.991,-0.009000000000000001
2010-11-04,1.009,0.018163
2010-11-05,1.014,0.004955
2010-11-08,1.023,0.008876
2010-11-09,1.03,0.006843
2010-11-10,1.043,0.012621
2010-11-11,1.037,-0.005753
2010-11-12,0.994,-0.041466
2010-11-15,1.027,0.033199
2010-11-16,0.996,-0.030185
2010-11-17,0.96,-0.036145000000000004
2010-11-18,0.977,0.017707999999999998
2010-11-19,1.005,0.028659
2010-11-22,1.014,0.008955
2010-11-23,1.007,-0.006903
2010-11-24,1.032,0.024826
2010-11-25,1.034,0.001938
2010-11-26,1.032,-0.001934
2010-11-29,1.047,0.014535
2010-11-30,1.028,-0.018147
2010-12-01,1.021,-0.006808999999999999
2010-12-02,1.015,-0.005877
2010-12-03,1.012,-0.002956
2010-12-06,1.002,-0.009881
2010-12-07,1.022,0.01996
2010-12-08,1.025,0.0029349999999999997
2010-12-09,1.013,-0.011707
2010-12-10,1.026,0.012833
2010-12-13,1.047,0.020468
2010-12-14,1.05,0.002865
2010-12-15,1.046,-0.00381
2010-12-16,1.049,0.002868
2010-12-17,1.045,-0.0038129999999999995
2010-12-20,1.029,-0.015310999999999998
2010-12-21,1.028,-0.000972
2010-12-22,1.02,-0.007782
2010-12-23,1.009,-0.010784
2010-12-24,1.001,-0.007929
2010-12-27,0.979,-0.021978
2010-12-28,0.967,-0.012257
2010-12-29,0.986,0.019648000000000002
2010-12-30,0.995,0.009127999999999999
2010-12-31,1.013,0.01809
2011-01-04,1.02,0.0069099999999999995
2011-01-05,1.011,-0.008824
2011-01-06,1.003,-0.007913
2011-01-07,0.998,-0.004985
2011-01-10,0.972,-0.026052
2011-01-11,0.963,-0.009259
2011-01-12,0.959,-0.004154
2011-01-13,0.971,0.012513000000000002
2011-01-14,0.958,-0.013388
2011-01-17,0.928,-0.031315
2011-01-18,0.937,0.009698
2011-01-19,0.954,0.018143
2011-01-20,0.927,-0.028302
2011-01-21,0.923,-0.004315
2011-01-24,0.894,-0.031419
2011-01-25,0.891,-0.003356
2011-01-26,0.904,0.01459
2011-01-27,0.921,0.018805000000000002
2011-01-28,0.931,0.010858000000000001
2011-01-31,0.938,0.0075190000000000005
2011-02-01,0.939,0.001066
2011-02-09,0.929,-0.01065
2011-02-10,0.956,0.029064
2011-02-11,0.965,0.009414
2011-02-14,0.981,0.016579999999999998
2011-02-15,0.982,0.001019
2011-02-16,0.99,0.008147
2011-02-17,0.987,-0.0030299999999999997
2011-02-18,0.979,-0.008105
2011-02-21,0.987,0.008172
2011-02-22,0.968,-0.01925
2011-02-23,0.974,0.006198
2011-02-24,0.974,0.0
2011-02-25,0.975,0.001027
2011-02-28,0.988,0.013333
2011-03-01,0.99,0.0020239999999999998
2011-03-02,0.988,-0.00202
2011-03-03,0.972,-0.016194
2011-03-04,0.979,0.007201999999999999
2011-03-07,0.989,0.010215
2011-03-08,0.988,-0.001011
2011-03-09,0.991,0.0030359999999999996
2011-03-10,0.99,-0.0010090000000000001
2011-03-11,0.987,-0.0030299999999999997
2011-03-14,0.997,0.010132
2011-03-15,0.98,-0.017051
2011-03-16,0.986,0.006122
2011-03-17,0.973,-0.013185
2011-03-18,0.977,0.004111
2011-03-21,0.969,-0.008187999999999999
2011-03-22,0.967,-0.002064
2011-03-23,0.98,0.013444000000000001
2011-03-24,0.979,-0.0010199999999999999
2011-03-25,0.987,0.008172
2011-03-28,0.974,-0.013170999999999999
2011-03-29,0.954,-0.020534
2011-03-30,0.954,0.0
2011-03-31,0.954,0.0
2011-04-01,0.957,0.0031450000000000002
2011-04-06,0.949,-0.008359
2011-04-07,0.956,0.007376000000000001
2011-04-08,0.97,0.014643999999999999
2011-04-11,0.962,-0.008246999999999999
2011-04-12,0.96,-0.002079
2011-04-13,0.973,0.013542
2011-04-14,0.966,-0.007194000000000001
2011-04-15,0.959,-0.007246
2011-04-18,0.955,-0.004171
2011-04-19,0.953,-0.002094
2011-04-20,0.961,0.008395
2011-04-21,0.966,0.005203
2011-04-22,0.969,0.003106
2011-04-25,0.962,-0.007224
2011-04-26,0.953,-0.009356
2011-04-27,0.95,-0.003148
2011-04-28,0.933,-0.017895
2011-04-29,0.943,0.010718
2011-05-03,0.953,0.010604
2011-05-04,0.937,-0.016789000000000002
2011-05-05,0.939,0.002134
2011-05-06,0.942,0.003195
2011-05-09,0.949,0.007431
2011-05-10,0.949,0.0
2011-05-11,0.951,0.002107
2011-05-12,0.946,-0.0052580000000000005
2011-05-13,0.945,-0.001057
2011-05-16,0.937,-0.008466
2011-05-17,0.939,0.002134
2011-05-18,0.946,0.007455000000000001
2011-05-19,0.943,-0.0031709999999999998
2011-05-20,0.943,0.0
2011-05-23,0.92,-0.024390000000000002
2011-05-24,0.916,-0.004348
2011-05-25,0.907,-0.009825
2011-05-26,0.899,-0.00882
2011-05-27,0.891,-0.008899
2011-05-30,0.894,0.003367
2011-05-31,0.908,0.01566
2011-06-01,0.916,0.008811
2011-06-02,0.909,-0.0076419999999999995
2011-06-03,0.927,0.019802
2011-06-07,0.928,0.0010789999999999999
2011-06-08,0.93,0.002155
2011-06-09,0.913,-0.01828
2011-06-10,0.913,0.0
2011-06-13,0.911,-0.002191
2011-06-14,0.928,0.018661
2011-06-15,0.92,-0.008621
2011-06-16,0.909,-0.011957
2011-06-17,0.905,-0.0044
2011-06-20,0.897,-0.00884
2011-06-21,0.912,0.016722
2011-06-22,0.915,0.0032890000000000003
2011-06-23,0.934,0.020765
2011-06-24,0.948,0.014988999999999999
2011-06-27,0.953,0.005274
2011-06-28,0.959,0.006296
2011-06-29,0.952,-0.007299
2011-06-30,0.963,0.011555
2011-07-01,0.969,0.0062309999999999996
2011-07-04,0.983,0.014448
2011-07-05,0.98,-0.0030520000000000005
2011-07-06,0.981,0.0010199999999999999
2011-07-07,0.981,0.0
2011-07-08,0.983,0.002039
2011-07-11,0.996,0.013225
2011-07-12,0.989,-0.0070279999999999995
2011-07-13,1.002,0.013145
2011-07-14,1.0,-0.001996
2011-07-15,1.003,0.003
2011-07-18,1.005,0.001994
2011-07-19,0.993,-0.01194
2011-07-20,0.995,0.002014
2011-07-21,0.992,-0.003015
2011-07-22,0.999,0.007056
2011-07-25,0.977,-0.022022
2011-07-26,0.979,0.0020469999999999998
2011-07-27,0.991,0.012257
2011-07-28,0.989,-0.0020180000000000003
2011-07-29,0.98,-0.0091
2011-08-01,0.979,-0.0010199999999999999
2011-08-02,0.975,-0.004086
2011-08-03,0.977,0.002051
2011-08-04,0.981,0.0040939999999999995
2011-08-05,0.974,-0.007136
2011-08-08,0.953,-0.021561
2011-08-09,0.956,0.003148
2011-08-10,0.969,0.013597999999999999
2011-08-11,0.984,0.01548
2011-08-12,0.987,0.003049
2011-08-15,0.993,0.006079
2011-08-16,0.986,-0.007049
2011-08-17,0.981,-0.005071
2011-08-18,0.965,-0.01631
2011-08-19,0.96,-0.005181
2011-08-22,0.941,-0.019792
2011-08-23,0.949,0.008502
2011-08-24,0.951,0.002107
2011-08-25,0.969,0.018927
2011-08-26,0.968,-0.001032
2011-08-29,0.958,-0.010331
2011-08-30,0.954,-0.004175
2011-08-31,0.957,0.0031450000000000002
2011-09-01,0.951,-0.00627
2011-09-02,0.944,-0.0073609999999999995
2011-09-05,0.922,-0.023305
2011-09-06,0.907,-0.016269
2011-09-07,0.924,0.018743
2011-09-08,0.918,-0.006494
2011-09-09,0.91,-0.008715
2011-09-13,0.901,-0.00989
2011-09-14,0.9,-0.00111
2011-09-15,0.901,0.001111
2011-09-16,0.905,0.00444
2011-09-19,0.893,-0.013260000000000001
2011-09-20,0.897,0.004479
2011-09-21,0.92,0.025640999999999997
2011-09-22,0.898,-0.023913000000000004
2011-09-23,0.891,-0.007795
2011-09-26,0.878,-0.01459
2011-09-27,0.886,0.009112
2011-09-28,0.88,-0.006772
2011-09-29,0.872,-0.009091
2011-09-30,0.873,0.001147
2011-10-10,0.866,-0.008017999999999999
2011-10-11,0.854,-0.013857
2011-10-12,0.875,0.02459
2011-10-13,0.883,0.009143
2011-10-14,0.878,-0.0056630000000000005
2011-10-17,0.887,0.010251
2011-10-18,0.871,-0.018038000000000002
2011-10-19,0.863,-0.009185
2011-10-20,0.84,-0.026650999999999998
2011-10-21,0.835,-0.005952
2011-10-24,0.853,0.021557
2011-10-25,0.869,0.018757
2011-10-26,0.879,0.011507
2011-10-27,0.881,0.002275
2011-10-28,0.895,0.015891
2011-10-31,0.892,-0.003352
2011-11-01,0.893,0.001121
2011-11-02,0.903,0.011198
2011-11-03,0.906,0.003322
2011-11-04,0.907,0.001104
2011-11-07,0.899,-0.00882
2011-11-08,0.896,-0.003337
2011-11-09,0.903,0.007813
2011-11-10,0.893,-0.011073999999999999
2011-11-11,0.889,-0.004479
2011-11-14,0.902,0.014622999999999999
2011-11-15,0.896,-0.006652
2011-11-16,0.881,-0.016741
2011-11-17,0.879,-0.00227
2011-11-18,0.866,-0.014790000000000001
2011-11-21,0.865,-0.001155
2011-11-22,0.867,0.002312
2011-11-23,0.864,-0.0034599999999999995
2011-11-24,0.866,0.0023150000000000002
2011-11-25,0.863,-0.003464
2011-11-28,0.864,0.001159
2011-11-29,0.872,0.009259
2011-11-30,0.853,-0.021789
2011-12-01,0.865,0.014068
2011-12-02,0.855,-0.011560999999999998
2011-12-05,0.838,-0.019882999999999998
2011-12-06,0.839,0.001193
2011-12-07,0.84,0.001192
2011-12-08,0.839,-0.0011899999999999999
2011-12-09,0.831,-0.009535
2011-12-12,0.823,-0.009627
2011-12-13,0.81,-0.015795999999999998
2011-12-14,0.806,-0.0049380000000000005
2011-12-15,0.799,-0.008685
2011-12-16,0.817,0.022528000000000003
2011-12-19,0.816,-0.001224
2011-12-20,0.815,-0.001225
2011-12-21,0.806,-0.011043
2011-12-22,0.807,0.001241
2011-12-23,0.814,0.008674
2011-12-26,0.803,-0.013514
2011-12-27,0.789,-0.017435
2011-12-28,0.787,-0.002535
2011-12-29,0.792,0.006353
2011-12-30,0.804,0.015152
2011-12-31,0.804,0.0
2012-01-04,0.788,-0.0199
2012-01-05,0.776,-0.015227999999999998
2012-01-06,0.778,0.002577
2012-01-09,0.798,0.025707
2012-01-10,0.821,0.028822
2012-01-11,0.814,-0.008526
2012-01-12,0.812,-0.002457
2012-01-13,0.797,-0.018473
2012-01-16,0.776,-0.026349
2012-01-17,0.801,0.032216
2012-01-18,0.784,-0.021223000000000002
2012-01-19,0.797,0.016582
2012-01-20,0.816,0.023839000000000003
2012-01-30,0.807,-0.011029
2012-01-31,0.809,0.0024779999999999997
2012-02-01,0.805,-0.0049440000000000005
2012-02-02,0.815,0.012421999999999999
2012-02-03,0.819,0.004908
2012-02-06,0.825,0.007326
2012-02-07,0.814,-0.013333
2012-02-08,0.829,0.018428
2012-02-09,0.832,0.003619
2012-02-10,0.835,0.003606
2012-02-13,0.836,0.001198
2012-02-14,0.834,-0.002392
2012-02-15,0.84,0.007194000000000001
2012-02-16,0.835,-0.005952
2012-02-17,0.833,-0.002395
2012-02-20,0.834,0.0012
2012-02-21,0.841,0.008393000000000001
2012-02-22,0.85,0.010702
2012-02-23,0.854,0.004706
2012-02-24,0.866,0.014052
2012-02-27,0.868,0.002309
2012-02-28,0.867,-0.001152
2012-02-29,0.865,-0.002307
2012-03-01,0.866,0.001156
2012-03-02,0.877,0.012702
2012-03-05,0.872,-0.005701
2012-03-06,0.864,-0.009174
2012-03-07,0.858,-0.0069440000000000005
2012-03-08,0.865,0.008159
2012-03-09,0.878,0.015028999999999999
2012-03-12,0.878,0.0
2012-03-13,0.883,0.005695
2012-03-14,0.865,-0.020385
2012-03-15,0.865,0.0
2012-03-16,0.881,0.018497
2012-03-19,0.88,-0.001135
2012-03-20,0.865,-0.017044999999999998
2012-03-21,0.861,-0.004624
2012-03-22,0.86,-0.001161
2012-03-23,0.852,-0.009302
2012-03-26,0.858,0.0070420000000000005
2012-03-27,0.847,-0.012821
2012-03-28,0.827,-0.023613
2012-03-29,0.822,-0.006046
2012-03-30,0.824,0.002433
2012-03-31,0.824,0.0
2012-04-05,0.848,0.029126
2012-04-06,0.85,0.0023580000000000003
2012-04-09,0.846,-0.004706
2012-04-10,0.849,0.003546
2012-04-11,0.85,0.001178
2012-04-12,0.86,0.011765000000000001
2012-04-13,0.864,0.004651
2012-04-16,0.862,-0.0023150000000000002
2012-04-17,0.851,-0.012761
2012-04-18,0.864,0.015276000000000001
2012-04-19,0.859,-0.005787
2012-04-20,0.864,0.005821
2012-04-23,0.862,-0.0023150000000000002
2012-04-24,0.859,-0.0034799999999999996
2012-04-25,0.863,0.004657
2012-04-26,0.867,0.004635
2012-04-27,0.871,0.004614
2012-05-02,0.884,0.014924999999999999
2012-05-03,0.89,0.006787
2012-05-04,0.901,0.01236
2012-05-07,0.907,0.006659000000000001
2012-05-08,0.902,-0.0055130000000000005
2012-05-09,0.889,-0.014412000000000001
2012-05-10,0.891,0.0022500000000000003
2012-05-11,0.888,-0.003367
2012-05-14,0.879,-0.010135
2012-05-15,0.884,0.0056879999999999995
2012-05-16,0.873,-0.012443
2012-05-17,0.879,0.006873000000000001
2012-05-18,0.87,-0.010239
2012-05-21,0.878,0.009195
2012-05-22,0.893,0.017084
2012-05-23,0.894,0.0011200000000000001
2012-05-24,0.881,-0.014541
2012-05-25,0.872,-0.010216000000000001
2012-05-28,0.886,0.016055
2012-05-29,0.893,0.007901
2012-05-30,0.89,-0.0033589999999999996
2012-05-31,0.894,0.004494000000000001
2012-06-01,0.899,0.005593
2012-06-04,0.885,-0.015572999999999998
2012-06-05,0.888,0.0033900000000000002
2012-06-06,0.886,-0.002252
2012-06-07,0.883,-0.003386
2012-06-08,0.88,-0.003398
2012-06-11,0.89,0.011364
2012-06-12,0.888,-0.0022470000000000003
2012-06-13,0.905,0.019144
2012-06-14,0.907,0.00221
2012-06-15,0.905,-0.002205
2012-06-18,0.91,0.0055249999999999995
2012-06-19,0.902,-0.008791
2012-06-20,0.895,-0.0077610000000000005
2012-06-21,0.888,-0.007821
2012-06-25,0.877,-0.012386999999999999
2012-06-26,0.876,-0.00114
2012-06-27,0.88,0.004566
2012-06-28,0.88,0.0
2012-06-29,0.892,0.013635999999999999
2012-06-30,0.892,0.0
2012-07-02,0.895,0.0033629999999999997
2012-07-03,0.901,0.006704
2012-07-04,0.893,-0.008879
2012-07-05,0.886,-0.007839
2012-07-06,0.914,0.031603
2012-07-09,0.907,-0.007659
2012-07-10,0.898,-0.009923
2012-07-11,0.912,0.01559
2012-07-12,0.919,0.0076749999999999995
2012-07-13,0.922,0.0032640000000000004
2012-07-16,0.903,-0.020607
2012-07-17,0.897,-0.006645
2012-07-18,0.89,-0.007804
2012-07-19,0.891,0.001124
2012-07-20,0.882,-0.010101
2012-07-23,0.873,-0.010204
2012-07-24,0.882,0.010308999999999999
2012-07-25,0.881,-0.001134
2012-07-26,0.876,-0.005675
2012-07-27,0.873,-0.003425
2012-07-30,0.873,0.0
2012-07-31,0.869,-0.004582
2012-08-01,0.877,0.009205999999999999
2012-08-02,0.872,-0.005701
2012-08-03,0.88,0.009174
2012-08-06,0.891,0.0125
2012-08-07,0.892,0.001122
2012-08-08,0.884,-0.008969
2012-08-09,0.904,0.022624
2012-08-10,0.896,-0.00885
2012-08-13,0.888,-0.008929
2012-08-14,0.89,0.002252
2012-08-15,0.886,-0.004494000000000001
2012-08-16,0.879,-0.007901
2012-08-17,0.867,-0.013652
2012-08-20,0.867,0.0
2012-08-21,0.877,0.011533999999999999
2012-08-22,0.869,-0.009122
2012-08-23,0.866,-0.003452
2012-08-24,0.86,-0.006928
2012-08-27,0.851,-0.010465
2012-08-28,0.847,-0.004699999999999999
2012-08-29,0.84,-0.008264
2012-08-30,0.826,-0.016667
2012-08-31,0.828,0.002421
2012-09-03,0.846,0.021739
2012-09-04,0.84,-0.007092
2012-09-05,0.84,0.0
2012-09-06,0.843,0.0035709999999999995
2012-09-07,0.872,0.034401
2012-09-10,0.872,0.0
2012-09-11,0.869,-0.00344
2012-09-12,0.872,0.003452
2012-09-13,0.865,-0.008028
2012-09-14,0.866,0.001156
2012-09-17,0.852,-0.016166
2012-09-18,0.85,-0.002347
2012-09-19,0.849,-0.001176
2012-09-20,0.836,-0.015312
2012-09-21,0.836,0.0
2012-09-24,0.845,0.010766
2012-09-25,0.845,0.0
2012-09-26,0.835,-0.011834
2012-09-27,0.853,0.021557
2012-09-28,0.868,0.017585
2012-09-30,0.868,0.0
2012-10-08,0.861,-0.008065
2012-10-09,0.878,0.019743999999999998
2012-10-10,0.881,0.003417
2012-10-11,0.875,-0.00681
2012-10-12,0.874,-0.001143
2012-10-15,0.878,0.004577
2012-10-16,0.885,0.007973000000000001
2012-10-17,0.884,-0.00113
2012-10-18,0.896,0.013574999999999999
2012-10-19,0.896,0.0
2012-10-22,0.898,0.002232
2012-10-23,0.883,-0.016704
2012-10-24,0.882,-0.001133
2012-10-25,0.876,-0.006803
2012-10-26,0.868,-0.009132
2012-10-29,0.869,0.001152
2012-10-30,0.873,0.0046029999999999995
2012-10-31,0.885,0.013746000000000001
2012-11-01,0.897,0.013559000000000002
2012-11-02,0.897,0.0
2012-11-05,0.89,-0.007804
2012-11-06,0.883,-0.007865
2012-11-07,0.881,-0.002265
2012-11-08,0.873,-0.009081
2012-11-09,0.868,-0.0057269999999999995
2012-11-12,0.861,-0.008065
2012-11-13,0.852,-0.010452999999999999
2012-11-14,0.859,0.008216
2012-11-15,0.854,-0.005821
2012-11-16,0.847,-0.008197
2012-11-19,0.836,-0.012987
2012-11-20,0.837,0.001196
2012-11-21,0.841,0.004779
2012-11-22,0.829,-0.014269
2012-11-23,0.833,0.004824999999999999
2012-11-26,0.821,-0.014406
2012-11-27,0.816,-0.00609
2012-11-28,0.812,-0.004902
2012-11-29,0.815,0.003695
2012-11-30,0.826,0.013496999999999999
2012-12-03,0.807,-0.023001999999999998
2012-12-04,0.811,0.004957
2012-12-05,0.832,0.025894
2012-12-06,0.826,-0.007212
2012-12-07,0.834,0.009685000000000001
2012-12-10,0.837,0.0035970000000000004
2012-12-11,0.836,-0.0011949999999999999
2012-12-12,0.839,0.003589
2012-12-13,0.835,-0.004768
2012-12-14,0.859,0.028742999999999998
2012-12-17,0.852,-0.008149
2012-12-18,0.852,0.0
2012-12-19,0.859,0.008216
2012-12-20,0.863,0.004657
2012-12-21,0.867,0.004635
2012-12-24,0.865,-0.002307
2012-12-25,0.879,0.016185
2012-12-26,0.882,0.003413
2012-12-27,0.884,0.002268
2012-12-28,0.894,0.011312
2012-12-31,0.902,0.008949
2013-01-04,0.891,-0.012195000000000001
2013-01-07,0.896,0.005612000000000001
2013-01-08,0.903,0.007813
2013-01-09,0.909,0.006645
2013-01-10,0.909,0.0
2013-01-11,0.902,-0.007701
2013-01-14,0.93,0.031042
2013-01-15,0.936,0.006452
2013-01-16,0.934,-0.002137
2013-01-17,0.933,-0.001071
2013-01-18,0.947,0.015005
2013-01-21,0.947,0.0
2013-01-22,0.935,-0.012672000000000001
2013-01-23,0.942,0.007487000000000001
2013-01-24,0.934,-0.008493
2013-01-25,0.932,-0.002141
2013-01-28,0.945,0.013948
2013-01-29,0.948,0.003175
2013-01-30,0.95,0.00211
2013-01-31,0.941,-0.009474
2013-02-01,0.947,0.006376
2013-02-04,0.939,-0.008448
2013-02-05,0.958,0.020234000000000002
2013-02-06,0.957,-0.001044
2013-02-07,0.962,0.005225
2013-02-08,0.975,0.013514
2013-02-18,0.966,-0.009231
2013-02-19,0.947,-0.019669000000000002
2013-02-20,0.964,0.017950999999999998
2013-02-21,0.95,-0.014523
2013-02-22,0.944,-0.006316
2013-02-25,0.945,0.001059
2013-02-26,0.935,-0.010582000000000001
2013-02-27,0.938,0.003209
2013-02-28,0.959,0.022387999999999998
2013-03-01,0.966,0.007299
2013-03-04,0.933,-0.034161000000000004
2013-03-05,0.955,0.02358
2013-03-06,0.966,0.011517999999999999
2013-03-07,0.958,-0.008282000000000001
2013-03-08,0.952,-0.0062629999999999995
2013-03-11,0.954,0.002101
2013-03-12,0.943,-0.01153
2013-03-13,0.932,-0.011665000000000002
2013-03-14,0.944,0.012876
2013-03-15,0.945,0.001059
2013-03-18,0.94,-0.0052910000000000006
2013-03-19,0.938,-0.0021279999999999997
2013-03-20,0.968,0.031983000000000004
2013-03-21,0.978,0.010331
2013-03-22,0.981,0.003067
2013-03-25,0.982,0.001019
2013-03-26,0.982,0.0
2013-03-27,0.985,0.003055
2013-03-28,0.969,-0.016244
2013-03-29,0.964,-0.0051600000000000005
2013-04-01,0.961,-0.0031119999999999997
2013-04-02,0.948,-0.013528
2013-04-03,0.945,-0.003165
2013-04-08,0.955,0.010582000000000001
2013-04-09,0.958,0.0031409999999999997
2013-04-10,0.947,-0.011482000000000001
2013-04-11,0.944,-0.0031680000000000002
2013-04-12,0.939,-0.005297
2013-04-15,0.936,-0.003195
2013-04-16,0.949,0.013889
2013-04-17,0.966,0.017914
2013-04-18,0.963,-0.003106
2013-04-19,0.981,0.018692
2013-04-22,0.987,0.006116
2013-04-23,0.97,-0.017224
2013-04-24,0.989,0.019588
2013-04-25,0.979,-0.010111000000000002
2013-04-26,0.968,-0.011236
2013-05-02,0.978,0.010331
2013-05-03,0.997,0.019427
2013-05-06,1.006,0.009027
2013-05-07,1.005,-0.000994
2013-05-08,1.022,0.016915
2013-05-09,1.012,-0.009785
2013-05-10,1.012,0.0
2013-05-13,1.004,-0.007905
2013-05-14,0.989,-0.01494
2013-05-15,1.005,0.016177999999999998
2013-05-16,1.018,0.012935
2013-05-17,1.033,0.014735
2013-05-20,1.033,0.0
2013-05-21,1.048,0.014521
2013-05-22,1.045,-0.002863
2013-05-23,1.038,-0.006699
2013-05-24,1.046,0.007707
2013-05-27,1.046,0.0
2013-05-28,1.049,0.002868
2013-05-29,1.049,0.0
2013-05-30,1.045,-0.0038129999999999995
2013-05-31,1.031,-0.013397
2013-06-03,1.023,-0.007759
2013-06-04,1.01,-0.012707999999999999
2013-06-05,1.012,0.00198
2013-06-06,1.002,-0.009881
2013-06-07,0.995,-0.006986
2013-06-13,0.979,-0.01608
2013-06-14,0.991,0.012257
2013-06-17,0.99,-0.0010090000000000001
2013-06-18,1.003,0.013130999999999999
2013-06-19,1.004,0.000997
2013-06-20,0.979,-0.024900000000000002
2013-06-21,0.983,0.004086
2013-06-24,0.945,-0.038657
2013-06-25,0.95,0.0052910000000000006
2013-06-26,0.982,0.033684
2013-06-27,0.978,-0.004073
2013-06-28,0.986,0.00818
2013-06-30,0.985,-0.0010140000000000001
2013-07-01,1.015,0.030457
2013-07-02,1.03,0.014778
2013-07-03,1.038,0.007767
2013-07-04,1.029,-0.008671
2013-07-05,1.019,-0.009718
2013-07-08,0.995,-0.023553
2013-07-09,0.989,-0.00603
2013-07-10,1.002,0.013145
2013-07-11,1.025,0.022954
2013-07-12,1.021,-0.003902
2013-07-15,1.037,0.015671
2013-07-16,1.047,0.009643
2013-07-17,1.027,-0.019101999999999997
2013-07-18,1.016,-0.010711
2013-07-19,0.997,-0.018701000000000002
2013-07-22,1.011,0.014041999999999999
2013-07-23,1.037,0.025717
2013-07-24,1.055,0.017358
2013-07-25,1.032,-0.021801
2013-07-26,1.026,-0.005814000000000001
2013-07-29,1.01,-0.015595000000000001
2013-07-30,0.996,-0.013861000000000002
2013-07-31,0.992,-0.0040160000000000005
2013-08-01,1.026,0.034274
2013-08-02,1.027,0.0009750000000000001
2013-08-05,1.043,0.015579
2013-08-06,1.062,0.018217
2013-08-07,1.05,-0.011298999999999998
2013-08-08,1.062,0.011429
2013-08-09,1.067,0.004708
2013-08-12,1.066,-0.000937
2013-08-13,1.068,0.0018759999999999998
2013-08-14,1.069,0.000936
2013-08-15,1.056,-0.012161
2013-08-16,1.039,-0.016097999999999998
2013-08-19,1.061,0.021174
2013-08-20,1.059,-0.001885
2013-08-21,1.054,-0.004721
2013-08-22,1.068,0.013283
2013-08-23,1.077,0.008427
2013-08-26,1.098,0.019499
2013-08-27,1.093,-0.004554
2013-08-28,1.07,-0.021043
2013-08-29,1.062,-0.007477
2013-08-30,1.047,-0.014124000000000001
2013-09-02,1.061,0.013372
2013-09-03,1.076,0.014138
2013-09-04,1.075,-0.0009289999999999999
2013-09-05,1.078,0.002791
2013-09-06,1.081,0.002783
2013-09-09,1.086,0.004625000000000001
2013-09-10,1.077,-0.008287
2013-09-11,1.054,-0.021356
2013-09-12,1.05,-0.003795
2013-09-13,1.066,0.015238
2013-09-16,1.07,0.0037519999999999997
2013-09-17,1.065,-0.004673
2013-09-18,1.059,-0.005634
2013-09-23,1.091,0.030217
2013-09-24,1.099,0.007332999999999999
2013-09-25,1.088,-0.010008999999999999
2013-09-26,1.084,-0.003676
2013-09-27,1.086,0.001845
2013-09-30,1.095,0.008287
2013-10-08,1.108,0.011872
2013-10-09,1.116,0.00722
2013-10-10,1.111,-0.0044800000000000005
2013-10-11,1.11,-0.0009
2013-10-14,1.113,0.0027029999999999997
2013-10-15,1.118,0.0044919999999999995
2013-10-16,1.107,-0.009839
2013-10-17,1.105,-0.001807
2013-10-18,1.114,0.008145
2013-10-21,1.146,0.028725
2013-10-22,1.13,-0.013962
2013-10-23,1.108,-0.019469
2013-10-24,1.094,-0.012635
2013-10-25,1.061,-0.030165
2013-10-28,1.058,-0.002828
2013-10-29,1.059,0.000945
2013-10-30,1.065,0.005666
2013-10-31,1.038,-0.025352
2013-11-01,1.035,-0.0028899999999999998
2013-11-04,1.039,0.003865
2013-11-05,1.048,0.008662
2013-11-06,1.033,-0.014313
2013-11-07,1.02,-0.012584999999999999
2013-11-08,1.018,-0.001961
2013-11-11,1.031,0.012769999999999998
2013-11-12,1.036,0.00485
2013-11-13,1.023,-0.012547999999999998
2013-11-14,1.042,0.018573
2013-11-15,1.058,0.015355
2013-11-18,1.073,0.014178
2013-11-19,1.066,-0.006523999999999999
2013-11-20,1.067,0.0009379999999999999
2013-11-21,1.058,-0.008435
2013-11-22,1.049,-0.008507
2013-11-25,1.045,-0.0038129999999999995
2013-11-26,1.045,0.0
2013-11-27,1.062,0.016268
2013-11-28,1.073,0.010358000000000001
2013-11-29,1.081,0.007456000000000001
2013-12-02,1.04,-0.037928
2013-12-03,1.049,0.008654
2013-12-04,1.057,0.007625999999999999
2013-12-05,1.042,-0.014191
2013-12-06,1.037,-0.004798
2013-12-09,1.044,0.006750000000000001
2013-12-10,1.04,-0.0038309999999999998
2013-12-11,1.041,0.000962
2013-12-12,1.054,0.012487999999999999
2013-12-13,1.054,0.0
2013-12-16,1.04,-0.013283
2013-12-17,1.028,-0.011538
2013-12-18,1.027,-0.000973
2013-12-19,1.018,-0.008763
2013-12-20,1.004,-0.013752
2013-12-23,1.016,0.011952
2013-12-24,1.025,0.008858
2013-12-25,1.033,0.0078049999999999994
2013-12-26,1.02,-0.012584999999999999
2013-12-27,1.033,0.012745
2013-12-30,1.031,-0.001936
2013-12-31,1.041,0.009699
2014-01-02,1.055,0.013449
2014-01-03,1.051,-0.003791
2014-01-06,1.023,-0.026640999999999998
2014-01-07,1.024,0.000978
2014-01-08,1.036,0.011719
2014-01-09,1.015,-0.02027
2014-01-10,1.004,-0.010837000000000001
2014-01-13,0.994,-0.00996
2014-01-14,1.002,0.008048
2014-01-15,1.01,0.007984
2014-01-16,0.995,-0.014851000000000001
2014-01-17,0.971,-0.015578000000000002
2014-01-20,0.959,-0.012358000000000001
2014-01-21,0.969,0.010428
2014-01-22,0.991,0.022704
2014-01-23,1.003,0.012109000000000002
2014-01-24,1.01,0.006979
2014-01-27,1.003,-0.0069310000000000005
2014-01-28,0.997,-0.0059819999999999995
2014-01-29,0.999,0.002006
2014-01-30,0.995,-0.004004
2014-02-07,1.011,0.01608
2014-02-10,1.043,0.031652
2014-02-11,1.037,-0.005753
2014-02-12,1.039,0.001929
2014-02-13,1.022,-0.016362
2014-02-14,1.04,0.017613
2014-02-17,1.054,0.013462
2014-02-18,1.05,-0.003795
2014-02-19,1.039,-0.010476000000000001
2014-02-20,1.018,-0.020211999999999997
2014-02-21,1.019,0.000982
2014-02-24,1.025,0.005888
2014-02-25,0.984,-0.04
2014-02-26,0.992,0.00813
2014-02-27,0.972,-0.020161
2014-02-28,0.988,0.016461
2014-03-03,1.0,0.012145999999999999
2014-03-04,0.992,-0.008
2014-03-05,0.989,-0.003024
2014-03-06,0.987,-0.002022
2014-03-07,0.98,-0.007092
2014-03-10,0.947,-0.033673
2014-03-11,0.942,-0.00528
2014-03-12,0.945,0.003185
2014-03-13,0.964,0.020106000000000002
2014-03-14,0.961,-0.0031119999999999997
2014-03-17,0.986,0.026015
2014-03-18,0.995,0.009127999999999999
2014-03-19,0.99,-0.005024999999999999
2014-03-20,0.968,-0.022222
2014-03-21,0.975,0.007231
2014-03-24,0.955,-0.020513
2014-03-25,0.952,-0.0031409999999999997
2014-03-26,0.96,0.008403
2014-03-27,0.937,-0.023958
2014-03-28,0.915,-0.023479
2014-03-31,0.914,-0.001093
2014-04-01,0.933,0.020788
2014-04-02,0.922,-0.01179
2014-04-03,0.92,-0.002169
2014-04-04,0.929,0.009783
2014-04-08,0.934,0.0053820000000000005
2014-04-09,0.946,0.012848
2014-04-10,0.961,0.015856
2014-04-11,0.953,-0.008325
2014-04-14,0.952,-0.001049
2014-04-15,0.95,-0.002101
2014-04-16,0.943,-0.007368
2014-04-17,0.946,0.003181
2014-04-18,0.949,0.0031709999999999998
2014-04-21,0.943,-0.0063219999999999995
2014-04-22,0.922,-0.022269
2014-04-23,0.911,-0.011931
2014-04-24,0.904,-0.007684
2014-04-25,0.893,-0.012168000000000002
2014-04-28,0.866,-0.030234999999999998
2014-04-29,0.877,0.012702
2014-04-30,0.885,0.009122
2014-05-05,0.896,0.012428999999999999
2014-05-06,0.902,0.006696
2014-05-07,0.884,-0.019956
2014-05-08,0.872,-0.013574999999999999
2014-05-09,0.857,-0.017202
2014-05-12,0.871,0.016336
2014-05-13,0.868,-0.003444
2014-05-14,0.871,0.0034560000000000003
2014-05-15,0.859,-0.013777
2014-05-16,0.848,-0.012806
2014-05-19,0.845,-0.003538
2014-05-20,0.849,0.0047339999999999995
2014-05-21,0.858,0.010601000000000001
2014-05-22,0.867,0.01049
2014-05-23,0.877,0.011533999999999999
2014-05-26,0.888,0.012543
2014-05-27,0.882,-0.006757
2014-05-28,0.9,0.020408
2014-05-29,0.891,-0.01
2014-05-30,0.891,0.0
2014-06-03,0.89,-0.001122
2014-06-04,0.887,-0.0033710000000000003
2014-06-05,0.897,0.011274
2014-06-06,0.897,0.0
2014-06-09,0.888,-0.010033
2014-06-10,0.9,0.013514
2014-06-11,0.905,0.005556
2014-06-12,0.903,-0.00221
2014-06-13,0.914,0.012182
2014-06-16,0.917,0.0032819999999999998
2014-06-17,0.909,-0.008723999999999999
2014-06-18,0.905,-0.0044
2014-06-19,0.886,-0.020994000000000002
2014-06-20,0.898,0.013544
2014-06-23,0.909,0.012249000000000001
2014-06-24,0.911,0.0022
2014-06-25,0.905,-0.006586
2014-06-26,0.917,0.013260000000000001
2014-06-27,0.92,0.0032719999999999997
2014-06-30,0.932,0.013043
2014-07-01,0.937,0.005365
2014-07-02,0.943,0.006403
2014-07-03,0.942,-0.00106
2014-07-04,0.936,-0.0063690000000000005
2014-07-07,0.928,-0.008547
2014-07-08,0.937,0.009698
2014-07-09,0.919,-0.01921
2014-07-10,0.904,-0.016322
2014-07-11,0.904,0.0
2014-07-14,0.914,0.011062
2014-07-15,0.904,-0.010941000000000001
2014-07-16,0.892,-0.013274
2014-07-17,0.886,-0.006725999999999999
2014-07-18,0.887,0.001129
2014-07-21,0.893,0.006764
2014-07-22,0.907,0.015677
2014-07-23,0.894,-0.014333
2014-07-24,0.881,-0.014541
2014-07-25,0.885,0.00454
2014-07-28,0.9,0.016949000000000002
2014-07-29,0.911,0.012222
2014-07-30,0.917,0.006586
2014-07-31,0.919,0.0021809999999999998
2014-08-01,0.913,-0.006529
2014-08-04,0.919,0.006572
2014-08-05,0.923,0.004353
2014-08-06,0.929,0.006501
2014-08-07,0.923,-0.006459
2014-08-08,0.931,0.008667000000000001
2014-08-11,0.945,0.015038000000000001
2014-08-12,0.947,0.0021160000000000003
2014-08-13,0.942,-0.00528
2014-08-14,0.933,-0.009554
2014-08-15,0.946,0.013934
2014-08-18,0.962,0.016913
2014-08-19,0.968,0.006237
2014-08-20,0.962,-0.006198
2014-08-21,0.967,0.005198
2014-08-22,0.974,0.007239
2014-08-25,0.968,-0.00616
2014-08-26,0.953,-0.015496000000000001
2014-08-27,0.955,0.002099
2014-08-28,0.948,-0.00733
2014-08-29,0.961,0.013713
2014-09-01,0.978,0.017689999999999997
2014-09-02,0.986,0.00818
2014-09-03,0.994,0.008114
2014-09-04,1.0,0.0060360000000000006
2014-09-05,1.0,0.0
2014-09-09,0.999,-0.001
2014-09-10,1.004,0.005004999999999999
2014-09-11,1.004,0.0
2014-09-12,1.009,0.00498
2014-09-15,1.012,0.002973
2014-09-16,0.982,-0.029644
2014-09-17,0.987,0.005092
2014-09-18,0.992,0.005066
2014-09-19,0.997,0.00504
2014-09-22,0.986,-0.011033
2014-09-23,0.997,0.011156
2014-09-24,1.005,0.008024
2014-09-25,1.002,-0.002985
2014-09-26,1.006,0.003992
2014-09-29,1.011,0.00497
2014-09-30,1.022,0.01088
2014-10-08,1.031,0.008806000000000001
2014-10-09,1.028,-0.00291
2014-10-10,1.019,-0.008754999999999999
2014-10-13,1.011,-0.007851
2014-10-14,1.006,-0.004946
2014-10-15,1.013,0.006958
2014-10-16,1.001,-0.011846
2014-10-17,0.998,-0.002997
2014-10-20,1.01,0.012024
2014-10-21,1.007,-0.00297
2014-10-22,1.001,-0.005958
2014-10-23,0.992,-0.008991
2014-10-24,0.997,0.00504
2014-10-27,1.0,0.003009
2014-10-28,1.018,0.018000000000000002
2014-10-29,1.026,0.007859
2014-10-30,1.025,-0.0009750000000000001
2014-10-31,1.023,-0.001951
2014-11-03,1.03,0.006843
2014-11-04,1.023,-0.006796
2014-11-05,1.021,-0.001955
2014-11-06,1.029,0.007835
2014-11-07,1.024,-0.004859
2014-11-10,1.032,0.007813
2014-11-11,1.007,-0.024225
2014-11-12,1.02,0.01291
2014-11-13,1.006,-0.013725000000000001
2014-11-14,1.006,0.0
2014-11-17,1.015,0.008945999999999999
2014-11-18,1.01,-0.004926
2014-11-19,1.013,0.00297
2014-11-20,1.009,-0.003948999999999999
2014-11-21,1.018,0.00892
2014-11-24,1.026,0.007859
2014-11-25,1.044,0.017544
2014-11-26,1.061,0.016284
2014-11-27,1.063,0.001885
2014-11-28,1.062,-0.000941
2014-12-01,1.059,-0.002825
2014-12-02,1.078,0.017941
2014-12-03,1.088,0.009276
2014-12-04,1.112,0.022059000000000002
2014-12-05,1.098,-0.012589999999999999
2014-12-08,1.093,-0.004554
2014-12-09,1.047,-0.042086
2014-12-10,1.074,0.025788000000000002
2014-12-11,1.072,-0.001862
2014-12-12,1.093,0.01959
2014-12-15,1.119,0.023788
2014-12-16,1.127,0.007149
2014-12-17,1.123,-0.003549
2014-12-18,1.121,-0.001781
2014-12-19,1.103,-0.016057
2014-12-22,1.063,-0.036265
2014-12-23,1.049,-0.01317
2014-12-24,1.056,0.006673
2014-12-25,1.075,0.017991999999999998
2014-12-26,1.086,0.010233
2014-12-29,1.057,-0.026703
2014-12-30,1.045,-0.011353
2014-12-31,1.055,0.009569
2015-01-05,1.059,0.003791
2015-01-06,1.081,0.020774
2015-01-07,1.081,0.0
2015-01-08,1.085,0.0037
2015-01-09,1.092,0.006452
2015-01-12,1.105,0.011904999999999999
2015-01-13,1.126,0.019005
2015-01-14,1.12,-0.005329
2015-01-15,1.125,0.004464
2015-01-16,1.155,0.026667
2015-01-19,1.122,-0.028571
2015-01-20,1.17,0.042781
2015-01-21,1.191,0.017949
2015-01-22,1.186,0.005374
2015-01-23,1.166,-0.016863
2015-01-26,1.189,0.019726
2015-01-27,1.189,0.0
2015-01-28,1.176,-0.010934
2015-01-29,1.166,-0.008503
2015-01-30,1.146,-0.017153
2015-02-02,1.15,0.0034899999999999996
2015-02-03,1.175,0.021739
2015-02-04,1.17,-0.004255
2015-02-05,1.172,0.001709
2015-02-06,1.144,-0.023891
2015-02-09,1.132,-0.01049
2015-02-10,1.165,0.029152
2015-02-11,1.19,0.021459000000000002
2015-02-12,1.189,-0.00084
2015-02-13,1.202,0.010934
2015-02-16,1.252,0.041597
2015-02-17,1.25,-0.0015970000000000001
2015-02-25,1.227,-0.0184
2015-02-26,1.234,0.005705
2015-02-27,1.258,0.019449
2015-03-02,1.282,0.019077999999999998
2015-03-03,1.256,-0.020280999999999997
2015-03-04,1.279,0.018312
2015-03-05,1.281,0.001564
2015-03-06,1.253,-0.021858
2015-03-09,1.275,0.017558
2015-03-10,1.293,0.014117999999999999
2015-03-11,1.285,-0.006187000000000001
2015-03-12,1.287,0.0015559999999999999
2015-03-13,1.313,0.020202
2015-03-16,1.368,0.041889
2015-03-17,1.369,0.000731
2015-03-18,1.408,0.028488000000000003
2015-03-19,1.409,0.0007099999999999999
2015-03-20,1.435,0.018453
2015-03-23,1.494,0.041115000000000006
2015-03-24,1.521,0.018071999999999998
2015-03-25,1.525,0.00263
2015-03-26,1.475,-0.032787000000000004
2015-03-27,1.501,0.017627
2015-03-30,1.49,-0.007328
2015-03-31,1.507,0.011409
2015-04-01,1.554,0.031187999999999997
2015-04-02,1.607,0.034106
2015-04-03,1.648,0.025512999999999997
2015-04-07,1.679,0.018811
2015-04-08,1.657,-0.013103
2015-04-09,1.663,0.0036209999999999997
2015-04-10,1.724,0.036681
2015-04-13,1.734,0.0058
2015-04-14,1.705,-0.016724000000000003
2015-04-15,1.628,-0.045161
2015-04-16,1.646,0.011056999999999999
2015-04-17,1.628,-0.010936
2015-04-20,1.578,-0.030713
2015-04-21,1.656,0.049429999999999995
2015-04-22,1.686,0.018116
2015-04-23,1.715,0.0172
2015-04-24,1.716,0.000583
2015-04-27,1.708,-0.004662
2015-04-28,1.654,-0.031616
2015-04-29,1.715,0.03688
2015-04-30,1.742,0.015743
2015-05-04,1.727,-0.008611
2015-05-05,1.683,-0.025478
2015-05-06,1.698,0.008912999999999999
2015-05-07,1.676,-0.012956
2015-05-08,1.773,0.057876000000000004
2015-05-11,1.872,0.055838
2015-05-12,1.925,0.028312
2015-05-13,1.911,-0.007272999999999999
2015-05-14,1.897,-0.007326
2015-05-15,1.896,-0.000527
2015-05-18,1.968,0.037975
2015-05-19,2.021,0.026930999999999997
2015-05-20,2.083,0.030678
2015-05-21,2.179,0.046086999999999996
2015-05-22,2.163,-0.007343
2015-05-25,2.164,0.00046199999999999995
2015-05-26,2.285,0.055915
2015-05-27,2.325,0.017505
2015-05-28,2.188,-0.058925
2015-05-29,2.267,0.036106
2015-06-01,2.376,0.048081
2015-06-02,2.461,0.035774
2015-06-03,2.485,0.009752
2015-06-04,2.432,-0.021328
2015-06-05,2.409,-0.009457
2015-06-08,2.283,-0.052304
2015-06-09,2.281,-0.0008759999999999999
2015-06-10,2.356,0.03288
2015-06-11,2.374,0.00764
2015-06-12,2.397,0.009688
2015-06-15,2.272,-0.052149
2015-06-16,2.184,-0.038732
2015-06-17,2.235,0.023351999999999998
2015-06-18,2.112,-0.055034
2015-06-19,2.012,-0.047348
2015-06-23,2.073,0.030318
2015-06-24,2.111,0.018331
2015-06-25,2.016,-0.04500200000000001
2015-06-26,1.834,-0.090278
2015-06-29,1.697,-0.0747
2015-06-30,1.801,0.061285
2015-07-01,1.732,-0.038312
2015-07-02,1.654,-0.045035
2015-07-03,1.607,-0.028416
2015-07-06,1.557,-0.031114000000000003
2015-07-07,1.444,-0.072575
2015-07-08,1.4,-0.030470999999999998
2015-07-09,1.465,0.046429
2015-07-10,1.547,0.055972999999999995
2015-07-13,1.68,0.08597300000000001
2015-07-14,1.703,0.01369
2015-07-15,1.595,-0.063417
2015-07-16,1.642,0.029467
2015-07-17,1.759,0.071255
2015-07-20,1.804,0.025583
2015-07-21,1.831,0.014967
2015-07-22,1.847,0.008738000000000001
2015-07-23,1.893,0.024905
2015-07-24,1.86,-0.017433
2015-07-27,1.724,-0.073118
2015-07-28,1.696,-0.016241000000000002
2015-07-29,1.759,0.037146
2015-07-30,1.7,-0.033542
2015-07-31,1.676,-0.014117999999999999
2015-08-03,1.624,-0.031025999999999998
2015-08-04,1.724,0.061576000000000006
2015-08-05,1.697,-0.015661
2015-08-06,1.693,-0.0023569999999999997
2015-08-07,1.746,0.031305
2015-08-10,1.832,0.04925500000000001
2015-08-11,1.819,-0.007096
2015-08-12,1.776,-0.023639
2015-08-13,1.802,0.01464
2015-08-14,1.791,-0.006104000000000001
2015-08-17,1.795,0.002233
2015-08-18,1.665,-0.072423
2015-08-19,1.703,0.022823000000000003
2015-08-20,1.661,-0.024662000000000003
2015-08-21,1.558,-0.062011000000000004
2015-08-24,1.422,-0.08729100000000001
2015-08-25,1.313,-0.076653
2015-08-26,1.292,-0.015993999999999998
2015-08-27,1.364,0.055728
2015-08-28,1.452,0.064516
2015-08-31,1.417,-0.024104999999999998
2015-09-01,1.342,-0.052929000000000004
2015-09-02,1.335,-0.005215999999999999
2015-09-07,1.32,-0.011236
2015-09-08,1.382,0.04697
2015-09-09,1.428,0.033285
2015-09-10,1.4,-0.019608
2015-09-11,1.408,0.005714
2015-09-14,1.304,-0.073864
2015-09-15,1.251,-0.040644
2015-09-16,1.352,0.08073499999999999
2015-09-17,1.343,-0.006657
2015-09-18,1.37,0.020104
2015-09-21,1.433,0.045985
2015-09-22,1.433,0.0
2015-09-23,1.428,-0.003489
2015-09-24,1.456,0.019608
2015-09-25,1.409,-0.03228
2015-09-28,1.46,0.036196
2015-09-29,1.459,-0.0006850000000000001
2015-09-30,1.463,0.002742
2015-10-08,1.519,0.038278
2015-10-09,1.532,0.008558
2015-10-12,1.584,0.033943
2015-10-13,1.593,0.005682
2015-10-14,1.572,-0.013183
2015-10-15,1.634,0.03944
2015-10-16,1.655,0.012851999999999999
2015-10-19,1.647,-0.004834
2015-10-20,1.682,0.021251000000000003
2015-10-21,1.568,-0.067776
2015-10-22,1.621,0.033801
2015-10-23,1.657,0.022209
2015-10-26,1.69,0.019916
2015-10-27,1.701,0.006509
2015-10-28,1.663,-0.02234
2015-10-29,1.668,0.003007
2015-10-30,1.671,0.001799
2015-11-02,1.645,-0.015560000000000001
2015-11-03,1.631,-0.008511
2015-11-04,1.714,0.050889
2015-11-05,1.693,-0.012252
2015-11-06,1.732,0.023035999999999997
2015-11-09,1.763,0.017898
2015-11-10,1.783,0.011344
2015-11-11,1.819,0.020191
2015-11-12,1.818,-0.00055
2015-11-13,1.773,-0.024752
2015-11-16,1.821,0.027073
2015-11-17,1.803,-0.009885
2015-11-18,1.782,-0.011647000000000001
2015-11-19,1.837,0.030864
2015-11-20,1.843,0.003266
2015-11-23,1.824,-0.010308999999999999
2015-11-24,1.83,0.0032890000000000003
2015-11-25,1.863,0.018033
2015-11-26,1.858,-0.002684
2015-11-27,1.758,-0.053821
2015-11-30,1.785,0.015358
2015-12-01,1.769,-0.008964
2015-12-02,1.751,-0.010175
2015-12-03,1.791,0.022844000000000003
2015-12-04,1.775,-0.008934
2015-12-07,1.803,0.015774999999999997
2015-12-08,1.803,0.0
2015-12-09,1.803,0.0
2015-12-10,1.802,-0.000555
2015-12-11,1.795,-0.003885
2015-12-14,1.802,0.0039000000000000003
2015-12-15,1.818,0.008879
2015-12-16,1.826,0.0044
2015-12-17,1.872,0.025192000000000003
2015-12-18,1.859,-0.0069440000000000005
2015-12-21,1.866,0.003765
2015-12-22,1.883,0.00911
2015-12-23,1.856,-0.014339
2015-12-24,1.855,-0.000539
2015-12-25,1.875,0.010782
2015-12-28,1.851,-0.0128
2015-12-29,1.859,0.0043219999999999995
2015-12-30,1.875,0.008607
2015-12-31,1.85,-0.013333
2016-01-04,1.702,-0.08
2016-01-05,1.682,-0.011751000000000001
2016-01-06,1.705,0.013673999999999999
2016-01-07,1.558,-0.086217
2016-01-08,1.567,0.005777
2016-01-11,1.47,-0.061902
2016-01-12,1.494,0.016327
2016-01-13,1.451,-0.028782000000000002
2016-01-14,1.514,0.043418
2016-01-15,1.482,-0.021136
2016-01-18,1.499,0.011471
2016-01-19,1.537,0.02535
2016-01-20,1.345,-0.014053
2016-01-21,1.291,-0.040149
2016-01-22,1.308,0.013168
2016-01-25,1.327,0.014525999999999999
2016-01-26,1.246,-0.061040000000000004
2016-01-27,1.239,-0.005618
2016-01-28,1.195,-0.035512999999999996
2016-01-29,1.24,0.037656999999999996
2016-02-01,1.241,0.0008060000000000001
2016-02-02,1.287,0.037067
2016-02-03,1.301,0.010878
2016-02-04,1.322,0.016141000000000003
2016-02-05,1.307,-0.011346
2016-02-15,1.317,0.007651
2016-02-16,1.368,0.038724
2016-02-17,1.379,0.008041
2016-02-18,1.362,-0.012327999999999999
2016-02-19,1.364,0.0014680000000000001
2016-02-22,1.397,0.024194
2016-02-23,1.39,-0.005011
2016-02-24,1.375,-0.010791
2016-02-25,1.286,-0.06472699999999999
2016-02-26,1.291,0.003888
2016-02-29,1.239,-0.040278999999999995
2016-03-01,1.264,0.020177999999999998
2016-03-02,1.318,0.042721999999999996
2016-03-03,1.308,-0.007587
2016-03-04,1.262,-0.035168
2016-03-07,1.277,0.011886
2016-03-08,1.295,0.014096
2016-03-09,1.271,-0.018533
2016-03-10,1.25,-0.016522
2016-03-11,1.251,0.0008
2016-03-14,1.304,0.042366
2016-03-15,1.306,0.001534
2016-03-16,1.291,-0.011485
2016-03-17,1.351,0.046475999999999996
2016-03-18,1.394,0.031827999999999995
2016-03-21,1.419,0.017934000000000002
2016-03-22,1.411,-0.005638
2016-03-23,1.432,0.014883
2016-03-24,1.404,-0.019553
2016-03-25,1.404,0.0
2016-03-28,1.395,-0.00641
2016-03-29,1.371,-0.017204
2016-03-30,1.429,0.042305
2016-03-31,1.422,-0.004899
2016-04-01,1.405,-0.011955
2016-04-05,1.45,0.032028
2016-04-06,1.454,0.0027589999999999997
2016-04-07,1.434,-0.013755
2016-04-08,1.423,-0.007671
2016-04-11,1.454,0.021785000000000002
2016-04-12,1.44,-0.009629
2016-04-13,1.462,0.015278
2016-04-14,1.471,0.006156
2016-04-15,1.465,-0.004079
2016-04-18,1.453,-0.008191
2016-04-19,1.457,0.002753
2016-04-20,1.4,-0.039121
2016-04-21,1.38,-0.014286
2016-04-22,1.408,0.02029
2016-04-25,1.405,-0.002131
2016-04-26,1.42,0.010676000000000001
2016-04-27,1.434,0.009859
2016-04-28,1.436,0.0013950000000000002
2016-04-29,1.443,0.004875
2016-05-03,1.497,0.037422
2016-05-04,1.494,-0.002004
2016-05-05,1.498,0.002677
2016-05-06,1.443,-0.036716
2016-05-09,1.421,-0.015246
2016-05-10,1.426,0.003519
2016-05-11,1.421,-0.0035060000000000004
2016-05-12,1.441,0.014074999999999999
2016-05-13,1.438,-0.002082
2016-05-16,1.482,0.030598
2016-05-17,1.469,-0.008772
2016-05-18,1.432,-0.025187
2016-05-19,1.446,0.009777000000000001
2016-05-20,1.448,0.0013830000000000001
2016-05-23,1.47,0.015193000000000002
2016-05-24,1.444,-0.017686999999999998
2016-05-25,1.43,-0.009695
2016-05-26,1.441,0.007692
2016-05-27,1.438,-0.002082
2016-05-30,1.423,-0.010431
2016-05-31,1.484,0.042866999999999995
2016-06-01,1.497,0.00876
2016-06-02,1.509,0.008016
2016-06-03,1.523,0.009278
2016-06-06,1.538,0.009849
2016-06-07,1.531,-0.004551
2016-06-08,1.526,-0.003266
2016-06-13,1.47,-0.036697
2016-06-14,1.476,0.004082
2016-06-15,1.531,0.037263000000000004
2016-06-16,1.516,-0.009798
2016-06-17,1.518,0.0013189999999999999
2016-06-20,1.534,0.01054
2016-06-21,1.513,-0.01369
2016-06-22,1.533,0.013219000000000002
2016-06-23,1.52,-0.00848
2016-06-24,1.515,-0.0032890000000000003
2016-06-27,1.547,0.021122000000000002
2016-06-28,1.544,-0.001939
2016-06-29,1.544,0.0
2016-06-30,1.531,-0.00842
2016-07-01,1.525,-0.003919000000000001
2016-07-04,1.544,0.012459
2016-07-05,1.543,-0.0006479999999999999
2016-07-06,1.543,0.0
2016-07-07,1.541,-0.0012959999999999998
2016-07-08,1.536,-0.003245
2016-07-11,1.529,-0.004557
2016-07-12,1.545,0.010464
2016-07-13,1.564,0.012298
2016-07-14,1.561,-0.001918
2016-07-15,1.559,-0.001281
2016-07-18,1.562,0.001924
2016-07-19,1.557,-0.003201
2016-07-20,1.545,-0.007707
2016-07-21,1.539,-0.0038829999999999997
2016-07-22,1.525,-0.009097
2016-07-25,1.535,0.0065569999999999995
2016-07-26,1.556,0.013681
2016-07-27,1.501,-0.035346999999999996
2016-07-28,1.524,0.015323
2016-07-29,1.516,-0.005249
2016-08-01,1.504,-0.007916
2016-08-02,1.511,0.004654
2016-08-03,1.516,0.0033090000000000003
2016-08-04,1.522,0.003958
2016-08-05,1.505,-0.01117
2016-08-08,1.52,0.009967
2016-08-09,1.532,0.007895
2016-08-10,1.531,-0.0006529999999999999
2016-08-11,1.508,-0.015023
2016-08-12,1.516,0.005305
2016-08-15,1.543,0.01781
2016-08-16,1.538,-0.0032400000000000003
2016-08-17,1.539,0.00065
2016-08-18,1.526,-0.008447
2016-08-19,1.524,-0.0013109999999999999
2016-08-22,1.519,-0.003281
2016-08-23,1.52,0.000658
2016-08-24,1.518,-0.001316
2016-08-25,1.517,-0.000659
2016-08-26,1.517,0.0
2016-08-29,1.511,-0.003955
2016-08-30,1.515,0.002647
2016-08-31,1.51,-0.0033
2016-09-01,1.503,-0.004636
2016-09-02,1.482,-0.013972
2016-09-05,1.492,0.006748
2016-09-06,1.517,0.016756
2016-09-07,1.512,-0.003296
2016-09-08,1.518,0.003968
2016-09-09,1.513,-0.003294
2016-09-12,1.488,-0.016523
2016-09-13,1.503,0.010081
2016-09-14,1.486,-0.011311
2016-09-19,1.496,0.006729000000000001
2016-09-20,1.498,0.001337
2016-09-21,1.502,0.00267
2016-09-22,1.508,0.003995
2016-09-23,1.493,-0.009947000000000001
2016-09-26,1.476,-0.011386
2016-09-27,1.483,0.004743
2016-09-28,1.49,0.004719999999999999
2016-09-29,1.498,0.0053690000000000005
2016-09-30,1.507,0.006008
2016-10-10,1.537,0.019906999999999998
2016-10-11,1.535,-0.0013009999999999999
2016-10-12,1.536,0.0006510000000000001
2016-10-13,1.528,-0.005208000000000001
2016-10-14,1.508,-0.013089
2016-10-17,1.489,-0.012599
2016-10-18,1.509,0.013432
2016-10-19,1.497,-0.007952
2016-10-20,1.5,0.002004
2016-10-21,1.49,-0.006666999999999999
2016-10-24,1.504,0.009396
2016-10-25,1.505,0.000665
2016-10-26,1.495,-0.006645
2016-10-27,1.496,0.000669
2016-10-28,1.484,-0.008021
2016-10-31,1.472,-0.008086
2016-11-01,1.48,0.005435
2016-11-02,1.468,-0.008107999999999999
2016-11-03,1.469,0.000681
2016-11-04,1.46,-0.0061270000000000005
2016-11-07,1.453,-0.004795
2016-11-08,1.463,0.006882
2016-11-09,1.451,-0.008202000000000001
2016-11-10,1.459,0.0055130000000000005
2016-11-11,1.451,-0.005483
2016-11-14,1.45,-0.000689
2016-11-15,1.463,0.008966
2016-11-16,1.472,0.0061519999999999995
2016-11-17,1.46,-0.008152
2016-11-18,1.458,-0.0013700000000000001
2016-11-21,1.456,-0.001372
2016-11-22,1.466,0.006868
2016-11-23,1.45,-0.010914
2016-11-24,1.439,-0.007586000000000001
2016-11-25,1.444,0.003475
2016-11-28,1.446,0.0013850000000000002
2016-11-29,1.442,-0.0027660000000000002
2016-11-30,1.439,-0.00208
2016-12-01,1.439,0.0
2016-12-02,1.435,-0.0027800000000000004
2016-12-05,1.439,0.002787
2016-12-06,1.447,0.005559
2016-12-07,1.455,0.005528999999999999
2016-12-08,1.451,-0.0027489999999999997
2016-12-09,1.433,-0.012405
2016-12-12,1.374,-0.04117200000000001
2016-12-13,1.385,0.008006
2016-12-14,1.373,-0.008664
2016-12-15,1.376,0.002185
2016-12-16,1.391,0.010901000000000001
2016-12-19,1.382,-0.00647
2016-12-20,1.376,-0.0043419999999999995
2016-12-21,1.387,0.007994
2016-12-22,1.382,-0.0036049999999999997
2016-12-23,1.377,-0.003618
2016-12-26,1.38,0.002179
2016-12-27,1.379,-0.000725
2016-12-28,1.374,-0.003626
2016-12-29,1.375,0.000728
2016-12-30,1.377,0.001455
2016-12-31,1.376,-0.000726
2017-01-03,1.383,0.004357
2017-01-04,1.403,0.014461
2017-01-05,1.4,-0.0021379999999999997
2017-01-06,1.38,-0.014286
2017-01-09,1.388,0.005797
2017-01-10,1.386,-0.001441
2017-01-11,1.373,-0.00938
2017-01-12,1.36,-0.009467999999999999
2017-01-13,1.345,-0.011029
2017-01-16,1.302,-0.03197
2017-01-17,1.319,0.013057000000000001
2017-01-18,1.31,-0.006823
2017-01-19,1.309,-0.0007630000000000001
2017-01-20,1.333,0.018335
2017-01-23,1.342,0.006752
2017-01-24,1.343,0.000745
2017-01-25,1.355,0.008935
2017-01-26,1.368,0.009594
2017-02-03,1.364,-0.002924
2017-02-06,1.382,0.013196000000000001
2017-02-07,1.376,-0.0043419999999999995
2017-02-08,1.383,0.005087
2017-02-09,1.387,0.002892
2017-02-10,1.383,-0.002884
2017-02-13,1.392,0.006508000000000001
2017-02-14,1.39,-0.001437
2017-02-15,1.377,-0.009353
2017-02-16,1.391,0.010166999999999999
2017-02-17,1.387,-0.002876
2017-02-20,1.402,0.010814999999999998
2017-02-21,1.414,0.008559
2017-02-22,1.41,-0.002829
2017-02-23,1.415,0.003546
2017-02-24,1.42,0.003534
2017-02-27,1.414,-0.004225
2017-02-28,1.417,0.002122
2017-03-01,1.421,0.002823
2017-03-02,1.419,-0.0014069999999999998
2017-03-03,1.439,0.014094
2017-03-06,1.456,0.011814
2017-03-07,1.467,0.007554999999999999
2017-03-08,1.455,-0.00818
2017-03-09,1.444,-0.00756
2017-03-10,1.456,0.00831
2017-03-13,1.475,0.013049
2017-03-14,1.458,-0.011525
2017-03-15,1.453,-0.0034289999999999998
2017-03-16,1.46,0.004818
2017-03-17,1.447,-0.008904
2017-03-20,1.443,-0.002764
2017-03-21,1.451,0.005544
2017-03-22,1.456,0.0034460000000000003
2017-03-23,1.46,0.002747
2017-03-24,1.472,0.008218999999999999
2017-03-27,1.465,-0.004755
2017-03-28,1.466,0.000683
2017-03-29,1.464,-0.001364
2017-03-30,1.441,-0.01571
2017-03-31,1.457,0.011103
2017-04-05,1.473,0.010981000000000001
2017-04-06,1.475,0.001358
2017-04-07,1.476,0.000678
2017-04-10,1.466,-0.006775
2017-04-11,1.477,0.007502999999999999
2017-04-12,1.471,-0.004062
2017-04-13,1.479,0.005437999999999999
2017-04-14,1.463,-0.010818000000000001
2017-04-17,1.463,0.0
2017-04-18,1.479,0.010936
2017-04-19,1.481,0.001352
2017-04-20,1.502,0.01418
2017-04-21,1.488,-0.009321000000000001
2017-04-24,1.466,-0.014785
2017-04-25,1.486,0.013643
2017-04-26,1.488,0.001346
2017-04-27,1.485,-0.002016
2017-04-28,1.477,-0.005386999999999999
2017-05-02,1.469,-0.005416
2017-05-03,1.468,-0.000681
2017-05-04,1.465,-0.002044
2017-05-05,1.458,-0.004778
2017-05-08,1.436,-0.015088999999999998
2017-05-09,1.448,0.008357
2017-05-10,1.441,-0.004834
2017-05-11,1.455,0.009715
2017-05-12,1.456,0.000687
2017-05-15,1.455,-0.000687
2017-05-16,1.49,0.024055
2017-05-17,1.48,-0.006711
2017-05-18,1.465,-0.010135
2017-05-19,1.462,-0.002048
2017-05-22,1.456,-0.004104
2017-05-23,1.454,-0.001374
2017-05-24,1.449,-0.0034389999999999998
2017-05-25,1.445,-0.002761
2017-05-26,1.431,-0.009689
2017-05-31,1.432,0.0006990000000000001
2017-06-01,1.428,-0.002793
2017-06-02,1.42,-0.005602
2017-06-05,1.44,0.014085
2017-06-06,1.455,0.010417000000000001
2017-06-07,1.483,0.019244
2017-06-08,1.489,0.004046
2017-06-09,1.499,0.006716
2017-06-12,1.472,-0.018012
2017-06-13,1.483,0.007473
2017-06-14,1.467,-0.010789
2017-06-15,1.479,0.00818
2017-06-16,1.471,-0.005409000000000001
2017-06-19,1.484,0.008838
2017-06-20,1.487,0.002022
2017-06-21,1.507,0.01345
2017-06-22,1.492,-0.009954
2017-06-23,1.506,0.009383
2017-06-26,1.522,0.010624
2017-06-27,1.522,0.0
2017-06-28,1.509,-0.008541
2017-06-29,1.516,0.004639
2017-06-30,1.527,0.007256
2017-07-03,1.522,-0.0032740000000000004
2017-07-04,1.51,-0.007884
2017-07-05,1.515,0.003311
2017-07-06,1.511,-0.00264
2017-07-07,1.496,-0.009927
2017-07-10,1.482,-0.009358
2017-07-11,1.484,0.00135
2017-07-12,1.477,-0.004717
2017-07-13,1.476,-0.000677
2017-07-14,1.476,0.0
2017-07-17,1.448,-0.01897
2017-07-18,1.447,-0.000691
2017-07-19,1.47,0.015895
2017-07-20,1.475,0.003401
2017-07-21,1.472,-0.002034
2017-07-24,1.488,0.01087
2017-07-25,1.478,-0.00672
2017-07-26,1.458,-0.013531999999999999
2017-07-27,1.464,0.004115
2017-07-28,1.472,0.005464
2017-07-31,1.472,0.0
2017-08-01,1.464,-0.005435
2017-08-02,1.448,-0.010929
2017-08-03,1.438,-0.006906
2017-08-04,1.426,-0.008345
2017-08-07,1.432,0.004208
2017-08-08,1.432,0.0
2017-08-09,1.442,0.0069830000000000005
2017-08-10,1.44,-0.001387
2017-08-11,1.432,-0.005556
2017-08-14,1.462,0.020950000000000003
2017-08-15,1.478,0.010944
2017-08-16,1.483,0.0033829999999999997
2017-08-17,1.474,-0.006069
2017-08-18,1.467,-0.004749
2017-08-21,1.474,0.004772
2017-08-22,1.478,0.002714
2017-08-23,1.471,-0.004736000000000001
2017-08-24,1.464,-0.004759
2017-08-25,1.466,0.001366
2017-08-28,1.475,0.006139
2017-08-29,1.469,-0.004068
2017-08-30,1.478,0.0061270000000000005
2017-08-31,1.477,-0.000677
2017-09-01,1.484,0.004739
2017-09-04,1.495,0.007411999999999999
2017-09-05,1.498,0.002007
2017-09-06,1.492,-0.004005
2017-09-07,1.494,0.00134
2017-09-08,1.489,-0.003347
2017-09-11,1.501,0.008059
2017-09-12,1.492,-0.0059960000000000005
2017-09-13,1.499,0.004692
2017-09-14,1.491,-0.005337
2017-09-15,1.507,0.010731
2017-09-18,1.523,0.010617000000000001
2017-09-19,1.51,-0.008536
2017-09-20,1.517,0.004636
2017-09-21,1.513,-0.002637
2017-09-22,1.508,-0.003305
2017-09-25,1.504,-0.002653
2017-09-26,1.496,-0.005319000000000001
2017-09-27,1.507,0.007352999999999999
2017-09-28,1.513,0.003981
2017-09-29,1.527,0.009253
2017-10-09,1.549,0.014407000000000001
2017-10-10,1.556,0.0045190000000000004
2017-10-11,1.579,0.014780999999999999
2017-10-12,1.587,0.005066
2017-10-13,1.604,0.010712
2017-10-16,1.596,-0.004988
2017-10-17,1.596,0.0
2017-10-18,1.608,0.0075190000000000005
2017-10-19,1.606,-0.0012439999999999999
2017-10-20,1.6,-0.0037359999999999997
2017-10-23,1.616,0.01
2017-10-24,1.626,0.006188
2017-10-25,1.642,0.00984
2017-10-26,1.633,-0.005481000000000001
2017-10-27,1.636,0.001837
2017-10-30,1.643,0.004279
2017-10-31,1.652,0.005477999999999999
2017-11-01,1.645,-0.004237
2017-11-02,1.641,-0.002432
2017-11-03,1.632,-0.005484
2017-11-06,1.67,0.023284
2017-11-07,1.687,0.01018
2017-11-08,1.675,-0.007113
2017-11-09,1.702,0.016119
2017-11-10,1.728,0.015276000000000001
2017-11-13,1.738,0.005787
2017-11-14,1.718,-0.011507
2017-11-15,1.694,-0.01397
2017-11-16,1.721,0.015939000000000002
2017-11-17,1.685,-0.020918000000000003
2017-11-20,1.725,0.023739
2017-11-21,1.751,0.015072
2017-11-22,1.733,-0.010280000000000001
2017-11-23,1.651,-0.047317
2017-11-24,1.649,-0.001211
2017-11-27,1.621,-0.01698
2017-11-28,1.642,0.012955000000000001
2017-11-29,1.638,-0.0024360000000000002
2017-11-30,1.614,-0.014652
2017-12-01,1.627,0.008055
2017-12-04,1.632,0.003073
2017-12-05,1.61,-0.01348
2017-12-06,1.622,0.0074529999999999996
2017-12-07,1.601,-0.012947
2017-12-08,1.628,0.016864
2017-12-11,1.649,0.012899
2017-12-12,1.637,-0.0072770000000000005
2017-12-13,1.648,0.00672
2017-12-14,1.638,-0.0060680000000000005
2017-12-15,1.626,-0.007326
2017-12-18,1.611,-0.009225
2017-12-19,1.632,0.013035000000000001
2017-12-20,1.634,0.001225
2017-12-21,1.659,0.015300000000000001
2017-12-22,1.656,-0.001808
2017-12-25,1.64,-0.009661999999999999
2017-12-26,1.627,-0.007927
2017-12-27,1.603,-0.014751
2017-12-28,1.605,0.001248
2017-12-29,1.62,0.009346
2017-12-31,1.62,0.0
2018-01-02,1.638,0.011111
2018-01-03,1.664,0.015872999999999998
2018-01-04,1.67,0.003606
2018-01-05,1.665,-0.002994
2018-01-08,1.656,-0.005405
2018-01-09,1.662,0.003623
2018-01-10,1.659,-0.001805
2018-01-11,1.648,-0.006631000000000001
2018-01-12,1.652,0.002427
2018-01-15,1.64,-0.0072640000000000005
2018-01-16,1.532,0.01
2018-01-17,1.511,-0.013708
2018-01-18,1.51,-0.0006619999999999999
2018-01-19,1.501,-0.00596
2018-01-22,1.527,0.017322
2018-01-23,1.536,0.005894
2018-01-24,1.522,-0.009115
2018-01-25,1.507,-0.009855000000000001
2018-01-26,1.512,0.0033179999999999998
2018-01-29,1.474,-0.025131999999999998
2018-01-30,1.469,-0.003392
2018-01-31,1.482,0.00885
2018-02-01,1.465,-0.011471
2018-02-02,1.473,0.005461000000000001
2018-02-05,1.449,-0.016293
2018-02-06,1.398,-0.035197
2018-02-07,1.362,-0.025751
2018-02-08,1.378,0.011747
2018-02-09,1.341,-0.026851
2018-02-12,1.382,0.030574
2018-02-13,1.399,0.012301
2018-02-14,1.416,0.012152000000000001
2018-02-22,1.452,0.025424000000000002
2018-02-23,1.452,0.0
2018-02-26,1.467,0.010331
2018-02-27,1.438,-0.019767999999999997
2018-02-28,1.427,-0.0076500000000000005
2018-03-01,1.438,0.0077080000000000004
2018-03-02,1.427,-0.0076500000000000005
2018-03-05,1.418,-0.006307
2018-03-06,1.447,0.020451
2018-03-07,1.431,-0.011056999999999999
2018-03-08,1.456,0.01747
2018-03-09,1.477,0.014422999999999998
2018-03-12,1.479,0.001354
2018-03-13,1.47,-0.006085
2018-03-14,1.463,-0.004762
2018-03-15,1.475,0.008202000000000001
2018-03-16,1.455,-0.013559000000000002
2018-03-19,1.468,0.008935
2018-03-20,1.478,0.006812
2018-03-21,1.473,-0.0033829999999999997
2018-03-22,1.453,-0.013578
2018-03-23,1.426,-0.018582
2018-03-26,1.435,0.006311
2018-03-27,1.45,0.010452999999999999
2018-03-28,1.416,-0.023448000000000004
2018-03-29,1.437,0.014831
2018-03-30,1.46,0.016006
2018-04-02,1.459,-0.0006850000000000001
2018-04-03,1.471,0.008225
2018-04-04,1.465,-0.004079
2018-04-09,1.464,-0.000683
2018-04-10,1.492,0.019126
2018-04-11,1.508,0.010724000000000001
2018-04-12,1.504,-0.002653
2018-04-13,1.478,-0.017287
2018-04-16,1.461,-0.011501999999999998
2018-04-17,1.419,-0.028746999999999998
2018-04-18,1.431,0.008457
2018-04-19,1.457,0.018169
2018-04-20,1.445,-0.008236
2018-04-23,1.439,-0.004152
2018-04-24,1.469,0.020848
2018-04-25,1.474,0.003404
2018-04-26,1.449,-0.016961
2018-04-27,1.458,0.0062109999999999995
2018-05-02,1.472,0.009602000000000001
2018-05-03,1.472,0.0
2018-05-04,1.482,0.006793
2018-05-07,1.512,0.020243
2018-05-08,1.52,0.0052910000000000006
2018-05-09,1.52,0.0
2018-05-10,1.538,0.011841999999999998
2018-05-11,1.525,-0.008453
2018-05-14,1.544,0.012459
2018-05-15,1.562,0.011658
2018-05-16,1.566,0.002561
2018-05-17,1.536,-0.019157
2018-05-18,1.543,0.004557
2018-05-21,1.55,0.004537
2018-05-22,1.558,0.005161
2018-05-23,1.539,-0.012195000000000001
2018-05-24,1.523,-0.010396
2018-05-25,1.523,0.0
2018-05-28,1.539,0.010506
2018-05-29,1.521,-0.011696
2018-05-30,1.517,-0.00263
2018-05-31,1.57,0.034937
2018-06-01,1.536,-0.021655999999999998
2018-06-04,1.557,0.013672
2018-06-05,1.584,0.017341
2018-06-06,1.586,0.001263
2018-06-07,1.574,-0.007566000000000001
2018-06-08,1.562,-0.007624
2018-06-11,1.536,-0.016645
2018-06-12,1.569,0.021484
2018-06-13,1.557,-0.007648
2018-06-14,1.537,-0.012845
2018-06-15,1.521,-0.010409999999999999
2018-06-19,1.472,-0.032216
2018-06-20,1.507,0.023777
2018-06-21,1.499,-0.005309
2018-06-22,1.507,0.005337
2018-06-25,1.515,0.005309
2018-06-26,1.505,-0.006601
2018-06-27,1.464,-0.027243
2018-06-28,1.439,-0.017077
2018-06-29,1.482,0.029882
2018-06-30,1.482,0.0
2018-07-02,1.468,-0.009447
2018-07-03,1.441,-0.018392
2018-07-04,1.42,-0.014573000000000001
2018-07-05,1.393,-0.019014
2018-07-06,1.401,0.005743000000000001
2018-07-09,1.456,0.039258
2018-07-10,1.465,0.006181
2018-07-11,1.459,-0.004096
2018-07-12,1.498,0.026730999999999998
2018-07-13,1.526,0.018692
2018-07-16,1.533,0.004587
2018-07-17,1.509,-0.015656
2018-07-18,1.508,-0.000663
2018-07-19,1.495,-0.008621
2018-07-20,1.501,0.004013
2018-07-23,1.471,-0.019986999999999998
2018-07-24,1.483,0.008158
2018-07-25,1.496,0.008766000000000001
2018-07-26,1.477,-0.012701
2018-07-27,1.476,-0.000677
2018-07-30,1.45,-0.017615000000000002
2018-07-31,1.457,0.004828
2018-08-01,1.431,-0.017845
2018-08-02,1.411,-0.013975999999999999
2018-08-03,1.367,-0.031184
2018-08-06,1.315,-0.03804
2018-08-07,1.341,0.019772
2018-08-08,1.309,-0.023863
2018-08-09,1.354,0.034377
2018-08-10,1.363,0.006646999999999999
2018-08-13,1.369,0.004402
2018-08-14,1.36,-0.006574
2018-08-15,1.317,-0.031618
2018-08-16,1.308,-0.006834
2018-08-17,1.272,-0.027523
2018-08-20,1.267,-0.0039310000000000005
2018-08-21,1.318,0.040253
2018-08-22,1.315,-0.002276
2018-08-23,1.322,0.005323
2018-08-24,1.322,0.0
2018-08-27,1.366,0.033283
2018-08-28,1.358,-0.005857
2018-08-29,1.352,-0.004418
2018-08-30,1.339,-0.009615
2018-08-31,1.312,-0.020164
2018-09-03,1.316,0.003049
2018-09-04,1.327,0.008359
2018-09-05,1.309,-0.013564
2018-09-06,1.288,-0.016043
2018-09-07,1.303,0.011646
2018-09-10,1.283,-0.015349
2018-09-11,1.284,0.000779
2018-09-12,1.247,-0.028816
2018-09-13,1.24,-0.005613
2018-09-14,1.242,0.001613
2018-09-17,1.22,-0.017713
2018-09-18,1.241,0.017213
2018-09-19,1.268,0.021757
2018-09-20,1.266,-0.001577
2018-09-21,1.301,0.027646
2018-09-25,1.301,0.0
2018-09-26,1.334,0.025365000000000002
2018-09-27,1.331,-0.0022489999999999997
2018-09-28,1.339,0.006011
2018-10-08,1.272,-0.050037000000000005
2018-10-09,1.273,0.000786
2018-10-10,1.26,-0.010212
2018-10-11,1.214,-0.036508
2018-10-12,1.249,0.02883
2018-10-15,1.235,-0.011209
2018-10-16,1.216,-0.015385
2018-10-17,1.203,-0.010690999999999999
2018-10-18,1.168,-0.029094000000000002
2018-10-19,1.205,0.031678000000000005
2018-10-22,1.274,0.057261
2018-10-23,1.238,-0.028256999999999997
2018-10-24,1.214,-0.019386
2018-10-25,1.198,-0.01318
2018-10-26,1.161,-0.030885
2018-10-29,1.101,-0.051680000000000004
2018-10-30,1.11,0.008174
2018-10-31,1.147,0.033333
2018-11-01,1.162,0.013078000000000001
2018-11-02,1.228,0.056799
2018-11-05,1.213,-0.012215
2018-11-06,1.21,-0.002473
2018-11-07,1.203,-0.005785
2018-11-08,1.195,-0.0066500000000000005
2018-11-09,1.188,-0.0058579999999999995
2018-11-12,1.197,0.007576
2018-11-13,1.217,0.016708
2018-11-14,1.204,-0.010682
2018-11-15,1.21,0.0049830000000000004
2018-11-16,1.204,-0.004959
2018-11-19,1.214,0.008306000000000001
2018-11-20,1.188,-0.021417000000000002
2018-11-21,1.198,0.008418
2018-11-22,1.19,-0.006678
2018-11-23,1.173,-0.014286
2018-11-26,1.169,-0.0034100000000000003
2018-11-27,1.17,0.0008550000000000001
2018-11-28,1.184,0.011966000000000001
2018-11-29,1.176,-0.006757
2018-11-30,1.191,0.012755
2018-12-03,1.233,0.035264000000000004
2018-12-04,1.244,0.008921
2018-12-05,1.252,0.006431
2018-12-06,1.207,-0.035942
2018-12-07,1.184,-0.019056
2018-12-10,1.162,-0.018581
2018-12-11,1.177,0.012908999999999999
2018-12-12,1.182,0.004248
2018-12-13,1.2,0.015227999999999998
2018-12-14,1.179,-0.0175
2018-12-17,1.171,-0.006785
2018-12-18,1.158,-0.011102
2018-12-19,1.138,-0.017271
2018-12-20,1.137,-0.000879
2018-12-21,1.12,-0.014952
2018-12-24,1.137,0.015179
2018-12-25,1.137,0.0
2018-12-26,1.131,-0.005277
2018-12-27,1.129,-0.001768
2018-12-28,1.14,0.009743
2018-12-31,1.14,0.0
2019-01-02,1.117,-0.020175000000000002
2019-01-03,1.096,-0.018799999999999997
2019-01-04,1.119,0.020985
2019-01-07,1.129,0.008937
2019-01-08,1.128,-0.000886
2019-01-09,1.14,0.010638000000000002
2019-01-10,1.137,-0.002632
2019-01-11,1.14,0.0026390000000000003
2019-01-14,1.123,-0.014912000000000002
2019-01-15,1.158,0.031166999999999997
2019-01-16,1.162,0.003454
2019-01-17,1.162,0.0
2019-01-18,1.185,0.019793
2019-01-21,1.192,0.005907
2019-01-22,1.173,-0.01594
2019-01-23,1.179,0.005115
2019-01-24,1.181,0.001696
2019-01-25,1.184,0.00254
2019-01-28,1.178,-0.0050680000000000005
2019-01-29,1.189,0.009337999999999999
2019-01-30,1.177,-0.010093000000000001
2019-01-31,1.187,0.008496
2019-02-01,1.207,0.016849
2019-02-11,1.24,0.027341
2019-02-12,1.255,0.012097
2019-02-13,1.267,0.009562000000000001
2019-02-14,1.275,0.006313999999999999
2019-02-15,1.248,-0.021176
2019-02-18,1.288,0.032050999999999996
2019-02-19,1.276,-0.009316999999999999
2019-02-20,1.273,-0.0023510000000000002
2019-02-21,1.272,-0.000786
2019-02-22,1.283,0.008648
2019-02-25,1.315,0.024942000000000002
2019-02-26,1.293,-0.016730000000000002
2019-02-27,1.297,0.003094
2019-02-28,1.313,0.012336
2019-03-01,1.335,0.016756
2019-03-04,1.346,0.008239999999999999
2019-03-05,1.344,-0.0014860000000000001
2019-03-06,1.337,-0.005208000000000001
2019-03-07,1.315,-0.016455
2019-03-08,1.288,-0.020531999999999998
2019-03-11,1.318,0.023292
2019-03-12,1.331,0.009863
2019-03-13,1.314,-0.012771999999999999
2019-03-14,1.313,-0.000761
2019-03-15,1.342,0.022087
2019-03-18,1.384,0.031297
2019-03-19,1.376,-0.0057799999999999995
2019-03-20,1.371,-0.003634
2019-03-21,1.369,-0.001459
2019-03-22,1.379,0.007305000000000001
2019-03-25,1.352,-0.019579
2019-03-26,1.346,-0.004438
2019-03-27,1.37,0.017831
2019-03-28,1.384,0.010219
2019-03-29,1.425,0.029624
2019-04-01,1.449,0.016842
2019-04-02,1.434,-0.010351999999999998
2019-04-03,1.431,-0.002092
2019-04-04,1.436,0.0034939999999999997
2019-04-08,1.426,-0.006964000000000001
2019-04-09,1.433,0.004909
2019-04-10,1.452,0.013259
2019-04-11,1.413,-0.02686
2019-04-12,1.407,-0.004246
2019-04-15,1.397,-0.007107
2019-04-16,1.421,0.01718
2019-04-17,1.433,0.008445000000000001
2019-04-18,1.44,0.004885
2019-04-19,1.456,0.011111
2019-04-22,1.436,-0.013736
2019-04-23,1.435,-0.000696
2019-04-24,1.44,0.0034839999999999997
2019-04-25,1.428,-0.008333
2019-04-26,1.417,-0.007703
2019-04-29,1.44,0.016231
2019-04-30,1.444,0.002778
2019-05-06,1.38,-0.044321
2019-05-07,1.416,0.026087
2019-05-08,1.395,-0.014831
2019-05-09,1.364,-0.022222
2019-05-10,1.417,0.038856
2019-05-13,1.41,-0.00494
2019-05-14,1.398,-0.008511
2019-05-15,1.441,0.030758
2019-05-16,1.452,0.007633999999999999
2019-05-17,1.423,-0.019972
2019-05-20,1.401,-0.01546
2019-05-21,1.414,0.009278999999999999
2019-05-22,1.413,-0.000707
2019-05-23,1.388,-0.017693
2019-05-24,1.389,0.0007199999999999999
2019-05-27,1.402,0.009359
2019-05-28,1.424,0.015691999999999998
2019-05-29,1.421,-0.002107
2019-05-30,1.427,0.004222
2019-05-31,1.43,0.002102
2019-06-03,1.421,-0.006293999999999999
2019-06-04,1.402,-0.013371
2019-06-05,1.395,-0.004993
2019-06-06,1.38,-0.010752999999999999
2019-06-10,1.411,0.022463999999999998
2019-06-11,1.458,0.03331
2019-06-12,1.445,-0.008916
2019-06-13,1.443,-0.001384
2019-06-14,1.437,-0.004158
2019-06-17,1.433,-0.002784
2019-06-18,1.441,0.005583
2019-06-19,1.457,0.011103
2019-06-20,1.491,0.023336000000000003
2019-06-21,1.489,-0.001341
2019-06-24,1.506,0.011417
2019-06-25,1.506,0.0
2019-06-26,1.516,0.00664
2019-06-27,1.545,0.019129
2019-06-28,1.548,0.0019420000000000001
2019-06-30,1.548,0.0
2019-07-01,1.589,0.026486
2019-07-02,1.583,-0.003776
2019-07-03,1.553,-0.018951
2019-07-04,1.516,-0.023825
2019-07-05,1.543,0.01781
2019-07-08,1.513,-0.019443
2019-07-09,1.513,0.0
2019-07-10,1.517,0.002644
2019-07-11,1.511,-0.003955
2019-07-12,1.515,0.002647
2019-07-15,1.511,-0.00264
2019-07-16,1.492,-0.012574
2019-07-17,1.491,-0.00067
2019-07-18,1.477,-0.009389999999999999
2019-07-19,1.485,0.005416
2019-07-22,1.491,0.00404
2019-07-23,1.492,0.000671
2019-07-24,1.502,0.0067020000000000005
2019-07-25,1.519,0.011318
2019-07-26,1.532,0.008558
2019-07-29,1.538,0.003916
2019-07-30,1.539,0.00065
2019-07-31,1.524,-0.009747
2019-08-01,1.508,-0.010499000000000001
2019-08-02,1.506,-0.001326
2019-08-05,1.478,-0.018592
2019-08-06,1.482,0.002706
2019-08-07,1.481,-0.000675
2019-08-08,1.509,0.018906
2019-08-09,1.505,-0.002651
2019-08-12,1.534,0.019269
2019-08-13,1.529,-0.003259
2019-08-14,1.545,0.010464
2019-08-15,1.546,0.0006469999999999999
2019-08-16,1.568,0.01423
2019-08-19,1.594,0.016582
2019-08-20,1.59,-0.002509
2019-08-21,1.591,0.000629
2019-08-22,1.605,0.008799
2019-08-23,1.638,0.020561
2019-08-26,1.631,-0.004274
2019-08-27,1.649,0.011035999999999999
2019-08-28,1.644,-0.0030320000000000004
2019-08-29,1.649,0.003041
2019-08-30,1.664,0.009096
2019-09-02,1.682,0.010817
2019-09-03,1.682,0.0
2019-09-04,1.66,-0.013080000000000001
2019-09-05,1.656,-0.00241
2019-09-06,1.656,0.0
2019-09-09,1.667,0.006643
2019-09-10,1.661,-0.0035989999999999998
2019-09-11,1.625,-0.021674000000000002
2019-09-12,1.645,0.012308
2019-09-16,1.651,0.003647
2019-09-17,1.643,-0.004846
2019-09-18,1.677,0.020694
2019-09-19,1.683,0.003578
2019-09-20,1.689,0.003565
2019-09-23,1.684,-0.00296
2019-09-24,1.708,0.014252
2019-09-25,1.7,-0.004684
2019-09-26,1.676,-0.014117999999999999
2019-09-27,1.681,0.002983
2019-09-30,1.674,-0.004164
2019-10-08,1.676,0.0011949999999999999
2019-10-09,1.668,-0.004773
2019-10-10,1.709,0.02458
2019-10-11,1.718,0.005266
2019-10-14,1.721,0.0017460000000000002
2019-10-15,1.723,0.001162
2019-10-16,1.719,-0.002322
2019-10-17,1.729,0.005817
2019-10-18,1.708,-0.012145999999999999
2019-10-21,1.689,-0.011124
2019-10-22,1.706,0.010065
2019-10-23,1.685,-0.012309
2019-10-24,1.67,-0.008902
2019-10-25,1.694,0.014371
2019-10-28,1.723,0.017119
2019-10-29,1.729,0.0034820000000000003
2019-10-30,1.718,-0.006362
2019-10-31,1.717,-0.000582
2019-11-01,1.739,0.012813000000000001
2019-11-04,1.766,0.015526
2019-11-05,1.771,0.002831
2019-11-06,1.757,-0.007905
2019-11-07,1.763,0.003415
2019-11-08,1.758,-0.002836
2019-11-11,1.73,-0.015927
2019-11-12,1.744,0.008092
2019-11-13,1.779,0.020069
2019-11-14,1.805,0.014615
2019-11-15,1.801,-0.002216
2019-11-18,1.801,0.0
2019-11-19,1.838,0.020543999999999996
2019-11-20,1.836,-0.001088
2019-11-21,1.82,-0.008715
2019-11-22,1.747,-0.04011
2019-11-25,1.718,-0.0166
2019-11-26,1.732,0.008149
2019-11-27,1.721,-0.006351
2019-11-28,1.718,-0.0017430000000000002
2019-11-29,1.682,-0.020954999999999998
2019-12-02,1.672,-0.005945000000000001
2019-12-03,1.676,0.002392
2019-12-04,1.676,0.0
2019-12-05,1.698,0.013126
2019-12-06,1.719,0.012367
2019-12-09,1.69,-0.01687
2019-12-10,1.706,0.009467
2019-12-11,1.708,0.001172
2019-12-12,1.703,-0.0029270000000000003
2019-12-13,1.726,0.013506
2019-12-16,1.726,0.0
2019-12-17,1.73,0.002317
2019-12-18,1.714,-0.009249
2019-12-19,1.696,-0.010502000000000001
2019-12-20,1.68,-0.009434
2019-12-23,1.657,-0.01369
2019-12-24,1.674,0.01026
2019-12-25,1.677,0.001792
2019-12-26,1.676,-0.000596
2019-12-27,1.668,-0.004773
2019-12-30,1.684,0.009592
2019-12-31,1.696,0.007126
2020-01-02,1.701,0.002948
2020-01-03,1.675,-0.015285
2020-01-06,1.664,-0.006567
2020-01-07,1.684,0.012019
2020-01-08,1.679,-0.002969
2020-01-09,1.732,0.031566000000000004
2020-01-10,1.758,0.015012000000000001
2020-01-13,1.795,0.021046999999999996
2020-01-14,1.772,-0.012813000000000001
2020-01-15,1.792,0.011287
2020-01-16,1.665,0.006975
2020-01-17,1.672,0.004204
2020-01-20,1.698,0.01555
2020-01-21,1.696,-0.001178
2020-01-22,1.713,0.010024
2020-01-23,1.667,-0.026853
2020-02-03,1.562,-0.062987
2020-02-04,1.611,0.03137
2020-02-05,1.628,0.010551999999999999
2020-02-06,1.667,0.023955999999999998
2020-02-07,1.682,0.008998
2020-02-10,1.676,-0.0035670000000000003
2020-02-11,1.7,0.01432
2020-02-12,1.722,0.012941000000000001
2020-02-13,1.726,0.002323
2020-02-14,1.728,0.001159
2020-02-17,1.773,0.026042
2020-02-18,1.786,0.007332
2020-02-19,1.776,-0.005599
2020-02-20,1.821,0.025338
2020-02-21,1.855,0.018671
2020-02-24,1.894,0.021023999999999998
2020-02-25,1.911,0.008976
2020-02-26,1.823,-0.046049
2020-02-27,1.83,0.00384
2020-02-28,1.772,-0.031694
2020-03-02,1.814,0.023702
2020-03-03,1.839,0.013782
2020-03-04,1.816,-0.012506999999999999
2020-03-05,1.841,0.013767
2020-03-06,1.833,-0.004345
2020-03-09,1.753,-0.043643999999999995
2020-03-10,1.795,0.023959
2020-03-11,1.751,-0.024512999999999997
2020-03-12,1.716,-0.019989
2020-03-13,1.711,-0.002914
2020-03-16,1.608,-0.060198999999999996
2020-03-17,1.601,-0.004353
2020-03-18,1.587,-0.008745000000000001
2020-03-19,1.584,-0.00189
2020-03-20,1.601,0.010731999999999998
2020-03-23,1.539,-0.038726
2020-03-24,1.586,0.030539
2020-03-25,1.639,0.033417
2020-03-26,1.647,0.004881
2020-03-27,1.642,-0.0030359999999999996
2020-03-30,1.612,-0.018269999999999998
2020-03-31,1.632,0.012407
2020-04-01,1.626,-0.003676
2020-04-02,1.677,0.031365
2020-04-03,1.674,-0.001789
2020-04-07,1.724,0.029869
2020-04-08,1.724,0.0
2020-04-09,1.757,0.019142
2020-04-10,1.724,-0.018782
2020-04-13,1.713,-0.006381
2020-04-14,1.76,0.027437
2020-04-15,1.763,0.0017050000000000001
2020-04-16,1.778,0.008508
2020-04-17,1.78,0.0011250000000000001
2020-04-20,1.808,0.01573
2020-04-21,1.788,-0.011062
2020-04-22,1.809,0.011745
2020-04-23,1.804,-0.002764
2020-04-24,1.784,-0.011086
2020-04-27,1.798,0.007848
2020-04-28,1.843,0.025028
2020-04-29,1.826,-0.009224
2020-04-30,1.855,0.015882
2020-05-06,1.908,0.028571
2020-05-07,1.927,0.009958
2020-05-08,1.949,0.011417
2020-05-11,1.924,-0.012827
2020-05-12,1.953,0.015073000000000001
2020-05-13,1.984,0.015872999999999998
2020-05-14,1.973,-0.005544
2020-05-15,1.98,0.003548
2020-05-18,1.972,-0.00404
2020-05-19,2.001,0.014705999999999999
2020-05-20,1.952,-0.024488
2020-05-21,1.943,-0.0046110000000000005
2020-05-22,1.91,-0.016984
2020-05-25,1.917,0.003665
2020-05-26,1.968,0.026604000000000003
2020-05-27,1.912,-0.028454999999999998
2020-05-28,1.903,-0.004707
2020-05-29,1.946,0.022595999999999998
2020-06-01,1.992,0.023638
2020-06-02,1.96,-0.016064000000000002
2020-06-03,1.961,0.0005099999999999999
2020-06-04,1.975,0.0071389999999999995
2020-06-05,2.003,0.014177
2020-06-08,1.973,-0.014978
2020-06-09,2.005,0.016218999999999997
2020-06-10,2.028,0.011471
2020-06-11,2.024,-0.001972
2020-06-12,2.035,0.005435
2020-06-15,2.024,-0.005405
2020-06-16,2.063,0.019269
2020-06-17,2.077,0.0067859999999999995
2020-06-18,2.071,-0.002889
2020-06-19,2.122,0.024626000000000002
2020-06-22,2.128,0.002828
2020-06-23,2.176,0.022556
2020-06-24,2.193,0.007813
2020-06-29,2.205,0.005472
2020-06-30,2.261,0.025397
2020-07-01,2.238,-0.010172
2020-07-02,2.21,-0.012511000000000001
2020-07-03,2.211,0.000452
2020-07-06,2.246,0.01583
2020-07-07,2.306,0.026714
2020-07-08,2.319,0.005637
2020-07-09,2.4,0.034929
2020-07-10,2.428,0.011667
2020-07-13,2.482,0.022241
2020-07-14,2.475,-0.0028199999999999996
2020-07-15,2.482,0.002828
2020-07-16,2.34,-0.057212
2020-07-17,2.361,0.008974
2020-07-20,2.364,0.001271
2020-07-21,2.43,0.027919
2020-07-22,2.461,0.012757000000000001
2020-07-23,2.494,0.013408999999999999
2020-07-24,2.355,-0.055734000000000006
2020-07-27,2.375,0.008493
2020-07-28,2.408,0.013895
2020-07-29,2.474,0.027409
2020-07-30,2.463,-0.004446
2020-07-31,2.487,0.009744000000000001
2020-08-03,2.518,0.012464999999999999
2020-08-04,2.513,-0.001986
2020-08-05,2.546,0.013132
2020-08-06,2.522,-0.009427
2020-08-07,2.493,-0.011498999999999999
2020-08-10,2.476,-0.0068189999999999995
2020-08-11,2.448,-0.011309
2020-08-12,2.393,-0.022467
2020-08-13,2.374,-0.007940000000000001
2020-08-14,2.4,0.010952
2020-08-17,2.416,0.006666999999999999
2020-08-18,2.444,0.011589
2020-08-19,2.396,-0.01964
2020-08-20,2.377,-0.00793
2020-08-21,2.4,0.009676
2020-08-24,2.421,0.0088
2020-08-25,2.431,0.0040999999999999995
2020-08-26,2.412,-0.0078000000000000005
2020-08-27,2.462,0.0207
2020-08-28,2.509,0.0191
2020-08-31,2.494,-0.006
2020-09-01,2.519,0.01
2020-09-02,2.535,0.0064
2020-09-03,2.507,-0.011000000000000001
2020-09-04,2.468,-0.015600000000000001
2020-09-07,2.372,-0.038900000000000004
2020-09-08,2.353,-0.008
2020-09-09,2.269,-0.035699999999999996
2020-09-10,2.273,0.0018
2020-09-11,2.316,0.0189
2020-09-14,2.324,0.0034999999999999996
2020-09-15,2.361,0.0159
2020-09-16,2.324,-0.015700000000000002
2020-09-17,2.324,0.0
2020-09-18,2.343,0.008199999999999999
2020-09-21,2.32,-0.0098
2020-09-22,2.327,0.003
2020-09-23,2.371,0.0189
2020-09-24,2.329,-0.0177
2020-09-25,2.325,-0.0017000000000000001
2020-09-28,2.305,-0.0086
2020-09-29,2.333,0.0121
2020-09-30,2.36,0.0116
2020-10-09,2.423,0.026699999999999998
2020-10-12,2.493,0.028900000000000002
2020-10-13,2.504,0.0044
2020-10-14,2.496,-0.0032
2020-10-15,2.474,-0.0088
2020-10-16,2.474,0.0
2020-10-19,2.426,-0.0194
2020-10-20,2.451,0.0103
2020-10-21,2.435,-0.006500000000000001
2020-10-22,2.411,-0.009899999999999999
2020-10-23,2.322,-0.0369
2020-10-26,2.344,0.0095
2020-10-27,2.404,0.0256
2020-10-28,2.438,0.0141
2020-10-29,2.466,0.0115
2020-10-30,2.428,-0.0154
2020-11-02,2.464,0.0148
2020-11-03,2.494,0.012199999999999999
2020-11-04,2.517,0.0092
2020-11-05,2.531,0.005600000000000001
2020-11-06,2.491,-0.0158
2020-11-09,2.562,0.0285
2020-11-10,2.525,-0.0144
2020-11-11,2.466,-0.023399999999999997
2020-11-12,2.491,0.0101
2020-11-13,2.504,0.0052
2020-11-16,2.501,-0.0012
2020-11-17,2.465,-0.0144
2020-11-18,2.417,-0.0195
2020-11-19,2.436,0.0079
2020-11-20,2.456,0.008199999999999999
2020-11-23,2.45,-0.0024
2020-11-24,2.443,-0.0029
2020-11-25,2.376,-0.0274
2020-11-26,2.378,0.0008
2020-11-27,2.393,0.0063
2020-11-30,2.411,0.0075
2020-12-01,2.473,0.025699999999999997
2020-12-02,2.475,0.0008
2020-12-03,2.496,0.0085
2020-12-04,2.532,0.0144
2020-12-07,2.551,0.0075
2020-12-08,2.549,-0.0008
2020-12-09,2.524,-0.0098
2020-12-10,2.57,0.0182
2020-12-11,2.561,-0.0034999999999999996
2020-12-14,2.616,0.0215
2020-12-15,2.629,0.005
2020-12-16,2.646,0.006500000000000001
2020-12-17,2.673,0.0102
2020-12-18,2.64,-0.0123
2020-12-21,2.674,0.0129
2020-12-22,2.641,-0.0123
2020-12-23,2.665,0.0091
2020-12-24,2.687,0.0083
2020-12-25,2.733,0.0171
2020-12-28,2.719,-0.0051
2020-12-29,2.714,-0.0018
2020-12-30,2.754,0.0147
2020-12-31,2.786,0.0116
2021-01-04,2.806,0.0072
2021-01-05,2.879,0.026000000000000002
2021-01-06,2.889,0.0034999999999999996
2021-01-07,2.96,0.0246
2021-01-08,2.923,-0.0125
2021-01-11,2.874,-0.0168
2021-01-12,2.916,0.0146
2021-01-13,2.877,-0.0134
2021-01-14,2.844,-0.0115
2021-01-15,2.846,0.0007000000000000001
2021-01-18,2.894,0.0169
2021-01-19,2.584,-0.0215
2021-01-20,2.677,0.036000000000000004
2021-01-21,2.743,0.024700000000000003
2021-01-22,2.82,0.0281
2021-01-25,2.861,0.014499999999999999
2021-01-26,2.799,-0.0217
2021-01-27,2.781,-0.0064
2021-01-28,2.709,-0.0259
2021-01-29,2.704,-0.0018
2021-02-01,2.726,0.008100000000000001
2021-02-02,2.778,0.0191
2021-02-03,2.76,-0.006500000000000001
2021-02-04,2.732,-0.0101
2021-02-05,2.778,0.0168
2021-02-08,2.828,0.018000000000000002
2021-02-09,2.877,0.0173
2021-02-10,2.931,0.018799999999999997
2021-02-18,2.841,-0.030699999999999998
2021-02-19,2.812,-0.0102
2021-02-22,2.658,-0.0548
2021-02-23,2.643,-0.005600000000000001
2021-02-24,2.552,-0.0344
2021-02-25,2.551,-0.0004
2021-02-26,2.46,-0.035699999999999996
2021-03-01,2.463,0.0012
2021-03-02,2.435,-0.011399999999999999
2021-03-03,2.464,0.011899999999999999
2021-03-04,2.342,-0.0495
2021-03-05,2.346,0.0017000000000000001
2021-03-08,2.204,-0.0605
2021-03-09,2.121,-0.0377
2021-03-10,2.194,0.0344
2021-03-11,2.257,0.0287
2021-03-12,2.26,0.0013
2021-03-15,2.16,-0.044199999999999996
2021-03-16,2.187,0.0125
2021-03-17,2.225,0.0174
2021-03-18,2.268,0.019299999999999998
2021-03-19,2.22,-0.0212
2021-03-22,2.215,-0.0023
2021-03-23,2.211,-0.0018
2021-03-24,2.199,-0.0054
2021-03-25,2.237,0.0173
2021-03-26,2.304,0.03
2021-03-29,2.314,0.0043
2021-03-30,2.347,0.0143
2021-03-31,2.325,-0.009399999999999999
2021-04-01,2.388,0.0271
2021-04-02,2.427,0.0163
2021-04-06,2.402,-0.0103
2021-04-07,2.371,-0.0129
2021-04-08,2.427,0.0236
2021-04-09,2.391,-0.0148
2021-04-12,2.336,-0.023
2021-04-13,2.366,0.0128
2021-04-14,2.39,0.0101
2021-04-15,2.384,-0.0025
2021-04-16,2.379,-0.0021
2021-04-19,2.422,0.0181
2021-04-20,2.453,0.0128
2021-04-21,2.471,0.0073
2021-04-22,2.478,0.0028000000000000004
2021-04-23,2.522,0.0178
2021-04-26,2.481,-0.0163
2021-04-27,2.545,0.0258
2021-04-28,2.593,0.0189
2021-04-29,2.57,-0.0089
2021-04-30,2.574,0.0016
2021-05-06,2.51,-0.024900000000000002
2021-05-07,2.418,-0.036699999999999997
2021-05-10,2.399,-0.0079
2021-05-11,2.441,0.0175
2021-05-12,2.49,0.020099999999999996
2021-05-13,2.495,0.002
2021-05-14,2.544,0.0196
2021-05-17,2.614,0.0275
2021-05-18,2.6,-0.0054
2021-05-19,2.604,0.0015
2021-05-20,2.657,0.0204
2021-05-21,2.637,-0.0075
2021-05-24,2.634,-0.0011
2021-05-25,2.7,0.025099999999999997
2021-05-26,2.67,-0.0111
2021-05-27,2.704,0.0127
2021-05-28,2.664,-0.0148
2021-05-31,2.692,0.0105
2021-06-01,2.722,0.0111
2021-06-02,2.678,-0.016200000000000003
2021-06-03,2.663,-0.005600000000000001
2021-06-04,2.68,0.0064
2021-06-07,2.7,0.0075
2021-06-08,2.678,-0.008100000000000001
2021-06-09,2.712,0.0127
2021-06-10,2.746,0.0125
2021-06-11,2.722,-0.0087
2021-06-15,2.715,-0.0026
2021-06-16,2.618,-0.035699999999999996
2021-06-17,2.682,0.024399999999999998
2021-06-18,2.714,0.011899999999999999
2021-06-21,2.733,0.006999999999999999
2021-06-22,2.778,0.0165
2021-06-23,2.757,-0.0076
2021-06-24,2.718,-0.0141
2021-06-25,2.788,0.0258
2021-06-28,2.84,0.0187
2021-06-29,2.829,-0.0039000000000000003
2021-06-30,2.867,0.0134
2021-07-01,2.878,0.0038
2021-07-02,2.743,-0.046900000000000004
2021-07-05,2.749,0.0022
2021-07-06,2.654,-0.0346
2021-07-07,2.73,0.0286
2021-07-08,2.709,-0.0077
2021-07-09,2.671,-0.013999999999999999
2021-07-12,2.727,0.021
2021-07-13,2.72,-0.0026
2021-07-14,2.746,0.0096
2021-07-15,2.771,0.0091
2021-07-16,2.704,-0.0242
2021-07-19,2.746,0.0155
2021-07-20,2.757,0.004
2021-07-21,2.785,0.0102
2021-07-22,2.765,-0.0072
2021-07-23,2.699,-0.0239
2021-07-26,2.611,-0.0326
2021-07-27,2.556,-0.021099999999999997
2021-07-28,2.581,0.0098
2021-07-29,2.668,0.0337
2021-07-30,2.621,-0.0176
2021-08-02,2.684,0.024
2021-08-03,2.701,0.0063
2021-08-04,2.738,0.0137
2021-08-05,2.728,-0.0037
2021-08-06,2.689,-0.0143
2021-08-09,2.708,0.0070999999999999995
2021-08-10,2.724,0.0059
2021-08-11,2.686,-0.013999999999999999
2021-08-12,2.649,-0.0138
2021-08-13,2.615,-0.0128
2021-08-16,2.625,0.0038
2021-08-17,2.523,-0.038900000000000004
2021-08-18,2.524,0.0004
2021-08-19,2.544,0.0079
2021-08-20,2.433,-0.0436
2021-08-23,2.459,0.010700000000000001
2021-08-24,2.518,0.024
2021-08-25,2.536,0.0070999999999999995
2021-08-26,2.432,-0.040999999999999995
2021-08-27,2.414,-0.0074
2021-08-30,2.401,-0.0054
2021-08-31,2.358,-0.0179
2021-09-01,2.355,-0.0013
2021-09-02,2.288,-0.0285
2021-09-03,2.271,-0.0074
2021-09-06,2.386,0.0506
2021-09-07,2.381,-0.0021
2021-09-08,2.344,-0.0155
2021-09-09,2.347,0.0013
2021-09-10,2.385,0.016200000000000003
2021-09-13,2.351,-0.0143
2021-09-14,2.379,0.011899999999999999
2021-09-15,2.359,-0.0084
2021-09-16,2.358,-0.0004
2021-09-17,2.437,0.0335
2021-09-22,2.43,-0.0029
2021-09-23,2.433,0.0012
2021-09-24,2.457,0.009899999999999999
2021-09-27,2.487,0.012199999999999999
2021-09-28,2.475,-0.0048
2021-09-29,2.456,-0.0077
2021-09-30,2.484,0.011399999999999999
2021-10-08,2.469,-0.006
2021-10-11,2.44,-0.011699999999999999
2021-10-12,2.412,-0.0115
2021-10-13,2.47,0.024
2021-10-14,2.444,-0.0105
2021-10-15,2.441,-0.0012
2021-10-18,2.377,-0.0262
2021-10-19,2.416,0.016399999999999998
2021-10-20,2.385,-0.0128
2021-10-21,2.377,-0.0034000000000000002
2021-10-22,2.39,0.0055000000000000005
2021-10-25,2.412,0.0092
2021-10-26,2.411,-0.0004
2021-10-27,2.364,-0.0195
2021-10-28,2.357,-0.003
2021-10-29,2.404,0.0199
2021-11-01,2.366,-0.0158
2021-11-02,2.367,0.0004
2021-11-03,2.349,-0.0076
2021-11-04,2.37,0.0089
2021-11-05,2.379,0.0038
2021-11-08,2.328,-0.021400000000000002
2021-11-09,2.36,0.0137
2021-11-10,2.356,-0.0017000000000000001
2021-11-11,2.385,0.0123
2021-11-12,2.384,-0.0004
2021-11-15,2.387,0.0013
2021-11-16,2.416,0.0121
2021-11-17,2.41,-0.0025
2021-11-18,2.383,-0.011200000000000002
2021-11-19,2.384,0.0004
2021-11-22,2.415,0.013000000000000001
2021-11-23,2.418,0.0012
2021-11-24,2.417,-0.0004
2021-11-25,2.44,0.0095
2021-11-26,2.428,-0.0049
2021-11-29,2.426,-0.0008
2021-11-30,2.409,-0.006999999999999999
2021-12-01,2.385,-0.01
2021-12-02,2.355,-0.0126
2021-12-03,2.386,0.0132
2021-12-06,2.349,-0.0155
2021-12-07,2.331,-0.0077
2021-12-08,2.379,0.0206
2021-12-09,2.425,0.019299999999999998
2021-12-10,2.404,-0.0087
2021-12-13,2.416,0.005
2021-12-14,2.422,0.0025
2021-12-15,2.37,-0.0215
2021-12-16,2.37,0.0
2021-12-17,2.324,-0.0194
2021-12-20,2.276,-0.0207
2021-12-21,2.295,0.0083
2021-12-22,2.301,0.0026
2021-12-23,2.314,0.005600000000000001
2021-12-24,2.304,-0.0043
2021-12-27,2.307,0.0013
2021-12-28,2.329,0.0095
2021-12-29,2.299,-0.0129
2021-12-30,2.318,0.0083
2021-12-31,2.305,-0.005600000000000001
2022-01-04,2.234,-0.0308
2022-01-05,2.171,-0.0282
2022-01-06,2.147,-0.0111
2022-01-07,2.135,-0.005600000000000001
2022-01-10,2.143,0.0037
2022-01-11,2.106,-0.0173
2022-01-12,2.134,0.013300000000000001
2022-01-13,2.105,-0.013600000000000001
2022-01-14,2.112,0.0033
2022-01-17,2.13,0.0085
2022-01-18,2.143,0.0060999999999999995
2022-01-19,2.108,-0.0163
2022-01-20,2.093,-0.0070999999999999995
2022-01-21,2.067,-0.0124
2022-01-24,2.082,0.0073
2022-01-25,2.041,-0.0197
2022-01-26,2.042,0.0005
2022-01-27,1.992,-0.0245
2022-01-28,1.965,-0.013600000000000001
2022-02-07,1.977,0.0060999999999999995
2022-02-08,1.926,-0.0258
2022-02-09,1.942,0.0083
2022-02-10,1.914,-0.0144
2022-02-11,1.888,-0.013600000000000001
2022-02-14,1.895,0.0037
2022-02-15,1.975,0.042199999999999994
2022-02-16,1.977,0.001
2022-02-17,1.988,0.005600000000000001
2022-02-18,1.986,-0.001
2022-02-21,1.968,-0.0091
2022-02-22,1.959,-0.0046
2022-02-23,2.02,0.0311
2022-02-24,1.992,-0.0139
2022-02-25,2.036,0.022099999999999998
2022-02-28,2.045,0.0044
2022-03-01,2.051,0.0029
2022-03-02,2.018,-0.0161
2022-03-03,1.966,-0.0258
2022-03-04,1.958,-0.0040999999999999995
2022-03-07,1.885,-0.0373
2022-03-08,1.851,-0.018000000000000002
2022-03-09,1.831,-0.0108
2022-03-10,1.882,0.0279
2022-03-11,1.897,0.008
2022-03-14,1.846,-0.0269
2022-03-15,1.789,-0.030899999999999997
2022-03-16,1.842,0.0296
2022-03-17,1.885,0.0233
2022-03-18,1.868,-0.009000000000000001
2022-03-21,1.882,0.0075
2022-03-22,1.855,-0.0143
2022-03-23,1.886,0.0167
2022-03-24,1.878,-0.0042
2022-03-25,1.833,-0.024
2022-03-28,1.802,-0.0169
2022-03-29,1.803,0.0006
2022-03-30,1.862,0.0327
2022-03-31,1.841,-0.0113
2022-04-01,1.836,-0.0027
2022-04-06,1.788,-0.026099999999999998
2022-04-07,1.772,-0.0089
2022-04-08,1.768,-0.0023
2022-04-11,1.707,-0.0345
2022-04-12,1.738,0.0182
2022-04-13,1.706,-0.0184
2022-04-14,1.731,0.0147
2022-04-15,1.741,0.0058
2022-04-18,1.765,0.0138
2022-04-19,1.733,-0.0181
2022-04-20,1.712,-0.0121
2022-04-21,1.677,-0.0204
2022-04-22,1.668,-0.0054
2022-04-25,1.591,-0.0462
2022-04-26,1.586,-0.0031
2022-04-27,1.672,0.0542
2022-04-28,1.661,-0.0066
2022-04-29,1.715,0.0325
2022-05-05,1.734,0.0111
2022-05-06,1.702,-0.018500000000000003
2022-05-09,1.676,-0.015300000000000001
2022-05-10,1.714,0.0227
2022-05-11,1.758,0.025699999999999997
2022-05-12,1.765,0.004
2022-05-13,1.766,0.0006
2022-05-16,1.739,-0.015300000000000001
2022-05-17,1.771,0.0184
2022-05-18,1.766,-0.0028000000000000004
2022-05-19,1.775,0.0051
2022-05-20,1.795,0.0113
2022-05-23,1.791,-0.0022
2022-05-24,1.752,-0.0218
2022-05-25,1.756,0.0023
2022-05-26,1.762,0.0034000000000000002
2022-05-27,1.77,0.0045000000000000005
2022-05-30,1.803,0.018600000000000002
2022-05-31,1.847,0.024399999999999998
2022-06-01,1.839,-0.0043
2022-06-02,1.853,0.0076
2022-06-06,1.897,0.023700000000000002
2022-06-07,1.907,0.0053
2022-06-08,1.915,0.0042
2022-06-09,1.871,-0.023
2022-06-10,1.895,0.0128
2022-06-13,1.875,-0.0106
2022-06-14,1.867,-0.0043
2022-06-15,1.867,0.0
2022-06-16,1.889,0.0118
2022-06-17,1.932,0.022799999999999997
2022-06-20,1.956,0.0124
2022-06-21,1.943,-0.0066
2022-06-22,1.926,-0.0087
2022-06-23,1.967,0.0213
2022-06-24,2.004,0.018799999999999997
2022-06-27,2.029,0.0125
2022-06-28,2.044,0.0074
2022-06-29,2.024,-0.0098
2022-06-30,2.077,0.0262
2022-07-01,2.062,-0.0072
2022-07-04,2.106,0.0213
2022-07-05,2.094,-0.005699999999999999
2022-07-06,2.082,-0.005699999999999999
2022-07-07,2.083,0.0005
2022-07-08,2.067,-0.0077
2022-07-11,2.033,-0.016399999999999998
2022-07-12,1.989,-0.0216
2022-07-13,1.982,-0.0034999999999999996
2022-07-14,2.034,0.0262
2022-07-15,2.024,-0.0049
2022-07-18,2.041,0.0084
2022-07-19,2.029,-0.0059
2022-07-20,2.043,0.0069
2022-07-21,2.04,-0.0015
2022-07-22,2.021,-0.009300000000000001
2022-07-25,2.008,-0.0064
2022-07-26,2.014,0.003
2022-07-27,2.004,-0.005
2022-07-28,1.988,-0.008
2022-07-29,1.955,-0.0166
2022-08-01,1.992,0.0189
2022-08-02,1.974,-0.009000000000000001
2022-08-03,1.967,-0.0034999999999999996
2022-08-04,1.983,0.008100000000000001
2022-08-05,2.008,0.0126
2022-08-08,2.016,0.004
2022-08-09,2.003,-0.0064
2022-08-10,1.972,-0.0155
2022-08-11,2.005,0.0167
2022-08-12,1.986,-0.0095
2022-08-15,1.973,-0.006500000000000001
2022-08-16,1.962,-0.005600000000000001
2022-08-17,1.974,0.0060999999999999995
2022-08-18,1.983,0.0046
2022-08-19,1.961,-0.0111
2022-08-22,1.971,0.0051
2022-08-23,1.963,-0.0040999999999999995
2022-08-24,1.915,-0.0245
2022-08-25,1.916,0.0005
2022-08-26,1.903,-0.0068000000000000005
2022-08-29,1.907,0.0021
2022-08-30,1.897,-0.0052
2022-08-31,1.867,-0.0158
2022-09-01,1.849,-0.0096
2022-09-02,1.842,-0.0038
2022-09-05,1.832,-0.0054
2022-09-06,1.855,0.0126
2022-09-07,1.877,0.011899999999999999
2022-09-08,1.877,0.0
2022-09-09,1.885,0.0043
2022-09-13,1.879,-0.0032
2022-09-14,1.87,-0.0048
2022-09-15,1.803,-0.0358
2022-09-16,1.793,-0.0055000000000000005
2022-09-19,1.776,-0.0095
2022-09-20,1.794,0.0101
2022-09-21,1.752,-0.023399999999999997
2022-09-22,1.752,0.0
2022-09-23,1.725,-0.0154
2022-09-26,1.76,0.0203
2022-09-27,1.802,0.0239
2022-09-28,1.771,-0.0172
2022-09-29,1.788,0.0096
2022-09-30,1.751,-0.0207
2022-10-10,1.673,-0.044500000000000005
2022-10-11,1.647,-0.0155
2022-10-12,1.677,0.0182
2022-10-13,1.684,0.0042
2022-10-14,1.756,0.042800000000000005
2022-10-17,1.753,-0.0017000000000000001
2022-10-18,1.758,0.0029
2022-10-19,1.741,-0.0097
2022-10-20,1.742,0.0006
2022-10-21,1.739,-0.0017000000000000001
2022-10-24,1.695,-0.0253
2022-10-25,1.686,-0.0053
2022-10-26,1.734,0.0285
2022-10-27,1.681,-0.030600000000000002
2022-10-28,1.65,-0.0184
2022-10-31,1.647,-0.0018
2022-11-01,1.691,0.026699999999999998
2022-11-02,1.723,0.0189
2022-11-03,1.746,0.013300000000000001
2022-11-04,1.78,0.0195
2022-11-07,1.769,-0.0062
2022-11-08,1.739,-0.017
2022-11-09,1.719,-0.0115
2022-11-10,1.69,-0.0169
2022-11-11,1.726,0.0213
2022-11-14,1.716,-0.0058
2022-11-15,1.762,0.0268
2022-11-16,1.748,-0.0079
2022-11-17,1.74,-0.0046
2022-11-18,1.744,0.0023
2022-11-21,1.744,0.0
2022-11-22,1.71,-0.0195
2022-11-23,1.698,-0.006999999999999999
2022-11-24,1.698,0.0
2022-11-25,1.674,-0.0141
2022-11-28,1.659,-0.009000000000000001
2022-11-29,1.671,0.0072
2022-11-30,1.681,0.006
2022-12-01,1.709,0.0167
2022-12-02,1.702,-0.0040999999999999995
2022-12-05,1.687,-0.0088
2022-12-06,1.703,0.0095
2022-12-07,1.7,-0.0018
2022-12-08,1.687,-0.0076
2022-12-09,1.696,0.0053
2022-12-12,1.709,0.0077
2022-12-13,1.678,-0.0181
2022-12-14,1.682,0.0024
2022-12-15,1.697,0.0089
2022-12-16,1.674,-0.013600000000000001
2022-12-19,1.65,-0.0143
2022-12-20,1.628,-0.013300000000000001
2022-12-21,1.623,-0.0031
2022-12-22,1.621,-0.0012
2022-12-23,1.614,-0.0043
2022-12-26,1.647,0.0204
2022-12-27,1.686,0.023700000000000002
2022-12-28,1.685,-0.0006
2022-12-29,1.695,0.0059
2022-12-30,1.689,-0.0034999999999999996
2022-12-31,1.689,0.0
2023-01-03,1.688,-0.0006
2023-01-04,1.678,-0.0059
2023-01-05,1.707,0.0173
2023-01-06,1.716,0.0053
2023-01-09,1.726,0.0058
2023-01-10,1.737,0.0064
2023-01-11,1.718,-0.0109
2023-01-12,1.721,0.0017000000000000001
2023-01-13,1.739,0.0105
2023-01-16,1.771,0.0184
2023-01-17,1.779,0.0045000000000000005
2023-01-18,1.774,-0.0028000000000000004
2023-01-19,1.794,0.0113
2023-01-20,1.788,-0.0033
2023-01-30,1.804,0.0089
2023-01-31,1.773,-0.0172
2023-02-01,1.78,0.0039000000000000003
2023-02-02,1.79,0.005600000000000001
2023-02-03,1.777,-0.0073
2023-02-06,1.749,-0.0158
2023-02-07,1.742,-0.004
2023-02-08,1.728,-0.008
2023-02-09,1.764,0.0208
2023-02-10,1.752,-0.0068000000000000005
2023-02-13,1.758,0.0034000000000000002
2023-02-14,1.758,0.0
2023-02-15,1.744,-0.008
2023-02-16,1.729,-0.0086
2023-02-17,1.698,-0.0179
2023-02-20,1.716,0.0106
2023-02-21,1.703,-0.0076
2023-02-22,1.691,-0.006999999999999999
2023-02-23,1.699,0.004699999999999999
2023-02-24,1.68,-0.011200000000000002
2023-02-27,1.677,-0.0018
2023-02-28,1.69,0.0078000000000000005
2023-03-01,1.687,-0.0018
2023-03-02,1.673,-0.0083
2023-03-03,1.678,0.003
2023-03-06,1.689,0.0066
2023-03-07,1.658,-0.0184
2023-03-08,1.652,-0.0036
2023-03-09,1.649,-0.0018
2023-03-10,1.643,-0.0036
2023-03-13,1.643,0.0
2023-03-14,1.641,-0.0012
2023-03-15,1.631,-0.0060999999999999995
2023-03-16,1.615,-0.0098
2023-03-17,1.588,-0.0167
2023-03-20,1.583,-0.0031
2023-03-21,1.609,0.016399999999999998
2023-03-22,1.604,-0.0031
2023-03-23,1.61,0.0037
2023-03-24,1.602,-0.005
2023-03-27,1.604,0.0012
2023-03-28,1.584,-0.0125
2023-03-29,1.593,0.005699999999999999
2023-03-30,1.602,0.005600000000000001
2023-03-31,1.594,-0.005
2023-04-03,1.597,0.0019
2023-04-04,1.588,-0.005600000000000001
2023-04-06,1.607,0.012
2023-04-07,1.629,0.0137
2023-04-10,1.616,-0.008
2023-04-11,1.612,-0.0025
2023-04-12,1.605,-0.0043
2023-04-13,1.612,0.0044
2023-04-14,1.63,0.011200000000000002
2023-04-17,1.632,0.0012
2023-04-18,1.623,-0.0055000000000000005
2023-04-19,1.612,-0.0068000000000000005
2023-04-20,1.593,-0.0118
2023-04-21,1.552,-0.025699999999999997
2023-04-24,1.515,-0.023799999999999998
2023-04-25,1.487,-0.018500000000000003
2023-04-26,1.505,0.0121
2023-04-27,1.523,0.012
2023-04-28,1.521,-0.0013
2023-05-04,1.499,-0.014499999999999999
2023-05-05,1.484,-0.01
2023-05-08,1.483,-0.0007000000000000001
2023-05-09,1.461,-0.0148
2023-05-10,1.473,0.008199999999999999
2023-05-11,1.471,-0.0014000000000000002
2023-05-12,1.457,-0.0095
2023-05-15,1.483,0.0178
2023-05-16,1.483,0.0
2023-05-17,1.474,-0.0060999999999999995
2023-05-18,1.465,-0.0060999999999999995
2023-05-19,1.476,0.0075
2023-05-22,1.48,0.0027
2023-05-23,1.465,-0.0101
2023-05-24,1.471,0.0040999999999999995
2023-05-25,1.472,0.0007000000000000001
2023-05-26,1.464,-0.0054
2023-05-29,1.462,-0.0014000000000000002
2023-05-30,1.448,-0.0096
2023-05-31,1.429,-0.0131
2023-06-01,1.432,0.0021
2023-06-02,1.447,0.0105
2023-06-05,1.427,-0.0138
2023-06-06,1.399,-0.0196
2023-06-07,1.387,-0.0086
2023-06-08,1.375,-0.0087
2023-06-09,1.381,0.0044
2023-06-12,1.397,0.0116
2023-06-13,1.404,0.005
2023-06-14,1.404,0.0
2023-06-15,1.44,0.0256
2023-06-16,1.449,0.0062
2023-06-19,1.435,-0.0097
2023-06-20,1.433,-0.0014000000000000002
2023-06-21,1.4,-0.023
2023-06-26,1.391,-0.0064
2023-06-27,1.389,-0.0014000000000000002
2023-06-28,1.389,0.0
2023-06-29,1.385,-0.0029
2023-06-30,1.402,0.0123
2023-07-03,1.419,0.0121
2023-07-04,1.432,0.0092
2023-07-05,1.411,-0.0147
2023-07-06,1.399,-0.0085
2023-07-07,1.382,-0.012199999999999999
2023-07-10,1.401,0.0137
2023-07-11,1.414,0.009300000000000001
2023-07-12,1.408,-0.0042
2023-07-13,1.429,0.0149
2023-07-14,1.416,-0.0091
2023-07-17,1.4,-0.0113
2023-07-18,1.398,-0.0014000000000000002
2023-07-19,1.389,-0.0064
2023-07-20,1.38,-0.006500000000000001
2023-07-21,1.384,0.0029
2023-07-24,1.373,-0.0079
2023-07-25,1.402,0.021099999999999997
2023-07-26,1.408,0.0043
2023-07-27,1.402,-0.0043
2023-07-28,1.41,0.005699999999999999
2023-07-31,1.411,0.0007000000000000001
2023-08-01,1.414,0.0021
2023-08-02,1.412,-0.0014000000000000002
2023-08-03,1.42,0.005699999999999999
2023-08-04,1.421,0.0007000000000000001
2023-08-07,1.393,-0.0197
2023-08-08,1.389,-0.0029
2023-08-09,1.397,0.0058
2023-08-10,1.397,0.0
2023-08-11,1.371,-0.018600000000000002
2023-08-14,1.363,-0.0058
2023-08-15,1.344,-0.0139
2023-08-16,1.329,-0.011200000000000002
2023-08-17,1.338,0.0068000000000000005
2023-08-18,1.318,-0.0149
2023-08-21,1.3,-0.0137
2023-08-22,1.293,-0.0054
2023-08-23,1.267,-0.020099999999999996
2023-08-24,1.297,0.023700000000000002
2023-08-25,1.287,-0.0077
2023-08-28,1.291,0.0031
2023-08-29,1.328,0.0287
2023-08-30,1.338,0.0075
2023-08-31,1.335,-0.0022
2023-09-01,1.336,0.0007000000000000001
2023-09-04,1.355,0.014199999999999999
2023-09-05,1.353,-0.0015
2023-09-06,1.35,-0.0022
2023-09-07,1.323,-0.02
2023-09-08,1.324,0.0008
2023-09-11,1.332,0.006
2023-09-12,1.324,-0.006
2023-09-13,1.311,-0.0098
2023-09-14,1.301,-0.0076
2023-09-15,1.307,0.0046
2023-09-18,1.318,0.0084
2023-09-19,1.305,-0.009899999999999999
2023-09-20,1.293,-0.0092
2023-09-21,1.282,-0.0085
2023-09-22,1.298,0.0125
2023-09-25,1.294,-0.0031
2023-09-26,1.288,-0.0046
2023-09-27,1.3,0.009300000000000001
2023-09-28,1.301,0.0008
2023-10-09,1.304,0.0023
2023-10-10,1.294,-0.0077
2023-10-11,1.289,-0.0039000000000000003
2023-10-12,1.292,0.0023
2023-10-13,1.279,-0.0101
2023-10-16,1.264,-0.011699999999999999
2023-10-17,1.269,0.004
2023-10-18,1.256,-0.0102
2023-10-19,1.246,-0.008
2023-10-20,1.236,-0.008
2023-10-23,1.221,-0.0121
2023-10-24,1.231,0.008199999999999999
2023-10-25,1.236,0.0040999999999999995
2023-10-26,1.236,0.0
2023-10-27,1.262,0.021
2023-10-30,1.274,0.0095
2023-10-31,1.273,-0.0008
2023-11-01,1.27,-0.0024
2023-11-02,1.257,-0.0102
2023-11-03,1.269,0.0095
2023-11-06,1.297,0.022099999999999998
2023-11-07,1.288,-0.0069
2023-11-08,1.285,-0.0023
2023-11-09,1.284,-0.0008
2023-11-10,1.277,-0.0055000000000000005
2023-11-13,1.29,0.0102
2023-11-14,1.295,0.0039000000000000003
2023-11-15,1.299,0.0031
2023-11-16,1.282,-0.0131
2023-11-17,1.288,0.004699999999999999
2023-11-20,1.295,0.0054
2023-11-21,1.292,-0.0023
2023-11-22,1.279,-0.0101
2023-11-23,1.289,0.0078000000000000005
2023-11-24,1.273,-0.0124
2023-11-27,1.268,-0.0039000000000000003
2023-11-28,1.272,0.0032
2023-11-29,1.261,-0.0086
2023-11-30,1.259,-0.0016
2023-12-01,1.252,-0.005600000000000001
2023-12-04,1.247,-0.004
2023-12-05,1.229,-0.0144
2023-12-06,1.234,0.0040999999999999995
2023-12-07,1.229,-0.0040999999999999995
2023-12-08,1.219,-0.008100000000000001
2023-12-11,1.237,0.0148
2023-12-12,1.24,0.0024
2023-12-13,1.227,-0.0105
2023-12-14,1.222,-0.0040999999999999995
2023-12-15,1.214,-0.006500000000000001
2023-12-18,1.195,-0.015700000000000002
2023-12-19,1.188,-0.0059
2023-12-20,1.17,-0.0152
2023-12-21,1.181,0.009399999999999999
2023-12-22,1.193,0.0102
2023-12-25,1.204,0.0092
2023-12-26,1.194,-0.0083
2023-12-27,1.195,0.0008
2023-12-28,1.222,0.0226
2023-12-29,1.229,0.005699999999999999
2023-12-31,1.229,0.0
2024-01-02,1.214,-0.012199999999999999
2024-01-03,1.202,-0.009899999999999999
2024-01-04,1.19,-0.01
2024-01-05,1.169,-0.0176
2024-01-08,1.145,-0.020499999999999997
2024-01-09,1.144,-0.0009
2024-01-10,1.142,-0.0017000000000000001
2024-01-11,1.152,0.0088
2024-01-12,1.152,0.0
2024-01-15,1.139,-0.0113
2024-01-16,1.139,0.0
2024-01-17,1.108,-0.027200000000000002
2024-01-18,1.116,0.0072
2024-01-19,1.106,-0.009000000000000001
2024-01-22,1.069,-0.0335
2024-01-23,1.08,0.0103
2024-01-24,1.082,0.0019
2024-01-25,1.099,0.015700000000000002
2024-01-26,1.085,-0.0127
2024-01-29,1.067,-0.0166
2024-01-30,1.044,-0.0216
2024-01-31,1.025,-0.0182
2024-02-01,1.024,-0.001
2024-02-02,1.001,-0.0225
2024-02-05,0.997,-0.004
2024-02-06,1.049,0.052199999999999996
2024-02-07,1.08,0.0296
2024-02-08,1.097,0.015700000000000002
2024-02-19,1.086,-0.01
2024-02-20,1.086,0.0
2024-02-21,1.093,0.0064
2024-02-22,1.096,0.0027
2024-02-23,1.101,0.0046
2024-02-26,1.103,0.0018
2024-02-27,1.118,0.013600000000000001
2024-02-28,1.09,-0.025
2024-02-29,1.113,0.021099999999999997
2024-03-01,1.118,0.0045000000000000005
2024-03-04,1.119,0.0009
2024-03-05,1.12,0.0009
2024-03-06,1.12,0.0
2024-03-07,1.103,-0.0152
2024-03-08,1.108,0.0045000000000000005
2024-03-11,1.142,0.030699999999999998
2024-03-12,1.156,0.0123
2024-03-13,1.155,-0.0009
2024-03-14,1.149,-0.0052
2024-03-15,1.148,-0.0009
2024-03-18,1.171,0.02
2024-03-19,1.165,-0.0051
2024-03-20,1.163,-0.0017000000000000001
2024-03-21,1.158,-0.0043
2024-03-22,1.141,-0.0147
2024-03-25,1.126,-0.0131
2024-03-26,1.125,-0.0009
2024-03-27,1.101,-0.0213
2024-03-28,1.109,0.0073
2024-03-29,1.117,0.0072
2024-04-01,1.136,0.017
2024-04-02,1.133,-0.0026
2024-04-03,1.129,-0.0034999999999999996
2024-04-08,1.116,-0.0115
2024-04-09,1.125,0.008100000000000001
2024-04-10,1.113,-0.010700000000000001
2024-04-11,1.108,-0.0045000000000000005
2024-04-12,1.101,-0.0063
2024-04-15,1.115,0.0127
2024-04-16,1.093,-0.0197
2024-04-17,1.111,0.0165
2024-04-18,1.106,-0.0045000000000000005
2024-04-19,1.098,-0.0072
2024-04-22,1.108,0.0091
2024-04-23,1.099,-0.008100000000000001
2024-04-24,1.102,0.0027
2024-04-25,1.099,-0.0027
2024-04-26,1.111,0.0109
2024-04-29,1.14,0.026099999999999998
2024-04-30,1.14,0.0
2024-05-06,1.16,0.0175
2024-05-07,1.169,0.0078000000000000005
2024-05-08,1.154,-0.0128
2024-05-09,1.18,0.0225
2024-05-10,1.169,-0.009300000000000001
2024-05-13,1.16,-0.0077
2024-05-14,1.156,-0.0034000000000000002
2024-05-15,1.149,-0.0060999999999999995
2024-05-16,1.149,0.0
2024-05-17,1.164,0.0131
2024-05-20,1.167,0.0026
2024-05-21,1.16,-0.006
2024-05-22,1.167,0.006
2024-05-23,1.153,-0.012
2024-05-24,1.139,-0.0121
2024-05-27,1.149,0.0088
2024-05-28,1.14,-0.0078000000000000005
2024-05-29,1.142,0.0018
2024-05-30,1.141,-0.0009
2024-05-31,1.147,0.0053
2024-06-03,1.144,-0.0026
2024-06-04,1.154,0.0087
2024-06-05,1.152,-0.0017000000000000001
2024-06-06,1.137,-0.013000000000000001
2024-06-07,1.133,-0.0034999999999999996
2024-06-11,1.142,0.0079
2024-06-12,1.141,-0.0009
2024-06-13,1.143,0.0018
2024-06-14,1.141,-0.0017000000000000001
2024-06-17,1.14,-0.0009
2024-06-18,1.136,-0.0034999999999999996
2024-06-19,1.123,-0.011399999999999999
2024-06-20,1.114,-0.008
2024-06-21,1.112,-0.0018
2024-06-24,1.097,-0.013500000000000002
2024-06-25,1.086,-0.01
2024-06-26,1.098,0.011000000000000001
2024-06-27,1.081,-0.0155
2024-06-28,1.087,0.005600000000000001
2024-06-30,1.087,0.0
2024-07-01,1.089,0.0018
2024-07-02,1.079,-0.0092
2024-07-03,1.071,-0.0074
2024-07-04,1.06,-0.0103
2024-07-05,1.063,0.0028000000000000004
2024-07-08,1.043,-0.018799999999999997
2024-07-09,1.053,0.0096
2024-07-10,1.052,-0.0009
2024-07-11,1.069,0.016200000000000003
2024-07-12,1.067,-0.0019
2024-07-15,1.062,-0.004699999999999999
2024-07-16,1.065,0.0028000000000000004
2024-07-17,1.067,0.0019
2024-07-18,1.083,0.015
2024-07-19,1.091,0.0074
2024-07-22,1.094,0.0027
2024-07-23,1.067,-0.024700000000000003
2024-07-24,1.065,-0.0019
2024-07-25,1.063,-0.0019
2024-07-26,1.078,0.0141
2024-07-29,1.069,-0.0083
2024-07-30,1.069,0.0
2024-07-31,1.088,0.0178
2024-08-01,1.076,-0.011000000000000001
2024-08-02,1.065,-0.0102
2024-08-05,1.047,-0.0169
2024-08-06,1.061,0.0134
2024-08-07,1.066,0.004699999999999999
2024-08-08,1.053,-0.012199999999999999
2024-08-09,1.047,-0.005699999999999999
2024-08-12,1.046,-0.001
2024-08-13,1.052,0.005699999999999999
2024-08-14,1.041,-0.0105
2024-08-15,1.041,0.0
2024-08-16,1.036,-0.0048
2024-08-19,1.033,-0.0029
2024-08-20,1.024,-0.0087
2024-08-21,1.021,-0.0029
2024-08-22,1.018,-0.0029
2024-08-23,1.016,-0.002
2024-08-26,1.015,-0.001
2024-08-27,1.01,-0.0049
2024-08-28,1.018,0.0079
2024-08-29,1.029,0.0108
2024-08-30,1.038,0.0087
2024-09-02,1.03,-0.0077
2024-09-03,1.039,0.0087
2024-09-04,1.038,-0.001
2024-09-05,1.038,0.0
2024-09-06,1.026,-0.0116
2024-09-09,1.019,-0.0068000000000000005
2024-09-10,1.02,0.001
2024-09-11,1.022,0.002
2024-09-12,1.016,-0.0059
2024-09-13,1.005,-0.0108
2024-09-18,1.007,0.002
2024-09-19,1.009,0.002
2024-09-20,1.007,-0.002
2024-09-23,1.01,0.003
2024-09-24,1.036,0.025699999999999997
2024-09-25,1.042,0.0058
2024-09-26,1.066,0.023
2024-09-27,1.106,0.0375
2024-09-30,1.197,0.0823
2024-10-08,1.283,0.0718
2024-10-09,1.191,-0.0717
2024-10-10,1.191,0.0
2024-10-11,1.151,-0.0336
2024-10-14,1.179,0.024300000000000002
2024-10-15,1.168,-0.009300000000000001
2024-10-16,1.16,-0.0068000000000000005
2024-10-17,1.162,0.0017000000000000001
2024-10-18,1.198,0.031
2024-10-21,1.217,0.0159
2024-10-22,1.214,-0.0025
2024-10-23,1.226,0.009899999999999999
2024-10-24,1.213,-0.0106
2024-10-25,1.221,0.0066
2024-10-28,1.224,0.0025
2024-10-29,1.219,-0.0040999999999999995
2024-10-30,1.209,-0.008199999999999999
2024-10-31,1.205,-0.0033
2024-11-01,1.197,-0.0066
2024-11-04,1.215,0.015
2024-11-05,1.247,0.0263
2024-11-06,1.252,0.004
2024-11-07,1.245,-0.005600000000000001
2024-11-08,1.249,0.0032
2024-11-11,1.271,0.0176
2024-11-12,1.254,-0.0134
2024-11-13,1.256,0.0016
2024-11-14,1.234,-0.0175
2024-11-15,1.211,-0.018600000000000002
2024-11-18,1.208,-0.0025
2024-11-19,1.219,0.0091
2024-11-20,1.229,0.008199999999999999
2024-11-21,1.233,0.0033
2024-11-22,1.204,-0.0235
2024-11-25,1.197,-0.0058
2024-11-26,1.188,-0.0075
2024-11-27,1.203,0.0126
2024-11-28,1.194,-0.0075
2024-11-29,1.202,0.0067
2024-12-02,1.22,0.015
2024-12-03,1.214,-0.0049
2024-12-04,1.219,0.0040999999999999995
2024-12-05,1.224,0.0040999999999999995
2024-12-06,1.227,0.0025
2024-12-09,1.228,0.0008
2024-12-10,1.237,0.0073
2024-12-11,1.24,0.0024
2024-12-12,1.255,0.0121
2024-12-13,1.234,-0.0167
2024-12-16,1.22,-0.0113
2024-12-17,1.211,-0.0074
2024-12-18,1.211,0.0
2024-12-19,1.209,-0.0017000000000000001
2024-12-20,1.21,0.0008
2024-12-23,1.201,-0.0074
2024-12-24,1.212,0.0092
2024-12-25,1.206,-0.005
2024-12-26,1.212,0.005
2024-12-27,1.206,-0.005
2024-12-30,1.208,0.0017000000000000001
2024-12-31,1.195,-0.0108
2025-01-02,1.17,-0.0209
2025-01-03,1.156,-0.012
2025-01-06,1.153,-0.0026
2025-01-07,1.155,0.0017000000000000001
2025-01-08,1.155,0.0
2025-01-09,1.161,0.0052
2025-01-10,1.15,-0.0095
2025-01-13,1.146,-0.0034999999999999996
2025-01-14,1.171,0.0218
2025-01-15,1.157,-0.012
2025-01-16,1.159,0.0017000000000000001
2025-01-17,1.164,0.0043
2025-01-20,1.171,0.006
2025-01-21,1.168,-0.0026
2025-01-22,1.161,-0.006
2025-01-23,1.163,0.0017000000000000001
2025-01-24,1.169,0.0052
2025-01-27,1.165,-0.0034000000000000002
2025-02-05,1.158,-0.006
2025-02-06,1.175,0.0147
2025-02-07,1.189,0.011899999999999999
2025-02-10,1.201,0.0101
2025-02-11,1.195,-0.005
2025-02-12,1.196,0.0008
2025-02-13,1.188,-0.0067
2025-02-14,1.189,0.0008
2025-02-17,1.187,-0.0017000000000000001
2025-02-18,1.176,-0.009300000000000001
2025-02-19,1.185,0.0077
2025-02-20,1.183,-0.0017000000000000001
2025-02-21,1.187,0.0034000000000000002
2025-02-24,1.189,0.0017000000000000001
2025-02-25,1.179,-0.0084
2025-02-26,1.194,0.0127
2025-02-27,1.196,0.0017000000000000001
2025-02-28,1.183,-0.0109
2025-03-03,1.193,0.0085
2025-03-04,1.203,0.0084
2025-03-05,1.199,-0.0033
2025-03-06,1.204,0.0042
2025-03-07,1.208,0.0033
2025-03-10,1.214,0.005
2025-03-11,1.22,0.0049
2025-03-12,1.215,-0.0040999999999999995
2025-03-13,1.211,-0.0033
2025-03-14,1.226,0.0124
2025-03-17,1.224,-0.0016
2025-03-18,1.229,0.0040999999999999995
2025-03-19,1.235,0.0049
2025-03-20,1.232,-0.0024
2025-03-21,1.219,-0.0106
2025-03-24,1.219,0.0
2025-03-25,1.228,0.0074
2025-03-26,1.226,-0.0016
2025-03-27,1.226,0.0
2025-03-28,1.221,-0.0040999999999999995
2025-03-31,1.212,-0.0074
2025-04-01,1.225,0.010700000000000001
2025-04-02,1.222,-0.0024
2025-04-03,1.206,-0.0131
2025-04-07,1.115,-0.0755
2025-04-08,1.136,0.018799999999999997
2025-04-09,1.145,0.0079
2025-04-10,1.167,0.0192
2025-04-11,1.17,0.0026
2025-04-14,1.177,0.006
2025-04-15,1.175,-0.0017000000000000001
2025-04-16,1.173,-0.0017000000000000001
2025-04-17,1.172,-0.0009
2025-04-18,1.17,-0.0017000000000000001
2025-04-21,1.188,0.0154
2025-04-22,1.186,-0.0017000000000000001
2025-04-23,1.185,-0.0008
2025-04-24,1.181,-0.0034000000000000002
2025-04-25,1.18,-0.0008
2025-04-28,1.182,0.0017000000000000001
2025-04-29,1.183,0.0008
2025-04-30,1.177,-0.0051
2025-05-06,1.192,0.0127
2025-05-07,1.201,0.0076
2025-05-08,1.214,0.0108
2025-05-09,1.207,-0.0058
2025-05-12,1.224,0.0141
2025-05-13,1.224,0.0
2025-05-14,1.219,-0.0040999999999999995
2025-05-15,1.207,-0.0098
2025-05-16,1.207,0.0
2025-05-19,1.207,0.0
2025-05-20,1.214,0.0058
2025-05-21,1.222,0.0066
2025-05-22,1.214,-0.006500000000000001
2025-05-23,1.206,-0.0066
2025-05-26,1.2,-0.005
2025-05-27,1.198,-0.0017000000000000001
2025-05-28,1.197,-0.0008
2025-05-29,1.204,0.0058
2025-05-30,1.201,-0.0025
2025-06-03,1.204,0.0025
2025-06-04,1.208,0.0033
2025-06-05,1.208,0.0
2025-06-06,1.209,0.0008
2025-06-09,1.214,0.0040999999999999995
2025-06-10,1.215,0.0008
2025-06-11,1.225,0.008199999999999999
2025-06-12,1.227,0.0016
2025-06-13,1.226,-0.0008
2025-06-16,1.222,-0.0033
2025-06-17,1.22,-0.0016
2025-06-18,1.223,0.0025
2025-06-19,1.212,-0.009000000000000001
2025-06-20,1.205,-0.0058
2025-06-23,1.213,0.0066
2025-06-24,1.224,0.0091
2025-06-25,1.24,0.0131
2025-06-26,1.237,-0.0024
2025-06-27,1.241,0.0032
2025-06-30,1.261,0.0161
2025-07-01,1.267,0.0048
2025-07-02,1.271,0.0032
2025-07-03,1.276,0.0039000000000000003
2025-07-04,1.266,-0.0078000000000000005
2025-07-07,1.268,0.0016
2025-07-08,1.277,0.0070999999999999995
2025-07-09,1.277,0.0
2025-07-10,1.281,0.0031
2025-07-11,1.287,0.004699999999999999
2025-07-14,1.287,0.0
2025-07-15,1.283,-0.0031
2025-07-16,1.283,0.0
2025-07-17,1.293,0.0078000000000000005
2025-07-18,1.297,0.0031
2025-07-21,1.309,0.009300000000000001
2025-07-22,1.323,0.010700000000000001
2025-07-23,1.322,-0.0008
2025-07-24,1.324,0.0015
2025-07-25,1.32,-0.003
2025-07-28,1.312,-0.0060999999999999995
2025-07-29,1.314,0.0015
2025-07-30,1.316,0.0015
2025-07-31,1.291,-0.019
2025-08-01,1.293,0.0015
2025-08-04,1.309,0.0124
2025-08-05,1.313,0.0031
2025-08-06,1.319,0.0046
2025-08-07,1.32,0.0008
2025-08-08,1.32,0.0
2025-08-11,1.321,0.0008
2025-08-12,1.324,0.0023
2025-08-13,1.333,0.0068000000000000005
2025-08-14,1.322,-0.0083
2025-08-15,1.339,0.0129
2025-08-18,1.34,0.0007000000000000001
2025-08-19,1.334,-0.0045000000000000005
2025-08-20,1.342,0.006
2025-08-21,1.342,0.0
2025-08-22,1.357,0.011200000000000002
2025-08-25,1.375,0.013300000000000001
2025-08-26,1.375,0.0
2025-08-27,1.345,-0.0218
2025-08-28,1.353,0.0059
2025-08-29,1.36,0.0052
2025-09-01,1.373,0.0096
2025-09-02,1.364,-0.0066
2025-09-03,1.357,-0.0051
2025-09-04,1.341,-0.0118
2025-09-05,1.377,0.0268
2025-09-08,1.389,0.0087
2025-09-09,1.389,0.0
2025-09-10,1.385,-0.0029
2025-09-11,1.404,0.0137
2025-09-12,1.402,-0.0014000000000000002
2025-09-15,1.398,-0.0029
2025-09-16,1.402,0.0029
2025-09-17,1.418,0.011399999999999999
2025-09-18,1.409,-0.0063
2025-09-19,1.415,0.0043
2025-09-22,1.414,-0.0007000000000000001
2025-09-23,1.413,-0.0007000000000000001
2025-09-24,1.432,0.0134
2025-09-25,1.433,0.0007000000000000001
2025-09-26,1.428,-0.0034999999999999996
2025-09-29,1.445,0.011899999999999999
2025-09-30,1.459,0.0097
2025-10-09,1.488,0.0199
2025-10-10,1.47,-0.0121
2025-10-13,1.476,0.0040999999999999995
2025-10-14,1.449,-0.0183
2025-10-15,1.467,0.0124
2025-10-16,1.455,-0.008199999999999999
2025-10-17,1.425,-0.0206
2025-10-20,1.425,0.0
2025-10-21,1.44,0.0105
2025-10-22,1.43,-0.0069
2025-10-23,1.428,-0.0014000000000000002
2025-10-24,1.434,0.0042
2025-10-27,1.44,0.0042
2025-10-28,1.438,-0.0014000000000000002
2025-10-29,1.451,0.009000000000000001
2025-10-30,1.437,-0.0096
2025-10-31,1.44,0.0021
2025-11-03,1.448,0.005600000000000001
2025-11-04,1.428,-0.0138
2025-11-05,1.439,0.0077
2025-11-06,1.447,0.005600000000000001
2025-11-07,1.446,-0.0007000000000000001
2025-11-10,1.455,0.0062
2025-11-11,1.45,-0.0034000000000000002
2025-11-12,1.445,-0.0034000000000000002
2025-11-13,1.457,0.0083
2025-11-14,1.446,-0.0075
2025-11-17,1.432,-0.0097
2025-11-18,1.423,-0.0063
2025-11-19,1.432,0.0063
2025-11-20,1.416,-0.011200000000000002
2025-11-21,1.387,-0.020499999999999997
2025-11-24,1.395,0.0058
2025-11-25,1.407,0.0086
2025-11-26,1.398,-0.0064
2025-11-27,1.401,0.0021
2025-11-28,1.408,0.005
2025-12-01,1.427,0.013500000000000002
2025-12-02,1.416,-0.0077
2025-12-03,1.412,-0.0028000000000000004
2025-12-04,1.415,0.0021
2025-12-05,1.432,0.012
2025-12-08,1.428,-0.0028000000000000004
2025-12-09,1.412,-0.011200000000000002
2025-12-10,1.421,0.0064
2025-12-11,1.421,0.0
2025-12-12,1.435,0.009899999999999999
2025-12-15,1.438,0.0021
2025-12-16,1.421,-0.0118
2025-12-17,1.44,0.0134
2025-12-18,1.438,-0.0014000000000000002
2025-12-19,1.443,0.0034999999999999996
2025-12-22,1.456,0.009000000000000001
2025-12-23,1.459,0.0021
2025-12-24,1.462,0.0021
2025-12-25,1.462,0.0
2025-12-26,1.466,0.0027
2025-12-29,1.462,-0.0027
2025-12-30,1.46,-0.0014000000000000002
2025-12-31,1.461,0.0007000000000000001
2026-01-05,1.485,0.016399999999999998
2026-01-06,1.509,0.016200000000000003
2026-01-07,1.508,-0.0007000000000000001
2026-01-08,1.519,0.0073
2026-01-09,1.536,0.011200000000000002
2026-01-12,1.543,0.0046
2026-01-13,1.541,-0.0013
2026-01-14,1.543,0.0013
2026-01-15,1.556,0.0084
2026-01-16,1.552,-0.0026
2026-01-19,1.577,0.0161
2026-01-20,1.576,-0.0006
2026-01-21,1.597,0.013300000000000001
2026-01-22,1.596,-0.0006
2026-01-23,1.605,0.005600000000000001
2026-01-26,1.612,0.0044
2026-01-27,1.613,0.0006
2026-01-28,1.63,0.0105
2026-01-29,1.622,-0.0049
2026-01-30,1.583,-0.024
2026-02-02,1.52,-0.0398
2026-02-03,1.554,0.022400000000000003
2026-02-04,1.562,0.0051
2026-02-05,1.546,-0.0102
2026-02-06,1.548,0.0013
2026-02-09,1.569,0.013600000000000001
2026-02-10,1.567,-0.0013
2026-02-11,1.577,0.0064
2026-02-12,1.583,0.0038
2026-02-13,1.564,-0.012
2026-02-24,1.589,0.016
2026-02-25,1.602,0.008199999999999999
2026-02-26,1.605,0.0019
2026-02-27,1.608,0.0019
2026-03-02,1.62,0.0075
2026-03-03,1.567,-0.0327
2026-03-04,1.548,-0.0121
2026-03-05,1.553,0.0032
2026-03-06,1.558,0.0032
2026-03-09,1.545,-0.0083
2026-03-10,1.581,0.0233
2026-03-11,1.594,0.008199999999999999
2026-03-12,1.582,-0.0075
2026-03-13,1.562,-0.0126
2026-03-16,1.555,-0.0045000000000000005
2026-03-17,1.532,-0.0148
2026-03-18,1.535,0.002
2026-03-19,1.487,-0.0313
2026-03-20,1.47,-0.011399999999999999
2026-03-23,1.405,-0.044199999999999996
2026-03-24,1.432,0.0192
2026-03-25,1.472,0.0279
2026-03-26,1.446,-0.0177
2026-03-27,1.463,0.0118
2026-03-30,1.471,0.0055000000000000005
2026-03-31,1.455,-0.0109
2026-04-01,1.492,0.0254
2026-04-02,1.47,-0.0147
2026-04-03,1.459,-0.0075
2026-04-07,1.453,-0.0040999999999999995
2026-04-08,1.518,0.0447
2026-04-09,1.502,-0.0105
2026-04-10,1.506,0.0027
2026-04-13,1.508,0.0013
2026-04-14,1.53,0.0146
2026-04-15,1.523,-0.0046
2026-04-16,1.54,0.011200000000000002
2026-04-17,1.535,-0.0032
2026-04-20,1.546,0.0072
2026-04-21,1.546,0.0
2026-04-22,1.563,0.011000000000000001
2026-04-23,1.532,-0.019799999999999998
2026-04-24,1.521,-0.0072
2026-04-27,1.543,0.014499999999999999
2026-04-28,1.522,-0.013600000000000001
2026-04-29,1.539,0.011200000000000002
2026-04-30,1.526,-0.0084
2026-05-06,1.557,0.0203
2026-05-07,1.573,0.0103
2026-05-08,1.583,0.0064
2026-05-11,1.601,0.011399999999999999
2026-05-12,1.611,0.0062
2026-05-13,1.633,0.0137
2026-05-14,1.598,-0.021400000000000002
2026-05-15,1.585,-0.008100000000000001
2026-05-18,1.58,-0.0032
2026-05-19,1.592,0.0076
2026-05-20,1.601,0.005699999999999999
2026-05-21,1.565,-0.0225
2026-05-22,1.591,0.0166
2026-05-25,1.607,0.0101
2026-05-26,1.602,-0.0031
2026-05-27,1.566,-0.0225
2026-05-28,1.553,-0.0083
2026-05-29,1.524,-0.0187
2026-06-01,1.519,-0.0033
2026-06-02,1.523,0.0026
2026-06-03,1.515,-0.0053
2026-06-04,1.504,-0.0073
2026-06-05,1.484,-0.013300000000000001
2026-06-08,1.44,-0.0296
2026-06-09,1.47,0.0208
2026-06-10,1.45,-0.013600000000000001
2026-06-11,1.454,0.0028000000000000004
2026-06-12,1.484,0.0206
2026-06-15,1.517,0.0222
2026-06-16,1.508,-0.0059
2026-06-17,1.518,0.0066
2026-06-18,1.512,-0.004
2026-06-22,1.522,0.0066
2026-06-23,1.479,-0.028300000000000002
2026-06-24,1.502,0.015600000000000001
2026-06-25,1.489,-0.0087
2026-06-26,1.458,-0.0208
2026-06-29,1.48,0.0151
2026-06-30,1.494,0.0095
2026-07-01,1.487,-0.004699999999999999
2026-07-02,1.472,-0.0101
2026-07-03,1.516,0.029900000000000003
2026-07-06,1.513,-0.002
2026-07-07,1.482,-0.020499999999999997
2026-07-08,1.465,-0.0115
2026-07-09,1.487,0.015
2026-07-10,1.493,0.004
2026-07-13,1.443,-0.0335
2026-07-14,1.48,0.0256
2026-07-15,1.47,-0.0068000000000000005
2026-07-16,1.467,-0.002
2026-07-17,1.411,-0.0382
2026-07-20,1.422,0.0078000000000000005
2026-07-21,1.465,0.0302
2026-07-22,1.478,0.0089
2026-07-23,1.493,0.0101
2026-07-24,1.465,-0.018799999999999997
2026-07-27,1.5,0.0239
2026-07-28,1.468,-0.0213
2026-07-29,1.497,0.019799999999999998
2026-07-30,1.476,-0.013999999999999999
2026-07-31,1.496,0.013600000000000001
2026-08-03,1.486,-0.0067
2026-08-04,1.494,0.0054
