date,nav,ret
2008-07-25,1.0,0.0
2008-08-01,0.9989,-0.0011
2008-08-08,0.9958,-0.0031030000000000003
2008-08-15,0.9953,-0.0005020000000000001
2008-08-22,0.9943,-0.001005
2008-08-29,0.9923,-0.002011
2008-09-05,0.9824,-0.009977
2008-09-12,0.9771,-0.005395
2008-09-19,0.9788,0.0017399999999999998
2008-09-24,0.9788,0.0
2008-09-26,0.9864,0.007764999999999999
2008-09-30,0.9862,-0.00020299999999999997
2008-10-10,0.952,-0.034679
2008-10-17,0.9361,-0.016701999999999998
2008-10-20,0.9438,0.008226
2008-10-21,0.9442,0.000424
2008-10-22,0.9392,-0.005294999999999999
2008-10-23,0.9391,-0.000106
2008-10-24,0.9328,-0.0067090000000000006
2008-10-27,0.9169,-0.017044999999999998
2008-10-28,0.9201,0.0034899999999999996
2008-10-29,0.9135,-0.0071730000000000006
2008-10-30,0.9183,0.005254999999999999
2008-10-31,0.9144,-0.004247
2008-11-03,0.9122,-0.002406
2008-11-04,0.9088,-0.003727
2008-11-05,0.9166,0.008583
2008-11-06,0.9123,-0.004691
2008-11-07,0.9149,0.0028499999999999997
2008-11-10,0.9326,0.019346000000000002
2008-11-11,0.9314,-0.0012870000000000002
2008-11-12,0.9345,0.003328
2008-11-13,0.9448,0.011022
2008-11-14,0.9546,0.010373
2008-11-17,0.967,0.01299
2008-11-18,0.9455,-0.022233999999999997
2008-11-19,0.9716,0.027604000000000004
2008-11-20,0.9693,-0.0023669999999999997
2008-11-21,0.9652,-0.00423
2008-11-24,0.9446,-0.021343
2008-11-25,0.9424,-0.002329
2008-11-26,0.9441,0.001804
2008-11-27,0.9547,0.011228
2008-11-28,0.9521,-0.0027229999999999997
2008-12-01,0.9673,0.015965
2008-12-02,0.976,0.008994
2008-12-03,0.9931,0.01752
2008-12-04,0.9945,0.0014099999999999998
2008-12-05,1.0015,0.007039
2008-12-08,1.0209,0.019371
2008-12-09,1.0081,-0.012538
2008-12-10,1.0272,0.018947000000000002
2008-12-11,1.0074,-0.019276
2008-12-12,0.9836,-0.023624999999999997
2008-12-15,0.9897,0.006202
2008-12-16,1.0036,0.014045
2008-12-17,1.0118,0.008171000000000001
2008-12-18,1.0199,0.008006
2008-12-19,1.0252,0.005197
2008-12-22,1.0223,-0.002829
2008-12-23,0.9866,-0.034921
2008-12-24,0.97,-0.016825
2008-12-25,0.9722,0.002268
2008-12-26,0.9705,-0.001749
2008-12-29,0.979,0.008758
2008-12-30,0.9871,0.008274
2008-12-31,0.9835,-0.003647
2009-01-05,1.009,0.025928
2009-01-06,1.0275,0.018335
2009-01-07,1.0221,-0.005254999999999999
2009-01-08,1.0063,-0.015458000000000001
2009-01-09,1.0207,0.01431
2009-01-12,1.0224,0.001666
2009-01-13,0.9989,-0.022985000000000002
2009-01-14,1.0289,0.030032999999999997
2009-01-15,1.0316,0.002624
2009-01-16,1.023,-0.008337
2009-01-19,1.0181,-0.00479
2009-01-20,1.0305,0.01218
2009-01-21,1.0263,-0.004076
2009-01-22,1.0455,0.018708
2009-01-23,1.0372,-0.007939
2009-02-02,1.0499,0.012244999999999999
2009-02-03,1.0671,0.016383
2009-02-04,1.0774,0.009651999999999999
2009-02-05,1.0588,-0.017263999999999998
2009-02-06,1.0829,0.022761999999999998
2009-02-09,1.1196,0.033889999999999997
2009-02-10,1.1356,0.014291
2009-02-11,1.1371,0.001321
2009-02-12,1.1459,0.007739
2009-02-13,1.1675,0.01885
2009-02-16,1.1833,0.013533
2009-02-17,1.1468,-0.030846
2009-02-18,1.1165,-0.026421
2009-02-19,1.1466,0.026959
2009-02-20,1.1703,0.02067
2009-02-23,1.1968,0.022644
2009-02-24,1.1597,-0.030999
2009-02-25,1.1584,-0.001121
2009-02-26,1.0931,-0.056371000000000004
2009-02-27,1.0661,-0.024700000000000003
2009-03-02,1.0995,0.031328999999999996
2009-03-03,1.1078,0.007549
2009-03-04,1.1644,0.051092000000000005
2009-03-05,1.1638,-0.0005149999999999999
2009-03-06,1.1452,-0.015982
2009-03-09,1.1077,-0.032745
2009-03-10,1.121,0.012007
2009-03-11,1.1156,-0.004817
2009-03-12,1.1106,-0.004482
2009-03-13,1.1064,-0.0037819999999999998
2009-03-16,1.1158,0.008496
2009-03-17,1.1501,0.03074
2009-03-18,1.1586,0.007391
2009-03-19,1.1732,0.012601
2009-03-20,1.1647,-0.007245000000000001
2009-03-23,1.191,0.022581000000000004
2009-03-24,1.191,0.0
2009-03-25,1.1663,-0.020739
2009-03-26,1.183,0.014319
2009-03-27,1.1916,0.0072699999999999996
2009-03-30,1.1829,-0.007300999999999999
2009-03-31,1.202,0.016147
2009-04-01,1.2113,0.007737000000000001
2009-04-02,1.2206,0.007678000000000001
2009-04-03,1.211,-0.007865
2009-04-07,1.2206,0.007927
2009-04-08,1.1908,-0.024413999999999998
2009-04-09,1.2121,0.017887
2009-04-10,1.2456,0.027638
2009-04-13,1.2605,0.011961999999999999
2009-04-14,1.2763,0.012535000000000001
2009-04-15,1.2844,0.006346000000000001
2009-04-16,1.2756,-0.006851
2009-04-17,1.2575,-0.014189
2009-04-20,1.2777,0.016064000000000002
2009-04-21,1.2715,-0.004852
2009-04-22,1.2273,-0.034762
2009-04-23,1.2374,0.008229
2009-04-24,1.2356,-0.001455
2009-04-27,1.2003,-0.028569
2009-04-28,1.2049,0.003832
2009-04-29,1.2381,0.027554
2009-04-30,1.2566,0.014942
2009-05-04,1.28,0.018622
2009-05-05,1.2863,0.004922
2009-05-06,1.3052,0.014693000000000001
2009-05-07,1.1934,-0.009041
2009-05-08,1.1864,-0.005866
2009-05-11,1.1501,-0.030597
2009-05-12,1.1764,0.022868
2009-05-13,1.1734,-0.00255
2009-05-14,1.1706,-0.002386
2009-05-15,1.1769,0.0053820000000000005
2009-05-18,1.1911,0.012065999999999999
2009-05-19,1.2005,0.007892
2009-05-20,1.201,0.000416
2009-05-21,1.1891,-0.009908
2009-05-22,1.1861,-0.002523
2009-05-25,1.1964,0.008683999999999999
2009-05-26,1.1933,-0.002591
2009-05-27,1.2007,0.006201
2009-06-01,1.2188,0.015075
2009-06-02,1.2196,0.000656
2009-06-03,1.2282,0.007050999999999999
2009-06-04,1.23,0.001466
2009-06-05,1.2255,-0.003659
2009-06-08,1.2142,-0.009221
2009-06-09,1.2143,8.2e-05
2009-06-10,1.2207,0.0052710000000000005
2009-06-11,1.2116,-0.007455000000000001
2009-06-12,1.1957,-0.013123000000000001
2009-06-15,1.2126,0.014134
2009-06-16,1.2086,-0.0032990000000000003
2009-06-17,1.2191,0.008688
2009-06-18,1.2308,0.009597
2009-06-19,1.2351,0.0034939999999999997
2009-06-22,1.2272,-0.006396
2009-06-23,1.2294,0.0017929999999999999
2009-06-24,1.2379,0.006914
2009-06-25,1.2412,0.002666
2009-06-26,1.2444,0.0025779999999999996
2009-06-29,1.2621,0.014224
2009-06-30,1.2546,-0.005941999999999999
2009-07-01,1.2772,0.018014
2009-07-02,1.2888,0.009082
2009-07-03,1.3071,0.014199
2009-07-06,1.317,0.007574
2009-07-07,1.306,-0.008352
2009-07-08,1.3107,0.0035989999999999998
2009-07-09,1.328,0.013199
2009-07-10,1.3293,0.000979
2009-07-13,1.3212,-0.0060929999999999995
2009-07-14,1.3495,0.021419999999999998
2009-07-15,1.358,0.006299
2009-07-16,1.3576,-0.00029499999999999996
2009-07-17,1.363,0.003978
2009-07-20,1.3848,0.015993999999999998
2009-07-21,1.367,-0.012854
2009-07-22,1.3891,0.016167
2009-07-23,1.3983,0.006623
2009-07-24,1.4098,0.008224
2009-07-27,1.4298,0.014186
2009-07-28,1.4288,-0.0006990000000000001
2009-07-29,1.363,-0.046053
2009-07-30,1.3887,0.018855
2009-07-31,1.4216,0.023691
2009-08-03,1.4469,0.017797
2009-08-04,1.2812,0.0029720000000000002
2009-08-05,1.2671,-0.011005000000000001
2009-08-06,1.2362,-0.024386
2009-08-07,1.1957,-0.032762
2009-08-10,1.1983,0.002174
2009-08-11,1.2018,0.0029210000000000004
2009-08-12,1.1509,-0.042352999999999995
2009-08-13,1.1619,0.009558
2009-08-14,1.1378,-0.020741999999999997
2009-08-17,1.0784,-0.052206
2009-08-18,1.0878,0.008717
2009-08-19,1.0524,-0.032543
2009-08-20,1.0889,0.034683
2009-08-21,1.1062,0.015888
2009-08-24,1.1189,0.011480999999999998
2009-08-25,1.0919,-0.024131
2009-08-26,1.1134,0.01969
2009-08-27,1.1091,-0.003862
2009-08-28,1.0818,-0.024615
2009-08-31,1.0269,-0.050749
2009-09-01,1.0261,-0.000779
2009-09-02,1.0351,0.008771
2009-09-03,1.0719,0.035552
2009-09-04,1.0789,0.00653
2009-09-07,1.0874,0.007878
2009-09-08,1.1058,0.016921
2009-09-09,1.1166,0.009767
2009-09-10,1.1047,-0.010657000000000002
2009-09-11,1.122,0.01566
2009-09-14,1.1407,0.016667
2009-09-15,1.1429,0.001929
2009-09-16,1.1328,-0.008837000000000001
2009-09-17,1.1522,0.017126
2009-09-18,1.1198,-0.02812
2009-09-21,1.1306,0.009645
2009-09-22,1.1135,-0.015125
2009-09-23,1.0923,-0.019039
2009-09-24,1.0922,-9.2e-05
2009-09-25,1.0876,-0.0042120000000000005
2009-09-28,1.0658,-0.020044
2009-09-29,1.0654,-0.000375
2009-09-30,1.0728,0.006946
2009-10-09,1.111,0.035608
2009-10-12,1.1155,0.004050000000000001
2009-10-13,1.1274,0.010668
2009-10-14,1.1282,0.0007099999999999999
2009-10-15,1.1313,0.002748
2009-10-16,1.1348,0.003094
2009-10-19,1.1557,0.018417
2009-10-20,1.1677,0.010383
2009-10-21,1.1647,-0.002569
2009-10-22,1.1619,-0.002404
2009-10-23,1.1804,0.015922000000000002
2009-10-26,1.1842,0.003219
2009-10-27,1.1595,-0.020857999999999998
2009-10-28,1.1623,0.002415
2009-10-29,1.1422,-0.017293
2009-10-30,1.1567,0.012695000000000001
2009-11-02,1.1905,0.029221
2009-11-03,1.2028,0.010332
2009-11-04,1.2054,0.002162
2009-11-05,1.2055,8.3e-05
2009-11-06,1.209,0.002903
2009-11-09,1.214,0.004136
2009-11-10,1.2161,0.0017299999999999998
2009-11-11,1.2175,0.001151
2009-11-12,1.2158,-0.001396
2009-11-13,1.218,0.00181
2009-11-16,1.2516,0.027586
2009-11-17,1.2481,-0.0027960000000000003
2009-11-18,1.247,-0.000881
2009-11-19,1.2507,0.002967
2009-11-20,1.2546,0.003118
2009-11-23,1.2655,0.008688
2009-11-24,1.2248,-0.032161
2009-11-25,1.2492,0.019922
2009-11-26,1.2061,-0.034502000000000005
2009-11-27,1.179,-0.022469000000000003
2009-11-30,1.2188,0.033757
2009-12-01,1.2396,0.017065999999999998
2009-12-02,1.2485,0.00718
2009-12-03,1.2511,0.002082
2009-12-04,1.2508,-0.00024
2009-12-07,1.2575,0.005357
2009-12-08,1.2499,-0.006044000000000001
2009-12-09,1.2394,-0.008400999999999999
2009-12-10,1.2406,0.000968
2009-12-11,1.2392,-0.0011279999999999999
2009-12-14,1.2418,0.002098
2009-12-15,1.2385,-0.002657
2009-12-16,1.2334,-0.004118
2009-12-17,1.2069,-0.021484999999999997
2009-12-18,1.1788,-0.023283
2009-12-21,1.1827,0.0033079999999999997
2009-12-22,1.1683,-0.012176
2009-12-23,1.1836,0.013096000000000002
2009-12-24,1.2107,0.022896
2009-12-25,1.215,0.003552
2009-12-28,1.2259,0.008971
2009-12-29,1.2324,0.005302
2009-12-30,1.2339,0.001217
2009-12-31,1.2356,0.001378
2010-01-04,1.2291,-0.005261
2010-01-05,1.2356,0.005288
2010-01-06,1.2303,-0.004289
2010-01-07,1.2071,-0.018857
2010-01-08,1.213,0.004888
2010-01-11,1.2148,0.001484
2010-01-12,1.2311,0.013418000000000001
2010-01-13,1.2129,-0.014783999999999999
2010-01-14,1.2312,0.015087999999999999
2010-01-15,1.2344,0.002599
2010-01-18,1.2422,0.006319
2010-01-19,1.2405,-0.001369
2010-01-20,1.209,-0.025393
2010-01-21,1.2092,0.000165
2010-01-22,1.1894,-0.016374
2010-01-25,1.1789,-0.008828
2010-01-26,1.155,-0.020273
2010-01-27,1.1457,-0.008052
2010-01-28,1.1525,0.005935
2010-01-29,1.1563,0.003297
2010-02-01,1.1469,-0.008128999999999999
2010-02-02,1.1432,-0.003226
2010-02-03,1.1614,0.01592
2010-02-04,1.1635,0.001808
2010-02-05,1.1435,-0.01719
2010-02-08,1.141,-0.002186
2010-02-09,1.1442,0.002805
2010-02-10,1.1564,0.010662
2010-02-11,1.1557,-0.000605
2010-02-12,1.164,0.007181999999999999
2010-02-22,1.1625,-0.0012889999999999998
2010-02-23,1.1627,0.000172
2010-02-24,1.1781,0.013245
2010-02-25,1.1895,0.009677
2010-02-26,1.1898,0.000252
2010-03-01,1.1972,0.00622
2010-03-02,1.1983,0.000919
2010-03-03,1.2051,0.005675
2010-03-04,1.1795,-0.021242999999999998
2010-03-05,1.179,-0.000424
2010-03-08,1.1874,0.007125
2010-03-09,1.1891,0.001432
2010-03-10,1.1813,-0.00656
2010-03-11,1.1776,-0.003132
2010-03-12,1.1677,-0.008407
2010-03-15,1.1566,-0.009506
2010-03-16,1.1634,0.005879
2010-03-17,1.1822,0.01616
2010-03-18,1.1817,-0.000423
2010-03-19,1.1876,0.004993
2010-03-22,1.1956,0.006736
2010-03-23,1.1915,-0.0034289999999999998
2010-03-24,1.1972,0.004784
2010-03-25,1.184,-0.011026000000000001
2010-03-26,1.1957,0.009882
2010-03-29,1.2133,0.014719
2010-03-30,1.2213,0.006594
2010-03-31,1.2211,-0.000164
2010-04-01,1.2347,0.011137
2010-04-02,1.2371,0.001944
2010-04-06,1.2332,-0.0031530000000000004
2010-04-07,1.2262,-0.005676
2010-04-08,1.2179,-0.006769
2010-04-09,1.2306,0.010428
2010-04-12,1.2279,-0.002194
2010-04-13,1.2284,0.000407
2010-04-14,1.2349,0.0052910000000000006
2010-04-15,1.2328,-0.001701
2010-04-16,1.2241,-0.007057
2010-04-19,1.1858,-0.031288
2010-04-20,1.1933,0.006325
2010-04-21,1.2168,0.019693000000000002
2010-04-22,1.2179,0.000904
2010-04-23,1.2105,-0.006076000000000001
2010-04-26,1.2094,-0.000909
2010-04-27,1.1938,-0.012899
2010-04-28,1.1869,-0.0057799999999999995
2010-04-29,1.1702,-0.014070000000000001
2010-04-30,1.1516,-0.015895
2010-05-04,1.1503,-0.001129
2010-05-05,1.1645,0.012345
2010-05-06,1.1498,-0.012623
2010-05-07,1.1406,-0.008001000000000001
2010-05-10,1.1155,-0.022006
2010-05-11,1.0947,-0.018646
2010-05-12,1.0844,-0.009408999999999999
2010-05-13,1.1053,0.019273
2010-05-14,1.1062,0.000814
2010-05-17,1.0735,-0.029561
2010-05-18,1.0864,0.012017
2010-05-19,1.087,0.000552
2010-05-20,1.0763,-0.009844
2010-05-21,1.0911,0.013751
2010-05-24,1.1201,0.026579000000000002
2010-05-25,1.1085,-0.010356
2010-05-26,1.105,-0.0031569999999999997
2010-05-27,1.1185,0.012217
2010-05-28,1.1199,0.001252
2010-05-31,1.1032,-0.014912000000000002
2010-06-01,1.087,-0.014684999999999998
2010-06-02,1.0947,0.007084
2010-06-03,1.0943,-0.000365
2010-06-04,1.0981,0.003473
2010-06-07,1.0979,-0.000182
2010-06-08,1.1047,0.006194
2010-06-09,1.1229,0.016475
2010-06-10,1.1268,0.003473
2010-06-11,1.1195,-0.006479
2010-06-17,1.1067,-0.011434
2010-06-18,1.0847,-0.019879
2010-06-21,1.1038,0.017609
2010-06-22,1.1076,0.003443
2010-06-23,1.1041,-0.00316
2010-06-24,1.1033,-0.000725
2010-06-25,1.0933,-0.009064
2010-06-28,1.0837,-0.008781
2010-06-29,1.0522,-0.029067
2010-06-30,1.0503,-0.001806
2010-07-01,1.0401,-0.009712
2010-07-02,1.0381,-0.001923
2010-07-05,1.0347,-0.003275
2010-07-06,1.049,0.013819999999999999
2010-07-07,1.0577,0.008294000000000001
2010-07-08,1.0537,-0.0037819999999999998
2010-07-09,1.0798,0.02477
2010-07-12,1.089,0.00852
2010-07-13,1.0809,-0.007438
2010-07-14,1.0816,0.0006479999999999999
2010-07-15,1.0713,-0.009523
2010-07-16,1.0766,0.004947
2010-07-19,1.0971,0.019041
2010-07-20,1.1135,0.014948999999999999
2010-07-21,1.1116,-0.001706
2010-07-22,1.1175,0.005308
2010-07-23,1.1191,0.001432
2010-07-26,1.1285,0.0084
2010-07-27,1.1284,-8.9e-05
2010-07-28,1.145,0.014711
2010-07-29,1.1474,0.002096
2010-07-30,1.1439,-0.0030499999999999998
2010-08-02,1.1588,0.013026
2010-08-03,1.1475,-0.009751
2010-08-04,1.1588,0.009847
2010-08-05,1.1612,0.002071
2010-08-06,1.1721,0.009387
2010-08-09,1.1789,0.005802000000000001
2010-08-10,1.1536,-0.021461
2010-08-11,1.1587,0.004421
2010-08-12,1.1496,-0.007854
2010-08-13,1.1632,0.01183
2010-08-16,1.178,0.012724
2010-08-17,1.188,0.008489
2010-08-18,1.1843,-0.003114
2010-08-19,1.1817,-0.002195
2010-08-20,1.158,-0.020055999999999997
2010-08-23,1.1634,0.004663
2010-08-24,1.172,0.007391999999999999
2010-08-25,1.1609,-0.009471
2010-08-26,1.1683,0.0063739999999999995
2010-08-27,1.1823,0.011982999999999999
2010-08-30,1.2101,0.023513000000000003
2010-08-31,1.2193,0.0076029999999999995
2010-09-01,1.2099,-0.007709000000000001
2010-09-02,1.2286,0.015456000000000001
2010-09-03,1.2358,0.00586
2010-09-06,1.2307,-0.0041270000000000005
2010-09-07,1.2345,0.003088
2010-09-08,1.2474,0.01045
2010-09-09,1.2362,-0.008979000000000001
2010-09-10,1.0832,0.0056630000000000005
2010-09-13,1.0917,0.007847
2010-09-14,1.0954,0.0033889999999999997
2010-09-15,1.0807,-0.013420000000000001
2010-09-16,1.0643,-0.015175000000000001
2010-09-17,1.0657,0.001315
2010-09-20,1.0555,-0.009571
2010-09-21,1.0518,-0.003505
2010-09-27,1.0742,0.021297
2010-09-28,1.0774,0.002979
2010-09-29,1.0672,-0.009467
2010-09-30,1.0807,0.01265
2010-10-08,1.107,0.024336000000000003
2010-10-11,1.1016,-0.004878
2010-10-12,1.1079,0.005718999999999999
2010-10-13,1.1178,0.008936
2010-10-14,1.1035,-0.012793
2010-10-15,1.1109,0.006706
2010-10-18,1.0941,-0.015123
2010-10-19,1.1181,0.021936
2010-10-20,1.1254,0.006529
2010-10-21,1.1246,-0.0007109999999999999
2010-10-22,1.1342,0.008536
2010-10-25,1.1558,0.019044000000000002
2010-10-26,1.1495,-0.005451
2010-10-27,1.1375,-0.010439
2010-10-28,1.1377,0.00017600000000000002
2010-10-29,1.1394,0.001494
2010-11-01,1.1725,0.02905
2010-11-02,1.0628,-0.008273
2010-11-03,1.0392,-0.022205
2010-11-04,1.0567,0.01684
2010-11-05,1.0664,0.00918
2010-11-08,1.0786,0.011439999999999999
2010-11-09,1.085,0.005934
2010-11-10,1.0908,0.005346
2010-11-11,1.0836,-0.006601
2010-11-12,1.0271,-0.052141
2010-11-15,1.0452,0.017622
2010-11-16,1.0164,-0.027555
2010-11-17,0.9826,-0.033255
2010-11-18,0.9968,0.014451
2010-11-19,1.0257,0.028993
2010-11-22,1.0376,0.011602
2010-11-23,1.0393,0.001638
2010-11-24,1.061,0.020878999999999998
2010-11-25,1.0571,-0.003676
2010-11-26,1.0555,-0.0015140000000000002
2010-11-29,1.0593,0.0036
2010-11-30,1.0371,-0.020957
2010-12-01,1.0371,0.0
2010-12-02,1.0333,-0.003664
2010-12-03,1.0269,-0.006194
2010-12-06,1.0177,-0.008959
2010-12-07,1.0289,0.011005000000000001
2010-12-08,1.025,-0.00379
2010-12-09,1.01,-0.014634000000000001
2010-12-10,1.0222,0.012079
2010-12-13,1.0476,0.024848
2010-12-14,1.0585,0.010405
2010-12-15,1.0606,0.001984
2010-12-16,1.0633,0.002546
2010-12-17,1.0619,-0.001317
2010-12-20,1.0511,-0.010169999999999998
2010-12-21,1.059,0.007516
2010-12-22,1.0511,-0.00746
2010-12-23,1.0349,-0.015411999999999999
2010-12-24,0.9714,-0.013045
2010-12-27,0.9579,-0.013897
2010-12-28,0.9502,-0.008038
2010-12-29,0.958,0.008209
2010-12-30,0.9593,0.001357
2010-12-31,0.9743,0.015636
2011-01-04,0.9909,0.017038
2011-01-05,0.9885,-0.002422
2011-01-06,0.9793,-0.009307
2011-01-07,0.9768,-0.002553
2011-01-10,0.9524,-0.024980000000000002
2011-01-11,0.9547,0.002415
2011-01-12,0.9569,0.002304
2011-01-13,0.9596,0.002822
2011-01-14,0.9472,-0.012922
2011-01-17,0.9195,-0.029244
2011-01-18,0.921,0.0016309999999999999
2011-01-19,0.9386,0.019110000000000002
2011-01-20,0.9164,-0.023652000000000003
2011-01-21,0.9209,0.004911
2011-01-24,0.9042,-0.018133999999999997
2011-01-25,0.8956,-0.009510999999999999
2011-01-26,0.9053,0.010831
2011-01-27,0.914,0.00961
2011-01-28,0.9176,0.003939
2011-01-31,0.9266,0.009808
2011-02-01,0.9243,-0.002482
2011-02-09,0.9095,-0.016012
2011-02-10,0.9353,0.028367
2011-02-11,0.9394,0.004384
2011-02-14,0.9574,0.019160999999999997
2011-02-15,0.9542,-0.003342
2011-02-16,0.9657,0.012052
2011-02-17,0.9664,0.000725
2011-02-18,0.9586,-0.008071
2011-02-21,0.9679,0.009701999999999999
2011-02-22,0.9481,-0.020457
2011-02-23,0.9482,0.000105
2011-02-24,0.9499,0.0017929999999999999
2011-02-25,0.9514,0.001579
2011-02-28,0.9626,0.011772
2011-03-01,0.967,0.004571
2011-03-02,0.9658,-0.001241
2011-03-03,0.9549,-0.011286000000000001
2011-03-04,0.9657,0.01131
2011-03-07,0.9786,0.013358000000000002
2011-03-08,0.9814,0.0028610000000000003
2011-03-09,0.9842,0.002853
2011-03-10,0.9738,-0.010567
2011-03-11,0.9669,-0.007086
2011-03-14,0.9706,0.0038269999999999997
2011-03-15,0.9589,-0.012054
2011-03-16,0.9711,0.012723
2011-03-17,0.9607,-0.010709999999999999
2011-03-18,0.969,0.00864
2011-03-21,0.9638,-0.005365999999999999
2011-03-22,0.9677,0.004046
2011-03-23,0.9768,0.009404000000000001
2011-03-24,0.9784,0.001638
2011-03-25,0.984,0.005724
2011-03-28,0.9774,-0.006706999999999999
2011-03-29,0.9641,-0.013608
2011-03-30,0.9656,0.0015559999999999999
2011-03-31,0.9552,-0.010771
2011-04-01,0.9635,0.008689
2011-04-06,0.9593,-0.004359
2011-04-07,0.9677,0.008756
2011-04-08,0.9756,0.008164
2011-04-11,0.9687,-0.007073
2011-04-12,0.9661,-0.002684
2011-04-13,0.973,0.007141999999999999
2011-04-14,0.9702,-0.002878
2011-04-15,0.9672,-0.0030919999999999997
2011-04-18,0.9639,-0.003412
2011-04-19,0.9493,-0.015146999999999999
2011-04-20,0.9517,0.0025280000000000003
2011-04-21,0.9592,0.007881
2011-04-22,0.957,-0.002294
2011-04-25,0.9478,-0.009613
2011-04-26,0.9412,-0.0069630000000000004
2011-04-27,0.9375,-0.0039310000000000005
2011-04-28,0.9232,-0.015253000000000001
2011-04-29,0.9363,0.014190000000000001
2011-05-03,0.9421,0.006195000000000001
2011-05-04,0.925,-0.018151
2011-05-05,0.9275,0.0027029999999999997
2011-05-06,0.93,0.0026950000000000003
2011-05-09,0.9344,0.004731
2011-05-10,0.9381,0.00396
2011-05-11,0.9375,-0.00064
2011-05-12,0.9327,-0.00512
2011-05-13,0.934,0.001394
2011-05-16,0.9293,-0.005032
2011-05-17,0.9259,-0.003659
2011-05-18,0.932,0.006588
2011-05-19,0.9277,-0.004614
2011-05-20,0.9275,-0.00021600000000000002
2011-05-23,0.9031,-0.026307
2011-05-24,0.9022,-0.000997
2011-05-25,0.8912,-0.012192000000000001
2011-05-26,0.8852,-0.006732
2011-05-27,0.8754,-0.011071
2011-05-30,0.8688,-0.0075390000000000006
2011-05-31,0.8795,0.012316
2011-06-01,0.8834,0.0044340000000000004
2011-06-02,0.8778,-0.006339
2011-06-03,0.8856,0.008886
2011-06-07,0.8889,0.0037259999999999997
2011-06-08,0.8929,0.0045000000000000005
2011-06-09,0.8794,-0.015119
2011-06-10,0.881,0.001819
2011-06-13,0.882,0.001135
2011-06-14,0.8933,0.012811999999999999
2011-06-15,0.8845,-0.009851
2011-06-16,0.8769,-0.008591999999999999
2011-06-17,0.8725,-0.005018
2011-06-20,0.8684,-0.004699
2011-06-21,0.8782,0.011285
2011-06-22,0.8783,0.000114
2011-06-23,0.8891,0.012296
2011-06-24,0.9063,0.019345
2011-06-27,0.9115,0.005738
2011-06-28,0.9119,0.000439
2011-06-29,0.9073,-0.005044
2011-06-30,0.919,0.012895
2011-07-01,0.9234,0.004788
2011-07-04,0.9395,0.017436
2011-07-05,0.94,0.0005319999999999999
2011-07-06,0.9369,-0.0032979999999999997
2011-07-07,0.9399,0.003202
2011-07-08,0.941,0.00117
2011-07-11,0.9446,0.003826
2011-07-12,0.9338,-0.011433
2011-07-13,0.9493,0.016599
2011-07-14,0.9541,0.005056000000000001
2011-07-15,0.9551,0.001048
2011-07-18,0.9534,-0.00178
2011-07-19,0.9483,-0.0053490000000000005
2011-07-20,0.9499,0.001687
2011-07-21,0.942,-0.008317
2011-07-22,0.9524,0.011040000000000001
2011-07-25,0.9316,-0.021840000000000002
2011-07-26,0.9338,0.002362
2011-07-27,0.9423,0.009103
2011-07-28,0.9426,0.00031800000000000003
2011-07-29,0.937,-0.005940999999999999
2011-08-01,0.934,-0.003202
2011-08-02,0.9274,-0.007066
2011-08-03,0.9267,-0.000755
2011-08-04,0.9265,-0.00021600000000000002
2011-08-05,0.9171,-0.010145999999999999
2011-08-08,0.9038,-0.014502
2011-08-09,0.9126,0.009737
2011-08-10,0.9245,0.013040000000000001
2011-08-11,0.9372,0.013737
2011-08-12,0.9389,0.001814
2011-08-15,0.9457,0.007243
2011-08-16,0.9421,-0.0038069999999999996
2011-08-17,0.9408,-0.0013800000000000002
2011-08-18,0.9277,-0.013924
2011-08-19,0.9281,0.000431
2011-08-22,0.9214,-0.007219
2011-08-23,0.9326,0.012155000000000001
2011-08-24,0.9332,0.0006429999999999999
2011-08-25,0.9462,0.013931
2011-08-26,0.9498,0.0038050000000000002
2011-08-29,0.9389,-0.011476
2011-08-30,0.9283,-0.01129
2011-08-31,0.925,-0.003555
2011-09-01,0.9234,-0.0017299999999999998
2011-09-02,0.9127,-0.011588000000000001
2011-09-05,0.9009,-0.012929
2011-09-06,0.8869,-0.01554
2011-09-07,0.9005,0.015334
2011-09-08,0.8947,-0.006441
2011-09-09,0.8896,-0.005699999999999999
2011-09-13,0.8785,-0.012478
2011-09-14,0.8831,0.005235999999999999
2011-09-15,0.8838,0.000793
2011-09-16,0.8839,0.000113
2011-09-19,0.8716,-0.013916
2011-09-20,0.875,0.003901
2011-09-21,0.8928,0.020343
2011-09-22,0.874,-0.021057000000000003
2011-09-23,0.8646,-0.010754999999999999
2011-09-26,0.8496,-0.017349
2011-09-27,0.8489,-0.000824
2011-09-28,0.8434,-0.006479
2011-09-29,0.832,-0.013517
2011-09-30,0.8317,-0.000361
2011-10-10,0.8304,-0.001563
2011-10-11,0.8235,-0.008309
2011-10-12,0.8437,0.024529000000000002
2011-10-13,0.8547,0.013038000000000001
2011-10-14,0.8531,-0.001872
2011-10-17,0.8619,0.010315000000000001
2011-10-18,0.8471,-0.017171000000000002
2011-10-19,0.8458,-0.001535
2011-10-20,0.8271,-0.022109
2011-10-21,0.8239,-0.003869
2011-10-24,0.8421,0.022090000000000002
2011-10-25,0.8555,0.015913
2011-10-26,0.8649,0.010988
2011-10-27,0.8638,-0.0012720000000000001
2011-10-28,0.879,0.017597
2011-10-31,0.8844,0.006142999999999999
2011-11-01,0.8911,0.007576
2011-11-02,0.9039,0.014363999999999998
2011-11-03,0.9067,0.003098
2011-11-04,0.9099,0.003529
2011-11-07,0.9055,-0.004836
2011-11-08,0.9016,-0.004307
2011-11-09,0.9097,0.008983999999999999
2011-11-10,0.9037,-0.006595999999999999
2011-11-11,0.9015,-0.002434
2011-11-14,0.9185,0.018857
2011-11-15,0.9211,0.002831
2011-11-16,0.906,-0.016393
2011-11-17,0.9106,0.005077000000000001
2011-11-18,0.8993,-0.012408999999999998
2011-11-21,0.895,-0.0047810000000000005
2011-11-22,0.898,0.003352
2011-11-23,0.8983,0.000334
2011-11-24,0.9007,0.002672
2011-11-25,0.9026,0.002109
2011-11-28,0.9014,-0.0013289999999999999
2011-11-29,0.9058,0.004881
2011-11-30,0.8927,-0.014462
2011-12-01,0.8988,0.0068330000000000005
2011-12-02,0.8892,-0.010681000000000001
2011-12-05,0.8736,-0.017544
2011-12-06,0.8733,-0.000343
2011-12-07,0.8774,0.0046949999999999995
2011-12-08,0.8752,-0.0025069999999999997
2011-12-09,0.8696,-0.006399
2011-12-12,0.861,-0.00989
2011-12-13,0.8495,-0.013357
2011-12-14,0.8451,-0.005180000000000001
2011-12-15,0.8363,-0.010412999999999999
2011-12-16,0.8551,0.022480000000000003
2011-12-19,0.8615,0.007485
2011-12-20,0.86,-0.0017410000000000001
2011-12-21,0.8477,-0.014301999999999999
2011-12-22,0.8427,-0.005898
2011-12-23,0.8488,0.007239
2011-12-26,0.8403,-0.010014
2011-12-27,0.8231,-0.020469
2011-12-28,0.8212,-0.002308
2011-12-29,0.8273,0.007428000000000001
2011-12-30,0.8385,0.013538
2011-12-31,0.8384,-0.000119
2012-01-04,0.8224,-0.019084
2012-01-05,0.8006,-0.026507999999999997
2012-01-06,0.7969,-0.004622
2012-01-09,0.8151,0.022837999999999997
2012-01-10,0.8367,0.0265
2012-01-11,0.837,0.000359
2012-01-12,0.8382,0.001434
2012-01-13,0.8158,-0.026724
2012-01-16,0.7955,-0.024884
2012-01-17,0.823,0.034569
2012-01-18,0.8034,-0.023815
2012-01-19,0.812,0.010705
2012-01-20,0.8258,0.016995
2012-01-30,0.8208,-0.0060550000000000005
2012-01-31,0.8223,0.001827
2012-02-01,0.8217,-0.00073
2012-02-02,0.834,0.014969
2012-02-03,0.8453,0.013549
2012-02-06,0.8481,0.003312
2012-02-07,0.8354,-0.014975
2012-02-08,0.849,0.01628
2012-02-09,0.8565,0.008834
2012-02-10,0.8563,-0.000234
2012-02-13,0.8628,0.007591
2012-02-14,0.8655,0.0031290000000000003
2012-02-15,0.8717,0.007163
2012-02-16,0.8718,0.000115
2012-02-17,0.8695,-0.0026379999999999997
2012-02-20,0.8684,-0.001265
2012-02-21,0.8756,0.008291
2012-02-22,0.8879,0.014048
2012-02-23,0.8906,0.003041
2012-02-24,0.902,0.0128
2012-02-27,0.9055,0.00388
2012-02-28,0.9054,-0.00010999999999999999
2012-02-29,0.899,-0.007069
2012-03-01,0.9005,0.001669
2012-03-02,0.9129,0.01377
2012-03-05,0.9109,-0.002191
2012-03-06,0.9022,-0.009550999999999999
2012-03-07,0.8975,-0.005209
2012-03-08,0.9076,0.011252999999999999
2012-03-09,0.9197,0.013332
2012-03-12,0.9216,0.002066
2012-03-13,0.9267,0.005534
2012-03-14,0.901,-0.027732999999999997
2012-03-15,0.9011,0.000111
2012-03-16,0.9155,0.01598
2012-03-19,0.9176,0.002294
2012-03-20,0.9044,-0.014384999999999998
2012-03-21,0.9044,0.0
2012-03-22,0.9053,0.000995
2012-03-23,0.8965,-0.009721
2012-03-26,0.8952,-0.00145
2012-03-27,0.8893,-0.0065910000000000005
2012-03-28,0.8686,-0.023277000000000003
2012-03-29,0.8613,-0.008404
2012-03-30,0.8645,0.003715
2012-03-31,0.8645,0.0
2012-04-05,0.883,0.021400000000000002
2012-04-06,0.887,0.00453
2012-04-09,0.8818,-0.005862000000000001
2012-04-10,0.8875,0.006464
2012-04-11,0.8901,0.00293
2012-04-12,0.9018,0.013145
2012-04-13,0.9044,0.002883
2012-04-16,0.9065,0.002322
2012-04-17,0.8983,-0.009046
2012-04-18,0.9139,0.017366
2012-04-19,0.9113,-0.002845
2012-04-20,0.9127,0.0015359999999999998
2012-04-23,0.903,-0.010628
2012-04-24,0.9006,-0.0026579999999999998
2012-04-25,0.9059,0.0058850000000000005
2012-04-26,0.907,0.001214
2012-04-27,0.9036,-0.003749
2012-05-02,0.9154,0.013059000000000001
2012-05-03,0.9219,0.007101
2012-05-04,0.9281,0.006725
2012-05-07,0.9321,0.00431
2012-05-08,0.9298,-0.0024679999999999997
2012-05-09,0.9185,-0.012153
2012-05-10,0.9182,-0.000327
2012-05-11,0.9147,-0.003812
2012-05-14,0.9093,-0.005904
2012-05-15,0.9123,0.0032990000000000003
2012-05-16,0.8983,-0.015346
2012-05-17,0.9062,0.008794
2012-05-18,0.8933,-0.014235
2012-05-21,0.895,0.001903
2012-05-22,0.9127,0.019777
2012-05-23,0.9116,-0.001205
2012-05-24,0.9061,-0.006032999999999999
2012-05-25,0.8959,-0.011257
2012-05-28,0.9108,0.016631
2012-05-29,0.9245,0.015042
2012-05-30,0.928,0.003786
2012-05-31,0.9296,0.001724
2012-06-01,0.9306,0.001076
2012-06-04,0.9123,-0.019665
2012-06-05,0.9121,-0.00021899999999999998
2012-06-06,0.9106,-0.001645
2012-06-07,0.9101,-0.000549
2012-06-08,0.9087,-0.0015379999999999999
2012-06-11,0.9209,0.013426
2012-06-12,0.9222,0.0014119999999999998
2012-06-13,0.9334,0.012145
2012-06-14,0.9305,-0.003107
2012-06-15,0.928,-0.002687
2012-06-18,0.9348,0.007328
2012-06-19,0.9305,-0.0046
2012-06-20,0.9268,-0.003976
2012-06-21,0.9191,-0.008308
2012-06-25,0.9069,-0.013274
2012-06-26,0.9091,0.002426
2012-06-27,0.9117,0.0028599999999999997
2012-06-28,0.9038,-0.008665
2012-06-29,0.9111,0.008076999999999999
2012-06-30,0.9111,0.0
2012-07-02,0.9193,0.009000000000000001
2012-07-03,0.9174,-0.002067
2012-07-04,0.9116,-0.0063219999999999995
2012-07-05,0.9064,-0.005704
2012-07-06,0.9219,0.017100999999999998
2012-07-09,0.9142,-0.008352
2012-07-10,0.909,-0.0056879999999999995
2012-07-11,0.9131,0.00451
2012-07-12,0.9239,0.011828
2012-07-13,0.9276,0.004005
2012-07-16,0.9109,-0.018003
2012-07-17,0.9102,-0.0007679999999999999
2012-07-18,0.9102,0.0
2012-07-19,0.9163,0.0067020000000000005
2012-07-20,0.9074,-0.009713000000000001
2012-07-23,0.899,-0.009257
2012-07-24,0.9042,0.005784
2012-07-25,0.8993,-0.005419
2012-07-26,0.892,-0.008117
2012-07-27,0.8911,-0.0010090000000000001
2012-07-30,0.8838,-0.008192
2012-07-31,0.8822,-0.00181
2012-08-01,0.8939,0.013262000000000001
2012-08-02,0.8883,-0.006265
2012-08-03,0.8928,0.005066
2012-08-06,0.9037,0.012209000000000001
2012-08-07,0.9026,-0.001217
2012-08-08,0.901,-0.001773
2012-08-09,0.9101,0.0101
2012-08-10,0.9028,-0.008021
2012-08-13,0.8874,-0.017058
2012-08-14,0.8922,0.005409000000000001
2012-08-15,0.8879,-0.00482
2012-08-16,0.8831,-0.005405999999999999
2012-08-17,0.88,-0.0035099999999999997
2012-08-20,0.8806,0.000682
2012-08-21,0.885,0.004997
2012-08-22,0.8831,-0.002147
2012-08-23,0.8847,0.001812
2012-08-24,0.8792,-0.006217
2012-08-27,0.8672,-0.013649
2012-08-28,0.8657,-0.0017299999999999998
2012-08-29,0.8619,-0.00439
2012-08-30,0.8558,-0.007077
2012-08-31,0.8581,0.002688
2012-09-03,0.8651,0.008158
2012-09-04,0.8625,-0.003005
2012-09-05,0.8635,0.001159
2012-09-06,0.8673,0.0044009999999999995
2012-09-07,0.8894,0.025480999999999997
2012-09-10,0.894,0.0051719999999999995
2012-09-11,0.8885,-0.0061519999999999995
2012-09-12,0.8879,-0.000675
2012-09-13,0.8818,-0.00687
2012-09-14,0.8822,0.00045400000000000003
2012-09-17,0.8677,-0.016436
2012-09-18,0.8673,-0.00046100000000000004
2012-09-19,0.8674,0.000115
2012-09-20,0.8524,-0.017293
2012-09-21,0.8488,-0.004223
2012-09-24,0.8539,0.006008
2012-09-25,0.8518,-0.0024590000000000002
2012-09-26,0.8432,-0.010096
2012-09-27,0.8569,0.016248
2012-09-28,0.8684,0.013420000000000001
2012-09-30,0.8683,-0.000115
2012-10-08,0.8668,-0.0017280000000000002
2012-10-09,0.8769,0.011652000000000001
2012-10-10,0.8782,0.001482
2012-10-11,0.8753,-0.003302
2012-10-12,0.8736,-0.0019420000000000001
2012-10-15,0.8727,-0.0010299999999999999
2012-10-16,0.8729,0.000229
2012-10-17,0.8707,-0.00252
2012-10-18,0.8802,0.010910999999999999
2012-10-19,0.8824,0.002499
2012-10-22,0.8844,0.002267
2012-10-23,0.8742,-0.011533
2012-10-24,0.8719,-0.002631
2012-10-25,0.8672,-0.005391
2012-10-26,0.8584,-0.010147999999999999
2012-10-29,0.8581,-0.000349
2012-10-30,0.8596,0.0017480000000000002
2012-10-31,0.8607,0.00128
2012-11-01,0.8719,0.013012999999999999
2012-11-02,0.875,0.003555
2012-11-05,0.8728,-0.002514
2012-11-06,0.8684,-0.005041
2012-11-07,0.8668,-0.001842
2012-11-08,0.855,-0.013613
2012-11-09,0.8522,-0.003275
2012-11-12,0.8547,0.002934
2012-11-13,0.8464,-0.009711
2012-11-14,0.8468,0.000473
2012-11-15,0.8415,-0.006259
2012-11-16,0.8383,-0.0038030000000000004
2012-11-19,0.8361,-0.002624
2012-11-20,0.8357,-0.000478
2012-11-21,0.844,0.009932
2012-11-22,0.8412,-0.0033179999999999998
2012-11-23,0.8452,0.004755
2012-11-26,0.8394,-0.006862
2012-11-27,0.8287,-0.012747
2012-11-28,0.8191,-0.011584
2012-11-29,0.8185,-0.000733
2012-11-30,0.8263,0.00953
2012-12-03,0.8168,-0.011497
2012-12-04,0.8221,0.006489
2012-12-05,0.8351,0.015813
2012-12-06,0.8372,0.002515
2012-12-07,0.8487,0.013736
2012-12-10,0.8578,0.010722
2012-12-11,0.8546,-0.00373
2012-12-12,0.8598,0.006085
2012-12-13,0.8516,-0.009537
2012-12-14,0.8832,0.037107
2012-12-17,0.8833,0.000113
2012-12-18,0.8788,-0.005095
2012-12-19,0.8875,0.009899999999999999
2012-12-20,0.8929,0.006085
2012-12-21,0.8954,0.0028000000000000004
2012-12-24,0.8949,-0.000558
2012-12-25,0.9127,0.01989
2012-12-26,0.9191,0.007012000000000001
2012-12-27,0.914,-0.005548999999999999
2012-12-28,0.9207,0.00733
2012-12-31,0.9306,0.010752999999999999
2013-01-04,0.9333,0.0029010000000000004
2013-01-07,0.9386,0.005679
2013-01-08,0.9441,0.00586
2013-01-09,0.9471,0.0031780000000000003
2013-01-10,0.9485,0.001478
2013-01-11,0.9339,-0.015392999999999999
2013-01-14,0.9662,0.034586
2013-01-15,0.9768,0.010971
2013-01-16,0.9746,-0.002252
2013-01-17,0.9711,-0.0035909999999999996
2013-01-18,0.9853,0.014622999999999999
2013-01-21,0.9922,0.0070030000000000005
2013-01-22,0.9797,-0.012598
2013-01-23,0.9808,0.0011229999999999999
2013-01-24,0.9629,-0.01825
2013-01-25,0.967,0.0042580000000000005
2013-01-28,0.9924,0.026267
2013-01-29,1.0008,0.008464000000000001
2013-01-30,1.0063,0.005496
2013-01-31,1.0039,-0.002385
2013-02-01,1.0176,0.013647
2013-02-04,1.0129,-0.004619
2013-02-05,1.0196,0.006614999999999999
2013-02-06,1.0222,0.00255
2013-02-07,1.023,0.000783
2013-02-08,1.0421,0.018671
2013-02-18,1.0416,-0.00048
2013-02-19,1.0135,-0.026978
2013-02-20,1.0265,0.012827
2013-02-21,1.01,-0.016073999999999998
2013-02-22,1.0023,-0.007624
2013-02-25,1.0083,0.005986
2013-02-26,0.9983,-0.009918
2013-02-27,1.0014,0.003105
2013-02-28,1.0188,0.017376
2013-03-01,1.0248,0.005889
2013-03-04,0.9857,-0.038154
2013-03-05,0.9986,0.013087
2013-03-06,1.0155,0.016923999999999998
2013-03-07,1.0076,-0.007779
2013-03-08,1.0016,-0.005955
2013-03-11,0.9995,-0.002097
2013-03-12,0.9843,-0.015208
2013-03-13,0.9755,-0.00894
2013-03-14,0.9776,0.002153
2013-03-15,0.9764,-0.001227
2013-03-18,0.9681,-0.008501
2013-03-19,0.9713,0.003305
2013-03-20,0.9961,0.025533
2013-03-21,1.0043,0.008232
2013-03-22,1.0104,0.006074
2013-03-25,1.009,-0.001386
2013-03-26,1.0053,-0.003667
2013-03-27,1.0089,0.0035809999999999995
2013-03-28,0.9843,-0.024383
2013-03-29,0.9785,-0.005893000000000001
2013-04-01,0.9838,0.005416
2013-04-02,0.9725,-0.011486000000000001
2013-04-03,0.9658,-0.006888999999999999
2013-04-08,0.968,0.002278
2013-04-09,0.9759,0.008161
2013-04-10,0.9748,-0.001127
2013-04-11,0.9737,-0.0011279999999999999
2013-04-12,0.9712,-0.0025679999999999995
2013-04-15,0.9597,-0.011840999999999999
2013-04-16,0.9724,0.013233
2013-04-17,0.9777,0.00545
2013-04-18,0.9793,0.0016359999999999999
2013-04-19,1.001,0.022158999999999998
2013-04-22,0.9947,-0.006293999999999999
2013-04-23,0.971,-0.023826
2013-04-24,0.9891,0.018641
2013-04-25,0.9736,-0.015671
2013-04-26,0.9661,-0.007703
2013-05-02,0.9708,0.0048649999999999995
2013-05-03,0.9834,0.012979000000000001
2013-05-06,1.0016,0.018507
2013-05-07,1.0076,0.00599
2013-05-08,1.0109,0.003275
2013-05-09,1.013,0.002077
2013-05-10,1.0147,0.001678
2013-05-13,1.0149,0.000197
2013-05-14,0.9984,-0.016257999999999998
2013-05-15,1.0054,0.007011
2013-05-16,1.0135,0.008056
2013-05-17,1.0303,0.016576
2013-05-20,1.0425,0.011840999999999999
2013-05-21,1.0439,0.001343
2013-05-22,1.0288,-0.014464999999999999
2013-05-23,1.0218,-0.006804
2013-05-24,1.0309,0.008905999999999999
2013-05-27,1.0373,0.006208
2013-05-28,1.038,0.000675
2013-05-29,1.0384,0.000385
2013-05-30,1.0351,-0.0031780000000000003
2013-05-31,1.033,-0.002029
2013-06-03,1.0318,-0.001162
2013-06-04,1.0167,-0.014635
2013-06-05,1.0196,0.002852
2013-06-06,1.0091,-0.010298
2013-06-07,1.0024,-0.00664
2013-06-13,0.985,-0.017358
2013-06-14,0.9976,0.012792
2013-06-17,0.9989,0.001303
2013-06-18,0.9987,-0.0002
2013-06-19,1.001,0.002303
2013-06-20,0.9799,-0.021079
2013-06-21,0.9777,-0.002245
2013-06-24,0.945,-0.033446
2013-06-25,0.9498,0.005079
2013-06-26,0.9693,0.020531
2013-06-27,0.9592,-0.01042
2013-06-28,0.9545,-0.0049
2013-06-30,0.9544,-0.000105
2013-07-01,0.9668,0.012991999999999998
2013-07-02,0.983,0.016756
2013-07-03,0.9829,-0.00010200000000000001
2013-07-04,0.9818,-0.001119
2013-07-05,0.9732,-0.008759
2013-07-08,0.9493,-0.024558
2013-07-09,0.9511,0.001896
2013-07-10,0.9715,0.021449
2013-07-11,0.9878,0.016778
2013-07-12,0.9853,-0.002531
2013-07-15,1.0059,0.020907
2013-07-16,1.0091,0.003181
2013-07-17,0.9934,-0.015558
2013-07-18,0.9923,-0.0011070000000000001
2013-07-19,0.9813,-0.011085000000000001
2013-07-22,0.9953,0.014267
2013-07-23,1.0176,0.022404999999999998
2013-07-24,1.0198,0.002162
2013-07-25,1.0051,-0.014415
2013-07-26,1.0033,-0.001791
2013-07-29,0.9935,-0.009768
2013-07-30,0.9899,-0.003624
2013-07-31,0.9953,0.005455
2013-08-01,1.0187,0.02351
2013-08-02,1.0221,0.003338
2013-08-05,1.0425,0.019959
2013-08-06,1.047,0.004317
2013-08-07,1.0423,-0.004489
2013-08-08,1.0526,0.009882
2013-08-09,1.0517,-0.0008550000000000001
2013-08-12,1.0587,0.006656
2013-08-13,1.0599,0.001133
2013-08-14,1.0606,0.00066
2013-08-15,1.0467,-0.013106
2013-08-16,1.0296,-0.016337
2013-08-19,1.0506,0.020396
2013-08-20,1.0546,0.0038069999999999996
2013-08-21,1.0515,-0.00294
2013-08-22,1.0527,0.0011409999999999999
2013-08-23,1.054,0.001235
2013-08-26,1.0724,0.017457
2013-08-27,1.0664,-0.005595
2013-08-28,1.0532,-0.012378
2013-08-29,1.05,-0.0030380000000000003
2013-08-30,1.0319,-0.017238
2013-09-02,1.0374,0.0053300000000000005
2013-09-03,1.0516,0.013688
2013-09-04,1.0497,-0.001807
2013-09-05,1.0593,0.009145
2013-09-06,1.0656,0.005947
2013-09-09,1.0654,-0.00018800000000000002
2013-09-10,1.0663,0.000845
2013-09-11,1.0522,-0.013223
2013-09-12,1.0523,9.499999999999999e-05
2013-09-13,1.0581,0.005512
2013-09-16,1.0597,0.001512
2013-09-17,1.0463,-0.012645
2013-09-18,1.0534,0.0067859999999999995
2013-09-23,1.0682,0.01405
2013-09-24,1.0676,-0.000562
2013-09-25,1.0609,-0.006276
2013-09-26,1.0484,-0.011781999999999999
2013-09-27,1.0573,0.008489
2013-09-30,1.0701,0.012105999999999999
2013-10-08,1.0845,0.013456999999999998
2013-10-09,1.0939,0.008668
2013-10-10,1.0834,-0.009599
2013-10-11,1.0885,0.004707
2013-10-14,1.0969,0.007717000000000001
2013-10-15,1.0868,-0.009208
2013-10-16,1.071,-0.014538
2013-10-17,1.0695,-0.0014010000000000001
2013-10-18,1.0713,0.001683
2013-10-21,1.0944,0.021563
2013-10-22,1.0895,-0.004477
2013-10-23,1.0692,-0.018632
2013-10-24,1.0579,-0.010569
2013-10-25,1.0421,-0.014935
2013-10-28,1.0408,-0.001247
2013-10-29,1.036,-0.004612
2013-10-30,1.0475,0.0111
2013-10-31,1.0366,-0.010406
2013-11-01,1.0329,-0.003569
2013-11-04,1.0404,0.007261
2013-11-05,1.0529,0.012015
2013-11-06,1.046,-0.006553
2013-11-07,1.031,-0.014339999999999999
2013-11-08,1.0151,-0.015422
2013-11-11,1.025,0.009753
2013-11-12,1.0354,0.010145999999999999
2013-11-13,1.0264,-0.008692
2013-11-14,1.0445,0.017634
2013-11-15,1.0593,0.014169000000000001
2013-11-18,1.075,0.014820999999999999
2013-11-19,1.0711,-0.003628
2013-11-20,1.0755,0.004108
2013-11-21,1.0682,-0.006788
2013-11-22,1.0649,-0.003089
2013-11-25,1.0652,0.00028199999999999997
2013-11-26,1.0667,0.0014080000000000002
2013-11-27,1.0773,0.009937
2013-11-28,1.0843,0.006498
2013-11-29,1.096,0.01079
2013-12-02,1.0462,-0.045438
2013-12-03,1.0664,0.019308000000000002
2013-12-04,1.0772,0.010128
2013-12-05,1.068,-0.008541
2013-12-06,1.065,-0.002809
2013-12-09,1.0756,0.009953
2013-12-10,1.0794,0.003533
2013-12-11,1.0722,-0.006670000000000001
2013-12-12,1.0726,0.000373
2013-12-13,1.0711,-0.0013980000000000002
2013-12-16,1.0577,-0.012511000000000001
2013-12-17,1.0522,-0.0052
2013-12-18,1.0548,0.0024709999999999997
2013-12-19,1.0457,-0.008627000000000001
2013-12-20,1.0371,-0.008224
2013-12-23,1.0368,-0.000289
2013-12-24,1.0423,0.005305
2013-12-25,1.0544,0.011609000000000001
2013-12-26,1.0435,-0.010338
2013-12-27,1.0567,0.01265
2013-12-30,1.0635,0.006435
2013-12-31,1.0667,0.003009
2014-01-02,1.072,0.004969
2014-01-03,1.072,0.0
2014-01-06,1.0524,-0.018284
2014-01-07,1.061,0.008172
2014-01-08,1.0697,0.008199999999999999
2014-01-09,1.0634,-0.005889999999999999
2014-01-10,1.0443,-0.017961
2014-01-13,1.0419,-0.002298
2014-01-14,1.068,0.02505
2014-01-15,1.0718,0.003558
2014-01-16,1.0736,0.001679
2014-01-17,1.0683,-0.004937
2014-01-20,1.0555,-0.011982
2014-01-21,1.0728,0.016390000000000002
2014-01-22,1.0904,0.016406
2014-01-23,1.1064,0.014674
2014-01-24,1.12,0.012292
2014-01-27,1.1192,-0.000714
2014-01-28,1.117,-0.001966
2014-01-29,1.1269,0.008863
2014-01-30,1.1229,-0.0035499999999999998
2014-02-07,1.1454,0.020037
2014-02-10,1.1722,0.023398
2014-02-11,1.1674,-0.004095
2014-02-12,1.1793,0.010194000000000002
2014-02-13,1.1581,-0.017977
2014-02-14,1.1698,0.010103
2014-02-17,1.1901,0.017353
2014-02-18,1.186,-0.0034449999999999997
2014-02-19,1.1825,-0.0029509999999999996
2014-02-20,1.1649,-0.014884
2014-02-21,1.1661,0.0010299999999999999
2014-02-24,1.1727,0.005659999999999999
2014-02-25,1.1347,-0.032404
2014-02-26,1.1318,-0.002556
2014-02-27,1.1083,-0.020762999999999997
2014-02-28,1.1209,0.011369
2014-03-03,1.1425,0.01927
2014-03-04,1.1359,-0.005777
2014-03-05,1.1394,0.003081
2014-03-06,1.1452,0.00509
2014-03-07,1.1434,-0.001572
2014-03-10,1.1081,-0.030872999999999998
2014-03-11,1.1057,-0.002166
2014-03-12,1.105,-0.000633
2014-03-13,1.1272,0.02009
2014-03-14,1.1317,0.003992
2014-03-17,1.1457,0.012371
2014-03-18,1.1539,0.007157
2014-03-19,1.1487,-0.004506
2014-03-20,1.1245,-0.021067
2014-03-21,1.1315,0.0062250000000000005
2014-03-24,1.1289,-0.002298
2014-03-25,1.1274,-0.0013289999999999999
2014-03-26,1.1348,0.0065639999999999995
2014-03-27,1.1141,-0.018241
2014-03-28,1.0952,-0.016964
2014-03-31,1.0921,-0.002831
2014-04-01,1.109,0.015475000000000001
2014-04-02,1.1027,-0.005681
2014-04-03,1.1018,-0.0008160000000000001
2014-04-04,1.1121,0.009348
2014-04-08,1.1172,0.004586
2014-04-09,1.1267,0.008503
2014-04-10,1.1359,0.008165
2014-04-11,1.1313,-0.004050000000000001
2014-04-14,1.1342,0.0025629999999999997
2014-04-15,1.1272,-0.0061719999999999995
2014-04-16,1.1243,-0.0025729999999999998
2014-04-17,1.1241,-0.000178
2014-04-18,1.1247,0.0005340000000000001
2014-04-21,1.1197,-0.004446
2014-04-22,1.111,-0.00777
2014-04-23,1.1079,-0.0027900000000000004
2014-04-24,1.0952,-0.011463000000000001
2014-04-25,1.0797,-0.014153
2014-04-28,1.0613,-0.017041999999999998
2014-04-29,1.0705,0.008669
2014-04-30,1.0753,0.004484
2014-05-05,1.0839,0.007998
2014-05-06,1.0923,0.00775
2014-05-07,1.0812,-0.010162
2014-05-08,1.0754,-0.005364
2014-05-09,1.0633,-0.011252
2014-05-12,1.0744,0.010439
2014-05-13,1.0738,-0.000558
2014-05-14,1.0775,0.0034460000000000003
2014-05-15,1.0642,-0.012343
2014-05-16,1.0607,-0.0032890000000000003
2014-05-19,1.0566,-0.003865
2014-05-20,1.0617,0.0048270000000000006
2014-05-21,1.0647,0.0028260000000000004
2014-05-22,1.0708,0.005729
2014-05-23,1.0814,0.009899
2014-05-26,1.0961,0.013593
2014-05-27,1.0927,-0.0031019999999999997
2014-05-28,1.1067,0.012811999999999999
2014-05-29,1.0959,-0.009759
2014-05-30,1.0976,0.0015509999999999999
2014-06-03,1.0951,-0.002278
2014-06-04,1.0915,-0.003287
2014-06-05,1.1022,0.009803
2014-06-06,1.1081,0.005353
2014-06-09,1.1023,-0.005234
2014-06-10,1.1137,0.010342
2014-06-11,1.121,0.006555
2014-06-12,1.115,-0.005352
2014-06-13,1.1266,0.010404
2014-06-16,1.1327,0.005415
2014-06-17,1.1248,-0.006974
2014-06-18,1.1157,-0.00809
2014-06-19,1.1005,-0.013624
2014-06-20,1.1116,0.010086
2014-06-23,1.1186,0.0062970000000000005
2014-06-24,1.1229,0.003844
2014-06-25,1.1226,-0.00026700000000000004
2014-06-26,1.1362,0.012115
2014-06-27,1.1363,8.800000000000001e-05
2014-06-30,1.146,0.008536
2014-07-01,1.1522,0.005410000000000001
2014-07-02,1.1575,0.0046
2014-07-03,1.1607,0.002765
2014-07-04,1.1567,-0.0034460000000000003
2014-07-07,1.1489,-0.006743
2014-07-08,1.157,0.00705
2014-07-09,1.1446,-0.010717
2014-07-10,1.137,-0.00664
2014-07-11,1.1445,0.006595999999999999
2014-07-14,1.1522,0.006728
2014-07-15,1.1444,-0.006770000000000001
2014-07-16,1.1346,-0.008563
2014-07-17,1.136,0.0012339999999999999
2014-07-18,1.1383,0.0020250000000000003
2014-07-21,1.1397,0.00123
2014-07-22,1.1508,0.009739
2014-07-23,1.1424,-0.007299
2014-07-24,1.1391,-0.002889
2014-07-25,1.1426,0.003073
2014-07-28,1.1565,0.012164999999999999
2014-07-29,1.166,0.008214
2014-07-30,1.1667,0.0006
2014-07-31,1.1737,0.006
2014-08-01,1.1613,-0.010565
2014-08-04,1.1719,0.009127999999999999
2014-08-05,1.179,0.006059
2014-08-06,1.1806,0.001357
2014-08-07,1.1772,-0.0028799999999999997
2014-08-08,1.1876,0.008834999999999999
2014-08-11,1.1994,0.009936
2014-08-12,1.2033,0.0032519999999999997
2014-08-13,1.1975,-0.00482
2014-08-14,1.1934,-0.003424
2014-08-15,1.2012,0.006535999999999999
2014-08-18,1.2115,0.008575000000000001
2014-08-19,1.2118,0.000248
2014-08-20,1.21,-0.001485
2014-08-21,1.2164,0.005289
2014-08-22,1.2353,0.015538000000000001
2014-08-25,1.2263,-0.007286
2014-08-26,1.0861,-0.008317999999999999
2014-08-27,1.0859,-0.000184
2014-08-28,1.077,-0.008196
2014-08-29,1.0855,0.007892
2014-09-01,1.0986,0.012068
2014-09-02,1.1044,0.005279000000000001
2014-09-03,1.1142,0.008874
2014-09-04,1.1162,0.001795
2014-09-05,1.1214,0.004659
2014-09-09,1.1229,0.001338
2014-09-10,1.1205,-0.002137
2014-09-11,1.1203,-0.000178
2014-09-12,1.126,0.0050880000000000005
2014-09-15,1.1311,0.004529
2014-09-16,1.1007,-0.026876
2014-09-17,1.1115,0.009812
2014-09-18,1.1178,0.005667999999999999
2014-09-19,1.1245,0.005994
2014-09-22,1.1118,-0.011294
2014-09-23,1.1175,0.0051270000000000005
2014-09-24,1.1242,0.0059960000000000005
2014-09-25,1.1257,0.001334
2014-09-26,1.1293,0.003198
2014-09-29,1.1363,0.006199
2014-09-30,1.144,0.006776
2014-10-08,1.1505,0.005682
2014-10-09,1.1504,-8.7e-05
2014-10-10,1.1434,-0.006085
2014-10-13,1.1365,-0.006035
2014-10-14,1.1318,-0.004136
2014-10-15,1.1355,0.003269
2014-10-16,1.1267,-0.00775
2014-10-17,1.1182,-0.0075439999999999995
2014-10-20,1.1278,0.008585
2014-10-21,1.1241,-0.003281
2014-10-22,1.1187,-0.004804
2014-10-23,1.1082,-0.009386
2014-10-24,1.1092,0.000902
2014-10-27,1.1153,0.005499
2014-10-28,1.1329,0.015781
2014-10-29,1.1379,0.004413
2014-10-30,1.1378,-8.800000000000001e-05
2014-10-31,1.1383,0.000439
2014-11-03,1.1371,-0.001054
2014-11-04,1.127,-0.008882
2014-11-05,1.1301,0.002751
2014-11-06,1.1324,0.002035
2014-11-07,1.1292,-0.0028260000000000004
2014-11-10,1.1356,0.005667999999999999
2014-11-11,1.1174,-0.016027
2014-11-12,1.1313,0.01244
2014-11-13,1.1272,-0.003624
2014-11-14,1.1242,-0.002661
2014-11-17,1.1347,0.009340000000000001
2014-11-18,1.1396,0.004318
2014-11-19,1.146,0.0056159999999999995
2014-11-20,1.1429,-0.0027050000000000004
2014-11-21,1.1463,0.0029749999999999998
2014-11-24,1.1542,0.0068920000000000006
2014-11-25,1.1632,0.007798
2014-11-26,1.1699,0.0057599999999999995
2014-11-27,1.1728,0.0024790000000000003
2014-11-28,1.1709,-0.0016200000000000001
2014-12-01,1.1573,-0.011615
2014-12-02,1.173,0.013566
2014-12-03,1.1786,0.004774
2014-12-04,1.2015,0.01943
2014-12-05,1.1808,-0.017228
2014-12-08,1.1871,0.0053349999999999995
2014-12-09,1.1455,-0.035043000000000005
2014-12-10,1.177,0.027499
2014-12-11,1.1801,0.002634
2014-12-12,1.187,0.005847
2014-12-15,1.2015,0.012216
2014-12-16,1.2031,0.001332
2014-12-17,1.1983,-0.0039900000000000005
2014-12-18,1.1976,-0.000584
2014-12-19,1.1887,-0.007431999999999999
2014-12-22,1.1632,-0.021452
2014-12-23,1.1474,-0.013583000000000001
2014-12-24,1.1524,0.004358
2014-12-25,1.1694,0.014752000000000001
2014-12-26,1.1783,0.007611
2014-12-29,1.1729,-0.004583
2014-12-30,1.1648,-0.006906
2014-12-31,1.1833,0.015883
2015-01-05,1.2013,0.015212000000000002
2015-01-06,1.2027,0.001165
2015-01-07,1.2007,-0.001663
2015-01-08,1.1918,-0.007411999999999999
2015-01-09,1.1893,-0.002098
2015-01-12,1.1788,-0.008829
2015-01-13,1.187,0.006956
2015-01-14,1.186,-0.000842
2015-01-15,1.1971,0.009359
2015-01-16,1.2045,0.006182
2015-01-19,1.1675,-0.030718000000000002
2015-01-20,1.1973,0.025525000000000003
2015-01-21,1.2226,0.021131
2015-01-22,1.2317,0.007443
2015-01-23,1.2274,-0.003491
2015-01-26,1.2426,0.012384
2015-01-27,1.2462,0.0028970000000000003
2015-01-28,1.2346,-0.009308
2015-01-29,1.2286,-0.00486
2015-01-30,1.2214,-0.00586
2015-02-02,1.2161,-0.004339
2015-02-03,1.2297,0.011183
2015-02-04,1.2272,-0.002033
2015-02-05,1.2268,-0.00032599999999999996
2015-02-06,1.2107,-0.013124
2015-02-09,1.2041,-0.005451
2015-02-10,1.2173,0.010963
2015-02-11,1.2304,0.010762
2015-02-12,1.2424,0.009753
2015-02-13,1.2582,0.012717000000000001
2015-02-16,1.2807,0.017883
2015-02-17,1.2855,0.003748
2015-02-25,1.2786,-0.005368
2015-02-26,1.2922,0.010637
2015-02-27,1.2967,0.0034820000000000003
2015-03-02,1.3235,0.020668000000000002
2015-03-03,1.3122,-0.008538
2015-03-04,1.3315,0.014708
2015-03-05,1.3311,-0.0003
2015-03-06,1.3132,-0.013448
2015-03-09,1.3329,0.015002
2015-03-10,1.3431,0.007652
2015-03-11,1.3306,-0.009307
2015-03-12,1.3288,-0.001353
2015-03-13,1.3398,0.008278
2015-03-16,1.3743,0.025750000000000002
2015-03-17,1.3836,0.006767
2015-03-18,1.408,0.017635
2015-03-19,1.4084,0.000284
2015-03-20,1.417,0.006106
2015-03-23,1.4411,0.017008000000000002
2015-03-24,1.4551,0.009715
2015-03-25,1.4697,0.010034000000000001
2015-03-26,1.4574,-0.008369
2015-03-27,1.4628,0.003705
2015-03-30,1.4755,0.008682
2015-03-31,1.4767,0.0008129999999999999
2015-04-01,1.5126,0.024311
2015-04-02,1.5275,0.009851
2015-04-03,1.5421,0.009558
2015-04-07,1.5674,0.016406
2015-04-08,1.5572,-0.006508000000000001
2015-04-09,1.5537,-0.002248
2015-04-10,1.5917,0.024458
2015-04-13,1.618,0.016523
2015-04-14,1.6271,0.0056240000000000005
2015-04-15,1.5791,-0.029500000000000002
2015-04-16,1.593,0.008801999999999999
2015-04-17,1.5891,-0.002448
2015-04-20,1.559,-0.018942
2015-04-21,1.5941,0.022514
2015-04-22,1.6259,0.019948999999999998
2015-04-23,1.6286,0.001661
2015-04-24,1.6145,-0.008658
2015-04-27,1.6313,0.010406
2015-04-28,1.6055,-0.015816
2015-04-29,1.6171,0.0072250000000000005
2015-04-30,1.6238,0.004143
2015-05-04,1.6457,0.013487
2015-05-05,1.6097,-0.021875
2015-05-06,1.6091,-0.000373
2015-05-07,1.5855,-0.014667
2015-05-08,1.6201,0.021823000000000002
2015-05-11,1.67,0.030801
2015-05-12,1.6928,0.013653
2015-05-13,1.6916,-0.000709
2015-05-14,1.6887,-0.001714
2015-05-15,1.6883,-0.000237
2015-05-18,1.7343,0.027246000000000003
2015-05-19,1.7656,0.018047999999999998
2015-05-20,1.8035,0.021466
2015-05-21,1.8514,0.026559
2015-05-22,1.8663,0.008048
2015-05-25,1.9067,0.021647
2015-05-26,1.957,0.026381
2015-05-27,1.9718,0.007562999999999999
2015-05-28,1.8683,-0.052489999999999995
2015-05-29,1.8804,0.006475999999999999
2015-06-01,1.9708,0.048075
2015-06-02,2.0476,0.038969000000000004
2015-06-03,2.0465,-0.0005369999999999999
2015-06-04,2.0077,-0.018959
2015-06-05,2.036,0.014096
2015-06-08,2.0227,-0.006532
2015-06-09,2.0026,-0.009937
2015-06-10,2.0471,0.022221
2015-06-11,2.0728,0.012554000000000001
2015-06-12,2.1139,0.019828
2015-06-15,2.0618,-0.024645999999999998
2015-06-16,2.0017,-0.029148999999999998
2015-06-17,2.0287,0.013489
2015-06-18,1.9804,-0.023808
2015-06-19,1.8816,-0.049889
2015-06-23,1.9113,0.015784
2015-06-24,1.9511,0.020824
2015-06-25,1.9206,-0.015632
2015-06-26,1.7842,-0.071019
2015-06-29,1.704,-0.044950000000000004
2015-06-30,1.7952,0.053521
2015-07-01,1.7031,-0.051303
2015-07-02,1.6173,-0.05037899999999999
2015-07-03,1.5423,-0.046374000000000005
2015-07-06,1.518,-0.015756
2015-07-07,1.451,-0.044137
2015-07-08,1.4045,-0.032047
2015-07-09,1.4553,0.036169
2015-07-10,1.5187,0.04356499999999999
2015-07-13,1.6157,0.06387
2015-07-14,1.6563,0.025127999999999998
2015-07-15,1.5915,-0.039123
2015-07-16,1.6413,0.031291
2015-07-17,1.7195,0.047645
2015-07-20,1.7654,0.026694
2015-07-21,1.8089,0.02464
2015-07-22,1.7951,-0.007629
2015-07-23,1.8436,0.027018
2015-07-24,1.7928,-0.027555
2015-07-27,1.6928,-0.055778999999999995
2015-07-28,1.703,0.006026
2015-07-29,1.7712,0.040047
2015-07-30,1.7237,-0.026817999999999998
2015-07-31,1.7117,-0.006962
2015-08-03,1.7042,-0.004382
2015-08-04,1.7695,0.038317000000000004
2015-08-05,1.7413,-0.015937
2015-08-06,1.7219,-0.011141000000000002
2015-08-07,1.7566,0.020152
2015-08-10,1.8182,0.035068
2015-08-11,1.8123,-0.003245
2015-08-12,1.7804,-0.017602
2015-08-13,1.7995,0.010728
2015-08-14,1.7923,-0.004001
2015-08-17,1.821,0.016013
2015-08-18,1.7325,-0.048600000000000004
2015-08-19,1.7675,0.020202
2015-08-20,1.7155,-0.02942
2015-08-21,1.6404,-0.043776999999999996
2015-08-24,1.5398,-0.061327
2015-08-25,1.4633,-0.049682000000000004
2015-08-26,1.464,0.000478
2015-08-27,1.5236,0.040709999999999996
2015-08-28,1.5804,0.03728
2015-08-31,1.542,-0.024298
2015-09-01,1.4792,-0.040726000000000005
2015-09-02,1.4673,-0.008045
2015-09-07,1.4675,0.000136
2015-09-08,1.5135,0.031346
2015-09-09,1.5442,0.020284
2015-09-10,1.537,-0.004663
2015-09-11,1.5338,-0.002082
2015-09-14,1.4699,-0.041661000000000004
2015-09-15,1.4272,-0.02905
2015-09-16,1.4927,0.045894000000000004
2015-09-17,1.4716,-0.014135
2015-09-18,1.4822,0.007203
2015-09-21,1.5145,0.021792
2015-09-22,1.5199,0.0035659999999999997
2015-09-23,1.5081,-0.007764
2015-09-24,1.5256,0.011604000000000001
2015-09-25,1.4947,-0.020253999999999998
2015-09-28,1.5212,0.017728999999999998
2015-09-29,1.5104,-0.0070999999999999995
2015-09-30,1.5183,0.00523
2015-10-08,1.5676,0.032471
2015-10-09,1.5879,0.01295
2015-10-12,1.6456,0.036337
2015-10-13,1.6509,0.003221
2015-10-14,1.6223,-0.017324
2015-10-15,1.6658,0.026814
2015-10-16,1.6781,0.007383999999999999
2015-10-19,1.681,0.0017280000000000002
2015-10-20,1.7037,0.013504
2015-10-21,1.6107,-0.054587000000000004
2015-10-22,1.6643,0.033277
2015-10-23,1.7146,0.030223
2015-10-26,1.7284,0.008048999999999999
2015-10-27,1.7456,0.009951
2015-10-28,1.7182,-0.015697000000000003
2015-10-29,1.7229,0.002735
2015-10-30,1.7179,-0.002902
2015-11-02,1.6997,-0.010594
2015-11-03,1.7211,0.012589999999999999
2015-11-04,1.7822,0.035501
2015-11-05,1.7694,-0.007181999999999999
2015-11-06,1.7982,0.016277
2015-11-09,1.8158,0.009788
2015-11-10,1.8238,0.004406
2015-11-11,1.8607,0.020232
2015-11-12,1.8722,0.00618
2015-11-13,1.8206,-0.027561
2015-11-16,1.8438,0.012742999999999999
2015-11-17,1.8283,-0.008407
2015-11-18,1.8069,-0.011705
2015-11-19,1.8482,0.022857
2015-11-20,1.873,0.013418000000000001
2015-11-23,1.874,0.0005340000000000001
2015-11-24,1.9009,0.014354
2015-11-25,1.9295,0.015045999999999999
2015-11-26,1.9101,-0.010054
2015-11-27,1.8301,-0.041883
2015-11-30,1.8418,0.006392999999999999
2015-12-01,1.8461,0.0023350000000000003
2015-12-02,1.8325,-0.007367
2015-12-03,1.867,0.018827
2015-12-04,1.8591,-0.0042309999999999995
2015-12-07,1.8708,0.006293
2015-12-08,1.8367,-0.018227
2015-12-09,1.823,-0.007459
2015-12-10,1.8215,-0.000823
2015-12-11,1.8042,-0.009498
2015-12-14,1.8194,0.008425
2015-12-15,1.831,0.006376
2015-12-16,1.8417,0.005844
2015-12-17,1.8691,0.014878
2015-12-18,1.8645,-0.002461
2015-12-21,1.8773,0.006865
2015-12-22,1.8918,0.007724
2015-12-23,1.8777,-0.0074529999999999996
2015-12-24,1.8709,-0.0036209999999999997
2015-12-25,1.8719,0.000535
2015-12-28,1.8395,-0.017309
2015-12-29,1.8518,0.006686999999999999
2015-12-30,1.861,0.004968
2015-12-31,1.8399,-0.011337999999999999
2016-01-04,1.7316,-0.058862
2016-01-05,1.7247,-0.003985
2016-01-06,1.7506,0.015017
2016-01-07,1.6497,-0.057637
2016-01-08,1.6767,0.016367
2016-01-11,1.609,-0.040377
2016-01-12,1.6122,0.001989
2016-01-13,1.5718,-0.025059
2016-01-14,1.6097,0.024112
2016-01-15,1.5687,-0.025471
2016-01-18,1.5927,0.015299
2016-01-19,1.639,0.02907
2016-01-20,1.6145,-0.014948
2016-01-21,1.5644,-0.031031
2016-01-22,1.5754,0.007030999999999999
2016-01-25,1.5917,0.010347
2016-01-26,1.5174,-0.04668
2016-01-27,1.5191,0.0011200000000000001
2016-01-28,1.4841,-0.023039999999999998
2016-01-29,1.5286,0.029984999999999998
2016-02-01,1.5333,0.003075
2016-02-02,1.5704,0.024196
2016-02-03,1.5684,-0.0012740000000000002
2016-02-04,1.5868,0.011732
2016-02-05,1.5786,-0.005168000000000001
2016-02-15,1.5769,-0.001077
2016-02-16,1.6187,0.026507999999999997
2016-02-17,1.6235,0.0029649999999999998
2016-02-18,1.6192,-0.0026490000000000003
2016-02-19,1.629,0.006051999999999999
2016-02-22,1.6487,0.012093
2016-02-23,1.6531,0.0026690000000000004
2016-02-24,1.6651,0.007259
2016-02-25,1.5766,-0.05315
2016-02-26,1.5989,0.014144
2016-02-29,1.5476,-0.032085
2016-03-01,1.5787,0.020096
2016-03-02,1.6256,0.029708000000000002
2016-03-03,1.6261,0.000308
2016-03-04,1.6077,-0.011314999999999999
2016-03-07,1.6291,0.013311
2016-03-08,1.6304,0.000798
2016-03-09,1.6027,-0.01699
2016-03-10,1.5942,-0.005304
2016-03-11,1.5887,-0.00345
2016-03-14,1.6299,0.025933
2016-03-15,1.6234,-0.003988
2016-03-16,1.6087,-0.009055
2016-03-17,1.6506,0.026046
2016-03-18,1.6897,0.023687999999999997
2016-03-21,1.7194,0.017577
2016-03-22,1.7246,0.003024
2016-03-23,1.7306,0.003479
2016-03-24,1.7181,-0.007223
2016-03-25,1.7347,0.009661999999999999
2016-03-28,1.718,-0.009627
2016-03-29,1.6896,-0.016531
2016-03-30,1.7339,0.026219000000000003
2016-03-31,1.7384,0.002595
2016-04-01,1.7259,-0.0071909999999999995
2016-04-05,1.7579,0.018541000000000002
2016-04-06,1.7685,0.00603
2016-04-07,1.7429,-0.014476
2016-04-08,1.7233,-0.011246
2016-04-11,1.7463,0.013346
2016-04-12,1.736,-0.005898
2016-04-13,1.7435,0.00432
2016-04-14,1.7525,0.005162
2016-04-15,1.7514,-0.000628
2016-04-18,1.7463,-0.002912
2016-04-19,1.7518,0.00315
2016-04-20,1.6941,-0.032938
2016-04-21,1.6828,-0.006670000000000001
2016-04-22,1.6923,0.005645
2016-04-25,1.6828,-0.005614
2016-04-26,1.6913,0.005051
2016-04-27,1.6893,-0.001183
2016-04-28,1.6878,-0.000888
2016-04-29,1.6886,0.000474
2016-05-03,1.7287,0.023746999999999997
2016-05-04,1.7251,-0.002082
2016-05-05,1.7293,0.002435
2016-05-06,1.6888,-0.02342
2016-05-09,1.6545,-0.02031
2016-05-10,1.6599,0.0032640000000000004
2016-05-11,1.6692,0.005603
2016-05-12,1.6672,-0.001198
2016-05-13,1.665,-0.00132
2016-05-16,1.6838,0.011291
2016-05-17,1.6812,-0.001544
2016-05-18,1.6488,-0.019272
2016-05-19,1.6475,-0.000788
2016-05-20,1.6622,0.008923
2016-05-23,1.6739,0.007039
2016-05-24,1.6652,-0.005197
2016-05-25,1.6588,-0.0038429999999999996
2016-05-26,1.6719,0.007897
2016-05-27,1.6655,-0.003828
2016-05-30,1.6587,-0.004083
2016-05-31,1.697,0.023090000000000003
2016-06-01,1.698,0.000589
2016-06-02,1.6992,0.000707
2016-06-03,1.7222,0.013536
2016-06-06,1.7177,-0.002613
2016-06-07,1.7205,0.0016300000000000002
2016-06-08,1.7106,-0.0057540000000000004
2016-06-13,1.6629,-0.027885
2016-06-14,1.6639,0.000601
2016-06-15,1.6868,0.013763000000000001
2016-06-16,1.68,-0.004031
2016-06-17,1.6972,0.010238
2016-06-20,1.7024,0.003064
2016-06-21,1.6931,-0.005463
2016-06-22,1.7118,0.011045000000000001
2016-06-23,1.7007,-0.006484
2016-06-24,1.6938,-0.004057
2016-06-27,1.7194,0.015114
2016-06-28,1.7295,0.005874000000000001
2016-06-29,1.7269,-0.001503
2016-06-30,1.7326,0.003301
2016-07-01,1.7286,-0.002309
2016-07-04,1.7562,0.015967
2016-07-05,1.7596,0.001936
2016-07-06,1.7783,0.010627
2016-07-07,1.7835,0.002924
2016-07-08,1.776,-0.0042049999999999995
2016-07-11,1.7771,0.000619
2016-07-12,1.8084,0.017613
2016-07-13,1.8133,0.00271
2016-07-14,1.8077,-0.003088
2016-07-15,1.8082,0.000277
2016-07-18,1.8141,0.003263
2016-07-19,1.8108,-0.001819
2016-07-20,1.8068,-0.002209
2016-07-21,1.8138,0.0038740000000000003
2016-07-22,1.7966,-0.009483
2016-07-25,1.7999,0.001837
2016-07-26,1.814,0.007834
2016-07-27,1.7677,-0.025524
2016-07-28,1.7742,0.003677
2016-07-29,1.7713,-0.0016350000000000002
2016-08-01,1.7638,-0.004234
2016-08-02,1.7745,0.006066
2016-08-03,1.7868,0.006932000000000001
2016-08-04,1.7875,0.000392
2016-08-05,1.79,0.001399
2016-08-08,1.8046,0.008156
2016-08-09,1.8154,0.005985000000000001
2016-08-10,1.8036,-0.006500000000000001
2016-08-11,1.7826,-0.011642999999999999
2016-08-12,1.7986,0.008976
2016-08-15,1.8193,0.011509
2016-08-16,1.8282,0.0048920000000000005
2016-08-17,1.8231,-0.0027900000000000004
2016-08-18,1.8173,-0.003181
2016-08-19,1.8165,-0.00043999999999999996
2016-08-22,1.8057,-0.005945000000000001
2016-08-23,1.807,0.0007199999999999999
2016-08-24,1.8035,-0.0019370000000000001
2016-08-25,1.8039,0.000222
2016-08-26,1.8042,0.000166
2016-08-29,1.8085,0.002383
2016-08-30,1.8086,5.4999999999999995e-05
2016-08-31,1.8102,0.0008849999999999999
2016-09-01,1.803,-0.003977
2016-09-02,1.7947,-0.0046029999999999995
2016-09-05,1.8006,0.003287
2016-09-06,1.8155,0.008275
2016-09-07,1.8136,-0.001047
2016-09-08,1.8125,-0.000607
2016-09-09,1.8052,-0.004028
2016-09-12,1.7835,-0.012020999999999999
2016-09-13,1.7905,0.0039250000000000005
2016-09-14,1.7824,-0.004524
2016-09-19,1.7954,0.007294
2016-09-20,1.7979,0.001392
2016-09-21,1.7974,-0.000278
2016-09-22,1.8071,0.005397
2016-09-23,1.8037,-0.0018809999999999999
2016-09-26,1.7728,-0.017131
2016-09-27,1.7794,0.003723
2016-09-28,1.7795,5.6e-05
2016-09-29,1.786,0.003653
2016-09-30,1.7908,0.002688
2016-10-10,1.8146,0.01329
2016-10-11,1.8233,0.004794
2016-10-12,1.8287,0.0029620000000000002
2016-10-13,1.828,-0.000383
2016-10-14,1.8298,0.000985
2016-10-17,1.8154,-0.00787
2016-10-18,1.8335,0.00997
2016-10-19,1.8291,-0.0024
2016-10-20,1.8297,0.000328
2016-10-21,1.8244,-0.0028970000000000003
2016-10-24,1.8293,0.002686
2016-10-25,1.8343,0.0027329999999999998
2016-10-26,1.8352,0.000491
2016-10-27,1.8362,0.000545
2016-10-28,1.8337,-0.001362
2016-10-31,1.8352,0.0008179999999999999
2016-11-01,1.8494,0.007738
2016-11-02,1.8403,-0.004921
2016-11-03,1.8444,0.002228
2016-11-04,1.8414,-0.0016270000000000002
2016-11-07,1.836,-0.002933
2016-11-08,1.8448,0.004793
2016-11-09,1.8324,-0.0067220000000000005
2016-11-10,1.847,0.007968
2016-11-11,1.8479,0.000487
2016-11-14,1.8462,-0.00092
2016-11-15,1.853,0.003683
2016-11-16,1.8476,-0.002914
2016-11-17,1.847,-0.000325
2016-11-18,1.8465,-0.000271
2016-11-21,1.8454,-0.000596
2016-11-22,1.847,0.000867
2016-11-23,1.8442,-0.0015160000000000002
2016-11-24,1.8413,-0.001572
2016-11-25,1.4751,0.0015210000000000002
2016-11-28,1.4784,0.0022370000000000003
2016-11-29,1.4712,-0.00487
2016-11-30,1.4658,-0.00367
2016-12-01,1.4701,0.002934
2016-12-02,1.4578,-0.008367
2016-12-05,1.4532,-0.003155
2016-12-06,1.4659,0.008739
2016-12-07,1.471,0.003479
2016-12-08,1.469,-0.00136
2016-12-09,1.4676,-0.000953
2016-12-12,1.4175,-0.034137
2016-12-13,1.431,0.009524
2016-12-14,1.4244,-0.004612
2016-12-15,1.427,0.001825
2016-12-16,1.4341,0.004975
2016-12-19,1.4393,0.003626
2016-12-20,1.4314,-0.005489000000000001
2016-12-21,1.4429,0.008034
2016-12-22,1.4427,-0.000139
2016-12-23,1.435,-0.005337
2016-12-26,1.4397,0.003275
2016-12-27,1.4416,0.00132
2016-12-28,1.4343,-0.005064
2016-12-29,1.4334,-0.0006270000000000001
2016-12-30,1.4384,0.0034879999999999998
2016-12-31,1.4383,-7.000000000000001e-05
2017-01-03,1.4471,0.006048
2017-01-04,1.4633,0.011195
2017-01-05,1.4585,-0.00328
2017-01-06,1.4538,-0.003222
2017-01-09,1.4606,0.004677
2017-01-10,1.4586,-0.001369
2017-01-11,1.4419,-0.011449
2017-01-12,1.4326,-0.00645
2017-01-13,1.4208,-0.008237
2017-01-16,1.3957,-0.017666
2017-01-17,1.4051,0.006735
2017-01-18,1.4107,0.003985
2017-01-19,1.4063,-0.0031190000000000002
2017-01-20,1.4162,0.007039999999999999
2017-01-23,1.4289,0.008968
2017-01-24,1.426,-0.00203
2017-01-25,1.4299,0.002735
2017-01-26,1.4365,0.004616
2017-02-03,1.4307,-0.004038
2017-02-06,1.442,0.007897999999999999
2017-02-07,1.4405,-0.00104
2017-02-08,1.4471,0.004582
2017-02-09,1.4557,0.005943
2017-02-10,1.4602,0.003091
2017-02-13,1.4686,0.005753
2017-02-14,1.4666,-0.001362
2017-02-15,1.4545,-0.00825
2017-02-16,1.4671,0.008662999999999999
2017-02-17,1.4595,-0.005180000000000001
2017-02-20,1.4763,0.011511
2017-02-21,1.4849,0.005825
2017-02-22,1.4887,0.002559
2017-02-23,1.4866,-0.001411
2017-02-24,1.4838,-0.001883
2017-02-27,1.4719,-0.008020000000000001
2017-02-28,1.4769,0.003397
2017-03-01,1.4797,0.001896
2017-03-02,1.4749,-0.0032440000000000004
2017-03-03,1.4714,-0.002373
2017-03-06,1.4809,0.006456
2017-03-07,1.4857,0.003241
2017-03-08,1.4759,-0.006595999999999999
2017-03-09,1.468,-0.005353
2017-03-10,1.4676,-0.000272
2017-03-13,1.4778,0.00695
2017-03-14,1.4739,-0.0026390000000000003
2017-03-15,1.4768,0.001968
2017-03-16,1.4839,0.004808
2017-03-17,1.4759,-0.005391
2017-03-20,1.2562,0.0018290000000000001
2017-03-21,1.2619,0.004537
2017-03-22,1.2665,0.003645
2017-03-23,1.2685,0.001579
2017-03-24,1.2707,0.001734
2017-03-27,1.2646,-0.004801000000000001
2017-03-28,1.2628,-0.001423
2017-03-29,1.2567,-0.004830999999999999
2017-03-30,1.2466,-0.008036999999999999
2017-03-31,1.2558,0.00738
2017-04-05,1.2685,0.010113
2017-04-06,1.2689,0.000315
2017-04-07,1.2702,0.0010249999999999999
2017-04-10,1.2635,-0.005274999999999999
2017-04-11,1.2666,0.002454
2017-04-12,1.2681,0.0011840000000000002
2017-04-13,1.275,0.0054410000000000005
2017-04-14,1.2646,-0.008157
2017-04-17,1.2626,-0.001582
2017-04-18,1.2622,-0.000317
2017-04-19,1.2661,0.00309
2017-04-20,1.273,0.00545
2017-04-21,1.2704,-0.002042
2017-04-24,1.2578,-0.009918
2017-04-25,1.2709,0.010415
2017-04-26,1.2696,-0.001023
2017-04-27,1.2692,-0.000315
2017-04-28,1.2717,0.00197
2017-05-02,1.2685,-0.002516
2017-05-03,1.2646,-0.003074
2017-05-04,1.2579,-0.005298000000000001
2017-05-05,1.2471,-0.008586
2017-05-08,1.2341,-0.010424
2017-05-09,1.2464,0.009967
2017-05-10,1.2389,-0.006017
2017-05-11,1.2434,0.0036320000000000002
2017-05-12,1.2477,0.003458
2017-05-15,1.2488,0.000882
2017-05-16,1.2648,0.012811999999999999
2017-05-17,1.2585,-0.004981
2017-05-18,1.2562,-0.001828
2017-05-19,1.2561,-8e-05
2017-05-22,1.2479,-0.006528000000000001
2017-05-23,1.2459,-0.001603
2017-05-24,1.2466,0.000562
2017-05-25,1.2488,0.0017649999999999999
2017-05-26,1.2452,-0.002883
2017-05-31,1.245,-0.000161
2017-06-01,1.2428,-0.001767
2017-06-02,1.2428,0.0
2017-06-05,1.2452,0.001931
2017-06-06,1.2516,0.0051400000000000005
2017-06-07,1.2684,0.013423000000000001
2017-06-08,1.2746,0.004888
2017-06-09,1.2782,0.0028239999999999997
2017-06-12,1.2799,0.00133
2017-06-13,1.2873,0.005782000000000001
2017-06-14,1.2788,-0.006603
2017-06-15,1.2802,0.001095
2017-06-16,1.2785,-0.001328
2017-06-19,1.2871,0.0067269999999999995
2017-06-20,1.283,-0.003185
2017-06-21,1.2918,0.006859
2017-06-22,1.2875,-0.003329
2017-06-23,1.295,0.005825
2017-06-26,1.31,0.011583000000000001
2017-06-27,1.3105,0.00038199999999999996
2017-06-28,1.3017,-0.006715
2017-06-29,1.3074,0.004379
2017-06-30,1.3103,0.002218
2017-07-03,1.3082,-0.001603
2017-07-04,1.296,-0.009326
2017-07-05,1.3106,0.011265
2017-07-06,1.3117,0.000839
2017-07-07,1.3082,-0.002668
2017-07-10,1.3101,0.001452
2017-07-11,1.3091,-0.0007630000000000001
2017-07-12,1.3038,-0.004049
2017-07-13,1.3098,0.004602
2017-07-14,1.3112,0.0010689999999999999
2017-07-17,1.297,-0.01083
2017-07-18,1.3027,0.004395
2017-07-19,1.3154,0.009749
2017-07-20,1.3211,0.004333
2017-07-21,1.3132,-0.00598
2017-07-24,1.316,0.002132
2017-07-25,1.312,-0.0030399999999999997
2017-07-26,1.3025,-0.007241
2017-07-27,1.3102,0.005912
2017-07-28,1.3171,0.005266
2017-07-31,1.3254,0.0063019999999999994
2017-08-01,1.3386,0.009959
2017-08-02,1.3331,-0.004109
2017-08-03,1.3249,-0.006151
2017-08-04,1.3179,-0.0052829999999999995
2017-08-07,1.327,0.006905
2017-08-08,1.3315,0.003391
2017-08-09,1.3397,0.006158
2017-08-10,1.3382,-0.0011200000000000001
2017-08-11,1.3212,-0.012704
2017-08-14,1.336,0.011202
2017-08-15,1.3403,0.003219
2017-08-16,1.3411,0.000597
2017-08-17,1.3365,-0.0034300000000000003
2017-08-18,1.3423,0.00434
2017-08-21,1.3443,0.00149
2017-08-22,1.3455,0.000893
2017-08-23,1.3421,-0.0025269999999999997
2017-08-24,1.3359,-0.00462
2017-08-25,1.349,0.009806
2017-08-28,1.3618,0.009489
2017-08-29,1.3614,-0.000294
2017-08-30,1.3646,0.0023510000000000002
2017-08-31,1.3631,-0.001099
2017-09-01,1.3667,0.002641
2017-09-04,1.3667,0.0
2017-09-05,1.374,0.005341
2017-09-06,1.3716,-0.0017469999999999999
2017-09-07,1.3631,-0.006197
2017-09-08,1.3585,-0.0033750000000000004
2017-09-11,1.3575,-0.000736
2017-09-12,1.362,0.0033150000000000002
2017-09-13,1.3627,0.000514
2017-09-14,1.3542,-0.0062380000000000005
2017-09-15,1.3497,-0.003323
2017-09-18,1.3596,0.007335
2017-09-19,1.3571,-0.0018390000000000001
2017-09-20,1.3589,0.001326
2017-09-21,1.3626,0.0027229999999999997
2017-09-22,1.3627,7.3e-05
2017-09-25,1.3643,0.0011740000000000001
2017-09-26,1.3611,-0.002346
2017-09-27,1.3629,0.001322
2017-09-28,1.3681,0.0038150000000000002
2017-09-29,1.374,0.004313
2017-10-09,1.3839,0.0072050000000000005
2017-10-10,1.3873,0.002457
2017-10-11,1.3908,0.002523
2017-10-12,1.399,0.005896
2017-10-13,1.4071,0.00579
2017-10-16,1.4027,-0.0031269999999999996
2017-10-17,1.4065,0.0027089999999999996
2017-10-18,1.4198,0.009455999999999999
2017-10-19,1.4269,0.005001
2017-10-20,1.4222,-0.003294
2017-10-23,1.4288,0.004641
2017-10-24,1.4307,0.00133
2017-10-25,1.4365,0.0040539999999999994
2017-10-26,1.445,0.005917
2017-10-27,1.4579,0.008927000000000001
2017-10-30,1.4564,-0.001029
2017-10-31,1.4601,0.002541
2017-11-01,1.4582,-0.0013009999999999999
2017-11-02,1.456,-0.0015090000000000001
2017-11-03,1.453,-0.0020599999999999998
2017-11-06,1.4633,0.007089
2017-11-07,1.4726,0.0063549999999999995
2017-11-08,1.4611,-0.007809
2017-11-09,1.4759,0.010128999999999999
2017-11-10,1.5081,0.021817000000000003
2017-11-13,1.5129,0.003183
2017-11-14,1.5018,-0.007337
2017-11-15,1.4894,-0.008257
2017-11-16,1.5207,0.021015000000000002
2017-11-17,1.508,-0.008350999999999999
2017-11-20,1.5204,0.008223000000000001
2017-11-21,1.5307,0.006775
2017-11-22,1.5137,-0.011106
2017-11-23,1.4646,-0.032437
2017-11-24,1.4608,-0.002595
2017-11-27,1.4386,-0.015197
2017-11-28,1.4518,0.009176
2017-11-29,1.4459,-0.004064
2017-11-30,1.4352,-0.0074
2017-12-01,1.4425,0.005086
2017-12-04,1.4496,0.004922
2017-12-05,1.445,-0.0031730000000000005
2017-12-06,1.4486,0.0024909999999999997
2017-12-07,1.4321,-0.01139
2017-12-08,1.4509,0.013127999999999999
2017-12-11,1.4768,0.017851
2017-12-12,1.4622,-0.009886
2017-12-13,1.4745,0.008412
2017-12-14,1.4649,-0.006511
2017-12-15,1.4547,-0.0069630000000000004
2017-12-18,1.4556,0.000619
2017-12-19,1.4803,0.016969
2017-12-20,1.4832,0.001959
2017-12-21,1.494,0.007281999999999999
2017-12-22,1.4854,-0.005756
2017-12-25,1.4704,-0.010098000000000001
2017-12-26,1.4783,0.005373
2017-12-27,1.45,-0.019144
2017-12-28,1.461,0.007586000000000001
2017-12-29,1.4623,0.00089
2017-12-31,1.4623,0.0
2018-01-02,1.4774,0.010326
2018-01-03,1.4784,0.000677
2018-01-04,1.4824,0.002706
2018-01-05,1.4825,6.7e-05
2018-01-08,1.4776,-0.003305
2018-01-09,1.4957,0.01225
2018-01-10,1.4917,-0.002674
2018-01-11,1.4918,6.7e-05
2018-01-12,1.5022,0.006971000000000001
2018-01-15,1.499,-0.00213
2018-01-16,1.4987,-0.0002
2018-01-17,1.4909,-0.0052049999999999996
2018-01-18,1.4871,-0.002549
2018-01-19,1.4847,-0.001614
2018-01-22,1.4979,0.008891
2018-01-23,1.5054,0.005007
2018-01-24,1.5018,-0.002391
2018-01-25,1.4894,-0.008257
2018-01-26,1.4965,0.004767
2018-01-29,1.4608,-0.023856000000000002
2018-01-30,1.4545,-0.004313
2018-01-31,1.4538,-0.000481
2018-02-01,1.438,-0.010868
2018-02-02,1.4499,0.008275
2018-02-05,1.4419,-0.0055179999999999995
2018-02-06,1.401,-0.028365
2018-02-07,1.3875,-0.009636
2018-02-08,1.3822,-0.00382
2018-02-09,1.3349,-0.034221
2018-02-12,1.3595,0.018428
2018-02-13,1.3788,0.014196
2018-02-14,1.3916,0.009283
2018-02-22,1.4197,0.020193
2018-02-23,1.4217,0.0014089999999999999
2018-02-26,1.4491,0.019273
2018-02-27,1.4399,-0.0063490000000000005
2018-02-28,1.4284,-0.007987
2018-03-01,1.4427,0.010011
2018-03-02,1.4277,-0.010397
2018-03-05,1.4357,0.005603
2018-03-06,1.4551,0.013512999999999999
2018-03-07,1.4411,-0.009621
2018-03-08,1.458,0.011727000000000001
2018-03-09,1.4687,0.007339
2018-03-12,1.4812,0.008511
2018-03-13,1.4642,-0.011477
2018-03-14,1.4517,-0.008537
2018-03-15,1.4559,0.002893
2018-03-16,1.447,-0.0061129999999999995
2018-03-19,1.4618,0.010228
2018-03-20,1.4648,0.002052
2018-03-21,1.4554,-0.006417000000000001
2018-03-22,1.4409,-0.009963
2018-03-23,1.4041,-0.025539999999999997
2018-03-26,1.4079,0.002706
2018-03-27,1.4187,0.007671
2018-03-28,1.3982,-0.014450000000000001
2018-03-29,1.4077,0.006794
2018-03-30,1.4179,0.007246
2018-04-02,1.4171,-0.0005639999999999999
2018-04-03,1.4146,-0.001764
2018-04-04,1.4059,-0.00615
2018-04-09,1.409,0.002205
2018-04-10,1.4214,0.008801
2018-04-11,1.4252,0.002673
2018-04-12,1.4196,-0.003929
2018-04-13,1.4073,-0.008664
2018-04-16,1.3995,-0.005543
2018-04-17,1.3842,-0.010931999999999999
2018-04-18,1.3718,-0.008958
2018-04-19,1.3756,0.0027700000000000003
2018-04-20,1.3671,-0.0061790000000000005
2018-04-23,1.3632,-0.002853
2018-04-24,1.3793,0.011810000000000001
2018-04-25,1.3899,0.007685
2018-04-26,1.3715,-0.013238000000000002
2018-04-27,1.375,0.002552
2018-05-02,1.3801,0.003709
2018-05-03,1.3836,0.002536
2018-05-04,1.3884,0.003469
2018-05-07,1.4082,0.014261
2018-05-08,1.4113,0.002201
2018-05-09,1.4099,-0.000992
2018-05-10,1.42,0.007164
2018-05-11,1.4089,-0.007817
2018-05-14,1.4153,0.004543
2018-05-15,1.4263,0.007772
2018-05-16,1.4211,-0.003646
2018-05-17,1.4071,-0.009852
2018-05-18,1.4114,0.0030559999999999997
2018-05-21,1.418,0.0046760000000000005
2018-05-22,1.4284,0.007334
2018-05-23,1.4256,-0.00196
2018-05-24,1.4242,-0.000982
2018-05-25,1.4245,0.000211
2018-05-28,1.4266,0.001474
2018-05-29,1.4128,-0.009673000000000001
2018-05-30,1.3979,-0.010546
2018-05-31,1.4158,0.012805
2018-06-01,1.3921,-0.016739999999999998
2018-06-04,1.3972,0.003664
2018-06-05,1.413,0.011308
2018-06-06,1.4265,0.009554
2018-06-07,1.4228,-0.0025940000000000004
2018-06-08,1.4183,-0.0031630000000000004
2018-06-11,1.4077,-0.007474
2018-06-12,1.4272,0.013852
2018-06-13,1.4204,-0.004765
2018-06-14,1.4143,-0.004295
2018-06-15,1.4049,-0.006646
2018-06-19,1.3731,-0.022635000000000002
2018-06-20,1.3844,0.00823
2018-06-21,1.3725,-0.008596
2018-06-22,1.3733,0.000583
2018-06-25,1.1623,-0.008156
2018-06-26,1.1567,-0.004818
2018-06-27,1.1346,-0.019106
2018-06-28,1.1285,-0.005376
2018-06-29,1.1624,0.03004
2018-06-30,1.1625,0.0
2018-07-02,1.1559,-0.005592000000000001
2018-07-03,1.1565,0.000519
2018-07-04,1.1483,-0.00709
2018-07-05,1.1294,-0.016458999999999998
2018-07-06,1.1323,0.0025679999999999995
2018-07-09,1.1607,0.025082
2018-07-10,1.1651,0.003791
2018-07-11,1.1581,-0.006008
2018-07-12,1.1877,0.025559
2018-07-13,1.1932,0.004631
2018-07-16,1.193,-0.000168
2018-07-17,1.1928,-0.000168
2018-07-18,1.1887,-0.003437
2018-07-19,1.1784,-0.008665
2018-07-20,1.1857,0.006195000000000001
2018-07-23,1.1613,-0.020579
2018-07-24,1.1643,0.002583
2018-07-25,1.1758,0.009877
2018-07-26,1.1588,-0.014458
2018-07-27,1.1562,-0.002244
2018-07-30,1.1371,-0.01652
2018-07-31,1.1388,0.001495
2018-08-01,1.1278,-0.009659
2018-08-02,1.1246,-0.002837
2018-08-03,1.1004,-0.021519
2018-08-06,1.0793,-0.019175
2018-08-07,1.1039,0.022793
2018-08-08,1.0851,-0.017031
2018-08-09,1.1132,0.025896
2018-08-10,1.1194,0.00557
2018-08-13,1.1279,0.007593
2018-08-14,1.1212,-0.00594
2018-08-15,1.1004,-0.018552
2018-08-16,1.098,-0.0021809999999999998
2018-08-17,1.0757,-0.02031
2018-08-20,1.0749,-0.000744
2018-08-21,1.0981,0.021583
2018-08-22,1.094,-0.003734
2018-08-23,1.1074,0.012249000000000001
2018-08-24,1.1111,0.0033410000000000002
2018-08-27,1.1353,0.02178
2018-08-28,1.133,-0.002026
2018-08-29,1.128,-0.004413
2018-08-30,1.1202,-0.006915
2018-08-31,1.1092,-0.00982
2018-09-03,1.1103,0.000992
2018-09-04,1.1178,0.006755
2018-09-05,1.1053,-0.011183
2018-09-06,1.0976,-0.006966
2018-09-07,1.1046,0.006378
2018-09-10,1.0854,-0.017381999999999998
2018-09-11,1.0909,0.005067
2018-09-12,1.0789,-0.011000000000000001
2018-09-13,1.0813,0.002224
2018-09-14,1.0757,-0.0051790000000000004
2018-09-17,1.0634,-0.011434
2018-09-18,1.0751,0.011002000000000001
2018-09-19,1.0813,0.0057669999999999996
2018-09-20,1.0017,-0.003329
2018-09-21,1.0177,0.015973
2018-09-25,1.0183,0.0005899999999999999
2018-09-26,1.0263,0.007856
2018-09-27,1.0235,-0.002728
2018-09-28,1.029,0.005374
2018-10-08,0.9943,-0.033722
2018-10-09,0.9909,-0.0034189999999999997
2018-10-10,0.9853,-0.005651000000000001
2018-10-11,0.9417,-0.04425
2018-10-12,0.9529,0.011893
2018-10-15,0.9484,-0.0047220000000000005
2018-10-16,0.9369,-0.012126
2018-10-17,0.94,0.0033090000000000003
2018-10-18,0.9142,-0.027447
2018-10-19,0.944,0.032597
2018-10-22,0.9798,0.037924
2018-10-23,0.966,-0.014085
2018-10-24,0.9576,-0.008696
2018-10-25,0.9601,0.002611
2018-10-26,0.9475,-0.013124
2018-10-29,0.9358,-0.012348
2018-10-30,0.9445,0.009297
2018-10-31,0.9523,0.008258
2018-11-01,0.9575,0.0054600000000000004
2018-11-02,0.9869,0.030705
2018-11-05,0.9829,-0.004053
2018-11-06,0.9865,0.003663
2018-11-07,0.9883,0.001825
2018-11-08,0.9881,-0.000202
2018-11-09,0.979,-0.009210000000000001
2018-11-12,0.9941,0.015424
2018-11-13,1.0042,0.01016
2018-11-14,0.9992,-0.004979
2018-11-15,1.0093,0.010107999999999999
2018-11-16,1.0119,0.002576
2018-11-19,1.0143,0.002372
2018-11-20,0.992,-0.021986
2018-11-21,1.0012,0.009274
2018-11-22,0.9982,-0.002996
2018-11-23,0.9825,-0.015728
2018-11-26,0.9793,-0.003257
2018-11-27,0.9838,0.004595
2018-11-28,0.99,0.0063019999999999994
2018-11-29,0.9783,-0.011818
2018-11-30,0.9855,0.00736
2018-12-03,1.0123,0.027194
2018-12-04,1.0154,0.0030620000000000005
2018-12-05,1.0158,0.000394
2018-12-06,0.9867,-0.028647
2018-12-07,0.9824,-0.004358
2018-12-10,0.9738,-0.008754
2018-12-11,0.9794,0.005750999999999999
2018-12-12,0.9755,-0.003982
2018-12-13,0.9859,0.010661
2018-12-14,0.9666,-0.019576
2018-12-17,0.958,-0.008897
2018-12-18,0.9536,-0.004593
2018-12-19,0.9421,-0.01206
2018-12-20,0.943,0.000955
2018-12-21,0.9352,-0.008270999999999999
2018-12-24,0.952,0.017964
2018-12-25,0.9549,0.0030459999999999997
2018-12-26,0.9505,-0.004608
2018-12-27,0.9459,-0.00484
2018-12-28,0.9489,0.003172
2018-12-31,0.9488,0.0
2019-01-02,0.9344,-0.015281
2019-01-03,0.926,-0.00899
2019-01-04,0.9435,0.018897999999999998
2019-01-07,0.9561,0.013354999999999999
2019-01-08,0.9571,0.001046
2019-01-09,0.9594,0.002403
2019-01-10,0.9554,-0.004169
2019-01-11,0.9622,0.007117
2019-01-14,0.9545,-0.008002
2019-01-15,0.9671,0.013201000000000001
2019-01-16,0.9726,0.005687
2019-01-17,0.9672,-0.0055520000000000005
2019-01-18,0.9848,0.018197
2019-01-21,0.9905,0.005788
2019-01-22,0.9802,-0.010399
2019-01-23,0.9832,0.003061
2019-01-24,0.9897,0.0066110000000000006
2019-01-25,0.9943,0.004648
2019-01-28,0.9943,0.0
2019-01-29,0.9949,0.000603
2019-01-30,0.9832,-0.01176
2019-01-31,0.9915,0.008442
2019-02-01,1.0064,0.015028
2019-02-11,1.029,0.022456
2019-02-12,1.0347,0.005539
2019-02-13,1.0476,0.012466999999999999
2019-02-14,1.0486,0.000955
2019-02-15,1.0448,-0.003624
2019-02-18,1.0806,0.034265
2019-02-19,1.0751,-0.00509
2019-02-20,1.0806,0.005116000000000001
2019-02-21,1.0863,0.005274999999999999
2019-02-22,1.1133,0.024855000000000002
2019-02-25,1.1529,0.03557
2019-02-26,1.1497,-0.0027760000000000003
2019-02-27,1.1385,-0.009741999999999999
2019-02-28,1.1426,0.0036009999999999996
2019-03-01,1.1575,0.013040000000000001
2019-03-04,1.181,0.020301999999999997
2019-03-05,1.1956,0.012362
2019-03-06,1.1968,0.0010040000000000001
2019-03-07,1.1775,-0.016126
2019-03-08,1.1707,-0.005775
2019-03-11,1.1997,0.024772
2019-03-12,1.2091,0.007835
2019-03-13,1.1753,-0.027955
2019-03-14,1.1726,-0.002297
2019-03-15,1.1841,0.009807
2019-03-18,1.2165,0.027363
2019-03-19,1.2117,-0.003946
2019-03-20,1.2025,-0.007593
2019-03-21,1.2053,0.002328
2019-03-22,1.2013,-0.003319
2019-03-25,1.1886,-0.010572
2019-03-26,1.1746,-0.011779
2019-03-27,1.1945,0.016942
2019-03-28,1.2067,0.010213000000000002
2019-03-29,1.2444,0.031242000000000002
2019-04-01,1.2876,0.034716
2019-04-02,1.2739,-0.01064
2019-04-03,1.277,0.002433
2019-04-04,1.2921,0.011825
2019-04-08,1.2816,-0.008126
2019-04-09,1.2821,0.00039
2019-04-10,1.2889,0.005304
2019-04-11,1.2638,-0.019474
2019-04-12,1.2655,0.001345
2019-04-15,1.2626,-0.0022919999999999998
2019-04-16,1.2895,0.021305
2019-04-17,1.2976,0.006281999999999999
2019-04-18,1.2933,-0.0033139999999999997
2019-04-19,1.3055,0.009433
2019-04-22,1.31,0.003447
2019-04-23,1.3029,-0.00542
2019-04-24,1.3138,0.008366
2019-04-25,1.2995,-0.010884
2019-04-26,1.2888,-0.008234
2019-04-29,1.2826,-0.004811
2019-04-30,1.291,0.006549
2019-05-06,1.2186,-0.056081000000000006
2019-05-07,1.2228,0.003447
2019-05-08,1.2008,-0.017991
2019-05-09,1.1909,-0.008245
2019-05-10,1.2412,0.042237
2019-05-13,1.2296,-0.009346
2019-05-14,1.2264,-0.0026019999999999997
2019-05-15,1.2545,0.022913000000000003
2019-05-16,1.2504,-0.0032679999999999996
2019-05-17,1.2229,-0.021993
2019-05-20,1.1926,-0.024777
2019-05-21,1.2134,0.017440999999999998
2019-05-22,1.2149,0.0012360000000000001
2019-05-23,1.1862,-0.023622999999999998
2019-05-24,1.1829,-0.002782
2019-05-27,1.2101,0.022994
2019-05-28,1.2265,0.013552999999999999
2019-05-29,1.2253,-0.000978
2019-05-30,1.2265,0.000979
2019-05-31,1.2327,0.005055
2019-06-03,1.2412,0.006895
2019-06-04,1.2258,-0.012407
2019-06-05,1.2186,-0.005874000000000001
2019-06-06,1.1891,-0.024207999999999997
2019-06-10,1.2072,0.015222
2019-06-11,1.2388,0.026175999999999998
2019-06-12,1.228,-0.008718
2019-06-13,1.2321,0.003339
2019-06-14,1.2171,-0.012174
2019-06-17,1.2134,-0.0030399999999999997
2019-06-18,1.2296,0.013351
2019-06-19,1.2422,0.010247
2019-06-20,1.2634,0.017065999999999998
2019-06-21,1.2571,-0.004987
2019-06-24,1.2581,0.000795
2019-06-25,1.2491,-0.007154000000000001
2019-06-26,1.2653,0.012969
2019-06-27,1.2888,0.018573
2019-06-28,1.2905,0.0013189999999999999
2019-06-30,1.2904,0.0
2019-07-01,1.3291,0.029911
2019-07-02,1.3377,0.006471
2019-07-03,1.3153,-0.016745
2019-07-04,1.2976,-0.013456999999999998
2019-07-05,1.3186,0.016184
2019-07-08,1.3099,-0.0065980000000000006
2019-07-09,1.3091,-0.000611
2019-07-10,1.3033,-0.004431
2019-07-11,1.3053,0.001535
2019-07-12,1.3073,0.001532
2019-07-15,1.3288,0.016446000000000002
2019-07-16,1.3263,-0.0018809999999999999
2019-07-17,1.3265,0.000151
2019-07-18,1.3158,-0.008066
2019-07-19,1.3245,0.006612
2019-07-22,1.3152,-0.0070220000000000005
2019-07-23,1.3203,0.003878
2019-07-24,1.3366,0.012346
2019-07-25,1.3507,0.010549
2019-07-26,1.3531,0.001777
2019-07-29,1.3638,0.007908
2019-07-30,1.3642,0.000293
2019-07-31,1.3537,-0.007697000000000001
2019-08-01,1.3512,-0.0018470000000000001
2019-08-02,1.3469,-0.003182
2019-08-05,1.3351,-0.008761
2019-08-06,1.3319,-0.002397
2019-08-07,1.3322,0.000225
2019-08-08,1.3522,0.015013
2019-08-09,1.3315,-0.015307999999999999
2019-08-12,1.3615,0.022531
2019-08-13,1.3535,-0.005876
2019-08-14,1.3566,0.00229
2019-08-15,1.3532,-0.002506
2019-08-16,1.3594,0.004582
2019-08-19,1.3688,0.006915
2019-08-20,1.3683,-0.000365
2019-08-21,1.3626,-0.004166
2019-08-22,1.3651,0.001835
2019-08-23,1.373,0.005787
2019-08-26,1.368,-0.0036420000000000003
2019-08-27,1.3923,0.017763
2019-08-28,1.4031,0.007756999999999999
2019-08-29,1.4025,-0.000428
2019-08-30,1.3984,-0.0029230000000000003
2019-09-02,1.4172,0.013444000000000001
2019-09-03,1.4254,0.005786
2019-09-04,1.4188,-0.0046300000000000004
2019-09-05,1.4315,0.008951
2019-09-06,1.428,-0.002445
2019-09-09,1.4486,0.014426000000000001
2019-09-10,1.4474,-0.000828
2019-09-11,1.4261,-0.014716
2019-09-12,1.4293,0.002244
2019-09-16,1.43,0.00049
2019-09-17,1.42,-0.006993
2019-09-18,1.4274,0.005211
2019-09-19,1.4434,0.011209
2019-09-20,1.4473,0.002702
2019-09-23,1.4377,-0.006633
2019-09-24,1.4461,0.005843
2019-09-25,1.4354,-0.007399
2019-09-26,1.4018,-0.023408
2019-09-27,1.4172,0.010986000000000001
2019-09-30,1.4128,-0.003105
2019-10-08,1.4245,0.008281
2019-10-09,1.431,0.004563
2019-10-10,1.4653,0.023969
2019-10-11,1.4752,0.006756
2019-10-14,1.4791,0.002644
2019-10-15,1.4627,-0.011088
2019-10-16,1.4603,-0.0016409999999999999
2019-10-17,1.4684,0.005547
2019-10-18,1.464,-0.002996
2019-10-21,1.4573,-0.004577
2019-10-22,1.4745,0.011803
2019-10-23,1.4601,-0.009766
2019-10-24,1.4558,-0.0029449999999999997
2019-10-25,1.4765,0.014218999999999999
2019-10-28,1.4924,0.010768999999999999
2019-10-29,1.4962,0.002546
2019-10-30,1.4859,-0.006884
2019-10-31,1.483,-0.0019520000000000002
2019-11-01,1.493,0.006743
2019-11-04,1.5081,0.010114000000000001
2019-11-05,1.5143,0.004111
2019-11-06,1.5008,-0.008915
2019-11-07,1.5065,0.003798
2019-11-08,1.4972,-0.006173
2019-11-11,1.4779,-0.012891
2019-11-12,1.4843,0.00433
2019-11-13,1.4923,0.005390000000000001
2019-11-14,1.5022,0.006634
2019-11-15,1.4891,-0.008721
2019-11-18,1.4953,0.004164
2019-11-19,1.5093,0.009363
2019-11-20,1.499,-0.006824
2019-11-21,1.4905,-0.00567
2019-11-22,1.4687,-0.014625999999999998
2019-11-25,1.462,-0.004562
2019-11-26,1.4636,0.001094
2019-11-27,1.4576,-0.004099
2019-11-28,1.4562,-0.00096
2019-11-29,1.4399,-0.011193999999999999
2019-12-02,1.4399,0.0
2019-12-03,1.445,0.003542
2019-12-04,1.4426,-0.001661
2019-12-05,1.4528,0.007070999999999999
2019-12-06,1.4608,0.005507
2019-12-09,1.4547,-0.004176
2019-12-10,1.4577,0.002062
2019-12-11,1.4574,-0.000206
2019-12-12,1.4551,-0.001578
2019-12-13,1.4741,0.013058
2019-12-16,1.4785,0.002985
2019-12-17,1.4889,0.007034
2019-12-18,1.4824,-0.004366
2019-12-19,1.4797,-0.0018210000000000001
2019-12-20,1.4693,-0.0070279999999999995
2019-12-23,1.4538,-0.010549
2019-12-24,1.4652,0.007842
2019-12-25,1.4672,0.0013650000000000001
2019-12-26,1.4756,0.005725
2019-12-27,1.4831,0.005083
2019-12-30,1.4969,0.009305
2019-12-31,1.5098,0.008618
2020-01-02,1.5289,0.012650999999999999
2020-01-03,1.5293,0.000262
2020-01-06,1.5354,0.0039889999999999995
2020-01-07,1.5442,0.005731000000000001
2020-01-08,1.5322,-0.007771
2020-01-09,1.5465,0.009333000000000001
2020-01-10,1.5515,0.0032329999999999998
2020-01-13,1.5731,0.013922
2020-01-14,1.5605,-0.00801
2020-01-15,1.5592,-0.000833
2020-01-16,1.5643,0.003271
2020-01-17,1.5659,0.001023
2020-01-20,1.5787,0.008174
2020-01-21,1.5543,-0.015456000000000001
2020-01-22,1.5703,0.010294000000000001
2020-01-23,1.5224,-0.030503999999999996
2020-02-03,1.4249,-0.064044
2020-02-04,1.4738,0.034318
2020-02-05,1.4857,0.008074
2020-02-06,1.5097,0.016153999999999998
2020-02-07,1.5159,0.004107
2020-02-10,1.5313,0.010159
2020-02-11,1.5401,0.0057469999999999995
2020-02-12,1.551,0.007077
2020-02-13,1.5367,-0.00922
2020-02-14,1.5447,0.005206
2020-02-17,1.5887,0.028484
2020-02-18,1.5935,0.003021
2020-02-19,1.5951,0.0010040000000000001
2020-02-20,1.6186,0.014733000000000001
2020-02-21,1.6309,0.007599
2020-02-24,1.6585,0.016923
2020-02-25,1.6776,0.011516
2020-02-26,1.6217,-0.033321
2020-02-27,1.6344,0.007831
2020-02-28,1.5795,-0.03359
2020-03-02,1.634,0.034505
2020-03-03,1.6389,0.002999
2020-03-04,1.6399,0.00061
2020-03-05,1.6638,0.014574
2020-03-06,1.6523,-0.006912000000000001
2020-03-09,1.6146,-0.022816999999999997
2020-03-10,1.6468,0.019943
2020-03-11,1.6301,-0.010141
2020-03-12,1.6028,-0.016747
2020-03-13,1.5871,-0.009795
2020-03-16,1.5117,-0.047508
2020-03-17,1.491,-0.013693
2020-03-18,1.4678,-0.015560000000000001
2020-03-19,1.4729,0.003475
2020-03-20,1.4858,0.008758
2020-03-23,1.4378,-0.032306
2020-03-24,1.466,0.019613000000000002
2020-03-25,1.5042,0.026057
2020-03-26,1.4967,-0.004986
2020-03-27,1.4988,0.0014030000000000002
2020-03-30,1.4786,-0.013477
2020-03-31,1.4938,0.010280000000000001
2020-04-01,1.4899,-0.002611
2020-04-02,1.5124,0.015101999999999999
2020-04-03,1.4968,-0.010315000000000001
2020-04-07,1.5339,0.024786000000000002
2020-04-08,1.5359,0.0013039999999999998
2020-04-09,1.5461,0.006641
2020-04-10,1.5308,-0.009896
2020-04-13,1.5186,-0.00797
2020-04-14,1.5494,0.020282
2020-04-15,1.5407,-0.005615
2020-04-16,1.5454,0.003051
2020-04-17,1.5562,0.006987999999999999
2020-04-20,1.5748,0.011952
2020-04-21,1.5637,-0.007049
2020-04-22,1.572,0.005308
2020-04-23,1.5721,6.4e-05
2020-04-24,1.555,-0.010877
2020-04-27,1.556,0.0006429999999999999
2020-04-28,1.5694,0.008612
2020-04-29,1.5621,-0.004651
2020-04-30,1.5861,0.015364
2020-05-06,1.5932,0.004476
2020-05-07,1.5933,6.3e-05
2020-05-08,1.614,0.012991999999999998
2020-05-11,1.6099,-0.00254
2020-05-12,1.607,-0.001801
2020-05-13,1.62,0.00809
2020-05-14,1.5988,-0.013086
2020-05-15,1.5988,0.0
2020-05-18,1.6001,0.0008129999999999999
2020-05-19,1.6151,0.009374
2020-05-20,1.6017,-0.008297
2020-05-21,1.5871,-0.009115
2020-05-22,1.5548,-0.020352000000000002
2020-05-25,1.551,-0.002444
2020-05-26,1.576,0.016119
2020-05-27,1.5642,-0.007487000000000001
2020-05-28,1.559,-0.0033239999999999997
2020-05-29,1.5761,0.010969
2020-06-01,1.6219,0.029058999999999998
2020-06-02,1.6223,0.000247
2020-06-03,1.6242,0.001171
2020-06-04,1.6268,0.001601
2020-06-05,1.6282,0.000861
2020-06-08,1.6384,0.006265
2020-06-09,1.6451,0.004089
2020-06-10,1.6481,0.001824
2020-06-11,1.6348,-0.00807
2020-06-12,1.6342,-0.00036700000000000003
2020-06-15,1.6188,-0.009424
2020-06-16,1.6573,0.023783
2020-06-17,1.6588,0.000905
2020-06-18,1.6709,0.007294
2020-06-19,1.6908,0.01191
2020-06-22,1.6895,-0.0007689999999999999
2020-06-23,1.6927,0.001894
2020-06-24,1.6996,0.004076
2020-06-29,1.6985,-0.0006469999999999999
2020-06-30,1.7319,0.019664
2020-07-01,1.7448,0.007448
2020-07-02,1.756,0.006419
2020-07-03,1.7738,0.010137
2020-07-06,1.8327,0.033206
2020-07-07,1.8671,0.01877
2020-07-08,1.8994,0.0173
2020-07-09,1.9448,0.023902
2020-07-10,1.9217,-0.011878
2020-07-13,1.9729,0.026643
2020-07-14,1.9416,-0.015865
2020-07-15,1.9249,-0.008601
2020-07-16,1.8394,-0.044418
2020-07-17,1.8653,0.014081
2020-07-20,1.893,0.01485
2020-07-21,1.9078,0.007818
2020-07-22,1.9259,0.009487
2020-07-23,1.9178,-0.004206
2020-07-24,1.8314,-0.045052
2020-07-27,1.8427,0.00617
2020-07-28,1.8645,0.01183
2020-07-29,1.8972,0.017538
2020-07-30,1.8938,-0.001792
2020-07-31,1.9112,0.009188
2020-08-03,1.9305,0.010098000000000001
2020-08-04,1.9306,5.2e-05
2020-08-05,1.9537,0.011964999999999998
2020-08-06,1.958,0.002201
2020-08-07,1.9397,-0.009346
2020-08-10,1.9317,-0.004124
2020-08-11,1.9142,-0.009059000000000001
2020-08-12,1.8984,-0.008254000000000001
2020-08-13,1.8924,-0.0031609999999999997
2020-08-14,1.9089,0.008719
2020-08-17,1.9465,0.019697
2020-08-18,1.9631,0.008528
2020-08-19,1.9474,-0.007998
2020-08-20,1.9288,-0.009550999999999999
2020-08-21,1.9357,0.0035770000000000003
2020-08-24,1.9693,0.0174
2020-08-25,1.9753,0.003
2020-08-26,1.9579,-0.0088
2020-08-27,1.9677,0.005
2020-08-28,1.9996,0.016200000000000003
2020-08-31,2.01,0.0052
2020-09-01,2.0164,0.0032
2020-09-02,2.0124,-0.002
2020-09-03,1.9958,-0.008199999999999999
2020-09-04,1.9762,-0.0098
2020-09-07,1.9372,-0.0197
2020-09-08,1.9251,-0.0062
2020-09-09,1.8787,-0.0241
2020-09-10,1.8812,0.0013
2020-09-11,1.9044,0.0123
2020-09-14,1.9127,0.0044
2020-09-15,1.9369,0.0127
2020-09-16,1.9248,-0.0062
2020-09-17,1.9118,-0.0068000000000000005
2020-09-18,1.9427,0.016200000000000003
2020-09-21,1.9313,-0.0059
2020-09-22,1.9082,-0.012
2020-09-23,1.9087,0.0003
2020-09-24,1.8654,-0.0227
2020-09-25,1.8772,0.0063
2020-09-28,1.879,0.001
2020-09-29,1.8913,0.006500000000000001
2020-09-30,1.8896,-0.0009
2020-10-09,1.9281,0.0204
2020-10-12,1.9663,0.019799999999999998
2020-10-13,1.9764,0.0051
2020-10-14,1.9665,-0.005
2020-10-15,1.9512,-0.0078000000000000005
2020-10-16,1.9466,-0.0024
2020-10-19,1.9348,-0.0060999999999999995
2020-10-20,1.9517,0.0087
2020-10-21,1.9491,-0.0013
2020-10-22,1.9443,-0.0025
2020-10-23,1.9128,-0.016200000000000003
2020-10-26,1.9191,0.0033
2020-10-27,1.9304,0.0059
2020-10-28,1.958,0.0143
2020-10-29,1.9613,0.0017000000000000001
2020-10-30,1.9168,-0.0227
2020-11-02,1.9375,0.0108
2020-11-03,1.9605,0.011899999999999999
2020-11-04,1.9652,0.0024
2020-11-05,1.9967,0.016
2020-11-06,1.9911,-0.0028000000000000004
2020-11-09,2.0242,0.0166
2020-11-10,2.0037,-0.0101
2020-11-11,1.9817,-0.011000000000000001
2020-11-12,1.9921,0.0052
2020-11-13,1.9812,-0.0055000000000000005
2020-11-16,2.0082,0.013600000000000001
2020-11-17,1.9991,-0.0045000000000000005
2020-11-18,2.0015,0.0012
2020-11-19,2.0159,0.0072
2020-11-20,2.041,0.0125
2020-11-23,2.0653,0.011899999999999999
2020-11-24,2.0702,0.0024
2020-11-25,2.0251,-0.0218
2020-11-26,2.0297,0.0023
2020-11-27,2.0331,0.0017000000000000001
2020-11-30,2.0334,0.0001
2020-12-01,2.0519,0.0091
2020-12-02,2.0427,-0.0045000000000000005
2020-12-03,2.0317,-0.0054
2020-12-04,2.0517,0.0098
2020-12-07,2.0386,-0.0064
2020-12-08,2.0384,-0.0001
2020-12-09,2.017,-0.0105
2020-12-10,2.0161,-0.0004
2020-12-11,1.9988,-0.0086
2020-12-14,2.0207,0.011000000000000001
2020-12-15,2.0158,-0.0024
2020-12-16,2.0276,0.0059
2020-12-17,2.055,0.013500000000000002
2020-12-18,2.0677,0.0062
2020-12-21,2.0922,0.0118
2020-12-22,2.0614,-0.0147
2020-12-23,2.0785,0.0083
2020-12-24,2.0862,0.0037
2020-12-25,2.1135,0.0131
2020-12-28,2.1262,0.006
2020-12-29,2.1035,-0.010700000000000001
2020-12-30,2.1377,0.0163
2020-12-31,2.1556,0.0084
2021-01-04,2.1994,0.0203
2021-01-05,2.2527,0.0242
2021-01-06,2.2645,0.0052
2021-01-07,2.3071,0.018799999999999997
2021-01-08,2.2914,-0.0068000000000000005
2021-01-11,2.2816,-0.0043
2021-01-12,2.3394,0.0253
2021-01-13,2.3175,-0.009399999999999999
2021-01-14,2.2861,-0.013500000000000002
2021-01-15,2.3075,0.009399999999999999
2021-01-18,2.3596,0.0226
2021-01-19,2.3205,-0.0166
2021-01-20,2.34,0.0084
2021-01-21,2.3819,0.0179
2021-01-22,2.4115,0.0124
2021-01-25,2.4318,0.0084
2021-01-26,2.3991,-0.0134
2021-01-27,2.3941,-0.0021
2021-01-28,2.3055,-0.037000000000000005
2021-01-29,2.2899,-0.0068000000000000005
2021-02-01,2.3319,0.0183
2021-02-02,2.3714,0.0169
2021-02-03,2.3611,-0.0043
2021-02-04,2.3446,-0.006999999999999999
2021-02-05,2.3179,-0.011399999999999999
2021-02-08,2.3624,0.0192
2021-02-09,2.4313,0.0292
2021-02-10,2.4891,0.023799999999999998
2021-02-18,2.5088,0.0079
2021-02-19,2.4929,-0.0063
2021-02-22,2.4634,-0.0118
2021-02-23,2.4337,-0.0121
2021-02-24,2.3574,-0.031400000000000004
2021-02-25,2.363,0.0024
2021-02-26,2.304,-0.025
2021-03-01,2.3365,0.0141
2021-03-02,2.308,-0.012199999999999999
2021-03-03,2.3559,0.0208
2021-03-04,2.2733,-0.0351
2021-03-05,2.2567,-0.0073
2021-03-08,2.179,-0.0344
2021-03-09,2.1476,-0.0144
2021-03-10,2.1599,0.005699999999999999
2021-03-11,2.2224,0.028900000000000002
2021-03-12,2.2272,0.0022
2021-03-15,2.1913,-0.0161
2021-03-16,2.2093,0.008199999999999999
2021-03-17,2.223,0.0062
2021-03-18,2.2494,0.011899999999999999
2021-03-19,2.1851,-0.0286
2021-03-22,2.1833,-0.0008
2021-03-23,2.1534,-0.0137
2021-03-24,2.0912,-0.028900000000000002
2021-03-25,2.1103,0.0091
2021-03-26,2.1517,0.0196
2021-03-29,2.1522,0.0002
2021-03-30,2.1741,0.0102
2021-03-31,2.1439,-0.0139
2021-04-01,2.1673,0.0109
2021-04-02,2.1857,0.0085
2021-04-06,2.184,-0.0008
2021-04-07,2.1713,-0.0058
2021-04-08,2.1798,0.0039000000000000003
2021-04-09,2.1507,-0.013300000000000001
2021-04-12,2.0957,-0.0256
2021-04-13,2.0953,-0.0002
2021-04-14,2.1194,0.0115
2021-04-15,2.1152,-0.002
2021-04-16,2.1182,0.0014000000000000002
2021-04-19,2.1756,0.0271
2021-04-20,2.1763,0.0003
2021-04-21,2.1778,0.0007000000000000001
2021-04-22,2.1731,-0.0022
2021-04-23,2.1911,0.0083
2021-04-26,2.194,0.0013
2021-04-27,2.1872,-0.0031
2021-04-28,2.199,0.0054
2021-04-29,2.2104,0.0052
2021-04-30,2.2049,-0.0025
2021-05-06,2.1988,-0.0028000000000000004
2021-05-07,2.1844,-0.006500000000000001
2021-05-10,2.1831,-0.0006
2021-05-11,2.1618,-0.0098
2021-05-12,2.1655,0.0017000000000000001
2021-05-13,2.1376,-0.0129
2021-05-14,2.16,0.0105
2021-05-17,2.1966,0.0169
2021-05-18,2.2098,0.006
2021-05-19,2.2077,-0.001
2021-05-20,2.2032,-0.002
2021-05-21,2.1899,-0.006
2021-05-24,2.2037,0.0063
2021-05-25,2.2497,0.0209
2021-05-26,2.2561,0.0028000000000000004
2021-05-27,2.2588,0.0012
2021-05-28,2.2609,0.0009
2021-05-31,2.27,0.004
2021-06-01,2.2843,0.0063
2021-06-02,2.277,-0.0032
2021-06-03,2.2551,-0.0096
2021-06-04,2.2637,0.0038
2021-06-07,2.2572,-0.0029
2021-06-08,2.2281,-0.0129
2021-06-09,2.2352,0.0032
2021-06-10,2.2458,0.004699999999999999
2021-06-11,2.2354,-0.0046
2021-06-15,2.2058,-0.0132
2021-06-16,2.1629,-0.0194
2021-06-17,2.1672,0.002
2021-06-18,2.1679,0.0003
2021-06-21,2.1695,0.0007000000000000001
2021-06-22,2.177,0.0034999999999999996
2021-06-23,2.19,0.006
2021-06-24,2.1922,0.001
2021-06-25,2.226,0.0154
2021-06-28,2.2125,-0.0060999999999999995
2021-06-29,2.2019,-0.0048
2021-06-30,2.2131,0.0051
2021-07-01,2.2075,-0.0025
2021-07-02,2.1638,-0.019799999999999998
2021-07-05,2.1735,0.0045000000000000005
2021-07-06,2.1845,0.0051
2021-07-07,2.2086,0.011000000000000001
2021-07-08,2.1855,-0.0105
2021-07-09,2.1972,0.0054
2021-07-12,2.2346,0.017
2021-07-13,2.2414,0.003
2021-07-14,2.2291,-0.0055000000000000005
2021-07-15,2.2604,0.013999999999999999
2021-07-16,2.246,-0.0064
2021-07-19,2.2474,0.0006
2021-07-20,2.2311,-0.0073
2021-07-21,2.2498,0.0084
2021-07-22,2.2711,0.0095
2021-07-23,2.2456,-0.011200000000000002
2021-07-26,2.1961,-0.022000000000000002
2021-07-27,2.13,-0.0301
2021-07-28,2.1315,0.0007000000000000001
2021-07-29,2.1685,0.0174
2021-07-30,2.1473,-0.0098
2021-08-02,2.1885,0.0192
2021-08-03,2.1832,-0.0024
2021-08-04,2.1968,0.0062
2021-08-05,2.1776,-0.0087
2021-08-06,2.1744,-0.0015
2021-08-09,2.195,0.0095
2021-08-10,2.2059,0.005
2021-08-11,2.2015,-0.002
2021-08-12,2.1952,-0.0029
2021-08-13,2.1955,0.0001
2021-08-16,2.1835,-0.0055000000000000005
2021-08-17,2.1586,-0.011399999999999999
2021-08-18,2.1742,0.0072
2021-08-19,2.1668,-0.0034000000000000002
2021-08-20,2.1529,-0.0064
2021-08-23,2.163,0.004699999999999999
2021-08-24,2.1907,0.0128
2021-08-25,2.1989,0.0037
2021-08-26,2.1627,-0.0165
2021-08-27,2.1756,0.006
2021-08-30,2.1648,-0.005
2021-08-31,2.1541,-0.0049
2021-09-01,2.148,-0.0028000000000000004
2021-09-02,2.1663,0.0085
2021-09-03,2.161,-0.0024
2021-09-06,2.1902,0.013500000000000002
2021-09-07,2.2132,0.0105
2021-09-08,2.2062,-0.0032
2021-09-09,2.2099,0.0017000000000000001
2021-09-10,2.2293,0.0088
2021-09-13,2.2131,-0.0073
2021-09-14,2.201,-0.0055000000000000005
2021-09-15,2.1945,-0.003
2021-09-16,2.1596,-0.0159
2021-09-17,2.1636,0.0019
2021-09-22,2.1599,-0.0017000000000000001
2021-09-23,2.1577,-0.001
2021-09-24,2.1483,-0.0044
2021-09-27,2.1436,-0.0022
2021-09-28,2.1399,-0.0017000000000000001
2021-09-29,2.1123,-0.0129
2021-09-30,2.1361,0.0113
2021-10-08,2.1637,0.0129
2021-10-11,2.1685,0.0022
2021-10-12,2.1419,-0.0123
2021-10-13,2.1691,0.0127
2021-10-14,2.1863,0.0079
2021-10-15,2.1922,0.0027
2021-10-18,2.1854,-0.0031
2021-10-19,2.1922,0.0031
2021-10-20,2.1865,-0.0026
2021-10-21,2.1913,0.0022
2021-10-22,2.1844,-0.0031
2021-10-25,2.1921,0.0034999999999999996
2021-10-26,2.1883,-0.0017000000000000001
2021-10-27,2.1772,-0.0051
2021-10-28,2.1554,-0.01
2021-10-29,2.1693,0.0064
2021-11-01,2.1675,-0.0008
2021-11-02,2.1578,-0.0045000000000000005
2021-11-03,2.1421,-0.0073
2021-11-04,2.1618,0.0092
2021-11-05,2.1453,-0.0076
2021-11-08,2.1579,0.0059
2021-11-09,2.1649,0.0032
2021-11-10,2.149,-0.0073
2021-11-11,2.168,0.0088
2021-11-12,2.1835,0.0070999999999999995
2021-11-15,2.1686,-0.0068000000000000005
2021-11-16,2.1591,-0.0044
2021-11-17,2.1685,0.0044
2021-11-18,2.1469,-0.01
2021-11-19,2.1678,0.0097
2021-11-22,2.1821,0.0066
2021-11-23,2.1794,-0.0012
2021-11-24,2.1766,-0.0013
2021-11-25,2.1689,-0.0034999999999999996
2021-11-26,2.1619,-0.0032
2021-11-29,2.1623,0.0002
2021-11-30,2.1612,-0.0005
2021-12-01,2.1667,0.0025
2021-12-02,2.1562,-0.0048
2021-12-03,2.1782,0.0102
2021-12-06,2.1573,-0.0096
2021-12-07,2.1531,-0.0019
2021-12-08,2.1831,0.0139
2021-12-09,2.2071,0.011000000000000001
2021-12-10,2.2054,-0.0008
2021-12-13,2.2093,0.0018
2021-12-14,2.1961,-0.006
2021-12-15,2.1861,-0.0046
2021-12-16,2.1956,0.0043
2021-12-17,2.1694,-0.011899999999999999
2021-12-20,2.1399,-0.013600000000000001
2021-12-21,2.1585,0.0087
2021-12-22,2.1703,0.0055000000000000005
2021-12-23,2.1815,0.0052
2021-12-24,2.1794,-0.001
2021-12-27,2.1836,0.0019
2021-12-28,2.1976,0.0064
2021-12-29,2.1892,-0.0038
2021-12-30,2.2069,0.008100000000000001
2021-12-31,2.2286,0.0098
2022-01-04,2.235,0.0029
2022-01-05,2.2068,-0.0126
2022-01-06,2.1954,-0.0052
2022-01-07,2.1772,-0.0083
2022-01-10,2.193,0.0073
2022-01-11,2.1588,-0.015600000000000001
2022-01-12,2.1891,0.013999999999999999
2022-01-13,2.152,-0.0169
2022-01-14,2.1475,-0.0021
2022-01-17,2.1636,0.0075
2022-01-18,2.1777,0.006500000000000001
2022-01-19,2.1639,-0.0063
2022-01-20,2.1667,0.0013
2022-01-21,2.1501,-0.0077
2022-01-24,2.1613,0.0052
2022-01-25,2.1212,-0.018600000000000002
2022-01-26,2.1304,0.0043
2022-01-27,2.0849,-0.021400000000000002
2022-01-28,2.0858,0.0004
2022-02-07,2.0941,0.004
2022-02-08,2.0781,-0.0076
2022-02-09,2.1096,0.0152
2022-02-10,2.1033,-0.003
2022-02-11,2.0704,-0.015600000000000001
2022-02-14,2.0443,-0.0126
2022-02-15,2.0713,0.0132
2022-02-16,2.0748,0.0017000000000000001
2022-02-17,2.0807,0.0028000000000000004
2022-02-18,2.0825,0.0009
2022-02-21,2.0743,-0.0039000000000000003
2022-02-22,2.0504,-0.0115
2022-02-23,2.0776,0.013300000000000001
2022-02-24,2.0509,-0.0129
2022-02-25,2.0631,0.0059
2022-02-28,2.0747,0.005600000000000001
2022-03-01,2.0917,0.008199999999999999
2022-03-02,2.0771,-0.006999999999999999
2022-03-03,2.0611,-0.0077
2022-03-04,2.0396,-0.0104
2022-03-07,1.9759,-0.031200000000000002
2022-03-08,1.9418,-0.0173
2022-03-09,1.9272,-0.0075
2022-03-10,1.9583,0.0161
2022-03-11,1.9538,-0.0023
2022-03-14,1.8973,-0.028900000000000002
2022-03-15,1.8353,-0.0327
2022-03-16,1.8945,0.0323
2022-03-17,1.9187,0.0128
2022-03-18,1.9308,0.0063
2022-03-21,1.9336,0.0015
2022-03-22,1.9217,-0.0062
2022-03-23,1.9288,0.0037
2022-03-24,1.9096,-0.01
2022-03-25,1.8854,-0.0127
2022-03-28,1.878,-0.0039000000000000003
2022-03-29,1.877,-0.0005
2022-03-30,1.9198,0.022799999999999997
2022-03-31,1.8922,-0.0144
2022-04-01,1.9126,0.0108
2022-04-06,1.8944,-0.0095
2022-04-07,1.8631,-0.0165
2022-04-08,1.8615,-0.0009
2022-04-11,1.8138,-0.0256
2022-04-12,1.8487,0.0192
2022-04-13,1.8291,-0.0106
2022-04-14,1.8525,0.0128
2022-04-15,1.8499,-0.0014000000000000002
2022-04-18,1.874,0.013000000000000001
2022-04-19,1.8694,-0.0025
2022-04-20,1.8442,-0.013500000000000002
2022-04-21,1.8019,-0.0229
2022-04-22,1.7918,-0.005600000000000001
2022-04-25,1.7068,-0.047400000000000005
2022-04-26,1.6844,-0.0131
2022-04-27,1.7381,0.0319
2022-04-28,1.7437,0.0032
2022-04-29,1.7804,0.021
2022-05-05,1.7815,0.0006
2022-05-06,1.7506,-0.0173
2022-05-09,1.7389,-0.0067
2022-05-10,1.7614,0.0129
2022-05-11,1.7886,0.0154
2022-05-12,1.7884,-0.0001
2022-05-13,1.7973,0.005
2022-05-16,1.7989,0.0009
2022-05-17,1.8171,0.0101
2022-05-18,1.8025,-0.008
2022-05-19,1.8051,0.0014000000000000002
2022-05-20,1.8273,0.0123
2022-05-23,1.8228,-0.0025
2022-05-24,1.7913,-0.0173
2022-05-25,1.8148,0.0131
2022-05-26,1.8202,0.003
2022-05-27,1.8226,0.0013
2022-05-30,1.8417,0.0105
2022-05-31,1.8781,0.019799999999999998
2022-06-01,1.8766,-0.0008
2022-06-02,1.8849,0.0044
2022-06-06,1.9157,0.0163
2022-06-07,1.9239,0.0043
2022-06-08,1.9355,0.006
2022-06-09,1.9084,-0.013999999999999999
2022-06-10,1.9357,0.0143
2022-06-13,1.9231,-0.006500000000000001
2022-06-14,1.9312,0.0042
2022-06-15,1.9354,0.0022
2022-06-16,1.9509,0.008
2022-06-17,1.9765,0.0131
2022-06-20,1.9993,0.0115
2022-06-21,1.9903,-0.0045000000000000005
2022-06-22,1.9832,-0.0036
2022-06-23,2.0255,0.0213
2022-06-24,2.0492,0.011699999999999999
2022-06-27,2.0756,0.0129
2022-06-28,2.1045,0.0139
2022-06-29,2.0633,-0.0196
2022-06-30,2.1039,0.0197
2022-07-01,2.0844,-0.009300000000000001
2022-07-04,2.1102,0.0124
2022-07-05,2.1041,-0.0029
2022-07-06,2.0727,-0.0149
2022-07-07,2.0894,0.008100000000000001
2022-07-08,2.0852,-0.002
2022-07-11,2.0657,-0.009399999999999999
2022-07-12,2.04,-0.0124
2022-07-13,2.0554,0.0075
2022-07-14,2.0776,0.0108
2022-07-15,2.0575,-0.0097
2022-07-18,2.0686,0.0054
2022-07-19,2.0683,-0.0001
2022-07-20,2.0769,0.0042
2022-07-21,2.0682,-0.0042
2022-07-22,2.0639,-0.0021
2022-07-25,2.0511,-0.0062
2022-07-26,2.0768,0.0125
2022-07-27,2.0911,0.0069
2022-07-28,2.0908,-0.0001
2022-07-29,2.084,-0.0033
2022-08-01,2.0918,0.0037
2022-08-02,2.0697,-0.0106
2022-08-03,2.038,-0.015300000000000001
2022-08-04,2.0355,-0.0012
2022-08-05,2.0501,0.0072
2022-08-08,2.0554,0.0026
2022-08-09,2.056,0.0003
2022-08-10,2.0407,-0.0074
2022-08-11,2.0591,0.009000000000000001
2022-08-12,2.0447,-0.006999999999999999
2022-08-15,2.053,0.0040999999999999995
2022-08-16,2.0729,0.0097
2022-08-17,2.0872,0.0069
2022-08-18,2.0804,-0.0033
2022-08-19,2.0623,-0.0087
2022-08-22,2.0857,0.0113
2022-08-23,2.094,0.004
2022-08-24,2.0459,-0.023
2022-08-25,2.0565,0.0052
2022-08-26,2.0488,-0.0037
2022-08-29,2.0543,0.0027
2022-08-30,2.0461,-0.004
2022-08-31,2.0114,-0.017
2022-09-01,1.9957,-0.0078000000000000005
2022-09-02,2.0056,0.005
2022-09-05,2.0092,0.0018
2022-09-06,2.0351,0.0129
2022-09-07,2.0412,0.003
2022-09-08,2.0361,-0.0025
2022-09-09,2.035,-0.0005
2022-09-13,2.0531,0.0089
2022-09-14,2.0402,-0.0063
2022-09-15,1.9942,-0.0225
2022-09-16,1.9748,-0.0097
2022-09-19,1.9743,-0.0003
2022-09-20,1.9848,0.0053
2022-09-21,1.9692,-0.0079
2022-09-22,1.9641,-0.0026
2022-09-23,1.9422,-0.011200000000000002
2022-09-26,1.9433,0.0006
2022-09-27,1.9753,0.0165
2022-09-28,1.9447,-0.0155
2022-09-29,1.9395,-0.0027
2022-09-30,1.9189,-0.0106
2022-10-10,1.9007,-0.0095
2022-10-11,1.9073,0.0034999999999999996
2022-10-12,1.9377,0.0159
2022-10-13,1.9367,-0.0005
2022-10-14,1.9704,0.0174
2022-10-17,1.9745,0.0021
2022-10-18,1.9744,-0.0001
2022-10-19,1.9533,-0.010700000000000001
2022-10-20,1.9349,-0.009399999999999999
2022-10-21,1.9353,0.0002
2022-10-24,1.8938,-0.021400000000000002
2022-10-25,1.9022,0.0044
2022-10-26,1.9051,0.0015
2022-10-27,1.8889,-0.0085
2022-10-28,1.8424,-0.0246
2022-10-31,1.8384,-0.0022
2022-11-01,1.8947,0.030600000000000002
2022-11-02,1.9269,0.017
2022-11-03,1.9275,0.0003
2022-11-04,1.9728,0.0235
2022-11-07,1.9635,-0.004699999999999999
2022-11-08,1.947,-0.0084
2022-11-09,1.9309,-0.0083
2022-11-10,1.9157,-0.0079
2022-11-11,1.9414,0.0134
2022-11-14,1.9179,-0.0121
2022-11-15,1.9422,0.0127
2022-11-16,1.9277,-0.0075
2022-11-17,1.9295,0.0009
2022-11-18,1.9092,-0.0105
2022-11-21,1.9041,-0.0027
2022-11-22,1.885,-0.01
2022-11-23,1.8827,-0.0012
2022-11-24,1.8793,-0.0018
2022-11-25,1.8758,-0.0019
2022-11-28,1.8803,0.0024
2022-11-29,1.9151,0.018500000000000003
2022-11-30,1.9198,0.0025
2022-12-01,1.9289,0.004699999999999999
2022-12-02,1.9299,0.0005
2022-12-05,1.9283,-0.0008
2022-12-06,1.9354,0.0037
2022-12-07,1.9454,0.0052
2022-12-08,1.9332,-0.0063
2022-12-09,1.9406,0.0038
2022-12-12,1.9345,-0.0031
2022-12-13,1.9329,-0.0008
2022-12-14,1.9383,0.0028000000000000004
2022-12-15,1.9352,-0.0016
2022-12-16,1.9283,-0.0036
2022-12-19,1.9032,-0.013000000000000001
2022-12-20,1.8808,-0.0118
2022-12-21,1.8885,0.0040999999999999995
2022-12-22,1.8918,0.0017000000000000001
2022-12-23,1.8828,-0.0048
2022-12-26,1.9124,0.015700000000000002
2022-12-27,1.9264,0.0073
2022-12-28,1.9176,-0.0046
2022-12-29,1.9078,-0.0051
2022-12-30,1.9183,0.0055000000000000005
2022-12-31,1.9182,-0.0001
2023-01-03,1.9141,-0.0022
2023-01-04,1.9106,-0.0018
2023-01-05,1.9294,0.0098
2023-01-06,1.925,-0.0023
2023-01-09,1.9428,0.0092
2023-01-10,1.9424,-0.0002
2023-01-11,1.9313,-0.005699999999999999
2023-01-12,1.9312,-0.0001
2023-01-13,1.9519,0.010700000000000001
2023-01-16,1.973,0.0108
2023-01-17,1.9782,0.0026
2023-01-18,1.9721,-0.0031
2023-01-19,1.9767,0.0023
2023-01-20,1.9879,0.005699999999999999
2023-01-30,1.9884,0.0003
2023-01-31,1.9865,-0.001
2023-02-01,2.0004,0.006999999999999999
2023-02-02,2.003,0.0013
2023-02-03,1.9946,-0.0042
2023-02-06,1.9841,-0.0053
2023-02-07,1.9766,-0.0038
2023-02-08,1.968,-0.0044
2023-02-09,1.9902,0.0113
2023-02-10,1.9887,-0.0008
2023-02-13,2.006,0.0087
2023-02-14,2.0083,0.0011
2023-02-15,1.9949,-0.0067
2023-02-16,1.976,-0.0095
2023-02-17,1.9614,-0.0074
2023-02-20,1.9836,0.0113
2023-02-21,1.9885,0.0025
2023-02-22,1.9855,-0.0015
2023-02-23,1.9804,-0.0026
2023-02-24,1.9713,-0.0046
2023-02-27,1.9663,-0.0025
2023-02-28,1.9739,0.0039000000000000003
2023-03-01,1.9794,0.0028000000000000004
2023-03-02,1.9745,-0.0025
2023-03-03,1.9773,0.0014000000000000002
2023-03-06,1.9823,0.0025
2023-03-07,1.9523,-0.0151
2023-03-08,1.9487,-0.0018
2023-03-09,1.9393,-0.0048
2023-03-10,1.9128,-0.0137
2023-03-13,1.9305,0.009300000000000001
2023-03-14,1.9225,-0.0040999999999999995
2023-03-15,1.918,-0.0023
2023-03-16,1.8822,-0.0187
2023-03-17,1.8818,-0.0002
2023-03-20,1.8739,-0.0042
2023-03-21,1.8985,0.0131
2023-03-22,1.8983,-0.0001
2023-03-23,1.8991,0.0004
2023-03-24,1.9,0.0005
2023-03-27,1.9155,0.008199999999999999
2023-03-28,1.9103,-0.0027
2023-03-29,1.9087,-0.0008
2023-03-30,1.9281,0.0102
2023-03-31,1.9454,0.009000000000000001
2023-04-03,1.9663,0.010700000000000001
2023-04-04,1.9714,0.0026
2023-04-06,1.9766,0.0026
2023-04-07,1.9879,0.005699999999999999
2023-04-10,1.9768,-0.005600000000000001
2023-04-11,1.9708,-0.003
2023-04-12,1.9634,-0.0038
2023-04-13,1.9578,-0.0029
2023-04-14,1.9517,-0.0031
2023-04-17,1.9596,0.004
2023-04-18,1.9579,-0.0009
2023-04-19,1.9462,-0.006
2023-04-20,1.9379,-0.0043
2023-04-21,1.9021,-0.018500000000000003
2023-04-24,1.8809,-0.0111
2023-04-25,1.8721,-0.004699999999999999
2023-04-26,1.8764,0.0023
2023-04-27,1.8816,0.0028000000000000004
2023-04-28,1.8921,0.005600000000000001
2023-05-04,1.8692,-0.0121
2023-05-05,1.8585,-0.005699999999999999
2023-05-08,1.854,-0.0024
2023-05-09,1.8472,-0.0037
2023-05-10,1.8415,-0.0031
2023-05-11,1.8452,0.002
2023-05-12,1.8278,-0.009399999999999999
2023-05-15,1.8468,0.0104
2023-05-16,1.8401,-0.0036
2023-05-17,1.8402,0.0001
2023-05-18,1.8259,-0.0078000000000000005
2023-05-19,1.8291,0.0018
2023-05-22,1.8371,0.0044
2023-05-23,1.8136,-0.0128
2023-05-24,1.8014,-0.0067
2023-05-25,1.7945,-0.0038
2023-05-26,1.7993,0.0027
2023-05-29,1.7919,-0.0040999999999999995
2023-05-30,1.7958,0.0022
2023-05-31,1.792,-0.0021
2023-06-01,1.7912,-0.0004
2023-06-02,1.809,0.009899999999999999
2023-06-05,1.8012,-0.0043
2023-06-06,1.7843,-0.009399999999999999
2023-06-07,1.7852,0.0005
2023-06-08,1.8037,0.0104
2023-06-09,1.8146,0.006
2023-06-12,1.8208,0.0034000000000000002
2023-06-13,1.825,0.0023
2023-06-14,1.8266,0.0009
2023-06-15,1.8402,0.0074
2023-06-16,1.862,0.0118
2023-06-19,1.866,0.0021
2023-06-20,1.8682,0.0012
2023-06-21,1.8489,-0.0103
2023-06-26,1.8284,-0.0111
2023-06-27,1.8507,0.012199999999999999
2023-06-28,1.8396,-0.006
2023-06-29,1.8427,0.0017000000000000001
2023-06-30,1.8516,0.0048
2023-07-03,1.8733,0.011699999999999999
2023-07-04,1.8763,0.0016
2023-07-05,1.8547,-0.0115
2023-07-06,1.8592,0.0024
2023-07-07,1.8579,-0.0007000000000000001
2023-07-10,1.8625,0.0025
2023-07-11,1.8703,0.0042
2023-07-12,1.8565,-0.0074
2023-07-13,1.8727,0.0087
2023-07-14,1.8734,0.0004
2023-07-17,1.8754,0.0011
2023-07-18,1.8695,-0.0031
2023-07-19,1.8677,-0.001
2023-07-20,1.8532,-0.0078000000000000005
2023-07-21,1.8574,0.0023
2023-07-24,1.8565,-0.0005
2023-07-25,1.8752,0.0101
2023-07-26,1.8699,-0.0028000000000000004
2023-07-27,1.872,0.0011
2023-07-28,1.8867,0.0079
2023-07-31,1.9012,0.0077
2023-08-01,1.8885,-0.0067
2023-08-02,1.876,-0.0066
2023-08-03,1.8781,0.0011
2023-08-04,1.883,0.0026
2023-08-07,1.8773,-0.003
2023-08-08,1.869,-0.0044
2023-08-09,1.8534,-0.0083
2023-08-10,1.8672,0.0074
2023-08-11,1.8372,-0.0161
2023-08-14,1.8396,0.0013
2023-08-15,1.8279,-0.0064
2023-08-16,1.8115,-0.009000000000000001
2023-08-17,1.8175,0.0033
2023-08-18,1.7953,-0.012199999999999999
2023-08-21,1.7766,-0.0104
2023-08-22,1.7899,0.0075
2023-08-23,1.7623,-0.0154
2023-08-24,1.7777,0.0087
2023-08-25,1.7621,-0.0088
2023-08-28,1.7642,0.0012
2023-08-29,1.7879,0.0134
2023-08-30,1.7881,0.0001
2023-08-31,1.7817,-0.0036
2023-09-01,1.789,0.0040999999999999995
2023-09-04,1.7994,0.0058
2023-09-05,1.7888,-0.0059
2023-09-06,1.78,-0.0049
2023-09-07,1.7604,-0.011000000000000001
2023-09-08,1.7607,0.0002
2023-09-11,1.7781,0.009899999999999999
2023-09-12,1.7788,0.0004
2023-09-13,1.7601,-0.0105
2023-09-14,1.7513,-0.005
2023-09-15,1.7428,-0.0049
2023-09-18,1.7519,0.0052
2023-09-19,1.7461,-0.0033
2023-09-20,1.7401,-0.0034000000000000002
2023-09-21,1.731,-0.0052
2023-09-22,1.7565,0.0147
2023-09-25,1.7446,-0.0068000000000000005
2023-09-26,1.743,-0.0009
2023-09-27,1.7414,-0.0009
2023-09-28,1.7337,-0.0044
2023-10-09,1.718,-0.0091
2023-10-10,1.7084,-0.005600000000000001
2023-10-11,1.7041,-0.0025
2023-10-12,1.7103,0.0036
2023-10-13,1.6948,-0.0091
2023-10-16,1.6849,-0.0058
2023-10-17,1.6822,-0.0016
2023-10-18,1.6619,-0.0121
2023-10-19,1.631,-0.018600000000000002
2023-10-20,1.6158,-0.009300000000000001
2023-10-23,1.5963,-0.0121
2023-10-24,1.6078,0.0072
2023-10-25,1.6259,0.0113
2023-10-26,1.636,0.0062
2023-10-27,1.6635,0.0168
2023-10-30,1.6853,0.0131
2023-10-31,1.6762,-0.0054
2023-11-01,1.6708,-0.0032
2023-11-02,1.6597,-0.0066
2023-11-03,1.6745,0.0089
2023-11-06,1.6843,0.0059
2023-11-07,1.6824,-0.0011
2023-11-08,1.6766,-0.0034000000000000002
2023-11-09,1.6779,0.0008
2023-11-10,1.6752,-0.0016
2023-11-13,1.6781,0.0017000000000000001
2023-11-14,1.6796,0.0009
2023-11-15,1.6871,0.0045000000000000005
2023-11-16,1.6754,-0.0069
2023-11-17,1.678,0.0016
2023-11-20,1.6902,0.0073
2023-11-21,1.6881,-0.0012
2023-11-22,1.6753,-0.0076
2023-11-23,1.6818,0.0039000000000000003
2023-11-24,1.6721,-0.0058
2023-11-27,1.674,0.0011
2023-11-28,1.6707,-0.002
2023-11-29,1.6649,-0.0034999999999999996
2023-11-30,1.6656,0.0004
2023-12-01,1.6602,-0.0032
2023-12-04,1.6716,0.0069
2023-12-05,1.6459,-0.0154
2023-12-06,1.6598,0.0084
2023-12-07,1.6585,-0.0008
2023-12-08,1.6624,0.0024
2023-12-11,1.6824,0.012
2023-12-12,1.6793,-0.0018
2023-12-13,1.6568,-0.0134
2023-12-14,1.6513,-0.0033
2023-12-15,1.645,-0.0038
2023-12-18,1.6427,-0.0014000000000000002
2023-12-19,1.6424,-0.0002
2023-12-20,1.6253,-0.0104
2023-12-21,1.6378,0.0077
2023-12-22,1.6343,-0.0021
2023-12-25,1.6379,0.0022
2023-12-26,1.6254,-0.0076
2023-12-27,1.6392,0.0085
2023-12-28,1.6604,0.0129
2023-12-29,1.6714,0.0066
2023-12-31,1.6713,-0.0001
2024-01-02,1.6634,-0.004699999999999999
2024-01-03,1.6515,-0.0072
2024-01-04,1.6398,-0.0070999999999999995
2024-01-05,1.6228,-0.0104
2024-01-08,1.5981,-0.0152
2024-01-09,1.5978,-0.0002
2024-01-10,1.5867,-0.0069
2024-01-11,1.5995,0.008100000000000001
2024-01-12,1.5977,-0.0011
2024-01-15,1.5919,-0.0036
2024-01-16,1.5937,0.0011
2024-01-17,1.559,-0.0218
2024-01-18,1.5729,0.0089
2024-01-19,1.5679,-0.0032
2024-01-22,1.5297,-0.024399999999999998
2024-01-23,1.5394,0.0063
2024-01-24,1.5502,0.006999999999999999
2024-01-25,1.5752,0.0161
2024-01-26,1.5663,-0.005699999999999999
2024-01-29,1.5483,-0.0115
2024-01-30,1.5261,-0.0143
2024-01-31,1.5028,-0.015300000000000001
2024-02-01,1.511,0.0055000000000000005
2024-02-02,1.4953,-0.0104
2024-02-05,1.4906,-0.0031
2024-02-06,1.5435,0.0355
2024-02-07,1.5659,0.014499999999999999
2024-02-08,1.5852,0.0123
2024-02-19,1.6022,0.010700000000000001
2024-02-20,1.6139,0.0073
2024-02-21,1.6185,0.0029
2024-02-22,1.6305,0.0074
2024-02-23,1.6276,-0.0018
2024-02-26,1.6247,-0.0018
2024-02-27,1.6553,0.018799999999999997
2024-02-28,1.6203,-0.021099999999999997
2024-02-29,1.6509,0.0189
2024-03-01,1.6539,0.0018
2024-03-04,1.6575,0.0022
2024-03-05,1.6675,0.006
2024-03-06,1.6658,-0.001
2024-03-07,1.6577,-0.0049
2024-03-08,1.6668,0.0055000000000000005
2024-03-11,1.6797,0.0077
2024-03-12,1.6781,-0.001
2024-03-13,1.67,-0.0048
2024-03-14,1.6648,-0.0031
2024-03-15,1.6748,0.006
2024-03-18,1.6916,0.01
2024-03-19,1.6932,0.0009
2024-03-20,1.6997,0.0038
2024-03-21,1.7088,0.0054
2024-03-22,1.7027,-0.0036
2024-03-25,1.69,-0.0075
2024-03-26,1.6844,-0.0033
2024-03-27,1.6629,-0.0128
2024-03-28,1.6761,0.0079
2024-03-29,1.6998,0.0141
2024-04-01,1.7339,0.020099999999999996
2024-04-02,1.7216,-0.0070999999999999995
2024-04-03,1.7183,-0.0019
2024-04-08,1.7208,0.0015
2024-04-09,1.716,-0.0028000000000000004
2024-04-10,1.7034,-0.0073
2024-04-11,1.7012,-0.0013
2024-04-12,1.7045,0.0019
2024-04-15,1.7163,0.0069
2024-04-16,1.6899,-0.0154
2024-04-17,1.7139,0.014199999999999999
2024-04-18,1.7142,0.0002
2024-04-19,1.7025,-0.0068000000000000005
2024-04-22,1.6997,-0.0016
2024-04-23,1.6864,-0.0078000000000000005
2024-04-24,1.7028,0.0097
2024-04-25,1.6973,-0.0032
2024-04-26,1.7316,0.0202
2024-04-29,1.7447,0.0076
2024-04-30,1.7438,-0.0005
2024-05-06,1.7682,0.013999999999999999
2024-05-07,1.7644,-0.0021
2024-05-08,1.7615,-0.0016
2024-05-09,1.7759,0.008199999999999999
2024-05-10,1.7764,0.0003
2024-05-13,1.7822,0.0033
2024-05-14,1.7791,-0.0017000000000000001
2024-05-15,1.7605,-0.0105
2024-05-16,1.7602,-0.0002
2024-05-17,1.772,0.0067
2024-05-20,1.7969,0.0141
2024-05-21,1.7842,-0.0070999999999999995
2024-05-22,1.7787,-0.0031
2024-05-23,1.7575,-0.011899999999999999
2024-05-24,1.7465,-0.0063
2024-05-27,1.7661,0.011200000000000002
2024-05-28,1.7493,-0.0095
2024-05-29,1.7514,0.0012
2024-05-30,1.7453,-0.0034999999999999996
2024-05-31,1.7391,-0.0036
2024-06-03,1.752,0.0074
2024-06-04,1.7662,0.008100000000000001
2024-06-05,1.7568,-0.0053
2024-06-06,1.7589,0.0012
2024-06-07,1.7528,-0.0034999999999999996
2024-06-11,1.7433,-0.0054
2024-06-12,1.7434,0.0001
2024-06-13,1.7304,-0.0075
2024-06-14,1.7384,0.0046
2024-06-17,1.7363,-0.0012
2024-06-18,1.7428,0.0037
2024-06-19,1.7262,-0.0095
2024-06-20,1.7187,-0.0043
2024-06-21,1.7174,-0.0008
2024-06-24,1.6969,-0.011899999999999999
2024-06-25,1.6897,-0.0042
2024-06-26,1.6995,0.0058
2024-06-27,1.6802,-0.011399999999999999
2024-06-28,1.6923,0.0072
2024-06-30,1.6921,-0.0001
2024-07-01,1.7158,0.013999999999999999
2024-07-02,1.6957,-0.011699999999999999
2024-07-03,1.6829,-0.0075
2024-07-04,1.6787,-0.0025
2024-07-05,1.6829,0.0025
2024-07-08,1.6741,-0.0052
2024-07-09,1.6875,0.008
2024-07-10,1.692,0.0027
2024-07-11,1.7129,0.0124
2024-07-12,1.7049,-0.004699999999999999
2024-07-15,1.7111,0.0036
2024-07-16,1.7206,0.005600000000000001
2024-07-17,1.7089,-0.0068000000000000005
2024-07-18,1.7146,0.0033
2024-07-19,1.7152,0.0003
2024-07-22,1.7064,-0.0051
2024-07-23,1.6655,-0.024
2024-07-24,1.6522,-0.008
2024-07-25,1.6322,-0.0121
2024-07-26,1.6469,0.009000000000000001
2024-07-29,1.6355,-0.0069
2024-07-30,1.6279,-0.0046
2024-07-31,1.6656,0.0232
2024-08-01,1.6499,-0.009399999999999999
2024-08-02,1.6341,-0.0096
2024-08-05,1.6078,-0.0161
2024-08-06,1.6156,0.0049
2024-08-07,1.6086,-0.0043
2024-08-08,1.607,-0.001
2024-08-09,1.604,-0.0019
2024-08-12,1.6034,-0.0004
2024-08-13,1.6078,0.0027
2024-08-14,1.5901,-0.011000000000000001
2024-08-15,1.5963,0.0039000000000000003
2024-08-16,1.596,-0.0002
2024-08-19,1.595,-0.0006
2024-08-20,1.5768,-0.011399999999999999
2024-08-21,1.5724,-0.0028000000000000004
2024-08-22,1.5659,-0.0040999999999999995
2024-08-23,1.5662,0.0002
2024-08-26,1.561,-0.0033
2024-08-27,1.5478,-0.0085
2024-08-28,1.5509,0.002
2024-08-29,1.5559,0.0032
2024-08-30,1.5791,0.0149
2024-09-02,1.5476,-0.0199
2024-09-03,1.5604,0.0083
2024-09-04,1.5493,-0.0070999999999999995
2024-09-05,1.5511,0.0012
2024-09-06,1.5385,-0.008100000000000001
2024-09-09,1.5326,-0.0038
2024-09-10,1.5349,0.0015
2024-09-11,1.5443,0.0060999999999999995
2024-09-12,1.5372,-0.0046
2024-09-13,1.539,0.0012
2024-09-18,1.5403,0.0008
2024-09-19,1.5516,0.0073
2024-09-20,1.5478,-0.0024
2024-09-23,1.5427,-0.0033
2024-09-24,1.6009,0.0377
2024-09-25,1.6098,0.005600000000000001
2024-09-26,1.6587,0.0304
2024-09-27,1.727,0.0412
2024-09-30,1.8484,0.0703
2024-10-08,1.9346,0.0466
2024-10-09,1.8173,-0.060599999999999994
2024-10-10,1.8177,0.0002
2024-10-11,1.7667,-0.0281
2024-10-14,1.7965,0.0169
2024-10-15,1.7572,-0.0219
2024-10-16,1.7511,-0.0034999999999999996
2024-10-17,1.729,-0.0126
2024-10-18,1.7827,0.0311
2024-10-21,1.7901,0.0042
2024-10-22,1.8025,0.0069
2024-10-23,1.7963,-0.0034000000000000002
2024-10-24,1.7774,-0.0105
2024-10-25,1.7807,0.0019
2024-10-28,1.7919,0.0063
2024-10-29,1.7728,-0.010700000000000001
2024-10-30,1.7743,0.0008
2024-10-31,1.7689,-0.003
2024-11-01,1.7674,-0.0008
2024-11-04,1.786,0.0105
2024-11-05,1.8223,0.0203
2024-11-06,1.8317,0.0052
2024-11-07,1.8652,0.0183
2024-11-08,1.8548,-0.005600000000000001
2024-11-11,1.8749,0.0108
2024-11-12,1.8537,-0.0113
2024-11-13,1.8546,0.0005
2024-11-14,1.8179,-0.019799999999999998
2024-11-15,1.7841,-0.018600000000000002
2024-11-18,1.7673,-0.009399999999999999
2024-11-19,1.785,0.01
2024-11-20,1.7947,0.0054
2024-11-21,1.7927,-0.0011
2024-11-22,1.7511,-0.0232
2024-11-25,1.7391,-0.0069
2024-11-26,1.729,-0.0058
2024-11-27,1.7559,0.015600000000000001
2024-11-28,1.7441,-0.0067
2024-11-29,1.766,0.0126
2024-12-02,1.785,0.0108
2024-12-03,1.7801,-0.0027
2024-12-04,1.7675,-0.0070999999999999995
2024-12-05,1.7708,0.0019
2024-12-06,1.7828,0.0068000000000000005
2024-12-09,1.7769,-0.0033
2024-12-10,1.7904,0.0076
2024-12-11,1.796,0.0031
2024-12-12,1.8079,0.0066
2024-12-13,1.7757,-0.0178
2024-12-16,1.757,-0.0105
2024-12-17,1.7524,-0.0026
2024-12-18,1.7587,0.0036
2024-12-19,1.7608,0.0012
2024-12-20,1.7595,-0.0007000000000000001
2024-12-23,1.7432,-0.009300000000000001
2024-12-24,1.7573,0.008100000000000001
2024-12-25,1.7508,-0.0037
2024-12-26,1.767,0.009300000000000001
2024-12-27,1.7632,-0.0022
2024-12-30,1.7603,-0.0016
2024-12-31,1.7267,-0.0191
2025-01-02,1.6876,-0.0226
2025-01-03,1.664,-0.013999999999999999
2025-01-06,1.6591,-0.0029
2025-01-07,1.6795,0.0123
2025-01-08,1.6791,-0.0002
2025-01-09,1.6905,0.0068000000000000005
2025-01-10,1.6739,-0.0098
2025-01-13,1.6691,-0.0029
2025-01-14,1.7159,0.027999999999999997
2025-01-15,1.7057,-0.0059
2025-01-16,1.6996,-0.0036
2025-01-17,1.7138,0.0084
2025-01-20,1.7245,0.0062
2025-01-21,1.7477,0.013500000000000002
2025-01-22,1.7423,-0.0031
2025-01-23,1.7357,-0.0038
2025-01-24,1.7646,0.0167
2025-01-27,1.7528,-0.0067
2025-02-05,1.7684,0.0089
2025-02-06,1.8026,0.019299999999999998
2025-02-07,1.8281,0.0141
2025-02-10,1.8329,0.0026
2025-02-11,1.8273,-0.0031
2025-02-12,1.8411,0.0076
2025-02-13,1.8255,-0.0085
2025-02-14,1.8335,0.0044
2025-02-17,1.8406,0.0039000000000000003
2025-02-18,1.8144,-0.014199999999999999
2025-02-19,1.8391,0.013600000000000001
2025-02-20,1.8364,-0.0015
2025-02-21,1.8716,0.0192
2025-02-24,1.8582,-0.0072
2025-02-25,1.8481,-0.0054
2025-02-26,1.8648,0.009000000000000001
2025-02-27,1.8529,-0.0064
2025-02-28,1.7945,-0.0315
2025-03-03,1.7957,0.0007000000000000001
2025-03-04,1.8113,0.0087
2025-03-05,1.8261,0.008199999999999999
2025-03-06,1.8592,0.0181
2025-03-07,1.8512,-0.0043
2025-03-10,1.8415,-0.0052
2025-03-11,1.8318,-0.0053
2025-03-12,1.828,-0.0021
2025-03-13,1.8062,-0.011899999999999999
2025-03-14,1.848,0.0231
2025-03-17,1.846,-0.0011
2025-03-18,1.85,0.0022
2025-03-19,1.8365,-0.0073
2025-03-20,1.8242,-0.0067
2025-03-21,1.7886,-0.0195
2025-03-24,1.7951,0.0036
2025-03-25,1.7801,-0.0084
2025-03-26,1.7856,0.0031
2025-03-27,1.7972,0.006500000000000001
2025-03-28,1.7885,-0.0048
2025-03-31,1.7851,-0.0019
2025-04-01,1.7821,-0.0017000000000000001
2025-04-02,1.782,-0.0001
2025-04-03,1.763,-0.010700000000000001
2025-04-07,1.6284,-0.07629999999999999
2025-04-08,1.6279,-0.0003
2025-04-09,1.6539,0.016
2025-04-10,1.6764,0.013600000000000001
2025-04-11,1.6963,0.011899999999999999
2025-04-14,1.7035,0.0042
2025-04-15,1.6947,-0.0052
2025-04-16,1.6848,-0.0058
2025-04-17,1.6937,0.0053
2025-04-18,1.6888,-0.0029
2025-04-21,1.7087,0.0118
2025-04-22,1.6978,-0.0064
2025-04-23,1.7091,0.0067
2025-04-24,1.6985,-0.0062
2025-04-25,1.7016,0.0018
2025-04-28,1.7026,0.0006
2025-04-29,1.7131,0.0062
2025-04-30,1.7317,0.0109
2025-05-06,1.7535,0.0126
2025-05-07,1.7485,-0.0029
2025-05-08,1.7488,0.0002
2025-05-09,1.7327,-0.0092
2025-05-12,1.7532,0.0118
2025-05-13,1.752,-0.0007000000000000001
2025-05-14,1.7649,0.0074
2025-05-15,1.7397,-0.0143
2025-05-16,1.741,0.0007000000000000001
2025-05-19,1.7321,-0.0051
2025-05-20,1.7436,0.0066
2025-05-21,1.7447,0.0006
2025-05-22,1.7372,-0.0043
2025-05-23,1.7214,-0.0091
2025-05-26,1.7201,-0.0008
2025-05-27,1.7045,-0.0091
2025-05-28,1.7112,0.0039000000000000003
2025-05-29,1.7288,0.0103
2025-05-30,1.7194,-0.0054
2025-06-03,1.7274,0.004699999999999999
2025-06-04,1.7425,0.0087
2025-06-05,1.765,0.0129
2025-06-06,1.7729,0.0045000000000000005
2025-06-09,1.7841,0.0063
2025-06-10,1.7702,-0.0078000000000000005
2025-06-11,1.7845,0.008100000000000001
2025-06-12,1.7955,0.0062
2025-06-13,1.7844,-0.0062
2025-06-16,1.7912,0.0038
2025-06-17,1.7887,-0.0014000000000000002
2025-06-18,1.7989,0.005699999999999999
2025-06-19,1.789,-0.0055000000000000005
2025-06-20,1.7741,-0.0083
2025-06-23,1.7692,-0.0028000000000000004
2025-06-24,1.7964,0.0154
2025-06-25,1.8193,0.0127
2025-06-26,1.8186,-0.0004
2025-06-27,1.8311,0.0069
2025-06-30,1.8562,0.0137
2025-07-01,1.8592,0.0016
2025-07-02,1.842,-0.009300000000000001
2025-07-03,1.8576,0.0085
2025-07-04,1.8551,-0.0013
2025-07-07,1.8402,-0.008
2025-07-08,1.88,0.0216
2025-07-09,1.8752,-0.0026
2025-07-10,1.882,0.0036
2025-07-11,1.8882,0.0033
2025-07-14,1.8904,0.0012
2025-07-15,1.9477,0.030299999999999997
2025-07-16,1.951,0.0017000000000000001
2025-07-17,1.9879,0.0189
2025-07-18,1.9971,0.0046
2025-07-21,2.0091,0.006
2025-07-22,2.0213,0.0060999999999999995
2025-07-23,2.0195,-0.0009
2025-07-24,2.0342,0.0073
2025-07-25,2.0382,0.002
2025-07-28,2.0651,0.0132
2025-07-29,2.1129,0.0231
2025-07-30,2.12,0.0034000000000000002
2025-07-31,2.1091,-0.0051
2025-08-01,2.0867,-0.0106
2025-08-04,2.0977,0.0053
2025-08-05,2.1149,0.008199999999999999
2025-08-06,2.1294,0.0069
2025-08-07,2.127,-0.0011
2025-08-08,2.1232,-0.0018
2025-08-11,2.1423,0.009000000000000001
2025-08-12,2.1822,0.018600000000000002
2025-08-13,2.2681,0.0394
2025-08-14,2.2317,-0.016
2025-08-15,2.2555,0.010700000000000001
2025-08-18,2.2823,0.011899999999999999
2025-08-19,2.318,0.015600000000000001
2025-08-20,2.3318,0.006
2025-08-21,2.3281,-0.0016
2025-08-22,2.3776,0.0213
2025-08-25,2.4693,0.038599999999999995
2025-08-26,2.4567,-0.0051
2025-08-27,2.4736,0.0069
2025-08-28,2.5907,0.0473
2025-08-29,2.6267,0.0139
2025-09-01,2.7233,0.0368
2025-09-02,2.6485,-0.0275
2025-09-03,2.6733,0.009399999999999999
2025-09-04,2.5152,-0.0591
2025-09-05,2.6335,0.047
2025-09-08,2.5982,-0.0134
2025-09-09,2.5683,-0.0115
2025-09-10,2.6123,0.0171
2025-09-11,2.746,0.0512
2025-09-12,2.7328,-0.0048
2025-09-15,2.7126,-0.0074
2025-09-16,2.7322,0.0072
2025-09-17,2.7411,0.0033
2025-09-18,2.748,0.0025
2025-09-19,2.7608,0.004699999999999999
2025-09-22,2.7865,0.009300000000000001
2025-09-23,2.8078,0.0076
2025-09-24,2.8035,-0.0015
2025-09-25,2.8372,0.012
2025-09-26,2.781,-0.019799999999999998
2025-09-29,2.8511,0.0252
2025-09-30,2.8439,-0.0025
2025-10-09,2.8633,0.0068000000000000005
2025-10-10,2.7931,-0.0245
2025-10-13,2.7583,-0.0125
2025-10-14,2.6461,-0.0407
2025-10-15,2.691,0.017
2025-10-16,2.6831,-0.0029
2025-10-17,2.6154,-0.0252
2025-10-20,2.6644,0.0187
2025-10-21,2.7612,0.0363
2025-10-22,2.7623,0.0004
2025-10-23,2.7284,-0.0123
2025-10-24,2.8296,0.0371
2025-10-27,2.8909,0.0217
2025-10-28,2.8918,0.0003
2025-10-29,2.9395,0.0165
2025-10-30,2.8702,-0.0236
2025-10-31,2.8017,-0.0239
2025-11-03,2.8117,0.0036
2025-11-04,2.767,-0.0159
2025-11-05,2.7767,0.0034999999999999996
2025-11-06,2.8346,0.0209
2025-11-07,2.8212,-0.004699999999999999
2025-11-10,2.7914,-0.0106
2025-11-11,2.7474,-0.0158
2025-11-12,2.7489,0.0005
2025-11-13,2.7855,0.013300000000000001
2025-11-14,2.7209,-0.0232
2025-11-17,2.7229,0.0007000000000000001
2025-11-18,2.6923,-0.011200000000000002
2025-11-19,2.7097,0.006500000000000001
2025-11-20,2.7027,-0.0026
2025-11-21,2.6137,-0.0329
2025-11-24,2.6111,-0.001
2025-11-25,2.6676,0.0216
2025-11-26,2.7332,0.0246
2025-11-27,2.7225,-0.0039000000000000003
2025-11-28,2.7426,0.0074
2025-12-01,2.7771,0.0126
2025-12-02,2.7646,-0.0045000000000000005
2025-12-03,2.7626,-0.0007000000000000001
2025-12-04,2.7799,0.0063
2025-12-05,2.8104,0.011000000000000001
2025-12-08,2.8744,0.022799999999999997
2025-12-09,2.8829,0.003
2025-12-10,2.9008,0.0062
2025-12-11,2.8469,-0.018600000000000002
2025-12-12,2.8619,0.0053
2025-12-15,2.834,-0.0097
2025-12-16,2.7932,-0.0144
2025-12-17,2.887,0.0336
2025-12-18,2.8506,-0.0126
2025-12-19,2.8679,0.0060999999999999995
2025-12-22,2.9318,0.0223
2025-12-23,2.9287,-0.0011
2025-12-24,2.9533,0.0084
2025-12-25,2.9568,0.0012
2025-12-26,2.962,0.0018
2025-12-29,2.9599,-0.0007000000000000001
2025-12-30,2.9954,0.012
2025-12-31,2.9615,-0.0113
2026-01-05,3.0242,0.0212
2026-01-06,3.0682,0.014499999999999999
2026-01-07,3.0864,0.0059
2026-01-08,3.0437,-0.0138
2026-01-09,3.07,0.0086
2026-01-12,3.0629,-0.0023
2026-01-13,3.0511,-0.0039000000000000003
2026-01-14,3.0771,0.0085
2026-01-15,3.1084,0.0102
2026-01-16,3.1108,0.0008
2026-01-19,3.1143,0.0011
2026-01-20,3.0756,-0.0124
2026-01-21,3.1076,0.0104
2026-01-22,3.1401,0.0105
2026-01-23,3.1305,-0.0031
2026-01-26,3.1429,0.004
2026-01-27,3.151,0.0026
2026-01-28,3.2038,0.0168
2026-01-29,3.1926,-0.0034999999999999996
2026-01-30,3.1709,-0.0068000000000000005
2026-02-02,3.0576,-0.035699999999999996
2026-02-03,3.0983,0.013300000000000001
2026-02-04,3.0872,-0.0036
2026-02-05,3.037,-0.0163
2026-02-06,3.0478,0.0036
2026-02-09,3.1091,0.020099999999999996
2026-02-10,3.1166,0.0024
2026-02-11,3.1065,-0.0032
2026-02-12,3.1181,0.0037
2026-02-13,3.0658,-0.0168
2026-02-24,3.1127,0.015300000000000001
2026-02-25,3.1508,0.012199999999999999
2026-02-26,3.1714,0.006500000000000001
2026-02-27,3.1799,0.0027
2026-03-02,3.2166,0.0115
2026-03-03,3.125,-0.0285
2026-03-04,3.1015,-0.0075
2026-03-05,3.1308,0.009399999999999999
2026-03-06,3.1313,0.0002
2026-03-09,3.0715,-0.0191
2026-03-10,3.1176,0.015
2026-03-11,3.1249,0.0023
2026-03-12,3.1077,-0.0055000000000000005
2026-03-13,3.0812,-0.0085
2026-03-16,3.0497,-0.0102
2026-03-17,2.983,-0.0219
2026-03-18,3.0142,0.0105
2026-03-19,2.9362,-0.0259
2026-03-20,2.9403,0.0014000000000000002
2026-03-23,2.8571,-0.028300000000000002
2026-03-24,2.8976,0.014199999999999999
2026-03-25,2.9693,0.024700000000000003
2026-03-26,2.9311,-0.0129
2026-03-27,2.952,0.0070999999999999995
2026-03-30,2.9712,0.006500000000000001
2026-03-31,2.9145,-0.0191
2026-04-01,2.9807,0.0227
2026-04-02,2.9531,-0.009300000000000001
2026-04-03,2.9649,0.004
2026-04-07,2.9875,0.0076
2026-04-08,3.1144,0.0425
2026-04-09,3.1312,0.0054
2026-04-10,3.164,0.0105
2026-04-13,3.153,-0.0034999999999999996
2026-04-14,3.1912,0.0121
2026-04-15,3.163,-0.0088
2026-04-16,3.2335,0.0223
2026-04-17,3.2686,0.0109
2026-04-20,3.266,-0.0008
2026-04-21,3.2777,0.0036
2026-04-22,3.3409,0.019299999999999998
2026-04-23,3.3133,-0.0083
2026-04-24,3.279,-0.0104
2026-04-27,3.2921,0.004
2026-04-28,3.2693,-0.0069
2026-04-29,3.3021,0.01
2026-04-30,3.2917,-0.0031
2026-05-06,3.3463,0.0166
2026-05-07,3.4117,0.0195
2026-05-08,3.4048,-0.002
2026-05-11,3.4536,0.0143
2026-05-12,3.4941,0.011699999999999999
2026-05-13,3.5555,0.0176
2026-05-14,3.5076,-0.013500000000000002
2026-05-15,3.471,-0.0104
2026-05-18,3.4537,-0.005
2026-05-19,3.4486,-0.0015
2026-05-20,3.4651,0.0048
2026-05-21,3.4124,-0.0152
2026-05-22,3.502,0.0263
2026-05-25,3.5622,0.0172
2026-05-26,3.5935,0.0088
2026-05-27,3.5482,-0.0126
2026-05-28,3.5858,0.0106
2026-05-29,3.5418,-0.0123
2026-06-01,3.485,-0.016
2026-06-02,3.563,0.022400000000000003
2026-06-03,3.6025,0.0111
2026-06-04,3.6062,0.001
2026-06-05,3.5195,-0.024
2026-06-08,3.483,-0.0104
2026-06-09,3.5573,0.0213
2026-06-10,3.49,-0.0189
2026-06-11,3.4389,-0.0146
2026-06-12,3.4598,0.0060999999999999995
2026-06-15,3.5771,0.0339
2026-06-16,3.5731,-0.0011
2026-06-17,3.6136,0.0113
2026-06-18,3.676,0.0173
2026-06-22,3.7226,0.0127
2026-06-23,3.5966,-0.0338
2026-06-24,3.641,0.0123
2026-06-25,3.7007,0.016399999999999998
2026-06-26,3.5881,-0.0304
2026-06-29,3.5626,-0.0070999999999999995
2026-06-30,3.6228,0.0169
2026-07-01,3.5912,-0.0087
2026-07-02,3.4657,-0.0349
2026-07-03,3.5005,0.01
2026-07-06,3.4732,-0.0078000000000000005
2026-07-07,3.4454,-0.008
2026-07-08,3.3998,-0.0132
2026-07-09,3.4811,0.0239
2026-07-10,3.4092,-0.0207
2026-07-13,3.3407,-0.020099999999999996
2026-07-14,3.4493,0.0325
2026-07-15,3.4203,-0.0084
2026-07-16,3.3623,-0.017
2026-07-17,3.2118,-0.044800000000000006
2026-07-20,3.2239,0.0038
2026-07-21,3.3439,0.037200000000000004
2026-07-22,3.2924,-0.0154
2026-07-23,3.2943,0.0006
2026-07-24,3.2269,-0.020499999999999997
2026-07-27,3.2893,0.019299999999999998
2026-07-28,3.1351,-0.046900000000000004
2026-07-29,3.1598,0.0079
2026-07-30,3.071,-0.0281
2026-07-31,3.1309,0.0195
2026-08-03,3.1065,-0.0078000000000000005
2026-08-04,3.1989,0.0297
2026-08-05,3.2439,0.0141
2026-08-06,3.2584,0.0045000000000000005
2026-08-07,3.304,0.013999999999999999
