date,nav,ret
2008-12-02,1.0,0.0
2008-12-05,1.0001,0.0001
2008-12-08,1.0001,0.0
2008-12-09,1.0001,0.0
2008-12-10,1.0001,0.0
2008-12-11,1.0001,0.0
2008-12-12,1.0001,0.0
2008-12-15,1.0001,0.0
2008-12-16,1.0001,0.0
2008-12-17,1.0001,0.0
2008-12-18,1.0001,0.0
2008-12-19,1.0,-0.0001
2008-12-22,1.0005,0.0005
2008-12-23,1.0005,0.0
2008-12-24,1.0032,0.0026989999999999996
2008-12-25,1.0035,0.000299
2008-12-26,1.0032,-0.000299
2008-12-29,1.0033,0.0001
2008-12-30,1.0033,0.0
2008-12-31,1.0034,0.0001
2009-01-05,1.0036,0.000199
2009-01-06,1.0038,0.000199
2009-01-07,1.0039,0.0001
2009-01-08,1.0031,-0.000797
2009-01-09,1.0035,0.000399
2009-01-12,1.003,-0.000498
2009-01-13,1.0006,-0.002393
2009-01-14,1.0033,0.002698
2009-01-15,1.0033,0.0
2009-01-16,1.0029,-0.000399
2009-01-19,1.0013,-0.001595
2009-01-20,1.0021,0.000799
2009-01-21,1.0027,0.000599
2009-01-22,1.0039,0.001197
2009-01-23,1.0038,-0.0001
2009-02-02,1.008,0.004184
2009-02-03,1.0098,0.001786
2009-02-04,1.0115,0.001684
2009-02-05,1.0049,-0.0065249999999999996
2009-02-06,1.0168,0.011841999999999998
2009-02-09,1.0244,0.007474
2009-02-10,1.0323,0.007712
2009-02-11,1.0296,-0.002616
2009-02-12,1.0263,-0.003205
2009-02-13,1.0379,0.011303
2009-02-16,1.0423,0.004239
2009-02-17,1.0209,-0.020531999999999998
2009-02-18,0.9922,-0.028111999999999998
2009-02-19,0.9971,0.004939
2009-02-20,1.0049,0.007823
2009-02-23,1.0193,0.01433
2009-02-24,1.0048,-0.014225000000000002
2009-02-25,1.0023,-0.0024879999999999998
2009-02-26,0.9657,-0.036516
2009-02-27,0.944,-0.022471
2009-03-02,0.9555,0.012182
2009-03-03,0.9606,0.005338000000000001
2009-03-04,0.981,0.021237
2009-03-05,0.9788,-0.002243
2009-03-06,0.9763,-0.0025540000000000003
2009-03-09,0.9504,-0.026528999999999997
2009-03-10,0.957,0.0069440000000000005
2009-03-11,0.9506,-0.0066879999999999995
2009-03-12,0.951,0.000421
2009-03-13,0.9473,-0.003891
2009-03-16,0.9569,0.010134
2009-03-17,0.9787,0.022782
2009-03-18,0.9821,0.0034739999999999997
2009-03-19,0.9898,0.00784
2009-03-20,0.9821,-0.007779
2009-03-23,1.0035,0.021789999999999997
2009-03-24,1.0079,0.004385
2009-03-25,0.9887,-0.01905
2009-03-26,1.0055,0.016992
2009-03-27,1.0048,-0.000696
2009-03-30,0.9973,-0.007463999999999999
2009-03-31,1.0024,0.005114
2009-04-01,1.0126,0.010176000000000001
2009-04-02,1.0164,0.0037530000000000003
2009-04-03,1.0117,-0.004624
2009-04-07,1.0126,0.00089
2009-04-08,0.9824,-0.029824000000000003
2009-04-09,0.9967,0.014556
2009-04-10,1.0304,0.033812
2009-04-13,1.0458,0.014946
2009-04-14,1.0593,0.012908999999999999
2009-04-15,1.0647,0.005098
2009-04-16,1.0629,-0.001691
2009-04-17,1.0417,-0.019945
2009-04-20,1.0605,0.018047
2009-04-21,1.0479,-0.011881
2009-04-22,1.0003,-0.045424
2009-04-23,1.0029,0.002599
2009-04-24,1.001,-0.001895
2009-04-27,0.971,-0.02997
2009-04-28,0.9721,0.001133
2009-04-29,0.9973,0.025922999999999998
2009-04-30,1.0186,0.021358000000000002
2009-05-04,1.0396,0.020617
2009-05-05,1.0508,0.010773
2009-05-06,1.0696,0.017891
2009-05-07,1.0644,-0.004862
2009-05-08,1.0559,-0.007986
2009-05-11,1.0259,-0.028412000000000003
2009-05-12,1.0531,0.026513
2009-05-13,1.057,0.003703
2009-05-14,1.0625,0.005203
2009-05-15,1.0627,0.00018800000000000002
2009-05-18,1.0749,0.011479999999999999
2009-05-19,1.088,0.012186999999999998
2009-05-20,1.0839,-0.003768
2009-05-21,1.06,-0.02205
2009-05-22,1.0564,-0.003396
2009-05-25,1.0629,0.006153
2009-05-26,1.0549,-0.007527000000000001
2009-05-27,1.0608,0.005593
2009-06-01,1.0834,0.021305
2009-06-02,1.0899,0.006
2009-06-03,1.111,0.01936
2009-06-04,1.1177,0.006031
2009-06-05,1.1117,-0.005368
2009-06-08,1.1043,-0.006656
2009-06-09,1.1032,-0.000996
2009-06-10,1.1067,0.0031730000000000005
2009-06-11,1.0931,-0.012289000000000001
2009-06-12,1.0757,-0.015918
2009-06-15,1.0884,0.011806
2009-06-16,1.0837,-0.004318
2009-06-17,1.0983,0.013472
2009-06-18,1.1056,0.006646999999999999
2009-06-19,1.112,0.005789
2009-06-22,1.1098,-0.001978
2009-06-23,1.1104,0.000541
2009-06-24,1.1202,0.008826
2009-06-25,1.1207,0.000446
2009-06-26,1.1273,0.005889
2009-06-29,1.0704,0.011621
2009-06-30,1.0636,-0.006353
2009-07-01,1.0875,0.022471
2009-07-02,1.0953,0.0071719999999999996
2009-07-03,1.1145,0.017529
2009-07-06,1.1366,0.01983
2009-07-07,1.1276,-0.007918
2009-07-08,1.1417,0.012504
2009-07-09,1.1573,0.013664
2009-07-10,1.1658,0.007345000000000001
2009-07-13,1.1575,-0.00712
2009-07-14,1.1806,0.019957
2009-07-15,1.194,0.01135
2009-07-16,1.1957,0.001424
2009-07-17,1.2003,0.0038469999999999997
2009-07-20,1.2261,0.021495
2009-07-21,1.2095,-0.013539
2009-07-22,1.2284,0.015626
2009-07-23,1.2422,0.011234
2009-07-24,1.238,-0.0033810000000000003
2009-07-27,1.2568,0.015186
2009-07-28,1.2644,0.006047
2009-07-29,1.1862,-0.061848
2009-07-30,1.1986,0.010454000000000001
2009-07-31,1.2384,0.033205
2009-08-03,1.2686,0.024386
2009-08-04,1.2777,0.0071730000000000006
2009-08-05,1.26,-0.013852999999999999
2009-08-06,1.2281,-0.025317
2009-08-07,1.1854,-0.034769
2009-08-10,1.1961,0.009026
2009-08-11,1.1939,-0.0018390000000000001
2009-08-12,1.1425,-0.043052
2009-08-13,1.1487,0.0054269999999999995
2009-08-14,1.1114,-0.032471
2009-08-17,1.0372,-0.066763
2009-08-18,1.056,0.018126
2009-08-19,1.0094,-0.044128999999999995
2009-08-20,1.0478,0.038042
2009-08-21,1.0738,0.024814
2009-08-24,1.0904,0.015459
2009-08-25,1.0666,-0.021827
2009-08-26,1.0952,0.026814
2009-08-27,1.0895,-0.0052049999999999996
2009-08-28,1.0578,-0.029096
2009-08-31,0.9883,-0.065702
2009-09-01,0.976,-0.012445999999999999
2009-09-02,0.9808,0.0049180000000000005
2009-09-03,1.0286,0.048735999999999995
2009-09-04,1.0404,0.011472
2009-09-07,1.0485,0.007784999999999999
2009-09-08,1.073,0.023367
2009-09-09,1.0809,0.007363
2009-09-10,1.0696,-0.010454000000000001
2009-09-11,1.0851,0.014491
2009-09-14,1.1034,0.016865
2009-09-15,1.1079,0.004078
2009-09-16,1.0998,-0.007311
2009-09-17,1.1182,0.016730000000000002
2009-09-18,1.084,-0.030585
2009-09-21,1.096,0.01107
2009-09-22,1.0816,-0.013139000000000001
2009-09-23,1.0535,-0.02598
2009-09-24,1.0529,-0.00057
2009-09-25,1.0482,-0.004464
2009-09-28,1.0274,-0.019844
2009-09-29,1.0227,-0.004575
2009-09-30,1.031,0.008116
2009-10-09,1.0721,0.039864000000000004
2009-10-12,1.0758,0.003451
2009-10-13,1.0875,0.010875999999999999
2009-10-14,1.0947,0.006621
2009-10-15,1.104,0.008495
2009-10-16,1.1135,0.008605
2009-10-19,1.1395,0.02335
2009-10-20,1.1453,0.00509
2009-10-21,1.1381,-0.006287
2009-10-22,1.131,-0.0062380000000000005
2009-10-23,1.1425,0.010168
2009-10-26,1.1459,0.002976
2009-10-27,1.1223,-0.020595
2009-10-28,1.1247,0.0021379999999999997
2009-10-29,1.1084,-0.014493
2009-10-30,1.1182,0.008842
2009-11-02,1.1574,0.035056
2009-11-03,1.1731,0.013565
2009-11-04,1.1725,-0.000511
2009-11-05,1.1742,0.00145
2009-11-06,1.1823,0.006898
2009-11-09,1.191,0.007359
2009-11-10,1.1995,0.007137
2009-11-11,1.1976,-0.0015840000000000001
2009-11-12,1.2025,0.004092
2009-11-13,1.21,0.006237
2009-11-16,1.2389,0.023884
2009-11-17,1.2394,0.000404
2009-11-18,1.2363,-0.0025009999999999998
2009-11-19,1.2425,0.0050149999999999995
2009-11-20,1.242,-0.000402
2009-11-23,1.2537,0.00942
2009-11-24,1.1023,-0.025046
2009-11-25,1.1382,0.032568
2009-11-26,1.098,-0.035318999999999996
2009-11-27,1.0658,-0.029325999999999998
2009-11-30,1.1055,0.037249
2009-12-01,1.1257,0.018272
2009-12-02,1.1326,0.00613
2009-12-03,1.1386,0.005298000000000001
2009-12-04,1.131,-0.0066749999999999995
2009-12-07,1.1399,0.007869000000000001
2009-12-08,1.1343,-0.004913
2009-12-09,1.1164,-0.015781
2009-12-10,1.1213,0.0043890000000000005
2009-12-11,1.1231,0.001605
2009-12-14,1.1292,0.005431
2009-12-15,1.1255,-0.003277
2009-12-16,1.1179,-0.006753
2009-12-17,1.0827,-0.031488
2009-12-18,1.0531,-0.027339000000000002
2009-12-21,1.0569,0.003608
2009-12-22,1.0351,-0.020626000000000002
2009-12-23,1.0524,0.016713
2009-12-24,1.0842,0.030217
2009-12-25,1.0898,0.0051649999999999995
2009-12-28,1.1082,0.016884
2009-12-29,1.1138,0.005052999999999999
2009-12-30,1.1132,-0.000539
2009-12-31,1.1171,0.003503
2010-01-04,1.1155,-0.001432
2010-01-05,1.1243,0.007889
2010-01-06,1.1187,-0.004981
2010-01-07,1.0936,-0.022437
2010-01-08,1.0969,0.0030180000000000003
2010-01-11,1.0963,-0.000547
2010-01-12,1.1135,0.015688999999999998
2010-01-13,1.0968,-0.014998000000000001
2010-01-14,1.1175,0.018873
2010-01-15,1.1225,0.0044740000000000005
2010-01-18,1.133,0.009354
2010-01-19,1.135,0.0017649999999999999
2010-01-20,1.0988,-0.031894
2010-01-21,1.0981,-0.0006370000000000001
2010-01-22,1.0749,-0.021126999999999996
2010-01-25,1.0647,-0.009489
2010-01-26,1.0369,-0.026111
2010-01-27,1.0269,-0.009644
2010-01-28,1.0331,0.006038
2010-01-29,1.0443,0.010841
2010-02-01,1.0397,-0.004405
2010-02-02,1.0333,-0.006156
2010-02-03,1.0404,0.006871
2010-02-04,1.0353,-0.004902
2010-02-05,1.025,-0.009949
2010-02-08,1.0219,-0.003024
2010-02-09,1.0209,-0.000979
2010-02-10,1.0331,0.01195
2010-02-11,1.0299,-0.003097
2010-02-12,1.0409,0.010681000000000001
2010-02-22,1.0415,0.000576
2010-02-23,1.044,0.0024
2010-02-24,1.0622,0.017433
2010-02-25,1.0753,0.012333
2010-02-26,1.073,-0.0021390000000000003
2010-03-01,1.0824,0.00876
2010-03-02,1.0786,-0.0035110000000000002
2010-03-03,1.0857,0.006583
2010-03-04,1.056,-0.027356
2010-03-05,1.0561,9.499999999999999e-05
2010-03-08,1.0637,0.007196
2010-03-09,1.0625,-0.0011279999999999999
2010-03-10,1.0517,-0.010165
2010-03-11,1.045,-0.006371
2010-03-12,1.0311,-0.013301
2010-03-15,1.021,-0.009795
2010-03-16,1.026,0.004897
2010-03-17,1.0495,0.022904
2010-03-18,1.0524,0.002763
2010-03-19,1.0583,0.005606
2010-03-22,1.0646,0.005953000000000001
2010-03-23,1.0624,-0.002067
2010-03-24,1.0621,-0.00028199999999999997
2010-03-25,1.048,-0.013276
2010-03-26,1.0606,0.012022999999999999
2010-03-29,1.0737,0.012351
2010-03-30,1.0792,0.005122
2010-03-31,1.0789,-0.000278
2010-04-01,1.0941,0.014088
2010-04-02,1.0998,0.00521
2010-04-06,1.0983,-0.001364
2010-04-07,1.101,0.002458
2010-04-08,1.1039,0.002634
2010-04-09,1.1217,0.016125
2010-04-12,1.1274,0.005082
2010-04-13,1.1101,-0.015345
2010-04-14,1.1177,0.006846
2010-04-15,1.1066,-0.009931
2010-04-16,1.1056,-0.000904
2010-04-19,1.0715,-0.030843
2010-04-20,1.0947,0.021652
2010-04-21,1.1256,0.028227000000000002
2010-04-22,1.1337,0.007196
2010-04-23,1.1231,-0.00935
2010-04-26,1.1218,-0.001158
2010-04-27,1.1,-0.019433
2010-04-28,1.0966,-0.003091
2010-04-29,1.0668,-0.027174999999999998
2010-04-30,1.0387,-0.02634
2010-05-04,1.0505,0.011359999999999999
2010-05-05,1.0828,0.030747
2010-05-06,1.0685,-0.013207
2010-05-07,1.0542,-0.013383
2010-05-10,1.0127,-0.039366
2010-05-11,0.9883,-0.024094
2010-05-12,0.9562,-0.03248
2010-05-13,0.9807,0.025622
2010-05-14,0.9887,0.008157
2010-05-17,0.9512,-0.037929
2010-05-18,0.9656,0.015139
2010-05-19,0.9757,0.01046
2010-05-20,0.9562,-0.019986
2010-05-21,0.9825,0.027505
2010-05-24,1.0161,0.034198
2010-05-25,1.0235,0.0072829999999999995
2010-05-26,1.0183,-0.005081
2010-05-27,1.0379,0.019248
2010-05-28,1.0447,0.006552
2010-05-31,1.0272,-0.016751000000000002
2010-06-01,1.0069,-0.019762
2010-06-02,1.0144,0.007449
2010-06-03,1.0091,-0.005225
2010-06-04,1.0154,0.006242999999999999
2010-06-07,1.0186,0.0031509999999999997
2010-06-08,1.0265,0.007756
2010-06-09,1.0417,0.014807999999999998
2010-06-10,1.0505,0.008448
2010-06-11,1.0418,-0.008282000000000001
2010-06-17,1.0196,-0.021309
2010-06-18,0.976,-0.042762
2010-06-21,0.9929,0.017316
2010-06-22,1.0008,0.007956
2010-06-23,0.998,-0.002798
2010-06-24,0.9984,0.000401
2010-06-25,0.9838,-0.014622999999999999
2010-06-28,0.9656,-0.018500000000000003
2010-06-29,0.928,-0.03894
2010-06-30,0.9269,-0.0011849999999999999
2010-07-01,0.9124,-0.015644
2010-07-02,0.9034,-0.009864000000000001
2010-07-05,0.9009,-0.002767
2010-07-06,0.9184,0.019424999999999998
2010-07-07,0.9321,0.014917
2010-07-08,0.9289,-0.003433
2010-07-09,0.9455,0.017870999999999998
2010-07-12,0.9502,0.004971
2010-07-13,0.942,-0.00863
2010-07-14,0.9432,0.0012740000000000002
2010-07-15,0.9278,-0.016327
2010-07-16,0.9289,0.001186
2010-07-19,0.9392,0.011088
2010-07-20,0.957,0.018952
2010-07-21,0.957,0.0
2010-07-22,0.9691,0.012643999999999999
2010-07-23,0.9726,0.003612
2010-07-26,0.9829,0.010589999999999999
2010-07-27,0.9865,0.003663
2010-07-28,1.0008,0.014496
2010-07-29,1.0062,0.005396
2010-07-30,1.006,-0.000199
2010-08-02,1.0252,0.019085
2010-08-03,1.0123,-0.012583
2010-08-04,1.0319,0.019362
2010-08-05,1.0384,0.006299
2010-08-06,1.0514,0.012519
2010-08-09,1.0597,0.007894
2010-08-10,1.0274,-0.03048
2010-08-11,1.0311,0.0036009999999999996
2010-08-12,1.0248,-0.00611
2010-08-13,1.0378,0.012685
2010-08-16,1.059,0.020428
2010-08-17,1.0625,0.003305
2010-08-18,1.0577,-0.0045179999999999994
2010-08-19,1.0562,-0.001418
2010-08-20,1.0281,-0.026605
2010-08-23,1.032,0.0037930000000000004
2010-08-24,1.0468,0.014341
2010-08-25,1.0363,-0.010031000000000002
2010-08-26,1.0526,0.015729
2010-08-27,1.0652,0.011970000000000001
2010-08-30,1.0954,0.028351
2010-08-31,1.1086,0.01205
2010-09-01,1.0907,-0.016146
2010-09-02,1.101,0.009443
2010-09-03,1.0985,-0.002271
2010-09-06,1.0782,-0.01848
2010-09-07,1.0908,0.011686
2010-09-08,1.1002,0.008618
2010-09-09,1.0921,-0.007362
2010-09-10,1.106,0.012728
2010-09-13,1.1253,0.01745
2010-09-14,1.1278,0.002222
2010-09-15,1.1029,-0.022078
2010-09-16,1.0852,-0.016049
2010-09-17,1.0931,0.00728
2010-09-20,1.0889,-0.003842
2010-09-21,1.0866,-0.002112
2010-09-27,1.1121,0.023468
2010-09-28,1.1255,0.012049
2010-09-29,1.119,-0.005775
2010-09-30,1.1344,0.013762000000000002
2010-10-08,1.1709,0.032176
2010-10-11,1.1528,-0.015458000000000001
2010-10-12,1.1436,-0.007981
2010-10-13,1.1362,-0.006471
2010-10-14,1.1083,-0.024556
2010-10-15,1.1025,-0.005233
2010-10-18,1.0889,-0.012336
2010-10-19,1.1174,0.026173000000000002
2010-10-20,1.1257,0.007428000000000001
2010-10-21,1.1323,0.005863
2010-10-22,1.1556,0.020578
2010-10-25,1.1905,0.030201
2010-10-26,1.1869,-0.003024
2010-10-27,1.1758,-0.009352000000000001
2010-10-28,1.1744,-0.001191
2010-10-29,1.1964,0.018733
2010-11-01,1.2337,0.031177
2010-11-02,1.2259,-0.0063219999999999995
2010-11-03,1.2111,-0.012073
2010-11-04,1.2452,0.028156
2010-11-05,1.2594,0.011404000000000001
2010-11-08,1.2797,0.016119
2010-11-09,1.2832,0.002735
2010-11-10,1.2983,0.011767000000000001
2010-11-11,1.2982,-7.7e-05
2010-11-12,1.2416,-0.043599
2010-11-15,1.2802,0.031089000000000002
2010-11-16,1.2592,-0.016404000000000002
2010-11-17,1.194,-0.051779
2010-11-18,1.2108,0.014070000000000001
2010-11-19,1.256,0.037330999999999996
2010-11-22,1.2786,0.017994
2010-11-23,1.2772,-0.001095
2010-11-24,1.3117,0.027012
2010-11-25,1.3056,-0.0046500000000000005
2010-11-26,1.3028,-0.0021449999999999998
2010-11-29,1.3171,0.010976
2010-11-30,1.2916,-0.019361
2010-12-01,1.2872,-0.003407
2010-12-02,1.2864,-0.0006219999999999999
2010-12-03,1.2697,-0.012982
2010-12-06,1.2541,-0.012285999999999998
2010-12-07,1.2765,0.017861000000000002
2010-12-08,1.2724,-0.003212
2010-12-09,1.2527,-0.015483
2010-12-10,1.2717,0.015167
2010-12-13,1.302,0.023826
2010-12-14,1.3223,0.015590999999999999
2010-12-15,1.3085,-0.010436
2010-12-16,1.3121,0.002751
2010-12-17,1.309,-0.002363
2010-12-20,1.2884,-0.015737
2010-12-21,1.2901,0.0013189999999999999
2010-12-22,1.2776,-0.009689
2010-12-23,1.2514,-0.020507
2010-12-24,1.0809,-0.020377
2010-12-27,1.0606,-0.018781000000000003
2010-12-28,1.0471,-0.012728999999999999
2010-12-29,1.07,0.021869999999999997
2010-12-30,1.074,0.003738
2010-12-31,1.0979,0.022253
2011-01-04,1.1187,0.018945
2011-01-05,1.124,0.004738
2011-01-06,1.1114,-0.01121
2011-01-07,1.0925,-0.017006
2011-01-10,1.0637,-0.026362
2011-01-11,1.0501,-0.012785999999999999
2011-01-12,1.0387,-0.010856
2011-01-13,1.0405,0.0017330000000000002
2011-01-14,1.0214,-0.018357000000000002
2011-01-17,0.9884,-0.032309000000000004
2011-01-18,0.9963,0.007993
2011-01-19,1.0242,0.028003999999999998
2011-01-20,0.988,-0.035345
2011-01-21,0.993,0.0050609999999999995
2011-01-24,0.962,-0.031219
2011-01-25,0.9496,-0.012889999999999999
2011-01-26,0.9679,0.019271
2011-01-27,0.9881,0.020870000000000003
2011-01-28,0.9933,0.005263
2011-01-31,1.0012,0.007953
2011-02-01,1.0004,-0.000799
2011-02-09,0.9995,-0.0009
2011-02-10,1.02,0.02051
2011-02-11,1.0277,0.007549
2011-02-14,1.0494,0.021115
2011-02-15,1.0547,0.005051
2011-02-16,1.0745,0.018772999999999998
2011-02-17,1.0864,0.011075
2011-02-18,1.0681,-0.016845000000000002
2011-02-21,1.0955,0.025653000000000002
2011-02-22,1.0677,-0.025377
2011-02-23,1.0705,0.0026219999999999998
2011-02-24,1.0684,-0.001962
2011-02-25,1.0737,0.004961
2011-02-28,1.0973,0.02198
2011-03-01,1.1014,0.0037359999999999997
2011-03-02,1.0918,-0.008716
2011-03-03,1.0721,-0.018044
2011-03-04,1.0834,0.01054
2011-03-07,1.0968,0.012367999999999999
2011-03-08,1.0954,-0.001276
2011-03-09,1.1046,0.008399
2011-03-10,1.099,-0.00507
2011-03-11,1.0916,-0.006733
2011-03-14,1.0997,0.0074199999999999995
2011-03-15,1.0919,-0.007093
2011-03-16,1.1049,0.011906000000000002
2011-03-17,1.0852,-0.01783
2011-03-18,1.0964,0.010321
2011-03-21,1.0863,-0.009212
2011-03-22,1.0844,-0.001749
2011-03-23,1.0996,0.014017
2011-03-24,1.1036,0.003638
2011-03-25,1.1143,0.009696
2011-03-28,1.1056,-0.007808000000000001
2011-03-29,1.086,-0.017728
2011-03-30,1.0784,-0.006998
2011-03-31,1.0564,-0.020401
2011-04-01,1.0752,0.017796
2011-04-06,1.0821,0.006417000000000001
2011-04-07,1.0906,0.007855
2011-04-08,1.1001,0.008711
2011-04-11,1.0857,-0.01309
2011-04-12,1.079,-0.006170999999999999
2011-04-13,1.0877,0.008063
2011-04-14,1.0851,-0.0023899999999999998
2011-04-15,1.0888,0.0034100000000000003
2011-04-18,1.0935,0.004317
2011-04-19,1.0682,-0.023136999999999998
2011-04-20,1.0654,-0.002621
2011-04-21,1.0729,0.007039999999999999
2011-04-22,1.0659,-0.006523999999999999
2011-04-25,1.0406,-0.023736
2011-04-26,1.0271,-0.012972999999999998
2011-04-27,1.0171,-0.009736
2011-04-28,0.9912,-0.025465
2011-04-29,1.0115,0.02048
2011-05-03,1.0277,0.016016
2011-05-04,1.0006,-0.02637
2011-05-05,1.0049,0.0042970000000000005
2011-05-06,1.0088,0.003881
2011-05-09,1.0115,0.002676
2011-05-10,1.021,0.009392000000000001
2011-05-11,1.0205,-0.00049
2011-05-12,1.0074,-0.012837000000000001
2011-05-13,1.0118,0.004368
2011-05-16,1.0048,-0.006918
2011-05-17,0.9957,-0.009056999999999999
2011-05-18,1.0017,0.006026
2011-05-19,0.9917,-0.009982999999999999
2011-05-20,0.9945,0.002823
2011-05-23,0.962,-0.03268
2011-05-24,0.962,0.0
2011-05-25,0.9466,-0.016008
2011-05-26,0.9394,-0.007606000000000001
2011-05-27,0.9257,-0.014584
2011-05-30,0.917,-0.009398
2011-05-31,0.9283,0.012322999999999999
2011-06-01,0.9288,0.000539
2011-06-02,0.9182,-0.011413
2011-06-03,0.9274,0.01002
2011-06-07,0.9282,0.000863
2011-06-08,0.9275,-0.0007539999999999999
2011-06-09,0.9059,-0.023288000000000003
2011-06-10,0.9084,0.0027600000000000003
2011-06-13,0.9064,-0.002202
2011-06-14,0.927,0.022727
2011-06-15,0.9179,-0.009817
2011-06-16,0.9065,-0.01242
2011-06-17,0.9019,-0.0050739999999999995
2011-06-20,0.9046,0.002994
2011-06-21,0.9249,0.022441
2011-06-22,0.9233,-0.0017299999999999998
2011-06-23,0.9438,0.022203
2011-06-24,0.9564,0.013349999999999999
2011-06-27,0.9615,0.005332
2011-06-28,0.9689,0.007696
2011-06-29,0.9513,-0.018165
2011-06-30,0.9667,0.016188
2011-07-01,0.9722,0.005689
2011-07-04,0.9894,0.017692
2011-07-05,0.9899,0.000505
2011-07-06,0.985,-0.0049499999999999995
2011-07-07,0.9745,-0.010660000000000001
2011-07-08,0.977,0.002565
2011-07-11,0.9771,0.00010200000000000001
2011-07-12,0.9611,-0.016375
2011-07-13,0.9796,0.019249000000000002
2011-07-14,0.9911,0.011739
2011-07-15,0.9902,-0.0009080000000000001
2011-07-18,0.9814,-0.008887
2011-07-19,0.9747,-0.006827
2011-07-20,0.9719,-0.002873
2011-07-21,0.9637,-0.008437
2011-07-22,0.9684,0.004877
2011-07-25,0.9368,-0.032631
2011-07-26,0.9421,0.005658
2011-07-27,0.9668,0.026217999999999998
2011-07-28,0.9735,0.0069299999999999995
2011-07-29,0.9556,-0.018387
2011-08-01,0.9492,-0.006697
2011-08-02,0.9493,0.000105
2011-08-03,0.952,0.0028439999999999997
2011-08-04,0.955,0.0031509999999999997
2011-08-05,0.9444,-0.011099000000000001
2011-08-08,0.9176,-0.028378
2011-08-09,0.9226,0.005449000000000001
2011-08-10,0.9499,0.02959
2011-08-11,0.9688,0.019897
2011-08-12,0.971,0.002271
2011-08-15,0.9734,0.0024720000000000002
2011-08-16,0.9673,-0.006267
2011-08-17,0.9649,-0.0024809999999999997
2011-08-18,0.9515,-0.013887
2011-08-19,0.9502,-0.001366
2011-08-22,0.9373,-0.013576
2011-08-23,0.9475,0.010882000000000001
2011-08-24,0.9463,-0.001266
2011-08-25,0.9608,0.015323
2011-08-26,0.9612,0.000416
2011-08-29,0.9627,0.0015609999999999999
2011-08-30,0.9559,-0.007063000000000001
2011-08-31,0.9468,-0.009519999999999999
2011-09-01,0.9374,-0.009928
2011-09-02,0.9265,-0.011628000000000001
2011-09-05,0.9105,-0.017269
2011-09-06,0.9012,-0.010214
2011-09-07,0.9176,0.018198000000000002
2011-09-08,0.9088,-0.00959
2011-09-09,0.9028,-0.006602
2011-09-13,0.8876,-0.016837
2011-09-14,0.8918,0.004732
2011-09-15,0.8922,0.000449
2011-09-16,0.8941,0.00213
2011-09-19,0.8827,-0.01275
2011-09-20,0.8849,0.002492
2011-09-21,0.9052,0.022940000000000002
2011-09-22,0.8805,-0.027287
2011-09-23,0.8766,-0.004429
2011-09-26,0.8618,-0.016883
2011-09-27,0.8646,0.003249
2011-09-28,0.8571,-0.008675
2011-09-29,0.8506,-0.007584
2011-09-30,0.8509,0.00035299999999999996
2011-10-10,0.8453,-0.006581
2011-10-11,0.8386,-0.007925999999999999
2011-10-12,0.8593,0.024683999999999998
2011-10-13,0.8671,0.009077
2011-10-14,0.8632,-0.004497999999999999
2011-10-17,0.8692,0.006951000000000001
2011-10-18,0.8486,-0.023700000000000002
2011-10-19,0.842,-0.007778
2011-10-20,0.8221,-0.023634
2011-10-21,0.8167,-0.006569
2011-10-24,0.8304,0.016774999999999998
2011-10-25,0.8489,0.022278
2011-10-26,0.8576,0.010249
2011-10-27,0.8567,-0.001049
2011-10-28,0.877,0.023696000000000002
2011-10-31,0.8784,0.001596
2011-11-01,0.8772,-0.001366
2011-11-02,0.8887,0.01311
2011-11-03,0.8974,0.00979
2011-11-04,0.8989,0.001671
2011-11-07,0.8902,-0.009677999999999999
2011-11-08,0.8808,-0.010559
2011-11-09,0.8982,0.019755
2011-11-10,0.8952,-0.00334
2011-11-11,0.8915,-0.004133
2011-11-14,0.9095,0.020191
2011-11-15,0.9111,0.001759
2011-11-16,0.8901,-0.023049
2011-11-17,0.8918,0.00191
2011-11-18,0.8756,-0.018166
2011-11-21,0.8707,-0.005596
2011-11-22,0.8702,-0.000574
2011-11-23,0.8742,0.004597
2011-11-24,0.8791,0.005605
2011-11-25,0.8744,-0.005346
2011-11-28,0.8889,0.016583
2011-11-29,0.8978,0.010012
2011-11-30,0.8694,-0.031633
2011-12-01,0.8845,0.017367999999999998
2011-12-02,0.8662,-0.02069
2011-12-05,0.8451,-0.024359000000000002
2011-12-06,0.8413,-0.004497
2011-12-07,0.8513,0.011886
2011-12-08,0.8538,0.0029370000000000004
2011-12-09,0.8476,-0.007261999999999999
2011-12-12,0.8407,-0.008141
2011-12-13,0.8176,-0.027477
2011-12-14,0.8107,-0.008439
2011-12-15,0.7966,-0.017392
2011-12-16,0.8184,0.027366
2011-12-19,0.8282,0.011975
2011-12-20,0.8244,-0.004588
2011-12-21,0.8067,-0.02147
2011-12-22,0.8024,-0.0053300000000000005
2011-12-23,0.8056,0.003988
2011-12-26,0.8063,0.0008690000000000001
2011-12-27,0.7846,-0.026913
2011-12-28,0.7698,-0.018863
2011-12-29,0.7731,0.004287
2011-12-30,0.7806,0.009701
2011-12-31,0.7805,-0.000128
2012-01-04,0.7522,-0.036259
2012-01-05,0.7161,-0.047992999999999994
2012-01-06,0.7165,0.000559
2012-01-09,0.7381,0.030147
2012-01-10,0.7635,0.034413
2012-01-11,0.7641,0.000786
2012-01-12,0.7582,-0.007722
2012-01-13,0.7422,-0.021103
2012-01-16,0.72,-0.029911
2012-01-17,0.7562,0.050278
2012-01-18,0.7419,-0.01891
2012-01-19,0.7566,0.019814000000000002
2012-01-20,0.7723,0.020751
2012-01-30,0.7627,-0.012430000000000002
2012-01-31,0.7671,0.005769
2012-02-01,0.7593,-0.010168
2012-02-02,0.7727,0.017648
2012-02-03,0.7777,0.006471
2012-02-06,0.7828,0.0065580000000000005
2012-02-07,0.7721,-0.013669
2012-02-08,0.796,0.030955
2012-02-09,0.7994,0.004271
2012-02-10,0.7991,-0.000375
2012-02-13,0.8035,0.005506
2012-02-14,0.8026,-0.0011200000000000001
2012-02-15,0.8104,0.009718
2012-02-16,0.8078,-0.003208
2012-02-17,0.8024,-0.006685
2012-02-20,0.8036,0.0014960000000000002
2012-02-21,0.8193,0.019537
2012-02-22,0.8328,0.016477
2012-02-23,0.8312,-0.001921
2012-02-24,0.8477,0.019851
2012-02-27,0.8448,-0.003421
2012-02-28,0.8416,-0.003788
2012-02-29,0.8337,-0.009387
2012-03-01,0.8408,0.008516000000000001
2012-03-02,0.8549,0.01677
2012-03-05,0.8605,0.00655
2012-03-06,0.849,-0.013364000000000001
2012-03-07,0.834,-0.017668
2012-03-08,0.8443,0.012350000000000002
2012-03-09,0.8657,0.025346
2012-03-12,0.8643,-0.0016170000000000002
2012-03-13,0.8722,0.00914
2012-03-14,0.8414,-0.035313
2012-03-15,0.8362,-0.00618
2012-03-16,0.8571,0.024994000000000002
2012-03-19,0.8555,-0.001867
2012-03-20,0.8381,-0.020339
2012-03-21,0.8324,-0.006801000000000001
2012-03-22,0.8337,0.001562
2012-03-23,0.8227,-0.013193999999999999
2012-03-26,0.83,0.008872999999999999
2012-03-27,0.8161,-0.016747
2012-03-28,0.79,-0.031981
2012-03-29,0.7835,-0.008228
2012-03-30,0.7809,-0.0033179999999999998
2012-03-31,0.7809,0.0
2012-04-05,0.8122,0.040082000000000007
2012-04-06,0.8193,0.008742
2012-04-09,0.8171,-0.0026850000000000003
2012-04-10,0.8267,0.011749
2012-04-11,0.8218,-0.005927
2012-04-12,0.8358,0.017036
2012-04-13,0.8396,0.004547
2012-04-16,0.84,0.000476
2012-04-17,0.8278,-0.014523999999999999
2012-04-18,0.846,0.021986
2012-04-19,0.8415,-0.005319000000000001
2012-04-20,0.8506,0.010813999999999999
2012-04-23,0.8351,-0.018222000000000002
2012-04-24,0.8333,-0.002155
2012-04-25,0.8454,0.014521
2012-04-26,0.853,0.00899
2012-04-27,0.8606,0.00891
2012-05-02,0.877,0.019056
2012-05-03,0.8867,0.01106
2012-05-04,0.8974,0.012067000000000001
2012-05-07,0.9009,0.0039000000000000003
2012-05-08,0.894,-0.007659
2012-05-09,0.8785,-0.017338
2012-05-10,0.8815,0.003415
2012-05-11,0.8718,-0.011004
2012-05-14,0.8622,-0.011012
2012-05-15,0.869,0.007887
2012-05-16,0.8586,-0.011968000000000001
2012-05-17,0.8698,0.013044
2012-05-18,0.8559,-0.015981000000000002
2012-05-21,0.8683,0.014488000000000001
2012-05-22,0.8861,0.020499999999999997
2012-05-23,0.89,0.0044009999999999995
2012-05-24,0.8803,-0.010899
2012-05-25,0.8706,-0.011019000000000001
2012-05-28,0.8912,0.023662000000000002
2012-05-29,0.8976,0.007181
2012-05-30,0.8929,-0.005235999999999999
2012-05-31,0.8924,-0.0005600000000000001
2012-06-01,0.8935,0.0012330000000000002
2012-06-04,0.872,-0.024062999999999998
2012-06-05,0.8624,-0.011009
2012-06-06,0.8575,-0.005682
2012-06-07,0.856,-0.001749
2012-06-08,0.8548,-0.0014019999999999998
2012-06-11,0.8659,0.012985
2012-06-12,0.862,-0.004504
2012-06-13,0.8774,0.017865
2012-06-14,0.8793,0.002165
2012-06-15,0.8748,-0.005118
2012-06-18,0.8852,0.011888000000000001
2012-06-19,0.8736,-0.013104
2012-06-20,0.8754,0.0020599999999999998
2012-06-21,0.8653,-0.011538
2012-06-25,0.8439,-0.024731
2012-06-26,0.8413,-0.003081
2012-06-27,0.8565,0.018067
2012-06-28,0.8588,0.0026850000000000003
2012-06-29,0.8831,0.028295
2012-06-30,0.8831,0.0
2012-07-02,0.8975,0.016306
2012-07-03,0.8988,0.001448
2012-07-04,0.8921,-0.007454
2012-07-05,0.8829,-0.010313000000000001
2012-07-06,0.9072,0.027523
2012-07-09,0.8954,-0.013007
2012-07-10,0.8838,-0.012955000000000001
2012-07-11,0.8861,0.0026019999999999997
2012-07-12,0.8887,0.002934
2012-07-13,0.89,0.001463
2012-07-16,0.8706,-0.021798
2012-07-17,0.867,-0.004135
2012-07-18,0.8608,-0.007150999999999999
2012-07-19,0.864,0.003717
2012-07-20,0.8524,-0.013426
2012-07-23,0.8434,-0.010558000000000001
2012-07-24,0.8521,0.010315000000000001
2012-07-25,0.8488,-0.0038729999999999997
2012-07-26,0.8423,-0.007658000000000001
2012-07-27,0.8346,-0.009142
2012-07-30,0.8237,-0.01306
2012-07-31,0.8126,-0.013475999999999998
2012-08-01,0.8264,0.016982999999999998
2012-08-02,0.8207,-0.0068969999999999995
2012-08-03,0.8358,0.018399000000000002
2012-08-06,0.8541,0.021894999999999998
2012-08-07,0.8553,0.0014050000000000002
2012-08-08,0.8533,-0.0023380000000000002
2012-08-09,0.8699,0.019454
2012-08-10,0.8734,0.004023
2012-08-13,0.8573,-0.018434
2012-08-14,0.8582,0.00105
2012-08-15,0.852,-0.007224
2012-08-16,0.84,-0.014085
2012-08-17,0.8347,-0.00631
2012-08-20,0.8383,0.004313
2012-08-21,0.8563,0.021472
2012-08-22,0.8501,-0.00724
2012-08-23,0.8491,-0.001176
2012-08-24,0.8307,-0.02167
2012-08-27,0.8155,-0.018298000000000002
2012-08-28,0.8232,0.009442
2012-08-29,0.8214,-0.002187
2012-08-30,0.8003,-0.025688
2012-08-31,0.8042,0.004873
2012-09-03,0.8283,0.029967999999999998
2012-09-04,0.8241,-0.005071
2012-09-05,0.8225,-0.0019420000000000001
2012-09-06,0.8223,-0.000243
2012-09-07,0.8473,0.030403
2012-09-10,0.8537,0.007553
2012-09-11,0.8484,-0.006208
2012-09-12,0.8492,0.0009429999999999999
2012-09-13,0.8391,-0.011894
2012-09-14,0.842,0.0034560000000000003
2012-09-17,0.8148,-0.032304
2012-09-18,0.8101,-0.005768
2012-09-19,0.8132,0.0038269999999999997
2012-09-20,0.7929,-0.024963000000000003
2012-09-21,0.7918,-0.001387
2012-09-24,0.8,0.010356
2012-09-25,0.7967,-0.004125
2012-09-26,0.7835,-0.016568
2012-09-27,0.8066,0.029483000000000002
2012-09-28,0.8245,0.022192
2012-09-30,0.8244,-0.000121
2012-10-08,0.817,-0.008976
2012-10-09,0.8376,0.025214
2012-10-10,0.8452,0.009074
2012-10-11,0.8339,-0.01337
2012-10-12,0.8264,-0.008994
2012-10-15,0.8245,-0.002299
2012-10-16,0.8311,0.008005
2012-10-17,0.8313,0.000241
2012-10-18,0.8475,0.019488000000000002
2012-10-19,0.842,-0.00649
2012-10-22,0.8445,0.002969
2012-10-23,0.8273,-0.020367000000000003
2012-10-24,0.8182,-0.011000000000000001
2012-10-25,0.8084,-0.011977999999999999
2012-10-26,0.8005,-0.009772
2012-10-29,0.803,0.0031230000000000003
2012-10-30,0.8089,0.007347
2012-10-31,0.8114,0.003091
2012-11-01,0.8244,0.016022
2012-11-02,0.8265,0.002547
2012-11-05,0.8188,-0.009316
2012-11-06,0.8132,-0.006839
2012-11-07,0.8114,-0.002213
2012-11-08,0.7984,-0.016022
2012-11-09,0.7911,-0.009143
2012-11-12,0.7951,0.005056000000000001
2012-11-13,0.7812,-0.017482
2012-11-14,0.7818,0.0007679999999999999
2012-11-15,0.7722,-0.012279
2012-11-16,0.7691,-0.004015
2012-11-19,0.7657,-0.004421
2012-11-20,0.7648,-0.0011749999999999998
2012-11-21,0.773,0.010722
2012-11-22,0.764,-0.011642999999999999
2012-11-23,0.766,0.0026179999999999997
2012-11-26,0.7522,-0.018016
2012-11-27,0.7381,-0.018745
2012-11-28,0.7292,-0.012058
2012-11-29,0.7226,-0.009051
2012-11-30,0.7308,0.011348
2012-12-03,0.7207,-0.013819999999999999
2012-12-04,0.7271,0.00888
2012-12-05,0.7583,0.042910000000000004
2012-12-06,0.7586,0.00039600000000000003
2012-12-07,0.7713,0.016741
2012-12-10,0.7806,0.012058
2012-12-11,0.7754,-0.006662
2012-12-12,0.773,-0.003095
2012-12-13,0.7679,-0.0065980000000000006
2012-12-14,0.797,0.037896
2012-12-17,0.7975,0.0006270000000000001
2012-12-18,0.7916,-0.007398
2012-12-19,0.7925,0.001137
2012-12-20,0.7961,0.004543
2012-12-21,0.793,-0.0038940000000000003
2012-12-24,0.7968,0.004792
2012-12-25,0.8147,0.022465000000000002
2012-12-26,0.8257,0.013502
2012-12-27,0.8177,-0.009689
2012-12-28,0.8283,0.012963
2012-12-31,0.8372,0.010745
2013-01-04,0.8369,-0.000358
2013-01-07,0.8415,0.005496
2013-01-08,0.8469,0.006417000000000001
2013-01-09,0.8575,0.012516000000000001
2013-01-10,0.8554,-0.0024490000000000002
2013-01-11,0.8378,-0.020575
2013-01-14,0.8673,0.035211
2013-01-15,0.8847,0.020062000000000003
2013-01-16,0.8804,-0.00486
2013-01-17,0.8744,-0.006815
2013-01-18,0.8862,0.013495
2013-01-21,0.8903,0.004626
2013-01-22,0.8766,-0.015387999999999999
2013-01-23,0.8789,0.002624
2013-01-24,0.8617,-0.01957
2013-01-25,0.8632,0.0017410000000000001
2013-01-28,0.8897,0.030699999999999998
2013-01-29,0.9001,0.011689
2013-01-30,0.9057,0.006222
2013-01-31,0.8967,-0.009937
2013-02-01,0.9143,0.019628
2013-02-04,0.9103,-0.004375
2013-02-05,0.924,0.01505
2013-02-06,0.9304,0.006926
2013-02-07,0.9232,-0.007739
2013-02-08,0.9371,0.015056
2013-02-18,0.9267,-0.011097999999999998
2013-02-19,0.9038,-0.024710999999999997
2013-02-20,0.9194,0.01726
2013-02-21,0.8971,-0.024255
2013-02-22,0.9067,0.010701
2013-02-25,0.9165,0.010808
2013-02-26,0.9013,-0.016585000000000003
2013-02-27,0.9015,0.000222
2013-02-28,0.9304,0.032058
2013-03-01,0.9394,0.009673000000000001
2013-03-04,0.8937,-0.048648
2013-03-05,0.9045,0.012084999999999999
2013-03-06,0.915,0.011609000000000001
2013-03-07,0.8985,-0.018033
2013-03-08,0.8866,-0.013244
2013-03-11,0.8764,-0.011505000000000001
2013-03-12,0.8569,-0.022250000000000002
2013-03-13,0.8526,-0.005018
2013-03-14,0.8559,0.003871
2013-03-15,0.8572,0.0015190000000000002
2013-03-18,0.8522,-0.0058330000000000005
2013-03-19,0.8495,-0.0031680000000000002
2013-03-20,0.8735,0.028252000000000003
2013-03-21,0.8854,0.013623000000000001
2013-03-22,0.8866,0.001355
2013-03-25,0.889,0.0027069999999999998
2013-03-26,0.8893,0.000337
2013-03-27,0.8886,-0.000787
2013-03-28,0.8642,-0.027458999999999997
2013-03-29,0.86,-0.00486
2013-04-01,0.8667,0.007791
2013-04-02,0.8446,-0.025499
2013-04-03,0.8271,-0.020720000000000002
2013-04-08,0.8377,0.012816000000000001
2013-04-09,0.8397,0.002387
2013-04-10,0.8309,-0.01048
2013-04-11,0.8308,-0.00012
2013-04-12,0.8256,-0.006259
2013-04-15,0.8207,-0.005935
2013-04-16,0.8318,0.013525
2013-04-17,0.8476,0.018994999999999998
2013-04-18,0.8486,0.0011799999999999998
2013-04-19,0.8684,0.023333
2013-04-22,0.88,0.013358000000000002
2013-04-23,0.8487,-0.035568
2013-04-24,0.8664,0.020855000000000002
2013-04-25,0.8374,-0.033472
2013-04-26,0.8247,-0.015165999999999999
2013-05-02,0.8443,0.023766
2013-05-03,0.8604,0.019069
2013-05-06,0.8709,0.012204
2013-05-07,0.8695,-0.001608
2013-05-08,0.875,0.006325
2013-05-09,0.8694,-0.0064
2013-05-10,0.8698,0.00046
2013-05-13,0.8743,0.005174
2013-05-14,0.8637,-0.012124
2013-05-15,0.8796,0.018409
2013-05-16,0.8908,0.012733000000000001
2013-05-17,0.9041,0.01493
2013-05-20,0.9155,0.012608999999999999
2013-05-21,0.9246,0.00994
2013-05-22,0.9195,-0.005516
2013-05-23,0.9156,-0.004241
2013-05-24,0.9249,0.010157000000000001
2013-05-27,0.9359,0.011893
2013-05-28,0.9436,0.008227
2013-05-29,0.9534,0.010386
2013-05-30,0.9549,0.001573
2013-05-31,0.9474,-0.007854
2013-06-03,0.9334,-0.014777
2013-06-04,0.9126,-0.022284
2013-06-05,0.922,0.0103
2013-06-06,0.9102,-0.012798
2013-06-07,0.8947,-0.017029000000000002
2013-06-13,0.8696,-0.028054000000000003
2013-06-14,0.8896,0.022999000000000002
2013-06-17,0.882,-0.008543
2013-06-18,0.8856,0.004082
2013-06-19,0.8879,0.002597
2013-06-20,0.8683,-0.022075
2013-06-21,0.8775,0.010595
2013-06-24,0.8352,-0.048205
2013-06-25,0.8355,0.000359
2013-06-26,0.8594,0.028606
2013-06-27,0.8461,-0.015476
2013-06-28,0.8447,-0.001655
2013-06-30,0.8446,-0.000118
2013-07-01,0.8561,0.013616
2013-07-02,0.8735,0.020325000000000003
2013-07-03,0.8781,0.005266
2013-07-04,0.8668,-0.012868999999999998
2013-07-05,0.8576,-0.010613999999999998
2013-07-08,0.8409,-0.019473
2013-07-09,0.84,-0.00107
2013-07-10,0.858,0.021429
2013-07-11,0.8698,0.013753
2013-07-12,0.8678,-0.002299
2013-07-15,0.8931,0.029154
2013-07-16,0.9019,0.009852999999999999
2013-07-17,0.8895,-0.013749
2013-07-18,0.8779,-0.013041
2013-07-19,0.8561,-0.024832
2013-07-22,0.8752,0.02231
2013-07-23,0.9007,0.029136000000000002
2013-07-24,0.9068,0.006773
2013-07-25,0.8899,-0.018637
2013-07-26,0.8901,0.000225
2013-07-29,0.867,-0.025952000000000003
2013-07-30,0.856,-0.012686999999999999
2013-07-31,0.8602,0.004907
2013-08-01,0.8911,0.035922
2013-08-02,0.899,0.008865
2013-08-05,0.909,0.011123000000000001
2013-08-06,0.9123,0.00363
2013-08-07,0.8933,-0.020825999999999997
2013-08-08,0.8905,-0.003134
2013-08-09,0.8813,-0.010331
2013-08-12,0.8874,0.006922
2013-08-13,0.8948,0.008339
2013-08-14,0.8985,0.004135
2013-08-15,0.8873,-0.012464999999999999
2013-08-16,0.8657,-0.024344
2013-08-19,0.8854,0.022756
2013-08-20,0.8838,-0.001807
2013-08-21,0.8864,0.002942
2013-08-22,0.8917,0.005979
2013-08-23,0.8896,-0.002355
2013-08-26,0.9023,0.014276
2013-08-27,0.9048,0.002771
2013-08-28,0.8908,-0.015472999999999999
2013-08-29,0.8915,0.000786
2013-08-30,0.8724,-0.021425
2013-09-02,0.8765,0.004699999999999999
2013-09-03,0.887,0.011979
2013-09-04,0.8875,0.0005639999999999999
2013-09-05,0.8966,0.010254000000000001
2013-09-06,0.9022,0.006246000000000001
2013-09-09,0.9051,0.0032140000000000003
2013-09-10,0.9004,-0.005193
2013-09-11,0.8973,-0.003443
2013-09-12,0.8913,-0.006686999999999999
2013-09-13,0.8928,0.001683
2013-09-16,0.8952,0.002688
2013-09-17,0.8768,-0.020554000000000003
2013-09-18,0.8825,0.006501
2013-09-23,0.9108,0.032068
2013-09-24,0.9176,0.007466
2013-09-25,0.9055,-0.013186999999999999
2013-09-26,0.8827,-0.025179
2013-09-27,0.8892,0.007364000000000001
2013-09-30,0.9218,0.036662
2013-10-08,0.9294,0.008245
2013-10-09,0.9429,0.014525999999999999
2013-10-10,0.9262,-0.017710999999999998
2013-10-11,0.9198,-0.0069099999999999995
2013-10-14,0.9285,0.009459
2013-10-15,0.9267,-0.001939
2013-10-16,0.8845,-0.045537999999999995
2013-10-17,0.8779,-0.007462
2013-10-18,0.8986,0.023579
2013-10-21,0.9277,0.032383999999999996
2013-10-22,0.9168,-0.011749
2013-10-23,0.898,-0.020506000000000003
2013-10-24,0.8889,-0.010134
2013-10-25,0.8758,-0.014737
2013-10-28,0.8805,0.005366999999999999
2013-10-29,0.8761,-0.004997
2013-10-30,0.8872,0.012669999999999999
2013-10-31,0.8597,-0.030996000000000003
2013-11-01,0.8481,-0.013493
2013-11-04,0.8494,0.0015329999999999999
2013-11-05,0.8636,0.016718
2013-11-06,0.8484,-0.017601
2013-11-07,0.8402,-0.009665
2013-11-08,0.8307,-0.011307000000000001
2013-11-11,0.8236,-0.008547
2013-11-12,0.83,0.007771
2013-11-13,0.8211,-0.010723
2013-11-14,0.8273,0.0075509999999999996
2013-11-15,0.8433,0.01934
2013-11-18,0.8578,0.017194
2013-11-19,0.8573,-0.000583
2013-11-20,0.8637,0.007465
2013-11-21,0.8566,-0.00822
2013-11-22,0.8518,-0.0056040000000000005
2013-11-25,0.8539,0.002465
2013-11-26,0.8517,-0.002576
2013-11-27,0.8638,0.014207000000000001
2013-11-28,0.8701,0.007292999999999999
2013-11-29,0.8777,0.008735
2013-12-02,0.8327,-0.051269999999999996
2013-12-03,0.8446,0.014291
2013-12-04,0.8492,0.0054459999999999995
2013-12-05,0.8354,-0.016251
2013-12-06,0.8289,-0.007781
2013-12-09,0.8383,0.01134
2013-12-10,0.8361,-0.002624
2013-12-11,0.8292,-0.008253
2013-12-12,0.8402,0.013266
2013-12-13,0.842,0.002142
2013-12-16,0.8346,-0.008789
2013-12-17,0.8262,-0.010065
2013-12-18,0.8278,0.0019370000000000001
2013-12-19,0.8246,-0.003866
2013-12-20,0.8114,-0.016008
2013-12-23,0.8096,-0.002218
2013-12-24,0.8186,0.011116999999999998
2013-12-25,0.8315,0.015759000000000002
2013-12-26,0.8224,-0.010944
2013-12-27,0.8376,0.018482000000000002
2013-12-30,0.8359,-0.00203
2013-12-31,0.8395,0.004307
2014-01-02,0.8541,0.017391
2014-01-03,0.8553,0.0014050000000000002
2014-01-06,0.8382,-0.019993
2014-01-07,0.8492,0.013123000000000001
2014-01-08,0.8714,0.026142
2014-01-09,0.8626,-0.010099
2014-01-10,0.848,-0.016926
2014-01-13,0.8458,-0.0025940000000000004
2014-01-14,0.8655,0.023292
2014-01-15,0.868,0.002889
2014-01-16,0.8604,-0.008756
2014-01-17,0.8566,-0.004417
2014-01-20,0.8527,-0.004553
2014-01-21,0.8723,0.022986
2014-01-22,0.892,0.022584
2014-01-23,0.9025,0.011771
2014-01-24,0.9112,0.00964
2014-01-27,0.9057,-0.0060360000000000006
2014-01-28,0.9036,-0.002319
2014-01-29,0.9133,0.010735
2014-01-30,0.9013,-0.013139000000000001
2014-02-07,0.9209,0.021745999999999998
2014-02-10,0.9506,0.032251
2014-02-11,0.9466,-0.004208
2014-02-12,0.9533,0.007078
2014-02-13,0.9395,-0.014476
2014-02-14,0.958,0.019691
2014-02-17,0.9827,0.025783
2014-02-18,0.9795,-0.003256
2014-02-19,0.9705,-0.009188
2014-02-20,0.9524,-0.01865
2014-02-21,0.9484,-0.0042
2014-02-24,0.9472,-0.001265
2014-02-25,0.9229,-0.025655
2014-02-26,0.9287,0.006285
2014-02-27,0.9157,-0.013998
2014-02-28,0.9213,0.006116
2014-03-03,0.9318,0.011397
2014-03-04,0.9369,0.0054730000000000004
2014-03-05,0.9475,0.011314
2014-03-06,0.954,0.006860000000000001
2014-03-07,0.9439,-0.010587
2014-03-10,0.9265,-0.018434
2014-03-11,0.9322,0.0061519999999999995
2014-03-12,0.9341,0.002038
2014-03-13,0.9401,0.006423
2014-03-14,0.9405,0.00042500000000000003
2014-03-17,0.9504,0.010526
2014-03-18,0.9544,0.004209
2014-03-19,0.9522,-0.002305
2014-03-20,0.9338,-0.019323999999999997
2014-03-21,0.9414,0.008139
2014-03-24,0.9665,0.026661999999999998
2014-03-25,0.9636,-0.0030009999999999998
2014-03-26,0.9612,-0.0024909999999999997
2014-03-27,0.9607,-0.00052
2014-03-28,0.9318,-0.030082
2014-03-31,0.9212,-0.011375999999999999
2014-04-01,0.9323,0.01205
2014-04-02,0.9293,-0.003218
2014-04-03,0.915,-0.015387999999999999
2014-04-04,0.9243,0.010164
2014-04-08,0.9285,0.004544
2014-04-09,0.9312,0.002908
2014-04-10,0.9311,-0.000107
2014-04-11,0.9308,-0.000322
2014-04-14,0.9391,0.008917000000000001
2014-04-15,0.9378,-0.001384
2014-04-16,0.9447,0.007358
2014-04-17,0.9397,-0.005293
2014-04-18,0.9385,-0.0012770000000000001
2014-04-21,0.9337,-0.005115
2014-04-22,0.9288,-0.005248
2014-04-23,0.9254,-0.0036609999999999998
2014-04-24,0.9203,-0.005511
2014-04-25,0.9042,-0.017494
2014-04-28,0.8863,-0.019797
2014-04-29,0.8977,0.012862
2014-04-30,0.901,0.003676
2014-05-05,0.9127,0.012986
2014-05-06,0.9208,0.008875
2014-05-07,0.914,-0.007385
2014-05-08,0.912,-0.002188
2014-05-09,0.9034,-0.00943
2014-05-12,0.9178,0.01594
2014-05-13,0.9101,-0.00839
2014-05-14,0.9199,0.010768
2014-05-15,0.9018,-0.019676
2014-05-16,0.9083,0.007208
2014-05-19,0.9047,-0.0039629999999999995
2014-05-20,0.902,-0.002984
2014-05-21,0.9043,0.00255
2014-05-22,0.8988,-0.006082
2014-05-23,0.907,0.009123
2014-05-26,0.9164,0.010364
2014-05-27,0.9186,0.002401
2014-05-28,0.9201,0.001633
2014-05-29,0.8986,-0.023367
2014-05-30,0.9005,0.002114
2014-06-03,0.9035,0.003331
2014-06-04,0.8927,-0.011954
2014-06-05,0.9034,0.011986000000000002
2014-06-06,0.9002,-0.003542
2014-06-09,0.8969,-0.003666
2014-06-10,0.9119,0.016724000000000003
2014-06-11,0.914,0.002303
2014-06-12,0.912,-0.002188
2014-06-13,0.9183,0.006908
2014-06-16,0.9318,0.014700999999999999
2014-06-17,0.9266,-0.005581
2014-06-18,0.9171,-0.010253000000000002
2014-06-19,0.8934,-0.025842
2014-06-20,0.9076,0.015894
2014-06-23,0.9174,0.010798
2014-06-24,0.9156,-0.001962
2014-06-25,0.9189,0.003604
2014-06-26,0.9362,0.018827
2014-06-27,0.9351,-0.0011749999999999998
2014-06-30,0.9393,0.004491
2014-07-01,0.9534,0.015011000000000002
2014-07-02,0.9564,0.0031469999999999996
2014-07-03,0.9623,0.006169
2014-07-04,0.9671,0.004988
2014-07-07,0.9689,0.0018609999999999998
2014-07-08,0.9754,0.0067090000000000006
2014-07-09,0.9673,-0.008304
2014-07-10,0.9672,-0.000103
2014-07-11,0.9687,0.0015509999999999999
2014-07-14,0.9889,0.020853
2014-07-15,1.0008,0.012034
2014-07-16,1.0104,0.009592
2014-07-17,1.0022,-0.008116
2014-07-18,1.0018,-0.000399
2014-07-21,1.004,0.002196
2014-07-22,1.0216,0.01753
2014-07-23,1.0219,0.000294
2014-07-24,1.0126,-0.009101
2014-07-25,1.017,0.004345
2014-07-28,1.0349,0.017601
2014-07-29,1.0381,0.0030919999999999997
2014-07-30,1.0376,-0.000482
2014-07-31,1.0534,0.015227
2014-08-01,1.0586,0.004935999999999999
2014-08-04,1.0723,0.012942
2014-08-05,1.0703,-0.001865
2014-08-06,1.0664,-0.003644
2014-08-07,1.0585,-0.0074080000000000005
2014-08-08,1.0649,0.006046
2014-08-11,1.0989,0.031928
2014-08-12,1.1069,0.00728
2014-08-13,1.1011,-0.00524
2014-08-14,1.0926,-0.00772
2014-08-15,1.0932,0.000549
2014-08-18,1.0975,0.003933
2014-08-19,1.0999,0.002187
2014-08-20,1.0933,-0.006000999999999999
2014-08-21,1.088,-0.004848
2014-08-22,1.0929,0.004504
2014-08-25,1.0828,-0.009241000000000001
2014-08-26,1.0738,-0.008312
2014-08-27,1.0714,-0.002235
2014-08-28,1.0625,-0.008307
2014-08-29,1.0709,0.007906
2014-09-01,1.0788,0.007377
2014-09-02,1.089,0.009455
2014-09-03,1.0953,0.005785
2014-09-04,1.0928,-0.0022819999999999997
2014-09-05,1.0908,-0.00183
2014-09-09,1.0867,-0.003759
2014-09-10,1.087,0.000276
2014-09-11,1.0821,-0.004508
2014-09-12,1.091,0.008225
2014-09-15,1.1024,0.010449
2014-09-16,1.0803,-0.020047000000000002
2014-09-17,1.0905,0.009442
2014-09-18,1.097,0.005960999999999999
2014-09-19,1.0965,-0.000456
2014-09-22,1.0802,-0.014865
2014-09-23,1.0845,0.003981
2014-09-24,1.0921,0.0070079999999999995
2014-09-25,1.0952,0.002839
2014-09-26,1.1041,0.008126
2014-09-29,1.1096,0.004981
2014-09-30,1.1144,0.004326
2014-10-08,1.1223,0.007089
2014-10-09,1.1227,0.000356
2014-10-10,1.1184,-0.00383
2014-10-13,1.1122,-0.005544
2014-10-14,1.1095,-0.002428
2014-10-15,1.1122,0.002434
2014-10-16,1.1019,-0.009261
2014-10-17,1.0949,-0.006353
2014-10-20,1.1085,0.012421
2014-10-21,1.1039,-0.00415
2014-10-22,1.0925,-0.010327
2014-10-23,1.0842,-0.0075970000000000005
2014-10-24,1.0856,0.0012909999999999998
2014-10-27,1.0838,-0.001658
2014-10-28,1.1086,0.022882
2014-10-29,1.1141,0.004961
2014-10-30,1.1145,0.000359
2014-10-31,1.1242,0.008702999999999999
2014-11-03,1.1245,0.00026700000000000004
2014-11-04,1.1103,-0.012627999999999999
2014-11-05,1.1046,-0.005134
2014-11-06,1.1099,0.004798
2014-11-07,1.1043,-0.005044999999999999
2014-11-10,1.1143,0.009056
2014-11-11,1.0955,-0.016872
2014-11-12,1.113,0.015974
2014-11-13,1.1226,0.008625
2014-11-14,1.1162,-0.005701
2014-11-17,1.1142,-0.001792
2014-11-18,1.1269,0.011397999999999998
2014-11-19,1.1278,0.000799
2014-11-20,1.1236,-0.003724
2014-11-21,1.1284,0.004272000000000001
2014-11-24,1.1336,0.004608
2014-11-25,1.1373,0.0032640000000000004
2014-11-26,1.1436,0.005539
2014-11-27,1.1576,0.012242
2014-11-28,1.1801,0.019437
2014-12-01,1.1698,-0.008728
2014-12-02,1.1998,0.025644999999999998
2014-12-03,1.1964,-0.0028339999999999997
2014-12-04,1.2384,0.035105
2014-12-05,1.221,-0.01405
2014-12-08,1.2278,0.005568999999999999
2014-12-09,1.2011,-0.021745999999999998
2014-12-10,1.2335,0.026975
2014-12-11,1.2322,-0.001054
2014-12-12,1.2328,0.000487
2014-12-15,1.246,0.010707
2014-12-16,1.2382,-0.00626
2014-12-17,1.226,-0.009852999999999999
2014-12-18,1.2224,-0.0029360000000000002
2014-12-19,1.2156,-0.005563
2014-12-22,1.2004,-0.012504
2014-12-23,1.1857,-0.012246
2014-12-24,1.2008,0.012735000000000002
2014-12-25,1.2118,0.009161
2014-12-26,1.2098,-0.00165
2014-12-29,1.2015,-0.006861000000000001
2014-12-30,1.183,-0.015397000000000001
2014-12-31,1.1904,0.006254999999999999
2015-01-05,1.2192,0.024194
2015-01-06,1.2307,0.009432000000000001
2015-01-07,1.226,-0.0038190000000000003
2015-01-08,1.2235,-0.002039
2015-01-09,1.2193,-0.003433
2015-01-12,1.2095,-0.008036999999999999
2015-01-13,1.221,0.009507999999999999
2015-01-14,1.225,0.003276
2015-01-15,1.2246,-0.000327
2015-01-16,1.2328,0.006696
2015-01-19,1.2024,-0.024659
2015-01-20,1.229,0.022122000000000003
2015-01-21,1.2471,0.014726999999999999
2015-01-22,1.2552,0.006495
2015-01-23,1.2522,-0.0023899999999999998
2015-01-26,1.2648,0.010062
2015-01-27,1.2705,0.004507
2015-01-28,1.2617,-0.006926
2015-01-29,1.2504,-0.008955999999999999
2015-01-30,1.2473,-0.0024790000000000003
2015-02-02,1.2505,0.002566
2015-02-03,1.2609,0.008317
2015-02-04,1.256,-0.003886
2015-02-05,1.2464,-0.007643
2015-02-06,1.2362,-0.008184
2015-02-09,1.2331,-0.0025080000000000002
2015-02-10,1.2413,0.0066500000000000005
2015-02-11,1.2456,0.003464
2015-02-12,1.252,0.005138
2015-02-13,1.2595,0.00599
2015-02-16,1.2732,0.010877
2015-02-17,1.2712,-0.001571
2015-02-25,1.274,0.002203
2015-02-26,1.2873,0.01044
2015-02-27,1.3023,0.011652000000000001
2015-03-02,1.3401,0.029026
2015-03-03,1.3449,0.003582
2015-03-04,1.3534,0.00632
2015-03-05,1.35,-0.002512
2015-03-06,1.3284,-0.016
2015-03-09,1.3477,0.014529
2015-03-10,1.3528,0.003784
2015-03-11,1.347,-0.004287
2015-03-12,1.3392,-0.005790999999999999
2015-03-13,1.3564,0.012843
2015-03-16,1.3795,0.01703
2015-03-17,1.3898,0.007466
2015-03-18,1.3929,0.002231
2015-03-19,1.3949,0.001436
2015-03-20,1.4026,0.005520000000000001
2015-03-23,1.4221,0.013903
2015-03-24,1.4252,0.00218
2015-03-25,1.4369,0.008209
2015-03-26,1.4333,-0.002505
2015-03-27,1.4383,0.0034879999999999998
2015-03-30,1.4522,0.009664
2015-03-31,1.4423,-0.006817
2015-04-01,1.4784,0.025029
2015-04-02,1.4874,0.006088
2015-04-03,1.5117,0.016337
2015-04-07,1.5429,0.020638999999999998
2015-04-08,1.5476,0.0030459999999999997
2015-04-09,1.5316,-0.010339000000000001
2015-04-10,1.5453,0.008945
2015-04-13,1.5573,0.007764999999999999
2015-04-14,1.5525,-0.0030819999999999997
2015-04-15,1.5159,-0.023575
2015-04-16,1.536,0.013259
2015-04-17,1.5445,0.005534
2015-04-20,1.5197,-0.016057
2015-04-21,1.5638,0.029019
2015-04-22,1.5918,0.017905
2015-04-23,1.5931,0.0008169999999999999
2015-04-24,1.5877,-0.0033900000000000002
2015-04-27,1.5954,0.00485
2015-04-28,1.5601,-0.022126
2015-04-29,1.5709,0.006923
2015-04-30,1.5747,0.002419
2015-05-04,1.6066,0.020257999999999998
2015-05-05,1.5626,-0.027387
2015-05-06,1.5484,-0.009087
2015-05-07,1.5171,-0.020214
2015-05-08,1.552,0.023003999999999997
2015-05-11,1.5977,0.029446
2015-05-12,1.6228,0.01571
2015-05-13,1.6236,0.000493
2015-05-14,1.6262,0.001601
2015-05-15,1.6055,-0.012728999999999999
2015-05-18,1.6233,0.011087
2015-05-19,1.6585,0.021684000000000002
2015-05-20,1.6866,0.016943
2015-05-21,1.7437,0.033854999999999996
2015-05-22,1.7691,0.014567000000000002
2015-05-25,1.8167,0.026906
2015-05-26,1.8578,0.022623
2015-05-27,1.8888,0.016686
2015-05-28,1.8075,-0.043043
2015-05-29,1.8173,0.005422
2015-06-01,1.9003,0.045672
2015-06-02,1.9584,0.030574
2015-06-03,1.9542,-0.0021449999999999998
2015-06-04,1.9325,-0.011104000000000001
2015-06-05,1.9666,0.017646
2015-06-08,1.9766,0.005084999999999999
2015-06-09,1.9727,-0.001973
2015-06-10,1.9971,0.012369000000000002
2015-06-11,2.0147,0.008813
2015-06-12,2.0439,0.014493
2015-06-15,2.02,-0.011693
2015-06-16,1.9784,-0.020594
2015-06-17,2.0117,0.016832
2015-06-18,1.9819,-0.014813
2015-06-19,1.8614,-0.0608
2015-06-23,1.9188,0.030837
2015-06-24,1.9897,0.03695
2015-06-25,1.9642,-0.012816000000000001
2015-06-26,1.8212,-0.072803
2015-06-29,1.7632,-0.031847
2015-06-30,1.8442,0.045938999999999994
2015-07-01,1.7696,-0.040450999999999994
2015-07-02,1.6588,-0.062613
2015-07-03,1.533,-0.075838
2015-07-06,1.5272,-0.0037830000000000003
2015-07-07,1.4758,-0.033656
2015-07-08,1.392,-0.056783
2015-07-09,1.4611,0.049641000000000005
2015-07-10,1.5647,0.070905
2015-07-13,1.6648,0.063974
2015-07-14,1.6955,0.018441
2015-07-15,1.6557,-0.023474
2015-07-16,1.6754,0.011897999999999999
2015-07-17,1.726,0.030202
2015-07-20,1.7828,0.032908
2015-07-21,1.8482,0.036684
2015-07-22,1.8571,0.004815
2015-07-23,1.8697,0.006785
2015-07-24,1.8214,-0.025833
2015-07-27,1.7078,-0.06237
2015-07-28,1.745,0.021782
2015-07-29,1.7796,0.019828
2015-07-30,1.7236,-0.031467999999999996
2015-07-31,1.6958,-0.016129
2015-08-03,1.6734,-0.013209
2015-08-04,1.7419,0.040935
2015-08-05,1.7024,-0.022675999999999998
2015-08-06,1.6825,-0.011689
2015-08-07,1.7097,0.016166
2015-08-10,1.7549,0.026437
2015-08-11,1.753,-0.001083
2015-08-12,1.723,-0.017114
2015-08-13,1.7336,0.0061519999999999995
2015-08-14,1.7313,-0.001327
2015-08-17,1.7437,0.007161999999999999
2015-08-18,1.6156,-0.073464
2015-08-19,1.6596,0.027233999999999998
2015-08-20,1.6144,-0.027235
2015-08-21,1.5233,-0.05643
2015-08-24,1.4068,-0.076479
2015-08-25,1.3006,-0.07549
2015-08-26,1.3056,0.003844
2015-08-27,1.3626,0.043658
2015-08-28,1.4269,0.047188999999999995
2015-08-31,1.3834,-0.030486
2015-09-01,1.3041,-0.057323000000000006
2015-09-02,1.2937,-0.007975
2015-09-07,1.2965,0.002164
2015-09-08,1.3574,0.046973
2015-09-09,1.4087,0.037793
2015-09-10,1.402,-0.004756
2015-09-11,1.3962,-0.004137
2015-09-14,1.3268,-0.049706
2015-09-15,1.3025,-0.018314999999999998
2015-09-16,1.3648,0.047831
2015-09-17,1.3382,-0.01949
2015-09-18,1.3422,0.002989
2015-09-21,1.3706,0.021158999999999997
2015-09-22,1.3696,-0.00073
2015-09-23,1.349,-0.015041
2015-09-24,1.3636,0.010823000000000001
2015-09-25,1.3431,-0.015034
2015-09-28,1.3505,0.00551
2015-09-29,1.3445,-0.004443
2015-09-30,1.3433,-0.000893
2015-10-08,1.3741,0.022928999999999998
2015-10-09,1.3833,0.0066949999999999996
2015-10-12,1.43,0.03376
2015-10-13,1.4316,0.001119
2015-10-14,1.4136,-0.012573
2015-10-15,1.4448,0.022071
2015-10-16,1.4525,0.005329
2015-10-19,1.4469,-0.003855
2015-10-20,1.4635,0.011473
2015-10-21,1.388,-0.051589
2015-10-22,1.4129,0.017939
2015-10-23,1.444,0.022011
2015-10-26,1.4588,0.010249
2015-10-27,1.4551,-0.002536
2015-10-28,1.4463,-0.006048
2015-10-29,1.4579,0.008020000000000001
2015-10-30,1.454,-0.0026750000000000003
2015-11-02,1.449,-0.0034389999999999998
2015-11-03,1.4571,0.00559
2015-11-04,1.5063,0.033766
2015-11-05,1.5222,0.010556000000000001
2015-11-06,1.5446,0.014716
2015-11-09,1.5467,0.00136
2015-11-10,1.5391,-0.004914
2015-11-11,1.5498,0.006952000000000001
2015-11-12,1.5602,0.006711
2015-11-13,1.5369,-0.014934000000000001
2015-11-16,1.5524,0.010085
2015-11-17,1.5492,-0.002061
2015-11-18,1.532,-0.011103
2015-11-19,1.5541,0.014426000000000001
2015-11-20,1.564,0.00637
2015-11-23,1.5611,-0.0018540000000000002
2015-11-24,1.6027,0.026648
2015-11-25,1.6252,0.014039
2015-11-26,1.6126,-0.0077529999999999995
2015-11-27,1.5487,-0.039625
2015-11-30,1.577,0.018272999999999998
2015-12-01,1.575,-0.001268
2015-12-02,1.5657,-0.0059050000000000005
2015-12-03,1.5842,0.011816
2015-12-04,1.5704,-0.008711
2015-12-07,1.5779,0.004776
2015-12-08,1.5531,-0.015717000000000002
2015-12-09,1.5431,-0.006439
2015-12-10,1.535,-0.005249
2015-12-11,1.5228,-0.007948
2015-12-14,1.5423,0.012805
2015-12-15,1.5448,0.001621
2015-12-16,1.553,0.005308
2015-12-17,1.5747,0.013973
2015-12-18,1.5687,-0.00381
2015-12-21,1.6041,0.022566000000000003
2015-12-22,1.6041,0.0
2015-12-23,1.5909,-0.008229
2015-12-24,1.5855,-0.003394
2015-12-25,1.5828,-0.001703
2015-12-28,1.5579,-0.015732
2015-12-29,1.5668,0.005713
2015-12-30,1.581,0.009063
2015-12-31,1.5645,-0.010436
2016-01-04,1.4787,-0.054842
2016-01-05,1.4904,0.007912
2016-01-06,1.5279,0.025161
2016-01-07,1.4334,-0.061849999999999995
2016-01-08,1.4755,0.029371
2016-01-11,1.4219,-0.036327
2016-01-12,1.4019,-0.014066
2016-01-13,1.344,-0.041301
2016-01-14,1.3782,0.025446
2016-01-15,1.319,-0.04295499999999999
2016-01-18,1.3293,0.007809
2016-01-19,1.3768,0.035733
2016-01-20,1.3607,-0.011694
2016-01-21,1.3167,-0.032336000000000004
2016-01-22,1.3195,0.002127
2016-01-25,1.3453,0.019553
2016-01-26,1.2811,-0.047722
2016-01-27,1.2817,0.000468
2016-01-28,1.2214,-0.047047
2016-01-29,1.2553,0.027755000000000002
2016-02-01,1.2523,-0.0023899999999999998
2016-02-02,1.2896,0.029785
2016-02-03,1.2795,-0.007832
2016-02-04,1.2957,0.012661
2016-02-05,1.2875,-0.006329
2016-02-15,1.2945,0.005437
2016-02-16,1.345,0.039011
2016-02-17,1.3625,0.013011
2016-02-18,1.3569,-0.00411
2016-02-19,1.3669,0.00737
2016-02-22,1.3923,0.018582
2016-02-23,1.4004,0.005818
2016-02-24,1.4406,0.028706
2016-02-25,1.3603,-0.055741
2016-02-26,1.3769,0.012202999999999999
2016-02-29,1.3481,-0.020916999999999998
2016-03-01,1.3816,0.024849999999999997
2016-03-02,1.4338,0.037782
2016-03-03,1.4395,0.003975
2016-03-04,1.4369,-0.001806
2016-03-07,1.4656,0.019974000000000002
2016-03-08,1.447,-0.012691
2016-03-09,1.4155,-0.021768999999999997
2016-03-10,1.4138,-0.001201
2016-03-11,1.4028,-0.0077800000000000005
2016-03-14,1.4479,0.03215
2016-03-15,1.4313,-0.011465000000000001
2016-03-16,1.4128,-0.012924999999999999
2016-03-17,1.446,0.023499
2016-03-18,1.4849,0.026902
2016-03-21,1.5169,0.02155
2016-03-22,1.5385,0.01424
2016-03-23,1.5421,0.00234
2016-03-24,1.5408,-0.000843
2016-03-25,1.5567,0.010319
2016-03-28,1.5711,0.009250000000000001
2016-03-29,1.5451,-0.016549
2016-03-30,1.5717,0.017216
2016-03-31,1.5815,0.006235000000000001
2016-04-01,1.5679,-0.008599
2016-04-05,1.5878,0.012692000000000002
2016-04-06,1.5928,0.0031490000000000003
2016-04-07,1.57,-0.014314
2016-04-08,1.5613,-0.005541000000000001
2016-04-11,1.5743,0.008326
2016-04-12,1.5576,-0.010608
2016-04-13,1.5683,0.00687
2016-04-14,1.5723,0.002551
2016-04-15,1.5733,0.0006360000000000001
2016-04-18,1.5558,-0.011123000000000001
2016-04-19,1.5612,0.003471
2016-04-20,1.5302,-0.019857
2016-04-21,1.5261,-0.0026790000000000004
2016-04-22,1.5364,0.006749000000000001
2016-04-25,1.5357,-0.000456
2016-04-26,1.5426,0.004493
2016-04-27,1.5394,-0.002074
2016-04-28,1.5389,-0.000325
2016-04-29,1.5414,0.0016250000000000001
2016-05-03,1.591,0.032179
2016-05-04,1.5868,-0.00264
2016-05-05,1.5892,0.001512
2016-05-06,1.5499,-0.024729
2016-05-09,1.5222,-0.017872
2016-05-10,1.5285,0.004139
2016-05-11,1.5678,0.025710999999999998
2016-05-12,1.5578,-0.006378
2016-05-13,1.5545,-0.002118
2016-05-16,1.5893,0.022387
2016-05-17,1.561,-0.017807
2016-05-18,1.5221,-0.02492
2016-05-19,1.5219,-0.000131
2016-05-20,1.5403,0.01209
2016-05-23,1.5561,0.010258
2016-05-24,1.5384,-0.011375
2016-05-25,1.5342,-0.0027300000000000002
2016-05-26,1.5258,-0.005475
2016-05-27,1.5337,0.005178
2016-05-30,1.53,-0.002412
2016-05-31,1.5874,0.037516
2016-06-01,1.5951,0.004850999999999999
2016-06-02,1.6082,0.008213
2016-06-03,1.6305,0.013866
2016-06-06,1.623,-0.0046
2016-06-07,1.6252,0.001356
2016-06-08,1.6159,-0.0057220000000000005
2016-06-13,1.567,-0.030261999999999997
2016-06-14,1.5748,0.004978
2016-06-15,1.6094,0.021970999999999997
2016-06-16,1.611,0.000994
2016-06-17,1.6228,0.007325000000000001
2016-06-20,1.6249,0.0012939999999999998
2016-06-21,1.627,0.0012920000000000002
2016-06-22,1.6378,0.006638
2016-06-23,1.6235,-0.008731
2016-06-24,1.6013,-0.013673999999999999
2016-06-27,1.6337,0.020234000000000002
2016-06-28,1.6367,0.0018360000000000002
2016-06-29,1.6395,0.001711
2016-06-30,1.6394,-6.1000000000000005e-05
2016-07-01,1.6439,0.002745
2016-07-04,1.6828,0.023663
2016-07-05,1.6877,0.002912
2016-07-06,1.7046,0.010014
2016-07-07,1.7037,-0.000528
2016-07-08,1.6946,-0.005341
2016-07-11,1.6984,0.002242
2016-07-12,1.7546,0.03309
2016-07-13,1.7532,-0.000798
2016-07-14,1.7491,-0.002339
2016-07-15,1.7531,0.002287
2016-07-18,1.7715,0.010496
2016-07-19,1.7501,-0.01208
2016-07-20,1.7482,-0.001086
2016-07-21,1.7509,0.001544
2016-07-22,1.7366,-0.008167
2016-07-25,1.7338,-0.0016120000000000002
2016-07-26,1.7575,0.013669
2016-07-27,1.7358,-0.012346999999999999
2016-07-28,1.7578,0.012674000000000001
2016-07-29,1.7571,-0.000398
2016-08-01,1.7428,-0.008138
2016-08-02,1.7497,0.003959
2016-08-03,1.7456,-0.002343
2016-08-04,1.7426,-0.001719
2016-08-05,1.7426,0.0
2016-08-08,1.7541,0.006599000000000001
2016-08-09,1.7648,0.0060999999999999995
2016-08-10,1.7612,-0.0020399999999999997
2016-08-11,1.7582,-0.001703
2016-08-12,1.7986,0.022978000000000002
2016-08-15,1.842,0.02413
2016-08-16,1.8237,-0.009935000000000001
2016-08-17,1.82,-0.002029
2016-08-18,1.818,-0.001099
2016-08-19,1.8202,0.00121
2016-08-22,1.8176,-0.001428
2016-08-23,1.817,-0.00033
2016-08-24,1.8298,0.007045
2016-08-25,1.8267,-0.001694
2016-08-26,1.8287,0.001095
2016-08-29,1.8266,-0.001148
2016-08-30,1.8397,0.0071719999999999996
2016-08-31,1.8338,-0.0032069999999999998
2016-09-01,1.8259,-0.004308
2016-09-02,1.8258,-5.4999999999999995e-05
2016-09-05,1.832,0.003396
2016-09-06,1.848,0.008733999999999999
2016-09-07,1.849,0.000541
2016-09-08,1.8614,0.006706
2016-09-09,1.8529,-0.004566
2016-09-12,1.8108,-0.022721
2016-09-13,1.815,0.002319
2016-09-14,1.8022,-0.007052
2016-09-19,1.8123,0.0056040000000000005
2016-09-20,1.8083,-0.002207
2016-09-21,1.81,0.00094
2016-09-22,1.8184,0.004641
2016-09-23,1.8248,0.0035199999999999997
2016-09-26,1.796,-0.015783000000000002
2016-09-27,1.803,0.003898
2016-09-28,1.8012,-0.000998
2016-09-29,1.8075,0.003498
2016-09-30,1.8142,0.003707
2016-10-10,1.8308,0.00915
2016-10-11,1.8379,0.003878
2016-10-12,1.8376,-0.00016299999999999998
2016-10-13,1.8311,-0.003537
2016-10-14,1.8263,-0.002621
2016-10-17,1.8072,-0.010458
2016-10-18,1.8283,0.011675999999999999
2016-10-19,1.8247,-0.001969
2016-10-20,1.8291,0.002411
2016-10-21,1.8316,0.001367
2016-10-24,1.8558,0.013212
2016-10-25,1.8615,0.003071
2016-10-26,1.8586,-0.001558
2016-10-27,1.8617,0.001668
2016-10-28,1.8536,-0.004351
2016-10-31,1.8589,0.002859
2016-11-01,1.8728,0.007478
2016-11-02,1.8609,-0.006353999999999999
2016-11-03,1.8782,0.009297
2016-11-04,1.8769,-0.000692
2016-11-07,1.8761,-0.000426
2016-11-08,1.8869,0.005757
2016-11-09,1.8794,-0.003975
2016-11-10,1.9149,0.018889
2016-11-11,1.9187,0.001984
2016-11-14,1.9453,0.013864000000000001
2016-11-15,1.939,-0.003239
2016-11-16,1.9367,-0.001186
2016-11-17,1.9353,-0.000723
2016-11-18,1.9145,-0.010748
2016-11-21,1.9129,-0.0008359999999999999
2016-11-22,1.9273,0.007528
2016-11-23,1.9202,-0.003684
2016-11-24,1.9163,-0.002031
2016-11-25,1.9166,0.000157
2016-11-28,1.924,0.003861
2016-11-29,1.9147,-0.004834
2016-11-30,1.8913,-0.012221
2016-12-01,1.9027,0.006028
2016-12-02,1.8835,-0.010091000000000001
2016-12-05,1.8749,-0.004566
2016-12-06,1.8721,-0.001493
2016-12-07,1.8891,0.009081
2016-12-08,1.8793,-0.005188000000000001
2016-12-09,1.8693,-0.005321
2016-12-12,1.818,-0.027443
2016-12-13,1.8121,-0.003245
2016-12-14,1.7971,-0.008278
2016-12-15,1.7804,-0.009293000000000001
2016-12-16,1.7936,0.007414
2016-12-19,1.7896,-0.00223
2016-12-20,1.7825,-0.003967
2016-12-21,1.8011,0.010435000000000002
2016-12-22,1.8013,0.000111
2016-12-23,1.7891,-0.006773
2016-12-26,1.7993,0.005701
2016-12-27,1.8107,0.0063360000000000005
2016-12-28,1.8053,-0.0029820000000000003
2016-12-29,1.8234,0.010026
2016-12-30,1.8376,0.007788000000000001
2016-12-31,1.8375,-5.4000000000000005e-05
2017-01-03,1.8318,-0.003156
2017-01-04,1.8375,0.0031119999999999997
2017-01-05,1.8384,0.00049
2017-01-06,1.826,-0.006745
2017-01-09,1.8389,0.007065
2017-01-10,1.8366,-0.001251
2017-01-11,1.8165,-0.010944
2017-01-12,1.7983,-0.010019
2017-01-13,1.7893,-0.005004999999999999
2017-01-16,1.7738,-0.008662999999999999
2017-01-17,1.7928,0.010711
2017-01-18,1.7974,0.002566
2017-01-19,1.792,-0.003004
2017-01-20,1.8135,0.011998
2017-01-23,1.8354,0.012076
2017-01-24,1.8418,0.003487
2017-01-25,1.8495,0.004181000000000001
2017-01-26,1.8557,0.003352
2017-02-03,1.8519,-0.002048
2017-02-06,1.8678,0.008586
2017-02-07,1.8812,0.007174000000000001
2017-02-08,1.89,0.004678
2017-02-09,1.897,0.0037040000000000003
2017-02-10,1.909,0.006326000000000001
2017-02-13,1.9166,0.003981
2017-02-14,1.918,0.00073
2017-02-15,1.9026,-0.008029
2017-02-16,1.909,0.003364
2017-02-17,1.8886,-0.010686
2017-02-20,1.9111,0.011914000000000001
2017-02-21,1.931,0.010412999999999999
2017-02-22,1.9441,0.006784
2017-02-23,1.9375,-0.0033950000000000004
2017-02-24,1.9335,-0.002065
2017-02-27,1.9255,-0.004138
2017-02-28,1.9334,0.004103
2017-03-01,1.9408,0.0038269999999999997
2017-03-02,1.93,-0.005565
2017-03-03,1.9288,-0.0006219999999999999
2017-03-06,1.9499,0.010939
2017-03-07,1.951,0.0005639999999999999
2017-03-08,1.9432,-0.003998
2017-03-09,1.9277,-0.007977
2017-03-10,1.9293,0.00083
2017-03-13,1.9482,0.009796000000000001
2017-03-14,1.9452,-0.00154
2017-03-15,1.9457,0.000257
2017-03-16,1.9639,0.009354
2017-03-17,1.9478,-0.008198
2017-03-20,1.9587,0.005596
2017-03-21,1.967,0.0042380000000000004
2017-03-22,1.97,0.0015249999999999999
2017-03-23,1.9748,0.002437
2017-03-24,1.9887,0.007039
2017-03-27,1.9895,0.000402
2017-03-28,1.9793,-0.0051270000000000005
2017-03-29,1.9743,-0.002526
2017-03-30,1.9571,-0.008712
2017-03-31,1.9664,0.004752
2017-04-05,2.0023,0.018257000000000002
2017-04-06,2.0053,0.001498
2017-04-07,2.0042,-0.000549
2017-04-10,1.9884,-0.007883
2017-04-11,2.002,0.006840000000000001
2017-04-12,1.9875,-0.007243
2017-04-13,1.9899,0.001208
2017-04-14,1.9631,-0.013468
2017-04-17,1.9498,-0.006775
2017-04-18,1.9288,-0.01077
2017-04-19,1.9116,-0.008917000000000001
2017-04-20,1.9046,-0.0036620000000000003
2017-04-21,1.9024,-0.001155
2017-04-24,1.8554,-0.024706000000000002
2017-04-25,1.8706,0.008192
2017-04-26,1.8816,0.00588
2017-04-27,1.8958,0.007547000000000001
2017-04-28,1.8977,0.001002
2017-05-02,1.9021,0.002319
2017-05-03,1.8957,-0.0033650000000000004
2017-05-04,1.8886,-0.003745
2017-05-05,1.8607,-0.014773000000000001
2017-05-08,1.827,-0.018111
2017-05-09,1.8403,0.00728
2017-05-10,1.8007,-0.021518000000000002
2017-05-11,1.8069,0.003443
2017-05-12,1.7995,-0.004095
2017-05-15,1.8073,0.004335
2017-05-16,1.8487,0.022907
2017-05-17,1.8447,-0.002164
2017-05-18,1.8386,-0.003307
2017-05-19,1.8332,-0.0029370000000000004
2017-05-22,1.8149,-0.009982999999999999
2017-05-23,1.7684,-0.025621
2017-05-24,1.7829,0.008199999999999999
2017-05-25,1.7889,0.0033650000000000004
2017-05-26,1.8011,0.0068200000000000005
2017-05-31,1.8043,0.001777
2017-06-01,1.7719,-0.017957
2017-06-02,1.7917,0.011174
2017-06-05,1.8023,0.005916
2017-06-06,1.8036,0.000721
2017-06-07,1.8415,0.021013999999999998
2017-06-08,1.8305,-0.005973000000000001
2017-06-09,1.8376,0.003879
2017-06-12,1.8126,-0.013605
2017-06-13,1.8343,0.011972
2017-06-14,1.8368,0.001363
2017-06-15,1.8565,0.010725
2017-06-16,1.8488,-0.004148
2017-06-19,1.8715,0.012278
2017-06-20,1.882,0.00561
2017-06-21,1.8811,-0.000478
2017-06-22,1.8515,-0.015735
2017-06-23,1.86,0.0045910000000000005
2017-06-26,1.8896,0.015913999999999998
2017-06-27,1.8903,0.00037
2017-06-28,1.8792,-0.0058720000000000005
2017-06-29,1.8942,0.007982
2017-06-30,1.9159,0.011456
2017-07-03,1.9263,0.005428
2017-07-04,1.926,-0.000156
2017-07-05,1.9312,0.0027
2017-07-06,1.9452,0.007249
2017-07-07,1.9592,0.007197
2017-07-10,1.9534,-0.00296
2017-07-11,1.924,-0.015051000000000002
2017-07-12,1.9257,0.000884
2017-07-13,1.9263,0.000312
2017-07-14,1.9088,-0.009085
2017-07-17,1.8187,-0.047202
2017-07-18,1.8194,0.000385
2017-07-19,1.8578,0.021106
2017-07-20,1.8553,-0.001346
2017-07-21,1.864,0.004689
2017-07-24,1.8902,0.014055999999999999
2017-07-25,1.8771,-0.0069299999999999995
2017-07-26,1.8702,-0.003676
2017-07-27,1.8968,0.014223
2017-07-28,1.9039,0.0037430000000000002
2017-07-31,1.9158,0.00625
2017-08-01,1.9209,0.002662
2017-08-02,1.8982,-0.011817
2017-08-03,1.9159,0.009325
2017-08-04,1.9038,-0.006316
2017-08-07,1.9234,0.010295
2017-08-08,1.9366,0.006863
2017-08-09,1.9472,0.005474
2017-08-10,1.9288,-0.009448999999999999
2017-08-11,1.8908,-0.019701
2017-08-14,1.9301,0.020785
2017-08-15,1.9432,0.006787
2017-08-16,1.9578,0.007513
2017-08-17,1.9673,0.004852
2017-08-18,1.9239,-0.022061
2017-08-21,1.9412,0.008992
2017-08-22,1.9331,-0.004173
2017-08-23,1.917,-0.008329
2017-08-24,1.9067,-0.005373
2017-08-25,1.9334,0.014003000000000002
2017-08-28,1.9544,0.010862
2017-08-29,1.9536,-0.00040899999999999997
2017-08-30,1.9718,0.009316
2017-08-31,1.9795,0.003905
2017-09-01,1.9767,-0.001414
2017-09-04,1.9747,-0.0010119999999999999
2017-09-05,1.9704,-0.002178
2017-09-06,1.9648,-0.002842
2017-09-07,1.9705,0.0029010000000000004
2017-09-08,1.9593,-0.005684
2017-09-11,1.9982,0.019854
2017-09-12,1.996,-0.001101
2017-09-13,1.9995,0.001754
2017-09-14,1.9983,-0.0006
2017-09-15,1.9882,-0.0050539999999999995
2017-09-18,2.0128,0.012373
2017-09-19,1.999,-0.006856
2017-09-20,2.0113,0.006153
2017-09-21,1.9782,-0.016457
2017-09-22,1.9768,-0.000708
2017-09-25,1.9527,-0.012191
2017-09-26,1.9516,-0.000563
2017-09-27,1.9654,0.007070999999999999
2017-09-28,1.9696,0.002137
2017-09-29,1.9822,0.006397000000000001
2017-10-09,1.9922,0.005044999999999999
2017-10-10,2.0062,0.007027
2017-10-11,1.9977,-0.004237
2017-10-12,1.9946,-0.001552
2017-10-13,2.0052,0.005314
2017-10-16,1.9732,-0.015959
2017-10-17,1.9758,0.001318
2017-10-18,1.9701,-0.002885
2017-10-19,1.9449,-0.012790999999999999
2017-10-20,1.9558,0.0056040000000000005
2017-10-23,1.994,0.019532
2017-10-24,2.0008,0.0034100000000000003
2017-10-25,2.0138,0.006497
2017-10-26,2.0186,0.002384
2017-10-27,2.0216,0.0014860000000000001
2017-10-30,2.0026,-0.009398
2017-10-31,2.0328,0.01508
2017-11-01,2.0377,0.00241
2017-11-02,2.0264,-0.005545
2017-11-03,2.014,-0.006119
2017-11-06,2.0318,0.008838
2017-11-07,2.0713,0.019441
2017-11-08,2.0749,0.0017380000000000002
2017-11-09,2.0814,0.0031330000000000004
2017-11-10,2.0914,0.004804
2017-11-13,2.093,0.000765
2017-11-14,2.0838,-0.004396
2017-11-15,2.0525,-0.015021
2017-11-16,2.0612,0.004239
2017-11-17,2.0099,-0.024888
2017-11-20,2.0427,0.016319
2017-11-21,2.0587,0.007833
2017-11-22,2.038,-0.010055000000000001
2017-11-23,1.9848,-0.026104
2017-11-24,1.9937,0.004484
2017-11-27,1.9816,-0.006069
2017-11-28,2.0082,0.013423000000000001
2017-11-29,2.025,0.008366
2017-11-30,2.007,-0.008889000000000001
2017-12-01,2.0322,0.012556000000000001
2017-12-04,2.0233,-0.004379
2017-12-05,1.9729,-0.02491
2017-12-06,1.991,0.009174
2017-12-07,1.9816,-0.004721
2017-12-08,1.987,0.002725
2017-12-11,2.0004,0.006744
2017-12-12,1.9843,-0.008048
2017-12-13,2.0004,0.008114
2017-12-14,2.0052,0.0024
2017-12-15,1.9897,-0.00773
2017-12-18,1.9754,-0.007187
2017-12-19,1.9901,0.007442
2017-12-20,1.9811,-0.004522
2017-12-21,1.9876,0.003281
2017-12-22,1.9809,-0.0033710000000000003
2017-12-25,1.9489,-0.016153999999999998
2017-12-26,1.9694,0.010519
2017-12-27,1.9529,-0.008378
2017-12-28,1.9697,0.008603
2017-12-29,1.9892,0.009899999999999999
2017-12-31,1.989,0.0
2018-01-02,2.0333,0.022170000000000002
2018-01-03,2.0483,0.007377
2018-01-04,2.0462,-0.0010249999999999999
2018-01-05,2.0497,0.0017100000000000001
2018-01-08,2.0638,0.006879
2018-01-09,2.0571,-0.003246
2018-01-10,2.0404,-0.008118
2018-01-11,2.0243,-0.007891
2018-01-12,2.0217,-0.0012839999999999998
2018-01-15,1.9703,-0.025424000000000002
2018-01-16,1.9799,0.0048720000000000005
2018-01-17,1.9617,-0.009192
2018-01-18,1.9684,0.003415
2018-01-19,1.9645,-0.001981
2018-01-22,1.9954,0.015729
2018-01-23,2.0039,0.00426
2018-01-24,2.0208,0.008434
2018-01-25,2.0184,-0.001188
2018-01-26,2.0172,-0.0005949999999999999
2018-01-29,2.0057,-0.005701
2018-01-30,1.9929,-0.006382
2018-01-31,1.9574,-0.017813000000000002
2018-02-01,1.9102,-0.024114
2018-02-02,1.9021,-0.00424
2018-02-05,1.9029,0.000421
2018-02-06,1.8208,-0.043144999999999996
2018-02-07,1.8194,-0.0007689999999999999
2018-02-08,1.8547,0.019402
2018-02-09,1.7886,-0.035639
2018-02-12,1.8403,0.028905
2018-02-13,1.8509,0.0057599999999999995
2018-02-14,1.8676,0.009023
2018-02-22,1.8943,0.014296
2018-02-23,1.892,-0.001214
2018-02-26,1.923,0.016385
2018-02-27,1.9472,0.012584999999999999
2018-02-28,1.9448,-0.0012330000000000002
2018-03-01,1.9607,0.008176
2018-03-02,1.9468,-0.007089
2018-03-05,1.9494,0.001336
2018-03-06,1.9669,0.008977
2018-03-07,1.9437,-0.011795
2018-03-08,1.9484,0.002418
2018-03-09,1.9883,0.020478
2018-03-12,2.0208,0.016346
2018-03-13,1.9938,-0.013361000000000001
2018-03-14,1.9963,0.0012540000000000001
2018-03-15,1.9905,-0.0029049999999999996
2018-03-16,1.9847,-0.002914
2018-03-19,1.9913,0.0033250000000000003
2018-03-20,1.9966,0.002662
2018-03-21,1.9931,-0.0017530000000000002
2018-03-22,1.9844,-0.004365
2018-03-23,1.8876,-0.048780000000000004
2018-03-26,1.9167,0.015416000000000001
2018-03-27,1.9603,0.022747000000000003
2018-03-28,1.9445,-0.008060000000000001
2018-03-29,1.9523,0.004011
2018-03-30,1.9751,0.011679
2018-04-02,1.9928,0.008962
2018-04-03,1.9752,-0.008832
2018-04-04,1.9784,0.0016200000000000001
2018-04-09,1.9761,-0.001163
2018-04-10,1.9753,-0.00040500000000000003
2018-04-11,2.0011,0.013061
2018-04-12,1.9815,-0.009795
2018-04-13,1.9701,-0.005753
2018-04-16,1.9559,-0.007208
2018-04-17,1.9066,-0.025206
2018-04-18,1.9274,0.010909
2018-04-19,1.9428,0.00799
2018-04-20,1.9065,-0.018684
2018-04-23,1.8794,-0.014215
2018-04-24,1.9244,0.023944
2018-04-25,1.9168,-0.003948999999999999
2018-04-26,1.8919,-0.01299
2018-04-27,1.895,0.0016389999999999998
2018-05-02,1.8961,0.00058
2018-05-03,1.9314,0.018616999999999998
2018-05-04,1.9229,-0.0044009999999999995
2018-05-07,1.9583,0.01841
2018-05-08,1.9674,0.004647
2018-05-09,1.9782,0.005489000000000001
2018-05-10,1.9954,0.008695000000000001
2018-05-11,1.981,-0.007217
2018-05-14,1.9724,-0.004341
2018-05-15,1.9976,0.012776000000000001
2018-05-16,2.0056,0.004005
2018-05-17,1.9974,-0.004089
2018-05-18,2.0173,0.009963
2018-05-21,2.052,0.017201
2018-05-22,2.0507,-0.000634
2018-05-23,2.0398,-0.005314999999999999
2018-05-24,2.0243,-0.007599
2018-05-25,1.9964,-0.013783
2018-05-28,2.009,0.006311
2018-05-29,2.0015,-0.003733
2018-05-30,1.937,-0.032226
2018-05-31,1.9622,0.013009999999999999
2018-06-01,1.9687,0.003313
2018-06-04,1.971,0.001168
2018-06-05,2.0164,0.023034
2018-06-06,2.0304,0.006943
2018-06-07,2.0338,0.001675
2018-06-08,2.0315,-0.001131
2018-06-11,2.014,-0.008614
2018-06-12,2.0257,0.005809
2018-06-13,2.0003,-0.012539
2018-06-14,1.9667,-0.016797
2018-06-15,1.9439,-0.011593
2018-06-19,1.8347,-0.056176000000000004
2018-06-20,1.8478,0.00714
2018-06-21,1.8138,-0.0184
2018-06-22,1.8291,0.008435
2018-06-25,1.8046,-0.013394999999999999
2018-06-26,1.8124,0.0043219999999999995
2018-06-27,1.7976,-0.008166
2018-06-28,1.7719,-0.014296999999999999
2018-06-29,1.8309,0.033298
2018-06-30,1.8308,0.0
2018-07-02,1.7976,-0.018188
2018-07-03,1.83,0.018024
2018-07-04,1.7902,-0.021749
2018-07-05,1.7473,-0.023964
2018-07-06,1.7484,0.00063
2018-07-09,1.7826,0.019561
2018-07-10,1.7799,-0.0015149999999999999
2018-07-11,1.7568,-0.012978
2018-07-12,1.8006,0.024932
2018-07-13,1.8026,0.001111
2018-07-16,1.7986,-0.002219
2018-07-17,1.818,0.010786
2018-07-18,1.8163,-0.000935
2018-07-19,1.8253,0.004955
2018-07-20,1.8368,0.0063
2018-07-23,1.8625,0.013992
2018-07-24,1.8877,0.01353
2018-07-25,1.882,-0.00302
2018-07-26,1.8694,-0.0066949999999999996
2018-07-27,1.8515,-0.009575
2018-07-30,1.8287,-0.012314
2018-07-31,1.8273,-0.000766
2018-08-01,1.8178,-0.0051990000000000005
2018-08-02,1.7633,-0.029981
2018-08-03,1.7562,-0.004027
2018-08-06,1.7029,-0.030350000000000002
2018-08-07,1.7355,0.019144
2018-08-08,1.7078,-0.015961
2018-08-09,1.7435,0.020904
2018-08-10,1.7648,0.012217
2018-08-13,1.7676,0.001587
2018-08-14,1.7733,0.003225
2018-08-15,1.7452,-0.015846
2018-08-16,1.7251,-0.011517
2018-08-17,1.6875,-0.021796000000000003
2018-08-20,1.6655,-0.013037
2018-08-21,1.6671,0.000961
2018-08-22,1.6506,-0.009897
2018-08-23,1.6674,0.010178
2018-08-24,1.6731,0.003418
2018-08-27,1.7019,0.017214
2018-08-28,1.6913,-0.006228
2018-08-29,1.6929,0.000946
2018-08-30,1.6659,-0.015949
2018-08-31,1.6457,-0.012126
2018-09-03,1.649,0.0020050000000000003
2018-09-04,1.6671,0.010976
2018-09-05,1.6611,-0.0035989999999999998
2018-09-06,1.6463,-0.00891
2018-09-07,1.6476,0.00079
2018-09-10,1.6078,-0.024156
2018-09-11,1.6194,0.007215
2018-09-12,1.6147,-0.002902
2018-09-13,1.6229,0.005078
2018-09-14,1.5953,-0.017007
2018-09-17,1.5689,-0.016549
2018-09-18,1.5789,0.0063739999999999995
2018-09-19,1.6053,0.016721
2018-09-20,1.5975,-0.004859
2018-09-21,1.6127,0.009515000000000001
2018-09-25,1.6101,-0.0016120000000000002
2018-09-26,1.6091,-0.000621
2018-09-27,1.5819,-0.016904
2018-09-28,1.5883,0.004046
2018-10-08,1.5462,-0.026506
2018-10-09,1.5415,-0.0030399999999999997
2018-10-10,1.5295,-0.007784999999999999
2018-10-11,1.4358,-0.061262
2018-10-12,1.4257,-0.007034
2018-10-15,1.3941,-0.022165
2018-10-16,1.3791,-0.01076
2018-10-17,1.3783,-0.00058
2018-10-18,1.3424,-0.026046999999999997
2018-10-19,1.3688,0.019666
2018-10-22,1.428,0.043250000000000004
2018-10-23,1.4065,-0.015056
2018-10-24,1.3992,-0.00519
2018-10-25,1.3999,0.0005
2018-10-26,1.403,0.0022140000000000003
2018-10-29,1.4031,7.1e-05
2018-10-30,1.4163,0.009408
2018-10-31,1.4309,0.010308999999999999
2018-11-01,1.4454,0.010133000000000001
2018-11-02,1.4854,0.027673999999999997
2018-11-05,1.4904,0.003366
2018-11-06,1.494,0.002415
2018-11-07,1.486,-0.0053549999999999995
2018-11-08,1.4924,0.004307
2018-11-09,1.4844,-0.00536
2018-11-12,1.5327,0.032538
2018-11-13,1.5625,0.019443
2018-11-14,1.56,-0.0016
2018-11-15,1.5788,0.012051000000000001
2018-11-16,1.5979,0.012098
2018-11-19,1.6023,0.002754
2018-11-20,1.5819,-0.012732
2018-11-21,1.5923,0.006574
2018-11-22,1.5849,-0.004647
2018-11-23,1.5688,-0.010158
2018-11-26,1.5291,-0.025306000000000002
2018-11-27,1.5495,0.013341
2018-11-28,1.5708,0.013746000000000001
2018-11-29,1.5327,-0.024255
2018-11-30,1.5391,0.004176
2018-12-03,1.5743,0.022871000000000002
2018-12-04,1.5799,0.0035570000000000003
2018-12-05,1.5637,-0.010254000000000001
2018-12-06,1.5377,-0.016627
2018-12-07,1.5487,0.007154000000000001
2018-12-10,1.5324,-0.010525
2018-12-11,1.5421,0.00633
2018-12-12,1.5453,0.002075
2018-12-13,1.5546,0.006018
2018-12-14,1.5164,-0.024571999999999997
2018-12-17,1.5049,-0.007584
2018-12-18,1.4978,-0.004718
2018-12-19,1.4737,-0.01609
2018-12-20,1.4801,0.0043430000000000005
2018-12-21,1.4723,-0.00527
2018-12-24,1.4933,0.014263
2018-12-25,1.4869,-0.004286
2018-12-26,1.4806,-0.004237
2018-12-27,1.4647,-0.010739
2018-12-28,1.4629,-0.001229
2018-12-31,1.4627,0.0
2019-01-02,1.4451,-0.012168000000000002
2019-01-03,1.4264,-0.01294
2019-01-04,1.4535,0.018999
2019-01-07,1.4884,0.024011
2019-01-08,1.4991,0.007189
2019-01-09,1.5025,0.002268
2019-01-10,1.4964,-0.00406
2019-01-11,1.5066,0.006816
2019-01-14,1.5164,0.0065049999999999995
2019-01-15,1.528,0.0076500000000000005
2019-01-16,1.5299,0.001243
2019-01-17,1.5151,-0.009674
2019-01-18,1.5365,0.014124000000000001
2019-01-21,1.5522,0.010218
2019-01-22,1.5521,-6.4e-05
2019-01-23,1.5739,0.014045
2019-01-24,1.601,0.017218
2019-01-25,1.6,-0.000625
2019-01-28,1.6164,0.010249999999999999
2019-01-29,1.598,-0.011383
2019-01-30,1.5777,-0.012702999999999999
2019-01-31,1.5865,0.005578
2019-02-01,1.6152,0.01809
2019-02-11,1.6716,0.034918
2019-02-12,1.6748,0.001914
2019-02-13,1.6864,0.006926
2019-02-14,1.6876,0.000712
2019-02-15,1.7013,0.008118
2019-02-18,1.7801,0.046318
2019-02-19,1.7687,-0.006404
2019-02-20,1.7983,0.016735
2019-02-21,1.8105,0.006784
2019-02-22,1.8234,0.007125
2019-02-25,1.8838,0.033125
2019-02-26,1.9007,0.008971
2019-02-27,1.8697,-0.01631
2019-02-28,1.8666,-0.001658
2019-03-01,1.8929,0.01409
2019-03-04,1.9519,0.031169
2019-03-05,1.9966,0.022900999999999998
2019-03-06,2.0007,0.002053
2019-03-07,2.0002,-0.00025
2019-03-08,1.9575,-0.021348
2019-03-11,2.0515,0.04801999999999999
2019-03-12,2.1186,0.032708
2019-03-13,2.079,-0.018692
2019-03-14,2.0324,-0.022414999999999997
2019-03-15,2.0385,0.0030009999999999998
2019-03-18,2.0594,0.010253000000000002
2019-03-19,2.0682,0.004273
2019-03-20,2.0635,-0.002273
2019-03-21,2.0737,0.004943
2019-03-22,2.0715,-0.001061
2019-03-25,2.0531,-0.008882
2019-03-26,2.0296,-0.011446000000000001
2019-03-27,2.0128,-0.008277
2019-03-28,1.9933,-0.009688
2019-03-29,2.0311,0.018964
2019-04-01,2.0971,0.032494999999999996
2019-04-02,2.0808,-0.0077729999999999995
2019-04-03,2.0975,0.008026
2019-04-04,2.0942,-0.001573
2019-04-08,2.0964,0.001051
2019-04-09,2.0956,-0.00038199999999999996
2019-04-10,2.0901,-0.002625
2019-04-11,2.089,-0.000526
2019-04-12,2.1307,0.019962
2019-04-15,2.1009,-0.013986
2019-04-16,2.1198,0.008995999999999999
2019-04-17,2.1483,0.013445
2019-04-18,2.1217,-0.012381999999999999
2019-04-19,2.1304,0.0040999999999999995
2019-04-22,2.1316,0.000563
2019-04-23,2.1499,0.008585
2019-04-24,2.1757,0.012001
2019-04-25,2.1407,-0.016087
2019-04-26,2.0992,-0.019386
2019-04-29,2.0442,-0.0262
2019-04-30,2.0857,0.020301
2019-05-06,2.0032,-0.039555
2019-05-07,2.0042,0.000499
2019-05-08,1.9616,-0.021255000000000003
2019-05-09,1.9678,0.0031609999999999997
2019-05-10,2.0184,0.025714
2019-05-13,1.9932,-0.012485
2019-05-14,1.9771,-0.008076999999999999
2019-05-15,2.0173,0.020333
2019-05-16,2.0192,0.000942
2019-05-17,1.9695,-0.024613999999999997
2019-05-20,1.9211,-0.024575
2019-05-21,1.9841,0.032794
2019-05-22,1.97,-0.007106
2019-05-23,1.9261,-0.022284
2019-05-24,1.9182,-0.004102
2019-05-27,1.9747,0.029455
2019-05-28,1.9714,-0.001671
2019-05-29,1.9739,0.001268
2019-05-30,1.9721,-0.000912
2019-05-31,1.9604,-0.005933000000000001
2019-06-03,1.9195,-0.020863
2019-06-04,1.8913,-0.014691000000000001
2019-06-05,1.8803,-0.005816
2019-06-06,1.8381,-0.022443
2019-06-10,1.852,0.007562
2019-06-11,1.9205,0.036987
2019-06-12,1.892,-0.014839999999999999
2019-06-13,1.9101,0.009566999999999999
2019-06-14,1.8738,-0.019004
2019-06-17,1.8703,-0.0018679999999999999
2019-06-18,1.8693,-0.000535
2019-06-19,1.8974,0.015032
2019-06-20,1.9177,0.010699
2019-06-21,1.9502,0.016947
2019-06-24,1.9459,-0.002205
2019-06-25,1.9244,-0.011049
2019-06-26,1.9349,0.005456
2019-06-27,1.9549,0.010336000000000001
2019-06-28,1.941,-0.00711
2019-06-30,1.9408,0.0
2019-07-01,2.0035,0.0322
2019-07-02,2.0172,0.0068379999999999995
2019-07-03,2.0181,0.000446
2019-07-04,2.0341,0.007928
2019-07-05,2.0356,0.000737
2019-07-08,2.003,-0.016014999999999998
2019-07-09,2.0047,0.000849
2019-07-10,1.9886,-0.008031
2019-07-11,1.9755,-0.006588
2019-07-12,1.9577,-0.00901
2019-07-15,1.9789,0.010829
2019-07-16,1.9775,-0.000707
2019-07-17,1.9854,0.003995
2019-07-18,1.9496,-0.018032
2019-07-19,1.9656,0.008206999999999999
2019-07-22,1.9453,-0.010327999999999999
2019-07-23,1.9633,0.009253
2019-07-24,1.9918,0.014516
2019-07-25,2.0105,0.009388
2019-07-26,2.0221,0.00577
2019-07-29,2.0083,-0.006825
2019-07-30,2.0102,0.000946
2019-07-31,2.0014,-0.004378
2019-08-01,2.0125,0.005546
2019-08-02,2.0037,-0.004373
2019-08-05,1.9803,-0.011678
2019-08-06,1.9283,-0.026259
2019-08-07,1.9207,-0.003941
2019-08-08,1.9315,0.005623
2019-08-09,1.9036,-0.014445
2019-08-12,1.9114,0.004097
2019-08-13,1.8959,-0.008109
2019-08-14,1.9057,0.005169
2019-08-15,1.8987,-0.003673
2019-08-16,1.9178,0.01006
2019-08-19,1.9393,0.011211
2019-08-20,1.9157,-0.012169000000000001
2019-08-21,1.9032,-0.0065249999999999996
2019-08-22,1.9159,0.006673
2019-08-23,1.9106,-0.0027660000000000002
2019-08-26,1.9088,-0.000942
2019-08-27,1.9432,0.018022
2019-08-28,1.9644,0.01091
2019-08-29,1.9507,-0.006974
2019-08-30,1.9423,-0.004306
2019-09-02,1.9519,0.004943
2019-09-03,1.9581,0.003176
2019-09-04,1.9587,0.000306
2019-09-05,1.9642,0.0028079999999999997
2019-09-06,1.9408,-0.011913
2019-09-09,1.9342,-0.003401
2019-09-10,1.948,0.007135
2019-09-11,1.9296,-0.009446
2019-09-12,1.9349,0.002747
2019-09-16,1.9368,0.000982
2019-09-17,1.922,-0.007641
2019-09-18,1.9205,-0.00078
2019-09-19,1.9353,0.007705999999999999
2019-09-20,1.9326,-0.0013950000000000002
2019-09-23,1.9068,-0.013349999999999999
2019-09-24,1.8931,-0.007185
2019-09-25,1.8814,-0.00618
2019-09-26,1.8284,-0.028170999999999998
2019-09-27,1.8484,0.010939
2019-09-30,1.8549,0.003517
2019-10-08,1.8856,0.016551
2019-10-09,1.8956,0.0053029999999999996
2019-10-10,1.9235,0.014718
2019-10-11,1.9298,0.003275
2019-10-14,1.9297,-5.2e-05
2019-10-15,1.9264,-0.0017100000000000001
2019-10-16,1.9248,-0.0008309999999999999
2019-10-17,1.9272,0.001247
2019-10-18,1.9305,0.001712
2019-10-21,1.9534,0.011862
2019-10-22,1.9688,0.007884
2019-10-23,1.9679,-0.000457
2019-10-24,1.9821,0.007216
2019-10-25,2.019,0.018616999999999998
2019-10-28,2.019,0.0
2019-10-29,2.0498,0.015255000000000001
2019-10-30,2.0343,-0.007562
2019-10-31,2.0271,-0.003539
2019-11-01,2.0549,0.013713999999999999
2019-11-04,2.056,0.000535
2019-11-05,2.0789,0.011137999999999999
2019-11-06,2.0511,-0.013372
2019-11-07,2.0687,0.008581
2019-11-08,2.0518,-0.008169
2019-11-11,2.0132,-0.018813
2019-11-12,2.0072,-0.00298
2019-11-13,1.9997,-0.003737
2019-11-14,2.0159,0.008101
2019-11-15,1.9821,-0.016767
2019-11-18,1.9988,0.008425
2019-11-19,2.0189,0.010056
2019-11-20,1.9952,-0.011739
2019-11-21,1.9855,-0.004862
2019-11-22,1.9608,-0.01244
2019-11-25,1.9609,5.1000000000000006e-05
2019-11-26,1.9754,0.0073950000000000005
2019-11-27,1.9504,-0.012656
2019-11-28,1.953,0.001333
2019-11-29,1.9335,-0.009985
2019-12-02,1.9445,0.005689
2019-12-03,1.9629,0.009463000000000001
2019-12-04,1.9652,0.001172
2019-12-05,1.9669,0.0008649999999999999
2019-12-06,1.9777,0.005491
2019-12-09,1.9891,0.005764
2019-12-10,1.9891,0.0
2019-12-11,1.9802,-0.0044740000000000005
2019-12-12,1.9746,-0.002828
2019-12-13,2.007,0.016408
2019-12-16,2.0063,-0.000349
2019-12-17,2.0215,0.007576
2019-12-18,2.0233,0.00089
2019-12-19,2.0221,-0.000593
2019-12-20,2.0209,-0.000593
2019-12-23,2.0014,-0.009649
2019-12-24,2.0254,0.011992000000000001
2019-12-25,2.0217,-0.001827
2019-12-26,2.0457,0.011871
2019-12-27,2.042,-0.001809
2019-12-30,2.0634,0.01048
2019-12-31,2.0723,0.004313
2020-01-02,2.0949,0.010906
2020-01-03,2.0683,-0.012698000000000001
2020-01-06,2.0591,-0.004448
2020-01-07,2.084,0.012093
2020-01-08,2.0755,-0.004079
2020-01-09,2.1018,0.012672000000000001
2020-01-10,2.1038,0.000952
2020-01-13,2.1246,0.009887
2020-01-14,2.1188,-0.0027300000000000002
2020-01-15,2.1154,-0.001605
2020-01-16,2.125,0.0045379999999999995
2020-01-17,2.1359,0.005129
2020-01-20,2.1484,0.005852
2020-01-21,2.1264,-0.01024
2020-01-22,2.1324,0.002822
2020-01-23,2.09,-0.019884
2020-02-03,1.9752,-0.054928
2020-02-04,2.0444,0.035034
2020-02-05,2.0701,0.012571
2020-02-06,2.1154,0.021883
2020-02-07,2.1064,-0.004255
2020-02-10,2.1273,0.009922
2020-02-11,2.1446,0.008132
2020-02-12,2.1659,0.009932
2020-02-13,2.1458,-0.00928
2020-02-14,2.1514,0.00261
2020-02-17,2.1983,0.0218
2020-02-18,2.1932,-0.00232
2020-02-19,2.17,-0.010578
2020-02-20,2.2088,0.01788
2020-02-21,2.2271,0.008285
2020-02-24,2.2276,0.000225
2020-02-25,2.2171,-0.0047139999999999994
2020-02-26,2.1706,-0.020973000000000002
2020-02-27,2.2018,0.014374
2020-02-28,2.138,-0.028976000000000002
2020-03-02,2.19,0.024322
2020-03-03,2.214,0.010959000000000002
2020-03-04,2.2219,0.003568
2020-03-05,2.276,0.024349
2020-03-06,2.2457,-0.013312999999999998
2020-03-09,2.1624,-0.037093
2020-03-10,2.1981,0.016509
2020-03-11,2.1679,-0.013739
2020-03-12,2.1201,-0.022049
2020-03-13,2.0883,-0.014999
2020-03-16,1.9983,-0.043097
2020-03-17,1.9937,-0.002302
2020-03-18,1.9816,-0.006069
2020-03-19,1.9495,-0.016198999999999998
2020-03-20,1.9951,0.023391000000000002
2020-03-23,1.9313,-0.031978
2020-03-24,1.9849,0.027753
2020-03-25,2.0459,0.030732
2020-03-26,2.0513,0.0026390000000000003
2020-03-27,2.0406,-0.005215999999999999
2020-03-30,2.0046,-0.017642
2020-03-31,2.0352,0.015264999999999999
2020-04-01,2.0123,-0.011252
2020-04-02,2.0321,0.009839
2020-04-03,2.032,-4.9e-05
2020-04-07,2.075,0.021161
2020-04-08,2.0619,-0.006313
2020-04-09,2.0954,0.016247
2020-04-10,2.086,-0.004486
2020-04-13,2.0866,0.000288
2020-04-14,2.1312,0.021374
2020-04-15,2.1062,-0.01173
2020-04-16,2.1112,0.002374
2020-04-17,2.1161,0.002321
2020-04-20,2.159,0.020273
2020-04-21,2.1451,-0.006438
2020-04-22,2.1762,0.014498
2020-04-23,2.1758,-0.000184
2020-04-24,2.159,-0.007721
2020-04-27,2.1757,0.007735
2020-04-28,2.1998,0.011076999999999998
2020-04-29,2.2013,0.000682
2020-04-30,2.1989,-0.00109
2020-05-06,2.2057,0.0030919999999999997
2020-05-07,2.2143,0.003899
2020-05-08,2.2511,0.016619
2020-05-11,2.2435,-0.003376
2020-05-12,2.2701,0.011856
2020-05-13,2.3028,0.014405
2020-05-14,2.2911,-0.005081
2020-05-15,2.2802,-0.004758
2020-05-18,2.3033,0.010131
2020-05-19,2.3343,0.013459
2020-05-20,2.3064,-0.011952
2020-05-21,2.3091,0.001171
2020-05-22,2.2604,-0.02109
2020-05-25,2.2807,0.008981
2020-05-26,2.3249,0.019379999999999998
2020-05-27,2.3254,0.000215
2020-05-28,2.3204,-0.00215
2020-05-29,2.3668,0.019997
2020-06-01,2.4052,0.016224000000000002
2020-06-02,2.3669,-0.015924
2020-06-03,2.3673,0.000169
2020-06-04,2.3894,0.009336
2020-06-05,2.3937,0.0018
2020-06-08,2.3856,-0.003384
2020-06-09,2.4072,0.009054
2020-06-10,2.412,0.001994
2020-06-11,2.3872,-0.010282
2020-06-12,2.4203,0.013866
2020-06-15,2.3945,-0.010660000000000001
2020-06-16,2.4335,0.016287
2020-06-17,2.4382,0.001931
2020-06-18,2.4367,-0.000615
2020-06-19,2.4972,0.024829
2020-06-22,2.4804,-0.006728
2020-06-23,2.5021,0.008749
2020-06-24,2.5047,0.001039
2020-06-29,2.5084,0.001477
2020-06-30,2.5442,0.014272
2020-07-01,2.5583,0.005542
2020-07-02,2.5507,-0.0029709999999999997
2020-07-03,2.5689,0.007135
2020-07-06,2.6018,0.012806999999999999
2020-07-07,2.6524,0.019448
2020-07-08,2.6608,0.0031669999999999997
2020-07-09,2.7218,0.022925
2020-07-10,2.7122,-0.003527
2020-07-13,2.7709,0.021643
2020-07-14,2.7502,-0.00747
2020-07-15,2.7911,0.014872000000000002
2020-07-16,2.6996,-0.032783
2020-07-17,2.7583,0.021744
2020-07-20,2.7745,0.005873000000000001
2020-07-21,2.8344,0.021589
2020-07-22,2.8553,0.007374
2020-07-23,2.8708,0.005429000000000001
2020-07-24,2.7348,-0.047374
2020-07-27,2.7544,0.007167
2020-07-28,2.8075,0.019278
2020-07-29,2.8872,0.028388
2020-07-30,2.8655,-0.007516
2020-07-31,2.8983,0.011447
2020-08-03,2.9293,0.010696
2020-08-04,2.9296,0.00010200000000000001
2020-08-05,2.9811,0.017579
2020-08-06,2.936,-0.015128999999999998
2020-08-07,2.9336,-0.0008169999999999999
2020-08-10,2.9702,0.012476000000000001
2020-08-11,2.9375,-0.011009
2020-08-12,2.892,-0.015489
2020-08-13,2.9049,0.004461
2020-08-14,2.958,0.018279
2020-08-17,2.9766,0.006288
2020-08-18,3.0232,0.015655
2020-08-19,2.9737,-0.016373
2020-08-20,2.9324,-0.013888000000000001
2020-08-21,2.9813,0.016676
2020-08-24,3.0093,0.009399999999999999
2020-08-25,3.013,0.0012
2020-08-26,3.0201,0.0024
2020-08-27,3.0543,0.0113
2020-08-28,3.1179,0.0208
2020-08-31,3.1062,-0.0038
2020-09-01,3.1211,0.0048
2020-09-02,3.1239,0.0009
2020-09-03,3.0995,-0.0078000000000000005
2020-09-04,3.0547,-0.014499999999999999
2020-09-07,2.9384,-0.0381
2020-09-08,2.942,0.0012
2020-09-09,2.8594,-0.0281
2020-09-10,2.8868,0.0096
2020-09-11,2.9318,0.015600000000000001
2020-09-14,2.9446,0.0044
2020-09-15,2.9664,0.0074
2020-09-16,2.943,-0.0079
2020-09-17,2.9258,-0.0058
2020-09-18,2.9483,0.0077
2020-09-21,2.9235,-0.0084
2020-09-22,2.9163,-0.0025
2020-09-23,2.945,0.0098
2020-09-24,2.9029,-0.0143
2020-09-25,2.9133,0.0036
2020-09-28,2.9075,-0.002
2020-09-29,2.9395,0.011000000000000001
2020-09-30,2.9488,0.0032
2020-10-09,2.9976,0.0165
2020-10-12,3.0645,0.0223
2020-10-13,3.084,0.0064
2020-10-14,3.0949,0.0034999999999999996
2020-10-15,3.0906,-0.0014000000000000002
2020-10-16,3.0753,-0.005
2020-10-19,3.0282,-0.015300000000000001
2020-10-20,3.0685,0.013300000000000001
2020-10-21,3.0747,0.002
2020-10-22,3.0613,-0.0044
2020-10-23,2.9868,-0.024300000000000002
2020-10-26,2.9847,-0.0007000000000000001
2020-10-27,3.026,0.0138
2020-10-28,3.0785,0.0173
2020-10-29,3.1538,0.0245
2020-10-30,3.1158,-0.012
2020-11-02,3.1782,0.02
2020-11-03,3.1894,0.0034999999999999996
2020-11-04,3.229,0.0124
2020-11-05,3.2513,0.0069
2020-11-06,3.2313,-0.0062
2020-11-09,3.273,0.0129
2020-11-10,3.2452,-0.0085
2020-11-11,3.1919,-0.016399999999999998
2020-11-12,3.218,0.008199999999999999
2020-11-13,3.1933,-0.0077
2020-11-16,3.2247,0.0098
2020-11-17,3.1987,-0.008100000000000001
2020-11-18,3.1332,-0.020499999999999997
2020-11-19,3.1939,0.0194
2020-11-20,3.2186,0.0077
2020-11-23,3.2221,0.0011
2020-11-24,3.1667,-0.0172
2020-11-25,3.0847,-0.0259
2020-11-26,3.0835,-0.0004
2020-11-27,3.1004,0.0055000000000000005
2020-11-30,3.0728,-0.0089
2020-12-01,3.1337,0.019799999999999998
2020-12-02,3.134,0.0001
2020-12-03,3.1527,0.006
2020-12-04,3.1874,0.011000000000000001
2020-12-07,3.1783,-0.0029
2020-12-08,3.1726,-0.0018
2020-12-09,3.1256,-0.0148
2020-12-10,3.1495,0.0076
2020-12-11,3.1458,-0.0012
2020-12-14,3.1835,0.012
2020-12-15,3.1915,0.0025
2020-12-16,3.204,0.0039000000000000003
2020-12-17,3.2376,0.0105
2020-12-18,3.2151,-0.0069
2020-12-21,3.2602,0.013999999999999999
2020-12-22,3.2406,-0.006
2020-12-23,3.2531,0.0039000000000000003
2020-12-24,3.2435,-0.003
2020-12-25,3.2813,0.011699999999999999
2020-12-28,3.2992,0.0055000000000000005
2020-12-29,3.3015,0.0007000000000000001
2020-12-30,3.355,0.016200000000000003
2020-12-31,3.4158,0.0181
2021-01-04,3.4519,0.0106
2021-01-05,3.5202,0.019799999999999998
2021-01-06,3.5421,0.0062
2021-01-07,3.6098,0.0191
2021-01-08,3.5794,-0.0084
2021-01-11,3.5804,0.0003
2021-01-12,3.6418,0.0171
2021-01-13,3.5782,-0.0175
2021-01-14,3.5247,-0.015
2021-01-15,3.5175,-0.002
2021-01-18,3.5558,0.0109
2021-01-19,3.4873,-0.019299999999999998
2021-01-20,3.57,0.023700000000000002
2021-01-21,3.6449,0.021
2021-01-22,3.7015,0.0155
2021-01-25,3.7353,0.0091
2021-01-26,3.6286,-0.0286
2021-01-27,3.6402,0.0032
2021-01-28,3.5663,-0.0203
2021-01-29,3.5838,0.0049
2021-02-01,3.633,0.0137
2021-02-02,3.7134,0.022099999999999998
2021-02-03,3.7516,0.0103
2021-02-04,3.7572,0.0015
2021-02-05,3.7908,0.0089
2021-02-08,3.8411,0.013300000000000001
2021-02-09,3.8893,0.0125
2021-02-10,3.9579,0.0176
2021-02-18,3.828,-0.032799999999999996
2021-02-19,3.788,-0.0104
2021-02-22,3.5869,-0.053099999999999994
2021-02-23,3.5659,-0.0059
2021-02-24,3.4896,-0.021400000000000002
2021-02-25,3.4724,-0.0049
2021-02-26,3.4098,-0.018000000000000002
2021-03-01,3.4353,0.0075
2021-03-02,3.3796,-0.016200000000000003
2021-03-03,3.4233,0.0129
2021-03-04,3.3018,-0.0355
2021-03-05,3.3219,0.0060999999999999995
2021-03-08,3.1448,-0.0533
2021-03-09,3.0895,-0.0176
2021-03-10,3.188,0.0319
2021-03-11,3.2836,0.03
2021-03-12,3.295,0.0034999999999999996
2021-03-15,3.1549,-0.0425
2021-03-16,3.2218,0.0212
2021-03-17,3.2824,0.018799999999999997
2021-03-18,3.3597,0.0235
2021-03-19,3.2828,-0.0229
2021-03-22,3.2853,0.0008
2021-03-23,3.2906,0.0016
2021-03-24,3.2921,0.0005
2021-03-25,3.2933,0.0004
2021-03-26,3.3826,0.0271
2021-03-29,3.4034,0.0060999999999999995
2021-03-30,3.4593,0.016399999999999998
2021-03-31,3.4256,-0.0097
2021-04-01,3.4975,0.021
2021-04-02,3.5645,0.0192
2021-04-06,3.514,-0.014199999999999999
2021-04-07,3.4746,-0.011200000000000002
2021-04-08,3.5339,0.0171
2021-04-09,3.4711,-0.0178
2021-04-12,3.3997,-0.0206
2021-04-13,3.4072,0.0022
2021-04-14,3.4587,0.0151
2021-04-15,3.4282,-0.0088
2021-04-16,3.4476,0.005699999999999999
2021-04-19,3.4864,0.0113
2021-04-20,3.5099,0.0067
2021-04-21,3.5415,0.009000000000000001
2021-04-22,3.5327,-0.0025
2021-04-23,3.6027,0.019799999999999998
2021-04-26,3.5561,-0.0129
2021-04-27,3.6286,0.0204
2021-04-28,3.6576,0.008
2021-04-29,3.6601,0.0007000000000000001
2021-04-30,3.6486,-0.0031
2021-05-06,3.5613,-0.0239
2021-05-07,3.4865,-0.021
2021-05-10,3.478,-0.0024
2021-05-11,3.5201,0.0121
2021-05-12,3.5498,0.0084
2021-05-13,3.5316,-0.0051
2021-05-14,3.5867,0.015600000000000001
2021-05-17,3.7087,0.034
2021-05-18,3.7131,0.0012
2021-05-19,3.6902,-0.0062
2021-05-20,3.7177,0.0075
2021-05-21,3.6972,-0.0055000000000000005
2021-05-24,3.7213,0.006500000000000001
2021-05-25,3.8318,0.0297
2021-05-26,3.7987,-0.0086
2021-05-27,3.8049,0.0016
2021-05-28,3.7618,-0.0113
2021-05-31,3.7631,0.0003
2021-06-01,3.795,0.0085
2021-06-02,3.7601,-0.0092
2021-06-03,3.7685,0.0022
2021-06-04,3.8034,0.009300000000000001
2021-06-07,3.8134,0.0026
2021-06-08,3.716,-0.0255
2021-06-09,3.7048,-0.003
2021-06-10,3.7483,0.011699999999999999
2021-06-11,3.6965,-0.0138
2021-06-15,3.6951,-0.0004
2021-06-16,3.6103,-0.0229
2021-06-17,3.6424,0.0089
2021-06-18,3.6396,-0.0008
2021-06-21,3.6299,-0.0027
2021-06-22,3.6656,0.0098
2021-06-23,3.6466,-0.0052
2021-06-24,3.6395,-0.0019
2021-06-25,3.6881,0.0134
2021-06-28,3.7094,0.0058
2021-06-29,3.6871,-0.006
2021-06-30,3.7088,0.0059
2021-07-01,3.7529,0.011899999999999999
2021-07-02,3.6125,-0.0374
2021-07-05,3.6064,-0.0017000000000000001
2021-07-06,3.5455,-0.0169
2021-07-07,3.625,0.022400000000000003
2021-07-08,3.5499,-0.0207
2021-07-09,3.5002,-0.013999999999999999
2021-07-12,3.5591,0.0168
2021-07-13,3.6193,0.0169
2021-07-14,3.6294,0.0028000000000000004
2021-07-15,3.6672,0.0104
2021-07-16,3.5992,-0.018500000000000003
2021-07-19,3.6355,0.0101
2021-07-20,3.6318,-0.001
2021-07-21,3.6189,-0.0036
2021-07-22,3.5579,-0.0169
2021-07-23,3.4765,-0.0229
2021-07-26,3.3217,-0.044500000000000005
2021-07-27,3.207,-0.0345
2021-07-28,3.2632,0.0175
2021-07-29,3.2791,0.0049
2021-07-30,3.1419,-0.0418
2021-08-02,3.2509,0.0347
2021-08-03,3.3445,0.0288
2021-08-04,3.3001,-0.013300000000000001
2021-08-05,3.3081,0.0024
2021-08-06,3.2505,-0.0174
2021-08-09,3.3063,0.0172
2021-08-10,3.4031,0.029300000000000003
2021-08-11,3.3491,-0.0159
2021-08-12,3.2884,-0.0181
2021-08-13,3.2884,0.0
2021-08-16,3.3079,0.0059
2021-08-17,3.1815,-0.0382
2021-08-18,3.1559,-0.008
2021-08-19,3.1513,-0.0015
2021-08-20,3.0049,-0.04650000000000001
2021-08-23,3.0528,0.0159
2021-08-24,3.1089,0.0184
2021-08-25,3.1445,0.0115
2021-08-26,3.0537,-0.028900000000000002
2021-08-27,3.0572,0.0011
2021-08-30,3.0543,-0.0009
2021-08-31,3.0291,-0.0083
2021-09-01,3.0817,0.0174
2021-09-02,3.0138,-0.022000000000000002
2021-09-03,3.0464,0.0108
2021-09-06,3.1176,0.023399999999999997
2021-09-07,3.1305,0.0040999999999999995
2021-09-08,3.0854,-0.0144
2021-09-09,3.0648,-0.0067
2021-09-10,3.0847,0.006500000000000001
2021-09-13,3.0508,-0.011000000000000001
2021-09-14,3.0667,0.0052
2021-09-15,3.0101,-0.018500000000000003
2021-09-16,3.0171,0.0023
2021-09-17,3.0991,0.027200000000000002
2021-09-22,3.0494,-0.016
2021-09-23,3.04,-0.0031
2021-09-24,3.1045,0.0212
2021-09-27,3.2087,0.0336
2021-09-28,3.1829,-0.008
2021-09-29,3.1728,-0.0032
2021-09-30,3.2119,0.0123
2021-10-08,3.2531,0.0128
2021-10-11,3.2194,-0.0104
2021-10-12,3.219,-0.0001
2021-10-13,3.3037,0.0263
2021-10-14,3.2962,-0.0023
2021-10-15,3.2828,-0.0040999999999999995
2021-10-18,3.1726,-0.0336
2021-10-19,3.2208,0.0152
2021-10-20,3.1929,-0.0087
2021-10-21,3.1915,-0.0004
2021-10-22,3.2287,0.011699999999999999
2021-10-25,3.2099,-0.0058
2021-10-26,3.2112,0.0004
2021-10-27,3.1481,-0.0196
2021-10-28,3.1735,0.008100000000000001
2021-10-29,3.1963,0.0072
2021-11-01,3.1289,-0.021099999999999997
2021-11-02,3.1307,0.0006
2021-11-03,3.1226,-0.0026
2021-11-04,3.1769,0.0174
2021-11-05,3.1727,-0.0013
2021-11-08,3.1432,-0.009300000000000001
2021-11-09,3.1228,-0.006500000000000001
2021-11-10,3.0843,-0.0123
2021-11-11,3.1032,0.0060999999999999995
2021-11-12,3.0856,-0.005699999999999999
2021-11-15,3.1133,0.009000000000000001
2021-11-16,3.1777,0.0207
2021-11-17,3.1584,-0.0060999999999999995
2021-11-18,3.1235,-0.011000000000000001
2021-11-19,3.1488,0.008100000000000001
2021-11-22,3.1517,0.0009
2021-11-23,3.1408,-0.0034999999999999996
2021-11-24,3.1917,0.016200000000000003
2021-11-25,3.1788,-0.004
2021-11-26,3.1766,-0.0007000000000000001
2021-11-29,3.1819,0.0017000000000000001
2021-11-30,3.1451,-0.0116
2021-12-01,3.1498,0.0015
2021-12-02,3.1404,-0.003
2021-12-03,3.2023,0.0197
2021-12-06,3.1943,-0.0025
2021-12-07,3.2171,0.0070999999999999995
2021-12-08,3.2858,0.021400000000000002
2021-12-09,3.3578,0.0219
2021-12-10,3.3505,-0.0022
2021-12-13,3.3557,0.0016
2021-12-14,3.3636,0.0024
2021-12-15,3.3034,-0.0179
2021-12-16,3.2826,-0.0063
2021-12-17,3.2193,-0.019299999999999998
2021-12-20,3.2064,-0.004
2021-12-21,3.2119,0.0017000000000000001
2021-12-22,3.2247,0.004
2021-12-23,3.263,0.011899999999999999
2021-12-24,3.312,0.015
2021-12-27,3.3019,-0.003
2021-12-28,3.3229,0.0064
2021-12-29,3.2391,-0.0252
2021-12-30,3.2653,0.008100000000000001
2021-12-31,3.2471,-0.005600000000000001
2022-01-04,3.2112,-0.0111
2022-01-05,3.1847,-0.0083
2022-01-06,3.1372,-0.0149
2022-01-07,3.0972,-0.0128
2022-01-10,3.0957,-0.0005
2022-01-11,3.0598,-0.0116
2022-01-12,3.0894,0.0097
2022-01-13,3.016,-0.023799999999999998
2022-01-14,2.9964,-0.006500000000000001
2022-01-17,3.0074,0.0037
2022-01-18,3.0341,0.0089
2022-01-19,3.0106,-0.0077
2022-01-20,3.0498,0.013000000000000001
2022-01-21,3.0596,0.0032
2022-01-24,3.0543,-0.0017000000000000001
2022-01-25,3.006,-0.0158
2022-01-26,3.0308,0.0083
2022-01-27,3.0061,-0.008100000000000001
2022-01-28,2.9631,-0.0143
2022-02-07,2.9603,-0.0009
2022-02-08,2.9084,-0.0175
2022-02-09,2.9697,0.021099999999999997
2022-02-10,2.9519,-0.006
2022-02-11,2.9235,-0.0096
2022-02-14,2.9379,0.0049
2022-02-15,2.9879,0.017
2022-02-16,3.0081,0.0068000000000000005
2022-02-17,2.992,-0.0054
2022-02-18,2.998,0.002
2022-02-21,2.9931,-0.0016
2022-02-22,2.9384,-0.0183
2022-02-23,2.9644,0.0088
2022-02-24,2.889,-0.0254
2022-02-25,2.927,0.0132
2022-02-28,2.9256,-0.0005
2022-03-01,2.965,0.013500000000000002
2022-03-02,2.9421,-0.0077
2022-03-03,2.8779,-0.0218
2022-03-04,2.8619,-0.005600000000000001
2022-03-07,2.7509,-0.0388
2022-03-08,2.7185,-0.0118
2022-03-09,2.7089,-0.0034999999999999996
2022-03-10,2.7723,0.023399999999999997
2022-03-11,2.7561,-0.0058
2022-03-14,2.6586,-0.0354
2022-03-15,2.5567,-0.0383
2022-03-16,2.6273,0.0276
2022-03-17,2.6959,0.026099999999999998
2022-03-18,2.6845,-0.0042
2022-03-21,2.6779,-0.0025
2022-03-22,2.6723,-0.0021
2022-03-23,2.6993,0.0101
2022-03-24,2.671,-0.0105
2022-03-25,2.6187,-0.0196
2022-03-28,2.5737,-0.0172
2022-03-29,2.5592,-0.005600000000000001
2022-03-30,2.6379,0.0308
2022-03-31,2.6261,-0.0045000000000000005
2022-04-01,2.6606,0.0131
2022-04-06,2.6335,-0.0102
2022-04-07,2.6176,-0.006
2022-04-08,2.6134,-0.0016
2022-04-11,2.5523,-0.023399999999999997
2022-04-12,2.6541,0.039900000000000005
2022-04-13,2.649,-0.0019
2022-04-14,2.7427,0.0354
2022-04-15,2.7382,-0.0016
2022-04-18,2.7254,-0.004699999999999999
2022-04-19,2.7074,-0.0066
2022-04-20,2.7276,0.0075
2022-04-21,2.693,-0.0127
2022-04-22,2.7132,0.0075
2022-04-25,2.6291,-0.031
2022-04-26,2.6646,0.013500000000000002
2022-04-27,2.7219,0.0215
2022-04-28,2.7281,0.0023
2022-04-29,2.7417,0.005
2022-05-05,2.7596,0.006500000000000001
2022-05-06,2.6978,-0.022400000000000003
2022-05-09,2.6634,-0.0128
2022-05-10,2.6975,0.0128
2022-05-11,2.7193,0.008100000000000001
2022-05-12,2.7282,0.0033
2022-05-13,2.7279,-0.0001
2022-05-16,2.6991,-0.0106
2022-05-17,2.712,0.0048
2022-05-18,2.7024,-0.0034999999999999996
2022-05-19,2.6809,-0.008
2022-05-20,2.7487,0.0253
2022-05-23,2.7136,-0.0128
2022-05-24,2.6782,-0.013000000000000001
2022-05-25,2.6757,-0.0009
2022-05-26,2.6716,-0.0015
2022-05-27,2.6827,0.0042
2022-05-30,2.7348,0.0194
2022-05-31,2.7874,0.0192
2022-06-01,2.7821,-0.0019
2022-06-02,2.7686,-0.0049
2022-06-06,2.8029,0.0124
2022-06-07,2.8218,0.0067
2022-06-08,2.8558,0.012
2022-06-09,2.8072,-0.017
2022-06-10,2.838,0.011000000000000001
2022-06-13,2.794,-0.0155
2022-06-14,2.8198,0.0092
2022-06-15,2.8461,0.009300000000000001
2022-06-16,2.84,-0.0021
2022-06-17,2.8822,0.0149
2022-06-20,2.9209,0.0134
2022-06-21,2.9187,-0.0008
2022-06-22,2.8854,-0.011399999999999999
2022-06-23,2.911,0.0089
2022-06-24,2.9592,0.0166
2022-06-27,3.0241,0.0219
2022-06-28,3.0313,0.0024
2022-06-29,2.9987,-0.0108
2022-06-30,3.0772,0.0262
2022-07-01,3.0324,-0.0146
2022-07-04,3.0541,0.0072
2022-07-05,3.0343,-0.006500000000000001
2022-07-06,2.9816,-0.0174
2022-07-07,2.9745,-0.0024
2022-07-08,2.9765,0.0007000000000000001
2022-07-11,2.9391,-0.0126
2022-07-12,2.9167,-0.0076
2022-07-13,2.9197,0.001
2022-07-14,2.9096,-0.0034999999999999996
2022-07-15,2.9041,-0.0019
2022-07-18,2.8974,-0.0023
2022-07-19,2.8963,-0.0004
2022-07-20,2.919,0.0078000000000000005
2022-07-21,2.901,-0.0062
2022-07-22,2.8914,-0.0033
2022-07-25,2.9108,0.0067
2022-07-26,2.9264,0.0054
2022-07-27,2.899,-0.009399999999999999
2022-07-28,2.8833,-0.0054
2022-07-29,2.8273,-0.0194
2022-08-01,2.8461,0.0066
2022-08-02,2.8061,-0.0141
2022-08-03,2.7865,-0.006999999999999999
2022-08-04,2.8121,0.0092
2022-08-05,2.8365,0.0087
2022-08-08,2.8198,-0.0059
2022-08-09,2.8137,-0.0022
2022-08-10,2.7738,-0.014199999999999999
2022-08-11,2.8256,0.0187
2022-08-12,2.8426,0.006
2022-08-15,2.8135,-0.0102
2022-08-16,2.8006,-0.0046
2022-08-17,2.816,0.0055000000000000005
2022-08-18,2.7832,-0.0116
2022-08-19,2.7694,-0.005
2022-08-22,2.7844,0.0054
2022-08-23,2.7536,-0.0111
2022-08-24,2.7247,-0.0105
2022-08-25,2.7733,0.0178
2022-08-26,2.793,0.0070999999999999995
2022-08-29,2.7689,-0.0086
2022-08-30,2.7687,-0.0001
2022-08-31,2.8064,0.013600000000000001
2022-09-01,2.7798,-0.0095
2022-09-02,2.7512,-0.0103
2022-09-05,2.7049,-0.0168
2022-09-06,2.7147,0.0036
2022-09-07,2.6869,-0.0102
2022-09-08,2.7001,0.0049
2022-09-09,2.7308,0.011399999999999999
2022-09-13,2.7609,0.011000000000000001
2022-09-14,2.7441,-0.0060999999999999995
2022-09-15,2.7436,-0.0002
2022-09-16,2.6891,-0.0199
2022-09-19,2.6989,0.0036
2022-09-20,2.7122,0.0049
2022-09-21,2.6637,-0.0179
2022-09-22,2.6253,-0.0144
2022-09-23,2.623,-0.0009
2022-09-26,2.6589,0.0137
2022-09-27,2.7385,0.029900000000000003
2022-09-28,2.7231,-0.005600000000000001
2022-09-29,2.717,-0.0022
2022-09-30,2.7014,-0.005699999999999999
2022-10-10,2.5933,-0.04
2022-10-11,2.5843,-0.0034999999999999996
2022-10-12,2.5807,-0.0014000000000000002
2022-10-13,2.5633,-0.0067
2022-10-14,2.6369,0.0287
2022-10-17,2.6164,-0.0078000000000000005
2022-10-18,2.6069,-0.0036
2022-10-19,2.5396,-0.0258
2022-10-20,2.5372,-0.0009
2022-10-21,2.4993,-0.0149
2022-10-24,2.3994,-0.04
2022-10-25,2.3811,-0.0076
2022-10-26,2.411,0.0126
2022-10-27,2.3559,-0.0229
2022-10-28,2.3144,-0.0176
2022-10-31,2.295,-0.0084
2022-11-01,2.4142,0.0519
2022-11-02,2.4571,0.0178
2022-11-03,2.4363,-0.0085
2022-11-04,2.5177,0.0334
2022-11-07,2.5159,-0.0007000000000000001
2022-11-08,2.4903,-0.0102
2022-11-09,2.4598,-0.012199999999999999
2022-11-10,2.474,0.0058
2022-11-11,2.5289,0.0222
2022-11-14,2.5046,-0.0096
2022-11-15,2.542,0.0149
2022-11-16,2.5434,0.0006
2022-11-17,2.5339,-0.0037
2022-11-18,2.5413,0.0029
2022-11-21,2.5009,-0.0159
2022-11-22,2.491,-0.004
2022-11-23,2.4793,-0.004699999999999999
2022-11-24,2.4606,-0.0075
2022-11-25,2.4603,-0.0001
2022-11-28,2.4544,-0.0024
2022-11-29,2.5357,0.0331
2022-11-30,2.5305,-0.0021
2022-12-01,2.6014,0.027999999999999997
2022-12-02,2.5937,-0.003
2022-12-05,2.6299,0.013999999999999999
2022-12-06,2.6787,0.018600000000000002
2022-12-07,2.6861,0.0028000000000000004
2022-12-08,2.6844,-0.0006
2022-12-09,2.7305,0.0172
2022-12-12,2.6992,-0.0115
2022-12-13,2.7137,0.0054
2022-12-14,2.7502,0.013500000000000002
2022-12-15,2.7297,-0.0075
2022-12-16,2.7413,0.0042
2022-12-19,2.713,-0.0103
2022-12-20,2.6437,-0.0255
2022-12-21,2.6658,0.0084
2022-12-22,2.7066,0.015300000000000001
2022-12-23,2.7193,0.004699999999999999
2022-12-26,2.7021,-0.0063
2022-12-27,2.7407,0.0143
2022-12-28,2.7319,-0.0032
2022-12-29,2.7142,-0.006500000000000001
2022-12-30,2.7283,0.0052
2022-12-31,2.7281,-0.0001
2023-01-03,2.6989,-0.0108
2023-01-04,2.7115,0.004699999999999999
2023-01-05,2.7903,0.0291
2023-01-06,2.7873,-0.0011
2023-01-09,2.8174,0.0108
2023-01-10,2.8395,0.0078000000000000005
2023-01-11,2.8241,-0.0054
2023-01-12,2.8132,-0.0039000000000000003
2023-01-13,2.8796,0.0236
2023-01-16,2.9315,0.018000000000000002
2023-01-17,2.9144,-0.0058
2023-01-18,2.8862,-0.0097
2023-01-19,2.8863,0.0
2023-01-20,2.8778,-0.0029
2023-01-30,2.9034,0.0089
2023-01-31,2.8432,-0.0207
2023-02-01,2.8561,0.0045000000000000005
2023-02-02,2.8743,0.0064
2023-02-03,2.8478,-0.0092
2023-02-06,2.7936,-0.019
2023-02-07,2.7966,0.0011
2023-02-08,2.7816,-0.0054
2023-02-09,2.8385,0.020499999999999997
2023-02-10,2.8455,0.0025
2023-02-13,2.9198,0.026099999999999998
2023-02-14,2.9086,-0.0038
2023-02-15,2.8942,-0.005
2023-02-16,2.8921,-0.0007000000000000001
2023-02-17,2.8694,-0.0078000000000000005
2023-02-20,2.9244,0.0192
2023-02-21,2.9062,-0.0062
2023-02-22,2.8933,-0.0044
2023-02-23,2.8728,-0.0070999999999999995
2023-02-24,2.8446,-0.0098
2023-02-27,2.8543,0.0034000000000000002
2023-02-28,2.8583,0.0014000000000000002
2023-03-01,2.8801,0.0076
2023-03-02,2.8684,-0.0040999999999999995
2023-03-03,2.8607,-0.0027
2023-03-06,2.847,-0.0048
2023-03-07,2.7898,-0.020099999999999996
2023-03-08,2.7759,-0.005
2023-03-09,2.7542,-0.0078000000000000005
2023-03-10,2.7177,-0.013300000000000001
2023-03-13,2.7478,0.0111
2023-03-14,2.7357,-0.0044
2023-03-15,2.7105,-0.0092
2023-03-16,2.7036,-0.0025
2023-03-17,2.6679,-0.0132
2023-03-20,2.6404,-0.0103
2023-03-21,2.6972,0.0215
2023-03-22,2.6872,-0.0037
2023-03-23,2.7009,0.0051
2023-03-24,2.7002,-0.0003
2023-03-27,2.6793,-0.0077
2023-03-28,2.7022,0.0085
2023-03-29,2.7126,0.0038
2023-03-30,2.755,0.015600000000000001
2023-03-31,2.7384,-0.006
2023-04-03,2.7293,-0.0033
2023-04-04,2.734,0.0017000000000000001
2023-04-06,2.709,-0.0091
2023-04-07,2.7177,0.0032
2023-04-10,2.7023,-0.005699999999999999
2023-04-11,2.6757,-0.0098
2023-04-12,2.6278,-0.0179
2023-04-13,2.6344,0.0025
2023-04-14,2.6106,-0.009000000000000001
2023-04-17,2.6401,0.0113
2023-04-18,2.6503,0.0039000000000000003
2023-04-19,2.6268,-0.0089
2023-04-20,2.5914,-0.013500000000000002
2023-04-21,2.5702,-0.008199999999999999
2023-04-24,2.5223,-0.018600000000000002
2023-04-25,2.5438,0.0085
2023-04-26,2.5469,0.0012
2023-04-27,2.5735,0.0104
2023-04-28,2.5874,0.0054
2023-05-04,2.56,-0.0106
2023-05-05,2.5576,-0.0009
2023-05-08,2.5297,-0.0109
2023-05-09,2.5241,-0.0022
2023-05-10,2.5204,-0.0015
2023-05-11,2.5167,-0.0015
2023-05-12,2.4963,-0.008100000000000001
2023-05-15,2.5179,0.0087
2023-05-16,2.4963,-0.0086
2023-05-17,2.4775,-0.0075
2023-05-18,2.4611,-0.0066
2023-05-19,2.4846,0.0095
2023-05-22,2.5222,0.0151
2023-05-23,2.4906,-0.0125
2023-05-24,2.4644,-0.0105
2023-05-25,2.4512,-0.0054
2023-05-26,2.4431,-0.0033
2023-05-29,2.42,-0.0095
2023-05-30,2.3976,-0.009300000000000001
2023-05-31,2.3627,-0.0146
2023-06-01,2.3754,0.0054
2023-06-02,2.4223,0.0197
2023-06-05,2.3971,-0.0104
2023-06-06,2.3837,-0.005600000000000001
2023-06-07,2.3596,-0.0101
2023-06-08,2.3736,0.0059
2023-06-09,2.3689,-0.002
2023-06-12,2.4207,0.0219
2023-06-13,2.428,0.003
2023-06-14,2.4567,0.0118
2023-06-15,2.4954,0.0158
2023-06-16,2.5121,0.0067
2023-06-19,2.4741,-0.0151
2023-06-20,2.4552,-0.0076
2023-06-21,2.4228,-0.0132
2023-06-26,2.3848,-0.015700000000000002
2023-06-27,2.4087,0.01
2023-06-28,2.4097,0.0004
2023-06-29,2.3843,-0.0105
2023-06-30,2.3844,0.0
2023-07-03,2.4245,0.0168
2023-07-04,2.4319,0.0031
2023-07-05,2.4034,-0.011699999999999999
2023-07-06,2.3883,-0.0063
2023-07-07,2.3822,-0.0026
2023-07-10,2.3979,0.0066
2023-07-11,2.411,0.0055000000000000005
2023-07-12,2.4113,0.0001
2023-07-13,2.4608,0.020499999999999997
2023-07-14,2.4509,-0.004
2023-07-17,2.4337,-0.006999999999999999
2023-07-18,2.4303,-0.0014000000000000002
2023-07-19,2.4355,0.0021
2023-07-20,2.4331,-0.001
2023-07-21,2.4641,0.0127
2023-07-24,2.4436,-0.0083
2023-07-25,2.5304,0.0355
2023-07-26,2.5324,0.0008
2023-07-27,2.5444,0.004699999999999999
2023-07-28,2.5958,0.0202
2023-07-31,2.6097,0.0054
2023-08-01,2.5893,-0.0078000000000000005
2023-08-02,2.5722,-0.0066
2023-08-03,2.5865,0.005600000000000001
2023-08-04,2.5897,0.0012
2023-08-07,2.5585,-0.012
2023-08-08,2.5581,-0.0002
2023-08-09,2.5625,0.0017000000000000001
2023-08-10,2.5581,-0.0017000000000000001
2023-08-11,2.5176,-0.0158
2023-08-14,2.4981,-0.0077
2023-08-15,2.4897,-0.0034000000000000002
2023-08-16,2.4866,-0.0012
2023-08-17,2.5207,0.0137
2023-08-18,2.4855,-0.013999999999999999
2023-08-21,2.4731,-0.005
2023-08-22,2.465,-0.0033
2023-08-23,2.4332,-0.0129
2023-08-24,2.4794,0.019
2023-08-25,2.4624,-0.0069
2023-08-28,2.4669,0.0018
2023-08-29,2.5149,0.0195
2023-08-30,2.5233,0.0033
2023-08-31,2.5197,-0.0014000000000000002
2023-09-01,2.5483,0.011399999999999999
2023-09-04,2.601,0.0207
2023-09-05,2.5832,-0.0068000000000000005
2023-09-06,2.5787,-0.0017000000000000001
2023-09-07,2.5512,-0.010700000000000001
2023-09-08,2.54,-0.0044
2023-09-11,2.5588,0.0074
2023-09-12,2.5546,-0.0016
2023-09-13,2.5516,-0.0012
2023-09-14,2.5376,-0.0055000000000000005
2023-09-15,2.523,-0.0058
2023-09-18,2.5564,0.0132
2023-09-19,2.5358,-0.008100000000000001
2023-09-20,2.5228,-0.0051
2023-09-21,2.4878,-0.0139
2023-09-22,2.527,0.0158
2023-09-25,2.5185,-0.0034000000000000002
2023-09-26,2.4964,-0.0088
2023-09-27,2.5022,0.0023
2023-09-28,2.4851,-0.0068000000000000005
2023-10-09,2.4732,-0.0048
2023-10-10,2.4601,-0.0053
2023-10-11,2.4661,0.0024
2023-10-12,2.4732,0.0029
2023-10-13,2.4397,-0.013500000000000002
2023-10-16,2.4109,-0.0118
2023-10-17,2.4126,0.0007000000000000001
2023-10-18,2.4002,-0.0051
2023-10-19,2.3478,-0.0218
2023-10-20,2.3349,-0.0055000000000000005
2023-10-23,2.3198,-0.006500000000000001
2023-10-24,2.3378,0.0078000000000000005
2023-10-25,2.3618,0.0103
2023-10-26,2.3676,0.0025
2023-10-27,2.4147,0.0199
2023-10-30,2.4352,0.0085
2023-10-31,2.4304,-0.002
2023-11-01,2.4458,0.0063
2023-11-02,2.4255,-0.0083
2023-11-03,2.4459,0.0084
2023-11-06,2.4514,0.0022
2023-11-07,2.4369,-0.0059
2023-11-08,2.4379,0.0004
2023-11-09,2.4339,-0.0016
2023-11-10,2.4202,-0.005600000000000001
2023-11-13,2.4051,-0.0062
2023-11-14,2.4096,0.0019
2023-11-15,2.4204,0.0045000000000000005
2023-11-16,2.405,-0.0064
2023-11-17,2.3975,-0.0031
2023-11-20,2.404,0.0027
2023-11-21,2.4267,0.009399999999999999
2023-11-22,2.4088,-0.0074
2023-11-23,2.4228,0.0058
2023-11-24,2.4124,-0.0043
2023-11-27,2.3912,-0.0088
2023-11-28,2.3918,0.0003
2023-11-29,2.3787,-0.0055000000000000005
2023-11-30,2.3883,0.004
2023-12-01,2.3663,-0.0092
2023-12-04,2.3413,-0.0106
2023-12-05,2.3044,-0.0158
2023-12-06,2.311,0.0029
2023-12-07,2.3029,-0.0034999999999999996
2023-12-08,2.3057,0.0012
2023-12-11,2.299,-0.0029
2023-12-12,2.313,0.0060999999999999995
2023-12-13,2.2781,-0.0151
2023-12-14,2.2599,-0.008
2023-12-15,2.2557,-0.0019
2023-12-18,2.2563,0.0003
2023-12-19,2.2556,-0.0003
2023-12-20,2.2407,-0.0066
2023-12-21,2.2571,0.0073
2023-12-22,2.2582,0.0005
2023-12-25,2.2632,0.0022
2023-12-26,2.2573,-0.0026
2023-12-27,2.2644,0.0031
2023-12-28,2.305,0.0179
2023-12-29,2.3106,0.0024
2023-12-31,2.3104,-0.0001
2024-01-02,2.2805,-0.0129
2024-01-03,2.2722,-0.0036
2024-01-04,2.2511,-0.009300000000000001
2024-01-05,2.2462,-0.0022
2024-01-08,2.2261,-0.0089
2024-01-09,2.2247,-0.0006
2024-01-10,2.2326,0.0036
2024-01-11,2.2379,0.0024
2024-01-12,2.2358,-0.0009
2024-01-15,2.2297,-0.0027
2024-01-16,2.2416,0.0053
2024-01-17,2.2038,-0.0169
2024-01-18,2.2287,0.0113
2024-01-19,2.2326,0.0017000000000000001
2024-01-22,2.1989,-0.0151
2024-01-23,2.1937,-0.0024
2024-01-24,2.2006,0.0031
2024-01-25,2.224,0.0106
2024-01-26,2.2257,0.0008
2024-01-29,2.2328,0.0032
2024-01-30,2.197,-0.016
2024-01-31,2.1737,-0.0106
2024-02-01,2.1828,0.0042
2024-02-02,2.1774,-0.0025
2024-02-05,2.194,0.0076
2024-02-06,2.2505,0.0258
2024-02-07,2.2686,0.008
2024-02-08,2.2859,0.0076
2024-02-19,2.2987,0.005600000000000001
2024-02-20,2.296,-0.0012
2024-02-21,2.3366,0.0177
2024-02-22,2.3424,0.0025
2024-02-23,2.3401,-0.001
2024-02-26,2.3333,-0.0029
2024-02-27,2.3401,0.0029
2024-02-28,2.3107,-0.0126
2024-02-29,2.3431,0.013999999999999999
2024-03-01,2.3459,0.0012
2024-03-04,2.347,0.0005
2024-03-05,2.368,0.0089
2024-03-06,2.3562,-0.005
2024-03-07,2.3626,0.0027
2024-03-08,2.3538,-0.0037
2024-03-11,2.3815,0.0118
2024-03-12,2.4165,0.0147
2024-03-13,2.402,-0.006
2024-03-14,2.4023,0.0001
2024-03-15,2.4099,0.0032
2024-03-18,2.4222,0.0051
2024-03-19,2.4325,0.0043
2024-03-20,2.4427,0.0042
2024-03-21,2.4521,0.0038
2024-03-22,2.4311,-0.0086
2024-03-25,2.4087,-0.0092
2024-03-26,2.4237,0.0062
2024-03-27,2.4052,-0.0076
2024-03-28,2.4283,0.0096
2024-03-29,2.4344,0.0025
2024-04-01,2.4623,0.0115
2024-04-02,2.4477,-0.0059
2024-04-03,2.4435,-0.0017000000000000001
2024-04-08,2.4188,-0.0101
2024-04-09,2.4184,-0.0002
2024-04-10,2.4108,-0.0031
2024-04-11,2.4083,-0.001
2024-04-12,2.4015,-0.0028000000000000004
2024-04-15,2.4262,0.0103
2024-04-16,2.3995,-0.011000000000000001
2024-04-17,2.419,0.008100000000000001
2024-04-18,2.431,0.005
2024-04-19,2.4161,-0.0060999999999999995
2024-04-22,2.4315,0.0064
2024-04-23,2.4311,-0.0002
2024-04-24,2.4416,0.0043
2024-04-25,2.4463,0.0019
2024-04-26,2.4771,0.0126
2024-04-29,2.4983,0.0086
2024-04-30,2.4996,0.0005
2024-05-06,2.5391,0.0158
2024-05-07,2.5444,0.0021
2024-05-08,2.5242,-0.0079
2024-05-09,2.5338,0.0038
2024-05-10,2.5293,-0.0018
2024-05-13,2.5274,-0.0008
2024-05-14,2.5315,0.0016
2024-05-15,2.5251,-0.0025
2024-05-16,2.5312,0.0024
2024-05-17,2.5314,0.0001
2024-05-20,2.5385,0.0028000000000000004
2024-05-21,2.54,0.0006
2024-05-22,2.5264,-0.0054
2024-05-23,2.5015,-0.009899999999999999
2024-05-24,2.485,-0.0066
2024-05-27,2.4994,0.0058
2024-05-28,2.4833,-0.0064
2024-05-29,2.4881,0.0019
2024-05-30,2.4701,-0.0072
2024-05-31,2.4642,-0.0024
2024-06-03,2.4777,0.0055000000000000005
2024-06-04,2.4843,0.0027
2024-06-05,2.4733,-0.0044
2024-06-06,2.4617,-0.004699999999999999
2024-06-07,2.4513,-0.0042
2024-06-11,2.4418,-0.0039000000000000003
2024-06-12,2.4485,0.0027
2024-06-13,2.438,-0.0043
2024-06-14,2.4387,0.0003
2024-06-17,2.433,-0.0023
2024-06-18,2.4343,0.0005
2024-06-19,2.4179,-0.0067
2024-06-20,2.3998,-0.0075
2024-06-21,2.3918,-0.0033
2024-06-24,2.3746,-0.0072
2024-06-25,2.3806,0.0025
2024-06-26,2.3925,0.005
2024-06-27,2.3719,-0.0086
2024-06-28,2.3755,0.0015
2024-06-30,2.3754,0.0
2024-07-01,2.3801,0.002
2024-07-02,2.3665,-0.005699999999999999
2024-07-03,2.3511,-0.006500000000000001
2024-07-04,2.3415,-0.0040999999999999995
2024-07-05,2.3419,0.0002
2024-07-08,2.32,-0.009399999999999999
2024-07-09,2.3415,0.009300000000000001
2024-07-10,2.3423,0.0003
2024-07-11,2.3708,0.012199999999999999
2024-07-12,2.3732,0.001
2024-07-15,2.3678,-0.0023
2024-07-16,2.373,0.0022
2024-07-17,2.3627,-0.0043
2024-07-18,2.3713,0.0036
2024-07-19,2.3737,0.001
2024-07-22,2.3642,-0.004
2024-07-23,2.3223,-0.0177
2024-07-24,2.2913,-0.013300000000000001
2024-07-25,2.2856,-0.0025
2024-07-26,2.3084,0.01
2024-07-29,2.2903,-0.0078000000000000005
2024-07-30,2.2825,-0.0034000000000000002
2024-07-31,2.3354,0.0232
2024-08-01,2.3117,-0.0101
2024-08-02,2.3015,-0.0044
2024-08-05,2.2849,-0.0072
2024-08-06,2.2979,0.005699999999999999
2024-08-07,2.3028,0.0021
2024-08-08,2.3037,0.0004
2024-08-09,2.2983,-0.0023
2024-08-12,2.2896,-0.0038
2024-08-13,2.288,-0.0007000000000000001
2024-08-14,2.2753,-0.005600000000000001
2024-08-15,2.2878,0.0055000000000000005
2024-08-16,2.2901,0.001
2024-08-19,2.2839,-0.0027
2024-08-20,2.2728,-0.0049
2024-08-21,2.2747,0.0008
2024-08-22,2.2698,-0.0022
2024-08-23,2.2805,0.004699999999999999
2024-08-26,2.2791,-0.0006
2024-08-27,2.2681,-0.0048
2024-08-28,2.2663,-0.0008
2024-08-29,2.2791,0.005600000000000001
2024-08-30,2.312,0.0144
2024-09-02,2.2877,-0.0105
2024-09-03,2.3044,0.0073
2024-09-04,2.3035,-0.0004
2024-09-05,2.3081,0.002
2024-09-06,2.2947,-0.0058
2024-09-09,2.2759,-0.008199999999999999
2024-09-10,2.2779,0.0009
2024-09-11,2.2915,0.006
2024-09-12,2.2802,-0.0049
2024-09-13,2.2722,-0.0034999999999999996
2024-09-18,2.2879,0.0069
2024-09-19,2.3053,0.0076
2024-09-20,2.304,-0.0006
2024-09-23,2.307,0.0013
2024-09-24,2.3563,0.021400000000000002
2024-09-25,2.3696,0.005600000000000001
2024-09-26,2.4348,0.0275
2024-09-27,2.5191,0.0346
2024-09-30,2.6793,0.0636
2024-10-08,2.7856,0.0397
2024-10-09,2.6633,-0.043899999999999995
2024-10-10,2.6868,0.0088
2024-10-11,2.6244,-0.0232
2024-10-14,2.6634,0.0149
2024-10-15,2.6176,-0.0172
2024-10-16,2.5987,-0.0072
2024-10-17,2.5939,-0.0018
2024-10-18,2.6642,0.0271
2024-10-21,2.6801,0.006
2024-10-22,2.6984,0.0068000000000000005
2024-10-23,2.7008,0.0009
2024-10-24,2.6808,-0.0074
2024-10-25,2.7003,0.0073
2024-10-28,2.6954,-0.0018
2024-10-29,2.6835,-0.0044
2024-10-30,2.6692,-0.0053
2024-10-31,2.6564,-0.0048
2024-11-01,2.6564,0.0
2024-11-04,2.6902,0.0127
2024-11-05,2.7126,0.0083
2024-11-06,2.7042,-0.0031
2024-11-07,2.7449,0.0151
2024-11-08,2.7355,-0.0034000000000000002
2024-11-11,2.762,0.0097
2024-11-12,2.7498,-0.0044
2024-11-13,2.7551,0.0019
2024-11-14,2.7314,-0.0086
2024-11-15,2.7001,-0.0115
2024-11-18,2.6741,-0.0096
2024-11-19,2.7048,0.0115
2024-11-20,2.7116,0.0025
2024-11-21,2.711,-0.0002
2024-11-22,2.6602,-0.0187
2024-11-25,2.6523,-0.003
2024-11-26,2.6429,-0.0034999999999999996
2024-11-27,2.6829,0.0151
2024-11-28,2.6533,-0.011000000000000001
2024-11-29,2.6833,0.0113
2024-12-02,2.7043,0.0078000000000000005
2024-12-03,2.7005,-0.0014000000000000002
2024-12-04,2.692,-0.0031
2024-12-05,2.6913,-0.0003
2024-12-06,2.7224,0.0116
2024-12-09,2.7315,0.0033
2024-12-10,2.7515,0.0073
2024-12-11,2.7599,0.0031
2024-12-12,2.7787,0.0068000000000000005
2024-12-13,2.7339,-0.0161
2024-12-16,2.7035,-0.0111
2024-12-17,2.7111,0.0028000000000000004
2024-12-18,2.7164,0.002
2024-12-19,2.7273,0.004
2024-12-20,2.722,-0.0019
2024-12-23,2.7037,-0.0067
2024-12-24,2.7297,0.0096
2024-12-25,2.7267,-0.0011
2024-12-26,2.7395,0.004699999999999999
2024-12-27,2.7326,-0.0025
2024-12-30,2.7379,0.0019
2024-12-31,2.7134,-0.0089
2025-01-02,2.665,-0.0178
2025-01-03,2.6296,-0.013300000000000001
2025-01-06,2.6286,-0.0004
2025-01-07,2.6581,0.011200000000000002
2025-01-08,2.6676,0.0036
2025-01-09,2.6836,0.006
2025-01-10,2.6646,-0.0070999999999999995
2025-01-13,2.6426,-0.0083
2025-01-14,2.7069,0.024300000000000002
2025-01-15,2.6846,-0.008199999999999999
2025-01-16,2.6933,0.0032
2025-01-17,2.7113,0.0067
2025-01-20,2.7324,0.0078000000000000005
2025-01-21,2.7519,0.0070999999999999995
2025-01-22,2.7309,-0.0076
2025-01-23,2.7253,-0.0021
2025-01-24,2.7505,0.0092
2025-01-27,2.744,-0.0024
2025-02-05,2.7518,0.0028000000000000004
2025-02-06,2.8129,0.0222
2025-02-07,2.8443,0.011200000000000002
2025-02-10,2.8396,-0.0017000000000000001
2025-02-11,2.827,-0.0044
2025-02-12,2.85,0.008100000000000001
2025-02-13,2.8351,-0.0052
2025-02-14,2.8675,0.011399999999999999
2025-02-17,2.8648,-0.0009
2025-02-18,2.8501,-0.0051
2025-02-19,2.8738,0.0083
2025-02-20,2.8805,0.0023
2025-02-21,2.9125,0.0111
2025-02-24,2.8961,-0.005600000000000001
2025-02-25,2.8645,-0.0109
2025-02-26,2.877,0.0044
2025-02-27,2.881,0.0014000000000000002
2025-02-28,2.8277,-0.018500000000000003
2025-03-03,2.8274,-0.0001
2025-03-04,2.8211,-0.0022
2025-03-05,2.8319,0.0038
2025-03-06,2.8753,0.015300000000000001
2025-03-07,2.8705,-0.0017000000000000001
2025-03-10,2.8538,-0.0058
2025-03-11,2.8532,-0.0002
2025-03-12,2.8518,-0.0005
2025-03-13,2.84,-0.0040999999999999995
2025-03-14,2.9254,0.0301
2025-03-17,2.9156,-0.0033
2025-03-18,2.9298,0.0049
2025-03-19,2.928,-0.0006
2025-03-20,2.9118,-0.0055000000000000005
2025-03-21,2.8702,-0.0143
2025-03-24,2.8939,0.0083
2025-03-25,2.8788,-0.0052
2025-03-26,2.8763,-0.0009
2025-03-27,2.8966,0.0070999999999999995
2025-03-28,2.8791,-0.006
2025-03-31,2.8748,-0.0015
2025-04-01,2.8751,0.0001
2025-04-02,2.8701,-0.0017000000000000001
2025-04-03,2.8412,-0.0101
2025-04-07,2.6714,-0.059800000000000006
2025-04-08,2.6958,0.0091
2025-04-09,2.7272,0.0116
2025-04-10,2.7575,0.0111
2025-04-11,2.7756,0.0066
2025-04-14,2.7774,0.0006
2025-04-15,2.7839,0.0023
2025-04-16,2.7885,0.0017000000000000001
2025-04-17,2.7863,-0.0008
2025-04-18,2.778,-0.003
2025-04-21,2.8,0.0079
2025-04-22,2.8017,0.0006
2025-04-23,2.8156,0.005
2025-04-24,2.809,-0.0023
2025-04-25,2.8153,0.0022
2025-04-28,2.8189,0.0013
2025-04-29,2.8219,0.0011
2025-04-30,2.8208,-0.0004
2025-05-06,2.8466,0.0091
2025-05-07,2.8449,-0.0006
2025-05-08,2.8613,0.0058
2025-05-09,2.8539,-0.0026
2025-05-12,2.8747,0.0073
2025-05-13,2.8763,0.0006
2025-05-14,2.8896,0.0046
2025-05-15,2.8722,-0.006
2025-05-16,2.8741,0.0007000000000000001
2025-05-19,2.8667,-0.0026
2025-05-20,2.8934,0.009300000000000001
2025-05-21,2.902,0.003
2025-05-22,2.9012,-0.0003
2025-05-23,2.8939,-0.0025
2025-05-26,2.8805,-0.0046
2025-05-27,2.8728,-0.0027
2025-05-28,2.8808,0.0028000000000000004
2025-05-29,2.8978,0.0059
2025-05-30,2.8797,-0.0062
2025-06-03,2.8836,0.0014000000000000002
2025-06-04,2.893,0.0033
2025-06-05,2.8979,0.0017000000000000001
2025-06-06,2.8936,-0.0015
2025-06-09,2.892,-0.0006
2025-06-10,2.8834,-0.003
2025-06-11,2.9057,0.0077
2025-06-12,2.8978,-0.0027
2025-06-13,2.8629,-0.012
2025-06-16,2.8656,0.0009
2025-06-17,2.8544,-0.0039000000000000003
2025-06-18,2.8634,0.0032
2025-06-19,2.8415,-0.0076
2025-06-20,2.8431,0.0006
2025-06-23,2.8335,-0.0034000000000000002
2025-06-24,2.8667,0.011699999999999999
2025-06-25,2.8951,0.009899999999999999
2025-06-26,2.8769,-0.0063
2025-06-27,2.8731,-0.0013
2025-06-30,2.8967,0.008199999999999999
2025-07-01,2.9026,0.002
2025-07-02,2.891,-0.004
2025-07-03,2.9047,0.004699999999999999
2025-07-04,2.9141,0.0032
2025-07-07,2.8907,-0.008
2025-07-08,2.9118,0.0073
2025-07-09,2.9156,0.0013
2025-07-10,2.9064,-0.0032
2025-07-11,2.9243,0.0062
2025-07-14,2.9143,-0.0034000000000000002
2025-07-15,2.9209,0.0023
2025-07-16,2.9229,0.0007000000000000001
2025-07-17,2.9393,0.005600000000000001
2025-07-18,2.9508,0.0039000000000000003
2025-07-21,2.958,0.0024
2025-07-22,2.9872,0.009899999999999999
2025-07-23,3.0019,0.0049
2025-07-24,3.0196,0.0059
2025-07-25,3.018,-0.0005
2025-07-28,3.0122,-0.0019
2025-07-29,3.0204,0.0027
2025-07-30,3.0156,-0.0016
2025-07-31,2.9614,-0.018000000000000002
2025-08-01,2.9565,-0.0017000000000000001
2025-08-04,2.9651,0.0029
2025-08-05,2.9842,0.0064
2025-08-06,2.9884,0.0014000000000000002
2025-08-07,2.985,-0.0011
2025-08-08,2.9676,-0.0058
2025-08-11,2.9855,0.006
2025-08-12,2.9893,0.0013
2025-08-13,3.0119,0.0076
2025-08-14,3.0094,-0.0008
2025-08-15,3.0132,0.0013
2025-08-18,3.0448,0.0105
2025-08-19,3.0399,-0.0016
2025-08-20,3.0829,0.0141
2025-08-21,3.1085,0.0083
2025-08-22,3.1358,0.0088
2025-08-25,3.1698,0.0108
2025-08-26,3.1842,0.0045000000000000005
2025-08-27,3.1341,-0.015700000000000002
2025-08-28,3.1471,0.0040999999999999995
2025-08-29,3.1984,0.0163
2025-09-01,3.1969,-0.0005
2025-09-02,3.2064,0.003
2025-09-03,3.1885,-0.005600000000000001
2025-09-04,3.1381,-0.0158
2025-09-05,3.1925,0.0173
2025-09-08,3.2334,0.0128
2025-09-09,3.2306,-0.0009
2025-09-10,3.2231,-0.0023
2025-09-11,3.2573,0.0106
2025-09-12,3.2411,-0.005
2025-09-15,3.2703,0.009000000000000001
2025-09-16,3.2814,0.0034000000000000002
2025-09-17,3.3266,0.0138
2025-09-18,3.3003,-0.0079
2025-09-19,3.2978,-0.0008
2025-09-22,3.2828,-0.0045000000000000005
2025-09-23,3.2633,-0.0059
2025-09-24,3.2999,0.011200000000000002
2025-09-25,3.299,-0.0003
2025-09-26,3.2758,-0.006999999999999999
2025-09-29,3.3131,0.011399999999999999
2025-09-30,3.3331,0.006
2025-10-09,3.3307,-0.0007000000000000001
2025-10-10,3.2828,-0.0144
2025-10-13,3.2438,-0.011899999999999999
2025-10-14,3.1905,-0.016399999999999998
2025-10-15,3.2332,0.0134
2025-10-16,3.2273,-0.0018
2025-10-17,3.1717,-0.0172
2025-10-20,3.1882,0.0052
2025-10-21,3.2128,0.0077
2025-10-22,3.1977,-0.004699999999999999
2025-10-23,3.2168,0.006
2025-10-24,3.2389,0.0069
2025-10-27,3.2459,0.0022
2025-10-28,3.2456,-0.0001
2025-10-29,3.2896,0.013600000000000001
2025-10-30,3.2649,-0.0075
2025-10-31,3.2706,0.0017000000000000001
2025-11-03,3.2592,-0.0034999999999999996
2025-11-04,3.2195,-0.012199999999999999
2025-11-05,3.2217,0.0007000000000000001
2025-11-06,3.2435,0.0068000000000000005
2025-11-07,3.2244,-0.0059
2025-11-10,3.2379,0.0042
2025-11-11,3.2172,-0.0064
2025-11-12,3.2162,-0.0003
2025-11-13,3.2465,0.009399999999999999
2025-11-14,3.2063,-0.0124
2025-11-17,3.1717,-0.0108
2025-11-18,3.1589,-0.004
2025-11-19,3.1601,0.0004
2025-11-20,3.1315,-0.0091
2025-11-21,3.0976,-0.0108
2025-11-24,3.1197,0.0070999999999999995
2025-11-25,3.1304,0.0034000000000000002
2025-11-26,3.1485,0.0058
2025-11-27,3.1401,-0.0027
2025-11-28,3.157,0.0054
2025-12-01,3.1798,0.0072
2025-12-02,3.1604,-0.0060999999999999995
2025-12-03,3.1574,-0.0009
2025-12-04,3.16,0.0008
2025-12-05,3.1911,0.0098
2025-12-08,3.1916,0.0002
2025-12-09,3.1705,-0.0066
2025-12-10,3.1838,0.0042
2025-12-11,3.1772,-0.0021
2025-12-12,3.2197,0.0134
2025-12-15,3.2049,-0.0046
2025-12-16,3.1696,-0.011000000000000001
2025-12-17,3.217,0.015
2025-12-18,3.1929,-0.0075
2025-12-19,3.2073,0.0045000000000000005
2025-12-22,3.2177,0.0032
2025-12-23,3.2305,0.004
2025-12-24,3.2322,0.0005
2025-12-25,3.2453,0.0040999999999999995
2025-12-26,3.2627,0.0054
2025-12-29,3.2272,-0.0109
2025-12-30,3.2469,0.0060999999999999995
2025-12-31,3.2377,-0.0028000000000000004
2026-01-05,3.2742,0.0113
2026-01-06,3.3071,0.01
2026-01-07,3.3092,0.0006
2026-01-08,3.2759,-0.0101
2026-01-09,3.2857,0.003
2026-01-12,3.2891,0.001
2026-01-13,3.2798,-0.0028000000000000004
2026-01-14,3.2585,-0.006500000000000001
2026-01-15,3.2689,0.0032
2026-01-16,3.2598,-0.0028000000000000004
2026-01-19,3.2897,0.0092
2026-01-20,3.2923,0.0008
2026-01-21,3.3051,0.0039000000000000003
2026-01-22,3.2905,-0.0044
2026-01-23,3.3196,0.0088
2026-01-26,3.306,-0.0040999999999999995
2026-01-27,3.3145,0.0026
2026-01-28,3.3238,0.0028000000000000004
2026-01-29,3.334,0.0031
2026-01-30,3.2995,-0.0103
2026-02-02,3.2235,-0.023
2026-02-03,3.2868,0.0196
2026-02-04,3.3319,0.0137
2026-02-05,3.3047,-0.008199999999999999
2026-02-06,3.2932,-0.0034999999999999996
2026-02-09,3.3196,0.008
2026-02-10,3.3277,0.0024
2026-02-11,3.358,0.0091
2026-02-12,3.3732,0.0045000000000000005
2026-02-13,3.325,-0.0143
2026-02-24,3.3732,0.014499999999999999
2026-02-25,3.4001,0.008
2026-02-26,3.3912,-0.0026
2026-02-27,3.3958,0.0014000000000000002
2026-03-02,3.383,-0.0038
2026-03-03,3.303,-0.0236
2026-03-04,3.2684,-0.0105
2026-03-05,3.3106,0.0129
2026-03-06,3.3355,0.0075
2026-03-09,3.3049,-0.0092
2026-03-10,3.3582,0.0161
2026-03-11,3.394,0.010700000000000001
2026-03-12,3.3768,-0.0051
2026-03-13,3.3551,-0.0064
2026-03-16,3.3277,-0.008199999999999999
2026-03-17,3.299,-0.0086
2026-03-18,3.2889,-0.0031
2026-03-19,3.2187,-0.0213
2026-03-20,3.2285,0.003
2026-03-23,3.1568,-0.0222
2026-03-24,3.2159,0.0187
2026-03-25,3.2506,0.0108
2026-03-26,3.2349,-0.0048
2026-03-27,3.274,0.0121
2026-03-30,3.2532,-0.0064
2026-03-31,3.219,-0.0105
2026-04-01,3.2478,0.0089
2026-04-02,3.2215,-0.008100000000000001
2026-04-03,3.1891,-0.0101
2026-04-07,3.1834,-0.0018
2026-04-08,3.2616,0.0246
2026-04-09,3.2447,-0.0052
2026-04-10,3.2945,0.015300000000000001
2026-04-13,3.3055,0.0033
2026-04-14,3.3226,0.0052
2026-04-15,3.3135,-0.0027
2026-04-16,3.3696,0.0169
2026-04-17,3.3535,-0.0048
2026-04-20,3.3499,-0.0011
2026-04-21,3.3623,0.0037
2026-04-22,3.3644,0.0006
2026-04-23,3.3457,-0.005600000000000001
2026-04-24,3.3913,0.013600000000000001
2026-04-27,3.3879,-0.001
2026-04-28,3.3689,-0.005600000000000001
2026-04-29,3.4557,0.0258
2026-04-30,3.4381,-0.0051
2026-05-06,3.4736,0.0103
2026-05-07,3.45,-0.0068000000000000005
2026-05-08,3.4194,-0.0089
2026-05-11,3.4369,0.0051
2026-05-12,3.3968,-0.011699999999999999
2026-05-13,3.3953,-0.0004
2026-05-14,3.3392,-0.0165
2026-05-15,3.3134,-0.0077
2026-05-18,3.2717,-0.0126
2026-05-19,3.2704,-0.0004
2026-05-20,3.2703,0.0
2026-05-21,3.2317,-0.0118
2026-05-22,3.2465,0.0046
2026-05-25,3.2372,-0.0029
2026-05-26,3.2335,-0.0011
2026-05-27,3.2084,-0.0078000000000000005
2026-05-28,3.2004,-0.0025
2026-05-29,3.2023,0.0006
2026-06-01,3.195,-0.0023
2026-06-02,3.206,0.0034000000000000002
2026-06-03,3.1904,-0.0049
2026-06-04,3.1531,-0.011699999999999999
2026-06-05,3.1372,-0.005
2026-06-08,3.0953,-0.0134
2026-06-09,3.1283,0.010700000000000001
2026-06-10,3.1056,-0.0073
2026-06-11,3.0913,-0.0046
2026-06-12,3.1058,0.004699999999999999
2026-06-15,3.1226,0.0054
2026-06-16,3.0881,-0.011000000000000001
2026-06-17,3.0828,-0.0017000000000000001
2026-06-18,3.0473,-0.0115
2026-06-22,3.0778,0.01
2026-06-23,3.0504,-0.0089
2026-06-24,3.0514,0.0003
2026-06-25,3.0463,-0.0017000000000000001
2026-06-26,2.9938,-0.0172
2026-06-29,3.0384,0.0149
2026-06-30,3.0528,0.004699999999999999
2026-07-01,3.0601,0.0024
2026-07-02,3.05,-0.0033
2026-07-03,3.0891,0.0128
2026-07-06,3.1125,0.0076
2026-07-07,3.0818,-0.009899999999999999
2026-07-08,3.0359,-0.0149
2026-07-09,3.0436,0.0025
2026-07-10,3.025,-0.0060999999999999995
2026-07-13,3.0129,-0.004
2026-07-14,3.0357,0.0076
2026-07-15,3.0751,0.013000000000000001
2026-07-16,3.0689,-0.002
2026-07-17,3.0455,-0.0076
2026-07-20,3.108,0.020499999999999997
2026-07-21,3.1181,0.0032
2026-07-22,3.1211,0.001
2026-07-23,3.1526,0.0101
2026-07-24,3.1154,-0.0118
2026-07-27,3.1524,0.011899999999999999
2026-07-28,3.1572,0.0015
2026-07-29,3.2139,0.018000000000000002
2026-07-30,3.2532,0.012199999999999999
2026-07-31,3.2301,-0.0070999999999999995
