date,nav,ret
2006-10-11,1.0,0.0
2006-10-13,0.999,-0.001
2006-10-20,1.005,0.006006
2006-10-27,1.012,0.006965
2006-11-01,1.025,0.0
2006-11-02,1.019,0.0069169999999999995
2006-11-03,1.024,0.004907
2006-11-06,1.039,0.014648000000000001
2006-11-07,1.045,0.005775
2006-11-08,1.036,-0.008612
2006-11-09,1.051,0.014478999999999999
2006-11-10,1.053,0.001903
2006-11-13,1.046,-0.006647999999999999
2006-11-14,1.052,0.005736
2006-11-15,1.069,0.01616
2006-11-16,1.078,0.008419
2006-11-17,1.086,0.007421
2006-11-20,1.109,0.021179
2006-11-21,1.114,0.004509
2006-11-22,1.118,0.0035909999999999996
2006-11-23,1.13,0.010733
2006-11-24,1.125,-0.004425
2006-11-27,1.121,-0.003556
2006-11-28,1.118,-0.002676
2006-11-29,1.129,0.009839
2006-11-30,1.156,0.023915000000000002
2006-12-01,1.159,0.002595
2006-12-04,1.188,0.025022000000000003
2006-12-05,1.187,-0.000842
2006-12-06,1.185,-0.001685
2006-12-07,1.19,0.004219
2006-12-08,1.164,-0.021848999999999997
2006-12-11,1.205,0.035223
2006-12-12,1.223,0.014938
2006-12-13,1.222,-0.0008179999999999999
2006-12-14,1.228,0.00491
2006-12-15,1.244,0.013028999999999999
2006-12-18,1.278,0.027330999999999998
2006-12-19,1.283,0.003912
2006-12-20,1.278,-0.003897
2006-12-21,1.258,-0.015649
2006-12-22,1.258,0.0
2006-12-25,1.295,0.029411999999999997
2006-12-26,1.313,0.0139
2006-12-27,1.35,0.02818
2006-12-28,1.367,0.012593
2006-12-29,1.412,0.032919000000000004
2006-12-31,1.412,0.0
2007-01-04,1.429,0.01204
2007-01-05,1.389,-0.027992
2007-01-08,1.417,0.020158
2007-01-09,1.477,0.042343
2007-01-10,1.5,0.015571999999999999
2007-01-11,1.472,-0.018667
2007-01-12,1.453,-0.012908
2007-01-15,1.511,0.039917
2007-01-16,1.545,0.022502
2007-01-17,1.529,-0.010356
2007-01-18,1.501,-0.018313
2007-01-19,1.53,0.01932
2007-01-22,1.577,0.030719
2007-01-23,1.613,0.022828
2007-01-24,1.621,0.00496
2007-01-25,1.574,-0.028994
2007-01-26,1.619,0.02859
2007-01-29,1.653,0.021001
2007-01-30,1.632,-0.012704
2007-01-31,1.543,-0.054534
2007-02-01,1.538,-0.0032400000000000003
2007-02-02,1.477,-0.039662
2007-02-05,1.44,-0.025051
2007-02-06,1.466,0.018056000000000003
2007-02-07,1.497,0.021145999999999998
2007-02-08,1.49,-0.0046760000000000005
2007-02-09,1.468,-0.014764999999999999
2007-02-12,1.52,0.035421999999999995
2007-02-13,1.532,0.007895
2007-02-14,1.561,0.01893
2007-02-15,1.601,0.025625
2007-02-16,1.6,-0.000625
2007-02-26,1.592,-0.005
2007-02-27,1.461,-0.082286
2007-02-28,1.501,0.027378999999999997
2007-03-01,1.455,-0.030646
2007-03-02,1.468,0.008935
2007-03-05,1.443,-0.01703
2007-03-06,1.489,0.031878000000000004
2007-03-07,1.511,0.014775
2007-03-08,1.52,0.005956
2007-03-09,1.532,0.007895
2007-03-12,1.533,0.0006529999999999999
2007-03-13,1.531,-0.001305
2007-03-14,1.498,-0.021555
2007-03-15,1.543,0.03004
2007-03-16,1.524,-0.012314
2007-03-19,1.591,0.043963
2007-03-20,1.58,-0.006914
2007-03-21,1.591,0.006962
2007-03-22,1.596,0.0031430000000000004
2007-03-23,1.586,-0.006266000000000001
2007-03-26,1.604,0.011349
2007-03-27,1.597,-0.004364
2007-03-28,1.63,0.020664
2007-03-29,1.643,0.007975
2007-03-30,1.637,-0.0036520000000000003
2007-03-31,1.637,0.0
2007-04-02,1.68,0.026268
2007-04-03,1.694,0.008333
2007-04-04,1.692,-0.001181
2007-04-05,1.694,0.0011819999999999999
2007-04-06,1.685,-0.005313
2007-04-09,1.708,0.01365
2007-04-10,1.744,0.021077
2007-04-11,1.78,0.020642
2007-04-12,1.784,0.0022470000000000003
2007-04-13,1.772,-0.006725999999999999
2007-04-16,1.826,0.030474
2007-04-17,1.811,-0.008215
2007-04-18,1.815,0.002209
2007-04-19,1.763,-0.028650000000000002
2007-04-20,1.818,0.031197
2007-04-23,1.871,0.029153
2007-04-24,1.872,0.0005340000000000001
2007-04-25,1.895,0.012285999999999998
2007-04-26,1.901,0.003166
2007-04-27,1.858,-0.02262
2007-04-30,1.863,0.0026910000000000002
2007-05-08,1.908,0.024155000000000003
2007-05-09,1.926,0.009434
2007-05-10,1.932,0.003115
2007-05-11,1.93,-0.001035
2007-05-14,1.967,0.019171
2007-05-15,1.909,-0.029487
2007-05-16,1.953,0.023049
2007-05-17,1.983,0.015361
2007-05-18,1.978,-0.002521
2007-05-21,1.995,0.008595
2007-05-22,1.998,0.0015040000000000001
2007-05-23,2.025,0.013514
2007-05-24,2.014,-0.005432
2007-05-25,2.027,0.006455
2007-05-28,2.072,0.0222
2007-05-29,2.108,0.017375
2007-05-30,1.991,-0.055503
2007-05-31,2.083,0.046208
2007-06-01,2.062,-0.010082
2007-06-04,1.924,-0.066925
2007-06-05,1.976,0.027027000000000002
2007-06-06,1.994,0.009109
2007-06-07,2.043,0.024574
2007-06-08,2.047,0.001958
2007-06-11,2.126,0.038593
2007-06-12,2.176,0.023517999999999997
2007-06-13,2.217,0.018842
2007-06-14,2.216,-0.000451
2007-06-15,2.233,0.007671
2007-06-18,2.301,0.030452
2007-06-19,2.295,-0.0026079999999999996
2007-06-20,2.238,-0.024836999999999998
2007-06-21,2.279,0.01832
2007-06-22,2.255,-0.010530999999999999
2007-06-25,2.219,-0.015965
2007-06-26,2.226,0.003155
2007-06-27,2.29,0.028751000000000002
2007-06-28,2.225,-0.028384
2007-06-29,2.18,-0.020225
2007-06-30,2.18,0.0
2007-07-02,2.166,-0.006422
2007-07-03,2.203,0.017082
2007-07-04,2.146,-0.025874
2007-07-05,2.059,-0.040541
2007-07-06,2.136,0.037397
2007-07-09,2.191,0.025749
2007-07-10,2.19,-0.000456
2007-07-11,2.191,0.000457
2007-07-12,2.22,0.013236000000000001
2007-07-13,2.214,-0.0027029999999999997
2007-07-16,2.168,-0.020777
2007-07-17,2.225,0.026292
2007-07-18,2.236,0.0049440000000000005
2007-07-19,2.225,-0.004919
2007-07-20,2.333,0.048539000000000006
2007-07-23,2.4,0.028718
2007-07-24,2.4,0.0
2007-07-25,2.424,0.01
2007-07-26,2.426,0.000825
2007-07-27,2.415,-0.004534
2007-07-30,2.465,0.020703999999999997
2007-07-31,2.494,0.011765000000000001
2007-08-01,2.423,-0.028468
2007-08-02,2.499,0.031366
2007-08-03,2.642,0.057222999999999996
2007-08-06,2.685,0.016276
2007-08-07,2.672,-0.004842
2007-08-08,2.654,-0.006737
2007-08-09,2.744,0.033911
2007-08-10,2.7,-0.016035
2007-08-13,2.689,-0.0040739999999999995
2007-08-14,2.722,0.012272
2007-08-15,2.728,0.0022040000000000002
2007-08-16,2.66,-0.024927
2007-08-17,2.576,-0.031579
2007-08-20,2.73,0.059783
2007-08-21,2.778,0.017582
2007-08-22,2.821,0.015479
2007-08-23,2.878,0.020206
2007-08-24,2.945,0.02328
2007-08-27,2.96,0.0050929999999999994
2007-08-28,2.976,0.005405
2007-08-29,2.943,-0.011089
2007-08-30,2.961,0.006116
2007-08-31,2.993,0.010807
2007-09-03,3.057,0.021383
2007-09-04,3.01,-0.015375000000000002
2007-09-05,3.004,-0.001993
2007-09-06,3.019,0.004993
2007-09-07,2.941,-0.025836
2007-09-10,2.994,0.018021
2007-09-11,2.902,-0.030728
2007-09-12,2.928,0.008959
2007-09-13,3.016,0.030055000000000002
2007-09-14,3.046,0.009947000000000001
2007-09-17,3.101,0.018056000000000003
2007-09-18,3.037,-0.020638999999999998
2007-09-19,3.033,-0.001317
2007-09-20,3.079,0.015167
2007-09-21,3.069,-0.0032479999999999996
2007-09-24,3.115,0.014988999999999999
2007-09-25,3.103,-0.003852
2007-09-26,3.042,-0.019658
2007-09-27,3.093,0.016765000000000002
2007-09-28,3.182,0.028775
2007-09-30,3.181,-0.000314
2007-10-08,3.248,0.021063000000000002
2007-10-09,3.249,0.000308
2007-10-10,3.24,-0.0027700000000000003
2007-10-11,3.286,0.014197999999999999
2007-10-12,3.265,-0.006391
2007-10-15,3.274,0.002757
2007-10-16,3.3,0.007941
2007-10-17,3.25,-0.015152
2007-10-18,3.137,-0.034769
2007-10-19,3.152,0.004782
2007-10-22,3.116,-0.011420999999999999
2007-10-23,3.16,0.014121
2007-10-24,3.206,0.014557
2007-10-25,3.121,-0.026513
2007-10-26,3.177,0.017943
2007-10-29,3.236,0.018571
2007-10-30,3.241,0.001545
2007-10-31,3.275,0.010490999999999999
2007-11-01,3.228,-0.014351000000000001
2007-11-02,3.148,-0.024783
2007-11-05,3.054,-0.02986
2007-11-06,3.036,-0.005894
2007-11-07,3.039,0.000988
2007-11-08,2.904,-0.044423000000000004
2007-11-09,2.886,-0.006198
2007-11-12,2.894,0.002772
2007-11-13,2.869,-0.008639
2007-11-14,2.981,0.039037999999999996
2007-11-15,2.958,-0.007716
2007-11-16,2.905,-0.017918
2007-11-19,2.871,-0.011704
2007-11-20,2.908,0.012887
2007-11-21,2.875,-0.011348
2007-11-22,2.764,-0.038609
2007-11-23,2.787,0.008321
2007-11-26,2.766,-0.007534999999999999
2007-11-27,2.726,-0.014461
2007-11-28,2.696,-0.011005000000000001
2007-11-29,2.784,0.032641
2007-11-30,2.74,-0.015805
2007-12-03,2.77,0.010949
2007-12-04,2.814,0.015884
2007-12-05,2.897,0.029495
2007-12-06,2.895,-0.0006900000000000001
2007-12-07,2.929,0.011744000000000001
2007-12-10,2.95,0.007169999999999999
2007-12-11,2.939,-0.003729
2007-12-12,2.898,-0.01395
2007-12-13,2.82,-0.026915
2007-12-14,2.869,0.017376
2007-12-17,2.793,-0.02649
2007-12-18,2.783,-0.00358
2007-12-19,2.843,0.021559
2007-12-20,2.876,0.011607000000000001
2007-12-21,2.913,0.012865
2007-12-24,2.967,0.018538
2007-12-25,2.973,0.002022
2007-12-26,2.986,0.004373
2007-12-27,3.042,0.018754
2007-12-28,3.031,-0.003616
2007-12-29,3.031,0.0
2007-12-31,3.03,-0.00033
2008-01-02,3.018,-0.00396
2008-01-03,3.011,-0.002319
2008-01-04,3.045,0.011292
2008-01-07,3.065,0.006568000000000001
2008-01-08,3.082,0.005546
2008-01-09,3.111,0.009408999999999999
2008-01-10,3.13,0.0061070000000000004
2008-01-11,3.156,0.008307
2008-01-14,3.174,0.005703000000000001
2008-01-15,3.163,-0.0034660000000000003
2008-01-16,3.07,-0.029401999999999998
2008-01-17,3.026,-0.014332000000000001
2008-01-18,3.034,0.002644
2008-01-21,2.925,-0.035926
2008-01-22,2.783,-0.048547
2008-01-23,2.88,0.034853999999999996
2008-01-24,2.873,-0.002431
2008-01-25,2.892,0.006613
2008-01-28,2.756,-0.047026000000000005
2008-01-29,2.755,-0.000363
2008-01-30,2.729,-0.009437
2008-01-31,2.69,-0.014291
2008-02-01,2.684,-0.00223
2008-02-04,2.843,0.05924
2008-02-05,2.83,-0.004573
2008-02-13,2.768,-0.021907999999999997
2008-02-14,2.795,0.009754
2008-02-15,2.771,-0.008587000000000001
2008-02-18,2.813,0.015157
2008-02-19,2.859,0.016353
2008-02-20,2.812,-0.016439
2008-02-21,2.797,-0.005334
2008-02-22,2.72,-0.027528999999999998
2008-02-25,2.64,-0.029411999999999997
2008-02-26,2.615,-0.00947
2008-02-27,2.659,0.016826
2008-02-28,2.647,-0.004513
2008-02-29,2.677,0.011334
2008-03-03,2.738,0.022787
2008-03-04,2.691,-0.017166
2008-03-05,2.665,-0.009661999999999999
2008-03-06,2.695,0.011257
2008-03-07,2.67,-0.009276
2008-03-10,2.566,-0.038951
2008-03-11,2.56,-0.0023380000000000002
2008-03-12,2.481,-0.030859
2008-03-13,2.423,-0.023378
2008-03-14,2.399,-0.009905
2008-03-17,2.315,-0.035015
2008-03-18,2.235,-0.034557000000000004
2008-03-19,2.276,0.018345
2008-03-20,2.317,0.018014
2008-03-21,2.338,0.009063
2008-03-24,2.248,-0.038494
2008-03-25,2.265,0.007562
2008-03-26,2.267,0.000883
2008-03-27,2.192,-0.033083
2008-03-28,2.274,0.037409
2008-03-31,2.202,-0.031661999999999996
2008-04-01,2.103,-0.044959
2008-04-02,2.088,-0.0071330000000000005
2008-04-03,2.146,0.027778
2008-04-07,2.256,0.051258
2008-04-08,2.273,0.007534999999999999
2008-04-09,2.177,-0.042234999999999995
2008-04-10,2.199,0.010105999999999999
2008-04-11,2.213,0.006367
2008-04-14,2.105,-0.048803
2008-04-15,2.14,0.016627
2008-04-16,2.098,-0.019625999999999998
2008-04-17,2.058,-0.019066
2008-04-18,2.011,-0.022837999999999997
2008-04-21,2.006,-0.002486
2008-04-22,2.019,0.006481
2008-04-23,2.098,0.039127999999999996
2008-04-24,2.243,0.069113
2008-04-25,2.062,-0.000446
2008-04-28,2.029,-0.016004
2008-04-29,2.05,0.01035
2008-04-30,2.126,0.037073
2008-05-05,2.161,0.016463000000000002
2008-05-06,2.146,-0.006941
2008-05-07,2.076,-0.032618999999999995
2008-05-08,2.12,0.021195
2008-05-09,2.098,-0.010377
2008-05-12,2.109,0.005243
2008-05-13,2.087,-0.010431
2008-05-14,2.131,0.021082999999999998
2008-05-15,2.117,-0.00657
2008-05-16,2.11,-0.003307
2008-05-19,2.095,-0.007109
2008-05-20,2.018,-0.036753999999999995
2008-05-21,2.042,0.011893
2008-05-22,2.021,-0.010284
2008-05-23,2.014,-0.003464
2008-05-26,1.976,-0.018868
2008-05-27,1.984,0.004049
2008-05-28,2.023,0.019657
2008-05-29,1.988,-0.017301
2008-05-30,1.996,0.004024
2008-06-02,1.998,0.001002
2008-06-03,1.999,0.000501
2008-06-04,1.969,-0.015007999999999999
2008-06-05,1.956,-0.006602
2008-06-06,1.946,-0.005112
2008-06-10,1.84,-0.054471
2008-06-11,1.82,-0.01087
2008-06-12,1.794,-0.014286
2008-06-13,1.758,-0.020066999999999998
2008-06-16,1.745,-0.0073950000000000005
2008-06-17,1.707,-0.021777
2008-06-18,1.76,0.031049000000000004
2008-06-19,1.671,-0.050568
2008-06-20,1.704,0.019749000000000003
2008-06-23,1.67,-0.019953000000000002
2008-06-24,1.695,0.01497
2008-06-25,1.751,0.033038
2008-06-26,1.759,0.004569
2008-06-27,1.694,-0.036953
2008-06-30,1.682,-0.007084
2008-07-01,1.639,-0.025565
2008-07-02,1.64,0.00061
2008-07-03,1.677,0.022561
2008-07-04,1.675,-0.001193
2008-07-07,1.74,0.038806
2008-07-08,1.745,0.002874
2008-07-09,1.784,0.02235
2008-07-10,1.763,-0.011771
2008-07-11,1.752,-0.006239
2008-07-14,1.767,0.008562
2008-07-15,1.721,-0.026033
2008-07-16,1.684,-0.021499
2008-07-17,1.687,0.001781
2008-07-18,1.723,0.021339999999999998
2008-07-21,1.766,0.024956
2008-07-22,1.764,-0.001133
2008-07-23,1.753,-0.006236
2008-07-24,1.791,0.021677
2008-07-25,1.776,-0.008375
2008-07-28,1.787,0.006194
2008-07-29,1.769,-0.010073
2008-07-30,1.757,-0.006783
2008-07-31,1.728,-0.016505000000000002
2008-08-01,1.747,0.010995
2008-08-04,1.717,-0.017172
2008-08-05,1.694,-0.013394999999999999
2008-08-06,1.705,0.006494
2008-08-07,1.701,-0.002346
2008-08-08,1.653,-0.028218999999999998
2008-08-11,1.603,-0.030248
2008-08-12,1.605,0.001248
2008-08-13,1.6,-0.003115
2008-08-14,1.6,0.0
2008-08-15,1.611,0.006875
2008-08-18,1.56,-0.031657000000000005
2008-08-19,1.577,0.010896999999999999
2008-08-20,1.661,0.053266
2008-08-21,1.614,-0.028296
2008-08-22,1.59,-0.014870000000000001
2008-08-25,1.586,-0.002516
2008-08-26,1.559,-0.017023999999999997
2008-08-27,1.543,-0.010263
2008-08-28,1.544,0.0006479999999999999
2008-08-29,1.567,0.014896
2008-09-01,1.534,-0.021059
2008-09-02,1.519,-0.009778
2008-09-03,1.497,-0.014483
2008-09-04,1.497,0.0
2008-09-05,1.476,-0.014028
2008-09-08,1.462,-0.009485
2008-09-09,1.467,0.0034200000000000003
2008-09-10,1.464,-0.002045
2008-09-11,1.429,-0.023906999999999998
2008-09-12,1.43,0.0007000000000000001
2008-09-16,1.386,-0.030769
2008-09-17,1.352,-0.024531
2008-09-18,1.327,-0.018491
2008-09-19,1.414,0.065561
2008-09-22,1.461,0.033239
2008-09-23,1.408,-0.036277
2008-09-24,1.423,0.010653
2008-09-25,1.455,0.022488
2008-09-26,1.458,0.002062
2008-09-30,1.458,0.0
2008-10-06,1.414,-0.030177999999999996
2008-10-07,1.408,-0.004243
2008-10-08,1.37,-0.026989
2008-10-09,1.356,-0.010219
2008-10-10,1.321,-0.025811
2008-10-13,1.347,0.019681999999999998
2008-10-14,1.322,-0.01856
2008-10-15,1.309,-0.009834
2008-10-16,1.267,-0.032086
2008-10-17,1.26,-0.0055249999999999995
2008-10-20,1.278,0.014286
2008-10-21,1.271,-0.005476999999999999
2008-10-22,1.25,-0.016522
2008-10-23,1.247,-0.0024
2008-10-24,1.221,-0.02085
2008-10-27,1.16,-0.049958999999999996
2008-10-28,1.172,0.010345
2008-10-29,1.157,-0.012799
2008-10-30,1.177,0.017286
2008-10-31,1.165,-0.010195000000000001
2008-11-03,1.168,0.002575
2008-11-04,1.159,-0.007705
2008-11-05,1.194,0.030198
2008-11-06,1.165,-0.024287999999999997
2008-11-07,1.173,0.006867
2008-11-10,1.23,0.048593000000000004
2008-11-11,1.217,-0.010569
2008-11-12,1.223,0.00493
2008-11-13,1.257,0.0278
2008-11-14,1.295,0.030230999999999997
2008-11-17,1.315,0.015444
2008-11-18,1.238,-0.058555
2008-11-19,1.291,0.042811
2008-11-20,1.275,-0.012393000000000001
2008-11-21,1.274,-0.000784
2008-11-24,1.238,-0.028256999999999997
2008-11-25,1.235,-0.002423
2008-11-26,1.238,0.002429
2008-11-27,1.254,0.012924
2008-11-28,1.238,-0.012759
2008-12-01,1.25,0.009693
2008-12-02,1.251,0.0008
2008-12-03,1.091,0.031974
2008-12-04,1.104,0.011916
2008-12-05,1.118,0.012681
2008-12-08,1.154,0.0322
2008-12-09,1.13,-0.020797
2008-12-10,1.152,0.019469
2008-12-11,1.131,-0.018229
2008-12-12,1.089,-0.037135
2008-12-15,1.097,0.007346
2008-12-16,1.115,0.016408
2008-12-17,1.12,0.004484
2008-12-18,1.144,0.021429
2008-12-19,1.149,0.004371
2008-12-22,1.129,-0.017405999999999998
2008-12-23,1.088,-0.036315
2008-12-24,1.078,-0.009191
2008-12-25,1.068,-0.009276
2008-12-26,1.064,-0.003745
2008-12-29,1.008,0.003759
2008-12-30,1.0,-0.007937
2008-12-31,0.996,-0.004
2009-01-05,1.026,0.03012
2009-01-06,1.053,0.026316000000000003
2009-01-07,1.049,-0.0037990000000000003
2009-01-08,1.029,-0.019066
2009-01-09,1.041,0.011661999999999999
2009-01-12,1.038,-0.002882
2009-01-13,1.009,-0.027938
2009-01-14,1.047,0.037661
2009-01-15,1.042,-0.004776
2009-01-16,1.052,0.009597
2009-01-19,1.058,0.005703000000000001
2009-01-20,1.064,0.005671000000000001
2009-01-21,1.059,-0.004699
2009-01-22,1.074,0.014164000000000001
2009-01-23,1.065,-0.00838
2009-02-02,1.078,0.012206999999999999
2009-02-03,1.103,0.023191000000000003
2009-02-04,1.124,0.019039
2009-02-05,1.12,-0.003559
2009-02-06,1.162,0.0375
2009-02-09,1.195,0.028399
2009-02-10,1.208,0.010879000000000002
2009-02-11,1.21,0.001656
2009-02-12,1.205,-0.004132
2009-02-13,1.243,0.031535
2009-02-16,1.266,0.018504
2009-02-17,1.233,-0.026066
2009-02-18,1.193,-0.032441
2009-02-19,1.215,0.018441
2009-02-20,1.242,0.022222
2009-02-23,1.268,0.020933999999999998
2009-02-24,1.221,-0.037066
2009-02-25,1.219,-0.001638
2009-02-26,1.157,-0.050861
2009-02-27,1.132,-0.021608000000000002
2009-03-02,1.152,0.017668
2009-03-03,1.148,-0.0034720000000000003
2009-03-04,1.217,0.060105000000000006
2009-03-05,1.225,0.006574
2009-03-06,1.212,-0.010612
2009-03-09,1.162,-0.041254
2009-03-10,1.179,0.01463
2009-03-11,1.169,-0.008482
2009-03-12,1.168,-0.0008550000000000001
2009-03-13,1.168,0.0
2009-03-16,1.184,0.013699
2009-03-17,1.218,0.028716
2009-03-18,1.228,0.00821
2009-03-19,1.246,0.014658
2009-03-20,1.253,0.005618
2009-03-23,1.28,0.021547999999999998
2009-03-24,1.28,0.0
2009-03-25,1.256,-0.01875
2009-03-26,1.281,0.019903999999999998
2009-03-27,1.283,0.0015609999999999999
2009-03-30,1.281,-0.001559
2009-03-31,1.3,0.014832000000000001
2009-04-01,1.311,0.008461999999999999
2009-04-02,1.312,0.0007630000000000001
2009-04-03,1.298,-0.010671
2009-04-07,1.299,0.00077
2009-04-08,1.268,-0.023864999999999997
2009-04-09,1.289,0.016562
2009-04-10,1.343,0.041893
2009-04-13,1.365,0.016381
2009-04-14,1.375,0.007326
2009-04-15,1.385,0.007272999999999999
2009-04-16,1.376,-0.006498
2009-04-17,1.365,-0.007994
2009-04-20,1.389,0.017582
2009-04-21,1.379,-0.007199
2009-04-22,1.318,-0.044235
2009-04-23,1.334,0.01214
2009-04-24,1.33,-0.002999
2009-04-27,1.286,-0.033083
2009-04-28,1.284,-0.001555
2009-04-29,1.321,0.028816
2009-04-30,1.35,0.021953
2009-05-04,1.389,0.028889
2009-05-05,1.404,0.010799000000000001
2009-05-06,1.428,0.017094
2009-05-07,1.433,0.003501
2009-05-08,1.433,0.0
2009-05-11,1.391,-0.029308999999999998
2009-05-12,1.411,0.014378
2009-05-13,1.415,0.002835
2009-05-14,1.409,-0.00424
2009-05-15,1.415,0.0042580000000000005
2009-05-18,1.427,0.008480999999999999
2009-05-19,1.445,0.012614
2009-05-20,1.431,-0.009689
2009-05-21,1.404,-0.018868
2009-05-22,1.398,-0.004274
2009-05-25,1.414,0.011445
2009-05-26,1.401,-0.009194
2009-05-27,1.425,0.017131
2009-06-01,1.467,0.029474
2009-06-02,1.464,-0.002045
2009-06-03,1.506,0.028689
2009-06-04,1.512,0.003984
2009-06-05,1.496,-0.010582000000000001
2009-06-08,1.499,0.0020050000000000003
2009-06-09,1.504,0.003336
2009-06-10,1.512,0.005319000000000001
2009-06-11,1.502,-0.006614
2009-06-12,1.48,-0.014646999999999999
2009-06-15,1.512,0.021622
2009-06-16,1.502,-0.006614
2009-06-17,1.523,0.013980999999999999
2009-06-18,1.558,0.022980999999999998
2009-06-19,1.564,0.003851
2009-06-22,1.559,-0.0031969999999999998
2009-06-23,1.567,0.005131
2009-06-24,1.58,0.008296
2009-06-25,1.583,0.001899
2009-06-26,1.603,0.012634000000000001
2009-06-29,1.643,0.024953
2009-06-30,1.638,-0.003043
2009-07-01,1.685,0.028694
2009-07-02,1.723,0.022552
2009-07-03,1.747,0.013929
2009-07-06,1.763,0.009159
2009-07-07,1.729,-0.019285
2009-07-08,1.747,0.010410999999999998
2009-07-09,1.771,0.013737999999999998
2009-07-10,1.764,-0.003953
2009-07-13,1.716,-0.027211
2009-07-14,1.768,0.030303
2009-07-15,1.805,0.020928
2009-07-16,1.819,0.007756
2009-07-17,1.847,0.015392999999999999
2009-07-20,1.893,0.024905
2009-07-21,1.86,-0.017433
2009-07-22,1.914,0.029032
2009-07-23,1.947,0.017241
2009-07-24,1.972,0.01284
2009-07-27,1.999,0.013692
2009-07-28,1.988,-0.005503
2009-07-29,1.883,-0.052816999999999996
2009-07-30,1.918,0.018587
2009-07-31,1.961,0.022418999999999998
2009-08-03,1.968,0.00357
2009-08-04,1.966,-0.001016
2009-08-05,1.919,-0.023906
2009-08-06,1.879,-0.020844
2009-08-07,1.83,-0.026078
2009-08-10,1.819,-0.006011
2009-08-11,1.827,0.004398
2009-08-12,1.77,-0.031198999999999998
2009-08-13,1.792,0.012428999999999999
2009-08-14,1.743,-0.027344
2009-08-17,1.663,-0.045898
2009-08-18,1.057,0.008419
2009-08-19,1.016,-0.038789
2009-08-20,1.052,0.035433
2009-08-21,1.079,0.025665
2009-08-24,1.085,0.005561
2009-08-25,1.048,-0.034101
2009-08-26,1.066,0.017176
2009-08-27,1.063,-0.0028139999999999997
2009-08-28,1.024,-0.036689
2009-08-31,0.962,-0.060547000000000004
2009-09-01,0.968,0.006237
2009-09-02,0.981,0.01343
2009-09-03,1.017,0.036697
2009-09-04,1.026,0.00885
2009-09-07,1.039,0.012670999999999998
2009-09-08,1.051,0.01155
2009-09-09,1.054,0.0028539999999999998
2009-09-10,1.047,-0.006641
2009-09-11,1.059,0.011460999999999999
2009-09-14,1.072,0.012276
2009-09-15,1.074,0.0018659999999999998
2009-09-16,1.066,-0.007449
2009-09-17,1.076,0.009381
2009-09-18,1.058,-0.016729
2009-09-21,1.078,0.018904
2009-09-22,1.072,-0.005566
2009-09-23,1.058,-0.01306
2009-09-24,1.049,-0.008507
2009-09-25,1.047,-0.001907
2009-09-28,1.034,-0.012416
2009-09-29,1.024,-0.009670999999999999
2009-09-30,1.037,0.012695000000000001
2009-10-09,1.067,0.028929999999999997
2009-10-12,1.073,0.005623
2009-10-13,1.081,0.007456000000000001
2009-10-14,1.077,-0.0037
2009-10-15,1.076,-0.0009289999999999999
2009-10-16,1.076,0.0
2009-10-19,1.087,0.010223
2009-10-20,1.094,0.00644
2009-10-21,1.085,-0.008227
2009-10-22,1.082,-0.002765
2009-10-23,1.096,0.012939
2009-10-26,1.102,0.005474
2009-10-27,1.091,-0.009982
2009-10-28,1.1,0.008249
2009-10-29,1.093,-0.006364
2009-10-30,1.106,0.011894
2009-11-02,1.135,0.026221
2009-11-03,1.144,0.00793
2009-11-04,1.15,0.005245
2009-11-05,1.151,0.0008699999999999999
2009-11-06,1.146,-0.004344
2009-11-09,1.15,0.0034899999999999996
2009-11-10,1.155,0.004348
2009-11-11,1.16,0.004329
2009-11-12,1.176,0.013793
2009-11-13,1.191,0.012755
2009-11-16,1.209,0.015113000000000001
2009-11-17,1.211,0.0016539999999999999
2009-11-18,1.211,0.0
2009-11-19,1.215,0.003303
2009-11-20,1.214,-0.000823
2009-11-23,1.235,0.017298
2009-11-24,1.19,-0.036437
2009-11-25,1.222,0.026890999999999998
2009-11-26,1.175,-0.038462
2009-11-27,1.169,-0.005106
2009-11-30,1.219,0.042772
2009-12-01,1.248,0.02379
2009-12-02,1.251,0.002404
2009-12-03,1.244,-0.005596
2009-12-04,1.214,-0.024116
2009-12-07,1.225,0.009061
2009-12-08,1.219,-0.0048980000000000004
2009-12-09,1.209,-0.008203
2009-12-10,1.216,0.00579
2009-12-11,1.223,0.005757
2009-12-14,1.221,-0.0016350000000000002
2009-12-15,1.229,0.006552
2009-12-16,1.225,-0.003255
2009-12-17,1.193,-0.026122
2009-12-18,1.16,-0.027660999999999998
2009-12-21,1.172,0.010345
2009-12-22,1.163,-0.007679
2009-12-23,1.19,0.023216
2009-12-24,1.222,0.026890999999999998
2009-12-25,1.231,0.007365
2009-12-28,1.242,0.008936
2009-12-29,1.25,0.006441
2009-12-30,1.244,-0.0048
2009-12-31,1.247,0.002412
2010-01-04,1.246,-0.000802
2010-01-05,1.254,0.006421
2010-01-06,1.245,-0.007177
2010-01-07,1.219,-0.020884
2010-01-08,1.232,0.010664
2010-01-11,1.244,0.00974
2010-01-12,1.137,0.016881
2010-01-13,1.132,-0.004398
2010-01-14,1.163,0.027385000000000003
2010-01-15,1.165,0.00172
2010-01-18,1.176,0.009442
2010-01-19,1.167,-0.007653
2010-01-20,1.134,-0.028277999999999998
2010-01-21,1.133,-0.000882
2010-01-22,1.103,-0.026478
2010-01-25,1.098,-0.004533
2010-01-26,1.072,-0.023679000000000002
2010-01-27,1.072,0.0
2010-01-28,1.094,0.020522
2010-01-29,1.106,0.010969
2010-02-01,1.099,-0.006329
2010-02-02,1.09,-0.008189
2010-02-03,1.084,-0.0055049999999999995
2010-02-04,1.084,0.0
2010-02-05,1.065,-0.017528
2010-02-08,1.061,-0.003756
2010-02-09,1.058,-0.002828
2010-02-10,1.078,0.018904
2010-02-11,1.087,0.008349
2010-02-12,1.102,0.013798999999999999
2010-02-22,1.095,-0.006352
2010-02-23,1.103,0.007306
2010-02-24,1.133,0.027199
2010-02-25,1.149,0.014122
2010-02-26,1.155,0.005222
2010-03-01,1.157,0.001732
2010-03-02,1.154,-0.002593
2010-03-03,1.165,0.009532
2010-03-04,1.125,-0.034335
2010-03-05,1.123,-0.001778
2010-03-08,1.125,0.001781
2010-03-09,1.119,-0.005333
2010-03-10,1.113,-0.0053620000000000004
2010-03-11,1.105,-0.007188
2010-03-12,1.091,-0.012669999999999999
2010-03-15,1.08,-0.010082
2010-03-16,1.083,0.002778
2010-03-17,1.105,0.020314000000000002
2010-03-18,1.106,0.000905
2010-03-19,1.11,0.0036170000000000004
2010-03-22,1.113,0.0027029999999999997
2010-03-23,1.11,-0.0026950000000000003
2010-03-24,1.114,0.003604
2010-03-25,1.101,-0.01167
2010-03-26,1.111,0.009083
2010-03-29,1.137,0.023402
2010-03-30,1.144,0.006157
2010-03-31,1.14,-0.003497
2010-04-01,1.156,0.014034999999999999
2010-04-02,1.168,0.010381
2010-04-06,1.166,-0.001712
2010-04-07,1.162,-0.003431
2010-04-08,1.148,-0.012048000000000001
2010-04-09,1.17,0.019164
2010-04-12,1.168,-0.001709
2010-04-13,1.171,0.0025679999999999995
2010-04-14,1.18,0.007685999999999999
2010-04-15,1.177,-0.002542
2010-04-16,1.165,-0.010195000000000001
2010-04-19,1.103,-0.053219
2010-04-20,1.104,0.000907
2010-04-21,1.134,0.027174
2010-04-22,1.138,0.003527
2010-04-23,1.14,0.0017569999999999999
2010-04-26,1.135,-0.004386
2010-04-27,1.117,-0.015859
2010-04-28,1.107,-0.008953
2010-04-29,1.077,-0.0271
2010-04-30,1.072,-0.0046429999999999996
2010-05-04,1.075,0.002799
2010-05-05,1.076,0.0009299999999999999
2010-05-06,1.033,-0.039963
2010-05-07,1.008,-0.024201
2010-05-10,0.998,-0.009921
2010-05-11,0.988,-0.01002
2010-05-12,0.982,-0.006072999999999999
2010-05-13,1.01,0.028513
2010-05-14,1.011,0.00099
2010-05-17,0.969,-0.041543000000000004
2010-05-18,0.977,0.008256
2010-05-19,0.985,0.008187999999999999
2010-05-20,0.974,-0.011168
2010-05-21,0.983,0.00924
2010-05-24,1.012,0.029502
2010-05-25,1.008,-0.003953
2010-05-26,1.005,-0.002976
2010-05-27,1.016,0.010945
2010-05-28,1.021,0.004921
2010-05-31,1.005,-0.015671
2010-06-01,0.993,-0.01194
2010-06-02,1.002,0.009063
2010-06-03,1.004,0.001996
2010-06-04,1.008,0.003984
2010-06-07,1.014,0.005952
2010-06-08,1.019,0.004931
2010-06-09,1.027,0.007851
2010-06-10,1.039,0.011685000000000001
2010-06-11,1.032,-0.006737
2010-06-17,1.009,-0.022286999999999998
2010-06-18,0.975,-0.033697
2010-06-21,0.988,0.013333
2010-06-22,0.995,0.007085
2010-06-23,0.996,0.001005
2010-06-24,0.997,0.0010040000000000001
2010-06-25,0.989,-0.008024
2010-06-28,0.979,-0.010111000000000002
2010-06-29,0.948,-0.031665
2010-06-30,0.95,0.00211
2010-07-01,0.939,-0.011578999999999999
2010-07-02,0.927,-0.01278
2010-07-05,0.925,-0.002157
2010-07-06,0.939,0.015135000000000001
2010-07-07,0.949,0.01065
2010-07-08,0.946,-0.0031609999999999997
2010-07-09,0.966,0.021141999999999998
2010-07-12,0.971,0.005175999999999999
2010-07-13,0.962,-0.009269
2010-07-14,0.964,0.002079
2010-07-15,0.948,-0.016597999999999998
2010-07-16,0.947,-0.001055
2010-07-19,0.959,0.012672000000000001
2010-07-20,0.983,0.025026000000000003
2010-07-21,0.982,-0.001017
2010-07-22,0.991,0.009165
2010-07-23,0.991,0.0
2010-07-26,1.004,0.013118000000000001
2010-07-27,1.01,0.005976
2010-07-28,1.024,0.013861000000000002
2010-07-29,1.024,0.0
2010-07-30,1.026,0.001953
2010-08-02,1.041,0.01462
2010-08-03,1.026,-0.014409
2010-08-04,1.036,0.009747
2010-08-05,1.047,0.010618
2010-08-06,1.064,0.016236999999999998
2010-08-09,1.077,0.012218
2010-08-10,1.042,-0.032498
2010-08-11,1.052,0.009597
2010-08-12,1.045,-0.006654
2010-08-13,1.062,0.016268
2010-08-16,1.085,0.021657000000000003
2010-08-17,1.092,0.006452
2010-08-18,1.096,0.003663
2010-08-19,1.091,-0.004562
2010-08-20,1.066,-0.022915
2010-08-23,1.072,0.0056289999999999995
2010-08-24,1.084,0.011193999999999999
2010-08-25,1.069,-0.013838
2010-08-26,1.077,0.007483999999999999
2010-08-27,1.087,0.009285
2010-08-30,1.119,0.029439000000000003
2010-08-31,1.128,0.008043
2010-09-01,1.103,-0.022163
2010-09-02,1.127,0.021759
2010-09-03,1.135,0.007098
2010-09-06,1.122,-0.011453999999999999
2010-09-07,1.124,0.0017829999999999999
2010-09-08,1.136,0.010676000000000001
2010-09-09,1.122,-0.012324
2010-09-10,1.131,0.008021
2010-09-13,1.153,0.019452
2010-09-14,1.165,0.010407999999999999
2010-09-15,1.146,-0.016309
2010-09-16,1.129,-0.014834
2010-09-17,1.134,0.004429
2010-09-20,1.124,-0.008818
2010-09-21,1.125,0.00089
2010-09-27,1.151,0.023111000000000003
2010-09-28,1.154,0.002606
2010-09-29,1.132,-0.019064
2010-09-30,1.147,0.013250999999999999
2010-10-08,1.163,0.013949
2010-10-11,1.128,-0.030095
2010-10-12,1.124,-0.003546
2010-10-13,1.133,0.008007
2010-10-14,1.092,-0.036187
2010-10-15,1.081,-0.010073
2010-10-18,1.073,-0.007401
2010-10-19,1.107,0.031687
2010-10-20,1.121,0.012646999999999999
2010-10-21,1.127,0.005352
2010-10-22,1.143,0.014197
2010-10-25,1.182,0.034121
2010-10-26,1.179,-0.0025380000000000003
2010-10-27,1.176,-0.002545
2010-10-28,1.183,0.005952
2010-10-29,1.202,0.016061000000000002
2010-11-01,1.229,0.022463
2010-11-02,1.215,-0.011391
2010-11-03,1.201,-0.011523
2010-11-04,1.228,0.022481
2010-11-05,1.244,0.013028999999999999
2010-11-08,1.269,0.020096
2010-11-09,1.284,0.011819999999999999
2010-11-10,1.306,0.017134
2010-11-11,1.292,-0.01072
2010-11-12,1.233,-0.045666000000000005
2010-11-15,1.29,0.04622899999999999
2010-11-16,1.267,-0.017828999999999998
2010-11-17,1.2,-0.052881
2010-11-18,1.22,0.016667
2010-11-19,1.272,0.042622999999999994
2010-11-22,1.288,0.012579
2010-11-23,1.292,0.003106
2010-11-24,1.317,0.01935
2010-11-25,1.309,-0.006074
2010-11-26,1.312,0.0022919999999999998
2010-11-29,1.328,0.012195000000000001
2010-11-30,1.292,-0.027108
2010-12-01,1.288,-0.003096
2010-12-02,1.285,-0.002329
2010-12-03,1.272,-0.010117000000000001
2010-12-06,1.257,-0.011792
2010-12-07,1.278,0.016706000000000002
2010-12-08,1.27,-0.00626
2010-12-09,1.255,-0.011811
2010-12-10,1.267,0.009562000000000001
2010-12-13,1.298,0.024467
2010-12-14,1.3,0.0015409999999999998
2010-12-15,1.294,-0.004615
2010-12-16,1.295,0.0007729999999999999
2010-12-17,1.288,-0.005405
2010-12-20,1.267,-0.016304
2010-12-21,1.27,0.0023680000000000003
2010-12-22,1.258,-0.009448999999999999
2010-12-23,1.251,-0.005564
2010-12-24,1.234,-0.013589
2010-12-27,1.207,-0.02188
2010-12-28,1.199,-0.006627999999999999
2010-12-29,1.208,0.0075060000000000005
2010-12-30,1.22,0.009934
2010-12-31,1.24,0.016393
2011-01-04,1.251,0.008871
2011-01-05,1.247,-0.0031969999999999998
2011-01-06,1.241,-0.004812
2011-01-07,1.241,0.0
2011-01-10,1.213,-0.022562000000000002
2011-01-11,1.077,0.0016489999999999999
2011-01-12,1.082,0.0046429999999999996
2011-01-13,1.09,0.0073939999999999995
2011-01-14,1.079,-0.010092
2011-01-17,1.042,-0.034291
2011-01-18,1.045,0.002879
2011-01-19,1.064,0.018182
2011-01-20,1.038,-0.024436
2011-01-21,1.044,0.0057799999999999995
2011-01-24,1.023,-0.020114999999999997
2011-01-25,1.023,0.0
2011-01-26,1.035,0.01173
2011-01-27,1.045,0.009661999999999999
2011-01-28,1.053,0.007656
2011-01-31,1.061,0.0075970000000000005
2011-02-01,1.064,0.002828
2011-02-09,1.053,-0.010338
2011-02-10,1.082,0.02754
2011-02-11,1.086,0.0036969999999999998
2011-02-14,1.101,0.013812
2011-02-15,1.102,0.0009080000000000001
2011-02-16,1.111,0.008167
2011-02-17,1.109,-0.0018
2011-02-18,1.107,-0.001803
2011-02-21,1.12,0.011742999999999998
2011-02-22,1.088,-0.028571
2011-02-23,1.099,0.01011
2011-02-24,1.093,-0.0054600000000000004
2011-02-25,1.091,-0.00183
2011-02-28,1.107,0.014665
2011-03-01,1.11,0.00271
2011-03-02,1.105,-0.004505
2011-03-03,1.087,-0.01629
2011-03-04,1.092,0.0046
2011-03-07,1.112,0.018314999999999998
2011-03-08,1.111,-0.000899
2011-03-09,1.109,-0.0018
2011-03-10,1.102,-0.006312
2011-03-11,1.1,-0.001815
2011-03-14,1.111,0.01
2011-03-15,1.091,-0.018002
2011-03-16,1.1,0.008249
2011-03-17,1.086,-0.012726999999999999
2011-03-18,1.091,0.004604
2011-03-21,1.083,-0.007332999999999999
2011-03-22,1.087,0.003693
2011-03-23,1.1,0.01196
2011-03-24,1.098,-0.001818
2011-03-25,1.109,0.010018
2011-03-28,1.101,-0.007214000000000001
2011-03-29,1.078,-0.02089
2011-03-30,1.068,-0.009276
2011-03-31,1.062,-0.005618
2011-04-01,1.069,0.0065910000000000005
2011-04-06,1.061,-0.007483999999999999
2011-04-07,1.072,0.010367999999999999
2011-04-08,1.088,0.014924999999999999
2011-04-11,1.077,-0.01011
2011-04-12,1.073,-0.0037140000000000003
2011-04-13,1.082,0.008388
2011-04-14,1.081,-0.0009239999999999999
2011-04-15,1.087,0.00555
2011-04-18,1.093,0.005520000000000001
2011-04-19,1.084,-0.008234
2011-04-20,1.085,0.0009229999999999999
2011-04-21,1.093,0.007372999999999999
2011-04-22,1.085,-0.007319
2011-04-25,1.068,-0.015668
2011-04-26,1.05,-0.016854
2011-04-27,1.048,-0.001905
2011-04-28,1.027,-0.020038
2011-04-29,1.044,0.016553
2011-05-03,1.058,0.01341
2011-05-04,1.033,-0.023628999999999997
2011-05-05,1.033,0.0
2011-05-06,1.032,-0.000968
2011-05-09,1.034,0.001938
2011-05-10,1.04,0.005803
2011-05-11,1.048,0.007692
2011-05-12,1.044,-0.0038169999999999996
2011-05-13,1.041,-0.002874
2011-05-16,1.039,-0.001921
2011-05-17,1.029,-0.009625
2011-05-18,1.035,0.005830999999999999
2011-05-19,1.034,-0.0009660000000000001
2011-05-20,1.034,0.0
2011-05-23,1.003,-0.029981
2011-05-24,1.007,0.003988
2011-05-25,1.0,-0.006951000000000001
2011-05-26,0.989,-0.011000000000000001
2011-05-27,0.975,-0.014156
2011-05-30,0.974,-0.001026
2011-05-31,0.987,0.013347
2011-06-01,0.991,0.004053
2011-06-02,0.983,-0.008073
2011-06-03,0.992,0.009156
2011-06-07,0.995,0.003024
2011-06-08,0.994,-0.001005
2011-06-09,0.978,-0.016097
2011-06-10,0.979,0.001022
2011-06-13,0.977,-0.002043
2011-06-14,0.992,0.015353
2011-06-15,0.981,-0.011089
2011-06-16,0.967,-0.014271
2011-06-17,0.96,-0.007239
2011-06-20,0.952,-0.008333
2011-06-21,0.962,0.010504
2011-06-22,0.959,-0.0031190000000000002
2011-06-23,0.981,0.022941
2011-06-24,0.995,0.014271
2011-06-27,1.002,0.0070350000000000005
2011-06-28,1.005,0.002994
2011-06-29,0.994,-0.010945
2011-06-30,1.004,0.01006
2011-07-01,1.006,0.001992
2011-07-04,1.033,0.026839
2011-07-05,1.036,0.002904
2011-07-06,1.041,0.0048259999999999996
2011-07-07,1.038,-0.002882
2011-07-08,1.041,0.0028899999999999998
2011-07-11,1.044,0.002882
2011-07-12,1.031,-0.012452000000000001
2011-07-13,1.049,0.017459
2011-07-14,1.056,0.006673
2011-07-15,1.059,0.002841
2011-07-18,1.051,-0.007554
2011-07-19,1.043,-0.007612
2011-07-20,1.043,0.0
2011-07-21,1.039,-0.003835
2011-07-22,1.045,0.005775
2011-07-25,1.013,-0.030621999999999996
2011-07-26,1.007,-0.005923
2011-07-27,1.024,0.016881999999999998
2011-07-28,1.021,-0.00293
2011-07-29,1.018,-0.002938
2011-08-01,1.018,0.0
2011-08-02,1.018,0.0
2011-08-03,1.019,0.000982
2011-08-04,1.024,0.004907
2011-08-05,1.017,-0.006836
2011-08-08,0.994,-0.022616
2011-08-09,0.999,0.00503
2011-08-10,1.011,0.012012
2011-08-11,1.026,0.014837
2011-08-12,1.028,0.001949
2011-08-15,1.03,0.001946
2011-08-16,1.027,-0.0029130000000000002
2011-08-17,1.024,-0.0029210000000000004
2011-08-18,1.011,-0.012695000000000001
2011-08-19,1.004,-0.0069240000000000005
2011-08-22,0.995,-0.008964
2011-08-23,1.008,0.013065
2011-08-24,1.003,-0.00496
2011-08-25,1.012,0.008973
2011-08-26,1.017,0.004941
2011-08-29,1.015,-0.001967
2011-08-30,1.006,-0.008867
2011-08-31,1.003,-0.0029820000000000003
2011-09-01,0.995,-0.007976
2011-09-02,0.983,-0.01206
2011-09-05,0.969,-0.014242
2011-09-06,0.962,-0.007224
2011-09-07,0.977,0.015593
2011-09-08,0.97,-0.007165
2011-09-09,0.963,-0.007216
2011-09-13,0.945,-0.018692
2011-09-14,0.95,0.0052910000000000006
2011-09-15,0.95,0.0
2011-09-16,0.949,-0.0010530000000000001
2011-09-19,0.935,-0.014752000000000001
2011-09-20,0.938,0.003209
2011-09-21,0.956,0.01919
2011-09-22,0.932,-0.025105
2011-09-23,0.919,-0.013948
2011-09-26,0.906,-0.014146
2011-09-27,0.908,0.002208
2011-09-28,0.898,-0.011013
2011-09-29,0.89,-0.008909
2011-09-30,0.892,0.0022470000000000003
2011-10-10,0.887,-0.005605
2011-10-11,0.883,-0.00451
2011-10-12,0.906,0.026048
2011-10-13,0.917,0.012140999999999999
2011-10-14,0.912,-0.005453
2011-10-17,0.919,0.0076749999999999995
2011-10-18,0.908,-0.011970000000000001
2011-10-19,0.905,-0.003304
2011-10-20,0.882,-0.025414
2011-10-21,0.875,-0.007937
2011-10-24,0.895,0.022857
2011-10-25,0.913,0.020112
2011-10-26,0.924,0.012048000000000001
2011-10-27,0.924,0.0
2011-10-28,0.941,0.018398
2011-10-31,0.945,0.004251
2011-11-01,0.944,-0.0010580000000000001
2011-11-02,0.969,0.026483
2011-11-03,0.965,-0.004128
2011-11-04,0.96,-0.005181
2011-11-07,0.96,0.0
2011-11-08,0.952,-0.008333
2011-11-09,0.973,0.022059000000000002
2011-11-10,0.961,-0.012333
2011-11-11,0.961,0.0
2011-11-14,0.972,0.011446000000000001
2011-11-15,0.973,0.001029
2011-11-16,0.959,-0.014388000000000001
2011-11-17,0.959,0.0
2011-11-18,0.945,-0.014598999999999999
2011-11-21,0.947,0.0021160000000000003
2011-11-22,0.954,0.007391999999999999
2011-11-23,0.957,0.0031450000000000002
2011-11-24,0.961,0.00418
2011-11-25,0.965,0.004162
2011-11-28,0.969,0.004144999999999999
2011-11-29,0.974,0.0051600000000000005
2011-11-30,0.947,-0.027721
2011-12-01,0.955,0.008448
2011-12-02,0.942,-0.013613
2011-12-05,0.919,-0.024416000000000004
2011-12-06,0.923,0.004353
2011-12-07,0.928,0.005417
2011-12-08,0.935,0.007542999999999999
2011-12-09,0.918,-0.018182
2011-12-12,0.909,-0.009804
2011-12-13,0.899,-0.011001
2011-12-14,0.891,-0.008899
2011-12-15,0.888,-0.003367
2011-12-16,0.904,0.018018
2011-12-19,0.914,0.011062
2011-12-20,0.906,-0.008753
2011-12-21,0.896,-0.011038
2011-12-22,0.898,0.002232
2011-12-23,0.9,0.0022270000000000002
2011-12-26,0.895,-0.005556
2011-12-27,0.878,-0.018994
2011-12-28,0.874,-0.004556
2011-12-29,0.877,0.003432
2011-12-30,0.885,0.009122
2011-12-31,0.885,0.0
2012-01-04,0.866,-0.021469000000000002
2012-01-05,0.847,-0.02194
2012-01-06,0.848,0.001181
2012-01-09,0.863,0.017689
2012-01-10,0.887,0.02781
2012-01-11,0.884,-0.003382
2012-01-12,0.877,-0.007919
2012-01-13,0.85,-0.030787
2012-01-16,0.819,-0.036471
2012-01-17,0.841,0.026862
2012-01-18,0.814,-0.032105
2012-01-19,0.819,0.006142999999999999
2012-01-20,0.834,0.018314999999999998
2012-01-30,0.832,-0.002398
2012-01-31,0.835,0.003606
2012-02-01,0.834,-0.001198
2012-02-02,0.842,0.009592
2012-02-03,0.851,0.010688999999999999
2012-02-06,0.853,0.0023499999999999997
2012-02-07,0.838,-0.017585
2012-02-08,0.854,0.019093
2012-02-09,0.857,0.003513
2012-02-10,0.856,-0.001167
2012-02-13,0.86,0.004673
2012-02-14,0.858,-0.002326
2012-02-15,0.865,0.008159
2012-02-16,0.861,-0.004624
2012-02-17,0.861,0.0
2012-02-20,0.861,0.0
2012-02-21,0.87,0.010452999999999999
2012-02-22,0.882,0.013793
2012-02-23,0.886,0.004535
2012-02-24,0.897,0.012415
2012-02-27,0.897,0.0
2012-02-28,0.893,-0.004459
2012-02-29,0.886,-0.007839
2012-03-01,0.889,0.003386
2012-03-02,0.902,0.014622999999999999
2012-03-05,0.899,-0.003326
2012-03-06,0.889,-0.011123000000000001
2012-03-07,0.885,-0.004499
2012-03-08,0.894,0.010169
2012-03-09,0.909,0.016779
2012-03-12,0.91,0.0011
2012-03-13,0.919,0.00989
2012-03-14,0.893,-0.028292
2012-03-15,0.889,-0.004479
2012-03-16,0.904,0.016873
2012-03-19,0.906,0.002212
2012-03-20,0.884,-0.024283000000000002
2012-03-21,0.877,-0.007919
2012-03-22,0.878,0.00114
2012-03-23,0.866,-0.013667
2012-03-26,0.87,0.004619
2012-03-27,0.862,-0.009195
2012-03-28,0.84,-0.025522
2012-03-29,0.834,-0.007143
2012-03-30,0.839,0.005995
2012-03-31,0.839,0.0
2012-04-05,0.855,0.01907
2012-04-06,0.861,0.007018
2012-04-09,0.853,-0.009292
2012-04-10,0.859,0.007034
2012-04-11,0.858,-0.001164
2012-04-12,0.877,0.022145
2012-04-13,0.88,0.003421
2012-04-16,0.88,0.0
2012-04-17,0.868,-0.013635999999999999
2012-04-18,0.885,0.019584999999999998
2012-04-19,0.888,0.0033900000000000002
2012-04-20,0.896,0.009009
2012-04-23,0.883,-0.014509000000000001
2012-04-24,0.885,0.002265
2012-04-25,0.886,0.00113
2012-04-26,0.883,-0.003386
2012-04-27,0.881,-0.002265
2012-05-02,0.893,0.013621000000000001
2012-05-03,0.898,0.005599
2012-05-04,0.91,0.013363
2012-05-07,0.912,0.002198
2012-05-08,0.906,-0.006579000000000001
2012-05-09,0.889,-0.018764
2012-05-10,0.891,0.0022500000000000003
2012-05-11,0.887,-0.004489
2012-05-14,0.883,-0.00451
2012-05-15,0.884,0.001133
2012-05-16,0.875,-0.010181
2012-05-17,0.884,0.010286
2012-05-18,0.872,-0.013574999999999999
2012-05-21,0.87,-0.002294
2012-05-22,0.882,0.013793
2012-05-23,0.883,0.001134
2012-05-24,0.875,-0.00906
2012-05-25,0.868,-0.008
2012-05-28,0.877,0.010369
2012-05-29,0.885,0.009122
2012-05-30,0.884,-0.00113
2012-05-31,0.885,0.001131
2012-06-01,0.886,0.00113
2012-06-04,0.869,-0.019187
2012-06-05,0.868,-0.001151
2012-06-06,0.863,-0.0057599999999999995
2012-06-07,0.857,-0.006952000000000001
2012-06-08,0.854,-0.003501
2012-06-11,0.867,0.015222
2012-06-12,0.861,-0.006919999999999999
2012-06-13,0.875,0.01626
2012-06-14,0.876,0.001143
2012-06-15,0.871,-0.0057079999999999995
2012-06-18,0.877,0.006888999999999999
2012-06-19,0.875,-0.002281
2012-06-20,0.87,-0.005714
2012-06-21,0.862,-0.009195
2012-06-25,0.853,-0.010441
2012-06-26,0.85,-0.003517
2012-06-27,0.853,0.003529
2012-06-28,0.85,-0.003517
2012-06-29,0.865,0.017647
2012-06-30,0.865,0.0
2012-07-02,0.869,0.004624
2012-07-03,0.875,0.006904
2012-07-04,0.87,-0.005714
2012-07-05,0.862,-0.009195
2012-07-06,0.882,0.023201999999999997
2012-07-09,0.876,-0.006803
2012-07-10,0.866,-0.011415999999999999
2012-07-11,0.878,0.013857
2012-07-12,0.893,0.017084
2012-07-13,0.894,0.0011200000000000001
2012-07-16,0.867,-0.030201
2012-07-17,0.866,-0.001153
2012-07-18,0.87,0.004619
2012-07-19,0.874,0.004598
2012-07-20,0.865,-0.010297
2012-07-23,0.863,-0.002312
2012-07-24,0.867,0.004635
2012-07-25,0.863,-0.004614
2012-07-26,0.851,-0.013905
2012-07-27,0.837,-0.016451
2012-07-30,0.828,-0.010752999999999999
2012-07-31,0.819,-0.01087
2012-08-01,0.832,0.015872999999999998
2012-08-02,0.836,0.004808
2012-08-03,0.849,0.01555
2012-08-06,0.869,0.023557
2012-08-07,0.875,0.006904
2012-08-08,0.863,-0.013713999999999999
2012-08-09,0.882,0.022016
2012-08-10,0.882,0.0
2012-08-13,0.87,-0.013605
2012-08-14,0.86,-0.011493999999999999
2012-08-15,0.852,-0.009302
2012-08-16,0.841,-0.012910999999999999
2012-08-17,0.836,-0.005945000000000001
2012-08-20,0.842,0.007177
2012-08-21,0.864,0.026128
2012-08-22,0.858,-0.0069440000000000005
2012-08-23,0.857,-0.001166
2012-08-24,0.845,-0.014001999999999999
2012-08-27,0.831,-0.016568
2012-08-28,0.835,0.0048130000000000004
2012-08-29,0.833,-0.002395
2012-08-30,0.818,-0.018007
2012-08-31,0.822,0.00489
2012-09-03,0.842,0.024331000000000002
2012-09-04,0.839,-0.003563
2012-09-05,0.842,0.0035759999999999998
2012-09-06,0.845,0.003563
2012-09-07,0.864,0.022484999999999998
2012-09-10,0.869,0.005787
2012-09-11,0.871,0.002301
2012-09-12,0.875,0.004592
2012-09-13,0.864,-0.012571
2012-09-14,0.859,-0.005787
2012-09-17,0.844,-0.017462
2012-09-18,0.843,-0.0011849999999999999
2012-09-19,0.85,0.008304
2012-09-20,0.837,-0.015294
2012-09-21,0.833,-0.004779
2012-09-24,0.837,0.004802
2012-09-25,0.838,0.0011949999999999999
2012-09-26,0.823,-0.0179
2012-09-27,0.838,0.018226
2012-09-28,0.852,0.016706000000000002
2012-09-30,0.852,0.0
2012-10-08,0.853,0.0011740000000000001
2012-10-09,0.872,0.022274
2012-10-10,0.884,0.013761
2012-10-11,0.877,-0.007919
2012-10-12,0.875,-0.002281
2012-10-15,0.879,0.004571
2012-10-16,0.881,0.002275
2012-10-17,0.886,0.005675
2012-10-18,0.896,0.011287
2012-10-19,0.894,-0.002232
2012-10-22,0.897,0.003356
2012-10-23,0.881,-0.017837000000000002
2012-10-24,0.878,-0.003405
2012-10-25,0.869,-0.010251
2012-10-26,0.859,-0.011507
2012-10-29,0.865,0.006985
2012-10-30,0.873,0.009249
2012-10-31,0.881,0.009164
2012-11-01,0.894,0.014756
2012-11-02,0.892,-0.0022370000000000003
2012-11-05,0.882,-0.011211
2012-11-06,0.877,-0.0056689999999999996
2012-11-07,0.875,-0.002281
2012-11-08,0.859,-0.018286
2012-11-09,0.852,-0.008149
2012-11-12,0.848,-0.0046949999999999995
2012-11-13,0.835,-0.01533
2012-11-14,0.839,0.00479
2012-11-15,0.834,-0.005959
2012-11-16,0.825,-0.010791
2012-11-19,0.824,-0.001212
2012-11-20,0.827,0.0036409999999999997
2012-11-21,0.829,0.002418
2012-11-22,0.817,-0.014475
2012-11-23,0.817,0.0
2012-11-26,0.798,-0.023256000000000002
2012-11-27,0.782,-0.02005
2012-11-28,0.772,-0.012787999999999999
2012-11-29,0.775,0.003886
2012-11-30,0.787,0.015484
2012-12-03,0.78,-0.008895
2012-12-04,0.788,0.010256000000000001
2012-12-05,0.812,0.030457
2012-12-06,0.807,-0.006158
2012-12-07,0.821,0.017348
2012-12-10,0.822,0.0012180000000000001
2012-12-11,0.821,-0.001217
2012-12-12,0.816,-0.00609
2012-12-13,0.813,-0.003676
2012-12-14,0.839,0.03198
2012-12-17,0.828,-0.013111
2012-12-18,0.823,-0.006039
2012-12-19,0.828,0.0060750000000000005
2012-12-20,0.83,0.002415
2012-12-21,0.839,0.010843
2012-12-24,0.861,0.026222
2012-12-25,0.875,0.01626
2012-12-26,0.883,0.009143
2012-12-27,0.879,-0.00453
2012-12-28,0.89,0.012514
2012-12-31,0.896,0.006742000000000001
2013-01-04,0.878,-0.020089000000000003
2013-01-07,0.885,0.007973000000000001
2013-01-08,0.903,0.020339
2013-01-09,0.904,0.0011070000000000001
2013-01-10,0.91,0.006637
2013-01-11,0.898,-0.013186999999999999
2013-01-14,0.93,0.035635
2013-01-15,0.944,0.015054000000000001
2013-01-16,0.944,0.0
2013-01-17,0.938,-0.0063560000000000005
2013-01-18,0.959,0.022387999999999998
2013-01-21,0.971,0.012513000000000002
2013-01-22,0.954,-0.017508
2013-01-23,0.956,0.002096
2013-01-24,0.941,-0.01569
2013-01-25,0.956,0.01594
2013-01-28,0.979,0.024059
2013-01-29,0.98,0.001021
2013-01-30,0.975,-0.005102
2013-01-31,0.961,-0.014359
2013-02-01,0.971,0.010406
2013-02-04,0.947,-0.024717
2013-02-05,0.961,0.014783999999999999
2013-02-06,0.973,0.012487
2013-02-07,0.988,0.015416000000000001
2013-02-08,1.006,0.018219
2013-02-18,1.009,0.0029820000000000003
2013-02-19,0.989,-0.019822
2013-02-20,1.029,0.040445
2013-02-21,1.016,-0.012634000000000001
2013-02-22,1.007,-0.008858
2013-02-25,1.024,0.016881999999999998
2013-02-26,1.015,-0.008789
2013-02-27,1.011,-0.003941
2013-02-28,1.02,0.008902
2013-03-01,1.035,0.014705999999999999
2013-03-04,1.001,-0.032850000000000004
2013-03-05,1.022,0.020979
2013-03-06,1.033,0.010763
2013-03-07,1.018,-0.014521
2013-03-08,1.01,-0.007859
2013-03-11,1.011,0.00099
2013-03-12,0.989,-0.021761
2013-03-13,0.983,-0.006067
2013-03-14,1.0,0.017294
2013-03-15,1.008,0.008
2013-03-18,1.003,-0.00496
2013-03-19,1.0,-0.0029909999999999997
2013-03-20,1.03,0.03
2013-03-21,1.051,0.020388000000000003
2013-03-22,1.05,-0.000951
2013-03-25,1.043,-0.006666999999999999
2013-03-26,1.039,-0.003835
2013-03-27,1.053,0.013474
2013-03-28,1.044,-0.008547
2013-03-29,1.053,0.008621
2013-04-01,1.065,0.011396
2013-04-02,1.026,-0.03662
2013-04-03,1.009,-0.016569
2013-04-08,1.041,0.031715
2013-04-09,1.044,0.002882
2013-04-10,1.032,-0.011493999999999999
2013-04-11,1.035,0.0029070000000000003
2013-04-12,1.031,-0.003865
2013-04-15,1.028,-0.00291
2013-04-16,1.045,0.016537
2013-04-17,1.072,0.025837
2013-04-18,1.078,0.0055969999999999995
2013-04-19,1.097,0.017625
2013-04-22,1.124,0.024613
2013-04-23,1.105,-0.016904
2013-04-24,1.149,0.039819
2013-04-25,1.128,-0.018277
2013-04-26,1.099,-0.025709
2013-05-02,1.132,0.030026999999999998
2013-05-03,1.158,0.022968000000000002
2013-05-06,1.174,0.013817
2013-05-07,1.167,-0.005963
2013-05-08,1.195,0.023993
2013-05-09,1.193,-0.001674
2013-05-10,1.188,-0.004190999999999999
2013-05-13,1.183,-0.004209
2013-05-14,1.175,-0.006762000000000001
2013-05-15,1.208,0.028085
2013-05-16,1.215,0.005795
2013-05-17,1.217,0.001646
2013-05-20,1.232,0.012325
2013-05-21,1.241,0.007305000000000001
2013-05-22,1.231,-0.008058
2013-05-23,1.221,-0.008123
2013-05-24,1.245,0.019656
2013-05-27,1.265,0.016064000000000002
2013-05-28,1.244,-0.016600999999999998
2013-05-29,1.253,0.007235
2013-05-30,1.243,-0.007981
2013-05-31,1.226,-0.013677
2013-06-03,1.213,-0.010604
2013-06-04,1.179,-0.02803
2013-06-05,1.193,0.011874000000000001
2013-06-06,1.186,-0.005868
2013-06-07,1.188,0.001686
2013-06-13,1.18,-0.006734
2013-06-14,1.229,0.041525
2013-06-17,1.229,0.0
2013-06-18,1.235,0.004882
2013-06-19,1.232,-0.002429
2013-06-20,1.184,-0.038961
2013-06-21,1.181,-0.0025340000000000002
2013-06-24,1.111,-0.059272
2013-06-25,1.129,0.016202
2013-06-26,1.192,0.055802
2013-06-27,1.178,-0.011745
2013-06-28,1.186,0.006791
2013-06-30,1.185,-0.000843
2013-07-01,1.237,0.043882000000000004
2013-07-02,1.265,0.022635000000000002
2013-07-03,1.301,0.028458
2013-07-04,1.293,-0.006149
2013-07-05,1.259,-0.026295000000000002
2013-07-08,1.235,-0.019063
2013-07-09,1.259,0.019433
2013-07-10,1.28,0.01668
2013-07-11,1.312,0.025
2013-07-12,1.321,0.006860000000000001
2013-07-15,1.375,0.040878
2013-07-16,1.38,0.003636
2013-07-17,1.371,-0.006522
2013-07-18,1.377,0.004376
2013-07-19,1.355,-0.015976999999999998
2013-07-22,1.382,0.019926
2013-07-23,1.411,0.020984
2013-07-24,1.431,0.014173999999999999
2013-07-25,1.374,-0.039832
2013-07-26,1.371,-0.002183
2013-07-29,1.345,-0.018964
2013-07-30,1.316,-0.021561
2013-07-31,1.326,0.007599
2013-08-01,1.373,0.035445000000000004
2013-08-02,1.37,-0.002185
2013-08-05,1.384,0.010219
2013-08-06,1.413,0.020954
2013-08-07,1.379,-0.024062
2013-08-08,1.387,0.005801
2013-08-09,1.364,-0.016583
2013-08-12,1.354,-0.007331
2013-08-13,1.371,0.012555
2013-08-14,1.379,0.005835
2013-08-15,1.367,-0.008702
2013-08-16,1.328,-0.028530000000000003
2013-08-19,1.366,0.028614
2013-08-20,1.372,0.004392
2013-08-21,1.372,0.0
2013-08-22,1.397,0.018222000000000002
2013-08-23,1.413,0.011453
2013-08-26,1.435,0.015569999999999999
2013-08-27,1.448,0.009059000000000001
2013-08-28,1.422,-0.017956
2013-08-29,1.412,-0.007032
2013-08-30,1.358,-0.038244
2013-09-02,1.383,0.018409
2013-09-03,1.415,0.023138000000000002
2013-09-04,1.414,-0.000707
2013-09-05,1.459,0.031825
2013-09-06,1.477,0.012337
2013-09-09,1.467,-0.006770000000000001
2013-09-10,1.461,-0.00409
2013-09-11,1.403,-0.039699
2013-09-12,1.411,0.0057020000000000005
2013-09-13,1.451,0.028349000000000003
2013-09-16,1.496,0.031013000000000002
2013-09-17,1.489,-0.004679
2013-09-18,1.527,0.02552
2013-09-23,1.601,0.048461
2013-09-24,1.629,0.017488999999999998
2013-09-25,1.636,0.0042970000000000005
2013-09-26,1.598,-0.023227
2013-09-27,1.619,0.013141
2013-09-30,1.701,0.050649
2013-10-08,1.71,0.0052910000000000006
2013-10-09,1.746,0.021053000000000002
2013-10-10,1.723,-0.013172999999999999
2013-10-11,1.717,-0.0034820000000000003
2013-10-14,1.743,0.015143
2013-10-15,1.723,-0.011474
2013-10-16,1.67,-0.03076
2013-10-17,1.644,-0.015569
2013-10-18,1.689,0.027372
2013-10-21,1.745,0.033156
2013-10-22,1.671,-0.042407
2013-10-23,1.609,-0.037104
2013-10-24,1.607,-0.001243
2013-10-25,1.548,-0.036714000000000004
2013-10-28,1.556,0.005168000000000001
2013-10-29,1.565,0.005784
2013-10-30,1.58,0.009585
2013-10-31,1.516,-0.040506
2013-11-01,1.489,-0.01781
2013-11-04,1.49,0.000672
2013-11-05,1.524,0.022819
2013-11-06,1.491,-0.021654
2013-11-07,1.478,-0.008719
2013-11-08,1.464,-0.009472000000000001
2013-11-11,1.474,0.006831
2013-11-12,1.478,0.002714
2013-11-13,1.459,-0.012855
2013-11-14,1.484,0.017135
2013-11-15,1.504,0.013477
2013-11-18,1.533,0.019282
2013-11-19,1.534,0.0006519999999999999
2013-11-20,1.533,-0.0006519999999999999
2013-11-21,1.538,0.0032619999999999997
2013-11-22,1.523,-0.009753
2013-11-25,1.519,-0.002626
2013-11-26,1.524,0.003292
2013-11-27,1.544,0.013123000000000001
2013-11-28,1.558,0.009066999999999999
2013-11-29,1.568,0.006418
2013-12-02,1.507,-0.038903
2013-12-03,1.522,0.009954
2013-12-04,1.53,0.005255999999999999
2013-12-05,1.516,-0.00915
2013-12-06,1.514,-0.0013189999999999999
2013-12-09,1.518,0.002642
2013-12-10,1.202,0.002635
2013-12-11,1.2,-0.001664
2013-12-12,1.211,0.009167
2013-12-13,1.209,-0.001652
2013-12-16,1.19,-0.015715
2013-12-17,1.18,-0.008403
2013-12-18,1.178,-0.0016950000000000001
2013-12-19,1.171,-0.005941999999999999
2013-12-20,1.16,-0.009394
2013-12-23,1.163,0.0025859999999999998
2013-12-24,1.17,0.006019
2013-12-25,1.18,0.008547
2013-12-26,1.165,-0.012712000000000001
2013-12-27,1.183,0.015451
2013-12-30,1.184,0.000845
2013-12-31,1.196,0.010135
2014-01-02,1.203,0.0058530000000000006
2014-01-03,1.195,-0.0066500000000000005
2014-01-06,1.169,-0.021757
2014-01-07,1.177,0.006843
2014-01-08,1.192,0.012744
2014-01-09,1.181,-0.009228
2014-01-10,1.169,-0.010161
2014-01-13,1.165,-0.003422
2014-01-14,1.184,0.016309
2014-01-15,1.194,0.008446
2014-01-16,1.177,-0.014237999999999999
2014-01-17,1.174,-0.002549
2014-01-20,1.162,-0.010221000000000001
2014-01-21,1.174,0.010327
2014-01-22,1.194,0.017036
2014-01-23,1.214,0.01675
2014-01-24,1.226,0.009885
2014-01-27,1.222,-0.003263
2014-01-28,1.218,-0.003273
2014-01-29,1.236,0.014778
2014-01-30,1.224,-0.009709
2014-02-07,1.238,0.011437999999999999
2014-02-10,1.262,0.019386
2014-02-11,1.25,-0.009509
2014-02-12,1.254,0.0032
2014-02-13,1.231,-0.018341
2014-02-14,1.247,0.012998000000000001
2014-02-17,1.272,0.020048
2014-02-18,1.272,0.0
2014-02-19,1.267,-0.0039310000000000005
2014-02-20,1.248,-0.014996
2014-02-21,1.252,0.003205
2014-02-24,1.251,-0.000799
2014-02-25,1.209,-0.033573
2014-02-26,1.229,0.016543000000000002
2014-02-27,1.216,-0.010578
2014-02-28,1.243,0.022204
2014-03-03,1.264,0.016895
2014-03-04,1.245,-0.015032
2014-03-05,1.231,-0.011245
2014-03-06,1.218,-0.010561000000000001
2014-03-07,1.224,0.004926
2014-03-10,1.18,-0.035948
2014-03-11,1.164,-0.013559000000000002
2014-03-12,1.165,0.0008590000000000001
2014-03-13,1.183,0.015451
2014-03-14,1.175,-0.006762000000000001
2014-03-17,1.21,0.029786999999999998
2014-03-18,1.212,0.001653
2014-03-19,1.201,-0.009075999999999999
2014-03-20,1.157,-0.036636
2014-03-21,1.175,0.015557000000000001
2014-03-24,1.162,-0.011064000000000001
2014-03-25,1.155,-0.006024000000000001
2014-03-26,1.167,0.01039
2014-03-27,1.145,-0.018852
2014-03-28,1.121,-0.020960999999999997
2014-03-31,1.119,-0.001784
2014-04-01,1.129,0.008937
2014-04-02,1.12,-0.007972
2014-04-03,1.119,-0.000893
2014-04-04,1.132,0.011618
2014-04-08,1.142,0.008834
2014-04-09,1.153,0.009632
2014-04-10,1.161,0.006938
2014-04-11,1.156,-0.004307
2014-04-14,1.164,0.006919999999999999
2014-04-15,1.155,-0.007732
2014-04-16,1.146,-0.007792
2014-04-17,1.148,0.0017449999999999998
2014-04-18,1.153,0.004355
2014-04-21,1.14,-0.011275
2014-04-22,1.114,-0.022807
2014-04-23,1.101,-0.01167
2014-04-24,1.098,-0.002725
2014-04-25,1.086,-0.010929
2014-04-28,1.062,-0.022099
2014-04-29,1.067,0.004708
2014-04-30,1.074,0.00656
2014-05-05,1.076,0.001862
2014-05-06,1.081,0.004647
2014-05-07,1.061,-0.018501
2014-05-08,1.055,-0.005655
2014-05-09,1.041,-0.013269999999999999
2014-05-12,1.059,0.017291
2014-05-13,1.058,-0.000944
2014-05-14,1.061,0.002836
2014-05-15,1.041,-0.01885
2014-05-16,1.037,-0.003842
2014-05-19,1.031,-0.005786
2014-05-20,1.031,0.0
2014-05-21,1.042,0.010669
2014-05-22,1.051,0.008637
2014-05-23,1.063,0.011418
2014-05-26,1.083,0.018815
2014-05-27,1.078,-0.004617
2014-05-28,1.092,0.012987
2014-05-29,1.08,-0.010989
2014-05-30,1.079,-0.0009260000000000001
2014-06-03,1.073,-0.005561
2014-06-04,1.063,-0.00932
2014-06-05,1.074,0.010348
2014-06-06,1.075,0.000931
2014-06-09,1.065,-0.009302
2014-06-10,1.079,0.013146
2014-06-11,1.087,0.007414
2014-06-12,1.083,-0.00368
2014-06-13,1.106,0.021237
2014-06-16,1.107,0.000904
2014-06-17,1.098,-0.00813
2014-06-18,1.093,-0.004554
2014-06-19,1.071,-0.020128
2014-06-20,1.084,0.012138
2014-06-23,1.094,0.009225
2014-06-24,1.103,0.008227
2014-06-25,1.102,-0.000907
2014-06-26,1.115,0.011797
2014-06-27,1.123,0.007175
2014-06-30,1.128,0.004452
2014-07-01,1.128,0.0
2014-07-02,1.128,0.0
2014-07-03,1.136,0.007092
2014-07-04,1.129,-0.006162
2014-07-07,1.113,-0.014172
2014-07-08,1.135,0.019766
2014-07-09,1.11,-0.022026
2014-07-10,1.104,-0.005405
2014-07-11,1.106,0.001812
2014-07-14,1.132,0.023508
2014-07-15,1.13,-0.001767
2014-07-16,1.12,-0.00885
2014-07-17,1.11,-0.008929
2014-07-18,1.119,0.008107999999999999
2014-07-21,1.124,0.004468
2014-07-22,1.158,0.030249
2014-07-23,1.145,-0.011226
2014-07-24,1.144,-0.0008730000000000001
2014-07-25,1.149,0.004371
2014-07-28,1.165,0.013925
2014-07-29,1.188,0.019742
2014-07-30,1.197,0.007576
2014-07-31,1.201,0.003342
2014-08-01,1.186,-0.012490000000000001
2014-08-04,1.196,0.008432
2014-08-05,1.195,-0.0008359999999999999
2014-08-06,1.202,0.0058579999999999995
2014-08-07,1.19,-0.009982999999999999
2014-08-08,1.195,0.004202
2014-08-11,1.215,0.016736
2014-08-12,1.218,0.0024690000000000003
2014-08-13,1.209,-0.007389
2014-08-14,1.202,-0.00579
2014-08-15,1.209,0.005824
2014-08-18,1.221,0.009926
2014-08-19,1.232,0.009009
2014-08-20,1.221,-0.008929
2014-08-21,1.217,-0.003276
2014-08-22,1.217,0.0
2014-08-25,1.205,-0.00986
2014-08-26,1.182,-0.019087
2014-08-27,1.187,0.00423
2014-08-28,1.178,-0.007582
2014-08-29,1.19,0.010187
2014-09-01,1.209,0.015966
2014-09-02,1.224,0.012407
2014-09-03,1.23,0.004902
2014-09-04,1.235,0.004065
2014-09-05,1.232,-0.002429
2014-09-09,1.242,0.008117
2014-09-10,1.241,-0.000805
2014-09-11,1.237,-0.0032229999999999997
2014-09-12,1.242,0.0040420000000000005
2014-09-15,1.239,-0.002415
2014-09-16,1.193,-0.037127
2014-09-17,1.193,0.0
2014-09-18,1.196,0.002515
2014-09-19,1.207,0.009197
2014-09-22,1.185,-0.018227
2014-09-23,1.192,0.005907
2014-09-24,1.21,0.015101
2014-09-25,1.209,-0.000826
2014-09-26,1.204,-0.004136
2014-09-29,1.21,0.0049830000000000004
2014-09-30,1.217,0.005785
2014-10-08,1.234,0.013969
2014-10-09,1.248,0.011345000000000001
2014-10-10,1.235,-0.010417000000000001
2014-10-13,1.234,-0.0008100000000000001
2014-10-14,1.219,-0.012156
2014-10-15,1.221,0.0016409999999999999
2014-10-16,1.203,-0.014742
2014-10-17,1.195,-0.0066500000000000005
2014-10-20,1.202,0.0058579999999999995
2014-10-21,1.189,-0.010814999999999998
2014-10-22,1.175,-0.011775
2014-10-23,1.168,-0.0059570000000000005
2014-10-24,1.166,-0.001712
2014-10-27,1.161,-0.004288
2014-10-28,1.184,0.019811000000000002
2014-10-29,1.197,0.01098
2014-10-30,1.191,-0.005013
2014-10-31,1.184,-0.005877
2014-11-03,1.191,0.005912
2014-11-04,1.182,-0.007557
2014-11-05,1.179,-0.0025380000000000003
2014-11-06,1.19,0.00933
2014-11-07,1.182,-0.006723
2014-11-10,1.185,0.0025380000000000003
2014-11-11,1.147,-0.032068
2014-11-12,1.156,0.007847
2014-11-13,1.136,-0.017301
2014-11-14,1.145,0.007923
2014-11-17,1.157,0.01048
2014-11-18,1.155,-0.001729
2014-11-19,1.158,0.002597
2014-11-20,1.153,-0.004318
2014-11-21,1.163,0.008673
2014-11-24,1.177,0.012038
2014-11-25,1.192,0.012744
2014-11-26,1.195,0.0025169999999999997
2014-11-27,1.201,0.005021
2014-11-28,1.192,-0.007494
2014-12-01,1.184,-0.006711
2014-12-02,1.191,0.005912
2014-12-03,1.206,0.012594000000000001
2014-12-04,1.222,0.013267
2014-12-05,1.195,-0.022094999999999997
2014-12-08,1.187,-0.0066949999999999996
2014-12-09,1.112,-0.06318399999999999
2014-12-10,1.14,0.025179999999999998
2014-12-11,1.137,-0.002632
2014-12-12,1.137,0.0
2014-12-15,1.132,-0.004398
2014-12-16,1.167,0.030919
2014-12-17,1.189,0.018852
2014-12-18,1.18,-0.007569
2014-12-19,1.169,-0.009322
2014-12-22,1.167,-0.001711
2014-12-23,1.155,-0.010283
2014-12-24,1.107,-0.041558000000000005
2014-12-25,1.148,0.037037
2014-12-26,1.2,0.045296
2014-12-29,1.233,0.0275
2014-12-30,1.236,0.002433
2014-12-31,1.285,0.039644
2015-01-05,1.315,0.023346
2015-01-06,1.281,-0.025856
2015-01-07,1.284,0.002342
2015-01-08,1.249,-0.027259000000000002
2015-01-09,1.259,0.008006
2015-01-12,1.251,-0.006353999999999999
2015-01-13,1.095,-0.004796
2015-01-14,1.094,-0.0009130000000000001
2015-01-15,1.146,0.047532
2015-01-16,1.148,0.0017449999999999998
2015-01-19,1.07,-0.067944
2015-01-20,1.083,0.012150000000000001
2015-01-21,1.132,0.045245
2015-01-22,1.138,0.0053
2015-01-23,1.153,0.013181
2015-01-26,1.153,0.0
2015-01-27,1.138,-0.013009999999999999
2015-01-28,1.119,-0.016696
2015-01-29,1.107,-0.010724000000000001
2015-01-30,1.094,-0.011742999999999998
2015-02-02,1.07,-0.021938
2015-02-03,1.098,0.026168
2015-02-04,1.084,-0.01275
2015-02-05,1.075,-0.008303
2015-02-06,1.056,-0.017674000000000002
2015-02-09,1.064,0.007576
2015-02-10,1.081,0.015976999999999998
2015-02-11,1.093,0.011101000000000001
2015-02-12,1.094,0.000915
2015-02-13,1.104,0.009141
2015-02-16,1.107,0.002717
2015-02-17,1.123,0.014453
2015-02-25,1.103,-0.017809
2015-02-26,1.13,0.024479
2015-02-27,1.127,-0.0026550000000000002
2015-03-02,1.138,0.00976
2015-03-03,1.107,-0.027241
2015-03-04,1.109,0.001807
2015-03-05,1.093,-0.014427
2015-03-06,1.084,-0.008234
2015-03-09,1.102,0.016605
2015-03-10,1.094,-0.00726
2015-03-11,1.102,0.007312999999999999
2015-03-12,1.127,0.022686
2015-03-13,1.124,-0.002662
2015-03-16,1.158,0.030249
2015-03-17,1.166,0.006908
2015-03-18,1.191,0.021440999999999998
2015-03-19,1.175,-0.013434
2015-03-20,1.198,0.019574
2015-03-23,1.222,0.020033
2015-03-24,1.215,-0.005728
2015-03-25,1.196,-0.015638
2015-03-26,1.192,-0.0033439999999999998
2015-03-27,1.205,0.010906
2015-03-30,1.26,0.045643
2015-03-31,1.246,-0.011111
2015-04-01,1.27,0.019261999999999998
2015-04-02,1.266,-0.00315
2015-04-03,1.283,0.013428
2015-04-07,1.309,0.020265
2015-04-08,1.32,0.008403
2015-04-09,1.313,-0.0053029999999999996
2015-04-10,1.34,0.020564
2015-04-13,1.357,0.012686999999999999
2015-04-14,1.341,-0.011791000000000001
2015-04-15,1.307,-0.025354
2015-04-16,1.339,0.024484
2015-04-17,1.344,0.003734
2015-04-20,1.289,-0.040923
2015-04-21,1.324,0.027153
2015-04-22,1.369,0.033988
2015-04-23,1.364,-0.0036520000000000003
2015-04-24,1.347,-0.012463
2015-04-27,1.362,0.011136
2015-04-28,1.355,-0.0051400000000000005
2015-04-29,1.369,0.010332
2015-04-30,1.37,0.00073
2015-05-04,1.397,0.019708
2015-05-05,1.351,-0.032928
2015-05-06,1.358,0.005181
2015-05-07,1.332,-0.019146
2015-05-08,1.347,0.011261
2015-05-11,1.391,0.032665
2015-05-12,1.405,0.010065
2015-05-13,1.392,-0.009253
2015-05-14,1.386,-0.00431
2015-05-15,1.361,-0.018038000000000002
2015-05-18,1.352,-0.006613
2015-05-19,1.394,0.031065
2015-05-20,1.405,0.007891
2015-05-21,1.449,0.031317
2015-05-22,1.477,0.019323999999999997
2015-05-25,1.504,0.01828
2015-05-26,1.558,0.035904
2015-05-27,1.571,0.008344
2015-05-28,1.469,-0.064927
2015-05-29,1.482,0.00885
2015-06-01,1.549,0.045209
2015-06-02,1.588,0.025178
2015-06-03,1.591,0.001889
2015-06-04,1.577,-0.008799
2015-06-05,1.607,0.019023
2015-06-08,1.595,-0.0074670000000000005
2015-06-09,1.564,-0.019436
2015-06-10,1.607,0.027494
2015-06-11,1.638,0.019291
2015-06-12,1.642,0.002442
2015-06-15,1.605,-0.022532999999999997
2015-06-16,1.552,-0.033022
2015-06-17,1.565,0.008376
2015-06-18,1.486,-0.050479
2015-06-19,1.4,-0.057873
2015-06-23,1.432,0.022857
2015-06-24,1.461,0.020251
2015-06-25,1.403,-0.039699
2015-06-26,1.288,-0.081967
2015-06-29,1.225,-0.048913000000000005
2015-06-30,1.296,0.057959
2015-07-01,1.231,-0.050154
2015-07-02,1.171,-0.04874100000000001
2015-07-03,1.126,-0.038429000000000005
2015-07-06,1.137,0.009769
2015-07-07,1.105,-0.028144
2015-07-08,1.035,-0.063348
2015-07-09,1.092,0.055072
2015-07-10,1.147,0.050366
2015-07-13,1.193,0.040105
2015-07-14,1.205,0.010059
2015-07-15,1.164,-0.034025
2015-07-16,1.185,0.018041
2015-07-17,1.243,0.048944999999999995
2015-07-20,1.26,0.013677
2015-07-21,1.267,0.005556
2015-07-22,1.269,0.001579
2015-07-23,1.304,0.027581
2015-07-24,1.28,-0.018405
2015-07-27,1.184,-0.075
2015-07-28,1.167,-0.014358
2015-07-29,1.212,0.03856
2015-07-30,1.177,-0.028878
2015-07-31,1.175,-0.001699
2015-08-03,1.157,-0.015319000000000001
2015-08-04,1.205,0.041486999999999996
2015-08-05,1.186,-0.015768
2015-08-06,1.178,-0.006745
2015-08-07,1.211,0.028014
2015-08-10,1.264,0.043765
2015-08-11,1.261,-0.002373
2015-08-12,1.239,-0.017446
2015-08-13,1.268,0.023405999999999996
2015-08-14,1.266,-0.001577
2015-08-17,1.264,-0.00158
2015-08-18,1.181,-0.065665
2015-08-19,1.2,0.016088
2015-08-20,1.166,-0.028333
2015-08-21,1.108,-0.049743
2015-08-24,1.024,-0.075812
2015-08-25,0.968,-0.054688
2015-08-26,0.964,-0.004132
2015-08-27,1.009,0.04668
2015-08-28,1.054,0.044599
2015-08-31,1.044,-0.009488
2015-09-01,1.016,-0.02682
2015-09-02,1.005,-0.010827
2015-09-07,0.986,-0.018905
2015-09-08,1.017,0.03144
2015-09-09,1.041,0.023599000000000002
2015-09-10,1.03,-0.010567
2015-09-11,1.033,0.0029130000000000002
2015-09-14,0.997,-0.03485
2015-09-15,0.961,-0.036108
2015-09-16,1.018,0.059313000000000005
2015-09-17,1.0,-0.017682
2015-09-18,1.01,0.01
2015-09-21,1.039,0.028713000000000002
2015-09-22,1.049,0.009625
2015-09-23,1.038,-0.010486
2015-09-24,1.042,0.0038540000000000002
2015-09-25,1.037,-0.004798
2015-09-28,1.049,0.011572
2015-09-29,1.038,-0.010486
2015-09-30,1.038,0.0
2015-10-08,1.078,0.038536
2015-10-09,1.089,0.010204
2015-10-12,1.113,0.022039
2015-10-13,1.121,0.007188
2015-10-14,1.11,-0.009812999999999999
2015-10-15,1.135,0.022523
2015-10-16,1.146,0.009692
2015-10-19,1.144,-0.0017449999999999998
2015-10-20,1.159,0.013111999999999999
2015-10-21,1.112,-0.040552000000000005
2015-10-22,1.138,0.023381
2015-10-23,1.159,0.018453
2015-10-26,1.167,0.006903
2015-10-27,1.168,0.000857
2015-10-28,1.147,-0.017979000000000002
2015-10-29,1.148,0.0008719999999999999
2015-10-30,1.15,0.0017419999999999998
2015-11-02,1.136,-0.012174
2015-11-03,1.135,-0.0008799999999999999
2015-11-04,1.185,0.044053
2015-11-05,1.177,-0.006751
2015-11-06,1.203,0.022090000000000002
2015-11-09,1.229,0.021613000000000004
2015-11-10,1.236,0.005696
2015-11-11,1.255,0.015371999999999999
2015-11-12,1.254,-0.000797
2015-11-13,1.241,-0.010367
2015-11-16,1.257,0.012892999999999998
2015-11-17,1.244,-0.010342
2015-11-18,1.229,-0.012058
2015-11-19,1.249,0.016273
2015-11-20,1.258,0.007206000000000001
2015-11-23,1.255,-0.002385
2015-11-24,1.262,0.005578
2015-11-25,1.273,0.008716
2015-11-26,1.264,-0.00707
2015-11-27,1.209,-0.043513
2015-11-30,1.223,0.01158
2015-12-01,1.226,0.002453
2015-12-02,1.229,0.002447
2015-12-03,1.256,0.021969
2015-12-04,1.246,-0.007962
2015-12-07,1.251,0.004013
2015-12-08,1.234,-0.013589
2015-12-09,1.234,0.0
2015-12-10,1.241,0.005673
2015-12-11,1.229,-0.00967
2015-12-14,1.245,0.013019000000000001
2015-12-15,1.256,0.008834999999999999
2015-12-16,1.264,0.0063690000000000005
2015-12-17,1.292,0.022151999999999998
2015-12-18,1.308,0.012384
2015-12-21,1.33,0.016819999999999998
2015-12-22,1.348,0.013534
2015-12-23,1.323,-0.018546
2015-12-24,1.331,0.006047
2015-12-25,1.335,0.003005
2015-12-28,1.314,-0.01573
2015-12-29,1.318,0.003044
2015-12-30,1.311,-0.005311
2015-12-31,1.278,-0.025172
2016-01-04,1.182,-0.075117
2016-01-05,1.163,-0.016073999999999998
2016-01-06,1.185,0.018917
2016-01-07,1.092,-0.078481
2016-01-08,1.1,0.007326
2016-01-11,1.031,-0.062727
2016-01-12,1.041,0.009699
2016-01-13,1.008,-0.0317
2016-01-14,1.05,0.041666999999999996
2016-01-15,1.019,-0.029523999999999998
2016-01-18,1.029,0.009814
2016-01-19,1.062,0.03207
2016-01-20,1.043,-0.017891
2016-01-21,0.86,-0.041227
2016-01-22,0.872,0.013953
2016-01-25,0.875,0.00344
2016-01-26,0.81,-0.074286
2016-01-27,0.796,-0.017284
2016-01-28,0.771,-0.031407
2016-01-29,0.804,0.042802
2016-02-01,0.796,-0.00995
2016-02-02,0.825,0.036432
2016-02-03,0.829,0.004848
2016-02-04,0.845,0.019299999999999998
2016-02-05,0.836,-0.010650999999999999
2016-02-15,0.834,-0.002392
2016-02-16,0.872,0.045564
2016-02-17,0.878,0.006881000000000001
2016-02-18,0.871,-0.007973000000000001
2016-02-19,0.871,0.0
2016-02-22,0.884,0.014924999999999999
2016-02-23,0.876,-0.00905
2016-02-24,0.875,-0.001142
2016-02-25,0.819,-0.064
2016-02-26,0.817,-0.002442
2016-02-29,0.782,-0.042839999999999996
2016-03-01,0.802,0.025575
2016-03-02,0.837,0.043641
2016-03-03,0.834,-0.003584
2016-03-04,0.813,-0.025179999999999998
2016-03-07,0.824,0.01353
2016-03-08,0.828,0.004854
2016-03-09,0.822,-0.007246
2016-03-10,0.807,-0.018248
2016-03-11,0.805,-0.0024779999999999997
2016-03-14,0.831,0.032298
2016-03-15,0.828,-0.00361
2016-03-16,0.82,-0.009661999999999999
2016-03-17,0.849,0.035366
2016-03-18,0.875,0.030624
2016-03-21,0.891,0.018286
2016-03-22,0.885,-0.006734
2016-03-23,0.888,0.0033900000000000002
2016-03-24,0.875,-0.01464
2016-03-25,0.88,0.005714
2016-03-28,0.868,-0.013635999999999999
2016-03-29,0.848,-0.023041
2016-03-30,0.874,0.03066
2016-03-31,0.878,0.004577
2016-04-01,0.871,-0.007973000000000001
2016-04-05,0.893,0.025258
2016-04-06,0.902,0.010078
2016-04-07,0.895,-0.0077610000000000005
2016-04-08,0.888,-0.007821
2016-04-11,0.918,0.033784
2016-04-12,0.914,-0.004357
2016-04-13,0.924,0.010941000000000001
2016-04-14,0.932,0.008658
2016-04-15,0.931,-0.0010730000000000002
2016-04-18,0.916,-0.016112
2016-04-19,0.917,0.001092
2016-04-20,0.878,-0.04253
2016-04-21,0.871,-0.007973000000000001
2016-04-22,0.883,0.013777
2016-04-25,0.88,-0.003398
2016-04-26,0.888,0.009091
2016-04-27,0.892,0.004505
2016-04-28,0.892,0.0
2016-04-29,0.891,-0.001121
2016-05-03,0.916,0.028058
2016-05-04,0.916,0.0
2016-05-05,0.916,0.0
2016-05-06,0.884,-0.034934
2016-05-09,0.863,-0.023756
2016-05-10,0.862,-0.001159
2016-05-11,0.859,-0.0034799999999999996
2016-05-12,0.863,0.004657
2016-05-13,0.862,-0.001159
2016-05-16,0.875,0.015081
2016-05-17,0.873,-0.002286
2016-05-18,0.855,-0.020619000000000002
2016-05-19,0.857,0.002339
2016-05-20,0.867,0.011669
2016-05-23,0.877,0.011533999999999999
2016-05-24,0.871,-0.006842
2016-05-25,0.865,-0.006888999999999999
2016-05-26,0.868,0.003468
2016-05-27,0.864,-0.004608
2016-05-30,0.864,0.0
2016-05-31,0.889,0.028935
2016-06-01,0.897,0.008999
2016-06-02,0.899,0.00223
2016-06-03,0.905,0.006674
2016-06-06,0.906,0.001105
2016-06-07,0.896,-0.011038
2016-06-08,0.897,0.001116
2016-06-13,0.866,-0.03456
2016-06-14,0.868,0.002309
2016-06-15,0.888,0.023041
2016-06-16,0.882,-0.006757
2016-06-17,0.891,0.010204
2016-06-20,0.892,0.001122
2016-06-21,0.888,-0.004484
2016-06-22,0.896,0.009009
2016-06-23,0.895,-0.001116
2016-06-24,0.888,-0.007821
2016-06-27,0.901,0.01464
2016-06-28,0.914,0.014428000000000002
2016-06-29,0.912,-0.002188
2016-06-30,0.912,0.0
2016-07-01,0.911,-0.001096
2016-07-04,0.92,0.009879
2016-07-05,0.919,-0.001087
2016-07-06,0.923,0.004353
2016-07-07,0.928,0.005417
2016-07-08,0.927,-0.001078
2016-07-11,0.924,-0.003236
2016-07-12,0.934,0.010823000000000001
2016-07-13,0.944,0.010707
2016-07-14,0.949,0.005297
2016-07-15,0.949,0.0
2016-07-18,0.945,-0.004215
2016-07-19,0.944,-0.0010580000000000001
2016-07-20,0.941,-0.0031780000000000003
2016-07-21,0.947,0.006376
2016-07-22,0.937,-0.01056
2016-07-25,0.936,-0.001067
2016-07-26,0.95,0.014957
2016-07-27,0.926,-0.025263
2016-07-28,0.926,0.0
2016-07-29,0.93,0.00432
2016-08-01,0.915,-0.016129
2016-08-02,0.919,0.004372
2016-08-03,0.923,0.004353
2016-08-04,0.928,0.005417
2016-08-05,0.925,-0.0032329999999999998
2016-08-08,0.934,0.009729999999999999
2016-08-09,0.937,0.003212
2016-08-10,0.931,-0.006403
2016-08-11,0.925,-0.006444999999999999
2016-08-12,0.938,0.014054
2016-08-15,0.958,0.021322
2016-08-16,0.959,0.001044
2016-08-17,0.963,0.004171
2016-08-18,0.963,0.0
2016-08-19,0.964,0.001038
2016-08-22,0.954,-0.010373
2016-08-23,0.959,0.005241
2016-08-24,0.96,0.001043
2016-08-25,0.955,-0.005208000000000001
2016-08-26,0.961,0.0062829999999999995
2016-08-29,0.962,0.001041
2016-08-30,0.964,0.002079
2016-08-31,0.962,-0.002075
2016-09-01,0.959,-0.0031190000000000002
2016-09-02,0.957,-0.002086
2016-09-05,0.964,0.007315
2016-09-06,0.976,0.012447999999999999
2016-09-07,0.979,0.003074
2016-09-08,0.987,0.008172
2016-09-09,0.981,-0.006079
2016-09-12,0.964,-0.017329
2016-09-13,0.96,-0.004149
2016-09-14,0.955,-0.005208000000000001
2016-09-19,0.96,0.005235999999999999
2016-09-20,0.959,-0.001042
2016-09-21,0.962,0.003128
2016-09-22,0.966,0.004158
2016-09-23,0.961,-0.005175999999999999
2016-09-26,0.945,-0.016649
2016-09-27,0.95,0.0052910000000000006
2016-09-28,0.949,-0.0010530000000000001
2016-09-29,0.951,0.002107
2016-09-30,0.954,0.003155
2016-10-10,0.969,0.015723
2016-10-11,0.972,0.003096
2016-10-12,0.974,0.002058
2016-10-13,0.978,0.004107
2016-10-14,0.977,-0.001022
2016-10-17,0.971,-0.006141
2016-10-18,0.98,0.009269
2016-10-19,0.977,-0.003061
2016-10-20,0.977,0.0
2016-10-21,0.972,-0.005118
2016-10-24,0.976,0.004115
2016-10-25,0.975,-0.0010249999999999999
2016-10-26,0.97,-0.005128000000000001
2016-10-27,0.972,0.002062
2016-10-28,0.964,-0.00823
2016-10-31,0.964,0.0
2016-11-01,0.97,0.0062239999999999995
2016-11-02,0.966,-0.004124
2016-11-03,0.97,0.004141000000000001
2016-11-04,0.967,-0.0030930000000000003
2016-11-07,0.964,-0.0031019999999999997
2016-11-08,0.967,0.0031119999999999997
2016-11-09,0.96,-0.007239
2016-11-10,0.966,0.00625
2016-11-11,0.966,0.0
2016-11-14,0.969,0.003106
2016-11-15,0.975,0.006192
2016-11-16,0.974,-0.001026
2016-11-17,0.97,-0.004107
2016-11-18,0.969,-0.001031
2016-11-21,0.971,0.002064
2016-11-22,0.973,0.0020599999999999998
2016-11-23,0.975,0.002055
2016-11-24,0.973,-0.002051
2016-11-25,0.98,0.007194000000000001
2016-11-28,0.977,-0.003061
2016-11-29,0.973,-0.0040939999999999995
2016-11-30,0.975,0.002055
2016-12-01,0.977,0.002051
2016-12-02,0.966,-0.011258999999999998
2016-12-05,0.962,-0.004141000000000001
2016-12-06,0.961,-0.00104
2016-12-07,0.966,0.005203
2016-12-08,0.961,-0.005175999999999999
2016-12-09,0.96,-0.001041
2016-12-12,0.925,-0.036458
2016-12-13,0.924,-0.001081
2016-12-14,0.914,-0.010823000000000001
2016-12-15,0.916,0.002188
2016-12-16,0.927,0.012009
2016-12-19,0.924,-0.003236
2016-12-20,0.925,0.001082
2016-12-21,0.929,0.004324
2016-12-22,0.928,-0.001076
2016-12-23,0.922,-0.0064659999999999995
2016-12-26,0.923,0.001085
2016-12-27,0.922,-0.001083
2016-12-28,0.917,-0.005423
2016-12-29,0.921,0.0043619999999999996
2016-12-30,0.926,0.005429000000000001
2016-12-31,0.926,0.0
2017-01-03,0.926,0.0
2017-01-04,0.936,0.010799000000000001
2017-01-05,0.934,-0.002137
2017-01-06,0.927,-0.007495000000000001
2017-01-09,0.929,0.002157
2017-01-10,0.925,-0.004306
2017-01-11,0.92,-0.005405
2017-01-12,0.917,-0.003261
2017-01-13,0.911,-0.006543
2017-01-16,0.896,-0.016465
2017-01-17,0.904,0.008929
2017-01-18,0.899,-0.005531
2017-01-19,0.894,-0.005562
2017-01-20,0.905,0.012303999999999999
2017-01-23,0.91,0.0055249999999999995
2017-01-24,0.905,-0.005495
2017-01-25,0.911,0.0066300000000000005
2017-01-26,0.916,0.005488
2017-02-03,0.914,-0.002183
2017-02-06,0.921,0.007659
2017-02-07,0.919,-0.002172
2017-02-08,0.92,0.001088
2017-02-09,0.926,0.006522
2017-02-10,0.924,-0.00216
2017-02-13,0.925,0.001082
2017-02-14,0.924,-0.001081
2017-02-15,0.918,-0.006494
2017-02-16,0.919,0.001089
2017-02-17,0.914,-0.0054410000000000005
2017-02-20,0.917,0.0032819999999999998
2017-02-21,0.922,0.005453
2017-02-22,0.924,0.002169
2017-02-23,0.928,0.004329
2017-02-24,0.931,0.0032329999999999998
2017-02-27,0.928,-0.003222
2017-02-28,0.928,0.0
2017-03-01,0.932,0.00431
2017-03-02,0.928,-0.004292000000000001
2017-03-03,0.933,0.0053879999999999996
2017-03-06,0.942,0.009646
2017-03-07,0.946,0.004246
2017-03-08,0.943,-0.0031709999999999998
2017-03-09,0.941,-0.002121
2017-03-10,0.94,-0.0010630000000000001
2017-03-13,0.953,0.01383
2017-03-14,0.952,-0.001049
2017-03-15,0.955,0.0031509999999999997
2017-03-16,0.958,0.0031409999999999997
2017-03-17,0.952,-0.0062629999999999995
2017-03-20,0.956,0.004202
2017-03-21,0.963,0.0073219999999999995
2017-03-22,0.964,0.001038
2017-03-23,0.964,0.0
2017-03-24,0.97,0.0062239999999999995
2017-03-27,0.964,-0.0061860000000000005
2017-03-28,0.963,-0.001037
2017-03-29,0.958,-0.005192
2017-03-30,0.938,-0.020877
2017-03-31,0.944,0.006397000000000001
2017-04-05,0.958,0.014831
2017-04-06,0.958,0.0
2017-04-07,0.956,-0.002088
2017-04-10,0.946,-0.01046
2017-04-11,0.947,0.001057
2017-04-12,0.943,-0.004224
2017-04-13,0.946,0.003181
2017-04-14,0.937,-0.009514
2017-04-17,0.935,-0.002134
2017-04-18,0.933,-0.0021390000000000003
2017-04-19,0.927,-0.006431
2017-04-20,0.933,0.006472
2017-04-21,0.931,-0.002144
2017-04-24,0.92,-0.011814999999999999
2017-04-25,0.924,0.004348
2017-04-26,0.926,0.002165
2017-04-27,0.928,0.00216
2017-04-28,0.931,0.0032329999999999998
2017-05-02,0.928,-0.003222
2017-05-03,0.924,-0.00431
2017-05-04,0.919,-0.005411
2017-05-05,0.915,-0.004353
2017-05-08,0.906,-0.009836000000000001
2017-05-09,0.914,0.00883
2017-05-10,0.906,-0.008753
2017-05-11,0.907,0.001104
2017-05-12,0.908,0.001103
2017-05-15,0.911,0.003304
2017-05-16,0.924,0.01427
2017-05-17,0.924,0.0
2017-05-18,0.917,-0.007576
2017-05-19,0.917,0.0
2017-05-22,0.908,-0.009815
2017-05-23,0.891,-0.018722000000000003
2017-05-24,0.895,0.004489
2017-05-25,0.9,0.005587
2017-05-26,0.898,-0.002222
2017-05-31,0.894,-0.0044540000000000005
2017-06-01,0.885,-0.010067
2017-06-02,0.891,0.0067800000000000004
2017-06-05,0.894,0.003367
2017-06-06,0.897,0.003356
2017-06-07,0.912,0.016722
2017-06-08,0.913,0.001096
2017-06-09,0.913,0.0
2017-06-12,0.907,-0.006572
2017-06-13,0.914,0.007718
2017-06-14,0.914,0.0
2017-06-15,0.922,0.008753
2017-06-16,0.918,-0.004338
2017-06-19,0.924,0.006535999999999999
2017-06-20,0.925,0.001082
2017-06-21,0.925,0.0
2017-06-22,0.916,-0.009729999999999999
2017-06-23,0.92,0.004366999999999999
2017-06-26,0.935,0.016304
2017-06-27,0.939,0.0042780000000000006
2017-06-28,0.932,-0.007455000000000001
2017-06-29,0.937,0.005365
2017-06-30,0.946,0.009605
2017-07-03,0.955,0.009514
2017-07-04,0.947,-0.008377
2017-07-05,0.952,0.00528
2017-07-06,0.951,-0.00105
2017-07-07,0.951,0.0
2017-07-10,0.945,-0.006309
2017-07-11,0.936,-0.009524
2017-07-12,0.933,-0.003205
2017-07-13,0.938,0.005359
2017-07-14,0.933,-0.0053300000000000005
2017-07-17,0.901,-0.034298
2017-07-18,0.91,0.009989
2017-07-19,0.923,0.014286
2017-07-20,0.922,-0.001083
2017-07-21,0.925,0.0032540000000000004
2017-07-24,0.931,0.006486
2017-07-25,0.932,0.0010739999999999999
2017-07-26,0.929,-0.003219
2017-07-27,0.938,0.009688
2017-07-28,0.936,-0.002132
2017-07-31,0.948,0.012821
2017-08-01,0.949,0.001055
2017-08-02,0.939,-0.010537000000000001
2017-08-03,0.94,0.001065
2017-08-04,0.937,-0.003191
2017-08-07,0.95,0.013874
2017-08-08,0.959,0.009474
2017-08-09,0.963,0.004171
2017-08-10,0.957,-0.0062309999999999996
2017-08-11,0.942,-0.015674
2017-08-14,0.959,0.018047
2017-08-15,0.959,0.0
2017-08-16,0.966,0.007299
2017-08-17,0.969,0.003106
2017-08-18,0.967,-0.002064
2017-08-21,0.975,0.008273
2017-08-22,0.975,0.0
2017-08-23,0.965,-0.010256000000000001
2017-08-24,0.961,-0.004144999999999999
2017-08-25,0.97,0.009365
2017-08-28,0.98,0.010308999999999999
2017-08-29,0.983,0.003061
2017-08-30,0.988,0.005086
2017-08-31,0.993,0.0050609999999999995
2017-09-01,0.995,0.002014
2017-09-04,0.997,0.00201
2017-09-05,1.003,0.006018
2017-09-06,1.009,0.0059819999999999995
2017-09-07,1.004,-0.004955
2017-09-08,1.004,0.0
2017-09-11,1.01,0.005976
2017-09-12,1.013,0.00297
2017-09-13,1.012,-0.000987
2017-09-14,1.01,-0.001976
2017-09-15,1.008,-0.00198
2017-09-18,1.014,0.005952
2017-09-19,1.009,-0.004931
2017-09-20,1.016,0.006938
2017-09-21,1.012,-0.0039369999999999995
2017-09-22,1.007,-0.004941
2017-09-25,1.0,-0.006951000000000001
2017-09-26,1.0,0.0
2017-09-27,1.006,0.006
2017-09-28,1.016,0.00994
2017-09-29,1.025,0.008858
2017-10-09,1.035,0.009756
2017-10-10,1.046,0.010628
2017-10-11,1.05,0.003824
2017-10-12,1.047,-0.002857
2017-10-13,1.056,0.008596
2017-10-16,1.034,-0.020833
2017-10-17,1.041,0.006770000000000001
2017-10-18,1.042,0.000961
2017-10-19,1.047,0.004798
2017-10-20,1.053,0.005731000000000001
2017-10-23,1.061,0.0075970000000000005
2017-10-24,1.065,0.00377
2017-10-25,1.074,0.008451
2017-10-26,1.068,-0.005587
2017-10-27,1.073,0.004682
2017-10-30,1.061,-0.011184000000000001
2017-10-31,1.064,0.002828
2017-11-01,1.053,-0.010338
2017-11-02,1.049,-0.0037990000000000003
2017-11-03,1.055,0.005719999999999999
2017-11-06,1.085,0.028436
2017-11-07,1.09,0.004608
2017-11-08,1.096,0.0055049999999999995
2017-11-09,1.11,0.012774
2017-11-10,1.123,0.011712
2017-11-13,1.138,0.013357
2017-11-14,1.125,-0.011424
2017-11-15,1.123,-0.001778
2017-11-16,1.13,0.006233
2017-11-17,1.098,-0.028319
2017-11-20,1.122,0.021858
2017-11-21,1.128,0.005348
2017-11-22,1.131,0.00266
2017-11-23,1.089,-0.037135
2017-11-24,1.077,-0.011019000000000001
2017-11-27,1.057,-0.01857
2017-11-28,1.072,0.014191
2017-11-29,1.064,-0.007463
2017-11-30,1.058,-0.005639
2017-12-01,1.076,0.017013
2017-12-04,1.069,-0.006506
2017-12-05,1.053,-0.014967
2017-12-06,1.062,0.008547
2017-12-07,1.054,-0.007533
2017-12-08,1.072,0.017078
2017-12-11,1.095,0.021455000000000002
2017-12-12,1.084,-0.010046
2017-12-13,1.091,0.006458
2017-12-14,1.089,-0.001833
2017-12-15,1.078,-0.010101
2017-12-18,1.063,-0.013915
2017-12-19,1.079,0.015052000000000001
2017-12-20,1.075,-0.003707
2017-12-21,1.091,0.014884
2017-12-22,1.094,0.0027500000000000003
2017-12-25,1.084,-0.009141
2017-12-26,1.084,0.0
2017-12-27,1.064,-0.01845
2017-12-28,1.068,0.003759
2017-12-29,1.086,0.016854
2017-12-31,1.085,0.0
2018-01-02,1.104,0.016575
2018-01-03,1.106,0.001812
2018-01-04,1.114,0.007233000000000001
2018-01-05,1.109,-0.004488
2018-01-08,1.101,-0.007214000000000001
2018-01-09,1.113,0.010899
2018-01-10,1.104,-0.008086
2018-01-11,1.101,-0.002717
2018-01-12,1.096,-0.004541
2018-01-15,1.072,-0.021898
2018-01-16,1.085,0.012126999999999999
2018-01-17,1.083,-0.001843
2018-01-18,1.084,0.0009229999999999999
2018-01-19,1.03,-0.00369
2018-01-22,1.041,0.01068
2018-01-23,1.043,0.001921
2018-01-24,1.053,0.009588
2018-01-25,1.051,-0.001899
2018-01-26,1.051,0.0
2018-01-29,1.026,-0.023787
2018-01-30,1.007,-0.018519
2018-01-31,1.008,0.000993
2018-02-01,0.986,-0.021825
2018-02-02,0.98,-0.006085
2018-02-05,0.953,-0.027551000000000003
2018-02-06,0.932,-0.022035999999999997
2018-02-07,0.905,-0.02897
2018-02-08,0.92,0.016575
2018-02-09,0.899,-0.022826
2018-02-12,0.93,0.034483
2018-02-13,0.936,0.006452
2018-02-14,0.947,0.011752
2018-02-22,0.974,0.028511
2018-02-23,0.97,-0.004107
2018-02-26,0.971,0.001031
2018-02-27,0.953,-0.018538
2018-02-28,0.939,-0.014690000000000002
2018-03-01,0.947,0.00852
2018-03-02,0.944,-0.0031680000000000002
2018-03-05,0.932,-0.012712000000000001
2018-03-06,0.938,0.006438
2018-03-07,0.937,-0.001066
2018-03-08,0.956,0.020277
2018-03-09,0.966,0.01046
2018-03-12,0.964,-0.00207
2018-03-13,0.955,-0.009336
2018-03-14,0.957,0.002094
2018-03-15,0.969,0.012539
2018-03-16,0.959,-0.010320000000000001
2018-03-19,0.959,0.0
2018-03-20,0.955,-0.004171
2018-03-21,0.948,-0.00733
2018-03-22,0.929,-0.020042
2018-03-23,0.912,-0.018299
2018-03-26,0.912,0.0
2018-03-27,0.912,0.0
2018-03-28,0.883,-0.031798
2018-03-29,0.906,0.026048
2018-03-30,0.91,0.004415
2018-04-02,0.908,-0.002198
2018-04-03,0.914,0.006608
2018-04-04,0.928,0.015317
2018-04-09,0.921,-0.007542999999999999
2018-04-10,0.936,0.016287
2018-04-11,0.946,0.010684
2018-04-12,0.939,-0.0074
2018-04-13,0.927,-0.01278
2018-04-16,0.923,-0.004315
2018-04-17,0.905,-0.019502
2018-04-18,0.905,0.0
2018-04-19,0.923,0.01989
2018-04-20,0.917,-0.006501
2018-04-23,0.91,-0.007633999999999999
2018-04-24,0.937,0.029670000000000002
2018-04-25,0.945,0.008538
2018-04-26,0.923,-0.02328
2018-04-27,0.918,-0.005417
2018-05-02,0.934,0.017429
2018-05-03,0.945,0.011777
2018-05-04,0.952,0.007407
2018-05-07,0.98,0.029411999999999997
2018-05-08,0.987,0.007143
2018-05-09,0.989,0.002026
2018-05-10,1.002,0.013145
2018-05-11,0.991,-0.010978000000000002
2018-05-14,1.005,0.014127
2018-05-15,1.011,0.00597
2018-05-16,1.012,0.000989
2018-05-17,0.997,-0.014822
2018-05-18,1.006,0.009027
2018-05-21,1.001,-0.00497
2018-05-22,1.004,0.002997
2018-05-23,0.988,-0.015936
2018-05-24,0.986,-0.0020239999999999998
2018-05-25,0.991,0.005071
2018-05-28,1.018,0.027245
2018-05-29,1.01,-0.007859
2018-05-30,1.015,0.0049499999999999995
2018-05-31,1.042,0.026601
2018-06-01,1.027,-0.014395
2018-06-04,1.045,0.017527
2018-06-05,1.058,0.01244
2018-06-06,1.059,0.000945
2018-06-07,1.049,-0.009443
2018-06-08,1.04,-0.008579999999999999
2018-06-11,1.03,-0.009615
2018-06-12,1.066,0.034950999999999996
2018-06-13,1.058,-0.0075049999999999995
2018-06-14,1.037,-0.019849000000000002
2018-06-15,1.033,-0.0038569999999999998
2018-06-19,0.997,-0.03485
2018-06-20,1.02,0.023069000000000003
2018-06-21,1.013,-0.006863
2018-06-22,1.018,0.004935999999999999
2018-06-25,1.02,0.001965
2018-06-26,1.007,-0.012745
2018-06-27,0.977,-0.029790999999999998
2018-06-28,0.956,-0.021494
2018-06-29,0.987,0.032427000000000004
2018-06-30,0.987,0.0
2018-07-02,0.968,-0.01925
2018-07-03,0.948,-0.020661
2018-07-04,0.936,-0.012658
2018-07-05,0.921,-0.016026
2018-07-06,0.929,0.008686000000000001
2018-07-09,0.964,0.037675
2018-07-10,0.967,0.0031119999999999997
2018-07-11,0.956,-0.011375
2018-07-12,0.975,0.019874
2018-07-13,0.998,0.02359
2018-07-16,0.999,0.001002
2018-07-17,0.987,-0.012012
2018-07-18,0.977,-0.010132
2018-07-19,0.97,-0.007165
2018-07-20,0.973,0.0030930000000000003
2018-07-23,0.966,-0.007194000000000001
2018-07-24,0.988,0.022774000000000003
2018-07-25,0.982,-0.006072999999999999
2018-07-26,0.973,-0.009165
2018-07-27,0.97,-0.0030830000000000002
2018-07-30,0.954,-0.016495
2018-07-31,0.959,0.005241
2018-08-01,0.935,-0.025026000000000003
2018-08-02,0.907,-0.029946999999999998
2018-08-03,0.886,-0.023153
2018-08-06,0.861,-0.028217
2018-08-07,0.88,0.022067
2018-08-08,0.855,-0.028409
2018-08-09,0.883,0.032749
2018-08-10,0.888,0.0056630000000000005
2018-08-13,0.883,-0.005631000000000001
2018-08-14,0.883,0.0
2018-08-15,0.857,-0.029445000000000002
2018-08-16,0.836,-0.024504
2018-08-17,0.822,-0.016746
2018-08-20,0.825,0.00365
2018-08-21,0.852,0.032727
2018-08-22,0.842,-0.011737
2018-08-23,0.844,0.002375
2018-08-24,0.84,-0.004739
2018-08-27,0.868,0.033333
2018-08-28,0.862,-0.006912000000000001
2018-08-29,0.859,-0.0034799999999999996
2018-08-30,0.855,-0.004657
2018-08-31,0.838,-0.019882999999999998
2018-09-03,0.836,-0.002387
2018-09-04,0.842,0.007177
2018-09-05,0.823,-0.022564999999999998
2018-09-06,0.808,-0.018226
2018-09-07,0.82,0.014851000000000001
2018-09-10,0.814,-0.007317000000000001
2018-09-11,0.814,0.0
2018-09-12,0.8,-0.017199
2018-09-13,0.798,-0.0025
2018-09-14,0.805,0.008772
2018-09-17,0.8,-0.0062109999999999995
2018-09-18,0.817,0.02125
2018-09-19,0.84,0.028152
2018-09-20,0.843,0.0035709999999999995
2018-09-21,0.865,0.026097000000000002
2018-09-25,0.863,-0.002312
2018-09-26,0.884,0.024333999999999998
2018-09-27,0.881,-0.003394
2018-09-28,0.887,0.00681
2018-10-08,0.849,-0.042841
2018-10-09,0.851,0.002356
2018-10-10,0.837,-0.016451
2018-10-11,0.81,-0.032258
2018-10-12,0.829,0.023457
2018-10-15,0.813,-0.019299999999999998
2018-10-16,0.806,-0.00861
2018-10-17,0.808,0.0024809999999999997
2018-10-18,0.788,-0.024752
2018-10-19,0.816,0.035533
2018-10-22,0.849,0.040441000000000005
2018-10-23,0.815,-0.040047
2018-10-24,0.803,-0.014724
2018-10-25,0.789,-0.017435
2018-10-26,0.777,-0.015208999999999999
2018-10-29,0.738,-0.050193
2018-10-30,0.729,-0.012195000000000001
2018-10-31,0.75,0.028807
2018-11-01,0.764,0.018667
2018-11-02,0.8,0.047119999999999995
2018-11-05,0.79,-0.0125
2018-11-06,0.784,-0.007594999999999999
2018-11-07,0.78,-0.005102
2018-11-08,0.779,-0.0012820000000000002
2018-11-09,0.773,-0.007702
2018-11-12,0.777,0.005175
2018-11-13,0.797,0.02574
2018-11-14,0.789,-0.010038
2018-11-15,0.791,0.002535
2018-11-16,0.791,0.0
2018-11-19,0.796,0.006321
2018-11-20,0.778,-0.022612999999999998
2018-11-21,0.782,0.005141
2018-11-22,0.781,-0.0012790000000000002
2018-11-23,0.77,-0.014085
2018-11-26,0.768,-0.002597
2018-11-27,0.762,-0.007813
2018-11-28,0.775,0.01706
2018-11-29,0.775,0.0
2018-11-30,0.786,0.014194
2018-12-03,0.814,0.035623
2018-12-04,0.817,0.003686
2018-12-05,0.825,0.009792
2018-12-06,0.805,-0.024242
2018-12-07,0.798,-0.008696
2018-12-10,0.789,-0.011278
2018-12-11,0.79,0.0012670000000000001
2018-12-12,0.796,0.007594999999999999
2018-12-13,0.812,0.020101
2018-12-14,0.798,-0.017241
2018-12-17,0.793,-0.006266000000000001
2018-12-18,0.791,-0.002522
2018-12-19,0.775,-0.020228000000000003
2018-12-20,0.776,0.0012900000000000001
2018-12-21,0.767,-0.011597999999999999
2018-12-24,0.778,0.014341999999999999
2018-12-25,0.776,-0.002571
2018-12-26,0.771,-0.006443
2018-12-27,0.768,-0.003891
2018-12-28,0.778,0.013021
2018-12-31,0.778,0.0
2019-01-02,0.764,-0.017995
2019-01-03,0.753,-0.014398
2019-01-04,0.768,0.01992
2019-01-07,0.776,0.010417000000000001
2019-01-08,0.774,-0.002577
2019-01-09,0.787,0.016796
2019-01-10,0.785,-0.002541
2019-01-11,0.794,0.011465000000000001
2019-01-14,0.789,-0.0062970000000000005
2019-01-15,0.813,0.030417999999999997
2019-01-16,0.811,-0.00246
2019-01-17,0.808,-0.003699
2019-01-18,0.832,0.029703
2019-01-21,0.837,0.00601
2019-01-22,0.826,-0.013142000000000001
2019-01-23,0.834,0.009685000000000001
2019-01-24,0.837,0.0035970000000000004
2019-01-25,0.84,0.003584
2019-01-28,0.842,0.002381
2019-01-29,0.852,0.011876
2019-01-30,0.841,-0.012910999999999999
2019-01-31,0.85,0.010702
2019-02-01,0.861,0.012941000000000001
2019-02-11,0.9,0.045296
2019-02-12,0.907,0.007778
2019-02-13,0.911,0.00441
2019-02-14,0.92,0.009879
2019-02-15,0.914,-0.006522
2019-02-18,0.945,0.033917
2019-02-19,0.943,-0.0021160000000000003
2019-02-20,0.944,0.00106
2019-02-21,0.947,0.0031780000000000003
2019-02-22,0.95,0.0031680000000000002
2019-02-25,0.972,0.023157999999999998
2019-02-26,0.963,-0.009259
2019-02-27,0.961,-0.002077
2019-02-28,0.959,-0.002081
2019-03-01,0.985,0.027111999999999997
2019-03-04,1.009,0.024365
2019-03-05,1.018,0.00892
2019-03-06,1.013,-0.004912000000000001
2019-03-07,0.992,-0.020731000000000003
2019-03-08,0.985,-0.007056
2019-03-11,1.008,0.02335
2019-03-12,1.019,0.010912999999999999
2019-03-13,0.998,-0.020608
2019-03-14,0.993,-0.00501
2019-03-15,1.023,0.030211000000000002
2019-03-18,1.073,0.048876
2019-03-19,1.069,-0.0037280000000000004
2019-03-20,1.06,-0.008419
2019-03-21,1.056,-0.003774
2019-03-22,1.055,-0.000947
2019-03-25,1.034,-0.019905
2019-03-26,1.037,0.0029010000000000004
2019-03-27,1.06,0.022179
2019-03-28,1.075,0.014151
2019-03-29,1.122,0.043720999999999996
2019-04-01,1.155,0.029411999999999997
2019-04-02,1.141,-0.012121
2019-04-03,1.142,0.0008759999999999999
2019-04-04,1.168,0.022767
2019-04-08,1.164,-0.003425
2019-04-09,1.166,0.0017180000000000001
2019-04-10,1.186,0.017153
2019-04-11,1.159,-0.022766
2019-04-12,1.156,-0.0025879999999999996
2019-04-15,1.151,-0.004325
2019-04-16,1.166,0.013031999999999998
2019-04-17,1.179,0.011149
2019-04-18,1.188,0.007633999999999999
2019-04-19,1.202,0.011785
2019-04-22,1.191,-0.009151
2019-04-23,1.2,0.007557
2019-04-24,1.204,0.003333
2019-04-25,1.194,-0.008306000000000001
2019-04-26,1.183,-0.009213
2019-04-29,1.192,0.007608
2019-04-30,1.197,0.004195
2019-05-06,1.123,-0.061821
2019-05-07,1.141,0.016028
2019-05-08,1.122,-0.016652
2019-05-09,1.101,-0.018716999999999998
2019-05-10,1.145,0.039964
2019-05-13,1.139,-0.00524
2019-05-14,1.13,-0.007902
2019-05-15,1.182,0.046017999999999996
2019-05-16,1.194,0.010152000000000001
2019-05-17,1.166,-0.023451
2019-05-20,1.14,-0.022298
2019-05-21,1.157,0.014912000000000002
2019-05-22,1.153,-0.003457
2019-05-23,1.122,-0.026886
2019-05-24,1.124,0.0017829999999999999
2019-05-27,1.141,0.015125
2019-05-28,1.166,0.021911
2019-05-29,1.163,-0.0025729999999999998
2019-05-30,1.163,0.0
2019-05-31,1.164,0.00086
2019-06-03,1.159,-0.0042959999999999995
2019-06-04,1.14,-0.016393
2019-06-05,1.134,-0.005263
2019-06-06,1.115,-0.016755
2019-06-10,1.131,0.01435
2019-06-11,1.175,0.038904
2019-06-12,1.165,-0.008511
2019-06-13,1.162,-0.002575
2019-06-14,1.157,-0.004303
2019-06-17,1.149,-0.006914
2019-06-18,1.156,0.006091999999999999
2019-06-19,1.168,0.010381
2019-06-20,1.205,0.031678000000000005
2019-06-21,1.196,-0.007469
2019-06-24,1.207,0.009197
2019-06-25,1.196,-0.009114
2019-06-26,1.193,-0.0025080000000000002
2019-06-27,1.217,0.020117
2019-06-28,1.22,0.002465
2019-06-30,1.22,0.0
2019-07-01,1.262,0.034426
2019-07-02,1.269,0.005547
2019-07-03,1.242,-0.021277
2019-07-04,1.22,-0.017713
2019-07-05,1.252,0.026230000000000003
2019-07-08,1.239,-0.010383
2019-07-09,1.242,0.002421
2019-07-10,1.247,0.004026
2019-07-11,1.243,-0.003208
2019-07-12,1.256,0.010459000000000001
2019-07-15,1.261,0.003981
2019-07-16,1.248,-0.010308999999999999
2019-07-17,1.248,0.0
2019-07-18,1.239,-0.007212
2019-07-19,1.252,0.010492
2019-07-22,1.249,-0.002396
2019-07-23,1.237,-0.009608
2019-07-24,1.239,0.0016170000000000002
2019-07-25,1.253,0.011298999999999998
2019-07-26,1.253,0.0
2019-07-29,1.268,0.011971
2019-07-30,1.272,0.003155
2019-07-31,1.261,-0.008648
2019-08-01,1.253,-0.006344
2019-08-02,1.251,-0.001596
2019-08-05,1.23,-0.016787
2019-08-06,1.23,0.0
2019-08-07,1.22,-0.00813
2019-08-08,1.239,0.015574
2019-08-09,1.216,-0.018563
2019-08-12,1.237,0.01727
2019-08-13,1.228,-0.007276
2019-08-14,1.239,0.008958
2019-08-15,1.236,-0.002421
2019-08-16,1.252,0.012945
2019-08-19,1.254,0.0015970000000000001
2019-08-20,1.256,0.001595
2019-08-21,1.251,-0.003981
2019-08-22,1.269,0.014388000000000001
2019-08-23,1.276,0.005516
2019-08-26,1.268,-0.00627
2019-08-27,1.3,0.025237
2019-08-28,1.308,0.006154
2019-08-29,1.311,0.002294
2019-08-30,1.334,0.017544
2019-09-02,1.34,0.004497999999999999
2019-09-03,1.34,0.0
2019-09-04,1.33,-0.007463
2019-09-05,1.337,0.005263
2019-09-06,1.323,-0.010471
2019-09-09,1.314,-0.006803
2019-09-10,1.31,-0.003044
2019-09-11,1.273,-0.028244
2019-09-12,1.286,0.010212
2019-09-16,1.283,-0.002333
2019-09-17,1.279,-0.003118
2019-09-18,1.297,0.014073
2019-09-19,1.302,0.003855
2019-09-20,1.305,0.002304
2019-09-23,1.287,-0.013793
2019-09-24,1.291,0.003108
2019-09-25,1.288,-0.002324
2019-09-26,1.261,-0.020963
2019-09-27,1.276,0.011895
2019-09-30,1.269,-0.0054859999999999996
2019-10-08,1.294,0.019701
2019-10-09,1.285,-0.006955
2019-10-10,1.304,0.014785999999999999
2019-10-11,1.31,0.004601
2019-10-14,1.312,0.001527
2019-10-15,1.316,0.003049
2019-10-16,1.299,-0.012918
2019-10-17,1.302,0.002309
2019-10-18,1.295,-0.005376
2019-10-21,1.306,0.008494
2019-10-22,1.312,0.004594
2019-10-23,1.303,-0.006860000000000001
2019-10-24,1.296,-0.005372
2019-10-25,1.33,0.026234999999999998
2019-10-28,1.344,0.010526
2019-10-29,1.359,0.011161
2019-10-30,1.35,-0.006623
2019-10-31,1.351,0.000741
2019-11-01,1.364,0.009623
2019-11-04,1.372,0.005865
2019-11-05,1.378,0.004373
2019-11-06,1.363,-0.010885
2019-11-07,1.367,0.0029349999999999997
2019-11-08,1.359,-0.005852
2019-11-11,1.34,-0.013980999999999999
2019-11-12,1.341,0.000746
2019-11-13,1.344,0.0022370000000000003
2019-11-14,1.346,0.001488
2019-11-15,1.329,-0.012629999999999999
2019-11-18,1.337,0.00602
2019-11-19,1.354,0.012715
2019-11-20,1.344,-0.007386
2019-11-21,1.34,-0.002976
2019-11-22,1.312,-0.020895999999999998
2019-11-25,1.306,-0.004573
2019-11-26,1.317,0.008423
2019-11-27,1.31,-0.005314999999999999
2019-11-28,1.307,-0.00229
2019-11-29,1.282,-0.019128
2019-12-02,1.292,0.0078000000000000005
2019-12-03,1.296,0.003096
2019-12-04,1.302,0.0046300000000000004
2019-12-05,1.307,0.00384
2019-12-06,1.327,0.015302
2019-12-09,1.32,-0.005274999999999999
2019-12-10,1.315,-0.003788
2019-12-11,1.307,-0.006084000000000001
2019-12-12,1.299,-0.006121
2019-12-13,1.319,0.015396
2019-12-16,1.307,-0.009098
2019-12-17,1.324,0.013007
2019-12-18,1.321,-0.002266
2019-12-19,1.315,-0.004542
2019-12-20,1.316,0.0007599999999999999
2019-12-23,1.305,-0.008359
2019-12-24,1.309,0.003065
2019-12-25,1.304,-0.00382
2019-12-26,1.308,0.003067
2019-12-27,1.323,0.011468
2019-12-30,1.355,0.024187
2019-12-31,1.365,0.00738
2020-01-02,1.375,0.007326
2020-01-03,1.362,-0.009455
2020-01-06,1.36,-0.0014680000000000001
2020-01-07,1.384,0.017647
2020-01-08,1.382,-0.0014449999999999999
2020-01-09,1.403,0.015195
2020-01-10,1.41,0.004989
2020-01-13,1.419,0.006383
2020-01-14,1.406,-0.009161
2020-01-15,1.407,0.0007109999999999999
2020-01-16,1.225,0.002132
2020-01-17,1.217,-0.006531
2020-01-20,1.218,0.0008219999999999999
2020-01-21,1.192,-0.021345999999999997
2020-01-22,1.191,-0.000839
2020-01-23,1.149,-0.035264000000000004
2020-02-03,1.063,-0.074848
2020-02-04,1.089,0.024458999999999998
2020-02-05,1.102,0.011937999999999999
2020-02-06,1.128,0.023593000000000003
2020-02-07,1.126,-0.001773
2020-02-10,1.136,0.008881
2020-02-11,1.157,0.018486
2020-02-12,1.158,0.0008640000000000001
2020-02-13,1.149,-0.007772
2020-02-14,1.163,0.012185
2020-02-17,1.175,0.010318
2020-02-18,1.166,-0.00766
2020-02-19,1.18,0.012007
2020-02-20,1.207,0.022881
2020-02-21,1.207,0.0
2020-02-24,1.194,-0.010771
2020-02-25,1.189,-0.004188
2020-02-26,1.172,-0.014298
2020-02-27,1.188,0.013652
2020-02-28,1.149,-0.032827999999999996
2020-03-02,1.179,0.02611
2020-03-03,1.189,0.008482
2020-03-04,1.196,0.005887
2020-03-05,1.248,0.043478
2020-03-06,1.225,-0.018429
2020-03-09,1.193,-0.026122
2020-03-10,1.214,0.017603
2020-03-11,1.206,-0.00659
2020-03-12,1.177,-0.024045999999999998
2020-03-13,1.165,-0.010195000000000001
2020-03-16,1.113,-0.044635
2020-03-17,1.097,-0.014376
2020-03-18,1.089,-0.007292999999999999
2020-03-19,1.067,-0.020202
2020-03-20,1.092,0.02343
2020-03-23,1.063,-0.026557
2020-03-24,1.098,0.032926000000000004
2020-03-25,1.129,0.028233
2020-03-26,1.126,-0.002657
2020-03-27,1.126,0.0
2020-03-30,1.114,-0.010657000000000002
2020-03-31,1.144,0.02693
2020-04-01,1.136,-0.006993
2020-04-02,1.148,0.010563
2020-04-03,1.155,0.006098
2020-04-07,1.185,0.025974
2020-04-08,1.175,-0.008439
2020-04-09,1.182,0.0059570000000000005
2020-04-10,1.189,0.005921999999999999
2020-04-13,1.185,-0.003364
2020-04-14,1.213,0.023628999999999997
2020-04-15,1.199,-0.011541999999999998
2020-04-16,1.193,-0.005004
2020-04-17,1.206,0.010896999999999999
2020-04-20,1.212,0.004975
2020-04-21,1.197,-0.012376
2020-04-22,1.224,0.022556
2020-04-23,1.227,0.002451
2020-04-24,1.231,0.0032600000000000003
2020-04-27,1.241,0.008123
2020-04-28,1.259,0.014504
2020-04-29,1.24,-0.015091
2020-04-30,1.239,-0.0008060000000000001
2020-05-06,1.246,0.00565
2020-05-07,1.256,0.008026
2020-05-08,1.266,0.007962
2020-05-11,1.256,-0.007899
2020-05-12,1.267,0.008758
2020-05-13,1.284,0.013418000000000001
2020-05-14,1.27,-0.010903000000000001
2020-05-15,1.258,-0.009448999999999999
2020-05-18,1.279,0.016693
2020-05-19,1.29,0.0086
2020-05-20,1.283,-0.005425999999999999
2020-05-21,1.285,0.001559
2020-05-22,1.255,-0.023346
2020-05-25,1.265,0.007968
2020-05-26,1.279,0.011067
2020-05-27,1.268,-0.0086
2020-05-28,1.265,-0.002366
2020-05-29,1.286,0.016600999999999998
2020-06-01,1.314,0.021772999999999997
2020-06-02,1.301,-0.009892999999999999
2020-06-03,1.3,-0.0007689999999999999
2020-06-04,1.307,0.005385
2020-06-05,1.321,0.010712
2020-06-08,1.321,0.0
2020-06-09,1.332,0.008327
2020-06-10,1.331,-0.000751
2020-06-11,1.318,-0.009767
2020-06-12,1.337,0.014416
2020-06-15,1.309,-0.020942
2020-06-16,1.333,0.018335
2020-06-17,1.329,-0.0030009999999999998
2020-06-18,1.336,0.005266999999999999
2020-06-19,1.363,0.02021
2020-06-22,1.351,-0.008804
2020-06-23,1.371,0.014804
2020-06-24,1.374,0.002188
2020-06-29,1.379,0.003639
2020-06-30,1.403,0.017404
2020-07-01,1.454,0.036351
2020-07-02,1.48,0.017882
2020-07-03,1.493,0.008784
2020-07-06,1.541,0.03215
2020-07-07,1.571,0.019468
2020-07-08,1.578,0.004456
2020-07-09,1.609,0.019645
2020-07-10,1.618,0.005594
2020-07-13,1.651,0.020396
2020-07-14,1.639,-0.007268
2020-07-15,1.672,0.020134
2020-07-16,1.572,-0.059809
2020-07-17,1.609,0.023537
2020-07-20,1.612,0.001865
2020-07-21,1.641,0.01799
2020-07-22,1.662,0.012797000000000001
2020-07-23,1.687,0.015042
2020-07-24,1.603,-0.049793000000000004
2020-07-27,1.62,0.010605
2020-07-28,1.658,0.023457
2020-07-29,1.69,0.019299999999999998
2020-07-30,1.697,0.004142
2020-07-31,1.729,0.018857
2020-08-03,1.733,0.002313
2020-08-04,1.72,-0.007501
2020-08-05,1.731,0.006395
2020-08-06,1.706,-0.014443
2020-08-07,1.699,-0.004103
2020-08-10,1.692,-0.0041199999999999995
2020-08-11,1.695,0.001773
2020-08-12,1.67,-0.014749000000000002
2020-08-13,1.67,0.0
2020-08-14,1.706,0.021557
2020-08-17,1.724,0.010551
2020-08-18,1.749,0.014501
2020-08-19,1.731,-0.010291999999999999
2020-08-20,1.703,-0.016176
2020-08-21,1.722,0.011156999999999999
2020-08-24,1.749,0.015700000000000002
2020-08-25,1.783,0.0194
2020-08-26,1.782,-0.0006
2020-08-27,1.807,0.013999999999999999
2020-08-28,1.865,0.0321
2020-08-31,1.846,-0.0102
2020-09-01,1.855,0.0049
2020-09-02,1.866,0.0059
2020-09-03,1.864,-0.0011
2020-09-04,1.826,-0.0204
2020-09-07,1.769,-0.031200000000000002
2020-09-08,1.749,-0.0113
2020-09-09,1.704,-0.025699999999999997
2020-09-10,1.73,0.015300000000000001
2020-09-11,1.756,0.015
2020-09-14,1.77,0.008
2020-09-15,1.789,0.010700000000000001
2020-09-16,1.761,-0.015700000000000002
2020-09-17,1.73,-0.0176
2020-09-18,1.745,0.0087
2020-09-21,1.721,-0.0138
2020-09-22,1.718,-0.0017000000000000001
2020-09-23,1.734,0.009300000000000001
2020-09-24,1.708,-0.015
2020-09-25,1.719,0.0064
2020-09-28,1.732,0.0076
2020-09-29,1.741,0.0052
2020-09-30,1.756,0.0086
2020-10-09,1.762,0.0034000000000000002
2020-10-12,1.832,0.0397
2020-10-13,1.843,0.006
2020-10-14,1.833,-0.0054
2020-10-15,1.823,-0.0055000000000000005
2020-10-16,1.812,-0.006
2020-10-19,1.792,-0.011000000000000001
2020-10-20,1.827,0.0195
2020-10-21,1.821,-0.0033
2020-10-22,1.823,0.0011
2020-10-23,1.775,-0.0263
2020-10-26,1.778,0.0017000000000000001
2020-10-27,1.802,0.013500000000000002
2020-10-28,1.852,0.0277
2020-10-29,1.899,0.0254
2020-10-30,1.85,-0.0258
2020-11-02,1.866,0.0086
2020-11-03,1.887,0.0113
2020-11-04,1.904,0.009000000000000001
2020-11-05,1.92,0.0084
2020-11-06,1.905,-0.0078000000000000005
2020-11-09,1.937,0.0168
2020-11-10,1.923,-0.0072
2020-11-11,1.903,-0.0104
2020-11-12,1.919,0.0084
2020-11-13,1.896,-0.012
2020-11-16,1.915,0.01
2020-11-17,1.886,-0.0151
2020-11-18,1.851,-0.018600000000000002
2020-11-19,1.886,0.0189
2020-11-20,1.892,0.0032
2020-11-23,1.905,0.0069
2020-11-24,1.893,-0.0063
2020-11-25,1.849,-0.0232
2020-11-26,1.854,0.0027
2020-11-27,1.868,0.0076
2020-11-30,1.833,-0.0187
2020-12-01,1.863,0.016399999999999998
2020-12-02,1.869,0.0032
2020-12-03,1.89,0.011200000000000002
2020-12-04,1.922,0.0169
2020-12-07,1.935,0.0068000000000000005
2020-12-08,1.939,0.0021
2020-12-09,1.915,-0.0124
2020-12-10,1.937,0.0115
2020-12-11,1.933,-0.0021
2020-12-14,1.984,0.0264
2020-12-15,2.001,0.0086
2020-12-16,2.014,0.006500000000000001
2020-12-17,2.043,0.0144
2020-12-18,2.022,-0.0103
2020-12-21,2.067,0.0223
2020-12-22,2.068,0.0005
2020-12-23,2.08,0.0058
2020-12-24,2.092,0.0058
2020-12-25,2.125,0.0158
2020-12-28,2.142,0.008
2020-12-29,2.128,-0.006500000000000001
2020-12-30,2.175,0.022099999999999998
2020-12-31,2.215,0.0184
2021-01-04,2.261,0.0208
2021-01-05,2.341,0.0354
2021-01-06,2.361,0.0085
2021-01-07,2.416,0.0233
2021-01-08,2.352,-0.0265
2021-01-11,2.314,-0.016200000000000003
2021-01-12,2.072,0.0294
2021-01-13,2.031,-0.019799999999999998
2021-01-14,1.974,-0.0281
2021-01-15,1.964,-0.0051
2021-01-18,1.955,-0.0046
2021-01-19,1.912,-0.022000000000000002
2021-01-20,1.941,0.0152
2021-01-21,1.983,0.0216
2021-01-22,2.022,0.0197
2021-01-25,2.105,0.040999999999999995
2021-01-26,2.049,-0.026600000000000002
2021-01-27,2.037,-0.0059
2021-01-28,1.987,-0.0245
2021-01-29,2.001,0.006999999999999999
2021-02-01,2.017,0.008
2021-02-02,2.074,0.028300000000000002
2021-02-03,2.071,-0.0014000000000000002
2021-02-04,2.083,0.0058
2021-02-05,2.133,0.024
2021-02-08,2.162,0.013600000000000001
2021-02-09,2.206,0.0204
2021-02-10,2.287,0.036699999999999997
2021-02-18,2.186,-0.044199999999999996
2021-02-19,2.191,0.0023
2021-02-22,2.054,-0.0625
2021-02-23,2.048,-0.0029
2021-02-24,1.956,-0.0449
2021-02-25,1.949,-0.0036
2021-02-26,1.912,-0.019
2021-03-01,1.93,0.009399999999999999
2021-03-02,1.882,-0.024900000000000002
2021-03-03,1.917,0.018600000000000002
2021-03-04,1.828,-0.0464
2021-03-05,1.828,0.0
2021-03-08,1.706,-0.0667
2021-03-09,1.67,-0.021099999999999997
2021-03-10,1.732,0.0371
2021-03-11,1.784,0.03
2021-03-12,1.792,0.0045000000000000005
2021-03-15,1.713,-0.0441
2021-03-16,1.734,0.0123
2021-03-17,1.759,0.0144
2021-03-18,1.799,0.0227
2021-03-19,1.75,-0.027200000000000002
2021-03-22,1.753,0.0017000000000000001
2021-03-23,1.752,-0.0006
2021-03-24,1.752,0.0
2021-03-25,1.754,0.0011
2021-03-26,1.814,0.0342
2021-03-29,1.827,0.0072
2021-03-30,1.865,0.0208
2021-03-31,1.835,-0.0161
2021-04-01,1.88,0.0245
2021-04-02,1.929,0.026099999999999998
2021-04-06,1.898,-0.0161
2021-04-07,1.859,-0.020499999999999997
2021-04-08,1.889,0.0161
2021-04-09,1.842,-0.024900000000000002
2021-04-12,1.808,-0.018500000000000003
2021-04-13,1.813,0.0028000000000000004
2021-04-14,1.835,0.0121
2021-04-15,1.816,-0.0104
2021-04-16,1.832,0.0088
2021-04-19,1.87,0.0207
2021-04-20,1.888,0.0096
2021-04-21,1.906,0.0095
2021-04-22,1.896,-0.0052
2021-04-23,1.947,0.0269
2021-04-26,1.923,-0.0123
2021-04-27,1.957,0.0177
2021-04-28,1.981,0.0123
2021-04-29,1.989,0.004
2021-04-30,1.973,-0.008
2021-05-06,1.903,-0.0355
2021-05-07,1.857,-0.0242
2021-05-10,1.848,-0.0048
2021-05-11,1.889,0.0222
2021-05-12,1.915,0.0138
2021-05-13,1.909,-0.0031
2021-05-14,1.945,0.0189
2021-05-17,2.009,0.0329
2021-05-18,2.005,-0.002
2021-05-19,2.0,-0.0025
2021-05-20,2.014,0.006999999999999999
2021-05-21,2.003,-0.0055000000000000005
2021-05-24,2.024,0.0105
2021-05-25,2.102,0.0385
2021-05-26,2.085,-0.008100000000000001
2021-05-27,2.091,0.0029
2021-05-28,2.068,-0.011000000000000001
2021-05-31,2.064,-0.0019
2021-06-01,2.085,0.0102
2021-06-02,2.062,-0.011000000000000001
2021-06-03,2.055,-0.0034000000000000002
2021-06-04,2.067,0.0058
2021-06-07,2.061,-0.0029
2021-06-08,2.005,-0.027200000000000002
2021-06-09,2.01,0.0025
2021-06-10,2.038,0.0139
2021-06-11,2.011,-0.0132
2021-06-15,1.991,-0.009899999999999999
2021-06-16,1.943,-0.0241
2021-06-17,1.95,0.0036
2021-06-18,1.944,-0.0031
2021-06-21,1.94,-0.0021
2021-06-22,1.968,0.0144
2021-06-23,1.952,-0.008100000000000001
2021-06-24,1.954,0.001
2021-06-25,1.985,0.0159
2021-06-28,2.003,0.0091
2021-06-29,1.985,-0.009000000000000001
2021-06-30,2.004,0.0096
2021-07-01,2.033,0.014499999999999999
2021-07-02,1.947,-0.042300000000000004
2021-07-05,1.932,-0.0077
2021-07-06,1.9,-0.0166
2021-07-07,1.935,0.0184
2021-07-08,1.896,-0.0202
2021-07-09,1.871,-0.0132
2021-07-12,1.924,0.028300000000000002
2021-07-13,1.937,0.0068000000000000005
2021-07-14,1.934,-0.0015
2021-07-15,1.957,0.011899999999999999
2021-07-16,1.914,-0.022000000000000002
2021-07-19,1.947,0.0172
2021-07-20,1.948,0.0005
2021-07-21,1.948,0.0
2021-07-22,1.919,-0.0149
2021-07-23,1.877,-0.0219
2021-07-26,1.78,-0.051699999999999996
2021-07-27,1.713,-0.037599999999999995
2021-07-28,1.741,0.0163
2021-07-29,1.752,0.0063
2021-07-30,1.678,-0.042199999999999994
2021-08-02,1.72,0.025
2021-08-03,1.766,0.026699999999999998
2021-08-04,1.738,-0.0159
2021-08-05,1.727,-0.0063
2021-08-06,1.701,-0.0151
2021-08-09,1.726,0.0147
2021-08-10,1.789,0.0365
2021-08-11,1.752,-0.0207
2021-08-12,1.715,-0.021099999999999997
2021-08-13,1.717,0.0012
2021-08-16,1.725,0.004699999999999999
2021-08-17,1.654,-0.0412
2021-08-18,1.641,-0.0079
2021-08-19,1.626,-0.0091
2021-08-20,1.542,-0.051699999999999996
2021-08-23,1.569,0.0175
2021-08-24,1.603,0.0217
2021-08-25,1.632,0.0181
2021-08-26,1.59,-0.025699999999999997
2021-08-27,1.581,-0.005699999999999999
2021-08-30,1.586,0.0032
2021-08-31,1.561,-0.0158
2021-09-01,1.601,0.0256
2021-09-02,1.568,-0.0206
2021-09-03,1.589,0.0134
2021-09-06,1.638,0.0308
2021-09-07,1.638,0.0
2021-09-08,1.612,-0.0159
2021-09-09,1.607,-0.0031
2021-09-10,1.628,0.0131
2021-09-13,1.613,-0.0092
2021-09-14,1.611,-0.0012
2021-09-15,1.575,-0.0223
2021-09-16,1.588,0.0083
2021-09-17,1.642,0.034
2021-09-22,1.616,-0.0158
2021-09-23,1.605,-0.0068000000000000005
2021-09-24,1.649,0.0274
2021-09-27,1.729,0.048499999999999995
2021-09-28,1.724,-0.0029
2021-09-29,1.72,-0.0023
2021-09-30,1.749,0.0169
2021-10-08,1.774,0.0143
2021-10-11,1.751,-0.013000000000000001
2021-10-12,1.76,0.0051
2021-10-13,1.811,0.028999999999999998
2021-10-14,1.789,-0.0121
2021-10-15,1.773,-0.0089
2021-10-18,1.714,-0.0333
2021-10-19,1.741,0.0158
2021-10-20,1.722,-0.0109
2021-10-21,1.722,0.0
2021-10-22,1.743,0.012199999999999999
2021-10-25,1.734,-0.0052
2021-10-26,1.731,-0.0017000000000000001
2021-10-27,1.692,-0.0225
2021-10-28,1.7,0.004699999999999999
2021-10-29,1.723,0.013500000000000002
2021-11-01,1.68,-0.025
2021-11-02,1.664,-0.0095
2021-11-03,1.661,-0.0018
2021-11-04,1.698,0.0223
2021-11-05,1.701,0.0018
2021-11-08,1.682,-0.011200000000000002
2021-11-09,1.674,-0.0048
2021-11-10,1.657,-0.0102
2021-11-11,1.667,0.006
2021-11-12,1.652,-0.009000000000000001
2021-11-15,1.66,0.0048
2021-11-16,1.704,0.0265
2021-11-17,1.696,-0.004699999999999999
2021-11-18,1.675,-0.0124
2021-11-19,1.688,0.0078000000000000005
2021-11-22,1.682,-0.0036
2021-11-23,1.674,-0.0048
2021-11-24,1.698,0.0143
2021-11-25,1.691,-0.0040999999999999995
2021-11-26,1.687,-0.0024
2021-11-29,1.688,0.0006
2021-11-30,1.667,-0.0124
2021-12-01,1.672,0.003
2021-12-02,1.661,-0.0066
2021-12-03,1.701,0.0241
2021-12-06,1.697,-0.0024
2021-12-07,1.707,0.0059
2021-12-08,1.745,0.0223
2021-12-09,1.787,0.0241
2021-12-10,1.78,-0.0039000000000000003
2021-12-13,1.778,-0.0011
2021-12-14,1.79,0.0067
2021-12-15,1.751,-0.0218
2021-12-16,1.749,-0.0011
2021-12-17,1.712,-0.0212
2021-12-20,1.696,-0.009300000000000001
2021-12-21,1.704,0.004699999999999999
2021-12-22,1.705,0.0006
2021-12-23,1.722,0.01
2021-12-24,1.74,0.0105
2021-12-27,1.739,-0.0006
2021-12-28,1.758,0.0109
2021-12-29,1.71,-0.0273
2021-12-30,1.725,0.0088
2021-12-31,1.722,-0.0017000000000000001
2022-01-04,1.69,-0.018600000000000002
2022-01-05,1.682,-0.004699999999999999
2022-01-06,1.652,-0.0178
2022-01-07,1.636,-0.0097
2022-01-10,1.636,0.0
2022-01-11,1.616,-0.012199999999999999
2022-01-12,1.635,0.0118
2022-01-13,1.593,-0.025699999999999997
2022-01-14,1.586,-0.0044
2022-01-17,1.587,0.0006
2022-01-18,1.605,0.0113
2022-01-19,1.585,-0.0125
2022-01-20,1.611,0.016399999999999998
2022-01-21,1.611,0.0
2022-01-24,1.608,-0.0019
2022-01-25,1.583,-0.0155
2022-01-26,1.585,0.0013
2022-01-27,1.563,-0.0139
2022-01-28,1.547,-0.0102
2022-02-07,1.546,-0.0006
2022-02-08,1.513,-0.0213
2022-02-09,1.537,0.0159
2022-02-10,1.527,-0.006500000000000001
2022-02-11,1.519,-0.0052
2022-02-14,1.53,0.0072
2022-02-15,1.559,0.019
2022-02-16,1.566,0.0045000000000000005
2022-02-17,1.563,-0.0019
2022-02-18,1.569,0.0038
2022-02-21,1.561,-0.0051
2022-02-22,1.534,-0.0173
2022-02-23,1.548,0.0091
2022-02-24,1.51,-0.0245
2022-02-25,1.535,0.0166
2022-02-28,1.533,-0.0013
2022-03-01,1.552,0.0124
2022-03-02,1.532,-0.0129
2022-03-03,1.504,-0.0183
2022-03-04,1.494,-0.0066
2022-03-07,1.431,-0.042199999999999994
2022-03-08,1.423,-0.005600000000000001
2022-03-09,1.415,-0.005600000000000001
2022-03-10,1.451,0.0254
2022-03-11,1.448,-0.0021
2022-03-14,1.396,-0.0359
2022-03-15,1.335,-0.0437
2022-03-16,1.384,0.036699999999999997
2022-03-17,1.427,0.0311
2022-03-18,1.421,-0.0042
2022-03-21,1.412,-0.0063
2022-03-22,1.399,-0.0092
2022-03-23,1.421,0.015700000000000002
2022-03-24,1.414,-0.0049
2022-03-25,1.376,-0.0269
2022-03-28,1.35,-0.0189
2022-03-29,1.338,-0.0089
2022-03-30,1.389,0.0381
2022-03-31,1.377,-0.0086
2022-04-01,1.395,0.0131
2022-04-06,1.373,-0.0158
2022-04-07,1.37,-0.0022
2022-04-08,1.368,-0.0015
2022-04-11,1.333,-0.0256
2022-04-12,1.393,0.045
2022-04-13,1.387,-0.0043
2022-04-14,1.443,0.0404
2022-04-15,1.445,0.0014000000000000002
2022-04-18,1.436,-0.0062
2022-04-19,1.422,-0.0097
2022-04-20,1.42,-0.0014000000000000002
2022-04-21,1.39,-0.021099999999999997
2022-04-22,1.404,0.0101
2022-04-25,1.361,-0.030600000000000002
2022-04-26,1.398,0.027200000000000002
2022-04-27,1.431,0.0236
2022-04-28,1.44,0.0063
2022-04-29,1.438,-0.0014000000000000002
2022-05-05,1.432,-0.0042
2022-05-06,1.385,-0.032799999999999996
2022-05-09,1.357,-0.0202
2022-05-10,1.374,0.0125
2022-05-11,1.402,0.0204
2022-05-12,1.405,0.0021
2022-05-13,1.403,-0.0014000000000000002
2022-05-16,1.387,-0.011399999999999999
2022-05-17,1.396,0.006500000000000001
2022-05-18,1.384,-0.0086
2022-05-19,1.377,-0.0051
2022-05-20,1.418,0.0298
2022-05-23,1.391,-0.019
2022-05-24,1.364,-0.0194
2022-05-25,1.362,-0.0015
2022-05-26,1.354,-0.0059
2022-05-27,1.368,0.0103
2022-05-30,1.399,0.0227
2022-05-31,1.435,0.025699999999999997
2022-06-01,1.427,-0.005600000000000001
2022-06-02,1.412,-0.0105
2022-06-06,1.439,0.0191
2022-06-07,1.46,0.0146
2022-06-08,1.488,0.0192
2022-06-09,1.459,-0.0195
2022-06-10,1.47,0.0075
2022-06-13,1.431,-0.0265
2022-06-14,1.442,0.0077
2022-06-15,1.459,0.0118
2022-06-16,1.459,0.0
2022-06-17,1.486,0.018500000000000003
2022-06-20,1.513,0.0182
2022-06-21,1.511,-0.0013
2022-06-22,1.49,-0.0139
2022-06-23,1.502,0.008100000000000001
2022-06-24,1.533,0.0206
2022-06-27,1.567,0.0222
2022-06-28,1.577,0.0064
2022-06-29,1.563,-0.0089
2022-06-30,1.615,0.0333
2022-07-01,1.592,-0.014199999999999999
2022-07-04,1.61,0.0113
2022-07-05,1.607,-0.0019
2022-07-06,1.571,-0.022400000000000003
2022-07-07,1.561,-0.0064
2022-07-08,1.567,0.0038
2022-07-11,1.544,-0.0147
2022-07-12,1.53,-0.0091
2022-07-13,1.537,0.0046
2022-07-14,1.54,0.002
2022-07-15,1.531,-0.0058
2022-07-18,1.524,-0.0046
2022-07-19,1.522,-0.0013
2022-07-20,1.535,0.0085
2022-07-21,1.525,-0.006500000000000001
2022-07-22,1.526,0.0007000000000000001
2022-07-25,1.532,0.0039000000000000003
2022-07-26,1.54,0.0052
2022-07-27,1.514,-0.0169
2022-07-28,1.508,-0.004
2022-07-29,1.474,-0.0225
2022-08-01,1.484,0.0068000000000000005
2022-08-02,1.468,-0.0108
2022-08-03,1.46,-0.0054
2022-08-04,1.479,0.013000000000000001
2022-08-05,1.488,0.0060999999999999995
2022-08-08,1.476,-0.008100000000000001
2022-08-09,1.476,0.0
2022-08-10,1.455,-0.014199999999999999
2022-08-11,1.48,0.0172
2022-08-12,1.486,0.0040999999999999995
2022-08-15,1.468,-0.0121
2022-08-16,1.455,-0.0089
2022-08-17,1.466,0.0076
2022-08-18,1.446,-0.013600000000000001
2022-08-19,1.444,-0.0014000000000000002
2022-08-22,1.453,0.0062
2022-08-23,1.434,-0.0131
2022-08-24,1.423,-0.0077
2022-08-25,1.442,0.0134
2022-08-26,1.452,0.0069
2022-08-29,1.443,-0.0062
2022-08-30,1.438,-0.0034999999999999996
2022-08-31,1.468,0.0209
2022-09-01,1.448,-0.013600000000000001
2022-09-02,1.429,-0.0131
2022-09-05,1.406,-0.0161
2022-09-06,1.412,0.0043
2022-09-07,1.401,-0.0078000000000000005
2022-09-08,1.404,0.0021
2022-09-09,1.43,0.018500000000000003
2022-09-13,1.44,0.006999999999999999
2022-09-14,1.431,-0.0062
2022-09-15,1.438,0.0049
2022-09-16,1.413,-0.0174
2022-09-19,1.416,0.0021
2022-09-20,1.425,0.0064
2022-09-21,1.394,-0.0218
2022-09-22,1.377,-0.012199999999999999
2022-09-23,1.374,-0.0022
2022-09-26,1.4,0.0189
2022-09-27,1.448,0.034300000000000004
2022-09-28,1.448,0.0
2022-09-29,1.45,0.0014000000000000002
2022-09-30,1.444,-0.0040999999999999995
2022-10-10,1.387,-0.0395
2022-10-11,1.387,0.0
2022-10-12,1.378,-0.006500000000000001
2022-10-13,1.372,-0.0044
2022-10-14,1.42,0.035
2022-10-17,1.403,-0.012
2022-10-18,1.403,0.0
2022-10-19,1.364,-0.0278
2022-10-20,1.366,0.0015
2022-10-21,1.349,-0.0124
2022-10-24,1.291,-0.043
2022-10-25,1.284,-0.0054
2022-10-26,1.298,0.0109
2022-10-27,1.262,-0.0277
2022-10-28,1.245,-0.013500000000000002
2022-10-31,1.227,-0.014499999999999999
2022-11-01,1.291,0.052199999999999996
2022-11-02,1.311,0.0155
2022-11-03,1.296,-0.011399999999999999
2022-11-04,1.345,0.0378
2022-11-07,1.347,0.0015
2022-11-08,1.327,-0.0148
2022-11-09,1.308,-0.0143
2022-11-10,1.311,0.0023
2022-11-11,1.35,0.0297
2022-11-14,1.352,0.0015
2022-11-15,1.374,0.0163
2022-11-16,1.381,0.0051
2022-11-17,1.367,-0.0101
2022-11-18,1.377,0.0073
2022-11-21,1.349,-0.0203
2022-11-22,1.342,-0.0052
2022-11-23,1.335,-0.0052
2022-11-24,1.327,-0.006
2022-11-25,1.328,0.0008
2022-11-28,1.32,-0.006
2022-11-29,1.365,0.0341
2022-11-30,1.362,-0.0022
2022-12-01,1.405,0.0316
2022-12-02,1.395,-0.0070999999999999995
2022-12-05,1.419,0.0172
2022-12-06,1.448,0.0204
2022-12-07,1.449,0.0007000000000000001
2022-12-08,1.45,0.0007000000000000001
2022-12-09,1.474,0.0166
2022-12-12,1.466,-0.0054
2022-12-13,1.468,0.0014000000000000002
2022-12-14,1.492,0.0163
2022-12-15,1.485,-0.004699999999999999
2022-12-16,1.492,0.004699999999999999
2022-12-19,1.475,-0.011399999999999999
2022-12-20,1.435,-0.0271
2022-12-21,1.447,0.0084
2022-12-22,1.472,0.0173
2022-12-23,1.486,0.0095
2022-12-26,1.472,-0.009399999999999999
2022-12-27,1.486,0.0095
2022-12-28,1.487,0.0007000000000000001
2022-12-29,1.48,-0.004699999999999999
2022-12-30,1.488,0.0054
2022-12-31,1.488,0.0
2023-01-03,1.471,-0.011399999999999999
2023-01-04,1.478,0.0048
2023-01-05,1.535,0.038599999999999995
2023-01-06,1.531,-0.0026
2023-01-09,1.548,0.0111
2023-01-10,1.562,0.009000000000000001
2023-01-11,1.552,-0.0064
2023-01-12,1.546,-0.0039000000000000003
2023-01-13,1.584,0.0246
2023-01-16,1.622,0.024
2023-01-17,1.609,-0.008
2023-01-18,1.598,-0.0068000000000000005
2023-01-19,1.606,0.005
2023-01-20,1.601,-0.0031
2023-01-30,1.597,-0.0025
2023-01-31,1.557,-0.025
2023-02-01,1.567,0.0064
2023-02-02,1.567,0.0
2023-02-03,1.552,-0.0096
2023-02-06,1.523,-0.0187
2023-02-07,1.524,0.0007000000000000001
2023-02-08,1.516,-0.0052
2023-02-09,1.542,0.0172
2023-02-10,1.536,-0.0039000000000000003
2023-02-13,1.568,0.0208
2023-02-14,1.56,-0.0051
2023-02-15,1.55,-0.0064
2023-02-16,1.553,0.0019
2023-02-17,1.538,-0.0097
2023-02-20,1.569,0.0202
2023-02-21,1.555,-0.0089
2023-02-22,1.541,-0.009000000000000001
2023-02-23,1.531,-0.006500000000000001
2023-02-24,1.517,-0.0091
2023-02-27,1.52,0.002
2023-02-28,1.525,0.0033
2023-03-01,1.54,0.0098
2023-03-02,1.53,-0.006500000000000001
2023-03-03,1.527,-0.002
2023-03-06,1.518,-0.0059
2023-03-07,1.492,-0.0171
2023-03-08,1.48,-0.008
2023-03-09,1.475,-0.0034000000000000002
2023-03-10,1.465,-0.0068000000000000005
2023-03-13,1.488,0.015700000000000002
2023-03-14,1.479,-0.006
2023-03-15,1.462,-0.0115
2023-03-16,1.463,0.0007000000000000001
2023-03-17,1.448,-0.0103
2023-03-20,1.436,-0.0083
2023-03-21,1.473,0.0258
2023-03-22,1.47,-0.002
2023-03-23,1.479,0.0060999999999999995
2023-03-24,1.48,0.0007000000000000001
2023-03-27,1.468,-0.008100000000000001
2023-03-28,1.478,0.0068000000000000005
2023-03-29,1.482,0.0027
2023-03-30,1.5,0.0121
2023-03-31,1.499,-0.0007000000000000001
2023-04-03,1.488,-0.0073
2023-04-04,1.495,0.004699999999999999
2023-04-06,1.472,-0.0154
2023-04-07,1.482,0.0068000000000000005
2023-04-10,1.471,-0.0074
2023-04-11,1.458,-0.0088
2023-04-12,1.434,-0.0165
2023-04-13,1.443,0.0063
2023-04-14,1.432,-0.0076
2023-04-17,1.445,0.0091
2023-04-18,1.448,0.0021
2023-04-19,1.436,-0.0083
2023-04-20,1.41,-0.0181
2023-04-21,1.393,-0.0121
2023-04-24,1.37,-0.0165
2023-04-25,1.368,-0.0015
2023-04-26,1.368,0.0
2023-04-27,1.381,0.0095
2023-04-28,1.388,0.0051
2023-05-04,1.378,-0.0072
2023-05-05,1.38,0.0015
2023-05-08,1.361,-0.0138
2023-05-09,1.36,-0.0007000000000000001
2023-05-10,1.353,-0.0051
2023-05-11,1.35,-0.0022
2023-05-12,1.336,-0.0104
2023-05-15,1.352,0.012
2023-05-16,1.34,-0.0089
2023-05-17,1.326,-0.0104
2023-05-18,1.32,-0.0045000000000000005
2023-05-19,1.333,0.0098
2023-05-22,1.359,0.0195
2023-05-23,1.342,-0.0125
2023-05-24,1.326,-0.011899999999999999
2023-05-25,1.316,-0.0075
2023-05-26,1.312,-0.003
2023-05-29,1.298,-0.010700000000000001
2023-05-30,1.285,-0.01
2023-05-31,1.26,-0.0195
2023-06-01,1.27,0.0079
2023-06-02,1.291,0.0165
2023-06-05,1.274,-0.0132
2023-06-06,1.265,-0.0070999999999999995
2023-06-07,1.251,-0.0111
2023-06-08,1.262,0.0088
2023-06-09,1.262,0.0
2023-06-12,1.286,0.019
2023-06-13,1.296,0.0078000000000000005
2023-06-14,1.313,0.0131
2023-06-15,1.34,0.0206
2023-06-16,1.353,0.0097
2023-06-19,1.33,-0.017
2023-06-20,1.319,-0.0083
2023-06-21,1.297,-0.0167
2023-06-26,1.274,-0.0177
2023-06-27,1.279,0.0039000000000000003
2023-06-28,1.279,0.0
2023-06-29,1.259,-0.015600000000000001
2023-06-30,1.255,-0.0032
2023-07-03,1.284,0.0231
2023-07-04,1.292,0.0062
2023-07-05,1.274,-0.0139
2023-07-06,1.262,-0.009399999999999999
2023-07-07,1.253,-0.0070999999999999995
2023-07-10,1.266,0.0104
2023-07-11,1.267,0.0008
2023-07-12,1.271,0.0032
2023-07-13,1.305,0.0268
2023-07-14,1.304,-0.0008
2023-07-17,1.289,-0.0115
2023-07-18,1.287,-0.0016
2023-07-19,1.288,0.0008
2023-07-20,1.288,0.0
2023-07-21,1.302,0.0109
2023-07-24,1.287,-0.0115
2023-07-25,1.334,0.0365
2023-07-26,1.336,0.0015
2023-07-27,1.349,0.0097
2023-07-28,1.376,0.02
2023-07-31,1.369,-0.0051
2023-08-01,1.364,-0.0037
2023-08-02,1.355,-0.0066
2023-08-03,1.364,0.0066
2023-08-04,1.363,-0.0007000000000000001
2023-08-07,1.344,-0.0139
2023-08-08,1.342,-0.0015
2023-08-09,1.348,0.0045000000000000005
2023-08-10,1.346,-0.0015
2023-08-11,1.322,-0.0178
2023-08-14,1.311,-0.0083
2023-08-15,1.305,-0.0046
2023-08-16,1.306,0.0008
2023-08-17,1.323,0.013000000000000001
2023-08-18,1.298,-0.0189
2023-08-21,1.295,-0.0023
2023-08-22,1.291,-0.0031
2023-08-23,1.273,-0.0139
2023-08-24,1.302,0.022799999999999997
2023-08-25,1.293,-0.0069
2023-08-28,1.296,0.0023
2023-08-29,1.313,0.0131
2023-08-30,1.312,-0.0008
2023-08-31,1.311,-0.0008
2023-09-01,1.323,0.0092
2023-09-04,1.347,0.0181
2023-09-05,1.338,-0.0067
2023-09-06,1.327,-0.008199999999999999
2023-09-07,1.309,-0.013600000000000001
2023-09-08,1.303,-0.0046
2023-09-11,1.315,0.0092
2023-09-12,1.312,-0.0023
2023-09-13,1.309,-0.0023
2023-09-14,1.305,-0.0031
2023-09-15,1.299,-0.0046
2023-09-18,1.315,0.0123
2023-09-19,1.306,-0.0068000000000000005
2023-09-20,1.301,-0.0038
2023-09-21,1.279,-0.0169
2023-09-22,1.302,0.018000000000000002
2023-09-25,1.298,-0.0031
2023-09-26,1.288,-0.0077
2023-09-27,1.295,0.0054
2023-09-28,1.282,-0.01
2023-10-09,1.276,-0.004699999999999999
2023-10-10,1.266,-0.0078000000000000005
2023-10-11,1.274,0.0063
2023-10-12,1.278,0.0031
2023-10-13,1.261,-0.013300000000000001
2023-10-16,1.242,-0.0151
2023-10-17,1.246,0.0032
2023-10-18,1.239,-0.005600000000000001
2023-10-19,1.208,-0.025
2023-10-20,1.202,-0.005
2023-10-23,1.201,-0.0008
2023-10-24,1.207,0.005
2023-10-25,1.224,0.0141
2023-10-26,1.23,0.0049
2023-10-27,1.257,0.022000000000000002
2023-10-30,1.28,0.0183
2023-10-31,1.28,0.0
2023-11-01,1.294,0.0109
2023-11-02,1.283,-0.0085
2023-11-03,1.294,0.0086
2023-11-06,1.302,0.0062
2023-11-07,1.293,-0.0069
2023-11-08,1.294,0.0008
2023-11-09,1.289,-0.0039000000000000003
2023-11-10,1.279,-0.0078000000000000005
2023-11-13,1.267,-0.009399999999999999
2023-11-14,1.268,0.0008
2023-11-15,1.279,0.0087
2023-11-16,1.267,-0.009399999999999999
2023-11-17,1.261,-0.004699999999999999
2023-11-20,1.269,0.0063
2023-11-21,1.28,0.0087
2023-11-22,1.268,-0.009399999999999999
2023-11-23,1.268,0.0
2023-11-24,1.264,-0.0032
2023-11-27,1.248,-0.0127
2023-11-28,1.249,0.0008
2023-11-29,1.245,-0.0032
2023-11-30,1.252,0.005600000000000001
2023-12-01,1.239,-0.0104
2023-12-04,1.22,-0.015300000000000001
2023-12-05,1.194,-0.0213
2023-12-06,1.194,0.0
2023-12-07,1.188,-0.005
2023-12-08,1.196,0.0067
2023-12-11,1.192,-0.0033
2023-12-12,1.195,0.0025
2023-12-13,1.164,-0.0259
2023-12-14,1.151,-0.011200000000000002
2023-12-15,1.151,0.0
2023-12-18,1.15,-0.0009
2023-12-19,1.149,-0.0009
2023-12-20,1.139,-0.0087
2023-12-21,1.152,0.011399999999999999
2023-12-22,1.152,0.0
2023-12-25,1.16,0.0069
2023-12-26,1.153,-0.006
2023-12-27,1.155,0.0017000000000000001
2023-12-28,1.194,0.0338
2023-12-29,1.194,0.0
2023-12-31,1.193,-0.0008
2024-01-02,1.165,-0.0235
2024-01-03,1.153,-0.0103
2024-01-04,1.134,-0.0165
2024-01-05,1.127,-0.0062
2024-01-08,1.113,-0.0124
2024-01-09,1.115,0.0018
2024-01-10,1.117,0.0018
2024-01-11,1.126,0.008100000000000001
2024-01-12,1.123,-0.0027
2024-01-15,1.118,-0.0045000000000000005
2024-01-16,1.122,0.0036
2024-01-17,1.094,-0.025
2024-01-18,1.117,0.021
2024-01-19,1.124,0.0063
2024-01-22,1.106,-0.016
2024-01-23,1.104,-0.0018
2024-01-24,1.11,0.0054
2024-01-25,1.124,0.0126
2024-01-26,1.113,-0.0098
2024-01-29,1.102,-0.009899999999999999
2024-01-30,1.074,-0.0254
2024-01-31,1.063,-0.0102
2024-02-01,1.072,0.0085
2024-02-02,1.057,-0.013999999999999999
2024-02-05,1.075,0.017
2024-02-06,1.119,0.0409
2024-02-07,1.141,0.0197
2024-02-08,1.134,-0.0060999999999999995
2024-02-19,1.137,0.0026
2024-02-20,1.134,-0.0026
2024-02-21,1.165,0.0273
2024-02-22,1.168,0.0026
2024-02-23,1.167,-0.0009
2024-02-26,1.159,-0.0069
2024-02-27,1.161,0.0017000000000000001
2024-02-28,1.151,-0.0086
2024-02-29,1.169,0.015600000000000001
2024-03-01,1.173,0.0034000000000000002
2024-03-04,1.171,-0.0017000000000000001
2024-03-05,1.182,0.009399999999999999
2024-03-06,1.17,-0.0102
2024-03-07,1.16,-0.0085
2024-03-08,1.154,-0.0052
2024-03-11,1.183,0.025099999999999997
2024-03-12,1.218,0.0296
2024-03-13,1.21,-0.0066
2024-03-14,1.206,-0.0033
2024-03-15,1.206,0.0
2024-03-18,1.209,0.0025
2024-03-19,1.212,0.0025
2024-03-20,1.208,-0.0033
2024-03-21,1.208,0.0
2024-03-22,1.191,-0.0141
2024-03-25,1.186,-0.0042
2024-03-26,1.199,0.011000000000000001
2024-03-27,1.186,-0.0108
2024-03-28,1.187,0.0008
2024-03-29,1.187,0.0
2024-04-01,1.215,0.0236
2024-04-02,1.207,-0.0066
2024-04-03,1.205,-0.0017000000000000001
2024-04-08,1.169,-0.029900000000000003
2024-04-09,1.171,0.0017000000000000001
2024-04-10,1.156,-0.0128
2024-04-11,1.153,-0.0026
2024-04-12,1.137,-0.0139
2024-04-15,1.169,0.0281
2024-04-16,1.155,-0.012
2024-04-17,1.161,0.0052
2024-04-18,1.167,0.0052
2024-04-19,1.154,-0.0111
2024-04-22,1.168,0.0121
2024-04-23,1.179,0.009399999999999999
2024-04-24,1.179,0.0
2024-04-25,1.176,-0.0025
2024-04-26,1.195,0.016200000000000003
2024-04-29,1.212,0.014199999999999999
2024-04-30,1.213,0.0008
2024-05-06,1.243,0.024700000000000003
2024-05-07,1.246,0.0024
2024-05-08,1.231,-0.012
2024-05-09,1.235,0.0032
2024-05-10,1.233,-0.0016
2024-05-13,1.224,-0.0073
2024-05-14,1.223,-0.0008
2024-05-15,1.218,-0.0040999999999999995
2024-05-16,1.224,0.0049
2024-05-17,1.234,0.008199999999999999
2024-05-20,1.236,0.0016
2024-05-21,1.23,-0.0049
2024-05-22,1.222,-0.006500000000000001
2024-05-23,1.212,-0.008199999999999999
2024-05-24,1.195,-0.013999999999999999
2024-05-27,1.198,0.0025
2024-05-28,1.189,-0.0075
2024-05-29,1.186,-0.0025
2024-05-30,1.174,-0.0101
2024-05-31,1.168,-0.0051
2024-06-03,1.171,0.0026
2024-06-04,1.182,0.009399999999999999
2024-06-05,1.175,-0.0059
2024-06-06,1.168,-0.006
2024-06-07,1.154,-0.012
2024-06-11,1.137,-0.0147
2024-06-12,1.134,-0.0026
2024-06-13,1.123,-0.0097
2024-06-14,1.13,0.0062
2024-06-17,1.125,-0.0044
2024-06-18,1.113,-0.010700000000000001
2024-06-19,1.107,-0.0054
2024-06-20,1.096,-0.009899999999999999
2024-06-21,1.084,-0.0109
2024-06-24,1.088,0.0037
2024-06-25,1.084,-0.0037
2024-06-26,1.088,0.0037
2024-06-27,1.078,-0.0092
2024-06-28,1.065,-0.0121
2024-06-30,1.065,0.0
2024-07-01,1.056,-0.0085
2024-07-02,1.059,0.0028000000000000004
2024-07-03,1.06,0.0009
2024-07-04,1.052,-0.0075
2024-07-05,1.048,-0.0038
2024-07-08,1.027,-0.02
2024-07-09,1.027,0.0
2024-07-10,1.026,-0.001
2024-07-11,1.048,0.021400000000000002
2024-07-12,1.053,0.0048
2024-07-15,1.049,-0.0038
2024-07-16,1.046,-0.0029
2024-07-17,1.068,0.021
2024-07-18,1.072,0.0037
2024-07-19,1.083,0.0103
2024-07-22,1.066,-0.015700000000000002
2024-07-23,1.03,-0.0338
2024-07-24,1.013,-0.0165
2024-07-25,1.012,-0.001
2024-07-26,1.016,0.004
2024-07-29,0.996,-0.0197
2024-07-30,0.988,-0.008
2024-07-31,1.022,0.0344
2024-08-01,0.999,-0.0225
2024-08-02,0.997,-0.002
2024-08-05,1.003,0.006
2024-08-06,1.005,0.002
2024-08-07,1.009,0.004
2024-08-08,1.019,0.009899999999999999
2024-08-09,1.009,-0.0098
2024-08-12,1.008,-0.001
2024-08-13,0.999,-0.0089
2024-08-14,0.985,-0.013999999999999999
2024-08-15,0.989,0.0040999999999999995
2024-08-16,0.988,-0.001
2024-08-19,0.982,-0.0060999999999999995
2024-08-20,0.974,-0.008100000000000001
2024-08-21,0.969,-0.0051
2024-08-22,0.959,-0.0103
2024-08-23,0.962,0.0031
2024-08-26,0.952,-0.0104
2024-08-27,0.947,-0.0053
2024-08-28,0.929,-0.019
2024-08-29,0.94,0.0118
2024-08-30,0.971,0.033
2024-09-02,0.942,-0.029900000000000003
2024-09-03,0.952,0.0106
2024-09-04,0.947,-0.0053
2024-09-05,0.949,0.0021
2024-09-06,0.934,-0.0158
2024-09-09,0.922,-0.0128
2024-09-10,0.918,-0.0043
2024-09-11,0.918,0.0
2024-09-12,0.901,-0.018500000000000003
2024-09-13,0.889,-0.013300000000000001
2024-09-18,0.881,-0.009000000000000001
2024-09-19,0.894,0.0148
2024-09-20,0.893,-0.0011
2024-09-23,0.897,0.0045000000000000005
2024-09-24,0.941,0.049100000000000005
2024-09-25,0.953,0.0128
2024-09-26,1.022,0.0724
2024-09-27,1.103,0.0793
2024-09-30,1.201,0.0888
2024-10-08,1.264,0.0525
2024-10-09,1.156,-0.08539999999999999
2024-10-10,1.167,0.0095
2024-10-11,1.126,-0.0351
2024-10-14,1.138,0.010700000000000001
2024-10-15,1.097,-0.036000000000000004
2024-10-16,1.077,-0.0182
2024-10-17,1.057,-0.018600000000000002
2024-10-18,1.093,0.0341
2024-10-21,1.098,0.0046
2024-10-22,1.114,0.0146
2024-10-23,1.125,0.009899999999999999
2024-10-24,1.108,-0.0151
2024-10-25,1.121,0.011699999999999999
2024-10-28,1.137,0.0143
2024-10-29,1.119,-0.0158
2024-10-30,1.1,-0.017
2024-10-31,1.098,-0.0018
2024-11-01,1.107,0.008199999999999999
2024-11-04,1.123,0.014499999999999999
2024-11-05,1.152,0.0258
2024-11-06,1.142,-0.0087
2024-11-07,1.204,0.054299999999999994
2024-11-08,1.185,-0.0158
2024-11-11,1.18,-0.0042
2024-11-12,1.178,-0.0017000000000000001
2024-11-13,1.178,0.0
2024-11-14,1.159,-0.0161
2024-11-15,1.141,-0.0155
2024-11-18,1.127,-0.0123
2024-11-19,1.127,0.0
2024-11-20,1.133,0.0053
2024-11-21,1.129,-0.0034999999999999996
2024-11-22,1.094,-0.031
2024-11-25,1.092,-0.0018
2024-11-26,1.104,0.011000000000000001
2024-11-27,1.118,0.0127
2024-11-28,1.101,-0.0152
2024-11-29,1.111,0.0091
2024-12-02,1.117,0.0054
2024-12-03,1.114,-0.0027
2024-12-04,1.106,-0.0072
2024-12-05,1.099,-0.0063
2024-12-06,1.114,0.013600000000000001
2024-12-09,1.114,0.0
2024-12-10,1.134,0.018000000000000002
2024-12-11,1.136,0.0018
2024-12-12,1.16,0.021099999999999997
2024-12-13,1.128,-0.0276
2024-12-16,1.11,-0.016
2024-12-17,1.112,0.0018
2024-12-18,1.112,0.0
2024-12-19,1.104,-0.0072
2024-12-20,1.099,-0.0045000000000000005
2024-12-23,1.096,-0.0027
2024-12-24,1.104,0.0073
2024-12-25,1.1,-0.0036
2024-12-26,1.096,-0.0036
2024-12-27,1.096,0.0
2024-12-30,1.092,-0.0036
2024-12-31,1.085,-0.0064
2025-01-02,1.06,-0.023
2025-01-03,1.048,-0.0113
2025-01-06,1.036,-0.0115
2025-01-07,1.034,-0.0019
2025-01-08,1.031,-0.0029
2025-01-09,1.031,0.0
2025-01-10,1.019,-0.0116
2025-01-13,1.023,0.0039000000000000003
2025-01-14,1.049,0.0254
2025-01-15,1.042,-0.0067
2025-01-16,1.037,-0.0048
2025-01-17,1.042,0.0048
2025-01-20,1.049,0.0067
2025-01-21,1.042,-0.0067
2025-01-22,1.027,-0.0144
2025-01-23,1.031,0.0039000000000000003
2025-01-24,1.033,0.0019
2025-01-27,1.03,-0.0029
2025-02-05,1.019,-0.010700000000000001
2025-02-06,1.025,0.0059
2025-02-07,1.039,0.0137
2025-02-10,1.042,0.0029
2025-02-11,1.034,-0.0077
2025-02-12,1.043,0.0087
2025-02-13,1.057,0.0134
2025-02-14,1.069,0.011399999999999999
2025-02-17,1.071,0.0019
2025-02-18,1.061,-0.009300000000000001
2025-02-19,1.064,0.0028000000000000004
2025-02-20,1.064,0.0
2025-02-21,1.071,0.0066
2025-02-24,1.072,0.0009
2025-02-25,1.054,-0.0168
2025-02-26,1.064,0.0095
2025-02-27,1.083,0.0179
2025-02-28,1.081,-0.0018
2025-03-03,1.076,-0.0046
2025-03-04,1.068,-0.0074
2025-03-05,1.065,-0.0028000000000000004
2025-03-06,1.084,0.0178
2025-03-07,1.092,0.0074
2025-03-10,1.091,-0.0009
2025-03-11,1.112,0.0192
2025-03-12,1.104,-0.0072
2025-03-13,1.101,-0.0027
2025-03-14,1.142,0.037200000000000004
2025-03-17,1.14,-0.0018
2025-03-18,1.14,0.0
2025-03-19,1.133,-0.0060999999999999995
2025-03-20,1.114,-0.0168
2025-03-21,1.098,-0.0144
2025-03-24,1.102,0.0036
2025-03-25,1.102,0.0
2025-03-26,1.101,-0.0009
2025-03-27,1.111,0.0091
2025-03-28,1.101,-0.009000000000000001
2025-03-31,1.091,-0.0091
2025-04-01,1.092,0.0009
2025-04-02,1.086,-0.0055000000000000005
2025-04-03,1.09,0.0037
2025-04-07,1.032,-0.053200000000000004
2025-04-08,1.059,0.0262
2025-04-09,1.078,0.0179
2025-04-10,1.09,0.0111
2025-04-11,1.081,-0.0083
2025-04-14,1.075,-0.005600000000000001
2025-04-15,1.074,-0.0009
2025-04-16,1.077,0.0028000000000000004
2025-04-17,1.085,0.0074
2025-04-18,1.078,-0.006500000000000001
2025-04-21,1.073,-0.0046
2025-04-22,1.079,0.005600000000000001
2025-04-23,1.072,-0.006500000000000001
2025-04-24,1.073,0.0009
2025-04-25,1.07,-0.0028000000000000004
2025-04-28,1.073,0.0028000000000000004
2025-04-29,1.064,-0.0084
2025-04-30,1.067,0.0028000000000000004
2025-05-06,1.072,0.004699999999999999
2025-05-07,1.072,0.0
2025-05-08,1.078,0.005600000000000001
2025-05-09,1.08,0.0019
2025-05-12,1.086,0.005600000000000001
2025-05-13,1.086,0.0
2025-05-14,1.105,0.0175
2025-05-15,1.095,-0.009000000000000001
2025-05-16,1.084,-0.01
2025-05-19,1.075,-0.0083
2025-05-20,1.081,0.005600000000000001
2025-05-21,1.083,0.0019
2025-05-22,1.08,-0.0028000000000000004
2025-05-23,1.076,-0.0037
2025-05-26,1.069,-0.006500000000000001
2025-05-27,1.07,0.0009
2025-05-28,1.071,0.0009
2025-05-29,1.073,0.0019
2025-05-30,1.065,-0.0075
2025-06-03,1.066,0.0009
2025-06-04,1.066,0.0
2025-06-05,1.071,0.004699999999999999
2025-06-06,1.067,-0.0037
2025-06-09,1.068,0.0009
2025-06-10,1.063,-0.004699999999999999
2025-06-11,1.066,0.0028000000000000004
2025-06-12,1.056,-0.009399999999999999
2025-06-13,1.04,-0.0152
2025-06-16,1.038,-0.0019
2025-06-17,1.033,-0.0048
2025-06-18,1.032,-0.001
2025-06-19,1.027,-0.0048
2025-06-20,1.036,0.0088
2025-06-23,1.027,-0.0087
2025-06-24,1.036,0.0088
2025-06-25,1.041,0.0048
2025-06-26,1.037,-0.0038
2025-06-27,1.031,-0.0058
2025-06-30,1.035,0.0039000000000000003
2025-07-01,1.036,0.001
2025-07-02,1.036,0.0
2025-07-03,1.038,0.0019
2025-07-04,1.041,0.0029
2025-07-07,1.033,-0.0077
2025-07-08,1.038,0.0048
2025-07-09,1.037,-0.001
2025-07-10,1.039,0.0019
2025-07-11,1.047,0.0077
2025-07-14,1.044,-0.0029
2025-07-15,1.038,-0.005699999999999999
2025-07-16,1.04,0.0019
2025-07-17,1.046,0.0058
2025-07-18,1.058,0.0115
2025-07-21,1.061,0.0028000000000000004
2025-07-22,1.08,0.0179
2025-07-23,1.08,0.0
2025-07-24,1.091,0.0102
2025-07-25,1.08,-0.0101
2025-07-28,1.076,-0.0037
2025-07-29,1.08,0.0037
2025-07-30,1.087,0.006500000000000001
2025-07-31,1.067,-0.0184
2025-08-01,1.066,-0.0009
2025-08-04,1.065,-0.0009
2025-08-05,1.076,0.0103
2025-08-06,1.076,0.0
2025-08-07,1.073,-0.0028000000000000004
2025-08-08,1.069,-0.0037
2025-08-11,1.081,0.011200000000000002
2025-08-12,1.083,0.0019
2025-08-13,1.089,0.0055000000000000005
2025-08-14,1.086,-0.0028000000000000004
2025-08-15,1.089,0.0028000000000000004
2025-08-18,1.094,0.0046
2025-08-19,1.095,0.0009
2025-08-20,1.106,0.01
2025-08-21,1.11,0.0036
2025-08-22,1.12,0.009000000000000001
2025-08-25,1.145,0.0223
2025-08-26,1.146,0.0009
2025-08-27,1.122,-0.0209
2025-08-28,1.119,-0.0027
2025-08-29,1.139,0.0179
2025-09-01,1.143,0.0034999999999999996
2025-09-02,1.142,-0.0009
2025-09-03,1.13,-0.0105
2025-09-04,1.119,-0.0097
2025-09-05,1.137,0.0161
2025-09-08,1.157,0.0176
2025-09-09,1.154,-0.0026
2025-09-10,1.153,-0.0009
2025-09-11,1.162,0.0078000000000000005
2025-09-12,1.153,-0.0077
2025-09-15,1.159,0.0052
2025-09-16,1.156,-0.0026
2025-09-17,1.152,-0.0034999999999999996
2025-09-18,1.138,-0.012199999999999999
2025-09-19,1.141,0.0026
2025-09-22,1.131,-0.0088
2025-09-23,1.121,-0.0088
2025-09-24,1.124,0.0027
2025-09-25,1.126,0.0018
2025-09-26,1.119,-0.0062
2025-09-29,1.132,0.0116
2025-09-30,1.139,0.0062
2025-10-09,1.139,0.0
2025-10-10,1.124,-0.0132
2025-10-13,1.107,-0.0151
2025-10-14,1.11,0.0027
2025-10-15,1.119,0.008100000000000001
2025-10-16,1.126,0.0063
2025-10-17,1.111,-0.013300000000000001
2025-10-20,1.103,-0.0072
2025-10-21,1.109,0.0054
2025-10-22,1.103,-0.0054
2025-10-23,1.111,0.0073
2025-10-24,1.105,-0.0054
2025-10-27,1.109,0.0036
2025-10-28,1.103,-0.0054
2025-10-29,1.106,0.0027
2025-10-30,1.102,-0.0036
2025-10-31,1.113,0.01
2025-11-03,1.11,-0.0027
2025-11-04,1.095,-0.013500000000000002
2025-11-05,1.097,0.0018
2025-11-06,1.101,0.0036
2025-11-07,1.1,-0.0009
2025-11-10,1.133,0.03
2025-11-11,1.135,0.0018
2025-11-12,1.134,-0.0009
2025-11-13,1.146,0.0106
2025-11-14,1.132,-0.012199999999999999
2025-11-17,1.127,-0.0044
2025-11-18,1.121,-0.0053
2025-11-19,1.118,-0.0027
2025-11-20,1.112,-0.0054
2025-11-21,1.104,-0.0072
2025-11-24,1.098,-0.0054
2025-11-25,1.097,-0.0009
2025-11-26,1.1,0.0027
2025-11-27,1.097,-0.0027
2025-11-28,1.101,0.0036
2025-12-01,1.109,0.0073
2025-12-02,1.101,-0.0072
2025-12-03,1.092,-0.008199999999999999
2025-12-04,1.086,-0.0055000000000000005
2025-12-05,1.09,0.0037
2025-12-08,1.085,-0.0046
2025-12-09,1.07,-0.0138
2025-12-10,1.074,0.0037
2025-12-11,1.068,-0.005600000000000001
2025-12-12,1.071,0.0028000000000000004
2025-12-15,1.069,-0.0019
2025-12-16,1.064,-0.004699999999999999
2025-12-17,1.07,0.005600000000000001
2025-12-18,1.064,-0.005600000000000001
2025-12-19,1.075,0.0103
2025-12-22,1.081,0.005600000000000001
2025-12-23,1.077,-0.0037
2025-12-24,1.07,-0.006500000000000001
2025-12-25,1.079,0.0084
2025-12-26,1.084,0.0046
2025-12-29,1.076,-0.0074
2025-12-30,1.074,-0.0019
2025-12-31,1.068,-0.005600000000000001
2026-01-05,1.081,0.012199999999999999
2026-01-06,1.088,0.006500000000000001
2026-01-07,1.086,-0.0018
2026-01-08,1.079,-0.0064
2026-01-09,1.089,0.009300000000000001
2026-01-12,1.095,0.0055000000000000005
2026-01-13,1.087,-0.0073
2026-01-14,1.082,-0.0046
2026-01-15,1.078,-0.0037
2026-01-16,1.07,-0.0074
2026-01-19,1.071,0.0009
2026-01-20,1.073,0.0019
2026-01-21,1.063,-0.009300000000000001
2026-01-22,1.056,-0.0066
2026-01-23,1.054,-0.0019
2026-01-26,1.052,-0.0019
2026-01-27,1.041,-0.0105
2026-01-28,1.035,-0.0058
2026-01-29,1.079,0.0425
2026-01-30,1.056,-0.0213
2026-02-02,1.056,0.0
2026-02-03,1.066,0.0095
2026-02-04,1.088,0.0206
2026-02-05,1.099,0.0101
2026-02-06,1.085,-0.0127
2026-02-09,1.089,0.0037
2026-02-10,1.085,-0.0037
2026-02-11,1.087,0.0018
2026-02-12,1.079,-0.0074
2026-02-13,1.071,-0.0074
2026-02-24,1.056,-0.013999999999999999
2026-02-25,1.057,0.0009
2026-02-26,1.043,-0.0132
2026-02-27,1.043,0.0
2026-03-02,1.029,-0.0134
2026-03-03,1.019,-0.0097
2026-03-04,1.006,-0.0128
2026-03-05,1.007,0.001
2026-03-06,1.022,0.0149
2026-03-09,1.012,-0.0098
2026-03-10,1.019,0.0069
2026-03-11,1.022,0.0029
2026-03-12,1.023,0.001
2026-03-13,1.025,0.002
2026-03-16,1.036,0.010700000000000001
2026-03-17,1.035,-0.001
2026-03-18,1.03,-0.0048
2026-03-19,1.015,-0.0146
2026-03-20,1.012,-0.003
2026-03-23,0.982,-0.0296
2026-03-24,0.991,0.0092
2026-03-25,0.997,0.0060999999999999995
2026-03-26,0.988,-0.009000000000000001
2026-03-27,1.001,0.0132
2026-03-30,0.997,-0.004
2026-03-31,0.995,-0.002
2026-04-01,1.01,0.0151
2026-04-02,1.013,0.003
2026-04-03,0.997,-0.0158
2026-04-07,0.989,-0.008
2026-04-08,1.006,0.0172
2026-04-09,0.994,-0.011899999999999999
2026-04-10,0.998,0.004
2026-04-13,0.996,-0.002
2026-04-14,1.004,0.008
2026-04-15,1.008,0.004
2026-04-16,1.011,0.003
2026-04-17,0.991,-0.019799999999999998
2026-04-20,0.995,0.004
2026-04-21,0.994,-0.001
2026-04-22,0.989,-0.005
2026-04-23,0.997,0.008100000000000001
2026-04-24,1.002,0.005
2026-04-27,0.992,-0.01
2026-04-28,1.007,0.0151
2026-04-29,1.02,0.0129
2026-04-30,1.016,-0.0039000000000000003
2026-05-06,1.008,-0.0079
2026-05-07,1.008,0.0
2026-05-08,0.998,-0.009899999999999999
2026-05-11,0.999,0.001
2026-05-12,0.988,-0.011000000000000001
2026-05-13,0.981,-0.0070999999999999995
2026-05-14,0.977,-0.0040999999999999995
2026-05-15,0.969,-0.008199999999999999
2026-05-18,0.958,-0.011399999999999999
2026-05-19,0.957,-0.001
2026-05-20,0.954,-0.0031
2026-05-21,0.949,-0.0052
2026-05-22,0.947,-0.0021
2026-05-25,0.945,-0.0021
2026-05-26,0.948,0.0032
2026-05-27,0.949,0.0011
2026-05-28,0.939,-0.0105
2026-05-29,0.953,0.0149
2026-06-01,0.954,0.001
2026-06-02,0.951,-0.0031
2026-06-03,0.943,-0.0084
2026-06-04,0.931,-0.0127
2026-06-05,0.933,0.0021
2026-06-08,0.93,-0.0032
2026-06-09,0.927,-0.0032
2026-06-10,0.93,0.0032
2026-06-11,0.931,0.0011
2026-06-12,0.938,0.0075
2026-06-15,0.933,-0.0053
2026-06-16,0.923,-0.010700000000000001
2026-06-17,0.919,-0.0043
2026-06-18,0.908,-0.012
2026-06-22,0.921,0.0143
2026-06-23,0.91,-0.011899999999999999
2026-06-24,0.911,0.0011
2026-06-25,0.911,0.0
2026-06-26,0.903,-0.0088
2026-06-29,0.918,0.0166
2026-06-30,0.913,-0.0054
2026-07-01,0.921,0.0088
2026-07-02,0.922,0.0011
2026-07-03,0.927,0.0054
2026-07-06,0.935,0.0086
2026-07-07,0.928,-0.0075
2026-07-08,0.927,-0.0011
2026-07-09,0.93,0.0032
2026-07-10,0.929,-0.0011
2026-07-13,0.929,0.0
2026-07-14,0.939,0.0108
2026-07-15,0.949,0.0106
2026-07-16,0.947,-0.0021
2026-07-17,0.937,-0.0106
2026-07-20,0.962,0.026699999999999998
2026-07-21,0.964,0.0021
2026-07-22,0.972,0.0083
2026-07-23,0.972,0.0
2026-07-24,0.964,-0.008199999999999999
2026-07-27,0.972,0.0083
2026-07-28,0.971,-0.001
2026-07-29,0.979,0.008199999999999999
2026-07-30,0.979,0.0
2026-07-31,0.98,0.001
