date,nav,ret
2008-04-14,1.0,0.0
2008-04-18,1.0001,0.0001
2008-04-23,1.0008,0.0007000000000000001
2008-04-24,1.0011,0.0003
2008-04-25,1.0022,0.001099
2008-04-28,1.0022,0.0
2008-04-29,1.0024,0.0002
2008-04-30,1.0026,0.0002
2008-05-05,1.0034,0.000798
2008-05-06,1.0033,-0.0001
2008-05-07,1.0029,-0.000399
2008-05-08,1.0032,0.000299
2008-05-09,1.0032,0.0
2008-05-12,1.0033,0.0001
2008-05-13,1.0028,-0.000498
2008-05-14,1.0032,0.000399
2008-05-15,1.0034,0.000199
2008-05-16,1.0036,0.000199
2008-05-19,1.0038,0.000199
2008-05-20,1.0037,-0.0001
2008-05-21,1.0039,0.000199
2008-05-22,1.0044,0.000498
2008-05-23,1.0048,0.000398
2008-05-26,1.005,0.000199
2008-05-27,1.0052,0.000199
2008-05-28,1.006,0.000796
2008-05-29,1.0061,9.900000000000001e-05
2008-05-30,1.0062,9.900000000000001e-05
2008-06-02,1.0064,0.000199
2008-06-03,1.0064,0.0
2008-06-04,1.0065,9.900000000000001e-05
2008-06-05,1.0067,0.000199
2008-06-06,1.0066,-9.900000000000001e-05
2008-06-10,1.006,-0.000596
2008-06-11,1.0059,-9.900000000000001e-05
2008-06-12,1.0061,0.000199
2008-06-13,1.0062,9.900000000000001e-05
2008-06-16,1.0063,9.900000000000001e-05
2008-06-17,1.0063,0.0
2008-06-18,1.0064,9.900000000000001e-05
2008-06-19,1.0066,0.000199
2008-06-20,1.0066,0.0
2008-06-23,1.0068,0.000199
2008-06-24,1.0068,0.0
2008-06-25,1.0068,0.0
2008-06-26,1.0068,0.0
2008-06-27,1.0066,-0.000199
2008-06-30,1.0065,-9.900000000000001e-05
2008-07-01,1.0064,-9.900000000000001e-05
2008-07-02,1.0064,0.0
2008-07-03,1.0066,0.000199
2008-07-04,1.0072,0.000596
2008-07-07,1.0079,0.0006950000000000001
2008-07-08,1.0078,-9.900000000000001e-05
2008-07-09,1.008,0.00019800000000000002
2008-07-10,1.0081,9.900000000000001e-05
2008-07-11,1.0082,9.900000000000001e-05
2008-07-14,1.0084,0.00019800000000000002
2008-07-15,1.0084,0.0
2008-07-16,1.0084,0.0
2008-07-17,1.0085,9.900000000000001e-05
2008-07-18,1.0086,9.900000000000001e-05
2008-07-21,1.0088,0.00019800000000000002
2008-07-22,1.0088,0.0
2008-07-23,1.0089,9.900000000000001e-05
2008-07-24,1.009,9.900000000000001e-05
2008-07-25,1.0091,9.900000000000001e-05
2008-07-28,1.0093,0.00019800000000000002
2008-07-29,1.0093,0.0
2008-07-30,1.0093,0.0
2008-07-31,1.0094,9.900000000000001e-05
2008-08-01,1.0095,9.900000000000001e-05
2008-08-04,1.0095,0.0
2008-08-05,1.0095,0.0
2008-08-06,1.0097,0.00019800000000000002
2008-08-07,1.0098,9.900000000000001e-05
2008-08-08,1.01,0.00019800000000000002
2008-08-11,1.0103,0.000297
2008-08-12,1.0104,9.900000000000001e-05
2008-08-13,1.0108,0.00039600000000000003
2008-08-14,1.011,0.00019800000000000002
2008-08-15,1.0111,9.900000000000001e-05
2008-08-18,1.0129,0.00178
2008-08-19,1.0134,0.000494
2008-08-20,1.014,0.0005920000000000001
2008-08-21,1.0144,0.000394
2008-08-22,1.0141,-0.00029600000000000004
2008-08-25,1.0146,0.000493
2008-08-26,1.0149,0.00029600000000000004
2008-08-27,1.0152,0.00029600000000000004
2008-08-28,1.0162,0.000985
2008-08-29,1.0172,0.000984
2008-09-01,1.0178,0.0005899999999999999
2008-09-02,1.0186,0.000786
2008-09-03,1.0185,-9.8e-05
2008-09-04,1.0185,0.0
2008-09-05,1.0184,-9.8e-05
2008-09-08,1.0181,-0.00029499999999999996
2008-09-09,1.0188,0.000688
2008-09-10,1.0203,0.001472
2008-09-11,1.0214,0.001078
2008-09-12,1.0235,0.002056
2008-09-16,1.0288,0.005178
2008-09-17,1.0332,0.004277
2008-09-18,1.032,-0.001161
2008-09-19,1.0328,0.000775
2008-09-22,1.0333,0.000484
2008-09-23,1.0337,0.000387
2008-09-24,1.0338,9.7e-05
2008-09-25,1.0357,0.001838
2008-09-26,1.0349,-0.000772
2008-09-30,1.0342,-0.000676
2008-10-06,1.0348,0.00058
2008-10-07,1.04,0.005024999999999999
2008-10-08,1.0501,0.009712
2008-10-09,1.059,0.008475
2008-10-10,1.0609,0.001794
2008-10-13,1.0592,-0.0016020000000000001
2008-10-14,1.0583,-0.0008500000000000001
2008-10-15,1.0619,0.003402
2008-10-16,1.0632,0.001224
2008-10-17,1.0627,-0.00047
2008-10-20,1.0634,0.000659
2008-10-21,1.0641,0.000658
2008-10-22,1.0642,9.400000000000001e-05
2008-10-23,1.0638,-0.00037600000000000003
2008-10-24,1.0638,0.0
2008-10-27,1.0609,-0.002726
2008-10-28,1.0628,0.001791
2008-10-29,1.0632,0.00037600000000000003
2008-10-30,1.0672,0.0037619999999999997
2008-10-31,1.0665,-0.000656
2008-11-03,1.0671,0.000563
2008-11-04,1.0668,-0.000281
2008-11-05,1.0688,0.001875
2008-11-06,1.0721,0.003088
2008-11-07,1.0734,0.001213
2008-11-10,1.0785,0.004751
2008-11-11,1.0804,0.001762
2008-11-12,1.0848,0.004073
2008-11-13,1.0925,0.007098
2008-11-14,1.0876,-0.004485
2008-11-17,1.0866,-0.000919
2008-11-18,1.0841,-0.002301
2008-11-19,1.0812,-0.0026750000000000003
2008-11-20,1.0803,-0.000832
2008-11-21,1.0816,0.001203
2008-11-24,1.0796,-0.0018490000000000002
2008-11-25,1.0773,-0.00213
2008-11-26,1.0807,0.003156
2008-11-27,1.0878,0.00657
2008-11-28,1.0848,-0.002758
2008-12-01,1.0855,0.0006450000000000001
2008-12-02,1.0884,0.002672
2008-12-03,1.093,0.004226
2008-12-04,1.0961,0.002836
2008-12-05,1.1024,0.005748
2008-12-08,1.1032,0.000726
2008-12-09,1.0981,-0.0046229999999999995
2008-12-10,1.1007,0.0023680000000000003
2008-12-11,1.1017,0.000909
2008-12-12,1.0825,0.000726
2008-12-15,1.0848,0.002125
2008-12-16,1.0863,0.0013830000000000001
2008-12-17,1.0925,0.005707
2008-12-18,1.0972,0.004302
2008-12-19,1.102,0.004375
2008-12-22,1.0994,-0.002359
2008-12-23,1.0982,-0.001092
2008-12-24,1.0966,-0.001457
2008-12-25,1.0945,-0.001915
2008-12-26,1.0938,-0.00064
2008-12-29,1.0944,0.000549
2008-12-30,1.0939,-0.000457
2008-12-31,1.0943,0.000366
2009-01-05,1.1002,0.005392
2009-01-06,1.1035,0.002999
2009-01-07,1.1059,0.002175
2009-01-08,1.108,0.001899
2009-01-09,1.1108,0.0025269999999999997
2009-01-12,1.1106,-0.00017999999999999998
2009-01-13,1.1078,-0.002521
2009-01-14,1.1042,-0.0032500000000000003
2009-01-15,1.0996,-0.004166
2009-01-16,1.0969,-0.002455
2009-01-19,1.0965,-0.000365
2009-01-20,1.093,-0.003192
2009-01-21,1.0912,-0.001647
2009-01-22,1.097,0.005314999999999999
2009-01-23,1.0998,0.002552
2009-02-02,1.1017,0.0017280000000000002
2009-02-03,1.0995,-0.001997
2009-02-04,1.0933,-0.005639
2009-02-05,1.0878,-0.005031
2009-02-06,1.0917,0.0035849999999999996
2009-02-09,1.0943,0.002382
2009-02-10,1.0958,0.001371
2009-02-11,1.0982,0.00219
2009-02-12,1.103,0.004371
2009-02-13,1.1078,0.004352
2009-02-16,1.1106,0.0025280000000000003
2009-02-17,1.1052,-0.004862
2009-02-18,1.1018,-0.0030759999999999997
2009-02-19,1.1047,0.002632
2009-02-20,1.1086,0.0035299999999999997
2009-02-23,1.1121,0.0031569999999999997
2009-02-24,1.1133,0.0010789999999999999
2009-02-25,1.1193,0.0053890000000000006
2009-02-26,1.1175,-0.001608
2009-02-27,1.1124,-0.0045639999999999995
2009-03-02,1.1137,0.0011690000000000001
2009-03-03,1.1144,0.000629
2009-03-04,1.1182,0.0034100000000000003
2009-03-05,1.119,0.0007149999999999999
2009-03-06,1.1207,0.0015190000000000002
2009-03-09,1.1183,-0.002142
2009-03-10,1.1198,0.001341
2009-03-11,1.1214,0.001429
2009-03-12,1.1222,0.000713
2009-03-13,1.122,-0.000178
2009-03-16,1.1228,0.000713
2009-03-17,1.1262,0.0030280000000000003
2009-03-18,1.1284,0.001953
2009-03-19,1.1322,0.003368
2009-03-20,1.1351,0.002561
2009-03-23,1.1379,0.002467
2009-03-24,1.1381,0.00017600000000000002
2009-03-25,1.1159,-0.001933
2009-03-26,1.1163,0.000358
2009-03-27,1.1154,-0.0008060000000000001
2009-03-30,1.1149,-0.000448
2009-03-31,1.1146,-0.000269
2009-04-01,1.1174,0.002512
2009-04-02,1.1187,0.001163
2009-04-03,1.1175,-0.0010730000000000002
2009-04-07,1.1139,-0.003221
2009-04-08,1.1078,-0.005476
2009-04-09,1.1089,0.000993
2009-04-10,1.1106,0.0015329999999999999
2009-04-13,1.1093,-0.001171
2009-04-14,1.1106,0.001172
2009-04-15,1.1118,0.00108
2009-04-16,1.1135,0.001529
2009-04-17,1.115,0.0013469999999999999
2009-04-20,1.1156,0.000538
2009-04-21,1.1157,8.999999999999999e-05
2009-04-22,1.1155,-0.000179
2009-04-23,1.1162,0.000628
2009-04-24,1.1155,-0.0006270000000000001
2009-04-27,1.1142,-0.001165
2009-04-28,1.1141,-8.999999999999999e-05
2009-04-29,1.1175,0.0030520000000000005
2009-04-30,1.1189,0.001253
2009-05-04,1.1198,0.000804
2009-05-05,1.12,0.000179
2009-05-06,1.1198,-0.000179
2009-05-07,1.1208,0.000893
2009-05-08,1.1214,0.000535
2009-05-11,1.123,0.0014269999999999999
2009-05-12,1.1244,0.001247
2009-05-13,1.126,0.001423
2009-05-14,1.1266,0.000533
2009-05-15,1.1274,0.0007099999999999999
2009-05-18,1.1288,0.001242
2009-05-19,1.1301,0.001152
2009-05-20,1.1311,0.0008849999999999999
2009-05-21,1.1304,-0.000619
2009-05-22,1.1302,-0.000177
2009-05-25,1.1292,-0.0008849999999999999
2009-05-26,1.1299,0.00062
2009-05-27,1.1299,0.0
2009-06-01,1.1301,0.000177
2009-06-02,1.1303,0.000177
2009-06-03,1.1303,0.0
2009-06-04,1.13,-0.000265
2009-06-05,1.1304,0.000354
2009-06-08,1.1299,-0.000442
2009-06-09,1.129,-0.000797
2009-06-10,1.1288,-0.000177
2009-06-11,1.128,-0.000709
2009-06-12,1.1272,-0.000709
2009-06-15,1.1259,-0.001153
2009-06-16,1.1268,0.000799
2009-06-17,1.1283,0.001331
2009-06-18,1.1283,0.0
2009-06-19,1.1286,0.00026599999999999996
2009-06-22,1.1274,-0.0010630000000000001
2009-06-23,1.1271,-0.00026599999999999996
2009-06-24,1.1267,-0.00035499999999999996
2009-06-25,1.1272,0.000444
2009-06-26,1.1271,-8.9e-05
2009-06-29,1.1283,0.001065
2009-06-30,1.1296,0.001152
2009-07-01,1.1296,0.0
2009-07-02,1.1307,0.000974
2009-07-03,1.1318,0.000973
2009-07-06,1.1328,0.000884
2009-07-07,1.1317,-0.0009710000000000001
2009-07-08,1.1302,-0.001325
2009-07-09,1.1308,0.000531
2009-07-10,1.1312,0.000354
2009-07-13,1.1309,-0.000265
2009-07-14,1.1307,-0.000177
2009-07-15,1.1278,-0.002565
2009-07-16,1.1261,-0.001507
2009-07-17,1.1244,-0.00151
2009-07-20,1.1268,0.002134
2009-07-21,1.1261,-0.000621
2009-07-22,1.1264,0.00026599999999999996
2009-07-23,1.1271,0.000621
2009-07-24,1.1276,0.000444
2009-07-27,1.1306,0.002661
2009-07-28,1.1309,0.000265
2009-07-29,1.1382,0.006455
2009-07-30,1.1387,0.000439
2009-07-31,1.1391,0.00035099999999999997
2009-08-03,1.1374,-0.001492
2009-08-04,1.1359,-0.0013189999999999999
2009-08-05,1.1385,0.002289
2009-08-06,1.1398,0.001142
2009-08-07,1.1383,-0.001316
2009-08-10,1.1364,-0.001669
2009-08-11,1.1379,0.00132
2009-08-12,1.1344,-0.0030759999999999997
2009-08-13,1.1361,0.0014990000000000001
2009-08-14,1.1316,-0.003961
2009-08-17,1.1273,-0.0038
2009-08-18,1.1297,0.0021290000000000002
2009-08-19,1.1226,-0.006285
2009-08-20,1.1271,0.0040089999999999995
2009-08-21,1.1288,0.0015079999999999998
2009-08-24,1.1303,0.0013289999999999999
2009-08-25,1.1293,-0.0008849999999999999
2009-08-26,1.13,0.00062
2009-08-27,1.1297,-0.000265
2009-08-28,1.1276,-0.0018590000000000002
2009-08-31,1.1225,-0.004523
2009-09-01,1.1228,0.00026700000000000004
2009-09-02,1.1248,0.001781
2009-09-03,1.1297,0.004356
2009-09-04,1.1286,-0.000974
2009-09-07,1.13,0.00124
2009-09-08,1.1313,0.00115
2009-09-09,1.1319,0.00053
2009-09-10,1.1317,-0.000177
2009-09-11,1.1331,0.001237
2009-09-14,1.1367,0.0031769999999999997
2009-09-15,1.1368,8.800000000000001e-05
2009-09-16,1.1355,-0.001144
2009-09-17,1.1365,0.000881
2009-09-18,1.1351,-0.001232
2009-09-21,1.1363,0.001057
2009-09-22,1.1337,-0.002288
2009-09-23,1.1312,-0.002205
2009-09-24,1.1303,-0.000796
2009-09-25,1.1311,0.000708
2009-09-28,1.1287,-0.002122
2009-09-29,1.1278,-0.000797
2009-09-30,1.1286,0.000709
2009-10-09,1.132,0.003013
2009-10-12,1.1284,-0.00318
2009-10-13,1.1259,-0.002216
2009-10-14,1.1303,0.003908
2009-10-15,1.1274,-0.002566
2009-10-16,1.1268,-0.0005319999999999999
2009-10-19,1.1284,0.0014199999999999998
2009-10-20,1.1294,0.000886
2009-10-21,1.1296,0.000177
2009-10-22,1.13,0.000354
2009-10-23,1.131,0.0008849999999999999
2009-10-26,1.1312,0.000177
2009-10-27,1.1284,-0.0024749999999999998
2009-10-28,1.1292,0.000709
2009-10-29,1.1277,-0.001328
2009-10-30,1.1374,0.008602
2009-11-02,1.1369,-0.00043999999999999996
2009-11-03,1.1367,-0.00017600000000000002
2009-11-04,1.1375,0.0007040000000000001
2009-11-05,1.139,0.0013189999999999999
2009-11-06,1.1406,0.0014050000000000002
2009-11-09,1.1403,-0.000263
2009-11-10,1.1397,-0.000526
2009-11-11,1.1416,0.0016669999999999999
2009-11-12,1.1435,0.001664
2009-11-13,1.1476,0.0035849999999999996
2009-11-16,1.149,0.00122
2009-11-17,1.1496,0.000522
2009-11-18,1.1501,0.00043499999999999995
2009-11-19,1.1535,0.002956
2009-11-20,1.1548,0.001127
2009-11-23,1.1575,0.0023380000000000002
2009-11-24,1.1546,-0.002505
2009-11-25,1.1574,0.002425
2009-11-26,1.1258,-0.001382
2009-11-27,1.1262,0.00035499999999999996
2009-11-30,1.1287,0.00222
2009-12-01,1.1291,0.000354
2009-12-02,1.1307,0.0014169999999999999
2009-12-03,1.132,0.00115
2009-12-04,1.1305,-0.001325
2009-12-07,1.1316,0.000973
2009-12-08,1.1312,-0.00035299999999999996
2009-12-09,1.1293,-0.00168
2009-12-10,1.1301,0.000708
2009-12-11,1.1294,-0.000619
2009-12-14,1.129,-0.000354
2009-12-15,1.1284,-0.000531
2009-12-16,1.1296,0.0010630000000000001
2009-12-17,1.1252,-0.003895
2009-12-18,1.1239,-0.001155
2009-12-21,1.1256,0.0015129999999999998
2009-12-22,1.1215,-0.003643
2009-12-23,1.1221,0.000535
2009-12-24,1.1251,0.002674
2009-12-25,1.1261,0.000889
2009-12-28,1.1274,0.001154
2009-12-29,1.1285,0.0009760000000000001
2009-12-30,1.13,0.0013289999999999999
2009-12-31,1.132,0.0017699999999999999
2010-01-04,1.1315,-0.000442
2010-01-05,1.1332,0.001502
2010-01-06,1.1331,-8.800000000000001e-05
2010-01-07,1.1321,-0.000883
2010-01-08,1.1347,0.002297
2010-01-11,1.1366,0.001674
2010-01-12,1.1405,0.003431
2010-01-13,1.139,-0.001315
2010-01-14,1.1447,0.005004
2010-01-15,1.146,0.001136
2010-01-18,1.1474,0.001222
2010-01-19,1.1476,0.000174
2010-01-20,1.145,-0.002266
2010-01-21,1.1468,0.001572
2010-01-22,1.1438,-0.002616
2010-01-25,1.1435,-0.000262
2010-01-26,1.141,-0.002186
2010-01-27,1.142,0.0008759999999999999
2010-01-28,1.1443,0.002014
2010-01-29,1.1458,0.0013109999999999999
2010-02-01,1.1452,-0.000524
2010-02-02,1.1443,-0.000786
2010-02-03,1.1432,-0.000961
2010-02-04,1.1445,0.001137
2010-02-05,1.145,0.00043700000000000005
2010-02-08,1.1472,0.001921
2010-02-09,1.1432,-0.003487
2010-02-10,1.1459,0.002362
2010-02-11,1.1449,-0.0008730000000000001
2010-02-12,1.1462,0.001135
2010-02-22,1.1454,-0.000698
2010-02-23,1.1457,0.000262
2010-02-24,1.1501,0.00384
2010-02-25,1.1545,0.003826
2010-02-26,1.155,0.000433
2010-03-01,1.1598,0.004156
2010-03-02,1.161,0.001035
2010-03-03,1.1662,0.004479
2010-03-04,1.16,-0.0053159999999999995
2010-03-05,1.1618,0.001552
2010-03-08,1.1626,0.000689
2010-03-09,1.161,-0.001376
2010-03-10,1.1588,-0.001895
2010-03-11,1.1593,0.000431
2010-03-12,1.1567,-0.002243
2010-03-15,1.1555,-0.001037
2010-03-16,1.1556,8.7e-05
2010-03-17,1.1611,0.004759
2010-03-18,1.1627,0.001378
2010-03-19,1.1643,0.001376
2010-03-22,1.1641,-0.000172
2010-03-23,1.1626,-0.0012889999999999998
2010-03-24,1.1651,0.00215
2010-03-25,1.1637,-0.001202
2010-03-26,1.1641,0.000344
2010-03-29,1.166,0.0016320000000000002
2010-03-30,1.1644,-0.001372
2010-03-31,1.1642,-0.000172
2010-04-01,1.1719,0.006614
2010-04-02,1.1732,0.001109
2010-04-06,1.1733,8.5e-05
2010-04-07,1.1738,0.000426
2010-04-08,1.1687,-0.004345
2010-04-09,1.1708,0.001797
2010-04-12,1.1691,-0.001452
2010-04-13,1.171,0.0016250000000000001
2010-04-14,1.1691,-0.001623
2010-04-15,1.1667,-0.002053
2010-04-16,1.1682,0.0012859999999999998
2010-04-19,1.1642,-0.003424
2010-04-20,1.1644,0.000172
2010-04-21,1.1665,0.001804
2010-04-22,1.1669,0.000343
2010-04-23,1.1683,0.0012
2010-04-26,1.1693,0.000856
2010-04-27,1.1683,-0.0008550000000000001
2010-04-28,1.1681,-0.000171
2010-04-29,1.1681,0.0
2010-04-30,1.1665,-0.0013700000000000001
2010-05-04,1.1631,-0.0029149999999999996
2010-05-05,1.1687,0.004815
2010-05-06,1.1651,-0.00308
2010-05-07,1.1714,0.0054069999999999995
2010-05-10,1.1796,0.006999999999999999
2010-05-11,1.1801,0.000424
2010-05-12,1.1822,0.00178
2010-05-13,1.1822,0.0
2010-05-14,1.1844,0.0018609999999999998
2010-05-17,1.1815,-0.002448
2010-05-18,1.1816,8.5e-05
2010-05-19,1.1824,0.000677
2010-05-20,1.1027,0.000254
2010-05-21,1.1053,0.0023580000000000003
2010-05-24,1.1066,0.001176
2010-05-25,1.1023,-0.003886
2010-05-26,1.108,0.005171
2010-05-27,1.1082,0.000181
2010-05-28,1.1075,-0.0006320000000000001
2010-05-31,1.1017,-0.005237
2010-06-01,1.1026,0.0008169999999999999
2010-06-02,1.1037,0.000998
2010-06-03,1.1082,0.004077
2010-06-04,1.1099,0.001534
2010-06-07,1.113,0.002793
2010-06-08,1.1128,-0.00017999999999999998
2010-06-09,1.1137,0.000809
2010-06-10,1.1125,-0.001077
2010-06-11,1.1102,-0.002067
2010-06-17,1.1097,-0.00045
2010-06-18,1.1068,-0.002613
2010-06-21,1.1098,0.002711
2010-06-22,1.1119,0.001892
2010-06-23,1.1114,-0.00045
2010-06-24,1.1112,-0.00017999999999999998
2010-06-25,1.1119,0.00063
2010-06-28,1.1106,-0.0011690000000000001
2010-06-29,1.1077,-0.002611
2010-06-30,1.1086,0.0008119999999999999
2010-07-01,1.1083,-0.000271
2010-07-02,1.1098,0.001353
2010-07-05,1.1099,8.999999999999999e-05
2010-07-06,1.1112,0.001171
2010-07-07,1.1125,0.00117
2010-07-08,1.1122,-0.00027
2010-07-09,1.1149,0.002428
2010-07-12,1.1157,0.000718
2010-07-13,1.1149,-0.000717
2010-07-14,1.1153,0.000359
2010-07-15,1.1141,-0.001076
2010-07-16,1.1147,0.000539
2010-07-19,1.1154,0.000628
2010-07-20,1.1157,0.000269
2010-07-21,1.116,0.000269
2010-07-22,1.1168,0.000717
2010-07-23,1.116,-0.000716
2010-07-26,1.1169,0.0008060000000000001
2010-07-27,1.1176,0.0006270000000000001
2010-07-28,1.1183,0.000626
2010-07-29,1.1185,0.000179
2010-07-30,1.1186,8.9e-05
2010-08-02,1.1188,0.000179
2010-08-03,1.121,0.001966
2010-08-04,1.1213,0.000268
2010-08-05,1.1214,8.9e-05
2010-08-06,1.1233,0.001694
2010-08-09,1.1234,8.9e-05
2010-08-10,1.1231,-0.00026700000000000004
2010-08-11,1.124,0.0008010000000000001
2010-08-12,1.1261,0.0018679999999999999
2010-08-13,1.1271,0.000888
2010-08-16,1.1275,0.00035499999999999996
2010-08-17,1.1275,0.0
2010-08-18,1.1298,0.0020399999999999997
2010-08-19,1.1304,0.000531
2010-08-20,1.1314,0.0008849999999999999
2010-08-23,1.1314,0.0
2010-08-24,1.1317,0.000265
2010-08-25,1.1309,-0.000707
2010-08-26,1.131,8.800000000000001e-05
2010-08-27,1.1314,0.000354
2010-08-30,1.1319,0.000442
2010-08-31,1.1321,0.000177
2010-09-01,1.1328,0.0006180000000000001
2010-09-02,1.1339,0.0009710000000000001
2010-09-03,1.1343,0.00035299999999999996
2010-09-06,1.1359,0.001411
2010-09-07,1.1359,0.0
2010-09-08,1.1365,0.000528
2010-09-09,1.1358,-0.000616
2010-09-10,1.1361,0.000264
2010-09-13,1.135,-0.000968
2010-09-14,1.1348,-0.00017600000000000002
2010-09-15,1.1333,-0.001322
2010-09-16,1.1321,-0.001059
2010-09-17,1.1321,0.0
2010-09-20,1.1318,-0.000265
2010-09-21,1.132,0.000177
2010-09-27,1.1329,0.000795
2010-09-28,1.1322,-0.0006180000000000001
2010-09-29,1.1317,-0.000442
2010-09-30,1.1354,0.003269
2010-10-08,1.138,0.00229
2010-10-11,1.1401,0.001845
2010-10-12,1.1399,-0.00017500000000000003
2010-10-13,1.1421,0.00193
2010-10-14,1.1477,0.004903
2010-10-15,1.1535,0.0050539999999999995
2010-10-18,1.1589,0.004681
2010-10-19,1.1569,-0.001726
2010-10-20,1.1467,-0.008817
2010-10-21,1.1362,-0.009157
2010-10-22,1.1394,0.0028160000000000004
2010-10-25,1.1464,0.006143999999999999
2010-10-26,1.1462,-0.000174
2010-10-27,1.1447,-0.0013089999999999998
2010-10-28,1.1451,0.000349
2010-10-29,1.1451,0.0
2010-11-01,1.1508,0.004978
2010-11-02,1.1493,-0.001303
2010-11-03,1.1473,-0.0017399999999999998
2010-11-04,1.1466,-0.00061
2010-11-05,1.1473,0.000611
2010-11-08,1.1478,0.00043599999999999997
2010-11-09,1.1458,-0.0017419999999999998
2010-11-10,1.1431,-0.002356
2010-11-11,1.1462,0.002712
2010-11-12,1.1323,-0.012126999999999999
2010-11-15,1.1387,0.005652000000000001
2010-11-16,1.1311,-0.006674
2010-11-17,1.1293,-0.001591
2010-11-18,1.1308,0.001328
2010-11-19,1.0975,0.001503
2010-11-22,1.0918,-0.005194
2010-11-23,1.087,-0.004396
2010-11-24,1.0898,0.002576
2010-11-25,1.0989,0.00835
2010-11-26,1.0981,-0.000728
2010-11-29,1.0957,-0.002186
2010-11-30,1.0902,-0.00502
2010-12-01,1.0932,0.002752
2010-12-02,1.0965,0.003019
2010-12-03,1.0969,0.000365
2010-12-06,1.0978,0.00082
2010-12-07,1.1006,0.002551
2010-12-08,1.0951,-0.004997
2010-12-09,1.0941,-0.0009130000000000001
2010-12-10,1.0976,0.003199
2010-12-13,1.1049,0.006651000000000001
2010-12-14,1.1059,0.000905
2010-12-15,1.1047,-0.001085
2010-12-16,1.1044,-0.000272
2010-12-17,1.1057,0.001177
2010-12-20,1.1032,-0.002261
2010-12-21,1.1047,0.00136
2010-12-22,1.1081,0.003078
2010-12-23,1.105,-0.002798
2010-12-24,1.1006,-0.003982
2010-12-27,1.0921,-0.007723
2010-12-28,1.0859,-0.005677
2010-12-29,1.0887,0.002579
2010-12-30,1.0901,0.0012859999999999998
2010-12-31,1.0953,0.00477
2011-01-04,1.1014,0.005568999999999999
2011-01-05,1.1013,-9.1e-05
2011-01-06,1.101,-0.000272
2011-01-07,1.1025,0.001362
2011-01-10,1.0997,-0.00254
2011-01-11,1.0966,-0.002819
2011-01-12,1.0986,0.001824
2011-01-13,1.0979,-0.0006370000000000001
2011-01-14,1.0933,-0.00419
2011-01-17,1.0825,-0.009878
2011-01-18,1.0803,-0.002032
2011-01-19,1.0831,0.0025919999999999997
2011-01-20,1.0766,-0.006000999999999999
2011-01-21,1.0759,-0.00065
2011-01-24,1.0719,-0.0037180000000000004
2011-01-25,1.0731,0.0011200000000000001
2011-01-26,1.0754,0.002143
2011-01-27,1.0779,0.0023250000000000002
2011-01-28,1.0777,-0.000186
2011-01-31,1.0785,0.000742
2011-02-01,1.0779,-0.000556
2011-02-09,1.0731,-0.0044529999999999995
2011-02-10,1.0751,0.0018640000000000002
2011-02-11,1.075,-9.3e-05
2011-02-14,1.0822,0.006697999999999999
2011-02-15,1.0803,-0.001756
2011-02-16,1.0824,0.001944
2011-02-17,1.0831,0.0006469999999999999
2011-02-18,1.0811,-0.0018470000000000001
2011-02-21,1.0817,0.000555
2011-02-22,1.0762,-0.005084999999999999
2011-02-23,1.077,0.0007430000000000001
2011-02-24,1.0787,0.001578
2011-02-25,1.0778,-0.000834
2011-02-28,1.0804,0.002412
2011-03-01,1.0807,0.000278
2011-03-02,1.0832,0.002313
2011-03-03,1.0839,0.0006460000000000001
2011-03-04,1.0865,0.002399
2011-03-07,1.0903,0.003497
2011-03-08,1.0893,-0.0009170000000000001
2011-03-09,1.0959,0.006059
2011-03-10,1.0941,-0.0016420000000000002
2011-03-11,1.0913,-0.002559
2011-03-14,1.0923,0.000916
2011-03-15,1.0393,-0.002746
2011-03-16,1.0425,0.003079
2011-03-17,1.04,-0.002398
2011-03-18,1.0424,0.002308
2011-03-21,1.0423,-9.599999999999999e-05
2011-03-22,1.0446,0.002207
2011-03-23,1.0452,0.000574
2011-03-24,1.0448,-0.000383
2011-03-25,1.049,0.00402
2011-03-28,1.0486,-0.00038100000000000005
2011-03-29,1.0438,-0.004578
2011-03-30,1.0416,-0.002108
2011-03-31,1.0408,-0.0007679999999999999
2011-04-01,1.0437,0.0027860000000000003
2011-04-06,1.0434,-0.000287
2011-04-07,1.0435,9.599999999999999e-05
2011-04-08,1.0462,0.002587
2011-04-11,1.0478,0.001529
2011-04-12,1.048,0.00019099999999999998
2011-04-13,1.0512,0.003053
2011-04-14,1.0535,0.002188
2011-04-15,1.0535,0.0
2011-04-18,1.056,0.002373
2011-04-19,1.0509,-0.00483
2011-04-20,1.052,0.001047
2011-04-21,1.0543,0.002186
2011-04-22,1.0529,-0.001328
2011-04-25,1.0489,-0.0037990000000000003
2011-04-26,1.0472,-0.001621
2011-04-27,1.0456,-0.0015279999999999998
2011-04-28,1.0428,-0.002678
2011-04-29,1.0435,0.000671
2011-05-03,1.0435,0.0
2011-05-04,1.0413,-0.002108
2011-05-05,1.0424,0.001056
2011-05-06,1.0424,0.0
2011-05-09,1.0441,0.0016309999999999999
2011-05-10,1.0467,0.00249
2011-05-11,1.0465,-0.00019099999999999998
2011-05-12,1.0454,-0.001051
2011-05-13,1.0457,0.000287
2011-05-16,1.0454,-0.000287
2011-05-17,1.0452,-0.00019099999999999998
2011-05-18,1.0459,0.00067
2011-05-19,1.0442,-0.0016250000000000001
2011-05-20,1.044,-0.00019199999999999998
2011-05-23,1.0385,-0.005268
2011-05-24,1.0384,-9.599999999999999e-05
2011-05-25,1.0372,-0.001156
2011-05-26,1.0352,-0.001928
2011-05-27,1.0345,-0.000676
2011-05-30,1.0335,-0.000967
2011-05-31,1.0349,0.001355
2011-06-01,1.0369,0.001933
2011-06-02,1.0326,-0.0041470000000000005
2011-06-03,1.033,0.000387
2011-06-07,1.0332,0.000194
2011-06-08,1.0319,-0.001258
2011-06-09,1.0273,-0.004458
2011-06-10,1.0246,-0.0026279999999999997
2011-06-13,1.0239,-0.000683
2011-06-14,1.0249,0.000977
2011-06-15,1.0236,-0.001268
2011-06-16,1.0186,-0.004885
2011-06-17,1.0171,-0.001473
2011-06-20,1.017,-9.8e-05
2011-06-21,1.0194,0.0023599999999999997
2011-06-22,1.0178,-0.00157
2011-06-23,1.0207,0.002849
2011-06-24,1.024,0.0032329999999999998
2011-06-27,1.0258,0.001758
2011-06-28,1.0238,-0.0019500000000000001
2011-06-29,1.0205,-0.0032229999999999997
2011-06-30,1.0236,0.0030380000000000003
2011-07-01,1.0261,0.002442
2011-07-04,1.0297,0.003508
2011-07-05,1.0293,-0.000388
2011-07-06,1.0284,-0.0008740000000000001
2011-07-07,1.0315,0.003014
2011-07-08,1.0312,-0.000291
2011-07-11,1.0309,-0.000291
2011-07-12,1.0288,-0.0020369999999999997
2011-07-13,1.0307,0.0018470000000000001
2011-07-14,1.0333,0.002523
2011-07-15,1.0398,0.006291
2011-07-18,1.0365,-0.003174
2011-07-19,1.0313,-0.005017000000000001
2011-07-20,1.0278,-0.003394
2011-07-21,1.0236,-0.004086
2011-07-22,1.0275,0.00381
2011-07-25,1.016,-0.011192
2011-07-26,1.0158,-0.000197
2011-07-27,1.0168,0.000984
2011-07-28,1.0216,0.004721
2011-07-29,1.0223,0.0006850000000000001
2011-08-01,1.0216,-0.0006850000000000001
2011-08-02,1.0201,-0.0014680000000000001
2011-08-03,1.0165,-0.003529
2011-08-04,1.0162,-0.00029499999999999996
2011-08-05,1.0136,-0.002559
2011-08-08,1.0082,-0.005328
2011-08-09,1.011,0.002777
2011-08-10,1.0222,0.011078
2011-08-11,1.0318,0.009392000000000001
2011-08-12,1.0324,0.000582
2011-08-15,1.0379,0.005326999999999999
2011-08-16,1.0381,0.000193
2011-08-17,1.0362,-0.00183
2011-08-18,1.0318,-0.004246
2011-08-19,1.0276,-0.004071
2011-08-22,1.0267,-0.0008759999999999999
2011-08-23,1.0328,0.005940999999999999
2011-08-24,1.0303,-0.002421
2011-08-25,1.035,0.004562
2011-08-26,1.0341,-0.0008699999999999999
2011-08-29,1.022,-0.011701
2011-08-30,1.0139,-0.007925999999999999
2011-08-31,1.0132,-0.0006900000000000001
2011-09-01,1.0094,-0.00375
2011-09-02,0.9988,-0.010501
2011-09-05,0.9873,-0.011514
2011-09-06,0.9833,-0.004051
2011-09-07,0.991,0.007831
2011-09-08,0.9871,-0.003935
2011-09-09,0.9873,0.00020299999999999997
2011-09-13,0.9832,-0.0041530000000000004
2011-09-14,0.9872,0.004068
2011-09-15,0.9873,0.000101
2011-09-16,0.9864,-0.000912
2011-09-19,0.9794,-0.007097
2011-09-20,0.9799,0.000511
2011-09-21,0.9842,0.004388
2011-09-22,0.9758,-0.008535000000000001
2011-09-23,0.968,-0.007993
2011-09-26,0.9618,-0.006404999999999999
2011-09-27,0.9663,0.004679
2011-09-28,0.965,-0.001345
2011-09-29,0.9564,-0.008912
2011-09-30,0.9615,0.005332
2011-10-10,0.9625,0.00104
2011-10-11,0.9625,0.0
2011-10-12,0.9713,0.009143
2011-10-13,0.9756,0.0044269999999999995
2011-10-14,0.9779,0.0023580000000000003
2011-10-17,0.9842,0.006442
2011-10-18,0.9785,-0.005792
2011-10-19,0.9809,0.002453
2011-10-20,0.9817,0.0008160000000000001
2011-10-21,0.9864,0.004788
2011-10-24,0.9904,0.0040550000000000004
2011-10-25,0.9929,0.002524
2011-10-26,0.9968,0.003928
2011-10-27,0.9921,-0.004715
2011-10-28,0.9955,0.003427
2011-10-31,0.9995,0.004018
2011-11-01,1.0052,0.005703000000000001
2011-11-02,1.0092,0.003979
2011-11-03,1.0095,0.000297
2011-11-04,1.0093,-0.00019800000000000002
2011-11-07,1.0092,-9.900000000000001e-05
2011-11-08,1.0085,-0.0006940000000000001
2011-11-09,1.013,0.004462
2011-11-10,1.0138,0.00079
2011-11-11,1.0106,-0.003156
2011-11-14,1.0165,0.0058379999999999994
2011-11-15,1.017,0.000492
2011-11-16,1.0134,-0.0035399999999999997
2011-11-17,1.0122,-0.0011840000000000002
2011-11-18,1.0076,-0.004545
2011-11-21,1.0083,0.0006950000000000001
2011-11-22,1.0067,-0.001587
2011-11-23,1.0086,0.001887
2011-11-24,1.0082,-0.000397
2011-11-25,1.0077,-0.000496
2011-11-28,1.0077,0.0
2011-11-29,1.0095,0.001786
2011-11-30,1.0066,-0.002873
2011-12-01,1.0138,0.0071530000000000005
2011-12-02,1.0082,-0.005524
2011-12-05,1.0043,-0.003868
2011-12-06,1.0048,0.000498
2011-12-07,1.0058,0.000995
2011-12-08,1.008,0.002187
2011-12-09,1.0082,0.00019800000000000002
2011-12-12,1.0068,-0.001389
2011-12-13,1.004,-0.002781
2011-12-14,1.0008,-0.0031869999999999997
2011-12-15,0.9998,-0.000999
2011-12-16,1.0049,0.005101
2011-12-19,1.0039,-0.000995
2011-12-20,1.0046,0.000697
2011-12-21,0.9991,-0.005475
2011-12-22,0.9968,-0.002302
2011-12-23,0.9976,0.000803
2011-12-26,0.9957,-0.001905
2011-12-27,0.9909,-0.004821
2011-12-28,0.9906,-0.000303
2011-12-29,0.9924,0.001817
2011-12-30,0.9983,0.005945000000000001
2011-12-31,0.9984,0.0001
2012-01-04,0.9965,-0.001903
2012-01-05,0.9951,-0.0014050000000000002
2012-01-06,0.9966,0.001507
2012-01-09,1.003,0.006422
2012-01-10,1.0095,0.006481
2012-01-11,1.0062,-0.003269
2012-01-12,1.0065,0.000298
2012-01-13,0.9987,-0.00775
2012-01-16,0.9969,-0.001802
2012-01-17,1.0028,0.005918
2012-01-18,0.9984,-0.004388
2012-01-19,1.0019,0.0035060000000000004
2012-01-20,1.0074,0.00549
2012-01-30,1.0065,-0.000893
2012-01-31,1.0068,0.000298
2012-02-01,1.0053,-0.00149
2012-02-02,1.0079,0.0025859999999999998
2012-02-03,1.0095,0.001587
2012-02-06,1.0083,-0.001189
2012-02-07,1.0035,-0.0047599999999999995
2012-02-08,1.006,0.0024909999999999997
2012-02-09,1.0062,0.000199
2012-02-10,1.0053,-0.0008939999999999999
2012-02-13,1.0051,-0.000199
2012-02-14,1.0055,0.000398
2012-02-15,1.0075,0.001989
2012-02-16,1.0086,0.001092
2012-02-17,1.0067,-0.001884
2012-02-20,1.009,0.002285
2012-02-21,1.0104,0.0013880000000000001
2012-02-22,1.0112,0.0007920000000000001
2012-02-23,1.0106,-0.000593
2012-02-24,1.0109,0.000297
2012-02-27,1.0103,-0.000594
2012-02-28,1.0098,-0.000495
2012-02-29,1.0095,-0.000297
2012-03-01,1.0095,0.0
2012-03-02,1.0127,0.00317
2012-03-05,1.0117,-0.000987
2012-03-06,1.0126,0.00089
2012-03-07,1.013,0.000395
2012-03-08,1.0143,0.001283
2012-03-09,1.0252,0.010746
2012-03-12,1.0249,-0.000293
2012-03-13,1.025,9.8e-05
2012-03-14,1.0206,-0.004293
2012-03-15,1.0246,0.003919000000000001
2012-03-16,1.0262,0.001562
2012-03-19,1.0283,0.002046
2012-03-20,1.0254,-0.0028199999999999996
2012-03-21,1.0237,-0.001658
2012-03-22,1.0252,0.001465
2012-03-23,1.0257,0.00048800000000000004
2012-03-26,1.0259,0.000195
2012-03-27,1.0259,0.0
2012-03-28,1.0216,-0.004190999999999999
2012-03-29,1.0209,-0.0006850000000000001
2012-03-30,1.0239,0.0029389999999999998
2012-03-31,1.0239,0.0
2012-04-05,1.0259,0.001953
2012-04-06,1.0261,0.000195
2012-04-09,1.0253,-0.00078
2012-04-10,1.0269,0.0015609999999999999
2012-04-11,1.0279,0.000974
2012-04-12,1.031,0.0030159999999999996
2012-04-13,1.0329,0.001843
2012-04-16,1.034,0.001065
2012-04-17,1.033,-0.000967
2012-04-18,1.0358,0.002711
2012-04-19,1.0371,0.001255
2012-04-20,1.0395,0.002314
2012-04-23,1.0388,-0.000673
2012-04-24,1.04,0.001155
2012-04-25,1.0409,0.0008649999999999999
2012-04-26,1.0419,0.000961
2012-04-27,1.0458,0.0037430000000000002
2012-05-02,1.0485,0.0025819999999999997
2012-05-03,1.0617,0.012589
2012-05-04,1.0631,0.0013189999999999999
2012-05-07,1.0631,0.0
2012-05-08,1.0603,-0.002634
2012-05-09,1.0593,-0.0009429999999999999
2012-05-10,1.0622,0.002738
2012-05-11,1.0663,0.00386
2012-05-14,1.0706,0.004033
2012-05-15,1.0764,0.005417999999999999
2012-05-16,1.0779,0.001394
2012-05-17,1.0825,0.004268
2012-05-18,1.0869,0.004065
2012-05-21,1.0843,-0.002392
2012-05-22,1.0871,0.0025819999999999997
2012-05-23,1.0925,0.004967
2012-05-24,1.0933,0.000732
2012-05-25,1.0932,-9.1e-05
2012-05-28,1.0934,0.000183
2012-05-29,1.0951,0.001555
2012-05-30,1.0956,0.000457
2012-05-31,1.0954,-0.000183
2012-06-01,1.0948,-0.000548
2012-06-04,1.0912,-0.0032879999999999997
2012-06-05,1.0909,-0.000275
2012-06-06,1.091,9.2e-05
2012-06-07,1.0922,0.0011
2012-06-08,1.0964,0.003845
2012-06-11,1.0973,0.0008210000000000001
2012-06-12,1.0965,-0.000729
2012-06-13,1.1023,0.00529
2012-06-14,1.1007,-0.001452
2012-06-15,1.1026,0.001726
2012-06-18,1.1046,0.001814
2012-06-19,1.0993,-0.004798
2012-06-20,1.0992,-9.1e-05
2012-06-21,1.0956,-0.003275
2012-06-25,1.093,-0.002373
2012-06-26,1.0922,-0.000732
2012-06-27,1.0933,0.001007
2012-06-28,1.0921,-0.001098
2012-06-29,1.0957,0.003296
2012-06-30,1.0957,0.0
2012-07-02,1.0959,0.000183
2012-07-03,1.0966,0.000639
2012-07-04,1.0977,0.001003
2012-07-05,1.1008,0.0028239999999999997
2012-07-06,1.1068,0.005451
2012-07-09,1.1041,-0.002439
2012-07-10,1.1035,-0.000543
2012-07-11,1.1054,0.001722
2012-07-12,1.1081,0.002443
2012-07-13,1.1065,-0.001444
2012-07-16,1.1017,-0.004338
2012-07-17,1.101,-0.000635
2012-07-18,1.1016,0.000545
2012-07-19,1.1031,0.001362
2012-07-20,1.1031,0.0
2012-07-23,1.1021,-0.000907
2012-07-24,1.1021,0.0
2012-07-25,1.1013,-0.000726
2012-07-26,1.0999,-0.001271
2012-07-27,1.0991,-0.000727
2012-07-30,1.0963,-0.0025480000000000004
2012-07-31,1.0932,-0.002828
2012-08-01,1.0952,0.0018290000000000001
2012-08-02,1.0937,-0.0013700000000000001
2012-08-03,1.0929,-0.000731
2012-08-06,1.0918,-0.001006
2012-08-07,1.0895,-0.002107
2012-08-08,1.0896,9.2e-05
2012-08-09,1.0906,0.0009180000000000001
2012-08-10,1.092,0.0012839999999999998
2012-08-13,1.0914,-0.000549
2012-08-14,1.0904,-0.000916
2012-08-15,1.0882,-0.0020180000000000003
2012-08-16,1.0884,0.000184
2012-08-17,1.0885,9.2e-05
2012-08-20,1.0877,-0.000735
2012-08-21,1.0883,0.000552
2012-08-22,1.0865,-0.0016539999999999999
2012-08-23,1.0859,-0.000552
2012-08-24,1.085,-0.000829
2012-08-27,1.0832,-0.0016589999999999999
2012-08-28,1.0826,-0.000554
2012-08-29,1.0811,-0.001386
2012-08-30,1.0803,-0.00074
2012-08-31,1.0803,0.0
2012-09-03,1.0802,-9.3e-05
2012-09-04,1.0802,0.0
2012-09-05,1.0795,-0.0006479999999999999
2012-09-06,1.0793,-0.000185
2012-09-07,1.0795,0.000185
2012-09-10,1.0777,-0.0016669999999999999
2012-09-11,1.0746,-0.002876
2012-09-12,1.0732,-0.001303
2012-09-13,1.0713,-0.0017699999999999999
2012-09-14,1.0707,-0.0005600000000000001
2012-09-17,1.0681,-0.002428
2012-09-18,1.0682,9.400000000000001e-05
2012-09-19,1.0693,0.0010299999999999999
2012-09-20,1.0701,0.0007480000000000001
2012-09-21,1.0706,0.00046699999999999997
2012-09-24,1.0708,0.00018700000000000002
2012-09-25,1.0711,0.00028000000000000003
2012-09-26,1.0724,0.001214
2012-09-27,1.0747,0.0021449999999999998
2012-09-28,1.0754,0.0006510000000000001
2012-09-30,1.0756,0.000186
2012-10-08,1.0754,-0.000186
2012-10-09,1.0767,0.001209
2012-10-10,1.0769,0.000186
2012-10-11,1.0774,0.00046399999999999995
2012-10-12,1.0793,0.001764
2012-10-15,1.0796,0.000278
2012-10-16,1.0797,9.3e-05
2012-10-17,1.08,0.000278
2012-10-18,1.0805,0.00046300000000000003
2012-10-19,1.0804,-9.3e-05
2012-10-22,1.081,0.000555
2012-10-23,1.0803,-0.0006479999999999999
2012-10-24,1.0798,-0.00046300000000000003
2012-10-25,1.0795,-0.000278
2012-10-26,1.0785,-0.0009260000000000001
2012-10-29,1.0781,-0.000371
2012-10-30,1.0793,0.001113
2012-10-31,1.0794,9.3e-05
2012-11-01,1.0799,0.00046300000000000003
2012-11-02,1.0798,-9.3e-05
2012-11-05,1.0807,0.000833
2012-11-06,1.0813,0.000555
2012-11-07,1.0822,0.000832
2012-11-08,1.0818,-0.00037
2012-11-09,1.0818,0.0
2012-11-12,1.0832,0.0012939999999999998
2012-11-13,1.0837,0.00046199999999999995
2012-11-14,1.0842,0.00046100000000000004
2012-11-15,1.0393,9.2e-05
2012-11-16,1.0399,0.000577
2012-11-19,1.0407,0.0007689999999999999
2012-11-20,1.0407,0.0
2012-11-21,1.0406,-9.599999999999999e-05
2012-11-22,1.0404,-0.00019199999999999998
2012-11-23,1.0402,-0.00019199999999999998
2012-11-26,1.0408,0.000577
2012-11-27,1.0407,-9.599999999999999e-05
2012-11-28,1.0408,9.599999999999999e-05
2012-11-29,1.0404,-0.00038399999999999996
2012-11-30,1.0406,0.00019199999999999998
2012-12-03,1.0408,0.00019199999999999998
2012-12-04,1.0408,0.0
2012-12-05,1.0405,-0.000288
2012-12-06,1.0404,-9.599999999999999e-05
2012-12-07,1.0422,0.0017299999999999998
2012-12-10,1.0438,0.001535
2012-12-11,1.0436,-0.00019199999999999998
2012-12-12,1.0435,-9.599999999999999e-05
2012-12-13,1.0441,0.000575
2012-12-14,1.0471,0.002873
2012-12-17,1.0477,0.0005729999999999999
2012-12-18,1.0467,-0.000954
2012-12-19,1.0456,-0.001051
2012-12-20,1.043,-0.002487
2012-12-21,1.0451,0.002013
2012-12-24,1.0457,0.000574
2012-12-25,1.0475,0.001721
2012-12-26,1.047,-0.000477
2012-12-27,1.0473,0.000287
2012-12-28,1.0487,0.001337
2012-12-31,1.0507,0.001907
2013-01-04,1.0499,-0.000761
2013-01-07,1.0505,0.000571
2013-01-08,1.0505,0.0
2013-01-09,1.0512,0.000666
2013-01-10,1.0534,0.0020930000000000002
2013-01-11,1.0534,0.0
2013-01-14,1.0577,0.004082
2013-01-15,1.0605,0.002647
2013-01-16,1.0629,0.002263
2013-01-17,1.0642,0.0012230000000000001
2013-01-18,1.0675,0.003101
2013-01-21,1.0697,0.002061
2013-01-22,1.0702,0.00046699999999999997
2013-01-23,1.0695,-0.000654
2013-01-24,1.0682,-0.001216
2013-01-25,1.0681,-9.400000000000001e-05
2013-01-28,1.0709,0.002621
2013-01-29,1.0722,0.001214
2013-01-30,1.0744,0.002052
2013-01-31,1.0848,0.00968
2013-02-01,1.0867,0.001751
2013-02-04,1.0869,0.000184
2013-02-05,1.0874,0.00046
2013-02-06,1.0874,0.0
2013-02-07,1.0887,0.001196
2013-02-08,1.0912,0.002296
2013-02-18,1.0928,0.001466
2013-02-19,1.0932,0.000366
2013-02-20,1.0952,0.0018290000000000001
2013-02-21,1.093,-0.002009
2013-02-22,1.0919,-0.001006
2013-02-25,1.0919,0.0
2013-02-26,1.0901,-0.0016489999999999999
2013-02-27,1.0899,-0.000183
2013-02-28,1.0935,0.003303
2013-03-01,1.0941,0.000549
2013-03-04,1.0915,-0.002376
2013-03-05,1.0932,0.001557
2013-03-06,1.0967,0.003202
2013-03-07,1.0967,0.0
2013-03-08,1.0967,0.0
2013-03-11,1.0965,-0.000182
2013-03-12,1.0969,0.000365
2013-03-13,1.0963,-0.000547
2013-03-14,1.0962,-9.1e-05
2013-03-15,1.0969,0.000639
2013-03-18,1.0966,-0.000273
2013-03-19,1.0957,-0.0008210000000000001
2013-03-20,1.0984,0.002464
2013-03-21,1.0995,0.001001
2013-03-22,1.1006,0.001
2013-03-25,1.1019,0.001181
2013-03-26,1.1011,-0.000726
2013-03-27,1.1012,9.1e-05
2013-03-28,1.0985,-0.002452
2013-03-29,1.1002,0.001548
2013-04-01,1.1018,0.001454
2013-04-02,1.1025,0.000635
2013-04-03,1.1042,0.001542
2013-04-08,1.1051,0.0008150000000000001
2013-04-09,1.1097,0.004163
2013-04-10,1.1116,0.001712
2013-04-11,1.1142,0.002339
2013-04-12,1.1142,0.0
2013-04-15,1.1135,-0.000628
2013-04-16,1.1138,0.000269
2013-04-17,1.1124,-0.001257
2013-04-18,1.1111,-0.0011690000000000001
2013-04-19,1.1142,0.0027900000000000004
2013-04-22,1.1112,-0.0026929999999999996
2013-04-23,1.1036,-0.006839
2013-04-24,1.109,0.004893
2013-04-25,1.1084,-0.000541
2013-04-26,1.1081,-0.000271
2013-05-02,1.1079,-0.00017999999999999998
2013-05-03,1.1128,0.004423
2013-05-06,1.1149,0.001887
2013-05-07,1.1157,0.000718
2013-05-08,1.1177,0.0017929999999999999
2013-05-09,1.118,0.000268
2013-05-10,1.1196,0.001431
2013-05-13,1.1194,-0.000179
2013-05-14,1.1191,-0.000268
2013-05-15,1.1198,0.000626
2013-05-16,1.1222,0.002143
2013-05-17,1.1252,0.002673
2013-05-20,1.1282,0.002666
2013-05-21,1.1267,-0.00133
2013-05-22,1.1258,-0.000799
2013-05-23,1.1252,-0.000533
2013-05-24,1.126,0.0007109999999999999
2013-05-27,1.1272,0.001066
2013-05-28,1.1307,0.003105
2013-05-29,1.1308,8.800000000000001e-05
2013-05-30,1.1297,-0.000973
2013-05-31,1.1296,-8.9e-05
2013-06-03,1.1301,0.000443
2013-06-04,1.1292,-0.000796
2013-06-05,1.1281,-0.000974
2013-06-06,1.1255,-0.002305
2013-06-07,1.1243,-0.001066
2013-06-13,1.1214,-0.002579
2013-06-14,1.1204,-0.000892
2013-06-17,1.1209,0.000446
2013-06-18,1.1216,0.000624
2013-06-19,1.1178,-0.003388
2013-06-20,1.1039,-0.012435
2013-06-21,1.1063,0.002174
2013-06-24,1.0922,-0.012745
2013-06-25,1.0945,0.0021060000000000002
2013-06-26,1.1003,0.005299000000000001
2013-06-27,1.101,0.0006360000000000001
2013-06-28,1.1038,0.002543
2013-06-30,1.1038,0.0
2013-07-01,1.1054,0.00145
2013-07-02,1.1066,0.001086
2013-07-03,1.1057,-0.0008129999999999999
2013-07-04,1.107,0.001176
2013-07-05,1.1086,0.0014449999999999999
2013-07-08,1.1059,-0.0024360000000000002
2013-07-09,1.1048,-0.000995
2013-07-10,1.1042,-0.000543
2013-07-11,1.1062,0.0018110000000000001
2013-07-12,1.1023,-0.003526
2013-07-15,1.1029,0.000544
2013-07-16,1.1013,-0.001451
2013-07-17,1.0981,-0.002906
2013-07-18,1.0945,-0.0032779999999999997
2013-07-19,1.0927,-0.001645
2013-07-22,1.0879,-0.004393
2013-07-23,1.0884,0.00046
2013-07-24,1.0879,-0.00045900000000000004
2013-07-25,1.0866,-0.0011949999999999999
2013-07-26,1.0872,0.000552
2013-07-29,1.084,-0.002943
2013-07-30,1.0821,-0.0017530000000000002
2013-07-31,1.0842,0.001941
2013-08-01,1.0874,0.0029509999999999996
2013-08-02,1.0883,0.000828
2013-08-05,1.0868,-0.001378
2013-08-06,1.0873,0.00046
2013-08-07,1.0857,-0.001472
2013-08-08,1.0846,-0.001013
2013-08-09,1.0843,-0.000277
2013-08-12,1.0877,0.003136
2013-08-13,1.087,-0.000644
2013-08-14,1.0829,-0.0037719999999999997
2013-08-15,1.0815,-0.0012929999999999999
2013-08-16,1.0805,-0.000925
2013-08-19,1.0826,0.001944
2013-08-20,1.081,-0.001478
2013-08-21,1.0788,-0.002035
2013-08-22,1.078,-0.000742
2013-08-23,1.0786,0.000557
2013-08-26,1.081,0.002225
2013-08-27,1.0811,9.3e-05
2013-08-28,1.0804,-0.0006469999999999999
2013-08-29,1.0813,0.000833
2013-08-30,1.0842,0.002682
2013-09-02,1.0856,0.0012909999999999998
2013-09-03,1.0873,0.001566
2013-09-04,1.0875,0.000184
2013-09-05,1.0874,-9.2e-05
2013-09-06,1.089,0.001471
2013-09-09,1.0986,0.008815
2013-09-10,1.1015,0.00264
2013-09-11,1.1007,-0.000726
2013-09-12,1.1021,0.0012720000000000001
2013-09-13,1.0979,-0.003811
2013-09-16,1.0976,-0.000273
2013-09-17,1.0952,-0.002187
2013-09-18,1.0974,0.002009
2013-09-23,1.0988,0.001276
2013-09-24,1.0968,-0.00182
2013-09-25,1.0959,-0.0008210000000000001
2013-09-26,1.0929,-0.002737
2013-09-27,1.0921,-0.000732
2013-09-30,1.0919,-0.000183
2013-10-08,1.0951,0.0029310000000000004
2013-10-09,1.0958,0.000639
2013-10-10,1.0952,-0.000548
2013-10-11,1.097,0.0016439999999999998
2013-10-14,1.0966,-0.000365
2013-10-15,1.0952,-0.0012770000000000001
2013-10-16,1.0947,-0.000457
2013-10-17,1.0925,-0.00201
2013-10-18,1.0926,9.2e-05
2013-10-21,1.0951,0.002288
2013-10-22,1.0939,-0.001096
2013-10-23,1.0918,-0.00192
2013-10-24,1.0894,-0.002198
2013-10-25,1.0879,-0.001377
2013-10-28,1.0854,-0.002298
2013-10-29,1.0857,0.000276
2013-10-30,1.0878,0.001934
2013-10-31,1.0884,0.000552
2013-11-01,1.0915,0.002848
2013-11-04,1.0916,9.2e-05
2013-11-05,1.0905,-0.001008
2013-11-06,1.0879,-0.002384
2013-11-07,1.0878,-9.2e-05
2013-11-08,1.0852,-0.0023899999999999998
2013-11-11,1.0819,-0.003041
2013-11-12,1.0806,-0.001202
2013-11-13,1.0732,-0.006848
2013-11-14,1.0689,-0.004007
2013-11-15,1.0664,-0.002339
2013-11-18,1.0674,0.0009379999999999999
2013-11-19,1.064,-0.003185
2013-11-20,1.0599,-0.0038529999999999997
2013-11-21,1.0572,-0.002547
2013-11-22,1.0568,-0.000378
2013-11-25,1.0546,-0.002082
2013-11-26,1.0506,-0.0037930000000000004
2013-11-27,1.0485,-0.001999
2013-11-28,1.0497,0.001144
2013-11-29,1.0513,0.0015240000000000002
2013-12-02,1.0513,0.0
2013-12-03,1.0513,0.0
2013-12-04,1.0526,0.001237
2013-12-05,1.0517,-0.0008550000000000001
2013-12-06,1.0498,-0.001807
2013-12-09,1.0484,-0.001334
2013-12-10,1.0471,-0.00124
2013-12-11,1.0446,-0.002388
2013-12-12,1.0449,0.000287
2013-12-13,1.0467,0.0017230000000000001
2013-12-16,1.045,-0.0016239999999999998
2013-12-17,1.0436,-0.00134
2013-12-18,1.0405,-0.00297
2013-12-19,1.0352,-0.005094
2013-12-20,1.0355,0.00029
2013-12-23,1.0331,-0.002318
2013-12-24,1.0336,0.000484
2013-12-25,1.0378,0.004063
2013-12-26,1.0355,-0.002216
2013-12-27,1.0336,-0.001835
2013-12-30,1.0325,-0.0010639999999999998
2013-12-31,1.0354,0.002809
2014-01-02,1.0347,-0.000676
2014-01-03,1.0329,-0.0017399999999999998
2014-01-06,1.0304,-0.00242
2014-01-07,1.0265,-0.003785
2014-01-08,1.0253,-0.0011690000000000001
2014-01-09,1.02,-0.005169
2014-01-10,1.0164,-0.003529
2014-01-13,1.0115,-0.004821
2014-01-14,1.0101,-0.001384
2014-01-15,1.0102,9.900000000000001e-05
2014-01-16,1.0072,-0.00297
2014-01-17,1.004,-0.0031769999999999997
2014-01-20,0.9959,-0.008067999999999999
2014-01-21,0.9986,0.002711
2014-01-22,1.0028,0.004206
2014-01-23,1.0045,0.0016950000000000001
2014-01-24,1.0097,0.005177
2014-01-27,1.0081,-0.001585
2014-01-28,1.0119,0.003769
2014-01-29,1.0173,0.005336
2014-01-30,1.0172,-9.8e-05
2014-02-07,1.0163,-0.0008849999999999999
2014-02-10,1.0192,0.002853
2014-02-11,1.019,-0.000196
2014-02-12,1.021,0.001963
2014-02-13,1.0242,0.003134
2014-02-14,1.0305,0.006151
2014-02-17,1.0341,0.003493
2014-02-18,1.0332,-0.0008699999999999999
2014-02-19,1.0361,0.002807
2014-02-20,1.0408,0.004536
2014-02-21,1.0446,0.0036509999999999997
2014-02-24,1.0407,-0.003733
2014-02-25,1.0415,0.0007689999999999999
2014-02-26,1.0435,0.00192
2014-02-27,1.049,0.0052710000000000005
2014-02-28,1.0357,-0.012679000000000001
2014-03-03,1.0366,0.0008690000000000001
2014-03-04,1.035,-0.001544
2014-03-05,1.0276,-0.00715
2014-03-06,1.0272,-0.00038899999999999997
2014-03-07,1.0298,0.002531
2014-03-10,1.0278,-0.0019420000000000001
2014-03-11,1.0281,0.000292
2014-03-12,1.0262,-0.0018479999999999998
2014-03-13,1.028,0.001754
2014-03-14,1.029,0.000973
2014-03-17,1.029,0.0
2014-03-18,1.0275,-0.001458
2014-03-19,0.9959,-0.00253
2014-03-20,0.9964,0.0005020000000000001
2014-03-21,0.9978,0.0014050000000000002
2014-03-24,0.9973,-0.000501
2014-03-25,0.9967,-0.000602
2014-03-26,0.9956,-0.001104
2014-03-27,0.9952,-0.000402
2014-03-28,0.9957,0.0005020000000000001
2014-03-31,0.9992,0.003515
2014-04-01,0.9962,-0.0030020000000000003
2014-04-02,0.9968,0.000602
2014-04-03,0.9966,-0.000201
2014-04-04,0.9988,0.002208
2014-04-08,1.0031,0.004305
2014-04-09,1.004,0.000897
2014-04-10,1.0063,0.002291
2014-04-11,1.007,0.000696
2014-04-14,1.0085,0.00149
2014-04-15,1.009,0.000496
2014-04-16,1.0097,0.0006940000000000001
2014-04-17,1.0137,0.003962
2014-04-18,1.0142,0.000493
2014-04-21,1.0134,-0.000789
2014-04-22,1.0145,0.001085
2014-04-23,1.0147,0.000197
2014-04-24,1.0148,9.900000000000001e-05
2014-04-25,1.0155,0.0006900000000000001
2014-04-28,1.0156,9.8e-05
2014-04-29,1.016,0.000394
2014-04-30,1.0204,0.004331
2014-05-05,1.0218,0.001372
2014-05-06,1.025,0.003132
2014-05-07,1.0266,0.0015609999999999999
2014-05-08,1.03,0.003312
2014-05-09,1.0361,0.005921999999999999
2014-05-12,1.0377,0.001544
2014-05-13,1.0386,0.000867
2014-05-14,1.0355,-0.002985
2014-05-15,1.0384,0.002801
2014-05-16,1.0372,-0.001156
2014-05-19,1.0358,-0.00135
2014-05-20,1.0358,0.0
2014-05-21,1.0378,0.001931
2014-05-22,1.0404,0.002505
2014-05-23,1.041,0.000577
2014-05-26,1.0407,-0.000288
2014-05-27,1.0433,0.002498
2014-05-28,1.0457,0.0023
2014-05-29,1.0501,0.004208
2014-05-30,1.0532,0.002952
2014-06-03,1.0603,0.0067410000000000005
2014-06-04,1.0645,0.003961
2014-06-05,1.064,-0.00047
2014-06-06,1.0638,-0.00018800000000000002
2014-06-09,1.0653,0.0014099999999999998
2014-06-10,1.0703,0.004694
2014-06-11,1.0694,-0.000841
2014-06-12,1.0704,0.000935
2014-06-13,1.074,0.0033629999999999997
2014-06-16,1.0774,0.003166
2014-06-17,1.0724,-0.004641
2014-06-18,1.0686,-0.003543
2014-06-19,1.0686,0.0
2014-06-20,1.0724,0.003556
2014-06-23,1.0737,0.001212
2014-06-24,1.0749,0.001118
2014-06-25,1.0756,0.0006510000000000001
2014-06-26,1.0777,0.0019520000000000002
2014-06-27,1.0788,0.001021
2014-06-30,1.0781,-0.000649
2014-07-01,1.0742,-0.0036170000000000004
2014-07-02,1.0723,-0.001769
2014-07-03,1.0729,0.0005600000000000001
2014-07-04,1.0703,-0.002423
2014-07-07,1.0724,0.001962
2014-07-08,1.0726,0.000186
2014-07-09,1.0705,-0.001958
2014-07-10,1.0691,-0.001308
2014-07-11,1.0708,0.00159
2014-07-14,1.0695,-0.001214
2014-07-15,1.0678,-0.00159
2014-07-16,1.0641,-0.0034649999999999998
2014-07-17,1.0599,-0.003947
2014-07-18,1.06,9.400000000000001e-05
2014-07-21,1.0584,-0.0015090000000000001
2014-07-22,1.0611,0.002551
2014-07-23,1.0624,0.001225
2014-07-24,1.0666,0.003953
2014-07-25,1.0696,0.002813
2014-07-28,1.0745,0.004581
2014-07-29,1.0757,0.001117
2014-07-30,1.0767,0.0009299999999999999
2014-07-31,1.0807,0.003715
2014-08-01,1.0819,0.00111
2014-08-04,1.0839,0.0018490000000000002
2014-08-05,1.0835,-0.000369
2014-08-06,1.0845,0.0009229999999999999
2014-08-07,1.0849,0.000369
2014-08-08,1.0864,0.0013830000000000001
2014-08-11,1.0886,0.0020250000000000003
2014-08-12,1.0907,0.001929
2014-08-13,1.0921,0.0012839999999999998
2014-08-14,1.0915,-0.000549
2014-08-15,1.0944,0.002657
2014-08-18,1.0948,0.000365
2014-08-19,1.0968,0.001827
2014-08-20,1.0958,-0.000912
2014-08-21,1.0956,-0.000183
2014-08-22,1.097,0.001278
2014-08-25,1.0984,0.001276
2014-08-26,1.1012,0.002549
2014-08-27,1.1014,0.000182
2014-08-28,1.1007,-0.0006360000000000001
2014-08-29,1.1043,0.003271
2014-09-01,1.1078,0.003169
2014-09-02,1.1144,0.005958
2014-09-03,1.1184,0.003589
2014-09-04,1.1201,0.0015199999999999999
2014-09-05,1.1207,0.000536
2014-09-09,1.1177,-0.002677
2014-09-10,1.1156,-0.001879
2014-09-11,1.117,0.001255
2014-09-12,1.1199,0.002596
2014-09-15,1.1176,-0.002054
2014-09-16,1.1123,-0.004742
2014-09-17,1.1144,0.001888
2014-09-18,1.1166,0.001974
2014-09-19,1.1192,0.002328
2014-09-22,1.1168,-0.002144
2014-09-23,1.1185,0.001522
2014-09-24,1.1199,0.001252
2014-09-25,1.1205,0.000536
2014-09-26,1.1224,0.001696
2014-09-29,1.1251,0.002406
2014-09-30,1.1283,0.0028439999999999997
2014-10-08,1.1317,0.003013
2014-10-09,1.1329,0.00106
2014-10-10,1.1318,-0.0009710000000000001
2014-10-13,1.1315,-0.000265
2014-10-14,1.1356,0.003624
2014-10-15,1.1424,0.005988
2014-10-16,1.145,0.002276
2014-10-17,1.1509,0.005153
2014-10-20,1.1573,0.005561
2014-10-21,1.1612,0.00337
2014-10-22,1.164,0.002411
2014-10-23,1.1649,0.0007729999999999999
2014-10-24,1.1657,0.000687
2014-10-27,1.1656,-8.6e-05
2014-10-28,1.1693,0.003174
2014-10-29,1.176,0.00573
2014-10-30,1.1812,0.004422
2014-10-31,1.1869,0.0048259999999999996
2014-11-03,1.1936,0.005645
2014-11-04,1.2006,0.005865
2014-11-05,1.2042,0.002999
2014-11-06,1.2061,0.001578
2014-11-07,1.2146,0.007048
2014-11-10,1.2333,0.015396
2014-11-11,1.2359,0.002108
2014-11-12,1.2379,0.001618
2014-11-13,1.2366,-0.00105
2014-11-14,1.2259,-0.008653
2014-11-17,1.2109,-0.012236
2014-11-18,1.2069,-0.003303
2014-11-19,1.208,0.000911
2014-11-20,1.2107,0.002235
2014-11-21,1.2155,0.003965
2014-11-24,1.2343,0.015467
2014-11-25,1.2362,0.001539
2014-11-26,1.2403,0.003317
2014-11-27,1.242,0.001371
2014-11-28,1.2486,0.005314
2014-12-01,1.2422,-0.0051259999999999995
2014-12-02,1.2544,0.009821
2014-12-03,1.2474,-0.005580000000000001
2014-12-04,1.2695,0.017717
2014-12-05,1.2623,-0.005672
2014-12-08,1.2742,0.009427
2014-12-09,1.2205,-0.042144
2014-12-10,1.2395,0.015567
2014-12-11,1.2321,-0.00597
2014-12-12,1.235,0.002354
2014-12-15,1.2323,-0.002186
2014-12-16,1.2518,0.015824
2014-12-17,1.2651,0.010625
2014-12-18,1.2647,-0.00031600000000000004
2014-12-19,1.2682,0.002767
2014-12-22,1.2858,0.013878
2014-12-23,1.2846,-0.0009329999999999999
2014-12-24,1.2868,0.0017130000000000001
2014-12-25,1.3018,0.011656999999999999
2014-12-26,1.3102,0.0064529999999999995
2014-12-29,1.3171,0.005266
2014-12-30,1.3243,0.005467
2014-12-31,1.3321,0.005889999999999999
2015-01-05,1.3402,0.006081
2015-01-06,1.3336,-0.004925
2015-01-07,1.3395,0.004424
2015-01-08,1.3237,-0.011795
2015-01-09,1.3334,0.007328
2015-01-12,1.3306,-0.0021
2015-01-13,1.3348,0.003156
2015-01-14,1.3413,0.00487
2015-01-15,1.3566,0.011407
2015-01-16,1.3649,0.006118
2015-01-19,1.3346,-0.022199
2015-01-20,1.3441,0.007118
2015-01-21,1.3661,0.016368
2015-01-22,1.3717,0.004099
2015-01-23,1.3759,0.0030620000000000005
2015-01-26,1.3658,-0.0073409999999999994
2015-01-27,1.3544,-0.008347
2015-01-28,1.3454,-0.006645
2015-01-29,1.3386,-0.0050539999999999995
2015-01-30,1.3378,-0.000598
2015-02-02,1.3195,-0.013678999999999998
2015-02-03,1.3344,0.011292
2015-02-04,1.3268,-0.005695
2015-02-05,1.3306,0.002864
2015-02-06,1.3275,-0.00233
2015-02-09,1.3365,0.0067800000000000004
2015-02-10,1.3452,0.00651
2015-02-11,1.3477,0.0018579999999999998
2015-02-12,1.3513,0.002671
2015-02-13,1.3589,0.0056240000000000005
2015-02-16,1.3634,0.003312
2015-02-17,1.3688,0.003961
2015-02-25,1.3576,-0.008182
2015-02-26,1.3666,0.006629
2015-02-27,1.3641,-0.0018290000000000001
2015-03-02,1.3625,-0.001173
2015-03-03,1.3545,-0.0058720000000000005
2015-03-04,1.3506,-0.002879
2015-03-05,1.3404,-0.007552
2015-03-06,1.3399,-0.000373
2015-03-09,1.3525,0.009404000000000001
2015-03-10,1.3453,-0.005323
2015-03-11,1.3525,0.005352
2015-03-12,1.3691,0.012274
2015-03-13,1.3686,-0.000365
2015-03-16,1.3752,0.004822
2015-03-17,1.3791,0.002836
2015-03-18,1.3851,0.004351
2015-03-19,1.3761,-0.006498
2015-03-20,1.3862,0.00734
2015-03-23,1.3885,0.0016589999999999999
2015-03-24,1.3806,-0.00569
2015-03-25,1.3667,-0.010067999999999999
2015-03-26,1.3619,-0.003512
2015-03-27,1.3614,-0.00036700000000000003
2015-03-30,1.3708,0.006905
2015-03-31,1.3579,-0.009411000000000001
2015-04-01,1.3654,0.005523
2015-04-02,1.3674,0.001465
2015-04-03,1.369,0.00117
2015-04-07,1.369,0.0
2015-04-08,1.3636,-0.003944
2015-04-09,1.3556,-0.005867
2015-04-10,1.363,0.005459
2015-04-13,1.3698,0.004989
2015-04-14,1.3672,-0.001898
2015-04-15,1.3682,0.000731
2015-04-16,1.3815,0.009721
2015-04-17,1.3959,0.010423
2015-04-20,1.3919,-0.002866
2015-04-21,1.4071,0.010920000000000001
2015-04-22,1.4201,0.009239
2015-04-23,1.4173,-0.001972
2015-04-24,1.4062,-0.007832
2015-04-27,1.4137,0.005334
2015-04-28,1.2891,-0.0032540000000000004
2015-04-29,1.2905,0.001086
2015-04-30,1.29,-0.000387
2015-05-04,1.2908,0.00062
2015-05-05,1.2687,-0.017121
2015-05-06,1.266,-0.0021279999999999997
2015-05-07,1.2618,-0.0033179999999999998
2015-05-08,1.2654,0.002853
2015-05-11,1.2732,0.006163999999999999
2015-05-12,1.2846,0.008954
2015-05-13,1.2846,0.0
2015-05-14,1.2905,0.004593
2015-05-15,1.287,-0.002712
2015-05-18,1.277,-0.00777
2015-05-19,1.2865,0.007439
2015-05-20,1.2948,0.006452
2015-05-21,1.3062,0.008804
2015-05-22,1.3227,0.012632
2015-05-25,1.3451,0.016935
2015-05-26,1.3548,0.0072109999999999995
2015-05-27,1.3546,-0.00014800000000000002
2015-05-28,1.3207,-0.025026000000000003
2015-05-29,1.328,0.005527
2015-06-01,1.3585,0.022967
2015-06-02,1.3737,0.011189
2015-06-03,1.3697,-0.002912
2015-06-04,1.3631,-0.004819
2015-06-05,1.3634,0.00021999999999999998
2015-06-08,1.3679,0.003301
2015-06-09,1.3712,0.002412
2015-06-10,1.3675,-0.002698
2015-06-11,1.3626,-0.0035830000000000002
2015-06-12,1.3681,0.0040360000000000005
2015-06-15,1.3684,0.00021899999999999998
2015-06-16,1.3423,-0.019073
2015-06-17,1.3416,-0.000521
2015-06-18,1.3188,-0.016995
2015-06-19,1.2888,-0.022748
2015-06-23,1.2869,-0.001474
2015-06-24,1.2984,0.008936
2015-06-25,1.2793,-0.01471
2015-06-26,1.2518,-0.021496
2015-06-29,1.2404,-0.009106999999999999
2015-06-30,1.2646,0.01951
2015-07-01,1.2447,-0.015736
2015-07-02,1.2351,-0.007713
2015-07-03,1.2207,-0.011659
2015-07-06,1.2326,0.009749
2015-07-07,1.246,0.010870999999999999
2015-07-08,1.2401,-0.004735
2015-07-09,1.2431,0.002419
2015-07-10,1.2409,-0.0017699999999999999
2015-07-13,1.2387,-0.001773
2015-07-14,1.2364,-0.0018570000000000001
2015-07-15,1.239,0.002103
2015-07-16,1.2383,-0.000565
2015-07-17,1.242,0.002988
2015-07-20,1.2449,0.0023350000000000003
2015-07-21,1.2451,0.000161
2015-07-22,1.2459,0.0006429999999999999
2015-07-23,1.2524,0.005217
2015-07-24,1.2475,-0.003912
2015-07-27,1.2391,-0.006733
2015-07-28,1.2454,0.005084
2015-07-29,1.2466,0.000964
2015-07-30,1.2469,0.000241
2015-07-31,1.2476,0.000561
2015-08-03,1.2498,0.001763
2015-08-04,1.2544,0.003681
2015-08-05,1.2562,0.0014349999999999999
2015-08-06,1.2601,0.003105
2015-08-07,1.2637,0.002857
2015-08-10,1.2672,0.0027700000000000003
2015-08-11,1.2611,-0.004814
2015-08-12,1.2587,-0.001903
2015-08-13,1.2604,0.001351
2015-08-14,1.2608,0.000317
2015-08-17,1.2604,-0.000317
2015-08-18,1.2573,-0.00246
2015-08-19,1.2604,0.0024660000000000003
2015-08-20,1.2597,-0.000555
2015-08-21,1.2584,-0.001032
2015-08-24,1.2509,-0.00596
2015-08-25,1.2465,-0.003517
2015-08-26,1.2512,0.003771
2015-08-27,1.2588,0.006074
2015-08-28,1.2608,0.0015890000000000001
2015-08-31,1.2661,0.004204
2015-09-01,1.2676,0.0011849999999999999
2015-09-02,1.2699,0.001814
2015-09-07,1.2718,0.0014960000000000002
2015-09-08,1.2723,0.000393
2015-09-09,1.2738,0.0011790000000000001
2015-09-10,1.2728,-0.000785
2015-09-11,1.2741,0.001021
2015-09-14,1.2743,0.000157
2015-09-15,1.274,-0.000235
2015-09-16,1.2764,0.001884
2015-09-17,1.2762,-0.000157
2015-09-18,1.2767,0.000392
2015-09-21,1.279,0.001802
2015-09-22,1.2789,-7.8e-05
2015-09-23,1.2771,-0.0014069999999999998
2015-09-24,1.2768,-0.000235
2015-09-25,1.2762,-0.00047
2015-09-28,1.2775,0.001019
2015-09-29,1.2791,0.001252
2015-09-30,1.2801,0.000782
2015-10-08,1.2802,7.8e-05
2015-10-09,1.2836,0.002656
2015-10-12,1.2888,0.004051
2015-10-13,1.2911,0.001785
2015-10-14,1.2955,0.003408
2015-10-15,1.2962,0.00054
2015-10-16,1.2958,-0.00030900000000000003
2015-10-19,1.2951,-0.00054
2015-10-20,1.2976,0.00193
2015-10-21,1.2978,0.000154
2015-10-22,1.2992,0.0010789999999999999
2015-10-23,1.3027,0.0026939999999999998
2015-10-26,1.3079,0.003992
2015-10-27,1.312,0.003135
2015-10-28,1.3137,0.0012959999999999998
2015-10-29,1.3106,-0.0023599999999999997
2015-10-30,1.3104,-0.000153
2015-11-02,1.3091,-0.000992
2015-11-03,1.3081,-0.0007639999999999999
2015-11-04,1.3055,-0.001988
2015-11-05,1.3042,-0.000996
2015-11-06,1.3058,0.001227
2015-11-09,1.2965,-0.007122000000000001
2015-11-10,1.2948,-0.0013109999999999999
2015-11-11,1.2987,0.0030120000000000004
2015-11-12,1.2986,-7.7e-05
2015-11-13,1.2999,0.001001
2015-11-16,1.3004,0.000385
2015-11-17,1.301,0.00046100000000000004
2015-11-18,1.2993,-0.001307
2015-11-19,1.2995,0.000154
2015-11-20,1.3014,0.001462
2015-11-23,1.3009,-0.00038399999999999996
2015-11-24,1.3021,0.0009220000000000001
2015-11-25,1.3051,0.002304
2015-11-26,1.3082,0.002375
2015-11-27,1.3098,0.0012230000000000001
2015-11-30,1.3132,0.002596
2015-12-01,1.3137,0.00038100000000000005
2015-12-02,1.3153,0.0012180000000000001
2015-12-03,1.316,0.0005319999999999999
2015-12-04,1.3194,0.0025840000000000004
2015-12-07,1.3214,0.0015160000000000002
2015-12-08,1.3239,0.001892
2015-12-09,1.3257,0.00136
2015-12-10,1.328,0.0017349999999999998
2015-12-11,1.3287,0.000527
2015-12-14,1.328,-0.000527
2015-12-15,1.3286,0.000452
2015-12-16,1.3294,0.000602
2015-12-17,1.3308,0.0010530000000000001
2015-12-18,1.3358,0.003757
2015-12-21,1.3417,0.004417
2015-12-22,1.3461,0.0032790000000000002
2015-12-23,1.3462,7.400000000000001e-05
2015-12-24,1.3534,0.005348
2015-12-25,1.3553,0.0014039999999999999
2015-12-28,1.3568,0.0011070000000000001
2015-12-29,1.3567,-7.400000000000001e-05
2015-12-30,1.3554,-0.000958
2015-12-31,1.3555,7.400000000000001e-05
2016-01-04,1.3493,-0.004574
2016-01-05,1.3453,-0.0029649999999999998
2016-01-06,1.3473,0.001487
2016-01-07,1.3523,0.003711
2016-01-08,1.3559,0.002662
2016-01-11,1.3576,0.0012540000000000001
2016-01-12,1.3619,0.0031669999999999997
2016-01-13,1.368,0.004479
2016-01-14,1.3699,0.001389
2016-01-15,1.368,-0.001387
2016-01-18,1.3651,-0.00212
2016-01-19,1.2338,-0.002417
2016-01-20,1.2311,-0.002188
2016-01-21,1.2325,0.001137
2016-01-22,1.2358,0.002677
2016-01-25,1.2299,-0.004774
2016-01-26,1.2299,0.0
2016-01-27,1.2232,-0.005448
2016-01-28,1.2232,0.0
2016-01-29,1.2269,0.003025
2016-02-01,1.2273,0.00032599999999999996
2016-02-02,1.224,-0.0026889999999999996
2016-02-03,1.2213,-0.002206
2016-02-04,1.2226,0.0010639999999999998
2016-02-05,1.224,0.001145
2016-02-15,1.2318,0.006373
2016-02-16,1.2275,-0.003491
2016-02-17,1.2251,-0.001955
2016-02-18,1.2236,-0.001224
2016-02-19,1.2247,0.000899
2016-02-22,1.225,0.000245
2016-02-23,1.2252,0.00016299999999999998
2016-02-24,1.2241,-0.000898
2016-02-25,1.2216,-0.002042
2016-02-26,1.2219,0.000246
2016-02-29,1.2211,-0.000655
2016-03-01,1.221,-8.2e-05
2016-03-02,1.2192,-0.001474
2016-03-03,1.2176,-0.001312
2016-03-04,1.2172,-0.000329
2016-03-07,1.2152,-0.001643
2016-03-08,1.2137,-0.0012339999999999999
2016-03-09,1.2168,0.0025540000000000003
2016-03-10,1.2214,0.00378
2016-03-11,1.2248,0.002784
2016-03-14,1.2247,-8.2e-05
2016-03-15,1.2256,0.000735
2016-03-16,1.229,0.002774
2016-03-17,1.2306,0.0013020000000000002
2016-03-18,1.2305,-8.099999999999999e-05
2016-03-21,1.2292,-0.001056
2016-03-22,1.229,-0.00016299999999999998
2016-03-23,1.2302,0.0009760000000000001
2016-03-24,1.2306,0.000325
2016-03-25,1.2298,-0.00065
2016-03-28,1.2269,-0.0023580000000000003
2016-03-29,1.2269,0.0
2016-03-30,1.2287,0.001467
2016-03-31,1.23,0.0010580000000000001
2016-04-01,1.2304,0.000325
2016-04-05,1.2295,-0.000731
2016-04-06,1.2294,-8.099999999999999e-05
2016-04-07,1.2281,-0.001057
2016-04-08,1.2272,-0.000733
2016-04-11,1.2267,-0.000407
2016-04-12,1.2248,-0.001549
2016-04-13,1.219,-0.004735
2016-04-14,1.216,-0.002461
2016-04-15,1.218,0.001645
2016-04-18,1.2186,0.000493
2016-04-19,1.2174,-0.000985
2016-04-20,1.2113,-0.005011
2016-04-21,1.2061,-0.004293
2016-04-22,1.2046,-0.0012439999999999999
2016-04-25,1.1967,-0.0065580000000000005
2016-04-26,1.1999,0.002674
2016-04-27,1.2019,0.0016669999999999999
2016-04-28,1.2036,0.001414
2016-04-29,1.2034,-0.000166
2016-05-03,1.2092,0.00482
2016-05-04,1.2085,-0.000579
2016-05-05,1.2083,-0.000165
2016-05-06,1.2076,-0.000579
2016-05-09,1.2127,0.004223
2016-05-10,1.2163,0.002969
2016-05-11,1.217,0.000576
2016-05-12,1.2203,0.002712
2016-05-13,1.222,0.0013930000000000001
2016-05-16,1.2219,-8.2e-05
2016-05-17,1.2202,-0.001391
2016-05-18,1.2171,-0.002541
2016-05-19,1.2154,-0.0013969999999999998
2016-05-20,1.2164,0.000823
2016-05-23,1.2163,-8.2e-05
2016-05-24,1.2185,0.001809
2016-05-25,1.2197,0.000985
2016-05-26,1.219,-0.000574
2016-05-27,1.2184,-0.000492
2016-05-30,1.2176,-0.0006569999999999999
2016-05-31,1.2179,0.000246
2016-06-01,1.2179,0.0
2016-06-02,1.2177,-0.000164
2016-06-03,1.2173,-0.000328
2016-06-06,1.2177,0.000329
2016-06-07,1.2183,0.000493
2016-06-08,1.2189,0.000492
2016-06-13,1.2202,0.001067
2016-06-14,1.2229,0.002213
2016-06-15,1.224,0.0009
2016-06-16,1.2249,0.000735
2016-06-17,1.2259,0.0008160000000000001
2016-06-20,1.2268,0.0007340000000000001
2016-06-21,1.2273,0.00040800000000000005
2016-06-22,1.2291,0.001467
2016-06-23,1.2293,0.00016299999999999998
2016-06-24,1.2323,0.00244
2016-06-27,1.2367,0.0035709999999999995
2016-06-28,1.2368,8.099999999999999e-05
2016-06-29,1.2356,-0.00097
2016-06-30,1.2378,0.001781
2016-07-01,1.241,0.002585
2016-07-04,1.2409,-8.099999999999999e-05
2016-07-05,1.2398,-0.000886
2016-07-06,1.2415,0.001371
2016-07-07,1.2443,0.002255
2016-07-08,1.2452,0.000723
2016-07-11,1.2453,8e-05
2016-07-12,1.2442,-0.000883
2016-07-13,1.2431,-0.000884
2016-07-14,1.2424,-0.000563
2016-07-15,1.2436,0.0009660000000000001
2016-07-18,1.2446,0.000804
2016-07-19,1.2456,0.000803
2016-07-20,1.2497,0.003292
2016-07-21,1.2536,0.003121
2016-07-22,1.2533,-0.000239
2016-07-25,1.2517,-0.0012770000000000001
2016-07-26,1.2533,0.001278
2016-07-27,1.2544,0.000878
2016-07-28,1.2562,0.0014349999999999999
2016-07-29,1.257,0.0006370000000000001
2016-08-01,1.2573,0.000239
2016-08-02,1.2575,0.00015900000000000002
2016-08-03,1.2578,0.000239
2016-08-04,1.2581,0.000239
2016-08-05,1.2595,0.001113
2016-08-08,1.2608,0.001032
2016-08-09,1.2642,0.0026969999999999997
2016-08-10,1.2675,0.00261
2016-08-11,1.2684,0.0007099999999999999
2016-08-12,1.2708,0.001892
2016-08-15,1.2749,0.003226
2016-08-16,1.2738,-0.000863
2016-08-17,1.2719,-0.001492
2016-08-18,1.2713,-0.000472
2016-08-19,1.2687,-0.002045
2016-08-22,1.27,0.0010249999999999999
2016-08-23,1.2673,-0.0021260000000000003
2016-08-24,1.264,-0.0026040000000000004
2016-08-25,1.2644,0.00031600000000000004
2016-08-26,1.2658,0.0011070000000000001
2016-08-29,1.2648,-0.00079
2016-08-30,1.2616,-0.00253
2016-08-31,1.2619,0.000238
2016-09-01,1.2617,-0.00015800000000000002
2016-09-02,1.2628,0.0008719999999999999
2016-09-05,1.2626,-0.00015800000000000002
2016-09-06,1.2618,-0.000634
2016-09-07,1.2606,-0.000951
2016-09-08,1.2608,0.00015900000000000002
2016-09-09,1.2622,0.00111
2016-09-12,1.261,-0.000951
2016-09-13,1.2627,0.001348
2016-09-14,1.2637,0.0007920000000000001
2016-09-19,1.2653,0.001266
2016-09-20,1.2665,0.000948
2016-09-21,1.2661,-0.00031600000000000004
2016-09-22,1.2674,0.001027
2016-09-23,1.2691,0.001341
2016-09-26,1.2703,0.000946
2016-09-27,1.2705,0.000157
2016-09-28,1.2702,-0.000236
2016-09-29,1.2704,0.000157
2016-09-30,1.2708,0.000315
2016-10-10,1.2772,0.0050360000000000005
2016-10-11,1.2768,-0.000313
2016-10-12,1.2752,-0.001253
2016-10-13,1.2758,0.000471
2016-10-14,1.2769,0.000862
2016-10-17,1.2776,0.000548
2016-10-18,1.2776,0.0
2016-10-19,1.2793,0.001331
2016-10-20,1.2815,0.00172
2016-10-21,1.2821,0.000468
2016-10-24,1.2805,-0.001248
2016-10-25,1.2795,-0.000781
2016-10-26,1.2759,-0.0028139999999999997
2016-10-27,1.2762,0.000235
2016-10-28,1.2768,0.00047
2016-10-31,1.2739,-0.002271
2016-11-01,1.2728,-0.000863
2016-11-02,1.2726,-0.000157
2016-11-03,1.2736,0.000786
2016-11-04,1.2737,7.900000000000001e-05
2016-11-07,1.2721,-0.001256
2016-11-08,1.2707,-0.001101
2016-11-09,1.2711,0.000315
2016-11-10,1.2684,-0.002124
2016-11-11,1.2655,-0.002286
2016-11-14,1.2619,-0.002845
2016-11-15,1.2587,-0.002536
2016-11-16,1.2574,-0.001033
2016-11-17,1.2515,-0.004692
2016-11-18,1.2499,-0.001278
2016-11-21,1.2512,0.00104
2016-11-22,1.2521,0.000719
2016-11-23,1.2538,0.001358
2016-11-24,1.2548,0.000798
2016-11-25,1.254,-0.000638
2016-11-28,1.2546,0.000478
2016-11-29,1.2508,-0.003029
2016-11-30,1.2472,-0.002878
2016-12-01,1.2403,-0.0055320000000000005
2016-12-02,1.237,-0.002661
2016-12-05,1.2346,-0.00194
2016-12-06,1.2256,-0.00729
2016-12-07,1.2242,-0.001142
2016-12-08,1.2248,0.00049
2016-12-09,1.2235,-0.001061
2016-12-12,1.2152,-0.006784
2016-12-13,1.2072,-0.006583
2016-12-14,1.2014,-0.004805
2016-12-15,1.1817,-0.016398
2016-12-16,1.1853,0.0030459999999999997
2016-12-19,1.1788,-0.005484
2016-12-20,1.1757,-0.00263
2016-12-21,1.1822,0.005528999999999999
2016-12-22,1.1898,0.006429000000000001
2016-12-23,1.1917,0.0015970000000000001
2016-12-26,1.1919,0.000168
2016-12-27,1.1923,0.000336
2016-12-28,1.1934,0.0009229999999999999
2016-12-29,1.197,0.003017
2016-12-30,1.2014,0.003676
2016-12-31,1.2015,8.3e-05
2017-01-03,1.2008,-0.000499
2017-01-04,1.1991,-0.001416
2017-01-05,1.1956,-0.0029189999999999997
2017-01-06,1.196,0.000335
2017-01-09,1.197,0.0008359999999999999
2017-01-10,1.1994,0.0020050000000000003
2017-01-11,1.1997,0.00025
2017-01-12,1.1988,-0.00075
2017-01-13,1.2,0.001001
2017-01-16,1.1982,-0.0015
2017-01-17,1.1939,-0.003589
2017-01-18,1.1925,-0.001173
2017-01-19,1.1911,-0.0011740000000000001
2017-01-20,1.192,0.000756
2017-01-23,1.193,0.000839
2017-01-24,1.1879,-0.004275
2017-01-25,1.1812,-0.005639999999999999
2017-01-26,1.1819,0.000593
2017-02-03,1.1701,-0.009984
2017-02-06,1.1623,-0.006666
2017-02-07,1.158,-0.0037
2017-02-08,1.1597,0.0014680000000000001
2017-02-09,1.1634,0.00319
2017-02-10,1.1655,0.001805
2017-02-13,1.1651,-0.000343
2017-02-14,1.1656,0.000429
2017-02-15,1.1659,0.000257
2017-02-16,1.167,0.0009429999999999999
2017-02-17,1.1683,0.001114
2017-02-20,1.1718,0.002996
2017-02-21,1.1703,-0.00128
2017-02-22,1.1714,0.00094
2017-02-23,1.1727,0.00111
2017-02-24,1.1728,8.5e-05
2017-02-27,1.1735,0.000597
2017-02-28,1.1723,-0.001023
2017-03-01,1.1696,-0.002303
2017-03-02,1.1679,-0.001453
2017-03-03,1.1662,-0.001456
2017-03-06,1.1636,-0.002229
2017-03-07,1.1639,0.000258
2017-03-08,1.1629,-0.0008590000000000001
2017-03-09,1.1609,-0.00172
2017-03-10,1.1612,0.000258
2017-03-13,1.1609,-0.000258
2017-03-14,1.1621,0.001034
2017-03-15,1.1616,-0.00043
2017-03-16,1.1651,0.003013
2017-03-17,1.1635,-0.001373
2017-03-20,1.1627,-0.000688
2017-03-21,1.1615,-0.001032
2017-03-22,1.1624,0.000775
2017-03-23,1.1619,-0.00043
2017-03-24,1.1625,0.000516
2017-03-27,1.1654,0.002495
2017-03-28,1.169,0.003089
2017-03-29,1.168,-0.0008550000000000001
2017-03-30,1.1676,-0.000342
2017-03-31,1.1667,-0.000771
2017-04-05,1.1661,-0.000514
2017-04-06,1.1657,-0.000343
2017-04-07,1.1662,0.000429
2017-04-10,1.1668,0.000514
2017-04-11,1.1661,-0.0006
2017-04-12,1.1658,-0.000257
2017-04-13,1.1662,0.000343
2017-04-14,1.1639,-0.001972
2017-04-17,1.1588,-0.004382
2017-04-18,1.157,-0.001553
2017-04-19,1.1578,0.000691
2017-04-20,1.1573,-0.00043200000000000004
2017-04-21,1.1547,-0.0022470000000000003
2017-04-24,1.1505,-0.003637
2017-04-25,1.152,0.0013039999999999998
2017-04-26,1.1518,-0.000174
2017-04-27,1.1534,0.001389
2017-04-28,1.1523,-0.000954
2017-05-02,1.1503,-0.0017360000000000001
2017-05-03,1.1486,-0.001478
2017-05-04,1.1452,-0.00296
2017-05-05,1.1461,0.000786
2017-05-08,1.1427,-0.002967
2017-05-09,1.139,-0.0032379999999999996
2017-05-10,1.1345,-0.003951
2017-05-11,1.1358,0.0011459999999999999
2017-05-12,1.1348,-0.0008799999999999999
2017-05-15,1.1358,0.000881
2017-05-16,1.1351,-0.000616
2017-05-17,1.1337,-0.0012330000000000002
2017-05-18,1.1351,0.001235
2017-05-19,1.1343,-0.0007049999999999999
2017-05-22,1.1322,-0.0018509999999999998
2017-05-23,1.1322,0.0
2017-05-24,1.1327,0.000442
2017-05-25,1.1336,0.000795
2017-05-26,1.1334,-0.00017600000000000002
2017-05-31,1.1359,0.002206
2017-06-01,1.1365,0.000528
2017-06-02,1.1367,0.00017600000000000002
2017-06-05,1.1387,0.001759
2017-06-06,1.139,0.000263
2017-06-07,1.139,0.0
2017-06-08,1.1401,0.0009660000000000001
2017-06-09,1.1415,0.0012280000000000001
2017-06-12,1.1468,0.0046429999999999996
2017-06-13,1.15,0.0027900000000000004
2017-06-14,1.1523,0.002
2017-06-15,1.1537,0.001215
2017-06-16,1.1533,-0.00034700000000000003
2017-06-19,1.1604,0.006156
2017-06-20,1.1646,0.003619
2017-06-21,1.1638,-0.000687
2017-06-22,1.1617,-0.001804
2017-06-23,1.1632,0.0012909999999999998
2017-06-26,1.1656,0.002063
2017-06-27,1.1673,0.001458
2017-06-28,1.1678,0.000428
2017-06-29,1.1674,-0.000343
2017-06-30,1.1666,-0.0006850000000000001
2017-07-03,1.1653,-0.001114
2017-07-04,1.1639,-0.001201
2017-07-05,1.1651,0.001031
2017-07-06,1.167,0.0016309999999999999
2017-07-07,1.1666,-0.000343
2017-07-10,1.1666,0.0
2017-07-11,1.1671,0.000429
2017-07-12,1.1683,0.001028
2017-07-13,1.1703,0.001712
2017-07-14,1.1697,-0.000513
2017-07-17,1.1703,0.000513
2017-07-18,1.168,-0.001965
2017-07-19,1.1701,0.001798
2017-07-20,1.1707,0.000513
2017-07-21,1.1703,-0.000342
2017-07-24,1.1704,8.5e-05
2017-07-25,1.1694,-0.000854
2017-07-26,1.1684,-0.0008550000000000001
2017-07-27,1.1685,8.6e-05
2017-07-28,1.1686,8.6e-05
2017-07-31,1.167,-0.001369
2017-08-01,1.166,-0.000857
2017-08-02,1.1664,0.000343
2017-08-03,1.166,-0.000343
2017-08-04,1.1657,-0.000257
2017-08-07,1.1625,-0.002745
2017-08-08,1.1617,-0.000688
2017-08-09,1.1618,8.6e-05
2017-08-10,1.1637,0.0016350000000000002
2017-08-11,1.166,0.001976
2017-08-14,1.1673,0.001115
2017-08-15,1.1683,0.000857
2017-08-16,1.1661,-0.001883
2017-08-17,1.165,-0.0009429999999999999
2017-08-18,1.1642,-0.000687
2017-08-21,1.1624,-0.0015459999999999998
2017-08-22,1.162,-0.000344
2017-08-23,1.1613,-0.000602
2017-08-24,1.1606,-0.000603
2017-08-25,1.1597,-0.000775
2017-08-28,1.1576,-0.0018110000000000001
2017-08-29,1.1589,0.0011229999999999999
2017-08-30,1.1584,-0.000431
2017-08-31,1.159,0.000518
2017-09-01,1.1587,-0.000259
2017-09-04,1.158,-0.000604
2017-09-05,1.1563,-0.0014680000000000001
2017-09-06,1.1573,0.0008649999999999999
2017-09-07,1.1608,0.003024
2017-09-08,1.1624,0.001378
2017-09-11,1.1623,-8.6e-05
2017-09-12,1.1621,-0.000172
2017-09-13,1.1612,-0.000774
2017-09-14,1.1643,0.00267
2017-09-15,1.165,0.000601
2017-09-18,1.164,-0.000858
2017-09-19,1.1644,0.000344
2017-09-20,1.1648,0.000344
2017-09-21,1.1639,-0.0007729999999999999
2017-09-22,1.1649,0.0008590000000000001
2017-09-25,1.1675,0.002232
2017-09-26,1.1667,-0.0006850000000000001
2017-09-27,1.1665,-0.000171
2017-09-28,1.1679,0.0012
2017-09-29,1.168,8.6e-05
2017-10-09,1.1667,-0.001113
2017-10-10,1.1663,-0.000343
2017-10-11,1.1658,-0.000429
2017-10-12,1.1639,-0.0016300000000000002
2017-10-13,1.1641,0.000172
2017-10-16,1.1598,-0.0036940000000000002
2017-10-17,1.1584,-0.001207
2017-10-18,1.1588,0.00034500000000000004
2017-10-19,1.1604,0.001381
2017-10-20,1.16,-0.00034500000000000004
2017-10-23,1.1597,-0.000259
2017-10-24,1.1598,8.6e-05
2017-10-25,1.1574,-0.002069
2017-10-26,1.1556,-0.001555
2017-10-27,1.1532,-0.002077
2017-10-30,1.1457,-0.006503999999999999
2017-10-31,1.1464,0.000611
2017-11-01,1.1492,0.002442
2017-11-02,1.1477,-0.001305
2017-11-03,1.1469,-0.000697
2017-11-06,1.147,8.7e-05
2017-11-07,1.1453,-0.001482
2017-11-08,1.1446,-0.000611
2017-11-09,1.1436,-0.0008740000000000001
2017-11-10,1.1412,-0.002099
2017-11-13,1.1345,-0.0058709999999999995
2017-11-14,1.1329,-0.0014099999999999998
2017-11-15,1.1332,0.000265
2017-11-16,1.1347,0.0013239999999999999
2017-11-17,1.1341,-0.0005290000000000001
2017-11-20,1.1329,-0.0010580000000000001
2017-11-21,1.1287,-0.003707
2017-11-22,1.1167,-0.010631999999999999
2017-11-23,1.1167,0.0
2017-11-24,1.12,0.0029549999999999997
2017-11-27,1.121,0.000893
2017-11-28,1.1201,-0.000803
2017-11-29,1.121,0.000803
2017-11-30,1.1216,0.000535
2017-12-01,1.1218,0.000178
2017-12-04,1.1223,0.000446
2017-12-05,1.123,0.000624
2017-12-06,1.1235,0.000445
2017-12-07,1.1244,0.0008010000000000001
2017-12-08,1.126,0.001423
2017-12-11,1.1247,-0.001155
2017-12-12,1.122,-0.002401
2017-12-13,1.121,-0.000891
2017-12-14,1.1208,-0.000178
2017-12-15,1.1223,0.001338
2017-12-18,1.1219,-0.000356
2017-12-19,1.1207,-0.00107
2017-12-20,1.1186,-0.001874
2017-12-21,1.1169,-0.0015199999999999999
2017-12-22,1.1175,0.0005369999999999999
2017-12-25,1.1175,0.0
2017-12-26,1.1157,-0.001611
2017-12-27,1.1131,-0.00233
2017-12-28,1.1133,0.00017999999999999998
2017-12-29,1.1141,0.000719
2017-12-31,1.1143,0.0
2018-01-02,1.1171,0.0026929999999999996
2018-01-03,1.119,0.001701
2018-01-04,1.1182,-0.0007149999999999999
2018-01-05,1.1208,0.0023250000000000002
2018-01-08,1.1203,-0.000446
2018-01-09,1.1193,-0.000893
2018-01-10,1.1179,-0.001251
2018-01-11,1.1174,-0.00044699999999999997
2018-01-12,1.1187,0.001163
2018-01-15,1.1166,-0.001877
2018-01-16,1.1178,0.001075
2018-01-17,1.119,0.0010739999999999999
2018-01-18,1.1215,0.002234
2018-01-19,1.1245,0.0026750000000000003
2018-01-22,1.1267,0.001956
2018-01-23,1.1316,0.0043490000000000004
2018-01-24,1.1334,0.001591
2018-01-25,1.1323,-0.0009710000000000001
2018-01-26,1.1335,0.00106
2018-01-29,1.129,-0.0039700000000000004
2018-01-30,1.126,-0.002657
2018-01-31,1.1271,0.000977
2018-02-01,1.1263,-0.0007099999999999999
2018-02-02,1.1304,0.00364
2018-02-05,1.1355,0.0045119999999999995
2018-02-06,1.1338,-0.001497
2018-02-07,1.1329,-0.000794
2018-02-08,1.1288,-0.003619
2018-02-09,1.1244,-0.003898
2018-02-12,1.13,0.00498
2018-02-13,1.1329,0.002566
2018-02-14,1.1344,0.0013239999999999999
2018-02-22,1.1394,0.0044080000000000005
2018-02-23,1.1394,0.0
2018-02-26,1.1443,0.004301
2018-02-27,1.1435,-0.0006990000000000001
2018-02-28,1.1435,0.0
2018-03-01,1.1443,0.0007000000000000001
2018-03-02,1.1416,-0.0023599999999999997
2018-03-05,1.1396,-0.0017519999999999999
2018-03-06,1.1442,0.004037
2018-03-07,1.1438,-0.00035000000000000005
2018-03-08,1.1465,0.0023610000000000003
2018-03-09,1.1466,8.7e-05
2018-03-12,1.1471,0.00043599999999999997
2018-03-13,1.1454,-0.001482
2018-03-14,1.1444,-0.0008730000000000001
2018-03-15,1.1441,-0.000262
2018-03-16,1.1432,-0.000787
2018-03-19,1.1429,-0.000262
2018-03-20,1.1445,0.0014000000000000002
2018-03-21,1.1443,-0.00017500000000000003
2018-03-22,1.1442,-8.7e-05
2018-03-23,1.1456,0.001224
2018-03-26,1.1462,0.000524
2018-03-27,1.1461,-8.7e-05
2018-03-28,1.1467,0.000524
2018-03-29,1.148,0.001134
2018-03-30,1.1499,0.001655
2018-04-02,1.1517,0.001565
2018-04-03,1.1514,-0.00026
2018-04-04,1.1546,0.002779
2018-04-09,1.1584,0.003291
2018-04-10,1.1617,0.002849
2018-04-11,1.1637,0.001722
2018-04-12,1.1617,-0.001719
2018-04-13,1.1594,-0.00198
2018-04-16,1.1596,0.000173
2018-04-17,1.1593,-0.000259
2018-04-18,1.1746,0.013198000000000001
2018-04-19,1.1723,-0.001958
2018-04-20,1.1698,-0.002133
2018-04-23,1.1655,-0.003676
2018-04-24,1.1714,0.005062
2018-04-25,1.1702,-0.001024
2018-04-26,1.1645,-0.0048709999999999995
2018-04-27,1.1653,0.000687
2018-05-02,1.1635,-0.001545
2018-05-03,1.1637,0.000172
2018-05-04,1.1653,0.0013750000000000001
2018-05-07,1.1666,0.001116
2018-05-08,1.1662,-0.000343
2018-05-09,1.1643,-0.0016289999999999998
2018-05-10,1.1637,-0.0005149999999999999
2018-05-11,1.1635,-0.000172
2018-05-14,1.1635,0.0
2018-05-15,1.1627,-0.000688
2018-05-16,1.1608,-0.0016339999999999998
2018-05-17,1.1608,0.0
2018-05-18,1.1613,0.000431
2018-05-21,1.1634,0.001808
2018-05-22,1.1644,0.00086
2018-05-23,1.164,-0.000344
2018-05-24,1.1635,-0.00043
2018-05-25,1.164,0.00043
2018-05-28,1.164,0.0
2018-05-29,1.1624,-0.0013750000000000001
2018-05-30,1.1611,-0.001118
2018-05-31,1.1605,-0.000517
2018-06-01,1.1605,0.0
2018-06-04,1.1598,-0.000603
2018-06-05,1.1598,0.0
2018-06-06,1.1593,-0.000431
2018-06-07,1.1595,0.000173
2018-06-08,1.1586,-0.000776
2018-06-11,1.1577,-0.000777
2018-06-12,1.157,-0.000605
2018-06-13,1.1581,0.000951
2018-06-14,1.1587,0.000518
2018-06-15,1.1587,0.0
2018-06-19,1.1572,-0.0012950000000000001
2018-06-20,1.1567,-0.00043200000000000004
2018-06-21,1.1579,0.001037
2018-06-22,1.1587,0.000691
2018-06-25,1.1592,0.00043200000000000004
2018-06-26,1.1573,-0.0016389999999999998
2018-06-27,1.1566,-0.000605
2018-06-28,1.1583,0.00147
2018-06-29,1.1625,0.003626
2018-06-30,1.1626,0.0
2018-07-02,1.1618,-0.000602
2018-07-03,1.1644,0.002238
2018-07-04,1.1649,0.000429
2018-07-05,1.1667,0.001545
2018-07-06,1.1677,0.000857
2018-07-09,1.1695,0.0015409999999999998
2018-07-10,1.1688,-0.000599
2018-07-11,1.1695,0.000599
2018-07-12,1.1707,0.001026
2018-07-13,1.1718,0.00094
2018-07-16,1.1733,0.00128
2018-07-17,1.1734,8.5e-05
2018-07-18,1.1743,0.000767
2018-07-19,1.1772,0.00247
2018-07-20,1.1803,0.002633
2018-07-23,1.1819,0.001356
2018-07-24,1.1803,-0.001354
2018-07-25,1.1798,-0.000424
2018-07-26,1.1796,-0.00017
2018-07-27,1.1807,0.0009329999999999999
2018-07-30,1.1819,0.001016
2018-07-31,1.1844,0.002115
2018-08-01,1.1849,0.000422
2018-08-02,1.1853,0.000338
2018-08-03,1.1873,0.001687
2018-08-06,1.1897,0.0020210000000000002
2018-08-07,1.1935,0.0031940000000000002
2018-08-08,1.1929,-0.000503
2018-08-09,1.1927,-0.000168
2018-08-10,1.1914,-0.00109
2018-08-13,1.1899,-0.0012590000000000001
2018-08-14,1.1894,-0.00042
2018-08-15,1.1887,-0.000589
2018-08-16,1.1881,-0.000505
2018-08-17,1.1858,-0.001936
2018-08-20,1.1846,-0.0010119999999999999
2018-08-21,1.1852,0.0005070000000000001
2018-08-22,1.1854,0.000169
2018-08-23,1.1862,0.000675
2018-08-24,1.1872,0.000843
2018-08-27,1.1885,0.001095
2018-08-28,1.1879,-0.000505
2018-08-29,1.1868,-0.0009260000000000001
2018-08-30,1.1855,-0.001095
2018-08-31,1.1858,0.00025299999999999997
2018-09-03,1.1852,-0.0005059999999999999
2018-09-04,1.1861,0.0007589999999999999
2018-09-05,1.1849,-0.0010119999999999999
2018-09-06,1.1847,-0.000169
2018-09-07,1.1843,-0.000338
2018-09-10,1.1832,-0.0009289999999999999
2018-09-11,1.1815,-0.001437
2018-09-12,1.1816,8.5e-05
2018-09-13,1.1816,0.0
2018-09-14,1.1823,0.0005920000000000001
2018-09-17,1.1816,-0.0005920000000000001
2018-09-18,1.183,0.0011849999999999999
2018-09-19,1.1852,0.0018599999999999999
2018-09-20,1.1843,-0.0007589999999999999
2018-09-21,1.1864,0.001773
2018-09-25,1.1865,8.4e-05
2018-09-26,1.1873,0.000674
2018-09-27,1.1876,0.00025299999999999997
2018-09-28,1.1893,0.001431
2018-10-08,1.1881,-0.0010090000000000001
2018-10-09,1.1888,0.000589
2018-10-10,1.19,0.0010090000000000001
2018-10-11,1.1892,-0.000672
2018-10-12,1.1922,0.002523
2018-10-15,1.1917,-0.000419
2018-10-16,1.1918,8.4e-05
2018-10-17,1.1897,-0.001762
2018-10-18,1.1873,-0.0020169999999999997
2018-10-19,1.1894,0.001769
2018-10-22,1.1874,-0.001682
2018-10-23,1.1877,0.00025299999999999997
2018-10-24,1.1886,0.0007580000000000001
2018-10-25,1.1893,0.000589
2018-10-26,1.1899,0.000504
2018-10-29,1.1898,-8.4e-05
2018-10-30,1.1912,0.001177
2018-10-31,1.1916,0.000336
2018-11-01,1.1925,0.000755
2018-11-02,1.1931,0.000503
2018-11-05,1.1935,0.000335
2018-11-06,1.1941,0.000503
2018-11-07,1.1952,0.000921
2018-11-08,1.1957,0.00041799999999999997
2018-11-09,1.1952,-0.00041799999999999997
2018-11-12,1.1962,0.000837
2018-11-13,1.1971,0.0007520000000000001
2018-11-14,1.1988,0.0014199999999999998
2018-11-15,1.2001,0.001084
2018-11-16,1.202,0.001583
2018-11-19,1.2029,0.000749
2018-11-20,1.2021,-0.000665
2018-11-21,1.2026,0.000416
2018-11-22,1.2021,-0.000416
2018-11-23,1.2012,-0.000749
2018-11-26,1.2011,-8.3e-05
2018-11-27,1.2007,-0.000333
2018-11-28,1.2016,0.00075
2018-11-29,1.202,0.000333
2018-11-30,1.2023,0.00025
2018-12-03,1.2048,0.002079
2018-12-04,1.2059,0.0009130000000000001
2018-12-05,1.2069,0.000829
2018-12-06,1.2071,0.000166
2018-12-07,1.2075,0.00033099999999999997
2018-12-10,1.2079,0.00033099999999999997
2018-12-11,1.2088,0.000745
2018-12-12,1.2097,0.000745
2018-12-13,1.2086,-0.000909
2018-12-14,1.207,-0.0013239999999999999
2018-12-17,1.2053,-0.0014080000000000002
2018-12-18,1.2038,-0.001245
2018-12-19,1.2033,-0.000415
2018-12-20,1.2031,-0.000166
2018-12-21,1.2024,-0.000582
2018-12-24,1.2034,0.000832
2018-12-25,1.2035,8.3e-05
2018-12-26,1.2034,-8.3e-05
2018-12-27,1.2043,0.0007480000000000001
2018-12-28,1.2072,0.002408
2018-12-31,1.2076,0.0
2019-01-02,1.2034,-0.003148
2019-01-03,1.2057,0.001911
2019-01-04,1.2089,0.002654
2019-01-07,1.2125,0.002978
2019-01-08,1.2146,0.001732
2019-01-09,1.2163,0.0014000000000000002
2019-01-10,1.2182,0.001562
2019-01-11,1.2186,0.000328
2019-01-14,1.2177,-0.000739
2019-01-15,1.2178,8.2e-05
2019-01-16,1.2177,-8.2e-05
2019-01-17,1.2159,-0.001478
2019-01-18,1.2161,0.000164
2019-01-21,1.216,-8.2e-05
2019-01-22,1.2128,-0.002632
2019-01-23,1.2101,-0.002226
2019-01-24,1.208,-0.0017349999999999998
2019-01-25,1.2103,0.001904
2019-01-28,1.2093,-0.000826
2019-01-29,1.2087,-0.000496
2019-01-30,1.211,0.001903
2019-01-31,1.2136,0.002147
2019-02-01,1.2169,0.0027189999999999996
2019-02-11,1.2187,0.001479
2019-02-12,1.2206,0.001559
2019-02-13,1.2227,0.00172
2019-02-14,1.2235,0.000654
2019-02-15,1.2227,-0.000654
2019-02-18,1.2248,0.0017180000000000001
2019-02-19,1.2239,-0.000735
2019-02-20,1.2241,0.00016299999999999998
2019-02-21,1.2242,8.2e-05
2019-02-22,1.2246,0.000327
2019-02-25,1.2275,0.0023680000000000003
2019-02-26,1.2255,-0.0016289999999999998
2019-02-27,1.2237,-0.001469
2019-02-28,1.2229,-0.000654
2019-03-01,1.2234,0.00040899999999999997
2019-03-04,1.2247,0.0010630000000000001
2019-03-05,1.2246,-8.2e-05
2019-03-06,1.2239,-0.000572
2019-03-07,1.2233,-0.00049
2019-03-08,1.2233,0.0
2019-03-11,1.2237,0.000327
2019-03-12,1.2248,0.000899
2019-03-13,1.2237,-0.000898
2019-03-14,1.223,-0.000572
2019-03-15,1.2228,-0.000164
2019-03-18,1.2241,0.0010630000000000001
2019-03-19,1.2248,0.000572
2019-03-20,1.2245,-0.000245
2019-03-21,1.2251,0.00049
2019-03-22,1.2257,0.00049
2019-03-25,1.2259,0.00016299999999999998
2019-03-26,1.2259,0.0
2019-03-27,1.2262,0.000245
2019-03-28,1.2268,0.000489
2019-03-29,1.2287,0.001549
2019-04-01,1.2311,0.001953
2019-04-02,1.2306,-0.00040599999999999995
2019-04-03,1.2298,-0.00065
2019-04-04,1.2295,-0.00024400000000000002
2019-04-08,1.23,0.000407
2019-04-09,1.2281,-0.001545
2019-04-10,1.227,-0.000896
2019-04-11,1.2262,-0.0006519999999999999
2019-04-12,1.2261,-8.2e-05
2019-04-15,1.2244,-0.001387
2019-04-16,1.2234,-0.0008169999999999999
2019-04-17,1.2238,0.000327
2019-04-18,1.2242,0.000327
2019-04-19,1.2255,0.001062
2019-04-22,1.2248,-0.000571
2019-04-23,1.2237,-0.000898
2019-04-24,1.223,-0.000572
2019-04-25,1.2217,-0.0010630000000000001
2019-04-26,1.2211,-0.000491
2019-04-29,1.2199,-0.000983
2019-04-30,1.2206,0.000574
2019-05-06,1.2196,-0.000819
2019-05-07,1.2207,0.000902
2019-05-08,1.2224,0.0013930000000000001
2019-05-09,1.224,0.0013089999999999998
2019-05-10,1.227,0.002451
2019-05-13,1.2255,-0.001222
2019-05-14,1.2267,0.000979
2019-05-15,1.2294,0.002201
2019-05-16,1.23,0.00048800000000000004
2019-05-17,1.229,-0.0008129999999999999
2019-05-20,1.2184,-0.008625
2019-05-21,1.2187,0.000246
2019-05-22,1.2125,-0.005087
2019-05-23,1.2114,-0.000907
2019-05-24,1.2114,0.0
2019-05-27,1.2106,-0.00066
2019-05-28,1.2103,-0.000248
2019-05-29,1.2087,-0.001322
2019-05-30,1.2069,-0.001489
2019-05-31,1.2062,-0.00058
2019-06-03,1.2057,-0.000415
2019-06-04,1.2046,-0.000912
2019-06-05,1.2045,-8.3e-05
2019-06-06,1.2036,-0.000747
2019-06-10,1.2043,0.000582
2019-06-11,1.2073,0.0024909999999999997
2019-06-12,1.207,-0.000248
2019-06-13,1.2062,-0.000663
2019-06-14,1.2046,-0.001326
2019-06-17,1.2045,-8.3e-05
2019-06-18,1.2043,-0.000166
2019-06-19,1.2063,0.001661
2019-06-20,1.2118,0.0045590000000000006
2019-06-21,1.2156,0.003136
2019-06-24,1.2158,0.000165
2019-06-25,1.2149,-0.00074
2019-06-26,1.2161,0.000988
2019-06-27,1.2185,0.001974
2019-06-28,1.2181,-0.000328
2019-06-30,1.2183,0.0
2019-07-01,1.222,0.003202
2019-07-02,1.2232,0.000982
2019-07-03,1.224,0.000654
2019-07-04,1.2247,0.000572
2019-07-05,1.2246,-8.2e-05
2019-07-08,1.2222,-0.00196
2019-07-09,1.2221,-8.2e-05
2019-07-10,1.2221,0.0
2019-07-11,1.2225,0.000327
2019-07-12,1.2232,0.0005729999999999999
2019-07-15,1.2242,0.0008179999999999999
2019-07-16,1.2248,0.00049
2019-07-17,1.2251,0.000245
2019-07-18,1.2245,-0.00049
2019-07-19,1.2253,0.0006529999999999999
2019-07-22,1.2246,-0.000571
2019-07-23,1.2251,0.00040800000000000005
2019-07-24,1.2257,0.00049
2019-07-25,1.227,0.001061
2019-07-26,1.2286,0.0013039999999999998
2019-07-29,1.2293,0.00057
2019-07-30,1.2308,0.00122
2019-07-31,1.2319,0.0008939999999999999
2019-08-01,1.2322,0.00024400000000000002
2019-08-02,1.2333,0.000893
2019-08-05,1.2334,8.099999999999999e-05
2019-08-06,1.232,-0.001135
2019-08-07,1.2342,0.001786
2019-08-08,1.2351,0.000729
2019-08-09,1.2357,0.000486
2019-08-12,1.2363,0.000486
2019-08-13,1.2371,0.0006469999999999999
2019-08-14,1.2381,0.000808
2019-08-15,1.239,0.000727
2019-08-16,1.2406,0.0012909999999999998
2019-08-19,1.2434,0.0022570000000000003
2019-08-20,1.2436,0.000161
2019-08-21,1.2428,-0.0006429999999999999
2019-08-22,1.2428,0.0
2019-08-23,1.243,0.000161
2019-08-26,1.2426,-0.000322
2019-08-27,1.2434,0.000644
2019-08-28,1.2438,0.000322
2019-08-29,1.2429,-0.000724
2019-08-30,1.2422,-0.000563
2019-09-02,1.2429,0.0005639999999999999
2019-09-03,1.2437,0.000644
2019-09-04,1.2439,0.000161
2019-09-05,1.2475,0.002894
2019-09-06,1.2495,0.001603
2019-09-09,1.2525,0.002401
2019-09-10,1.2524,-8e-05
2019-09-11,1.2516,-0.000639
2019-09-12,1.2503,-0.001039
2019-09-16,1.2503,0.0
2019-09-17,1.2473,-0.002399
2019-09-18,1.2467,-0.000481
2019-09-19,1.2479,0.000963
2019-09-20,1.2485,0.000481
2019-09-23,1.2477,-0.0006410000000000001
2019-09-24,1.2479,0.00016
2019-09-25,1.2471,-0.0006410000000000001
2019-09-26,1.2448,-0.0018440000000000002
2019-09-27,1.2451,0.000241
2019-09-30,1.2452,8e-05
2019-10-08,1.2459,0.000562
2019-10-09,1.2471,0.000963
2019-10-10,1.248,0.000722
2019-10-11,1.2484,0.00032099999999999994
2019-10-14,1.2495,0.000881
2019-10-15,1.249,-0.0004
2019-10-16,1.2492,0.00016
2019-10-17,1.2505,0.001041
2019-10-18,1.2496,-0.0007199999999999999
2019-10-21,1.2473,-0.0018410000000000002
2019-10-22,1.2479,0.000481
2019-10-23,1.2475,-0.00032099999999999994
2019-10-24,1.2466,-0.000721
2019-10-25,1.2473,0.000562
2019-10-28,1.2477,0.00032099999999999994
2019-10-29,1.2468,-0.000721
2019-10-30,1.2436,-0.002567
2019-10-31,1.2429,-0.000563
2019-11-01,1.2438,0.000724
2019-11-04,1.2443,0.000402
2019-11-05,1.247,0.00217
2019-11-06,1.2482,0.000962
2019-11-07,1.2483,8e-05
2019-11-08,1.2482,-8e-05
2019-11-11,1.248,-0.00016
2019-11-12,1.248,0.0
2019-11-13,1.2484,0.00032099999999999994
2019-11-14,1.2484,0.0
2019-11-15,1.2482,-0.00016
2019-11-18,1.2508,0.002083
2019-11-19,1.2535,0.002159
2019-11-20,1.2536,8e-05
2019-11-21,1.2537,8e-05
2019-11-22,1.2535,-0.00016
2019-11-25,1.2537,0.00016
2019-11-26,1.2543,0.000479
2019-11-27,1.2541,-0.00015900000000000002
2019-11-28,1.2547,0.000478
2019-11-29,1.2548,8e-05
2019-12-02,1.254,-0.000638
2019-12-03,1.2544,0.000319
2019-12-04,1.2551,0.000558
2019-12-05,1.256,0.000717
2019-12-06,1.2571,0.0008759999999999999
2019-12-09,1.2576,0.000398
2019-12-10,1.2588,0.000954
2019-12-11,1.2595,0.000556
2019-12-12,1.2602,0.000556
2019-12-13,1.2623,0.001666
2019-12-16,1.2649,0.0020599999999999998
2019-12-17,1.2666,0.001344
2019-12-18,1.2675,0.0007109999999999999
2019-12-19,1.2686,0.0008680000000000001
2019-12-20,1.2693,0.000552
2019-12-23,1.2678,-0.0011819999999999999
2019-12-24,1.2711,0.002603
2019-12-25,1.2724,0.001023
2019-12-26,1.2763,0.003065
2019-12-27,1.2768,0.000392
2019-12-30,1.2776,0.0006270000000000001
2019-12-31,1.2796,0.001565
2020-01-02,1.2837,0.0032040000000000003
2020-01-03,1.2849,0.000935
2020-01-06,1.2869,0.001557
2020-01-07,1.2885,0.001243
2020-01-08,1.2877,-0.000621
2020-01-09,1.2896,0.001475
2020-01-10,1.2902,0.00046499999999999997
2020-01-13,1.2916,0.001085
2020-01-14,1.293,0.001084
2020-01-15,1.2916,-0.001083
2020-01-16,1.2903,-0.001007
2020-01-17,1.2905,0.000155
2020-01-20,1.2925,0.00155
2020-01-21,1.2926,7.7e-05
2020-01-22,1.2935,0.000696
2020-01-23,1.2907,-0.002165
2020-02-03,1.2893,-0.001085
2020-02-04,1.2929,0.002792
2020-02-05,1.2942,0.001005
2020-02-06,1.2964,0.0017000000000000001
2020-02-07,1.2972,0.0006169999999999999
2020-02-10,1.2996,0.00185
2020-02-11,1.3003,0.000539
2020-02-12,1.3019,0.00123
2020-02-13,1.302,7.7e-05
2020-02-14,1.3018,-0.000154
2020-02-17,1.3041,0.001767
2020-02-18,1.3062,0.00161
2020-02-19,1.3076,0.001072
2020-02-20,1.3102,0.001988
2020-02-21,1.3137,0.002671
2020-02-24,1.3155,0.0013700000000000001
2020-02-25,1.3155,0.0
2020-02-26,1.3133,-0.0016719999999999999
2020-02-27,1.3139,0.000457
2020-02-28,1.312,-0.001446
2020-03-02,1.3142,0.0016769999999999999
2020-03-03,1.3149,0.000533
2020-03-04,1.3172,0.001749
2020-03-05,1.3201,0.002202
2020-03-06,1.3216,0.001136
2020-03-09,1.3218,0.000151
2020-03-10,1.3212,-0.00045400000000000003
2020-03-11,1.3209,-0.00022700000000000002
2020-03-12,1.3185,-0.001817
2020-03-13,1.3164,-0.001593
2020-03-16,1.313,-0.002583
2020-03-17,1.3122,-0.0006090000000000001
2020-03-18,1.3105,-0.0012959999999999998
2020-03-19,1.3091,-0.0010680000000000002
2020-03-20,1.3134,0.003285
2020-03-23,1.316,0.00198
2020-03-24,1.3179,0.001444
2020-03-25,1.3219,0.003035
2020-03-26,1.3222,0.00022700000000000002
2020-03-27,1.3214,-0.000605
2020-03-30,1.3197,-0.0012870000000000002
2020-03-31,1.3199,0.000152
2020-04-01,1.3221,0.0016669999999999999
2020-04-02,1.3229,0.000605
2020-04-03,1.3209,-0.001512
2020-04-07,1.3296,0.006586
2020-04-08,1.333,0.002557
2020-04-09,1.3344,0.00105
2020-04-10,1.3324,-0.0014990000000000001
2020-04-13,1.329,-0.002552
2020-04-14,1.3305,0.001129
2020-04-15,1.3322,0.001278
2020-04-16,1.3359,0.002777
2020-04-17,1.3363,0.000299
2020-04-20,1.3358,-0.00037400000000000004
2020-04-21,1.3356,-0.00015
2020-04-22,1.3377,0.001572
2020-04-23,1.3398,0.00157
2020-04-24,1.3394,-0.000299
2020-04-27,1.339,-0.000299
2020-04-28,1.3377,-0.0009710000000000001
2020-04-29,1.3384,0.000523
2020-04-30,1.3394,0.000747
2020-05-06,1.3387,-0.000523
2020-05-07,1.3341,-0.0034360000000000003
2020-05-08,1.3337,-0.0003
2020-05-11,1.3294,-0.0032240000000000003
2020-05-12,1.3275,-0.001429
2020-05-13,1.3255,-0.001507
2020-05-14,1.3236,-0.001433
2020-05-15,1.3202,-0.002569
2020-05-18,1.3155,-0.00356
2020-05-19,1.3141,-0.0010639999999999998
2020-05-20,1.3119,-0.001674
2020-05-21,1.3116,-0.000229
2020-05-22,1.3133,0.0012959999999999998
2020-05-25,1.3093,-0.0030459999999999997
2020-05-26,1.3091,-0.000153
2020-05-27,1.308,-0.00084
2020-05-28,1.3053,-0.002064
2020-05-29,1.3077,0.0018390000000000001
2020-06-01,1.3112,0.002676
2020-06-02,1.3078,-0.002593
2020-06-03,1.3046,-0.002447
2020-06-04,1.3003,-0.003296
2020-06-05,1.2938,-0.004999
2020-06-08,1.2946,0.0006180000000000001
2020-06-09,1.295,0.00030900000000000003
2020-06-10,1.2916,-0.002625
2020-06-11,1.2932,0.0012389999999999999
2020-06-12,1.295,0.001392
2020-06-15,1.2963,0.0010040000000000001
2020-06-16,1.2955,-0.0006169999999999999
2020-06-17,1.294,-0.001158
2020-06-18,1.2964,0.0018549999999999999
2020-06-19,1.2962,-0.000154
2020-06-22,1.2932,-0.002314
2020-06-23,1.2897,-0.002706
2020-06-24,1.292,0.0017829999999999999
2020-06-29,1.2915,-0.000387
2020-06-30,1.293,0.001161
2020-07-01,1.2945,0.00116
2020-07-02,1.3003,0.0044800000000000005
2020-07-03,1.3027,0.0018459999999999998
2020-07-06,1.3052,0.001919
2020-07-07,1.3024,-0.0021449999999999998
2020-07-08,1.3015,-0.000691
2020-07-09,1.2998,-0.0013059999999999999
2020-07-10,1.2966,-0.002462
2020-07-13,1.2964,-0.000154
2020-07-14,1.2951,-0.001003
2020-07-15,1.2943,-0.0006180000000000001
2020-07-16,1.2891,-0.004018
2020-07-17,1.2907,0.001241
2020-07-20,1.2979,0.005578
2020-07-21,1.3027,0.0036980000000000003
2020-07-22,1.3059,0.0024560000000000003
2020-07-23,1.3066,0.000536
2020-07-24,1.3051,-0.001148
2020-07-27,1.3047,-0.000306
2020-07-28,1.3047,0.0
2020-07-29,1.306,0.000996
2020-07-30,1.3058,-0.000153
2020-07-31,1.3056,-0.000153
2020-08-03,1.3084,0.0021449999999999998
2020-08-04,1.309,0.00045900000000000004
2020-08-05,1.31,0.0007639999999999999
2020-08-06,1.3111,0.00084
2020-08-07,1.3104,-0.0005340000000000001
2020-08-10,1.3125,0.001603
2020-08-11,1.311,-0.001143
2020-08-12,1.3096,-0.0010680000000000002
2020-08-13,1.3106,0.0007639999999999999
2020-08-14,1.3127,0.0016020000000000001
2020-08-17,1.3163,0.002742
2020-08-18,1.3179,0.001216
2020-08-19,1.317,-0.000683
2020-08-20,1.3141,-0.002202
2020-08-21,1.3147,0.000457
2020-08-24,1.3143,-0.0003
2020-08-25,1.3124,-0.0014000000000000002
2020-08-26,1.3095,-0.0022
2020-08-27,1.3091,-0.0003
2020-08-28,1.3086,-0.0004
2020-08-31,1.3108,0.0017000000000000001
2020-09-01,1.3116,0.0006
2020-09-02,1.3111,-0.0004
2020-09-03,1.3107,-0.0003
2020-09-04,1.31,-0.0005
2020-09-07,1.3074,-0.002
2020-09-08,1.308,0.0005
2020-09-09,1.308,0.0
2020-09-10,1.3069,-0.0008
2020-09-11,1.3064,-0.0004
2020-09-14,1.3067,0.0002
2020-09-15,1.3073,0.0005
2020-09-16,1.3064,-0.0007000000000000001
2020-09-17,1.3063,-0.0001
2020-09-18,1.3079,0.0012
2020-09-21,1.3086,0.0005
2020-09-22,1.3077,-0.0007000000000000001
2020-09-23,1.3081,0.0003
2020-09-24,1.3063,-0.0014000000000000002
2020-09-25,1.3046,-0.0013
2020-09-28,1.304,-0.0005
2020-09-29,1.3055,0.0012
2020-09-30,1.3061,0.0005
2020-10-09,1.3078,0.0013
2020-10-12,1.3105,0.0021
2020-10-13,1.3112,0.0005
2020-10-14,1.3116,0.0003
2020-10-15,1.3117,0.0001
2020-10-16,1.3121,0.0003
2020-10-19,1.3127,0.0005
2020-10-20,1.3137,0.0008
2020-10-21,1.3145,0.0006
2020-10-22,1.3161,0.0012
2020-10-23,1.3154,-0.0005
2020-10-26,1.3152,-0.0002
2020-10-27,1.3162,0.0008
2020-10-28,1.317,0.0006
2020-10-29,1.317,0.0
2020-10-30,1.3161,-0.0007000000000000001
2020-11-02,1.3166,0.0004
2020-11-03,1.3178,0.0009
2020-11-04,1.3189,0.0008
2020-11-05,1.3198,0.0007000000000000001
2020-11-06,1.3193,-0.0004
2020-11-09,1.3201,0.0006
2020-11-10,1.3198,-0.0002
2020-11-11,1.32,0.0002
2020-11-12,1.3187,-0.001
2020-11-13,1.3164,-0.0017000000000000001
2020-11-16,1.3167,0.0002
2020-11-17,1.3159,-0.0006
2020-11-18,1.3151,-0.0006
2020-11-19,1.312,-0.0024
2020-11-20,1.3108,-0.0009
2020-11-23,1.3131,0.0018
2020-11-24,1.3136,0.0004
2020-11-25,1.3093,-0.0033
2020-11-26,1.3014,-0.006
2020-11-27,1.2934,-0.0060999999999999995
2020-11-30,1.297,0.0028000000000000004
2020-12-01,1.2972,0.0002
2020-12-02,1.2935,-0.0029
2020-12-03,1.2896,-0.003
2020-12-04,1.2857,-0.003
2020-12-07,1.2852,-0.0004
2020-12-08,1.2851,-0.0001
2020-12-09,1.2846,-0.0004
2020-12-10,1.2833,-0.001
2020-12-11,1.2809,-0.0019
2020-12-14,1.2798,-0.0009
2020-12-15,1.2781,-0.0013
2020-12-16,1.2768,-0.001
2020-12-17,1.2782,0.0011
2020-12-18,1.2787,0.0004
2020-12-21,1.2808,0.0016
2020-12-22,1.2797,-0.0009
2020-12-23,1.279,-0.0005
2020-12-24,1.2751,-0.003
2020-12-25,1.2775,0.0019
2020-12-28,1.2756,-0.0015
2020-12-29,1.2765,0.0007000000000000001
2020-12-30,1.2797,0.0025
2020-12-31,1.2826,0.0023
2021-01-04,1.2825,-0.0001
2021-01-05,1.2827,0.0002
2021-01-06,1.2837,0.0008
2021-01-07,1.2824,-0.001
2021-01-08,1.2835,0.0009
2021-01-11,1.2819,-0.0012
2021-01-12,1.282,0.0001
2021-01-13,1.2804,-0.0012
2021-01-14,1.2835,0.0024
2021-01-15,1.2841,0.0005
2021-01-18,1.2848,0.0005
2021-01-19,1.2839,-0.0007000000000000001
2021-01-20,1.285,0.0009
2021-01-21,1.2853,0.0002
2021-01-22,1.2836,-0.0013
2021-01-25,1.2821,-0.0012
2021-01-26,1.28,-0.0016
2021-01-27,1.2794,-0.0005
2021-01-28,1.2772,-0.0017000000000000001
2021-01-29,1.2739,-0.0026
2021-02-01,1.273,-0.0007000000000000001
2021-02-02,1.2718,-0.0009
2021-02-03,1.2695,-0.0018
2021-02-04,1.2653,-0.0033
2021-02-05,1.2618,-0.0028000000000000004
2021-02-08,1.262,0.0002
2021-02-09,1.2657,0.0029
2021-02-10,1.268,0.0018
2021-02-18,1.273,0.0039000000000000003
2021-02-19,1.2782,0.0040999999999999995
2021-02-22,1.2817,0.0027
2021-02-23,1.2805,-0.0009
2021-02-24,1.2803,-0.0002
2021-02-25,1.2802,-0.0001
2021-02-26,1.2798,-0.0003
2021-03-01,1.2842,0.0034000000000000002
2021-03-02,1.2856,0.0011
2021-03-03,1.2889,0.0026
2021-03-04,1.2886,-0.0002
2021-03-05,1.2942,0.0043
2021-03-08,1.2951,0.0007000000000000001
2021-03-09,1.295,-0.0001
2021-03-10,1.2953,0.0002
2021-03-11,1.2977,0.0019
2021-03-12,1.2987,0.0008
2021-03-15,1.2991,0.0003
2021-03-16,1.3031,0.0031
2021-03-17,1.3024,-0.0005
2021-03-18,1.3033,0.0007000000000000001
2021-03-19,1.3051,0.0014000000000000002
2021-03-22,1.308,0.0022
2021-03-23,1.3069,-0.0008
2021-03-24,1.3055,-0.0011
2021-03-25,1.3049,-0.0005
2021-03-26,1.3068,0.0015
2021-03-29,1.3085,0.0013
2021-03-30,1.3102,0.0013
2021-03-31,1.3102,0.0
2021-04-01,1.3115,0.001
2021-04-02,1.3124,0.0007000000000000001
2021-04-06,1.3133,0.0007000000000000001
2021-04-07,1.3131,-0.0002
2021-04-08,1.3134,0.0002
2021-04-09,1.3138,0.0003
2021-04-12,1.3132,-0.0005
2021-04-13,1.3132,0.0
2021-04-14,1.3151,0.0014000000000000002
2021-04-15,1.3147,-0.0003
2021-04-16,1.3172,0.0019
2021-04-19,1.3197,0.0019
2021-04-20,1.3211,0.0011
2021-04-21,1.3211,0.0
2021-04-22,1.3214,0.0002
2021-04-23,1.3217,0.0002
2021-04-26,1.3207,-0.0008
2021-04-27,1.3197,-0.0008
2021-04-28,1.3203,0.0005
2021-04-29,1.3213,0.0008
2021-04-30,1.3213,0.0
2021-05-06,1.3233,0.0015
2021-05-07,1.3238,0.0004
2021-05-10,1.3242,0.0003
2021-05-11,1.3255,0.001
2021-05-12,1.3279,0.0018
2021-05-13,1.3279,0.0
2021-05-14,1.3304,0.0019
2021-05-17,1.3302,-0.0002
2021-05-18,1.3306,0.0003
2021-05-19,1.3317,0.0008
2021-05-20,1.3327,0.0008
2021-05-21,1.3334,0.0005
2021-05-24,1.3349,0.0011
2021-05-25,1.3367,0.0013
2021-05-26,1.3379,0.0009
2021-05-27,1.3398,0.0014000000000000002
2021-05-28,1.3391,-0.0005
2021-05-31,1.3398,0.0005
2021-06-01,1.3403,0.0004
2021-06-02,1.3404,0.0001
2021-06-03,1.3414,0.0007000000000000001
2021-06-04,1.3414,0.0
2021-06-07,1.3402,-0.0009
2021-06-08,1.3392,-0.0007000000000000001
2021-06-09,1.3387,-0.0004
2021-06-10,1.3399,0.0009
2021-06-11,1.3404,0.0004
2021-06-15,1.3383,-0.0016
2021-06-16,1.3364,-0.0014000000000000002
2021-06-17,1.3355,-0.0007000000000000001
2021-06-18,1.3352,-0.0002
2021-06-21,1.3359,0.0005
2021-06-22,1.3376,0.0013
2021-06-23,1.3389,0.001
2021-06-24,1.3402,0.001
2021-06-25,1.3419,0.0013
2021-06-28,1.3428,0.0007000000000000001
2021-06-29,1.3422,-0.0004
2021-06-30,1.3426,0.0003
2021-07-01,1.3428,0.0001
2021-07-02,1.343,0.0001
2021-07-05,1.3444,0.001
2021-07-06,1.3453,0.0007000000000000001
2021-07-07,1.3474,0.0016
2021-07-08,1.3505,0.0023
2021-07-09,1.3508,0.0002
2021-07-12,1.3537,0.0021
2021-07-13,1.356,0.0017000000000000001
2021-07-14,1.3563,0.0002
2021-07-15,1.3562,-0.0001
2021-07-16,1.3575,0.001
2021-07-19,1.3577,0.0001
2021-07-20,1.3584,0.0005
2021-07-21,1.36,0.0012
2021-07-22,1.3615,0.0011
2021-07-23,1.363,0.0011
2021-07-26,1.3629,-0.0001
2021-07-27,1.361,-0.0014000000000000002
2021-07-28,1.3597,-0.001
2021-07-29,1.361,0.001
2021-07-30,1.3625,0.0011
2021-08-02,1.3659,0.0025
2021-08-03,1.366,0.0001
2021-08-04,1.3666,0.0004
2021-08-05,1.3679,0.001
2021-08-06,1.3675,-0.0003
2021-08-09,1.3674,-0.0001
2021-08-10,1.3675,0.0001
2021-08-11,1.3675,0.0
2021-08-12,1.3681,0.0004
2021-08-13,1.3682,0.0001
2021-08-16,1.3692,0.0007000000000000001
2021-08-17,1.3691,-0.0001
2021-08-18,1.3712,0.0015
2021-08-19,1.3715,0.0002
2021-08-20,1.3712,-0.0002
2021-08-23,1.3715,0.0002
2021-08-24,1.3722,0.0005
2021-08-25,1.3718,-0.0003
2021-08-26,1.3692,-0.0019
2021-08-27,1.3697,0.0004
2021-08-30,1.3697,0.0
2021-08-31,1.3706,0.0007000000000000001
2021-09-01,1.3728,0.0016
2021-09-02,1.3741,0.0009
2021-09-03,1.3746,0.0004
2021-09-06,1.3757,0.0008
2021-09-07,1.3766,0.0007000000000000001
2021-09-08,1.3767,0.0001
2021-09-09,1.3771,0.0003
2021-09-10,1.3773,0.0001
2021-09-13,1.377,-0.0002
2021-09-14,1.375,-0.0015
2021-09-15,1.3743,-0.0005
2021-09-16,1.373,-0.0009
2021-09-17,1.3729,-0.0001
2021-09-22,1.3734,0.0004
2021-09-23,1.374,0.0004
2021-09-24,1.373,-0.0007000000000000001
2021-09-27,1.3716,-0.001
2021-09-28,1.3711,-0.0004
2021-09-29,1.3706,-0.0004
2021-09-30,1.3716,0.0007000000000000001
2021-10-08,1.3725,0.0007000000000000001
2021-10-11,1.371,-0.0011
2021-10-12,1.3694,-0.0012
2021-10-13,1.3686,-0.0006
2021-10-14,1.3694,0.0006
2021-10-15,1.3715,0.0015
2021-10-18,1.3701,-0.001
2021-10-19,1.3714,0.0009
2021-10-20,1.3725,0.0008
2021-10-21,1.3742,0.0012
2021-10-22,1.3743,0.0001
2021-10-25,1.3748,0.0004
2021-10-26,1.3754,0.0004
2021-10-27,1.3759,0.0004
2021-10-28,1.3764,0.0004
2021-10-29,1.3774,0.0007000000000000001
2021-11-01,1.3793,0.0014000000000000002
2021-11-02,1.3793,0.0
2021-11-03,1.3806,0.0009
2021-11-04,1.3815,0.0007000000000000001
2021-11-05,1.3826,0.0008
2021-11-08,1.3833,0.0005
2021-11-09,1.3827,-0.0004
2021-11-10,1.3831,0.0003
2021-11-11,1.3845,0.001
2021-11-12,1.3852,0.0005
2021-11-15,1.3866,0.001
2021-11-16,1.3865,-0.0001
2021-11-17,1.387,0.0004
2021-11-18,1.3881,0.0008
2021-11-19,1.389,0.0006
2021-11-22,1.3908,0.0013
2021-11-23,1.3914,0.0004
2021-11-24,1.3922,0.0006
2021-11-25,1.3931,0.0006
2021-11-26,1.3941,0.0007000000000000001
2021-11-29,1.3946,0.0004
2021-11-30,1.3946,0.0
2021-12-01,1.3953,0.0005
2021-12-02,1.3953,0.0
2021-12-03,1.3955,0.0001
2021-12-06,1.397,0.0011
2021-12-07,1.3952,-0.0013
2021-12-08,1.3955,0.0002
2021-12-09,1.3965,0.0007000000000000001
2021-12-10,1.3969,0.0003
2021-12-13,1.3976,0.0005
2021-12-14,1.3979,0.0002
2021-12-15,1.3986,0.0005
2021-12-16,1.3993,0.0005
2021-12-17,1.3998,0.0004
2021-12-20,1.3992,-0.0004
2021-12-21,1.3997,0.0004
2021-12-22,1.4002,0.0004
2021-12-23,1.4012,0.0007000000000000001
2021-12-24,1.4017,0.0004
2021-12-27,1.4028,0.0008
2021-12-28,1.4034,0.0004
2021-12-29,1.4045,0.0008
2021-12-30,1.4057,0.0009
2021-12-31,1.4071,0.001
2022-01-04,1.4082,0.0008
2022-01-05,1.4092,0.0007000000000000001
2022-01-06,1.4086,-0.0004
2022-01-07,1.4089,0.0002
2022-01-10,1.41,0.0008
2022-01-11,1.4107,0.0005
2022-01-12,1.412,0.0009
2022-01-13,1.4118,-0.0001
2022-01-14,1.3142,-0.0006
2022-01-17,1.3152,0.0008
2022-01-18,1.3168,0.0012
2022-01-19,1.3193,0.0019
2022-01-20,1.3199,0.0005
2022-01-21,1.3201,0.0002
2022-01-24,1.3217,0.0012
2022-01-25,1.3212,-0.0004
2022-01-26,1.3205,-0.0005
2022-01-27,1.3198,-0.0005
2022-01-28,1.3206,0.0006
2022-02-07,1.322,0.0011
2022-02-08,1.3223,0.0002
2022-02-09,1.3224,0.0001
2022-02-10,1.3227,0.0002
2022-02-11,1.3208,-0.0014000000000000002
2022-02-14,1.3187,-0.0016
2022-02-15,1.3178,-0.0007000000000000001
2022-02-16,1.3186,0.0006
2022-02-17,1.3193,0.0005
2022-02-18,1.32,0.0005
2022-02-21,1.3195,-0.0004
2022-02-22,1.3181,-0.0011
2022-02-23,1.3185,0.0003
2022-02-24,1.318,-0.0004
2022-02-25,1.3182,0.0002
2022-02-28,1.3188,0.0005
2022-03-01,1.3189,0.0001
2022-03-02,1.3183,-0.0005
2022-03-03,1.3173,-0.0008
2022-03-04,1.316,-0.001
2022-03-07,1.3131,-0.0022
2022-03-08,1.3104,-0.0021
2022-03-09,1.3071,-0.0025
2022-03-10,1.3099,0.0021
2022-03-11,1.3106,0.0005
2022-03-14,1.312,0.0011
2022-03-15,1.3053,-0.0051
2022-03-16,1.31,0.0036
2022-03-17,1.314,0.0031
2022-03-18,1.3174,0.0026
2022-03-21,1.3173,-0.0001
2022-03-22,1.3164,-0.0007000000000000001
2022-03-23,1.3156,-0.0006
2022-03-24,1.312,-0.0027
2022-03-25,1.3092,-0.0021
2022-03-28,1.3072,-0.0015
2022-03-29,1.3071,-0.0001
2022-03-30,1.3142,0.0054
2022-03-31,1.3135,-0.0005
2022-04-01,1.319,0.0042
2022-04-06,1.321,0.0015
2022-04-07,1.3189,-0.0016
2022-04-08,1.3193,0.0003
2022-04-11,1.3143,-0.0038
2022-04-12,1.3156,0.001
2022-04-13,1.3149,-0.0005
2022-04-14,1.3177,0.0021
2022-04-15,1.3183,0.0005
2022-04-18,1.3181,-0.0002
2022-04-19,1.318,-0.0001
2022-04-20,1.3155,-0.0019
2022-04-21,1.3122,-0.0025
2022-04-22,1.3131,0.0007000000000000001
2022-04-25,1.3048,-0.0063
2022-04-26,1.3032,-0.0012
2022-04-27,1.3095,0.0048
2022-04-28,1.3091,-0.0003
2022-04-29,1.3154,0.0048
2022-05-05,1.3177,0.0017000000000000001
2022-05-06,1.3146,-0.0024
2022-05-09,1.3152,0.0005
2022-05-10,1.3182,0.0023
2022-05-11,1.322,0.0029
2022-05-12,1.3221,0.0001
2022-05-13,1.3243,0.0017000000000000001
2022-05-16,1.3244,0.0001
2022-05-17,1.3276,0.0024
2022-05-18,1.3288,0.0009
2022-05-19,1.3295,0.0005
2022-05-20,1.3307,0.0009
2022-05-23,1.3328,0.0016
2022-05-24,1.3291,-0.0028000000000000004
2022-05-25,1.3304,0.001
2022-05-26,1.3323,0.0014000000000000002
2022-05-27,1.3325,0.0002
2022-05-30,1.3321,-0.0003
2022-05-31,1.3319,-0.0002
2022-06-01,1.3305,-0.0011
2022-06-02,1.3299,-0.0005
2022-06-06,1.3308,0.0007000000000000001
2022-06-07,1.3314,0.0005
2022-06-08,1.3323,0.0007000000000000001
2022-06-09,1.3329,0.0005
2022-06-10,1.3348,0.0014000000000000002
2022-06-13,1.3342,-0.0004
2022-06-14,1.3341,-0.0001
2022-06-15,1.3355,0.001
2022-06-16,1.3367,0.0009
2022-06-17,1.3387,0.0015
2022-06-20,1.3381,-0.0004
2022-06-21,1.3371,-0.0007000000000000001
2022-06-22,1.3365,-0.0004
2022-06-23,1.3377,0.0009
2022-06-24,1.3394,0.0013
2022-06-27,1.34,0.0004
2022-06-28,1.3415,0.0011
2022-06-29,1.3404,-0.0008
2022-06-30,1.3419,0.0011
2022-07-01,1.3425,0.0004
2022-07-04,1.3422,-0.0002
2022-07-05,1.3417,-0.0004
2022-07-06,1.3406,-0.0008
2022-07-07,1.3415,0.0007000000000000001
2022-07-08,1.3427,0.0009
2022-07-11,1.3429,0.0001
2022-07-12,1.3427,-0.0001
2022-07-13,1.3436,0.0007000000000000001
2022-07-14,1.3452,0.0012
2022-07-15,1.3451,-0.0001
2022-07-18,1.3469,0.0013
2022-07-19,1.3476,0.0005
2022-07-20,1.3492,0.0012
2022-07-21,1.3498,0.0004
2022-07-22,1.3493,-0.0004
2022-07-25,1.3496,0.0002
2022-07-26,1.3515,0.0014000000000000002
2022-07-27,1.3525,0.0007000000000000001
2022-07-28,1.3522,-0.0002
2022-07-29,1.354,0.0013
2022-08-01,1.356,0.0015
2022-08-02,1.3559,-0.0001
2022-08-03,1.3562,0.0002
2022-08-04,1.3575,0.001
2022-08-05,1.3577,0.0001
2022-08-08,1.3578,0.0001
2022-08-09,1.3568,-0.0007000000000000001
2022-08-10,1.3561,-0.0005
2022-08-11,1.3568,0.0005
2022-08-12,1.3573,0.0004
2022-08-15,1.361,0.0027
2022-08-16,1.3623,0.001
2022-08-17,1.3625,0.0001
2022-08-18,1.3626,0.0001
2022-08-19,1.3621,-0.0004
2022-08-22,1.3625,0.0003
2022-08-23,1.3616,-0.0007000000000000001
2022-08-24,1.3606,-0.0007000000000000001
2022-08-25,1.3593,-0.001
2022-08-26,1.3589,-0.0003
2022-08-29,1.3594,0.0004
2022-08-30,1.3601,0.0005
2022-08-31,1.3598,-0.0002
2022-09-01,1.3604,0.0004
2022-09-02,1.3611,0.0005
2022-09-05,1.3627,0.0012
2022-09-06,1.3642,0.0011
2022-09-07,1.3645,0.0002
2022-09-08,1.3638,-0.0005
2022-09-09,1.3636,-0.0001
2022-09-13,1.3635,-0.0001
2022-09-14,1.3626,-0.0007000000000000001
2022-09-15,1.3618,-0.0006
2022-09-16,1.3595,-0.0017000000000000001
2022-09-19,1.3591,-0.0003
2022-09-20,1.3606,0.0011
2022-09-21,1.363,0.0018
2022-09-22,1.3635,0.0004
2022-09-23,1.3619,-0.0012
2022-09-26,1.3588,-0.0023
2022-09-27,1.3607,0.0014000000000000002
2022-09-28,1.357,-0.0027
2022-09-29,1.3554,-0.0012
2022-09-30,1.3544,-0.0007000000000000001
2022-10-10,1.3543,-0.0001
2022-10-11,1.3561,0.0013
2022-10-12,1.3611,0.0037
2022-10-13,1.3633,0.0016
2022-10-14,1.3679,0.0034000000000000002
2022-10-17,1.3685,0.0004
2022-10-18,1.3685,0.0
2022-10-19,1.368,-0.0004
2022-10-20,1.3661,-0.0014000000000000002
2022-10-21,1.3658,-0.0002
2022-10-24,1.3633,-0.0018
2022-10-25,1.3619,-0.001
2022-10-26,1.3649,0.0022
2022-10-27,1.3647,-0.0001
2022-10-28,1.3611,-0.0026
2022-10-31,1.3599,-0.0009
2022-11-01,1.3642,0.0032
2022-11-02,1.3674,0.0023
2022-11-03,1.3685,0.0008
2022-11-04,1.3734,0.0036
2022-11-07,1.3734,0.0
2022-11-08,1.3721,-0.0009
2022-11-09,1.3711,-0.0007000000000000001
2022-11-10,1.3694,-0.0012
2022-11-11,1.305,0.0009
2022-11-14,1.2977,-0.005600000000000001
2022-11-15,1.2977,0.0
2022-11-16,1.2921,-0.0043
2022-11-17,1.2888,-0.0026
2022-11-18,1.2883,-0.0004
2022-11-21,1.2902,0.0015
2022-11-22,1.2904,0.0002
2022-11-23,1.2924,0.0015
2022-11-24,1.2955,0.0024
2022-11-25,1.2951,-0.0003
2022-11-28,1.2921,-0.0023
2022-11-29,1.2926,0.0004
2022-11-30,1.2926,0.0
2022-12-01,1.295,0.0019
2022-12-02,1.2955,0.0004
2022-12-05,1.2965,0.0008
2022-12-06,1.293,-0.0027
2022-12-07,1.2891,-0.003
2022-12-08,1.2874,-0.0013
2022-12-09,1.287,-0.0003
2022-12-12,1.283,-0.0031
2022-12-13,1.2759,-0.0055000000000000005
2022-12-14,1.2779,0.0016
2022-12-15,1.2798,0.0015
2022-12-16,1.2772,-0.002
2022-12-19,1.2759,-0.001
2022-12-20,1.2752,-0.0005
2022-12-21,1.2753,0.0001
2022-12-22,1.2743,-0.0008
2022-12-23,1.2752,0.0007000000000000001
2022-12-26,1.2789,0.0029
2022-12-27,1.282,0.0024
2022-12-28,1.2805,-0.0012
2022-12-29,1.2796,-0.0007000000000000001
2022-12-30,1.2808,0.0009
2022-12-31,1.2808,0.0
2023-01-03,1.2847,0.003
2023-01-04,1.2883,0.0028000000000000004
2023-01-05,1.2931,0.0037
2023-01-06,1.2941,0.0008
2023-01-09,1.2946,0.0004
2023-01-10,1.2909,-0.0029
2023-01-11,1.2899,-0.0008
2023-01-12,1.2912,0.001
2023-01-13,1.2911,-0.0001
2023-01-16,1.2921,0.0008
2023-01-17,1.2938,0.0013
2023-01-18,1.2952,0.0011
2023-01-19,1.2963,0.0008
2023-01-20,1.299,0.0021
2023-01-30,1.3009,0.0015
2023-01-31,1.2999,-0.0008
2023-02-01,1.3027,0.0022
2023-02-02,1.3048,0.0016
2023-02-03,1.3045,-0.0002
2023-02-06,1.3017,-0.0021
2023-02-07,1.3029,0.0009
2023-02-08,1.3025,-0.0003
2023-02-09,1.3059,0.0026
2023-02-10,1.306,0.0001
2023-02-13,1.3075,0.0011
2023-02-14,1.3081,0.0005
2023-02-15,1.3064,-0.0013
2023-02-16,1.3047,-0.0013
2023-02-17,1.3026,-0.0016
2023-02-20,1.3043,0.0013
2023-02-21,1.3038,-0.0004
2023-02-22,1.3037,-0.0001
2023-02-23,1.3038,0.0001
2023-02-24,1.3028,-0.0008
2023-02-27,1.3012,-0.0012
2023-02-28,1.3013,0.0001
2023-03-01,1.3037,0.0018
2023-03-02,1.3039,0.0002
2023-03-03,1.3044,0.0004
2023-03-06,1.3058,0.0011
2023-03-07,1.3046,-0.0009
2023-03-08,1.3047,0.0001
2023-03-09,1.3056,0.0007000000000000001
2023-03-10,1.3046,-0.0008
2023-03-13,1.3046,0.0
2023-03-14,1.3041,-0.0004
2023-03-15,1.3044,0.0002
2023-03-16,1.3023,-0.0016
2023-03-17,1.3032,0.0007000000000000001
2023-03-20,1.3059,0.0021
2023-03-21,1.3074,0.0011
2023-03-22,1.309,0.0012
2023-03-23,1.3094,0.0003
2023-03-24,1.3081,-0.001
2023-03-27,1.3084,0.0002
2023-03-28,1.3072,-0.0009
2023-03-29,1.3071,-0.0001
2023-03-30,1.3084,0.001
2023-03-31,1.3107,0.0018
2023-04-03,1.3133,0.002
2023-04-04,1.3129,-0.0003
2023-04-06,1.3128,-0.0001
2023-04-07,1.3144,0.0012
2023-04-10,1.3146,0.0002
2023-04-11,1.3149,0.0002
2023-04-12,1.3156,0.0005
2023-04-13,1.315,-0.0005
2023-04-14,1.3162,0.0009
2023-04-17,1.3177,0.0011
2023-04-18,1.3189,0.0009
2023-04-19,1.3185,-0.0003
2023-04-20,1.3162,-0.0017000000000000001
2023-04-21,1.3141,-0.0016
2023-04-24,1.3113,-0.0021
2023-04-25,1.3104,-0.0007000000000000001
2023-04-26,1.3142,0.0029
2023-04-27,1.3165,0.0018
2023-04-28,1.3182,0.0013
2023-05-04,1.3196,0.0011
2023-05-05,1.3176,-0.0015
2023-05-08,1.3189,0.001
2023-05-09,1.3187,-0.0002
2023-05-10,1.32,0.001
2023-05-11,1.3216,0.0012
2023-05-12,1.3172,-0.0033
2023-05-15,1.3188,0.0012
2023-05-16,1.3192,0.0003
2023-05-17,1.32,0.0006
2023-05-18,1.32,0.0
2023-05-19,1.3197,-0.0002
2023-05-22,1.3213,0.0012
2023-05-23,1.3208,-0.0004
2023-05-24,1.3198,-0.0008
2023-05-25,1.3191,-0.0005
2023-05-26,1.3192,0.0001
2023-05-29,1.318,-0.0009
2023-05-30,1.3181,0.0001
2023-05-31,1.3171,-0.0008
2023-06-01,1.3184,0.001
2023-06-02,1.3217,0.0025
2023-06-05,1.3212,-0.0004
2023-06-06,1.3205,-0.0005
2023-06-07,1.32,-0.0004
2023-06-08,1.3208,0.0006
2023-06-09,1.3223,0.0011
2023-06-12,1.3239,0.0012
2023-06-13,1.3242,0.0002
2023-06-14,1.3243,0.0001
2023-06-15,1.3259,0.0012
2023-06-16,1.3256,-0.0002
2023-06-19,1.323,-0.002
2023-06-20,1.3227,-0.0002
2023-06-21,1.3224,-0.0002
2023-06-26,1.3213,-0.0008
2023-06-27,1.3223,0.0008
2023-06-28,1.3222,-0.0001
2023-06-29,1.3223,0.0001
2023-06-30,1.3252,0.0022
2023-07-03,1.3264,0.0009
2023-07-04,1.3265,0.0001
2023-07-05,1.3269,0.0003
2023-07-06,1.327,0.0001
2023-07-07,1.3275,0.0004
2023-07-10,1.3281,0.0005
2023-07-11,1.3294,0.001
2023-07-12,1.3287,-0.0005
2023-07-13,1.3297,0.0008
2023-07-14,1.3292,-0.0004
2023-07-17,1.329,-0.0002
2023-07-18,1.3301,0.0008
2023-07-19,1.3306,0.0004
2023-07-20,1.3309,0.0002
2023-07-21,1.3313,0.0003
2023-07-24,1.3304,-0.0007000000000000001
2023-07-25,1.3303,-0.0001
2023-07-26,1.3307,0.0003
2023-07-27,1.3321,0.0011
2023-07-28,1.3333,0.0009
2023-07-31,1.333,-0.0002
2023-08-01,1.3323,-0.0005
2023-08-02,1.3325,0.0002
2023-08-03,1.3341,0.0012
2023-08-04,1.3346,0.0004
2023-08-07,1.3337,-0.0007000000000000001
2023-08-08,1.3341,0.0003
2023-08-09,1.3343,0.0001
2023-08-10,1.335,0.0005
2023-08-11,1.3345,-0.0004
2023-08-14,1.3345,0.0
2023-08-15,1.335,0.0004
2023-08-16,1.3353,0.0002
2023-08-17,1.3359,0.0004
2023-08-18,1.336,0.0001
2023-08-21,1.3357,-0.0002
2023-08-22,1.3341,-0.0012
2023-08-23,1.3325,-0.0012
2023-08-24,1.3335,0.0008
2023-08-25,1.3318,-0.0013
2023-08-28,1.3318,0.0
2023-08-29,1.333,0.0009
2023-08-30,1.3336,0.0005
2023-08-31,1.3337,0.0001
2023-09-01,1.3341,0.0003
2023-09-04,1.3338,-0.0002
2023-09-05,1.3334,-0.0003
2023-09-06,1.3318,-0.0012
2023-09-07,1.3272,-0.0034999999999999996
2023-09-08,1.3247,-0.0019
2023-09-11,1.3238,-0.0007000000000000001
2023-09-12,1.3252,0.0011
2023-09-13,1.3253,0.0001
2023-09-14,1.3253,0.0
2023-09-15,1.3255,0.0002
2023-09-18,1.3253,-0.0002
2023-09-19,1.3247,-0.0005
2023-09-20,1.3246,-0.0001
2023-09-21,1.3251,0.0004
2023-09-22,1.3264,0.001
2023-09-25,1.3252,-0.0009
2023-09-26,1.3247,-0.0004
2023-09-27,1.3259,0.0009
2023-09-28,1.3285,0.002
2023-10-09,1.3283,-0.0002
2023-10-10,1.3263,-0.0015
2023-10-11,1.3241,-0.0017000000000000001
2023-10-12,1.3249,0.0006
2023-10-13,1.3244,-0.0004
2023-10-16,1.3224,-0.0015
2023-10-17,1.321,-0.0011
2023-10-18,1.318,-0.0023
2023-10-19,1.3132,-0.0036
2023-10-20,1.3127,-0.0004
2023-10-23,1.3098,-0.0022
2023-10-24,1.3132,0.0026
2023-10-25,1.3156,0.0018
2023-10-26,1.3161,0.0004
2023-10-27,1.3198,0.0028000000000000004
2023-10-30,1.3227,0.0022
2023-10-31,1.3215,-0.0009
2023-11-01,1.3197,-0.0014000000000000002
2023-11-02,1.32,0.0002
2023-11-03,1.3218,0.0014000000000000002
2023-11-06,1.3254,0.0027
2023-11-07,1.3255,0.0001
2023-11-08,1.3245,-0.0008
2023-11-09,1.3251,0.0005
2023-11-10,1.3246,-0.0004
2023-11-13,1.3251,0.0004
2023-11-14,1.325,-0.0001
2023-11-15,1.3271,0.0016
2023-11-16,1.3259,-0.0009
2023-11-17,1.3255,-0.0003
2023-11-20,1.3261,0.0005
2023-11-21,1.3257,-0.0003
2023-11-22,1.3222,-0.0026
2023-11-23,1.3209,-0.001
2023-11-24,1.3197,-0.0009
2023-11-27,1.319,-0.0005
2023-11-28,1.3195,0.0004
2023-11-29,1.3184,-0.0008
2023-11-30,1.3182,-0.0002
2023-12-01,1.3186,0.0003
2023-12-04,1.3176,-0.0008
2023-12-05,1.3154,-0.0017000000000000001
2023-12-06,1.3154,0.0
2023-12-07,1.3152,-0.0002
2023-12-08,1.316,0.0006
2023-12-11,1.3169,0.0007000000000000001
2023-12-12,1.3171,0.0002
2023-12-13,1.3168,-0.0002
2023-12-14,1.3169,0.0001
2023-12-15,1.277,0.0002
2023-12-18,1.2755,-0.0012
2023-12-19,1.2742,-0.001
2023-12-20,1.2727,-0.0012
2023-12-21,1.2742,0.0012
2023-12-22,1.2755,0.001
2023-12-25,1.2759,0.0003
2023-12-26,1.2752,-0.0005
2023-12-27,1.2773,0.0016
2023-12-28,1.2832,0.0046
2023-12-29,1.2864,0.0025
2023-12-31,1.2865,0.0001
2024-01-02,1.2865,0.0
2024-01-03,1.284,-0.0019
2024-01-04,1.283,-0.0008
2024-01-05,1.2826,-0.0003
2024-01-08,1.2802,-0.0019
2024-01-09,1.2819,0.0013
2024-01-10,1.282,0.0001
2024-01-11,1.2833,0.001
2024-01-12,1.2843,0.0008
2024-01-15,1.2836,-0.0005
2024-01-16,1.2825,-0.0009
2024-01-17,1.2794,-0.0024
2024-01-18,1.2792,-0.0002
2024-01-19,1.2799,0.0005
2024-01-22,1.2753,-0.0036
2024-01-23,1.2758,0.0004
2024-01-24,1.2753,-0.0004
2024-01-25,1.2807,0.0042
2024-01-26,1.2814,0.0005
2024-01-29,1.2788,-0.002
2024-01-30,1.2771,-0.0013
2024-01-31,1.2756,-0.0012
2024-02-01,1.2756,0.0
2024-02-02,1.2746,-0.0008
2024-02-05,1.272,-0.002
2024-02-06,1.2772,0.0040999999999999995
2024-02-07,1.2792,0.0016
2024-02-08,1.2827,0.0027
2024-02-19,1.2838,0.0009
2024-02-20,1.2868,0.0023
2024-02-21,1.2892,0.0019
2024-02-22,1.2904,0.0009
2024-02-23,1.2918,0.0011
2024-02-26,1.2921,0.0002
2024-02-27,1.2932,0.0009
2024-02-28,1.2885,-0.0036
2024-02-29,1.2915,0.0023
2024-03-01,1.2919,0.0003
2024-03-04,1.2901,-0.0014000000000000002
2024-03-05,1.2879,-0.0017000000000000001
2024-03-06,1.2885,0.0005
2024-03-07,1.2878,-0.0005
2024-03-08,1.2881,0.0002
2024-03-11,1.291,0.0023
2024-03-12,1.2909,-0.0001
2024-03-13,1.2908,-0.0001
2024-03-14,1.2892,-0.0012
2024-03-15,1.2898,0.0005
2024-03-18,1.293,0.0025
2024-03-19,1.2942,0.0009
2024-03-20,1.2956,0.0011
2024-03-21,1.2956,0.0
2024-03-22,1.2942,-0.0011
2024-03-25,1.2929,-0.001
2024-03-26,1.2925,-0.0003
2024-03-27,1.291,-0.0012
2024-03-28,1.2917,0.0005
2024-03-29,1.2934,0.0013
2024-04-01,1.2963,0.0022
2024-04-02,1.2978,0.0012
2024-04-03,1.2989,0.0008
2024-04-08,1.298,-0.0007000000000000001
2024-04-09,1.3016,0.0028000000000000004
2024-04-10,1.301,-0.0005
2024-04-11,1.3016,0.0005
2024-04-12,1.3029,0.001
2024-04-15,1.3022,-0.0005
2024-04-16,1.299,-0.0025
2024-04-17,1.3031,0.0032
2024-04-18,1.3037,0.0005
2024-04-19,1.3034,-0.0002
2024-04-22,1.3034,0.0
2024-04-23,1.3036,0.0002
2024-04-24,1.3038,0.0002
2024-04-25,1.3037,-0.0001
2024-04-26,1.3044,0.0005
2024-04-29,1.3046,0.0002
2024-04-30,1.3055,0.0007000000000000001
2024-05-06,1.3095,0.0031
2024-05-07,1.3126,0.0024
2024-05-08,1.3114,-0.0009
2024-05-09,1.3143,0.0022
2024-05-10,1.3141,-0.0002
2024-05-13,1.3141,0.0
2024-05-14,1.3143,0.0002
2024-05-15,1.3134,-0.0007000000000000001
2024-05-16,1.3133,-0.0001
2024-05-17,1.3135,0.0002
2024-05-20,1.3147,0.0009
2024-05-21,1.3139,-0.0006
2024-05-22,1.3147,0.0006
2024-05-23,1.3133,-0.0011
2024-05-24,1.3129,-0.0003
2024-05-27,1.3135,0.0005
2024-05-28,1.3135,0.0
2024-05-29,1.3136,0.0001
2024-05-30,1.3143,0.0005
2024-05-31,1.3141,-0.0002
2024-06-03,1.313,-0.0008
2024-06-04,1.3138,0.0006
2024-06-05,1.3139,0.0001
2024-06-06,1.3135,-0.0003
2024-06-07,1.3134,-0.0001
2024-06-11,1.3141,0.0005
2024-06-12,1.3143,0.0002
2024-06-13,1.3135,-0.0006
2024-06-14,1.3139,0.0003
2024-06-17,1.3134,-0.0004
2024-06-18,1.3141,0.0005
2024-06-19,1.3129,-0.0009
2024-06-20,1.31,-0.0022
2024-06-21,1.3081,-0.0015
2024-06-24,1.3053,-0.0021
2024-06-25,1.3062,0.0007000000000000001
2024-06-26,1.3101,0.003
2024-06-27,1.3097,-0.0003
2024-06-28,1.3104,0.0005
2024-06-30,1.3105,0.0001
2024-07-01,1.3104,-0.0001
2024-07-02,1.3106,0.0002
2024-07-03,1.3097,-0.0007000000000000001
2024-07-04,1.3086,-0.0008
2024-07-05,1.3088,0.0002
2024-07-08,1.3063,-0.0019
2024-07-09,1.3082,0.0015
2024-07-10,1.3081,-0.0001
2024-07-11,1.3091,0.0008
2024-07-12,1.3089,-0.0002
2024-07-15,1.3079,-0.0008
2024-07-16,1.3076,-0.0002
2024-07-17,1.3064,-0.0009
2024-07-18,1.3066,0.0002
2024-07-19,1.307,0.0003
2024-07-22,1.3064,-0.0005
2024-07-23,1.3044,-0.0015
2024-07-24,1.3013,-0.0024
2024-07-25,1.302,0.0005
2024-07-26,1.3062,0.0032
2024-07-29,1.3056,-0.0005
2024-07-30,1.3055,-0.0001
2024-07-31,1.3085,0.0023
2024-08-01,1.3088,0.0002
2024-08-02,1.3084,-0.0003
2024-08-05,1.3065,-0.0015
2024-08-06,1.3069,0.0003
2024-08-07,1.3074,0.0004
2024-08-08,1.3066,-0.0006
2024-08-09,1.3055,-0.0008
2024-08-12,1.3031,-0.0018
2024-08-13,1.3031,0.0
2024-08-14,1.3023,-0.0006
2024-08-15,1.3,-0.0018
2024-08-16,1.2967,-0.0025
2024-08-19,1.2982,0.0012
2024-08-20,1.2956,-0.002
2024-08-21,1.2959,0.0002
2024-08-22,1.2948,-0.0008
2024-08-23,1.2948,0.0
2024-08-26,1.2971,0.0018
2024-08-27,1.2952,-0.0015
2024-08-28,1.2955,0.0002
2024-08-29,1.2975,0.0015
2024-08-30,1.2997,0.0017000000000000001
2024-09-02,1.2984,-0.001
2024-09-03,1.2996,0.0009
2024-09-04,1.3,0.0003
2024-09-05,1.3017,0.0013
2024-09-06,1.3003,-0.0011
2024-09-09,1.2989,-0.0011
2024-09-10,1.2976,-0.001
2024-09-11,1.2979,0.0002
2024-09-12,1.2975,-0.0003
2024-09-13,1.2971,-0.0003
2024-09-18,1.2965,-0.0005
2024-09-19,1.2984,0.0015
2024-09-20,1.2972,-0.0009
2024-09-23,1.2969,-0.0002
2024-09-24,1.304,0.0055000000000000005
2024-09-25,1.3053,0.001
2024-09-26,1.3107,0.0040999999999999995
2024-09-27,1.3126,0.0014000000000000002
2024-09-30,1.3179,0.004
2024-10-08,1.3214,0.0027
2024-10-09,1.3081,-0.0101
2024-10-10,1.3107,0.002
2024-10-11,1.3082,-0.0019
2024-10-14,1.3142,0.0046
2024-10-15,1.3137,-0.0004
2024-10-16,1.3152,0.0011
2024-10-17,1.3156,0.0003
2024-10-18,1.3192,0.0027
2024-10-21,1.32,0.0006
2024-10-22,1.3199,-0.0001
2024-10-23,1.3201,0.0002
2024-10-24,1.3176,-0.0019
2024-10-25,1.3198,0.0017000000000000001
2024-10-28,1.3214,0.0012
2024-10-29,1.3188,-0.002
2024-10-30,1.3181,-0.0005
2024-10-31,1.3186,0.0004
2024-11-01,1.3193,0.0005
2024-11-04,1.3212,0.0014000000000000002
2024-11-05,1.3239,0.002
2024-11-06,1.3235,-0.0003
2024-11-07,1.3259,0.0018
2024-11-08,1.3252,-0.0005
2024-11-11,1.3284,0.0024
2024-11-12,1.3281,-0.0002
2024-11-13,1.3272,-0.0007000000000000001
2024-11-14,1.3249,-0.0017000000000000001
2024-11-15,1.3233,-0.0012
2024-11-18,1.3217,-0.0012
2024-11-19,1.324,0.0017000000000000001
2024-11-20,1.3252,0.0009
2024-11-21,1.3262,0.0008
2024-11-22,1.3243,-0.0014000000000000002
2024-11-25,1.3249,0.0005
2024-11-26,1.325,0.0001
2024-11-27,1.3267,0.0013
2024-11-28,1.328,0.001
2024-11-29,1.3297,0.0013
2024-12-02,1.3329,0.0024
2024-12-03,1.3334,0.0004
2024-12-04,1.3329,-0.0004
2024-12-05,1.3339,0.0008
2024-12-06,1.3352,0.001
2024-12-09,1.3366,0.001
2024-12-10,1.3413,0.0034999999999999996
2024-12-11,1.3442,0.0022
2024-12-12,1.3469,0.002
2024-12-13,1.3462,-0.0005
2024-12-16,1.3447,-0.0011
2024-12-17,1.343,-0.0013
2024-12-18,1.3433,0.0002
2024-12-19,1.3429,-0.0003
2024-12-20,1.3449,0.0015
2024-12-23,1.3438,-0.0008
2024-12-24,1.3448,0.0007000000000000001
2024-12-25,1.3436,-0.0009
2024-12-26,1.3443,0.0005
2024-12-27,1.346,0.0013
2024-12-30,1.3465,0.0004
2024-12-31,1.3456,-0.0007000000000000001
2025-01-02,1.3454,-0.0001
2025-01-03,1.3455,0.0001
2025-01-06,1.3458,0.0002
2025-01-07,1.3473,0.0011
2025-01-08,1.3469,-0.0003
2025-01-09,1.3467,-0.0001
2025-01-10,1.3461,-0.0004
2025-01-13,1.3456,-0.0004
2025-01-14,1.3478,0.0016
2025-01-15,1.3277,0.0003
2025-01-16,1.3268,-0.0007000000000000001
2025-01-17,1.3273,0.0004
2025-01-20,1.3283,0.0008
2025-01-21,1.3289,0.0005
2025-01-22,1.3287,-0.0002
2025-01-23,1.3285,-0.0002
2025-01-24,1.3294,0.0007000000000000001
2025-01-27,1.3292,-0.0002
2025-02-05,1.3298,0.0005
2025-02-06,1.332,0.0017000000000000001
2025-02-07,1.3331,0.0008
2025-02-10,1.3328,-0.0002
2025-02-11,1.332,-0.0006
2025-02-12,1.3328,0.0006
2025-02-13,1.3326,-0.0002
2025-02-14,1.333,0.0003
2025-02-17,1.3319,-0.0008
2025-02-18,1.3304,-0.0011
2025-02-19,1.333,0.002
2025-02-20,1.3334,0.0003
2025-02-21,1.3349,0.0011
2025-02-24,1.3338,-0.0008
2025-02-25,1.3335,-0.0002
2025-02-26,1.335,0.0011
2025-02-27,1.3338,-0.0009
2025-02-28,1.3313,-0.0019
2025-03-03,1.3309,-0.0003
2025-03-04,1.332,0.0008
2025-03-05,1.3329,0.0007000000000000001
2025-03-06,1.3346,0.0013
2025-03-07,1.3339,-0.0005
2025-03-10,1.3337,-0.0001
2025-03-11,1.3317,-0.0015
2025-03-12,1.3323,0.0005
2025-03-13,1.3311,-0.0009
2025-03-14,1.3336,0.0019
2025-03-17,1.3334,-0.0001
2025-03-18,1.3337,0.0002
2025-03-19,1.3331,-0.0004
2025-03-20,1.3337,0.0005
2025-03-21,1.3316,-0.0016
2025-03-24,1.3312,-0.0003
2025-03-25,1.3328,0.0012
2025-03-26,1.3339,0.0008
2025-03-27,1.3339,0.0
2025-03-28,1.3333,-0.0004
2025-03-31,1.3326,-0.0005
2025-04-01,1.3338,0.0009
2025-04-02,1.3348,0.0007000000000000001
2025-04-03,1.3364,0.0012
2025-04-07,1.3316,-0.0036
2025-04-08,1.3326,0.0008
2025-04-09,1.3342,0.0012
2025-04-10,1.3359,0.0013
2025-04-11,1.3351,-0.0006
2025-04-14,1.3354,0.0002
2025-04-15,1.3347,-0.0005
2025-04-16,1.3338,-0.0007000000000000001
2025-04-17,1.334,0.0001
2025-04-18,1.3341,0.0001
2025-04-21,1.3344,0.0002
2025-04-22,1.3352,0.0006
2025-04-23,1.3354,0.0001
2025-04-24,1.3346,-0.0006
2025-04-25,1.3349,0.0002
2025-04-28,1.3342,-0.0005
2025-04-29,1.3354,0.0009
2025-04-30,1.3358,0.0003
2025-05-06,1.3373,0.0011
2025-05-07,1.337,-0.0002
2025-05-08,1.3386,0.0012
2025-05-09,1.3387,0.0001
2025-05-12,1.3388,0.0001
2025-05-13,1.3395,0.0005
2025-05-14,1.3393,-0.0001
2025-05-15,1.3382,-0.0008
2025-05-16,1.3381,-0.0001
2025-05-19,1.3389,0.0006
2025-05-20,1.3395,0.0004
2025-05-21,1.3401,0.0004
2025-05-22,1.3393,-0.0006
2025-05-23,1.3388,-0.0004
2025-05-26,1.3385,-0.0002
2025-05-27,1.3378,-0.0005
2025-05-28,1.3375,-0.0002
2025-05-29,1.338,0.0004
2025-05-30,1.3389,0.0007000000000000001
2025-06-03,1.3394,0.0004
2025-06-04,1.3402,0.0006
2025-06-05,1.3403,0.0001
2025-06-06,1.3412,0.0007000000000000001
2025-06-09,1.3421,0.0007000000000000001
2025-06-10,1.3415,-0.0004
2025-06-11,1.3423,0.0006
2025-06-12,1.3423,0.0
2025-06-13,1.3414,-0.0007000000000000001
2025-06-16,1.3416,0.0001
2025-06-17,1.3423,0.0005
2025-06-18,1.3424,0.0001
2025-06-19,1.342,-0.0003
2025-06-20,1.3423,0.0002
2025-06-23,1.3428,0.0004
2025-06-24,1.3436,0.0006
2025-06-25,1.3447,0.0008
2025-06-26,1.3445,-0.0001
2025-06-27,1.3453,0.0006
2025-06-30,1.3457,0.0003
2025-07-01,1.3468,0.0008
2025-07-02,1.3468,0.0
2025-07-03,1.348,0.0009
2025-07-04,1.348,0.0
2025-07-07,1.3478,-0.0001
2025-07-08,1.3488,0.0007000000000000001
2025-07-09,1.3486,-0.0001
2025-07-10,1.3488,0.0001
2025-07-11,1.349,0.0001
2025-07-14,1.3477,-0.001
2025-07-15,1.3474,-0.0002
2025-07-16,1.348,0.0004
2025-07-17,1.3494,0.001
2025-07-18,1.3498,0.0003
2025-07-21,1.3508,0.0007000000000000001
2025-07-22,1.3515,0.0005
2025-07-23,1.3505,-0.0007000000000000001
2025-07-24,1.3509,0.0003
2025-07-25,1.3505,-0.0003
2025-07-28,1.3495,-0.0007000000000000001
2025-07-29,1.3486,-0.0007000000000000001
2025-07-30,1.3491,0.0004
2025-07-31,1.3483,-0.0006
2025-08-01,1.3488,0.0004
2025-08-04,1.3501,0.001
2025-08-05,1.3514,0.001
2025-08-06,1.3523,0.0007000000000000001
2025-08-07,1.3528,0.0004
2025-08-08,1.3531,0.0002
2025-08-11,1.3532,0.0001
2025-08-12,1.3524,-0.0006
2025-08-13,1.3534,0.0007000000000000001
2025-08-14,1.3523,-0.0008
2025-08-15,1.3531,0.0006
2025-08-18,1.3525,-0.0004
2025-08-19,1.3531,0.0004
2025-08-20,1.3533,0.0001
2025-08-21,1.3549,0.0012
2025-08-22,1.3565,0.0012
2025-08-25,1.3579,0.001
2025-08-26,1.3587,0.0006
2025-08-27,1.3541,-0.0034000000000000002
2025-08-28,1.3535,-0.0004
2025-08-29,1.3536,0.0001
2025-09-01,1.3526,-0.0007000000000000001
2025-09-02,1.352,-0.0004
2025-09-03,1.3536,0.0012
2025-09-04,1.3538,0.0001
2025-09-05,1.3565,0.002
2025-09-08,1.357,0.0004
2025-09-09,1.355,-0.0015
2025-09-10,1.353,-0.0015
2025-09-11,1.3547,0.0013
2025-09-12,1.3555,0.0006
2025-09-15,1.3546,-0.0007000000000000001
2025-09-16,1.3548,0.0001
2025-09-17,1.3563,0.0011
2025-09-18,1.3541,-0.0016
2025-09-19,1.3527,-0.001
2025-09-22,1.3526,-0.0001
2025-09-23,1.3518,-0.0006
2025-09-24,1.3524,0.0004
2025-09-25,1.3532,0.0006
2025-09-26,1.3534,0.0001
2025-09-29,1.3539,0.0004
2025-09-30,1.3563,0.0018
2025-10-09,1.3575,0.0009
2025-10-10,1.3572,-0.0002
2025-10-13,1.3577,0.0004
2025-10-14,1.3573,-0.0003
2025-10-15,1.3575,0.0001
2025-10-16,1.3573,-0.0001
2025-10-17,1.3573,0.0
2025-10-20,1.357,-0.0002
2025-10-21,1.3585,0.0011
2025-10-22,1.3583,-0.0001
2025-10-23,1.3589,0.0004
2025-10-24,1.3592,0.0002
2025-10-27,1.3602,0.0007000000000000001
2025-10-28,1.361,0.0006
2025-10-29,1.3626,0.0012
2025-10-30,1.3623,-0.0002
2025-10-31,1.3633,0.0007000000000000001
2025-11-03,1.3639,0.0004
2025-11-04,1.3632,-0.0005
2025-11-05,1.3643,0.0008
2025-11-06,1.3642,-0.0001
2025-11-07,1.3642,0.0
2025-11-10,1.3652,0.0007000000000000001
2025-11-11,1.3652,0.0
2025-11-12,1.365,-0.0001
2025-11-13,1.3664,0.001
2025-11-14,1.3659,-0.0004
2025-11-17,1.366,0.0001
2025-11-18,1.3653,-0.0005
2025-11-19,1.3655,0.0001
2025-11-20,1.3654,-0.0001
2025-11-21,1.3644,-0.0007000000000000001
2025-11-24,1.3646,0.0001
2025-11-25,1.3645,-0.0001
2025-11-26,1.3627,-0.0013
2025-11-27,1.3615,-0.0009
2025-11-28,1.3626,0.0008
2025-12-01,1.3632,0.0004
2025-12-02,1.3625,-0.0005
2025-12-03,1.3619,-0.0004
2025-12-04,1.3603,-0.0012
2025-12-05,1.3618,0.0011
2025-12-08,1.362,0.0001
2025-12-09,1.3618,-0.0001
2025-12-10,1.3626,0.0006
2025-12-11,1.3628,0.0001
2025-12-12,1.3626,-0.0001
2025-12-15,1.3617,-0.0007000000000000001
2025-12-16,1.3614,-0.0002
2025-12-17,1.3631,0.0012
2025-12-18,1.3633,0.0001
2025-12-19,1.3646,0.001
2025-12-22,1.3648,0.0001
2025-12-23,1.3653,0.0004
2025-12-24,1.3657,0.0003
2025-12-25,1.3662,0.0004
2025-12-26,1.3663,0.0001
2025-12-29,1.3645,-0.0013
2025-12-30,1.3645,0.0
2025-12-31,1.3648,0.0002
2026-01-05,1.3668,0.0015
2026-01-06,1.3674,0.0004
2026-01-07,1.3673,-0.0001
2026-01-08,1.3686,0.001
2026-01-09,1.37,0.001
2026-01-12,1.372,0.0015
2026-01-13,1.371,-0.0007000000000000001
2026-01-14,1.3721,0.0008
2026-01-15,1.3345,0.0006
2026-01-16,1.3363,0.0013
2026-01-19,1.3373,0.0007000000000000001
2026-01-20,1.3375,0.0001
2026-01-21,1.3389,0.001
2026-01-22,1.3399,0.0007000000000000001
2026-01-23,1.3418,0.0014000000000000002
2026-01-26,1.341,-0.0006
2026-01-27,1.3409,-0.0001
2026-01-28,1.3422,0.001
2026-01-29,1.3411,-0.0008
2026-01-30,1.3394,-0.0013
2026-02-02,1.337,-0.0018
2026-02-03,1.3397,0.002
2026-02-04,1.3398,0.0001
2026-02-05,1.3395,-0.0002
2026-02-06,1.3413,0.0013
2026-02-09,1.344,0.002
2026-02-10,1.3438,-0.0001
2026-02-11,1.3442,0.0003
2026-02-12,1.3453,0.0008
2026-02-13,1.3447,-0.0004
2026-02-24,1.3461,0.001
2026-02-25,1.3458,-0.0002
2026-02-26,1.3434,-0.0018
2026-02-27,1.3435,0.0001
2026-03-02,1.3443,0.0006
2026-03-03,1.3427,-0.0012
2026-03-04,1.3433,0.0004
2026-03-05,1.3435,0.0001
2026-03-06,1.3439,0.0003
2026-03-09,1.3426,-0.001
2026-03-10,1.3434,0.0006
2026-03-11,1.3437,0.0002
2026-03-12,1.3433,-0.0003
2026-03-13,1.3427,-0.0004
2026-03-16,1.3424,-0.0002
2026-03-17,1.3417,-0.0005
2026-03-18,1.3433,0.0012
2026-03-19,1.3423,-0.0007000000000000001
2026-03-20,1.3421,-0.0001
2026-03-23,1.3411,-0.0007000000000000001
2026-03-24,1.3427,0.0012
2026-03-25,1.3437,0.0007000000000000001
2026-03-26,1.3429,-0.0006
2026-03-27,1.3434,0.0004
2026-03-30,1.3437,0.0002
2026-03-31,1.3425,-0.0009
2026-04-01,1.3437,0.0009
2026-04-02,1.3429,-0.0006
2026-04-03,1.3439,0.0007000000000000001
2026-04-07,1.345,0.0008
2026-04-08,1.3472,0.0016
2026-04-09,1.347,-0.0001
2026-04-10,1.347,0.0
2026-04-13,1.3472,0.0001
2026-04-14,1.3485,0.001
2026-04-15,1.3486,0.0001
2026-04-16,1.3502,0.0012
2026-04-17,1.3513,0.0008
2026-04-20,1.3513,0.0
2026-04-21,1.3514,0.0001
2026-04-22,1.3529,0.0011
2026-04-23,1.3518,-0.0008
2026-04-24,1.3512,-0.0004
2026-04-27,1.3508,-0.0003
2026-04-28,1.3507,-0.0001
2026-04-29,1.3522,0.0011
2026-04-30,1.3524,0.0001
2026-05-06,1.3532,0.0006
2026-05-07,1.354,0.0006
2026-05-08,1.3539,-0.0001
2026-05-11,1.3547,0.0006
2026-05-12,1.3541,-0.0004
2026-05-13,1.3548,0.0005
2026-05-14,1.3535,-0.001
2026-05-15,1.3531,-0.0003
2026-05-18,1.3537,0.0004
2026-05-19,1.3556,0.0014000000000000002
2026-05-20,1.3562,0.0004
2026-05-21,1.3553,-0.0007000000000000001
2026-05-22,1.3554,0.0001
2026-05-25,1.3566,0.0009
2026-05-26,1.3567,0.0001
2026-05-27,1.3568,0.0001
2026-05-28,1.3581,0.001
2026-05-29,1.3568,-0.001
2026-06-01,1.357,0.0001
2026-06-02,1.3577,0.0005
2026-06-03,1.3573,-0.0003
2026-06-04,1.357,-0.0002
2026-06-05,1.3562,-0.0006
2026-06-08,1.355,-0.0009
2026-06-09,1.3555,0.0004
2026-06-10,1.3544,-0.0008
2026-06-11,1.3543,-0.0001
2026-06-12,1.3553,0.0007000000000000001
2026-06-15,1.3567,0.001
2026-06-16,1.3578,0.0008
2026-06-17,1.3585,0.0005
2026-06-18,1.3586,0.0001
2026-06-22,1.3582,-0.0003
2026-06-23,1.3574,-0.0006
2026-06-24,1.3585,0.0008
2026-06-25,1.3589,0.0003
2026-06-26,1.3587,-0.0001
2026-06-29,1.3602,0.0011
2026-06-30,1.3612,0.0007000000000000001
2026-07-01,1.3604,-0.0006
2026-07-02,1.3595,-0.0007000000000000001
2026-07-03,1.3596,0.0001
2026-07-06,1.3603,0.0005
2026-07-07,1.36,-0.0002
2026-07-08,1.36,0.0
2026-07-09,1.3606,0.0004
2026-07-10,1.3601,-0.0004
2026-07-13,1.3594,-0.0005
2026-07-14,1.3602,0.0006
2026-07-15,1.3602,0.0
2026-07-16,1.3595,-0.0005
2026-07-17,1.359,-0.0004
2026-07-20,1.3585,-0.0004
2026-07-21,1.36,0.0011
2026-07-22,1.3597,-0.0002
2026-07-23,1.3595,-0.0001
2026-07-24,1.3595,0.0
2026-07-27,1.3603,0.0006
2026-07-28,1.3587,-0.0012
2026-07-29,1.3591,0.0003
2026-07-30,1.3594,0.0002
2026-07-31,1.3601,0.0005
2026-08-03,1.3595,-0.0004
2026-08-04,1.3605,0.0007000000000000001
