date,nav,ret
2006-04-19,1.0,0.0
2006-04-21,1.0001,0.0001
2006-04-28,1.0008,0.0007000000000000001
2006-05-12,1.013,0.012190000000000001
2006-05-17,1.0069,-0.006022
2006-05-18,1.0,-0.006853000000000001
2006-05-19,1.0236,0.0236
2006-05-22,1.0082,-0.015045
2006-05-23,0.9835,-0.024499
2006-05-24,0.9821,-0.001423
2006-05-25,0.9836,0.001527
2006-05-26,0.9963,0.012912
2006-05-29,1.0095,0.013249
2006-05-30,1.0178,0.008222
2006-05-31,1.0172,-0.0005899999999999999
2006-06-01,1.0377,0.020152999999999997
2006-06-02,1.0245,-0.01272
2006-06-05,1.0185,-0.005857
2006-06-06,1.0155,-0.002946
2006-06-07,0.9801,-0.03486
2006-06-08,0.9862,0.0062239999999999995
2006-06-09,0.9821,-0.004157
2006-06-12,0.9818,-0.000305
2006-06-13,0.9813,-0.000509
2006-06-14,0.9809,-0.00040800000000000005
2006-06-15,0.9841,0.0032619999999999997
2006-06-16,0.9974,0.013515
2006-06-19,1.012,0.014638
2006-06-20,1.0133,0.0012850000000000001
2006-06-21,1.0066,-0.006612
2006-06-22,1.0041,-0.002484
2006-06-23,1.0106,0.006473
2006-06-26,1.0195,0.008807
2006-06-27,1.0207,0.001177
2006-06-28,1.016,-0.004605000000000001
2006-06-29,1.0236,0.00748
2006-06-30,1.0229,-0.000684
2006-07-03,1.0209,-0.001955
2006-07-04,1.0229,0.001959
2006-07-05,1.0181,-0.004693
2006-07-06,1.0324,0.014046000000000001
2006-07-07,1.0259,-0.006296
2006-07-10,1.0153,-0.010332
2006-07-11,1.0181,0.002758
2006-07-12,1.0194,0.0012770000000000001
2006-07-13,0.9913,-0.027565
2006-07-14,0.9941,0.002825
2006-07-17,0.9971,0.0030180000000000003
2006-07-18,0.9968,-0.000301
2006-07-19,0.981,-0.015851
2006-07-20,0.9799,-0.001121
2006-07-21,0.9858,0.0060209999999999994
2006-07-24,0.9923,0.006594
2006-07-25,0.9988,0.00655
2006-07-26,0.9952,-0.003604
2006-07-27,0.9884,-0.0068330000000000005
2006-07-28,0.9795,-0.009004
2006-07-31,0.9608,-0.019091
2006-08-01,0.9546,-0.0064529999999999995
2006-08-02,0.9516,-0.0031430000000000004
2006-08-03,0.9473,-0.0045190000000000004
2006-08-04,0.9366,-0.011295
2006-08-07,0.9336,-0.0032029999999999997
2006-08-08,0.9433,0.01039
2006-08-09,0.9412,-0.002226
2006-08-10,0.9491,0.008394
2006-08-11,0.9494,0.00031600000000000004
2006-08-14,0.9326,-0.017695000000000002
2006-08-15,0.9373,0.00504
2006-08-16,0.9431,0.006188
2006-08-17,0.9412,-0.0020150000000000003
2006-08-18,0.9421,0.000956
2006-08-21,0.9424,0.00031800000000000003
2006-08-22,0.9507,0.008807
2006-08-23,0.951,0.00031600000000000004
2006-08-24,0.9552,0.004416
2006-08-25,0.9573,0.002198
2006-08-28,0.9699,0.013162
2006-08-29,0.975,0.0052580000000000005
2006-08-30,0.9754,0.00041
2006-08-31,0.9746,-0.00082
2006-09-01,0.9647,-0.010158
2006-09-04,0.9724,0.007982
2006-09-05,0.97,-0.0024679999999999997
2006-09-06,0.9704,0.000412
2006-09-07,0.9645,-0.0060799999999999995
2006-09-08,0.9674,0.003007
2006-09-11,0.969,0.0016539999999999999
2006-09-12,0.9723,0.003406
2006-09-13,0.9702,-0.00216
2006-09-14,0.9713,0.001134
2006-09-15,0.9837,0.012766
2006-09-18,0.9877,0.004066
2006-09-19,0.9984,0.010832999999999999
2006-09-20,1.0032,0.004808
2006-09-21,1.0139,0.010666
2006-09-22,1.0104,-0.003452
2006-09-25,1.0119,0.001485
2006-09-26,1.0012,-0.010573999999999998
2006-09-27,1.0091,0.007891
2006-09-28,1.0276,0.018333
2006-09-29,1.0358,0.007980000000000001
2006-09-30,1.0358,0.0
2006-10-09,1.0579,0.021336
2006-10-10,1.064,0.005766
2006-10-11,1.0585,-0.005169
2006-10-12,1.037,-0.020312
2006-10-13,1.0366,-0.000386
2006-10-16,1.0141,-0.021706
2006-10-17,1.0105,-0.0035499999999999998
2006-10-18,1.0282,0.017516
2006-10-19,1.0361,0.007683
2006-10-20,1.0354,-0.000676
2006-10-23,1.0204,-0.014487000000000002
2006-10-24,1.0428,0.021952
2006-10-25,1.056,0.012658
2006-10-26,1.0663,0.009754
2006-10-27,1.0517,-0.013692
2006-10-30,1.0469,-0.0045639999999999995
2006-10-31,1.0579,0.010506999999999999
2006-11-01,1.06,0.0019850000000000002
2006-11-02,1.057,-0.0028299999999999996
2006-11-03,1.0641,0.006717
2006-11-06,1.073,0.008364
2006-11-07,1.0767,0.003448
2006-11-08,1.0707,-0.005573
2006-11-09,1.091,0.018959999999999998
2006-11-10,1.0776,-0.012282
2006-11-13,1.0592,-0.017075
2006-11-14,1.0719,0.01199
2006-11-15,1.1115,0.036944
2006-11-16,1.1207,0.008277
2006-11-17,1.1448,0.021504
2006-11-20,1.159,0.012404
2006-11-21,1.1669,0.006816
2006-11-22,1.1694,0.002142
2006-11-23,1.1733,0.0033350000000000003
2006-11-24,1.1734,8.5e-05
2006-11-27,1.1819,0.0072440000000000004
2006-11-28,1.1773,-0.003892
2006-11-29,1.1992,0.018602
2006-11-30,1.2414,0.03519
2006-12-01,1.2598,0.014822
2006-12-04,1.2881,0.022463999999999998
2006-12-05,1.2954,0.005667
2006-12-06,1.2834,-0.009264
2006-12-07,1.2821,-0.001013
2006-12-08,1.2453,-0.028703
2006-12-11,1.3001,0.044005
2006-12-12,1.3141,0.010768
2006-12-13,1.3141,0.0
2006-12-14,1.345,0.023514
2006-12-15,1.3817,0.027286
2006-12-18,1.4497,0.049215
2006-12-19,1.4501,0.000276
2006-12-20,1.4578,0.0053100000000000005
2006-12-21,1.4368,-0.014405
2006-12-22,1.4217,-0.010509
2006-12-25,1.46,0.02694
2006-12-26,1.4707,0.007329
2006-12-27,1.5134,0.029034
2006-12-28,1.5142,0.0005290000000000001
2006-12-29,1.5533,0.025821999999999998
2006-12-31,1.5532,-6.4e-05
2007-01-04,1.5678,0.009399999999999999
2007-01-05,1.551,-0.010716000000000002
2007-01-08,1.5767,0.01657
2007-01-09,1.6419,0.041352
2007-01-10,1.6703,0.017297
2007-01-11,1.6493,-0.012573
2007-01-12,1.6282,-0.012793
2007-01-15,1.7033,0.046125
2007-01-16,1.7643,0.035813000000000005
2007-01-17,1.7559,-0.0047610000000000005
2007-01-18,1.7534,-0.001424
2007-01-19,1.814,0.034561
2007-01-22,1.8834,0.038258
2007-01-23,1.8732,-0.005416
2007-01-24,1.8903,0.009129
2007-01-25,1.8305,-0.031634999999999996
2007-01-26,1.8744,0.023982999999999997
2007-01-29,1.9035,0.015525
2007-01-30,1.8933,-0.005359
2007-01-31,1.7642,-0.068188
2007-02-01,1.773,0.004988
2007-02-02,1.6884,-0.047716
2007-02-05,1.6755,-0.00764
2007-02-06,1.6924,0.010086999999999999
2007-02-07,1.7349,0.025112000000000002
2007-02-08,1.6722,0.015736
2007-02-09,1.6573,-0.00891
2007-02-12,1.7214,0.038677
2007-02-13,1.7544,0.01917
2007-02-14,1.7985,0.025137
2007-02-15,1.8472,0.027078
2007-02-16,1.8594,0.006605
2007-02-26,1.8451,-0.007691
2007-02-27,1.6684,-0.095767
2007-02-28,1.6953,0.016123000000000002
2007-03-01,1.6395,-0.032915
2007-03-02,1.661,0.013113999999999999
2007-03-05,1.6381,-0.013787
2007-03-06,1.6707,0.019901
2007-03-07,1.7218,0.030586000000000002
2007-03-08,1.7436,0.012661
2007-03-09,1.7294,-0.008144
2007-03-12,1.7294,0.0
2007-03-13,1.7404,0.006361
2007-03-14,1.705,-0.020339999999999997
2007-03-15,1.7368,0.018651
2007-03-16,1.7134,-0.013472999999999999
2007-03-19,1.7498,0.021244
2007-03-20,1.7451,-0.002686
2007-03-21,1.7554,0.005901999999999999
2007-03-22,1.7667,0.006437000000000001
2007-03-23,1.7655,-0.000679
2007-03-26,1.7877,0.012574
2007-03-27,1.7836,-0.002293
2007-03-28,1.792,0.00471
2007-03-29,1.7877,-0.0024
2007-03-30,1.7827,-0.002797
2007-03-31,1.7826,-5.6e-05
2007-04-02,1.8329,0.028217
2007-04-03,1.8548,0.011948
2007-04-04,1.8714,0.00895
2007-04-05,1.8903,0.010099
2007-04-06,1.8886,-0.000899
2007-04-09,1.9199,0.016573
2007-04-10,1.9584,0.020053
2007-04-11,1.9814,0.011744000000000001
2007-04-12,2.0025,0.010648999999999999
2007-04-13,1.9969,-0.002797
2007-04-16,2.0589,0.031048
2007-04-17,2.0659,0.0034000000000000002
2007-04-18,2.0771,0.0054210000000000005
2007-04-19,1.9887,-0.04255899999999999
2007-04-20,2.0648,0.038266
2007-04-23,2.13,0.031577
2007-04-24,2.1317,0.000798
2007-04-25,2.127,-0.002205
2007-04-26,2.1356,0.004043
2007-04-27,2.1009,-0.016248
2007-04-30,2.151,0.023847
2007-05-08,2.2135,0.029056000000000002
2007-05-09,2.1966,-0.007634999999999999
2007-05-10,2.2191,0.010243
2007-05-11,2.1997,-0.008742
2007-05-14,2.2258,0.011865
2007-05-15,2.1571,-0.030865
2007-05-16,2.2024,0.021
2007-05-17,2.2467,0.020114
2007-05-18,2.2573,0.004718
2007-05-21,2.3066,0.021840000000000002
2007-05-22,2.3162,0.004162
2007-05-23,1.0008,0.014938
2007-05-24,0.9935,-0.007294
2007-05-25,0.9968,0.003322
2007-05-28,1.0016,0.004815
2007-05-29,1.0096,0.007987
2007-05-30,0.9743,-0.034964
2007-05-31,0.9942,0.020425
2007-06-01,0.9793,-0.014986999999999999
2007-06-04,0.9343,-0.045951000000000006
2007-06-05,0.9572,0.02451
2007-06-06,0.9662,0.009402
2007-06-07,0.9897,0.024322
2007-06-08,0.9922,0.002526
2007-06-11,1.018,0.026003
2007-06-12,1.0429,0.024460000000000003
2007-06-13,1.0546,0.011219
2007-06-14,1.0468,-0.007396000000000001
2007-06-15,1.0516,0.0045850000000000005
2007-06-18,1.0764,0.023583
2007-06-19,1.0813,0.004552
2007-06-20,1.0589,-0.020716000000000002
2007-06-21,1.0672,0.007838000000000001
2007-06-22,1.0478,-0.018178
2007-06-25,1.0198,-0.026723
2007-06-26,1.0294,0.009414
2007-06-27,1.0547,0.024577
2007-06-28,1.0215,-0.031478
2007-06-29,1.0053,-0.015859
2007-06-30,1.0053,0.0
2007-07-02,1.0014,-0.003879
2007-07-03,1.0168,0.015378000000000001
2007-07-04,1.0006,-0.015931999999999998
2007-07-05,0.9589,-0.041675000000000004
2007-07-06,0.9911,0.03358
2007-07-09,1.017,0.026133000000000003
2007-07-10,1.0074,-0.009439999999999999
2007-07-11,1.0081,0.0006950000000000001
2007-07-12,1.0142,0.006051
2007-07-13,1.0164,0.002169
2007-07-16,0.9943,-0.021743000000000002
2007-07-17,1.0136,0.019411
2007-07-18,1.0197,0.006018
2007-07-19,1.0175,-0.002157
2007-07-20,1.0566,0.038428
2007-07-23,1.0926,0.034072
2007-07-24,1.0929,0.000275
2007-07-25,1.1104,0.016012
2007-07-26,1.1168,0.005764
2007-07-27,1.1181,0.001164
2007-07-30,1.1422,0.021554000000000004
2007-07-31,1.1504,0.007179
2007-08-01,1.1143,-0.03138
2007-08-02,1.1529,0.034641000000000005
2007-08-03,1.1977,0.038859
2007-08-06,1.225,0.022794
2007-08-07,1.2285,0.002857
2007-08-08,1.2076,-0.017013
2007-08-09,1.2412,0.027824
2007-08-10,1.2276,-0.010957
2007-08-13,1.2182,-0.007657000000000001
2007-08-14,1.2358,0.014448
2007-08-15,1.2403,0.0036409999999999997
2007-08-16,1.214,-0.021204999999999998
2007-08-17,1.1881,-0.021334
2007-08-20,1.2519,0.053699000000000004
2007-08-21,1.2721,0.016135
2007-08-22,1.2916,0.015328999999999999
2007-08-23,1.3173,0.019898
2007-08-24,1.3401,0.017308
2007-08-27,1.3459,0.004328
2007-08-28,1.3464,0.000371
2007-08-29,1.3325,-0.010324
2007-08-30,1.3483,0.011857
2007-08-31,1.3668,0.013721
2007-09-03,1.4026,0.026193
2007-09-04,1.3864,-0.01155
2007-09-05,1.388,0.001154
2007-09-06,1.396,0.005764
2007-09-07,1.3685,-0.019699
2007-09-10,1.3905,0.016076
2007-09-11,1.3358,-0.039338000000000005
2007-09-12,1.3567,0.015646
2007-09-13,1.3904,0.02484
2007-09-14,1.4046,0.010213000000000002
2007-09-17,1.4269,0.015875999999999998
2007-09-18,1.411,-0.011143
2007-09-19,1.3952,-0.011198
2007-09-20,1.4086,0.009604
2007-09-21,1.3963,-0.008732
2007-09-24,1.3995,0.0022919999999999998
2007-09-25,1.385,-0.010361
2007-09-26,1.3667,-0.013212999999999999
2007-09-27,1.3834,0.012219
2007-09-28,1.4185,0.025372
2007-09-30,1.4184,-7.000000000000001e-05
2007-10-08,1.4379,0.013748
2007-10-09,1.4332,-0.003269
2007-10-10,1.4342,0.000698
2007-10-11,1.4517,0.012202
2007-10-12,1.4374,-0.009851
2007-10-15,1.4476,0.007096
2007-10-16,1.4663,0.012918
2007-10-17,1.4467,-0.013367
2007-10-18,1.4003,-0.032073
2007-10-19,1.401,0.0005
2007-10-22,1.3783,-0.016203000000000002
2007-10-23,1.3965,0.013205
2007-10-24,1.4017,0.003724
2007-10-25,1.3505,-0.036527
2007-10-26,1.3707,0.014957
2007-10-29,1.3955,0.018092999999999998
2007-10-30,1.4006,0.003655
2007-10-31,1.4222,0.015422
2007-11-01,1.4056,-0.011672
2007-11-02,1.3647,-0.029098000000000002
2007-11-05,1.3382,-0.019418
2007-11-06,1.3338,-0.0032879999999999997
2007-11-07,1.3431,0.006973
2007-11-08,1.2926,-0.037599999999999995
2007-11-09,1.2761,-0.012765
2007-11-12,1.2676,-0.006661
2007-11-13,1.2534,-0.011202
2007-11-14,1.2932,0.031754
2007-11-15,1.2774,-0.012218
2007-11-16,1.2528,-0.019258
2007-11-19,1.246,-0.005428
2007-11-20,1.2657,0.015811
2007-11-21,1.2559,-0.007743
2007-11-22,1.2066,-0.039255
2007-11-23,1.2243,0.014669000000000001
2007-11-26,1.2162,-0.0066159999999999995
2007-11-27,1.1928,-0.01924
2007-11-28,1.1771,-0.013162
2007-11-29,1.2158,0.032877
2007-11-30,1.1943,-0.017684
2007-12-03,1.2081,0.011555
2007-12-04,1.2213,0.010926
2007-12-05,1.2518,0.024973000000000002
2007-12-06,1.2551,0.002636
2007-12-07,1.2685,0.010676000000000001
2007-12-10,1.2867,0.014348000000000001
2007-12-11,1.284,-0.002098
2007-12-12,1.2612,-0.017757000000000002
2007-12-13,1.2165,-0.035442
2007-12-14,1.2408,0.019975
2007-12-17,1.2162,-0.019826
2007-12-18,1.2158,-0.000329
2007-12-19,1.2372,0.017602
2007-12-20,1.2553,0.01463
2007-12-21,1.2701,0.01179
2007-12-24,1.295,0.019604999999999997
2007-12-25,1.295,0.0
2007-12-26,1.3023,0.005637
2007-12-27,1.324,0.016662999999999997
2007-12-28,1.3202,-0.0028699999999999997
2007-12-29,1.3201,-7.6e-05
2007-12-31,1.32,-7.6e-05
2008-01-02,1.3314,0.008636
2008-01-03,1.3382,0.005107
2008-01-04,1.3482,0.007473
2008-01-07,1.3667,0.013722000000000002
2008-01-08,1.3632,-0.002561
2008-01-09,1.3825,0.014157999999999999
2008-01-10,1.4009,0.013309
2008-01-11,1.4076,0.004783
2008-01-14,1.4155,0.005612000000000001
2008-01-15,1.4066,-0.006288
2008-01-16,1.3688,-0.026873
2008-01-17,1.3433,-0.018629
2008-01-18,1.3548,0.008561
2008-01-21,1.3038,-0.037644000000000004
2008-01-22,1.2289,-0.057447
2008-01-23,1.2884,0.048417
2008-01-24,1.3046,0.012574
2008-01-25,1.3183,0.010501
2008-01-28,1.253,-0.049532999999999994
2008-01-29,1.2544,0.001117
2008-01-30,1.2315,-0.018255999999999998
2008-01-31,1.2031,-0.023060999999999998
2008-02-01,1.1979,-0.0043219999999999995
2008-02-04,1.2824,0.07054
2008-02-05,1.2741,-0.006472
2008-02-13,1.2492,-0.019542999999999998
2008-02-14,1.2633,0.011287
2008-02-15,1.2503,-0.010291
2008-02-18,1.2781,0.022235
2008-02-19,1.3022,0.018855999999999998
2008-02-20,1.2745,-0.021272000000000003
2008-02-21,1.2709,-0.002825
2008-02-22,1.2318,-0.030766
2008-02-25,1.1891,-0.034665
2008-02-26,1.172,-0.014381
2008-02-27,1.2,0.023891
2008-02-28,1.2053,0.004417
2008-02-29,1.2164,0.009209
2008-03-03,1.2471,0.025238
2008-03-04,1.2228,-0.019485
2008-03-05,1.2099,-0.010549999999999999
2008-03-06,1.2196,0.008017
2008-03-07,1.205,-0.011971
2008-03-10,1.1581,-0.038921000000000004
2008-03-11,1.1588,0.000604
2008-03-12,1.1298,-0.025026000000000003
2008-03-13,1.1054,-0.021596999999999998
2008-03-14,1.0879,-0.015830999999999998
2008-03-17,1.0443,-0.040077
2008-03-18,1.0049,-0.037729
2008-03-19,1.0329,0.027863000000000002
2008-03-20,1.0607,0.026915
2008-03-21,1.0689,0.007731
2008-03-24,1.0336,-0.033025
2008-03-25,1.0451,0.011126
2008-03-26,1.0524,0.006985
2008-03-27,1.0288,-0.022425
2008-03-28,1.0631,0.03334
2008-03-31,1.0385,-0.02314
2008-04-01,0.9934,-0.043428
2008-04-02,0.9796,-0.013892
2008-04-03,0.9978,0.018579000000000002
2008-04-07,1.039,0.041291
2008-04-08,1.0505,0.011068
2008-04-09,1.009,-0.039505
2008-04-10,1.0222,0.013082
2008-04-11,1.0309,0.008511
2008-04-14,0.9842,-0.0453
2008-04-15,0.9867,0.00254
2008-04-16,0.9721,-0.014797
2008-04-17,0.9504,-0.022323
2008-04-18,0.936,-0.015152
2008-04-21,0.9331,-0.003098
2008-04-22,0.9382,0.0054659999999999995
2008-04-23,0.9787,0.043168
2008-04-24,1.0467,0.06948
2008-04-25,1.0424,-0.004108
2008-04-28,1.0252,-0.0165
2008-04-29,1.0353,0.009852
2008-04-30,1.0738,0.037187
2008-05-05,1.0937,0.018532
2008-05-06,1.0871,-0.006035
2008-05-07,1.0489,-0.035139000000000004
2008-05-08,1.0779,0.027648000000000002
2008-05-09,1.0745,-0.003154
2008-05-12,1.085,0.009772
2008-05-13,1.081,-0.003687
2008-05-14,1.1032,0.020537
2008-05-15,1.0969,-0.005711000000000001
2008-05-16,1.0941,-0.002553
2008-05-19,1.0945,0.000366
2008-05-20,1.0536,-0.037369
2008-05-21,1.0645,0.010345
2008-05-22,1.0491,-0.014467
2008-05-23,1.0427,-0.0060999999999999995
2008-05-26,1.0164,-0.025223
2008-05-27,1.0183,0.001869
2008-05-28,1.0391,0.020426000000000003
2008-05-29,1.0214,-0.017034
2008-05-30,1.0241,0.002643
2008-06-02,1.025,0.000879
2008-06-03,1.0209,-0.004
2008-06-04,1.0077,-0.012929999999999999
2008-06-05,0.9953,-0.012305
2008-06-06,0.9926,-0.0027129999999999997
2008-06-10,0.9378,-0.055209
2008-06-11,0.9272,-0.011303
2008-06-12,0.9117,-0.016717
2008-06-13,0.8914,-0.022265999999999998
2008-06-16,0.8846,-0.007628
2008-06-17,0.8654,-0.021705000000000002
2008-06-18,0.8978,0.037439
2008-06-19,0.8495,-0.053798000000000006
2008-06-20,0.8654,0.018716999999999998
2008-06-23,0.8547,-0.012364
2008-06-24,0.8693,0.017082
2008-06-25,0.8933,0.027608
2008-06-26,0.8928,-0.0005600000000000001
2008-06-27,0.8612,-0.035394
2008-06-30,0.8521,-0.010567
2008-07-01,0.8292,-0.026875
2008-07-02,0.8322,0.003618
2008-07-03,0.8482,0.019226
2008-07-04,0.8424,-0.0068379999999999995
2008-07-07,0.8743,0.037868
2008-07-08,0.8789,0.005261
2008-07-09,0.9015,0.025714
2008-07-10,0.8935,-0.008874
2008-07-11,0.8897,-0.004253
2008-07-14,0.8957,0.006744
2008-07-15,0.8677,-0.031259999999999996
2008-07-16,0.8438,-0.027544
2008-07-17,0.8375,-0.007466
2008-07-18,0.8547,0.020537
2008-07-21,0.8786,0.027963000000000002
2008-07-22,0.8775,-0.001252
2008-07-23,0.8704,-0.008091000000000001
2008-07-24,0.8903,0.022863
2008-07-25,0.8825,-0.008761
2008-07-28,0.8873,0.005439
2008-07-29,0.8772,-0.011383
2008-07-30,0.8707,-0.00741
2008-07-31,0.8535,-0.019754
2008-08-01,0.8592,0.006678
2008-08-04,0.8464,-0.014898
2008-08-05,0.8287,-0.020912
2008-08-06,0.8302,0.00181
2008-08-07,0.8282,-0.002409
2008-08-08,0.8054,-0.027530000000000002
2008-08-11,0.7816,-0.029550999999999997
2008-08-12,0.782,0.000512
2008-08-13,0.7857,0.004731
2008-08-14,0.7877,0.002546
2008-08-15,0.7863,-0.001777
2008-08-18,0.7597,-0.033829
2008-08-19,0.7669,0.009477
2008-08-20,0.8062,0.051245000000000006
2008-08-21,0.7833,-0.028405
2008-08-22,0.7719,-0.014554000000000001
2008-08-25,0.7689,-0.003887
2008-08-26,0.7533,-0.020289
2008-08-27,0.7473,-0.007965
2008-08-28,0.7473,0.0
2008-08-29,0.7575,0.013649
2008-09-01,0.7392,-0.024158
2008-09-02,0.7288,-0.014069
2008-09-03,0.7171,-0.016054
2008-09-04,0.7189,0.00251
2008-09-05,0.7075,-0.015858
2008-09-08,0.6959,-0.016396
2008-09-09,0.6985,0.0037359999999999997
2008-09-10,0.6984,-0.000143
2008-09-11,0.6849,-0.01933
2008-09-12,0.685,0.000146
2008-09-16,0.6539,-0.045401
2008-09-17,0.6418,-0.018504
2008-09-18,0.6322,-0.014958
2008-09-19,0.6753,0.068175
2008-09-22,0.6993,0.035539999999999995
2008-09-23,0.6768,-0.032174999999999995
2008-09-24,0.6795,0.0039889999999999995
2008-09-25,0.6993,0.029138999999999998
2008-09-26,0.7088,0.013585
2008-09-30,0.7087,-0.00014099999999999998
2008-10-06,0.6827,-0.036687
2008-10-07,0.6777,-0.007324000000000001
2008-10-08,0.6614,-0.024051999999999997
2008-10-09,0.6539,-0.01134
2008-10-10,0.6361,-0.027221000000000002
2008-10-13,0.647,0.017136
2008-10-14,0.6392,-0.012056
2008-10-15,0.6338,-0.008448
2008-10-16,0.6138,-0.031556
2008-10-17,0.6136,-0.00032599999999999996
2008-10-20,0.6255,0.019394
2008-10-21,0.6244,-0.001759
2008-10-22,0.6162,-0.013132999999999999
2008-10-23,0.6162,0.0
2008-10-24,0.6057,-0.01704
2008-10-27,0.5801,-0.042265
2008-10-28,0.589,0.015342
2008-10-29,0.5798,-0.01562
2008-10-30,0.5865,0.011556
2008-10-31,0.5798,-0.011424
2008-11-03,0.579,-0.0013800000000000002
2008-11-04,0.5725,-0.011226
2008-11-05,0.5861,0.023755000000000002
2008-11-06,0.5746,-0.019621
2008-11-07,0.5777,0.005395
2008-11-10,0.6042,0.045872
2008-11-11,0.6017,-0.004138
2008-11-12,0.6042,0.004155
2008-11-13,0.6217,0.028964
2008-11-14,0.6373,0.025092
2008-11-17,0.6482,0.017103
2008-11-18,0.6174,-0.047515999999999996
2008-11-19,0.6411,0.038387
2008-11-20,0.6376,-0.005459
2008-11-21,0.6352,-0.003764
2008-11-24,0.619,-0.025504
2008-11-25,0.6168,-0.003554
2008-11-26,0.6197,0.0047020000000000005
2008-11-27,0.6269,0.011618999999999999
2008-11-28,0.6213,-0.008933
2008-12-01,0.6298,0.013681
2008-12-02,0.6313,0.002382
2008-12-03,0.6499,0.029463
2008-12-04,0.6537,0.005847
2008-12-05,0.6608,0.010861
2008-12-08,0.6795,0.028298999999999998
2008-12-09,0.6649,-0.021486
2008-12-10,0.677,0.018198000000000002
2008-12-11,0.6645,-0.018464
2008-12-12,0.6479,-0.024981
2008-12-15,0.6521,0.006482
2008-12-16,0.6589,0.010428
2008-12-17,0.6628,0.005919
2008-12-18,0.6726,0.014785999999999999
2008-12-19,0.6754,0.004163
2008-12-22,0.6689,-0.009624
2008-12-23,0.645,-0.03573
2008-12-24,0.6391,-0.009146999999999999
2008-12-25,0.6356,-0.005476
2008-12-26,0.6327,-0.004563
2008-12-29,0.6344,0.002687
2008-12-30,0.6333,-0.001734
2008-12-31,0.6325,-0.001263
2009-01-05,0.6458,0.021027999999999998
2009-01-06,0.6582,0.019201
2009-01-07,0.6563,-0.0028870000000000002
2009-01-08,0.6447,-0.017675
2009-01-09,0.6512,0.010082
2009-01-12,0.6516,0.0006140000000000001
2009-01-13,0.64,-0.017802
2009-01-14,0.6571,0.026719
2009-01-15,0.6564,-0.001065
2009-01-16,0.6636,0.010969
2009-01-19,0.6676,0.006028
2009-01-20,0.6692,0.002397
2009-01-21,0.667,-0.0032879999999999997
2009-01-22,0.6728,0.008696
2009-01-23,0.6703,-0.0037159999999999997
2009-02-02,0.6763,0.008951
2009-02-03,0.6872,0.016117
2009-02-04,0.6998,0.018335
2009-02-05,0.6935,-0.009003
2009-02-06,0.7157,0.032012
2009-02-09,0.7318,0.022494999999999998
2009-02-10,0.7375,0.007789000000000001
2009-02-11,0.7395,0.002712
2009-02-12,0.7373,-0.0029749999999999998
2009-02-13,0.7579,0.02794
2009-02-16,0.7725,0.019264
2009-02-17,0.7489,-0.03055
2009-02-18,0.7223,-0.035518999999999995
2009-02-19,0.7311,0.012183
2009-02-20,0.7419,0.014772
2009-02-23,0.7596,0.023858
2009-02-24,0.7318,-0.036598
2009-02-25,0.7288,-0.004099
2009-02-26,0.6999,-0.039653999999999995
2009-02-27,0.6926,-0.01043
2009-03-02,0.7019,0.013428
2009-03-03,0.6964,-0.007836
2009-03-04,0.7308,0.049397
2009-03-05,0.7331,0.0031469999999999996
2009-03-06,0.7292,-0.00532
2009-03-09,0.7088,-0.027976
2009-03-10,0.7177,0.012556000000000001
2009-03-11,0.7137,-0.005573
2009-03-12,0.713,-0.000981
2009-03-13,0.7088,-0.0058909999999999995
2009-03-16,0.7173,0.011992000000000001
2009-03-17,0.7376,0.028301
2009-03-18,0.7407,0.004203
2009-03-19,0.7509,0.013771
2009-03-20,0.7489,-0.002663
2009-03-23,0.7648,0.021231
2009-03-24,0.7682,0.004446
2009-03-25,0.7556,-0.016402
2009-03-26,0.7708,0.020116000000000002
2009-03-27,0.7742,0.004411
2009-03-30,0.7707,-0.004521
2009-03-31,0.7771,0.008304
2009-04-01,0.7875,0.013383
2009-04-02,0.7947,0.009143
2009-04-03,0.7905,-0.005285
2009-04-07,0.7913,0.0010119999999999999
2009-04-08,0.7679,-0.029571999999999998
2009-04-09,0.7794,0.014976
2009-04-10,0.8013,0.028099
2009-04-13,0.816,0.018345
2009-04-14,0.8238,0.009559
2009-04-15,0.829,0.006312
2009-04-16,0.8235,-0.006634
2009-04-17,0.8156,-0.009593
2009-04-20,0.8306,0.018391
2009-04-21,0.8203,-0.012401
2009-04-22,0.7922,-0.034256
2009-04-23,0.7996,0.009341
2009-04-24,0.7978,-0.002251
2009-04-27,0.7828,-0.018802
2009-04-28,0.7866,0.004854
2009-04-29,0.807,0.025934
2009-04-30,0.8153,0.010284999999999999
2009-05-04,0.8387,0.028700999999999997
2009-05-05,0.8423,0.004292000000000001
2009-05-06,0.8545,0.014483999999999999
2009-05-07,0.8519,-0.003043
2009-05-08,0.8538,0.00223
2009-05-11,0.8299,-0.027993
2009-05-12,0.8472,0.020846
2009-05-13,0.8525,0.006256
2009-05-14,0.8495,-0.003519
2009-05-15,0.8517,0.0025900000000000003
2009-05-18,0.8622,0.012327999999999999
2009-05-19,0.8688,0.0076549999999999995
2009-05-20,0.8642,-0.005294999999999999
2009-05-21,0.8471,-0.019787
2009-05-22,0.8447,-0.002833
2009-05-25,0.8481,0.004025
2009-05-26,0.8415,-0.007782
2009-05-27,0.8497,0.009745
2009-06-01,0.8763,0.031305
2009-06-02,0.8773,0.0011409999999999999
2009-06-03,0.8945,0.019606
2009-06-04,0.8992,0.005254
2009-06-05,0.8966,-0.0028910000000000003
2009-06-08,0.8949,-0.001896
2009-06-09,0.8979,0.003352
2009-06-10,0.9037,0.0064600000000000005
2009-06-11,0.8968,-0.007634999999999999
2009-06-12,0.8846,-0.013604
2009-06-15,0.9002,0.017635
2009-06-16,0.8996,-0.000667
2009-06-17,0.9129,0.014783999999999999
2009-06-18,0.9236,0.011720999999999999
2009-06-19,0.9276,0.004331
2009-06-22,0.9275,-0.00010800000000000001
2009-06-23,0.9284,0.00097
2009-06-24,0.9383,0.010664
2009-06-25,0.9409,0.002771
2009-06-26,0.9452,0.00457
2009-06-29,0.9589,0.014494
2009-06-30,0.9576,-0.001356
2009-07-01,0.9786,0.02193
2009-07-02,0.9863,0.007868
2009-07-03,1.0005,0.014397
2009-07-06,1.012,0.011493999999999999
2009-07-07,1.0032,-0.008696
2009-07-08,1.0097,0.006479
2009-07-09,1.0251,0.015251999999999998
2009-07-10,1.032,0.006731
2009-07-13,1.0226,-0.009109
2009-07-14,1.0476,0.024447
2009-07-15,1.0561,0.008114
2009-07-16,1.0573,0.001136
2009-07-17,1.0623,0.004729
2009-07-20,1.0767,0.013555
2009-07-21,1.0637,-0.012074
2009-07-22,1.0786,0.014008
2009-07-23,1.0894,0.010013000000000001
2009-07-24,1.0864,-0.002754
2009-07-27,1.1013,0.013715
2009-07-28,1.1016,0.000272
2009-07-29,1.0516,-0.045389
2009-07-30,1.0719,0.019303999999999998
2009-07-31,1.0957,0.022204
2009-08-03,1.107,0.010313000000000001
2009-08-04,1.1063,-0.0006320000000000001
2009-08-05,1.0926,-0.012384
2009-08-06,1.0758,-0.015376
2009-08-07,1.0494,-0.024540000000000003
2009-08-10,1.0471,-0.002192
2009-08-11,1.0525,0.005157
2009-08-12,1.0141,-0.036485
2009-08-13,1.0295,0.015186
2009-08-14,1.0051,-0.023701
2009-08-17,0.9457,-0.059099000000000006
2009-08-18,0.9525,0.007189999999999999
2009-08-19,0.9185,-0.035696
2009-08-20,0.9534,0.037997
2009-08-21,0.9733,0.020873
2009-08-24,0.9839,0.010891
2009-08-25,0.9538,-0.030593
2009-08-26,0.9718,0.018872
2009-08-27,0.9646,-0.007409
2009-08-28,0.9303,-0.035559
2009-08-31,0.8738,-0.060732999999999995
2009-09-01,0.8788,0.0057220000000000005
2009-09-02,0.8932,0.016386
2009-09-03,0.936,0.047918
2009-09-04,0.9459,0.010577000000000001
2009-09-07,0.9524,0.0068720000000000005
2009-09-08,0.9707,0.019215
2009-09-09,0.9777,0.0072109999999999995
2009-09-10,0.9699,-0.007977999999999999
2009-09-11,0.9906,0.021342
2009-09-14,1.0038,0.013325
2009-09-15,1.005,0.0011949999999999999
2009-09-16,0.9924,-0.012537
2009-09-17,1.008,0.015719
2009-09-18,0.9777,-0.030059999999999996
2009-09-21,0.9884,0.010944
2009-09-22,0.9751,-0.013456
2009-09-23,0.9585,-0.017023999999999997
2009-09-24,0.9604,0.001982
2009-09-25,0.9555,-0.005102
2009-09-28,0.9331,-0.023443000000000002
2009-09-29,0.9373,0.004501
2009-09-30,0.9456,0.008855
2009-10-09,0.9859,0.042618
2009-10-12,0.9865,0.0006090000000000001
2009-10-13,0.9991,0.012771999999999999
2009-10-14,1.0041,0.005004999999999999
2009-10-15,1.0082,0.004083
2009-10-16,1.012,0.003769
2009-10-19,1.0338,0.021542
2009-10-20,1.0464,0.012188000000000001
2009-10-21,1.0416,-0.004587
2009-10-22,1.0367,-0.004704
2009-10-23,1.0558,0.018424
2009-10-26,1.0597,0.0036940000000000002
2009-10-27,1.0392,-0.019345
2009-10-28,1.0409,0.0016359999999999999
2009-10-29,1.0213,-0.01883
2009-10-30,1.0333,0.01175
2009-11-02,1.0709,0.036388
2009-11-03,1.0829,0.011206
2009-11-04,1.0838,0.0008309999999999999
2009-11-05,1.0832,-0.000554
2009-11-06,1.0862,0.0027700000000000003
2009-11-09,1.087,0.000737
2009-11-10,1.0916,0.0042320000000000005
2009-11-11,1.0911,-0.000458
2009-11-12,1.0894,-0.001558
2009-11-13,1.0953,0.005416
2009-11-16,1.1246,0.026751
2009-11-17,1.1229,-0.001512
2009-11-18,1.1192,-0.003295
2009-11-19,1.1201,0.000804
2009-11-20,1.1156,-0.004017
2009-11-23,1.1296,0.012549
2009-11-24,1.0937,-0.031781000000000004
2009-11-25,1.12,0.024047
2009-11-26,1.0754,-0.039821
2009-11-27,1.052,-0.021759
2009-11-30,1.0937,0.039639
2009-12-01,1.1095,0.014446
2009-12-02,1.118,0.007661
2009-12-03,1.1155,-0.002236
2009-12-04,1.119,0.003138
2009-12-07,1.1268,0.006971000000000001
2009-12-08,1.1177,-0.008076
2009-12-09,1.1006,-0.015299
2009-12-10,1.1077,0.006451
2009-12-11,1.1091,0.0012640000000000001
2009-12-14,1.114,0.004418
2009-12-15,1.1112,-0.002513
2009-12-16,1.1057,-0.0049499999999999995
2009-12-17,1.0789,-0.024238
2009-12-18,1.0491,-0.027621000000000003
2009-12-21,1.051,0.0018110000000000001
2009-12-22,1.0312,-0.018838999999999998
2009-12-23,1.0435,0.011928000000000001
2009-12-24,1.0728,0.028079
2009-12-25,1.0728,0.0
2009-12-28,1.0839,0.010347
2009-12-29,1.0922,0.007658000000000001
2009-12-30,1.1013,0.008332
2009-12-31,1.1035,0.001998
2010-01-04,1.0913,-0.011056
2010-01-05,1.0949,0.0032990000000000003
2010-01-06,1.0905,-0.004019
2010-01-07,1.0703,-0.018524
2010-01-08,1.0747,0.004111
2010-01-11,1.0735,-0.001117
2010-01-12,0.9979,0.013413999999999999
2010-01-13,0.981,-0.016936
2010-01-14,0.9985,0.017839
2010-01-15,1.0014,0.002904
2010-01-18,1.0115,0.010086
2010-01-19,1.0074,-0.004053
2010-01-20,0.9763,-0.030872
2010-01-21,0.9796,0.00338
2010-01-22,0.9625,-0.017456
2010-01-25,0.9542,-0.008622999999999999
2010-01-26,0.9332,-0.022008
2010-01-27,0.9259,-0.007823
2010-01-28,0.931,0.005508
2010-01-29,0.9352,0.004511
2010-02-01,0.9254,-0.010479
2010-02-02,0.9205,-0.005294999999999999
2010-02-03,0.9328,0.013362
2010-02-04,0.9309,-0.0020369999999999997
2010-02-05,0.9132,-0.019014
2010-02-08,0.911,-0.002409
2010-02-09,0.9141,0.0034029999999999998
2010-02-10,0.9287,0.015972
2010-02-11,0.93,0.0014000000000000002
2010-02-12,0.9389,0.00957
2010-02-22,0.9347,-0.0044729999999999995
2010-02-23,0.9332,-0.001605
2010-02-24,0.9483,0.016181
2010-02-25,0.9583,0.010545
2010-02-26,0.9581,-0.00020899999999999998
2010-03-01,0.9655,0.007724
2010-03-02,0.9661,0.000621
2010-03-03,0.9731,0.007246
2010-03-04,0.9508,-0.022916
2010-03-05,0.9523,0.001578
2010-03-08,0.958,0.005986
2010-03-09,0.9575,-0.000522
2010-03-10,0.9508,-0.006997
2010-03-11,0.9474,-0.0035759999999999998
2010-03-12,0.9363,-0.011715999999999999
2010-03-15,0.9227,-0.014525
2010-03-16,0.9295,0.00737
2010-03-17,0.948,0.019903
2010-03-18,0.9471,-0.000949
2010-03-19,0.9519,0.0050680000000000005
2010-03-22,0.9574,0.005778
2010-03-23,0.9539,-0.003656
2010-03-24,0.9584,0.004717
2010-03-25,0.9494,-0.009391
2010-03-26,0.9585,0.009585
2010-03-29,0.9725,0.014606
2010-03-30,0.9761,0.0037019999999999996
2010-03-31,0.9765,0.00041
2010-04-01,0.9912,0.015054000000000001
2010-04-02,0.9927,0.0015129999999999998
2010-04-06,0.9913,-0.0014099999999999998
2010-04-07,0.9921,0.000807
2010-04-08,0.9869,-0.005241
2010-04-09,1.0003,0.013578
2010-04-12,1.0029,0.002599
2010-04-13,1.0038,0.000897
2010-04-14,1.0059,0.002092
2010-04-15,0.9975,-0.008350999999999999
2010-04-16,0.9926,-0.004912000000000001
2010-04-19,0.9559,-0.036974
2010-04-20,0.9666,0.011193999999999999
2010-04-21,0.9884,0.022553
2010-04-22,0.982,-0.006475
2010-04-23,0.974,-0.008147
2010-04-26,0.97,-0.004107
2010-04-27,0.9513,-0.019278
2010-04-28,0.9502,-0.001156
2010-04-29,0.9349,-0.016102
2010-04-30,0.9288,-0.0065249999999999996
2010-05-04,0.9281,-0.0007539999999999999
2010-05-05,0.9411,0.014007
2010-05-06,0.9158,-0.026883
2010-05-07,0.9036,-0.013322
2010-05-10,0.8933,-0.011399
2010-05-11,0.8734,-0.022277
2010-05-12,0.8681,-0.0060680000000000005
2010-05-13,0.8915,0.026955
2010-05-14,0.8926,0.0012339999999999999
2010-05-17,0.8574,-0.039435
2010-05-18,0.8679,0.012246
2010-05-19,0.872,0.004724
2010-05-20,0.8606,-0.013073
2010-05-21,0.8723,0.013595
2010-05-24,0.897,0.028315999999999997
2010-05-25,0.8883,-0.009699
2010-05-26,0.8854,-0.003265
2010-05-27,0.8969,0.012988
2010-05-28,0.8991,0.002453
2010-05-31,0.8826,-0.018352
2010-06-01,0.8737,-0.010084
2010-06-02,0.8767,0.003434
2010-06-03,0.8729,-0.004334
2010-06-04,0.8717,-0.0013750000000000001
2010-06-07,0.8662,-0.00631
2010-06-08,0.8661,-0.000115
2010-06-09,0.8844,0.021129
2010-06-10,0.8815,-0.0032790000000000002
2010-06-11,0.8793,-0.002496
2010-06-17,0.871,-0.009439
2010-06-18,0.8508,-0.023192
2010-06-21,0.8668,0.018806
2010-06-22,0.8702,0.003922
2010-06-23,0.8656,-0.005286
2010-06-24,0.8675,0.002195
2010-06-25,0.8625,-0.005764
2010-06-28,0.8563,-0.007188
2010-06-29,0.828,-0.033049
2010-06-30,0.8256,-0.002899
2010-07-01,0.8166,-0.010901000000000001
2010-07-02,0.8109,-0.006979999999999999
2010-07-05,0.8084,-0.0030830000000000002
2010-07-06,0.8214,0.016081
2010-07-07,0.8299,0.010348
2010-07-08,0.8287,-0.001446
2010-07-09,0.8438,0.018221
2010-07-12,0.8462,0.0028439999999999997
2010-07-13,0.8396,-0.0078000000000000005
2010-07-14,0.8406,0.001191
2010-07-15,0.8295,-0.013205
2010-07-16,0.8309,0.001688
2010-07-19,0.8446,0.016488
2010-07-20,0.8574,0.015155
2010-07-21,0.856,-0.001633
2010-07-22,0.8648,0.010280000000000001
2010-07-23,0.8691,0.004972
2010-07-26,0.8741,0.005753
2010-07-27,0.8732,-0.0010299999999999999
2010-07-28,0.8904,0.019698
2010-07-29,0.8906,0.000225
2010-07-30,0.8866,-0.004491
2010-08-02,0.9007,0.015903
2010-08-03,0.8866,-0.015653999999999998
2010-08-04,0.8913,0.005301
2010-08-05,0.8925,0.001346
2010-08-06,0.9037,0.012549
2010-08-09,0.9094,0.006307
2010-08-10,0.8845,-0.027381000000000003
2010-08-11,0.8898,0.005992
2010-08-12,0.8816,-0.009216
2010-08-13,0.8909,0.010549
2010-08-16,0.9077,0.018857
2010-08-17,0.9128,0.005619
2010-08-18,0.9098,-0.003287
2010-08-19,0.9117,0.002088
2010-08-20,0.8961,-0.017111
2010-08-23,0.8975,0.001562
2010-08-24,0.9008,0.003677
2010-08-25,0.8856,-0.016874
2010-08-26,0.8863,0.00079
2010-08-27,0.8924,0.006883
2010-08-30,0.9125,0.022524000000000002
2010-08-31,0.9141,0.0017530000000000002
2010-09-01,0.9058,-0.00908
2010-09-02,0.9161,0.011371
2010-09-03,0.9216,0.006004000000000001
2010-09-06,0.925,0.003689
2010-09-07,0.9249,-0.00010800000000000001
2010-09-08,0.9285,0.003892
2010-09-09,0.9176,-0.011739
2010-09-10,0.9265,0.009699
2010-09-13,0.9363,0.010577000000000001
2010-09-14,0.9403,0.004272000000000001
2010-09-15,0.9245,-0.016803
2010-09-16,0.9088,-0.016982
2010-09-17,0.9138,0.005502
2010-09-20,0.912,-0.00197
2010-09-21,0.9158,0.0041670000000000006
2010-09-27,0.9308,0.016378999999999998
2010-09-28,0.928,-0.0030080000000000003
2010-09-29,0.9174,-0.011422000000000002
2010-09-30,0.9307,0.014497
2010-10-08,0.954,0.025034999999999998
2010-10-11,0.9584,0.004612
2010-10-12,0.9574,-0.001043
2010-10-13,0.9677,0.010758
2010-10-14,0.9579,-0.010126999999999999
2010-10-15,0.9666,0.009082
2010-10-18,0.9504,-0.01676
2010-10-19,0.9758,0.026726
2010-10-20,0.9882,0.012707999999999999
2010-10-21,0.9854,-0.002833
2010-10-22,0.9928,0.00751
2010-10-25,1.0187,0.026088
2010-10-26,1.0128,-0.005792
2010-10-27,0.9939,-0.018661
2010-10-28,0.988,-0.005936
2010-10-29,0.9868,-0.001215
2010-11-01,1.0168,0.030400999999999997
2010-11-02,1.0126,-0.004131
2010-11-03,0.9961,-0.016295
2010-11-04,1.0142,0.018171
2010-11-05,1.0265,0.012128000000000002
2010-11-08,1.0368,0.010034000000000001
2010-11-09,1.0357,-0.001061
2010-11-10,1.0337,-0.001931
2010-11-11,1.0313,-0.002322
2010-11-12,0.9813,-0.048482000000000004
2010-11-15,0.9968,0.015795
2010-11-16,0.9641,-0.032805
2010-11-17,0.9389,-0.026137999999999998
2010-11-18,0.9506,0.012461
2010-11-19,0.9671,0.017357
2010-11-22,0.9723,0.005377
2010-11-23,0.9646,-0.007919
2010-11-24,0.987,0.023222
2010-11-25,0.9931,0.00618
2010-11-26,0.9898,-0.003323
2010-11-29,0.9946,0.004849
2010-11-30,0.9778,-0.016891
2010-12-01,0.9734,-0.0045000000000000005
2010-12-02,0.9724,-0.001027
2010-12-03,0.9715,-0.0009260000000000001
2010-12-06,0.9647,-0.006999
2010-12-07,0.9749,0.010572999999999999
2010-12-08,0.9698,-0.005231
2010-12-09,0.9538,-0.016498
2010-12-10,0.9645,0.011217999999999999
2010-12-13,0.9886,0.024987
2010-12-14,0.9911,0.002529
2010-12-15,0.9852,-0.005953000000000001
2010-12-16,0.9851,-0.00010200000000000001
2010-12-17,0.9842,-0.000914
2010-12-20,0.9742,-0.010161
2010-12-21,0.9889,0.015088999999999998
2010-12-22,0.9828,-0.006168
2010-12-23,0.9753,-0.007631
2010-12-24,0.9657,-0.009843
2010-12-27,0.9515,-0.014704
2010-12-28,0.9411,-0.01093
2010-12-29,0.9519,0.011476
2010-12-30,0.9563,0.004622
2010-12-31,0.9736,0.018091
2011-01-04,0.984,0.010682
2011-01-05,0.9804,-0.003659
2011-01-06,0.9734,-0.00714
2011-01-07,0.9674,-0.006163999999999999
2011-01-10,0.9468,-0.021294
2011-01-11,0.9451,-0.001796
2011-01-12,0.9452,0.000106
2011-01-13,0.9466,0.0014810000000000001
2011-01-14,0.934,-0.013311
2011-01-17,0.9059,-0.030085999999999998
2011-01-18,0.9076,0.001877
2011-01-19,0.9246,0.018731
2011-01-20,0.8989,-0.027795999999999998
2011-01-21,0.8996,0.000779
2011-01-24,0.8832,-0.01823
2011-01-25,0.8768,-0.007246
2011-01-26,0.8864,0.010949
2011-01-27,0.8967,0.011619999999999998
2011-01-28,0.8988,0.002342
2011-01-31,0.9057,0.007677000000000001
2011-02-01,0.9027,-0.003312
2011-02-09,0.898,-0.005207000000000001
2011-02-10,0.915,0.018931
2011-02-11,0.9235,0.00929
2011-02-14,0.9393,0.017109
2011-02-15,0.9356,-0.003939
2011-02-16,0.9452,0.010261
2011-02-17,0.945,-0.000212
2011-02-18,0.9373,-0.008147999999999999
2011-02-21,0.9487,0.012163
2011-02-22,0.9251,-0.024876
2011-02-23,0.9309,0.00627
2011-02-24,0.9351,0.0045119999999999995
2011-02-25,0.9367,0.001711
2011-02-28,0.9462,0.010142
2011-03-01,0.9468,0.000634
2011-03-02,0.9445,-0.002429
2011-03-03,0.9329,-0.012282
2011-03-04,0.9392,0.006753
2011-03-07,0.9486,0.010008999999999999
2011-03-08,0.953,0.004638
2011-03-09,0.9541,0.001154
2011-03-10,0.9502,-0.004088
2011-03-11,0.9458,-0.004631
2011-03-14,0.9556,0.010362
2011-03-15,0.9446,-0.011511
2011-03-16,0.9557,0.011751000000000001
2011-03-17,0.9438,-0.012452000000000001
2011-03-18,0.9469,0.003285
2011-03-21,0.9393,-0.008026
2011-03-22,0.9397,0.000426
2011-03-23,0.9498,0.010748
2011-03-24,0.951,0.001263
2011-03-25,0.956,0.0052580000000000005
2011-03-28,0.9471,-0.00931
2011-03-29,0.933,-0.014887999999999998
2011-03-30,0.9288,-0.004502
2011-03-31,0.9264,-0.0025840000000000004
2011-04-01,0.9342,0.00842
2011-04-06,0.9322,-0.002141
2011-04-07,0.934,0.001931
2011-04-08,0.9438,0.010492999999999999
2011-04-11,0.9361,-0.008159
2011-04-12,0.934,-0.002243
2011-04-13,0.9458,0.012634000000000001
2011-04-14,0.9427,-0.0032779999999999997
2011-04-15,0.9406,-0.002228
2011-04-18,0.9432,0.002764
2011-04-19,0.9372,-0.006361
2011-04-20,0.9404,0.003414
2011-04-21,0.9447,0.004573
2011-04-22,0.9382,-0.00688
2011-04-25,0.9315,-0.007141
2011-04-26,0.9226,-0.009554
2011-04-27,0.9156,-0.007587
2011-04-28,0.8945,-0.023045
2011-04-29,0.9032,0.009726
2011-05-03,0.9128,0.010629
2011-05-04,0.8997,-0.014351000000000001
2011-05-05,0.9042,0.0050019999999999995
2011-05-06,0.9069,0.002986
2011-05-09,0.9096,0.002977
2011-05-10,0.9119,0.002529
2011-05-11,0.9169,0.005483
2011-05-12,0.9108,-0.006653
2011-05-13,0.911,0.00021999999999999998
2011-05-16,0.9075,-0.003842
2011-05-17,0.9069,-0.000661
2011-05-18,0.9113,0.004852
2011-05-19,0.9076,-0.00406
2011-05-20,0.9075,-0.00010999999999999999
2011-05-23,0.8835,-0.026446
2011-05-24,0.8822,-0.001471
2011-05-25,0.8756,-0.007481
2011-05-26,0.8656,-0.011420999999999999
2011-05-27,0.854,-0.013401000000000001
2011-05-30,0.8518,-0.002576
2011-05-31,0.8624,0.012444
2011-06-01,0.8679,0.006378
2011-06-02,0.8584,-0.010946000000000001
2011-06-03,0.8694,0.012815
2011-06-07,0.8734,0.004601
2011-06-08,0.8726,-0.000916
2011-06-09,0.8589,-0.015700000000000002
2011-06-10,0.8608,0.002212
2011-06-13,0.8575,-0.003834
2011-06-14,0.8652,0.00898
2011-06-15,0.8606,-0.005317
2011-06-16,0.8479,-0.014757
2011-06-17,0.8402,-0.009081
2011-06-20,0.8327,-0.008926
2011-06-21,0.8422,0.011409
2011-06-22,0.842,-0.000237
2011-06-23,0.8561,0.016746
2011-06-24,0.8692,0.015302
2011-06-27,0.8738,0.005292
2011-06-28,0.8762,0.002747
2011-06-29,0.866,-0.011640999999999999
2011-06-30,0.8773,0.013047999999999999
2011-07-01,0.8814,0.004673
2011-07-04,0.8971,0.017813000000000002
2011-07-05,0.9002,0.0034560000000000003
2011-07-06,0.9008,0.000667
2011-07-07,0.9022,0.001554
2011-07-08,0.9015,-0.000776
2011-07-11,0.9066,0.005657
2011-07-12,0.8953,-0.012464
2011-07-13,0.9079,0.014073
2011-07-14,0.9106,0.002974
2011-07-15,0.9168,0.006808999999999999
2011-07-18,0.9166,-0.00021799999999999999
2011-07-19,0.9091,-0.008182
2011-07-20,0.9094,0.00033
2011-07-21,0.9053,-0.004508
2011-07-22,0.9083,0.0033139999999999997
2011-07-25,0.8804,-0.030716999999999998
2011-07-26,0.8837,0.003748
2011-07-27,0.8944,0.012108
2011-07-28,0.8913,-0.0034660000000000003
2011-07-29,0.8857,-0.0062829999999999995
2011-08-01,0.8881,0.00271
2011-08-02,0.8854,-0.0030399999999999997
2011-08-03,0.8886,0.003614
2011-08-04,0.8895,0.001013
2011-08-05,0.8816,-0.008881
2011-08-08,0.8624,-0.021779000000000003
2011-08-09,0.8675,0.005914
2011-08-10,0.8771,0.011066
2011-08-11,0.8927,0.017786
2011-08-12,0.8934,0.000784
2011-08-15,0.9028,0.010522
2011-08-16,0.896,-0.007532
2011-08-17,0.8921,-0.004353
2011-08-18,0.8794,-0.014236
2011-08-19,0.8779,-0.001706
2011-08-22,0.866,-0.013555
2011-08-23,0.8735,0.008661
2011-08-24,0.8734,-0.000114
2011-08-25,0.889,0.017861000000000002
2011-08-26,0.8904,0.001575
2011-08-29,0.8874,-0.0033689999999999996
2011-08-30,0.8799,-0.008452
2011-08-31,0.8779,-0.002273
2011-09-01,0.8723,-0.006379
2011-09-02,0.8625,-0.011235
2011-09-05,0.8446,-0.020754
2011-09-06,0.8378,-0.008051
2011-09-07,0.8559,0.021604
2011-09-08,0.8493,-0.007711
2011-09-09,0.8438,-0.006475999999999999
2011-09-13,0.8336,-0.012088000000000002
2011-09-14,0.8367,0.003719
2011-09-15,0.8365,-0.000239
2011-09-16,0.8374,0.001076
2011-09-19,0.8224,-0.017913
2011-09-20,0.8231,0.000851
2011-09-21,0.8422,0.023205
2011-09-22,0.819,-0.027547000000000002
2011-09-23,0.8113,-0.009402
2011-09-26,0.7966,-0.018119
2011-09-27,0.7985,0.002385
2011-09-28,0.7907,-0.009768
2011-09-29,0.7817,-0.011382000000000001
2011-09-30,0.7825,0.001023
2011-10-10,0.775,-0.009585
2011-10-11,0.7669,-0.010452
2011-10-12,0.7877,0.027122
2011-10-13,0.7949,0.009141
2011-10-14,0.7917,-0.004026
2011-10-17,0.7992,0.009473
2011-10-18,0.7838,-0.019269
2011-10-19,0.781,-0.003572
2011-10-20,0.7636,-0.022279
2011-10-21,0.7556,-0.010477
2011-10-24,0.7672,0.015352
2011-10-25,0.7811,0.018118000000000002
2011-10-26,0.7886,0.009602000000000001
2011-10-27,0.7904,0.002283
2011-10-28,0.8043,0.017586
2011-10-31,0.8074,0.0038540000000000002
2011-11-01,0.8083,0.001115
2011-11-02,0.8221,0.017073
2011-11-03,0.8219,-0.000243
2011-11-04,0.8264,0.005475
2011-11-07,0.8218,-0.005566
2011-11-08,0.8165,-0.006449
2011-11-09,0.8247,0.010043
2011-11-10,0.8185,-0.007518
2011-11-11,0.816,-0.003054
2011-11-14,0.831,0.018382
2011-11-15,0.8306,-0.000481
2011-11-16,0.8114,-0.023115999999999998
2011-11-17,0.8102,-0.001479
2011-11-18,0.7941,-0.019872
2011-11-21,0.7937,-0.000504
2011-11-22,0.7969,0.004032
2011-11-23,0.7955,-0.0017569999999999999
2011-11-24,0.7997,0.00528
2011-11-25,0.7962,-0.004377
2011-11-28,0.7993,0.0038929999999999998
2011-11-29,0.8081,0.011009999999999999
2011-11-30,0.7872,-0.025863
2011-12-01,0.8006,0.017022
2011-12-02,0.7916,-0.011242
2011-12-05,0.7746,-0.021475
2011-12-06,0.7724,-0.0028399999999999996
2011-12-07,0.7767,0.005567
2011-12-08,0.7771,0.0005149999999999999
2011-12-09,0.77,-0.009137
2011-12-12,0.7618,-0.010648999999999999
2011-12-13,0.7452,-0.021789999999999997
2011-12-14,0.7395,-0.007649
2011-12-15,0.7308,-0.011765000000000001
2011-12-16,0.7455,0.020114999999999997
2011-12-19,0.7473,0.002414
2011-12-20,0.7459,-0.0018729999999999999
2011-12-21,0.7338,-0.016222
2011-12-22,0.7306,-0.004361
2011-12-23,0.7312,0.0008210000000000001
2011-12-26,0.724,-0.009847
2011-12-27,0.7112,-0.01768
2011-12-28,0.7058,-0.007593
2011-12-29,0.7082,0.0034000000000000002
2011-12-30,0.7206,0.017509
2011-12-31,0.7205,-0.000139
2012-01-04,0.704,-0.022900999999999998
2012-01-05,0.6856,-0.026136
2012-01-06,0.6812,-0.006418
2012-01-09,0.6991,0.026277
2012-01-10,0.7171,0.025747
2012-01-11,0.7152,-0.00265
2012-01-12,0.7118,-0.0047539999999999995
2012-01-13,0.6941,-0.024867
2012-01-16,0.6751,-0.027374
2012-01-17,0.6971,0.032588
2012-01-18,0.6745,-0.03242
2012-01-19,0.6825,0.011861
2012-01-20,0.6971,0.021392
2012-01-30,0.6899,-0.010329
2012-01-31,0.6913,0.002029
2012-02-01,0.6871,-0.006076000000000001
2012-02-02,0.697,0.014408
2012-02-03,0.7038,0.009756
2012-02-06,0.7072,0.004830999999999999
2012-02-07,0.6972,-0.01414
2012-02-08,0.7119,0.021084000000000002
2012-02-09,0.7139,0.002809
2012-02-10,0.7156,0.002381
2012-02-13,0.719,0.004751
2012-02-14,0.7185,-0.0006950000000000001
2012-02-15,0.7225,0.005567
2012-02-16,0.719,-0.004844
2012-02-17,0.7183,-0.000974
2012-02-20,0.7199,0.0022270000000000002
2012-02-21,0.7263,0.00889
2012-02-22,0.7357,0.012942
2012-02-23,0.7369,0.0016309999999999999
2012-02-24,0.7442,0.009906
2012-02-27,0.745,0.001075
2012-02-28,0.7451,0.000134
2012-02-29,0.7399,-0.006979
2012-03-01,0.74,0.000135
2012-03-02,0.7517,0.015811
2012-03-05,0.7469,-0.006385999999999999
2012-03-06,0.7393,-0.010175
2012-03-07,0.734,-0.007169
2012-03-08,0.7451,0.015123
2012-03-09,0.7573,0.016374
2012-03-12,0.7595,0.0029049999999999996
2012-03-13,0.7644,0.006452
2012-03-14,0.7459,-0.024201999999999998
2012-03-15,0.7456,-0.000402
2012-03-16,0.7593,0.018373999999999998
2012-03-19,0.7609,0.002107
2012-03-20,0.7468,-0.018531
2012-03-21,0.741,-0.0077659999999999995
2012-03-22,0.7388,-0.002969
2012-03-23,0.7319,-0.009339
2012-03-26,0.7362,0.005875
2012-03-27,0.7326,-0.00489
2012-03-28,0.7149,-0.024161000000000002
2012-03-29,0.7089,-0.008393000000000001
2012-03-30,0.7106,0.002398
2012-03-31,0.7106,0.0
2012-04-05,0.7299,0.027160000000000004
2012-04-06,0.731,0.001507
2012-04-09,0.7253,-0.007798
2012-04-10,0.729,0.005101
2012-04-11,0.7277,-0.0017829999999999999
2012-04-12,0.7378,0.013878999999999999
2012-04-13,0.7393,0.002033
2012-04-16,0.7378,-0.002029
2012-04-17,0.7285,-0.012605
2012-04-18,0.7384,0.01359
2012-04-19,0.7368,-0.002167
2012-04-20,0.7387,0.002579
2012-04-23,0.7314,-0.009882
2012-04-24,0.7275,-0.005332
2012-04-25,0.7362,0.011959
2012-04-26,0.7345,-0.002309
2012-04-27,0.7359,0.001906
2012-05-02,0.7521,0.022014
2012-05-03,0.7545,0.003191
2012-05-04,0.7628,0.011001
2012-05-07,0.7653,0.003277
2012-05-08,0.7628,-0.003267
2012-05-09,0.7511,-0.015338000000000001
2012-05-10,0.7544,0.004394
2012-05-11,0.7503,-0.005435
2012-05-14,0.7493,-0.001333
2012-05-15,0.751,0.0022689999999999997
2012-05-16,0.7424,-0.011451
2012-05-17,0.7501,0.010372
2012-05-18,0.7427,-0.009865
2012-05-21,0.7478,0.006867
2012-05-22,0.7591,0.015111000000000001
2012-05-23,0.7601,0.001317
2012-05-24,0.7526,-0.009867
2012-05-25,0.7457,-0.009167999999999999
2012-05-28,0.7546,0.011935
2012-05-29,0.765,0.013782
2012-05-30,0.7619,-0.004052
2012-05-31,0.7613,-0.000788
2012-06-01,0.7676,0.008275
2012-06-04,0.7506,-0.022147
2012-06-05,0.7504,-0.00026599999999999996
2012-06-06,0.7462,-0.0055969999999999995
2012-06-07,0.7446,-0.002144
2012-06-08,0.7403,-0.005775
2012-06-11,0.757,0.022557999999999998
2012-06-12,0.7594,0.00317
2012-06-13,0.7704,0.014485
2012-06-14,0.766,-0.005711000000000001
2012-06-15,0.7615,-0.005875
2012-06-18,0.7657,0.005515
2012-06-19,0.7566,-0.011885
2012-06-20,0.7519,-0.006212
2012-06-21,0.7475,-0.005852
2012-06-25,0.7318,-0.021002999999999997
2012-06-26,0.7318,0.0
2012-06-27,0.7318,0.0
2012-06-28,0.7265,-0.007241999999999999
2012-06-29,0.7382,0.016105
2012-06-30,0.7382,0.0
2012-07-02,0.7491,0.014766
2012-07-03,0.7516,0.003337
2012-07-04,0.7489,-0.003592
2012-07-05,0.7431,-0.007744999999999999
2012-07-06,0.7615,0.024761000000000002
2012-07-09,0.7531,-0.011031
2012-07-10,0.7428,-0.013677
2012-07-11,0.7483,0.007403999999999999
2012-07-12,0.7592,0.014565999999999999
2012-07-13,0.76,0.001054
2012-07-16,0.7445,-0.020395
2012-07-17,0.743,-0.0020150000000000003
2012-07-18,0.7373,-0.007672
2012-07-19,0.7389,0.00217
2012-07-20,0.7338,-0.006902
2012-07-23,0.7277,-0.008313000000000001
2012-07-24,0.7329,0.0071460000000000004
2012-07-25,0.7278,-0.006959
2012-07-26,0.72,-0.010717
2012-07-27,0.7161,-0.005417
2012-07-30,0.7101,-0.008379
2012-07-31,0.7026,-0.010562
2012-08-01,0.7122,0.013664
2012-08-02,0.7049,-0.010249999999999999
2012-08-03,0.7127,0.011065
2012-08-06,0.7278,0.021187
2012-08-07,0.7303,0.003435
2012-08-08,0.7287,-0.002191
2012-08-09,0.7395,0.014820999999999999
2012-08-10,0.733,-0.00879
2012-08-13,0.7206,-0.016917
2012-08-14,0.7221,0.002082
2012-08-15,0.7153,-0.009417
2012-08-16,0.709,-0.008807
2012-08-17,0.7033,-0.008039
2012-08-20,0.7029,-0.000569
2012-08-21,0.711,0.011524000000000001
2012-08-22,0.7045,-0.009142
2012-08-23,0.7051,0.000852
2012-08-24,0.6953,-0.013899
2012-08-27,0.6847,-0.015245
2012-08-28,0.6864,0.002483
2012-08-29,0.6812,-0.007576
2012-08-30,0.6709,-0.01512
2012-08-31,0.6722,0.001938
2012-09-03,0.6858,0.020232
2012-09-04,0.68,-0.008457
2012-09-05,0.6815,0.002206
2012-09-06,0.6857,0.006162999999999999
2012-09-07,0.7069,0.030917
2012-09-10,0.707,0.00014099999999999998
2012-09-11,0.7033,-0.005233
2012-09-12,0.7043,0.0014219999999999999
2012-09-13,0.6987,-0.007951
2012-09-14,0.6987,0.0
2012-09-17,0.6833,-0.022040999999999998
2012-09-18,0.6807,-0.0038050000000000002
2012-09-19,0.6844,0.005436
2012-09-20,0.6719,-0.018264
2012-09-21,0.6726,0.001042
2012-09-24,0.6786,0.008921
2012-09-25,0.6771,-0.00221
2012-09-26,0.6692,-0.011667
2012-09-27,0.6812,0.017932
2012-09-28,0.6912,0.01468
2012-09-30,0.6911,-0.000145
2012-10-08,0.687,-0.005933000000000001
2012-10-09,0.6995,0.018195
2012-10-10,0.7021,0.003717
2012-10-11,0.6943,-0.01111
2012-10-12,0.6916,-0.003889
2012-10-15,0.6917,0.000145
2012-10-16,0.6952,0.00506
2012-10-17,0.6951,-0.000144
2012-10-18,0.7042,0.013092
2012-10-19,0.7012,-0.00426
2012-10-22,0.7039,0.003851
2012-10-23,0.6932,-0.015201
2012-10-24,0.6885,-0.0067800000000000004
2012-10-25,0.6825,-0.008715
2012-10-26,0.6757,-0.009963
2012-10-29,0.6725,-0.004736000000000001
2012-10-30,0.6739,0.002082
2012-10-31,0.6781,0.006232
2012-11-01,0.6897,0.017107
2012-11-02,0.6903,0.0008699999999999999
2012-11-05,0.6852,-0.0073880000000000005
2012-11-06,0.6818,-0.004961999999999999
2012-11-07,0.6786,-0.004693
2012-11-08,0.6714,-0.01061
2012-11-09,0.6699,-0.002234
2012-11-12,0.6665,-0.005075
2012-11-13,0.6594,-0.010653
2012-11-14,0.6607,0.001971
2012-11-15,0.6554,-0.008022
2012-11-16,0.6502,-0.007934
2012-11-19,0.6477,-0.003845
2012-11-20,0.6458,-0.002933
2012-11-21,0.6488,0.004645
2012-11-22,0.6429,-0.009094
2012-11-23,0.646,0.004822
2012-11-26,0.6402,-0.008978
2012-11-27,0.6282,-0.018744
2012-11-28,0.6191,-0.014486
2012-11-29,0.6175,-0.0025840000000000004
2012-11-30,0.6261,0.013927
2012-12-03,0.6203,-0.009264
2012-12-04,0.6252,0.007899
2012-12-05,0.6441,0.03023
2012-12-06,0.6455,0.002174
2012-12-07,0.6541,0.013323
2012-12-10,0.6588,0.007185
2012-12-11,0.6556,-0.004857
2012-12-12,0.6549,-0.0010680000000000002
2012-12-13,0.6516,-0.005039
2012-12-14,0.6755,0.036678999999999996
2012-12-17,0.6718,-0.005476999999999999
2012-12-18,0.6632,-0.012801
2012-12-19,0.667,0.00573
2012-12-20,0.6722,0.007796
2012-12-21,0.6717,-0.000744
2012-12-24,0.6804,0.012951999999999998
2012-12-25,0.7031,0.033363000000000004
2012-12-26,0.7105,0.010525
2012-12-27,0.7094,-0.001548
2012-12-28,0.7205,0.015647
2012-12-31,0.7337,0.018321
2013-01-04,0.7233,-0.014175
2013-01-07,0.7227,-0.00083
2013-01-08,0.7276,0.0067800000000000004
2013-01-09,0.726,-0.002199
2013-01-10,0.7291,0.0042699999999999995
2013-01-11,0.7152,-0.019065000000000002
2013-01-14,0.7392,0.033557000000000003
2013-01-15,0.7441,0.006629
2013-01-16,0.742,-0.002822
2013-01-17,0.738,-0.005391
2013-01-18,0.7534,0.020867
2013-01-21,0.7549,0.001991
2013-01-22,0.7458,-0.012055
2013-01-23,0.7437,-0.0028160000000000004
2013-01-24,0.7325,-0.01506
2013-01-25,0.7348,0.00314
2013-01-28,0.7523,0.023816
2013-01-29,0.7542,0.002526
2013-01-30,0.7539,-0.000398
2013-01-31,0.7461,-0.010346
2013-02-01,0.7516,0.007372
2013-02-04,0.7426,-0.011974
2013-02-05,0.7547,0.016294
2013-02-06,0.7566,0.0025180000000000003
2013-02-07,0.7615,0.006475999999999999
2013-02-08,0.7714,0.013001
2013-02-18,0.7644,-0.009074
2013-02-19,0.751,-0.01753
2013-02-20,0.7665,0.020638999999999998
2013-02-21,0.7505,-0.020874
2013-02-22,0.7483,-0.0029310000000000004
2013-02-25,0.7489,0.000802
2013-02-26,0.7425,-0.008546
2013-02-27,0.7433,0.001077
2013-02-28,0.7567,0.018028
2013-03-01,0.7613,0.006079
2013-03-04,0.727,-0.045055
2013-03-05,0.739,0.016506
2013-03-06,0.7412,0.002977
2013-03-07,0.7362,-0.006745999999999999
2013-03-08,0.7289,-0.009916000000000001
2013-03-11,0.7333,0.0060360000000000006
2013-03-12,0.7245,-0.012001
2013-03-13,0.7162,-0.011456
2013-03-14,0.7209,0.006562
2013-03-15,0.7249,0.005548999999999999
2013-03-18,0.7239,-0.0013800000000000002
2013-03-19,0.7279,0.005526
2013-03-20,0.7443,0.022531
2013-03-21,0.7477,0.004568
2013-03-22,0.7502,0.0033439999999999998
2013-03-25,0.7486,-0.002133
2013-03-26,0.7474,-0.001603
2013-03-27,0.7506,0.004282
2013-03-28,0.7358,-0.019718
2013-03-29,0.7339,-0.0025819999999999997
2013-04-01,0.7368,0.003951
2013-04-02,0.7285,-0.011265
2013-04-03,0.7212,-0.010021
2013-04-08,0.7183,-0.004021
2013-04-09,0.7239,0.007796
2013-04-10,0.7207,-0.004421
2013-04-11,0.7191,-0.00222
2013-04-12,0.7202,0.00153
2013-04-15,0.7166,-0.004999
2013-04-16,0.7306,0.019537
2013-04-17,0.7356,0.006844
2013-04-18,0.736,0.000544
2013-04-19,0.7451,0.012364
2013-04-22,0.7426,-0.0033550000000000003
2013-04-23,0.7241,-0.024912
2013-04-24,0.7314,0.010081
2013-04-25,0.7232,-0.011211
2013-04-26,0.7171,-0.008435
2013-05-02,0.7223,0.007251
2013-05-03,0.7334,0.015368
2013-05-06,0.7385,0.006954
2013-05-07,0.7403,0.002437
2013-05-08,0.7423,0.002702
2013-05-09,0.7392,-0.004176
2013-05-10,0.7417,0.003382
2013-05-13,0.7386,-0.00418
2013-05-14,0.7322,-0.008665
2013-05-15,0.7402,0.010926
2013-05-16,0.75,0.01324
2013-05-17,0.7612,0.014933
2013-05-20,0.7624,0.001576
2013-05-21,0.7648,0.003148
2013-05-22,0.7671,0.003007
2013-05-23,0.7605,-0.008604
2013-05-24,0.7635,0.003945000000000001
2013-05-27,0.7642,0.0009170000000000001
2013-05-28,0.7746,0.013609
2013-05-29,0.7755,0.001162
2013-05-30,0.7775,0.002579
2013-05-31,0.7717,-0.00746
2013-06-03,0.7725,0.001037
2013-06-04,0.7632,-0.012039
2013-06-05,0.764,0.001048
2013-06-06,0.7546,-0.012303999999999999
2013-06-07,0.7434,-0.014842
2013-06-13,0.7261,-0.023271
2013-06-14,0.7342,0.011155
2013-06-17,0.7343,0.000136
2013-06-18,0.7378,0.004766
2013-06-19,0.7335,-0.005828
2013-06-20,0.717,-0.022494999999999998
2013-06-21,0.7232,0.008647
2013-06-24,0.6916,-0.043695000000000005
2013-06-25,0.6855,-0.00882
2013-06-26,0.6963,0.015754999999999998
2013-06-27,0.6936,-0.003878
2013-06-28,0.6994,0.008362000000000001
2013-06-30,0.6994,0.0
2013-07-01,0.7121,0.018158
2013-07-02,0.7184,0.008847
2013-07-03,0.7149,-0.0048720000000000005
2013-07-04,0.7171,0.003077
2013-07-05,0.7187,0.002231
2013-07-08,0.7082,-0.014610000000000001
2013-07-09,0.7063,-0.0026829999999999996
2013-07-10,0.7212,0.021096
2013-07-11,0.7421,0.028978999999999998
2013-07-12,0.7353,-0.009163
2013-07-15,0.7458,0.01428
2013-07-16,0.7502,0.0059
2013-07-17,0.7425,-0.010264
2013-07-18,0.7408,-0.00229
2013-07-19,0.7266,-0.019168
2013-07-22,0.7358,0.012662
2013-07-23,0.7505,0.019978
2013-07-24,0.754,0.004664
2013-07-25,0.7442,-0.012997000000000002
2013-07-26,0.7408,-0.004569
2013-07-29,0.7276,-0.017819
2013-07-30,0.7321,0.006185
2013-07-31,0.7379,0.007922
2013-08-01,0.7539,0.021682999999999997
2013-08-02,0.7576,0.004908
2013-08-05,0.7654,0.010296000000000001
2013-08-06,0.7684,0.00392
2013-08-07,0.7614,-0.00911
2013-08-08,0.7616,0.000263
2013-08-09,0.7617,0.000131
2013-08-12,0.7716,0.012997000000000002
2013-08-13,0.7719,0.00038899999999999997
2013-08-14,0.7704,-0.001943
2013-08-15,0.7578,-0.016354999999999998
2013-08-16,0.7479,-0.013064
2013-08-19,0.7525,0.006151
2013-08-20,0.7478,-0.006246000000000001
2013-08-21,0.7446,-0.004279
2013-08-22,0.7477,0.004163
2013-08-23,0.7448,-0.003879
2013-08-26,0.7544,0.012889
2013-08-27,0.7542,-0.000265
2013-08-28,0.7435,-0.014187
2013-08-29,0.7399,-0.004842
2013-08-30,0.7326,-0.009866
2013-09-02,0.7419,0.012695000000000001
2013-09-03,0.7537,0.015905
2013-09-04,0.7507,-0.00398
2013-09-05,0.7539,0.004263
2013-09-06,0.756,0.0027860000000000003
2013-09-09,0.7669,0.014418
2013-09-10,0.7701,0.004173
2013-09-11,0.7624,-0.009999000000000001
2013-09-12,0.7616,-0.001049
2013-09-13,0.7632,0.002101
2013-09-16,0.7611,-0.002752
2013-09-17,0.7462,-0.019577
2013-09-18,0.7475,0.0017419999999999998
2013-09-23,0.7626,0.020200999999999997
2013-09-24,0.7581,-0.005901
2013-09-25,0.7537,-0.005804
2013-09-26,0.7491,-0.006103
2013-09-27,0.7527,0.004806
2013-09-30,0.7589,0.008237
2013-10-08,0.7672,0.010936999999999999
2013-10-09,0.7707,0.004562
2013-10-10,0.7649,-0.007526000000000001
2013-10-11,0.7731,0.01072
2013-10-14,0.7793,0.008020000000000001
2013-10-15,0.778,-0.001668
2013-10-16,0.764,-0.017995
2013-10-17,0.7632,-0.001047
2013-10-18,0.7639,0.0009170000000000001
2013-10-21,0.779,0.019767
2013-10-22,0.7737,-0.006804
2013-10-23,0.7566,-0.022102
2013-10-24,0.7504,-0.008195000000000001
2013-10-25,0.74,-0.013859
2013-10-28,0.7334,-0.008919
2013-10-29,0.7273,-0.008317
2013-10-30,0.7356,0.011412
2013-10-31,0.725,-0.014410000000000001
2013-11-01,0.7257,0.0009660000000000001
2013-11-04,0.7233,-0.003307
2013-11-05,0.7256,0.00318
2013-11-06,0.7175,-0.011163000000000001
2013-11-07,0.7092,-0.011568
2013-11-08,0.7003,-0.012549
2013-11-11,0.7043,0.005712
2013-11-12,0.7113,0.009939
2013-11-13,0.7019,-0.013215
2013-11-14,0.7104,0.012110000000000001
2013-11-15,0.7215,0.015625
2013-11-18,0.7373,0.021899000000000002
2013-11-19,0.7335,-0.005154
2013-11-20,0.7376,0.00559
2013-11-21,0.733,-0.006236
2013-11-22,0.729,-0.005457
2013-11-25,0.7303,0.0017829999999999999
2013-11-26,0.7319,0.002191
2013-11-27,0.7398,0.010794
2013-11-28,0.7433,0.004731
2013-11-29,0.7483,0.0067269999999999995
2013-12-02,0.7265,-0.029133
2013-12-03,0.7392,0.017481
2013-12-04,0.7484,0.012445999999999999
2013-12-05,0.7479,-0.000668
2013-12-06,0.7443,-0.0048130000000000004
2013-12-09,0.7471,0.0037619999999999997
2013-12-10,0.748,0.001205
2013-12-11,0.7402,-0.010428
2013-12-12,0.742,0.002432
2013-12-13,0.7435,0.002022
2013-12-16,0.7337,-0.013181
2013-12-17,0.7322,-0.002044
2013-12-18,0.7335,0.0017749999999999999
2013-12-19,0.7273,-0.008453
2013-12-20,0.7223,-0.006875
2013-12-23,0.7285,0.008584000000000001
2013-12-24,0.7322,0.005079
2013-12-25,0.7384,0.008468
2013-12-26,0.7302,-0.011105
2013-12-27,0.7374,0.00986
2013-12-30,0.7379,0.000678
2013-12-31,0.7458,0.010706
2014-01-02,0.7505,0.0063019999999999994
2014-01-03,0.7467,-0.005063
2014-01-06,0.7324,-0.019151
2014-01-07,0.7358,0.004642
2014-01-08,0.7398,0.005436
2014-01-09,0.7329,-0.009327
2014-01-10,0.7262,-0.009142
2014-01-13,0.7249,-0.00179
2014-01-14,0.732,0.009794
2014-01-15,0.7371,0.006967
2014-01-16,0.7418,0.006376
2014-01-17,0.7299,-0.016042
2014-01-20,0.7249,-0.00685
2014-01-21,0.7288,0.00538
2014-01-22,0.7428,0.01921
2014-01-23,0.743,0.000269
2014-01-24,0.7487,0.007672
2014-01-27,0.742,-0.008949
2014-01-28,0.7422,0.00027
2014-01-29,0.7443,0.002829
2014-01-30,0.7402,-0.005508999999999999
2014-02-07,0.7437,0.0047279999999999996
2014-02-10,0.7592,0.020842
2014-02-11,0.755,-0.0055320000000000005
2014-02-12,0.7549,-0.000132
2014-02-13,0.7474,-0.009935000000000001
2014-02-14,0.7584,0.014718
2014-02-17,0.7695,0.014636
2014-02-18,0.7611,-0.010915999999999999
2014-02-19,0.7612,0.000131
2014-02-20,0.7514,-0.012874000000000002
2014-02-21,0.7532,0.002396
2014-02-24,0.7531,-0.00013299999999999998
2014-02-25,0.7341,-0.025228999999999998
2014-02-26,0.733,-0.001498
2014-02-27,0.7113,-0.029604
2014-02-28,0.7139,0.003655
2014-03-03,0.7206,0.009385
2014-03-04,0.7183,-0.003192
2014-03-05,0.7214,0.0043159999999999995
2014-03-06,0.7151,-0.008733
2014-03-07,0.7191,0.005594
2014-03-10,0.712,-0.009873
2014-03-11,0.7152,0.004494000000000001
2014-03-12,0.7116,-0.005033999999999999
2014-03-13,0.7218,0.014334
2014-03-14,0.7191,-0.003741
2014-03-17,0.7248,0.007927
2014-03-18,0.7241,-0.0009660000000000001
2014-03-19,0.7203,-0.005248
2014-03-20,0.7095,-0.014994
2014-03-21,0.712,0.003524
2014-03-24,0.712,0.0
2014-03-25,0.7094,-0.0036520000000000003
2014-03-26,0.7096,0.00028199999999999997
2014-03-27,0.7042,-0.0076100000000000004
2014-03-28,0.699,-0.007383999999999999
2014-03-31,0.6993,0.000429
2014-04-01,0.7054,0.008723
2014-04-02,0.7093,0.005528999999999999
2014-04-03,0.7062,-0.004371
2014-04-04,0.7072,0.001416
2014-04-08,0.7143,0.01004
2014-04-09,0.7151,0.0011200000000000001
2014-04-10,0.7211,0.00839
2014-04-11,0.7245,0.004715
2014-04-14,0.7253,0.001104
2014-04-15,0.719,-0.008686000000000001
2014-04-16,0.718,-0.001391
2014-04-17,0.7169,-0.001532
2014-04-18,0.7188,0.00265
2014-04-21,0.7119,-0.009599
2014-04-22,0.7106,-0.0018260000000000001
2014-04-23,0.7126,0.002815
2014-04-24,0.7134,0.0011229999999999999
2014-04-25,0.7027,-0.014999
2014-04-28,0.6919,-0.015368999999999999
2014-04-29,0.6921,0.000289
2014-04-30,0.6948,0.003901
2014-05-05,0.6934,-0.0020150000000000003
2014-05-06,0.6952,0.002596
2014-05-07,0.6907,-0.006473
2014-05-08,0.6903,-0.000579
2014-05-09,0.6882,-0.0030420000000000004
2014-05-12,0.6934,0.007556
2014-05-13,0.6941,0.00101
2014-05-14,0.6916,-0.003602
2014-05-15,0.6865,-0.007374
2014-05-16,0.6862,-0.00043700000000000005
2014-05-19,0.6792,-0.010201
2014-05-20,0.6795,0.000442
2014-05-21,0.6844,0.0072109999999999995
2014-05-22,0.6864,0.002922
2014-05-23,0.6919,0.008013
2014-05-26,0.6946,0.003902
2014-05-27,0.6944,-0.000288
2014-05-28,0.7002,0.008353000000000001
2014-05-29,0.6989,-0.0018570000000000001
2014-05-30,0.6973,-0.002289
2014-06-03,0.6946,-0.003872
2014-06-04,0.6885,-0.008782
2014-06-05,0.693,0.006535999999999999
2014-06-06,0.6904,-0.0037519999999999997
2014-06-09,0.6908,0.000579
2014-06-10,0.695,0.0060799999999999995
2014-06-11,0.6958,0.001151
2014-06-12,0.6959,0.000144
2014-06-13,0.6987,0.004024
2014-06-16,0.7005,0.002576
2014-06-17,0.6948,-0.008137
2014-06-18,0.6924,-0.003454
2014-06-19,0.6862,-0.008954
2014-06-20,0.6887,0.003643
2014-06-23,0.6901,0.002033
2014-06-24,0.6949,0.006956
2014-06-25,0.6932,-0.0024460000000000003
2014-06-26,0.6965,0.0047610000000000005
2014-06-27,0.6967,0.000287
2014-06-30,0.6988,0.003014
2014-07-01,0.6966,-0.003148
2014-07-02,0.6981,0.002153
2014-07-03,0.7009,0.004011
2014-07-04,0.7034,0.0035670000000000003
2014-07-07,0.705,0.002275
2014-07-08,0.7026,-0.003404
2014-07-09,0.6972,-0.007685999999999999
2014-07-10,0.6964,-0.001147
2014-07-11,0.6989,0.00359
2014-07-14,0.7042,0.0075829999999999995
2014-07-15,0.7092,0.0070999999999999995
2014-07-16,0.7071,-0.0029609999999999997
2014-07-17,0.7043,-0.00396
2014-07-18,0.713,0.012353000000000001
2014-07-21,0.7159,0.004067
2014-07-22,0.7215,0.007822
2014-07-23,0.7221,0.000832
2014-07-24,0.7304,0.011493999999999999
2014-07-25,0.734,0.004929
2014-07-28,0.7419,0.010763
2014-07-29,0.7418,-0.000135
2014-07-30,0.7372,-0.006201
2014-07-31,0.7455,0.011258999999999998
2014-08-01,0.7441,-0.001878
2014-08-04,0.7535,0.012633
2014-08-05,0.7518,-0.0022559999999999998
2014-08-06,0.7499,-0.0025269999999999997
2014-08-07,0.7446,-0.007068
2014-08-08,0.7435,-0.001477
2014-08-11,0.7511,0.010222
2014-08-12,0.7494,-0.002263
2014-08-13,0.7517,0.003069
2014-08-14,0.7476,-0.005454
2014-08-15,0.7516,0.005350000000000001
2014-08-18,0.7517,0.00013299999999999998
2014-08-19,0.7487,-0.003991
2014-08-20,0.7471,-0.002137
2014-08-21,0.7431,-0.005354
2014-08-22,0.7459,0.003768
2014-08-25,0.74,-0.00791
2014-08-26,0.7364,-0.0048649999999999995
2014-08-27,0.7355,-0.001222
2014-08-28,0.7324,-0.004215
2014-08-29,0.74,0.010377
2014-09-01,0.7443,0.005810999999999999
2014-09-02,0.753,0.011689
2014-09-03,0.76,0.009296
2014-09-04,0.764,0.005263
2014-09-05,0.7673,0.004319
2014-09-09,0.7633,-0.005213
2014-09-10,0.7592,-0.005371
2014-09-11,0.7554,-0.005004999999999999
2014-09-12,0.7575,0.0027800000000000004
2014-09-15,0.7553,-0.002904
2014-09-16,0.7428,-0.01655
2014-09-17,0.7465,0.004981
2014-09-18,0.7478,0.0017410000000000001
2014-09-19,0.7521,0.00575
2014-09-22,0.7388,-0.017684
2014-09-23,0.7443,0.007445
2014-09-24,0.7537,0.012629
2014-09-25,0.7535,-0.000265
2014-09-26,0.7542,0.0009289999999999999
2014-09-29,0.7563,0.002784
2014-09-30,0.758,0.002248
2014-10-08,0.7699,0.015699
2014-10-09,0.7722,0.002987
2014-10-10,0.769,-0.004144
2014-10-13,0.7663,-0.0035110000000000002
2014-10-14,0.7643,-0.00261
2014-10-15,0.7696,0.006934
2014-10-16,0.762,-0.009875
2014-10-17,0.7616,-0.000525
2014-10-20,0.7635,0.002495
2014-10-21,0.7556,-0.010347
2014-10-22,0.7482,-0.009794
2014-10-23,0.7398,-0.011227000000000001
2014-10-24,0.7408,0.001352
2014-10-27,0.7379,-0.003915
2014-10-28,0.7489,0.014906999999999998
2014-10-29,0.757,0.010816
2014-10-30,0.7543,-0.0035670000000000003
2014-10-31,0.7608,0.008617
2014-11-03,0.7624,0.002103
2014-11-04,0.7571,-0.006952000000000001
2014-11-05,0.7549,-0.002906
2014-11-06,0.7557,0.00106
2014-11-07,0.7557,0.0
2014-11-10,0.767,0.014953000000000001
2014-11-11,0.7598,-0.009387
2014-11-12,0.772,0.016057
2014-11-13,0.7658,-0.008031
2014-11-14,0.7707,0.006399
2014-11-17,0.7682,-0.0032440000000000004
2014-11-18,0.7618,-0.008331
2014-11-19,0.7617,-0.000131
2014-11-20,0.7623,0.000788
2014-11-21,0.7725,0.013381
2014-11-24,0.7875,0.019417
2014-11-25,0.7931,0.007110999999999999
2014-11-26,0.8012,0.010213000000000002
2014-11-27,0.8106,0.011732
2014-11-28,0.8171,0.008019
2014-12-01,0.8207,0.004406
2014-12-02,0.8437,0.028025
2014-12-03,0.8551,0.013512
2014-12-04,0.8859,0.036019
2014-12-05,0.8853,-0.000677
2014-12-08,0.9068,0.024286
2014-12-09,0.8818,-0.027569
2014-12-10,0.9021,0.023021
2014-12-11,0.8955,-0.0073160000000000005
2014-12-12,0.9024,0.007705
2014-12-15,0.9147,0.01363
2014-12-16,0.9283,0.014868
2014-12-17,0.9339,0.006032999999999999
2014-12-18,0.928,-0.006318000000000001
2014-12-19,0.9248,-0.003448
2014-12-22,0.9124,-0.013408
2014-12-23,0.9081,-0.004713
2014-12-24,0.8966,-0.012664
2014-12-25,0.9074,0.012046
2014-12-26,0.93,0.024906
2014-12-29,0.9358,0.006237
2014-12-30,0.9359,0.000107
2014-12-31,0.9553,0.020729
2015-01-05,0.97,0.015387999999999999
2015-01-06,0.9709,0.0009279999999999999
2015-01-07,0.9685,-0.0024720000000000002
2015-01-08,0.9559,-0.013009999999999999
2015-01-09,0.9516,-0.004497999999999999
2015-01-12,0.9429,-0.009142
2015-01-13,0.9497,0.007212
2015-01-14,0.9451,-0.004844
2015-01-15,0.9613,0.017141
2015-01-16,0.9673,0.006242
2015-01-19,0.9291,-0.039491
2015-01-20,0.9434,0.015390999999999998
2015-01-21,0.9696,0.027772
2015-01-22,0.9755,0.006085
2015-01-23,0.973,-0.0025629999999999997
2015-01-26,0.9829,0.010175
2015-01-27,0.9759,-0.007122000000000001
2015-01-28,0.9725,-0.0034839999999999997
2015-01-29,0.9615,-0.011311
2015-01-30,0.9541,-0.007696
2015-02-02,0.948,-0.006392999999999999
2015-02-03,0.9613,0.01403
2015-02-04,0.9583,-0.003121
2015-02-05,0.9526,-0.005948
2015-02-06,0.947,-0.005879
2015-02-09,0.951,0.004224
2015-02-10,0.9566,0.005889
2015-02-11,0.9643,0.008048999999999999
2015-02-12,0.9652,0.0009329999999999999
2015-02-13,0.9763,0.0115
2015-02-16,0.9876,0.011574
2015-02-17,0.9935,0.005974
2015-02-25,0.9835,-0.010065
2015-02-26,0.9953,0.011998
2015-02-27,0.9984,0.003115
2015-03-02,1.0103,0.011918999999999999
2015-03-03,0.9951,-0.015045
2015-03-04,1.0079,0.012863
2015-03-05,1.0016,-0.006251
2015-03-06,0.9888,-0.01278
2015-03-09,1.0043,0.015676000000000002
2015-03-10,1.0081,0.003784
2015-03-11,1.0041,-0.003968
2015-03-12,1.0092,0.005079
2015-03-13,1.0176,0.008323
2015-03-16,1.0473,0.029186
2015-03-17,1.057,0.009262
2015-03-18,1.0755,0.017502
2015-03-19,1.0713,-0.003905
2015-03-20,1.082,0.009988
2015-03-23,1.1008,0.017375
2015-03-24,1.1098,0.008176
2015-03-25,1.1142,0.003965
2015-03-26,1.113,-0.001077
2015-03-27,1.1315,0.016621999999999998
2015-03-30,1.1471,0.013787
2015-03-31,1.1468,-0.000262
2015-04-01,1.167,0.017614
2015-04-02,1.1726,0.004799
2015-04-03,1.1929,0.017312
2015-04-07,1.2182,0.021209
2015-04-08,1.212,-0.005089
2015-04-09,1.2019,-0.008333
2015-04-10,1.2346,0.027207
2015-04-13,1.2629,0.022921999999999998
2015-04-14,1.2674,0.003563
2015-04-15,1.2309,-0.028799
2015-04-16,1.2603,0.023885
2015-04-17,1.2624,0.001666
2015-04-20,1.2291,-0.026378
2015-04-21,1.267,0.030836000000000002
2015-04-22,1.2946,0.021783999999999998
2015-04-23,1.2984,0.0029349999999999997
2015-04-24,1.2876,-0.008317999999999999
2015-04-27,1.3001,0.009708
2015-04-28,1.2769,-0.017845
2015-04-29,1.2915,0.011434
2015-04-30,1.296,0.0034839999999999997
2015-05-04,1.3076,0.008951
2015-05-05,1.2734,-0.026154999999999998
2015-05-06,1.2732,-0.000157
2015-05-07,1.2526,-0.01618
2015-05-08,1.2869,0.027383
2015-05-11,1.3385,0.040096
2015-05-12,1.3514,0.009638
2015-05-13,1.3512,-0.00014800000000000002
2015-05-14,1.3463,-0.003626
2015-05-15,1.3437,-0.001931
2015-05-18,1.361,0.012875000000000001
2015-05-19,1.4134,0.038501
2015-05-20,1.4404,0.019103000000000002
2015-05-21,1.4854,0.031240999999999998
2015-05-22,1.5067,0.014339999999999999
2015-05-25,1.5506,0.029137
2015-05-26,1.5899,0.025345
2015-05-27,1.5998,0.006227
2015-05-28,1.5094,-0.056506999999999995
2015-05-29,1.5333,0.015834
2015-06-01,1.6055,0.047088
2015-06-02,1.6523,0.02915
2015-06-03,1.6561,0.0023
2015-06-04,1.6456,-0.00634
2015-06-05,1.6564,0.006563
2015-06-08,1.6358,-0.012437
2015-06-09,1.6271,-0.005318000000000001
2015-06-10,1.6524,0.015549
2015-06-11,1.6875,0.021242
2015-06-12,1.704,0.009778
2015-06-15,1.6743,-0.01743
2015-06-16,1.6176,-0.033865
2015-06-17,1.6431,0.015764
2015-06-18,1.5876,-0.033778
2015-06-19,1.4852,-0.0645
2015-06-23,1.5288,0.029356
2015-06-24,1.5861,0.03748
2015-06-25,1.5327,-0.033666999999999996
2015-06-26,1.4004,-0.086318
2015-06-29,1.3195,-0.057769
2015-06-30,1.3979,0.059416000000000004
2015-07-01,1.3219,-0.054367
2015-07-02,1.2456,-0.05772
2015-07-03,1.1701,-0.060613
2015-07-06,1.1427,-0.023417
2015-07-07,1.0665,-0.06668400000000001
2015-07-08,1.0094,-0.053540000000000004
2015-07-09,1.0636,0.05369500000000001
2015-07-10,1.1212,0.054156
2015-07-13,1.1873,0.058955
2015-07-14,1.1945,0.006064000000000001
2015-07-15,1.1359,-0.049058000000000004
2015-07-16,1.1657,0.026234999999999998
2015-07-17,1.2309,0.055932
2015-07-20,1.2599,0.023559999999999998
2015-07-21,1.2989,0.030955
2015-07-22,1.3132,0.011009
2015-07-23,1.3523,0.029775
2015-07-24,1.3403,-0.008874
2015-07-27,1.2364,-0.07751999999999999
2015-07-28,1.2134,-0.018602
2015-07-29,1.2573,0.036179
2015-07-30,1.2077,-0.03945
2015-07-31,1.188,-0.016312
2015-08-03,1.1419,-0.038805
2015-08-04,1.2016,0.052281
2015-08-05,1.1917,-0.008239
2015-08-06,1.1744,-0.014517
2015-08-07,1.2071,0.027844
2015-08-10,1.2752,0.056416
2015-08-11,1.2692,-0.004705
2015-08-12,1.2521,-0.013472999999999999
2015-08-13,1.2714,0.015414
2015-08-14,1.2799,0.006686
2015-08-17,1.2924,0.009766
2015-08-18,1.202,-0.069947
2015-08-19,1.2241,0.018386
2015-08-20,1.1836,-0.033086000000000004
2015-08-21,1.1239,-0.050439
2015-08-24,1.0321,-0.08167999999999999
2015-08-25,0.9576,-0.072183
2015-08-26,0.9491,-0.008876
2015-08-27,0.9953,0.048678
2015-08-28,1.0487,0.053652
2015-08-31,1.0234,-0.024125
2015-09-01,0.9783,-0.044069000000000004
2015-09-02,0.9674,-0.011142
2015-09-07,0.9532,-0.014679
2015-09-08,0.9867,0.035145
2015-09-09,1.0105,0.024121
2015-09-10,1.0004,-0.009995
2015-09-11,1.0002,-0.0002
2015-09-14,0.9526,-0.04759
2015-09-15,0.9184,-0.035901999999999996
2015-09-16,0.9699,0.056075999999999994
2015-09-17,0.9554,-0.014950000000000001
2015-09-18,0.9616,0.006489
2015-09-21,0.9883,0.027766000000000002
2015-09-22,1.003,0.014874
2015-09-23,0.9875,-0.015454
2015-09-24,0.9964,0.009013
2015-09-25,0.989,-0.0074270000000000004
2015-09-28,1.0027,0.013852
2015-09-29,0.9881,-0.014561
2015-09-30,0.9966,0.008602
2015-10-08,1.0353,0.038832
2015-10-09,1.0457,0.010045
2015-10-12,1.0795,0.032323
2015-10-13,1.0841,0.004261
2015-10-14,1.0674,-0.015404
2015-10-15,1.0913,0.022391
2015-10-16,1.1055,0.013012
2015-10-19,1.1007,-0.0043419999999999995
2015-10-20,1.112,0.010265999999999999
2015-10-21,1.0576,-0.048921
2015-10-22,1.0918,0.032337
2015-10-23,1.1223,0.027936000000000002
2015-10-26,1.1304,0.007217
2015-10-27,1.1304,0.0
2015-10-28,1.1087,-0.019197
2015-10-29,1.1137,0.00451
2015-10-30,1.1106,-0.002784
2015-11-02,1.0906,-0.018008
2015-11-03,1.091,0.00036700000000000003
2015-11-04,1.1416,0.046379000000000004
2015-11-05,1.1472,0.004905
2015-11-06,1.1685,0.018567
2015-11-09,1.1799,0.009756
2015-11-10,1.175,-0.0041530000000000004
2015-11-11,1.1833,0.007064
2015-11-12,1.181,-0.001944
2015-11-13,1.1662,-0.012532000000000001
2015-11-16,1.1808,0.012519
2015-11-17,1.1752,-0.004743
2015-11-18,1.1575,-0.015061
2015-11-19,1.1717,0.012268
2015-11-20,1.1712,-0.000427
2015-11-23,1.1635,-0.006574
2015-11-24,1.1658,0.001977
2015-11-25,1.176,0.008749
2015-11-26,1.1734,-0.002211
2015-11-27,1.1198,-0.045679
2015-11-30,1.1138,-0.005358000000000001
2015-12-01,1.1095,-0.003861
2015-12-02,1.1169,0.006670000000000001
2015-12-03,1.1389,0.019697
2015-12-04,1.1266,-0.0108
2015-12-07,1.1347,0.007189999999999999
2015-12-08,1.1222,-0.011016
2015-12-09,1.1275,0.004723
2015-12-10,1.1246,-0.0025719999999999996
2015-12-11,1.122,-0.002312
2015-12-14,1.1462,0.021568999999999998
2015-12-15,1.1477,0.0013089999999999998
2015-12-16,1.1536,0.005141
2015-12-17,1.176,0.019417
2015-12-18,1.163,-0.011054
2015-12-21,1.1768,0.011866000000000002
2015-12-22,1.1854,0.007308
2015-12-23,1.1736,-0.009954
2015-12-24,1.1666,-0.005965000000000001
2015-12-25,1.1722,0.0048
2015-12-28,1.1398,-0.027639999999999998
2015-12-29,1.1456,0.005089
2015-12-30,1.1533,0.006721
2015-12-31,1.1383,-0.013006
2016-01-04,1.0485,-0.07889
2016-01-05,1.0397,-0.008393000000000001
2016-01-06,1.0652,0.024526
2016-01-07,0.9701,-0.089279
2016-01-08,0.972,0.001959
2016-01-11,0.906,-0.067901
2016-01-12,0.8999,-0.006733
2016-01-13,0.8717,-0.031337000000000004
2016-01-14,0.9131,0.047493
2016-01-15,0.7816,-0.01807
2016-01-18,0.7975,0.020343
2016-01-19,0.8221,0.030846
2016-01-20,0.8118,-0.012528999999999998
2016-01-21,0.7718,-0.049273
2016-01-22,0.7854,0.017621
2016-01-25,0.7952,0.012478
2016-01-26,0.7384,-0.071429
2016-01-27,0.7322,-0.008397
2016-01-28,0.6954,-0.050259
2016-01-29,0.7224,0.038827
2016-02-01,0.7086,-0.019103000000000002
2016-02-02,0.7422,0.047417
2016-02-03,0.7497,0.010105
2016-02-04,0.7659,0.021609
2016-02-05,0.7526,-0.017365
2016-02-15,0.7637,0.014749000000000002
2016-02-16,0.7937,0.039282
2016-02-17,0.8133,0.024693999999999997
2016-02-18,0.8061,-0.008853
2016-02-19,0.8101,0.004961999999999999
2016-02-22,0.8282,0.022343000000000002
2016-02-23,0.8223,-0.007124
2016-02-24,0.817,-0.006444999999999999
2016-02-25,0.7566,-0.073929
2016-02-26,0.7577,0.001454
2016-02-29,0.7191,-0.050944
2016-03-01,0.7349,0.021972000000000002
2016-03-02,0.7743,0.053613
2016-03-03,0.774,-0.000387
2016-03-04,0.7498,-0.031265999999999995
2016-03-07,0.7664,0.022139000000000002
2016-03-08,0.7638,-0.003392
2016-03-09,0.7377,-0.034171
2016-03-10,0.7215,-0.02196
2016-03-11,0.7215,0.0
2016-03-14,0.7483,0.037145000000000004
2016-03-15,0.737,-0.015101
2016-03-16,0.7306,-0.008683999999999999
2016-03-17,0.7617,0.042568
2016-03-18,0.7959,0.0449
2016-03-21,0.8207,0.03116
2016-03-22,0.8152,-0.0067020000000000005
2016-03-23,0.8237,0.010426999999999999
2016-03-24,0.8103,-0.016268
2016-03-25,0.813,0.003332
2016-03-28,0.8061,-0.008487
2016-03-29,0.794,-0.015011000000000002
2016-03-30,0.8246,0.038539
2016-03-31,0.8237,-0.001091
2016-04-01,0.8196,-0.004978
2016-04-05,0.8459,0.032089
2016-04-06,0.842,-0.00461
2016-04-07,0.8261,-0.018884
2016-04-08,0.8187,-0.008958
2016-04-11,0.8438,0.030657999999999998
2016-04-12,0.8392,-0.005452
2016-04-13,0.8654,0.031219999999999998
2016-04-14,0.8711,0.006586999999999999
2016-04-15,0.8707,-0.00045900000000000004
2016-04-18,0.8518,-0.021707
2016-04-19,0.8548,0.003522
2016-04-20,0.8206,-0.040008999999999996
2016-04-21,0.8145,-0.007434
2016-04-22,0.814,-0.0006140000000000001
2016-04-25,0.816,0.002457
2016-04-26,0.8212,0.006373
2016-04-27,0.8112,-0.012177
2016-04-28,0.8124,0.001479
2016-04-29,0.8161,0.004554
2016-05-03,0.8406,0.030021
2016-05-04,0.8346,-0.007138
2016-05-05,0.8352,0.000719
2016-05-06,0.8006,-0.041427
2016-05-09,0.7627,-0.047339
2016-05-10,0.7581,-0.006031
2016-05-11,0.7547,-0.004485
2016-05-12,0.7569,0.0029149999999999996
2016-05-13,0.7542,-0.0035670000000000003
2016-05-16,0.7572,0.003978
2016-05-17,0.7541,-0.0040939999999999995
2016-05-18,0.745,-0.012067000000000001
2016-05-19,0.7454,0.0005369999999999999
2016-05-20,0.7502,0.006439
2016-05-23,0.7568,0.008798
2016-05-24,0.7492,-0.010042
2016-05-25,0.7447,-0.006006
2016-05-26,0.7452,0.000671
2016-05-27,0.7467,0.002013
2016-05-30,0.742,-0.006293999999999999
2016-05-31,0.7661,0.03248
2016-06-01,0.7671,0.001305
2016-06-02,0.7722,0.006647999999999999
2016-06-03,0.7732,0.0012950000000000001
2016-06-06,0.7755,0.0029749999999999998
2016-06-07,0.7737,-0.002321
2016-06-08,0.7664,-0.009435
2016-06-13,0.7436,-0.029748999999999998
2016-06-14,0.7447,0.001479
2016-06-15,0.7528,0.010877
2016-06-16,0.7468,-0.00797
2016-06-17,0.7542,0.009909
2016-06-20,0.7544,0.000265
2016-06-21,0.7477,-0.008881
2016-06-22,0.7618,0.018858
2016-06-23,0.7575,-0.005645
2016-06-24,0.7488,-0.011485
2016-06-27,0.7671,0.024439000000000002
2016-06-28,0.7684,0.0016950000000000001
2016-06-29,0.7686,0.00026
2016-06-30,0.7661,-0.003253
2016-07-01,0.7688,0.003524
2016-07-04,0.799,0.039282
2016-07-05,0.8019,0.00363
2016-07-06,0.8043,0.002993
2016-07-07,0.8015,-0.003481
2016-07-08,0.7932,-0.010356
2016-07-11,0.7939,0.000883
2016-07-12,0.8126,0.023555000000000003
2016-07-13,0.8141,0.0018459999999999998
2016-07-14,0.8105,-0.004422
2016-07-15,0.8014,-0.011228
2016-07-18,0.7917,-0.012103999999999998
2016-07-19,0.7939,0.002779
2016-07-20,0.7916,-0.0028970000000000003
2016-07-21,0.7883,-0.004169
2016-07-22,0.7762,-0.015349
2016-07-25,0.7714,-0.006183999999999999
2016-07-26,0.7813,0.012834000000000002
2016-07-27,0.7438,-0.047997
2016-07-28,0.7452,0.001882
2016-07-29,0.7333,-0.015969
2016-08-01,0.7287,-0.006273
2016-08-02,0.7354,0.009194
2016-08-03,0.7333,-0.002856
2016-08-04,0.7405,0.009819
2016-08-05,0.7335,-0.009453
2016-08-08,0.7568,0.031766
2016-08-09,0.7608,0.005285
2016-08-10,0.7622,0.00184
2016-08-11,0.7458,-0.021516999999999998
2016-08-12,0.7527,0.009252
2016-08-15,0.771,0.024312
2016-08-16,0.7827,0.015175000000000001
2016-08-17,0.7882,0.007027
2016-08-18,0.7801,-0.010277000000000001
2016-08-19,0.7816,0.001923
2016-08-22,0.7655,-0.020599
2016-08-23,0.7648,-0.000914
2016-08-24,0.766,0.001569
2016-08-25,0.7611,-0.006397000000000001
2016-08-26,0.7648,0.004861
2016-08-29,0.7643,-0.000654
2016-08-30,0.7649,0.000785
2016-08-31,0.7636,-0.0017000000000000001
2016-09-01,0.752,-0.015191
2016-09-02,0.7442,-0.010372
2016-09-05,0.7473,0.004166
2016-09-06,0.7656,0.024488
2016-09-07,0.7604,-0.006792
2016-09-08,0.7635,0.004077
2016-09-09,0.7576,-0.0077280000000000005
2016-09-12,0.7265,-0.041051000000000004
2016-09-13,0.726,-0.000688
2016-09-14,0.7185,-0.010331
2016-09-19,0.7256,0.009882
2016-09-20,0.7263,0.000965
2016-09-21,0.7256,-0.000964
2016-09-22,0.7295,0.005375
2016-09-23,0.7235,-0.008225
2016-09-26,0.703,-0.028334
2016-09-27,0.7021,-0.00128
2016-09-28,0.6979,-0.0059819999999999995
2016-09-29,0.7009,0.004299
2016-09-30,0.7042,0.004708
2016-10-10,0.7231,0.026839
2016-10-11,0.7267,0.004979
2016-10-12,0.7279,0.001651
2016-10-13,0.7259,-0.002748
2016-10-14,0.7297,0.005235
2016-10-17,0.7267,-0.004111
2016-10-18,0.7448,0.024907
2016-10-19,0.749,0.005639
2016-10-20,0.7471,-0.0025369999999999998
2016-10-21,0.7392,-0.010573999999999998
2016-10-24,0.7478,0.011634
2016-10-25,0.7481,0.000401
2016-10-26,0.7361,-0.016041
2016-10-27,0.7393,0.004347
2016-10-28,0.7308,-0.011497
2016-10-31,0.7375,0.009167999999999999
2016-11-01,0.7466,0.012339
2016-11-02,0.7398,-0.009108
2016-11-03,0.7483,0.01149
2016-11-04,0.7399,-0.011225
2016-11-07,0.7341,-0.007839
2016-11-08,0.7385,0.005994
2016-11-09,0.7287,-0.013269999999999999
2016-11-10,0.7355,0.009332
2016-11-11,0.7433,0.010605
2016-11-14,0.7503,0.009417
2016-11-15,0.7495,-0.001066
2016-11-16,0.7482,-0.001734
2016-11-17,0.7464,-0.002406
2016-11-18,0.7418,-0.006162999999999999
2016-11-21,0.7422,0.000539
2016-11-22,0.7506,0.011318
2016-11-23,0.7443,-0.008393000000000001
2016-11-24,0.745,0.00094
2016-11-25,0.7457,0.00094
2016-11-28,0.7492,0.004694
2016-11-29,0.739,-0.013614999999999999
2016-11-30,0.734,-0.0067659999999999994
2016-12-01,0.7354,0.001907
2016-12-02,0.7204,-0.020397
2016-12-05,0.7213,0.001249
2016-12-06,0.717,-0.005960999999999999
2016-12-07,0.7289,0.016597
2016-12-08,0.723,-0.008094
2016-12-09,0.7194,-0.004979
2016-12-12,0.6826,-0.051154000000000005
2016-12-13,0.6843,0.00249
2016-12-14,0.68,-0.006284
2016-12-15,0.6877,0.011324
2016-12-16,0.6925,0.006979999999999999
2016-12-19,0.6842,-0.011986000000000002
2016-12-20,0.686,0.002631
2016-12-21,0.6927,0.009767
2016-12-22,0.6882,-0.006495999999999999
2016-12-23,0.6802,-0.011625000000000002
2016-12-26,0.6796,-0.000882
2016-12-27,0.6777,-0.0027960000000000003
2016-12-28,0.6744,-0.004869
2016-12-29,0.6745,0.00014800000000000002
2016-12-30,0.6751,0.00089
2016-12-31,0.6751,0.0
2017-01-03,0.6801,0.007406
2017-01-04,0.6904,0.015144999999999999
2017-01-05,0.6889,-0.002173
2017-01-06,0.6803,-0.012484
2017-01-09,0.6853,0.00735
2017-01-10,0.6815,-0.005545
2017-01-11,0.6737,-0.011445
2017-01-12,0.6669,-0.010094
2017-01-13,0.6557,-0.016794
2017-01-16,0.6336,-0.033704
2017-01-17,0.6415,0.012468
2017-01-18,0.6351,-0.009977
2017-01-19,0.6307,-0.006928
2017-01-20,0.6407,0.015854999999999998
2017-01-23,0.6463,0.00874
2017-01-24,0.6406,-0.008819
2017-01-25,0.6446,0.0062439999999999996
2017-01-26,0.6529,0.012876
2017-02-03,0.6481,-0.007352
2017-02-06,0.6548,0.010338
2017-02-07,0.6534,-0.0021379999999999997
2017-02-08,0.6612,0.011937999999999999
2017-02-09,0.6642,0.004537
2017-02-10,0.6577,-0.009786
2017-02-13,0.6622,0.006842
2017-02-14,0.6607,-0.002265
2017-02-15,0.6506,-0.015287
2017-02-16,0.6531,0.0038429999999999996
2017-02-17,0.6494,-0.005665
2017-02-20,0.6522,0.004312
2017-02-21,0.66,0.01196
2017-02-22,0.6616,0.002424
2017-02-23,0.6688,0.010883
2017-02-24,0.6743,0.008224
2017-02-27,0.6761,0.0026690000000000004
2017-02-28,0.6797,0.005325
2017-03-01,0.6828,0.004561
2017-03-02,0.6805,-0.003368
2017-03-03,0.6871,0.009699
2017-03-06,0.6985,0.016591
2017-03-07,0.6981,-0.0005729999999999999
2017-03-08,0.6922,-0.008452
2017-03-09,0.6898,-0.003467
2017-03-10,0.69,0.00029
2017-03-13,0.6993,0.013478
2017-03-14,0.6968,-0.003575
2017-03-15,0.694,-0.004018
2017-03-16,0.6998,0.008357
2017-03-17,0.6903,-0.013574999999999999
2017-03-20,0.686,-0.006229
2017-03-21,0.6864,0.000583
2017-03-22,0.6834,-0.004371
2017-03-23,0.6845,0.00161
2017-03-24,0.6832,-0.001899
2017-03-27,0.6836,0.000585
2017-03-28,0.6832,-0.000585
2017-03-29,0.6786,-0.006733
2017-03-30,0.6644,-0.020925
2017-03-31,0.6709,0.009783
2017-04-05,0.6893,0.027426
2017-04-06,0.6906,0.0018859999999999999
2017-04-07,0.6872,-0.004923
2017-04-10,0.6779,-0.013533
2017-04-11,0.6782,0.000443
2017-04-12,0.6738,-0.006488000000000001
2017-04-13,0.6774,0.005343
2017-04-14,0.6676,-0.014467
2017-04-17,0.6627,-0.00734
2017-04-18,0.6565,-0.009356
2017-04-19,0.6457,-0.016451
2017-04-20,0.6415,-0.0065049999999999995
2017-04-21,0.6364,-0.00795
2017-04-24,0.6171,-0.030327000000000003
2017-04-25,0.6178,0.001134
2017-04-26,0.6234,0.009064
2017-04-27,0.6329,0.015239
2017-04-28,0.6351,0.0034760000000000004
2017-05-02,0.6386,0.005511
2017-05-03,0.6375,-0.0017230000000000001
2017-05-04,0.628,-0.014902
2017-05-05,0.6129,-0.024045
2017-05-08,0.6007,-0.019905
2017-05-09,0.6089,0.013651
2017-05-10,0.5986,-0.016916
2017-05-11,0.6006,0.0033410000000000002
2017-05-12,0.5968,-0.006327
2017-05-15,0.6001,0.005528999999999999
2017-05-16,0.6189,0.031328
2017-05-17,0.617,-0.00307
2017-05-18,0.6092,-0.012642
2017-05-19,0.6054,-0.0062380000000000005
2017-05-22,0.5903,-0.024942000000000002
2017-05-23,0.5732,-0.028967999999999997
2017-05-24,0.5801,0.012038
2017-05-25,0.5793,-0.001379
2017-05-26,0.5752,-0.007078
2017-05-31,0.5741,-0.001912
2017-06-01,0.5481,-0.045288
2017-06-02,0.5543,0.011312
2017-06-05,0.5619,0.013711
2017-06-06,0.5619,0.0
2017-06-07,0.5815,0.034881999999999996
2017-06-08,0.5806,-0.001548
2017-06-09,0.5832,0.004477999999999999
2017-06-12,0.5735,-0.016632
2017-06-13,0.5951,0.037663
2017-06-14,0.6002,0.00857
2017-06-15,0.6087,0.014162
2017-06-16,0.614,0.008707
2017-06-19,0.6159,0.003094
2017-06-20,0.6232,0.011853
2017-06-21,0.6211,-0.00337
2017-06-22,0.606,-0.024312
2017-06-23,0.6111,0.008416
2017-06-26,0.6213,0.016691
2017-06-27,0.6234,0.00338
2017-06-28,0.6155,-0.012672000000000001
2017-06-29,0.6194,0.0063360000000000005
2017-06-30,0.6282,0.014207000000000001
2017-07-03,0.6367,0.013531
2017-07-04,0.6314,-0.008324
2017-07-05,0.6454,0.022173
2017-07-06,0.6511,0.008832
2017-07-07,0.6604,0.014283999999999998
2017-07-10,0.6544,-0.009085
2017-07-11,0.6371,-0.026436
2017-07-12,0.6495,0.019462999999999998
2017-07-13,0.6461,-0.005235
2017-07-14,0.6505,0.00681
2017-07-17,0.6227,-0.042736
2017-07-18,0.6286,0.009475
2017-07-19,0.649,0.032452999999999996
2017-07-20,0.654,0.007704
2017-07-21,0.6577,0.005657
2017-07-24,0.6471,-0.016117
2017-07-25,0.6483,0.0018540000000000002
2017-07-26,0.6495,0.0018509999999999998
2017-07-27,0.6486,-0.001386
2017-07-28,0.6615,0.019889
2017-07-31,0.669,0.011337999999999999
2017-08-01,0.6675,-0.002242
2017-08-02,0.6684,0.001348
2017-08-03,0.6687,0.000449
2017-08-04,0.6549,-0.020637
2017-08-07,0.6643,0.014353
2017-08-08,0.6644,0.000151
2017-08-09,0.6669,0.0037630000000000003
2017-08-10,0.6555,-0.017094
2017-08-11,0.6396,-0.024256000000000003
2017-08-14,0.6667,0.04237
2017-08-15,0.6688,0.00315
2017-08-16,0.6697,0.001346
2017-08-17,0.6734,0.0055249999999999995
2017-08-18,0.6594,-0.020790000000000003
2017-08-21,0.6624,0.00455
2017-08-22,0.6719,0.014341999999999999
2017-08-23,0.6655,-0.009525
2017-08-24,0.6581,-0.011119
2017-08-25,0.6719,0.020969
2017-08-28,0.6857,0.020539
2017-08-29,0.683,-0.003938
2017-08-30,0.6901,0.010395000000000001
2017-08-31,0.7049,0.021446
2017-09-01,0.7176,0.018017000000000002
2017-09-04,0.7204,0.003902
2017-09-05,0.7279,0.010410999999999998
2017-09-06,0.7422,0.019646
2017-09-07,0.7332,-0.012126
2017-09-08,0.7316,-0.002182
2017-09-11,0.7619,0.041416
2017-09-12,0.745,-0.022181000000000003
2017-09-13,0.753,0.010738000000000001
2017-09-14,0.7441,-0.011819
2017-09-15,0.7371,-0.009407
2017-09-18,0.7485,0.015466
2017-09-19,0.7411,-0.009886
2017-09-20,0.7454,0.005802000000000001
2017-09-21,0.7339,-0.015427999999999999
2017-09-22,0.7263,-0.010356
2017-09-25,0.7194,-0.0095
2017-09-26,0.7316,0.016959
2017-09-27,0.7555,0.032668
2017-09-28,0.7565,0.0013239999999999999
2017-09-29,0.7546,-0.002512
2017-10-09,0.762,0.009807
2017-10-10,0.7655,0.004593
2017-10-11,0.7601,-0.007054
2017-10-12,0.7543,-0.007631
2017-10-13,0.7586,0.005701
2017-10-16,0.7534,-0.006855
2017-10-17,0.7479,-0.0073
2017-10-18,0.7411,-0.009092
2017-10-19,0.7392,-0.0025640000000000003
2017-10-20,0.7513,0.016369
2017-10-23,0.7562,0.006522
2017-10-24,0.7547,-0.001984
2017-10-25,0.753,-0.002253
2017-10-26,0.7557,0.0035859999999999998
2017-10-27,0.7535,-0.0029110000000000004
2017-10-30,0.7422,-0.014997
2017-10-31,0.7538,0.015629
2017-11-01,0.7561,0.003051
2017-11-02,0.7514,-0.006216
2017-11-03,0.7444,-0.009316
2017-11-06,0.7504,0.008060000000000001
2017-11-07,0.7548,0.005864
2017-11-08,0.7571,0.0030470000000000002
2017-11-09,0.7604,0.004359
2017-11-10,0.7629,0.0032879999999999997
2017-11-13,0.7674,0.005899
2017-11-14,0.7612,-0.008079
2017-11-15,0.7442,-0.022333
2017-11-16,0.7457,0.002016
2017-11-17,0.7232,-0.030173000000000002
2017-11-20,0.739,0.021847
2017-11-21,0.7382,-0.001083
2017-11-22,0.7378,-0.000542
2017-11-23,0.7114,-0.035782
2017-11-24,0.709,-0.003374
2017-11-27,0.6966,-0.017488999999999998
2017-11-28,0.7187,0.031726000000000004
2017-11-29,0.7208,0.002922
2017-11-30,0.7127,-0.011238
2017-12-01,0.722,0.013049
2017-12-04,0.7155,-0.009003
2017-12-05,0.6909,-0.034382
2017-12-06,0.6928,0.0027500000000000003
2017-12-07,0.6879,-0.007073
2017-12-08,0.6926,0.006832
2017-12-11,0.709,0.023679000000000002
2017-12-12,0.7011,-0.011142
2017-12-13,0.7065,0.007702
2017-12-14,0.7084,0.0026889999999999996
2017-12-15,0.7066,-0.002541
2017-12-18,0.6966,-0.014152
2017-12-19,0.7086,0.017227
2017-12-20,0.7006,-0.01129
2017-12-21,0.7065,0.008421
2017-12-22,0.7059,-0.000849
2017-12-25,0.6936,-0.017425
2017-12-26,0.697,0.004902
2017-12-27,0.6894,-0.010904
2017-12-28,0.6915,0.0030459999999999997
2017-12-29,0.6969,0.007809
2017-12-31,0.6968,0.0
2018-01-02,0.7042,0.010475000000000002
2018-01-03,0.7088,0.006532
2018-01-04,0.7087,-0.00014099999999999998
2018-01-05,0.7013,-0.010442
2018-01-08,0.7043,0.0042780000000000006
2018-01-09,0.6993,-0.007098999999999999
2018-01-10,0.7004,0.001573
2018-01-11,0.7034,0.004283
2018-01-12,0.6886,-0.021040999999999997
2018-01-15,0.6575,-0.045164
2018-01-16,0.6575,0.0
2018-01-17,0.6457,-0.017947
2018-01-18,0.6466,0.001394
2018-01-19,0.6491,0.003866
2018-01-22,0.6573,0.012633
2018-01-23,0.6615,0.00639
2018-01-24,0.6825,0.031745999999999996
2018-01-25,0.6825,0.0
2018-01-26,0.6862,0.0054210000000000005
2018-01-29,0.6788,-0.010784
2018-01-30,0.6692,-0.014143
2018-01-31,0.6587,-0.01569
2018-02-01,0.641,-0.026871
2018-02-02,0.6488,0.012168000000000002
2018-02-05,0.6356,-0.020345
2018-02-06,0.6027,-0.051761999999999996
2018-02-07,0.6129,0.016923999999999998
2018-02-08,0.6231,0.016642
2018-02-09,0.6,-0.037073
2018-02-12,0.6274,0.045667
2018-02-13,0.6292,0.002869
2018-02-14,0.626,-0.005086
2018-02-22,0.6497,0.037859
2018-02-23,0.6458,-0.006003
2018-02-26,0.6669,0.032673
2018-02-27,0.6804,0.020243
2018-02-28,0.6873,0.010141
2018-03-01,0.7075,0.02939
2018-03-02,0.7024,-0.007208
2018-03-05,0.7143,0.016942
2018-03-06,0.713,-0.00182
2018-03-07,0.7067,-0.008836
2018-03-08,0.7032,-0.004953
2018-03-09,0.7221,0.026876999999999998
2018-03-12,0.7404,0.025343
2018-03-13,0.7333,-0.009589
2018-03-14,0.7124,-0.028501
2018-03-15,0.718,0.007861
2018-03-16,0.71,-0.011142
2018-03-19,0.7212,0.015774999999999997
2018-03-20,0.7258,0.006378
2018-03-21,0.7085,-0.023836
2018-03-22,0.7094,0.00127
2018-03-23,0.6732,-0.051029
2018-03-26,0.7124,0.058228999999999996
2018-03-27,0.7438,0.044076000000000004
2018-03-28,0.7365,-0.009814
2018-03-29,0.7346,-0.0025800000000000003
2018-03-30,0.7633,0.039069
2018-04-02,0.7625,-0.001048
2018-04-03,0.7526,-0.012984
2018-04-04,0.7319,-0.027505
2018-04-09,0.7419,0.013663000000000002
2018-04-10,0.7315,-0.014018
2018-04-11,0.7295,-0.002734
2018-04-12,0.7212,-0.011378
2018-04-13,0.727,0.008042
2018-04-16,0.7552,0.03879
2018-04-17,0.7282,-0.035752
2018-04-18,0.7601,0.043807
2018-04-19,0.7564,-0.004868
2018-04-20,0.7341,-0.029481999999999998
2018-04-23,0.7044,-0.040458
2018-04-24,0.7261,0.030806
2018-04-25,0.7237,-0.003305
2018-04-26,0.7144,-0.012851
2018-04-27,0.7133,-0.00154
2018-05-02,0.7108,-0.003505
2018-05-03,0.7195,0.01224
2018-05-04,0.7139,-0.007783
2018-05-07,0.7317,0.024933
2018-05-08,0.7347,0.0040999999999999995
2018-05-09,0.7302,-0.006125
2018-05-10,0.7222,-0.010955999999999999
2018-05-11,0.7159,-0.008723
2018-05-14,0.7082,-0.010755999999999998
2018-05-15,0.72,0.016662
2018-05-16,0.7113,-0.012083
2018-05-17,0.7068,-0.006326000000000001
2018-05-18,0.7097,0.004103
2018-05-21,0.7248,0.021277
2018-05-22,0.7238,-0.0013800000000000002
2018-05-23,0.7179,-0.008151
2018-05-24,0.7108,-0.00989
2018-05-25,0.6965,-0.020118
2018-05-28,0.6898,-0.00962
2018-05-29,0.6845,-0.007683
2018-05-30,0.6709,-0.019869
2018-05-31,0.6728,0.002832
2018-06-01,0.6593,-0.020065
2018-06-04,0.6582,-0.001668
2018-06-05,0.6782,0.030386000000000003
2018-06-06,0.6834,0.007667
2018-06-07,0.6768,-0.009658
2018-06-08,0.676,-0.0011819999999999999
2018-06-11,0.6712,-0.007101
2018-06-12,0.6774,0.009237
2018-06-13,0.667,-0.015353
2018-06-14,0.6656,-0.002099
2018-06-15,0.6522,-0.020131999999999997
2018-06-19,0.617,-0.053971
2018-06-20,0.6275,0.017018
2018-06-21,0.602,-0.040637
2018-06-22,0.6116,0.015947
2018-06-25,0.6047,-0.011282
2018-06-26,0.6237,0.031421000000000004
2018-06-27,0.6275,0.0060929999999999995
2018-06-28,0.6214,-0.009721
2018-06-29,0.6531,0.051014
2018-06-30,0.653,0.0
2018-07-02,0.648,-0.007809
2018-07-03,0.6668,0.029011999999999996
2018-07-04,0.6497,-0.025644999999999998
2018-07-05,0.6391,-0.016315
2018-07-06,0.6427,0.005633
2018-07-09,0.6606,0.027851
2018-07-10,0.6614,0.001211
2018-07-11,0.6495,-0.017991999999999998
2018-07-12,0.6698,0.031255000000000005
2018-07-13,0.6742,0.006569
2018-07-16,0.6764,0.003263
2018-07-17,0.6789,0.0036959999999999996
2018-07-18,0.6641,-0.0218
2018-07-19,0.6598,-0.006475
2018-07-20,0.6749,0.022886000000000004
2018-07-23,0.6915,0.024596
2018-07-24,0.697,0.007954
2018-07-25,0.695,-0.002869
2018-07-26,0.6806,-0.020718999999999998
2018-07-27,0.6789,-0.002498
2018-07-30,0.6746,-0.006333999999999999
2018-07-31,0.673,-0.002372
2018-08-01,0.6642,-0.013076
2018-08-02,0.6567,-0.011292
2018-08-03,0.649,-0.011725000000000001
2018-08-06,0.6391,-0.015254
2018-08-07,0.6506,0.017994
2018-08-08,0.6421,-0.013065
2018-08-09,0.6558,0.021336
2018-08-10,0.6588,0.004575
2018-08-13,0.6594,0.000911
2018-08-14,0.6542,-0.007885999999999999
2018-08-15,0.6421,-0.018496
2018-08-16,0.6399,-0.0034260000000000002
2018-08-17,0.6323,-0.011877
2018-08-20,0.6382,0.009331
2018-08-21,0.6458,0.011908
2018-08-22,0.64,-0.008981
2018-08-23,0.6445,0.007030999999999999
2018-08-24,0.6441,-0.000621
2018-08-27,0.6568,0.019717
2018-08-28,0.657,0.000305
2018-08-29,0.6532,-0.005784
2018-08-30,0.6458,-0.011329
2018-08-31,0.6433,-0.003871
2018-09-03,0.645,0.002643
2018-09-04,0.6528,0.012093
2018-09-05,0.6419,-0.016697
2018-09-06,0.6386,-0.005141
2018-09-07,0.6358,-0.004385
2018-09-10,0.626,-0.015414
2018-09-11,0.6267,0.001118
2018-09-12,0.6231,-0.005744
2018-09-13,0.6302,0.011394999999999999
2018-09-14,0.6256,-0.007299
2018-09-17,0.6215,-0.006554
2018-09-18,0.6317,0.016412
2018-09-19,0.6425,0.017097
2018-09-20,0.641,-0.0023350000000000003
2018-09-21,0.6578,0.026208999999999996
2018-09-25,0.6518,-0.009121
2018-09-26,0.6579,0.009359
2018-09-27,0.6549,-0.00456
2018-09-28,0.6612,0.00962
2018-10-08,0.6335,-0.041894
2018-10-09,0.6302,-0.005209
2018-10-10,0.629,-0.001904
2018-10-11,0.6058,-0.036884
2018-10-12,0.6143,0.014031
2018-10-15,0.6052,-0.014814
2018-10-16,0.5994,-0.009584
2018-10-17,0.6011,0.002836
2018-10-18,0.5904,-0.017801
2018-10-19,0.606,0.026423000000000002
2018-10-22,0.6298,0.039274
2018-10-23,0.6176,-0.019371
2018-10-24,0.6174,-0.00032399999999999996
2018-10-25,0.6158,-0.0025919999999999997
2018-10-26,0.6102,-0.009094
2018-10-29,0.594,-0.026549
2018-10-30,0.598,0.006734
2018-10-31,0.6046,0.011036999999999998
2018-11-01,0.6075,0.004797
2018-11-02,0.6252,0.029136000000000002
2018-11-05,0.6209,-0.0068779999999999996
2018-11-06,0.6177,-0.005154
2018-11-07,0.6143,-0.005504
2018-11-08,0.6109,-0.005535
2018-11-09,0.6057,-0.008511999999999999
2018-11-12,0.6133,0.012546999999999999
2018-11-13,0.6184,0.008316
2018-11-14,0.6139,-0.0072770000000000005
2018-11-15,0.6217,0.012706
2018-11-16,0.6229,0.00193
2018-11-19,0.6254,0.004013
2018-11-20,0.6138,-0.018548
2018-11-21,0.6145,0.00114
2018-11-22,0.6126,-0.0030919999999999997
2018-11-23,0.6002,-0.020242
2018-11-26,0.5989,-0.002166
2018-11-27,0.5999,0.00167
2018-11-28,0.6075,0.012669
2018-11-29,0.601,-0.010700000000000001
2018-11-30,0.6066,0.009318
2018-12-03,0.6206,0.023079000000000002
2018-12-04,0.6204,-0.000322
2018-12-05,0.6195,-0.001451
2018-12-06,0.6094,-0.016303
2018-12-07,0.6087,-0.001149
2018-12-10,0.605,-0.006079
2018-12-11,0.6075,0.004132
2018-12-12,0.61,0.004115
2018-12-13,0.616,0.009836000000000001
2018-12-14,0.6064,-0.015584
2018-12-17,0.6036,-0.004617
2018-12-18,0.5991,-0.007455000000000001
2018-12-19,0.5933,-0.009681
2018-12-20,0.5916,-0.002865
2018-12-21,0.5874,-0.007098999999999999
2018-12-24,0.59,0.004426
2018-12-25,0.5877,-0.003898
2018-12-26,0.5866,-0.001872
2018-12-27,0.5828,-0.006478
2018-12-28,0.585,0.003775
2018-12-31,0.585,0.0
2019-01-02,0.5821,-0.004957
2019-01-03,0.5795,-0.004467
2019-01-04,0.5887,0.015875999999999998
2019-01-07,0.5953,0.011211
2019-01-08,0.5951,-0.000336
2019-01-09,0.5951,0.0
2019-01-10,0.5949,-0.000336
2019-01-11,0.5966,0.002858
2019-01-14,0.5921,-0.007542999999999999
2019-01-15,0.6001,0.013511
2019-01-16,0.6012,0.001833
2019-01-17,0.5977,-0.005822000000000001
2019-01-18,0.6034,0.009537
2019-01-21,0.6066,0.0053029999999999996
2019-01-22,0.6006,-0.009891
2019-01-23,0.6026,0.00333
2019-01-24,0.6071,0.007468
2019-01-25,0.6093,0.003624
2019-01-28,0.6091,-0.000328
2019-01-29,0.6081,-0.0016420000000000002
2019-01-30,0.6047,-0.0055910000000000005
2019-01-31,0.6074,0.004465
2019-02-01,0.6162,0.014488000000000001
2019-02-11,0.6266,0.016878
2019-02-12,0.632,0.008618
2019-02-13,0.6381,0.009651999999999999
2019-02-14,0.6413,0.0050149999999999995
2019-02-15,0.6297,-0.018088
2019-02-18,0.6474,0.028109000000000002
2019-02-19,0.6429,-0.006951000000000001
2019-02-20,0.642,-0.0014000000000000002
2019-02-21,0.6401,-0.00296
2019-02-22,0.6516,0.017966
2019-02-25,0.6813,0.045579999999999996
2019-02-26,0.6758,-0.008073
2019-02-27,0.6697,-0.009026
2019-02-28,0.6711,0.00209
2019-03-01,0.6814,0.015347999999999999
2019-03-04,0.6928,0.016730000000000002
2019-03-05,0.7001,0.010537000000000001
2019-03-06,0.7016,0.002143
2019-03-07,0.6948,-0.009692
2019-03-08,0.6788,-0.023028
2019-03-11,0.6997,0.03079
2019-03-12,0.7095,0.014006000000000001
2019-03-13,0.7008,-0.012262
2019-03-14,0.6889,-0.016981
2019-03-15,0.6952,0.009145
2019-03-18,0.7113,0.023159
2019-03-19,0.7094,-0.002671
2019-03-20,0.7027,-0.009445
2019-03-21,0.7053,0.0037
2019-03-22,0.7062,0.001276
2019-03-25,0.6965,-0.013734999999999999
2019-03-26,0.687,-0.013640000000000001
2019-03-27,0.6948,0.011354
2019-03-28,0.6898,-0.007196
2019-03-29,0.7129,0.033488000000000004
2019-04-01,0.7325,0.027493
2019-04-02,0.7311,-0.001911
2019-04-03,0.7375,0.008754
2019-04-04,0.7433,0.007864
2019-04-08,0.7386,-0.006323
2019-04-09,0.7437,0.006905
2019-04-10,0.7473,0.004841
2019-04-11,0.732,-0.020474000000000003
2019-04-12,0.7277,-0.005874000000000001
2019-04-15,0.7252,-0.003435
2019-04-16,0.7397,0.019994
2019-04-17,0.7455,0.007841
2019-04-18,0.744,-0.002012
2019-04-19,0.7503,0.008468
2019-04-22,0.7365,-0.018393
2019-04-23,0.7328,-0.005024
2019-04-24,0.7356,0.0038209999999999997
2019-04-25,0.7235,-0.016449000000000002
2019-04-26,0.7184,-0.007049
2019-04-29,0.7211,0.003758
2019-04-30,0.7197,-0.001941
2019-05-06,0.6825,-0.051688
2019-05-07,0.6906,0.011868
2019-05-08,0.6824,-0.011874000000000001
2019-05-09,0.6729,-0.013921
2019-05-10,0.6955,0.033586
2019-05-13,0.6855,-0.014378
2019-05-14,0.6802,-0.007732
2019-05-15,0.6979,0.026022
2019-05-16,0.7016,0.005302
2019-05-17,0.6855,-0.022948
2019-05-20,0.6791,-0.009336
2019-05-21,0.6885,0.013842
2019-05-22,0.6872,-0.001888
2019-05-23,0.6731,-0.020518
2019-05-24,0.6726,-0.0007430000000000001
2019-05-27,0.6819,0.013827
2019-05-28,0.6867,0.007039
2019-05-29,0.6864,-0.00043700000000000005
2019-05-30,0.6812,-0.007576
2019-05-31,0.6805,-0.001028
2019-06-03,0.6791,-0.002057
2019-06-04,0.6731,-0.008834999999999999
2019-06-05,0.6722,-0.001337
2019-06-06,0.6657,-0.00967
2019-06-10,0.6742,0.012768999999999999
2019-06-11,0.6912,0.025215
2019-06-12,0.6864,-0.0069440000000000005
2019-06-13,0.684,-0.003497
2019-06-14,0.6774,-0.009649
2019-06-17,0.6775,0.00014800000000000002
2019-06-18,0.6804,0.00428
2019-06-19,0.6885,0.011904999999999999
2019-06-20,0.7035,0.021786
2019-06-21,0.7053,0.002559
2019-06-24,0.7048,-0.000709
2019-06-25,0.6974,-0.010499000000000001
2019-06-26,0.7018,0.006309
2019-06-27,0.7106,0.012539
2019-06-28,0.7105,-0.00014099999999999998
2019-06-30,0.7105,0.0
2019-07-01,0.7333,0.03209
2019-07-02,0.7335,0.000273
2019-07-03,0.7238,-0.013224
2019-07-04,0.7194,-0.006079
2019-07-05,0.7248,0.0075060000000000005
2019-07-08,0.7113,-0.018626
2019-07-09,0.7118,0.0007030000000000001
2019-07-10,0.7108,-0.0014050000000000002
2019-07-11,0.7117,0.001266
2019-07-12,0.7168,0.0071660000000000005
2019-07-15,0.7195,0.003767
2019-07-16,0.7156,-0.00542
2019-07-17,0.717,0.001956
2019-07-18,0.7089,-0.011297
2019-07-19,0.7157,0.009592
2019-07-22,0.7201,0.006148
2019-07-23,0.7254,0.00736
2019-07-24,0.7315,0.008409
2019-07-25,0.7356,0.005605
2019-07-26,0.7359,0.00040800000000000005
2019-07-29,0.735,-0.0012230000000000001
2019-07-30,0.7384,0.004626
2019-07-31,0.7328,-0.007584
2019-08-01,0.7293,-0.004776
2019-08-02,0.7216,-0.010558000000000001
2019-08-05,0.7114,-0.014135
2019-08-06,0.7076,-0.005342
2019-08-07,0.7073,-0.000424
2019-08-08,0.7169,0.013573
2019-08-09,0.712,-0.006835
2019-08-12,0.7253,0.018680000000000002
2019-08-13,0.722,-0.00455
2019-08-14,0.7253,0.004571
2019-08-15,0.7283,0.004136
2019-08-16,0.7368,0.011671
2019-08-19,0.7537,0.022937
2019-08-20,0.7484,-0.007032
2019-08-21,0.7522,0.005077000000000001
2019-08-22,0.7519,-0.000399
2019-08-23,0.7536,0.002261
2019-08-26,0.7502,-0.0045119999999999995
2019-08-27,0.7578,0.010131
2019-08-28,0.7542,-0.004751
2019-08-29,0.7545,0.000398
2019-08-30,0.7526,-0.0025180000000000003
2019-09-02,0.7705,0.023784
2019-09-03,0.7813,0.014017
2019-09-04,0.7871,0.007423999999999999
2019-09-05,0.7918,0.005971
2019-09-06,0.793,0.0015160000000000002
2019-09-09,0.8123,0.024338000000000002
2019-09-10,0.8059,-0.007879
2019-09-11,0.7982,-0.009555000000000001
2019-09-12,0.7998,0.0020050000000000003
2019-09-16,0.7966,-0.004001
2019-09-17,0.7839,-0.015943
2019-09-18,0.7837,-0.00025499999999999996
2019-09-19,0.7921,0.010718
2019-09-20,0.7924,0.00037900000000000005
2019-09-23,0.7846,-0.009844
2019-09-24,0.7905,0.00752
2019-09-25,0.7843,-0.007843
2019-09-26,0.772,-0.015683
2019-09-27,0.7756,0.004663
2019-09-30,0.766,-0.012378
2019-10-08,0.7665,0.0006529999999999999
2019-10-09,0.7707,0.005479
2019-10-10,0.7804,0.012586
2019-10-11,0.78,-0.000513
2019-10-14,0.7875,0.009615
2019-10-15,0.7782,-0.011810000000000001
2019-10-16,0.7764,-0.002313
2019-10-17,0.7776,0.0015459999999999998
2019-10-18,0.7672,-0.013373999999999999
2019-10-21,0.7689,0.002216
2019-10-22,0.7742,0.006893
2019-10-23,0.7679,-0.008137
2019-10-24,0.7658,-0.002735
2019-10-25,0.7713,0.007181999999999999
2019-10-28,0.7771,0.00752
2019-10-29,0.7739,-0.004118
2019-10-30,0.7742,0.000388
2019-10-31,0.775,0.001033
2019-11-01,0.7872,0.015742
2019-11-04,0.7935,0.008003
2019-11-05,0.8025,0.011342000000000001
2019-11-06,0.7991,-0.004237
2019-11-07,0.7996,0.000626
2019-11-08,0.7971,-0.0031269999999999996
2019-11-11,0.7843,-0.016058
2019-11-12,0.7831,-0.00153
2019-11-13,0.7866,0.004469
2019-11-14,0.7896,0.003814
2019-11-15,0.7831,-0.008232
2019-11-18,0.7883,0.00664
2019-11-19,0.802,0.017379
2019-11-20,0.7976,-0.0054859999999999996
2019-11-21,0.7932,-0.005516999999999999
2019-11-22,0.7848,-0.010589999999999999
2019-11-25,0.784,-0.001019
2019-11-26,0.7929,0.011352
2019-11-27,0.7933,0.000504
2019-11-28,0.7937,0.000504
2019-11-29,0.7871,-0.008315
2019-12-02,0.7896,0.003176
2019-12-03,0.7947,0.006459
2019-12-04,0.796,0.0016359999999999999
2019-12-05,0.8062,0.012814
2019-12-06,0.8149,0.010791
2019-12-09,0.8133,-0.001963
2019-12-10,0.816,0.00332
2019-12-11,0.8086,-0.009069
2019-12-12,0.8079,-0.000866
2019-12-13,0.8244,0.020423
2019-12-16,0.8352,0.0131
2019-12-17,0.8444,0.011014999999999999
2019-12-18,0.8417,-0.003198
2019-12-19,0.84,-0.00202
2019-12-20,0.8356,-0.0052380000000000005
2019-12-23,0.8228,-0.015318
2019-12-24,0.8382,0.018716999999999998
2019-12-25,0.8453,0.008471
2019-12-26,0.8493,0.004732
2019-12-27,0.8386,-0.012599
2019-12-30,0.8531,0.017291
2019-12-31,0.852,-0.0012889999999999998
2020-01-02,0.8692,0.020188
2020-01-03,0.868,-0.001381
2020-01-06,0.8758,0.008986
2020-01-07,0.8826,0.007764
2020-01-08,0.8727,-0.011217
2020-01-09,0.8859,0.015125
2020-01-10,0.8863,0.000452
2020-01-13,0.898,0.013201000000000001
2020-01-14,0.8969,-0.001225
2020-01-15,0.8901,-0.007582
2020-01-16,0.8877,-0.002696
2020-01-17,0.8868,-0.0010140000000000001
2020-01-20,0.9026,0.017817
2020-01-21,0.8908,-0.013073
2020-01-22,0.9054,0.016390000000000002
2020-01-23,0.886,-0.021427
2020-02-03,0.8204,-0.074041
2020-02-04,0.8566,0.044125
2020-02-05,0.8676,0.012841
2020-02-06,0.8944,0.03089
2020-02-07,0.8991,0.005254999999999999
2020-02-10,0.9062,0.007897
2020-02-11,0.9089,0.002979
2020-02-12,0.93,0.023215
2020-02-13,0.9259,-0.004409
2020-02-14,0.9282,0.002484
2020-02-17,0.9579,0.031997
2020-02-18,0.9676,0.010126
2020-02-19,0.9496,-0.018603
2020-02-20,0.9723,0.023905
2020-02-21,0.9866,0.014707
2020-02-24,1.0019,0.015508
2020-02-25,1.0157,0.013774
2020-02-26,0.967,-0.047947
2020-02-27,0.9683,0.001344
2020-02-28,0.925,-0.044718
2020-03-02,0.9432,0.019676
2020-03-03,0.9495,0.006679000000000001
2020-03-04,0.9461,-0.0035809999999999995
2020-03-05,0.9593,0.013951999999999999
2020-03-06,0.9494,-0.010320000000000001
2020-03-09,0.9084,-0.043185
2020-03-10,0.9284,0.022017000000000002
2020-03-11,0.9133,-0.016265
2020-03-12,0.8951,-0.019927999999999998
2020-03-13,0.8845,-0.011841999999999998
2020-03-16,0.85,-0.039005
2020-03-17,0.8479,-0.0024709999999999997
2020-03-18,0.8351,-0.015096
2020-03-19,0.8313,-0.00455
2020-03-20,0.8467,0.018525
2020-03-23,0.8229,-0.028109000000000002
2020-03-24,0.8396,0.020294
2020-03-25,0.8636,0.028585
2020-03-26,0.8617,-0.0022
2020-03-27,0.8587,-0.003481
2020-03-30,0.8446,-0.01642
2020-03-31,0.8549,0.012195000000000001
2020-04-01,0.8506,-0.00503
2020-04-02,0.8638,0.015518
2020-04-03,0.8604,-0.003936
2020-04-07,0.8793,0.021967
2020-04-08,0.8767,-0.002957
2020-04-09,0.8832,0.007414
2020-04-10,0.8752,-0.009058
2020-04-13,0.8651,-0.01154
2020-04-14,0.8904,0.029245
2020-04-15,0.8835,-0.007749000000000001
2020-04-16,0.8919,0.009507999999999999
2020-04-17,0.8933,0.00157
2020-04-20,0.8997,0.007164
2020-04-21,0.8889,-0.012003999999999999
2020-04-22,0.9003,0.012825
2020-04-23,0.8969,-0.003777
2020-04-24,0.8892,-0.008585
2020-04-27,0.8939,0.005286
2020-04-28,0.908,0.015774
2020-04-29,0.9064,-0.001762
2020-04-30,0.9182,0.013019000000000001
2020-05-06,0.9296,0.012416
2020-05-07,0.931,0.0015060000000000002
2020-05-08,0.9391,0.0087
2020-05-11,0.9324,-0.007134000000000001
2020-05-12,0.9389,0.006971000000000001
2020-05-13,0.9476,0.009266
2020-05-14,0.9365,-0.011714
2020-05-15,0.9409,0.004698
2020-05-18,0.9344,-0.006908
2020-05-19,0.9469,0.013378000000000001
2020-05-20,0.9419,-0.00528
2020-05-21,0.93,-0.012634000000000001
2020-05-22,0.9082,-0.023441
2020-05-25,0.9122,0.004404
2020-05-26,0.9296,0.019074999999999998
2020-05-27,0.9229,-0.007207
2020-05-28,0.922,-0.0009750000000000001
2020-05-29,0.9334,0.012364
2020-06-01,0.9571,0.025391
2020-06-02,0.9492,-0.008254000000000001
2020-06-03,0.9487,-0.000527
2020-06-04,0.9554,0.007062000000000001
2020-06-05,0.9628,0.007744999999999999
2020-06-08,0.9624,-0.000415
2020-06-09,0.9729,0.01091
2020-06-10,0.981,0.008326
2020-06-11,0.9745,-0.006626
2020-06-12,0.977,0.002565
2020-06-15,0.968,-0.009212
2020-06-16,0.9852,0.017769
2020-06-17,0.9827,-0.0025380000000000003
2020-06-18,0.9852,0.0025440000000000003
2020-06-19,1.01,0.025173
2020-06-22,1.0135,0.0034649999999999998
2020-06-23,1.0306,0.016872
2020-06-24,1.0353,0.00456
2020-06-29,1.0376,0.002222
2020-06-30,1.059,0.020625
2020-07-01,1.0637,0.004438
2020-07-02,1.0613,-0.0022559999999999998
2020-07-03,1.0708,0.008951
2020-07-06,1.1015,0.02867
2020-07-07,1.1286,0.024603
2020-07-08,1.1485,0.017632000000000002
2020-07-09,1.1779,0.025598999999999997
2020-07-10,1.1699,-0.006792
2020-07-13,1.2018,0.027267
2020-07-14,1.1867,-0.012563999999999999
2020-07-15,1.1753,-0.009606
2020-07-16,1.1177,-0.049009
2020-07-17,1.1356,0.016014999999999998
2020-07-20,1.1542,0.016378999999999998
2020-07-21,1.1696,0.013343
2020-07-22,1.1846,0.012825
2020-07-23,1.1927,0.0068379999999999995
2020-07-24,1.1238,-0.057768
2020-07-27,1.1237,-8.9e-05
2020-07-28,1.1445,0.01851
2020-07-29,1.1779,0.029183
2020-07-30,1.169,-0.007556
2020-07-31,1.1877,0.015996999999999997
2020-08-03,1.2015,0.011618999999999999
2020-08-04,1.188,-0.011236
2020-08-05,1.1976,0.008081
2020-08-06,1.1792,-0.015364
2020-08-07,1.1701,-0.007717000000000001
2020-08-10,1.1724,0.001966
2020-08-11,1.1578,-0.012453
2020-08-12,1.1412,-0.014338
2020-08-13,1.1475,0.005521000000000001
2020-08-14,1.1676,0.017516
2020-08-17,1.1807,0.01122
2020-08-18,1.1897,0.007623
2020-08-19,1.1613,-0.023872
2020-08-20,1.1462,-0.013003
2020-08-21,1.1688,0.019717
2020-08-24,1.1834,0.0125
2020-08-25,1.1883,0.0040999999999999995
2020-08-26,1.1693,-0.016
2020-08-27,1.1832,0.011899999999999999
2020-08-28,1.2142,0.0262
2020-08-31,1.1984,-0.013000000000000001
2020-09-01,1.2148,0.0137
2020-09-02,1.2156,0.0007000000000000001
2020-09-03,1.2108,-0.0039000000000000003
2020-09-04,1.1894,-0.0177
2020-09-07,1.1474,-0.0353
2020-09-08,1.1434,-0.0034999999999999996
2020-09-09,1.1084,-0.030600000000000002
2020-09-10,1.1105,0.0019
2020-09-11,1.1244,0.0125
2020-09-14,1.1412,0.0149
2020-09-15,1.1528,0.0102
2020-09-16,1.1453,-0.006500000000000001
2020-09-17,1.1452,-0.0001
2020-09-18,1.158,0.011200000000000002
2020-09-21,1.1496,-0.0073
2020-09-22,1.1381,-0.01
2020-09-23,1.1425,0.0039000000000000003
2020-09-24,1.1217,-0.0182
2020-09-25,1.1312,0.0085
2020-09-28,1.1363,0.0045000000000000005
2020-09-29,1.1467,0.0092
2020-09-30,1.1454,-0.0011
2020-10-09,1.1793,0.0296
2020-10-12,1.2065,0.0231
2020-10-13,1.2114,0.0040999999999999995
2020-10-14,1.2006,-0.0089
2020-10-15,1.2041,0.0029
2020-10-16,1.1906,-0.011200000000000002
2020-10-19,1.1802,-0.0087
2020-10-20,1.1995,0.016399999999999998
2020-10-21,1.188,-0.0096
2020-10-22,1.1806,-0.0062
2020-10-23,1.157,-0.02
2020-10-26,1.1531,-0.0034000000000000002
2020-10-27,1.1671,0.0121
2020-10-28,1.1786,0.009899999999999999
2020-10-29,1.1886,0.0085
2020-10-30,1.1671,-0.0181
2020-11-02,1.1884,0.0183
2020-11-03,1.1949,0.0055000000000000005
2020-11-04,1.2108,0.013300000000000001
2020-11-05,1.2351,0.020099999999999996
2020-11-06,1.2331,-0.0016
2020-11-09,1.2539,0.0169
2020-11-10,1.2429,-0.0088
2020-11-11,1.2204,-0.0181
2020-11-12,1.2297,0.0076
2020-11-13,1.2328,0.0025
2020-11-16,1.2374,0.0037
2020-11-17,1.2217,-0.0127
2020-11-18,1.2023,-0.0159
2020-11-19,1.2159,0.0113
2020-11-20,1.22,0.0034000000000000002
2020-11-23,1.232,0.0098
2020-11-24,1.22,-0.0097
2020-11-25,1.1974,-0.018500000000000003
2020-11-26,1.187,-0.0087
2020-11-27,1.1971,0.0085
2020-11-30,1.1896,-0.0063
2020-12-01,1.2104,0.0175
2020-12-02,1.2108,0.0003
2020-12-03,1.2136,0.0023
2020-12-04,1.2206,0.0058
2020-12-07,1.2196,-0.0008
2020-12-08,1.2244,0.0039000000000000003
2020-12-09,1.2114,-0.0106
2020-12-10,1.2094,-0.0017000000000000001
2020-12-11,1.1992,-0.0084
2020-12-14,1.2165,0.0144
2020-12-15,1.2205,0.0033
2020-12-16,1.2248,0.0034999999999999996
2020-12-17,1.2364,0.0095
2020-12-18,1.2366,0.0002
2020-12-21,1.2606,0.0194
2020-12-22,1.2414,-0.0152
2020-12-23,1.2472,0.004699999999999999
2020-12-24,1.2418,-0.0043
2020-12-25,1.2608,0.015300000000000001
2020-12-28,1.2692,0.0067
2020-12-29,1.2527,-0.013000000000000001
2020-12-30,1.2806,0.0223
2020-12-31,1.3024,0.017
2021-01-04,1.3453,0.0329
2021-01-05,1.3718,0.0197
2021-01-06,1.3829,0.008100000000000001
2021-01-07,1.4098,0.0195
2021-01-08,1.3909,-0.0134
2021-01-11,1.3644,-0.0191
2021-01-12,1.3938,0.0215
2021-01-13,1.3739,-0.0143
2021-01-14,1.35,-0.0174
2021-01-15,1.1076,-0.0003
2021-01-18,1.1296,0.0199
2021-01-19,1.112,-0.015600000000000001
2021-01-20,1.1332,0.0191
2021-01-21,1.1516,0.016200000000000003
2021-01-22,1.1567,0.0044
2021-01-25,1.1634,0.0058
2021-01-26,1.1418,-0.018600000000000002
2021-01-27,1.1458,0.0034999999999999996
2021-01-28,1.1149,-0.027000000000000003
2021-01-29,1.114,-0.0008
2021-02-01,1.1311,0.0154
2021-02-02,1.1602,0.025699999999999997
2021-02-03,1.1641,0.0034000000000000002
2021-02-04,1.1621,-0.0017000000000000001
2021-02-05,1.1598,-0.002
2021-02-08,1.1897,0.0258
2021-02-09,1.2187,0.024399999999999998
2021-02-10,1.2391,0.0167
2021-02-18,1.2236,-0.0125
2021-02-19,1.2061,-0.0143
2021-02-22,1.172,-0.028300000000000002
2021-02-23,1.1613,-0.0091
2021-02-24,1.1157,-0.0393
2021-02-25,1.1111,-0.0040999999999999995
2021-02-26,1.0813,-0.0268
2021-03-01,1.0978,0.015300000000000001
2021-03-02,1.0809,-0.0154
2021-03-03,1.0985,0.0163
2021-03-04,1.0564,-0.0383
2021-03-05,1.0573,0.0009
2021-03-08,1.0206,-0.0347
2021-03-09,1.0004,-0.019799999999999998
2021-03-10,1.0094,0.009000000000000001
2021-03-11,1.0351,0.0255
2021-03-12,1.036,0.0009
2021-03-15,1.0123,-0.0229
2021-03-16,1.0185,0.0060999999999999995
2021-03-17,1.0271,0.0084
2021-03-18,1.0418,0.0143
2021-03-19,1.0138,-0.0269
2021-03-22,1.0199,0.006
2021-03-23,1.002,-0.0176
2021-03-24,0.9867,-0.015300000000000001
2021-03-25,0.9869,0.0002
2021-03-26,1.0059,0.019299999999999998
2021-03-29,1.0101,0.0042
2021-03-30,1.0191,0.0089
2021-03-31,1.0135,-0.0055000000000000005
2021-04-01,1.0228,0.0092
2021-04-02,1.0307,0.0077
2021-04-06,1.0276,-0.003
2021-04-07,1.0167,-0.0106
2021-04-08,1.0216,0.0048
2021-04-09,1.0067,-0.0146
2021-04-12,0.9928,-0.0138
2021-04-13,0.9936,0.0008
2021-04-14,1.0028,0.009300000000000001
2021-04-15,0.9975,-0.0053
2021-04-16,0.9985,0.001
2021-04-19,1.023,0.0245
2021-04-20,1.028,0.0049
2021-04-21,1.0314,0.0033
2021-04-22,1.0334,0.0019
2021-04-23,1.042,0.0083
2021-04-26,1.028,-0.0134
2021-04-27,1.0341,0.0059
2021-04-28,1.0463,0.0118
2021-04-29,1.0528,0.0062
2021-04-30,1.0524,-0.0004
2021-05-06,1.048,-0.0042
2021-05-07,1.0357,-0.011699999999999999
2021-05-10,1.0435,0.0075
2021-05-11,1.0418,-0.0016
2021-05-12,1.0459,0.0039000000000000003
2021-05-13,1.041,-0.004699999999999999
2021-05-14,1.0611,0.019299999999999998
2021-05-17,1.0777,0.015600000000000001
2021-05-18,1.0742,-0.0032
2021-05-19,1.069,-0.0048
2021-05-20,1.0716,0.0024
2021-05-21,1.0678,-0.0034999999999999996
2021-05-24,1.076,0.0077
2021-05-25,1.1059,0.0278
2021-05-26,1.103,-0.0026
2021-05-27,1.0991,-0.0034999999999999996
2021-05-28,1.0998,0.0006
2021-05-31,1.111,0.0102
2021-06-01,1.106,-0.0045000000000000005
2021-06-02,1.1003,-0.0052
2021-06-03,1.0887,-0.0105
2021-06-04,1.1013,0.0116
2021-06-07,1.0977,-0.0033
2021-06-08,1.0868,-0.009899999999999999
2021-06-09,1.0884,0.0015
2021-06-10,1.103,0.0134
2021-06-11,1.1,-0.0027
2021-06-15,1.0896,-0.0095
2021-06-16,1.0582,-0.0288
2021-06-17,1.0672,0.0085
2021-06-18,1.0779,0.01
2021-06-21,1.0781,0.0002
2021-06-22,1.0837,0.0052
2021-06-23,1.0966,0.011899999999999999
2021-06-24,1.09,-0.006
2021-06-25,1.1063,0.015
2021-06-28,1.1128,0.0059
2021-06-29,1.1116,-0.0011
2021-06-30,1.127,0.0139
2021-07-01,1.1273,0.0003
2021-07-02,1.1025,-0.022000000000000002
2021-07-05,1.1223,0.018000000000000002
2021-07-06,1.1205,-0.0016
2021-07-07,1.1479,0.0245
2021-07-08,1.1488,0.0008
2021-07-09,1.1613,0.0109
2021-07-12,1.2087,0.0408
2021-07-13,1.1937,-0.0124
2021-07-14,1.1666,-0.0227
2021-07-15,1.1862,0.0168
2021-07-16,1.1663,-0.0168
2021-07-19,1.1606,-0.0049
2021-07-20,1.1672,0.005699999999999999
2021-07-21,1.2099,0.0366
2021-07-22,1.2342,0.020099999999999996
2021-07-23,1.2202,-0.0113
2021-07-26,1.2179,-0.0019
2021-07-27,1.1584,-0.0489
2021-07-28,1.1465,-0.0103
2021-07-29,1.1973,0.0443
2021-07-30,1.2249,0.0231
2021-08-02,1.2455,0.0168
2021-08-03,1.1907,-0.044000000000000004
2021-08-04,1.242,0.0431
2021-08-05,1.2354,-0.0053
2021-08-06,1.2347,-0.0006
2021-08-09,1.2196,-0.012199999999999999
2021-08-10,1.199,-0.0169
2021-08-11,1.2073,0.0069
2021-08-12,1.2124,0.0042
2021-08-13,1.2058,-0.0054
2021-08-16,1.1862,-0.0163
2021-08-17,1.16,-0.022099999999999998
2021-08-18,1.1742,0.012199999999999999
2021-08-19,1.1877,0.0115
2021-08-20,1.1833,-0.0037
2021-08-23,1.2061,0.019299999999999998
2021-08-24,1.2265,0.0169
2021-08-25,1.2327,0.0051
2021-08-26,1.2201,-0.0102
2021-08-27,1.2532,0.0271
2021-08-30,1.2851,0.0255
2021-08-31,1.3099,0.019299999999999998
2021-09-01,1.2643,-0.0348
2021-09-02,1.3034,0.030899999999999997
2021-09-03,1.2686,-0.026699999999999998
2021-09-06,1.2692,0.0005
2021-09-07,1.3112,0.0331
2021-09-08,1.3208,0.0073
2021-09-09,1.3565,0.027000000000000003
2021-09-10,1.3529,-0.0027
2021-09-13,1.4012,0.035699999999999996
2021-09-14,1.3668,-0.0246
2021-09-15,1.3747,0.0058
2021-09-16,1.3333,-0.0301
2021-09-17,1.3018,-0.0236
2021-09-22,1.3259,0.018500000000000003
2021-09-23,1.3072,-0.0141
2021-09-24,1.2653,-0.0321
2021-09-27,1.2365,-0.022799999999999997
2021-09-28,1.2408,0.0034999999999999996
2021-09-29,1.211,-0.024
2021-09-30,1.2346,0.0195
2021-10-08,1.2217,-0.0104
2021-10-11,1.2231,0.0011
2021-10-12,1.2044,-0.015300000000000001
2021-10-13,1.2016,-0.0023
2021-10-14,1.1961,-0.0046
2021-10-15,1.2006,0.0038
2021-10-18,1.2151,0.0121
2021-10-19,1.2269,0.0097
2021-10-20,1.2046,-0.0182
2021-10-21,1.2088,0.0034999999999999996
2021-10-22,1.1916,-0.014199999999999999
2021-10-25,1.2043,0.010700000000000001
2021-10-26,1.2061,0.0015
2021-10-27,1.1991,-0.0058
2021-10-28,1.1845,-0.012199999999999999
2021-10-29,1.1945,0.0084
2021-11-01,1.1841,-0.0087
2021-11-02,1.1826,-0.0013
2021-11-03,1.1814,-0.001
2021-11-04,1.1939,0.0106
2021-11-05,1.1832,-0.009000000000000001
2021-11-08,1.1895,0.0053
2021-11-09,1.1901,0.0005
2021-11-10,1.1788,-0.0095
2021-11-11,1.1844,0.0048
2021-11-12,1.1833,-0.0009
2021-11-15,1.1828,-0.0004
2021-11-16,1.1821,-0.0006
2021-11-17,1.19,0.0067
2021-11-18,1.1866,-0.0029
2021-11-19,1.1948,0.0069
2021-11-22,1.209,0.011899999999999999
2021-11-23,1.2093,0.0002
2021-11-24,1.2102,0.0007000000000000001
2021-11-25,1.2079,-0.0019
2021-11-26,1.2087,0.0007000000000000001
2021-11-29,1.2186,0.008199999999999999
2021-11-30,1.2087,-0.008100000000000001
2021-12-01,1.211,0.0019
2021-12-02,1.2079,-0.0026
2021-12-03,1.2228,0.0123
2021-12-06,1.2058,-0.0139
2021-12-07,1.1966,-0.0076
2021-12-08,1.2188,0.018600000000000002
2021-12-09,1.2274,0.0070999999999999995
2021-12-10,1.2216,-0.004699999999999999
2021-12-13,1.2266,0.0040999999999999995
2021-12-14,1.2213,-0.0043
2021-12-15,1.2066,-0.012
2021-12-16,1.2106,0.0033
2021-12-17,1.1943,-0.013500000000000002
2021-12-20,1.1783,-0.0134
2021-12-21,1.1852,0.0059
2021-12-22,1.1905,0.0045000000000000005
2021-12-23,1.1963,0.0049
2021-12-24,1.2002,0.0033
2021-12-27,1.2004,0.0002
2021-12-28,1.2099,0.0079
2021-12-29,1.1916,-0.0151
2021-12-30,1.1958,0.0034999999999999996
2021-12-31,1.1991,0.0028000000000000004
2022-01-04,1.1934,-0.0048
2022-01-05,1.1866,-0.005699999999999999
2022-01-06,1.1765,-0.0085
2022-01-07,1.1695,-0.0059
2022-01-10,1.1776,0.0069
2022-01-11,1.1637,-0.0118
2022-01-12,1.171,0.0063
2022-01-13,1.1528,-0.0155
2022-01-14,0.9831,-0.009000000000000001
2022-01-17,0.9873,0.0043
2022-01-18,0.994,0.0068000000000000005
2022-01-19,0.9895,-0.0045000000000000005
2022-01-20,0.9942,0.004699999999999999
2022-01-21,0.9917,-0.0025
2022-01-24,0.9931,0.0014000000000000002
2022-01-25,0.9742,-0.019
2022-01-26,0.9767,0.0026
2022-01-27,0.9652,-0.0118
2022-01-28,0.9574,-0.008100000000000001
2022-02-07,0.963,0.0058
2022-02-08,0.9628,-0.0002
2022-02-09,0.9709,0.0084
2022-02-10,0.976,0.0053
2022-02-11,0.9712,-0.0049
2022-02-14,0.9601,-0.011399999999999999
2022-02-15,0.9642,0.0043
2022-02-16,0.9666,0.0025
2022-02-17,0.9745,0.008199999999999999
2022-02-18,0.9829,0.0086
2022-02-21,0.9873,0.0045000000000000005
2022-02-22,0.9871,-0.0002
2022-02-23,0.992,0.005
2022-02-24,0.9732,-0.019
2022-02-25,0.978,0.0049
2022-02-28,0.9874,0.0096
2022-03-01,0.9883,0.0009
2022-03-02,0.9876,-0.0007000000000000001
2022-03-03,0.9837,-0.0039000000000000003
2022-03-04,0.9748,-0.009000000000000001
2022-03-07,0.9604,-0.0148
2022-03-08,0.9294,-0.0323
2022-03-09,0.9217,-0.0083
2022-03-10,0.9342,0.013600000000000001
2022-03-11,0.9353,0.0012
2022-03-14,0.9152,-0.0215
2022-03-15,0.8825,-0.035699999999999996
2022-03-16,0.9071,0.0279
2022-03-17,0.9137,0.0073
2022-03-18,0.926,0.013500000000000002
2022-03-21,0.9308,0.0052
2022-03-22,0.9364,0.006
2022-03-23,0.9375,0.0012
2022-03-24,0.9339,-0.0038
2022-03-25,0.9207,-0.0141
2022-03-28,0.9136,-0.0077
2022-03-29,0.9171,0.0038
2022-03-30,0.9297,0.0137
2022-03-31,0.9204,-0.01
2022-04-01,0.9283,0.0086
2022-04-06,0.9212,-0.0076
2022-04-07,0.9146,-0.0072
2022-04-08,0.9177,0.0034000000000000002
2022-04-11,0.8935,-0.0264
2022-04-12,0.9025,0.0101
2022-04-13,0.9045,0.0022
2022-04-14,0.9229,0.0203
2022-04-15,0.9136,-0.0101
2022-04-18,0.9031,-0.0115
2022-04-19,0.9077,0.0051
2022-04-20,0.8893,-0.0203
2022-04-21,0.8714,-0.020099999999999996
2022-04-22,0.8741,0.0031
2022-04-25,0.8345,-0.0453
2022-04-26,0.8221,-0.0149
2022-04-27,0.8475,0.030899999999999997
2022-04-28,0.8579,0.0123
2022-04-29,0.8736,0.0183
2022-05-05,0.873,-0.0007000000000000001
2022-05-06,0.8539,-0.0219
2022-05-09,0.8475,-0.0075
2022-05-10,0.8513,0.0045000000000000005
2022-05-11,0.864,0.0149
2022-05-12,0.8574,-0.0076
2022-05-13,0.863,0.006500000000000001
2022-05-16,0.8656,0.003
2022-05-17,0.8801,0.0168
2022-05-18,0.8778,-0.0026
2022-05-19,0.8809,0.0034999999999999996
2022-05-20,0.8979,0.019299999999999998
2022-05-23,0.9059,0.0089
2022-05-24,0.8864,-0.0215
2022-05-25,0.8911,0.0053
2022-05-26,0.8986,0.0084
2022-05-27,0.8943,-0.0048
2022-05-30,0.9015,0.008100000000000001
2022-05-31,0.9081,0.0073
2022-06-01,0.909,0.001
2022-06-02,0.9019,-0.0078000000000000005
2022-06-06,0.933,0.0345
2022-06-07,0.9375,0.0048
2022-06-08,0.9605,0.0245
2022-06-09,0.9519,-0.009000000000000001
2022-06-10,0.9654,0.014199999999999999
2022-06-13,0.9654,0.0
2022-06-14,0.9712,0.006
2022-06-15,0.9713,0.0001
2022-06-16,0.957,-0.0147
2022-06-17,0.9752,0.019
2022-06-20,0.9688,-0.0066
2022-06-21,0.9645,-0.0044
2022-06-22,0.9577,-0.0070999999999999995
2022-06-23,0.9746,0.0176
2022-06-24,0.9791,0.0046
2022-06-27,1.0018,0.0232
2022-06-28,1.0118,0.01
2022-06-29,0.9911,-0.020499999999999997
2022-06-30,1.0077,0.0167
2022-07-01,1.0235,0.015700000000000002
2022-07-04,1.0479,0.023799999999999998
2022-07-05,1.0527,0.0046
2022-07-06,1.0343,-0.0175
2022-07-07,1.038,0.0036
2022-07-08,1.0331,-0.004699999999999999
2022-07-11,1.0072,-0.025099999999999997
2022-07-12,0.9912,-0.0159
2022-07-13,0.9933,0.0021
2022-07-14,0.9894,-0.0039000000000000003
2022-07-15,0.9787,-0.0108
2022-07-18,0.9817,0.0031
2022-07-19,0.9797,-0.002
2022-07-20,0.9831,0.0034999999999999996
2022-07-21,0.9623,-0.0212
2022-07-22,0.9627,0.0004
2022-07-25,0.9584,-0.0045000000000000005
2022-07-26,0.9718,0.013999999999999999
2022-07-27,0.9675,-0.0044
2022-07-28,0.959,-0.0088
2022-07-29,0.9534,-0.0058
2022-08-01,0.9612,0.008199999999999999
2022-08-02,0.9418,-0.0202
2022-08-03,0.9298,-0.0127
2022-08-04,0.9359,0.0066
2022-08-05,0.9457,0.0105
2022-08-08,0.9508,0.0054
2022-08-09,0.9536,0.0029
2022-08-10,0.9475,-0.0064
2022-08-11,0.9553,0.008199999999999999
2022-08-12,0.9541,-0.0013
2022-08-15,0.9621,0.0084
2022-08-16,0.9648,0.0028000000000000004
2022-08-17,0.9641,-0.0007000000000000001
2022-08-18,0.9575,-0.0068000000000000005
2022-08-19,0.9528,-0.0049
2022-08-22,0.971,0.0191
2022-08-23,0.9714,0.0004
2022-08-24,0.9562,-0.015600000000000001
2022-08-25,0.9594,0.0033
2022-08-26,0.9596,0.0002
2022-08-29,0.9574,-0.0023
2022-08-30,0.9499,-0.0078000000000000005
2022-08-31,0.939,-0.0115
2022-09-01,0.9343,-0.005
2022-09-02,0.9274,-0.0074
2022-09-05,0.9334,0.006500000000000001
2022-09-06,0.9483,0.016
2022-09-07,0.9472,-0.0012
2022-09-08,0.9416,-0.0059
2022-09-09,0.9522,0.0113
2022-09-13,0.9553,0.0033
2022-09-14,0.9513,-0.0042
2022-09-15,0.9408,-0.011000000000000001
2022-09-16,0.9135,-0.028999999999999998
2022-09-19,0.9173,0.0042
2022-09-20,0.9274,0.011000000000000001
2022-09-21,0.9218,-0.006
2022-09-22,0.9222,0.0004
2022-09-23,0.9111,-0.012
2022-09-26,0.9043,-0.0075
2022-09-27,0.9108,0.0072
2022-09-28,0.8926,-0.02
2022-09-29,0.8999,0.008199999999999999
2022-09-30,0.8936,-0.006999999999999999
2022-10-10,0.8841,-0.0106
2022-10-11,0.8858,0.0019
2022-10-12,0.892,0.006999999999999999
2022-10-13,0.8739,-0.0203
2022-10-14,0.8901,0.018500000000000003
2022-10-17,0.8844,-0.0064
2022-10-18,0.8842,-0.0002
2022-10-19,0.8761,-0.0092
2022-10-20,0.8666,-0.0108
2022-10-21,0.8631,-0.004
2022-10-24,0.8502,-0.0149
2022-10-25,0.8469,-0.0039000000000000003
2022-10-26,0.8452,-0.002
2022-10-27,0.8425,-0.0032
2022-10-28,0.8307,-0.013999999999999999
2022-10-31,0.8271,-0.0043
2022-11-01,0.8487,0.026099999999999998
2022-11-02,0.8551,0.0075
2022-11-03,0.8518,-0.0039000000000000003
2022-11-04,0.8791,0.032
2022-11-07,0.8815,0.0027
2022-11-08,0.8791,-0.0027
2022-11-09,0.8721,-0.008
2022-11-10,0.8622,-0.011399999999999999
2022-11-11,0.8768,0.0169
2022-11-14,0.8667,-0.0115
2022-11-15,0.8773,0.012199999999999999
2022-11-16,0.8709,-0.0073
2022-11-17,0.863,-0.0091
2022-11-18,0.8572,-0.0067
2022-11-21,0.8553,-0.0022
2022-11-22,0.85,-0.0062
2022-11-23,0.8491,-0.0011
2022-11-24,0.8503,0.0014000000000000002
2022-11-25,0.8489,-0.0016
2022-11-28,0.8426,-0.0074
2022-11-29,0.856,0.0159
2022-11-30,0.8562,0.0002
2022-12-01,0.8648,0.01
2022-12-02,0.8601,-0.0054
2022-12-05,0.8644,0.005
2022-12-06,0.8697,0.0060999999999999995
2022-12-07,0.8683,-0.0016
2022-12-08,0.8666,-0.002
2022-12-09,0.8737,0.008199999999999999
2022-12-12,0.8645,-0.0105
2022-12-13,0.8622,-0.0027
2022-12-14,0.8674,0.006
2022-12-15,0.8645,-0.0033
2022-12-16,0.863,-0.0017000000000000001
2022-12-19,0.8527,-0.011899999999999999
2022-12-20,0.8375,-0.0178
2022-12-21,0.8382,0.0008
2022-12-22,0.8364,-0.0021
2022-12-23,0.8355,-0.0011
2022-12-26,0.8379,0.0029
2022-12-27,0.849,0.0132
2022-12-28,0.8452,-0.0045000000000000005
2022-12-29,0.8428,-0.0028000000000000004
2022-12-30,0.8434,0.0007000000000000001
2022-12-31,0.8434,0.0
2023-01-03,0.8472,0.0045000000000000005
2023-01-04,0.8455,-0.002
2023-01-05,0.8621,0.0196
2023-01-06,0.8638,0.002
2023-01-09,0.8697,0.0068000000000000005
2023-01-10,0.8731,0.0039000000000000003
2023-01-11,0.8744,0.0015
2023-01-12,0.8753,0.001
2023-01-13,0.8866,0.0129
2023-01-16,0.8989,0.0139
2023-01-17,0.897,-0.0021
2023-01-18,0.895,-0.0022
2023-01-19,0.901,0.0067
2023-01-20,0.9039,0.0032
2023-01-30,0.9069,0.0033
2023-01-31,0.8984,-0.009399999999999999
2023-02-01,0.9043,0.0066
2023-02-02,0.9061,0.002
2023-02-03,0.8984,-0.0085
2023-02-06,0.8857,-0.0141
2023-02-07,0.8872,0.0017000000000000001
2023-02-08,0.8866,-0.0007000000000000001
2023-02-09,0.8958,0.0104
2023-02-10,0.8873,-0.0095
2023-02-13,0.8951,0.0088
2023-02-14,0.8947,-0.0004
2023-02-15,0.89,-0.0053
2023-02-16,0.8804,-0.0108
2023-02-17,0.8736,-0.0077
2023-02-20,0.8876,0.016
2023-02-21,0.8883,0.0008
2023-02-22,0.8813,-0.0079
2023-02-23,0.8816,0.0003
2023-02-24,0.8755,-0.0069
2023-02-27,0.8739,-0.0018
2023-02-28,0.8784,0.0051
2023-03-01,0.8851,0.0076
2023-03-02,0.8812,-0.0044
2023-03-03,0.8801,-0.0012
2023-03-06,0.8753,-0.0055000000000000005
2023-03-07,0.8616,-0.015700000000000002
2023-03-08,0.8601,-0.0017000000000000001
2023-03-09,0.8582,-0.0022
2023-03-10,0.846,-0.014199999999999999
2023-03-13,0.8571,0.0131
2023-03-14,0.8513,-0.0068000000000000005
2023-03-15,0.8492,-0.0025
2023-03-16,0.8389,-0.0121
2023-03-17,0.8442,0.0063
2023-03-20,0.8365,-0.0091
2023-03-21,0.8465,0.012
2023-03-22,0.8558,0.011000000000000001
2023-03-23,0.8702,0.0168
2023-03-24,0.8677,-0.0029
2023-03-27,0.8628,-0.005600000000000001
2023-03-28,0.8625,-0.0003
2023-03-29,0.8639,0.0016
2023-03-30,0.8677,0.0044
2023-03-31,0.8695,0.0021
2023-04-03,0.8817,0.013999999999999999
2023-04-04,0.8902,0.0096
2023-04-06,0.8917,0.0017000000000000001
2023-04-07,0.9018,0.0113
2023-04-10,0.886,-0.0175
2023-04-11,0.8856,-0.0005
2023-04-12,0.8902,0.0052
2023-04-13,0.8752,-0.0169
2023-04-14,0.8777,0.0029
2023-04-17,0.884,0.0072
2023-04-18,0.8896,0.0063
2023-04-19,0.8847,-0.0055000000000000005
2023-04-20,0.8932,0.0096
2023-04-21,0.8701,-0.0259
2023-04-24,0.8716,0.0017000000000000001
2023-04-25,0.866,-0.0064
2023-04-26,0.8594,-0.0076
2023-04-27,0.8558,-0.0042
2023-04-28,0.8662,0.012199999999999999
2023-05-04,0.8629,-0.0038
2023-05-05,0.8569,-0.006999999999999999
2023-05-08,0.861,0.0048
2023-05-09,0.8534,-0.0088
2023-05-10,0.8493,-0.0048
2023-05-11,0.8499,0.0007000000000000001
2023-05-12,0.8405,-0.0111
2023-05-15,0.8476,0.0084
2023-05-16,0.8436,-0.004699999999999999
2023-05-17,0.8408,-0.0033
2023-05-18,0.8428,0.0024
2023-05-19,0.8424,-0.0005
2023-05-22,0.8462,0.0045000000000000005
2023-05-23,0.8378,-0.009899999999999999
2023-05-24,0.8322,-0.0067
2023-05-25,0.8315,-0.0008
2023-05-26,0.8332,0.002
2023-05-29,0.8322,-0.0012
2023-05-30,0.8335,0.0016
2023-05-31,0.8283,-0.0062
2023-06-01,0.8307,0.0029
2023-06-02,0.8392,0.0102
2023-06-05,0.8382,-0.0012
2023-06-06,0.8317,-0.0078000000000000005
2023-06-07,0.8288,-0.0034999999999999996
2023-06-08,0.8299,0.0013
2023-06-09,0.8346,0.005699999999999999
2023-06-12,0.8403,0.0068000000000000005
2023-06-13,0.8447,0.0052
2023-06-14,0.8501,0.0064
2023-06-15,0.857,0.008100000000000001
2023-06-16,0.8653,0.0097
2023-06-19,0.8678,0.0029
2023-06-20,0.8708,0.0034999999999999996
2023-06-21,0.8537,-0.0196
2023-06-26,0.8366,-0.02
2023-06-27,0.8436,0.0084
2023-06-28,0.8406,-0.0036
2023-06-29,0.8411,0.0006
2023-06-30,0.8482,0.0084
2023-07-03,0.8539,0.0067
2023-07-04,0.8576,0.0043
2023-07-05,0.847,-0.0124
2023-07-06,0.8435,-0.0040999999999999995
2023-07-07,0.8395,-0.004699999999999999
2023-07-10,0.8393,-0.0002
2023-07-11,0.8469,0.0091
2023-07-12,0.8383,-0.0102
2023-07-13,0.8492,0.013000000000000001
2023-07-14,0.8526,0.004
2023-07-17,0.8475,-0.006
2023-07-18,0.8447,-0.0033
2023-07-19,0.8429,-0.0021
2023-07-20,0.8318,-0.0132
2023-07-21,0.8296,-0.0026
2023-07-24,0.8295,-0.0001
2023-07-25,0.8504,0.0252
2023-07-26,0.8448,-0.0066
2023-07-27,0.8432,-0.0019
2023-07-28,0.8573,0.0167
2023-07-31,0.8609,0.0042
2023-08-01,0.8597,-0.0014000000000000002
2023-08-02,0.8569,-0.0033
2023-08-03,0.8597,0.0033
2023-08-04,0.8656,0.0069
2023-08-07,0.8594,-0.0072
2023-08-08,0.8564,-0.0034999999999999996
2023-08-09,0.8521,-0.005
2023-08-10,0.8532,0.0013
2023-08-11,0.8392,-0.016399999999999998
2023-08-14,0.8384,-0.001
2023-08-15,0.8358,-0.0031
2023-08-16,0.8302,-0.0067
2023-08-17,0.8348,0.0055000000000000005
2023-08-18,0.8259,-0.010700000000000001
2023-08-21,0.819,-0.0084
2023-08-22,0.8246,0.0068000000000000005
2023-08-23,0.8148,-0.011899999999999999
2023-08-24,0.8177,0.0036
2023-08-25,0.8125,-0.0064
2023-08-28,0.8168,0.0053
2023-08-29,0.8248,0.0098
2023-08-30,0.8261,0.0016
2023-08-31,0.8244,-0.0021
2023-09-01,0.8312,0.008199999999999999
2023-09-04,0.8404,0.0111
2023-09-05,0.8333,-0.0084
2023-09-06,0.8356,0.0028000000000000004
2023-09-07,0.8248,-0.0129
2023-09-08,0.8225,-0.0028000000000000004
2023-09-11,0.8273,0.0058
2023-09-12,0.8246,-0.0033
2023-09-13,0.8197,-0.0059
2023-09-14,0.8197,0.0
2023-09-15,0.815,-0.005699999999999999
2023-09-18,0.8175,0.0031
2023-09-19,0.8157,-0.0022
2023-09-20,0.8123,-0.0042
2023-09-21,0.8072,-0.0063
2023-09-22,0.8183,0.0138
2023-09-25,0.8143,-0.0049
2023-09-26,0.8123,-0.0025
2023-09-27,0.812,-0.0004
2023-09-28,0.8138,0.0022
2023-10-09,0.8132,-0.0007000000000000001
2023-10-10,0.8056,-0.009300000000000001
2023-10-11,0.8058,0.0002
2023-10-12,0.811,0.006500000000000001
2023-10-13,0.8046,-0.0079
2023-10-16,0.7989,-0.0070999999999999995
2023-10-17,0.8032,0.0054
2023-10-18,0.7967,-0.008100000000000001
2023-10-19,0.7851,-0.0146
2023-10-20,0.7786,-0.0083
2023-10-23,0.7697,-0.011399999999999999
2023-10-24,0.7764,0.0087
2023-10-25,0.7772,0.001
2023-10-26,0.7788,0.0021
2023-10-27,0.7852,0.008199999999999999
2023-10-30,0.7868,0.002
2023-10-31,0.7833,-0.0044
2023-11-01,0.783,-0.0004
2023-11-02,0.7787,-0.0055000000000000005
2023-11-03,0.7855,0.0087
2023-11-06,0.795,0.0121
2023-11-07,0.7941,-0.0011
2023-11-08,0.794,-0.0001
2023-11-09,0.7929,-0.0014000000000000002
2023-11-10,0.7882,-0.0059
2023-11-13,0.7862,-0.0025
2023-11-14,0.7878,0.002
2023-11-15,0.7914,0.0046
2023-11-16,0.7844,-0.0088
2023-11-17,0.7863,0.0024
2023-11-20,0.7873,0.0013
2023-11-21,0.7851,-0.0028000000000000004
2023-11-22,0.776,-0.0116
2023-11-23,0.7833,0.009399999999999999
2023-11-24,0.7772,-0.0078000000000000005
2023-11-27,0.7774,0.0003
2023-11-28,0.7804,0.0039000000000000003
2023-11-29,0.7767,-0.004699999999999999
2023-11-30,0.7766,-0.0001
2023-12-01,0.7771,0.0006
2023-12-04,0.7756,-0.0019
2023-12-05,0.762,-0.0175
2023-12-06,0.7645,0.0033
2023-12-07,0.7636,-0.0012
2023-12-08,0.7667,0.0040999999999999995
2023-12-11,0.7757,0.011699999999999999
2023-12-12,0.7764,0.0009
2023-12-13,0.7678,-0.0111
2023-12-14,0.7635,-0.005600000000000001
2023-12-15,0.7602,-0.0043
2023-12-18,0.7564,-0.005
2023-12-19,0.757,0.0008
2023-12-20,0.7479,-0.012
2023-12-21,0.7519,0.0053
2023-12-22,0.7471,-0.0064
2023-12-25,0.7493,0.0029
2023-12-26,0.7414,-0.0105
2023-12-27,0.7455,0.0055000000000000005
2023-12-28,0.7551,0.0129
2023-12-29,0.76,0.006500000000000001
2023-12-31,0.76,0.0
2024-01-02,0.7553,-0.0062
2024-01-03,0.7517,-0.0048
2024-01-04,0.7472,-0.006
2024-01-05,0.7404,-0.0091
2024-01-08,0.7293,-0.015
2024-01-09,0.7311,0.0025
2024-01-10,0.7282,-0.004
2024-01-11,0.735,0.009300000000000001
2024-01-12,0.7323,-0.0037
2024-01-15,0.7311,-0.0016
2024-01-16,0.7324,0.0018
2024-01-17,0.7169,-0.0212
2024-01-18,0.7235,0.0092
2024-01-19,0.7195,-0.0055000000000000005
2024-01-22,0.6981,-0.0297
2024-01-23,0.7069,0.0126
2024-01-24,0.7123,0.0076
2024-01-25,0.7263,0.0197
2024-01-26,0.7217,-0.0063
2024-01-29,0.7113,-0.0144
2024-01-30,0.6985,-0.018000000000000002
2024-01-31,0.689,-0.013600000000000001
2024-02-01,0.6895,0.0007000000000000001
2024-02-02,0.6792,-0.0149
2024-02-05,0.6752,-0.0059
2024-02-06,0.7041,0.042800000000000005
2024-02-07,0.7213,0.024399999999999998
2024-02-08,0.7247,0.004699999999999999
2024-02-19,0.7323,0.0105
2024-02-20,0.7337,0.0019
2024-02-21,0.7372,0.0048
2024-02-22,0.7499,0.0172
2024-02-23,0.7522,0.0031
2024-02-26,0.7515,-0.0009
2024-02-27,0.7678,0.0217
2024-02-28,0.7466,-0.0276
2024-02-29,0.7726,0.0348
2024-03-01,0.7812,0.0111
2024-03-04,0.7873,0.0078000000000000005
2024-03-05,0.7836,-0.004699999999999999
2024-03-06,0.7827,-0.0011
2024-03-07,0.7759,-0.0087
2024-03-08,0.7849,0.0116
2024-03-11,0.7911,0.0079
2024-03-12,0.7867,-0.005600000000000001
2024-03-13,0.7873,0.0008
2024-03-14,0.7834,-0.005
2024-03-15,0.7901,0.0086
2024-03-18,0.8012,0.013999999999999999
2024-03-19,0.7952,-0.0075
2024-03-20,0.7955,0.0004
2024-03-21,0.7933,-0.0028000000000000004
2024-03-22,0.7867,-0.0083
2024-03-25,0.7778,-0.0113
2024-03-26,0.7777,-0.0001
2024-03-27,0.7618,-0.0204
2024-03-28,0.773,0.0147
2024-03-29,0.7787,0.0074
2024-04-01,0.7943,0.02
2024-04-02,0.7911,-0.004
2024-04-03,0.791,-0.0001
2024-04-08,0.7863,-0.0059
2024-04-09,0.7882,0.0024
2024-04-10,0.7835,-0.006
2024-04-11,0.7854,0.0024
2024-04-12,0.7885,0.0039000000000000003
2024-04-15,0.8003,0.015
2024-04-16,0.7787,-0.027000000000000003
2024-04-17,0.7938,0.0194
2024-04-18,0.7949,0.0014000000000000002
2024-04-19,0.79,-0.0062
2024-04-22,0.7755,-0.0184
2024-04-23,0.7601,-0.0199
2024-04-24,0.7672,0.009300000000000001
2024-04-25,0.7683,0.0014000000000000002
2024-04-26,0.7802,0.0155
2024-04-29,0.7869,0.0086
2024-04-30,0.7855,-0.0018
2024-05-06,0.7961,0.013500000000000002
2024-05-07,0.7935,-0.0033
2024-05-08,0.7877,-0.0073
2024-05-09,0.8029,0.019299999999999998
2024-05-10,0.8016,-0.0016
2024-05-13,0.7972,-0.0055000000000000005
2024-05-14,0.7946,-0.0033
2024-05-15,0.7887,-0.0074
2024-05-16,0.7861,-0.0033
2024-05-17,0.7903,0.0053
2024-05-20,0.8014,0.013999999999999999
2024-05-21,0.7928,-0.010700000000000001
2024-05-22,0.7904,-0.003
2024-05-23,0.7784,-0.0152
2024-05-24,0.7746,-0.0049
2024-05-27,0.7836,0.0116
2024-05-28,0.7792,-0.005600000000000001
2024-05-29,0.7865,0.009399999999999999
2024-05-30,0.7793,-0.0092
2024-05-31,0.7771,-0.0028000000000000004
2024-06-03,0.7775,0.0005
2024-06-04,0.7864,0.011399999999999999
2024-06-05,0.7776,-0.011200000000000002
2024-06-06,0.7816,0.0051
2024-06-07,0.7779,-0.004699999999999999
2024-06-11,0.7724,-0.0070999999999999995
2024-06-12,0.7751,0.0034999999999999996
2024-06-13,0.7696,-0.0070999999999999995
2024-06-14,0.7701,0.0006
2024-06-17,0.7675,-0.0034000000000000002
2024-06-18,0.7717,0.0055000000000000005
2024-06-19,0.7683,-0.0044
2024-06-20,0.766,-0.003
2024-06-21,0.7653,-0.0009
2024-06-24,0.7582,-0.009300000000000001
2024-06-25,0.7535,-0.0062
2024-06-26,0.7559,0.0032
2024-06-27,0.7462,-0.0128
2024-06-28,0.754,0.0105
2024-06-30,0.754,0.0
2024-07-01,0.762,0.0106
2024-07-02,0.7547,-0.0096
2024-07-03,0.7508,-0.0052
2024-07-04,0.7481,-0.0036
2024-07-05,0.7489,0.0011
2024-07-08,0.7464,-0.0033
2024-07-09,0.7573,0.0146
2024-07-10,0.7498,-0.009899999999999999
2024-07-11,0.759,0.0123
2024-07-12,0.7545,-0.0059
2024-07-15,0.755,0.0007000000000000001
2024-07-16,0.7603,0.006999999999999999
2024-07-17,0.7471,-0.0174
2024-07-18,0.7518,0.0063
2024-07-19,0.7496,-0.0029
2024-07-22,0.7458,-0.0051
2024-07-23,0.7273,-0.0248
2024-07-24,0.7236,-0.0051
2024-07-25,0.7153,-0.0115
2024-07-26,0.7239,0.012
2024-07-29,0.7209,-0.0040999999999999995
2024-07-30,0.7129,-0.0111
2024-07-31,0.7302,0.024300000000000002
2024-08-01,0.7248,-0.0074
2024-08-02,0.7132,-0.016
2024-08-05,0.6991,-0.019799999999999998
2024-08-06,0.701,0.0027
2024-08-07,0.7043,0.004699999999999999
2024-08-08,0.7016,-0.0038
2024-08-09,0.7005,-0.0016
2024-08-12,0.7016,0.0016
2024-08-13,0.7031,0.0021
2024-08-14,0.6968,-0.009000000000000001
2024-08-15,0.7016,0.0069
2024-08-16,0.7022,0.0009
2024-08-19,0.7057,0.005
2024-08-20,0.6974,-0.0118
2024-08-21,0.6965,-0.0013
2024-08-22,0.6955,-0.0014000000000000002
2024-08-23,0.6964,0.0013
2024-08-26,0.6956,-0.0011
2024-08-27,0.6929,-0.0039000000000000003
2024-08-28,0.6912,-0.0025
2024-08-29,0.6926,0.002
2024-08-30,0.6983,0.008199999999999999
2024-09-02,0.6928,-0.0079
2024-09-03,0.6954,0.0038
2024-09-04,0.6905,-0.006999999999999999
2024-09-05,0.6894,-0.0016
2024-09-06,0.6826,-0.009899999999999999
2024-09-09,0.6755,-0.0104
2024-09-10,0.6771,0.0024
2024-09-11,0.6786,0.0022
2024-09-12,0.6772,-0.0021
2024-09-13,0.6762,-0.0015
2024-09-18,0.6823,0.009000000000000001
2024-09-19,0.6856,0.0048
2024-09-20,0.6877,0.0031
2024-09-23,0.6898,0.0031
2024-09-24,0.7111,0.030899999999999997
2024-09-25,0.7137,0.0037
2024-09-26,0.7353,0.030299999999999997
2024-09-27,0.7586,0.0317
2024-09-30,0.818,0.0783
2024-10-08,0.8533,0.0432
2024-10-09,0.7982,-0.0646
2024-10-10,0.8108,0.0158
2024-10-11,0.7917,-0.0236
2024-10-14,0.8072,0.0196
2024-10-15,0.7868,-0.0253
2024-10-16,0.7802,-0.0084
2024-10-17,0.7737,-0.0083
2024-10-18,0.7967,0.0297
2024-10-21,0.8028,0.0077
2024-10-22,0.8057,0.0036
2024-10-23,0.805,-0.0009
2024-10-24,0.7996,-0.0067
2024-10-25,0.8041,0.005600000000000001
2024-10-28,0.8061,0.0025
2024-10-29,0.7961,-0.0124
2024-10-30,0.7932,-0.0036
2024-10-31,0.7889,-0.0054
2024-11-01,0.7866,-0.0029
2024-11-04,0.7981,0.0146
2024-11-05,0.8147,0.0208
2024-11-06,0.8071,-0.009300000000000001
2024-11-07,0.8187,0.0144
2024-11-08,0.8149,-0.0046
2024-11-11,0.8202,0.006500000000000001
2024-11-12,0.8117,-0.0104
2024-11-13,0.8185,0.0084
2024-11-14,0.8026,-0.0194
2024-11-15,0.7894,-0.016399999999999998
2024-11-18,0.7803,-0.0115
2024-11-19,0.7897,0.012
2024-11-20,0.7905,0.001
2024-11-21,0.7913,0.001
2024-11-22,0.7713,-0.0253
2024-11-25,0.768,-0.0043
2024-11-26,0.7648,-0.0042
2024-11-27,0.7763,0.015
2024-11-28,0.7675,-0.0113
2024-11-29,0.775,0.0098
2024-12-02,0.7827,0.009899999999999999
2024-12-03,0.7827,0.0
2024-12-04,0.7768,-0.0075
2024-12-05,0.775,-0.0023
2024-12-06,0.7833,0.010700000000000001
2024-12-09,0.7802,-0.004
2024-12-10,0.7859,0.0073
2024-12-11,0.79,0.0052
2024-12-12,0.7973,0.0092
2024-12-13,0.7825,-0.018600000000000002
2024-12-16,0.7755,-0.0089
2024-12-17,0.7773,0.0023
2024-12-18,0.7798,0.0032
2024-12-19,0.7826,0.0036
2024-12-20,0.7807,-0.0024
2024-12-23,0.7768,-0.005
2024-12-24,0.7855,0.011200000000000002
2024-12-25,0.7841,-0.0018
2024-12-26,0.7901,0.0077
2024-12-27,0.7859,-0.0053
2024-12-30,0.7881,0.0028000000000000004
2024-12-31,0.7759,-0.0155
2025-01-02,0.7599,-0.0206
2025-01-03,0.7516,-0.0109
2025-01-06,0.7512,-0.0005
2025-01-07,0.7635,0.016399999999999998
2025-01-08,0.7619,-0.0021
2025-01-09,0.7636,0.0022
2025-01-10,0.754,-0.0126
2025-01-13,0.7514,-0.0034000000000000002
2025-01-14,0.7708,0.0258
2025-01-15,0.7631,-0.01
2025-01-16,0.7634,0.0004
2025-01-17,0.7683,0.0064
2025-01-20,0.7744,0.0079
2025-01-21,0.7809,0.0084
2025-01-22,0.7769,-0.0051
2025-01-23,0.7698,-0.0091
2025-01-24,0.7805,0.0139
2025-01-27,0.7721,-0.0108
2025-02-05,0.7693,-0.0036
2025-02-06,0.7817,0.0161
2025-02-07,0.7933,0.0148
2025-02-10,0.7963,0.0038
2025-02-11,0.7932,-0.0039000000000000003
2025-02-12,0.8004,0.0091
2025-02-13,0.7881,-0.0154
2025-02-14,0.7943,0.0079
2025-02-17,0.7953,0.0013
2025-02-18,0.7853,-0.0126
2025-02-19,0.7949,0.012199999999999999
2025-02-20,0.7963,0.0018
2025-02-21,0.8173,0.0264
2025-02-24,0.8182,0.0011
2025-02-25,0.8087,-0.0116
2025-02-26,0.8128,0.0051
2025-02-27,0.8105,-0.0028000000000000004
2025-02-28,0.7864,-0.0297
2025-03-03,0.7816,-0.0060999999999999995
2025-03-04,0.7839,0.0029
2025-03-05,0.7895,0.0070999999999999995
2025-03-06,0.8055,0.0203
2025-03-07,0.7995,-0.0074
2025-03-10,0.8004,0.0011
2025-03-11,0.7992,-0.0015
2025-03-12,0.7988,-0.0005
2025-03-13,0.7943,-0.005600000000000001
2025-03-14,0.8116,0.0218
2025-03-17,0.8082,-0.0042
2025-03-18,0.8133,0.0063
2025-03-19,0.8109,-0.003
2025-03-20,0.8045,-0.0079
2025-03-21,0.7922,-0.015300000000000001
2025-03-24,0.7982,0.0076
2025-03-25,0.7922,-0.0075
2025-03-26,0.7902,-0.0025
2025-03-27,0.7911,0.0011
2025-03-28,0.786,-0.0064
2025-03-31,0.7818,-0.0053
2025-04-01,0.7822,0.0005
2025-04-02,0.7809,-0.0017000000000000001
2025-04-03,0.7686,-0.0158
2025-04-07,0.7154,-0.0692
2025-04-08,0.7172,0.0025
2025-04-09,0.7242,0.0098
2025-04-10,0.7388,0.0202
2025-04-11,0.7449,0.0083
2025-04-14,0.7508,0.0079
2025-04-15,0.7479,-0.0039000000000000003
2025-04-16,0.7462,-0.0023
2025-04-17,0.7458,-0.0005
2025-04-18,0.7446,-0.0016
2025-04-21,0.7533,0.011699999999999999
2025-04-22,0.7523,-0.0013
2025-04-23,0.7534,0.0015
2025-04-24,0.7507,-0.0036
2025-04-25,0.7526,0.0025
2025-04-28,0.7498,-0.0037
2025-04-29,0.7499,0.0001
2025-04-30,0.7497,-0.0003
2025-05-06,0.7592,0.0127
2025-05-07,0.7619,0.0036
2025-05-08,0.7636,0.0022
2025-05-09,0.7608,-0.0037
2025-05-12,0.7695,0.011399999999999999
2025-05-13,0.7683,-0.0016
2025-05-14,0.7751,0.0089
2025-05-15,0.7663,-0.011399999999999999
2025-05-16,0.7652,-0.0014000000000000002
2025-05-19,0.7641,-0.0014000000000000002
2025-05-20,0.7694,0.0069
2025-05-21,0.7757,0.008199999999999999
2025-05-22,0.7733,-0.0031
2025-05-23,0.7687,-0.0059
2025-05-26,0.767,-0.0022
2025-05-27,0.7603,-0.0087
2025-05-28,0.7612,0.0012
2025-05-29,0.7639,0.0034999999999999996
2025-05-30,0.76,-0.0051
2025-06-03,0.7632,0.0042
2025-06-04,0.7672,0.0052
2025-06-05,0.7665,-0.0009
2025-06-06,0.7674,0.0012
2025-06-09,0.7678,0.0005
2025-06-10,0.7647,-0.004
2025-06-11,0.7714,0.0088
2025-06-12,0.7736,0.0029
2025-06-13,0.7686,-0.006500000000000001
2025-06-16,0.77,0.0018
2025-06-17,0.7693,-0.0009
2025-06-18,0.7712,0.0025
2025-06-19,0.7649,-0.008199999999999999
2025-06-20,0.7645,-0.0005
2025-06-23,0.7674,0.0038
2025-06-24,0.7735,0.0079
2025-06-25,0.7834,0.0128
2025-06-26,0.7821,-0.0017000000000000001
2025-06-27,0.7831,0.0013
2025-06-30,0.7882,0.006500000000000001
2025-07-01,0.7907,0.0032
2025-07-02,0.7878,-0.0037
2025-07-03,0.7937,0.0075
2025-07-04,0.7954,0.0021
2025-07-07,0.7904,-0.0063
2025-07-08,0.8,0.0121
2025-07-09,0.7931,-0.0086
2025-07-10,0.7959,0.0034999999999999996
2025-07-11,0.7961,0.0003
2025-07-14,0.7976,0.0019
2025-07-15,0.8025,0.0060999999999999995
2025-07-16,0.7993,-0.004
2025-07-17,0.8081,0.011000000000000001
2025-07-18,0.8122,0.0051
2025-07-21,0.8207,0.0105
2025-07-22,0.8246,0.0048
2025-07-23,0.8246,0.0
2025-07-24,0.8338,0.011200000000000002
2025-07-25,0.8343,0.0006
2025-07-28,0.8369,0.0031
2025-07-29,0.8443,0.0088
2025-07-30,0.842,-0.0027
2025-07-31,0.8317,-0.012199999999999999
2025-08-01,0.825,-0.008100000000000001
2025-08-04,0.8326,0.0092
2025-08-05,0.8387,0.0073
2025-08-06,0.8435,0.005699999999999999
2025-08-07,0.8426,-0.0011
2025-08-08,0.842,-0.0007000000000000001
2025-08-11,0.8502,0.0097
2025-08-12,0.8637,0.0159
2025-08-13,0.8855,0.0252
2025-08-14,0.8852,-0.0003
2025-08-15,0.9037,0.0209
2025-08-18,0.9184,0.0163
2025-08-19,0.9183,-0.0001
2025-08-20,0.9258,0.008199999999999999
2025-08-21,0.9224,-0.0037
2025-08-22,0.9524,0.0325
2025-08-25,0.9814,0.0304
2025-08-26,0.977,-0.0045000000000000005
2025-08-27,0.9744,-0.0027
2025-08-28,1.0099,0.0364
2025-08-29,1.0122,0.0023
2025-09-01,1.0209,0.0086
2025-09-02,0.9864,-0.0338
2025-09-03,0.9791,-0.0074
2025-09-04,0.9395,-0.0404
2025-09-05,0.9666,0.0288
2025-09-08,0.9609,-0.0059
2025-09-09,0.9532,-0.008
2025-09-10,0.9598,0.0069
2025-09-11,0.9933,0.0349
2025-09-12,1.0016,0.0084
2025-09-15,1.0009,-0.0007000000000000001
2025-09-16,1.0019,0.001
2025-09-17,1.0136,0.011699999999999999
2025-09-18,1.0028,-0.010700000000000001
2025-09-19,1.0018,-0.001
2025-09-22,1.0175,0.015700000000000002
2025-09-23,1.0116,-0.0058
2025-09-24,1.0218,0.0101
2025-09-25,1.0346,0.0125
2025-09-26,1.0171,-0.0169
2025-09-29,1.0406,0.0231
2025-09-30,1.0548,0.013600000000000001
2025-10-09,1.0817,0.0255
2025-10-10,1.0473,-0.0318
2025-10-13,1.0486,0.0012
2025-10-14,1.0159,-0.031200000000000002
2025-10-15,1.0366,0.0204
2025-10-16,1.0288,-0.0075
2025-10-17,1.0006,-0.0274
2025-10-20,1.0052,0.0046
2025-10-21,1.0261,0.0208
2025-10-22,1.023,-0.003
2025-10-23,1.0221,-0.0009
2025-10-24,1.0496,0.0269
2025-10-27,1.0718,0.0212
2025-10-28,1.0622,-0.009000000000000001
2025-10-29,1.0891,0.0253
2025-10-30,1.0698,-0.0177
2025-10-31,1.045,-0.0232
2025-11-03,1.0434,-0.0015
2025-11-04,1.0272,-0.0155
2025-11-05,1.0276,0.0004
2025-11-06,1.061,0.0325
2025-11-07,1.0568,-0.004
2025-11-10,1.0537,-0.0029
2025-11-11,1.0373,-0.015600000000000001
2025-11-12,1.0399,0.0025
2025-11-13,1.0626,0.0218
2025-11-14,1.0386,-0.0226
2025-11-17,1.0337,-0.004699999999999999
2025-11-18,1.0165,-0.0166
2025-11-19,1.0282,0.0115
2025-11-20,1.0205,-0.0075
2025-11-21,0.9833,-0.0365
2025-11-24,0.9781,-0.0053
2025-11-25,0.9931,0.015300000000000001
2025-11-26,0.9977,0.0046
2025-11-27,0.9999,0.0022
2025-11-28,1.0082,0.0083
2025-12-01,1.0179,0.0096
2025-12-02,1.0089,-0.0088
2025-12-03,1.0105,0.0016
2025-12-04,1.0157,0.0051
2025-12-05,1.0352,0.0192
2025-12-08,1.0471,0.0115
2025-12-09,1.0351,-0.0115
2025-12-10,1.0384,0.0032
2025-12-11,1.0284,-0.0096
2025-12-12,1.0361,0.0075
2025-12-15,1.031,-0.0049
2025-12-16,1.0165,-0.0141
2025-12-17,1.0503,0.0333
2025-12-18,1.0429,-0.006999999999999999
2025-12-19,1.0514,0.008199999999999999
2025-12-22,1.0702,0.0179
2025-12-23,1.0799,0.0091
2025-12-24,1.0916,0.0108
2025-12-25,1.0893,-0.0021
2025-12-26,1.1063,0.015600000000000001
2025-12-29,1.0943,-0.0108
2025-12-30,1.1073,0.011899999999999999
2025-12-31,1.1046,-0.0024
2026-01-05,1.1296,0.0226
2026-01-06,1.1604,0.0273
2026-01-07,1.1598,-0.0005
2026-01-08,1.143,-0.014499999999999999
2026-01-09,1.1524,0.008199999999999999
2026-01-12,1.1515,-0.0008
2026-01-13,1.1513,-0.0002
2026-01-14,1.1621,0.009399999999999999
2026-01-15,1.1717,0.0083
2026-01-16,1.1131,-0.0074
2026-01-19,1.1222,0.008199999999999999
2026-01-20,1.1184,-0.0034000000000000002
2026-01-21,1.1359,0.015600000000000001
2026-01-22,1.1363,0.0004
2026-01-23,1.1418,0.0048
2026-01-26,1.1555,0.012
2026-01-27,1.1533,-0.0019
2026-01-28,1.186,0.028399999999999998
2026-01-29,1.1744,-0.0098
2026-01-30,1.1464,-0.023799999999999998
2026-02-02,1.0931,-0.04650000000000001
2026-02-03,1.1115,0.0168
2026-02-04,1.1151,0.0032
2026-02-05,1.0955,-0.0176
2026-02-06,1.0993,0.0034999999999999996
2026-02-09,1.1147,0.013999999999999999
2026-02-10,1.116,0.0012
2026-02-11,1.1229,0.0062
2026-02-12,1.1285,0.005
2026-02-13,1.1076,-0.018500000000000003
2026-02-24,1.1272,0.0177
2026-02-25,1.1448,0.015600000000000001
2026-02-26,1.1461,0.0011
2026-02-27,1.1543,0.0072
2026-03-02,1.1746,0.0176
2026-03-03,1.1379,-0.031200000000000002
2026-03-04,1.1255,-0.0109
2026-03-05,1.1379,0.011000000000000001
2026-03-06,1.1389,0.0009
2026-03-09,1.1169,-0.019299999999999998
2026-03-10,1.1296,0.011399999999999999
2026-03-11,1.135,0.0048
2026-03-12,1.1288,-0.0055000000000000005
2026-03-13,1.1187,-0.0089
2026-03-16,1.1026,-0.0144
2026-03-17,1.0857,-0.015300000000000001
2026-03-18,1.0869,0.0011
2026-03-19,1.0541,-0.0302
2026-03-20,1.0479,-0.0059
2026-03-23,1.0235,-0.0233
2026-03-24,1.0351,0.0113
2026-03-25,1.0527,0.017
2026-03-26,1.0453,-0.006999999999999999
2026-03-27,1.0615,0.0155
2026-03-30,1.0642,0.0025
2026-03-31,1.0474,-0.0158
2026-04-01,1.0613,0.013300000000000001
2026-04-02,1.0488,-0.0118
2026-04-03,1.0368,-0.011399999999999999
2026-04-07,1.0422,0.0052
2026-04-08,1.0724,0.028999999999999998
2026-04-09,1.0683,-0.0038
2026-04-10,1.0797,0.010700000000000001
2026-04-13,1.0806,0.0008
2026-04-14,1.0976,0.015700000000000002
2026-04-15,1.0893,-0.0076
2026-04-16,1.1054,0.0148
2026-04-17,1.0984,-0.0063
2026-04-20,1.1023,0.0036
2026-04-21,1.1063,0.0036
2026-04-22,1.1127,0.0058
2026-04-23,1.0984,-0.0129
2026-04-24,1.1069,0.0077
2026-04-27,1.1114,0.0040999999999999995
2026-04-28,1.103,-0.0076
2026-04-29,1.1325,0.026699999999999998
2026-04-30,1.1336,0.001
2026-05-06,1.1617,0.0248
2026-05-07,1.1556,-0.0053
2026-05-08,1.1426,-0.011200000000000002
2026-05-11,1.1519,0.008100000000000001
2026-05-12,1.1477,-0.0036
2026-05-13,1.1603,0.011000000000000001
2026-05-14,1.1328,-0.023700000000000002
2026-05-15,1.1176,-0.0134
2026-05-18,1.1139,-0.0033
2026-05-19,1.1138,-0.0001
2026-05-20,1.1213,0.0067
2026-05-21,1.1013,-0.0178
2026-05-22,1.1299,0.026000000000000002
2026-05-25,1.1422,0.0109
2026-05-26,1.1538,0.0102
2026-05-27,1.1405,-0.0115
2026-05-28,1.1394,-0.001
2026-05-29,1.1219,-0.0154
2026-06-01,1.1127,-0.008199999999999999
2026-06-02,1.1351,0.020099999999999996
2026-06-03,1.1425,0.006500000000000001
2026-06-04,1.1338,-0.0076
2026-06-05,1.1149,-0.0167
2026-06-08,1.0833,-0.028300000000000002
2026-06-09,1.1057,0.0207
2026-06-10,1.0941,-0.0105
2026-06-11,1.0919,-0.002
2026-06-12,1.1112,0.0177
2026-06-15,1.1443,0.0298
2026-06-16,1.1374,-0.006
2026-06-17,1.1472,0.0086
2026-06-18,1.14,-0.0063
2026-06-22,1.1736,0.029500000000000002
2026-06-23,1.1335,-0.0342
2026-06-24,1.1495,0.0141
2026-06-25,1.1556,0.0053
2026-06-26,1.126,-0.0256
2026-06-29,1.138,0.010700000000000001
2026-06-30,1.148,0.0088
2026-07-01,1.1526,0.004
2026-07-02,1.1285,-0.0209
2026-07-03,1.1262,-0.002
2026-07-06,1.1198,-0.005699999999999999
2026-07-07,1.1058,-0.0125
2026-07-08,1.0883,-0.0158
2026-07-09,1.1049,0.015300000000000001
2026-07-10,1.0842,-0.0187
2026-07-13,1.0649,-0.0178
2026-07-14,1.0888,0.022400000000000003
2026-07-15,1.0826,-0.005699999999999999
2026-07-16,1.0663,-0.0151
2026-07-17,1.04,-0.024700000000000003
2026-07-20,1.0516,0.011200000000000002
2026-07-21,1.0862,0.0329
2026-07-22,1.092,0.0053
2026-07-23,1.1041,0.0111
2026-07-24,1.0771,-0.0245
2026-07-27,1.0967,0.0182
2026-07-28,1.0667,-0.0274
2026-07-29,1.0797,0.012199999999999999
2026-07-30,1.0685,-0.0104
2026-07-31,1.077,0.008
