date,nav,ret
2011-06-16,1.0,0.0
2011-06-17,1.0,0.0
2011-06-24,1.0,0.0
2011-06-30,1.001,0.001
2011-07-01,1.001,0.0
2011-07-08,1.002,0.000999
2011-07-15,1.002,0.0
2011-07-22,1.003,0.000998
2011-07-25,1.003,0.0
2011-07-29,1.003,0.0
2011-08-01,1.003,0.0
2011-08-02,1.003,0.0
2011-08-03,1.003,0.0
2011-08-04,1.004,0.000997
2011-08-05,1.004,0.0
2011-08-08,0.998,-0.005976
2011-08-09,0.998,0.0
2011-08-10,1.004,0.006012
2011-08-11,1.009,0.00498
2011-08-12,1.013,0.003964
2011-08-15,1.018,0.004935999999999999
2011-08-16,1.017,-0.000982
2011-08-17,1.017,0.0
2011-08-18,1.01,-0.006883
2011-08-19,1.007,-0.00297
2011-08-22,1.005,-0.001986
2011-08-23,1.013,0.00796
2011-08-24,1.011,-0.001974
2011-08-25,1.02,0.008902
2011-08-26,1.021,0.00098
2011-08-29,1.015,-0.005877
2011-08-30,1.012,-0.002956
2011-08-31,1.01,-0.001976
2011-09-01,1.007,-0.00297
2011-09-02,1.0,-0.006951000000000001
2011-09-05,0.985,-0.015
2011-09-06,0.982,-0.0030459999999999997
2011-09-07,0.997,0.015275
2011-09-08,0.99,-0.0070209999999999995
2011-09-09,0.986,-0.00404
2011-09-13,0.976,-0.010142
2011-09-14,0.987,0.01127
2011-09-15,0.988,0.001013
2011-09-16,0.989,0.0010119999999999999
2011-09-19,0.975,-0.014156
2011-09-20,0.98,0.005128000000000001
2011-09-21,0.998,0.018367
2011-09-22,0.98,-0.018036
2011-09-23,0.978,-0.002041
2011-09-26,0.97,-0.00818
2011-09-27,0.973,0.0030930000000000003
2011-09-28,0.957,-0.016444
2011-09-29,0.933,-0.025078
2011-09-30,0.931,-0.002144
2011-10-10,0.928,-0.003222
2011-10-11,0.928,0.0
2011-10-12,0.956,0.030171999999999997
2011-10-13,0.964,0.008368
2011-10-14,0.965,0.001037
2011-10-17,0.965,0.0
2011-10-18,0.936,-0.030052
2011-10-19,0.936,0.0
2011-10-20,0.914,-0.023504
2011-10-21,0.902,-0.013129
2011-10-24,0.914,0.013304
2011-10-25,0.932,0.019694
2011-10-26,0.935,0.003219
2011-10-27,0.936,0.00107
2011-10-28,0.954,0.019231
2011-10-31,0.958,0.004193
2011-11-01,0.951,-0.007307
2011-11-02,0.957,0.006309
2011-11-03,0.961,0.00418
2011-11-04,0.969,0.008325
2011-11-07,0.963,-0.006192
2011-11-08,0.956,-0.007269
2011-11-09,0.963,0.0073219999999999995
2011-11-10,0.953,-0.010384
2011-11-11,0.953,0.0
2011-11-14,0.973,0.020985999999999998
2011-11-15,0.979,0.0061660000000000005
2011-11-16,0.955,-0.024515
2011-11-17,0.954,-0.001047
2011-11-18,0.932,-0.023060999999999998
2011-11-21,0.935,0.003219
2011-11-22,0.936,0.00107
2011-11-23,0.931,-0.005342
2011-11-24,0.929,-0.0021479999999999997
2011-11-25,0.927,-0.002153
2011-11-28,0.927,0.0
2011-11-29,0.939,0.012945
2011-11-30,0.903,-0.038339
2011-12-01,0.919,0.017719
2011-12-02,0.904,-0.016322
2011-12-05,0.88,-0.026549
2011-12-06,0.879,-0.001136
2011-12-07,0.882,0.003413
2011-12-08,0.882,0.0
2011-12-09,0.874,-0.00907
2011-12-12,0.867,-0.008008999999999999
2011-12-13,0.84,-0.031142
2011-12-14,0.828,-0.014286
2011-12-15,0.808,-0.024155000000000003
2011-12-16,0.824,0.019802
2011-12-19,0.822,-0.002427
2011-12-20,0.821,-0.001217
2011-12-21,0.808,-0.015834
2011-12-22,0.795,-0.016089
2011-12-23,0.8,0.006289
2011-12-26,0.797,-0.00375
2011-12-27,0.778,-0.023839000000000003
2011-12-28,0.769,-0.011568
2011-12-29,0.769,0.0
2011-12-30,0.781,0.015605
2011-12-31,0.781,0.0
2012-01-04,0.766,-0.019206
2012-01-05,0.742,-0.031332
2012-01-06,0.742,0.0
2012-01-09,0.77,0.037736
2012-01-10,0.799,0.037662
2012-01-11,0.796,-0.003755
2012-01-12,0.796,0.0
2012-01-13,0.767,-0.036432
2012-01-16,0.748,-0.024772
2012-01-17,0.783,0.046791
2012-01-18,0.767,-0.020434
2012-01-19,0.774,0.009126
2012-01-20,0.784,0.012920000000000001
2012-01-30,0.778,-0.007653
2012-01-31,0.777,-0.0012850000000000001
2012-02-01,0.77,-0.009009
2012-02-02,0.783,0.016883
2012-02-03,0.794,0.014049
2012-02-06,0.802,0.010076
2012-02-07,0.787,-0.018703
2012-02-08,0.805,0.022872
2012-02-09,0.81,0.0062109999999999995
2012-02-10,0.816,0.007407
2012-02-13,0.821,0.0061270000000000005
2012-02-14,0.822,0.0012180000000000001
2012-02-15,0.835,0.015815
2012-02-16,0.839,0.00479
2012-02-17,0.835,-0.004768
2012-02-20,0.835,0.0
2012-02-21,0.846,0.013173999999999998
2012-02-22,0.86,0.016548
2012-02-23,0.863,0.0034879999999999998
2012-02-24,0.875,0.013905
2012-02-27,0.874,-0.001143
2012-02-28,0.868,-0.006865
2012-02-29,0.86,-0.009217
2012-03-01,0.867,0.00814
2012-03-02,0.883,0.018453999999999998
2012-03-05,0.887,0.00453
2012-03-06,0.884,-0.003382
2012-03-07,0.882,-0.002262
2012-03-08,0.897,0.017007
2012-03-09,0.912,0.016722
2012-03-12,0.914,0.002193
2012-03-13,0.92,0.006565
2012-03-14,0.88,-0.043478
2012-03-15,0.868,-0.013635999999999999
2012-03-16,0.888,0.023041
2012-03-19,0.901,0.01464
2012-03-20,0.89,-0.012209000000000001
2012-03-21,0.893,0.0033710000000000003
2012-03-22,0.892,-0.0011200000000000001
2012-03-23,0.872,-0.022422
2012-03-26,0.87,-0.002294
2012-03-27,0.867,-0.003448
2012-03-28,0.83,-0.042676
2012-03-29,0.821,-0.010843
2012-03-30,0.821,0.0
2012-03-31,0.821,0.0
2012-04-05,0.848,0.032887
2012-04-06,0.851,0.003538
2012-04-09,0.844,-0.008226
2012-04-10,0.855,0.013033
2012-04-11,0.859,0.004678
2012-04-12,0.877,0.020954999999999998
2012-04-13,0.883,0.006842
2012-04-16,0.887,0.00453
2012-04-17,0.876,-0.012401
2012-04-18,0.893,0.019406
2012-04-19,0.891,-0.0022400000000000002
2012-04-20,0.904,0.01459
2012-04-23,0.898,-0.006637
2012-04-24,0.891,-0.007795
2012-04-25,0.906,0.016835
2012-04-26,0.9,-0.006623
2012-04-27,0.89,-0.011111
2012-05-02,0.902,0.013483
2012-05-03,0.905,0.003326
2012-05-04,0.908,0.0033150000000000002
2012-05-07,0.916,0.008811
2012-05-08,0.917,0.001092
2012-05-09,0.901,-0.017447999999999998
2012-05-10,0.904,0.00333
2012-05-11,0.9,-0.004425
2012-05-14,0.901,0.001111
2012-05-15,0.9,-0.00111
2012-05-16,0.888,-0.013333
2012-05-17,0.898,0.011261
2012-05-18,0.885,-0.014477
2012-05-21,0.879,-0.0067800000000000004
2012-05-22,0.891,0.013652
2012-05-23,0.886,-0.005612000000000001
2012-05-24,0.882,-0.004515
2012-05-25,0.868,-0.015872999999999998
2012-05-28,0.878,0.011520999999999998
2012-05-29,0.893,0.017084
2012-05-30,0.895,0.0022400000000000002
2012-05-31,0.895,0.0
2012-06-01,0.894,-0.001117
2012-06-04,0.867,-0.030201
2012-06-05,0.866,-0.001153
2012-06-06,0.864,-0.002309
2012-06-07,0.862,-0.0023150000000000002
2012-06-08,0.859,-0.0034799999999999996
2012-06-11,0.873,0.016298
2012-06-12,0.868,-0.0057269999999999995
2012-06-13,0.883,0.017281
2012-06-14,0.882,-0.001133
2012-06-15,0.883,0.001134
2012-06-18,0.891,0.00906
2012-06-19,0.885,-0.006734
2012-06-20,0.884,-0.00113
2012-06-21,0.873,-0.012443
2012-06-25,0.848,-0.028637000000000003
2012-06-26,0.846,-0.0023580000000000003
2012-06-27,0.843,-0.003546
2012-06-28,0.838,-0.005931
2012-06-29,0.85,0.01432
2012-06-30,0.85,0.0
2012-07-02,0.858,0.009412
2012-07-03,0.864,0.006993
2012-07-04,0.861,-0.0034720000000000003
2012-07-05,0.845,-0.018583000000000002
2012-07-06,0.861,0.018935
2012-07-09,0.843,-0.020905999999999998
2012-07-10,0.838,-0.005931
2012-07-11,0.847,0.010740000000000001
2012-07-12,0.858,0.012987
2012-07-13,0.854,-0.004662
2012-07-16,0.827,-0.031616
2012-07-17,0.83,0.003628
2012-07-18,0.84,0.012048000000000001
2012-07-19,0.849,0.010714
2012-07-20,0.842,-0.008245
2012-07-23,0.838,-0.004751
2012-07-24,0.844,0.00716
2012-07-25,0.839,-0.0059240000000000004
2012-07-26,0.832,-0.008343
2012-07-27,0.83,-0.002404
2012-07-30,0.815,-0.018071999999999998
2012-07-31,0.798,-0.020859000000000003
2012-08-01,0.811,0.016291
2012-08-02,0.806,-0.006165
2012-08-03,0.823,0.021092
2012-08-06,0.842,0.023086000000000002
2012-08-07,0.853,0.013064
2012-08-08,0.855,0.002345
2012-08-09,0.865,0.011696
2012-08-10,0.863,-0.002312
2012-08-13,0.851,-0.013905
2012-08-14,0.859,0.009401
2012-08-15,0.851,-0.009313
2012-08-16,0.846,-0.005875
2012-08-17,0.844,-0.0023639999999999998
2012-08-20,0.85,0.007109
2012-08-21,0.863,0.015294
2012-08-22,0.857,-0.006952000000000001
2012-08-23,0.862,0.005834000000000001
2012-08-24,0.843,-0.022042000000000003
2012-08-27,0.826,-0.020166
2012-08-28,0.833,0.008475
2012-08-29,0.829,-0.004802
2012-08-30,0.816,-0.015682
2012-08-31,0.819,0.003676
2012-09-03,0.832,0.015872999999999998
2012-09-04,0.824,-0.009615
2012-09-05,0.828,0.004854
2012-09-06,0.837,0.01087
2012-09-07,0.864,0.032258
2012-09-10,0.872,0.009259
2012-09-11,0.871,-0.001147
2012-09-12,0.877,0.006888999999999999
2012-09-13,0.866,-0.012543
2012-09-14,0.867,0.001155
2012-09-17,0.845,-0.025375
2012-09-18,0.843,-0.0023669999999999997
2012-09-19,0.85,0.008304
2012-09-20,0.825,-0.029411999999999997
2012-09-21,0.817,-0.009697
2012-09-24,0.823,0.007344000000000001
2012-09-25,0.818,-0.0060750000000000005
2012-09-26,0.795,-0.028117
2012-09-27,0.809,0.01761
2012-09-28,0.822,0.016069
2012-09-30,0.821,-0.001217
2012-10-08,0.818,-0.003654
2012-10-09,0.839,0.025672
2012-10-10,0.849,0.011918999999999999
2012-10-11,0.833,-0.018846
2012-10-12,0.832,-0.0012
2012-10-15,0.825,-0.008413
2012-10-16,0.827,0.002424
2012-10-17,0.83,0.003628
2012-10-18,0.844,0.016867
2012-10-19,0.84,-0.004739
2012-10-22,0.845,0.005952
2012-10-23,0.839,-0.007101
2012-10-24,0.839,0.0
2012-10-25,0.829,-0.011918999999999999
2012-10-26,0.812,-0.020507
2012-10-29,0.814,0.002463
2012-10-30,0.816,0.002457
2012-10-31,0.82,0.004902
2012-11-01,0.832,0.014634000000000001
2012-11-02,0.836,0.004808
2012-11-05,0.831,-0.005980999999999999
2012-11-06,0.822,-0.01083
2012-11-07,0.821,-0.001217
2012-11-08,0.805,-0.019488000000000002
2012-11-09,0.801,-0.004969
2012-11-12,0.806,0.006242
2012-11-13,0.79,-0.019851
2012-11-14,0.791,0.001266
2012-11-15,0.775,-0.020228000000000003
2012-11-16,0.771,-0.005161
2012-11-19,0.773,0.0025940000000000004
2012-11-20,0.77,-0.003881
2012-11-21,0.78,0.012987
2012-11-22,0.77,-0.012821
2012-11-23,0.774,0.005195
2012-11-26,0.766,-0.010336000000000001
2012-11-27,0.733,-0.043080999999999994
2012-11-28,0.716,-0.023192
2012-11-29,0.706,-0.013966000000000001
2012-11-30,0.716,0.014164000000000001
2012-12-03,0.696,-0.027933
2012-12-04,0.703,0.010057
2012-12-05,0.729,0.036983999999999996
2012-12-06,0.727,-0.0027429999999999998
2012-12-07,0.742,0.020633
2012-12-10,0.753,0.014825
2012-12-11,0.751,-0.002656
2012-12-12,0.75,-0.001332
2012-12-13,0.743,-0.009333000000000001
2012-12-14,0.769,0.034992999999999996
2012-12-17,0.772,0.003901
2012-12-18,0.769,-0.003886
2012-12-19,0.776,0.009103
2012-12-20,0.779,0.003866
2012-12-21,0.781,0.002567
2012-12-24,0.786,0.006402
2012-12-25,0.804,0.022900999999999998
2012-12-26,0.818,0.017413
2012-12-27,0.811,-0.008557
2012-12-28,0.818,0.008631
2012-12-31,0.825,0.008557
2013-01-04,0.824,-0.001212
2013-01-07,0.834,0.012136000000000001
2013-01-08,0.844,0.01199
2013-01-09,0.843,-0.0011849999999999999
2013-01-10,0.846,0.003559
2013-01-11,0.829,-0.020095000000000002
2013-01-14,0.858,0.034982
2013-01-15,0.871,0.015152
2013-01-16,0.872,0.001148
2013-01-17,0.87,-0.002294
2013-01-18,0.881,0.012643999999999999
2013-01-21,0.89,0.010216000000000001
2013-01-22,0.872,-0.020225
2013-01-23,0.875,0.00344
2013-01-24,0.854,-0.024
2013-01-25,0.856,0.002342
2013-01-28,0.878,0.025701
2013-01-29,0.889,0.012528
2013-01-30,0.89,0.0011250000000000001
2013-01-31,0.885,-0.005618
2013-02-01,0.887,0.00226
2013-02-04,0.882,-0.005637
2013-02-05,0.89,0.00907
2013-02-06,0.892,0.0022470000000000003
2013-02-07,0.895,0.0033629999999999997
2013-02-08,0.91,0.01676
2013-02-18,0.915,0.005495
2013-02-19,0.9,-0.016393
2013-02-20,0.918,0.02
2013-02-21,0.907,-0.011982999999999999
2013-02-22,0.906,-0.001103
2013-02-25,0.911,0.005519
2013-02-26,0.904,-0.007684
2013-02-27,0.901,-0.003319
2013-02-28,0.913,0.013319000000000001
2013-03-01,0.924,0.012048000000000001
2013-03-04,0.895,-0.031385
2013-03-05,0.914,0.021229
2013-03-06,0.932,0.019694
2013-03-07,0.922,-0.01073
2013-03-08,0.919,-0.0032540000000000004
2013-03-11,0.918,-0.001088
2013-03-12,0.898,-0.021786
2013-03-13,0.893,-0.005568
2013-03-14,0.896,0.0033589999999999996
2013-03-15,0.899,0.003348
2013-03-18,0.889,-0.011123000000000001
2013-03-19,0.891,0.0022500000000000003
2013-03-20,0.914,0.025814
2013-03-21,0.924,0.010941000000000001
2013-03-22,0.925,0.001082
2013-03-25,0.925,0.0
2013-03-26,0.92,-0.005405
2013-03-27,0.924,0.004348
2013-03-28,0.897,-0.029221
2013-03-29,0.896,-0.001115
2013-04-01,0.902,0.006696
2013-04-02,0.891,-0.012195000000000001
2013-04-03,0.881,-0.011223
2013-04-08,0.881,0.0
2013-04-09,0.891,0.011351
2013-04-10,0.885,-0.006734
2013-04-11,0.884,-0.00113
2013-04-12,0.875,-0.010181
2013-04-15,0.865,-0.011429
2013-04-16,0.876,0.012717000000000001
2013-04-17,0.883,0.007991
2013-04-18,0.886,0.003398
2013-04-19,0.903,0.019187
2013-04-22,0.906,0.003322
2013-04-23,0.881,-0.027593999999999997
2013-04-24,0.901,0.022701
2013-04-25,0.889,-0.013319000000000001
2013-04-26,0.874,-0.016873
2013-05-02,0.879,0.005721
2013-05-03,0.899,0.022753000000000002
2013-05-06,0.911,0.013348
2013-05-07,0.911,0.0
2013-05-08,0.919,0.008782
2013-05-09,0.916,-0.0032640000000000004
2013-05-10,0.924,0.008733999999999999
2013-05-13,0.93,0.006494
2013-05-14,0.915,-0.016129
2013-05-15,0.928,0.014208
2013-05-16,0.935,0.007542999999999999
2013-05-17,0.946,0.011765000000000001
2013-05-20,0.962,0.016913
2013-05-21,0.97,0.008316
2013-05-22,0.961,-0.009278
2013-05-23,0.956,-0.005203
2013-05-24,0.968,0.012552
2013-05-27,0.98,0.012397
2013-05-28,0.978,-0.002041
2013-05-29,0.985,0.007157
2013-05-30,0.989,0.004061
2013-05-31,0.986,-0.003033
2013-06-03,0.98,-0.006085
2013-06-04,0.965,-0.015306
2013-06-05,0.968,0.0031090000000000002
2013-06-06,0.952,-0.016529000000000002
2013-06-07,0.937,-0.015756
2013-06-13,0.918,-0.020277
2013-06-14,0.933,0.01634
2013-06-17,0.934,0.001072
2013-06-18,0.938,0.004283
2013-06-19,0.932,-0.006397000000000001
2013-06-20,0.906,-0.027896999999999998
2013-06-21,0.905,-0.001104
2013-06-24,0.857,-0.053038999999999996
2013-06-25,0.862,0.005834000000000001
2013-06-26,0.875,0.015081
2013-06-27,0.857,-0.020571000000000002
2013-06-28,0.855,-0.002334
2013-06-30,0.855,0.0
2013-07-01,0.873,0.021053000000000002
2013-07-02,0.886,0.014891000000000001
2013-07-03,0.887,0.001129
2013-07-04,0.892,0.005637
2013-07-05,0.886,-0.006725999999999999
2013-07-08,0.857,-0.032730999999999996
2013-07-09,0.862,0.005834000000000001
2013-07-10,0.882,0.023201999999999997
2013-07-11,0.903,0.023809999999999998
2013-07-12,0.897,-0.006645
2013-07-15,0.916,0.021182
2013-07-16,0.93,0.015283999999999999
2013-07-17,0.92,-0.010752999999999999
2013-07-18,0.918,-0.002174
2013-07-19,0.901,-0.018519
2013-07-22,0.915,0.015538000000000001
2013-07-23,0.939,0.026230000000000003
2013-07-24,0.947,0.00852
2013-07-25,0.929,-0.019007
2013-07-26,0.931,0.002153
2013-07-29,0.914,-0.018260000000000002
2013-07-30,0.912,-0.002188
2013-07-31,0.917,0.005482
2013-08-01,0.942,0.027263000000000003
2013-08-02,0.945,0.003185
2013-08-05,0.958,0.013756999999999998
2013-08-06,0.971,0.01357
2013-08-07,0.958,-0.013388
2013-08-08,0.96,0.002088
2013-08-09,0.96,0.0
2013-08-12,0.971,0.011458
2013-08-13,0.977,0.0061790000000000005
2013-08-14,0.973,-0.0040939999999999995
2013-08-15,0.961,-0.012333
2013-08-16,0.943,-0.01873
2013-08-19,0.962,0.020148000000000003
2013-08-20,0.963,0.00104
2013-08-21,0.969,0.0062309999999999996
2013-08-22,0.971,0.002064
2013-08-23,0.967,-0.004119
2013-08-26,0.985,0.018614
2013-08-27,0.993,0.008122
2013-08-28,0.981,-0.012084999999999999
2013-08-29,0.98,-0.001019
2013-08-30,0.962,-0.018367
2013-09-02,0.966,0.004158
2013-09-03,0.979,0.013458000000000001
2013-09-04,0.975,-0.004086
2013-09-05,0.976,0.001026
2013-09-06,0.98,0.004098
2013-09-09,0.985,0.005102
2013-09-10,0.989,0.004061
2013-09-11,0.984,-0.005056000000000001
2013-09-12,0.983,-0.001016
2013-09-13,0.986,0.0030520000000000005
2013-09-16,0.988,0.0020280000000000003
2013-09-17,0.972,-0.016194
2013-09-18,0.977,0.005143999999999999
2013-09-23,0.997,0.020471
2013-09-24,0.997,0.0
2013-09-25,0.994,-0.003009
2013-09-26,0.979,-0.015091
2013-09-27,0.98,0.001021
2013-09-30,0.987,0.007143
2013-10-08,1.001,0.014184
2013-10-09,1.009,0.007992
2013-10-10,1.005,-0.003964
2013-10-11,1.025,0.0199
2013-10-14,1.043,0.017561
2013-10-15,1.043,0.0
2013-10-16,1.022,-0.020134
2013-10-17,1.022,0.0
2013-10-18,1.027,0.0048920000000000005
2013-10-21,1.049,0.021422
2013-10-22,1.047,-0.001907
2013-10-23,1.027,-0.019101999999999997
2013-10-24,1.025,-0.0019470000000000002
2013-10-25,1.01,-0.014634000000000001
2013-10-28,1.011,0.00099
2013-10-29,0.99,-0.020772
2013-10-30,1.009,0.019192
2013-10-31,0.998,-0.010902
2013-11-01,0.994,-0.004008
2013-11-04,0.999,0.00503
2013-11-05,1.006,0.007007
2013-11-06,0.998,-0.007952
2013-11-07,0.987,-0.011022
2013-11-08,0.974,-0.013170999999999999
2013-11-11,0.982,0.008214
2013-11-12,0.987,0.005092
2013-11-13,0.971,-0.016211
2013-11-14,0.983,0.012358000000000001
2013-11-15,0.999,0.016277
2013-11-18,1.017,0.018018
2013-11-19,1.021,0.003933
2013-11-20,1.027,0.005877
2013-11-21,1.023,-0.003895
2013-11-22,1.021,-0.001955
2013-11-25,1.024,0.002938
2013-11-26,1.026,0.001953
2013-11-27,1.034,0.007796999999999999
2013-11-28,1.046,0.011605
2013-11-29,1.053,0.006692
2013-12-02,1.012,-0.038936
2013-12-03,1.039,0.026680000000000002
2013-12-04,1.058,0.018287
2013-12-05,1.061,0.002836
2013-12-06,1.057,-0.00377
2013-12-09,1.068,0.010407
2013-12-10,1.072,0.003745
2013-12-11,1.062,-0.009328
2013-12-12,1.069,0.0065910000000000005
2013-12-13,1.075,0.005613
2013-12-16,1.06,-0.013953
2013-12-17,1.05,-0.009434
2013-12-18,1.051,0.000952
2013-12-19,1.043,-0.007612
2013-12-20,1.029,-0.013423000000000001
2013-12-23,1.033,0.003887
2013-12-24,1.041,0.007744
2013-12-25,1.056,0.014409
2013-12-26,1.041,-0.014205
2013-12-27,1.057,0.01537
2013-12-30,1.058,0.000946
2013-12-31,1.058,0.0
2014-01-02,1.064,0.005671000000000001
2014-01-03,1.057,-0.006579000000000001
2014-01-06,1.03,-0.025543999999999997
2014-01-07,1.039,0.008738000000000001
2014-01-08,1.039,0.0
2014-01-09,1.02,-0.018287
2014-01-10,1.005,-0.014705999999999999
2014-01-13,1.005,0.0
2014-01-14,1.021,0.01592
2014-01-15,1.031,0.009794
2014-01-16,1.033,0.00194
2014-01-17,1.023,-0.009681
2014-01-20,1.015,-0.00782
2014-01-21,1.028,0.012808
2014-01-22,1.049,0.020428
2014-01-23,1.056,0.006673
2014-01-24,1.063,0.006629
2014-01-27,1.058,-0.004704
2014-01-28,1.058,0.0
2014-01-29,1.064,0.005671000000000001
2014-01-30,1.056,-0.0075190000000000005
2014-02-07,1.071,0.014205
2014-02-10,1.103,0.029879
2014-02-11,1.105,0.001813
2014-02-12,1.119,0.012669999999999999
2014-02-13,1.103,-0.014298
2014-02-14,1.123,0.018132
2014-02-17,1.144,0.0187
2014-02-18,1.141,-0.0026219999999999998
2014-02-19,1.141,0.0
2014-02-20,1.128,-0.011394
2014-02-21,1.116,-0.010638000000000002
2014-02-24,1.11,-0.005376
2014-02-25,1.072,-0.034234
2014-02-26,1.076,0.003731
2014-02-27,1.063,-0.012081999999999999
2014-02-28,1.073,0.009407
2014-03-03,1.089,0.014911
2014-03-04,1.087,-0.001837
2014-03-05,1.081,-0.005520000000000001
2014-03-06,1.087,0.00555
2014-03-07,1.089,0.00184
2014-03-10,1.058,-0.028466
2014-03-11,1.061,0.002836
2014-03-12,1.056,-0.004713
2014-03-13,1.065,0.008523
2014-03-14,1.06,-0.0046949999999999995
2014-03-17,1.083,0.021698
2014-03-18,1.081,-0.0018470000000000001
2014-03-19,1.073,-0.007401
2014-03-20,1.046,-0.025163
2014-03-21,1.061,0.014339999999999999
2014-03-24,1.061,0.0
2014-03-25,1.064,0.002828
2014-03-26,1.067,0.0028199999999999996
2014-03-27,1.059,-0.007498
2014-03-28,1.051,-0.007554
2014-03-31,1.051,0.0
2014-04-01,1.063,0.011418
2014-04-02,1.062,-0.000941
2014-04-03,1.061,-0.000942
2014-04-04,1.074,0.012253
2014-04-08,1.086,0.011172999999999999
2014-04-09,1.09,0.003683
2014-04-10,1.088,-0.001835
2014-04-11,1.089,0.000919
2014-04-14,1.096,0.0064280000000000006
2014-04-15,1.087,-0.008212
2014-04-16,1.087,0.0
2014-04-17,1.085,-0.00184
2014-04-18,1.084,-0.0009220000000000001
2014-04-21,1.068,-0.01476
2014-04-22,1.063,-0.004682
2014-04-23,1.063,0.0
2014-04-24,1.057,-0.005644
2014-04-25,1.035,-0.020814
2014-04-28,1.012,-0.022222
2014-04-29,1.024,0.011858
2014-04-30,1.031,0.006836
2014-05-05,1.034,0.00291
2014-05-06,1.039,0.004836
2014-05-07,1.023,-0.015399000000000001
2014-05-08,1.024,0.000978
2014-05-09,1.016,-0.007813
2014-05-12,1.036,0.019684999999999998
2014-05-13,1.031,-0.0048259999999999996
2014-05-14,1.03,-0.00097
2014-05-15,1.011,-0.018447
2014-05-16,1.011,0.0
2014-05-19,1.003,-0.007913
2014-05-20,1.004,0.000997
2014-05-21,1.017,0.012948
2014-05-22,1.014,-0.00295
2014-05-23,1.019,0.004931
2014-05-26,1.028,0.008832
2014-05-27,1.027,-0.000973
2014-05-28,1.033,0.005842000000000001
2014-05-29,1.027,-0.005808
2014-05-30,1.024,-0.0029210000000000004
2014-06-03,1.022,-0.001953
2014-06-04,1.012,-0.009785
2014-06-05,1.021,0.008893
2014-06-06,1.018,-0.002938
2014-06-09,1.017,-0.000982
2014-06-10,1.029,0.011798999999999999
2014-06-11,1.032,0.0029149999999999996
2014-06-12,1.029,-0.0029070000000000003
2014-06-13,1.039,0.009718
2014-06-16,1.044,0.004812
2014-06-17,1.037,-0.006705
2014-06-18,1.03,-0.006750000000000001
2014-06-19,1.014,-0.015534
2014-06-20,1.021,0.006903
2014-06-23,1.028,0.006856
2014-06-24,1.037,0.008754999999999999
2014-06-25,1.032,-0.004822
2014-06-26,1.045,0.012597
2014-06-27,1.051,0.005742000000000001
2014-06-30,1.058,0.00666
2014-07-01,1.062,0.003781
2014-07-02,1.07,0.007533
2014-07-03,1.076,0.005607
2014-07-04,1.076,0.0
2014-07-07,1.074,-0.0018590000000000002
2014-07-08,1.079,0.004655
2014-07-09,1.062,-0.015754999999999998
2014-07-10,1.063,0.000942
2014-07-11,1.072,0.008467
2014-07-14,1.091,0.017724
2014-07-15,1.093,0.001833
2014-07-16,1.099,0.005489000000000001
2014-07-17,1.094,-0.00455
2014-07-18,1.103,0.008227
2014-07-21,1.101,-0.001813
2014-07-22,1.116,0.013624
2014-07-23,1.118,0.001792
2014-07-24,1.138,0.017889
2014-07-25,1.143,0.004394
2014-07-28,1.157,0.012248000000000002
2014-07-29,1.158,0.0008640000000000001
2014-07-30,1.152,-0.005181
2014-07-31,1.16,0.0069440000000000005
2014-08-01,1.15,-0.008621
2014-08-04,1.167,0.014783
2014-08-05,1.17,0.002571
2014-08-06,1.17,0.0
2014-08-07,1.159,-0.009402
2014-08-08,1.166,0.00604
2014-08-11,1.185,0.016295
2014-08-12,1.188,0.002532
2014-08-13,1.191,0.002525
2014-08-14,1.181,-0.008396
2014-08-15,1.19,0.007621
2014-08-18,1.199,0.007562999999999999
2014-08-19,1.197,-0.001668
2014-08-20,1.199,0.001671
2014-08-21,1.195,-0.003336
2014-08-22,1.202,0.0058579999999999995
2014-08-25,1.195,-0.005824
2014-08-26,1.178,-0.014226
2014-08-27,1.18,0.001698
2014-08-28,1.171,-0.007627
2014-08-29,1.179,0.006832
2014-09-01,1.192,0.011026000000000001
2014-09-02,1.205,0.010906
2014-09-03,1.211,0.004979
2014-09-04,1.219,0.006606
2014-09-05,1.223,0.003281
2014-09-09,1.224,0.0008179999999999999
2014-09-10,1.221,-0.002451
2014-09-11,1.218,-0.002457
2014-09-12,1.228,0.00821
2014-09-15,1.236,0.006515
2014-09-16,1.217,-0.015371999999999999
2014-09-17,1.236,0.015612
2014-09-18,1.234,-0.001618
2014-09-19,1.24,0.004862
2014-09-22,1.219,-0.016935
2014-09-23,1.232,0.010664
2014-09-24,1.252,0.016234
2014-09-25,1.252,0.0
2014-09-26,1.255,0.002396
2014-09-29,1.268,0.010359
2014-09-30,1.274,0.004732
2014-10-08,1.287,0.010204
2014-10-09,1.295,0.006216
2014-10-10,1.295,0.0
2014-10-13,1.294,-0.000772
2014-10-14,1.29,-0.003091
2014-10-15,1.29,0.0
2014-10-16,1.275,-0.011628000000000001
2014-10-17,1.26,-0.011765000000000001
2014-10-20,1.272,0.009524
2014-10-21,1.263,-0.0070750000000000006
2014-10-22,1.247,-0.012667999999999999
2014-10-23,1.229,-0.014435
2014-10-24,1.232,0.002441
2014-10-27,1.224,-0.006494
2014-10-28,1.257,0.026961
2014-10-29,1.279,0.017502
2014-10-30,1.293,0.010946000000000001
2014-10-31,1.301,0.006187000000000001
2014-11-03,1.318,0.013067
2014-11-04,1.351,0.025038
2014-11-05,1.347,-0.0029609999999999997
2014-11-06,1.359,0.008909
2014-11-07,1.346,-0.009566
2014-11-10,1.369,0.017088000000000002
2014-11-11,1.344,-0.018262
2014-11-12,1.362,0.013392999999999999
2014-11-13,1.35,-0.008811
2014-11-14,1.349,-0.000741
2014-11-17,1.346,-0.002224
2014-11-18,1.354,0.0059440000000000005
2014-11-19,1.361,0.00517
2014-11-20,1.36,-0.000735
2014-11-21,1.376,0.011765000000000001
2014-11-24,1.399,0.016715
2014-11-25,1.414,0.010722
2014-11-26,1.416,0.001414
2014-11-27,1.427,0.007768000000000001
2014-11-28,1.435,0.005606
2014-12-01,1.42,-0.010452999999999999
2014-12-02,1.44,0.014085
2014-12-03,1.446,0.0041670000000000006
2014-12-04,1.464,0.012447999999999999
2014-12-05,1.41,-0.036885
2014-12-08,1.394,-0.011348
2014-12-09,1.336,-0.041607000000000005
2014-12-10,1.38,0.032934
2014-12-11,1.397,0.012319
2014-12-12,1.411,0.010021
2014-12-15,1.429,0.012757000000000001
2014-12-16,1.421,-0.005598
2014-12-17,1.405,-0.01126
2014-12-18,1.397,-0.005694
2014-12-19,1.383,-0.010021
2014-12-22,1.328,-0.039769
2014-12-23,1.318,-0.00753
2014-12-24,1.347,0.022002999999999998
2014-12-25,1.369,0.016333
2014-12-26,1.375,0.004383000000000001
2014-12-29,1.363,-0.008727
2014-12-30,1.345,-0.013206
2014-12-31,1.358,0.009665
2015-01-05,1.371,0.009573
2015-01-06,1.389,0.013129
2015-01-07,1.381,-0.0057599999999999995
2015-01-08,1.369,-0.008689
2015-01-09,1.364,-0.0036520000000000003
2015-01-12,1.344,-0.014662999999999999
2015-01-13,1.361,0.012648999999999999
2015-01-14,1.353,-0.0058779999999999995
2015-01-15,1.366,0.009608
2015-01-16,1.378,0.008785
2015-01-19,1.337,-0.029752999999999998
2015-01-20,1.375,0.028422
2015-01-21,1.404,0.021091000000000002
2015-01-22,1.422,0.012821
2015-01-23,1.409,-0.009142
2015-01-26,1.442,0.023420999999999997
2015-01-27,1.452,0.006935
2015-01-28,1.444,-0.00551
2015-01-29,1.437,-0.004848
2015-01-30,1.423,-0.009743
2015-02-02,1.415,-0.005622
2015-02-03,1.435,0.014134
2015-02-04,1.427,-0.005575
2015-02-05,1.416,-0.0077080000000000004
2015-02-06,1.396,-0.014124000000000001
2015-02-09,1.386,-0.007163
2015-02-10,1.401,0.010823000000000001
2015-02-11,1.414,0.009278999999999999
2015-02-12,1.429,0.010608
2015-02-13,1.446,0.011896
2015-02-16,1.472,0.017981
2015-02-17,1.48,0.005435
2015-02-25,1.48,0.0
2015-02-26,1.5,0.013514
2015-02-27,1.516,0.010667
2015-03-02,1.542,0.017150000000000002
2015-03-03,1.538,-0.0025940000000000004
2015-03-04,1.554,0.010403
2015-03-05,1.557,0.001931
2015-03-06,1.546,-0.007065
2015-03-09,1.569,0.014877
2015-03-10,1.583,0.008923
2015-03-11,1.578,-0.0031590000000000003
2015-03-12,1.585,0.004436
2015-03-13,1.596,0.006939999999999999
2015-03-16,1.634,0.023809999999999998
2015-03-17,1.653,0.011628000000000001
2015-03-18,1.682,0.017544
2015-03-19,1.694,0.007134000000000001
2015-03-20,1.712,0.010626
2015-03-23,1.754,0.024533
2015-03-24,1.762,0.004561
2015-03-25,1.767,0.002838
2015-03-26,1.775,0.004527
2015-03-27,1.813,0.021408
2015-03-30,1.864,0.028130000000000002
2015-03-31,1.854,-0.005365
2015-04-01,1.888,0.018339
2015-04-02,1.906,0.009534
2015-04-03,1.933,0.014166000000000002
2015-04-07,1.968,0.018106999999999998
2015-04-08,1.955,-0.006606
2015-04-09,1.938,-0.008696
2015-04-10,1.976,0.019608
2015-04-13,2.027,0.02581
2015-04-14,2.024,-0.00148
2015-04-15,1.963,-0.030137999999999998
2015-04-16,1.997,0.01732
2015-04-17,2.014,0.008513
2015-04-20,1.97,-0.021847
2015-04-21,2.029,0.029949
2015-04-22,2.089,0.029571
2015-04-23,2.091,0.000957
2015-04-24,2.094,0.0014349999999999999
2015-04-27,2.127,0.015759000000000002
2015-04-28,2.078,-0.023037000000000002
2015-04-29,2.118,0.019249000000000002
2015-04-30,2.129,0.005194
2015-05-04,2.155,0.012212
2015-05-05,2.075,-0.037122999999999996
2015-05-06,2.042,-0.015904
2015-05-07,1.989,-0.025955
2015-05-08,2.047,0.02916
2015-05-11,2.121,0.03615
2015-05-12,2.155,0.01603
2015-05-13,2.16,0.00232
2015-05-14,2.178,0.008333
2015-05-15,2.137,-0.018825
2015-05-18,2.152,0.007019
2015-05-19,2.224,0.033457
2015-05-20,2.263,0.017536
2015-05-21,2.339,0.033584
2015-05-22,2.393,0.023087
2015-05-25,2.468,0.031341
2015-05-26,2.537,0.027957999999999997
2015-05-27,2.58,0.016949000000000002
2015-05-28,2.456,-0.048061999999999994
2015-05-29,2.486,0.012215
2015-06-01,2.613,0.051086
2015-06-02,2.706,0.035591
2015-06-03,2.729,0.0085
2015-06-04,2.722,-0.002565
2015-06-05,2.788,0.024247
2015-06-08,2.802,0.0050219999999999996
2015-06-09,2.777,-0.008922
2015-06-10,2.818,0.014764
2015-06-11,2.858,0.014194
2015-06-12,2.901,0.015045
2015-06-15,2.881,-0.006894
2015-06-16,2.783,-0.034016000000000005
2015-06-17,2.824,0.014732
2015-06-18,2.754,-0.024788
2015-06-19,2.586,-0.061002
2015-06-23,2.631,0.017401
2015-06-24,2.697,0.025086
2015-06-25,2.606,-0.033741
2015-06-26,2.409,-0.075595
2015-06-29,2.312,-0.040266
2015-06-30,2.432,0.051903
2015-07-01,2.313,-0.048930999999999995
2015-07-02,2.17,-0.061824000000000004
2015-07-03,2.029,-0.06497700000000001
2015-07-06,2.013,-0.007885999999999999
2015-07-07,1.863,-0.074516
2015-07-08,1.754,-0.058508
2015-07-09,1.846,0.052452
2015-07-10,1.942,0.052004
2015-07-13,2.052,0.056643
2015-07-14,2.052,0.0
2015-07-15,1.95,-0.049707999999999995
2015-07-16,1.994,0.022564
2015-07-17,2.102,0.054162
2015-07-20,2.156,0.02569
2015-07-21,2.203,0.0218
2015-07-22,2.222,0.008625
2015-07-23,2.296,0.033303
2015-07-24,2.258,-0.016551
2015-07-27,2.09,-0.074402
2015-07-28,2.042,-0.022967
2015-07-29,2.146,0.05093
2015-07-30,2.083,-0.029357
2015-07-31,2.051,-0.015362
2015-08-03,1.986,-0.031692
2015-08-04,2.099,0.056898
2015-08-05,2.099,0.0
2015-08-06,2.084,-0.0071460000000000004
2015-08-07,2.148,0.03071
2015-08-10,2.256,0.050279
2015-08-11,2.274,0.007979
2015-08-12,2.246,-0.012313000000000001
2015-08-13,2.307,0.027159
2015-08-14,2.342,0.015170999999999999
2015-08-17,2.391,0.020922
2015-08-18,2.221,-0.0711
2015-08-19,2.268,0.021162
2015-08-20,2.206,-0.027336999999999997
2015-08-21,2.103,-0.046691
2015-08-24,1.955,-0.07037600000000001
2015-08-25,1.814,-0.07212299999999999
2015-08-26,1.777,-0.020397
2015-08-27,1.868,0.051210000000000006
2015-08-28,1.978,0.058887
2015-08-31,1.922,-0.028311000000000003
2015-09-01,1.834,-0.045786
2015-09-02,1.813,-0.01145
2015-09-07,1.825,0.006619000000000001
2015-09-08,1.905,0.04383600000000001
2015-09-09,1.963,0.030446
2015-09-10,1.93,-0.016811
2015-09-11,1.945,0.007772
2015-09-14,1.819,-0.064781
2015-09-15,1.739,-0.04398
2015-09-16,1.86,0.06958
2015-09-17,1.829,-0.016667
2015-09-18,1.854,0.013669
2015-09-21,1.919,0.035059
2015-09-22,1.933,0.007295
2015-09-23,1.899,-0.017589
2015-09-24,1.923,0.012638
2015-09-25,1.867,-0.029121
2015-09-28,1.903,0.019282
2015-09-29,1.868,-0.018392
2015-09-30,1.884,0.008565
2015-10-08,1.961,0.04087
2015-10-09,1.993,0.016318
2015-10-12,2.081,0.044155
2015-10-13,2.099,0.00865
2015-10-14,2.07,-0.013816
2015-10-15,2.129,0.028502
2015-10-16,2.154,0.011742999999999998
2015-10-19,2.152,-0.0009289999999999999
2015-10-20,2.181,0.013475999999999998
2015-10-21,2.06,-0.055479
2015-10-22,2.119,0.028641
2015-10-23,2.178,0.027843
2015-10-26,2.205,0.012397
2015-10-27,2.218,0.005896
2015-10-28,2.178,-0.018033999999999998
2015-10-29,2.197,0.008723999999999999
2015-10-30,2.199,0.00091
2015-11-02,2.168,-0.014097
2015-11-03,2.173,0.002306
2015-11-04,2.274,0.046479999999999994
2015-11-05,2.292,0.007916
2015-11-06,2.337,0.019634
2015-11-09,2.367,0.012837000000000001
2015-11-10,2.367,0.0
2015-11-11,2.384,0.007181999999999999
2015-11-12,2.375,-0.003775
2015-11-13,2.345,-0.012632
2015-11-16,2.384,0.016631
2015-11-17,2.388,0.001678
2015-11-18,2.376,-0.005024999999999999
2015-11-19,2.413,0.015571999999999999
2015-11-20,2.434,0.008702999999999999
2015-11-23,2.427,-0.002876
2015-11-24,2.443,0.006593
2015-11-25,2.474,0.012688999999999999
2015-11-26,2.481,0.002829
2015-11-27,2.353,-0.051592
2015-11-30,2.379,0.011049999999999999
2015-12-01,2.411,0.013451
2015-12-02,2.429,0.007466
2015-12-03,2.465,0.014820999999999999
2015-12-04,2.445,-0.008114
2015-12-07,2.465,0.00818
2015-12-08,2.412,-0.021501000000000003
2015-12-09,2.418,0.0024879999999999998
2015-12-10,2.403,-0.006202999999999999
2015-12-11,2.388,-0.006242
2015-12-14,2.443,0.023032
2015-12-15,2.46,0.006959
2015-12-16,2.469,0.003659
2015-12-17,2.525,0.022681
2015-12-18,2.522,-0.001188
2015-12-21,2.564,0.016653
2015-12-22,2.584,0.0078000000000000005
2015-12-23,2.572,-0.004644
2015-12-24,2.561,-0.004277
2015-12-25,2.585,0.009371
2015-12-28,2.534,-0.019729
2015-12-29,2.566,0.012627999999999999
2015-12-30,2.579,0.005066
2015-12-31,2.546,-0.012796
2016-01-04,2.372,-0.068342
2016-01-05,2.368,-0.001686
2016-01-06,2.424,0.023649
2016-01-07,2.242,-0.075083
2016-01-08,2.292,0.022302
2016-01-11,2.166,-0.054973999999999995
2016-01-12,2.177,0.005078
2016-01-13,2.118,-0.027102
2016-01-14,2.176,0.027384
2016-01-15,2.095,-0.037224
2016-01-18,2.116,0.010024
2016-01-19,2.188,0.034026
2016-01-20,2.168,-0.009141
2016-01-21,2.102,-0.030442999999999998
2016-01-22,2.134,0.015224
2016-01-25,2.154,0.009372
2016-01-26,2.01,-0.066852
2016-01-27,1.998,-0.00597
2016-01-28,1.928,-0.035035
2016-01-29,1.99,0.032158
2016-02-01,1.972,-0.009045
2016-02-02,2.028,0.028398
2016-02-03,2.035,0.003452
2016-02-04,2.065,0.014742
2016-02-05,2.042,-0.011137999999999999
2016-02-15,2.032,-0.004897
2016-02-16,2.108,0.037402000000000005
2016-02-17,2.126,0.008539
2016-02-18,2.126,0.0
2016-02-19,2.131,0.002352
2016-02-22,2.181,0.023462999999999998
2016-02-23,2.167,-0.006419
2016-02-24,2.196,0.013383
2016-02-25,2.044,-0.069217
2016-02-26,2.068,0.011741999999999999
2016-02-29,1.992,-0.03675
2016-03-01,2.041,0.024598
2016-03-02,2.141,0.048996000000000005
2016-03-03,2.151,0.004671
2016-03-04,2.121,-0.013947000000000001
2016-03-07,2.156,0.016502
2016-03-08,2.155,-0.00046399999999999995
2016-03-09,2.104,-0.023666
2016-03-10,2.073,-0.014734
2016-03-11,2.074,0.000482
2016-03-14,2.131,0.027483
2016-03-15,2.129,-0.000939
2016-03-16,2.108,-0.009864000000000001
2016-03-17,2.158,0.023719
2016-03-18,2.226,0.031511
2016-03-21,2.281,0.024708
2016-03-22,2.276,-0.002192
2016-03-23,2.291,0.0065910000000000005
2016-03-24,2.261,-0.013095
2016-03-25,2.28,0.008403
2016-03-28,2.266,-0.00614
2016-03-29,2.233,-0.014563
2016-03-30,2.297,0.028661
2016-03-31,2.309,0.0052239999999999995
2016-04-01,2.311,0.000866
2016-04-05,2.367,0.024232
2016-04-06,2.38,0.005492
2016-04-07,2.347,-0.013866
2016-04-08,2.339,-0.0034089999999999997
2016-04-11,2.388,0.020949
2016-04-12,2.382,-0.002513
2016-04-13,2.416,0.014274
2016-04-14,2.431,0.006209
2016-04-15,2.432,0.00041099999999999996
2016-04-18,2.401,-0.012747
2016-04-19,2.402,0.000416
2016-04-20,2.324,-0.032473
2016-04-21,2.304,-0.008606
2016-04-22,2.323,0.008246999999999999
2016-04-25,2.319,-0.001722
2016-04-26,2.337,0.007762
2016-04-27,2.33,-0.002995
2016-04-28,2.326,-0.001717
2016-04-29,2.32,-0.0025800000000000003
2016-05-03,2.367,0.020259
2016-05-04,2.369,0.000845
2016-05-05,2.376,0.0029549999999999997
2016-05-06,2.31,-0.027778
2016-05-09,2.246,-0.027705999999999998
2016-05-10,2.248,0.00089
2016-05-11,2.251,0.001335
2016-05-12,2.25,-0.000444
2016-05-13,2.241,-0.004
2016-05-16,2.266,0.011156
2016-05-17,2.256,-0.004413
2016-05-18,2.204,-0.02305
2016-05-19,2.206,0.000907
2016-05-20,2.223,0.007705999999999999
2016-05-23,2.246,0.010346
2016-05-24,2.229,-0.007569
2016-05-25,2.225,-0.001795
2016-05-26,2.226,0.000449
2016-05-27,2.228,0.000898
2016-05-30,2.221,-0.003142
2016-05-31,2.293,0.032418
2016-06-01,2.299,0.002617
2016-06-02,2.319,0.008699
2016-06-03,2.329,0.004312
2016-06-06,2.332,0.001288
2016-06-07,2.334,0.000858
2016-06-08,2.329,-0.002142
2016-06-13,2.248,-0.034779
2016-06-14,2.252,0.001779
2016-06-15,2.302,0.022202000000000003
2016-06-16,2.297,-0.002172
2016-06-17,2.314,0.007401
2016-06-20,2.317,0.0012959999999999998
2016-06-21,2.307,-0.0043159999999999995
2016-06-22,2.333,0.01127
2016-06-23,2.328,-0.002143
2016-06-24,2.309,-0.008162
2016-06-27,2.344,0.015158
2016-06-28,2.362,0.007679
2016-06-29,2.371,0.00381
2016-06-30,2.372,0.000422
2016-07-01,2.379,0.0029509999999999996
2016-07-04,2.426,0.019756
2016-07-05,2.445,0.007832
2016-07-06,2.454,0.003681
2016-07-07,2.454,0.0
2016-07-08,2.446,-0.0032600000000000003
2016-07-11,2.446,0.0
2016-07-12,2.488,0.017171000000000002
2016-07-13,2.505,0.0068330000000000005
2016-07-14,2.507,0.000798
2016-07-15,2.507,0.0
2016-07-18,2.502,-0.001994
2016-07-19,2.499,-0.001199
2016-07-20,2.498,-0.0004
2016-07-21,2.508,0.004003
2016-07-22,2.488,-0.007974
2016-07-25,2.496,0.003215
2016-07-26,2.526,0.012019
2016-07-27,2.468,-0.022961
2016-07-28,2.495,0.01094
2016-07-29,2.49,-0.002004
2016-08-01,2.465,-0.01004
2016-08-02,2.483,0.0073019999999999995
2016-08-03,2.503,0.008055
2016-08-04,2.511,0.003196
2016-08-05,2.506,-0.001991
2016-08-08,2.534,0.011172999999999999
2016-08-09,2.55,0.006313999999999999
2016-08-10,2.542,-0.0031369999999999996
2016-08-11,2.517,-0.009835
2016-08-12,2.55,0.013111
2016-08-15,2.597,0.018431
2016-08-16,2.604,0.0026950000000000003
2016-08-17,2.613,0.0034560000000000003
2016-08-18,2.617,0.0015310000000000002
2016-08-19,2.621,0.0015279999999999998
2016-08-22,2.606,-0.005723000000000001
2016-08-23,2.612,0.002302
2016-08-24,2.613,0.000383
2016-08-25,2.606,-0.0026790000000000004
2016-08-26,2.611,0.001919
2016-08-29,2.62,0.003447
2016-08-30,2.614,-0.00229
2016-08-31,2.622,0.00306
2016-09-01,2.604,-0.006865
2016-09-02,2.6,-0.0015359999999999998
2016-09-05,2.614,0.005385
2016-09-06,2.642,0.010712
2016-09-07,2.64,-0.0007570000000000001
2016-09-08,2.646,0.002273
2016-09-09,2.628,-0.006803
2016-09-12,2.572,-0.021309
2016-09-13,2.589,0.00661
2016-09-14,2.579,-0.003862
2016-09-19,2.605,0.010081
2016-09-20,2.605,0.0
2016-09-21,2.612,0.002687
2016-09-22,2.627,0.005743000000000001
2016-09-23,2.623,-0.0015229999999999998
2016-09-26,2.583,-0.01525
2016-09-27,2.601,0.0069689999999999995
2016-09-28,2.597,-0.0015379999999999999
2016-09-29,2.609,0.004621
2016-09-30,2.616,0.0026829999999999996
2016-10-10,2.646,0.011468
2016-10-11,2.656,0.0037790000000000002
2016-10-12,2.658,0.0007530000000000001
2016-10-13,2.666,0.00301
2016-10-14,2.665,-0.000375
2016-10-17,2.646,-0.007129
2016-10-18,2.678,0.012094
2016-10-19,2.677,-0.000373
2016-10-20,2.681,0.001494
2016-10-21,2.681,0.0
2016-10-24,2.706,0.009325
2016-10-25,2.718,0.004435
2016-10-26,2.707,-0.004047
2016-10-27,2.705,-0.000739
2016-10-28,2.682,-0.008503
2016-10-31,2.679,-0.001119
2016-11-01,2.7,0.007839
2016-11-02,2.682,-0.006666999999999999
2016-11-03,2.696,0.00522
2016-11-04,2.688,-0.002967
2016-11-07,2.692,0.001488
2016-11-08,2.701,0.003343
2016-11-09,2.682,-0.007034
2016-11-10,2.714,0.011931
2016-11-11,2.734,0.007369
2016-11-14,2.739,0.0018290000000000001
2016-11-15,2.747,0.0029210000000000004
2016-11-16,2.747,0.0
2016-11-17,2.75,0.001092
2016-11-18,2.741,-0.003273
2016-11-21,2.748,0.0025540000000000003
2016-11-22,2.766,0.00655
2016-11-23,2.76,-0.002169
2016-11-24,2.762,0.000725
2016-11-25,2.776,0.005069000000000001
2016-11-28,2.782,0.0021609999999999997
2016-11-29,2.769,-0.004673
2016-11-30,2.754,-0.005417
2016-12-01,2.777,0.008350999999999999
2016-12-02,2.738,-0.014044000000000001
2016-12-05,2.718,-0.007305000000000001
2016-12-06,2.717,-0.000368
2016-12-07,2.746,0.010674
2016-12-08,2.738,-0.0029130000000000002
2016-12-09,2.734,-0.001461
2016-12-12,2.64,-0.034382
2016-12-13,2.648,0.0030299999999999997
2016-12-14,2.635,-0.004909
2016-12-15,2.646,0.004175
2016-12-16,2.664,0.006803
2016-12-19,2.664,0.0
2016-12-20,2.653,-0.004129
2016-12-21,2.676,0.008669
2016-12-22,2.682,0.002242
2016-12-23,2.657,-0.009321000000000001
2016-12-26,2.67,0.004893
2016-12-27,2.674,0.001498
2016-12-28,2.666,-0.0029920000000000003
2016-12-29,2.665,-0.000375
2016-12-30,2.676,0.004128
2016-12-31,2.676,0.0
2017-01-03,2.696,0.007474
2017-01-04,2.717,0.007789000000000001
2017-01-05,2.713,-0.001472
2017-01-06,2.704,-0.003317
2017-01-09,2.72,0.005917
2017-01-10,2.716,-0.001471
2017-01-11,2.694,-0.008100000000000001
2017-01-12,2.673,-0.007795
2017-01-13,2.6444,-0.010700000000000001
2017-01-16,2.5976,-0.017698000000000002
2017-01-17,2.6155,0.006891
2017-01-18,2.6226,0.0027150000000000004
2017-01-19,2.6145,-0.003089
2017-01-20,2.6481,0.012851
2017-01-23,2.6674,0.007288
2017-01-24,2.6659,-0.000562
2017-01-25,2.6718,0.002213
2017-01-26,2.6836,0.004416
2017-02-03,2.678,-0.002087
2017-02-06,2.6967,0.0069830000000000005
2017-02-07,2.6971,0.00014800000000000002
2017-02-08,2.7096,0.004635
2017-02-09,2.7281,0.006828
2017-02-10,2.735,0.002529
2017-02-13,2.7494,0.005265
2017-02-14,2.7482,-0.00043599999999999997
2017-02-15,2.7212,-0.009825
2017-02-16,2.7371,0.005843
2017-02-17,2.7146,-0.00822
2017-02-20,2.7481,0.012341
2017-02-21,2.7717,0.008588
2017-02-22,2.7978,0.009417
2017-02-23,2.7939,-0.001394
2017-02-24,2.8021,0.0029349999999999997
2017-02-27,2.7829,-0.0068520000000000005
2017-02-28,2.791,0.0029110000000000004
2017-03-01,2.7979,0.0024720000000000002
2017-03-02,2.7858,-0.004325
2017-03-03,2.7898,0.001436
2017-03-06,2.8142,0.008746
2017-03-07,2.8188,0.0016350000000000002
2017-03-08,2.8047,-0.0050019999999999995
2017-03-09,2.7832,-0.007665999999999999
2017-03-10,2.786,0.001006
2017-03-13,2.8019,0.005707
2017-03-14,2.8012,-0.00025
2017-03-15,2.8036,0.000857
2017-03-16,2.8248,0.007562
2017-03-17,2.8045,-0.0071860000000000005
2017-03-20,2.8077,0.0011409999999999999
2017-03-21,2.81,0.000819
2017-03-22,2.7876,-0.007972
2017-03-23,2.7814,-0.002224
2017-03-24,2.7865,0.0018340000000000001
2017-03-27,2.7801,-0.002297
2017-03-28,2.7734,-0.00241
2017-03-29,2.7555,-0.006454
2017-03-30,2.7139,-0.015097000000000001
2017-03-31,2.7197,0.002137
2017-04-05,2.7709,0.018826
2017-04-06,2.777,0.002201
2017-04-07,2.7817,0.001692
2017-04-10,2.7709,-0.0038829999999999997
2017-04-11,2.7863,0.005558
2017-04-12,2.7655,-0.007465
2017-04-13,2.7766,0.004014
2017-04-14,2.7316,-0.016207
2017-04-17,2.6932,-0.014058
2017-04-18,2.6641,-0.010805
2017-04-19,2.6304,-0.01265
2017-04-20,2.6175,-0.004904
2017-04-21,2.6169,-0.000229
2017-04-24,2.5628,-0.020673
2017-04-25,2.5665,0.001444
2017-04-26,2.5711,0.001792
2017-04-27,2.5779,0.002645
2017-04-28,2.5979,0.007758
2017-05-02,2.5977,-7.7e-05
2017-05-03,2.5887,-0.0034649999999999998
2017-05-04,2.5822,-0.0025109999999999998
2017-05-05,2.5544,-0.010766
2017-05-08,2.5142,-0.015738000000000002
2017-05-09,2.5279,0.005449000000000001
2017-05-10,2.4923,-0.014083000000000002
2017-05-11,2.4826,-0.003892
2017-05-12,2.4796,-0.001208
2017-05-15,2.4885,0.003589
2017-05-16,2.5235,0.014065000000000001
2017-05-17,2.531,0.0029720000000000002
2017-05-18,2.5214,-0.0037930000000000004
2017-05-19,2.5185,-0.00115
2017-05-22,2.4825,-0.014294
2017-05-23,2.4336,-0.019698
2017-05-24,2.4392,0.002301
2017-05-25,2.4687,0.012094
2017-05-26,2.4682,-0.00020299999999999997
2017-05-31,2.4688,0.000243
2017-06-01,2.4227,-0.018673
2017-06-02,2.4405,0.007347
2017-06-05,2.4557,0.006228
2017-06-06,2.4673,0.004724
2017-06-07,2.5117,0.017995
2017-06-08,2.5164,0.0018709999999999998
2017-06-09,2.519,0.001033
2017-06-12,2.497,-0.008733999999999999
2017-06-13,2.518,0.008409999999999999
2017-06-14,2.5138,-0.001668
2017-06-15,2.529,0.006047
2017-06-16,2.5255,-0.001384
2017-06-19,2.5474,0.008672
2017-06-20,2.5537,0.002473
2017-06-21,2.5665,0.005012
2017-06-22,2.5419,-0.009585
2017-06-23,2.5575,0.006137
2017-06-26,2.5981,0.015875
2017-06-27,2.6017,0.001386
2017-06-28,2.5901,-0.004459
2017-06-29,2.6031,0.005019
2017-06-30,2.61,0.002651
2017-07-03,2.6272,0.00659
2017-07-04,2.6108,-0.006242
2017-07-05,2.6349,0.009231
2017-07-06,2.6393,0.00167
2017-07-07,2.6495,0.003865
2017-07-10,2.6344,-0.005698999999999999
2017-07-11,2.6144,-0.007592
2017-07-12,2.6112,-0.001224
2017-07-13,2.6227,0.004404
2017-07-14,2.6141,-0.0032790000000000002
2017-07-17,2.5381,-0.029073
2017-07-18,2.5544,0.006422
2017-07-19,2.5909,0.014289000000000001
2017-07-20,2.609,0.006986
2017-07-21,2.6259,0.006478
2017-07-24,2.643,0.006512
2017-07-25,2.6278,-0.005750999999999999
2017-07-26,2.637,0.003501
2017-07-27,2.652,0.0056879999999999995
2017-07-28,2.6497,-0.000867
2017-07-31,2.6619,0.004604
2017-08-01,2.6589,-0.001127
2017-08-02,2.6369,-0.008274
2017-08-03,2.638,0.000417
2017-08-04,2.6294,-0.0032600000000000003
2017-08-07,2.6506,0.008063
2017-08-08,2.6532,0.000981
2017-08-09,2.6595,0.002374
2017-08-10,2.6424,-0.00643
2017-08-11,2.6028,-0.014986
2017-08-14,2.6401,0.014331
2017-08-15,2.6461,0.002273
2017-08-16,2.6471,0.000378
2017-08-17,2.6599,0.004835
2017-08-18,2.6548,-0.001917
2017-08-21,2.6726,0.006705
2017-08-22,2.6614,-0.004190999999999999
2017-08-23,2.6508,-0.0039829999999999996
2017-08-24,2.6364,-0.005432
2017-08-25,2.6606,0.009179
2017-08-28,2.6869,0.009885
2017-08-29,2.6904,0.001303
2017-08-30,2.7004,0.003717
2017-08-31,2.7068,0.0023699999999999997
2017-09-01,2.717,0.003768
2017-09-04,2.7232,0.0022819999999999997
2017-09-05,2.7255,0.000845
2017-09-06,2.7302,0.001724
2017-09-07,2.7234,-0.0024909999999999997
2017-09-08,2.7231,-0.00010999999999999999
2017-09-11,2.7359,0.004701
2017-09-12,2.7317,-0.001535
2017-09-13,2.7425,0.003954
2017-09-14,2.7423,-7.3e-05
2017-09-15,2.1946,-0.0028079999999999997
2017-09-18,2.2144,0.009022
2017-09-19,2.2143,-4.4999999999999996e-05
2017-09-20,2.2232,0.004019
2017-09-21,2.2046,-0.008366
2017-09-22,2.1976,-0.003175
2017-09-25,2.1737,-0.010875999999999999
2017-09-26,2.179,0.002438
2017-09-27,2.1929,0.006379
2017-09-28,2.1859,-0.003192
2017-09-29,2.2052,0.008829
2017-10-09,2.2273,0.010022
2017-10-10,2.2369,0.00431
2017-10-11,2.2358,-0.000492
2017-10-12,2.2368,0.00044699999999999997
2017-10-13,2.2469,0.004515
2017-10-16,2.2281,-0.008367
2017-10-17,2.2318,0.001661
2017-10-18,2.2212,-0.00475
2017-10-19,2.2085,-0.005718
2017-10-20,2.2197,0.005071
2017-10-23,2.2305,0.004866
2017-10-24,2.2303,-8.999999999999999e-05
2017-10-25,2.2483,0.008071
2017-10-26,2.2583,0.004448
2017-10-27,2.2493,-0.003985
2017-10-30,2.2119,-0.016627
2017-10-31,2.2177,0.0026219999999999998
2017-11-01,2.2131,-0.002074
2017-11-02,2.1965,-0.007501
2017-11-03,2.171,-0.011609000000000001
2017-11-06,2.1895,0.008520999999999999
2017-11-07,2.2064,0.007719
2017-11-08,2.2112,0.002175
2017-11-09,2.2198,0.003889
2017-11-10,2.2232,0.001532
2017-11-13,2.239,0.007107
2017-11-14,2.2372,-0.000804
2017-11-15,2.2231,-0.006303
2017-11-16,2.2338,0.0048130000000000004
2017-11-17,2.1916,-0.018892
2017-11-20,2.2017,0.004608999999999999
2017-11-21,2.2156,0.006313
2017-11-22,2.2176,0.000903
2017-11-23,2.17,-0.021465
2017-11-24,2.1751,0.0023499999999999997
2017-11-27,2.1564,-0.008597
2017-11-28,2.1968,0.018734999999999998
2017-11-29,2.2326,0.016295999999999998
2017-11-30,2.2122,-0.009137
2017-12-01,2.2203,0.0036620000000000003
2017-12-04,2.2172,-0.001396
2017-12-05,2.1855,-0.014296999999999999
2017-12-06,2.184,-0.000686
2017-12-07,2.1603,-0.010851999999999999
2017-12-08,2.1899,0.013702
2017-12-11,2.2129,0.010503
2017-12-12,2.1948,-0.008178999999999999
2017-12-13,2.2108,0.00729
2017-12-14,2.2111,0.000136
2017-12-15,2.1859,-0.011397
2017-12-18,2.1889,0.001372
2017-12-19,2.2042,0.00699
2017-12-20,2.1949,-0.004219
2017-12-21,2.2132,0.008338
2017-12-22,2.2149,0.0007679999999999999
2017-12-25,2.2058,-0.004109
2017-12-26,2.2114,0.002539
2017-12-27,2.1952,-0.007326
2017-12-28,2.2123,0.00779
2017-12-29,2.2248,0.00565
2017-12-31,2.2246,0.0
2018-01-02,2.2649,0.018024
2018-01-03,2.2778,0.005696
2018-01-04,2.2955,0.007771
2018-01-05,2.2986,0.00135
2018-01-08,2.3218,0.010093000000000001
2018-01-09,2.3281,0.0027129999999999997
2018-01-10,2.3189,-0.003952
2018-01-11,2.3091,-0.004226
2018-01-12,2.3161,0.003031
2018-01-15,2.2889,-0.011744000000000001
2018-01-16,2.3225,0.01468
2018-01-17,2.2981,-0.010506
2018-01-18,2.3165,0.008007
2018-01-19,2.3059,-0.004576
2018-01-22,2.3394,0.014528000000000001
2018-01-23,2.3449,0.0023510000000000002
2018-01-24,2.3385,-0.0027289999999999997
2018-01-25,2.3395,0.000428
2018-01-26,2.3439,0.0018809999999999999
2018-01-29,2.3222,-0.009257999999999999
2018-01-30,2.3078,-0.006201
2018-01-31,2.3168,0.0039000000000000003
2018-02-01,2.2748,-0.018128
2018-02-02,2.2961,0.009363
2018-02-05,2.2935,-0.001132
2018-02-06,2.2089,-0.036886999999999996
2018-02-07,2.1829,-0.011771
2018-02-08,2.1909,0.003665
2018-02-09,2.1171,-0.033685
2018-02-12,2.1645,0.022389000000000003
2018-02-13,2.1788,0.006606999999999999
2018-02-14,2.1979,0.008766000000000001
2018-02-22,2.2368,0.017699
2018-02-23,2.2448,0.0035770000000000003
2018-02-26,2.2744,0.013186
2018-02-27,2.2542,-0.008881
2018-02-28,2.256,0.000799
2018-03-01,2.2643,0.003679
2018-03-02,2.246,-0.008082
2018-03-05,2.244,-0.00089
2018-03-06,2.275,0.013815
2018-03-07,2.258,-0.007473
2018-03-08,2.2756,0.007795
2018-03-09,2.2914,0.006943
2018-03-12,2.3046,0.005761
2018-03-13,2.2896,-0.006509
2018-03-14,2.2797,-0.004324
2018-03-15,2.2754,-0.0018859999999999999
2018-03-16,2.2601,-0.006724
2018-03-19,2.2522,-0.003495
2018-03-20,2.2597,0.00333
2018-03-21,2.2469,-0.005664
2018-03-22,2.2301,-0.007477
2018-03-23,2.1406,-0.040133
2018-03-26,2.1575,0.007895
2018-03-27,2.183,0.011819
2018-03-28,2.1571,-0.011864
2018-03-29,2.1859,0.013351
2018-03-30,2.2009,0.006862
2018-04-02,2.2015,0.000273
2018-04-03,2.1869,-0.006632
2018-04-04,2.1814,-0.002515
2018-04-09,2.1776,-0.0017419999999999998
2018-04-10,2.2035,0.011894
2018-04-11,2.2143,0.004901
2018-04-12,2.2071,-0.0032519999999999997
2018-04-13,2.1969,-0.004621
2018-04-16,2.1697,-0.012381
2018-04-17,2.1348,-0.016085000000000002
2018-04-18,2.1511,0.007634999999999999
2018-04-19,2.1691,0.008368
2018-04-20,2.1296,-0.01821
2018-04-23,2.1282,-0.0006569999999999999
2018-04-24,2.1736,0.021333
2018-04-25,2.1735,-4.6e-05
2018-04-26,2.1394,-0.015688999999999998
2018-04-27,2.1407,0.000608
2018-05-02,2.1498,0.004251
2018-05-03,2.1668,0.007908
2018-05-04,2.1627,-0.001892
2018-05-07,2.2003,0.017386
2018-05-08,2.2121,0.005363
2018-05-09,2.2092,-0.0013109999999999999
2018-05-10,2.2181,0.004029
2018-05-11,2.2086,-0.004283
2018-05-14,2.2038,-0.002173
2018-05-15,2.2239,0.009121
2018-05-16,2.2106,-0.00598
2018-05-17,2.2077,-0.001312
2018-05-18,2.2231,0.0069759999999999996
2018-05-21,2.2454,0.010031000000000002
2018-05-22,2.2409,-0.002004
2018-05-23,2.2108,-0.013432
2018-05-24,2.204,-0.0030759999999999997
2018-05-25,2.1804,-0.010708
2018-05-28,2.1775,-0.00133
2018-05-29,2.1632,-0.006567
2018-05-30,2.111,-0.024131
2018-05-31,2.1427,0.015017
2018-06-01,2.1282,-0.006767
2018-06-04,2.1392,0.005169
2018-06-05,2.1665,0.012762
2018-06-06,2.1703,0.001754
2018-06-07,2.163,-0.003364
2018-06-08,2.1382,-0.011466
2018-06-11,2.1383,4.7000000000000004e-05
2018-06-12,2.1668,0.013328
2018-06-13,2.1451,-0.010015000000000001
2018-06-14,2.1439,-0.000559
2018-06-15,2.1217,-0.010355000000000001
2018-06-19,2.0053,-0.054862
2018-06-20,2.036,0.015309
2018-06-21,2.0133,-0.011149
2018-06-22,2.0426,0.014553
2018-06-25,2.0215,-0.010329999999999999
2018-06-26,1.7238,-0.0026219999999999998
2018-06-27,1.701,-0.013227
2018-06-28,1.682,-0.01117
2018-06-29,1.7274,0.026992
2018-06-30,1.7273,0.0
2018-07-02,1.6954,-0.018525
2018-07-03,1.7122,0.009909
2018-07-04,1.6906,-0.012615000000000001
2018-07-05,1.6524,-0.022595999999999998
2018-07-06,1.6603,0.0047810000000000005
2018-07-09,1.703,0.025718
2018-07-10,1.7179,0.008749
2018-07-11,1.6889,-0.016881
2018-07-12,1.7283,0.023329
2018-07-13,1.7395,0.0064800000000000005
2018-07-16,1.7345,-0.002874
2018-07-17,1.7302,-0.0024790000000000003
2018-07-18,1.7168,-0.007744999999999999
2018-07-19,1.7115,-0.003087
2018-07-20,1.7321,0.012036
2018-07-23,1.7573,0.014549000000000001
2018-07-24,1.7857,0.016161000000000002
2018-07-25,1.7898,0.002296
2018-07-26,1.7719,-0.010001
2018-07-27,1.766,-0.00333
2018-07-30,1.7584,-0.004304
2018-07-31,1.7561,-0.001308
2018-08-01,1.7235,-0.018564
2018-08-02,1.6927,-0.017870999999999998
2018-08-03,1.67,-0.013411
2018-08-06,1.6431,-0.016108
2018-08-07,1.69,0.028544
2018-08-08,1.6624,-0.016331
2018-08-09,1.6929,0.018347
2018-08-10,1.6987,0.0034260000000000002
2018-08-13,1.7038,0.0030020000000000003
2018-08-14,1.6952,-0.005048
2018-08-15,1.6593,-0.021177
2018-08-16,1.6451,-0.008558
2018-08-17,1.6207,-0.014832000000000001
2018-08-20,1.6307,0.00617
2018-08-21,1.6457,0.009199
2018-08-22,1.6348,-0.006623
2018-08-23,1.6365,0.00104
2018-08-24,1.6287,-0.004766
2018-08-27,1.6641,0.021735
2018-08-28,1.6656,0.000901
2018-08-29,1.6561,-0.005704
2018-08-30,1.631,-0.015156000000000001
2018-08-31,1.6153,-0.009626000000000001
2018-09-03,1.6099,-0.003343
2018-09-04,1.625,0.009379
2018-09-05,1.5958,-0.017969
2018-09-06,1.5851,-0.006705
2018-09-07,1.5887,0.002271
2018-09-10,1.56,-0.018065
2018-09-11,1.5452,-0.009487
2018-09-12,1.5392,-0.0038829999999999997
2018-09-13,1.552,0.008316
2018-09-14,1.541,-0.007088
2018-09-17,1.5152,-0.016742
2018-09-18,1.5497,0.022768999999999998
2018-09-19,1.5668,0.011033999999999999
2018-09-20,1.566,-0.000511
2018-09-21,1.5972,0.019923
2018-09-25,1.589,-0.005134
2018-09-26,1.5983,0.0058530000000000006
2018-09-27,1.5867,-0.007258
2018-09-28,1.603,0.010273000000000001
2018-10-08,1.5489,-0.033749
2018-10-09,1.552,0.002001
2018-10-10,1.556,0.002577
2018-10-11,1.4682,-0.056427
2018-10-12,1.4822,0.009535
2018-10-15,1.4532,-0.019566
2018-10-16,1.4211,-0.022088999999999998
2018-10-17,1.4303,0.006474
2018-10-18,1.3869,-0.030343
2018-10-19,1.4223,0.025525000000000003
2018-10-22,1.4887,0.046685
2018-10-23,1.4607,-0.018808000000000002
2018-10-24,1.4596,-0.0007530000000000001
2018-10-25,1.4555,-0.002809
2018-10-26,1.4552,-0.000206
2018-10-29,1.4275,-0.019035
2018-10-30,1.4354,0.005534
2018-10-31,1.4546,0.013375999999999999
2018-11-01,1.4572,0.001787
2018-11-02,1.4997,0.029165999999999997
2018-11-05,1.4939,-0.0038669999999999998
2018-11-06,1.4892,-0.003146
2018-11-07,1.4816,-0.005103
2018-11-08,1.4693,-0.008302
2018-11-09,1.46,-0.00633
2018-11-12,1.4869,0.018425
2018-11-13,1.5023,0.010357
2018-11-14,1.4954,-0.004593
2018-11-15,1.5122,0.011234
2018-11-16,1.5161,0.002579
2018-11-19,1.5245,0.005541000000000001
2018-11-20,1.488,-0.023942
2018-11-21,1.4886,0.00040300000000000004
2018-11-22,1.4851,-0.0023510000000000002
2018-11-23,1.4417,-0.029224
2018-11-26,1.4336,-0.005618
2018-11-27,1.4346,0.000698
2018-11-28,1.4515,0.011779999999999999
2018-11-29,1.428,-0.01619
2018-11-30,1.4378,0.006863
2018-12-03,1.4771,0.027333
2018-12-04,1.4878,0.0072440000000000004
2018-12-05,1.4819,-0.003966
2018-12-06,1.458,-0.016128
2018-12-07,1.4569,-0.0007539999999999999
2018-12-10,1.4422,-0.010089999999999998
2018-12-11,1.4517,0.006586999999999999
2018-12-12,1.4539,0.0015149999999999999
2018-12-13,1.4727,0.012931
2018-12-14,1.4445,-0.019149
2018-12-17,1.4411,-0.002354
2018-12-18,1.4297,-0.007911
2018-12-19,1.4127,-0.011891
2018-12-20,1.4127,0.0
2018-12-21,1.4027,-0.007078999999999999
2018-12-24,1.4166,0.009909
2018-12-25,1.4044,-0.008612
2018-12-26,1.3995,-0.003489
2018-12-27,1.3892,-0.00736
2018-12-28,1.3886,-0.00043200000000000004
2018-12-31,1.3884,0.0
2019-01-02,1.3717,-0.012171000000000001
2019-01-03,1.3594,-0.008967000000000001
2019-01-04,1.3879,0.020964999999999998
2019-01-07,1.4048,0.012177
2019-01-08,1.3984,-0.004556
2019-01-09,1.4054,0.005006
2019-01-10,1.4016,-0.002704
2019-01-11,1.409,0.00528
2019-01-14,1.4034,-0.003974
2019-01-15,1.4214,0.012825999999999999
2019-01-16,1.4236,0.001548
2019-01-17,1.4137,-0.006954
2019-01-18,1.4346,0.014783999999999999
2019-01-21,1.4451,0.007319
2019-01-22,1.4306,-0.010034000000000001
2019-01-23,1.4333,0.001887
2019-01-24,1.4395,0.004326
2019-01-25,1.4467,0.0050019999999999995
2019-01-28,1.4448,-0.001313
2019-01-29,1.4416,-0.002215
2019-01-30,1.4346,-0.004856
2019-01-31,1.4316,-0.002091
2019-02-01,1.4619,0.021165
2019-02-11,1.4936,0.021684000000000002
2019-02-12,1.5074,0.009239
2019-02-13,1.5272,0.013134999999999999
2019-02-14,1.532,0.0031430000000000004
2019-02-15,1.5174,-0.00953
2019-02-18,1.567,0.032687
2019-02-19,1.5592,-0.004978
2019-02-20,1.5594,0.000128
2019-02-21,1.5566,-0.001796
2019-02-22,1.5801,0.015097000000000001
2019-02-25,1.6499,0.044174
2019-02-26,1.6472,-0.0016359999999999999
2019-02-27,1.6366,-0.006435
2019-02-28,1.648,0.006966
2019-03-01,1.6602,0.007403
2019-03-04,1.6852,0.015058
2019-03-05,1.7136,0.016853
2019-03-06,1.7249,0.006594
2019-03-07,1.722,-0.001681
2019-03-08,1.6671,-0.031882
2019-03-11,1.7277,0.036351
2019-03-12,1.7547,0.015628
2019-03-13,1.7319,-0.012994
2019-03-14,1.7135,-0.010624
2019-03-15,1.7386,0.014648000000000001
2019-03-18,1.672,0.026803
2019-03-19,1.6688,-0.001914
2019-03-20,1.6705,0.001019
2019-03-21,1.6783,0.0046689999999999995
2019-03-22,1.6856,0.00435
2019-03-25,1.6602,-0.015068999999999999
2019-03-26,1.6324,-0.016745
2019-03-27,1.6606,0.017275
2019-03-28,1.6418,-0.011321000000000001
2019-03-29,1.6852,0.026434000000000003
2019-04-01,1.7392,0.032044
2019-04-02,1.742,0.00161
2019-04-03,1.7579,0.009127
2019-04-04,1.7688,0.006201
2019-04-08,1.7783,0.005371
2019-04-09,1.7712,-0.003993
2019-04-10,1.7807,0.005364
2019-04-11,1.7418,-0.021845
2019-04-12,1.743,0.000689
2019-04-15,1.7307,-0.007057
2019-04-16,1.7607,0.017334000000000002
2019-04-17,1.7678,0.004032
2019-04-18,1.7618,-0.003394
2019-04-19,1.7722,0.005903
2019-04-22,1.7461,-0.014726999999999999
2019-04-23,1.7262,-0.011397
2019-04-24,1.7363,0.005850999999999999
2019-04-25,1.685,-0.029546000000000003
2019-04-26,1.6709,-0.008368
2019-04-29,1.6572,-0.008199
2019-04-30,1.6724,0.009172
2019-05-06,1.5713,-0.060452000000000006
2019-05-07,1.5886,0.011009999999999999
2019-05-08,1.5712,-0.010953
2019-05-09,1.5459,-0.016102
2019-05-10,1.5963,0.032602
2019-05-13,1.581,-0.009585
2019-05-14,1.5686,-0.007843
2019-05-15,1.6038,0.02244
2019-05-16,1.6156,0.007358
2019-05-17,1.5733,-0.026181999999999997
2019-05-20,1.5552,-0.011504
2019-05-21,1.5815,0.016911
2019-05-22,1.569,-0.007904
2019-05-23,1.547,-0.014022
2019-05-24,1.5428,-0.0027150000000000004
2019-05-27,1.5713,0.018473
2019-05-28,1.5762,0.003118
2019-05-29,1.5774,0.000761
2019-05-30,1.5693,-0.005135
2019-05-31,1.566,-0.002103
2019-06-03,1.5543,-0.007471
2019-06-04,1.5364,-0.011516
2019-06-05,1.5315,-0.003189
2019-06-06,1.5125,-0.012405999999999999
2019-06-10,1.5248,0.008132
2019-06-11,1.5742,0.032397999999999996
2019-06-12,1.5628,-0.007241999999999999
2019-06-13,1.5643,0.00096
2019-06-14,1.5472,-0.010931
2019-06-17,1.5465,-0.000452
2019-06-18,1.5453,-0.000776
2019-06-19,1.5657,0.013201000000000001
2019-06-20,1.6,0.021907
2019-06-21,1.6156,0.00975
2019-06-24,1.6189,0.002043
2019-06-25,1.6087,-0.006301
2019-06-26,1.6092,0.00031099999999999997
2019-06-27,1.6277,0.011496
2019-06-28,1.6188,-0.005468
2019-06-30,1.6186,0.0
2019-07-01,1.6597,0.025266
2019-07-02,1.6608,0.000663
2019-07-03,1.6555,-0.003191
2019-07-04,1.6496,-0.003564
2019-07-05,1.6556,0.003637
2019-07-08,1.6157,-0.0241
2019-07-09,1.6193,0.002228
2019-07-10,1.6067,-0.007781
2019-07-11,1.6125,0.00361
2019-07-12,1.6204,0.004899
2019-07-15,1.633,0.007776
2019-07-16,1.6314,-0.00098
2019-07-17,1.6308,-0.000368
2019-07-18,1.61,-0.012754000000000001
2019-07-19,1.6259,0.009876000000000001
2019-07-22,1.6309,0.003075
2019-07-23,1.6407,0.006009
2019-07-24,1.6562,0.009447
2019-07-25,1.6587,0.0015090000000000001
2019-07-26,1.6652,0.003919000000000001
2019-07-29,1.6671,0.0011409999999999999
2019-07-30,1.6766,0.005698999999999999
2019-07-31,1.6621,-0.008648
2019-08-01,1.6519,-0.006137
2019-08-02,1.6309,-0.012713
2019-08-05,1.6075,-0.014348000000000001
2019-08-06,1.5833,-0.015054000000000001
2019-08-07,1.5825,-0.000505
2019-08-08,1.5901,0.004803
2019-08-09,1.5779,-0.007672
2019-08-12,1.6,0.014006000000000001
2019-08-13,1.5919,-0.005063
2019-08-14,1.5995,0.004774
2019-08-15,1.608,0.005314
2019-08-16,1.613,0.0031090000000000002
2019-08-19,1.654,0.025418
2019-08-20,1.6498,-0.002539
2019-08-21,1.6447,-0.003091
2019-08-22,1.6427,-0.001216
2019-08-23,1.6493,0.004018
2019-08-26,1.6407,-0.005214
2019-08-27,1.663,0.013592
2019-08-28,1.658,-0.003007
2019-08-29,1.6543,-0.002232
2019-08-30,1.6375,-0.010155
2019-09-02,1.6657,0.017221
2019-09-03,1.6663,0.00035999999999999997
2019-09-04,1.6835,0.010322
2019-09-05,1.6964,0.007663
2019-09-06,1.6985,0.001238
2019-09-09,1.7179,0.011422000000000002
2019-09-10,1.7212,0.001921
2019-09-11,1.7141,-0.004125
2019-09-12,1.7233,0.005366999999999999
2019-09-16,1.7226,-0.00040599999999999995
2019-09-17,1.7,-0.01312
2019-09-18,1.6994,-0.00035299999999999996
2019-09-19,1.7008,0.000824
2019-09-20,1.7058,0.00294
2019-09-23,1.6865,-0.011314
2019-09-24,1.5479,-0.000356
2019-09-25,1.5365,-0.007365
2019-09-26,1.5128,-0.015425
2019-09-27,1.5179,0.0033710000000000003
2019-09-30,1.5094,-0.005600000000000001
2019-10-08,1.5199,0.006956
2019-10-09,1.5346,0.009672
2019-10-10,1.5503,0.010230999999999999
2019-10-11,1.5607,0.0067079999999999996
2019-10-14,1.5779,0.011021000000000001
2019-10-15,1.5663,-0.007352
2019-10-16,1.5639,-0.001532
2019-10-17,1.5594,-0.0028770000000000002
2019-10-18,1.5438,-0.010003999999999999
2019-10-21,1.5453,0.000972
2019-10-22,1.555,0.0062770000000000005
2019-10-23,1.546,-0.005788
2019-10-24,1.548,0.0012939999999999998
2019-10-25,1.561,0.008398
2019-10-28,1.5698,0.005637
2019-10-29,1.5613,-0.005415
2019-10-30,1.5445,-0.01076
2019-10-31,1.536,-0.005503
2019-11-01,1.5523,0.010612
2019-11-04,1.5587,0.004123
2019-11-05,1.5702,0.007378
2019-11-06,1.5591,-0.007069
2019-11-07,1.5695,0.006671
2019-11-08,1.5585,-0.007009
2019-11-11,1.5264,-0.020596999999999997
2019-11-12,1.5284,0.00131
2019-11-13,1.522,-0.004187
2019-11-14,1.5264,0.0028910000000000003
2019-11-15,1.5062,-0.013234
2019-11-18,1.5217,0.010291
2019-11-19,1.5436,0.014392
2019-11-20,1.5362,-0.004794
2019-11-21,1.5319,-0.002799
2019-11-22,1.522,-0.006463
2019-11-25,1.54,0.011827
2019-11-26,1.5385,-0.000974
2019-11-27,1.5383,-0.00013
2019-11-28,1.5317,-0.0042899999999999995
2019-11-29,1.5267,-0.0032640000000000004
2019-12-02,1.5293,0.001703
2019-12-03,1.5326,0.0021579999999999998
2019-12-04,1.528,-0.0030009999999999998
2019-12-05,1.5416,0.008901
2019-12-06,1.548,0.004152
2019-12-09,1.5572,0.005943
2019-12-10,1.5573,6.4e-05
2019-12-11,1.5555,-0.001156
2019-12-12,1.5525,-0.001929
2019-12-13,1.576,0.015137000000000001
2019-12-16,1.5915,0.009835
2019-12-17,1.6082,0.010492999999999999
2019-12-18,1.6049,-0.002052
2019-12-19,1.6103,0.0033650000000000004
2019-12-20,1.6023,-0.004968
2019-12-23,1.5816,-0.012919
2019-12-24,1.5985,0.010685
2019-12-25,1.5969,-0.001001
2019-12-26,1.6111,0.008892
2019-12-27,1.6057,-0.003352
2019-12-30,1.6293,0.014698
2019-12-31,1.6386,0.0057079999999999995
2020-01-02,1.6598,0.012938
2020-01-03,1.6601,0.000181
2020-01-06,1.6639,0.002289
2020-01-07,1.6835,0.011779999999999999
2020-01-08,1.6632,-0.012058
2020-01-09,1.681,0.010702
2020-01-10,1.6824,0.000833
2020-01-13,1.7006,0.010818000000000001
2020-01-14,1.6977,-0.0017050000000000001
2020-01-15,1.6913,-0.00377
2020-01-16,1.6852,-0.0036070000000000004
2020-01-17,1.6828,-0.001424
2020-01-20,1.6978,0.008914
2020-01-21,1.6761,-0.012781
2020-01-22,1.677,0.0005369999999999999
2020-01-23,1.6259,-0.030470999999999998
2020-02-03,1.498,-0.078664
2020-02-04,1.5156,0.011749
2020-02-05,1.5453,0.019596
2020-02-06,1.5796,0.022195999999999997
2020-02-07,1.5807,0.000696
2020-02-10,1.6119,0.019738
2020-02-11,1.6103,-0.000993
2020-02-12,1.6294,0.011861
2020-02-13,1.6228,-0.004051
2020-02-14,1.6316,0.005423
2020-02-17,1.6719,0.024700000000000003
2020-02-18,1.6786,0.004007
2020-02-19,1.6732,-0.003217
2020-02-20,1.6949,0.012969
2020-02-21,1.7114,0.009735
2020-02-24,1.7186,0.004207
2020-02-25,1.7165,-0.001222
2020-02-26,1.7129,-0.002097
2020-02-27,1.7269,0.008173
2020-02-28,1.6613,-0.037987
2020-03-02,1.7316,0.042316
2020-03-03,1.739,0.004274
2020-03-04,1.7616,0.012996
2020-03-05,1.7863,0.014020999999999999
2020-03-06,1.7629,-0.0131
2020-03-09,1.6971,-0.037325
2020-03-10,1.7251,0.016499
2020-03-11,1.7023,-0.013217000000000001
2020-03-12,1.6688,-0.019679
2020-03-13,1.6478,-0.012584
2020-03-16,1.5925,-0.03356
2020-03-17,1.5978,0.003328
2020-03-18,1.5741,-0.014833
2020-03-19,1.5728,-0.000826
2020-03-20,1.5958,0.014624
2020-03-23,1.5435,-0.032774
2020-03-24,1.5691,0.016586
2020-03-25,1.6027,0.021414
2020-03-26,1.592,-0.006676
2020-03-27,1.6011,0.005716
2020-03-30,1.5851,-0.009993
2020-03-31,1.5868,0.001072
2020-04-01,1.5759,-0.006868999999999999
2020-04-02,1.5953,0.012310000000000001
2020-04-03,1.5856,-0.0060799999999999995
2020-04-07,1.6273,0.026299000000000003
2020-04-08,1.6284,0.000676
2020-04-09,1.6378,0.005773
2020-04-10,1.6241,-0.008365000000000001
2020-04-13,1.6227,-0.000862
2020-04-14,1.6451,0.013804
2020-04-15,1.6364,-0.005288
2020-04-16,1.6407,0.0026279999999999997
2020-04-17,1.647,0.00384
2020-04-20,1.6657,0.011354
2020-04-21,1.6535,-0.007324000000000001
2020-04-22,1.6613,0.004717
2020-04-23,1.6573,-0.002408
2020-04-24,1.6358,-0.012972999999999998
2020-04-27,1.6431,0.004463
2020-04-28,1.6342,-0.005417
2020-04-29,1.6482,0.008567
2020-04-30,1.666,0.0108
2020-05-06,1.6826,0.009963999999999999
2020-05-07,1.6778,-0.002853
2020-05-08,1.6909,0.007808000000000001
2020-05-11,1.6943,0.002011
2020-05-12,1.6957,0.000826
2020-05-13,1.7037,0.004718
2020-05-14,1.6785,-0.014791
2020-05-15,1.676,-0.001489
2020-05-18,1.6744,-0.000955
2020-05-19,1.691,0.009914
2020-05-20,1.6723,-0.011059000000000001
2020-05-21,1.6614,-0.006518
2020-05-22,1.6259,-0.021368
2020-05-25,1.6309,0.003075
2020-05-26,1.6573,0.016187
2020-05-27,1.6417,-0.009413
2020-05-28,1.6472,0.00335
2020-05-29,1.6549,0.004675
2020-06-01,1.7012,0.027978
2020-06-02,1.7005,-0.00041099999999999996
2020-06-03,1.7039,0.001999
2020-06-04,1.7053,0.0008219999999999999
2020-06-05,1.7071,0.001056
2020-06-08,1.7115,0.002577
2020-06-09,1.725,0.007888
2020-06-10,1.7417,0.009681
2020-06-11,1.7282,-0.007751
2020-06-12,1.733,0.002777
2020-06-15,1.7323,-0.000404
2020-06-16,1.7684,0.020839
2020-06-17,1.7719,0.001979
2020-06-18,1.7755,0.002032
2020-06-19,1.7915,0.009012
2020-06-22,1.7957,0.002344
2020-06-23,1.8052,0.00529
2020-06-24,1.8068,0.000886
2020-06-29,1.8106,0.002103
2020-06-30,1.8477,0.020489999999999998
2020-07-01,1.8603,0.0068189999999999995
2020-07-02,1.8849,0.013224
2020-07-03,1.8952,0.005464
2020-07-06,1.9584,0.033347
2020-07-07,1.9793,0.010672
2020-07-08,2.0124,0.016723
2020-07-09,2.0659,0.026585
2020-07-10,2.0542,-0.0056630000000000005
2020-07-13,2.1142,0.029207999999999998
2020-07-14,2.098,-0.0076619999999999995
2020-07-15,2.0411,-0.027121
2020-07-16,1.9648,-0.037382
2020-07-17,1.9976,0.016694
2020-07-20,2.0473,0.02488
2020-07-21,2.06,0.006202999999999999
2020-07-22,2.0742,0.006893
2020-07-23,2.0774,0.0015429999999999999
2020-07-24,1.9752,-0.049196
2020-07-27,1.9862,0.005568999999999999
2020-07-28,2.0247,0.019384
2020-07-29,2.087,0.03077
2020-07-30,2.088,0.000479
2020-07-31,2.117,0.013889
2020-08-03,2.1639,0.022153999999999997
2020-08-04,2.1487,-0.007024
2020-08-05,2.1787,0.013962
2020-08-06,2.171,-0.003534
2020-08-07,2.1506,-0.009396999999999999
2020-08-10,2.1532,0.001209
2020-08-11,2.1116,-0.01932
2020-08-12,2.0749,-0.01738
2020-08-13,2.073,-0.000916
2020-08-14,2.099,0.012542
2020-08-17,2.1462,0.022487
2020-08-18,2.1646,0.008572999999999999
2020-08-19,2.1401,-0.011318
2020-08-20,2.1173,-0.010653999999999999
2020-08-21,2.1318,0.006848
2020-08-24,2.1482,0.0077
2020-08-25,2.1362,-0.005600000000000001
2020-08-26,2.0983,-0.0177
2020-08-27,2.1109,0.006
2020-08-28,2.1508,0.0189
2020-08-31,2.1472,-0.0017000000000000001
2020-09-01,2.1604,0.0060999999999999995
2020-09-02,2.1605,0.0
2020-09-03,2.1394,-0.0098
2020-09-04,2.1227,-0.0078000000000000005
2020-09-07,2.065,-0.027200000000000002
2020-09-08,2.0573,-0.0037
2020-09-09,1.9934,-0.0311
2020-09-10,1.9794,-0.006999999999999999
2020-09-11,2.0177,0.019299999999999998
2020-09-14,2.043,0.0125
2020-09-15,2.0607,0.0087
2020-09-16,2.0445,-0.0079
2020-09-17,2.0479,0.0017000000000000001
2020-09-18,2.0825,0.0169
2020-09-21,2.0704,-0.0058
2020-09-22,2.053,-0.0084
2020-09-23,2.0635,0.0051
2020-09-24,2.0193,-0.021400000000000002
2020-09-25,2.0153,-0.002
2020-09-28,2.009,-0.0031
2020-09-29,2.0221,0.006500000000000001
2020-09-30,2.0264,0.0021
2020-10-09,2.0897,0.031200000000000002
2020-10-12,2.1431,0.0256
2020-10-13,2.1556,0.0058
2020-10-14,2.1583,0.0013
2020-10-15,2.1504,-0.0037
2020-10-16,2.1441,-0.0029
2020-10-19,2.1205,-0.011000000000000001
2020-10-20,2.1332,0.006
2020-10-21,2.1108,-0.0105
2020-10-22,2.0964,-0.0068000000000000005
2020-10-23,2.0556,-0.0195
2020-10-26,2.0662,0.0052
2020-10-27,2.081,0.0072
2020-10-28,2.0978,0.008100000000000001
2020-10-29,2.1046,0.0032
2020-10-30,2.0536,-0.0242
2020-11-02,2.087,0.0163
2020-11-03,2.1012,0.0068000000000000005
2020-11-04,2.1028,0.0008
2020-11-05,2.1392,0.0173
2020-11-06,2.1287,-0.0049
2020-11-09,2.1664,0.0177
2020-11-10,2.1401,-0.0121
2020-11-11,2.113,-0.0127
2020-11-12,2.1221,0.0043
2020-11-13,2.1144,-0.0036
2020-11-16,2.1095,-0.0023
2020-11-17,2.0912,-0.0087
2020-11-18,2.0867,-0.0022
2020-11-19,2.1041,0.0083
2020-11-20,2.117,0.0060999999999999995
2020-11-23,2.1242,0.0034000000000000002
2020-11-24,2.1128,-0.0054
2020-11-25,2.0709,-0.019799999999999998
2020-11-26,2.0593,-0.005600000000000001
2020-11-27,2.0757,0.008
2020-11-30,2.0614,-0.0069
2020-12-01,2.1062,0.0217
2020-12-02,2.1119,0.0027
2020-12-03,2.1162,0.002
2020-12-04,2.1219,0.0027
2020-12-07,2.1136,-0.0039000000000000003
2020-12-08,2.1155,0.0009
2020-12-09,2.0901,-0.012
2020-12-10,2.0948,0.0022
2020-12-11,2.066,-0.0137
2020-12-14,2.0809,0.0072
2020-12-15,2.0949,0.0067
2020-12-16,2.0926,-0.0011
2020-12-17,2.1083,0.0075
2020-12-18,2.1016,-0.0032
2020-12-21,2.1309,0.0139
2020-12-22,2.0883,-0.02
2020-12-23,2.1091,0.01
2020-12-24,2.0908,-0.0087
2020-12-25,2.1033,0.006
2020-12-28,2.0934,-0.004699999999999999
2020-12-29,2.0854,-0.0038
2020-12-30,2.1039,0.0089
2020-12-31,2.144,0.0191
2021-01-04,2.181,0.0173
2021-01-05,2.217,0.0165
2021-01-06,2.2119,-0.0023
2021-01-07,2.2281,0.0073
2021-01-08,2.2221,-0.0027
2021-01-11,2.1993,-0.0103
2021-01-12,2.2383,0.0177
2021-01-13,2.2244,-0.0062
2021-01-14,2.1913,-0.0149
2021-01-15,2.1884,-0.0013
2021-01-18,2.2374,0.022400000000000003
2021-01-19,2.2143,-0.0103
2021-01-20,2.2552,0.018500000000000003
2021-01-21,2.284,0.0128
2021-01-22,2.2977,0.006
2021-01-25,2.3038,0.0027
2021-01-26,2.2671,-0.0159
2021-01-27,2.2837,0.0073
2021-01-28,2.2212,-0.0274
2021-01-29,2.212,-0.0040999999999999995
2021-02-01,2.2527,0.0184
2021-02-02,2.2919,0.0174
2021-02-03,2.2941,0.001
2021-02-04,2.2715,-0.009899999999999999
2021-02-05,2.2415,-0.0132
2021-02-08,2.2877,0.0206
2021-02-09,2.3363,0.0212
2021-02-10,2.3524,0.0069
2021-02-18,2.3454,-0.003
2021-02-19,2.3246,-0.0089
2021-02-22,2.2574,-0.028900000000000002
2021-02-23,2.2474,-0.0044
2021-02-24,2.1875,-0.026699999999999998
2021-02-25,2.188,0.0002
2021-02-26,2.1458,-0.019299999999999998
2021-03-01,2.1893,0.0203
2021-03-02,2.1821,-0.0033
2021-03-03,2.2089,0.0123
2021-03-04,2.1464,-0.028300000000000002
2021-03-05,2.1481,0.0008
2021-03-08,2.0846,-0.0296
2021-03-09,2.0334,-0.0246
2021-03-10,2.0429,0.004699999999999999
2021-03-11,2.0895,0.022799999999999997
2021-03-12,2.1031,0.006500000000000001
2021-03-15,2.0616,-0.0197
2021-03-16,2.0685,0.0033
2021-03-17,2.0863,0.0086
2021-03-18,2.1157,0.0141
2021-03-19,2.0864,-0.0138
2021-03-22,2.0977,0.0054
2021-03-23,2.0694,-0.013500000000000002
2021-03-24,2.0454,-0.0116
2021-03-25,2.0572,0.0058
2021-03-26,2.0943,0.018000000000000002
2021-03-29,2.0957,0.0007000000000000001
2021-03-30,2.108,0.0059
2021-03-31,2.1015,-0.0031
2021-04-01,2.1243,0.0108
2021-04-02,2.1181,-0.0029
2021-04-06,2.1243,0.0029
2021-04-07,2.1216,-0.0013
2021-04-08,2.1248,0.0015
2021-04-09,2.1199,-0.0023
2021-04-12,2.0812,-0.0183
2021-04-13,2.0837,0.0012
2021-04-14,2.1017,0.0086
2021-04-15,2.1036,0.0009
2021-04-16,2.1228,0.0091
2021-04-19,2.1595,0.0173
2021-04-20,2.1629,0.0016
2021-04-21,2.1579,-0.0023
2021-04-22,2.1671,0.0043
2021-04-23,2.1778,0.0049
2021-04-26,2.1757,-0.001
2021-04-27,2.1842,0.0039000000000000003
2021-04-28,2.2009,0.0076
2021-04-29,2.2037,0.0013
2021-04-30,2.2,-0.0017000000000000001
2021-05-06,2.1994,-0.0003
2021-05-07,2.1813,-0.008199999999999999
2021-05-10,2.1823,0.0005
2021-05-11,2.1727,-0.0044
2021-05-12,2.1891,0.0075
2021-05-13,2.163,-0.011899999999999999
2021-05-14,2.1919,0.0134
2021-05-17,2.214,0.0101
2021-05-18,2.217,0.0014000000000000002
2021-05-19,2.215,-0.0009
2021-05-20,2.2034,-0.0052
2021-05-21,2.196,-0.0034000000000000002
2021-05-24,2.1958,-0.0001
2021-05-25,2.2301,0.015600000000000001
2021-05-26,2.2286,-0.0007000000000000001
2021-05-27,2.251,0.0101
2021-05-28,2.2442,-0.003
2021-05-31,2.2636,0.0086
2021-06-01,2.2667,0.0014000000000000002
2021-06-02,2.2569,-0.0043
2021-06-03,2.2545,-0.0011
2021-06-04,2.2641,0.0043
2021-06-07,2.2729,0.0039000000000000003
2021-06-08,2.2576,-0.0067
2021-06-09,2.2643,0.003
2021-06-10,2.2878,0.0104
2021-06-11,2.2798,-0.0034999999999999996
2021-06-15,2.2584,-0.009399999999999999
2021-06-16,2.2177,-0.018000000000000002
2021-06-17,2.2349,0.0078000000000000005
2021-06-18,2.2497,0.0066
2021-06-21,2.2615,0.0052
2021-06-22,2.2777,0.0072
2021-06-23,2.2899,0.0054
2021-06-24,2.2802,-0.0042
2021-06-25,2.3104,0.0132
2021-06-28,2.3199,0.0040999999999999995
2021-06-29,2.3088,-0.0048
2021-06-30,2.3398,0.0134
2021-07-01,2.3098,-0.0128
2021-07-02,2.2796,-0.0131
2021-07-05,2.2924,0.005600000000000001
2021-07-06,2.2844,-0.0034999999999999996
2021-07-07,2.3063,0.0096
2021-07-08,2.2981,-0.0036
2021-07-09,2.3127,0.0064
2021-07-12,2.3428,0.013000000000000001
2021-07-13,2.3552,0.0053
2021-07-14,2.3358,-0.008199999999999999
2021-07-15,2.3576,0.009300000000000001
2021-07-16,2.354,-0.0015
2021-07-19,2.3469,-0.003
2021-07-20,2.3479,0.0004
2021-07-21,2.3832,0.015
2021-07-22,2.4094,0.011000000000000001
2021-07-23,2.398,-0.004699999999999999
2021-07-26,2.3619,-0.0151
2021-07-27,2.3166,-0.0192
2021-07-28,2.2998,-0.0073
2021-07-29,2.3452,0.0197
2021-07-30,2.3473,0.0009
2021-08-02,2.3755,0.012
2021-08-03,2.363,-0.0053
2021-08-04,2.4051,0.0178
2021-08-05,2.3906,-0.006
2021-08-06,2.405,0.006
2021-08-09,2.4172,0.0051
2021-08-10,2.4186,0.0006
2021-08-11,2.4429,0.01
2021-08-12,2.4528,0.0040999999999999995
2021-08-13,2.4484,-0.0018
2021-08-16,2.4383,-0.0040999999999999995
2021-08-17,2.3895,-0.02
2021-08-18,2.405,0.006500000000000001
2021-08-19,2.4034,-0.0007000000000000001
2021-08-20,2.3994,-0.0017000000000000001
2021-08-23,2.4352,0.0149
2021-08-24,2.4619,0.011000000000000001
2021-08-25,2.4889,0.011000000000000001
2021-08-26,2.4799,-0.0036
2021-08-27,2.511,0.0125
2021-08-30,2.5145,0.0014000000000000002
2021-08-31,2.5253,0.0043
2021-09-01,2.4992,-0.0103
2021-09-02,2.5338,0.0138
2021-09-03,2.516,-0.006999999999999999
2021-09-06,2.5328,0.0067
2021-09-07,2.5936,0.024
2021-09-08,2.6118,0.006999999999999999
2021-09-09,2.6388,0.0103
2021-09-10,2.6449,0.0023
2021-09-13,2.6637,0.0070999999999999995
2021-09-14,2.6391,-0.0092
2021-09-15,2.6533,0.0054
2021-09-16,2.6083,-0.017
2021-09-17,2.5845,-0.0091
2021-09-22,2.6047,0.0078000000000000005
2021-09-23,2.6128,0.0031
2021-09-24,2.5677,-0.0173
2021-09-27,2.4988,-0.0268
2021-09-28,2.5051,0.0025
2021-09-29,2.4347,-0.0281
2021-09-30,2.4683,0.0138
2021-10-08,2.4531,-0.0062
2021-10-11,2.4485,-0.0019
2021-10-12,2.4017,-0.0191
2021-10-13,2.4074,0.0024
2021-10-14,2.4155,0.0034000000000000002
2021-10-15,2.4247,0.0038
2021-10-18,2.4408,0.0066
2021-10-19,2.457,0.0066
2021-10-20,2.4566,-0.0002
2021-10-21,2.4502,-0.0026
2021-10-22,2.4171,-0.013500000000000002
2021-10-25,2.4399,0.009399999999999999
2021-10-26,2.4392,-0.0003
2021-10-27,2.4176,-0.0089
2021-10-28,2.3809,-0.0152
2021-10-29,2.4023,0.009000000000000001
2021-11-01,2.4051,0.0012
2021-11-02,2.3758,-0.012199999999999999
2021-11-03,2.3877,0.005
2021-11-04,2.3954,0.0032
2021-11-05,2.3688,-0.0111
2021-11-08,2.3843,0.006500000000000001
2021-11-09,2.4055,0.0089
2021-11-10,2.3964,-0.0038
2021-11-11,2.4145,0.0076
2021-11-12,2.4237,0.0038
2021-11-15,2.3989,-0.0102
2021-11-16,2.3721,-0.011200000000000002
2021-11-17,2.3931,0.0089
2021-11-18,2.39,-0.0013
2021-11-19,2.4171,0.0113
2021-11-22,2.4481,0.0128
2021-11-23,2.447,-0.0004
2021-11-24,2.4436,-0.0014000000000000002
2021-11-25,2.4313,-0.005
2021-11-26,2.4343,0.0012
2021-11-29,2.4356,0.0005
2021-11-30,2.4486,0.0053
2021-12-01,2.4436,-0.002
2021-12-02,2.4284,-0.0062
2021-12-03,2.4458,0.0072
2021-12-06,2.4249,-0.0085
2021-12-07,2.406,-0.0078000000000000005
2021-12-08,2.4419,0.0149
2021-12-09,2.4464,0.0018
2021-12-10,2.4491,0.0011
2021-12-13,2.4576,0.0034999999999999996
2021-12-14,2.4442,-0.0055000000000000005
2021-12-15,2.4409,-0.0014000000000000002
2021-12-16,2.4626,0.0089
2021-12-17,2.4377,-0.0101
2021-12-20,2.3952,-0.0174
2021-12-21,2.413,0.0074
2021-12-22,2.4228,0.0040999999999999995
2021-12-23,2.4315,0.0036
2021-12-24,2.4137,-0.0073
2021-12-27,2.4109,-0.0012
2021-12-28,2.4163,0.0022
2021-12-29,2.4068,-0.0039000000000000003
2021-12-30,2.4254,0.0077
2021-12-31,2.4431,0.0073
2022-01-04,2.4385,-0.0019
2022-01-05,2.3948,-0.0179
2022-01-06,2.3969,0.0009
2022-01-07,2.3849,-0.005
2022-01-10,2.392,0.003
2022-01-11,2.3754,-0.0069
2022-01-12,2.3978,0.009399999999999999
2022-01-13,2.3669,-0.0129
2022-01-14,2.3694,0.0011
2022-01-17,2.3941,0.0104
2022-01-18,2.3971,0.0013
2022-01-19,2.3819,-0.0063
2022-01-20,2.3593,-0.0095
2022-01-21,2.3328,-0.011200000000000002
2022-01-24,2.3383,0.0024
2022-01-25,2.266,-0.030899999999999997
2022-01-26,2.2814,0.0068000000000000005
2022-01-27,2.2186,-0.0275
2022-01-28,2.2093,-0.0042
2022-02-07,2.2473,0.0172
2022-02-08,2.2672,0.0089
2022-02-09,2.2985,0.0138
2022-02-10,2.3015,0.0013
2022-02-11,2.2734,-0.012199999999999999
2022-02-14,2.2595,-0.0060999999999999995
2022-02-15,2.2767,0.0076
2022-02-16,2.283,0.0028000000000000004
2022-02-17,2.2884,0.0024
2022-02-18,2.3059,0.0076
2022-02-21,2.3121,0.0027
2022-02-22,2.2881,-0.0104
2022-02-23,2.3212,0.014499999999999999
2022-02-24,2.2836,-0.016200000000000003
2022-02-25,2.3019,0.008
2022-02-28,2.3155,0.0059
2022-03-01,2.3174,0.0008
2022-03-02,2.3135,-0.0017000000000000001
2022-03-03,2.3143,0.0003
2022-03-04,2.2944,-0.0086
2022-03-07,2.2472,-0.0206
2022-03-08,2.1799,-0.029900000000000003
2022-03-09,2.1413,-0.0177
2022-03-10,2.1738,0.0152
2022-03-11,2.1924,0.0086
2022-03-14,2.1401,-0.0239
2022-03-15,2.0275,-0.0526
2022-03-16,2.0972,0.0344
2022-03-17,2.1296,0.0154
2022-03-18,2.1498,0.0095
2022-03-21,2.1553,0.0026
2022-03-22,2.1555,0.0001
2022-03-23,2.1649,0.0044
2022-03-24,2.1445,-0.009399999999999999
2022-03-25,2.1201,-0.011399999999999999
2022-03-28,2.1235,0.0016
2022-03-29,2.1134,-0.0048
2022-03-30,2.1569,0.0206
2022-03-31,2.1379,-0.0088
2022-04-01,2.1591,0.009899999999999999
2022-04-06,2.1517,-0.0034000000000000002
2022-04-07,2.1123,-0.0183
2022-04-08,2.1155,0.0015
2022-04-11,2.0538,-0.0292
2022-04-12,2.0892,0.0172
2022-04-13,2.0664,-0.0109
2022-04-14,2.0867,0.0098
2022-04-15,2.0679,-0.009000000000000001
2022-04-18,2.0684,0.0002
2022-04-19,2.0719,0.0017000000000000001
2022-04-20,2.0326,-0.019
2022-04-21,1.9682,-0.0317
2022-04-22,1.9681,-0.0001
2022-04-25,1.8499,-0.0601
2022-04-26,1.8073,-0.023
2022-04-27,1.8793,0.0398
2022-04-28,1.8775,-0.001
2022-04-29,1.949,0.0381
2022-05-05,1.9676,0.0095
2022-05-06,1.9313,-0.0184
2022-05-09,1.942,0.0055000000000000005
2022-05-10,1.9666,0.0127
2022-05-11,1.9783,0.0059
2022-05-12,1.9803,0.001
2022-05-13,1.9966,0.008199999999999999
2022-05-16,1.9981,0.0008
2022-05-17,2.0059,0.0039000000000000003
2022-05-18,2.0008,-0.0025
2022-05-19,2.0136,0.0064
2022-05-20,2.0424,0.0143
2022-05-23,2.0538,0.005600000000000001
2022-05-24,1.9862,-0.0329
2022-05-25,2.0127,0.013300000000000001
2022-05-26,2.0305,0.0088
2022-05-27,2.0289,-0.0008
2022-05-30,2.0428,0.0069
2022-05-31,2.0656,0.011200000000000002
2022-06-01,2.0649,-0.0003
2022-06-02,2.083,0.0088
2022-06-06,2.1218,0.018600000000000002
2022-06-07,2.1245,0.0013
2022-06-08,2.1346,0.0048
2022-06-09,2.1088,-0.0121
2022-06-10,2.1553,0.022099999999999998
2022-06-13,2.1529,-0.0011
2022-06-14,2.1661,0.0060999999999999995
2022-06-15,2.1619,-0.0019
2022-06-16,2.1603,-0.0007000000000000001
2022-06-17,2.1769,0.0077
2022-06-20,2.1803,0.0016
2022-06-21,2.161,-0.0089
2022-06-22,2.1351,-0.012
2022-06-23,2.1776,0.0199
2022-06-24,2.2024,0.011399999999999999
2022-06-27,2.2157,0.006
2022-06-28,2.2465,0.0139
2022-06-29,2.2013,-0.020099999999999996
2022-06-30,2.2216,0.0092
2022-07-01,2.226,0.002
2022-07-04,2.2515,0.0115
2022-07-05,2.2516,0.0
2022-07-06,2.2186,-0.0147
2022-07-07,2.2242,0.0025
2022-07-08,2.2089,-0.0069
2022-07-11,2.1726,-0.016399999999999998
2022-07-12,2.1463,-0.0121
2022-07-13,2.1517,0.0025
2022-07-14,2.164,0.005699999999999999
2022-07-15,2.1303,-0.015600000000000001
2022-07-18,2.1637,0.015700000000000002
2022-07-19,2.1694,0.0026
2022-07-20,2.1929,0.0108
2022-07-21,2.1627,-0.0138
2022-07-22,2.148,-0.0068000000000000005
2022-07-25,2.1268,-0.009899999999999999
2022-07-26,2.1487,0.0103
2022-07-27,2.1596,0.0051
2022-07-28,2.1697,0.004699999999999999
2022-07-29,2.1552,-0.0067
2022-08-01,2.1723,0.0079
2022-08-02,2.1029,-0.0319
2022-08-03,2.0874,-0.0074
2022-08-04,2.0996,0.0058
2022-08-05,2.1375,0.0181
2022-08-08,2.1596,0.0103
2022-08-09,2.1726,0.006
2022-08-10,2.1719,-0.0003
2022-08-11,2.2021,0.0139
2022-08-12,2.1955,-0.003
2022-08-15,2.2127,0.0078000000000000005
2022-08-16,2.2276,0.0067
2022-08-17,2.2249,-0.0012
2022-08-18,2.2271,0.001
2022-08-19,2.2029,-0.0109
2022-08-22,2.225,0.01
2022-08-23,2.2342,0.0040999999999999995
2022-08-24,2.1631,-0.0318
2022-08-25,2.1675,0.002
2022-08-26,2.1579,-0.0044
2022-08-29,2.1696,0.0054
2022-08-30,2.1533,-0.0075
2022-08-31,2.0908,-0.028999999999999998
2022-09-01,2.0853,-0.0026
2022-09-02,2.1001,0.0070999999999999995
2022-09-05,2.1104,0.0049
2022-09-06,2.1449,0.0163
2022-09-07,2.1511,0.0029
2022-09-08,2.1366,-0.0067
2022-09-09,2.1374,0.0004
2022-09-13,2.1314,-0.0028000000000000004
2022-09-14,2.1109,-0.0096
2022-09-15,2.052,-0.0279
2022-09-16,2.0105,-0.0202
2022-09-19,1.9916,-0.009399999999999999
2022-09-20,2.0113,0.009899999999999999
2022-09-21,2.0144,0.0015
2022-09-22,2.0181,0.0018
2022-09-23,1.9853,-0.0163
2022-09-26,1.9607,-0.0124
2022-09-27,1.9906,0.0152
2022-09-28,1.9389,-0.026000000000000002
2022-09-29,1.9455,0.0034000000000000002
2022-09-30,1.9195,-0.0134
2022-10-10,1.8872,-0.0168
2022-10-11,1.9034,0.0086
2022-10-12,1.9477,0.0233
2022-10-13,1.9653,0.009000000000000001
2022-10-14,2.0088,0.022099999999999998
2022-10-17,2.025,0.008100000000000001
2022-10-18,2.0381,0.006500000000000001
2022-10-19,2.0306,-0.0037
2022-10-20,2.0157,-0.0073
2022-10-21,2.0264,0.0053
2022-10-24,2.0135,-0.0064
2022-10-25,2.0094,-0.002
2022-10-26,2.0475,0.019
2022-10-27,2.0326,-0.0073
2022-10-28,1.9691,-0.031200000000000002
2022-10-31,1.9718,0.0014000000000000002
2022-11-01,2.0127,0.0207
2022-11-02,2.0322,0.0097
2022-11-03,2.0518,0.0096
2022-11-04,2.0874,0.0174
2022-11-07,2.0881,0.0003
2022-11-08,2.078,-0.0048
2022-11-09,2.0676,-0.005
2022-11-10,2.0448,-0.011000000000000001
2022-11-11,2.0536,0.0043
2022-11-14,2.0347,-0.0092
2022-11-15,2.073,0.018799999999999997
2022-11-16,2.0599,-0.0063
2022-11-17,2.0568,-0.0015
2022-11-18,2.0447,-0.0059
2022-11-21,2.0559,0.0055000000000000005
2022-11-22,2.0274,-0.0139
2022-11-23,2.0287,0.0006
2022-11-24,2.0367,0.0039000000000000003
2022-11-25,2.0169,-0.0097
2022-11-28,2.0105,-0.0032
2022-11-29,2.0317,0.0105
2022-11-30,2.0271,-0.0023
2022-12-01,2.0401,0.0064
2022-12-02,2.0447,0.0023
2022-12-05,2.0507,0.0029
2022-12-06,2.0486,-0.001
2022-12-07,2.0443,-0.0021
2022-12-08,2.0322,-0.0059
2022-12-09,2.0313,-0.0004
2022-12-12,2.0211,-0.005
2022-12-13,2.0071,-0.0069
2022-12-14,1.9984,-0.0043
2022-12-15,2.003,0.0023
2022-12-16,1.9798,-0.0116
2022-12-19,1.9472,-0.0165
2022-12-20,1.9359,-0.0058
2022-12-21,1.9241,-0.0060999999999999995
2022-12-22,1.8963,-0.0144
2022-12-23,1.8898,-0.0034000000000000002
2022-12-26,1.9219,0.017
2022-12-27,1.9436,0.0113
2022-12-28,1.9313,-0.0063
2022-12-29,1.9298,-0.0008
2022-12-30,1.9363,0.0034000000000000002
2022-12-31,1.9362,-0.0001
2023-01-03,1.963,0.0138
2023-01-04,1.9686,0.0029
2023-01-05,1.9826,0.0070999999999999995
2023-01-06,1.9836,0.0005
2023-01-09,1.9932,0.0048
2023-01-10,1.9951,0.001
2023-01-11,1.9834,-0.0059
2023-01-12,1.983,-0.0002
2023-01-13,1.9914,0.0042
2023-01-16,2.0031,0.0059
2023-01-17,2.0075,0.0022
2023-01-18,2.0148,0.0036
2023-01-19,2.0287,0.0069
2023-01-20,2.0459,0.0085
2023-01-30,2.0555,0.004699999999999999
2023-01-31,2.0636,0.0039000000000000003
2023-02-01,2.0871,0.011399999999999999
2023-02-02,2.0948,0.0037
2023-02-03,2.0893,-0.0026
2023-02-06,2.0824,-0.0033
2023-02-07,2.0923,0.0048
2023-02-08,2.0861,-0.003
2023-02-09,2.1154,0.013999999999999999
2023-02-10,2.1147,-0.0003
2023-02-13,2.1406,0.012199999999999999
2023-02-14,2.1484,0.0036
2023-02-15,2.1497,0.0006
2023-02-16,2.1116,-0.0177
2023-02-17,2.0992,-0.0059
2023-02-20,2.1332,0.016200000000000003
2023-02-21,2.1416,0.0039000000000000003
2023-02-22,2.1437,0.001
2023-02-23,2.1309,-0.006
2023-02-24,2.1235,-0.0034999999999999996
2023-02-27,2.1146,-0.0042
2023-02-28,2.1331,0.0087
2023-03-01,2.1407,0.0036
2023-03-02,2.1305,-0.0048
2023-03-03,2.1285,-0.0009
2023-03-06,2.1507,0.0104
2023-03-07,2.1106,-0.018600000000000002
2023-03-08,2.1163,0.0027
2023-03-09,2.1195,0.0015
2023-03-10,2.099,-0.0097
2023-03-13,2.1135,0.0069
2023-03-14,2.0936,-0.009399999999999999
2023-03-15,2.1012,0.0036
2023-03-16,2.0689,-0.0154
2023-03-17,2.0791,0.0049
2023-03-20,2.0757,-0.0016
2023-03-21,2.096,0.0098
2023-03-22,2.096,0.0
2023-03-23,2.097,0.0005
2023-03-24,2.0899,-0.0034000000000000002
2023-03-27,2.0958,0.0028000000000000004
2023-03-28,2.088,-0.0037
2023-03-29,2.0922,0.002
2023-03-30,2.0968,0.0022
2023-03-31,2.119,0.0106
2023-04-03,2.131,0.005699999999999999
2023-04-04,2.1227,-0.0039000000000000003
2023-04-06,2.1285,0.0027
2023-04-07,2.1407,0.005699999999999999
2023-04-10,2.1325,-0.0038
2023-04-11,2.1344,0.0009
2023-04-12,2.1438,0.0044
2023-04-13,2.1292,-0.0068000000000000005
2023-04-14,2.1446,0.0072
2023-04-17,2.1497,0.0024
2023-04-18,2.1518,0.001
2023-04-19,2.1458,-0.0028000000000000004
2023-04-20,2.1382,-0.0034999999999999996
2023-04-21,2.0942,-0.0206
2023-04-24,2.0913,-0.0014000000000000002
2023-04-25,2.0587,-0.015600000000000001
2023-04-26,2.0774,0.0091
2023-04-27,2.083,0.0027
2023-04-28,2.0933,0.0049
2023-05-04,2.0979,0.0022
2023-05-05,2.0635,-0.016399999999999998
2023-05-08,2.0713,0.0038
2023-05-09,2.0395,-0.0154
2023-05-10,2.0423,0.0014000000000000002
2023-05-11,2.0411,-0.0006
2023-05-12,2.0213,-0.0097
2023-05-15,2.0323,0.0054
2023-05-16,2.0128,-0.0096
2023-05-17,2.0258,0.006500000000000001
2023-05-18,2.0334,0.0038
2023-05-19,2.0427,0.0046
2023-05-22,2.0504,0.0038
2023-05-23,2.0314,-0.009300000000000001
2023-05-24,2.0277,-0.0018
2023-05-25,2.0252,-0.0012
2023-05-26,2.0404,0.0075
2023-05-29,2.0353,-0.0025
2023-05-30,2.0409,0.0028000000000000004
2023-05-31,2.0363,-0.0023
2023-06-01,2.0392,0.0014000000000000002
2023-06-02,2.0535,0.006999999999999999
2023-06-05,2.0599,0.0031
2023-06-06,2.0239,-0.0175
2023-06-07,2.0266,0.0013
2023-06-08,2.019,-0.0038
2023-06-09,2.0297,0.0053
2023-06-12,2.039,0.0046
2023-06-13,2.0419,0.0014000000000000002
2023-06-14,2.0457,0.0019
2023-06-15,2.0571,0.005600000000000001
2023-06-16,2.0683,0.0054
2023-06-19,2.0683,0.0
2023-06-20,2.0661,-0.0011
2023-06-21,2.0358,-0.0147
2023-06-26,2.0002,-0.0175
2023-06-27,2.0302,0.015
2023-06-28,2.029,-0.0006
2023-06-29,2.05,0.0103
2023-06-30,2.0767,0.013000000000000001
2023-07-03,2.0864,0.004699999999999999
2023-07-04,2.0908,0.0021
2023-07-05,2.0814,-0.0045000000000000005
2023-07-06,2.0767,-0.0023
2023-07-07,2.0701,-0.0032
2023-07-10,2.069,-0.0005
2023-07-11,2.0849,0.0077
2023-07-12,2.0598,-0.012
2023-07-13,2.0768,0.0083
2023-07-14,2.0751,-0.0008
2023-07-17,2.0709,-0.002
2023-07-18,2.0686,-0.0011
2023-07-19,2.0635,-0.0025
2023-07-20,2.0403,-0.011200000000000002
2023-07-21,2.0368,-0.0017000000000000001
2023-07-24,2.0376,0.0004
2023-07-25,2.0672,0.014499999999999999
2023-07-26,2.0571,-0.0049
2023-07-27,2.0425,-0.0070999999999999995
2023-07-28,2.059,0.008100000000000001
2023-07-31,2.075,0.0078000000000000005
2023-08-01,2.07,-0.0024
2023-08-02,2.064,-0.0029
2023-08-03,2.0589,-0.0025
2023-08-04,2.0643,0.0026
2023-08-07,2.0529,-0.0055000000000000005
2023-08-08,2.0501,-0.0014000000000000002
2023-08-09,2.0339,-0.0079
2023-08-10,2.0349,0.0005
2023-08-11,2.0039,-0.0152
2023-08-14,2.0116,0.0038
2023-08-15,1.9997,-0.0059
2023-08-16,1.9778,-0.011000000000000001
2023-08-17,2.0041,0.013300000000000001
2023-08-18,1.972,-0.016
2023-08-21,1.957,-0.0076
2023-08-22,1.9646,0.0039000000000000003
2023-08-23,1.932,-0.0166
2023-08-24,1.9348,0.0014000000000000002
2023-08-25,1.8996,-0.0182
2023-08-28,1.9142,0.0077
2023-08-29,1.9784,0.0335
2023-08-30,1.9941,0.0079
2023-08-31,1.9822,-0.006
2023-09-01,1.9824,0.0001
2023-09-04,2.0017,0.0097
2023-09-05,1.9944,-0.0036
2023-09-06,2.0026,0.0040999999999999995
2023-09-07,1.974,-0.0143
2023-09-08,1.9791,0.0026
2023-09-11,1.9979,0.0095
2023-09-12,1.9949,-0.0015
2023-09-13,1.9705,-0.012199999999999999
2023-09-14,1.9599,-0.0054
2023-09-15,1.9611,0.0006
2023-09-18,1.9726,0.0059
2023-09-19,1.9526,-0.0101
2023-09-20,1.9392,-0.0069
2023-09-21,1.9244,-0.0076
2023-09-22,1.9585,0.0177
2023-09-25,1.9487,-0.005
2023-09-26,1.9436,-0.0026
2023-09-27,1.9546,0.005699999999999999
2023-09-28,1.9756,0.010700000000000001
2023-10-09,1.9615,-0.0070999999999999995
2023-10-10,1.9486,-0.0066
2023-10-11,1.9506,0.001
2023-10-12,1.9592,0.0044
2023-10-13,1.9452,-0.0070999999999999995
2023-10-16,1.9311,-0.0072
2023-10-17,1.9248,-0.0033
2023-10-18,1.8894,-0.0184
2023-10-19,1.876,-0.0070999999999999995
2023-10-20,1.8597,-0.0087
2023-10-23,1.8179,-0.0225
2023-10-24,1.8601,0.0232
2023-10-25,1.8822,0.011899999999999999
2023-10-26,1.8919,0.0052
2023-10-27,1.9218,0.0158
2023-10-30,1.9381,0.0085
2023-10-31,1.93,-0.0042
2023-11-01,1.9346,0.0024
2023-11-02,1.915,-0.0101
2023-11-03,1.934,0.009899999999999999
2023-11-06,1.9635,0.015300000000000001
2023-11-07,1.9695,0.0031
2023-11-08,1.9713,0.0009
2023-11-09,1.9626,-0.0044
2023-11-10,1.9617,-0.0005
2023-11-13,1.9796,0.0091
2023-11-14,1.9848,0.0026
2023-11-15,1.995,0.0051
2023-11-16,1.9815,-0.0068000000000000005
2023-11-17,1.9993,0.009000000000000001
2023-11-20,2.015,0.0079
2023-11-21,2.0123,-0.0013
2023-11-22,1.9977,-0.0073
2023-11-23,2.0144,0.0084
2023-11-24,1.9954,-0.009399999999999999
2023-11-27,1.9941,-0.0007000000000000001
2023-11-28,2.0107,0.0083
2023-11-29,2.0013,-0.004699999999999999
2023-11-30,1.9905,-0.0054
2023-12-01,2.0001,0.0048
2023-12-04,2.0022,0.001
2023-12-05,1.9736,-0.0143
2023-12-06,1.9889,0.0078000000000000005
2023-12-07,1.9874,-0.0008
2023-12-08,1.9642,-0.011699999999999999
2023-12-11,1.9831,0.0096
2023-12-12,1.9902,0.0036
2023-12-13,1.982,-0.0040999999999999995
2023-12-14,1.982,0.0
2023-12-15,1.9756,-0.0032
2023-12-18,1.9541,-0.0109
2023-12-19,1.9587,0.0024
2023-12-20,1.9427,-0.008199999999999999
2023-12-21,1.9536,0.005600000000000001
2023-12-22,1.9297,-0.012199999999999999
2023-12-25,1.9199,-0.0051
2023-12-26,1.8955,-0.0127
2023-12-27,1.9092,0.0072
2023-12-28,1.9442,0.0183
2023-12-29,1.9729,0.0148
2023-12-31,1.9727,-0.0001
2024-01-02,1.9806,0.004
2024-01-03,1.9782,-0.0012
2024-01-04,1.9729,-0.0027
2024-01-05,1.9445,-0.0144
2024-01-08,1.9089,-0.0183
2024-01-09,1.9183,0.0049
2024-01-10,1.906,-0.0064
2024-01-11,1.934,0.0147
2024-01-12,1.9245,-0.0049
2024-01-15,1.9199,-0.0024
2024-01-16,1.9106,-0.0048
2024-01-17,1.8675,-0.0226
2024-01-18,1.8477,-0.0106
2024-01-19,1.8301,-0.0095
2024-01-22,1.7266,-0.056600000000000004
2024-01-23,1.7219,-0.0027
2024-01-24,1.7509,0.0168
2024-01-25,1.8181,0.0384
2024-01-26,1.8196,0.0008
2024-01-29,1.7669,-0.028999999999999998
2024-01-30,1.7154,-0.0291
2024-01-31,1.6334,-0.0478
2024-02-01,1.604,-0.018000000000000002
2024-02-02,1.5321,-0.044800000000000006
2024-02-05,1.401,-0.08560000000000001
2024-02-06,1.4186,0.0126
2024-02-07,1.3779,-0.0287
2024-02-08,1.472,0.0683
2024-02-19,1.5213,0.0335
2024-02-20,1.5428,0.0141
2024-02-21,1.5686,0.0167
2024-02-22,1.6035,0.0222
2024-02-23,1.6469,0.0271
2024-02-26,1.6683,0.013000000000000001
2024-02-27,1.7127,0.026600000000000002
2024-02-28,1.6087,-0.060700000000000004
2024-02-29,1.6639,0.034300000000000004
2024-03-01,1.6833,0.011699999999999999
2024-03-04,1.6824,-0.0005
2024-03-05,1.6529,-0.0175
2024-03-06,1.6672,0.0087
2024-03-07,1.6615,-0.0034000000000000002
2024-03-08,1.6741,0.0076
2024-03-11,1.7025,0.017
2024-03-12,1.7244,0.0129
2024-03-13,1.7271,0.0016
2024-03-14,1.7185,-0.005
2024-03-15,1.7438,0.0147
2024-03-18,1.7749,0.0178
2024-03-19,1.774,-0.0005
2024-03-20,1.7956,0.012199999999999999
2024-03-21,1.7987,0.0017000000000000001
2024-03-22,1.7776,-0.011699999999999999
2024-03-25,1.7376,-0.0225
2024-03-26,1.7367,-0.0005
2024-03-27,1.6922,-0.0256
2024-03-28,1.7253,0.0196
2024-03-29,1.7496,0.0141
2024-04-01,1.7878,0.0218
2024-04-02,1.793,0.0029
2024-04-03,1.7845,-0.004699999999999999
2024-04-08,1.7405,-0.024700000000000003
2024-04-09,1.7654,0.0143
2024-04-10,1.7292,-0.020499999999999997
2024-04-11,1.7366,0.0043
2024-04-12,1.7238,-0.0074
2024-04-15,1.6699,-0.0313
2024-04-16,1.5772,-0.0555
2024-04-17,1.6527,0.0479
2024-04-18,1.6504,-0.0014000000000000002
2024-04-19,1.6401,-0.0062
2024-04-22,1.6319,-0.005
2024-04-23,1.6284,-0.0021
2024-04-24,1.6473,0.0116
2024-04-25,1.6494,0.0013
2024-04-26,1.6807,0.019
2024-04-29,1.7183,0.022400000000000003
2024-04-30,1.7062,-0.006999999999999999
2024-05-06,1.7369,0.018000000000000002
2024-05-07,1.7405,0.0021
2024-05-08,1.7174,-0.013300000000000001
2024-05-09,1.7428,0.0148
2024-05-10,1.7306,-0.006999999999999999
2024-05-13,1.7134,-0.009899999999999999
2024-05-14,1.723,0.005600000000000001
2024-05-15,1.7082,-0.0086
2024-05-16,1.7076,-0.0004
2024-05-17,1.7278,0.0118
2024-05-20,1.7319,0.0024
2024-05-21,1.7162,-0.0091
2024-05-22,1.7193,0.0018
2024-05-23,1.6833,-0.0209
2024-05-24,1.6692,-0.0084
2024-05-27,1.6812,0.0072
2024-05-28,1.666,-0.009000000000000001
2024-05-29,1.6671,0.0007000000000000001
2024-05-30,1.6634,-0.0022
2024-05-31,1.6723,0.0054
2024-06-03,1.6481,-0.014499999999999999
2024-06-04,1.6543,0.0038
2024-06-05,1.6355,-0.011399999999999999
2024-06-06,1.6002,-0.0216
2024-06-07,1.6128,0.0079
2024-06-11,1.6201,0.0045000000000000005
2024-06-12,1.6276,0.0046
2024-06-13,1.6158,-0.0072
2024-06-14,1.6201,0.0027
2024-06-17,1.6164,-0.0023
2024-06-18,1.6304,0.0087
2024-06-19,1.6128,-0.0108
2024-06-20,1.5849,-0.0173
2024-06-21,1.5844,-0.0003
2024-06-24,1.5387,-0.0288
2024-06-25,1.5349,-0.0025
2024-06-26,1.5735,0.025099999999999997
2024-06-27,1.5435,-0.0191
2024-06-28,1.5501,0.0043
2024-06-30,1.5499,-0.0001
2024-07-01,1.5655,0.0101
2024-07-02,1.5587,-0.0043
2024-07-03,1.5504,-0.0053
2024-07-04,1.5206,-0.0192
2024-07-05,1.5347,0.009300000000000001
2024-07-08,1.4999,-0.0227
2024-07-09,1.5278,0.018600000000000002
2024-07-10,1.5237,-0.0027
2024-07-11,1.5591,0.0232
2024-07-12,1.5554,-0.0024
2024-07-15,1.5399,-0.01
2024-07-16,1.5398,-0.0001
2024-07-17,1.5289,-0.0070999999999999995
2024-07-18,1.5327,0.0025
2024-07-19,1.5344,0.0011
2024-07-22,1.5303,-0.0027
2024-07-23,1.4934,-0.0241
2024-07-24,1.4752,-0.012199999999999999
2024-07-25,1.4754,0.0001
2024-07-26,1.4959,0.0139
2024-07-29,1.4864,-0.0064
2024-07-30,1.4855,-0.0006
2024-07-31,1.5408,0.037200000000000004
2024-08-01,1.535,-0.0038
2024-08-02,1.5153,-0.0128
2024-08-05,1.4817,-0.0222
2024-08-06,1.4988,0.0115
2024-08-07,1.496,-0.0019
2024-08-08,1.4991,0.0021
2024-08-09,1.4916,-0.005
2024-08-12,1.4864,-0.0034999999999999996
2024-08-13,1.4939,0.005
2024-08-14,1.4801,-0.0092
2024-08-15,1.4936,0.0091
2024-08-16,1.4874,-0.0042
2024-08-19,1.4903,0.0019
2024-08-20,1.4674,-0.0154
2024-08-21,1.4605,-0.004699999999999999
2024-08-22,1.4481,-0.0085
2024-08-23,1.4475,-0.0004
2024-08-26,1.4515,0.0028000000000000004
2024-08-27,1.436,-0.010700000000000001
2024-08-28,1.4385,0.0017000000000000001
2024-08-29,1.4563,0.0124
2024-08-30,1.4789,0.0155
2024-09-02,1.4485,-0.0206
2024-09-03,1.4586,0.006999999999999999
2024-09-04,1.4524,-0.0043
2024-09-05,1.4606,0.005600000000000001
2024-09-06,1.4389,-0.0149
2024-09-09,1.4296,-0.006500000000000001
2024-09-10,1.4336,0.0028000000000000004
2024-09-11,1.4318,-0.0013
2024-09-12,1.4288,-0.0021
2024-09-13,1.4163,-0.0087
2024-09-18,1.4138,-0.0018
2024-09-19,1.4358,0.015600000000000001
2024-09-20,1.4282,-0.0053
2024-09-23,1.4285,0.0002
2024-09-24,1.4832,0.0383
2024-09-25,1.495,0.008
2024-09-26,1.5514,0.0377
2024-09-27,1.6233,0.0463
2024-09-30,1.7811,0.09720000000000001
2024-10-08,1.9097,0.0722
2024-10-09,1.765,-0.0758
2024-10-10,1.7636,-0.0008
2024-10-11,1.6988,-0.036699999999999997
2024-10-14,1.7448,0.0271
2024-10-15,1.7095,-0.0202
2024-10-16,1.716,0.0038
2024-10-17,1.7029,-0.0076
2024-10-18,1.7606,0.0339
2024-10-21,1.7717,0.0063
2024-10-22,1.785,0.0075
2024-10-23,1.7942,0.0052
2024-10-24,1.7858,-0.004699999999999999
2024-10-25,1.8172,0.0176
2024-10-28,1.8406,0.0129
2024-10-29,1.8108,-0.016200000000000003
2024-10-30,1.8113,0.0003
2024-10-31,1.8292,0.009899999999999999
2024-11-01,1.7948,-0.018799999999999997
2024-11-04,1.8268,0.0178
2024-11-05,1.8781,0.0281
2024-11-06,1.8814,0.0018
2024-11-07,1.9179,0.0194
2024-11-08,1.9193,0.0007000000000000001
2024-11-11,1.9549,0.018500000000000003
2024-11-12,1.9324,-0.0115
2024-11-13,1.9354,0.0016
2024-11-14,1.8862,-0.0254
2024-11-15,1.8593,-0.0143
2024-11-18,1.834,-0.013600000000000001
2024-11-19,1.8712,0.0203
2024-11-20,1.8979,0.0143
2024-11-21,1.8971,-0.0004
2024-11-22,1.8369,-0.0317
2024-11-25,1.8437,0.0037
2024-11-26,1.8307,-0.0070999999999999995
2024-11-27,1.8654,0.019
2024-11-28,1.8605,-0.0026
2024-11-29,1.8877,0.0146
2024-12-02,1.9203,0.0173
2024-12-03,1.9218,0.0008
2024-12-04,1.8959,-0.013500000000000002
2024-12-05,1.9141,0.0096
2024-12-06,1.9384,0.0127
2024-12-09,1.9316,-0.0034999999999999996
2024-12-10,1.9447,0.0068000000000000005
2024-12-11,1.9698,0.0129
2024-12-12,1.9837,0.0070999999999999995
2024-12-13,1.9507,-0.0166
2024-12-16,1.9356,-0.0077
2024-12-17,1.9073,-0.0146
2024-12-18,1.9175,0.0053
2024-12-19,1.9236,0.0032
2024-12-20,1.9321,0.0044
2024-12-23,1.8915,-0.021
2024-12-24,1.9135,0.0116
2024-12-25,1.8988,-0.0077
2024-12-26,1.9145,0.0083
2024-12-27,1.9247,0.0053
2024-12-30,1.9189,-0.003
2024-12-31,1.8731,-0.0239
2025-01-02,1.8246,-0.0259
2025-01-03,1.7889,-0.0196
2025-01-06,1.7919,0.0017000000000000001
2025-01-07,1.8085,0.009300000000000001
2025-01-08,1.798,-0.0058
2025-01-09,1.7945,-0.0019
2025-01-10,1.767,-0.015300000000000001
2025-01-13,1.7712,0.0024
2025-01-14,1.8346,0.0358
2025-01-15,1.824,-0.0058
2025-01-16,1.8301,0.0033
2025-01-17,1.8473,0.009399999999999999
2025-01-20,1.8606,0.0072
2025-01-21,1.866,0.0029
2025-01-22,1.8538,-0.006500000000000001
2025-01-23,1.8501,-0.002
2025-01-24,1.8762,0.0141
2025-01-27,1.8637,-0.0067
2025-02-05,1.8615,-0.0012
2025-02-06,1.8991,0.0202
2025-02-07,1.9201,0.0111
2025-02-10,1.9329,0.0067
2025-02-11,1.9315,-0.0007000000000000001
2025-02-12,1.9518,0.0105
2025-02-13,1.9295,-0.011399999999999999
2025-02-14,1.9385,0.004699999999999999
2025-02-17,1.9417,0.0017000000000000001
2025-02-18,1.912,-0.015300000000000001
2025-02-19,1.9441,0.0168
2025-02-20,1.9564,0.0063
2025-02-21,1.9836,0.0139
2025-02-24,1.9876,0.002
2025-02-25,1.9802,-0.0037
2025-02-26,2.0023,0.011200000000000002
2025-02-27,1.9952,-0.0034999999999999996
2025-02-28,1.9411,-0.0271
2025-03-03,1.9437,0.0013
2025-03-04,1.9647,0.0108
2025-03-05,1.9772,0.0064
2025-03-06,2.0128,0.018000000000000002
2025-03-07,2.0074,-0.0027
2025-03-10,2.0092,0.0009
2025-03-11,2.0164,0.0036
2025-03-12,2.0242,0.0039000000000000003
2025-03-13,2.0,-0.012
2025-03-14,2.0317,0.0158
2025-03-17,2.0347,0.0015
2025-03-18,2.0435,0.0043
2025-03-19,2.0343,-0.0045000000000000005
2025-03-20,2.0364,0.001
2025-03-21,2.0106,-0.0127
2025-03-24,2.0,-0.0053
2025-03-25,2.0028,0.0014000000000000002
2025-03-26,2.0105,0.0038
2025-03-27,2.0111,0.0003
2025-03-28,1.9961,-0.0075
2025-03-31,1.984,-0.0060999999999999995
2025-04-01,1.9969,0.006500000000000001
2025-04-02,2.002,0.0026
2025-04-03,1.9811,-0.0104
2025-04-07,1.7781,-0.1025
2025-04-08,1.7915,0.0075
2025-04-09,1.824,0.0181
2025-04-10,1.8629,0.0213
2025-04-11,1.8804,0.009399999999999999
2025-04-14,1.8996,0.0102
2025-04-15,1.8951,-0.0024
2025-04-16,1.8707,-0.0129
2025-04-17,1.8752,0.0024
2025-04-18,1.8753,0.0001
2025-04-21,1.9102,0.018600000000000002
2025-04-22,1.9088,-0.0007000000000000001
2025-04-23,1.9268,0.009399999999999999
2025-04-24,1.9171,-0.005
2025-04-25,1.9238,0.0034999999999999996
2025-04-28,1.9061,-0.0092
2025-04-29,1.9126,0.0034000000000000002
2025-04-30,1.9256,0.0068000000000000005
2025-05-06,1.9616,0.0187
2025-05-07,1.9652,0.0018
2025-05-08,1.9759,0.0054
2025-05-09,1.961,-0.0075
2025-05-12,1.98,0.0097
2025-05-13,1.9773,-0.0014000000000000002
2025-05-14,1.9784,0.0006
2025-05-15,1.9579,-0.0104
2025-05-16,1.9616,0.0019
2025-05-19,1.9717,0.0051
2025-05-20,1.985,0.0067
2025-05-21,1.9833,-0.0009
2025-05-22,1.9668,-0.0083
2025-05-23,1.9487,-0.0092
2025-05-26,1.9564,0.004
2025-05-27,1.9557,-0.0004
2025-05-28,1.9527,-0.0015
2025-05-29,1.9804,0.014199999999999999
2025-05-30,1.9657,-0.0074
2025-06-03,1.976,0.0052
2025-06-04,1.9921,0.008100000000000001
2025-06-05,1.9983,0.0031
2025-06-06,1.9994,0.0006
2025-06-09,2.0135,0.0070999999999999995
2025-06-10,1.9997,-0.0069
2025-06-11,2.0083,0.0043
2025-06-12,2.0111,0.0014000000000000002
2025-06-13,1.988,-0.0115
2025-06-16,1.9965,0.0043
2025-06-17,1.9951,-0.0007000000000000001
2025-06-18,1.9945,-0.0003
2025-06-19,1.9728,-0.0109
2025-06-20,1.9677,-0.0026
2025-06-23,1.9823,0.0074
2025-06-24,2.0179,0.018000000000000002
2025-06-25,2.0382,0.0101
2025-06-26,2.0306,-0.0037
2025-06-27,2.0403,0.0048
2025-06-30,2.0562,0.0078000000000000005
2025-07-01,2.0643,0.0039000000000000003
2025-07-02,2.0564,-0.0038
2025-07-03,2.0685,0.0059
2025-07-04,2.0598,-0.0042
2025-07-07,2.0653,0.0027
2025-07-08,2.0885,0.011200000000000002
2025-07-09,2.0887,0.0001
2025-07-10,2.0955,0.0033
2025-07-11,2.1104,0.0070999999999999995
2025-07-14,2.1147,0.002
2025-07-15,2.1035,-0.0053
2025-07-16,2.1097,0.0029
2025-07-17,2.1273,0.0083
2025-07-18,2.1311,0.0018
2025-07-21,2.1517,0.0097
2025-07-22,2.1636,0.0055000000000000005
2025-07-23,2.1556,-0.0037
2025-07-24,2.1809,0.011699999999999999
2025-07-25,2.1827,0.0008
2025-07-28,2.1844,0.0008
2025-07-29,2.1887,0.002
2025-07-30,2.1816,-0.0032
2025-07-31,2.1565,-0.0115
2025-08-01,2.1673,0.005
2025-08-04,2.1866,0.0089
2025-08-05,2.2018,0.006999999999999999
2025-08-06,2.2186,0.0076
2025-08-07,2.2137,-0.0022
2025-08-08,2.2141,0.0002
2025-08-11,2.2399,0.011699999999999999
2025-08-12,2.2425,0.0012
2025-08-13,2.261,0.008199999999999999
2025-08-14,2.2293,-0.013999999999999999
2025-08-15,2.2672,0.017
2025-08-18,2.2903,0.0102
2025-08-19,2.2916,0.0006
2025-08-20,2.3189,0.011899999999999999
2025-08-21,2.3139,-0.0022
2025-08-22,2.3354,0.009300000000000001
2025-08-25,2.3636,0.0121
2025-08-26,2.3721,0.0036
2025-08-27,2.3286,-0.0183
2025-08-28,2.3508,0.0095
2025-08-29,2.3464,-0.0019
2025-09-01,2.355,0.0037
2025-09-02,2.3115,-0.018500000000000003
2025-09-03,2.2835,-0.0121
2025-09-04,2.2583,-0.011000000000000001
2025-09-05,2.3113,0.0235
2025-09-08,2.3423,0.0134
2025-09-09,2.3207,-0.0092
2025-09-10,2.3166,-0.0018
2025-09-11,2.3571,0.0175
2025-09-12,2.3532,-0.0017000000000000001
2025-09-15,2.3491,-0.0017000000000000001
2025-09-16,2.3686,0.0083
2025-09-17,2.3937,0.0106
2025-09-18,2.3635,-0.0126
2025-09-19,2.3468,-0.0070999999999999995
2025-09-22,2.3544,0.0032
2025-09-23,2.331,-0.009899999999999999
2025-09-24,2.3786,0.0204
2025-09-25,2.3749,-0.0016
2025-09-26,2.3513,-0.009899999999999999
2025-09-29,2.3683,0.0072
2025-09-30,2.388,0.0083
2025-10-09,2.4076,0.008199999999999999
2025-10-10,2.3889,-0.0078000000000000005
2025-10-13,2.3778,-0.0046
2025-10-14,2.3427,-0.0148
2025-10-15,2.3781,0.0151
2025-10-16,2.3557,-0.009399999999999999
2025-10-17,2.2852,-0.029900000000000003
2025-10-20,2.3033,0.0079
2025-10-21,2.3424,0.017
2025-10-22,2.3361,-0.0027
2025-10-23,2.346,0.0042
2025-10-24,2.3652,0.008199999999999999
2025-10-27,2.3854,0.0085
2025-10-28,2.3818,-0.0015
2025-10-29,2.3871,0.0022
2025-10-30,2.3601,-0.0113
2025-10-31,2.3748,0.0062
2025-11-03,2.3789,0.0017000000000000001
2025-11-04,2.35,-0.0121
2025-11-05,2.3608,0.0046
2025-11-06,2.3736,0.0054
2025-11-07,2.3702,-0.0014000000000000002
2025-11-10,2.3821,0.005
2025-11-11,2.3845,0.001
2025-11-12,2.3703,-0.006
2025-11-13,2.3953,0.0105
2025-11-14,2.3788,-0.0069
2025-11-17,2.3744,-0.0018
2025-11-18,2.3559,-0.0078000000000000005
2025-11-19,2.3275,-0.0121
2025-11-20,2.312,-0.0067
2025-11-21,2.2366,-0.0326
2025-11-24,2.2795,0.0192
2025-11-25,2.3042,0.0108
2025-11-26,2.2993,-0.0021
2025-11-27,2.3034,0.0018
2025-11-28,2.3293,0.011200000000000002
2025-12-01,2.3506,0.0091
2025-12-02,2.3373,-0.005699999999999999
2025-12-03,2.3182,-0.008199999999999999
2025-12-04,2.3107,-0.0032
2025-12-05,2.3449,0.0148
2025-12-08,2.362,0.0073
2025-12-09,2.3506,-0.0048
2025-12-10,2.3496,-0.0004
2025-12-11,2.3135,-0.0154
2025-12-12,2.3269,0.0058
2025-12-15,2.311,-0.0068000000000000005
2025-12-16,2.2794,-0.0137
2025-12-17,2.3051,0.0113
2025-12-18,2.3108,0.0025
2025-12-19,2.3383,0.011899999999999999
2025-12-22,2.3525,0.0060999999999999995
2025-12-23,2.3428,-0.0040999999999999995
2025-12-24,2.3757,0.013999999999999999
2025-12-25,2.4023,0.011200000000000002
2025-12-26,2.4013,-0.0004
2025-12-29,2.3996,-0.0007000000000000001
2025-12-30,2.4056,0.0025
2025-12-31,2.4071,0.0006
2026-01-05,2.4534,0.0192
2026-01-06,2.4751,0.0088
2026-01-07,2.4786,0.0014000000000000002
2026-01-08,2.4937,0.0060999999999999995
2026-01-09,2.547,0.021400000000000002
2026-01-12,2.6202,0.0287
2026-01-13,2.5849,-0.013500000000000002
2026-01-14,2.6127,0.0108
2026-01-15,2.5912,-0.008199999999999999
2026-01-16,2.5913,0.0
2026-01-19,2.6054,0.0054
2026-01-20,2.5905,-0.005699999999999999
2026-01-21,2.6115,0.008100000000000001
2026-01-22,2.6276,0.0062
2026-01-23,2.6727,0.0172
2026-01-26,2.6417,-0.0116
2026-01-27,2.6447,0.0011
2026-01-28,2.6318,-0.0049
2026-01-29,2.6157,-0.0060999999999999995
2026-01-30,2.602,-0.0052
2026-02-02,2.5336,-0.0263
2026-02-03,2.5956,0.0245
2026-02-04,2.5958,0.0001
2026-02-05,2.5687,-0.0104
2026-02-06,2.5679,-0.0003
2026-02-09,2.6121,0.0172
2026-02-10,2.6243,0.004699999999999999
2026-02-11,2.622,-0.0009
2026-02-12,2.6347,0.0048
2026-02-13,2.6119,-0.0087
2026-02-24,2.6298,0.0069
2026-02-25,2.656,0.01
2026-02-26,2.6701,0.0053
2026-02-27,2.6838,0.0051
2026-03-02,2.6282,-0.0207
2026-03-03,2.5436,-0.0322
2026-03-04,2.5129,-0.0121
2026-03-05,2.5437,0.0123
2026-03-06,2.5781,0.013500000000000002
2026-03-09,2.5617,-0.0064
2026-03-10,2.6012,0.0154
2026-03-11,2.6072,0.0023
2026-03-12,2.5974,-0.0038
2026-03-13,2.5723,-0.0097
2026-03-16,2.5741,0.0007000000000000001
2026-03-17,2.5261,-0.018600000000000002
2026-03-18,2.5507,0.0097
2026-03-19,2.5006,-0.0196
2026-03-20,2.4506,-0.02
2026-03-23,2.3257,-0.051
2026-03-24,2.3952,0.029900000000000003
2026-03-25,2.4383,0.018000000000000002
2026-03-26,2.4058,-0.013300000000000001
2026-03-27,2.4279,0.0092
2026-03-30,2.4228,-0.0021
2026-03-31,2.3942,-0.0118
2026-04-01,2.4357,0.0173
2026-04-02,2.395,-0.0167
2026-04-03,2.3567,-0.016
2026-04-07,2.377,0.0086
2026-04-08,2.4684,0.0385
2026-04-09,2.4378,-0.0124
2026-04-10,2.4705,0.0134
2026-04-13,2.4652,-0.0021
2026-04-14,2.4885,0.0095
2026-04-15,2.486,-0.001
2026-04-16,2.5181,0.0129
2026-04-17,2.5249,0.0027
2026-04-20,2.527,0.0008
2026-04-21,2.5186,-0.0033
2026-04-22,2.5419,0.009300000000000001
2026-04-23,2.5052,-0.0144
2026-04-24,2.4897,-0.0062
2026-04-27,2.5073,0.0070999999999999995
2026-04-28,2.4689,-0.015300000000000001
2026-04-29,2.4983,0.011899999999999999
2026-04-30,2.4996,0.0005
2026-05-06,2.5281,0.011399999999999999
2026-05-07,2.5554,0.0108
2026-05-08,2.5775,0.0086
2026-05-11,2.6089,0.012199999999999999
2026-05-12,2.5849,-0.0092
2026-05-13,2.6102,0.0098
2026-05-14,2.5697,-0.0155
2026-05-15,2.5644,-0.0021
2026-05-18,2.5681,0.0014000000000000002
2026-05-19,2.5987,0.011899999999999999
2026-05-20,2.5817,-0.006500000000000001
2026-05-21,2.5225,-0.0229
2026-05-22,2.5786,0.0222
2026-05-25,2.5835,0.0019
2026-05-26,2.5541,-0.011399999999999999
2026-05-27,2.521,-0.013000000000000001
2026-05-28,2.5304,0.0037
2026-05-29,2.4602,-0.0277
2026-06-01,2.4718,0.004699999999999999
2026-06-02,2.4609,-0.0044
2026-06-03,2.4562,-0.0019
2026-06-04,2.4438,-0.005
2026-06-05,2.4529,0.0037
2026-06-08,2.3971,-0.0227
2026-06-09,2.4428,0.0191
2026-06-10,2.4141,-0.011699999999999999
2026-06-11,2.3755,-0.016
2026-06-12,2.405,0.0124
2026-06-15,2.4744,0.028900000000000002
2026-06-16,2.5037,0.0118
2026-06-17,2.5096,0.0024
2026-06-18,2.5232,0.0054
2026-06-22,2.5399,0.0066
2026-06-23,2.5251,-0.0058
2026-06-24,2.5203,-0.0019
2026-06-25,2.5039,-0.006500000000000001
2026-06-26,2.4398,-0.0256
2026-06-29,2.4366,-0.0013
2026-06-30,2.4848,0.019799999999999998
2026-07-01,2.5185,0.013600000000000001
2026-07-02,2.4824,-0.0143
2026-07-03,2.5087,0.0106
2026-07-06,2.4663,-0.0169
2026-07-07,2.4154,-0.0206
2026-07-08,2.3802,-0.0146
2026-07-09,2.3969,0.006999999999999999
2026-07-10,2.3869,-0.0042
2026-07-13,2.2895,-0.0408
2026-07-14,2.3237,0.0149
2026-07-15,2.3243,0.0003
2026-07-16,2.2977,-0.011399999999999999
2026-07-17,2.1854,-0.0489
2026-07-20,2.1514,-0.015600000000000001
2026-07-21,2.2132,0.0287
2026-07-22,2.181,-0.014499999999999999
2026-07-23,2.2023,0.0098
2026-07-24,2.1447,-0.0262
2026-07-27,2.2178,0.0341
2026-07-28,2.1922,-0.0115
2026-07-29,2.232,0.0182
2026-07-30,2.201,-0.0139
2026-07-31,2.2498,0.0222
2026-08-03,2.2605,0.0048
2026-08-04,2.2951,0.015300000000000001
