date,nav,ret
2010-04-19,1.0,0.0
2010-04-22,1.0,0.0
2010-04-30,0.983,-0.017
2010-05-07,0.947,-0.036623
2010-05-14,0.955,0.008448
2010-05-21,0.944,-0.011517999999999999
2010-05-28,0.956,0.012712000000000001
2010-05-31,0.936,-0.020921
2010-06-01,0.93,-0.00641
2010-06-02,0.938,0.008602
2010-06-03,0.93,-0.008529
2010-06-04,0.936,0.006452
2010-06-07,0.925,-0.011752
2010-06-08,0.923,-0.002162
2010-06-09,0.948,0.027086000000000002
2010-06-10,0.936,-0.012658
2010-06-11,0.937,0.0010680000000000002
2010-06-17,0.933,-0.004269
2010-06-18,0.918,-0.016076999999999998
2010-06-21,0.941,0.025054
2010-06-22,0.944,0.003188
2010-06-23,0.935,-0.009534
2010-06-24,0.935,0.0
2010-06-25,0.929,-0.006417000000000001
2010-06-28,0.923,-0.006459
2010-06-29,0.888,-0.037919999999999995
2010-06-30,0.877,-0.012386999999999999
2010-07-01,0.869,-0.009122
2010-07-02,0.874,0.0057540000000000004
2010-07-05,0.869,-0.005721
2010-07-06,0.882,0.01496
2010-07-07,0.887,0.0056689999999999996
2010-07-08,0.885,-0.002255
2010-07-09,0.906,0.023729
2010-07-12,0.915,0.009934
2010-07-13,0.906,-0.009836000000000001
2010-07-14,0.908,0.002208
2010-07-15,0.898,-0.011013
2010-07-16,0.904,0.0066820000000000004
2010-07-19,0.924,0.022124
2010-07-20,0.939,0.016234
2010-07-21,0.938,-0.001065
2010-07-22,0.951,0.013859
2010-07-23,0.955,0.004206
2010-07-26,0.956,0.001047
2010-07-27,0.953,-0.003138
2010-07-28,0.972,0.019937
2010-07-29,0.97,-0.002058
2010-07-30,0.964,-0.0061860000000000005
2010-08-02,0.983,0.019710000000000002
2010-08-03,0.975,-0.008138
2010-08-04,0.98,0.005128000000000001
2010-08-05,0.971,-0.009184
2010-08-06,0.98,0.009269
2010-08-09,0.992,0.012244999999999999
2010-08-10,0.968,-0.024194
2010-08-11,0.972,0.004132
2010-08-12,0.96,-0.012346
2010-08-13,0.971,0.011458
2010-08-16,0.988,0.017508
2010-08-17,0.999,0.011134
2010-08-18,0.998,-0.001001
2010-08-19,1.003,0.00501
2010-08-20,0.99,-0.012961
2010-08-23,0.991,0.00101
2010-08-24,0.997,0.006054
2010-08-25,0.98,-0.017051
2010-08-26,0.982,0.002041
2010-08-27,0.985,0.003055
2010-08-30,1.002,0.017259
2010-08-31,1.002,0.0
2010-09-01,1.001,-0.000998
2010-09-02,1.008,0.006993
2010-09-03,1.004,-0.003968
2010-09-06,1.021,0.016932
2010-09-07,1.023,0.001959
2010-09-08,1.023,0.0
2010-09-09,1.004,-0.018573
2010-09-10,1.004,0.0
2010-09-13,1.013,0.008964
2010-09-14,1.012,-0.000987
2010-09-15,0.993,-0.018775
2010-09-16,0.975,-0.018127
2010-09-17,0.975,0.0
2010-09-20,0.971,-0.004103
2010-09-21,0.974,0.00309
2010-09-27,0.988,0.014374
2010-09-28,0.975,-0.013158000000000001
2010-09-29,0.974,-0.001026
2010-09-30,0.991,0.017454
2010-10-08,1.03,0.039354
2010-10-11,1.061,0.030097
2010-10-12,1.078,0.016023
2010-10-13,1.099,0.019481
2010-10-14,1.108,0.008189
2010-10-15,1.143,0.031588
2010-10-18,1.133,-0.008749
2010-10-19,1.149,0.014122
2010-10-20,1.148,-0.0008699999999999999
2010-10-21,1.134,-0.012195000000000001
2010-10-22,1.132,-0.001764
2010-10-25,1.162,0.026501999999999998
2010-10-26,1.156,-0.005163999999999999
2010-10-27,1.139,-0.014705999999999999
2010-10-28,1.135,-0.003512
2010-10-29,1.128,-0.006167000000000001
2010-11-01,1.06,0.028369
2010-11-02,1.052,-0.007547000000000001
2010-11-03,1.038,-0.013308
2010-11-04,1.056,0.017341
2010-11-05,1.068,0.011364
2010-11-08,1.074,0.005618
2010-11-09,1.079,0.004655
2010-11-10,1.073,-0.005561
2010-11-11,1.078,0.00466
2010-11-12,1.025,-0.049165
2010-11-15,1.033,0.0078049999999999994
2010-11-16,1.0,-0.031946
2010-11-17,0.973,-0.027000000000000003
2010-11-18,0.983,0.010277000000000001
2010-11-19,0.999,0.016277
2010-11-22,1.005,0.006006
2010-11-23,0.988,-0.016915
2010-11-24,1.001,0.013158000000000001
2010-11-25,1.013,0.011988
2010-11-26,1.009,-0.003948999999999999
2010-11-29,1.002,-0.006938
2010-11-30,0.992,-0.00998
2010-12-01,0.994,0.002016
2010-12-02,1.001,0.0070420000000000005
2010-12-03,1.0,-0.000999
2010-12-06,0.997,-0.003
2010-12-07,1.01,0.013039
2010-12-08,1.0,-0.009901
2010-12-09,0.98,-0.02
2010-12-10,0.993,0.013265
2010-12-13,1.026,0.033233
2010-12-14,1.035,0.008772
2010-12-15,1.033,-0.0019320000000000001
2010-12-16,1.03,-0.002904
2010-12-17,1.028,-0.0019420000000000001
2010-12-20,1.02,-0.007782
2010-12-21,1.037,0.016667
2010-12-22,1.029,-0.007715
2010-12-23,1.014,-0.014577
2010-12-24,1.001,-0.012821
2010-12-27,0.989,-0.011988
2010-12-28,0.97,-0.019211
2010-12-29,0.974,0.004124
2010-12-30,0.982,0.008214
2010-12-31,1.004,0.022403
2011-01-04,1.024,0.01992
2011-01-05,1.028,0.003906
2011-01-06,1.023,-0.004864
2011-01-07,1.013,-0.009775
2011-01-10,0.99,-0.022705000000000003
2011-01-11,0.995,0.005051
2011-01-12,1.002,0.0070350000000000005
2011-01-13,0.995,-0.006986
2011-01-14,0.974,-0.021106
2011-01-17,0.938,-0.036961
2011-01-18,0.941,0.003198
2011-01-19,0.958,0.018066
2011-01-20,0.931,-0.028184
2011-01-21,0.943,0.012889
2011-01-24,0.929,-0.014846
2011-01-25,0.924,-0.0053820000000000005
2011-01-26,0.936,0.012987
2011-01-27,0.945,0.009615
2011-01-28,0.949,0.004233
2011-01-31,0.958,0.009484
2011-02-01,0.958,0.0
2011-02-09,0.944,-0.014614
2011-02-10,0.966,0.023305
2011-02-11,0.973,0.007246
2011-02-14,0.999,0.026720999999999998
2011-02-15,0.998,-0.001001
2011-02-16,1.017,0.019038
2011-02-17,1.018,0.000983
2011-02-18,1.009,-0.008841
2011-02-21,1.022,0.012884
2011-02-22,0.994,-0.027397
2011-02-23,0.995,0.001006
2011-02-24,1.003,0.00804
2011-02-25,1.008,0.004985
2011-02-28,1.023,0.014881
2011-03-01,1.03,0.006843
2011-03-02,1.023,-0.006796
2011-03-03,1.009,-0.013685000000000001
2011-03-04,1.024,0.014865999999999999
2011-03-07,1.049,0.024413999999999998
2011-03-08,1.052,0.0028599999999999997
2011-03-09,1.053,0.000951
2011-03-10,1.039,-0.013295
2011-03-11,1.029,-0.009625
2011-03-14,1.035,0.005830999999999999
2011-03-15,1.021,-0.013527
2011-03-16,1.033,0.011753
2011-03-17,1.019,-0.013552999999999999
2011-03-18,1.027,0.007851
2011-03-21,1.026,-0.000974
2011-03-22,1.036,0.009747
2011-03-23,1.054,0.017375
2011-03-24,1.052,-0.001898
2011-03-25,1.07,0.01711
2011-03-28,1.068,-0.001869
2011-03-29,1.06,-0.007491
2011-03-30,1.059,-0.0009429999999999999
2011-03-31,1.046,-0.012276
2011-04-01,1.064,0.017208
2011-04-06,1.072,0.0075190000000000005
2011-04-07,1.076,0.003731
2011-04-08,1.084,0.007435000000000001
2011-04-11,1.075,-0.008303
2011-04-12,1.067,-0.007442
2011-04-13,1.078,0.010308999999999999
2011-04-14,1.068,-0.009276
2011-04-15,1.067,-0.000936
2011-04-18,1.067,0.0
2011-04-19,1.05,-0.015933
2011-04-20,1.049,-0.000952
2011-04-21,1.064,0.014299
2011-04-22,1.059,-0.004699
2011-04-25,1.039,-0.018886
2011-04-26,1.038,-0.000962
2011-04-27,1.031,-0.006744
2011-04-28,1.018,-0.012608999999999999
2011-04-29,1.025,0.006876
2011-05-03,1.028,0.0029270000000000003
2011-05-04,1.002,-0.025292
2011-05-05,1.0,-0.001996
2011-05-06,0.994,-0.006
2011-05-09,0.996,0.002012
2011-05-10,1.004,0.008032000000000001
2011-05-11,1.005,0.000996
2011-05-12,0.997,-0.00796
2011-05-13,1.0,0.003009
2011-05-16,0.989,-0.011000000000000001
2011-05-17,0.998,0.0091
2011-05-18,1.006,0.008016
2011-05-19,0.999,-0.006958
2011-05-20,0.997,-0.002002
2011-05-23,0.974,-0.023069000000000003
2011-05-24,0.98,0.00616
2011-05-25,0.973,-0.007143
2011-05-26,0.965,-0.008222
2011-05-27,0.958,-0.007254
2011-05-30,0.957,-0.001044
2011-05-31,0.97,0.013584
2011-06-01,0.972,0.002062
2011-06-02,0.962,-0.010287999999999999
2011-06-03,0.973,0.011434999999999999
2011-06-07,0.971,-0.002055
2011-06-08,0.971,0.0
2011-06-09,0.95,-0.021627
2011-06-10,0.952,0.002105
2011-06-13,0.95,-0.002101
2011-06-14,0.973,0.024211
2011-06-15,0.965,-0.008222
2011-06-16,0.957,-0.008289999999999999
2011-06-17,0.954,-0.003135
2011-06-20,0.957,0.0031450000000000002
2011-06-21,0.976,0.019854
2011-06-22,0.975,-0.0010249999999999999
2011-06-23,0.994,0.019487
2011-06-24,1.006,0.012072000000000001
2011-06-27,1.011,0.00497
2011-06-28,1.017,0.005935
2011-06-29,1.004,-0.012783
2011-06-30,1.019,0.01494
2011-07-01,1.026,0.006868999999999999
2011-07-04,1.045,0.018519
2011-07-05,1.046,0.000957
2011-07-06,1.041,-0.0047799999999999995
2011-07-07,1.038,-0.002882
2011-07-08,1.039,0.000963
2011-07-11,1.042,0.0028870000000000002
2011-07-12,1.03,-0.011516
2011-07-13,1.044,0.013592
2011-07-14,1.05,0.0057469999999999995
2011-07-15,1.049,-0.000952
2011-07-18,1.044,-0.004766
2011-07-19,1.035,-0.008621
2011-07-20,1.037,0.0019320000000000001
2011-07-21,1.028,-0.008679
2011-07-22,1.031,0.002918
2011-07-25,1.0,-0.030068
2011-07-26,1.0,0.0
2011-07-27,1.006,0.006
2011-07-28,0.999,-0.006958
2011-07-29,0.994,-0.005004999999999999
2011-08-01,1.0,0.0060360000000000006
2011-08-02,0.996,-0.004
2011-08-03,0.999,0.0030120000000000004
2011-08-04,1.002,0.003003
2011-08-05,0.988,-0.013972
2011-08-08,0.959,-0.029352
2011-08-09,0.963,0.004171
2011-08-10,0.976,0.013499
2011-08-11,0.988,0.012295
2011-08-12,0.988,0.0
2011-08-15,1.001,0.013158000000000001
2011-08-16,0.997,-0.003996
2011-08-17,0.991,-0.006018
2011-08-18,0.968,-0.023209
2011-08-19,0.956,-0.012397
2011-08-22,0.945,-0.011506
2011-08-23,0.961,0.016931
2011-08-24,0.954,-0.0072840000000000005
2011-08-25,0.983,0.030398
2011-08-26,0.981,-0.002035
2011-08-29,0.96,-0.021407
2011-08-30,0.955,-0.005208000000000001
2011-08-31,0.959,0.004188
2011-09-01,0.955,-0.004171
2011-09-02,0.945,-0.010471
2011-09-05,0.917,-0.02963
2011-09-06,0.905,-0.013086
2011-09-07,0.924,0.020994000000000002
2011-09-08,0.917,-0.007576
2011-09-09,0.913,-0.0043619999999999996
2011-09-13,0.909,-0.0043809999999999995
2011-09-14,0.912,0.0033
2011-09-15,0.911,-0.001096
2011-09-16,0.913,0.002195
2011-09-19,0.893,-0.021906
2011-09-20,0.898,0.005599
2011-09-21,0.924,0.028953000000000003
2011-09-22,0.897,-0.029221
2011-09-23,0.894,-0.0033439999999999998
2011-09-26,0.879,-0.016779
2011-09-27,0.888,0.010239
2011-09-28,0.882,-0.006757
2011-09-29,0.874,-0.00907
2011-09-30,0.869,-0.005721
2011-10-10,0.858,-0.012658
2011-10-11,0.846,-0.013986
2011-10-12,0.871,0.029550999999999997
2011-10-13,0.88,0.010333000000000002
2011-10-14,0.877,-0.0034089999999999997
2011-10-17,0.88,0.003421
2011-10-18,0.854,-0.029545
2011-10-19,0.846,-0.009368
2011-10-20,0.822,-0.028369
2011-10-21,0.816,-0.007299
2011-10-24,0.835,0.023284
2011-10-25,0.852,0.020359
2011-10-26,0.864,0.014085
2011-10-27,0.865,0.001157
2011-10-28,0.884,0.021965
2011-10-31,0.88,-0.004525
2011-11-01,0.874,-0.006817999999999999
2011-11-02,0.882,0.009153
2011-11-03,0.881,-0.001134
2011-11-04,0.886,0.005675
2011-11-07,0.876,-0.011287
2011-11-08,0.873,-0.003425
2011-11-09,0.881,0.009164
2011-11-10,0.863,-0.020430999999999998
2011-11-11,0.859,-0.004635
2011-11-14,0.878,0.022119
2011-11-15,0.875,-0.003417
2011-11-16,0.852,-0.026286
2011-11-17,0.849,-0.0035210000000000003
2011-11-18,0.83,-0.022378999999999996
2011-11-21,0.83,0.0
2011-11-22,0.83,0.0
2011-11-23,0.82,-0.012048000000000001
2011-11-24,0.822,0.002439
2011-11-25,0.815,-0.008516000000000001
2011-11-28,0.814,-0.001227
2011-11-29,0.827,0.015971
2011-11-30,0.804,-0.027811
2011-12-01,0.823,0.023632
2011-12-02,0.813,-0.012151
2011-12-05,0.799,-0.01722
2011-12-06,0.801,0.002503
2011-12-07,0.803,0.002497
2011-12-08,0.802,-0.001245
2011-12-09,0.798,-0.004988
2011-12-12,0.789,-0.011278
2011-12-13,0.772,-0.021546
2011-12-14,0.762,-0.012953
2011-12-15,0.745,-0.02231
2011-12-16,0.76,0.020134
2011-12-19,0.763,0.003947
2011-12-20,0.762,-0.0013109999999999999
2011-12-21,0.754,-0.010499000000000001
2011-12-22,0.757,0.003979
2011-12-23,0.763,0.007925999999999999
2011-12-26,0.76,-0.003932
2011-12-27,0.752,-0.010526
2011-12-28,0.751,-0.00133
2011-12-29,0.754,0.003995
2011-12-30,0.766,0.015915
2011-12-31,0.766,0.0
2012-01-04,0.756,-0.013055
2012-01-05,0.752,-0.0052910000000000006
2012-01-06,0.754,0.00266
2012-01-09,0.775,0.027851
2012-01-10,0.792,0.021934999999999996
2012-01-11,0.788,-0.005051
2012-01-12,0.788,0.0
2012-01-13,0.779,-0.011420999999999999
2012-01-16,0.768,-0.014121
2012-01-17,0.795,0.035156
2012-01-18,0.786,-0.011321000000000001
2012-01-19,0.801,0.019084
2012-01-20,0.808,0.008739
2012-01-30,0.794,-0.017327
2012-01-31,0.793,-0.0012590000000000001
2012-02-01,0.783,-0.01261
2012-02-02,0.798,0.019157
2012-02-03,0.804,0.0075190000000000005
2012-02-06,0.8,-0.004975
2012-02-07,0.786,-0.0175
2012-02-08,0.805,0.024173
2012-02-09,0.808,0.003727
2012-02-10,0.812,0.0049499999999999995
2012-02-13,0.808,-0.004926
2012-02-14,0.805,-0.003713
2012-02-15,0.811,0.0074529999999999996
2012-02-16,0.806,-0.006165
2012-02-17,0.805,-0.001241
2012-02-20,0.806,0.001242
2012-02-21,0.814,0.009926
2012-02-22,0.827,0.015971
2012-02-23,0.83,0.003628
2012-02-24,0.847,0.020482
2012-02-27,0.85,0.003542
2012-02-28,0.851,0.001176
2012-02-29,0.841,-0.011751000000000001
2012-03-01,0.845,0.004756
2012-03-02,0.865,0.023669
2012-03-05,0.862,-0.003468
2012-03-06,0.854,-0.009281000000000001
2012-03-07,0.851,-0.003513
2012-03-08,0.86,0.010576
2012-03-09,0.867,0.00814
2012-03-12,0.86,-0.008074
2012-03-13,0.864,0.004651
2012-03-14,0.837,-0.03125
2012-03-15,0.826,-0.013142000000000001
2012-03-16,0.838,0.014528000000000001
2012-03-19,0.84,0.002387
2012-03-20,0.829,-0.013095
2012-03-21,0.831,0.0024129999999999998
2012-03-22,0.831,0.0
2012-03-23,0.818,-0.015644
2012-03-26,0.819,0.001222
2012-03-27,0.814,-0.006105
2012-03-28,0.793,-0.025799
2012-03-29,0.79,-0.0037830000000000003
2012-03-30,0.795,0.006329
2012-03-31,0.795,0.0
2012-04-05,0.812,0.021384
2012-04-06,0.816,0.004926
2012-04-09,0.811,-0.0061270000000000005
2012-04-10,0.821,0.01233
2012-04-11,0.823,0.0024360000000000002
2012-04-12,0.834,0.013366
2012-04-13,0.834,0.0
2012-04-16,0.835,0.001199
2012-04-17,0.821,-0.016766
2012-04-18,0.84,0.023142999999999997
2012-04-19,0.836,-0.004762
2012-04-20,0.842,0.007177
2012-04-23,0.832,-0.011876
2012-04-24,0.833,0.001202
2012-04-25,0.844,0.013205
2012-04-26,0.847,0.003555
2012-04-27,0.847,0.0
2012-05-02,0.863,0.01889
2012-05-03,0.867,0.004635
2012-05-04,0.87,0.0034599999999999995
2012-05-07,0.869,-0.001149
2012-05-08,0.865,-0.0046029999999999995
2012-05-09,0.85,-0.017341
2012-05-10,0.849,-0.001176
2012-05-11,0.845,-0.004711
2012-05-14,0.843,-0.0023669999999999997
2012-05-15,0.846,0.003559
2012-05-16,0.832,-0.016548
2012-05-17,0.843,0.013221
2012-05-18,0.835,-0.00949
2012-05-21,0.837,0.002395
2012-05-22,0.851,0.016726
2012-05-23,0.854,0.003525
2012-05-24,0.844,-0.01171
2012-05-25,0.839,-0.0059240000000000004
2012-05-28,0.854,0.017878
2012-05-29,0.862,0.009368
2012-05-30,0.863,0.00116
2012-05-31,0.862,-0.001159
2012-06-01,0.861,-0.00116
2012-06-04,0.838,-0.026713
2012-06-05,0.838,0.0
2012-06-06,0.833,-0.005967
2012-06-07,0.832,-0.0012
2012-06-08,0.831,-0.001202
2012-06-11,0.847,0.019254
2012-06-12,0.847,0.0
2012-06-13,0.855,0.009445
2012-06-14,0.849,-0.007018
2012-06-15,0.844,-0.005889
2012-06-18,0.85,0.007109
2012-06-19,0.836,-0.016471
2012-06-20,0.832,-0.004785
2012-06-21,0.824,-0.009615
2012-06-25,0.802,-0.026699
2012-06-26,0.807,0.006234
2012-06-27,0.806,-0.0012389999999999999
2012-06-28,0.803,-0.0037219999999999996
2012-06-29,0.813,0.012453
2012-06-30,0.813,0.0
2012-07-02,0.82,0.00861
2012-07-03,0.827,0.008537
2012-07-04,0.822,-0.006046
2012-07-05,0.813,-0.010949
2012-07-06,0.837,0.02952
2012-07-09,0.831,-0.007168
2012-07-10,0.821,-0.012034
2012-07-11,0.824,0.003654
2012-07-12,0.837,0.015777
2012-07-13,0.837,0.0
2012-07-16,0.819,-0.021505
2012-07-17,0.821,0.002442
2012-07-18,0.812,-0.010962000000000001
2012-07-19,0.811,-0.001232
2012-07-20,0.8,-0.013564
2012-07-23,0.792,-0.01
2012-07-24,0.8,0.010101
2012-07-25,0.79,-0.0125
2012-07-26,0.779,-0.013924
2012-07-27,0.778,-0.0012839999999999998
2012-07-30,0.775,-0.003856
2012-07-31,0.779,0.005161
2012-08-01,0.785,0.007702
2012-08-02,0.762,-0.029299
2012-08-03,0.767,0.006562
2012-08-06,0.778,0.014341999999999999
2012-08-07,0.778,0.0
2012-08-08,0.777,-0.0012850000000000001
2012-08-09,0.788,0.014157
2012-08-10,0.78,-0.010152000000000001
2012-08-13,0.759,-0.026923
2012-08-14,0.763,0.00527
2012-08-15,0.757,-0.007864
2012-08-16,0.756,-0.001321
2012-08-17,0.751,-0.006614
2012-08-20,0.745,-0.007989000000000001
2012-08-21,0.746,0.001342
2012-08-22,0.736,-0.013405
2012-08-23,0.737,0.001359
2012-08-24,0.731,-0.008141
2012-08-27,0.723,-0.010944
2012-08-28,0.72,-0.004149
2012-08-29,0.713,-0.009722
2012-08-30,0.712,-0.0014030000000000002
2012-08-31,0.716,0.005618
2012-09-03,0.734,0.02514
2012-09-04,0.725,-0.012262
2012-09-05,0.729,0.005516999999999999
2012-09-06,0.732,0.004115
2012-09-07,0.757,0.034152999999999996
2012-09-10,0.759,0.002642
2012-09-11,0.753,-0.007905
2012-09-12,0.755,0.002656
2012-09-13,0.748,-0.009272
2012-09-14,0.748,0.0
2012-09-17,0.725,-0.030749
2012-09-18,0.722,-0.004138
2012-09-19,0.723,0.0013850000000000002
2012-09-20,0.71,-0.017981
2012-09-21,0.71,0.0
2012-09-24,0.717,0.009859
2012-09-25,0.718,0.0013950000000000002
2012-09-26,0.71,-0.011142
2012-09-27,0.727,0.023944
2012-09-28,0.742,0.020633
2012-09-30,0.742,0.0
2012-10-08,0.734,-0.010782
2012-10-09,0.75,0.021798
2012-10-10,0.754,0.005333
2012-10-11,0.747,-0.009284
2012-10-12,0.749,0.002677
2012-10-15,0.75,0.001335
2012-10-16,0.75,0.0
2012-10-17,0.747,-0.004
2012-10-18,0.764,0.022757999999999997
2012-10-19,0.765,0.0013089999999999998
2012-10-22,0.771,0.007843
2012-10-23,0.761,-0.012969999999999999
2012-10-24,0.758,-0.003942
2012-10-25,0.751,-0.009235
2012-10-26,0.74,-0.014646999999999999
2012-10-29,0.739,-0.001351
2012-10-30,0.745,0.008119
2012-10-31,0.754,0.012081
2012-11-01,0.771,0.022546
2012-11-02,0.774,0.003891
2012-11-05,0.77,-0.005168000000000001
2012-11-06,0.764,-0.007792
2012-11-07,0.758,-0.007853
2012-11-08,0.748,-0.013193
2012-11-09,0.747,-0.001337
2012-11-12,0.754,0.009371
2012-11-13,0.744,-0.013263
2012-11-14,0.743,-0.001344
2012-11-15,0.738,-0.006729000000000001
2012-11-16,0.734,-0.00542
2012-11-19,0.728,-0.008174
2012-11-20,0.73,0.002747
2012-11-21,0.738,0.010959000000000002
2012-11-22,0.735,-0.004065
2012-11-23,0.74,0.006803
2012-11-26,0.734,-0.008107999999999999
2012-11-27,0.727,-0.009537
2012-11-28,0.716,-0.015130999999999999
2012-11-29,0.717,0.0013969999999999998
2012-11-30,0.73,0.018130999999999998
2012-12-03,0.724,-0.008218999999999999
2012-12-04,0.729,0.006906
2012-12-05,0.746,0.023319999999999997
2012-12-06,0.747,0.00134
2012-12-07,0.749,0.002677
2012-12-10,0.758,0.012016
2012-12-11,0.754,-0.005277
2012-12-12,0.757,0.003979
2012-12-13,0.756,-0.001321
2012-12-14,0.779,0.030423
2012-12-17,0.777,-0.002567
2012-12-18,0.768,-0.011583000000000001
2012-12-19,0.77,0.0026040000000000004
2012-12-20,0.779,0.011688
2012-12-21,0.778,-0.0012839999999999998
2012-12-24,0.78,0.002571
2012-12-25,0.801,0.026923
2012-12-26,0.809,0.009988
2012-12-27,0.806,-0.0037080000000000004
2012-12-28,0.817,0.013648
2012-12-31,0.833,0.019584
2013-01-04,0.837,0.004802
2013-01-07,0.835,-0.002389
2013-01-08,0.833,-0.002395
2013-01-09,0.836,0.0036009999999999996
2013-01-10,0.839,0.003589
2013-01-11,0.822,-0.020262
2013-01-14,0.846,0.029197
2013-01-15,0.846,0.0
2013-01-16,0.832,-0.016548
2013-01-17,0.829,-0.003606
2013-01-18,0.848,0.022919000000000002
2013-01-21,0.841,-0.008255
2013-01-22,0.829,-0.014269
2013-01-23,0.828,-0.001206
2013-01-24,0.817,-0.013285
2013-01-25,0.806,-0.013464
2013-01-28,0.824,0.022333
2013-01-29,0.831,0.008495
2013-01-30,0.842,0.013237
2013-01-31,0.825,-0.02019
2013-02-01,0.834,0.010909
2013-02-04,0.827,-0.008393000000000001
2013-02-05,0.837,0.012092
2013-02-06,0.833,-0.004779
2013-02-07,0.832,-0.0012
2013-02-08,0.837,0.00601
2013-02-18,0.828,-0.010752999999999999
2013-02-19,0.805,-0.027778
2013-02-20,0.813,0.009938
2013-02-21,0.802,-0.01353
2013-02-22,0.798,-0.004988
2013-02-25,0.798,0.0
2013-02-26,0.79,-0.010025
2013-02-27,0.804,0.017722
2013-02-28,0.822,0.022387999999999998
2013-03-01,0.821,-0.001217
2013-03-04,0.772,-0.059683
2013-03-05,0.781,0.011658
2013-03-06,0.781,0.0
2013-03-07,0.773,-0.010243
2013-03-08,0.766,-0.009056
2013-03-11,0.768,0.002611
2013-03-12,0.76,-0.010417000000000001
2013-03-13,0.747,-0.017105
2013-03-14,0.748,0.001339
2013-03-15,0.744,-0.005348
2013-03-18,0.743,-0.001344
2013-03-19,0.754,0.014804999999999999
2013-03-20,0.777,0.030503999999999996
2013-03-21,0.777,0.0
2013-03-22,0.779,0.0025740000000000003
2013-03-25,0.78,0.0012839999999999998
2013-03-26,0.778,-0.0025640000000000003
2013-03-27,0.785,0.008997
2013-03-28,0.765,-0.025478
2013-03-29,0.759,-0.007843
2013-04-01,0.77,0.014493
2013-04-02,0.77,0.0
2013-04-03,0.76,-0.012987
2013-04-08,0.762,0.002632
2013-04-09,0.767,0.006562
2013-04-10,0.762,-0.0065190000000000005
2013-04-11,0.758,-0.005249
2013-04-12,0.754,-0.005277
2013-04-15,0.757,0.003979
2013-04-16,0.774,0.022456999999999998
2013-04-17,0.777,0.003876
2013-04-18,0.779,0.0025740000000000003
2013-04-19,0.789,0.012837000000000001
2013-04-22,0.78,-0.011407
2013-04-23,0.758,-0.028205
2013-04-24,0.769,0.014512
2013-04-25,0.754,-0.019506
2013-04-26,0.748,-0.007958
2013-05-02,0.753,0.006684
2013-05-03,0.764,0.014608000000000001
2013-05-06,0.774,0.013089
2013-05-07,0.779,0.0064600000000000005
2013-05-08,0.782,0.003851
2013-05-09,0.78,-0.0025580000000000004
2013-05-10,0.787,0.008974
2013-05-13,0.784,-0.003812
2013-05-14,0.771,-0.016582
2013-05-15,0.778,0.009079
2013-05-16,0.794,0.020566
2013-05-17,0.808,0.017632000000000002
2013-05-20,0.817,0.011139
2013-05-21,0.823,0.007344000000000001
2013-05-22,0.818,-0.0060750000000000005
2013-05-23,0.815,-0.003667
2013-05-24,0.823,0.009816
2013-05-27,0.824,0.001215
2013-05-28,0.826,0.002427
2013-05-29,0.831,0.006052999999999999
2013-05-30,0.831,0.0
2013-05-31,0.82,-0.013237
2013-06-03,0.818,-0.002439
2013-06-04,0.803,-0.018337000000000003
2013-06-05,0.806,0.0037359999999999997
2013-06-06,0.791,-0.01861
2013-06-07,0.776,-0.018963
2013-06-13,0.759,-0.021907
2013-06-14,0.773,0.018445
2013-06-17,0.771,-0.002587
2013-06-18,0.776,0.0064849999999999994
2013-06-19,0.773,-0.003866
2013-06-20,0.753,-0.025873
2013-06-21,0.752,-0.001328
2013-06-24,0.702,-0.066489
2013-06-25,0.693,-0.012821
2013-06-26,0.711,0.025974
2013-06-27,0.708,-0.004219
2013-06-28,0.714,0.008475
2013-06-30,0.714,0.0
2013-07-01,0.73,0.022409
2013-07-02,0.735,0.006848999999999999
2013-07-03,0.733,-0.002721
2013-07-04,0.733,0.0
2013-07-05,0.732,-0.001364
2013-07-08,0.717,-0.020492
2013-07-09,0.713,-0.005579
2013-07-10,0.733,0.028050000000000002
2013-07-11,0.753,0.027285
2013-07-12,0.748,-0.00664
2013-07-15,0.76,0.016043
2013-07-16,0.766,0.007895
2013-07-17,0.755,-0.01436
2013-07-18,0.752,-0.003974
2013-07-19,0.733,-0.025266
2013-07-22,0.746,0.017735
2013-07-23,0.763,0.022788
2013-07-24,0.765,0.002621
2013-07-25,0.747,-0.023529
2013-07-26,0.747,0.0
2013-07-29,0.732,-0.02008
2013-07-30,0.73,-0.002732
2013-07-31,0.74,0.013699
2013-08-01,0.763,0.031080999999999998
2013-08-02,0.767,0.005242
2013-08-05,0.776,0.011734
2013-08-06,0.776,0.0
2013-08-07,0.769,-0.009021
2013-08-08,0.768,-0.0013
2013-08-09,0.763,-0.00651
2013-08-12,0.771,0.010485
2013-08-13,0.775,0.005188000000000001
2013-08-14,0.777,0.002581
2013-08-15,0.771,-0.007722
2013-08-16,0.757,-0.018158
2013-08-19,0.77,0.017173
2013-08-20,0.767,-0.003896
2013-08-21,0.764,-0.003911
2013-08-22,0.767,0.003927
2013-08-23,0.762,-0.0065190000000000005
2013-08-26,0.775,0.01706
2013-08-27,0.775,0.0
2013-08-28,0.762,-0.016774
2013-08-29,0.76,-0.002625
2013-08-30,0.737,-0.030262999999999998
2013-09-02,0.738,0.001357
2013-09-03,0.75,0.01626
2013-09-04,0.744,-0.008
2013-09-05,0.747,0.004032
2013-09-06,0.75,0.0040160000000000005
2013-09-09,0.755,0.006666999999999999
2013-09-10,0.757,0.0026490000000000003
2013-09-11,0.748,-0.011889
2013-09-12,0.754,0.008021
2013-09-13,0.75,-0.005305
2013-09-16,0.748,-0.002667
2013-09-17,0.728,-0.026737999999999998
2013-09-18,0.734,0.008242000000000001
2013-09-23,0.743,0.012262
2013-09-24,0.738,-0.006729000000000001
2013-09-25,0.733,-0.006775
2013-09-26,0.718,-0.020464000000000003
2013-09-27,0.718,0.0
2013-09-30,0.72,0.0027860000000000003
2013-10-08,0.732,0.016667
2013-10-09,0.734,0.002732
2013-10-10,0.727,-0.009537
2013-10-11,0.73,0.0041270000000000005
2013-10-14,0.725,-0.006848999999999999
2013-10-15,0.729,0.005516999999999999
2013-10-16,0.714,-0.020575999999999997
2013-10-17,0.71,-0.005602
2013-10-18,0.722,0.016901
2013-10-21,0.732,0.01385
2013-10-22,0.72,-0.016393
2013-10-23,0.711,-0.0125
2013-10-24,0.708,-0.004219
2013-10-25,0.701,-0.009887
2013-10-28,0.695,-0.008559
2013-10-29,0.693,-0.002878
2013-10-30,0.702,0.012987
2013-10-31,0.694,-0.011396
2013-11-01,0.697,0.0043230000000000005
2013-11-04,0.693,-0.005738999999999999
2013-11-05,0.691,-0.002886
2013-11-06,0.681,-0.014472
2013-11-07,0.679,-0.0029370000000000004
2013-11-08,0.669,-0.014728000000000002
2013-11-11,0.666,-0.004484
2013-11-12,0.675,0.013514
2013-11-13,0.665,-0.014815
2013-11-14,0.666,0.0015040000000000001
2013-11-15,0.682,0.024024
2013-11-18,0.703,0.030792
2013-11-19,0.7,-0.004267
2013-11-20,0.7,0.0
2013-11-21,0.691,-0.012857
2013-11-22,0.686,-0.007236
2013-11-25,0.684,-0.0029149999999999996
2013-11-26,0.683,-0.001462
2013-11-27,0.687,0.005857
2013-11-28,0.695,0.011645
2013-11-29,0.696,0.001439
2013-12-02,0.684,-0.017241
2013-12-03,0.687,0.004386
2013-12-04,0.698,0.016012
2013-12-05,0.695,-0.004298
2013-12-06,0.69,-0.007194000000000001
2013-12-09,0.69,0.0
2013-12-10,0.693,0.004348
2013-12-11,0.686,-0.010101
2013-12-12,0.684,-0.0029149999999999996
2013-12-13,0.685,0.001462
2013-12-16,0.682,-0.00438
2013-12-17,0.673,-0.013196000000000001
2013-12-18,0.671,-0.0029720000000000002
2013-12-19,0.665,-0.008942
2013-12-20,0.657,-0.01203
2013-12-23,0.654,-0.004566
2013-12-24,0.657,0.004587
2013-12-25,0.663,0.009132
2013-12-26,0.656,-0.010558000000000001
2013-12-27,0.664,0.012195000000000001
2013-12-30,0.663,-0.0015060000000000002
2013-12-31,0.67,0.010558000000000001
2014-01-02,0.669,-0.001493
2014-01-03,0.663,-0.008969
2014-01-06,0.643,-0.030166
2014-01-07,0.645,0.00311
2014-01-08,0.655,0.015504
2014-01-09,0.646,-0.01374
2014-01-10,0.642,-0.006192
2014-01-13,0.642,0.0
2014-01-14,0.651,0.014018999999999998
2014-01-15,0.656,0.00768
2014-01-16,0.651,-0.007622
2014-01-17,0.644,-0.010752999999999999
2014-01-20,0.635,-0.013975
2014-01-21,0.649,0.022046999999999997
2014-01-22,0.653,0.006162999999999999
2014-01-23,0.662,0.013783
2014-01-24,0.675,0.019637
2014-01-27,0.672,-0.004444
2014-01-28,0.667,-0.0074399999999999996
2014-01-29,0.67,0.004497999999999999
2014-01-30,0.659,-0.016418
2014-02-07,0.672,0.019726999999999998
2014-02-10,0.682,0.014881
2014-02-11,0.686,0.005865
2014-02-12,0.685,-0.001458
2014-02-13,0.661,-0.035036
2014-02-14,0.671,0.015128999999999998
2014-02-17,0.691,0.029806
2014-02-18,0.688,-0.0043419999999999995
2014-02-19,0.694,0.008721
2014-02-20,0.684,-0.014409
2014-02-21,0.691,0.010234
2014-02-24,0.693,0.002894
2014-02-25,0.657,-0.051948
2014-02-26,0.66,0.004566
2014-02-27,0.645,-0.022727
2014-02-28,0.651,0.009302
2014-03-03,0.652,0.0015359999999999998
2014-03-04,0.65,-0.003067
2014-03-05,0.647,-0.004615
2014-03-06,0.652,0.0077280000000000005
2014-03-07,0.649,-0.004601
2014-03-10,0.627,-0.033898000000000005
2014-03-11,0.617,-0.015949
2014-03-12,0.615,-0.003241
2014-03-13,0.627,0.019512
2014-03-14,0.622,-0.007974
2014-03-17,0.635,0.0209
2014-03-18,0.639,0.006299
2014-03-19,0.632,-0.010955
2014-03-20,0.609,-0.036392
2014-03-21,0.617,0.013136000000000002
2014-03-24,0.612,-0.008104
2014-03-25,0.612,0.0
2014-03-26,0.613,0.0016339999999999998
2014-03-27,0.595,-0.029363999999999998
2014-03-28,0.576,-0.031932999999999996
2014-03-31,0.571,-0.008681
2014-04-01,0.579,0.014011000000000001
2014-04-02,0.578,-0.001727
2014-04-03,0.579,0.0017299999999999998
2014-04-04,0.582,0.005181
2014-04-08,0.583,0.0017180000000000001
2014-04-09,0.593,0.017153
2014-04-10,0.592,-0.001686
2014-04-11,0.585,-0.011824
2014-04-14,0.591,0.010256000000000001
2014-04-15,0.589,-0.003384
2014-04-16,0.586,-0.0050929999999999994
2014-04-17,0.584,-0.003413
2014-04-18,0.586,0.003425
2014-04-21,0.574,-0.020478
2014-04-22,0.565,-0.015679000000000002
2014-04-23,0.563,-0.0035399999999999997
2014-04-24,0.556,-0.012433000000000001
2014-04-25,0.55,-0.010791
2014-04-28,0.54,-0.018182
2014-04-29,0.546,0.011111
2014-04-30,0.55,0.007326
2014-05-05,0.553,0.005455
2014-05-06,0.555,0.0036170000000000004
2014-05-07,0.549,-0.010811
2014-05-08,0.548,-0.0018210000000000001
2014-05-09,0.542,-0.010949
2014-05-12,0.545,0.005535
2014-05-13,0.547,0.00367
2014-05-14,0.551,0.007312999999999999
2014-05-15,0.541,-0.018149
2014-05-16,0.54,-0.0018479999999999998
2014-05-19,0.538,-0.0037040000000000003
2014-05-20,0.542,0.007435000000000001
2014-05-21,0.548,0.01107
2014-05-22,0.548,0.0
2014-05-23,0.559,0.020072999999999997
2014-05-26,0.566,0.012522
2014-05-27,0.564,-0.003534
2014-05-28,0.575,0.019504
2014-05-29,0.568,-0.012174
2014-05-30,0.569,0.001761
2014-06-03,0.565,-0.00703
2014-06-04,0.562,-0.0053100000000000005
2014-06-05,0.568,0.010676000000000001
2014-06-06,0.566,-0.0035210000000000003
2014-06-09,0.562,-0.007067
2014-06-10,0.568,0.010676000000000001
2014-06-11,0.569,0.001761
2014-06-12,0.57,0.0017569999999999999
2014-06-13,0.578,0.014034999999999999
2014-06-16,0.58,0.0034599999999999995
2014-06-17,0.579,-0.001724
2014-06-18,0.577,-0.003454
2014-06-19,0.557,-0.034662
2014-06-20,0.564,0.012567
2014-06-23,0.571,0.012411
2014-06-24,0.577,0.010508
2014-06-25,0.572,-0.008666
2014-06-26,0.587,0.026223999999999997
2014-06-27,0.594,0.011924999999999998
2014-06-30,0.597,0.005051
2014-07-01,0.601,0.0067
2014-07-02,0.595,-0.009982999999999999
2014-07-03,0.597,0.0033610000000000003
2014-07-04,0.596,-0.001675
2014-07-07,0.595,-0.001678
2014-07-08,0.595,0.0
2014-07-09,0.583,-0.020168
2014-07-10,0.585,0.003431
2014-07-11,0.59,0.008547
2014-07-14,0.596,0.010169
2014-07-15,0.586,-0.016779
2014-07-16,0.577,-0.015358
2014-07-17,0.574,-0.0051990000000000005
2014-07-18,0.573,-0.0017419999999999998
2014-07-21,0.57,-0.005235999999999999
2014-07-22,0.578,0.014034999999999999
2014-07-23,0.569,-0.015571
2014-07-24,0.566,-0.005272
2014-07-25,0.57,0.007067
2014-07-28,0.58,0.017544
2014-07-29,0.591,0.018966
2014-07-30,0.594,0.005076000000000001
2014-07-31,0.594,0.0
2014-08-01,0.585,-0.015152
2014-08-04,0.588,0.005128000000000001
2014-08-05,0.59,0.003401
2014-08-06,0.589,-0.0016950000000000001
2014-08-07,0.588,-0.001698
2014-08-08,0.591,0.005102
2014-08-11,0.594,0.005076000000000001
2014-08-12,0.596,0.003367
2014-08-13,0.593,-0.005033999999999999
2014-08-14,0.585,-0.013491
2014-08-15,0.592,0.011966000000000001
2014-08-18,0.597,0.008446
2014-08-19,0.594,-0.005024999999999999
2014-08-20,0.595,0.001684
2014-08-21,0.593,-0.0033610000000000003
2014-08-22,0.601,0.013491
2014-08-25,0.602,0.001664
2014-08-26,0.599,-0.0049830000000000004
2014-08-27,0.598,-0.001669
2014-08-28,0.592,-0.010033
2014-08-29,0.589,-0.0050680000000000005
2014-09-01,0.596,0.011885
2014-09-02,0.605,0.015101
2014-09-03,0.613,0.013223
2014-09-04,0.619,0.009788
2014-09-05,0.623,0.006462
2014-09-09,0.629,0.009630999999999999
2014-09-10,0.633,0.006359
2014-09-11,0.631,-0.00316
2014-09-12,0.637,0.009509
2014-09-15,0.643,0.009419
2014-09-16,0.628,-0.023328
2014-09-17,0.623,-0.007962
2014-09-18,0.627,0.006421
2014-09-19,0.633,0.009569
2014-09-22,0.63,-0.004739
2014-09-23,0.632,0.003175
2014-09-24,0.632,0.0
2014-09-25,0.635,0.004747
2014-09-26,0.632,-0.004724
2014-09-29,0.638,0.009494
2014-09-30,0.646,0.012539
2014-10-08,0.655,0.013932
2014-10-09,0.658,0.00458
2014-10-10,0.66,0.0030399999999999997
2014-10-13,0.667,0.010605999999999999
2014-10-14,0.666,-0.0014990000000000001
2014-10-15,0.664,-0.003003
2014-10-16,0.651,-0.019577999999999998
2014-10-17,0.641,-0.015361
2014-10-20,0.649,0.01248
2014-10-21,0.646,-0.004622
2014-10-22,0.635,-0.017028
2014-10-23,0.627,-0.012598
2014-10-24,0.625,-0.00319
2014-10-27,0.63,0.008
2014-10-28,0.65,0.031745999999999996
2014-10-29,0.664,0.021537999999999998
2014-10-30,0.665,0.0015060000000000002
2014-10-31,0.663,-0.0030080000000000003
2014-11-03,0.666,0.004525
2014-11-04,0.66,-0.009009
2014-11-05,0.667,0.010605999999999999
2014-11-06,0.669,0.002999
2014-11-07,0.673,0.005979
2014-11-10,0.675,0.0029720000000000002
2014-11-11,0.66,-0.022222
2014-11-12,0.668,0.012121
2014-11-13,0.662,-0.008982
2014-11-14,0.659,-0.004532
2014-11-17,0.667,0.01214
2014-11-18,0.667,0.0
2014-11-19,0.673,0.008995999999999999
2014-11-20,0.674,0.0014860000000000001
2014-11-21,0.678,0.005935
2014-11-24,0.686,0.011798999999999999
2014-11-25,0.692,0.008746
2014-11-26,0.689,-0.004335
2014-11-27,0.692,0.004354
2014-11-28,0.692,0.0
2014-12-01,0.678,-0.020231
2014-12-02,0.698,0.029499
2014-12-03,0.697,-0.001433
2014-12-04,0.722,0.035868000000000004
2014-12-05,0.734,0.01662
2014-12-08,0.759,0.03406
2014-12-09,0.705,-0.071146
2014-12-10,0.72,0.021277
2014-12-11,0.711,-0.0125
2014-12-12,0.713,0.002813
2014-12-15,0.715,0.002805
2014-12-16,0.742,0.037762
2014-12-17,0.746,0.005391
2014-12-18,0.724,-0.029491
2014-12-19,0.713,-0.015193000000000002
2014-12-22,0.698,-0.021038
2014-12-23,0.692,-0.008596
2014-12-24,0.672,-0.028902
2014-12-25,0.702,0.044642999999999995
2014-12-26,0.731,0.041311
2014-12-29,0.734,0.004104
2014-12-30,0.734,0.0
2014-12-31,0.742,0.010899
2015-01-05,0.744,0.0026950000000000003
2015-01-06,0.731,-0.017473000000000002
2015-01-07,0.74,0.012312
2015-01-08,0.719,-0.028378
2015-01-09,0.719,0.0
2015-01-12,0.714,-0.006954
2015-01-13,0.713,-0.0014010000000000001
2015-01-14,0.718,0.007013
2015-01-15,0.74,0.030640999999999998
2015-01-16,0.743,0.0040539999999999994
2015-01-19,0.693,-0.067295
2015-01-20,0.695,0.002886
2015-01-21,0.717,0.031655
2015-01-22,0.726,0.012552
2015-01-23,0.729,0.004132
2015-01-26,0.726,-0.004115
2015-01-27,0.722,-0.00551
2015-01-28,0.714,-0.011080000000000001
2015-01-29,0.705,-0.012605
2015-01-30,0.699,-0.008511
2015-02-02,0.697,-0.0028610000000000003
2015-02-03,0.706,0.012912
2015-02-04,0.702,-0.005666
2015-02-05,0.7,-0.002849
2015-02-06,0.69,-0.014286
2015-02-09,0.686,-0.005797
2015-02-10,0.695,0.01312
2015-02-11,0.701,0.008633
2015-02-12,0.707,0.008559
2015-02-13,0.715,0.011314999999999999
2015-02-16,0.727,0.016783
2015-02-17,0.733,0.008253
2015-02-25,0.728,-0.006821000000000001
2015-02-26,0.725,-0.0041210000000000005
2015-02-27,0.732,0.009655
2015-03-02,0.742,0.013661000000000001
2015-03-03,0.749,0.009434
2015-03-04,0.758,0.012016
2015-03-05,0.764,0.007916
2015-03-06,0.749,-0.019634
2015-03-09,0.762,0.017356
2015-03-10,0.767,0.006562
2015-03-11,0.751,-0.02086
2015-03-12,0.745,-0.007989000000000001
2015-03-13,0.755,0.013423000000000001
2015-03-16,0.777,0.029138999999999998
2015-03-17,0.781,0.005148000000000001
2015-03-18,0.795,0.017926
2015-03-19,0.801,0.007547000000000001
2015-03-20,0.815,0.017478
2015-03-23,0.837,0.026993999999999997
2015-03-24,0.838,0.0011949999999999999
2015-03-25,0.849,0.013126
2015-03-26,0.819,-0.035336
2015-03-27,0.827,0.009768
2015-03-30,0.818,-0.010883
2015-03-31,0.824,0.007335
2015-04-01,0.846,0.026699
2015-04-02,0.878,0.037825000000000004
2015-04-03,0.901,0.026196
2015-04-07,0.936,0.038846
2015-04-08,0.959,0.024573
2015-04-09,0.965,0.006257
2015-04-10,0.99,0.025907
2015-04-13,1.001,0.011111
2015-04-14,0.986,-0.014985
2015-04-15,0.971,-0.015213
2015-04-16,0.974,0.00309
2015-04-17,0.974,0.0
2015-04-20,0.953,-0.021561
2015-04-21,0.982,0.030430000000000002
2015-04-22,1.005,0.023422000000000002
2015-04-23,0.998,-0.006965
2015-04-24,0.997,-0.001002
2015-04-27,0.997,0.0
2015-04-28,0.973,-0.024072
2015-04-29,0.996,0.023638
2015-04-30,1.005,0.009035999999999999
2015-05-04,1.012,0.006965
2015-05-05,0.976,-0.035573
2015-05-06,0.972,-0.004098
2015-05-07,0.963,-0.009259
2015-05-08,1.0,0.038422
2015-05-11,1.049,0.049
2015-05-12,1.081,0.030505
2015-05-13,1.108,0.024977
2015-05-14,1.12,0.01083
2015-05-15,1.103,-0.015179
2015-05-18,1.132,0.026292
2015-05-19,1.162,0.026501999999999998
2015-05-20,1.176,0.012048000000000001
2015-05-21,1.205,0.02466
2015-05-22,1.21,0.004149
2015-05-25,1.233,0.019008
2015-05-26,1.274,0.033252000000000004
2015-05-27,1.296,0.017268
2015-05-28,1.242,-0.041666999999999996
2015-05-29,1.274,0.025764999999999996
2015-06-01,1.337,0.049451
2015-06-02,1.389,0.038893
2015-06-03,1.384,-0.0036
2015-06-04,1.38,-0.0028899999999999998
2015-06-05,1.391,0.007971
2015-06-08,1.338,-0.038102
2015-06-09,1.326,-0.008969
2015-06-10,1.371,0.033937
2015-06-11,1.391,0.014588
2015-06-12,1.4,0.00647
2015-06-15,1.349,-0.036429
2015-06-16,1.308,-0.030393
2015-06-17,1.329,0.016055
2015-06-18,1.277,-0.039127
2015-06-19,1.196,-0.06343
2015-06-23,1.168,-0.023411
2015-06-24,1.18,0.010274
2015-06-25,1.128,-0.044067999999999996
2015-06-26,1.04,-0.078014
2015-06-29,0.95,-0.086538
2015-06-30,0.982,0.033684
2015-07-01,0.944,-0.038697
2015-07-02,0.894,-0.052966
2015-07-03,0.851,-0.048098
2015-07-06,0.829,-0.025852
2015-07-07,0.801,-0.033776
2015-07-08,0.788,-0.01623
2015-07-09,0.832,0.055838
2015-07-10,0.865,0.039663
2015-07-13,0.902,0.042775
2015-07-14,0.908,0.006652
2015-07-15,0.865,-0.047356999999999996
2015-07-16,0.881,0.018497
2015-07-17,0.92,0.044268
2015-07-20,0.947,0.029348
2015-07-21,0.978,0.032735
2015-07-22,0.987,0.009202
2015-07-23,1.011,0.024316
2015-07-24,0.993,-0.017804
2015-07-27,0.945,-0.048338
2015-07-28,0.936,-0.009524
2015-07-29,0.96,0.025640999999999997
2015-07-30,0.939,-0.021875
2015-07-31,0.918,-0.022364000000000002
2015-08-03,0.89,-0.030501
2015-08-04,0.924,0.038202
2015-08-05,0.916,-0.008658
2015-08-06,0.911,-0.005459
2015-08-07,0.933,0.024148999999999997
2015-08-10,0.974,0.043944000000000004
2015-08-11,0.97,-0.004107
2015-08-12,0.948,-0.02268
2015-08-13,0.963,0.015823
2015-08-14,0.959,-0.004154
2015-08-17,0.963,0.004171
2015-08-18,0.904,-0.061266999999999995
2015-08-19,0.923,0.021018
2015-08-20,0.898,-0.027086000000000002
2015-08-21,0.854,-0.048998
2015-08-24,0.795,-0.069087
2015-08-25,0.747,-0.060377
2015-08-26,0.743,-0.0053549999999999995
2015-08-27,0.777,0.045759999999999995
2015-08-28,0.817,0.05148
2015-08-31,0.792,-0.030600000000000002
2015-09-01,0.75,-0.05303
2015-09-02,0.732,-0.024
2015-09-07,0.738,0.008197
2015-09-08,0.761,0.031164999999999998
2015-09-09,0.781,0.026281
2015-09-10,0.776,-0.006402
2015-09-11,0.779,0.003866
2015-09-14,0.75,-0.037227
2015-09-15,0.733,-0.022667000000000003
2015-09-16,0.766,0.04502
2015-09-17,0.765,-0.001305
2015-09-18,0.778,0.016993
2015-09-21,0.802,0.030848
2015-09-22,0.801,-0.001247
2015-09-23,0.795,-0.007491
2015-09-24,0.799,0.005031
2015-09-25,0.777,-0.027534
2015-09-28,0.8,0.029601000000000002
2015-09-29,0.796,-0.005
2015-09-30,0.796,0.0
2015-10-08,0.821,0.031407
2015-10-09,0.824,0.003654
2015-10-12,0.847,0.027913
2015-10-13,0.857,0.011806
2015-10-14,0.843,-0.016336
2015-10-15,0.869,0.030842
2015-10-16,0.881,0.013809
2015-10-19,0.871,-0.011351
2015-10-20,0.884,0.014924999999999999
2015-10-21,0.834,-0.056561
2015-10-22,0.86,0.031175
2015-10-23,0.879,0.022092999999999998
2015-10-26,0.889,0.011377
2015-10-27,0.888,-0.0011250000000000001
2015-10-28,0.873,-0.016892
2015-10-29,0.877,0.004582
2015-10-30,0.882,0.005701
2015-11-02,0.868,-0.015872999999999998
2015-11-03,0.865,-0.0034560000000000003
2015-11-04,0.9,0.040462
2015-11-05,0.897,-0.003333
2015-11-06,0.92,0.025640999999999997
2015-11-09,0.937,0.018478
2015-11-10,0.942,0.005336
2015-11-11,0.957,0.015924
2015-11-12,0.958,0.001045
2015-11-13,0.932,-0.02714
2015-11-16,0.957,0.026824
2015-11-17,0.947,-0.010449
2015-11-18,0.924,-0.024287
2015-11-19,0.95,0.028138999999999997
2015-11-20,0.966,0.016842
2015-11-23,0.956,-0.010351999999999998
2015-11-24,0.974,0.018828
2015-11-25,1.001,0.027721
2015-11-26,0.999,-0.001998
2015-11-27,0.951,-0.048048
2015-11-30,0.957,0.006309
2015-12-01,0.938,-0.019854
2015-12-02,0.92,-0.01919
2015-12-03,0.94,0.021739
2015-12-04,0.942,0.0021279999999999997
2015-12-07,0.95,0.008493
2015-12-08,0.943,-0.007368
2015-12-09,0.939,-0.004242
2015-12-10,0.93,-0.009585
2015-12-11,0.917,-0.013977999999999999
2015-12-14,0.92,0.0032719999999999997
2015-12-15,0.936,0.017391
2015-12-16,0.95,0.014957
2015-12-17,0.969,0.02
2015-12-18,0.958,-0.011352
2015-12-21,0.958,0.0
2015-12-22,0.961,0.003132
2015-12-23,0.948,-0.013528
2015-12-24,0.944,-0.004219
2015-12-25,0.947,0.0031780000000000003
2015-12-28,0.933,-0.014783999999999999
2015-12-29,0.944,0.01179
2015-12-30,0.959,0.01589
2015-12-31,0.944,-0.015641000000000002
2016-01-04,0.878,-0.069915
2016-01-05,0.863,-0.017084
2016-01-06,0.887,0.02781
2016-01-07,0.822,-0.073281
2016-01-08,0.823,0.001217
2016-01-11,0.771,-0.063183
2016-01-12,0.769,-0.0025940000000000004
2016-01-13,0.742,-0.035110999999999996
2016-01-14,0.768,0.03504
2016-01-15,0.742,-0.033854
2016-01-18,0.758,0.021563
2016-01-19,0.78,0.029024
2016-01-20,0.787,0.008974
2016-01-21,0.748,-0.049554999999999995
2016-01-22,0.757,0.012032000000000001
2016-01-25,0.765,0.010568
2016-01-26,0.714,-0.06666699999999999
2016-01-27,0.7,-0.019608
2016-01-28,0.668,-0.045714
2016-01-29,0.689,0.031437
2016-02-01,0.681,-0.011611
2016-02-02,0.712,0.045521000000000006
2016-02-03,0.717,0.0070220000000000005
2016-02-04,0.73,0.018130999999999998
2016-02-05,0.718,-0.016437999999999998
2016-02-15,0.724,0.008357
2016-02-16,0.753,0.04005499999999999
2016-02-17,0.767,0.018592
2016-02-18,0.762,-0.0065190000000000005
2016-02-19,0.763,0.001312
2016-02-22,0.771,0.010485
2016-02-23,0.763,-0.010376000000000002
2016-02-24,0.752,-0.014417
2016-02-25,0.707,-0.05984
2016-02-26,0.702,-0.007072
2016-02-29,0.666,-0.051281999999999994
2016-03-01,0.675,0.013514
2016-03-02,0.702,0.04
2016-03-03,0.697,-0.007123000000000001
2016-03-04,0.674,-0.032999
2016-03-07,0.683,0.013352999999999999
2016-03-08,0.69,0.010249
2016-03-09,0.682,-0.011594
2016-03-10,0.67,-0.017595
2016-03-11,0.667,-0.004477999999999999
2016-03-14,0.694,0.04048
2016-03-15,0.695,0.001441
2016-03-16,0.687,-0.011511
2016-03-17,0.719,0.046578999999999995
2016-03-18,0.747,0.038943
2016-03-21,0.763,0.021419
2016-03-22,0.759,-0.005242
2016-03-23,0.767,0.01054
2016-03-24,0.758,-0.011734
2016-03-25,0.758,0.0
2016-03-28,0.755,-0.003958
2016-03-29,0.742,-0.017218999999999998
2016-03-30,0.766,0.032345
2016-03-31,0.773,0.009138
2016-04-01,0.767,-0.007762
2016-04-05,0.786,0.024772
2016-04-06,0.787,0.0012720000000000001
2016-04-07,0.775,-0.015248
2016-04-08,0.771,-0.005161
2016-04-11,0.791,0.025939999999999998
2016-04-12,0.783,-0.010114000000000001
2016-04-13,0.794,0.014049
2016-04-14,0.803,0.011335
2016-04-15,0.798,-0.006227
2016-04-18,0.795,-0.003759
2016-04-19,0.798,0.003774
2016-04-20,0.763,-0.04386
2016-04-21,0.759,-0.005242
2016-04-22,0.766,0.009223
2016-04-25,0.765,-0.001305
2016-04-26,0.776,0.014379
2016-04-27,0.78,0.005155
2016-04-28,0.778,-0.0025640000000000003
2016-04-29,0.777,-0.0012850000000000001
2016-05-03,0.802,0.032174999999999995
2016-05-04,0.799,-0.003741
2016-05-05,0.805,0.007509
2016-05-06,0.786,-0.023601999999999998
2016-05-09,0.767,-0.024173
2016-05-10,0.767,0.0
2016-05-11,0.756,-0.014341999999999999
2016-05-12,0.761,0.006614
2016-05-13,0.757,-0.005255999999999999
2016-05-16,0.773,0.021136
2016-05-17,0.768,-0.006468000000000001
2016-05-18,0.751,-0.022135
2016-05-19,0.754,0.003995
2016-05-20,0.758,0.005305
2016-05-23,0.765,0.009235
2016-05-24,0.756,-0.011765000000000001
2016-05-25,0.749,-0.009259
2016-05-26,0.756,0.009346
2016-05-27,0.753,-0.003968
2016-05-30,0.754,0.001328
2016-05-31,0.783,0.038462
2016-06-01,0.785,0.0025540000000000003
2016-06-02,0.789,0.005096000000000001
2016-06-03,0.807,0.022814
2016-06-06,0.811,0.004957
2016-06-07,0.811,0.0
2016-06-08,0.807,-0.004932000000000001
2016-06-13,0.783,-0.029740000000000003
2016-06-14,0.78,-0.0038309999999999998
2016-06-15,0.803,0.029487
2016-06-16,0.802,-0.001245
2016-06-17,0.807,0.006234
2016-06-20,0.815,0.009913
2016-06-21,0.808,-0.008589
2016-06-22,0.816,0.009901
2016-06-23,0.813,-0.003676
2016-06-24,0.812,-0.00123
2016-06-27,0.832,0.024631
2016-06-28,0.835,0.003606
2016-06-29,0.84,0.005988
2016-06-30,0.835,-0.005952
2016-07-01,0.833,-0.002395
2016-07-04,0.843,0.012004999999999998
2016-07-05,0.848,0.005931
2016-07-06,0.844,-0.004717
2016-07-07,0.838,-0.007109
2016-07-08,0.837,-0.001193
2016-07-11,0.829,-0.009558
2016-07-12,0.83,0.001206
2016-07-13,0.837,0.008434
2016-07-14,0.839,0.002389
2016-07-15,0.834,-0.005959
2016-07-18,0.836,0.002398
2016-07-19,0.842,0.007177
2016-07-20,0.847,0.005938
2016-07-21,0.848,0.001181
2016-07-22,0.84,-0.009434
2016-07-25,0.836,-0.004762
2016-07-26,0.846,0.011961999999999999
2016-07-27,0.816,-0.035461
2016-07-28,0.813,-0.003676
2016-07-29,0.806,-0.00861
2016-08-01,0.809,0.0037219999999999996
2016-08-02,0.815,0.007417
2016-08-03,0.813,-0.002454
2016-08-04,0.822,0.01107
2016-08-05,0.814,-0.009732
2016-08-08,0.817,0.003686
2016-08-09,0.826,0.011016
2016-08-10,0.829,0.0036320000000000002
2016-08-11,0.819,-0.012062999999999999
2016-08-12,0.817,-0.002442
2016-08-15,0.835,0.022032
2016-08-16,0.836,0.001198
2016-08-17,0.84,0.004785
2016-08-18,0.839,-0.0011899999999999999
2016-08-19,0.837,-0.002384
2016-08-22,0.831,-0.007168
2016-08-23,0.833,0.002407
2016-08-24,0.838,0.0060019999999999995
2016-08-25,0.835,-0.00358
2016-08-26,0.841,0.0071860000000000005
2016-08-29,0.841,0.0
2016-08-30,0.844,0.0035670000000000003
2016-08-31,0.843,-0.0011849999999999999
2016-09-01,0.842,-0.001186
2016-09-02,0.84,-0.002375
2016-09-05,0.843,0.0035709999999999995
2016-09-06,0.855,0.014235
2016-09-07,0.862,0.008187
2016-09-08,0.868,0.006961
2016-09-09,0.868,0.0
2016-09-12,0.853,-0.017281
2016-09-13,0.863,0.011722999999999999
2016-09-14,0.853,-0.011587
2016-09-19,0.855,0.002345
2016-09-20,0.865,0.011696
2016-09-21,0.866,0.001156
2016-09-22,0.87,0.004619
2016-09-23,0.872,0.002299
2016-09-26,0.864,-0.009174
2016-09-27,0.864,0.0
2016-09-28,0.868,0.0046300000000000004
2016-09-29,0.87,0.002304
2016-09-30,0.872,0.002299
2016-10-10,0.887,0.017202
2016-10-11,0.89,0.003382
2016-10-12,0.889,-0.001124
2016-10-13,0.888,-0.0011250000000000001
2016-10-14,0.884,-0.004505
2016-10-17,0.885,0.001131
2016-10-18,0.897,0.013559000000000002
2016-10-19,0.89,-0.007804
2016-10-20,0.889,-0.001124
2016-10-21,0.89,0.0011250000000000001
2016-10-24,0.891,0.001124
2016-10-25,0.894,0.003367
2016-10-26,0.893,-0.001119
2016-10-27,0.894,0.0011200000000000001
2016-10-28,0.887,-0.00783
2016-10-31,0.88,-0.007892
2016-11-01,0.886,0.006817999999999999
2016-11-02,0.882,-0.004515
2016-11-03,0.881,-0.001134
2016-11-04,0.884,0.003405
2016-11-07,0.883,-0.001131
2016-11-08,0.883,0.0
2016-11-09,0.882,-0.001133
2016-11-10,0.899,0.019274
2016-11-11,0.896,-0.003337
2016-11-14,0.894,-0.002232
2016-11-15,0.896,0.0022370000000000003
2016-11-16,0.895,-0.001116
2016-11-17,0.89,-0.005587
2016-11-18,0.891,0.001124
2016-11-21,0.89,-0.001122
2016-11-22,0.897,0.007865
2016-11-23,0.888,-0.010033
2016-11-24,0.882,-0.006757
2016-11-25,0.884,0.002268
2016-11-28,0.887,0.003394
2016-11-29,0.881,-0.006764
2016-11-30,0.879,-0.00227
2016-12-01,0.882,0.003413
2016-12-02,0.877,-0.0056689999999999996
2016-12-05,0.88,0.003421
2016-12-06,0.88,0.0
2016-12-07,0.884,0.004545
2016-12-08,0.879,-0.005656
2016-12-09,0.873,-0.006826
2016-12-12,0.84,-0.037801
2016-12-13,0.842,0.002381
2016-12-14,0.837,-0.005938
2016-12-15,0.836,-0.0011949999999999999
2016-12-16,0.846,0.011961999999999999
2016-12-19,0.839,-0.008274
2016-12-20,0.842,0.0035759999999999998
2016-12-21,0.843,0.001188
2016-12-22,0.844,0.001186
2016-12-23,0.839,-0.0059240000000000004
2016-12-26,0.844,0.005959
2016-12-27,0.847,0.003555
2016-12-28,0.845,-0.0023610000000000003
2016-12-29,0.848,0.0035499999999999998
2016-12-30,0.852,0.004717
2016-12-31,0.852,0.0
2017-01-03,0.856,0.0046949999999999995
2017-01-04,0.87,0.016354999999999998
2017-01-05,0.87,0.0
2017-01-06,0.862,-0.009195
2017-01-09,0.863,0.00116
2017-01-10,0.857,-0.006952000000000001
2017-01-11,0.852,-0.005834000000000001
2017-01-12,0.849,-0.0035210000000000003
2017-01-13,0.844,-0.005889
2017-01-16,0.823,-0.024882
2017-01-17,0.831,0.009721
2017-01-18,0.829,-0.002407
2017-01-19,0.824,-0.006031
2017-01-20,0.835,0.013349999999999999
2017-01-23,0.843,0.009581
2017-01-24,0.844,0.001186
2017-01-25,0.844,0.0
2017-01-26,0.851,0.008294000000000001
2017-02-03,0.843,-0.009401
2017-02-06,0.852,0.010676000000000001
2017-02-07,0.851,-0.0011740000000000001
2017-02-08,0.854,0.003525
2017-02-09,0.856,0.002342
2017-02-10,0.849,-0.008178
2017-02-13,0.86,0.012956
2017-02-14,0.861,0.001163
2017-02-15,0.857,-0.004646
2017-02-16,0.86,0.003501
2017-02-17,0.857,-0.0034879999999999998
2017-02-20,0.862,0.005834000000000001
2017-02-21,0.867,0.0058
2017-02-22,0.867,0.0
2017-02-23,0.873,0.006919999999999999
2017-02-24,0.873,0.0
2017-02-27,0.871,-0.002291
2017-02-28,0.867,-0.004592
2017-03-01,0.867,0.0
2017-03-02,0.871,0.004614
2017-03-03,0.88,0.010333000000000002
2017-03-06,0.892,0.013635999999999999
2017-03-07,0.894,0.002242
2017-03-08,0.891,-0.003356
2017-03-09,0.886,-0.005612000000000001
2017-03-10,0.89,0.004515
2017-03-13,0.902,0.013483
2017-03-14,0.909,0.0077610000000000005
2017-03-15,0.912,0.0033
2017-03-16,0.918,0.006579000000000001
2017-03-17,0.915,-0.0032679999999999996
2017-03-20,0.917,0.002186
2017-03-21,0.919,0.0021809999999999998
2017-03-22,0.922,0.0032640000000000004
2017-03-23,0.921,-0.001085
2017-03-24,0.925,0.0043430000000000005
2017-03-27,0.917,-0.008649
2017-03-28,0.916,-0.001091
2017-03-29,0.91,-0.00655
2017-03-30,0.897,-0.014286
2017-03-31,0.903,0.0066890000000000005
2017-04-05,0.923,0.022147999999999998
2017-04-06,0.921,-0.002167
2017-04-07,0.922,0.001086
2017-04-10,0.917,-0.005423
2017-04-11,0.917,0.0
2017-04-12,0.908,-0.009815
2017-04-13,0.914,0.006608
2017-04-14,0.905,-0.009847
2017-04-17,0.903,-0.00221
2017-04-18,0.911,0.008859
2017-04-19,0.911,0.0
2017-04-20,0.918,0.007684
2017-04-21,0.912,-0.006535999999999999
2017-04-24,0.908,-0.004386
2017-04-25,0.919,0.012115
2017-04-26,0.921,0.002176
2017-04-27,0.925,0.0043430000000000005
2017-04-28,0.93,0.005405
2017-05-02,0.923,-0.007527000000000001
2017-05-03,0.918,-0.005417
2017-05-04,0.919,0.001089
2017-05-05,0.915,-0.004353
2017-05-08,0.902,-0.014208
2017-05-09,0.911,0.009978
2017-05-10,0.906,-0.005488
2017-05-11,0.906,0.0
2017-05-12,0.905,-0.001104
2017-05-15,0.901,-0.00442
2017-05-16,0.914,0.014428000000000002
2017-05-17,0.913,-0.001094
2017-05-18,0.906,-0.007667
2017-05-19,0.904,-0.002208
2017-05-22,0.897,-0.007743
2017-05-23,0.884,-0.014493
2017-05-24,0.887,0.003394
2017-05-25,0.889,0.002255
2017-05-26,0.889,0.0
2017-05-31,0.889,0.0
2017-06-01,0.88,-0.010124
2017-06-02,0.88,0.0
2017-06-05,0.893,0.014773000000000001
2017-06-06,0.897,0.004479
2017-06-07,0.91,0.014493
2017-06-08,0.913,0.003297
2017-06-09,0.915,0.002191
2017-06-12,0.909,-0.0065569999999999995
2017-06-13,0.913,0.0044
2017-06-14,0.902,-0.012048000000000001
2017-06-15,0.914,0.013304
2017-06-16,0.908,-0.006565
2017-06-19,0.914,0.006608
2017-06-20,0.913,-0.001094
2017-06-21,0.915,0.002191
2017-06-22,0.909,-0.0065569999999999995
2017-06-23,0.909,0.0
2017-06-26,0.921,0.013201000000000001
2017-06-27,0.926,0.005429000000000001
2017-06-28,0.916,-0.010799000000000001
2017-06-29,0.926,0.010917
2017-06-30,0.932,0.006479
2017-07-03,0.935,0.003219
2017-07-04,0.935,0.0
2017-07-05,0.939,0.0042780000000000006
2017-07-06,0.937,-0.00213
2017-07-07,0.935,-0.002134
2017-07-10,0.925,-0.010695
2017-07-11,0.922,-0.003243
2017-07-12,0.915,-0.007592
2017-07-13,0.911,-0.004372
2017-07-14,0.915,0.004391
2017-07-17,0.896,-0.020765
2017-07-18,0.898,0.002232
2017-07-19,0.909,0.012249000000000001
2017-07-20,0.916,0.007701
2017-07-21,0.914,-0.002183
2017-07-24,0.916,0.002188
2017-07-25,0.92,0.004366999999999999
2017-07-26,0.913,-0.007609
2017-07-27,0.922,0.009858
2017-07-28,0.921,-0.001085
2017-07-31,0.918,-0.003257
2017-08-01,0.921,0.0032679999999999996
2017-08-02,0.918,-0.003257
2017-08-03,0.912,-0.006535999999999999
2017-08-04,0.904,-0.008772
2017-08-07,0.907,0.003319
2017-08-08,0.919,0.013229999999999999
2017-08-09,0.925,0.006529
2017-08-10,0.922,-0.003243
2017-08-11,0.913,-0.009760999999999999
2017-08-14,0.929,0.017525
2017-08-15,0.938,0.009688
2017-08-16,0.945,0.007463
2017-08-17,0.945,0.0
2017-08-18,0.944,-0.0010580000000000001
2017-08-21,0.951,0.007415000000000001
2017-08-22,0.947,-0.004206
2017-08-23,0.942,-0.00528
2017-08-24,0.938,-0.004246
2017-08-25,0.944,0.006397000000000001
2017-08-28,0.952,0.008475
2017-08-29,0.952,0.0
2017-08-30,0.961,0.009454
2017-08-31,0.96,-0.001041
2017-09-01,0.958,-0.002083
2017-09-04,0.963,0.0052190000000000005
2017-09-05,0.964,0.001038
2017-09-06,0.962,-0.002075
2017-09-07,0.958,-0.004158
2017-09-08,0.958,0.0
2017-09-11,0.965,0.007307
2017-09-12,0.968,0.0031090000000000002
2017-09-13,0.964,-0.004132
2017-09-14,0.965,0.001037
2017-09-15,0.967,0.002073
2017-09-18,0.971,0.004137
2017-09-19,0.969,-0.0020599999999999998
2017-09-20,0.969,0.0
2017-09-21,0.962,-0.007224
2017-09-22,0.961,-0.00104
2017-09-25,0.952,-0.009365
2017-09-26,0.948,-0.004202
2017-09-27,0.952,0.004219
2017-09-28,0.956,0.004202
2017-09-29,0.961,0.00523
2017-10-09,0.965,0.004162
2017-10-10,0.972,0.007254
2017-10-11,0.971,-0.001029
2017-10-12,0.969,-0.0020599999999999998
2017-10-13,0.98,0.011352
2017-10-16,0.973,-0.007143
2017-10-17,0.974,0.001028
2017-10-18,0.979,0.0051329999999999995
2017-10-19,0.978,-0.001021
2017-10-20,0.978,0.0
2017-10-23,0.987,0.009202
2017-10-24,0.989,0.002026
2017-10-25,0.995,0.006067
2017-10-26,0.986,-0.009045
2017-10-27,0.98,-0.006085
2017-10-30,0.976,-0.004082
2017-10-31,0.976,0.0
2017-11-01,0.972,-0.004098
2017-11-02,0.969,-0.0030859999999999998
2017-11-03,0.966,-0.003096
2017-11-06,0.974,0.008282000000000001
2017-11-07,0.976,0.002053
2017-11-08,0.97,-0.006148
2017-11-09,0.973,0.0030930000000000003
2017-11-10,0.979,0.0061660000000000005
2017-11-13,0.983,0.004086
2017-11-14,0.979,-0.004069
2017-11-15,0.976,-0.003064
2017-11-16,0.987,0.01127
2017-11-17,0.976,-0.011145
2017-11-20,0.982,0.006148
2017-11-21,0.996,0.014256999999999999
2017-11-22,0.986,-0.01004
2017-11-23,0.961,-0.025355
2017-11-24,0.957,-0.004162
2017-11-27,0.943,-0.014629000000000001
2017-11-28,0.946,0.003181
2017-11-29,0.951,0.005285
2017-11-30,0.936,-0.015773
2017-12-01,0.938,0.002137
2017-12-04,0.952,0.014924999999999999
2017-12-05,0.951,-0.00105
2017-12-06,0.947,-0.004206
2017-12-07,0.94,-0.007391999999999999
2017-12-08,0.951,0.011701999999999999
2017-12-11,0.965,0.014721
2017-12-12,0.956,-0.009326
2017-12-13,0.959,0.003138
2017-12-14,0.949,-0.010428
2017-12-15,0.944,-0.005269
2017-12-18,0.947,0.0031780000000000003
2017-12-19,0.958,0.011616
2017-12-20,0.961,0.003132
2017-12-21,0.969,0.008325
2017-12-22,0.963,-0.006192
2017-12-25,0.957,-0.0062309999999999996
2017-12-26,0.961,0.00418
2017-12-27,0.941,-0.020812
2017-12-28,0.952,0.01169
2017-12-29,0.955,0.0031509999999999997
2017-12-31,0.955,0.0
2018-01-02,0.963,0.008377
2018-01-03,0.966,0.003115
2018-01-04,0.967,0.001035
2018-01-05,0.966,-0.001034
2018-01-08,0.961,-0.005175999999999999
2018-01-09,0.969,0.008325
2018-01-10,0.968,-0.001032
2018-01-11,0.969,0.001033
2018-01-12,0.973,0.004128
2018-01-15,0.979,0.0061660000000000005
2018-01-16,0.978,-0.001021
2018-01-17,0.973,-0.005112
2018-01-18,0.973,0.0
2018-01-19,0.964,-0.009250000000000001
2018-01-22,0.971,0.007261
2018-01-23,0.977,0.0061790000000000005
2018-01-24,0.967,-0.010235000000000001
2018-01-25,0.96,-0.007239
2018-01-26,0.964,0.0041670000000000006
2018-01-29,0.949,-0.015560000000000001
2018-01-30,0.935,-0.014752000000000001
2018-01-31,0.949,0.014973
2018-02-01,0.944,-0.005269
2018-02-02,0.947,0.0031780000000000003
2018-02-05,0.944,-0.0031680000000000002
2018-02-06,0.922,-0.023305
2018-02-07,0.889,-0.035792000000000004
2018-02-08,0.88,-0.010124
2018-02-09,0.854,-0.029545
2018-02-12,0.865,0.012881
2018-02-13,0.877,0.013873
2018-02-14,0.883,0.006842
2018-02-22,0.901,0.020385
2018-02-23,0.903,0.00222
2018-02-26,0.905,0.002215
2018-02-27,0.89,-0.016575
2018-02-28,0.882,-0.008989
2018-03-01,0.887,0.0056689999999999996
2018-03-02,0.882,-0.005637
2018-03-05,0.881,-0.001134
2018-03-06,0.889,0.009081
2018-03-07,0.883,-0.006749000000000001
2018-03-08,0.894,0.012458
2018-03-09,0.897,0.003356
2018-03-12,0.892,-0.005574
2018-03-13,0.886,-0.006725999999999999
2018-03-14,0.886,0.0
2018-03-15,0.892,0.006772
2018-03-16,0.888,-0.004484
2018-03-19,0.888,0.0
2018-03-20,0.887,-0.001126
2018-03-21,0.883,-0.00451
2018-03-22,0.87,-0.014723
2018-03-23,0.849,-0.024138000000000003
2018-03-26,0.843,-0.007067
2018-03-27,0.848,0.005931
2018-03-28,0.835,-0.01533
2018-03-29,0.852,0.020359
2018-03-30,0.853,0.0011740000000000001
2018-04-02,0.849,-0.004689
2018-04-03,0.846,-0.003534
2018-04-04,0.85,0.0047279999999999996
2018-04-09,0.846,-0.004706
2018-04-10,0.862,0.018913
2018-04-11,0.867,0.0058
2018-04-12,0.86,-0.008074
2018-04-13,0.851,-0.010465
2018-04-16,0.84,-0.012926
2018-04-17,0.828,-0.014286
2018-04-18,0.83,0.002415
2018-04-19,0.842,0.014458
2018-04-20,0.834,-0.009500999999999999
2018-04-23,0.833,-0.001199
2018-04-24,0.853,0.024009999999999997
2018-04-25,0.851,-0.002345
2018-04-26,0.834,-0.019976
2018-04-27,0.829,-0.005995
2018-05-02,0.833,0.004824999999999999
2018-05-03,0.84,0.008403
2018-05-04,0.836,-0.004762
2018-05-07,0.853,0.020335000000000002
2018-05-08,0.864,0.012896000000000001
2018-05-09,0.864,0.0
2018-05-10,0.871,0.008102
2018-05-11,0.866,-0.0057410000000000004
2018-05-14,0.88,0.016166
2018-05-15,0.882,0.002273
2018-05-16,0.878,-0.004535
2018-05-17,0.868,-0.01139
2018-05-18,0.871,0.0034560000000000003
2018-05-21,0.871,0.0
2018-05-22,0.868,-0.003444
2018-05-23,0.857,-0.012673
2018-05-24,0.848,-0.010502000000000001
2018-05-25,0.846,-0.0023580000000000003
2018-05-28,0.855,0.010638000000000002
2018-05-29,0.847,-0.009356999999999999
2018-05-30,0.84,-0.008264
2018-05-31,0.86,0.023809999999999998
2018-06-01,0.85,-0.011628000000000001
2018-06-04,0.866,0.018824
2018-06-05,0.875,0.010393
2018-06-06,0.873,-0.002286
2018-06-07,0.873,0.0
2018-06-08,0.868,-0.0057269999999999995
2018-06-11,0.87,0.002304
2018-06-12,0.885,0.017241
2018-06-13,0.879,-0.0067800000000000004
2018-06-14,0.871,-0.009101
2018-06-15,0.87,-0.001148
2018-06-19,0.839,-0.035632000000000004
2018-06-20,0.854,0.017878
2018-06-21,0.849,-0.005855
2018-06-22,0.855,0.007067
2018-06-25,0.845,-0.011696
2018-06-26,0.833,-0.014200999999999998
2018-06-27,0.806,-0.032413
2018-06-28,0.797,-0.011166
2018-06-29,0.82,0.028858
2018-06-30,0.82,0.0
2018-07-02,0.796,-0.029268000000000002
2018-07-03,0.791,-0.006281
2018-07-04,0.779,-0.015170999999999999
2018-07-05,0.774,-0.006418
2018-07-06,0.779,0.0064600000000000005
2018-07-09,0.8,0.026958000000000003
2018-07-10,0.8,0.0
2018-07-11,0.792,-0.01
2018-07-12,0.805,0.016413999999999998
2018-07-13,0.813,0.009938
2018-07-16,0.81,-0.00369
2018-07-17,0.806,-0.0049380000000000005
2018-07-18,0.799,-0.008685
2018-07-19,0.797,-0.002503
2018-07-20,0.803,0.007528
2018-07-23,0.798,-0.006227
2018-07-24,0.813,0.018796999999999998
2018-07-25,0.812,-0.00123
2018-07-26,0.801,-0.013547
2018-07-27,0.801,0.0
2018-07-30,0.791,-0.012484
2018-07-31,0.791,0.0
2018-08-01,0.78,-0.013906
2018-08-02,0.764,-0.020513
2018-08-03,0.747,-0.022251
2018-08-06,0.735,-0.016064000000000002
2018-08-07,0.75,0.020408
2018-08-08,0.738,-0.016
2018-08-09,0.757,0.025745
2018-08-10,0.761,0.005284
2018-08-13,0.758,-0.003942
2018-08-14,0.755,-0.003958
2018-08-15,0.739,-0.021192000000000003
2018-08-16,0.731,-0.010825
2018-08-17,0.721,-0.013680000000000001
2018-08-20,0.726,0.006935
2018-08-21,0.742,0.022039
2018-08-22,0.739,-0.004043
2018-08-23,0.743,0.005413
2018-08-24,0.742,-0.001346
2018-08-27,0.759,0.022911
2018-08-28,0.758,-0.001318
2018-08-29,0.753,-0.006595999999999999
2018-08-30,0.748,-0.00664
2018-08-31,0.737,-0.014705999999999999
2018-09-03,0.737,0.0
2018-09-04,0.744,0.009498
2018-09-05,0.735,-0.012097
2018-09-06,0.728,-0.009524
2018-09-07,0.728,0.0
2018-09-10,0.719,-0.012362999999999999
2018-09-11,0.719,0.0
2018-09-12,0.714,-0.006954
2018-09-13,0.714,0.0
2018-09-14,0.71,-0.005602
2018-09-17,0.705,-0.0070420000000000005
2018-09-18,0.715,0.014184
2018-09-19,0.723,0.011189
2018-09-20,0.722,-0.0013830000000000001
2018-09-21,0.731,0.012464999999999999
2018-09-25,0.727,-0.005472
2018-09-26,0.735,0.011004
2018-09-27,0.734,-0.001361
2018-09-28,0.736,0.002725
2018-10-08,0.717,-0.025815
2018-10-09,0.712,-0.006974
2018-10-10,0.706,-0.008427
2018-10-11,0.687,-0.026912
2018-10-12,0.695,0.011645
2018-10-15,0.688,-0.010072000000000001
2018-10-16,0.682,-0.008721
2018-10-17,0.682,0.0
2018-10-18,0.668,-0.020528
2018-10-19,0.682,0.020958
2018-10-22,0.7,0.026393
2018-10-23,0.684,-0.022857
2018-10-24,0.68,-0.005848
2018-10-25,0.676,-0.005881999999999999
2018-10-26,0.673,-0.004438
2018-10-29,0.652,-0.031204
2018-10-30,0.655,0.004601
2018-10-31,0.666,0.016794
2018-11-01,0.669,0.004505
2018-11-02,0.688,0.028401
2018-11-05,0.681,-0.010174
2018-11-06,0.678,-0.004405
2018-11-07,0.676,-0.00295
2018-11-08,0.676,0.0
2018-11-09,0.665,-0.016272
2018-11-12,0.666,0.0015040000000000001
2018-11-13,0.667,0.001502
2018-11-14,0.662,-0.007496
2018-11-15,0.665,0.004532
2018-11-16,0.663,-0.0030080000000000003
2018-11-19,0.665,0.003017
2018-11-20,0.657,-0.01203
2018-11-21,0.661,0.006088
2018-11-22,0.657,-0.006051
2018-11-23,0.651,-0.009132
2018-11-26,0.654,0.004608
2018-11-27,0.652,-0.003058
2018-11-28,0.657,0.0076690000000000005
2018-11-29,0.653,-0.006088
2018-11-30,0.659,0.009188
2018-12-03,0.672,0.019726999999999998
2018-12-04,0.673,0.001488
2018-12-05,0.673,0.0
2018-12-06,0.659,-0.020802
2018-12-07,0.654,-0.007587
2018-12-10,0.648,-0.009174
2018-12-11,0.65,0.0030859999999999998
2018-12-12,0.65,0.0
2018-12-13,0.66,0.015385
2018-12-14,0.648,-0.018182
2018-12-17,0.642,-0.009259
2018-12-18,0.636,-0.009346
2018-12-19,0.624,-0.018868
2018-12-20,0.619,-0.008013
2018-12-21,0.612,-0.011309
2018-12-24,0.619,0.011437999999999999
2018-12-25,0.617,-0.003231
2018-12-26,0.614,-0.004862
2018-12-27,0.613,-0.0016289999999999998
2018-12-28,0.617,0.0065249999999999996
2018-12-31,0.617,0.0
2019-01-02,0.607,-0.016207
2019-01-03,0.603,-0.00659
2019-01-04,0.614,0.018242
2019-01-07,0.616,0.003257
2019-01-08,0.612,-0.006494
2019-01-09,0.623,0.017974
2019-01-10,0.621,-0.00321
2019-01-11,0.626,0.008052
2019-01-14,0.622,-0.00639
2019-01-15,0.633,0.017685
2019-01-16,0.635,0.00316
2019-01-17,0.634,-0.001575
2019-01-18,0.646,0.018927
2019-01-21,0.647,0.001548
2019-01-22,0.637,-0.015456000000000001
2019-01-23,0.641,0.006279
2019-01-24,0.647,0.00936
2019-01-25,0.654,0.010819
2019-01-28,0.654,0.0
2019-01-29,0.657,0.004587
2019-01-30,0.653,-0.006088
2019-01-31,0.658,0.007657000000000001
2019-02-01,0.665,0.010638000000000002
2019-02-11,0.68,0.022556
2019-02-12,0.683,0.004412
2019-02-13,0.691,0.011713
2019-02-14,0.691,0.0
2019-02-15,0.683,-0.011576999999999999
2019-02-18,0.706,0.033675000000000004
2019-02-19,0.703,-0.004249
2019-02-20,0.707,0.00569
2019-02-21,0.713,0.008487
2019-02-22,0.732,0.026648
2019-02-25,0.766,0.046448
2019-02-26,0.77,0.005222
2019-02-27,0.765,-0.006494
2019-02-28,0.761,-0.005229
2019-03-01,0.777,0.021025000000000002
2019-03-04,0.798,0.027027000000000002
2019-03-05,0.811,0.016291
2019-03-06,0.819,0.009864000000000001
2019-03-07,0.816,-0.003663
2019-03-08,0.816,0.0
2019-03-11,0.825,0.011029
2019-03-12,0.843,0.021818
2019-03-13,0.82,-0.027284000000000003
2019-03-14,0.804,-0.019512
2019-03-15,0.82,0.0199
2019-03-18,0.845,0.030488
2019-03-19,0.844,-0.001183
2019-03-20,0.833,-0.013033
2019-03-21,0.83,-0.0036009999999999996
2019-03-22,0.826,-0.004819
2019-03-25,0.816,-0.012107000000000001
2019-03-26,0.817,0.001225
2019-03-27,0.826,0.011016
2019-03-28,0.829,0.0036320000000000002
2019-03-29,0.857,0.033776
2019-04-01,0.886,0.033839
2019-04-02,0.88,-0.006772
2019-04-03,0.885,0.005682
2019-04-04,0.902,0.019209
2019-04-08,0.898,-0.004435
2019-04-09,0.895,-0.0033410000000000002
2019-04-10,0.896,0.001117
2019-04-11,0.882,-0.015625
2019-04-12,0.885,0.003401
2019-04-15,0.882,-0.0033900000000000002
2019-04-16,0.893,0.012472
2019-04-17,0.899,0.006719
2019-04-18,0.893,-0.006674
2019-04-19,0.897,0.004479
2019-04-22,0.894,-0.0033439999999999998
2019-04-23,0.892,-0.0022370000000000003
2019-04-24,0.901,0.010089999999999998
2019-04-25,0.892,-0.009989
2019-04-26,0.881,-0.012332000000000001
2019-04-29,0.881,0.0
2019-04-30,0.896,0.017026
2019-05-06,0.858,-0.042411000000000004
2019-05-07,0.86,0.002331
2019-05-08,0.839,-0.024419
2019-05-09,0.832,-0.008343
2019-05-10,0.87,0.045673000000000005
2019-05-13,0.865,-0.0057469999999999995
2019-05-14,0.863,-0.002312
2019-05-15,0.881,0.020857
2019-05-16,0.884,0.003405
2019-05-17,0.869,-0.016968
2019-05-20,0.851,-0.020713
2019-05-21,0.869,0.021152
2019-05-22,0.864,-0.0057540000000000004
2019-05-23,0.85,-0.016204
2019-05-24,0.847,-0.003529
2019-05-27,0.86,0.015347999999999999
2019-05-28,0.872,0.013953
2019-05-29,0.871,-0.001147
2019-05-30,0.876,0.0057410000000000004
2019-05-31,0.879,0.003425
2019-06-03,0.875,-0.004551
2019-06-04,0.86,-0.017143
2019-06-05,0.853,-0.00814
2019-06-06,0.838,-0.017585
2019-06-10,0.854,0.019093
2019-06-11,0.882,0.032787000000000004
2019-06-12,0.872,-0.011337999999999999
2019-06-13,0.872,0.0
2019-06-14,0.863,-0.010321
2019-06-17,0.859,-0.004635
2019-06-18,0.87,0.012806
2019-06-19,0.876,0.0068969999999999995
2019-06-20,0.896,0.022831
2019-06-21,0.887,-0.010045
2019-06-24,0.894,0.007892
2019-06-25,0.881,-0.014541
2019-06-26,0.882,0.001135
2019-06-27,0.892,0.011337999999999999
2019-06-28,0.895,0.0033629999999999997
2019-06-30,0.895,0.0
2019-07-01,0.919,0.026816
2019-07-02,0.918,-0.001088
2019-07-03,0.905,-0.014161
2019-07-04,0.892,-0.014365000000000001
2019-07-05,0.901,0.010089999999999998
2019-07-08,0.887,-0.015538000000000001
2019-07-09,0.885,-0.002255
2019-07-10,0.883,-0.00226
2019-07-11,0.882,-0.001133
2019-07-12,0.891,0.010204
2019-07-15,0.886,-0.005612000000000001
2019-07-16,0.876,-0.011287
2019-07-17,0.875,-0.001142
2019-07-18,0.87,-0.005714
2019-07-19,0.878,0.009195
2019-07-22,0.877,-0.001139
2019-07-23,0.878,0.00114
2019-07-24,0.882,0.004556
2019-07-25,0.892,0.011337999999999999
2019-07-26,0.898,0.006725999999999999
2019-07-29,0.898,0.0
2019-07-30,0.899,0.001114
2019-07-31,0.892,-0.0077859999999999995
2019-08-01,0.883,-0.010089999999999998
2019-08-02,0.878,-0.0056630000000000005
2019-08-05,0.862,-0.018223
2019-08-06,0.855,-0.008121
2019-08-07,0.858,0.003509
2019-08-08,0.874,0.018648
2019-08-09,0.869,-0.005721
2019-08-12,0.88,0.012658
2019-08-13,0.879,-0.001136
2019-08-14,0.88,0.001138
2019-08-15,0.88,0.0
2019-08-16,0.891,0.0125
2019-08-19,0.901,0.011223
2019-08-20,0.901,0.0
2019-08-21,0.9,-0.00111
2019-08-22,0.908,0.008889000000000001
2019-08-23,0.92,0.013216
2019-08-26,0.907,-0.01413
2019-08-27,0.916,0.009923
2019-08-28,0.914,-0.002183
2019-08-29,0.912,-0.002188
2019-08-30,0.915,0.0032890000000000003
2019-09-02,0.924,0.009836000000000001
2019-09-03,0.924,0.0
2019-09-04,0.928,0.004329
2019-09-05,0.931,0.0032329999999999998
2019-09-06,0.935,0.0042959999999999995
2019-09-09,0.937,0.0021390000000000003
2019-09-10,0.933,-0.004269
2019-09-11,0.921,-0.012862
2019-09-12,0.931,0.010858000000000001
2019-09-16,0.928,-0.003222
2019-09-17,0.916,-0.012931
2019-09-18,0.932,0.017467
2019-09-19,0.932,0.0
2019-09-20,0.936,0.004292000000000001
2019-09-23,0.93,-0.00641
2019-09-24,0.935,0.005376
2019-09-25,0.933,-0.0021390000000000003
2019-09-26,0.932,-0.001072
2019-09-27,0.931,-0.0010730000000000002
2019-09-30,0.925,-0.006444999999999999
2019-10-08,0.929,0.004324
2019-10-09,0.931,0.002153
2019-10-10,0.937,0.006444999999999999
2019-10-11,0.939,0.002134
2019-10-14,0.941,0.00213
2019-10-15,0.944,0.003188
2019-10-16,0.94,-0.004237
2019-10-17,0.942,0.0021279999999999997
2019-10-18,0.931,-0.011677
2019-10-21,0.926,-0.005371
2019-10-22,0.932,0.006479
2019-10-23,0.922,-0.01073
2019-10-24,0.916,-0.006508000000000001
2019-10-25,0.92,0.004366999999999999
2019-10-28,0.93,0.01087
2019-10-29,0.93,0.0
2019-10-30,0.927,-0.003226
2019-10-31,0.934,0.0075509999999999996
2019-11-01,0.952,0.019272
2019-11-04,0.962,0.010504
2019-11-05,0.971,0.009356
2019-11-06,0.97,-0.0010299999999999999
2019-11-07,0.969,-0.001031
2019-11-08,0.964,-0.0051600000000000005
2019-11-11,0.947,-0.017635
2019-11-12,0.948,0.001056
2019-11-13,0.951,0.003165
2019-11-14,0.951,0.0
2019-11-15,0.946,-0.0052580000000000005
2019-11-18,0.956,0.010570999999999999
2019-11-19,0.974,0.018828
2019-11-20,0.969,-0.0051329999999999995
2019-11-21,0.96,-0.009288
2019-11-22,0.944,-0.016667
2019-11-25,0.944,0.0
2019-11-26,0.95,0.0063560000000000005
2019-11-27,0.953,0.003158
2019-11-28,0.95,-0.003148
2019-11-29,0.938,-0.012632
2019-12-02,0.937,-0.001066
2019-12-03,0.944,0.007471
2019-12-04,0.952,0.008475
2019-12-05,0.964,0.012605
2019-12-06,0.969,0.005187000000000001
2019-12-09,0.962,-0.007224
2019-12-10,0.965,0.0031190000000000002
2019-12-11,0.961,-0.004144999999999999
2019-12-12,0.959,-0.002081
2019-12-13,0.98,0.021898
2019-12-16,0.978,-0.002041
2019-12-17,0.99,0.012270000000000001
2019-12-18,0.987,-0.0030299999999999997
2019-12-19,0.985,-0.002026
2019-12-20,0.982,-0.0030459999999999997
2019-12-23,0.984,0.0020369999999999997
2019-12-24,1.004,0.020325000000000003
2019-12-25,1.001,-0.002988
2019-12-26,1.008,0.006993
2019-12-27,1.009,0.000992
2019-12-30,1.016,0.006938
2019-12-31,1.024,0.007873999999999999
2020-01-02,1.036,0.011719
2020-01-03,1.042,0.005792
2020-01-06,1.046,0.0038390000000000004
2020-01-07,1.049,0.002868
2020-01-08,1.044,-0.004766
2020-01-09,1.06,0.015326
2020-01-10,1.064,0.003774
2020-01-13,1.072,0.0075190000000000005
2020-01-14,1.077,0.004664
2020-01-15,1.066,-0.010214
2020-01-16,1.063,-0.0028139999999999997
2020-01-17,1.061,-0.0018809999999999999
2020-01-20,1.066,0.004713
2020-01-21,1.05,-0.015009
2020-01-22,1.067,0.01619
2020-01-23,1.036,-0.029053
2020-02-03,0.973,-0.060811000000000004
2020-02-04,1.015,0.043164999999999995
2020-02-05,1.03,0.014778
2020-02-06,1.041,0.01068
2020-02-07,1.026,-0.014409
2020-02-10,1.049,0.022417
2020-02-11,1.081,0.030505
2020-02-12,1.125,0.040702999999999996
2020-02-13,1.119,-0.005333
2020-02-14,1.11,-0.008043
2020-02-17,1.138,0.025225
2020-02-18,1.13,-0.00703
2020-02-19,1.112,-0.015929
2020-02-20,1.127,0.013489
2020-02-21,1.129,0.0017749999999999999
2020-02-24,1.115,-0.0124
2020-02-25,1.124,0.008072000000000001
2020-02-26,1.101,-0.020463
2020-02-27,1.107,0.00545
2020-02-28,1.073,-0.030714
2020-03-02,1.091,0.016774999999999998
2020-03-03,1.108,0.015582
2020-03-04,1.115,0.006318000000000001
2020-03-05,1.129,0.012556000000000001
2020-03-06,1.131,0.001771
2020-03-09,1.114,-0.015031000000000001
2020-03-10,1.123,0.008079
2020-03-11,1.115,-0.007124
2020-03-12,1.086,-0.026009
2020-03-13,1.06,-0.023941
2020-03-16,1.002,-0.054717
2020-03-17,0.996,-0.005988
2020-03-18,0.98,-0.016064000000000002
2020-03-19,0.959,-0.021429
2020-03-20,0.985,0.027111999999999997
2020-03-23,0.937,-0.048731
2020-03-24,0.961,0.025613999999999998
2020-03-25,1.0,0.040583
2020-03-26,0.992,-0.008
2020-03-27,0.987,-0.00504
2020-03-30,0.971,-0.016211
2020-03-31,0.98,0.009269
2020-04-01,0.985,0.005102
2020-04-02,1.002,0.017259
2020-04-03,0.993,-0.008982
2020-04-07,1.02,0.02719
2020-04-08,1.02,0.0
2020-04-09,1.032,0.011765000000000001
2020-04-10,1.025,-0.006783
2020-04-13,1.028,0.0029270000000000003
2020-04-14,1.049,0.020428
2020-04-15,1.038,-0.010486
2020-04-16,1.054,0.015414
2020-04-17,1.059,0.004744
2020-04-20,1.072,0.012276
2020-04-21,1.064,-0.007463
2020-04-22,1.073,0.008459
2020-04-23,1.074,0.0009320000000000001
2020-04-24,1.063,-0.010242
2020-04-27,1.075,0.011289
2020-04-28,1.089,0.013023
2020-04-29,1.094,0.0045910000000000005
2020-04-30,1.103,0.008227
2020-05-06,1.11,0.006346000000000001
2020-05-07,1.111,0.000901
2020-05-08,1.123,0.010801
2020-05-11,1.111,-0.010686
2020-05-12,1.119,0.007201
2020-05-13,1.142,0.020554000000000003
2020-05-14,1.124,-0.015762
2020-05-15,1.127,0.0026690000000000004
2020-05-18,1.13,0.002662
2020-05-19,1.145,0.013274
2020-05-20,1.142,-0.00262
2020-05-21,1.136,-0.005254
2020-05-22,1.108,-0.024648
2020-05-25,1.11,0.001805
2020-05-26,1.148,0.034234
2020-05-27,1.138,-0.008711
2020-05-28,1.146,0.00703
2020-05-29,1.175,0.025305
2020-06-01,1.208,0.028085
2020-06-02,1.199,-0.00745
2020-06-03,1.202,0.002502
2020-06-04,1.21,0.006656
2020-06-05,1.217,0.005785
2020-06-08,1.217,0.0
2020-06-09,1.226,0.0073950000000000005
2020-06-10,1.231,0.004078
2020-06-11,1.225,-0.004874
2020-06-12,1.232,0.005714
2020-06-15,1.216,-0.012987
2020-06-16,1.252,0.029605000000000003
2020-06-17,1.258,0.004792
2020-06-18,1.261,0.002385
2020-06-19,1.284,0.018239000000000002
2020-06-22,1.28,-0.003115
2020-06-23,1.291,0.008594000000000001
2020-06-24,1.288,-0.002324
2020-06-29,1.291,0.002329
2020-06-30,1.312,0.016266
2020-07-01,1.326,0.010671
2020-07-02,1.34,0.010558000000000001
2020-07-03,1.355,0.011193999999999999
2020-07-06,1.408,0.039114
2020-07-07,1.436,0.019886
2020-07-08,1.444,0.005571
2020-07-09,1.458,0.009695
2020-07-10,1.457,-0.000686
2020-07-13,1.497,0.027454
2020-07-14,1.469,-0.018704000000000002
2020-07-15,1.463,-0.004084
2020-07-16,1.413,-0.034176000000000005
2020-07-17,1.444,0.021939
2020-07-20,1.476,0.022161
2020-07-21,1.491,0.010163
2020-07-22,1.5,0.0060360000000000006
2020-07-23,1.515,0.01
2020-07-24,1.433,-0.054125
2020-07-27,1.44,0.004885
2020-07-28,1.47,0.020833
2020-07-29,1.513,0.029251999999999997
2020-07-30,1.515,0.001322
2020-07-31,1.53,0.009901
2020-08-03,1.542,0.007843
2020-08-04,1.547,0.003243
2020-08-05,1.55,0.001939
2020-08-06,1.548,-0.0012900000000000001
2020-08-07,1.536,-0.007752
2020-08-10,1.532,-0.0026040000000000004
2020-08-11,1.515,-0.011097
2020-08-12,1.507,-0.005281
2020-08-13,1.489,-0.011944
2020-08-14,1.511,0.014775
2020-08-17,1.525,0.009265
2020-08-18,1.536,0.007213000000000001
2020-08-19,1.521,-0.009766
2020-08-20,1.507,-0.009204
2020-08-21,1.526,0.012608
2020-08-24,1.536,0.0066
2020-08-25,1.539,0.002
2020-08-26,1.516,-0.0149
2020-08-27,1.518,0.0013
2020-08-28,1.56,0.0277
2020-08-31,1.542,-0.0115
2020-09-01,1.554,0.0078000000000000005
2020-09-02,1.549,-0.0032
2020-09-03,1.54,-0.0058
2020-09-04,1.526,-0.0091
2020-09-07,1.487,-0.0256
2020-09-08,1.49,0.002
2020-09-09,1.46,-0.020099999999999996
2020-09-10,1.466,0.0040999999999999995
2020-09-11,1.473,0.0048
2020-09-14,1.493,0.013600000000000001
2020-09-15,1.504,0.0074
2020-09-16,1.498,-0.004
2020-09-17,1.494,-0.0027
2020-09-18,1.514,0.0134
2020-09-21,1.493,-0.0139
2020-09-22,1.478,-0.01
2020-09-23,1.485,0.004699999999999999
2020-09-24,1.457,-0.0189
2020-09-25,1.461,0.0027
2020-09-28,1.465,0.0027
2020-09-29,1.478,0.0089
2020-09-30,1.475,-0.002
2020-10-09,1.498,0.015600000000000001
2020-10-12,1.529,0.0207
2020-10-13,1.534,0.0033
2020-10-14,1.536,0.0013
2020-10-15,1.539,0.002
2020-10-16,1.531,-0.0052
2020-10-19,1.522,-0.0059
2020-10-20,1.536,0.0092
2020-10-21,1.53,-0.0039000000000000003
2020-10-22,1.527,-0.002
2020-10-23,1.502,-0.016399999999999998
2020-10-26,1.502,0.0
2020-10-27,1.513,0.0073
2020-10-28,1.528,0.009899999999999999
2020-10-29,1.538,0.006500000000000001
2020-10-30,1.511,-0.0176
2020-11-02,1.539,0.018500000000000003
2020-11-03,1.551,0.0078000000000000005
2020-11-04,1.577,0.0168
2020-11-05,1.599,0.013999999999999999
2020-11-06,1.603,0.0025
2020-11-09,1.631,0.0175
2020-11-10,1.614,-0.0104
2020-11-11,1.597,-0.0105
2020-11-12,1.618,0.0131
2020-11-13,1.621,0.0019
2020-11-16,1.633,0.0074
2020-11-17,1.635,0.0012
2020-11-18,1.621,-0.0086
2020-11-19,1.634,0.008
2020-11-20,1.638,0.0024
2020-11-23,1.656,0.011000000000000001
2020-11-24,1.645,-0.0066
2020-11-25,1.624,-0.0128
2020-11-26,1.619,-0.0031
2020-11-27,1.629,0.0062
2020-11-30,1.624,-0.0031
2020-12-01,1.641,0.0105
2020-12-02,1.639,-0.0012
2020-12-03,1.627,-0.0073
2020-12-04,1.641,0.0086
2020-12-07,1.644,0.0018
2020-12-08,1.642,-0.0012
2020-12-09,1.636,-0.0037
2020-12-10,1.631,-0.0031
2020-12-11,1.618,-0.008
2020-12-14,1.643,0.0155
2020-12-15,1.645,0.0012
2020-12-16,1.651,0.0036
2020-12-17,1.678,0.016399999999999998
2020-12-18,1.678,0.0
2020-12-21,1.708,0.0179
2020-12-22,1.68,-0.016399999999999998
2020-12-23,1.702,0.0131
2020-12-24,1.71,0.004699999999999999
2020-12-25,1.751,0.024
2020-12-28,1.762,0.0063
2020-12-29,1.733,-0.0165
2020-12-30,1.761,0.016200000000000003
2020-12-31,1.802,0.0233
2021-01-04,1.827,0.0139
2021-01-05,1.852,0.0137
2021-01-06,1.862,0.0054
2021-01-07,1.898,0.019299999999999998
2021-01-08,1.898,0.0
2021-01-11,1.879,-0.01
2021-01-12,1.938,0.031400000000000004
2021-01-13,1.912,-0.0134
2021-01-14,1.89,-0.0115
2021-01-15,1.906,0.0085
2021-01-18,1.922,0.0084
2021-01-19,1.88,-0.0219
2021-01-20,1.901,0.011200000000000002
2021-01-21,1.93,0.015300000000000001
2021-01-22,1.958,0.014499999999999999
2021-01-25,1.971,0.0066
2021-01-26,1.925,-0.0233
2021-01-27,1.959,0.0177
2021-01-28,1.905,-0.0276
2021-01-29,1.895,-0.0052
2021-02-01,1.889,-0.0032
2021-02-02,1.922,0.0175
2021-02-03,1.942,0.0104
2021-02-04,1.936,-0.0031
2021-02-05,1.905,-0.016
2021-02-08,1.939,0.0178
2021-02-09,1.988,0.0253
2021-02-10,1.998,0.005
2021-02-18,2.016,0.009000000000000001
2021-02-19,2.014,-0.001
2021-02-22,1.985,-0.0144
2021-02-23,1.957,-0.0141
2021-02-24,1.91,-0.024
2021-02-25,1.898,-0.0063
2021-02-26,1.842,-0.029500000000000002
2021-03-01,1.874,0.0174
2021-03-02,1.844,-0.016
2021-03-03,1.903,0.032
2021-03-04,1.858,-0.0236
2021-03-05,1.829,-0.015600000000000001
2021-03-08,1.776,-0.028999999999999998
2021-03-09,1.741,-0.0197
2021-03-10,1.764,0.0132
2021-03-11,1.803,0.022099999999999998
2021-03-12,1.81,0.0039000000000000003
2021-03-15,1.791,-0.0105
2021-03-16,1.794,0.0017000000000000001
2021-03-17,1.812,0.01
2021-03-18,1.817,0.0028000000000000004
2021-03-19,1.782,-0.019299999999999998
2021-03-22,1.798,0.009000000000000001
2021-03-23,1.763,-0.0195
2021-03-24,1.717,-0.026099999999999998
2021-03-25,1.734,0.009899999999999999
2021-03-26,1.774,0.0231
2021-03-29,1.779,0.0028000000000000004
2021-03-30,1.78,0.0006
2021-03-31,1.758,-0.0124
2021-04-01,1.772,0.008
2021-04-02,1.772,0.0
2021-04-06,1.773,0.0006
2021-04-07,1.787,0.0079
2021-04-08,1.782,-0.0028000000000000004
2021-04-09,1.776,-0.0034000000000000002
2021-04-12,1.745,-0.0175
2021-04-13,1.729,-0.0092
2021-04-14,1.754,0.014499999999999999
2021-04-15,1.75,-0.0023
2021-04-16,1.765,0.0086
2021-04-19,1.803,0.0215
2021-04-20,1.798,-0.0028000000000000004
2021-04-21,1.802,0.0022
2021-04-22,1.79,-0.0067
2021-04-23,1.808,0.0101
2021-04-26,1.803,-0.0028000000000000004
2021-04-27,1.792,-0.0060999999999999995
2021-04-28,1.817,0.013999999999999999
2021-04-29,1.829,0.0066
2021-04-30,1.814,-0.008199999999999999
2021-05-06,1.831,0.009399999999999999
2021-05-07,1.829,-0.0011
2021-05-10,1.85,0.0115
2021-05-11,1.828,-0.011899999999999999
2021-05-12,1.832,0.0022
2021-05-13,1.799,-0.018000000000000002
2021-05-14,1.808,0.005
2021-05-17,1.838,0.0166
2021-05-18,1.841,0.0016
2021-05-19,1.84,-0.0005
2021-05-20,1.831,-0.0049
2021-05-21,1.838,0.0038
2021-05-24,1.848,0.0054
2021-05-25,1.886,0.0206
2021-05-26,1.884,-0.0011
2021-05-27,1.893,0.0048
2021-05-28,1.885,-0.0042
2021-05-31,1.888,0.0016
2021-06-01,1.899,0.0058
2021-06-02,1.909,0.0053
2021-06-03,1.915,0.0031
2021-06-04,1.916,0.0005
2021-06-07,1.906,-0.0052
2021-06-08,1.877,-0.0152
2021-06-09,1.887,0.0053
2021-06-10,1.894,0.0037
2021-06-11,1.878,-0.0084
2021-06-15,1.862,-0.0085
2021-06-16,1.834,-0.015
2021-06-17,1.841,0.0038
2021-06-18,1.849,0.0043
2021-06-21,1.85,0.0005
2021-06-22,1.866,0.0086
2021-06-23,1.897,0.0166
2021-06-24,1.902,0.0026
2021-06-25,1.921,0.01
2021-06-28,1.875,-0.0239
2021-06-29,1.84,-0.0187
2021-06-30,1.854,0.0076
2021-07-01,1.837,-0.0092
2021-07-02,1.82,-0.009300000000000001
2021-07-05,1.847,0.0148
2021-07-06,1.858,0.006
2021-07-07,1.865,0.0038
2021-07-08,1.838,-0.014499999999999999
2021-07-09,1.87,0.0174
2021-07-12,1.875,0.0027
2021-07-13,1.921,0.0245
2021-07-14,1.903,-0.009399999999999999
2021-07-15,1.923,0.0105
2021-07-16,1.927,0.0021
2021-07-19,1.934,0.0036
2021-07-20,1.93,-0.0021
2021-07-21,1.934,0.0021
2021-07-22,1.949,0.0078000000000000005
2021-07-23,1.939,-0.0051
2021-07-26,1.907,-0.0165
2021-07-27,1.861,-0.0241
2021-07-28,1.848,-0.006999999999999999
2021-07-29,1.861,0.006999999999999999
2021-07-30,1.854,-0.0038
2021-08-02,1.852,-0.0011
2021-08-03,1.815,-0.02
2021-08-04,1.848,0.0182
2021-08-05,1.845,-0.0016
2021-08-06,1.863,0.0098
2021-08-09,1.878,0.008100000000000001
2021-08-10,1.882,0.0021
2021-08-11,1.925,0.022799999999999997
2021-08-12,1.931,0.0031
2021-08-13,1.923,-0.0040999999999999995
2021-08-16,1.898,-0.013000000000000001
2021-08-17,1.886,-0.0063
2021-08-18,1.917,0.016399999999999998
2021-08-19,1.906,-0.005699999999999999
2021-08-20,1.897,-0.004699999999999999
2021-08-23,1.909,0.0063
2021-08-24,1.934,0.0131
2021-08-25,1.95,0.0083
2021-08-26,1.963,0.0067
2021-08-27,1.981,0.0092
2021-08-30,2.007,0.0131
2021-08-31,2.061,0.0269
2021-09-01,2.025,-0.0175
2021-09-02,2.057,0.0158
2021-09-03,2.02,-0.018000000000000002
2021-09-06,2.039,0.009399999999999999
2021-09-07,2.082,0.021099999999999997
2021-09-08,2.101,0.0091
2021-09-09,2.15,0.0233
2021-09-10,2.16,0.004699999999999999
2021-09-13,2.173,0.006
2021-09-14,2.118,-0.0253
2021-09-15,2.113,-0.0024
2021-09-16,2.085,-0.013300000000000001
2021-09-17,2.062,-0.011000000000000001
2021-09-22,2.064,0.001
2021-09-23,2.058,-0.0029
2021-09-24,2.014,-0.021400000000000002
2021-09-27,1.98,-0.0169
2021-09-28,2.014,0.0172
2021-09-29,1.964,-0.0248
2021-09-30,1.999,0.0178
2021-10-08,2.004,0.0025
2021-10-11,2.047,0.0215
2021-10-12,2.044,-0.0015
2021-10-13,2.031,-0.0064
2021-10-14,2.044,0.0064
2021-10-15,2.066,0.0108
2021-10-18,2.103,0.0179
2021-10-19,2.106,0.0014000000000000002
2021-10-20,2.075,-0.0147
2021-10-21,2.081,0.0029
2021-10-22,2.034,-0.0226
2021-10-25,2.038,0.002
2021-10-26,2.032,-0.0029
2021-10-27,2.014,-0.0089
2021-10-28,1.965,-0.024300000000000002
2021-10-29,1.981,0.008100000000000001
2021-11-01,1.978,-0.0015
2021-11-02,1.946,-0.016200000000000003
2021-11-03,1.953,0.0036
2021-11-04,1.946,-0.0036
2021-11-05,1.903,-0.022099999999999998
2021-11-08,1.952,0.025699999999999997
2021-11-09,1.948,-0.002
2021-11-10,1.909,-0.02
2021-11-11,1.928,0.01
2021-11-12,1.942,0.0073
2021-11-15,1.909,-0.017
2021-11-16,1.884,-0.0131
2021-11-17,1.905,0.0111
2021-11-18,1.909,0.0021
2021-11-19,1.919,0.0052
2021-11-22,1.926,0.0036
2021-11-23,1.926,0.0
2021-11-24,1.942,0.0083
2021-11-25,1.929,-0.0067
2021-11-26,1.92,-0.004699999999999999
2021-11-29,1.914,-0.0031
2021-11-30,1.914,0.0
2021-12-01,1.935,0.011000000000000001
2021-12-02,1.929,-0.0031
2021-12-03,1.956,0.013999999999999999
2021-12-06,1.933,-0.0118
2021-12-07,1.938,0.0026
2021-12-08,1.939,0.0005
2021-12-09,1.941,0.001
2021-12-10,1.947,0.0031
2021-12-13,1.95,0.0015
2021-12-14,1.919,-0.0159
2021-12-15,1.923,0.0021
2021-12-16,1.945,0.011399999999999999
2021-12-17,1.942,-0.0015
2021-12-20,1.891,-0.0263
2021-12-21,1.913,0.0116
2021-12-22,1.915,0.001
2021-12-23,1.928,0.0068000000000000005
2021-12-24,1.91,-0.009300000000000001
2021-12-27,1.93,0.0105
2021-12-28,1.927,-0.0016
2021-12-29,1.927,0.0
2021-12-30,1.939,0.0062
2021-12-31,1.958,0.0098
2022-01-04,1.938,-0.0102
2022-01-05,1.914,-0.0124
2022-01-06,1.894,-0.0104
2022-01-07,1.876,-0.0095
2022-01-10,1.879,0.0016
2022-01-11,1.868,-0.0059
2022-01-12,1.875,0.0037
2022-01-13,1.85,-0.013300000000000001
2022-01-14,1.832,-0.0097
2022-01-17,1.837,0.0027
2022-01-18,1.878,0.0223
2022-01-19,1.872,-0.0032
2022-01-20,1.884,0.0064
2022-01-21,1.871,-0.0069
2022-01-24,1.87,-0.0005
2022-01-25,1.84,-0.016
2022-01-26,1.843,0.0016
2022-01-27,1.827,-0.0087
2022-01-28,1.831,0.0022
2022-02-07,1.86,0.0158
2022-02-08,1.882,0.0118
2022-02-09,1.915,0.0175
2022-02-10,1.928,0.0068000000000000005
2022-02-11,1.894,-0.0176
2022-02-14,1.839,-0.028999999999999998
2022-02-15,1.833,-0.0033
2022-02-16,1.844,0.006
2022-02-17,1.844,0.0
2022-02-18,1.859,0.008100000000000001
2022-02-21,1.855,-0.0022
2022-02-22,1.817,-0.020499999999999997
2022-02-23,1.82,0.0017000000000000001
2022-02-24,1.793,-0.0148
2022-02-25,1.84,0.0262
2022-02-28,1.849,0.0049
2022-03-01,1.856,0.0038
2022-03-02,1.848,-0.0043
2022-03-03,1.871,0.0124
2022-03-04,1.85,-0.011200000000000002
2022-03-07,1.784,-0.035699999999999996
2022-03-08,1.727,-0.032
2022-03-09,1.729,0.0012
2022-03-10,1.775,0.026600000000000002
2022-03-11,1.78,0.0028000000000000004
2022-03-14,1.709,-0.039900000000000005
2022-03-15,1.625,-0.0492
2022-03-16,1.691,0.0406
2022-03-17,1.71,0.011200000000000002
2022-03-18,1.735,0.0146
2022-03-21,1.749,0.008100000000000001
2022-03-22,1.738,-0.0063
2022-03-23,1.72,-0.0104
2022-03-24,1.712,-0.004699999999999999
2022-03-25,1.684,-0.016399999999999998
2022-03-28,1.684,0.0
2022-03-29,1.661,-0.0137
2022-03-30,1.692,0.0187
2022-03-31,1.661,-0.0183
2022-04-01,1.672,0.0066
2022-04-06,1.677,0.003
2022-04-07,1.636,-0.024399999999999998
2022-04-08,1.637,0.0006
2022-04-11,1.596,-0.025
2022-04-12,1.63,0.0213
2022-04-13,1.604,-0.016
2022-04-14,1.614,0.0062
2022-04-15,1.613,-0.0006
2022-04-18,1.631,0.011200000000000002
2022-04-19,1.624,-0.0043
2022-04-20,1.608,-0.009899999999999999
2022-04-21,1.563,-0.027999999999999997
2022-04-22,1.577,0.009000000000000001
2022-04-25,1.515,-0.0393
2022-04-26,1.502,-0.0086
2022-04-27,1.556,0.036000000000000004
2022-04-28,1.549,-0.0045000000000000005
2022-04-29,1.584,0.0226
2022-05-05,1.593,0.005699999999999999
2022-05-06,1.562,-0.0195
2022-05-09,1.556,-0.0038
2022-05-10,1.583,0.0174
2022-05-11,1.601,0.011399999999999999
2022-05-12,1.598,-0.0019
2022-05-13,1.603,0.0031
2022-05-16,1.591,-0.0075
2022-05-17,1.576,-0.009399999999999999
2022-05-18,1.577,0.0006
2022-05-19,1.584,0.0044
2022-05-20,1.608,0.0152
2022-05-23,1.597,-0.0068000000000000005
2022-05-24,1.555,-0.0263
2022-05-25,1.611,0.036000000000000004
2022-05-26,1.616,0.0031
2022-05-27,1.613,-0.0019
2022-05-30,1.62,0.0043
2022-05-31,1.633,0.008
2022-06-01,1.625,-0.0049
2022-06-02,1.623,-0.0012
2022-06-06,1.632,0.0055000000000000005
2022-06-07,1.635,0.0018
2022-06-08,1.645,0.0060999999999999995
2022-06-09,1.617,-0.017
2022-06-10,1.631,0.0087
2022-06-13,1.601,-0.0184
2022-06-14,1.602,0.0006
2022-06-15,1.594,-0.005
2022-06-16,1.598,0.0025
2022-06-17,1.607,0.005600000000000001
2022-06-20,1.648,0.0255
2022-06-21,1.658,0.0060999999999999995
2022-06-22,1.642,-0.0097
2022-06-23,1.654,0.0073
2022-06-24,1.666,0.0073
2022-06-27,1.69,0.0144
2022-06-28,1.719,0.0172
2022-06-29,1.715,-0.0023
2022-06-30,1.723,0.004699999999999999
2022-07-01,1.704,-0.011000000000000001
2022-07-04,1.713,0.0053
2022-07-05,1.728,0.0088
2022-07-06,1.707,-0.012199999999999999
2022-07-07,1.714,0.0040999999999999995
2022-07-08,1.712,-0.0012
2022-07-11,1.712,0.0
2022-07-12,1.716,0.0023
2022-07-13,1.725,0.0052
2022-07-14,1.703,-0.0128
2022-07-15,1.683,-0.011699999999999999
2022-07-18,1.706,0.0137
2022-07-19,1.699,-0.0040999999999999995
2022-07-20,1.712,0.0077
2022-07-21,1.691,-0.0123
2022-07-22,1.687,-0.0024
2022-07-25,1.664,-0.013600000000000001
2022-07-26,1.674,0.006
2022-07-27,1.676,0.0012
2022-07-28,1.656,-0.011899999999999999
2022-07-29,1.646,-0.006
2022-08-01,1.637,-0.0055000000000000005
2022-08-02,1.605,-0.0195
2022-08-03,1.578,-0.0168
2022-08-04,1.593,0.0095
2022-08-05,1.596,0.0019
2022-08-08,1.602,0.0038
2022-08-09,1.6,-0.0012
2022-08-10,1.588,-0.0075
2022-08-11,1.606,0.0113
2022-08-12,1.643,0.023
2022-08-15,1.64,-0.0018
2022-08-16,1.657,0.0104
2022-08-17,1.68,0.0139
2022-08-18,1.658,-0.0131
2022-08-19,1.702,0.0265
2022-08-22,1.7,-0.0012
2022-08-23,1.709,0.0053
2022-08-24,1.684,-0.0146
2022-08-25,1.715,0.0184
2022-08-26,1.728,0.0076
2022-08-29,1.73,0.0012
2022-08-30,1.733,0.0017000000000000001
2022-08-31,1.722,-0.0063
2022-09-01,1.683,-0.0226
2022-09-02,1.704,0.0125
2022-09-05,1.727,0.013500000000000002
2022-09-06,1.768,0.023700000000000002
2022-09-07,1.798,0.017
2022-09-08,1.809,0.0060999999999999995
2022-09-09,1.819,0.0055000000000000005
2022-09-13,1.809,-0.0055000000000000005
2022-09-14,1.796,-0.0072
2022-09-15,1.779,-0.0095
2022-09-16,1.747,-0.018000000000000002
2022-09-19,1.748,0.0006
2022-09-20,1.74,-0.0046
2022-09-21,1.754,0.008
2022-09-22,1.747,-0.004
2022-09-23,1.733,-0.008
2022-09-26,1.724,-0.0052
2022-09-27,1.754,0.0174
2022-09-28,1.739,-0.0086
2022-09-29,1.721,-0.0104
2022-09-30,1.71,-0.0064
2022-10-10,1.699,-0.0064
2022-10-11,1.705,0.0034999999999999996
2022-10-12,1.723,0.0106
2022-10-13,1.732,0.0052
2022-10-14,1.737,0.0029
2022-10-17,1.729,-0.0046
2022-10-18,1.729,0.0
2022-10-19,1.707,-0.0127
2022-10-20,1.702,-0.0029
2022-10-21,1.72,0.0106
2022-10-24,1.67,-0.0291
2022-10-25,1.681,0.0066
2022-10-26,1.676,-0.003
2022-10-27,1.657,-0.0113
2022-10-28,1.626,-0.0187
2022-10-31,1.596,-0.018500000000000003
2022-11-01,1.63,0.0213
2022-11-02,1.631,0.0006
2022-11-03,1.626,-0.0031
2022-11-04,1.674,0.029500000000000002
2022-11-07,1.662,-0.0072
2022-11-08,1.663,0.0006
2022-11-09,1.653,-0.006
2022-11-10,1.657,0.0024
2022-11-11,1.687,0.0181
2022-11-14,1.672,-0.0089
2022-11-15,1.678,0.0036
2022-11-16,1.671,-0.0042
2022-11-17,1.67,-0.0006
2022-11-18,1.661,-0.0054
2022-11-21,1.657,-0.0024
2022-11-22,1.664,0.0042
2022-11-23,1.671,0.0042
2022-11-24,1.675,0.0024
2022-11-25,1.693,0.010700000000000001
2022-11-28,1.703,0.0059
2022-11-29,1.735,0.018799999999999997
2022-11-30,1.743,0.0046
2022-12-01,1.717,-0.0149
2022-12-02,1.7,-0.009899999999999999
2022-12-05,1.737,0.0218
2022-12-06,1.735,-0.0012
2022-12-07,1.731,-0.0023
2022-12-08,1.73,-0.0006
2022-12-09,1.722,-0.0046
2022-12-12,1.712,-0.0058
2022-12-13,1.729,0.009899999999999999
2022-12-14,1.731,0.0012
2022-12-15,1.715,-0.0092
2022-12-16,1.734,0.0111
2022-12-19,1.706,-0.0161
2022-12-20,1.684,-0.0129
2022-12-21,1.687,0.0018
2022-12-22,1.68,-0.0040999999999999995
2022-12-23,1.679,-0.0006
2022-12-26,1.698,0.0113
2022-12-27,1.707,0.0053
2022-12-28,1.716,0.0053
2022-12-29,1.709,-0.0040999999999999995
2022-12-30,1.729,0.011699999999999999
2022-12-31,1.729,0.0
2023-01-03,1.742,0.0075
2023-01-04,1.757,0.0086
2023-01-05,1.769,0.0068000000000000005
2023-01-06,1.754,-0.0085
2023-01-09,1.745,-0.0051
2023-01-10,1.728,-0.0097
2023-01-11,1.718,-0.0058
2023-01-12,1.722,0.0023
2023-01-13,1.733,0.0064
2023-01-16,1.716,-0.0098
2023-01-17,1.715,-0.0006
2023-01-18,1.716,0.0006
2023-01-19,1.716,0.0
2023-01-20,1.737,0.012199999999999999
2023-01-30,1.711,-0.015
2023-01-31,1.703,-0.004699999999999999
2023-02-01,1.7,-0.0018
2023-02-02,1.706,0.0034999999999999996
2023-02-03,1.693,-0.0076
2023-02-06,1.685,-0.004699999999999999
2023-02-07,1.7,0.0089
2023-02-08,1.701,0.0006
2023-02-09,1.701,0.0
2023-02-10,1.712,0.006500000000000001
2023-02-13,1.718,0.0034999999999999996
2023-02-14,1.726,0.004699999999999999
2023-02-15,1.719,-0.0040999999999999995
2023-02-16,1.709,-0.0058
2023-02-17,1.693,-0.009399999999999999
2023-02-20,1.727,0.020099999999999996
2023-02-21,1.726,-0.0006
2023-02-22,1.723,-0.0017000000000000001
2023-02-23,1.716,-0.0040999999999999995
2023-02-24,1.708,-0.004699999999999999
2023-02-27,1.714,0.0034999999999999996
2023-02-28,1.726,0.006999999999999999
2023-03-01,1.735,0.0052
2023-03-02,1.738,0.0017000000000000001
2023-03-03,1.749,0.0063
2023-03-06,1.751,0.0011
2023-03-07,1.741,-0.005699999999999999
2023-03-08,1.728,-0.0075
2023-03-09,1.721,-0.0040999999999999995
2023-03-10,1.699,-0.0128
2023-03-13,1.712,0.0077
2023-03-14,1.708,-0.0023
2023-03-15,1.714,0.0034999999999999996
2023-03-16,1.701,-0.0076
2023-03-17,1.706,0.0029
2023-03-20,1.677,-0.017
2023-03-21,1.688,0.0066
2023-03-22,1.685,-0.0018
2023-03-23,1.686,0.0006
2023-03-24,1.671,-0.0089
2023-03-27,1.66,-0.0066
2023-03-28,1.655,-0.003
2023-03-29,1.659,0.0024
2023-03-30,1.682,0.0139
2023-03-31,1.682,0.0
2023-04-03,1.692,0.0059
2023-04-04,1.697,0.003
2023-04-06,1.694,-0.0018
2023-04-07,1.708,0.0083
2023-04-10,1.724,0.009399999999999999
2023-04-11,1.711,-0.0075
2023-04-12,1.7,-0.0064
2023-04-13,1.707,0.0040999999999999995
2023-04-14,1.722,0.0088
2023-04-17,1.755,0.0192
2023-04-18,1.748,-0.004
2023-04-19,1.741,-0.004
2023-04-20,1.738,-0.0017000000000000001
2023-04-21,1.718,-0.0115
2023-04-24,1.718,0.0
2023-04-25,1.726,0.004699999999999999
2023-04-26,1.741,0.0087
2023-04-27,1.755,0.008
2023-04-28,1.769,0.008
2023-05-04,1.763,-0.0034000000000000002
2023-05-05,1.767,0.0023
2023-05-08,1.766,-0.0006
2023-05-09,1.745,-0.011899999999999999
2023-05-10,1.72,-0.0143
2023-05-11,1.725,0.0029
2023-05-12,1.722,-0.0017000000000000001
2023-05-15,1.726,0.0023
2023-05-16,1.721,-0.0029
2023-05-17,1.714,-0.0040999999999999995
2023-05-18,1.717,0.0018
2023-05-19,1.713,-0.0023
2023-05-22,1.728,0.0088
2023-05-23,1.694,-0.0197
2023-05-24,1.664,-0.0177
2023-05-25,1.665,0.0006
2023-05-26,1.675,0.006
2023-05-29,1.69,0.009000000000000001
2023-05-30,1.685,-0.003
2023-05-31,1.679,-0.0036
2023-06-01,1.648,-0.018500000000000003
2023-06-02,1.656,0.0049
2023-06-05,1.659,0.0018
2023-06-06,1.644,-0.009000000000000001
2023-06-07,1.643,-0.0006
2023-06-08,1.666,0.013999999999999999
2023-06-09,1.675,0.0054
2023-06-12,1.664,-0.0066
2023-06-13,1.662,-0.0012
2023-06-14,1.645,-0.0102
2023-06-15,1.658,0.0079
2023-06-16,1.658,0.0
2023-06-19,1.671,0.0078000000000000005
2023-06-20,1.658,-0.0078000000000000005
2023-06-21,1.657,-0.0006
2023-06-26,1.654,-0.0018
2023-06-27,1.67,0.0097
2023-06-28,1.676,0.0036
2023-06-29,1.654,-0.0131
2023-06-30,1.659,0.003
2023-07-03,1.694,0.021099999999999997
2023-07-04,1.696,0.0012
2023-07-05,1.687,-0.0053
2023-07-06,1.685,-0.0012
2023-07-07,1.69,0.003
2023-07-10,1.696,0.0036
2023-07-11,1.7,0.0024
2023-07-12,1.687,-0.0076
2023-07-13,1.689,0.0012
2023-07-14,1.67,-0.011200000000000002
2023-07-17,1.668,-0.0012
2023-07-18,1.672,0.0024
2023-07-19,1.668,-0.0024
2023-07-20,1.66,-0.0048
2023-07-21,1.661,0.0006
2023-07-24,1.67,0.0054
2023-07-25,1.689,0.011399999999999999
2023-07-26,1.683,-0.0036
2023-07-27,1.68,-0.0018
2023-07-28,1.709,0.0173
2023-07-31,1.72,0.0064
2023-08-01,1.717,-0.0017000000000000001
2023-08-02,1.704,-0.0076
2023-08-03,1.711,0.0040999999999999995
2023-08-04,1.703,-0.004699999999999999
2023-08-07,1.698,-0.0029
2023-08-08,1.697,-0.0006
2023-08-09,1.685,-0.0070999999999999995
2023-08-10,1.707,0.0131
2023-08-11,1.683,-0.0141
2023-08-14,1.682,-0.0006
2023-08-15,1.682,0.0
2023-08-16,1.673,-0.0054
2023-08-17,1.668,-0.003
2023-08-18,1.664,-0.0024
2023-08-21,1.639,-0.015
2023-08-22,1.642,0.0018
2023-08-23,1.621,-0.0128
2023-08-24,1.624,0.0019
2023-08-25,1.622,-0.0012
2023-08-28,1.621,-0.0006
2023-08-29,1.625,0.0025
2023-08-30,1.609,-0.0098
2023-08-31,1.605,-0.0025
2023-09-01,1.611,0.0037
2023-09-04,1.612,0.0006
2023-09-05,1.614,0.0012
2023-09-06,1.603,-0.0068000000000000005
2023-09-07,1.591,-0.0075
2023-09-08,1.599,0.005
2023-09-11,1.61,0.0069
2023-09-12,1.615,0.0031
2023-09-13,1.611,-0.0025
2023-09-14,1.62,0.005600000000000001
2023-09-15,1.606,-0.0086
2023-09-18,1.6,-0.0037
2023-09-19,1.606,0.0038
2023-09-20,1.602,-0.0025
2023-09-21,1.597,-0.0031
2023-09-22,1.596,-0.0006
2023-09-25,1.592,-0.0025
2023-09-26,1.583,-0.005699999999999999
2023-09-27,1.579,-0.0025
2023-09-28,1.575,-0.0025
2023-10-09,1.564,-0.006999999999999999
2023-10-10,1.556,-0.0051
2023-10-11,1.544,-0.0077
2023-10-12,1.56,0.0104
2023-10-13,1.542,-0.0115
2023-10-16,1.535,-0.0045000000000000005
2023-10-17,1.536,0.0007000000000000001
2023-10-18,1.517,-0.0124
2023-10-19,1.492,-0.0165
2023-10-20,1.495,0.002
2023-10-23,1.471,-0.0161
2023-10-24,1.478,0.0048
2023-10-25,1.49,0.008100000000000001
2023-10-26,1.512,0.0148
2023-10-27,1.532,0.0132
2023-10-30,1.537,0.0033
2023-10-31,1.537,0.0
2023-11-01,1.527,-0.006500000000000001
2023-11-02,1.522,-0.0033
2023-11-03,1.523,0.0007000000000000001
2023-11-06,1.525,0.0013
2023-11-07,1.512,-0.0085
2023-11-08,1.509,-0.002
2023-11-09,1.515,0.004
2023-11-10,1.511,-0.0026
2023-11-13,1.509,-0.0013
2023-11-14,1.511,0.0013
2023-11-15,1.514,0.002
2023-11-16,1.518,0.0026
2023-11-17,1.52,0.0013
2023-11-20,1.53,0.0066
2023-11-21,1.527,-0.002
2023-11-22,1.523,-0.0026
2023-11-23,1.526,0.002
2023-11-24,1.521,-0.0033
2023-11-27,1.528,0.0046
2023-11-28,1.518,-0.006500000000000001
2023-11-29,1.5,-0.011899999999999999
2023-11-30,1.509,0.006
2023-12-01,1.501,-0.0053
2023-12-04,1.503,0.0013
2023-12-05,1.487,-0.0106
2023-12-06,1.489,0.0013
2023-12-07,1.493,0.0027
2023-12-08,1.499,0.004
2023-12-11,1.502,0.002
2023-12-12,1.508,0.004
2023-12-13,1.491,-0.0113
2023-12-14,1.484,-0.004699999999999999
2023-12-15,1.471,-0.0088
2023-12-18,1.461,-0.0068000000000000005
2023-12-19,1.454,-0.0048
2023-12-20,1.453,-0.0007000000000000001
2023-12-21,1.45,-0.0021
2023-12-22,1.448,-0.0014000000000000002
2023-12-25,1.454,0.0040999999999999995
2023-12-26,1.447,-0.0048
2023-12-27,1.458,0.0076
2023-12-28,1.468,0.0069
2023-12-29,1.467,-0.0007000000000000001
2023-12-31,1.466,-0.0007000000000000001
2024-01-02,1.482,0.0109
2024-01-03,1.496,0.009399999999999999
2024-01-04,1.491,-0.0033
2024-01-05,1.495,0.0027
2024-01-08,1.486,-0.006
2024-01-09,1.504,0.0121
2024-01-10,1.504,0.0
2024-01-11,1.498,-0.004
2024-01-12,1.512,0.009300000000000001
2024-01-15,1.528,0.0106
2024-01-16,1.543,0.0098
2024-01-17,1.521,-0.0143
2024-01-18,1.522,0.0007000000000000001
2024-01-19,1.507,-0.009899999999999999
2024-01-22,1.472,-0.0232
2024-01-23,1.487,0.0102
2024-01-24,1.514,0.0182
2024-01-25,1.537,0.0152
2024-01-26,1.559,0.0143
2024-01-29,1.567,0.0051
2024-01-30,1.541,-0.0166
2024-01-31,1.536,-0.0032
2024-02-01,1.518,-0.011699999999999999
2024-02-02,1.518,0.0
2024-02-05,1.506,-0.0079
2024-02-06,1.536,0.0199
2024-02-07,1.542,0.0039000000000000003
2024-02-08,1.549,0.0045000000000000005
2024-02-19,1.574,0.0161
2024-02-20,1.586,0.0076
2024-02-21,1.596,0.0063
2024-02-22,1.613,0.010700000000000001
2024-02-23,1.613,0.0
2024-02-26,1.581,-0.019799999999999998
2024-02-27,1.587,0.0038
2024-02-28,1.584,-0.0019
2024-02-29,1.589,0.0032
2024-03-01,1.569,-0.0126
2024-03-04,1.575,0.0038
2024-03-05,1.594,0.0121
2024-03-06,1.591,-0.0019
2024-03-07,1.602,0.0069
2024-03-08,1.607,0.0031
2024-03-11,1.605,-0.0012
2024-03-12,1.587,-0.011200000000000002
2024-03-13,1.581,-0.0038
2024-03-14,1.587,0.0038
2024-03-15,1.605,0.0113
2024-03-18,1.607,0.0012
2024-03-19,1.589,-0.011200000000000002
2024-03-20,1.595,0.0038
2024-03-21,1.597,0.0013
2024-03-22,1.582,-0.009399999999999999
2024-03-25,1.586,0.0025
2024-03-26,1.597,0.0069
2024-03-27,1.597,0.0
2024-03-28,1.601,0.0025
2024-03-29,1.617,0.01
2024-04-01,1.63,0.008
2024-04-02,1.643,0.008
2024-04-03,1.636,-0.0043
2024-04-08,1.639,0.0018
2024-04-09,1.637,-0.0012
2024-04-10,1.643,0.0037
2024-04-11,1.653,0.0060999999999999995
2024-04-12,1.649,-0.0024
2024-04-15,1.667,0.0109
2024-04-16,1.648,-0.011399999999999999
2024-04-17,1.668,0.0121
2024-04-18,1.661,-0.0042
2024-04-19,1.647,-0.0084
2024-04-22,1.658,0.0067
2024-04-23,1.646,-0.0072
2024-04-24,1.653,0.0043
2024-04-25,1.666,0.0079
2024-04-26,1.657,-0.0054
2024-04-29,1.648,-0.0054
2024-04-30,1.661,0.0079
2024-05-06,1.673,0.0072
2024-05-07,1.662,-0.0066
2024-05-08,1.66,-0.0012
2024-05-09,1.671,0.0066
2024-05-10,1.682,0.0066
2024-05-13,1.699,0.0101
2024-05-14,1.699,0.0
2024-05-15,1.687,-0.0070999999999999995
2024-05-16,1.677,-0.0059
2024-05-17,1.681,0.0024
2024-05-20,1.695,0.0083
2024-05-21,1.697,0.0012
2024-05-22,1.702,0.0029
2024-05-23,1.682,-0.0118
2024-05-24,1.688,0.0036
2024-05-27,1.715,0.016
2024-05-28,1.704,-0.0064
2024-05-29,1.701,-0.0018
2024-05-30,1.68,-0.0123
2024-05-31,1.682,0.0012
2024-06-03,1.672,-0.0059
2024-06-04,1.694,0.0132
2024-06-05,1.68,-0.0083
2024-06-06,1.688,0.0048
2024-06-07,1.698,0.0059
2024-06-11,1.679,-0.011200000000000002
2024-06-12,1.687,0.0048
2024-06-13,1.678,-0.0053
2024-06-14,1.678,0.0
2024-06-17,1.66,-0.010700000000000001
2024-06-18,1.662,0.0012
2024-06-19,1.658,-0.0024
2024-06-20,1.654,-0.0024
2024-06-21,1.648,-0.0036
2024-06-24,1.642,-0.0036
2024-06-25,1.645,0.0018
2024-06-26,1.646,0.0006
2024-06-27,1.646,0.0
2024-06-28,1.673,0.016399999999999998
2024-06-30,1.672,-0.0006
2024-07-01,1.697,0.015
2024-07-02,1.699,0.0012
2024-07-03,1.693,-0.0034999999999999996
2024-07-04,1.674,-0.011200000000000002
2024-07-05,1.659,-0.009000000000000001
2024-07-08,1.663,0.0024
2024-07-09,1.685,0.0132
2024-07-10,1.657,-0.0166
2024-07-11,1.662,0.003
2024-07-12,1.656,-0.0036
2024-07-15,1.657,0.0006
2024-07-16,1.658,0.0006
2024-07-17,1.646,-0.0072
2024-07-18,1.659,0.0079
2024-07-19,1.66,0.0006
2024-07-22,1.644,-0.0096
2024-07-23,1.627,-0.0103
2024-07-24,1.627,0.0
2024-07-25,1.621,-0.0037
2024-07-26,1.628,0.0043
2024-07-29,1.636,0.0049
2024-07-30,1.624,-0.0073
2024-07-31,1.639,0.0092
2024-08-01,1.628,-0.0067
2024-08-02,1.614,-0.0086
2024-08-05,1.605,-0.005600000000000001
2024-08-06,1.609,0.0025
2024-08-07,1.613,0.0025
2024-08-08,1.61,-0.0019
2024-08-09,1.61,0.0
2024-08-12,1.592,-0.011200000000000002
2024-08-13,1.585,-0.0044
2024-08-14,1.584,-0.0006
2024-08-15,1.602,0.011399999999999999
2024-08-16,1.594,-0.005
2024-08-19,1.608,0.0088
2024-08-20,1.589,-0.0118
2024-08-21,1.577,-0.0076
2024-08-22,1.583,0.0038
2024-08-23,1.58,-0.0019
2024-08-26,1.588,0.0051
2024-08-27,1.565,-0.014499999999999999
2024-08-28,1.553,-0.0077
2024-08-29,1.55,-0.0019
2024-08-30,1.584,0.0219
2024-09-02,1.562,-0.0139
2024-09-03,1.573,0.006999999999999999
2024-09-04,1.565,-0.0051
2024-09-05,1.57,0.0032
2024-09-06,1.553,-0.0108
2024-09-09,1.534,-0.012199999999999999
2024-09-10,1.518,-0.0104
2024-09-11,1.509,-0.0059
2024-09-12,1.502,-0.0046
2024-09-13,1.503,0.0007000000000000001
2024-09-18,1.527,0.016
2024-09-19,1.55,0.0151
2024-09-20,1.563,0.0084
2024-09-23,1.571,0.0051
2024-09-24,1.611,0.0255
2024-09-25,1.625,0.0087
2024-09-26,1.719,0.057800000000000004
2024-09-27,1.796,0.044800000000000006
2024-09-30,1.916,0.0668
2024-10-08,1.924,0.0042
2024-10-09,1.787,-0.0712
2024-10-10,1.794,0.0039000000000000003
2024-10-11,1.782,-0.0067
2024-10-14,1.826,0.024700000000000003
2024-10-15,1.799,-0.0148
2024-10-16,1.849,0.0278
2024-10-17,1.772,-0.0416
2024-10-18,1.813,0.0231
2024-10-21,1.81,-0.0017000000000000001
2024-10-22,1.818,0.0044
2024-10-23,1.819,0.0006
2024-10-24,1.796,-0.0126
2024-10-25,1.801,0.0028000000000000004
2024-10-28,1.819,0.01
2024-10-29,1.794,-0.0137
2024-10-30,1.803,0.005
2024-10-31,1.829,0.0144
2024-11-01,1.834,0.0027
2024-11-04,1.846,0.006500000000000001
2024-11-05,1.896,0.0271
2024-11-06,1.916,0.0105
2024-11-07,1.999,0.0433
2024-11-08,1.941,-0.028999999999999998
2024-11-11,1.922,-0.0098
2024-11-12,1.903,-0.009899999999999999
2024-11-13,1.891,-0.0063
2024-11-14,1.863,-0.0148
2024-11-15,1.816,-0.0252
2024-11-18,1.815,-0.0006
2024-11-19,1.826,0.0060999999999999995
2024-11-20,1.826,0.0
2024-11-21,1.824,-0.0011
2024-11-22,1.775,-0.0269
2024-11-25,1.769,-0.0034000000000000002
2024-11-26,1.78,0.0062
2024-11-27,1.811,0.0174
2024-11-28,1.805,-0.0033
2024-11-29,1.833,0.0155
2024-12-02,1.841,0.0044
2024-12-03,1.84,-0.0005
2024-12-04,1.822,-0.0098
2024-12-05,1.825,0.0016
2024-12-06,1.84,0.008199999999999999
2024-12-09,1.817,-0.0125
2024-12-10,1.837,0.011000000000000001
2024-12-11,1.84,0.0016
2024-12-12,1.863,0.0125
2024-12-13,1.808,-0.029500000000000002
2024-12-16,1.782,-0.0144
2024-12-17,1.78,-0.0011
2024-12-18,1.779,-0.0006
2024-12-19,1.766,-0.0073
2024-12-20,1.764,-0.0011
2024-12-23,1.756,-0.0045000000000000005
2024-12-24,1.775,0.0108
2024-12-25,1.771,-0.0023
2024-12-26,1.768,-0.0017000000000000001
2024-12-27,1.781,0.0074
2024-12-30,1.781,0.0
2024-12-31,1.754,-0.0152
2025-01-02,1.706,-0.0274
2025-01-03,1.681,-0.0147
2025-01-06,1.67,-0.006500000000000001
2025-01-07,1.683,0.0078000000000000005
2025-01-08,1.675,-0.0048
2025-01-09,1.677,0.0012
2025-01-10,1.654,-0.0137
2025-01-13,1.661,0.0042
2025-01-14,1.697,0.0217
2025-01-15,1.691,-0.0034999999999999996
2025-01-16,1.688,-0.0018
2025-01-17,1.7,0.0070999999999999995
2025-01-20,1.699,-0.0006
2025-01-21,1.71,0.006500000000000001
2025-01-22,1.676,-0.0199
2025-01-23,1.685,0.0054
2025-01-24,1.694,0.0053
2025-01-27,1.682,-0.0070999999999999995
2025-02-05,1.666,-0.0095
2025-02-06,1.675,0.0054
2025-02-07,1.697,0.0131
2025-02-10,1.704,0.0040999999999999995
2025-02-11,1.692,-0.006999999999999999
2025-02-12,1.721,0.0171
2025-02-13,1.728,0.0040999999999999995
2025-02-14,1.719,-0.0052
2025-02-17,1.717,-0.0012
2025-02-18,1.69,-0.015700000000000002
2025-02-19,1.703,0.0077
2025-02-20,1.691,-0.006999999999999999
2025-02-21,1.704,0.0077
2025-02-24,1.716,0.006999999999999999
2025-02-25,1.694,-0.0128
2025-02-26,1.723,0.0171
2025-02-27,1.739,0.009300000000000001
2025-02-28,1.715,-0.0138
2025-03-03,1.716,0.0006
2025-03-04,1.714,-0.0012
2025-03-05,1.707,-0.0040999999999999995
2025-03-06,1.736,0.017
2025-03-07,1.727,-0.0052
2025-03-10,1.714,-0.0075
2025-03-11,1.718,0.0023
2025-03-12,1.716,-0.0012
2025-03-13,1.708,-0.004699999999999999
2025-03-14,1.75,0.0246
2025-03-17,1.747,-0.0017000000000000001
2025-03-18,1.747,0.0
2025-03-19,1.746,-0.0006
2025-03-20,1.733,-0.0074
2025-03-21,1.714,-0.011000000000000001
2025-03-24,1.713,-0.0006
2025-03-25,1.706,-0.0040999999999999995
2025-03-26,1.706,0.0
2025-03-27,1.705,-0.0006
2025-03-28,1.703,-0.0012
2025-03-31,1.686,-0.01
2025-04-01,1.68,-0.0036
2025-04-02,1.686,0.0036
2025-04-03,1.692,0.0036
2025-04-07,1.581,-0.06559999999999999
2025-04-08,1.615,0.0215
2025-04-09,1.637,0.013600000000000001
2025-04-10,1.657,0.012199999999999999
2025-04-11,1.645,-0.0072
2025-04-14,1.636,-0.0055000000000000005
2025-04-15,1.643,0.0043
2025-04-16,1.648,0.003
2025-04-17,1.663,0.0091
2025-04-18,1.672,0.0054
2025-04-21,1.657,-0.009000000000000001
2025-04-22,1.663,0.0036
2025-04-23,1.654,-0.0054
2025-04-24,1.661,0.0042
2025-04-25,1.645,-0.0096
2025-04-28,1.626,-0.0116
2025-04-29,1.628,0.0012
2025-04-30,1.626,-0.0012
2025-05-06,1.628,0.0012
2025-05-07,1.639,0.0068000000000000005
2025-05-08,1.646,0.0043
2025-05-09,1.644,-0.0012
2025-05-12,1.656,0.0073
2025-05-13,1.655,-0.0006
2025-05-14,1.668,0.0079
2025-05-15,1.653,-0.009000000000000001
2025-05-16,1.642,-0.0067
2025-05-19,1.635,-0.0043
2025-05-20,1.644,0.0055000000000000005
2025-05-21,1.647,0.0018
2025-05-22,1.644,-0.0018
2025-05-23,1.636,-0.0049
2025-05-26,1.622,-0.0086
2025-05-27,1.628,0.0037
2025-05-28,1.63,0.0012
2025-05-29,1.631,0.0006
2025-05-30,1.625,-0.0037
2025-06-03,1.619,-0.0037
2025-06-04,1.622,0.0019
2025-06-05,1.613,-0.0055000000000000005
2025-06-06,1.613,0.0
2025-06-09,1.613,0.0
2025-06-10,1.609,-0.0025
2025-06-11,1.604,-0.0031
2025-06-12,1.605,0.0006
2025-06-13,1.578,-0.0168
2025-06-16,1.584,0.0038
2025-06-17,1.581,-0.0019
2025-06-18,1.579,-0.0013
2025-06-19,1.575,-0.0025
2025-06-20,1.583,0.0051
2025-06-23,1.597,0.0088
2025-06-24,1.594,-0.0019
2025-06-25,1.61,0.01
2025-06-26,1.627,0.0106
2025-06-27,1.606,-0.0129
2025-06-30,1.616,0.0062
2025-07-01,1.605,-0.0068000000000000005
2025-07-02,1.596,-0.005600000000000001
2025-07-03,1.596,0.0
2025-07-04,1.619,0.0144
2025-07-07,1.62,0.0006
2025-07-08,1.622,0.0012
2025-07-09,1.618,-0.0025
2025-07-10,1.607,-0.0068000000000000005
2025-07-11,1.608,0.0006
2025-07-14,1.606,-0.0012
2025-07-15,1.594,-0.0075
2025-07-16,1.592,-0.0013
2025-07-17,1.592,0.0
2025-07-18,1.607,0.009399999999999999
2025-07-21,1.592,-0.009300000000000001
2025-07-22,1.601,0.005699999999999999
2025-07-23,1.595,-0.0037
2025-07-24,1.597,0.0013
2025-07-25,1.584,-0.008100000000000001
2025-07-28,1.592,0.0051
2025-07-29,1.591,-0.0006
2025-07-30,1.573,-0.0113
2025-07-31,1.54,-0.021
2025-08-01,1.533,-0.0045000000000000005
2025-08-04,1.531,-0.0013
2025-08-05,1.544,0.0085
2025-08-06,1.54,-0.0026
2025-08-07,1.538,-0.0013
2025-08-08,1.537,-0.0007000000000000001
2025-08-11,1.549,0.0078000000000000005
2025-08-12,1.563,0.009000000000000001
2025-08-13,1.551,-0.0077
2025-08-14,1.581,0.019299999999999998
2025-08-15,1.589,0.0051
2025-08-18,1.598,0.005699999999999999
2025-08-19,1.616,0.0113
2025-08-20,1.621,0.0031
2025-08-21,1.638,0.0105
2025-08-22,1.652,0.0085
2025-08-25,1.706,0.0327
2025-08-26,1.685,-0.0123
2025-08-27,1.642,-0.0255
2025-08-28,1.654,0.0073
2025-08-29,1.663,0.0054
2025-09-01,1.7,0.0222
2025-09-02,1.647,-0.031200000000000002
2025-09-03,1.598,-0.0298
2025-09-04,1.59,-0.005
2025-09-05,1.613,0.014499999999999999
2025-09-08,1.631,0.011200000000000002
2025-09-09,1.624,-0.0043
2025-09-10,1.607,-0.0105
2025-09-11,1.631,0.0149
2025-09-12,1.604,-0.0166
2025-09-15,1.587,-0.0106
2025-09-16,1.588,0.0006
2025-09-17,1.598,0.0063
2025-09-18,1.563,-0.0219
2025-09-19,1.543,-0.0128
2025-09-22,1.531,-0.0078000000000000005
2025-09-23,1.496,-0.0229
2025-09-24,1.508,0.008
2025-09-25,1.505,-0.002
2025-09-26,1.493,-0.008
2025-09-29,1.509,0.010700000000000001
2025-09-30,1.495,-0.009300000000000001
2025-10-09,1.498,0.002
2025-10-10,1.483,-0.01
2025-10-13,1.467,-0.0108
2025-10-14,1.479,0.008199999999999999
2025-10-15,1.486,0.004699999999999999
2025-10-16,1.482,-0.0027
2025-10-17,1.458,-0.016200000000000003
2025-10-20,1.464,0.0040999999999999995
2025-10-21,1.48,0.0109
2025-10-22,1.473,-0.004699999999999999
2025-10-23,1.466,-0.0048
2025-10-24,1.492,0.0177
2025-10-27,1.52,0.018799999999999997
2025-10-28,1.513,-0.0046
2025-10-29,1.527,0.009300000000000001
2025-10-30,1.501,-0.017
2025-10-31,1.485,-0.010700000000000001
2025-11-03,1.506,0.0141
2025-11-04,1.485,-0.0139
2025-11-05,1.479,-0.004
2025-11-06,1.511,0.0216
2025-11-07,1.532,0.0139
2025-11-10,1.581,0.032
2025-11-11,1.553,-0.0177
2025-11-12,1.574,0.013500000000000002
2025-11-13,1.595,0.013300000000000001
2025-11-14,1.535,-0.037599999999999995
2025-11-17,1.541,0.0039000000000000003
2025-11-18,1.528,-0.0084
2025-11-19,1.528,0.0
2025-11-20,1.498,-0.0196
2025-11-21,1.43,-0.0454
2025-11-24,1.416,-0.0098
2025-11-25,1.432,0.0113
2025-11-26,1.449,0.011899999999999999
2025-11-27,1.441,-0.0055000000000000005
2025-11-28,1.458,0.0118
2025-12-01,1.457,-0.0007000000000000001
2025-12-02,1.45,-0.0048
2025-12-03,1.435,-0.0103
2025-12-04,1.44,0.0034999999999999996
2025-12-05,1.442,0.0014000000000000002
2025-12-08,1.472,0.0208
2025-12-09,1.494,0.0149
2025-12-10,1.503,0.006
2025-12-11,1.482,-0.013999999999999999
2025-12-12,1.503,0.014199999999999999
2025-12-15,1.482,-0.013999999999999999
2025-12-16,1.452,-0.0202
2025-12-17,1.485,0.0227
2025-12-18,1.47,-0.0101
2025-12-19,1.469,-0.0007000000000000001
2025-12-22,1.525,0.0381
2025-12-23,1.531,0.0039000000000000003
2025-12-24,1.534,0.002
2025-12-25,1.528,-0.0039000000000000003
2025-12-26,1.51,-0.0118
2025-12-29,1.504,-0.004
2025-12-30,1.487,-0.0113
2025-12-31,1.468,-0.0128
2026-01-05,1.504,0.0245
2026-01-06,1.525,0.013999999999999999
2026-01-07,1.588,0.041299999999999996
2026-01-08,1.573,-0.009399999999999999
2026-01-09,1.558,-0.0095
2026-01-12,1.577,0.012199999999999999
2026-01-13,1.539,-0.0241
2026-01-14,1.554,0.0097
2026-01-15,1.597,0.0277
2026-01-16,1.642,0.0282
2026-01-19,1.642,0.0
2026-01-20,1.618,-0.0146
2026-01-21,1.626,0.0049
2026-01-22,1.632,0.0037
2026-01-23,1.666,0.0208
2026-01-26,1.648,-0.0108
2026-01-27,1.693,0.0273
2026-01-28,1.711,0.0106
2026-01-29,1.662,-0.0286
2026-01-30,1.678,0.0096
2026-02-02,1.621,-0.034
2026-02-03,1.684,0.038900000000000004
2026-02-04,1.678,-0.0036
2026-02-05,1.641,-0.022099999999999998
2026-02-06,1.619,-0.0134
2026-02-09,1.667,0.0296
2026-02-10,1.657,-0.006
2026-02-11,1.625,-0.019299999999999998
2026-02-12,1.64,0.0092
2026-02-13,1.65,0.0060999999999999995
2026-02-24,1.67,0.0121
2026-02-25,1.696,0.015600000000000001
2026-02-26,1.699,0.0018
2026-02-27,1.666,-0.0194
2026-03-02,1.675,0.0054
2026-03-03,1.623,-0.031
2026-03-04,1.612,-0.0068000000000000005
2026-03-05,1.638,0.0161
2026-03-06,1.621,-0.0104
2026-03-09,1.576,-0.0278
2026-03-10,1.622,0.0292
2026-03-11,1.612,-0.0062
2026-03-12,1.575,-0.023
2026-03-13,1.572,-0.0019
2026-03-16,1.601,0.0184
2026-03-17,1.56,-0.0256
2026-03-18,1.616,0.0359
2026-03-19,1.595,-0.013000000000000001
2026-03-20,1.619,0.015
2026-03-23,1.569,-0.030899999999999997
2026-03-24,1.593,0.015300000000000001
2026-03-25,1.638,0.0282
2026-03-26,1.599,-0.023799999999999998
2026-03-27,1.606,0.0044
2026-03-30,1.606,0.0
2026-03-31,1.552,-0.0336
2026-04-01,1.606,0.0348
2026-04-02,1.566,-0.024900000000000002
2026-04-03,1.584,0.0115
2026-04-07,1.58,-0.0025
2026-04-08,1.678,0.062
2026-04-09,1.683,0.003
2026-04-10,1.715,0.019
2026-04-13,1.7,-0.0087
2026-04-14,1.731,0.0182
2026-04-15,1.712,-0.011000000000000001
2026-04-16,1.757,0.0263
2026-04-17,1.796,0.0222
2026-04-20,1.803,0.0039000000000000003
2026-04-21,1.818,0.0083
2026-04-22,1.867,0.027000000000000003
2026-04-23,1.847,-0.010700000000000001
2026-04-24,1.801,-0.024900000000000002
2026-04-27,1.813,0.0067
2026-04-28,1.816,0.0017000000000000001
2026-04-29,1.802,-0.0077
2026-04-30,1.796,-0.0033
2026-05-06,1.814,0.01
2026-05-07,1.85,0.019799999999999998
2026-05-08,1.837,-0.006999999999999999
2026-05-11,1.887,0.027200000000000002
2026-05-12,1.922,0.018500000000000003
2026-05-13,1.958,0.0187
2026-05-14,1.942,-0.008199999999999999
2026-05-15,1.889,-0.0273
2026-05-18,1.884,-0.0026
2026-05-19,1.866,-0.0096
2026-05-20,1.864,-0.0011
2026-05-21,1.817,-0.0252
2026-05-22,1.857,0.022000000000000002
2026-05-25,1.885,0.0151
2026-05-26,1.876,-0.0048
2026-05-27,1.88,0.0021
2026-05-28,1.936,0.0298
2026-05-29,1.927,-0.0046
2026-06-01,1.9,-0.013999999999999999
2026-06-02,1.946,0.0242
2026-06-03,1.975,0.0149
2026-06-04,1.985,0.0051
2026-06-05,1.938,-0.023700000000000002
2026-06-08,1.888,-0.0258
2026-06-09,1.938,0.0265
2026-06-10,1.908,-0.0155
2026-06-11,1.88,-0.0147
2026-06-12,1.855,-0.013300000000000001
2026-06-15,1.899,0.023700000000000002
2026-06-16,1.897,-0.0011
2026-06-17,1.905,0.0042
2026-06-18,1.933,0.0147
2026-06-22,1.966,0.0171
2026-06-23,1.907,-0.03
2026-06-24,1.904,-0.0016
2026-06-25,1.933,0.0152
2026-06-26,1.859,-0.0383
2026-06-29,1.854,-0.0027
2026-06-30,1.89,0.0194
2026-07-01,1.884,-0.0032
2026-07-02,1.819,-0.0345
2026-07-03,1.826,0.0038
2026-07-06,1.822,-0.0022
2026-07-07,1.798,-0.0132
2026-07-08,1.783,-0.0083
2026-07-09,1.818,0.0196
2026-07-10,1.784,-0.0187
2026-07-13,1.755,-0.0163
2026-07-14,1.819,0.0365
2026-07-15,1.811,-0.0044
2026-07-16,1.773,-0.021
2026-07-17,1.684,-0.050199999999999995
2026-07-20,1.717,0.0196
2026-07-21,1.776,0.0344
2026-07-22,1.761,-0.0084
2026-07-23,1.772,0.0062
2026-07-24,1.732,-0.0226
2026-07-27,1.763,0.0179
2026-07-28,1.684,-0.044800000000000006
2026-07-29,1.715,0.0184
2026-07-30,1.67,-0.0262
2026-07-31,1.696,0.015600000000000001
2026-08-03,1.69,-0.0034999999999999996
2026-08-04,1.732,0.024900000000000002
2026-08-05,1.721,-0.0064
2026-08-06,1.745,0.0139
2026-08-07,1.748,0.0017000000000000001
