date,nav,ret
2003-06-12,1.0,0.0
2003-06-13,1.0006,0.0006
2003-06-16,1.0006,0.0
2003-06-17,1.0006,0.0
2003-06-18,1.0007,0.0001
2003-06-19,1.0007,0.0
2003-06-20,1.0007,0.0
2003-06-23,1.0009,0.0002
2003-06-24,1.0009,0.0
2003-06-25,1.001,0.0001
2003-06-26,1.001,0.0
2003-06-27,1.0011,0.0001
2003-06-30,1.0012,0.0001
2003-07-01,1.0013,0.0001
2003-07-02,1.0015,0.0002
2003-07-03,1.0016,0.0001
2003-07-04,1.0015,-0.0001
2003-07-07,1.0016,0.0001
2003-07-08,1.0018,0.0002
2003-07-09,1.0017,-0.0001
2003-07-10,1.0019,0.0002
2003-07-11,1.002,0.0001
2003-07-14,1.0021,0.0001
2003-07-15,1.0023,0.0002
2003-07-16,1.0024,0.0001
2003-07-17,1.0024,0.0
2003-07-18,1.0018,-0.000599
2003-07-21,1.0017,-0.0001
2003-07-22,1.0014,-0.000299
2003-07-23,1.0016,0.0002
2003-07-24,1.0015,-0.0001
2003-07-25,1.0016,0.0001
2003-07-28,1.0014,-0.0002
2003-07-29,1.0014,0.0
2003-07-30,1.0015,0.0001
2003-07-31,1.0015,0.0
2003-08-01,1.0022,0.0006990000000000001
2003-08-04,1.0028,0.000599
2003-08-05,1.0029,0.0001
2003-08-06,1.0028,-0.0001
2003-08-07,1.0029,0.0001
2003-08-08,1.0025,-0.000399
2003-08-11,1.0027,0.0002
2003-08-12,1.0028,0.0001
2003-08-13,1.0025,-0.000299
2003-08-14,1.0025,0.0
2003-08-15,1.0023,-0.0002
2003-08-18,1.0024,0.0001
2003-08-19,1.0026,0.0002
2003-08-20,1.0025,-0.0001
2003-08-21,1.0022,-0.000299
2003-08-22,1.0013,-0.000898
2003-08-25,1.0003,-0.000999
2003-08-26,0.9995,-0.0008
2003-08-27,0.9999,0.0004
2003-08-28,1.0001,0.0002
2003-08-29,1.0003,0.0002
2003-09-01,1.0002,-0.0001
2003-09-02,1.0001,-0.0001
2003-09-03,0.9993,-0.0008
2003-09-04,0.9985,-0.0008010000000000001
2003-09-05,0.9978,-0.0007009999999999999
2003-09-08,0.9973,-0.000501
2003-09-09,0.9965,-0.000802
2003-09-10,0.9969,0.000401
2003-09-11,0.9971,0.000201
2003-09-12,0.9982,0.001103
2003-09-15,0.9975,-0.0007009999999999999
2003-09-16,0.9966,-0.000902
2003-09-17,0.9958,-0.000803
2003-09-18,0.9962,0.000402
2003-09-19,0.996,-0.000201
2003-09-22,0.9961,0.0001
2003-09-23,0.9937,-0.002409
2003-09-24,0.9915,-0.0022140000000000003
2003-09-25,0.9912,-0.000303
2003-09-26,0.9897,-0.0015129999999999998
2003-09-29,0.9905,0.000808
2003-09-30,0.9932,0.002726
2003-10-08,0.9921,-0.001108
2003-10-09,0.9918,-0.000302
2003-10-10,0.9906,-0.00121
2003-10-13,0.9895,-0.00111
2003-10-14,0.9893,-0.000202
2003-10-15,0.9894,0.000101
2003-10-16,0.9918,0.002426
2003-10-17,0.9921,0.000302
2003-10-20,0.9921,0.0
2003-10-21,0.9926,0.000504
2003-10-22,0.9923,-0.000302
2003-10-23,0.9913,-0.001008
2003-10-24,0.991,-0.000303
2003-10-27,0.9907,-0.000303
2003-10-28,0.9899,-0.000808
2003-10-29,0.9904,0.000505
2003-10-30,0.9919,0.0015149999999999999
2003-10-31,0.9916,-0.000302
2003-11-03,0.9917,0.000101
2003-11-04,0.9939,0.002218
2003-11-05,0.9925,-0.0014089999999999999
2003-11-06,0.9926,0.000101
2003-11-07,0.9922,-0.00040300000000000004
2003-11-10,0.993,0.0008060000000000001
2003-11-11,0.9924,-0.000604
2003-11-12,0.9916,-0.0008060000000000001
2003-11-13,0.9925,0.0009080000000000001
2003-11-14,0.989,-0.003526
2003-11-17,0.9883,-0.000708
2003-11-18,0.9902,0.001922
2003-11-19,0.9904,0.000202
2003-11-20,0.9907,0.000303
2003-11-21,0.9908,0.000101
2003-11-24,0.9928,0.002019
2003-11-25,0.9942,0.0014099999999999998
2003-11-26,0.9944,0.000201
2003-11-27,0.9942,-0.000201
2003-11-28,0.9952,0.001006
2003-12-01,0.9981,0.002914
2003-12-02,0.9997,0.001603
2003-12-03,1.0012,0.0015
2003-12-04,1.0011,-0.0001
2003-12-05,1.0034,0.002297
2003-12-08,1.0033,-0.0001
2003-12-09,1.0043,0.000997
2003-12-10,1.007,0.002688
2003-12-11,1.0082,0.001192
2003-12-12,1.0074,-0.000793
2003-12-15,1.0079,0.000496
2003-12-16,1.0101,0.002183
2003-12-17,1.0074,-0.002673
2003-12-18,1.01,0.002581
2003-12-19,1.0165,0.006436
2003-12-22,1.0252,0.008559
2003-12-23,1.0309,0.005560000000000001
2003-12-24,1.0362,0.005141
2003-12-25,1.0376,0.001351
2003-12-26,1.0345,-0.002988
2003-12-29,1.0288,-0.00551
2003-12-30,1.0318,0.002916
2003-12-31,1.0295,-0.002229
2004-01-02,1.032,0.002428
2004-01-05,1.0431,0.010755999999999998
2004-01-06,1.043,-9.599999999999999e-05
2004-01-07,1.0454,0.002301
2004-01-08,1.0466,0.001148
2004-01-09,1.0432,-0.003249
2004-01-12,1.0478,0.00441
2004-01-13,1.0459,-0.001813
2004-01-14,1.043,-0.002773
2004-01-15,1.0414,-0.001534
2004-01-16,1.0443,0.002785
2004-01-29,1.046,0.001628
2004-01-30,1.0464,0.00038199999999999996
2004-02-02,1.0541,0.007359
2004-02-03,1.0546,0.000474
2004-02-04,1.0612,0.0062580000000000005
2004-02-05,1.0599,-0.001225
2004-02-06,1.057,-0.002736
2004-02-09,1.0593,0.002176
2004-02-10,1.0579,-0.001322
2004-02-11,1.0575,-0.000378
2004-02-12,1.0541,-0.003215
2004-02-13,1.0553,0.001138
2004-02-16,1.0393,0.00379
2004-02-17,1.0433,0.003849
2004-02-18,1.0449,0.001534
2004-02-19,1.0467,0.0017230000000000001
2004-02-20,1.0471,0.00038199999999999996
2004-02-23,1.039,-0.007736
2004-02-24,1.0374,-0.00154
2004-02-25,1.0329,-0.004338
2004-02-26,1.0342,0.0012590000000000001
2004-02-27,1.0413,0.006865
2004-03-01,1.0442,0.002785
2004-03-02,1.0458,0.001532
2004-03-03,1.0424,-0.003251
2004-03-04,1.0432,0.000767
2004-03-05,1.0433,9.599999999999999e-05
2004-03-08,1.0415,-0.001725
2004-03-09,1.0411,-0.00038399999999999996
2004-03-10,1.048,0.006627999999999999
2004-03-11,1.0537,0.005439
2004-03-12,1.056,0.002183
2004-03-15,1.0618,0.005492
2004-03-16,1.0632,0.0013189999999999999
2004-03-17,1.0664,0.00301
2004-03-18,1.0611,-0.00497
2004-03-19,1.066,0.004618
2004-03-22,1.0664,0.000375
2004-03-23,1.0622,-0.003938
2004-03-24,1.0633,0.001036
2004-03-25,1.0644,0.001035
2004-03-26,1.0659,0.0014089999999999999
2004-03-29,1.0647,-0.001126
2004-03-30,1.0625,-0.002066
2004-03-31,1.0673,0.0045179999999999994
2004-04-01,1.0722,0.0045910000000000005
2004-04-02,1.0815,0.008674
2004-04-05,1.0854,0.003606
2004-04-06,1.0901,0.00433
2004-04-07,1.0922,0.001926
2004-04-08,1.0964,0.003845
2004-04-09,1.086,-0.009486
2004-04-12,1.0828,-0.002947
2004-04-13,1.0825,-0.000277
2004-04-14,1.074,-0.007852
2004-04-15,1.0714,-0.002421
2004-04-16,1.0743,0.0027069999999999998
2004-04-19,1.071,-0.0030719999999999996
2004-04-20,1.0702,-0.000747
2004-04-21,1.0661,-0.0038309999999999998
2004-04-22,1.0637,-0.002251
2004-04-23,1.0609,-0.002632
2004-04-26,1.0631,0.002074
2004-04-27,1.0638,0.000658
2004-04-28,1.0588,-0.004699999999999999
2004-04-29,1.0426,-0.015300000000000001
2004-04-30,1.0491,0.006234
2004-05-10,1.0441,-0.004766
2004-05-11,1.0439,-0.00019199999999999998
2004-05-12,1.0501,0.005939
2004-05-13,1.0498,-0.000286
2004-05-14,1.0267,-0.002953
2004-05-17,1.0241,-0.002532
2004-05-18,1.0225,-0.001562
2004-05-19,1.0254,0.002836
2004-05-20,1.0244,-0.0009750000000000001
2004-05-21,1.027,0.0025380000000000003
2004-05-24,1.0259,-0.001071
2004-05-25,1.0245,-0.0013650000000000001
2004-05-26,1.0265,0.0019520000000000002
2004-05-27,1.0326,0.005943
2004-05-28,1.0327,9.7e-05
2004-05-31,1.0325,-0.000194
2004-06-01,1.0376,0.004939
2004-06-02,1.0356,-0.001928
2004-06-03,1.0317,-0.003766
2004-06-04,1.0307,-0.000969
2004-06-07,1.0253,-0.005239000000000001
2004-06-08,1.0211,-0.004096
2004-06-09,1.0175,-0.003526
2004-06-10,1.0188,0.001278
2004-06-11,1.0177,-0.00108
2004-06-14,1.0145,-0.003144
2004-06-15,1.0154,0.000887
2004-06-16,1.0172,0.001773
2004-06-17,1.0152,-0.001966
2004-06-18,1.0099,-0.005221
2004-06-21,1.0077,-0.002178
2004-06-22,1.011,0.003275
2004-06-23,1.0103,-0.000692
2004-06-24,1.0098,-0.000495
2004-06-25,1.007,-0.002773
2004-06-28,1.0063,-0.0006950000000000001
2004-06-29,1.0085,0.002186
2004-06-30,1.0101,0.001587
2004-07-01,1.0156,0.005445
2004-07-02,1.0173,0.001674
2004-07-05,1.0175,0.000197
2004-07-06,1.0207,0.0031450000000000002
2004-07-07,1.0191,-0.001568
2004-07-08,1.019,-9.8e-05
2004-07-09,1.0187,-0.000294
2004-07-12,1.0164,-0.002258
2004-07-13,1.0167,0.00029499999999999996
2004-07-14,1.0197,0.0029509999999999996
2004-07-15,1.0236,0.0038250000000000003
2004-07-16,1.0304,0.006643
2004-07-19,1.0324,0.001941
2004-07-20,1.0294,-0.002906
2004-07-21,1.0283,-0.0010689999999999999
2004-07-22,1.0228,-0.0053490000000000005
2004-07-23,1.0238,0.000978
2004-07-26,1.0228,-0.000977
2004-07-27,1.0202,-0.002542
2004-07-28,1.0212,0.00098
2004-07-29,1.0237,0.002448
2004-07-30,1.0251,0.001368
2004-08-02,1.0246,-0.00048800000000000004
2004-08-03,1.0217,-0.0028299999999999996
2004-08-04,1.0251,0.003328
2004-08-05,1.0223,-0.002731
2004-08-06,1.0208,-0.001467
2004-08-09,1.0213,0.00049
2004-08-10,1.0226,0.001273
2004-08-11,1.0202,-0.002347
2004-08-12,1.0189,-0.0012740000000000002
2004-08-13,1.0218,0.002846
2004-08-16,1.0205,-0.0012720000000000001
2004-08-17,1.0217,0.001176
2004-08-18,1.0231,0.0013700000000000001
2004-08-19,1.0221,-0.000977
2004-08-20,1.0227,0.0005870000000000001
2004-08-23,1.0203,-0.002347
2004-08-24,1.02,-0.000294
2004-08-25,1.0194,-0.000588
2004-08-26,1.0205,0.0010789999999999999
2004-08-27,1.0194,-0.001078
2004-08-30,1.018,-0.001373
2004-08-31,1.0189,0.000884
2004-09-01,1.017,-0.001865
2004-09-02,1.0167,-0.00029499999999999996
2004-09-03,1.016,-0.000689
2004-09-06,1.016,0.0
2004-09-07,1.0153,-0.000689
2004-09-08,1.0145,-0.000788
2004-09-09,1.0136,-0.000887
2004-09-10,1.0147,0.001085
2004-09-13,1.0125,-0.002168
2004-09-14,1.0149,0.0023699999999999997
2004-09-15,1.02,0.005024999999999999
2004-09-16,1.0211,0.001078
2004-09-17,1.0272,0.005974
2004-09-20,1.0358,0.008372000000000001
2004-09-21,1.0328,-0.002896
2004-09-22,1.0292,-0.0034860000000000004
2004-09-23,1.0337,0.004372
2004-09-24,1.0401,0.0061909999999999995
2004-09-27,1.039,-0.0010580000000000001
2004-09-28,1.0411,0.0020210000000000002
2004-09-29,1.0387,-0.002305
2004-09-30,1.0387,0.0
2004-10-08,1.0392,0.000481
2004-10-11,1.0395,0.000289
2004-10-12,1.0348,-0.004521
2004-10-13,1.0343,-0.00048300000000000003
2004-10-14,1.029,-0.005124
2004-10-15,1.0293,0.000292
2004-10-18,1.0307,0.00136
2004-10-19,1.0321,0.001358
2004-10-20,1.032,-9.7e-05
2004-10-21,1.0345,0.002422
2004-10-22,1.0398,0.005123
2004-10-25,1.0386,-0.001154
2004-10-26,1.0384,-0.000193
2004-10-27,1.0362,-0.0021190000000000002
2004-10-28,1.0361,-9.7e-05
2004-10-29,1.0331,-0.002895
2004-11-01,1.0321,-0.000968
2004-11-02,1.0312,-0.0008719999999999999
2004-11-03,1.0325,0.001261
2004-11-04,1.0282,-0.004164999999999999
2004-11-05,1.0253,-0.0028199999999999996
2004-11-08,1.0262,0.000878
2004-11-09,1.0277,0.001462
2004-11-10,1.0318,0.0039889999999999995
2004-11-11,1.0312,-0.000582
2004-11-12,1.0294,-0.0017460000000000002
2004-11-15,1.0291,-0.000291
2004-11-16,1.0305,0.00136
2004-11-17,1.0286,-0.0018440000000000002
2004-11-18,1.0322,0.0034999999999999996
2004-11-19,1.0355,0.0031969999999999998
2004-11-22,1.0372,0.0016420000000000002
2004-11-23,1.0362,-0.000964
2004-11-24,1.0352,-0.000965
2004-11-25,1.0348,-0.000386
2004-11-26,1.0353,0.00048300000000000003
2004-11-29,1.0343,-0.0009660000000000001
2004-11-30,1.0086,-0.000677
2004-12-01,1.0081,-0.000496
2004-12-02,1.0044,-0.00367
2004-12-03,1.0016,-0.002788
2004-12-06,1.0013,-0.0003
2004-12-07,0.9997,-0.001598
2004-12-08,1.0004,0.0007000000000000001
2004-12-09,1.0016,0.0012
2004-12-10,1.0009,-0.0006990000000000001
2004-12-13,0.9999,-0.000999
2004-12-14,0.999,-0.0009
2004-12-15,0.9955,-0.0035039999999999997
2004-12-16,0.9932,-0.00231
2004-12-17,0.9913,-0.001913
2004-12-20,0.9869,-0.004439
2004-12-21,0.9843,-0.002635
2004-12-22,0.9835,-0.0008129999999999999
2004-12-23,0.9805,-0.0030499999999999998
2004-12-24,0.979,-0.00153
2004-12-27,0.9788,-0.00020400000000000003
2004-12-28,0.9816,0.0028610000000000003
2004-12-29,0.9819,0.000306
2004-12-30,0.9833,0.001426
2004-12-31,0.9843,0.001017
2005-01-04,0.9795,-0.004877
2005-01-05,0.984,0.004594
2005-01-06,0.9839,-0.00010200000000000001
2005-01-07,0.9844,0.000508
2005-01-10,0.9875,0.0031490000000000003
2005-01-11,0.988,0.0005059999999999999
2005-01-12,0.9876,-0.00040500000000000003
2005-01-13,0.9884,0.0008100000000000001
2005-01-14,0.9875,-0.000911
2005-01-17,0.9837,-0.003848
2005-01-18,0.9816,-0.0021349999999999997
2005-01-19,0.9804,-0.001222
2005-01-20,0.9802,-0.00020400000000000003
2005-01-21,0.9831,0.002959
2005-01-24,0.9881,0.005086
2005-01-25,0.9891,0.0010119999999999999
2005-01-26,0.989,-0.000101
2005-01-27,0.9885,-0.0005059999999999999
2005-01-28,0.99,0.0015170000000000001
2005-01-31,0.9916,0.001616
2005-02-01,0.9925,0.0009080000000000001
2005-02-02,1.001,0.008564
2005-02-03,0.9997,-0.0012989999999999998
2005-02-04,1.006,0.0063019999999999994
2005-02-16,1.0096,0.003579
2005-02-17,1.0068,-0.002773
2005-02-18,1.0038,-0.00298
2005-02-21,1.0072,0.003387
2005-02-22,1.0116,0.0043690000000000005
2005-02-23,1.0135,0.001878
2005-02-24,1.0112,-0.0022689999999999997
2005-02-25,1.0215,0.010185999999999999
2005-02-28,1.0195,-0.001958
2005-03-01,1.0215,0.001962
2005-03-02,1.0203,-0.0011749999999999998
2005-03-03,1.0204,9.8e-05
2005-03-04,1.0208,0.000392
2005-03-07,1.0219,0.001078
2005-03-08,1.026,0.004012
2005-03-09,1.0293,0.003216
2005-03-10,1.0279,-0.00136
2005-03-11,1.03,0.002043
2005-03-14,1.0332,0.003107
2005-03-15,1.0345,0.001258
2005-03-16,1.0107,-0.003673
2005-03-17,1.0107,0.0
2005-03-18,1.0083,-0.002375
2005-03-21,1.007,-0.0012889999999999998
2005-03-22,1.0062,-0.000794
2005-03-23,1.0049,-0.0012920000000000002
2005-03-24,1.0039,-0.000995
2005-03-25,1.0063,0.002391
2005-03-28,1.0069,0.000596
2005-03-29,1.007,9.900000000000001e-05
2005-03-30,1.0054,-0.0015890000000000001
2005-03-31,1.0053,-9.900000000000001e-05
2005-04-01,1.0093,0.003979
2005-04-04,1.0116,0.0022789999999999998
2005-04-05,1.0139,0.002274
2005-04-06,1.0193,0.005326
2005-04-07,1.0222,0.002845
2005-04-08,1.0229,0.0006850000000000001
2005-04-11,1.023,9.8e-05
2005-04-12,1.0224,-0.0005870000000000001
2005-04-13,1.0235,0.001076
2005-04-14,1.0218,-0.001661
2005-04-15,1.0198,-0.001957
2005-04-18,1.0199,9.8e-05
2005-04-19,1.0194,-0.00049
2005-04-20,1.0163,-0.003041
2005-04-21,1.0201,0.003739
2005-04-22,1.019,-0.001078
2005-04-25,1.0207,0.001668
2005-04-26,1.0217,0.00098
2005-04-27,1.0234,0.001664
2005-04-28,1.0253,0.0018570000000000001
2005-04-29,1.0283,0.002926
2005-05-09,1.0256,-0.002626
2005-05-10,1.0272,0.00156
2005-05-11,1.0249,-0.0022389999999999997
2005-05-12,1.006,-0.0038050000000000002
2005-05-13,1.001,-0.00497
2005-05-16,0.9951,-0.005894
2005-05-17,0.997,0.0019089999999999999
2005-05-18,0.9943,-0.002708
2005-05-19,0.9955,0.001207
2005-05-20,0.9959,0.000402
2005-05-23,0.9946,-0.001305
2005-05-24,0.996,0.0014080000000000002
2005-05-25,0.9979,0.001908
2005-05-26,0.9927,-0.005211
2005-05-27,0.9869,-0.005843
2005-05-30,0.9875,0.000608
2005-05-31,0.9871,-0.00040500000000000003
2005-06-01,0.9812,-0.005977
2005-06-02,0.9735,-0.007848
2005-06-03,0.9737,0.000205
2005-06-06,0.9758,0.002157
2005-06-07,0.976,0.000205
2005-06-08,0.9937,0.018135
2005-06-09,0.9966,0.002918
2005-06-10,0.9901,-0.006522
2005-06-13,0.9903,0.000202
2005-06-14,0.9906,0.000303
2005-06-15,0.9891,-0.0015140000000000002
2005-06-16,0.9927,0.00364
2005-06-17,0.9967,0.004029
2005-06-20,1.004,0.007324000000000001
2005-06-21,1.0026,-0.001394
2005-06-22,1.0078,0.005187000000000001
2005-06-23,1.0081,0.000298
2005-06-24,1.009,0.000893
2005-06-27,1.0118,0.002775
2005-06-28,1.0087,-0.003064
2005-06-29,1.0062,-0.0024779999999999997
2005-06-30,1.0041,-0.002087
2005-07-01,1.0007,-0.003386
2005-07-04,1.0002,-0.0005
2005-07-05,0.9998,-0.0004
2005-07-06,0.9982,-0.0016
2005-07-07,0.997,-0.001202
2005-07-08,0.996,-0.001003
2005-07-11,0.9982,0.002209
2005-07-12,1.0004,0.0022040000000000002
2005-07-13,1.0005,0.0001
2005-07-14,0.9985,-0.001999
2005-07-15,0.9997,0.001202
2005-07-18,0.9983,-0.0014000000000000002
2005-07-19,0.996,-0.002304
2005-07-20,0.9992,0.0032129999999999997
2005-07-21,0.9995,0.0003
2005-07-22,1.0048,0.0053029999999999996
2005-07-25,1.0047,-0.0001
2005-07-26,1.0093,0.004578
2005-07-27,1.0117,0.002378
2005-07-28,1.0127,0.000988
2005-07-29,1.0134,0.000691
2005-08-01,1.0145,0.001085
2005-08-02,1.0186,0.004041
2005-08-03,1.0209,0.002258
2005-08-04,1.0212,0.000294
2005-08-05,1.0285,0.007148
2005-08-08,1.0305,0.0019450000000000001
2005-08-09,1.012,0.001456
2005-08-10,1.0155,0.003458
2005-08-11,1.0227,0.00709
2005-08-12,1.0129,-0.009582
2005-08-15,1.0131,0.000197
2005-08-16,1.0111,-0.001974
2005-08-17,1.0119,0.000791
2005-08-18,1.0049,-0.006918
2005-08-19,1.0051,0.000199
2005-08-22,1.0079,0.0027860000000000003
2005-08-23,1.0086,0.0006950000000000001
2005-08-24,1.0089,0.000297
2005-08-25,1.0095,0.0005949999999999999
2005-08-26,1.0072,-0.002278
2005-08-29,1.0044,-0.0027800000000000004
2005-08-30,1.0032,-0.0011949999999999999
2005-08-31,1.0088,0.005582
2005-09-01,1.0141,0.005254
2005-09-02,1.0133,-0.000789
2005-09-05,1.013,-0.00029600000000000004
2005-09-06,1.0135,0.000494
2005-09-07,1.0162,0.002664
2005-09-08,1.0185,0.002263
2005-09-09,1.0179,-0.000589
2005-09-12,1.0192,0.0012770000000000001
2005-09-13,1.0215,0.0022570000000000003
2005-09-14,1.0234,0.0018599999999999999
2005-09-15,1.0238,0.000391
2005-09-16,1.0233,-0.00048800000000000004
2005-09-19,1.0053,0.001954
2005-09-20,1.0032,-0.002089
2005-09-21,0.9991,-0.004087
2005-09-22,0.9919,-0.007206000000000001
2005-09-23,0.9912,-0.0007059999999999999
2005-09-26,0.9911,-0.000101
2005-09-27,0.9884,-0.002724
2005-09-28,0.9878,-0.000607
2005-09-29,0.9883,0.0005059999999999999
2005-09-30,0.9902,0.001922
2005-10-10,0.9892,-0.00101
2005-10-11,0.9882,-0.001011
2005-10-12,0.9886,0.00040500000000000003
2005-10-13,0.9869,-0.00172
2005-10-14,0.9854,-0.0015199999999999999
2005-10-17,0.9837,-0.001725
2005-10-18,0.9837,0.0
2005-10-19,0.9856,0.001931
2005-10-20,0.985,-0.0006090000000000001
2005-10-21,0.9861,0.001117
2005-10-24,0.9855,-0.000608
2005-10-25,0.9832,-0.002334
2005-10-26,0.9832,0.0
2005-10-27,0.9837,0.000509
2005-10-28,0.9814,-0.0023380000000000002
2005-10-31,0.9804,-0.001019
2005-11-01,0.9795,-0.0009180000000000001
2005-11-02,0.9808,0.001327
2005-11-03,0.9794,-0.0014269999999999999
2005-11-04,0.983,0.003676
2005-11-07,0.9824,-0.00061
2005-11-08,0.9816,-0.000814
2005-11-09,0.9821,0.000509
2005-11-10,0.9821,0.0
2005-11-11,0.9825,0.000407
2005-11-14,0.9807,-0.001832
2005-11-15,0.9796,-0.001122
2005-11-16,0.9793,-0.000306
2005-11-17,0.9802,0.000919
2005-11-18,0.9815,0.001326
2005-11-21,0.981,-0.000509
2005-11-22,0.9803,-0.000714
2005-11-23,0.98,-0.000306
2005-11-24,0.9795,-0.0005099999999999999
2005-11-25,0.9802,0.0007149999999999999
2005-11-28,0.9828,0.002653
2005-11-29,0.9844,0.001628
2005-11-30,0.9859,0.0015240000000000002
2005-12-01,0.9868,0.0009130000000000001
2005-12-02,0.9877,0.000912
2005-12-05,0.9898,0.0021260000000000003
2005-12-06,0.994,0.004243
2005-12-07,0.996,0.002012
2005-12-08,0.9958,-0.000201
2005-12-09,0.9982,0.00241
2005-12-12,1.0006,0.002404
2005-12-13,1.0001,-0.0005
2005-12-14,1.0038,0.0037
2005-12-15,1.0049,0.001096
2005-12-16,1.0059,0.000995
2005-12-19,1.0067,0.000795
2005-12-20,1.0075,0.000795
2005-12-21,1.0075,0.0
2005-12-22,1.0077,0.000199
2005-12-23,1.0096,0.001885
2005-12-26,1.0107,0.00109
2005-12-27,1.011,0.000297
2005-12-28,1.0114,0.00039600000000000003
2005-12-29,1.0143,0.002867
2005-12-30,1.0181,0.0037459999999999998
2005-12-31,1.0181,0.0
2006-01-04,1.0286,0.010313000000000001
2006-01-05,1.0329,0.00418
2006-01-06,1.0371,0.004066
2006-01-09,1.0352,-0.001832
2006-01-10,1.0378,0.002512
2006-01-11,1.0365,-0.001253
2006-01-12,1.037,0.000482
2006-01-13,1.0368,-0.000193
2006-01-16,1.0363,-0.000482
2006-01-17,1.0366,0.000289
2006-01-18,1.0369,0.000289
2006-01-19,1.0375,0.000579
2006-01-20,1.0073,-0.000193
2006-01-23,1.007,-0.000298
2006-01-24,1.007,0.0
2006-01-25,1.0089,0.001887
2006-02-06,1.0096,0.0006940000000000001
2006-02-07,1.0078,-0.0017829999999999999
2006-02-08,1.0086,0.000794
2006-02-09,1.008,-0.0005949999999999999
2006-02-10,1.0085,0.000496
2006-02-13,1.008,-0.000496
2006-02-14,1.0082,0.00019800000000000002
2006-02-15,1.0082,0.0
2006-02-16,1.0076,-0.0005949999999999999
2006-02-17,1.007,-0.0005949999999999999
2006-02-20,1.0076,0.000596
2006-02-21,1.008,0.000397
2006-02-22,1.0086,0.0005949999999999999
2006-02-23,1.008,-0.0005949999999999999
2006-02-24,1.0022,-0.000794
2006-02-27,1.0038,0.001596
2006-02-28,1.0042,0.000398
2006-03-01,1.0043,0.0001
2006-03-02,1.0019,-0.0023899999999999998
2006-03-03,1.0019,0.0
2006-03-06,1.002,0.0001
2006-03-07,1.0018,-0.0002
2006-03-08,1.002,0.0002
2006-03-09,1.0023,0.000299
2006-03-10,1.0025,0.0002
2006-03-13,1.0028,0.000299
2006-03-14,1.003,0.000199
2006-03-15,1.0029,-0.0001
2006-03-16,1.0027,-0.000199
2006-03-17,1.0028,0.0001
2006-03-20,1.0039,0.001097
2006-03-21,1.0038,-0.0001
2006-03-22,1.0037,-0.0001
2006-03-23,1.0038,0.0001
2006-03-24,1.0038,0.0
2006-03-27,1.004,0.000199
2006-03-28,1.004,0.0
2006-03-29,1.0041,0.0001
2006-03-30,1.0053,0.0011949999999999999
2006-03-31,1.0061,0.000796
2006-04-03,1.0058,-0.000298
2006-04-04,1.0059,9.900000000000001e-05
2006-04-05,1.006,9.900000000000001e-05
2006-04-06,1.0062,0.000199
2006-04-07,1.0063,9.900000000000001e-05
2006-04-10,1.0063,0.0
2006-04-11,1.0064,9.900000000000001e-05
2006-04-12,1.0014,0.0
2006-04-13,1.0013,-0.0001
2006-04-14,1.0013,0.0
2006-04-17,1.002,0.0006990000000000001
2006-04-18,1.0021,0.0001
2006-04-19,1.0032,0.001098
2006-04-20,1.0032,0.0
2006-04-21,1.0032,0.0
2006-04-24,1.0043,0.0011
2006-04-25,1.0043,0.0
2006-04-26,1.0043,0.0
2006-04-27,1.0044,0.0001
2006-04-28,1.0048,0.000398
2006-05-08,1.0054,0.000597
2006-05-09,1.0059,0.000497
2006-05-10,1.0061,0.000199
2006-05-11,1.0059,-0.000199
2006-05-12,1.0071,0.001193
2006-05-15,1.0074,0.000298
2006-05-16,1.0065,-0.000893
2006-05-17,1.0077,0.001192
2006-05-18,1.0067,-0.000992
2006-05-19,1.0071,0.000397
2006-05-22,1.0075,0.000397
2006-05-23,1.0064,-0.001092
2006-05-24,1.006,-0.000397
2006-05-25,1.0032,-0.000298
2006-05-26,1.0039,0.000698
2006-05-29,1.0046,0.000697
2006-05-30,1.0039,-0.000697
2006-05-31,1.0042,0.000299
2006-06-01,1.0048,0.000597
2006-06-02,1.0045,-0.000299
2006-06-05,1.0043,-0.000199
2006-06-06,1.004,-0.000299
2006-06-07,1.0048,0.000797
2006-06-08,1.0043,-0.000498
2006-06-09,1.0043,0.0
2006-06-12,1.0047,0.000398
2006-06-13,1.0039,-0.000796
2006-06-14,1.0042,0.000299
2006-06-15,1.0044,0.000199
2006-06-16,1.0045,0.0001
2006-06-19,1.0047,0.000199
2006-06-20,1.0047,0.0
2006-06-21,1.0047,0.0
2006-06-22,1.0043,-0.000398
2006-06-23,1.0048,0.000498
2006-06-26,1.0047,-0.0001
2006-06-27,1.0057,0.000995
2006-06-28,1.006,0.000298
2006-06-29,1.0063,0.000298
2006-06-30,1.0065,0.000199
2006-07-03,1.0064,-9.900000000000001e-05
2006-07-04,1.0053,-0.001093
2006-07-05,1.006,0.000696
2006-07-06,1.006,0.0
2006-07-07,1.0062,0.000199
2006-07-10,1.0063,9.900000000000001e-05
2006-07-11,1.0065,0.000199
2006-07-12,1.0067,0.000199
2006-07-13,1.006,-0.0006950000000000001
2006-07-14,1.0058,-0.000199
2006-07-17,1.0058,0.0
2006-07-18,1.0059,9.900000000000001e-05
2006-07-19,1.0057,-0.000199
2006-07-20,1.0062,0.000497
2006-07-21,1.0067,0.000497
2006-07-24,1.0066,-9.900000000000001e-05
2006-07-25,1.009,0.002384
2006-07-26,1.0085,-0.000496
2006-07-27,1.009,0.000496
2006-07-28,1.0086,-0.00039600000000000003
2006-07-31,1.0068,-0.001785
2006-08-01,1.0063,-0.000497
2006-08-02,1.0062,-9.900000000000001e-05
2006-08-03,1.0056,-0.000596
2006-08-04,1.0052,-0.000398
2006-08-07,1.0046,-0.000597
2006-08-08,1.0054,0.000796
2006-08-09,1.005,-0.000398
2006-08-10,1.0058,0.000796
2006-08-11,1.0067,0.000895
2006-08-14,1.0067,0.0
2006-08-15,1.0072,0.000497
2006-08-16,1.0081,0.0008939999999999999
2006-08-17,1.0076,-0.000496
2006-08-18,1.0075,-9.900000000000001e-05
2006-08-21,1.0077,0.000199
2006-08-22,1.0078,9.900000000000001e-05
2006-08-23,1.0084,0.0005949999999999999
2006-08-24,1.0092,0.000793
2006-08-25,1.0097,0.000495
2006-08-28,1.012,0.002278
2006-08-29,1.011,-0.000988
2006-08-30,1.011,0.0
2006-08-31,1.0109,-9.900000000000001e-05
2006-09-01,1.0106,-0.000297
2006-09-04,1.0111,0.000495
2006-09-05,1.0111,0.0
2006-09-06,1.0118,0.000692
2006-09-07,1.0118,0.0
2006-09-08,1.0117,-9.900000000000001e-05
2006-09-11,1.012,0.000297
2006-09-12,1.0122,0.00019800000000000002
2006-09-13,1.0086,-0.000593
2006-09-14,1.0086,0.0
2006-09-15,1.0095,0.000892
2006-09-18,1.01,0.000495
2006-09-19,1.0099,-9.900000000000001e-05
2006-09-20,1.0101,0.00019800000000000002
2006-09-21,1.01,-9.900000000000001e-05
2006-09-22,1.0105,0.000495
2006-09-25,1.0102,-0.000297
2006-09-26,1.0089,-0.0012870000000000002
2006-09-27,1.009,9.900000000000001e-05
2006-09-28,1.0103,0.001288
2006-09-29,1.0113,0.00099
2006-09-30,1.0113,0.0
2006-10-09,1.0117,0.00039600000000000003
2006-10-10,1.0095,-0.002175
2006-10-11,1.0097,0.00019800000000000002
2006-10-12,1.0096,-9.900000000000001e-05
2006-10-13,1.0097,9.900000000000001e-05
2006-10-16,1.0109,0.001188
2006-10-17,1.0105,-0.00039600000000000003
2006-10-18,1.0112,0.000693
2006-10-19,1.0115,0.000297
2006-10-20,1.0111,-0.000395
2006-10-23,1.0101,-0.000989
2006-10-24,1.0112,0.001089
2006-10-25,1.0117,0.000494
2006-10-26,1.0117,0.0
2006-10-27,1.0074,-0.0012850000000000001
2006-10-30,1.0084,0.000993
2006-10-31,1.0089,0.000496
2006-11-01,1.0095,0.0005949999999999999
2006-11-02,1.0098,0.000297
2006-11-03,1.0106,0.0007920000000000001
2006-11-06,1.0111,0.000495
2006-11-07,1.0112,9.900000000000001e-05
2006-11-08,1.0104,-0.000791
2006-11-09,1.0116,0.001188
2006-11-10,1.0111,-0.000494
2006-11-13,1.0099,-0.001187
2006-11-14,1.011,0.001089
2006-11-15,1.0126,0.001583
2006-11-16,1.0132,0.000593
2006-11-17,1.0135,0.00029600000000000004
2006-11-20,1.0152,0.0016769999999999999
2006-11-21,1.0167,0.001478
2006-11-22,1.0165,-0.000197
2006-11-23,1.0259,0.009247
2006-11-24,1.0256,-0.000292
2006-11-27,1.0239,-0.001658
2006-11-28,1.0236,-0.000293
2006-11-29,1.0155,-0.007913
2006-11-30,1.0183,0.002757
2006-12-01,1.0175,-0.000786
2006-12-04,1.0183,0.000786
2006-12-05,1.019,0.000687
2006-12-06,1.0203,0.001276
2006-12-07,1.0202,-9.8e-05
2006-12-08,1.0173,-0.002843
2006-12-11,1.0191,0.001769
2006-12-12,1.0195,0.000393
2006-12-13,1.0202,0.000687
2006-12-14,1.0197,-0.00049
2006-12-15,1.0213,0.001569
2006-12-18,1.0214,9.8e-05
2006-12-19,1.023,0.001566
2006-12-20,1.0238,0.000782
2006-12-21,1.0226,-0.001172
2006-12-22,1.0257,0.003031
2006-12-25,1.022,-0.0036070000000000004
2006-12-26,1.0232,0.0011740000000000001
2006-12-27,1.0269,0.003616
2006-12-28,1.0268,-9.7e-05
2006-12-29,1.0316,0.004675
2006-12-31,1.0317,9.7e-05
2007-01-04,1.0299,-0.0017449999999999998
2007-01-05,1.024,-0.005729
2007-01-08,1.027,0.00293
2007-01-09,1.0282,0.001168
2007-01-10,1.0294,0.001167
2007-01-11,1.0281,-0.001263
2007-01-12,1.0272,-0.0008749999999999999
2007-01-15,1.031,0.003699
2007-01-16,1.0306,-0.000388
2007-01-17,1.0292,-0.001358
2007-01-18,1.028,-0.001166
2007-01-19,1.0299,0.0018479999999999998
2007-01-22,1.0324,0.002427
2007-01-23,1.032,-0.000387
2007-01-24,1.0322,0.000194
2007-01-25,1.0296,-0.002519
2007-01-26,1.0294,-0.000194
2007-01-29,1.0301,0.00068
2007-01-30,1.0293,-0.000777
2007-01-31,1.0274,-0.0018459999999999998
2007-02-01,1.0268,-0.000584
2007-02-02,1.025,-0.0017530000000000002
2007-02-05,1.0256,0.000585
2007-02-06,1.0254,-0.000195
2007-02-07,1.0256,0.000195
2007-02-08,1.0254,-0.000195
2007-02-09,1.0259,0.00048800000000000004
2007-02-12,1.0261,0.000195
2007-02-13,1.0262,9.7e-05
2007-02-14,1.0267,0.000487
2007-02-15,1.0273,0.000584
2007-02-16,1.0274,9.7e-05
2007-02-26,1.0275,9.7e-05
2007-02-27,1.0268,-0.000681
2007-02-28,1.0293,0.002435
2007-03-01,1.0348,0.005343
2007-03-02,1.035,0.000193
2007-03-05,1.0341,-0.0008699999999999999
2007-03-06,1.0346,0.000484
2007-03-07,1.0352,0.00058
2007-03-08,1.035,-0.000193
2007-03-09,1.0349,-9.7e-05
2007-03-12,1.0347,-0.000193
2007-03-13,1.0347,0.0
2007-03-14,1.0346,-9.7e-05
2007-03-15,1.0348,0.000193
2007-03-16,1.035,0.000193
2007-03-19,1.0355,0.00048300000000000003
2007-03-20,1.0356,9.7e-05
2007-03-21,1.0353,-0.00029
2007-03-22,1.0354,9.7e-05
2007-03-23,1.0351,-0.00029
2007-03-26,1.0357,0.00058
2007-03-27,1.0357,0.0
2007-03-28,1.0369,0.001159
2007-03-29,1.0375,0.000579
2007-03-30,1.0376,9.599999999999999e-05
2007-03-31,1.0376,0.0
2007-04-02,1.0382,0.000578
2007-04-03,1.0382,0.0
2007-04-04,1.0386,0.000385
2007-04-05,1.0386,0.0
2007-04-06,1.0178,0.000193
2007-04-09,1.0196,0.001769
2007-04-10,1.0202,0.000588
2007-04-11,1.0208,0.000588
2007-04-12,1.0207,-9.8e-05
2007-04-13,1.0212,0.00049
2007-04-16,1.0222,0.000979
2007-04-17,1.0233,0.001076
2007-04-18,1.0241,0.000782
2007-04-19,1.0228,-0.0012690000000000002
2007-04-20,1.0247,0.0018579999999999998
2007-04-23,1.0255,0.000781
2007-04-24,1.0264,0.000878
2007-04-25,1.0263,-9.7e-05
2007-04-26,1.0278,0.001462
2007-04-27,1.0332,0.005254
2007-04-30,1.0338,0.000581
2007-05-08,1.0344,0.00058
2007-05-09,1.0346,0.000193
2007-05-10,1.0345,-9.7e-05
2007-05-11,1.0336,-0.0008699999999999999
2007-05-14,1.0342,0.00058
2007-05-15,1.0376,0.0032879999999999997
2007-05-16,1.0382,0.000578
2007-05-17,1.0384,0.000193
2007-05-18,1.0383,-9.599999999999999e-05
2007-05-21,1.0389,0.000578
2007-05-22,1.0391,0.000193
2007-05-23,1.0395,0.000385
2007-05-24,1.0386,-0.000866
2007-05-25,1.0388,0.000193
2007-05-28,1.0401,0.001251
2007-05-29,1.0404,0.000288
2007-05-30,1.037,-0.0032679999999999996
2007-05-31,1.0378,0.000771
2007-06-01,1.0375,-0.000289
2007-06-04,1.0359,-0.001542
2007-06-05,1.0363,0.000386
2007-06-06,1.0367,0.000386
2007-06-07,1.0369,0.000193
2007-06-08,1.0375,0.000579
2007-06-11,1.039,0.001446
2007-06-12,1.04,0.000962
2007-06-13,1.0403,0.000288
2007-06-14,1.0402,-9.599999999999999e-05
2007-06-15,1.0405,0.000288
2007-06-18,1.0431,0.002499
2007-06-19,1.0427,-0.000383
2007-06-20,1.0427,0.0
2007-06-21,1.0436,0.000863
2007-06-22,1.0437,9.599999999999999e-05
2007-06-25,1.0436,-9.599999999999999e-05
2007-06-26,1.0474,0.0036409999999999997
2007-06-27,1.0501,0.0025779999999999996
2007-06-28,1.0494,-0.000667
2007-06-29,1.0487,-0.000667
2007-06-30,1.0488,9.499999999999999e-05
2007-07-02,1.0478,-0.000953
2007-07-03,1.0509,0.002959
2007-07-04,1.0507,-0.00018999999999999998
2007-07-05,1.0506,-9.499999999999999e-05
2007-07-06,1.0511,0.000476
2007-07-09,1.0522,0.001047
2007-07-10,1.0525,0.000285
2007-07-11,1.0528,0.000285
2007-07-12,1.0543,0.0014249999999999998
2007-07-13,1.0342,-9.499999999999999e-05
2007-07-16,1.0345,0.00029
2007-07-17,1.0348,0.00029
2007-07-18,1.0347,-9.7e-05
2007-07-19,1.0348,9.7e-05
2007-07-20,1.0363,0.00145
2007-07-23,1.0365,0.000193
2007-07-24,1.0363,-0.000193
2007-07-25,1.0365,0.000193
2007-07-26,1.0368,0.000289
2007-07-27,1.0367,-9.599999999999999e-05
2007-07-30,1.037,0.000289
2007-07-31,1.0375,0.000482
2007-08-01,1.0365,-0.000964
2007-08-02,1.0371,0.000579
2007-08-03,1.0395,0.002314
2007-08-06,1.0399,0.000385
2007-08-07,1.0394,-0.000481
2007-08-08,1.0399,0.000481
2007-08-09,1.0414,0.001442
2007-08-10,1.0415,9.599999999999999e-05
2007-08-13,1.0413,-0.00019199999999999998
2007-08-14,1.0419,0.000576
2007-08-15,1.042,9.599999999999999e-05
2007-08-16,1.0443,0.002207
2007-08-17,1.0439,-0.000383
2007-08-20,1.0445,0.000575
2007-08-21,1.0453,0.000766
2007-08-22,1.0448,-0.000478
2007-08-23,1.0455,0.00067
2007-08-24,1.0464,0.000861
2007-08-27,1.0467,0.000287
2007-08-28,1.0474,0.000669
2007-08-29,1.0467,-0.000668
2007-08-30,1.0472,0.000478
2007-08-31,1.0476,0.00038199999999999996
2007-09-03,1.0505,0.002768
2007-09-04,1.0482,-0.002189
2007-09-05,1.048,-0.00019099999999999998
2007-09-06,1.0484,0.00038199999999999996
2007-09-07,1.0478,-0.000572
2007-09-10,1.0481,0.000286
2007-09-11,1.0477,-0.00038199999999999996
2007-09-12,1.0481,0.00038199999999999996
2007-09-13,1.0486,0.000477
2007-09-14,1.0472,-0.001335
2007-09-17,1.0476,0.00038199999999999996
2007-09-18,1.0474,-0.00019099999999999998
2007-09-19,1.0512,0.003628
2007-09-20,1.0516,0.00038100000000000005
2007-09-21,1.0518,0.00018999999999999998
2007-09-24,1.0521,0.000285
2007-09-25,1.0531,0.00095
2007-09-26,1.0518,-0.0012339999999999999
2007-09-27,1.0538,0.001902
2007-09-28,1.0587,0.0046500000000000005
2007-09-30,1.0588,9.400000000000001e-05
2007-10-08,1.0603,0.0014169999999999999
2007-10-09,1.0605,0.000189
2007-10-10,1.0594,-0.001037
2007-10-11,1.06,0.000566
2007-10-12,1.0593,-0.00066
2007-10-15,1.059,-0.000283
2007-10-16,1.0588,-0.000189
2007-10-17,1.0578,-0.000944
2007-10-18,1.0576,-0.000189
2007-10-19,1.0566,-0.000946
2007-10-22,1.0591,0.002366
2007-10-23,1.0619,0.002644
2007-10-24,1.0636,0.001601
2007-10-25,1.0621,-0.0014099999999999998
2007-10-26,1.0614,-0.000659
2007-10-29,1.0613,-9.400000000000001e-05
2007-10-30,1.0618,0.000471
2007-10-31,1.0614,-0.00037699999999999995
2007-11-01,1.0603,-0.001036
2007-11-02,1.0587,-0.0015090000000000001
2007-11-05,1.0689,0.009634
2007-11-06,1.0683,-0.000561
2007-11-07,1.0649,-0.003183
2007-11-08,1.0628,-0.001972
2007-11-09,1.0634,0.000565
2007-11-12,1.061,-0.0022570000000000003
2007-11-13,1.0606,-0.00037699999999999995
2007-11-14,1.0639,0.003111
2007-11-15,1.0636,-0.00028199999999999997
2007-11-16,1.0628,-0.0007520000000000001
2007-11-19,1.0615,-0.0012230000000000001
2007-11-20,1.0614,-9.400000000000001e-05
2007-11-21,1.061,-0.00037699999999999995
2007-11-22,1.0578,-0.0030159999999999996
2007-11-23,1.0586,0.000756
2007-11-26,1.0579,-0.000661
2007-11-27,1.0563,-0.001512
2007-11-28,1.0604,0.003881
2007-11-29,1.0595,-0.000849
2007-11-30,1.0596,9.400000000000001e-05
2007-12-03,1.0642,0.004341
2007-12-04,1.0655,0.001222
2007-12-05,1.0667,0.001126
2007-12-06,1.0666,-9.400000000000001e-05
2007-12-07,1.0664,-0.00018800000000000002
2007-12-10,1.0658,-0.000563
2007-12-11,1.0653,-0.00046899999999999996
2007-12-12,1.0642,-0.001033
2007-12-13,1.0624,-0.001691
2007-12-14,1.0628,0.00037699999999999995
2007-12-17,1.0603,-0.002352
2007-12-18,1.0607,0.00037699999999999995
2007-12-19,1.0752,0.01367
2007-12-20,1.0758,0.000558
2007-12-21,1.0767,0.000837
2007-12-24,1.0778,0.001022
2007-12-25,1.0788,0.0009279999999999999
2007-12-26,1.0781,-0.000649
2007-12-27,1.0793,0.001113
2007-12-28,1.0785,-0.000741
2007-12-29,1.0787,0.000185
2007-12-31,1.0788,9.3e-05
2008-01-02,1.0788,0.0
2008-01-03,1.0789,9.3e-05
2008-01-04,1.0791,0.000185
2008-01-07,1.0793,0.000185
2008-01-08,1.0797,0.000371
2008-01-09,1.0798,9.3e-05
2008-01-10,1.08,0.000185
2008-01-11,1.0799,-9.3e-05
2008-01-14,1.0797,-0.000185
2008-01-15,1.0801,0.00037
2008-01-16,1.0802,9.3e-05
2008-01-17,1.0804,0.000185
2008-01-18,1.0805,9.3e-05
2008-01-21,1.0825,0.0018509999999999998
2008-01-22,1.0825,0.0
2008-01-23,1.0814,-0.001016
2008-01-24,1.0831,0.001572
2008-01-25,1.0825,-0.000554
2008-01-28,1.082,-0.00046199999999999995
2008-01-29,1.0815,-0.00046199999999999995
2008-01-30,1.0817,0.000185
2008-01-31,1.0818,9.2e-05
2008-02-01,1.0831,0.001202
2008-02-04,1.0838,0.0006460000000000001
2008-02-05,1.0836,-0.000185
2008-02-13,1.084,0.000369
2008-02-14,1.0832,-0.000738
2008-02-15,1.0831,-9.2e-05
2008-02-18,1.0847,0.001477
2008-02-19,1.0841,-0.000553
2008-02-20,1.0845,0.000369
2008-02-21,1.0851,0.000553
2008-02-22,1.0863,0.001106
2008-02-25,1.0856,-0.000644
2008-02-26,1.0864,0.000737
2008-02-27,1.0873,0.000828
2008-02-28,1.087,-0.000276
2008-02-29,1.0859,-0.0010119999999999999
2008-03-03,1.0864,0.00046
2008-03-04,1.0872,0.000736
2008-03-05,1.0874,0.000184
2008-03-06,1.0876,0.000184
2008-03-07,1.088,0.000368
2008-03-10,1.0894,0.0012870000000000002
2008-03-11,1.0897,0.000275
2008-03-12,1.0899,0.000184
2008-03-13,1.09,9.2e-05
2008-03-14,1.0901,9.2e-05
2008-03-17,1.0904,0.000275
2008-03-18,1.0908,0.00036700000000000003
2008-03-19,1.0911,0.000275
2008-03-20,1.0914,0.000275
2008-03-21,1.0916,0.000183
2008-03-24,1.0919,0.000275
2008-03-25,1.0923,0.000366
2008-03-26,1.0926,0.000275
2008-03-27,1.0927,9.2e-05
2008-03-28,1.0928,9.2e-05
2008-03-31,1.0931,0.000275
2008-04-01,1.0931,0.0
2008-04-02,1.0929,-0.000183
2008-04-03,1.093,9.1e-05
2008-04-07,1.0934,0.000366
2008-04-08,1.0936,0.000183
2008-04-09,1.0937,9.1e-05
2008-04-10,1.0944,0.00064
2008-04-11,1.0944,0.0
2008-04-14,1.0943,-9.1e-05
2008-04-15,1.0943,0.0
2008-04-16,1.0939,-0.000366
2008-04-17,1.0949,0.000914
2008-04-18,1.0954,0.000457
2008-04-21,1.095,-0.000365
2008-04-22,1.0963,0.001187
2008-04-23,1.0955,-0.00073
2008-04-24,1.0955,0.0
2008-04-25,1.0965,0.0009130000000000001
2008-04-28,1.0966,9.1e-05
2008-04-29,1.0966,0.0
2008-04-30,1.0966,0.0
2008-05-05,1.0968,0.000182
2008-05-06,1.0967,-9.1e-05
2008-05-07,1.0961,-0.000547
2008-05-08,1.0963,0.000182
2008-05-09,1.0966,0.000274
2008-05-12,1.0967,9.1e-05
2008-05-13,1.0966,-9.1e-05
2008-05-14,1.0967,9.1e-05
2008-05-15,1.0969,0.000182
2008-05-16,1.097,9.1e-05
2008-05-19,1.0967,-0.000273
2008-05-20,1.0964,-0.000274
2008-05-21,1.0965,9.1e-05
2008-05-22,1.0968,0.000274
2008-05-23,1.097,0.000182
2008-05-26,1.0975,0.000456
2008-05-27,1.0977,0.000182
2008-05-28,1.0982,0.000455
2008-05-29,1.0986,0.000364
2008-05-30,1.0988,0.000182
2008-06-02,1.0991,0.000273
2008-06-03,1.0992,9.1e-05
2008-06-04,1.0993,9.1e-05
2008-06-05,1.0994,9.1e-05
2008-06-06,1.0995,9.1e-05
2008-06-10,1.0993,-0.000182
2008-06-11,1.099,-0.000273
2008-06-12,1.099,0.0
2008-06-13,1.0986,-0.000364
2008-06-16,1.0988,0.000182
2008-06-17,1.0989,9.1e-05
2008-06-18,1.0983,-0.000546
2008-06-19,1.0985,0.000182
2008-06-20,1.0982,-0.000273
2008-06-23,1.0987,0.000455
2008-06-24,1.0989,0.000182
2008-06-25,1.099,9.1e-05
2008-06-26,1.0993,0.000273
2008-06-27,1.0993,0.0
2008-06-30,1.0999,0.000546
2008-07-01,1.1,9.1e-05
2008-07-02,1.0999,-9.1e-05
2008-07-03,1.0287,-0.0006360000000000001
2008-07-04,1.0283,-0.00038899999999999997
2008-07-07,1.0282,-9.7e-05
2008-07-08,1.0281,-9.7e-05
2008-07-09,1.0285,0.00038899999999999997
2008-07-10,1.0284,-9.7e-05
2008-07-11,1.0283,-9.7e-05
2008-07-14,1.0284,9.7e-05
2008-07-15,1.0287,0.000292
2008-07-16,1.0289,0.000194
2008-07-17,1.029,9.7e-05
2008-07-18,1.0293,0.000292
2008-07-21,1.0299,0.000583
2008-07-22,1.03,9.7e-05
2008-07-23,1.0299,-9.7e-05
2008-07-24,1.03,9.7e-05
2008-07-25,1.03,0.0
2008-07-28,1.03,0.0
2008-07-29,1.0301,9.7e-05
2008-07-30,1.0301,0.0
2008-07-31,1.0297,-0.000388
2008-08-01,1.0296,-9.7e-05
2008-08-04,1.0298,0.000194
2008-08-05,1.03,0.000194
2008-08-06,1.0298,-0.000194
2008-08-07,1.0294,-0.000388
2008-08-08,1.0298,0.00038899999999999997
2008-08-11,1.03,0.000194
2008-08-12,1.0302,0.000194
2008-08-13,1.0306,0.000388
2008-08-14,1.0306,0.0
2008-08-15,1.0315,0.0008730000000000001
2008-08-18,1.0326,0.001066
2008-08-19,1.0333,0.000678
2008-08-20,1.0333,0.0
2008-08-21,1.0337,0.000387
2008-08-22,1.0344,0.000677
2008-08-25,1.0347,0.00029
2008-08-26,1.035,0.00029
2008-08-27,1.0381,0.002995
2008-08-28,1.0388,0.000674
2008-08-29,1.0401,0.001251
2008-09-01,1.0408,0.000673
2008-09-02,1.0414,0.000576
2008-09-03,1.0418,0.00038399999999999996
2008-09-04,1.0421,0.000288
2008-09-05,1.0421,0.0
2008-09-08,1.0424,0.000288
2008-09-09,1.0433,0.000863
2008-09-10,1.0446,0.001246
2008-09-11,1.0454,0.000766
2008-09-12,1.0474,0.001913
2008-09-16,1.0519,0.0042959999999999995
2008-09-17,1.0553,0.003232
2008-09-18,1.0554,9.499999999999999e-05
2008-09-19,1.0548,-0.000569
2008-09-22,1.0557,0.000853
2008-09-23,1.0597,0.0037890000000000003
2008-09-24,1.0611,0.001321
2008-09-25,1.0632,0.001979
2008-09-26,1.0623,-0.000847
2008-09-30,1.061,-0.001224
2008-10-06,1.0636,0.002451
2008-10-07,1.0714,0.007334
2008-10-08,1.0798,0.00784
2008-10-09,1.0879,0.007501
2008-10-10,1.0897,0.001655
2008-10-13,1.0879,-0.001652
2008-10-14,1.0877,-0.000184
2008-10-15,1.0893,0.001471
2008-10-16,1.0892,-9.2e-05
2008-10-17,1.0883,-0.000826
2008-10-20,1.088,-0.000276
2008-10-21,1.0884,0.000368
2008-10-22,1.0886,0.000184
2008-10-23,1.0873,-0.001194
2008-10-24,1.0875,0.000184
2008-10-27,1.0875,0.0
2008-10-28,1.089,0.001379
2008-10-29,1.0934,0.00404
2008-10-30,1.0966,0.0029270000000000003
2008-10-31,1.0971,0.000456
2008-11-03,1.0966,-0.000456
2008-11-04,1.0993,0.002462
2008-11-05,1.0993,0.0
2008-11-06,1.1012,0.0017280000000000002
2008-11-07,1.1022,0.0009080000000000001
2008-11-10,1.1073,0.004627
2008-11-11,1.108,0.0006320000000000001
2008-11-12,1.1106,0.002347
2008-11-13,1.1152,0.004142
2008-11-14,1.1099,-0.004753
2008-11-17,1.1078,-0.001892
2008-11-18,1.1067,-0.000993
2008-11-19,1.1024,-0.003885
2008-11-20,1.1023,-9.1e-05
2008-11-21,1.1034,0.000998
2008-11-24,1.1017,-0.0015409999999999998
2008-11-25,1.0984,-0.002995
2008-11-26,1.1003,0.0017299999999999998
2008-11-27,1.1075,0.0065439999999999995
2008-11-28,1.1043,-0.002889
2008-12-01,1.1032,-0.000996
2008-12-02,1.1038,0.000544
2008-12-03,1.1061,0.002084
2008-12-04,1.1083,0.001989
2008-12-05,1.1112,0.002617
2008-12-08,1.0517,0.00045
2008-12-09,1.0471,-0.004374
2008-12-10,1.0491,0.00191
2008-12-11,1.0507,0.0015249999999999999
2008-12-12,1.0519,0.001142
2008-12-15,1.0525,0.00057
2008-12-16,1.0541,0.0015199999999999999
2008-12-17,1.0588,0.004459
2008-12-18,1.0625,0.003495
2008-12-19,1.065,0.002353
2008-12-22,1.0628,-0.002066
2008-12-23,1.0642,0.001317
2008-12-24,1.0631,-0.001034
2008-12-25,1.0612,-0.001787
2008-12-26,1.0606,-0.000565
2008-12-29,1.0612,0.000566
2008-12-30,1.0609,-0.000283
2008-12-31,1.0612,0.000283
2009-01-05,1.0642,0.002827
2009-01-06,1.0659,0.0015970000000000001
2009-01-07,1.0667,0.000751
2009-01-08,1.0674,0.000656
2009-01-09,1.0681,0.000656
2009-01-12,1.0681,0.0
2009-01-13,1.0656,-0.002341
2009-01-14,1.0622,-0.003191
2009-01-15,1.0579,-0.0040479999999999995
2009-01-16,1.0558,-0.0019850000000000002
2009-01-19,1.0542,-0.0015149999999999999
2009-01-20,1.0517,-0.002371
2009-01-21,1.0504,-0.0012360000000000001
2009-01-22,1.0524,0.001904
2009-01-23,1.0533,0.0008550000000000001
2009-02-02,1.0522,-0.001044
2009-02-03,1.0496,-0.0024709999999999997
2009-02-04,1.0462,-0.003239
2009-02-05,1.0425,-0.003537
2009-02-06,1.0447,0.00211
2009-02-09,1.0455,0.000766
2009-02-10,1.0451,-0.000383
2009-02-11,1.0463,0.001148
2009-02-12,1.0505,0.004014
2009-02-13,1.0504,-9.499999999999999e-05
2009-02-16,1.051,0.000571
2009-02-17,1.0482,-0.002664
2009-02-18,1.0491,0.0008590000000000001
2009-02-19,1.0508,0.0016200000000000001
2009-02-20,1.0508,0.0
2009-02-23,1.0508,0.0
2009-02-24,1.0517,0.000856
2009-02-25,1.052,0.000285
2009-02-26,1.0525,0.000475
2009-02-27,1.052,-0.000475
2009-03-02,1.0506,-0.001331
2009-03-03,1.0504,-0.00018999999999999998
2009-03-04,1.0504,0.0
2009-03-05,1.0486,-0.001714
2009-03-06,1.0499,0.00124
2009-03-09,1.0507,0.0007620000000000001
2009-03-10,1.0514,0.000666
2009-03-11,1.0521,0.000666
2009-03-12,1.0525,0.00037999999999999997
2009-03-13,1.0528,0.000285
2009-03-16,1.0543,0.0014249999999999998
2009-03-17,1.0549,0.000569
2009-03-18,1.0547,-0.00018999999999999998
2009-03-19,1.0548,9.499999999999999e-05
2009-03-20,1.0538,-0.000948
2009-03-23,1.0534,-0.00037999999999999997
2009-03-24,1.052,-0.0013289999999999999
2009-03-25,1.0516,-0.00037999999999999997
2009-03-26,1.0506,-0.000951
2009-03-27,1.0495,-0.001047
2009-03-30,1.0496,9.499999999999999e-05
2009-03-31,1.0294,-0.00019099999999999998
2009-04-01,1.0295,9.7e-05
2009-04-02,1.029,-0.000486
2009-04-03,1.0266,-0.002332
2009-04-07,1.027,0.00039
2009-04-08,1.0246,-0.002337
2009-04-09,1.0241,-0.00048800000000000004
2009-04-10,1.023,-0.0010739999999999999
2009-04-13,1.0206,-0.002346
2009-04-14,1.0207,9.8e-05
2009-04-15,1.0213,0.000588
2009-04-16,1.0226,0.001273
2009-04-17,1.0245,0.0018579999999999998
2009-04-20,1.0251,0.000586
2009-04-21,1.0256,0.00048800000000000004
2009-04-22,1.0253,-0.000293
2009-04-23,1.0248,-0.00048800000000000004
2009-04-24,1.0238,-0.0009760000000000001
2009-04-27,1.0242,0.000391
2009-04-28,1.0234,-0.000781
2009-04-29,1.0254,0.001954
2009-04-30,1.0252,-0.000195
2009-05-04,1.0256,0.00039
2009-05-05,1.0267,0.0010730000000000002
2009-05-06,1.0261,-0.000584
2009-05-07,1.0268,0.000682
2009-05-08,1.0276,0.000779
2009-05-11,1.0276,0.0
2009-05-12,1.0304,0.002725
2009-05-13,1.0308,0.000388
2009-05-14,1.0313,0.000485
2009-05-15,1.0317,0.000388
2009-05-18,1.0323,0.000582
2009-05-19,1.0331,0.000775
2009-05-20,1.0344,0.001258
2009-05-21,1.0342,-0.000193
2009-05-22,1.0341,-9.7e-05
2009-05-25,1.0342,9.7e-05
2009-05-26,1.0344,0.000193
2009-05-27,1.0345,9.7e-05
2009-06-01,1.0347,0.000193
2009-06-02,1.0348,9.7e-05
2009-06-03,1.0348,0.0
2009-06-04,1.0345,-0.00029
2009-06-05,1.0344,-9.7e-05
2009-06-08,1.0347,0.00029
2009-06-09,1.0344,-0.00029
2009-06-10,1.0342,-0.000193
2009-06-11,1.0336,-0.00058
2009-06-12,1.0336,0.0
2009-06-15,1.0237,9.7e-05
2009-06-16,1.0238,9.8e-05
2009-06-17,1.0245,0.000684
2009-06-18,1.0246,9.8e-05
2009-06-19,1.0246,0.0
2009-06-22,1.0245,-9.8e-05
2009-06-23,1.0245,0.0
2009-06-24,1.0242,-0.000293
2009-06-25,1.0241,-9.8e-05
2009-06-26,1.0236,-0.00048800000000000004
2009-06-29,1.024,0.000391
2009-06-30,1.024,0.0
2009-07-01,1.0237,-0.000293
2009-07-02,1.0237,0.0
2009-07-03,1.0236,-9.8e-05
2009-07-06,1.023,-0.000586
2009-07-07,1.0224,-0.0005870000000000001
2009-07-08,1.0225,9.8e-05
2009-07-09,1.0214,-0.001076
2009-07-10,1.0201,-0.001273
2009-07-13,1.0196,-0.00049
2009-07-14,1.0193,-0.000294
2009-07-15,1.0159,-0.003336
2009-07-16,1.0138,-0.002067
2009-07-17,1.0137,-9.900000000000001e-05
2009-07-20,1.0136,-9.900000000000001e-05
2009-07-21,1.015,0.001381
2009-07-22,1.0155,0.000493
2009-07-23,1.0162,0.000689
2009-07-24,1.0147,-0.001476
2009-07-27,1.0173,0.002562
2009-07-28,1.0165,-0.000786
2009-07-29,1.0237,0.007083000000000001
2009-07-30,1.024,0.000293
2009-07-31,1.0235,-0.00048800000000000004
2009-08-03,1.0225,-0.000977
2009-08-04,1.022,-0.000489
2009-08-05,1.0227,0.0006850000000000001
2009-08-06,1.0227,0.0
2009-08-07,1.023,0.000293
2009-08-10,1.0226,-0.000391
2009-08-11,1.0249,0.0022489999999999997
2009-08-12,1.0236,-0.001268
2009-08-13,1.0234,-0.000195
2009-08-14,1.0223,-0.001075
2009-08-17,1.0219,-0.000391
2009-08-18,1.0221,0.000196
2009-08-19,1.0208,-0.0012720000000000001
2009-08-20,1.022,0.001176
2009-08-21,1.0235,0.0014680000000000001
2009-08-24,1.0234,-9.8e-05
2009-08-25,1.0229,-0.000489
2009-08-26,1.0229,0.0
2009-08-27,1.023,9.8e-05
2009-08-28,1.0239,0.0008799999999999999
2009-08-31,1.0235,-0.000391
2009-09-01,1.0232,-0.000293
2009-09-02,1.023,-0.000195
2009-09-03,1.0233,0.000293
2009-09-04,1.0236,0.000293
2009-09-07,1.0236,0.0
2009-09-08,1.0239,0.000293
2009-09-09,1.0248,0.000879
2009-09-10,1.0265,0.0016589999999999999
2009-09-11,1.0275,0.000974
2009-09-14,1.029,0.00146
2009-09-15,1.0284,-0.000583
2009-09-16,1.0285,9.7e-05
2009-09-17,1.029,0.000486
2009-09-18,1.0284,-0.000583
2009-09-21,1.0303,0.0018479999999999998
2009-09-22,1.0288,-0.001456
2009-09-23,1.0288,0.0
2009-09-24,1.0275,-0.0012640000000000001
2009-09-25,1.0272,-0.000292
2009-09-28,1.0244,-0.002726
2009-09-29,1.0251,0.000683
2009-09-30,1.0253,0.000195
2009-10-09,1.0257,0.00039
2009-10-12,1.0234,-0.002242
2009-10-13,1.0247,0.00127
2009-10-14,1.0258,0.0010730000000000002
2009-10-15,1.026,0.000195
2009-10-16,1.0258,-0.000195
2009-10-19,1.0273,0.001462
2009-10-20,1.0291,0.0017519999999999999
2009-10-21,1.0292,9.7e-05
2009-10-22,1.0305,0.001263
2009-10-23,1.0305,0.0
2009-10-26,1.0303,-0.000194
2009-10-27,1.0286,-0.00165
2009-10-28,1.0299,0.0012640000000000001
2009-10-29,1.0276,-0.002233
2009-10-30,1.0338,0.006032999999999999
2009-11-02,1.0331,-0.000677
2009-11-03,1.0356,0.00242
2009-11-04,1.0357,9.7e-05
2009-11-05,1.0367,0.0009660000000000001
2009-11-06,1.0379,0.001158
2009-11-09,1.039,0.00106
2009-11-10,1.0384,-0.000577
2009-11-11,1.0386,0.000193
2009-11-12,1.0393,0.000674
2009-11-13,1.041,0.0016359999999999999
2009-11-16,1.0419,0.0008649999999999999
2009-11-17,1.0419,0.0
2009-11-18,1.0421,0.00019199999999999998
2009-11-19,1.0449,0.002687
2009-11-20,1.046,0.0010530000000000001
2009-11-23,1.0488,0.002677
2009-11-24,1.0456,-0.003051
2009-11-25,1.0395,0.00373
2009-11-26,1.0373,-0.0021160000000000003
2009-11-27,1.038,0.000675
2009-11-30,1.041,0.0028899999999999998
2009-12-01,1.0419,0.0008649999999999999
2009-12-02,1.0429,0.00096
2009-12-03,1.0474,0.004315
2009-12-04,1.0429,-0.0042959999999999995
2009-12-07,1.0443,0.001342
2009-12-08,1.043,-0.001245
2009-12-09,1.0435,0.000479
2009-12-10,1.0444,0.000862
2009-12-11,1.0437,-0.00067
2009-12-14,1.0432,-0.000479
2009-12-15,1.0428,-0.000383
2009-12-16,1.0409,-0.001822
2009-12-17,1.0387,-0.002114
2009-12-18,1.0381,-0.000578
2009-12-21,1.0393,0.001156
2009-12-22,1.0376,-0.0016359999999999999
2009-12-23,1.0385,0.000867
2009-12-24,1.041,0.002407
2009-12-25,1.0431,0.0020169999999999997
2009-12-28,1.0449,0.001726
2009-12-29,1.0461,0.001148
2009-12-30,1.0466,0.000478
2009-12-31,1.0488,0.002102
2010-01-04,1.0485,-0.000286
2010-01-05,1.0492,0.000668
2010-01-06,1.0491,-9.499999999999999e-05
2010-01-07,1.048,-0.001049
2010-01-08,1.05,0.001908
2010-01-11,1.0507,0.000667
2010-01-12,1.0553,0.004378
2010-01-13,1.0551,-0.00018999999999999998
2010-01-14,1.0575,0.002275
2010-01-15,1.0573,-0.000189
2010-01-18,1.0563,-0.000946
2010-01-19,1.031,-0.000284
2010-01-20,1.029,-0.00194
2010-01-21,1.0294,0.00038899999999999997
2010-01-22,1.0269,-0.002429
2010-01-25,1.027,9.7e-05
2010-01-26,1.0274,0.00038899999999999997
2010-01-27,1.028,0.000584
2010-01-28,1.0277,-0.000292
2010-01-29,1.0287,0.000973
2010-02-01,1.0272,-0.001458
2010-02-02,1.0263,-0.0008759999999999999
2010-02-03,1.0255,-0.000779
2010-02-04,1.0254,-9.8e-05
2010-02-05,1.0244,-0.0009750000000000001
2010-02-08,1.0261,0.00166
2010-02-09,1.0258,-0.000292
2010-02-10,1.0273,0.001462
2010-02-11,1.0283,0.000973
2010-02-12,1.0292,0.0008749999999999999
2010-02-22,1.0289,-0.000291
2010-02-23,1.0292,0.000292
2010-02-24,1.0323,0.0030120000000000004
2010-02-25,1.0347,0.0023250000000000002
2010-02-26,1.0353,0.00058
2010-03-01,1.0373,0.0019320000000000001
2010-03-02,1.0377,0.000386
2010-03-03,1.0385,0.000771
2010-03-04,1.0362,-0.002215
2010-03-05,1.0369,0.000676
2010-03-08,1.0384,0.001447
2010-03-09,1.0387,0.000289
2010-03-10,1.0385,-0.000193
2010-03-11,1.0401,0.0015409999999999998
2010-03-12,1.0395,-0.000577
2010-03-15,1.0396,9.599999999999999e-05
2010-03-16,1.0392,-0.000385
2010-03-17,1.041,0.001732
2010-03-18,1.0414,0.00038399999999999996
2010-03-19,1.0417,0.000288
2010-03-22,1.0424,0.000672
2010-03-23,1.0423,-9.599999999999999e-05
2010-03-24,1.0437,0.001343
2010-03-25,1.045,0.001246
2010-03-26,1.044,-0.000957
2010-03-29,1.0434,-0.000575
2010-03-30,1.0447,0.001246
2010-03-31,1.0459,0.001149
2010-04-01,1.0473,0.001339
2010-04-02,1.0476,0.000286
2010-04-06,1.0483,0.000668
2010-04-07,1.0481,-0.00019099999999999998
2010-04-08,1.0473,-0.0007630000000000001
2010-04-09,1.0482,0.0008590000000000001
2010-04-12,1.0493,0.001049
2010-04-13,1.0474,-0.0018110000000000001
2010-04-14,1.0471,-0.000286
2010-04-15,1.0456,-0.001433
2010-04-16,1.0469,0.001243
2010-04-19,1.047,9.599999999999999e-05
2010-04-20,1.0469,-9.599999999999999e-05
2010-04-21,1.0486,0.0016239999999999998
2010-04-22,1.0494,0.0007630000000000001
2010-04-23,1.0498,0.00038100000000000005
2010-04-26,1.0495,-0.000286
2010-04-27,1.0481,-0.001334
2010-04-28,1.0478,-0.000286
2010-04-29,1.0476,-0.00019099999999999998
2010-04-30,1.0516,0.0038179999999999998
2010-05-04,1.0519,0.000285
2010-05-05,1.0529,0.000951
2010-05-06,1.054,0.001045
2010-05-07,1.0549,0.000854
2010-05-10,1.0535,-0.001327
2010-05-11,1.0526,-0.000854
2010-05-12,1.0512,-0.00133
2010-05-13,1.0511,-9.499999999999999e-05
2010-05-14,1.0514,0.000285
2010-05-17,1.0524,0.000951
2010-05-18,1.0523,-9.499999999999999e-05
2010-05-19,1.0546,0.002186
2010-05-20,1.0547,9.499999999999999e-05
2010-05-21,1.0551,0.00037900000000000005
2010-05-24,1.0549,-0.00018999999999999998
2010-05-25,1.0552,0.000284
2010-05-26,1.0552,0.0
2010-05-27,1.0563,0.001042
2010-05-28,1.0564,9.499999999999999e-05
2010-05-31,1.0554,-0.000947
2010-06-01,1.0539,-0.001421
2010-06-02,1.054,9.499999999999999e-05
2010-06-03,1.0535,-0.000474
2010-06-04,1.0542,0.000664
2010-06-07,1.0563,0.001992
2010-06-08,1.0561,-0.000189
2010-06-09,1.0559,-0.000189
2010-06-10,1.0559,0.0
2010-06-11,1.0559,0.0
2010-06-17,1.0557,-0.000189
2010-06-18,1.0528,-0.002747
2010-06-21,1.0533,0.000475
2010-06-22,1.0537,0.00037999999999999997
2010-06-23,1.054,0.000285
2010-06-24,1.0539,-9.499999999999999e-05
2010-06-25,1.0526,-0.0012339999999999999
2010-06-28,1.0426,0.0
2010-06-29,1.0417,-0.000863
2010-06-30,1.0428,0.001056
2010-07-01,1.0426,-0.00019199999999999998
2010-07-02,1.0431,0.00048
2010-07-05,1.044,0.000863
2010-07-06,1.045,0.000958
2010-07-07,1.0465,0.0014349999999999999
2010-07-08,1.0467,0.00019099999999999998
2010-07-09,1.0473,0.0005729999999999999
2010-07-12,1.0476,0.000286
2010-07-13,1.0487,0.00105
2010-07-14,1.0491,0.00038100000000000005
2010-07-15,1.0494,0.000286
2010-07-16,1.0509,0.001429
2010-07-19,1.0512,0.000285
2010-07-20,1.0517,0.000476
2010-07-21,1.0515,-0.00018999999999999998
2010-07-22,1.0513,-0.00018999999999999998
2010-07-23,1.0517,0.00037999999999999997
2010-07-26,1.0515,-0.00018999999999999998
2010-07-27,1.0519,0.00037999999999999997
2010-07-28,1.0522,0.000285
2010-07-29,1.0521,-9.499999999999999e-05
2010-07-30,1.0512,-0.0008550000000000001
2010-08-02,1.0519,0.000666
2010-08-03,1.0515,-0.00037999999999999997
2010-08-04,1.0516,9.499999999999999e-05
2010-08-05,1.0521,0.000475
2010-08-06,1.0532,0.001046
2010-08-09,1.0535,0.000285
2010-08-10,1.0529,-0.00057
2010-08-11,1.0534,0.000475
2010-08-12,1.0539,0.000475
2010-08-13,1.0546,0.000664
2010-08-16,1.0546,0.0
2010-08-17,1.0548,0.00018999999999999998
2010-08-18,1.0547,-9.499999999999999e-05
2010-08-19,1.055,0.000284
2010-08-20,1.0577,0.002559
2010-08-23,1.0578,9.499999999999999e-05
2010-08-24,1.0581,0.000284
2010-08-25,1.0574,-0.0006619999999999999
2010-08-26,1.0575,9.499999999999999e-05
2010-08-27,1.0616,0.003877
2010-08-30,1.0634,0.001696
2010-08-31,1.0653,0.001787
2010-09-01,1.0643,-0.000939
2010-09-02,1.0705,0.005825
2010-09-03,1.0726,0.001962
2010-09-06,1.0713,-0.001212
2010-09-07,1.0726,0.001213
2010-09-08,1.0734,0.000746
2010-09-09,1.0722,-0.001118
2010-09-10,1.0712,-0.0009329999999999999
2010-09-13,1.0701,-0.001027
2010-09-14,1.0703,0.00018700000000000002
2010-09-15,1.0679,-0.002242
2010-09-16,1.0662,-0.001592
2010-09-17,1.0669,0.0006569999999999999
2010-09-20,1.0646,-0.002156
2010-09-21,1.0628,-0.001691
2010-09-27,1.064,0.001129
2010-09-28,1.0647,0.000658
2010-09-29,1.0643,-0.00037600000000000003
2010-09-30,1.0679,0.0033829999999999997
2010-10-08,1.0728,0.004588
2010-10-11,1.0754,0.002424
2010-10-12,1.0754,0.0
2010-10-13,1.076,0.000558
2010-10-14,1.0791,0.0028810000000000003
2010-10-15,1.081,0.001761
2010-10-18,1.0823,0.001203
2010-10-19,1.0839,0.001478
2010-10-20,1.0779,-0.005536
2010-10-21,1.074,-0.003618
2010-10-22,1.0764,0.002235
2010-10-25,1.081,0.004274
2010-10-26,1.0808,-0.000185
2010-10-27,1.0803,-0.00046300000000000003
2010-10-28,1.082,0.001574
2010-10-29,1.0537,0.001571
2010-11-01,1.0583,0.004366
2010-11-02,1.059,0.000661
2010-11-03,1.0554,-0.0033989999999999997
2010-11-04,1.0589,0.003316
2010-11-05,1.0625,0.0034000000000000002
2010-11-08,1.0658,0.003106
2010-11-09,1.0657,-9.400000000000001e-05
2010-11-10,1.0646,-0.001032
2010-11-11,1.0636,-0.000939
2010-11-12,1.0538,-0.009214
2010-11-15,1.0579,0.003891
2010-11-16,1.0551,-0.002647
2010-11-17,1.051,-0.003886
2010-11-18,1.0534,0.002284
2010-11-19,1.0577,0.004082
2010-11-22,1.0571,-0.000567
2010-11-23,1.056,-0.001041
2010-11-24,1.0546,-0.001326
2010-11-25,1.0569,0.0021809999999999998
2010-11-26,1.0574,0.000473
2010-11-29,1.0558,-0.0015129999999999998
2010-11-30,1.0503,-0.005209
2010-12-01,1.0524,0.001999
2010-12-02,1.0551,0.002566
2010-12-03,1.0546,-0.000474
2010-12-06,1.0524,-0.002086
2010-12-07,1.0554,0.0028510000000000002
2010-12-08,1.0515,-0.003695
2010-12-09,1.0503,-0.0011409999999999999
2010-12-10,1.0522,0.001809
2010-12-13,1.0586,0.006082
2010-12-14,1.0598,0.001134
2010-12-15,1.0587,-0.001038
2010-12-16,1.0589,0.000189
2010-12-17,1.0606,0.001605
2010-12-20,1.0597,-0.000849
2010-12-21,1.0608,0.001038
2010-12-22,1.0591,-0.001603
2010-12-23,1.0569,-0.002077
2010-12-24,1.0521,-0.004542
2010-12-27,1.0477,-0.004182
2010-12-28,1.0466,-0.00105
2010-12-29,1.0486,0.001911
2010-12-30,1.05,0.001335
2010-12-31,1.0508,0.0007620000000000001
2011-01-04,1.0559,0.004853
2011-01-05,1.0571,0.001136
2011-01-06,1.0569,-0.000189
2011-01-07,1.0574,0.000473
2011-01-10,1.0563,-0.00104
2011-01-11,1.0565,0.000189
2011-01-12,1.0575,0.000947
2011-01-13,1.0564,-0.00104
2011-01-14,1.0527,-0.003502
2011-01-17,1.047,-0.005415
2011-01-18,1.0125,-0.001433
2011-01-19,1.0139,0.0013830000000000001
2011-01-20,1.0118,-0.002071
2011-01-21,1.0118,0.0
2011-01-24,1.009,-0.002767
2011-01-25,1.008,-0.000991
2011-01-26,1.0082,0.00019800000000000002
2011-01-27,1.0085,0.000298
2011-01-28,1.0093,0.000793
2011-01-31,1.0099,0.000594
2011-02-01,1.0106,0.000693
2011-02-09,1.0071,-0.003463
2011-02-10,1.0078,0.0006950000000000001
2011-02-11,1.0079,9.900000000000001e-05
2011-02-14,1.0102,0.0022819999999999997
2011-02-15,1.0099,-0.000297
2011-02-16,1.0106,0.000693
2011-02-17,1.0112,0.000594
2011-02-18,1.0112,0.0
2011-02-21,1.0111,-9.900000000000001e-05
2011-02-22,1.0089,-0.002176
2011-02-23,1.0106,0.001685
2011-02-24,1.0107,9.900000000000001e-05
2011-02-25,1.0105,-0.00019800000000000002
2011-02-28,1.0123,0.001781
2011-03-01,1.012,-0.00029600000000000004
2011-03-02,1.0132,0.001186
2011-03-03,1.0137,0.000493
2011-03-04,1.0149,0.0011840000000000002
2011-03-07,1.017,0.002069
2011-03-08,1.0176,0.0005899999999999999
2011-03-09,1.0186,0.000983
2011-03-10,1.018,-0.000589
2011-03-11,1.0174,-0.000589
2011-03-14,1.0181,0.000688
2011-03-15,1.0175,-0.000589
2011-03-16,1.0188,0.001278
2011-03-17,1.0189,9.8e-05
2011-03-18,1.0197,0.000785
2011-03-21,1.0197,0.0
2011-03-22,1.0202,0.00049
2011-03-23,1.0208,0.000588
2011-03-24,1.0213,0.00049
2011-03-25,1.0226,0.001273
2011-03-28,1.0229,0.000293
2011-03-29,1.0223,-0.0005870000000000001
2011-03-30,1.0215,-0.000783
2011-03-31,1.021,-0.000489
2011-04-01,1.0218,0.000784
2011-04-06,1.0225,0.0006850000000000001
2011-04-07,1.0233,0.000782
2011-04-08,1.0244,0.001075
2011-04-11,1.0259,0.001464
2011-04-12,1.0269,0.0009750000000000001
2011-04-13,1.0282,0.001266
2011-04-14,1.0292,0.000973
2011-04-15,1.0295,0.000291
2011-04-18,1.0309,0.00136
2011-04-19,1.0281,-0.002716
2011-04-20,1.0279,-0.000195
2011-04-21,1.029,0.00107
2011-04-22,1.0283,-0.00068
2011-04-25,1.0267,-0.0015559999999999999
2011-04-26,1.0272,0.000487
2011-04-27,1.0274,0.000195
2011-04-28,1.0281,0.000681
2011-04-29,1.0283,0.000195
2011-05-03,1.0291,0.0007779999999999999
2011-05-04,1.0286,-0.000486
2011-05-05,1.029,0.00038899999999999997
2011-05-06,1.0295,0.000486
2011-05-09,1.0304,0.0008740000000000001
2011-05-10,1.0312,0.000776
2011-05-11,1.0318,0.000582
2011-05-12,1.0317,-9.7e-05
2011-05-13,1.0311,-0.000582
2011-05-16,1.0317,0.000582
2011-05-17,1.0315,-0.000194
2011-05-18,1.0217,0.000194
2011-05-19,1.0217,0.0
2011-05-20,1.0217,0.0
2011-05-23,1.0202,-0.0014680000000000001
2011-05-24,1.0199,-0.000294
2011-05-25,1.0197,-0.000196
2011-05-26,1.0195,-0.000196
2011-05-27,1.0195,0.0
2011-05-30,1.0196,9.8e-05
2011-05-31,1.0203,0.000687
2011-06-01,1.021,0.000686
2011-06-02,1.0192,-0.001763
2011-06-03,1.0194,0.000196
2011-06-07,1.0195,9.8e-05
2011-06-08,1.0187,-0.000785
2011-06-09,1.0174,-0.001276
2011-06-10,1.0171,-0.00029499999999999996
2011-06-13,1.0168,-0.00029499999999999996
2011-06-14,1.0166,-0.000197
2011-06-15,1.0143,-0.002262
2011-06-16,1.0119,-0.002366
2011-06-17,1.0117,-0.00019800000000000002
2011-06-20,1.0118,9.900000000000001e-05
2011-06-21,1.0125,0.000692
2011-06-22,1.0124,-9.900000000000001e-05
2011-06-23,1.0127,0.00029600000000000004
2011-06-24,1.0143,0.00158
2011-06-27,1.0147,0.000394
2011-06-28,1.0137,-0.000986
2011-06-29,1.0119,-0.001776
2011-06-30,1.0125,0.000593
2011-07-01,1.0125,0.0
2011-07-04,1.0137,0.0011849999999999999
2011-07-05,1.0137,0.0
2011-07-06,1.0128,-0.000888
2011-07-07,1.0117,-0.001086
2011-07-08,1.012,0.000297
2011-07-11,1.0121,9.900000000000001e-05
2011-07-12,1.0113,-0.00079
2011-07-13,1.0109,-0.00039600000000000003
2011-07-14,1.0108,-9.900000000000001e-05
2011-07-15,1.0107,-9.900000000000001e-05
2011-07-18,1.0098,-0.00089
2011-07-19,1.0071,-0.002674
2011-07-20,1.0048,-0.002284
2011-07-21,1.0029,-0.0018909999999999999
2011-07-22,1.0032,0.000299
2011-07-25,1.0021,-0.001096
2011-07-26,1.0019,-0.0002
2011-07-27,1.0016,-0.000299
2011-07-28,1.0003,-0.001298
2011-07-29,1.0005,0.0002
2011-08-01,1.0001,-0.0004
2011-08-02,0.9993,-0.0008
2011-08-03,0.9983,-0.001001
2011-08-04,0.9995,0.001202
2011-08-05,1.0003,0.0008
2011-08-08,1.0008,0.0005
2011-08-09,1.0016,0.000799
2011-08-10,1.0017,0.0001
2011-08-11,1.0042,0.002496
2011-08-12,1.0042,0.0
2011-08-15,1.005,0.000797
2011-08-16,1.0042,-0.000796
2011-08-17,1.0034,-0.000797
2011-08-18,1.0016,-0.001794
2011-08-19,1.0004,-0.001198
2011-08-22,1.0011,0.0007000000000000001
2011-08-23,1.0011,0.0
2011-08-24,0.9997,-0.0013980000000000002
2011-08-25,0.9997,0.0
2011-08-26,0.9997,0.0
2011-08-29,0.993,-0.0067020000000000005
2011-08-30,0.9903,-0.0027189999999999996
2011-08-31,0.9907,0.000404
2011-09-01,0.991,0.000303
2011-09-02,0.9892,-0.0018160000000000001
2011-09-05,0.9879,-0.0013139999999999998
2011-09-06,0.987,-0.000911
2011-09-07,0.9881,0.001114
2011-09-08,0.9875,-0.000607
2011-09-09,0.9875,0.0
2011-09-13,0.9873,-0.00020299999999999997
2011-09-14,0.9872,-0.000101
2011-09-15,0.9877,0.0005059999999999999
2011-09-16,0.9853,-0.00243
2011-09-19,0.9864,0.001116
2011-09-20,0.986,-0.00040599999999999995
2011-09-21,0.9864,0.00040599999999999995
2011-09-22,0.9854,-0.0010140000000000001
2011-09-23,0.9827,-0.0027400000000000002
2011-09-26,0.9825,-0.00020400000000000003
2011-09-27,0.9832,0.000712
2011-09-28,0.9834,0.00020299999999999997
2011-09-29,0.9834,0.0
2011-09-30,0.9842,0.000814
2011-10-10,0.9862,0.002032
2011-10-11,0.9861,-0.000101
2011-10-12,0.9873,0.001217
2011-10-13,0.9884,0.001114
2011-10-14,0.9895,0.001113
2011-10-17,0.9919,0.002425
2011-10-18,0.9926,0.0007059999999999999
2011-10-19,0.9942,0.0016120000000000002
2011-10-20,0.9958,0.001609
2011-10-21,0.9987,0.002912
2011-10-24,0.999,0.0003
2011-10-25,0.9992,0.0002
2011-10-26,1.0013,0.002102
2011-10-27,0.9992,-0.002097
2011-10-28,0.9998,0.0006
2011-10-31,1.0018,0.002
2011-11-01,1.0043,0.002496
2011-11-02,1.0075,0.003186
2011-11-03,1.009,0.001489
2011-11-04,1.0104,0.0013880000000000001
2011-11-07,1.0108,0.00039600000000000003
2011-11-08,1.012,0.001187
2011-11-09,1.0138,0.001779
2011-11-10,1.0149,0.001085
2011-11-11,1.0148,-9.900000000000001e-05
2011-11-14,1.0163,0.001478
2011-11-15,1.0165,0.000197
2011-11-16,1.0136,-0.002853
2011-11-17,1.0118,-0.001776
2011-11-18,1.0098,-0.001977
2011-11-21,1.0094,-0.00039600000000000003
2011-11-22,1.0102,0.000793
2011-11-23,1.0111,0.000891
2011-11-24,1.0121,0.000989
2011-11-25,1.0121,0.0
2011-11-28,1.0119,-0.00019800000000000002
2011-11-29,1.0118,-9.900000000000001e-05
2011-11-30,1.0089,-0.002866
2011-12-01,1.0166,0.007632
2011-12-02,1.0171,0.000492
2011-12-05,1.0172,9.8e-05
2011-12-06,1.0156,-0.001573
2011-12-07,1.0155,-9.8e-05
2011-12-08,1.0156,9.8e-05
2011-12-09,1.0146,-0.000985
2011-12-12,1.0139,-0.0006900000000000001
2011-12-13,1.0126,-0.0012820000000000002
2011-12-14,1.0121,-0.000494
2011-12-15,1.0116,-0.000494
2011-12-16,1.0137,0.002076
2011-12-19,1.0137,0.0
2011-12-20,1.0146,0.000888
2011-12-21,1.0135,-0.001084
2011-12-22,1.0133,-0.000197
2011-12-23,1.014,0.000691
2011-12-26,1.0146,0.0005920000000000001
2011-12-27,1.0146,0.0
2011-12-28,1.0151,0.000493
2011-12-29,1.0157,0.0005909999999999999
2011-12-30,1.0172,0.001477
2011-12-31,1.0173,9.8e-05
2012-01-04,1.0161,-0.0011799999999999998
2012-01-05,1.0163,0.000197
2012-01-06,1.0178,0.001476
2012-01-09,1.0206,0.002751
2012-01-10,1.0235,0.002841
2012-01-11,1.0216,-0.0018559999999999998
2012-01-12,1.0234,0.001762
2012-01-13,1.0223,-0.001075
2012-01-16,1.0101,-0.0011740000000000001
2012-01-17,1.0121,0.00198
2012-01-18,1.0104,-0.00168
2012-01-19,1.0131,0.002672
2012-01-20,1.014,0.000888
2012-01-30,1.0139,-9.900000000000001e-05
2012-01-31,1.0139,0.0
2012-02-01,1.0134,-0.000493
2012-02-02,1.0149,0.00148
2012-02-03,1.0158,0.000887
2012-02-06,1.0154,-0.000394
2012-02-07,1.0131,-0.002265
2012-02-08,1.0135,0.000395
2012-02-09,1.0126,-0.000888
2012-02-10,1.0119,-0.000691
2012-02-13,1.0116,-0.00029600000000000004
2012-02-14,1.0115,-9.900000000000001e-05
2012-02-15,1.0114,-9.900000000000001e-05
2012-02-16,1.0106,-0.000791
2012-02-17,1.0099,-0.000693
2012-02-20,1.0117,0.001782
2012-02-21,1.0111,-0.000593
2012-02-22,1.0112,9.900000000000001e-05
2012-02-23,1.0112,0.0
2012-02-24,1.0116,0.00039600000000000003
2012-02-27,1.0107,-0.00089
2012-02-28,1.0107,0.0
2012-02-29,1.01,-0.000693
2012-03-01,1.0098,-0.00019800000000000002
2012-03-02,1.0116,0.0017829999999999999
2012-03-05,1.0106,-0.000989
2012-03-06,1.0107,9.900000000000001e-05
2012-03-07,1.0108,9.900000000000001e-05
2012-03-08,1.012,0.001187
2012-03-09,1.012,0.0
2012-03-12,1.012,0.0
2012-03-13,1.0128,0.000791
2012-03-14,1.0115,-0.0012839999999999998
2012-03-15,1.0116,9.900000000000001e-05
2012-03-16,1.0127,0.001087
2012-03-19,1.0136,0.000889
2012-03-20,1.0128,-0.000789
2012-03-21,1.0124,-0.000395
2012-03-22,1.0131,0.000691
2012-03-23,1.0137,0.0005920000000000001
2012-03-26,1.0138,9.900000000000001e-05
2012-03-27,1.0135,-0.00029600000000000004
2012-03-28,1.0132,-0.00029600000000000004
2012-03-29,1.0128,-0.000395
2012-03-30,1.0137,0.000889
2012-03-31,1.0137,0.0
2012-04-05,1.0142,0.000493
2012-04-06,1.0143,9.900000000000001e-05
2012-04-09,1.0142,-9.900000000000001e-05
2012-04-10,1.0145,0.00029600000000000004
2012-04-11,1.0148,0.00029600000000000004
2012-04-12,1.0149,9.900000000000001e-05
2012-04-13,1.0155,0.0005909999999999999
2012-04-16,1.0158,0.00029499999999999996
2012-04-17,1.0165,0.000689
2012-04-18,1.0176,0.001082
2012-04-19,1.0177,9.8e-05
2012-04-20,1.0187,0.000983
2012-04-23,1.0192,0.000491
2012-04-24,1.0196,0.000392
2012-04-25,1.0195,-9.8e-05
2012-04-26,1.0203,0.000785
2012-04-27,1.0207,0.000392
2012-05-02,1.0223,0.001568
2012-05-03,1.0221,-0.000196
2012-05-04,1.0225,0.000391
2012-05-07,1.0228,0.000293
2012-05-08,1.0231,0.000293
2012-05-09,1.0238,0.000684
2012-05-10,1.0246,0.000781
2012-05-11,1.0255,0.000878
2012-05-14,1.0275,0.0019500000000000001
2012-05-15,1.0292,0.001655
2012-05-16,1.03,0.000777
2012-05-17,1.0305,0.000485
2012-05-18,1.0317,0.001164
2012-05-21,1.0324,0.000678
2012-05-22,1.0332,0.000775
2012-05-23,1.0337,0.000484
2012-05-24,1.035,0.001258
2012-05-25,1.0365,0.001449
2012-05-28,1.0373,0.000772
2012-05-29,1.0371,-0.000193
2012-05-30,1.0376,0.000482
2012-05-31,1.0388,0.001157
2012-06-01,1.039,0.000193
2012-06-04,1.0393,0.000289
2012-06-05,1.0398,0.000481
2012-06-06,1.0403,0.000481
2012-06-07,1.0404,9.599999999999999e-05
2012-06-08,1.0425,0.0020180000000000003
2012-06-11,1.0424,-9.599999999999999e-05
2012-06-12,1.0427,0.000288
2012-06-13,1.0421,-0.000575
2012-06-14,1.0416,-0.00048
2012-06-15,1.0417,9.599999999999999e-05
2012-06-18,1.0413,-0.00038399999999999996
2012-06-19,1.0408,-0.00048
2012-06-20,1.0405,-0.000288
2012-06-21,1.0406,9.599999999999999e-05
2012-06-25,1.0409,0.000288
2012-06-26,1.0412,0.000288
2012-06-27,1.0416,0.00038399999999999996
2012-06-28,1.0417,9.599999999999999e-05
2012-06-29,1.0419,0.00019199999999999998
2012-06-30,1.0419,0.0
2012-07-02,1.0419,0.0
2012-07-03,1.042,9.599999999999999e-05
2012-07-04,1.0423,0.000288
2012-07-05,1.0426,0.000288
2012-07-06,1.0439,0.001247
2012-07-09,1.0441,0.00019199999999999998
2012-07-10,1.0445,0.000383
2012-07-11,1.045,0.000479
2012-07-12,1.0454,0.000383
2012-07-13,1.0453,-9.599999999999999e-05
2012-07-16,1.0452,-9.599999999999999e-05
2012-07-17,1.0451,-9.599999999999999e-05
2012-07-18,1.0448,-0.000287
2012-07-19,1.0448,0.0
2012-07-20,1.0448,0.0
2012-07-23,1.0448,0.0
2012-07-24,1.0445,-0.000287
2012-07-25,1.0444,-9.599999999999999e-05
2012-07-26,1.0443,-9.599999999999999e-05
2012-07-27,1.0443,0.0
2012-07-30,1.0444,9.599999999999999e-05
2012-07-31,1.0436,-0.000766
2012-08-01,1.0433,-0.000287
2012-08-02,1.0429,-0.000383
2012-08-03,1.0427,-0.00019199999999999998
2012-08-06,1.0419,-0.000767
2012-08-07,1.0411,-0.0007679999999999999
2012-08-08,1.041,-9.599999999999999e-05
2012-08-09,1.0413,0.000288
2012-08-10,1.0415,0.00019199999999999998
2012-08-13,1.0415,0.0
2012-08-14,1.0417,0.00019199999999999998
2012-08-15,1.0412,-0.00048
2012-08-16,1.0411,-9.599999999999999e-05
2012-08-17,1.0409,-0.00019199999999999998
2012-08-20,1.04,-0.0008649999999999999
2012-08-21,1.0395,-0.000481
2012-08-22,1.0385,-0.000962
2012-08-23,1.0381,-0.000385
2012-08-24,1.0383,0.000193
2012-08-27,1.0378,-0.000482
2012-08-28,1.038,0.000193
2012-08-29,1.0383,0.000289
2012-08-30,1.0383,0.0
2012-08-31,1.0384,9.599999999999999e-05
2012-09-03,1.0387,0.000289
2012-09-04,1.039,0.000289
2012-09-05,1.0389,-9.599999999999999e-05
2012-09-06,1.0388,-9.599999999999999e-05
2012-09-07,1.0388,0.0
2012-09-10,1.0384,-0.000385
2012-09-11,1.0381,-0.000289
2012-09-12,1.0376,-0.000482
2012-09-13,1.0371,-0.000482
2012-09-14,1.0361,-0.000964
2012-09-17,1.0359,-0.000193
2012-09-18,1.0362,0.00029
2012-09-19,1.0361,-9.7e-05
2012-09-20,1.0359,-0.000193
2012-09-21,1.0363,0.000386
2012-09-24,1.0367,0.000386
2012-09-25,1.037,0.000289
2012-09-26,1.0383,0.0012540000000000001
2012-09-27,1.0385,0.000193
2012-09-28,1.0388,0.000289
2012-09-30,1.0392,0.000385
2012-10-08,1.0395,0.000289
2012-10-09,1.0395,0.0
2012-10-10,1.0403,0.00077
2012-10-11,1.0408,0.000481
2012-10-12,1.0414,0.000576
2012-10-15,1.0421,0.000672
2012-10-16,1.0421,0.0
2012-10-17,1.0422,9.599999999999999e-05
2012-10-18,1.0421,-9.599999999999999e-05
2012-10-19,1.0421,0.0
2012-10-22,1.0425,0.00038399999999999996
2012-10-23,1.0424,-9.599999999999999e-05
2012-10-24,1.0421,-0.000288
2012-10-25,1.0418,-0.000288
2012-10-26,1.0414,-0.00038399999999999996
2012-10-29,1.0414,0.0
2012-10-30,1.0421,0.000672
2012-10-31,1.0423,0.00019199999999999998
2012-11-01,1.0424,9.599999999999999e-05
2012-11-02,1.0424,0.0
2012-11-05,1.0427,0.000288
2012-11-06,1.0431,0.00038399999999999996
2012-11-07,1.0432,9.599999999999999e-05
2012-11-08,1.043,-0.00019199999999999998
2012-11-09,1.0431,9.599999999999999e-05
2012-11-12,1.0439,0.000767
2012-11-13,1.0441,0.00019199999999999998
2012-11-14,1.0446,0.000479
2012-11-15,1.0449,0.000287
2012-11-16,1.0454,0.000479
2012-11-19,1.0455,9.599999999999999e-05
2012-11-20,1.0458,0.000287
2012-11-21,1.0455,-0.000287
2012-11-22,1.0458,0.000287
2012-11-23,1.0459,9.599999999999999e-05
2012-11-26,1.046,9.599999999999999e-05
2012-11-27,1.0462,0.00019099999999999998
2012-11-28,1.0466,0.00038199999999999996
2012-11-29,1.0464,-0.00019099999999999998
2012-11-30,1.0467,0.000287
2012-12-03,1.0467,0.0
2012-12-04,1.0469,0.00019099999999999998
2012-12-05,1.0467,-0.00019099999999999998
2012-12-06,1.0469,0.00019099999999999998
2012-12-07,1.0472,0.000287
2012-12-10,1.0474,0.00019099999999999998
2012-12-11,1.0474,0.0
2012-12-12,1.048,0.0005729999999999999
2012-12-13,1.0479,-9.499999999999999e-05
2012-12-14,1.0503,0.00229
2012-12-17,1.0512,0.000857
2012-12-18,1.0516,0.00038100000000000005
2012-12-19,1.0514,-0.00018999999999999998
2012-12-20,1.051,-0.00037999999999999997
2012-12-21,1.0505,-0.000476
2012-12-24,1.0489,-0.0015229999999999998
2012-12-25,1.0526,0.003528
2012-12-26,1.0528,0.00018999999999999998
2012-12-27,1.0537,0.0008550000000000001
2012-12-28,1.0538,9.499999999999999e-05
2012-12-31,1.0552,0.0013289999999999999
2013-01-04,1.0589,0.0035060000000000004
2013-01-07,1.0609,0.001889
2013-01-08,1.0609,0.0
2013-01-09,1.0624,0.001414
2013-01-10,1.0663,0.003671
2013-01-11,1.0654,-0.000844
2013-01-14,1.0725,0.006664
2013-01-15,1.0765,0.00373
2013-01-16,1.0779,0.0013009999999999999
2013-01-17,1.0774,-0.00046399999999999995
2013-01-18,1.0316,0.003898
2013-01-21,1.0342,0.00252
2013-01-22,1.0314,-0.0027069999999999998
2013-01-23,1.0315,9.7e-05
2013-01-24,1.0302,-0.00126
2013-01-25,1.0264,-0.003689
2013-01-28,1.0332,0.006625
2013-01-29,1.0334,0.000194
2013-01-30,1.0362,0.00271
2013-01-31,1.0399,0.0035709999999999995
2013-02-01,1.0436,0.003558
2013-02-04,1.0432,-0.000383
2013-02-05,1.0414,-0.001725
2013-02-06,1.0418,0.00038399999999999996
2013-02-07,1.0422,0.00038399999999999996
2013-02-08,1.0434,0.001151
2013-02-18,1.0443,0.000863
2013-02-19,1.0427,-0.001532
2013-02-20,1.0436,0.000863
2013-02-21,1.0406,-0.002875
2013-02-22,1.0397,-0.0008649999999999999
2013-02-25,1.0403,0.000577
2013-02-26,1.039,-0.00125
2013-02-27,1.0382,-0.00077
2013-02-28,1.0403,0.002023
2013-03-01,1.0403,0.0
2013-03-04,1.0381,-0.002115
2013-03-05,1.0388,0.000674
2013-03-06,1.0393,0.000481
2013-03-07,1.0391,-0.00019199999999999998
2013-03-08,1.0392,9.599999999999999e-05
2013-03-11,1.0391,-9.599999999999999e-05
2013-03-12,1.0409,0.001732
2013-03-13,1.0407,-0.00019199999999999998
2013-03-14,1.0403,-0.00038399999999999996
2013-03-15,1.0404,9.599999999999999e-05
2013-03-18,1.0407,0.000288
2013-03-19,1.0393,-0.001345
2013-03-20,1.0405,0.001155
2013-03-21,1.0411,0.000577
2013-03-22,1.0424,0.001249
2013-03-25,1.0435,0.001055
2013-03-26,1.0419,-0.0015329999999999999
2013-03-27,1.0417,-0.00019199999999999998
2013-03-28,1.0391,-0.002496
2013-03-29,1.0401,0.000962
2013-04-01,1.0411,0.000961
2013-04-02,1.043,0.001825
2013-04-03,1.0442,0.001151
2013-04-08,1.0452,0.000958
2013-04-09,1.046,0.000765
2013-04-10,1.0471,0.001052
2013-04-11,1.0475,0.00038199999999999996
2013-04-12,1.0477,0.00019099999999999998
2013-04-15,1.0474,-0.000286
2013-04-16,1.0481,0.000668
2013-04-17,1.0478,-0.000286
2013-04-18,1.0459,-0.001813
2013-04-19,1.0461,0.00019099999999999998
2013-04-22,1.0436,-0.0023899999999999998
2013-04-23,1.0415,-0.002012
2013-04-24,1.0428,0.001248
2013-04-25,1.0436,0.000767
2013-04-26,1.0444,0.000767
2013-05-02,1.0452,0.000766
2013-05-03,1.0465,0.0012439999999999999
2013-05-06,1.0499,0.003249
2013-05-07,1.0505,0.000571
2013-05-08,1.0513,0.0007620000000000001
2013-05-09,1.0513,0.0
2013-05-10,1.0527,0.001332
2013-05-13,1.0527,0.0
2013-05-14,1.0526,-9.499999999999999e-05
2013-05-15,1.0531,0.000475
2013-05-16,1.0529,-0.00018999999999999998
2013-05-17,1.055,0.001994
2013-05-20,1.0589,0.0036969999999999998
2013-05-21,1.0583,-0.000567
2013-05-22,1.056,-0.002173
2013-05-23,1.0554,-0.000568
2013-05-24,1.0559,0.000474
2013-05-27,1.0564,0.000474
2013-05-28,1.0588,0.002272
2013-05-29,1.0595,0.000661
2013-05-30,1.0585,-0.000944
2013-05-31,1.0585,0.0
2013-06-03,1.0588,0.000283
2013-06-04,1.0583,-0.000472
2013-06-05,1.0576,-0.000661
2013-06-06,1.0551,-0.0023639999999999998
2013-06-07,1.0535,-0.0015160000000000002
2013-06-13,1.0504,-0.002943
2013-06-14,1.0486,-0.001714
2013-06-17,1.0484,-0.00019099999999999998
2013-06-18,1.0482,-0.00019099999999999998
2013-06-19,1.0411,-0.006774
2013-06-20,1.0401,-0.000961
2013-06-21,1.0402,9.599999999999999e-05
2013-06-24,1.0378,-0.002307
2013-06-25,1.0387,0.000867
2013-06-26,1.0412,0.002407
2013-06-27,1.0435,0.002209
2013-06-28,1.0477,0.004025
2013-06-30,1.0479,0.00019099999999999998
2013-07-01,1.0533,0.005153
2013-07-02,1.0555,0.002089
2013-07-03,1.0539,-0.0015160000000000002
2013-07-04,1.0556,0.001613
2013-07-05,1.057,0.001326
2013-07-08,1.0547,-0.002176
2013-07-09,1.054,-0.000664
2013-07-10,1.0553,0.0012330000000000002
2013-07-11,1.056,0.000663
2013-07-12,1.054,-0.001894
2013-07-15,1.0543,0.000285
2013-07-16,1.0533,-0.000948
2013-07-17,1.0512,-0.001994
2013-07-18,1.0479,-0.0031390000000000003
2013-07-19,1.0456,-0.002195
2013-07-22,1.044,-0.00153
2013-07-23,1.0445,0.000479
2013-07-24,1.0434,-0.0010530000000000001
2013-07-25,1.0432,-0.00019199999999999998
2013-07-26,1.044,0.000767
2013-07-29,1.0418,-0.002107
2013-07-30,1.041,-0.0007679999999999999
2013-07-31,1.0428,0.001729
2013-08-01,1.0458,0.0028770000000000002
2013-08-02,1.0469,0.001052
2013-08-05,1.0467,-0.00019099999999999998
2013-08-06,1.0485,0.00172
2013-08-07,1.0475,-0.000954
2013-08-08,1.0466,-0.0008590000000000001
2013-08-09,1.0457,-0.00086
2013-08-12,1.0476,0.001817
2013-08-13,1.0474,-0.00019099999999999998
2013-08-14,1.0443,-0.00296
2013-08-15,1.0423,-0.001915
2013-08-16,1.0413,-0.000959
2013-08-19,1.0433,0.001921
2013-08-20,1.0416,-0.0016289999999999998
2013-08-21,1.0399,-0.0016320000000000002
2013-08-22,1.0399,0.0
2013-08-23,1.0408,0.0008649999999999999
2013-08-26,1.0432,0.002306
2013-08-27,1.0445,0.001246
2013-08-28,1.0441,-0.000383
2013-08-29,1.0441,0.0
2013-08-30,1.0446,0.000479
2013-09-02,1.0442,-0.000383
2013-09-03,1.0455,0.001245
2013-09-04,1.0454,-9.599999999999999e-05
2013-09-05,1.0449,-0.000478
2013-09-06,1.0452,0.000287
2013-09-09,1.0501,0.004688
2013-09-10,1.0526,0.002381
2013-09-11,1.0512,-0.00133
2013-09-12,1.0518,0.000571
2013-09-13,1.0492,-0.0024720000000000002
2013-09-16,1.0492,0.0
2013-09-17,1.0477,-0.0014299999999999998
2013-09-18,1.0483,0.0005729999999999999
2013-09-23,1.0497,0.001335
2013-09-24,1.047,-0.0025719999999999996
2013-09-25,1.0477,0.000669
2013-09-26,1.0452,-0.002386
2013-09-27,1.0447,-0.000478
2013-09-30,1.0446,-9.599999999999999e-05
2013-10-08,1.0463,0.0016270000000000002
2013-10-09,1.047,0.000669
2013-10-10,1.0471,9.599999999999999e-05
2013-10-11,1.0478,0.000669
2013-10-14,1.048,0.00019099999999999998
2013-10-15,1.0479,-9.499999999999999e-05
2013-10-16,1.0464,-0.001431
2013-10-17,1.0451,-0.001242
2013-10-18,1.0452,9.599999999999999e-05
2013-10-21,1.046,0.000765
2013-10-22,1.0458,-0.00019099999999999998
2013-10-23,1.0458,0.0
2013-10-24,1.0434,-0.002295
2013-10-25,1.0412,-0.002108
2013-10-28,1.0405,-0.000672
2013-10-29,1.0411,0.000577
2013-10-30,1.0441,0.002882
2013-10-31,1.042,-0.002011
2013-11-01,1.0425,0.00048
2013-11-04,1.0434,0.000863
2013-11-05,1.0429,-0.000479
2013-11-06,1.0424,-0.000479
2013-11-07,1.0411,-0.001247
2013-11-08,1.039,-0.0020169999999999997
2013-11-11,1.0378,-0.001155
2013-11-12,1.0372,-0.000578
2013-11-13,1.0327,-0.004339
2013-11-14,1.0332,0.000484
2013-11-15,1.0334,0.000194
2013-11-18,1.035,0.001548
2013-11-19,1.0328,-0.0021260000000000003
2013-11-20,1.0324,-0.000387
2013-11-21,1.034,0.00155
2013-11-22,1.0313,-0.002611
2013-11-25,1.031,-0.000291
2013-11-26,1.0297,-0.001261
2013-11-27,1.0293,-0.000388
2013-11-28,1.0312,0.0018459999999999998
2013-11-29,1.0327,0.001455
2013-12-02,1.0309,-0.0017430000000000002
2013-12-03,1.032,0.001067
2013-12-04,1.035,0.0029070000000000003
2013-12-05,1.0332,-0.001739
2013-12-06,1.0329,-0.00029
2013-12-09,1.0338,0.0008709999999999999
2013-12-10,1.0317,-0.002031
2013-12-11,1.0297,-0.001939
2013-12-12,1.0298,9.7e-05
2013-12-13,1.0315,0.001651
2013-12-16,1.0295,-0.001939
2013-12-17,1.0281,-0.00136
2013-12-18,1.0271,-0.000973
2013-12-19,1.0248,-0.0022389999999999997
2013-12-20,1.0229,-0.0018540000000000002
2013-12-23,1.0203,-0.002542
2013-12-24,1.02,-0.000294
2013-12-25,1.0211,0.001078
2013-12-26,1.0183,-0.002742
2013-12-27,1.0141,-0.004125
2013-12-30,1.0144,0.00029600000000000004
2013-12-31,1.0155,0.001084
2014-01-02,1.0136,-0.0018709999999999998
2014-01-03,1.0121,-0.00148
2014-01-06,1.0088,-0.003261
2014-01-07,1.0078,-0.000991
2014-01-08,1.0059,-0.001885
2014-01-09,0.9992,-0.006661
2014-01-10,0.9977,-0.0015010000000000002
2014-01-13,0.9997,0.0020050000000000003
2014-01-14,0.9991,-0.0006
2014-01-15,1.0007,0.001601
2014-01-16,1.0013,0.0006
2014-01-17,0.9853,-0.001997
2014-01-20,0.9844,-0.0009130000000000001
2014-01-21,0.9864,0.002032
2014-01-22,0.9874,0.0010140000000000001
2014-01-23,0.9889,0.0015190000000000002
2014-01-24,0.9902,0.001315
2014-01-27,0.9914,0.001212
2014-01-28,0.9919,0.000504
2014-01-29,0.995,0.003125
2014-01-30,0.9952,0.000201
2014-02-07,0.9971,0.0019089999999999999
2014-02-10,1.0014,0.004313
2014-02-11,1.001,-0.000399
2014-02-12,1.0021,0.001099
2014-02-13,1.0027,0.000599
2014-02-14,1.006,0.003291
2014-02-17,1.0083,0.002286
2014-02-18,1.0075,-0.000793
2014-02-19,1.0082,0.0006950000000000001
2014-02-20,1.0102,0.001984
2014-02-21,1.0075,-0.002673
2014-02-24,1.0072,-0.000298
2014-02-25,1.01,0.0027800000000000004
2014-02-26,1.0111,0.001089
2014-02-27,1.0159,0.004747
2014-02-28,1.0128,-0.003051
2014-03-03,1.0146,0.001777
2014-03-04,1.0126,-0.001971
2014-03-05,1.0087,-0.003851
2014-03-06,1.0091,0.000397
2014-03-07,1.0109,0.001784
2014-03-10,1.0101,-0.000791
2014-03-11,1.0102,9.900000000000001e-05
2014-03-12,1.0087,-0.001485
2014-03-13,1.0103,0.001586
2014-03-14,1.0107,0.00039600000000000003
2014-03-17,1.0113,0.000594
2014-03-18,1.0096,-0.001681
2014-03-19,1.0075,-0.00208
2014-03-20,1.0076,9.900000000000001e-05
2014-03-21,1.0089,0.0012900000000000001
2014-03-24,1.0078,-0.00109
2014-03-25,1.008,0.00019800000000000002
2014-03-26,1.0087,0.0006940000000000001
2014-03-27,1.0086,-9.900000000000001e-05
2014-03-28,1.0079,-0.0006940000000000001
2014-03-31,1.0092,0.0012900000000000001
2014-04-01,1.0089,-0.000297
2014-04-02,1.0094,0.000496
2014-04-03,1.0078,-0.001585
2014-04-04,1.009,0.001191
2014-04-08,1.0109,0.001883
2014-04-09,1.0105,-0.00039600000000000003
2014-04-10,1.0114,0.000891
2014-04-11,1.0129,0.001483
2014-04-14,1.0154,0.0024679999999999997
2014-04-15,1.0157,0.00029499999999999996
2014-04-16,1.0182,0.002461
2014-04-17,1.0229,0.004616
2014-04-18,1.0238,0.0008799999999999999
2014-04-21,1.0236,-0.000195
2014-04-22,1.0256,0.001954
2014-04-23,1.0256,0.0
2014-04-24,1.0254,-0.000195
2014-04-25,1.0245,-0.000878
2014-04-28,1.0246,9.8e-05
2014-04-29,1.025,0.00039
2014-04-30,1.0282,0.0031219999999999998
2014-05-05,1.0313,0.003015
2014-05-06,1.0334,0.002036
2014-05-07,1.0353,0.0018390000000000001
2014-05-08,1.0394,0.00396
2014-05-09,1.0447,0.005099
2014-05-12,1.046,0.0012439999999999999
2014-05-13,1.0458,-0.00019099999999999998
2014-05-14,1.0438,-0.001912
2014-05-15,1.042,-0.001724
2014-05-16,1.0421,9.599999999999999e-05
2014-05-19,1.041,-0.001056
2014-05-20,1.0407,-0.000288
2014-05-21,1.0424,0.0016339999999999998
2014-05-22,1.0431,0.000672
2014-05-23,1.0455,0.002301
2014-05-26,1.0463,0.000765
2014-05-27,1.0478,0.001434
2014-05-28,1.0494,0.001527
2014-05-29,1.0505,0.001048
2014-05-30,1.0532,0.0025700000000000002
2014-06-03,1.0584,0.004937
2014-06-04,1.0598,0.001323
2014-06-05,1.0599,9.400000000000001e-05
2014-06-06,1.0598,-9.400000000000001e-05
2014-06-09,1.0611,0.001227
2014-06-10,1.0643,0.0030159999999999996
2014-06-11,1.0645,0.00018800000000000002
2014-06-12,1.065,0.00047
2014-06-13,1.0667,0.001596
2014-06-16,1.0692,0.002344
2014-06-17,1.0661,-0.002899
2014-06-18,1.0642,-0.001782
2014-06-19,1.0629,-0.001222
2014-06-20,1.0649,0.001882
2014-06-23,1.0659,0.000939
2014-06-24,1.0676,0.001595
2014-06-25,1.0674,-0.00018700000000000002
2014-06-26,1.0696,0.002061
2014-06-27,1.0705,0.000841
2014-06-30,1.0707,0.00018700000000000002
2014-07-01,1.0679,-0.002615
2014-07-02,1.0676,-0.000281
2014-07-03,1.069,0.0013109999999999999
2014-07-04,1.0678,-0.0011229999999999999
2014-07-07,1.0687,0.000843
2014-07-08,1.0685,-0.00018700000000000002
2014-07-09,1.0666,-0.001778
2014-07-10,1.067,0.000375
2014-07-11,1.0681,0.001031
2014-07-14,1.0706,0.002341
2014-07-15,1.0714,0.000747
2014-07-16,1.0705,-0.00084
2014-07-17,1.0674,-0.002896
2014-07-18,1.0671,-0.000281
2014-07-21,1.0665,-0.000562
2014-07-22,1.0684,0.001782
2014-07-23,1.07,0.001498
2014-07-24,1.0725,0.002336
2014-07-25,1.0732,0.0006529999999999999
2014-07-28,1.078,0.0044729999999999995
2014-07-29,1.0781,9.3e-05
2014-07-30,1.0777,-0.000371
2014-07-31,1.0811,0.003155
2014-08-01,1.0824,0.001202
2014-08-04,1.087,0.00425
2014-08-05,1.0863,-0.000644
2014-08-06,1.0863,0.0
2014-08-07,1.0834,-0.00267
2014-08-08,1.0838,0.000369
2014-08-11,1.0875,0.003414
2014-08-12,1.0883,0.000736
2014-08-13,1.0881,-0.000184
2014-08-14,1.088,-9.2e-05
2014-08-15,1.0912,0.0029409999999999996
2014-08-18,1.0931,0.0017410000000000001
2014-08-19,1.0933,0.000183
2014-08-20,1.0928,-0.000457
2014-08-21,1.0912,-0.001464
2014-08-22,1.0917,0.000458
2014-08-25,1.0923,0.00055
2014-08-26,1.0911,-0.001099
2014-08-27,1.0935,0.0022
2014-08-28,1.0954,0.0017380000000000002
2014-08-29,1.0972,0.001643
2014-09-01,1.1009,0.003372
2014-09-02,1.1043,0.003088
2014-09-03,1.1088,0.004075
2014-09-04,1.1111,0.002074
2014-09-05,1.114,0.00261
2014-09-09,1.1124,-0.001436
2014-09-10,1.1116,-0.000719
2014-09-11,1.1116,0.0
2014-09-12,1.1154,0.003418
2014-09-15,1.1146,-0.000717
2014-09-16,1.1067,-0.007088
2014-09-17,1.1074,0.000633
2014-09-18,1.1106,0.0028899999999999998
2014-09-19,1.1153,0.0042320000000000005
2014-09-22,1.1105,-0.004304
2014-09-23,1.113,0.002251
2014-09-24,1.1164,0.003055
2014-09-25,1.1175,0.000985
2014-09-26,1.1171,-0.000358
2014-09-29,1.1192,0.00188
2014-09-30,1.1225,0.002949
2014-10-08,1.1235,0.000891
2014-10-09,1.1247,0.0010680000000000002
2014-10-10,1.1229,-0.0016
2014-10-13,1.1235,0.0005340000000000001
2014-10-14,1.1244,0.0008010000000000001
2014-10-15,1.1289,0.004002
2014-10-16,1.1307,0.001594
2014-10-17,1.1324,0.001503
2014-10-20,1.1384,0.005298000000000001
2014-10-21,1.1414,0.002635
2014-10-22,1.1417,0.000263
2014-10-23,1.1423,0.000526
2014-10-24,1.1421,-0.00017500000000000003
2014-10-27,1.1405,-0.0014010000000000001
2014-10-28,1.1457,0.0045590000000000006
2014-10-29,1.1521,0.005586
2014-10-30,1.1564,0.0037319999999999996
2014-10-31,1.165,0.007437
2014-11-03,1.1673,0.001974
2014-11-04,1.1729,0.004797
2014-11-05,1.1755,0.0022170000000000002
2014-11-06,1.1791,0.003063
2014-11-07,1.1856,0.0055130000000000005
2014-11-10,1.201,0.012988999999999999
2014-11-11,1.1986,-0.001998
2014-11-12,1.2044,0.0048389999999999996
2014-11-13,1.203,-0.001162
2014-11-14,1.1965,-0.005403
2014-11-17,1.1172,-0.0077729999999999995
2014-11-18,1.108,-0.008235
2014-11-19,1.108,0.0
2014-11-20,1.1123,0.003881
2014-11-21,1.1187,0.0057540000000000004
2014-11-24,1.1347,0.014301999999999999
2014-11-25,1.1386,0.003437
2014-11-26,1.1419,0.002898
2014-11-27,1.1438,0.001664
2014-11-28,1.1453,0.0013109999999999999
2014-12-01,1.1411,-0.003667
2014-12-02,1.1558,0.012882
2014-12-03,1.1562,0.000346
2014-12-04,1.1796,0.020238999999999997
2014-12-05,1.1822,0.0022040000000000002
2014-12-08,1.2048,0.019117
2014-12-09,1.1466,-0.048307
2014-12-10,1.1534,0.005931
2014-12-11,1.1358,-0.015259
2014-12-12,1.1402,0.0038740000000000003
2014-12-15,1.1444,0.003684
2014-12-16,1.1693,0.021758000000000003
2014-12-17,1.1768,0.0064139999999999996
2014-12-18,1.1827,0.005013999999999999
2014-12-19,1.1871,0.0037199999999999998
2014-12-22,1.1988,0.009856
2014-12-23,1.1838,-0.012513000000000002
2014-12-24,1.1668,-0.014360999999999999
2014-12-25,1.1868,0.017141
2014-12-26,1.2143,0.023172
2014-12-29,1.2244,0.008317999999999999
2014-12-30,1.2262,0.00147
2014-12-31,1.2435,0.014109
2015-01-05,1.2644,0.016807000000000002
2015-01-06,1.2613,-0.002452
2015-01-07,1.2823,0.016649
2015-01-08,1.264,-0.014271
2015-01-09,1.2661,0.001661
2015-01-12,1.2541,-0.009478
2015-01-13,1.2555,0.001116
2015-01-14,1.2585,0.002389
2015-01-15,1.2761,0.013985000000000001
2015-01-16,1.2865,0.00815
2015-01-19,1.2435,-0.033424
2015-01-20,1.2515,0.0064329999999999995
2015-01-21,1.1675,0.020615
2015-01-22,1.1774,0.00848
2015-01-23,1.1811,0.0031430000000000004
2015-01-26,1.1739,-0.006096000000000001
2015-01-27,1.1714,-0.00213
2015-01-28,1.1558,-0.013317
2015-01-29,1.148,-0.006749000000000001
2015-01-30,1.1368,-0.009756
2015-02-02,1.1103,-0.023311000000000002
2015-02-03,1.1176,0.006575
2015-02-04,1.1175,-8.9e-05
2015-02-05,1.1138,-0.003311
2015-02-06,1.1071,-0.006015
2015-02-09,1.1108,0.003342
2015-02-10,1.1179,0.006392
2015-02-11,1.1206,0.002415
2015-02-12,1.1225,0.001696
2015-02-13,1.1308,0.0073939999999999995
2015-02-16,1.1346,0.00336
2015-02-17,1.1355,0.000793
2015-02-25,1.1318,-0.0032579999999999996
2015-02-26,1.1417,0.008747
2015-02-27,1.1401,-0.0014010000000000001
2015-03-02,1.143,0.0025440000000000003
2015-03-03,1.1382,-0.004199
2015-03-04,1.1371,-0.0009660000000000001
2015-03-05,1.1338,-0.002902
2015-03-06,1.1322,-0.001411
2015-03-09,1.1327,0.000442
2015-03-10,1.1354,0.002384
2015-03-11,1.1357,0.000264
2015-03-12,1.1398,0.00361
2015-03-13,1.1415,0.0014910000000000001
2015-03-16,1.158,0.014455
2015-03-17,1.1677,0.008377
2015-03-18,1.1721,0.003768
2015-03-19,1.1719,-0.000171
2015-03-20,1.1753,0.0029010000000000004
2015-03-23,1.1825,0.006126
2015-03-24,1.1758,-0.005666
2015-03-25,1.1688,-0.005953000000000001
2015-03-26,1.1592,-0.008214
2015-03-27,1.1591,-8.6e-05
2015-03-30,1.1647,0.004830999999999999
2015-03-31,1.156,-0.00747
2015-04-01,1.1621,0.005277
2015-04-02,1.1709,0.007572
2015-04-03,1.1763,0.004612
2015-04-07,1.1782,0.0016150000000000001
2015-04-08,1.1677,-0.008912
2015-04-09,1.15,-0.015158
2015-04-10,1.1566,0.005738999999999999
2015-04-13,1.1638,0.0062250000000000005
2015-04-14,1.1593,-0.0038669999999999998
2015-04-15,1.15,-0.008022
2015-04-16,1.1632,0.011477999999999999
2015-04-17,1.1842,0.018054
2015-04-20,1.1783,-0.0049819999999999994
2015-04-21,1.1904,0.010268999999999999
2015-04-22,1.2152,0.020833
2015-04-23,1.2203,0.004197
2015-04-24,1.2202,-8.2e-05
2015-04-27,1.2276,0.006065
2015-04-28,1.2075,-0.016373
2015-04-29,1.2164,0.007371
2015-04-30,1.2156,-0.000658
2015-05-04,1.2151,-0.00041099999999999996
2015-05-05,1.1902,-0.020492
2015-05-06,1.1817,-0.007141999999999999
2015-05-07,1.1788,-0.002454
2015-05-08,1.1878,0.007634999999999999
2015-05-11,1.2064,0.015659
2015-05-12,1.221,0.012102
2015-05-13,1.2166,-0.003604
2015-05-14,1.2223,0.004685
2015-05-15,1.2179,-0.0036
2015-05-18,1.218,8.2e-05
2015-05-19,1.2271,0.007471
2015-05-20,1.2404,0.010839000000000001
2015-05-21,1.2595,0.015398
2015-05-22,1.2703,0.008575000000000001
2015-05-25,1.2993,0.022829000000000002
2015-05-26,1.3266,0.021011000000000002
2015-05-27,1.3288,0.001658
2015-05-28,1.2858,-0.03236
2015-05-29,1.2956,0.007622
2015-06-01,1.3412,0.035196
2015-06-02,1.3499,0.006487000000000001
2015-06-03,1.3404,-0.007038
2015-06-04,1.3377,-0.002014
2015-06-05,1.3421,0.0032890000000000003
2015-06-08,1.3375,-0.003427
2015-06-09,1.345,0.005607
2015-06-10,1.3344,-0.007881
2015-06-11,1.3281,-0.004721
2015-06-12,1.3341,0.0045179999999999994
2015-06-15,1.3455,0.008545
2015-06-16,1.3222,-0.017317
2015-06-17,1.3227,0.000378
2015-06-18,1.3016,-0.015952
2015-06-19,1.2715,-0.023125
2015-06-23,1.2624,-0.007157
2015-06-24,1.2733,0.008634
2015-06-25,1.2526,-0.016257
2015-06-26,1.2204,-0.025707
2015-06-29,1.206,-0.011798999999999999
2015-06-30,1.2182,0.010116
2015-07-01,1.2057,-0.010261
2015-07-02,1.1857,-0.016588000000000002
2015-07-03,1.1882,0.002108
2015-07-06,1.1971,0.00749
2015-07-07,1.1778,-0.016122
2015-07-08,1.1626,-0.012905
2015-07-09,1.1762,0.011698
2015-07-10,1.1956,0.016493999999999998
2015-07-13,1.2071,0.009618999999999999
2015-07-14,1.2175,0.008616
2015-07-15,1.2012,-0.013388
2015-07-16,1.2093,0.006743
2015-07-17,1.2241,0.012238
2015-07-20,1.2304,0.0051470000000000005
2015-07-21,1.2423,0.009672
2015-07-22,1.2414,-0.000724
2015-07-23,1.2528,0.009183
2015-07-24,1.2497,-0.002474
2015-07-27,1.2263,-0.018724
2015-07-28,1.2289,0.00212
2015-07-29,1.2404,0.009358
2015-07-30,1.229,-0.009191
2015-07-31,1.2263,-0.002197
2015-08-03,1.2141,-0.009949
2015-08-04,1.2294,0.012602
2015-08-05,1.2251,-0.003498
2015-08-06,1.2233,-0.001469
2015-08-07,1.2345,0.009156
2015-08-10,1.2516,0.013852
2015-08-11,1.2457,-0.0047139999999999994
2015-08-12,1.239,-0.005379
2015-08-13,1.2514,0.010008
2015-08-14,1.25,-0.001119
2015-08-17,1.2509,0.0007199999999999999
2015-08-18,1.229,-0.017506999999999998
2015-08-19,1.2319,0.0023599999999999997
2015-08-20,1.2267,-0.004221
2015-08-21,1.219,-0.0062770000000000005
2015-08-24,1.1992,-0.016243
2015-08-25,1.1897,-0.007922
2015-08-26,1.1884,-0.001093
2015-08-27,1.1909,0.002104
2015-08-28,1.1946,0.003107
2015-08-31,1.1929,-0.001423
2015-09-01,1.1915,-0.0011740000000000001
2015-09-02,1.1915,0.0
2015-09-07,1.1921,0.000504
2015-09-08,1.1963,0.003523
2015-09-09,1.1987,0.002006
2015-09-10,1.1952,-0.00292
2015-09-11,1.1967,0.001255
2015-09-14,1.1922,-0.00376
2015-09-15,1.1888,-0.002852
2015-09-16,1.1958,0.005888
2015-09-17,1.1946,-0.0010040000000000001
2015-09-18,1.1967,0.001758
2015-09-21,1.2014,0.003927
2015-09-22,1.2023,0.000749
2015-09-23,1.2004,-0.00158
2015-09-24,1.2019,0.00125
2015-09-25,1.1987,-0.002662
2015-09-28,1.2,0.001085
2015-09-29,1.1981,-0.001583
2015-09-30,1.1992,0.0009180000000000001
2015-10-08,1.2023,0.002585
2015-10-09,1.2047,0.001996
2015-10-12,1.212,0.006059999999999999
2015-10-13,1.215,0.0024749999999999998
2015-10-14,1.2161,0.000905
2015-10-15,1.2206,0.0037
2015-10-16,1.2235,0.002376
2015-10-19,1.2217,-0.001471
2015-10-20,1.2266,0.004011
2015-10-21,1.2182,-0.006848
2015-10-22,1.2236,0.004433
2015-10-23,1.2301,0.005312
2015-10-26,1.2331,0.002439
2015-10-27,1.237,0.0031630000000000004
2015-10-28,1.2334,-0.00291
2015-10-29,1.2327,-0.000568
2015-10-30,1.2352,0.0020280000000000003
2015-11-02,1.2272,-0.006477
2015-11-03,1.2284,0.000978
2015-11-04,1.2413,0.010501
2015-11-05,1.2442,0.002336
2015-11-06,1.2537,0.007634999999999999
2015-11-09,1.245,-0.006939
2015-11-10,1.2451,8e-05
2015-11-11,1.2456,0.000402
2015-11-12,1.2452,-0.00032099999999999994
2015-11-13,1.2441,-0.000883
2015-11-16,1.2434,-0.000563
2015-11-17,1.2413,-0.001689
2015-11-18,1.238,-0.0026590000000000003
2015-11-19,1.2411,0.002504
2015-11-20,1.2439,0.0022559999999999998
2015-11-23,1.2455,0.0012859999999999998
2015-11-24,1.245,-0.000401
2015-11-25,1.2472,0.001767
2015-11-26,1.247,-0.00016
2015-11-27,1.2427,-0.003448
2015-11-30,1.2433,0.00048300000000000003
2015-12-01,1.244,0.000563
2015-12-02,1.2459,0.001527
2015-12-03,1.2478,0.0015249999999999999
2015-12-04,1.2483,0.000401
2015-12-07,1.2573,0.007209999999999999
2015-12-08,1.2564,-0.000716
2015-12-09,1.2557,-0.000557
2015-12-10,1.256,0.000239
2015-12-11,1.2563,0.000239
2015-12-14,1.2579,0.0012740000000000002
2015-12-15,1.2574,-0.000397
2015-12-16,1.2578,0.00031800000000000003
2015-12-17,1.2588,0.000795
2015-12-18,1.2589,7.900000000000001e-05
2015-12-21,1.2614,0.001986
2015-12-22,1.2631,0.001348
2015-12-23,1.264,0.000713
2015-12-24,1.2652,0.000949
2015-12-25,1.266,0.0006320000000000001
2015-12-28,1.2658,-0.00015800000000000002
2015-12-29,1.2662,0.00031600000000000004
2015-12-30,1.2663,7.900000000000001e-05
2015-12-31,1.2666,0.000237
2016-01-04,1.262,-0.0036320000000000002
2016-01-05,1.261,-0.0007920000000000001
2016-01-06,1.2633,0.001824
2016-01-07,1.2605,-0.002216
2016-01-08,1.2625,0.001587
2016-01-11,1.2607,-0.001426
2016-01-12,1.2636,0.0023
2016-01-13,1.2642,0.000475
2016-01-14,1.2655,0.001028
2016-01-15,1.2643,-0.000948
2016-01-18,1.2642,-7.900000000000001e-05
2016-01-19,1.2632,-0.000791
2016-01-20,1.2623,-0.000712
2016-01-21,1.2613,-0.0007920000000000001
2016-01-22,1.2632,0.0015060000000000002
2016-01-25,1.0522,-0.00039600000000000003
2016-01-26,1.0498,-0.002281
2016-01-27,1.0474,-0.002286
2016-01-28,1.046,-0.001337
2016-01-29,1.0471,0.001052
2016-02-01,1.0469,-0.00019099999999999998
2016-02-02,1.0467,-0.00019099999999999998
2016-02-03,1.0465,-0.00019099999999999998
2016-02-04,1.0472,0.000669
2016-02-05,1.0475,0.000286
2016-02-15,1.0496,0.0020050000000000003
2016-02-16,1.0501,0.000476
2016-02-17,1.0506,0.000476
2016-02-18,1.0514,0.000761
2016-02-19,1.0523,0.000856
2016-02-22,1.053,0.000665
2016-02-23,1.0534,0.00037999999999999997
2016-02-24,1.0532,-0.00018999999999999998
2016-02-25,1.0521,-0.001044
2016-02-26,1.0521,0.0
2016-02-29,1.0518,-0.000285
2016-03-01,1.0529,0.001046
2016-03-02,1.0547,0.0017100000000000001
2016-03-03,1.0555,0.0007589999999999999
2016-03-04,1.0553,-0.000189
2016-03-07,1.0565,0.001137
2016-03-08,1.0571,0.000568
2016-03-09,1.0574,0.000284
2016-03-10,1.0578,0.000378
2016-03-11,1.0597,0.001796
2016-03-14,1.0604,0.000661
2016-03-15,1.0611,0.00066
2016-03-16,1.0614,0.000283
2016-03-17,1.0625,0.001036
2016-03-18,1.0644,0.0017879999999999999
2016-03-21,1.0647,0.00028199999999999997
2016-03-22,1.0645,-0.00018800000000000002
2016-03-23,1.065,0.00047
2016-03-24,1.0648,-0.00018800000000000002
2016-03-25,1.0651,0.00028199999999999997
2016-03-28,1.0643,-0.000751
2016-03-29,1.0635,-0.0007520000000000001
2016-03-30,1.0639,0.00037600000000000003
2016-03-31,1.0643,0.00037600000000000003
2016-04-01,1.0645,0.00018800000000000002
2016-04-05,1.0656,0.001033
2016-04-06,1.0656,0.0
2016-04-07,1.0652,-0.000375
2016-04-08,1.0643,-0.000845
2016-04-11,1.0648,0.00047
2016-04-12,1.0633,-0.0014089999999999999
2016-04-13,1.0629,-0.00037600000000000003
2016-04-14,1.0604,-0.002352
2016-04-15,1.0594,-0.0009429999999999999
2016-04-18,1.0589,-0.000472
2016-04-19,1.0582,-0.000661
2016-04-20,1.0561,-0.0019850000000000002
2016-04-21,1.0544,-0.00161
2016-04-22,1.0521,-0.0021809999999999998
2016-04-25,1.0493,-0.002661
2016-04-26,1.0475,-0.0017150000000000002
2016-04-27,1.0487,0.0011459999999999999
2016-04-28,1.0491,0.00038100000000000005
2016-04-29,1.0496,0.000477
2016-05-03,1.0517,0.002001
2016-05-04,1.0521,0.00037999999999999997
2016-05-05,1.0532,0.001046
2016-05-06,1.0529,-0.000285
2016-05-09,1.0531,0.00018999999999999998
2016-05-10,1.0539,0.0007599999999999999
2016-05-11,1.0542,0.000285
2016-05-12,1.0548,0.000569
2016-05-13,1.0555,0.000664
2016-05-16,1.0562,0.000663
2016-05-17,1.0562,0.0
2016-05-18,1.0558,-0.00037900000000000005
2016-05-19,1.0556,-0.000189
2016-05-20,1.0553,-0.000284
2016-05-23,1.0557,0.00037900000000000005
2016-05-24,1.0558,9.499999999999999e-05
2016-05-25,1.0559,9.499999999999999e-05
2016-05-26,1.0562,0.000284
2016-05-27,1.0564,0.000189
2016-05-30,1.0568,0.00037900000000000005
2016-05-31,1.0572,0.00037900000000000005
2016-06-01,1.0579,0.0006619999999999999
2016-06-02,1.0581,0.000189
2016-06-03,1.0584,0.000284
2016-06-06,1.0589,0.000472
2016-06-07,1.0586,-0.000283
2016-06-08,1.0587,9.400000000000001e-05
2016-06-13,1.0592,0.000472
2016-06-14,1.06,0.000755
2016-06-15,1.0615,0.0014149999999999998
2016-06-16,1.0618,0.000283
2016-06-17,1.0619,9.400000000000001e-05
2016-06-20,1.0624,0.000471
2016-06-21,1.0619,-0.000471
2016-06-22,1.0626,0.000659
2016-06-23,1.0633,0.000659
2016-06-24,1.0634,9.400000000000001e-05
2016-06-27,1.0644,0.00094
2016-06-28,1.0649,0.00047
2016-06-29,1.0652,0.00028199999999999997
2016-06-30,1.0657,0.00046899999999999996
2016-07-01,1.0662,0.00046899999999999996
2016-07-04,1.0681,0.001782
2016-07-05,1.0684,0.000281
2016-07-06,1.0695,0.0010299999999999999
2016-07-07,1.0713,0.001683
2016-07-08,1.0716,0.00028000000000000003
2016-07-11,1.072,0.000373
2016-07-12,1.0721,9.3e-05
2016-07-13,1.0731,0.0009329999999999999
2016-07-14,1.0737,0.000559
2016-07-15,1.0735,-0.000186
2016-07-18,1.0737,0.000186
2016-07-19,1.0739,0.000186
2016-07-20,1.075,0.001024
2016-07-21,1.0754,0.000372
2016-07-22,1.0751,-0.000279
2016-07-25,1.0746,-0.00046499999999999997
2016-07-26,1.0751,0.00046499999999999997
2016-07-27,1.0747,-0.000372
2016-07-28,1.0751,0.000372
2016-07-29,1.0752,9.3e-05
2016-08-01,1.0756,0.000372
2016-08-02,1.0763,0.0006510000000000001
2016-08-03,1.0771,0.0007430000000000001
2016-08-04,1.0778,0.00065
2016-08-05,1.0784,0.000557
2016-08-08,1.0791,0.000649
2016-08-09,1.0797,0.000556
2016-08-10,1.0808,0.001019
2016-08-11,1.0804,-0.00037
2016-08-12,1.0811,0.0006479999999999999
2016-08-15,1.0831,0.00185
2016-08-16,1.0836,0.00046199999999999995
2016-08-17,1.0837,9.2e-05
2016-08-18,1.0842,0.00046100000000000004
2016-08-19,1.0843,9.2e-05
2016-08-22,1.0839,-0.000369
2016-08-23,1.0832,-0.0006460000000000001
2016-08-24,1.0825,-0.0006460000000000001
2016-08-25,1.0821,-0.00037
2016-08-26,1.082,-9.2e-05
2016-08-29,1.0818,-0.000185
2016-08-30,1.081,-0.00074
2016-08-31,1.0812,0.000185
2016-09-01,1.0809,-0.000277
2016-09-02,1.0809,0.0
2016-09-05,1.0815,0.000555
2016-09-06,1.0825,0.000925
2016-09-07,1.0829,0.00037
2016-09-08,1.0836,0.0006460000000000001
2016-09-09,1.0839,0.000277
2016-09-12,1.0829,-0.0009229999999999999
2016-09-13,1.0833,0.000369
2016-09-14,1.0836,0.000277
2016-09-19,1.0838,0.000185
2016-09-20,1.0839,9.2e-05
2016-09-21,1.0839,0.0
2016-09-22,1.0847,0.000738
2016-09-23,1.0849,0.000184
2016-09-26,1.0843,-0.000553
2016-09-27,1.0842,-9.2e-05
2016-09-28,1.0842,0.0
2016-09-29,1.0848,0.000553
2016-09-30,1.0852,0.000369
2016-10-10,1.0873,0.001935
2016-10-11,1.0877,0.000368
2016-10-12,1.0876,-9.2e-05
2016-10-13,1.0883,0.000644
2016-10-14,1.0888,0.00045900000000000004
2016-10-17,1.0891,0.000276
2016-10-18,1.0904,0.001194
2016-10-19,1.091,0.00055
2016-10-20,1.0921,0.001008
2016-10-21,1.0922,9.2e-05
2016-10-24,1.0918,-0.000366
2016-10-25,1.0915,-0.000275
2016-10-26,1.0899,-0.001466
2016-10-27,1.0893,-0.0005510000000000001
2016-10-28,1.0908,0.001377
2016-10-31,1.0896,-0.0011
2016-11-01,1.0897,9.2e-05
2016-11-02,1.0897,0.0
2016-11-03,1.0904,0.0006419999999999999
2016-11-04,1.0909,0.00045900000000000004
2016-11-07,1.0912,0.000275
2016-11-08,1.0913,9.2e-05
2016-11-09,1.0911,-0.000183
2016-11-10,1.0908,-0.000275
2016-11-11,1.0905,-0.000275
2016-11-14,1.0895,-0.0009170000000000001
2016-11-15,1.0882,-0.001193
2016-11-16,1.0876,-0.0005510000000000001
2016-11-17,1.0863,-0.0011949999999999999
2016-11-18,1.0858,-0.00046
2016-11-21,1.0861,0.000276
2016-11-22,1.0864,0.000276
2016-11-23,1.0863,-9.2e-05
2016-11-24,1.0862,-9.2e-05
2016-11-25,1.0864,0.000184
2016-11-28,1.0867,0.000276
2016-11-29,1.085,-0.001564
2016-11-30,1.0821,-0.002673
2016-12-01,1.0793,-0.0025879999999999996
2016-12-02,1.0763,-0.0027800000000000004
2016-12-05,1.0719,-0.004088
2016-12-06,1.0681,-0.003545
2016-12-07,1.0683,0.00018700000000000002
2016-12-08,1.0686,0.000281
2016-12-09,1.0689,0.000281
2016-12-12,1.0657,-0.002994
2016-12-13,1.063,-0.0025340000000000002
2016-12-14,1.0614,-0.001505
2016-12-15,1.0576,-0.00358
2016-12-16,1.057,-0.000567
2016-12-19,1.0556,-0.001325
2016-12-20,1.0542,-0.001326
2016-12-21,1.0556,0.001328
2016-12-22,1.0571,0.001421
2016-12-23,1.0587,0.0015140000000000002
2016-12-26,1.0594,0.000661
2016-12-27,1.06,0.000566
2016-12-28,1.0601,9.400000000000001e-05
2016-12-29,1.0609,0.000755
2016-12-30,1.0619,0.0009429999999999999
2016-12-31,1.0621,0.00018800000000000002
2017-01-03,1.0626,0.000659
2017-01-04,1.0625,-9.400000000000001e-05
2017-01-05,1.0621,-0.00037600000000000003
2017-01-06,1.0622,9.400000000000001e-05
2017-01-09,1.0626,0.00037699999999999995
2017-01-10,1.0633,0.000659
2017-01-11,1.0648,0.001411
2017-01-12,1.0654,0.000563
2017-01-13,1.0654,0.0
2017-01-16,1.0648,-0.000563
2017-01-17,1.0634,-0.001315
2017-01-18,1.0618,-0.001505
2017-01-19,1.061,-0.0007530000000000001
2017-01-20,1.0058,0.000848
2017-01-23,1.0066,0.000795
2017-01-24,1.0062,-0.000397
2017-01-25,1.0052,-0.000994
2017-01-26,1.0052,0.0
2017-02-03,1.0045,-0.000696
2017-02-06,1.0033,-0.0011949999999999999
2017-02-07,1.0018,-0.001495
2017-02-08,1.0012,-0.000599
2017-02-09,1.0015,0.0003
2017-02-10,1.0018,0.0003
2017-02-13,1.0024,0.000599
2017-02-14,1.0024,0.0
2017-02-15,1.0023,-0.0001
2017-02-16,1.0022,-0.0001
2017-02-17,1.0025,0.000299
2017-02-20,1.0039,0.0013969999999999998
2017-02-21,1.0038,-0.0001
2017-02-22,1.0041,0.000299
2017-02-23,1.004,-0.0001
2017-02-24,1.0043,0.000299
2017-02-27,1.0045,0.000199
2017-02-28,1.0045,0.0
2017-03-01,1.0044,-0.0001
2017-03-02,1.0041,-0.000299
2017-03-03,1.0041,0.0
2017-03-06,1.0043,0.000199
2017-03-07,1.0043,0.0
2017-03-08,1.0039,-0.000398
2017-03-09,1.0033,-0.000598
2017-03-10,1.0027,-0.000598
2017-03-13,1.0025,-0.000199
2017-03-14,1.0023,-0.0002
2017-03-15,1.0026,0.000299
2017-03-16,1.0033,0.000698
2017-03-17,1.0028,-0.000498
2017-03-20,1.0035,0.000698
2017-03-21,1.0031,-0.000399
2017-03-22,1.0033,0.000199
2017-03-23,1.0032,-0.0001
2017-03-24,1.0045,0.0012959999999999998
2017-03-27,1.0053,0.000796
2017-03-28,1.0062,0.000895
2017-03-29,1.0062,0.0
2017-03-30,1.0058,-0.000398
2017-03-31,1.006,0.000199
2017-04-05,1.0066,0.000596
2017-04-06,1.0065,-9.900000000000001e-05
2017-04-07,1.0067,0.000199
2017-04-10,1.0071,0.000397
2017-04-11,1.0071,0.0
2017-04-12,1.0073,0.000199
2017-04-13,1.0079,0.000596
2017-04-14,1.0073,-0.0005949999999999999
2017-04-17,1.0059,-0.0013900000000000002
2017-04-18,1.0051,-0.000795
2017-04-19,1.0044,-0.000696
2017-04-20,1.004,-0.000398
2017-04-21,1.0032,-0.000797
2017-04-24,1.0036,0.000399
2017-04-25,1.0031,-0.000498
2017-04-26,1.0034,0.000299
2017-04-27,1.0035,0.0001
2017-04-28,1.004,0.000498
2017-05-02,1.0043,0.000299
2017-05-03,1.0047,0.000398
2017-05-04,1.004,-0.000697
2017-05-05,1.0033,-0.000697
2017-05-08,1.0004,-0.0028899999999999998
2017-05-09,0.9994,-0.001
2017-05-10,0.9973,-0.002101
2017-05-11,0.9962,-0.001103
2017-05-12,0.996,-0.000201
2017-05-15,0.996,0.0
2017-05-16,0.9955,-0.0005020000000000001
2017-05-17,0.9955,0.0
2017-05-18,0.9956,0.0001
2017-05-19,0.9955,-0.0001
2017-05-22,0.9949,-0.000603
2017-05-23,0.9943,-0.000603
2017-05-24,0.9944,0.000101
2017-05-25,0.995,0.000603
2017-05-26,0.995,0.0
2017-05-31,0.9956,0.000603
2017-06-01,0.9956,0.0
2017-06-02,0.9957,0.0001
2017-06-05,0.9969,0.001205
2017-06-06,0.9983,0.0014039999999999999
2017-06-07,1.0001,0.001803
2017-06-08,1.0002,0.0001
2017-06-09,1.0016,0.0014000000000000002
2017-06-12,1.0032,0.0015970000000000001
2017-06-13,1.0041,0.000897
2017-06-14,1.0048,0.000697
2017-06-15,1.0059,0.001095
2017-06-16,1.0063,0.000398
2017-06-19,1.0101,0.003776
2017-06-20,1.0124,0.002277
2017-06-21,1.0138,0.0013830000000000001
2017-06-22,1.0142,0.000395
2017-06-23,1.0148,0.0005920000000000001
2017-06-26,1.0171,0.002266
2017-06-27,1.0174,0.00029499999999999996
2017-06-28,1.0164,-0.000983
2017-06-29,1.0176,0.001181
2017-06-30,1.0175,-9.8e-05
2017-07-03,1.0183,0.000786
2017-07-04,1.0187,0.000393
2017-07-05,1.0202,0.001472
2017-07-06,1.0206,0.000392
2017-07-07,1.0216,0.00098
2017-07-10,1.0219,0.000294
2017-07-11,1.0217,-0.000196
2017-07-12,1.0221,0.000392
2017-07-13,1.0231,0.000978
2017-07-14,1.0245,0.001368
2017-07-17,1.0227,-0.0017569999999999999
2017-07-18,1.0219,-0.000782
2017-07-19,1.0239,0.001957
2017-07-20,1.0265,0.002539
2017-07-21,1.0259,-0.000585
2017-07-24,1.0265,0.000585
2017-07-25,1.0255,-0.000974
2017-07-26,1.0237,-0.0017549999999999998
2017-07-27,1.0252,0.001465
2017-07-28,1.0252,0.0
2017-07-31,1.026,0.00078
2017-08-01,1.027,0.0009750000000000001
2017-08-02,1.0277,0.000682
2017-08-03,1.0258,-0.0018490000000000002
2017-08-04,1.0253,-0.000487
2017-08-07,1.0244,-0.000878
2017-08-08,1.0248,0.00039
2017-08-09,1.0226,-0.002147
2017-08-10,1.0233,0.0006850000000000001
2017-08-11,1.0216,-0.001661
2017-08-14,1.0259,0.004209
2017-08-15,1.0273,0.0013650000000000001
2017-08-16,1.0274,9.7e-05
2017-08-17,1.0281,0.000681
2017-08-18,1.0278,-0.000292
2017-08-21,1.028,0.000195
2017-08-22,1.0278,-0.000195
2017-08-23,1.0265,-0.001265
2017-08-24,1.0249,-0.001559
2017-08-25,1.0243,-0.000585
2017-08-28,1.028,0.003612
2017-08-29,1.0301,0.002043
2017-08-30,1.0291,-0.0009710000000000001
2017-08-31,1.0275,-0.001555
2017-09-01,1.0277,0.000195
2017-09-04,1.0288,0.00107
2017-09-05,1.0293,0.000486
2017-09-06,1.0274,-0.0018459999999999998
2017-09-07,1.0271,-0.000292
2017-09-08,1.0285,0.001363
2017-09-11,1.0291,0.000583
2017-09-12,1.0283,-0.000777
2017-09-13,1.0275,-0.0007779999999999999
2017-09-14,1.0274,-9.7e-05
2017-09-15,1.0271,-0.000292
2017-09-18,1.0284,0.001266
2017-09-19,1.0269,-0.001459
2017-09-20,1.0274,0.000487
2017-09-21,1.0288,0.001363
2017-09-22,1.0279,-0.0008749999999999999
2017-09-25,1.0261,-0.001751
2017-09-26,1.0269,0.00078
2017-09-27,1.028,0.001071
2017-09-28,1.0271,-0.0008749999999999999
2017-09-29,1.0282,0.001071
2017-10-09,1.0288,0.000584
2017-10-10,1.029,0.000194
2017-10-11,1.0289,-9.7e-05
2017-10-12,1.031,0.002041
2017-10-13,1.0312,0.000194
2017-10-16,1.03,-0.001164
2017-10-17,1.0306,0.000583
2017-10-18,1.0309,0.000291
2017-10-19,1.0312,0.000291
2017-10-20,1.0307,-0.000485
2017-10-23,1.0312,0.000485
2017-10-24,1.0318,0.000582
2017-10-25,1.0334,0.0015509999999999999
2017-10-26,1.0347,0.001258
2017-10-27,1.0352,0.00048300000000000003
2017-10-30,1.0357,0.00048300000000000003
2017-10-31,1.0355,-0.000193
2017-11-01,1.0344,-0.001062
2017-11-02,1.0325,-0.001837
2017-11-03,1.0315,-0.000969
2017-11-06,1.0318,0.000291
2017-11-07,1.0329,0.001066
2017-11-08,1.0322,-0.000678
2017-11-09,1.0334,0.001163
2017-11-10,1.0366,0.003097
2017-11-13,1.038,0.001351
2017-11-14,1.037,-0.000963
2017-11-15,1.0331,-0.003761
2017-11-16,1.0342,0.001065
2017-11-17,1.0331,-0.0010639999999999998
2017-11-20,1.0327,-0.000387
2017-11-21,1.0326,-9.7e-05
2017-11-22,1.0305,-0.002034
2017-11-23,1.0238,-0.006502
2017-11-24,1.0228,-0.000977
2017-11-27,1.0201,-0.00264
2017-11-28,1.0198,-0.000294
2017-11-29,1.0201,0.000294
2017-11-30,1.0185,-0.001568
2017-12-01,1.0183,-0.000196
2017-12-04,1.0196,0.0012770000000000001
2017-12-05,1.0191,-0.00049
2017-12-06,1.0187,-0.000393
2017-12-07,1.0178,-0.000883
2017-12-08,1.0193,0.001474
2017-12-11,1.0213,0.001962
2017-12-12,1.0201,-0.0011749999999999998
2017-12-13,1.0202,9.8e-05
2017-12-14,1.0203,9.8e-05
2017-12-15,1.0206,0.000294
2017-12-18,1.021,0.000392
2017-12-19,1.0229,0.0018609999999999998
2017-12-20,1.0222,-0.000684
2017-12-21,1.0227,0.000489
2017-12-22,1.0223,-0.000391
2017-12-25,1.0214,-0.0008799999999999999
2017-12-26,1.0241,0.002643
2017-12-27,1.0213,-0.002734
2017-12-28,1.0227,0.001371
2017-12-29,1.0244,0.0016619999999999998
2017-12-31,1.0244,0.0
2018-01-02,1.0271,0.002636
2018-01-03,1.0277,0.000584
2018-01-04,1.028,0.000292
2018-01-05,1.028,0.0
2018-01-08,1.0296,0.0015559999999999999
2018-01-09,1.03,0.00038899999999999997
2018-01-10,1.0289,-0.0010680000000000002
2018-01-11,1.0286,-0.000292
2018-01-12,1.0293,0.000681
2018-01-15,1.0297,0.00038899999999999997
2018-01-16,1.0304,0.00068
2018-01-17,1.0296,-0.000776
2018-01-18,1.0077,9.7e-05
2018-01-19,1.0077,0.0
2018-01-22,1.0084,0.0006950000000000001
2018-01-23,1.0095,0.001091
2018-01-24,1.0112,0.001684
2018-01-25,1.011,-0.00019800000000000002
2018-01-26,1.0117,0.000692
2018-01-29,1.0089,-0.002768
2018-01-30,1.0082,-0.0006940000000000001
2018-01-31,1.0088,0.0005949999999999999
2018-02-01,1.0071,-0.001685
2018-02-02,1.0084,0.0012909999999999998
2018-02-05,1.0094,0.000992
2018-02-06,1.0071,-0.0022789999999999998
2018-02-07,1.0068,-0.000298
2018-02-08,1.0057,-0.001093
2018-02-09,1.0039,-0.00179
2018-02-12,1.0054,0.001494
2018-02-13,1.0061,0.000696
2018-02-14,1.0062,9.900000000000001e-05
2018-02-22,1.0091,0.002882
2018-02-23,1.0092,9.900000000000001e-05
2018-02-26,1.0111,0.001883
2018-02-27,1.0113,0.00019800000000000002
2018-02-28,1.0123,0.000989
2018-03-01,1.0128,0.000494
2018-03-02,1.0121,-0.000691
2018-03-05,1.012,-9.900000000000001e-05
2018-03-06,1.0126,0.000593
2018-03-07,1.0126,0.0
2018-03-08,1.0127,9.900000000000001e-05
2018-03-09,1.0135,0.00079
2018-03-12,1.0145,0.000987
2018-03-13,1.0142,-0.00029600000000000004
2018-03-14,1.014,-0.000197
2018-03-15,1.0142,0.000197
2018-03-16,1.0145,0.00029600000000000004
2018-03-19,1.015,0.000493
2018-03-20,1.0154,0.000394
2018-03-21,1.0155,9.8e-05
2018-03-22,1.0162,0.000689
2018-03-23,1.0181,0.00187
2018-03-26,1.0187,0.000589
2018-03-27,1.0187,0.0
2018-03-28,1.0205,0.001767
2018-03-29,1.0208,0.000294
2018-03-30,1.022,0.001176
2018-04-02,1.0254,0.003327
2018-04-03,1.0265,0.0010730000000000002
2018-04-04,1.0273,0.000779
2018-04-09,1.0295,0.002142
2018-04-10,1.0293,-0.000194
2018-04-11,1.0309,0.001554
2018-04-12,1.0319,0.00097
2018-04-13,1.032,9.7e-05
2018-04-16,1.0328,0.000775
2018-04-17,1.033,0.000194
2018-04-18,1.0401,0.006873000000000001
2018-04-19,1.0459,0.005576
2018-04-20,1.0459,0.0
2018-04-23,1.05,0.00392
2018-04-24,1.053,0.002857
2018-04-25,1.0522,-0.0007599999999999999
2018-04-26,1.0514,-0.0007599999999999999
2018-04-27,1.0513,-9.499999999999999e-05
2018-05-02,1.0512,-9.499999999999999e-05
2018-05-03,1.0515,0.000285
2018-05-04,1.0519,0.00037999999999999997
2018-05-07,1.0524,0.000475
2018-05-08,1.0529,0.000475
2018-05-09,1.0534,0.000475
2018-05-10,1.0535,9.499999999999999e-05
2018-05-11,1.053,-0.000475
2018-05-14,1.0526,-0.00037999999999999997
2018-05-15,1.0529,0.000285
2018-05-16,1.0523,-0.00057
2018-05-17,1.0519,-0.00037999999999999997
2018-05-18,1.052,9.499999999999999e-05
2018-05-21,1.0536,0.0015210000000000002
2018-05-22,1.0545,0.000854
2018-05-23,1.055,0.000474
2018-05-24,1.0551,9.499999999999999e-05
2018-05-25,1.0554,0.000284
2018-05-28,1.0564,0.000948
2018-05-29,1.0561,-0.000284
2018-05-30,1.057,0.000852
2018-05-31,1.0559,-0.001041
2018-06-01,1.0561,0.000189
2018-06-04,1.0554,-0.000663
2018-06-05,1.0556,0.00018999999999999998
2018-06-06,1.0557,9.499999999999999e-05
2018-06-07,1.0555,-0.000189
2018-06-08,1.0553,-0.000189
2018-06-11,1.0558,0.000474
2018-06-12,1.0558,0.0
2018-06-13,1.0564,0.000568
2018-06-14,1.0572,0.0007570000000000001
2018-06-15,1.0572,0.0
2018-06-19,1.06,0.0026490000000000003
2018-06-20,1.0594,-0.000566
2018-06-21,1.0609,0.001416
2018-06-22,1.0617,0.0007539999999999999
2018-06-25,1.0625,0.0007539999999999999
2018-06-26,1.0627,0.00018800000000000002
2018-06-27,1.0636,0.000847
2018-06-28,1.0644,0.0007520000000000001
2018-06-29,1.0668,0.002255
2018-06-30,1.0669,0.0
2018-07-02,1.0686,0.001687
2018-07-03,1.0688,0.00018700000000000002
2018-07-04,1.0726,0.003555
2018-07-05,1.074,0.001305
2018-07-06,1.0731,-0.000838
2018-07-09,1.0726,-0.00046600000000000005
2018-07-10,1.0721,-0.00046600000000000005
2018-07-11,1.0728,0.0006529999999999999
2018-07-12,1.0739,0.0010249999999999999
2018-07-13,1.0745,0.000559
2018-07-16,1.0763,0.001675
2018-07-17,1.0765,0.000186
2018-07-18,1.0773,0.0007430000000000001
2018-07-19,1.0792,0.001764
2018-07-20,1.079,-0.000185
2018-07-23,1.0798,0.000741
2018-07-24,1.0789,-0.000833
2018-07-25,1.079,9.3e-05
2018-07-26,1.0791,9.3e-05
2018-07-27,1.0795,0.000371
2018-07-30,1.0802,0.0006479999999999999
2018-07-31,1.0822,0.0018520000000000001
2018-08-01,1.0834,0.001109
2018-08-02,1.0837,0.000277
2018-08-03,1.0847,0.0009229999999999999
2018-08-06,1.0865,0.0016589999999999999
2018-08-07,1.0886,0.001933
2018-08-08,1.0877,-0.0008269999999999999
2018-08-09,1.087,-0.000644
2018-08-10,1.0866,-0.000368
2018-08-13,1.0853,-0.001196
2018-08-14,1.0855,0.000184
2018-08-15,1.0847,-0.000737
2018-08-16,1.0838,-0.00083
2018-08-17,1.0824,-0.0012920000000000002
2018-08-20,1.0826,0.000185
2018-08-21,1.0828,0.000185
2018-08-22,1.0828,0.0
2018-08-23,1.0838,0.0009239999999999999
2018-08-24,1.084,0.000185
2018-08-27,1.0845,0.00046100000000000004
2018-08-28,1.0851,0.000553
2018-08-29,1.0848,-0.000276
2018-08-30,1.0846,-0.000184
2018-08-31,1.0849,0.000277
2018-09-03,1.085,9.2e-05
2018-09-04,1.0853,0.000276
2018-09-05,1.0852,-9.2e-05
2018-09-06,1.0851,-9.2e-05
2018-09-07,1.0852,9.2e-05
2018-09-10,1.0848,-0.000369
2018-09-11,1.0846,-0.000184
2018-09-12,1.0845,-9.2e-05
2018-09-13,1.0847,0.000184
2018-09-14,1.0845,-0.000184
2018-09-17,1.0847,0.000184
2018-09-18,1.085,0.000277
2018-09-19,1.0857,0.0006450000000000001
2018-09-20,1.0858,9.2e-05
2018-09-21,1.0865,0.0006450000000000001
2018-09-25,1.0866,9.2e-05
2018-09-26,1.087,0.000368
2018-09-27,1.0868,-0.000184
2018-09-28,1.0876,0.000736
2018-10-08,1.0874,-0.000184
2018-10-09,1.087,-0.000368
2018-10-10,1.0874,0.000368
2018-10-11,1.0867,-0.000644
2018-10-12,1.0878,0.0010119999999999999
2018-10-15,1.088,0.000184
2018-10-16,1.0876,-0.000368
2018-10-17,1.0879,0.000276
2018-10-18,1.0878,-9.2e-05
2018-10-19,1.0888,0.000919
2018-10-22,1.0899,0.00101
2018-10-23,1.0897,-0.000184
2018-10-24,1.09,0.000275
2018-10-25,1.0903,0.000275
2018-10-26,1.0903,0.0
2018-10-29,1.0903,0.0
2018-10-30,1.0909,0.00055
2018-10-31,1.0911,0.000183
2018-11-01,1.0916,0.000458
2018-11-02,1.0927,0.001008
2018-11-05,1.0926,-9.2e-05
2018-11-06,1.0925,-9.2e-05
2018-11-07,1.0926,9.2e-05
2018-11-08,1.0926,0.0
2018-11-09,1.0923,-0.000275
2018-11-12,1.0931,0.000732
2018-11-13,1.0938,0.00064
2018-11-14,1.0956,0.001646
2018-11-15,1.0965,0.0008210000000000001
2018-11-16,1.098,0.001368
2018-11-19,1.0989,0.00082
2018-11-20,1.0986,-0.000273
2018-11-21,1.0992,0.000546
2018-11-22,1.0982,-0.00091
2018-11-23,1.0974,-0.000728
2018-11-26,1.098,0.000547
2018-11-27,1.0981,9.1e-05
2018-11-28,1.099,0.00082
2018-11-29,1.0988,-0.000182
2018-11-30,1.099,0.000182
2018-12-03,1.1007,0.001547
2018-12-04,1.1017,0.000909
2018-12-05,1.1023,0.000545
2018-12-06,1.1024,9.1e-05
2018-12-07,1.1024,0.0
2018-12-10,1.1032,0.000726
2018-12-11,1.1036,0.000363
2018-12-12,1.1039,0.000272
2018-12-13,1.1026,-0.001178
2018-12-14,1.1018,-0.000726
2018-12-17,1.1009,-0.0008169999999999999
2018-12-18,1.1008,-9.1e-05
2018-12-19,1.101,0.000182
2018-12-20,1.1012,0.000182
2018-12-21,1.1008,-0.000363
2018-12-24,1.101,0.000182
2018-12-25,1.1012,0.000182
2018-12-26,1.1011,-9.1e-05
2018-12-27,1.1019,0.000727
2018-12-28,1.1031,0.001089
2018-12-31,1.1034,0.0
2019-01-02,1.1044,0.001178
2019-01-03,1.1059,0.001358
2019-01-04,1.1064,0.000452
2019-01-07,1.1073,0.0008129999999999999
2019-01-08,1.0295,0.000903
2019-01-09,1.0296,9.7e-05
2019-01-10,1.0295,-9.7e-05
2019-01-11,1.0295,0.0
2019-01-14,1.0292,-0.000291
2019-01-15,1.0291,-9.7e-05
2019-01-16,1.0299,0.000777
2019-01-17,1.0301,0.000194
2019-01-18,1.0303,0.000194
2019-01-21,1.03,-0.000291
2019-01-22,1.0299,-9.7e-05
2019-01-23,1.0298,-9.7e-05
2019-01-24,1.0303,0.000486
2019-01-25,1.0301,-0.000194
2019-01-28,1.0299,-0.000194
2019-01-29,1.03,9.7e-05
2019-01-30,1.0308,0.000777
2019-01-31,1.0315,0.000679
2019-02-01,1.0327,0.001163
2019-02-11,1.0347,0.0019370000000000001
2019-02-12,1.0352,0.00048300000000000003
2019-02-13,1.036,0.0007729999999999999
2019-02-14,1.0362,0.000193
2019-02-15,1.0354,-0.000772
2019-02-18,1.0372,0.0017380000000000002
2019-02-19,1.0367,-0.000482
2019-02-20,1.0369,0.000193
2019-02-21,1.0376,0.000675
2019-02-22,1.0409,0.00318
2019-02-25,1.0465,0.00538
2019-02-26,1.0455,-0.000956
2019-02-27,1.0435,-0.001913
2019-02-28,1.044,0.000479
2019-03-01,1.0469,0.002778
2019-03-04,1.0498,0.0027700000000000003
2019-03-05,1.0514,0.0015240000000000002
2019-03-06,1.0525,0.001046
2019-03-07,1.0513,-0.00114
2019-03-08,1.0447,-0.006278000000000001
2019-03-11,1.0485,0.003637
2019-03-12,1.0511,0.00248
2019-03-13,1.0476,-0.00333
2019-03-14,1.0459,-0.001623
2019-03-15,1.0474,0.001434
2019-03-18,1.0515,0.003914
2019-03-19,1.0512,-0.000285
2019-03-20,1.0519,0.000666
2019-03-21,1.0532,0.0012360000000000001
2019-03-22,1.0531,-9.499999999999999e-05
2019-03-25,1.0491,-0.003798
2019-03-26,1.0457,-0.003241
2019-03-27,1.0462,0.000478
2019-03-28,1.0451,-0.001051
2019-03-29,1.0501,0.004784
2019-04-01,1.0546,0.004285
2019-04-02,1.0543,-0.000284
2019-04-03,1.0556,0.0012330000000000002
2019-04-04,1.057,0.001326
2019-04-08,1.0564,-0.000568
2019-04-09,1.0547,-0.001609
2019-04-10,1.054,-0.000664
2019-04-11,1.051,-0.002846
2019-04-12,1.0501,-0.000856
2019-04-15,1.0482,-0.001809
2019-04-16,1.0506,0.00229
2019-04-17,1.0493,-0.001237
2019-04-18,1.0493,0.0
2019-04-19,1.05,0.000667
2019-04-22,1.046,-0.00381
2019-04-23,1.0446,-0.001338
2019-04-24,1.0445,-9.599999999999999e-05
2019-04-25,1.0407,-0.003638
2019-04-26,1.0395,-0.001153
2019-04-29,1.038,-0.001443
2019-04-30,1.0394,0.001349
2019-05-06,1.0328,-0.00635
2019-05-07,1.0353,0.002421
2019-05-08,1.0353,0.0
2019-05-09,1.0351,-0.000193
2019-05-10,1.0398,0.004541
2019-05-13,1.0385,-0.00125
2019-05-14,1.0384,-9.599999999999999e-05
2019-05-15,1.0412,0.002696
2019-05-16,1.0415,0.000288
2019-05-17,1.0387,-0.002688
2019-05-20,1.0381,-0.000578
2019-05-21,1.0395,0.001349
2019-05-22,1.04,0.000481
2019-05-23,1.038,-0.001923
2019-05-24,1.0378,-0.000193
2019-05-27,1.0386,0.000771
2019-05-28,1.0389,0.000289
2019-05-29,1.0391,0.000193
2019-05-30,1.0376,-0.001444
2019-05-31,1.0374,-0.000193
2019-06-03,1.0362,-0.001157
2019-06-04,1.0348,-0.001351
2019-06-05,1.0346,-0.000193
2019-06-06,1.0334,-0.00116
2019-06-10,1.0346,0.001161
2019-06-11,1.0369,0.002223
2019-06-12,1.0362,-0.000675
2019-06-13,1.036,-0.000193
2019-06-14,1.0351,-0.0008690000000000001
2019-06-17,1.0353,0.000193
2019-06-18,1.0358,0.00048300000000000003
2019-06-19,1.0368,0.000965
2019-06-20,1.0395,0.0026040000000000004
2019-06-21,1.0405,0.000962
2019-06-24,1.0406,9.599999999999999e-05
2019-06-25,1.0401,-0.00048
2019-06-26,1.0405,0.000385
2019-06-27,1.041,0.000481
2019-06-28,1.0407,-0.000288
2019-06-30,1.0409,0.0
2019-07-01,1.043,0.00221
2019-07-02,1.0441,0.001055
2019-07-03,1.044,-9.599999999999999e-05
2019-07-04,1.0438,-0.00019199999999999998
2019-07-05,1.0438,0.0
2019-07-08,1.0425,-0.001245
2019-07-09,1.0426,9.599999999999999e-05
2019-07-10,1.0426,0.0
2019-07-11,1.0423,-0.000288
2019-07-12,1.0433,0.000959
2019-07-15,1.044,0.000671
2019-07-16,1.0439,-9.599999999999999e-05
2019-07-17,1.0443,0.000383
2019-07-18,1.0441,-0.00019199999999999998
2019-07-19,1.0446,0.000479
2019-07-22,1.0446,0.0
2019-07-23,1.0449,0.000287
2019-07-24,1.0455,0.000574
2019-07-25,1.0466,0.001052
2019-07-26,1.0477,0.001051
2019-07-29,1.048,0.000286
2019-07-30,1.0489,0.0008590000000000001
2019-07-31,1.049,9.499999999999999e-05
2019-08-01,1.0488,-0.00019099999999999998
2019-08-02,1.0489,9.499999999999999e-05
2019-08-05,1.0485,-0.00038100000000000005
2019-08-06,1.0483,-0.00019099999999999998
2019-08-07,1.049,0.000668
2019-08-08,1.0501,0.001049
2019-08-09,1.0502,9.499999999999999e-05
2019-08-12,1.0517,0.001428
2019-08-13,1.0517,0.0
2019-08-14,1.0518,9.499999999999999e-05
2019-08-15,1.0523,0.000475
2019-08-16,1.0527,0.00037999999999999997
2019-08-19,1.0545,0.0017100000000000001
2019-08-20,1.0546,9.499999999999999e-05
2019-08-21,1.0536,-0.000948
2019-08-22,1.0535,-9.499999999999999e-05
2019-08-23,1.0546,0.001044
2019-08-26,1.0546,0.0
2019-08-27,1.0552,0.000569
2019-08-28,1.0554,0.00018999999999999998
2019-08-29,1.0547,-0.000663
2019-08-30,1.0542,-0.000474
2019-09-02,1.0552,0.000949
2019-09-03,1.0557,0.000474
2019-09-04,1.0561,0.00037900000000000005
2019-09-05,1.058,0.001799
2019-09-06,1.0586,0.000567
2019-09-09,1.0599,0.0012280000000000001
2019-09-10,1.0592,-0.00066
2019-09-11,1.0585,-0.000661
2019-09-12,1.0583,-0.000189
2019-09-16,1.058,-0.000283
2019-09-17,1.056,-0.00189
2019-09-18,1.0561,9.499999999999999e-05
2019-09-19,1.0573,0.001136
2019-09-20,1.0583,0.000946
2019-09-23,1.0578,-0.000472
2019-09-24,1.0575,-0.000284
2019-09-25,1.0576,9.499999999999999e-05
2019-09-26,1.0567,-0.000851
2019-09-27,1.0575,0.0007570000000000001
2019-09-30,1.0569,-0.000567
2019-10-08,1.0582,0.00123
2019-10-09,1.0583,9.499999999999999e-05
2019-10-10,1.0594,0.001039
2019-10-11,1.0605,0.001038
2019-10-14,1.0618,0.001226
2019-10-15,1.0612,-0.000565
2019-10-16,1.0604,-0.0007539999999999999
2019-10-17,1.0603,-9.400000000000001e-05
2019-10-18,1.0594,-0.000849
2019-10-21,1.0589,-0.000472
2019-10-22,1.0589,0.0
2019-10-23,1.0587,-0.000189
2019-10-24,1.0587,0.0
2019-10-25,1.0594,0.000661
2019-10-28,1.0591,-0.000283
2019-10-29,1.059,-9.400000000000001e-05
2019-10-30,1.057,-0.001889
2019-10-31,1.0562,-0.0007570000000000001
2019-11-01,1.0577,0.0014199999999999998
2019-11-04,1.0581,0.000378
2019-11-05,1.0597,0.001512
2019-11-06,1.0594,-0.000283
2019-11-07,1.0596,0.000189
2019-11-08,1.0595,-9.400000000000001e-05
2019-11-11,1.0588,-0.000661
2019-11-12,1.0586,-0.000189
2019-11-13,1.0588,0.000189
2019-11-14,1.0594,0.000567
2019-11-15,1.059,-0.000378
2019-11-18,1.0606,0.0015110000000000002
2019-11-19,1.0625,0.001791
2019-11-20,1.0619,-0.000565
2019-11-21,1.0617,-0.00018800000000000002
2019-11-22,1.0607,-0.000942
2019-11-25,1.0609,0.000189
2019-11-26,1.0613,0.00037699999999999995
2019-11-27,1.061,-0.000283
2019-11-28,1.0608,-0.000189
2019-11-29,1.0606,-0.000189
2019-12-02,1.0606,0.0
2019-12-03,1.0613,0.00066
2019-12-04,1.0615,0.00018800000000000002
2019-12-05,1.0624,0.000848
2019-12-06,1.063,0.000565
2019-12-09,1.0632,0.00018800000000000002
2019-12-10,1.0637,0.00047
2019-12-11,1.0646,0.000846
2019-12-12,1.0648,0.00018800000000000002
2019-12-13,1.0665,0.0015970000000000001
2019-12-16,1.0684,0.001782
2019-12-17,1.0692,0.000749
2019-12-18,1.0694,0.00018700000000000002
2019-12-19,1.0692,-0.00018700000000000002
2019-12-20,1.0693,9.400000000000001e-05
2019-12-23,1.0686,-0.000655
2019-12-24,1.0702,0.001497
2019-12-25,1.0704,0.00018700000000000002
2019-12-26,1.0725,0.001962
2019-12-27,1.0724,-9.3e-05
2019-12-30,1.0737,0.001212
2019-12-31,1.0751,0.0013039999999999998
2020-01-02,1.0774,0.0021390000000000003
2020-01-03,1.0778,0.000371
2020-01-06,1.0798,0.0018559999999999998
2020-01-07,1.0808,0.0009260000000000001
2020-01-08,1.0806,-0.000185
2020-01-09,1.0821,0.0013880000000000001
2020-01-10,1.0826,0.00046199999999999995
2020-01-13,1.0853,0.002494
2020-01-14,1.0855,0.000184
2020-01-15,1.0834,-0.001935
2020-01-16,1.0828,-0.000554
2020-01-17,1.0404,0.000554
2020-01-20,1.0431,0.002595
2020-01-21,1.0421,-0.000959
2020-01-22,1.0439,0.001727
2020-01-23,1.0406,-0.0031609999999999997
2020-02-03,1.036,-0.004421
2020-02-04,1.0407,0.004537
2020-02-05,1.0438,0.002979
2020-02-06,1.0465,0.002587
2020-02-07,1.0473,0.0007639999999999999
2020-02-10,1.0499,0.002483
2020-02-11,1.049,-0.000857
2020-02-12,1.0538,0.004576
2020-02-13,1.0531,-0.000664
2020-02-14,1.0525,-0.00057
2020-02-17,1.057,0.004275999999999999
2020-02-18,1.0589,0.001798
2020-02-19,1.0583,-0.000567
2020-02-20,1.0612,0.0027400000000000002
2020-02-21,1.0634,0.002073
2020-02-24,1.0664,0.002821
2020-02-25,1.0671,0.000656
2020-02-26,1.0618,-0.004967
2020-02-27,1.0611,-0.000659
2020-02-28,1.0557,-0.005089
2020-03-02,1.0573,0.0015160000000000002
2020-03-03,1.0583,0.000946
2020-03-04,1.0582,-9.400000000000001e-05
2020-03-05,1.0605,0.002174
2020-03-06,1.0613,0.0007539999999999999
2020-03-09,1.0569,-0.004146
2020-03-10,1.0581,0.001135
2020-03-11,1.0574,-0.0006619999999999999
2020-03-12,1.0551,-0.002175
2020-03-13,1.0534,-0.001611
2020-03-16,1.0479,-0.005221
2020-03-17,1.0447,-0.003054
2020-03-18,1.045,0.000287
2020-03-19,1.0452,0.00019099999999999998
2020-03-20,1.0481,0.002775
2020-03-23,1.0449,-0.003053
2020-03-24,1.046,0.0010530000000000001
2020-03-25,1.0492,0.003059
2020-03-26,1.0493,9.499999999999999e-05
2020-03-27,1.0489,-0.00038100000000000005
2020-03-30,1.0478,-0.001049
2020-03-31,1.0485,0.000668
2020-04-01,1.0494,0.000858
2020-04-02,1.0505,0.001048
2020-04-03,1.0497,-0.0007620000000000001
2020-04-07,1.0551,0.005143999999999999
2020-04-08,1.0572,0.00199
2020-04-09,1.0579,0.0006619999999999999
2020-04-10,1.0558,-0.0019850000000000002
2020-04-13,1.0545,-0.001231
2020-04-14,1.0559,0.001328
2020-04-15,1.0561,0.000189
2020-04-16,1.0577,0.0015149999999999999
2020-04-17,1.0583,0.000567
2020-04-20,1.0588,0.000472
2020-04-21,1.0588,0.0
2020-04-22,1.0599,0.001039
2020-04-23,1.0607,0.000755
2020-04-24,1.0605,-0.000189
2020-04-27,1.0612,0.00066
2020-04-28,1.0614,0.00018800000000000002
2020-04-29,1.0611,-0.000283
2020-04-30,1.0626,0.001414
2020-05-06,1.063,0.00037600000000000003
2020-05-07,1.0608,-0.00207
2020-05-08,1.0609,9.400000000000001e-05
2020-05-11,1.0589,-0.001885
2020-05-12,1.0581,-0.000756
2020-05-13,1.0577,-0.000378
2020-05-14,1.0559,-0.001702
2020-05-15,1.0563,0.00037900000000000005
2020-05-18,1.0544,-0.001799
2020-05-19,1.0545,9.499999999999999e-05
2020-05-20,1.0533,-0.001138
2020-05-21,1.0523,-0.000949
2020-05-22,1.0518,-0.000475
2020-05-25,1.0498,-0.001902
2020-05-26,1.0505,0.000667
2020-05-27,1.0496,-0.000857
2020-05-28,1.0493,-0.000286
2020-05-29,1.0509,0.0015249999999999999
2020-06-01,1.0537,0.002664
2020-06-02,1.0527,-0.000949
2020-06-03,1.0511,-0.0015199999999999999
2020-06-04,1.05,-0.001047
2020-06-05,1.0475,-0.002381
2020-06-08,1.047,-0.000477
2020-06-09,1.0476,0.0005729999999999999
2020-06-10,1.0481,0.000477
2020-06-11,1.0477,-0.00038199999999999996
2020-06-12,1.0483,0.0005729999999999999
2020-06-15,1.0484,9.499999999999999e-05
2020-06-16,1.0504,0.001908
2020-06-17,1.0501,-0.000286
2020-06-18,1.0508,0.000667
2020-06-19,1.0518,0.000952
2020-06-22,1.0507,-0.001046
2020-06-23,1.0494,-0.001237
2020-06-24,1.0501,0.000667
2020-06-29,1.0496,-0.000476
2020-06-30,1.0513,0.0016200000000000001
2020-07-01,1.0532,0.001807
2020-07-02,1.057,0.003608
2020-07-03,1.0599,0.002744
2020-07-06,1.0653,0.005095
2020-07-07,1.0662,0.000845
2020-07-08,1.0677,0.0014069999999999998
2020-07-09,1.0699,0.002061
2020-07-10,1.0676,-0.00215
2020-07-13,1.0741,0.006088
2020-07-14,1.0692,-0.004562
2020-07-15,1.0659,-0.0030859999999999998
2020-07-16,1.0566,-0.008725
2020-07-17,1.058,0.001325
2020-07-20,1.0644,0.006049
2020-07-21,1.0665,0.001973
2020-07-22,1.069,0.002344
2020-07-23,1.0701,0.001029
2020-07-24,1.0621,-0.007476
2020-07-27,1.0617,-0.00037699999999999995
2020-07-28,1.0642,0.002355
2020-07-29,1.0691,0.004604
2020-07-30,1.0699,0.0007480000000000001
2020-07-31,1.073,0.0028970000000000003
2020-08-03,1.0777,0.00438
2020-08-04,1.0763,-0.0012989999999999998
2020-08-05,1.079,0.002509
2020-08-06,1.0775,-0.0013900000000000002
2020-08-07,1.0751,-0.0022270000000000002
2020-08-10,1.0747,-0.000372
2020-08-11,1.071,-0.003443
2020-08-12,1.0667,-0.004015
2020-08-13,1.0672,0.00046899999999999996
2020-08-14,1.0692,0.001874
2020-08-17,1.0733,0.003835
2020-08-18,1.0759,0.002422
2020-08-19,1.0734,-0.002324
2020-08-20,1.0697,-0.003447
2020-08-21,1.0709,0.001122
2020-08-24,1.0729,0.0019
2020-08-25,1.0727,-0.0002
2020-08-26,1.0685,-0.0039000000000000003
2020-08-27,1.0691,0.0006
2020-08-28,1.073,0.0036
2020-08-31,1.0748,0.0017000000000000001
2020-09-01,1.0764,0.0015
2020-09-02,1.0771,0.0007000000000000001
2020-09-03,1.0741,-0.0028000000000000004
2020-09-04,1.0724,-0.0016
2020-09-07,1.0657,-0.0062
2020-09-08,1.0625,-0.003
2020-09-09,1.0563,-0.0058
2020-09-10,1.0546,-0.0016
2020-09-11,1.0583,0.0034999999999999996
2020-09-14,1.0596,0.0012
2020-09-15,1.0609,0.0012
2020-09-16,1.0592,-0.0016
2020-09-17,1.0595,0.0003
2020-09-18,1.0613,0.0017000000000000001
2020-09-21,1.0612,-0.0001
2020-09-22,1.0594,-0.0017000000000000001
2020-09-23,1.0594,0.0
2020-09-24,1.0551,-0.0040999999999999995
2020-09-25,1.0545,-0.0006
2020-09-28,1.0541,-0.0004
2020-09-29,1.0572,0.0029
2020-09-30,1.0587,0.0014000000000000002
2020-10-09,1.0647,0.005699999999999999
2020-10-12,1.0698,0.0048
2020-10-13,1.0723,0.0023
2020-10-14,1.0725,0.0002
2020-10-15,1.0704,-0.002
2020-10-16,1.0689,-0.0014000000000000002
2020-10-19,1.065,-0.0036
2020-10-20,1.0675,0.0023
2020-10-21,1.064,-0.0033
2020-10-22,1.0634,-0.0006
2020-10-23,1.0595,-0.0037
2020-10-26,1.0612,0.0016
2020-10-27,1.0642,0.0028000000000000004
2020-10-28,1.065,0.0008
2020-10-29,1.0659,0.0008
2020-10-30,1.0609,-0.004699999999999999
2020-11-02,1.0617,0.0008
2020-11-03,1.0636,0.0018
2020-11-04,1.0642,0.0006
2020-11-05,1.0683,0.0039000000000000003
2020-11-06,1.0662,-0.002
2020-11-09,1.0699,0.0034999999999999996
2020-11-10,1.069,-0.0008
2020-11-11,1.0671,-0.0018
2020-11-12,1.0671,0.0
2020-11-13,1.0653,-0.0017000000000000001
2020-11-16,1.0661,0.0008
2020-11-17,1.0628,-0.0031
2020-11-18,1.0609,-0.0018
2020-11-19,1.0623,0.0013
2020-11-20,1.0629,0.0006
2020-11-23,1.0662,0.0031
2020-11-24,1.0653,-0.0008
2020-11-25,1.0625,-0.0026
2020-11-26,1.0609,-0.0015
2020-11-27,1.0618,0.0008
2020-11-30,1.0629,0.001
2020-12-01,1.0661,0.003
2020-12-02,1.0659,-0.0002
2020-12-03,1.0645,-0.0013
2020-12-04,1.0649,0.0004
2020-12-07,1.0646,-0.0003
2020-12-08,1.0641,-0.0005
2020-12-09,1.0616,-0.0023
2020-12-10,1.0617,0.0001
2020-12-11,1.0589,-0.0026
2020-12-14,1.0603,0.0013
2020-12-15,1.0597,-0.0006
2020-12-16,1.0593,-0.0004
2020-12-17,1.0607,0.0013
2020-12-18,1.0609,0.0002
2020-12-21,1.0648,0.0037
2020-12-22,1.0623,-0.0023
2020-12-23,1.0634,0.001
2020-12-24,1.0609,-0.0024
2020-12-25,1.0642,0.0031
2020-12-28,1.0639,-0.0003
2020-12-29,1.0632,-0.0007000000000000001
2020-12-30,1.0666,0.0032
2020-12-31,1.0707,0.0038
2021-01-04,1.0763,0.0052
2021-01-05,1.0807,0.0040999999999999995
2021-01-06,1.0804,-0.0003
2021-01-07,1.0814,0.0009
2021-01-08,1.0787,-0.0025
2021-01-11,1.0783,-0.0004
2021-01-12,1.0841,0.0054
2021-01-13,1.0821,-0.0018
2021-01-14,1.0802,-0.0018
2021-01-15,1.0804,0.0002
2021-01-18,1.0315,0.0043
2021-01-19,1.0292,-0.0022
2021-01-20,1.031,0.0017000000000000001
2021-01-21,1.0356,0.0045000000000000005
2021-01-22,1.0369,0.0013
2021-01-25,1.0378,0.0009
2021-01-26,1.0341,-0.0036
2021-01-27,1.0326,-0.0015
2021-01-28,1.024,-0.0083
2021-01-29,1.0199,-0.004
2021-02-01,1.0244,0.0044
2021-02-02,1.0273,0.0028000000000000004
2021-02-03,1.0257,-0.0016
2021-02-04,1.0231,-0.0025
2021-02-05,1.0195,-0.0034999999999999996
2021-02-08,1.024,0.0044
2021-02-09,1.0317,0.0075
2021-02-10,1.0359,0.0040999999999999995
2021-02-18,1.037,0.0011
2021-02-19,1.0382,0.0012
2021-02-22,1.0369,-0.0013
2021-02-23,1.0336,-0.0032
2021-02-24,1.0267,-0.0067
2021-02-25,1.0257,-0.001
2021-02-26,1.0211,-0.0045000000000000005
2021-03-01,1.025,0.0038
2021-03-02,1.0244,-0.0006
2021-03-03,1.028,0.0034999999999999996
2021-03-04,1.0228,-0.0051
2021-03-05,1.0217,-0.0011
2021-03-08,1.0165,-0.0051
2021-03-09,1.0141,-0.0024
2021-03-10,1.0154,0.0013
2021-03-11,1.0197,0.0042
2021-03-12,1.0196,-0.0001
2021-03-15,1.018,-0.0016
2021-03-16,1.0186,0.0006
2021-03-17,1.0194,0.0008
2021-03-18,1.0219,0.0025
2021-03-19,1.0194,-0.0024
2021-03-22,1.0212,0.0018
2021-03-23,1.0175,-0.0036
2021-03-24,1.0118,-0.005600000000000001
2021-03-25,1.0127,0.0009
2021-03-26,1.0155,0.0028000000000000004
2021-03-29,1.0169,0.0014000000000000002
2021-03-30,1.0176,0.0007000000000000001
2021-03-31,1.0156,-0.002
2021-04-01,1.0171,0.0015
2021-04-02,1.0185,0.0014000000000000002
2021-04-06,1.0181,-0.0004
2021-04-07,1.0183,0.0002
2021-04-08,1.0193,0.001
2021-04-09,1.0175,-0.0018
2021-04-12,1.0139,-0.0034999999999999996
2021-04-13,1.014,0.0001
2021-04-14,1.0155,0.0015
2021-04-15,1.0161,0.0006
2021-04-16,1.0172,0.0011
2021-04-19,1.0216,0.0043
2021-04-20,1.0229,0.0013
2021-04-21,1.0225,-0.0004
2021-04-22,1.0232,0.0007000000000000001
2021-04-23,1.0243,0.0011
2021-04-26,1.0242,-0.0001
2021-04-27,1.0244,0.0002
2021-04-28,1.0257,0.0013
2021-04-29,1.0266,0.0009
2021-04-30,1.0266,0.0
2021-05-06,1.0278,0.0012
2021-05-07,1.0268,-0.001
2021-05-10,1.0283,0.0015
2021-05-11,1.0256,-0.0026
2021-05-12,1.0265,0.0009
2021-05-13,1.0236,-0.0028000000000000004
2021-05-14,1.0253,0.0017000000000000001
2021-05-17,1.0273,0.002
2021-05-18,1.0282,0.0009
2021-05-19,1.0283,0.0001
2021-05-20,1.0275,-0.0008
2021-05-21,1.0278,0.0003
2021-05-24,1.0287,0.0009
2021-05-25,1.0307,0.0019
2021-05-26,1.0313,0.0006
2021-05-27,1.0338,0.0024
2021-05-28,1.0333,-0.0005
2021-05-31,1.0366,0.0032
2021-06-01,1.038,0.0014000000000000002
2021-06-02,1.0362,-0.0017000000000000001
2021-06-03,1.0368,0.0006
2021-06-04,1.0369,0.0001
2021-06-07,1.0366,-0.0003
2021-06-08,1.0341,-0.0024
2021-06-09,1.0339,-0.0002
2021-06-10,1.0365,0.0025
2021-06-11,1.0353,-0.0012
2021-06-15,1.0328,-0.0024
2021-06-16,1.0276,-0.005
2021-06-17,1.0289,0.0013
2021-06-18,1.031,0.002
2021-06-21,1.0342,0.0031
2021-06-22,1.0359,0.0016
2021-06-23,1.037,0.0011
2021-06-24,1.0368,-0.0002
2021-06-25,1.0386,0.0017000000000000001
2021-06-28,1.0393,0.0007000000000000001
2021-06-29,1.0375,-0.0017000000000000001
2021-06-30,1.0379,0.0004
2021-07-01,1.0357,-0.0021
2021-07-02,1.0339,-0.0017000000000000001
2021-07-05,1.0352,0.0013
2021-07-06,1.0365,0.0013
2021-07-07,1.0409,0.0042
2021-07-08,1.0433,0.0023
2021-07-09,1.0464,0.003
2021-07-12,1.0525,0.0058
2021-07-13,1.0557,0.003
2021-07-14,1.0534,-0.0022
2021-07-15,1.0538,0.0004
2021-07-16,1.0544,0.0006
2021-07-19,1.053,-0.0013
2021-07-20,1.0528,-0.0002
2021-07-21,1.0596,0.006500000000000001
2021-07-22,1.0627,0.0029
2021-07-23,1.0632,0.0005
2021-07-26,1.0609,-0.0022
2021-07-27,1.0555,-0.0051
2021-07-28,1.0515,-0.0038
2021-07-29,1.0594,0.0075
2021-07-30,1.0618,0.0023
2021-08-02,1.0692,0.006999999999999999
2021-08-03,1.064,-0.0049
2021-08-04,1.0701,0.005699999999999999
2021-08-05,1.0699,-0.0002
2021-08-06,1.0716,0.0016
2021-08-09,1.0686,-0.0028000000000000004
2021-08-10,1.0706,0.0019
2021-08-11,1.0741,0.0033
2021-08-12,1.077,0.0027
2021-08-13,1.079,0.0019
2021-08-16,1.0755,-0.0032
2021-08-17,1.0693,-0.0058
2021-08-18,1.0663,-0.0028000000000000004
2021-08-19,1.0668,0.0005
2021-08-20,1.0665,-0.0003
2021-08-23,1.0715,0.004699999999999999
2021-08-24,1.0762,0.0044
2021-08-25,1.0792,0.0028000000000000004
2021-08-26,1.0787,-0.0005
2021-08-27,1.0863,0.006999999999999999
2021-08-30,1.0932,0.0064
2021-08-31,1.0958,0.0024
2021-09-01,1.0886,-0.0066
2021-09-02,1.0967,0.0074
2021-09-03,1.0934,-0.003
2021-09-06,1.0963,0.0027
2021-09-07,1.1048,0.0078000000000000005
2021-09-08,1.1042,-0.0005
2021-09-09,1.1062,0.0018
2021-09-10,1.1058,-0.0004
2021-09-13,1.109,0.0029
2021-09-14,1.1056,-0.0031
2021-09-15,1.1064,0.0007000000000000001
2021-09-16,1.0949,-0.0104
2021-09-17,1.0959,0.0009
2021-09-22,1.0995,0.0033
2021-09-23,1.0994,-0.0001
2021-09-24,1.0926,-0.0062
2021-09-27,1.0833,-0.0085
2021-09-28,1.0849,0.0015
2021-09-29,1.0776,-0.0067
2021-09-30,1.0836,0.005600000000000001
2021-10-08,1.0815,-0.0019
2021-10-11,1.0806,-0.0008
2021-10-12,1.0744,-0.005699999999999999
2021-10-13,1.075,0.0006
2021-10-14,1.0777,0.0025
2021-10-15,1.0801,0.0022
2021-10-18,1.0844,0.004
2021-10-19,1.0879,0.0032
2021-10-20,1.0875,-0.0004
2021-10-21,1.0875,0.0
2021-10-22,1.0838,-0.0034000000000000002
2021-10-25,1.0861,0.0021
2021-10-26,1.0876,0.0014000000000000002
2021-10-27,1.088,0.0004
2021-10-28,1.0852,-0.0026
2021-10-29,1.0876,0.0022
2021-11-01,1.0915,0.0036
2021-11-02,1.0895,-0.0018
2021-11-03,1.0894,-0.0001
2021-11-04,1.0959,0.006
2021-11-05,1.0918,-0.0037
2021-11-08,1.0932,0.0013
2021-11-09,1.0947,0.0014000000000000002
2021-11-10,1.0939,-0.0007000000000000001
2021-11-11,1.0957,0.0016
2021-11-12,1.0994,0.0034000000000000002
2021-11-15,1.0983,-0.001
2021-11-16,1.0955,-0.0025
2021-11-17,1.0995,0.0037
2021-11-18,1.1015,0.0018
2021-11-19,1.105,0.0032
2021-11-22,1.0992,0.004699999999999999
2021-11-23,1.0982,-0.0009
2021-11-24,1.0982,0.0
2021-11-25,1.0979,-0.0003
2021-11-26,1.0994,0.0014000000000000002
2021-11-29,1.1052,0.0053
2021-11-30,1.1063,0.001
2021-12-01,1.1068,0.0005
2021-12-02,1.107,0.0002
2021-12-03,1.1107,0.0033
2021-12-06,1.1059,-0.0043
2021-12-07,1.0992,-0.0060999999999999995
2021-12-08,1.1022,0.0027
2021-12-09,1.1024,0.0002
2021-12-10,1.104,0.0015
2021-12-13,1.1064,0.0022
2021-12-14,1.1044,-0.0018
2021-12-15,1.1055,0.001
2021-12-16,1.1063,0.0007000000000000001
2021-12-17,1.1058,-0.0005
2021-12-20,1.1008,-0.0045000000000000005
2021-12-21,1.1039,0.0028000000000000004
2021-12-22,1.1057,0.0016
2021-12-23,1.109,0.003
2021-12-24,1.1052,-0.0034000000000000002
2021-12-27,1.1041,-0.001
2021-12-28,1.1047,0.0005
2021-12-29,1.1045,-0.0002
2021-12-30,1.1054,0.0008
2021-12-31,1.1074,0.0018
2022-01-04,1.1057,-0.0015
2022-01-05,1.1013,-0.004
2022-01-06,1.1023,0.0009
2022-01-07,1.1006,-0.0015
2022-01-10,1.1006,0.0
2022-01-11,1.0985,-0.0019
2022-01-12,1.1011,0.0024
2022-01-13,1.0985,-0.0024
2022-01-14,1.0987,0.0002
2022-01-17,1.1009,0.002
2022-01-18,1.1021,0.0011
2022-01-19,1.1022,0.0001
2022-01-20,1.0534,-0.0015
2022-01-21,1.0523,-0.001
2022-01-24,1.0549,0.0025
2022-01-25,1.0517,-0.003
2022-01-26,1.0535,0.0017000000000000001
2022-01-27,1.0518,-0.0016
2022-01-28,1.0528,0.001
2022-02-07,1.0562,0.0032
2022-02-08,1.0557,-0.0005
2022-02-09,1.0586,0.0027
2022-02-10,1.0585,-0.0001
2022-02-11,1.0552,-0.0031
2022-02-14,1.0489,-0.006
2022-02-15,1.0483,-0.0006
2022-02-16,1.0496,0.0012
2022-02-17,1.0509,0.0012
2022-02-18,1.0517,0.0008
2022-02-21,1.0517,0.0
2022-02-22,1.05,-0.0016
2022-02-23,1.0527,0.0026
2022-02-24,1.0516,-0.001
2022-02-25,1.0535,0.0018
2022-02-28,1.054,0.0005
2022-03-01,1.0538,-0.0002
2022-03-02,1.0522,-0.0015
2022-03-03,1.0493,-0.0028000000000000004
2022-03-04,1.0466,-0.0026
2022-03-07,1.042,-0.0044
2022-03-08,1.0387,-0.0032
2022-03-09,1.037,-0.0016
2022-03-10,1.0379,0.0009
2022-03-11,1.0384,0.0005
2022-03-14,1.038,-0.0004
2022-03-15,1.0352,-0.0027
2022-03-16,1.0371,0.0018
2022-03-17,1.0382,0.0011
2022-03-18,1.0386,0.0004
2022-03-21,1.0388,0.0002
2022-03-22,1.0382,-0.0006
2022-03-23,1.0382,0.0
2022-03-24,1.0371,-0.0011
2022-03-25,1.036,-0.0011
2022-03-28,1.0358,-0.0002
2022-03-29,1.0357,-0.0001
2022-03-30,1.0377,0.0019
2022-03-31,1.0371,-0.0006
2022-04-01,1.0383,0.0012
2022-04-06,1.0385,0.0002
2022-04-07,1.0381,-0.0004
2022-04-08,1.0387,0.0006
2022-04-11,1.0371,-0.0015
2022-04-12,1.0373,0.0002
2022-04-13,1.0369,-0.0004
2022-04-14,1.0378,0.0009
2022-04-15,1.0376,-0.0002
2022-04-18,1.0378,0.0002
2022-04-19,1.038,0.0002
2022-04-20,1.0369,-0.0011
2022-04-21,1.0359,-0.001
2022-04-22,1.0363,0.0004
2022-04-25,1.0347,-0.0015
2022-04-26,1.0348,0.0001
2022-04-27,1.0366,0.0017000000000000001
2022-04-28,1.0368,0.0002
2022-04-29,1.0389,0.002
2022-05-05,1.0398,0.0009
2022-05-06,1.039,-0.0008
2022-05-09,1.0395,0.0005
2022-05-10,1.0411,0.0015
2022-05-11,1.0421,0.001
2022-05-12,1.0424,0.0003
2022-05-13,1.0429,0.0005
2022-05-16,1.0429,0.0
2022-05-17,1.0438,0.0009
2022-05-18,1.0441,0.0003
2022-05-19,1.0452,0.0011
2022-05-20,1.046,0.0008
2022-05-23,1.047,0.001
2022-05-24,1.045,-0.0019
2022-05-25,1.0461,0.0011
2022-05-26,1.0474,0.0012
2022-05-27,1.0476,0.0002
2022-05-30,1.0475,-0.0001
2022-05-31,1.0474,-0.0001
2022-06-01,1.0469,-0.0005
2022-06-02,1.0477,0.0008
2022-06-06,1.0485,0.0008
2022-06-07,1.0477,-0.0008
2022-06-08,1.0481,0.0004
2022-06-09,1.0475,-0.0006
2022-06-10,1.0501,0.0025
2022-06-13,1.0501,0.0
2022-06-14,1.0498,-0.0003
2022-06-15,1.0495,-0.0003
2022-06-16,1.0508,0.0012
2022-06-17,1.0536,0.0027
2022-06-20,1.0542,0.0006
2022-06-21,1.0527,-0.0014000000000000002
2022-06-22,1.052,-0.0007000000000000001
2022-06-23,1.0548,0.0027
2022-06-24,1.0573,0.0024
2022-06-27,1.0581,0.0008
2022-06-28,1.0586,0.0005
2022-06-29,1.0558,-0.0026
2022-06-30,1.0578,0.0019
2022-07-01,1.0582,0.0004
2022-07-04,1.0592,0.0009
2022-07-05,1.0591,-0.0001
2022-07-06,1.0581,-0.0009
2022-07-07,1.0606,0.0024
2022-07-08,1.0592,-0.0013
2022-07-11,1.0583,-0.0008
2022-07-12,1.0589,0.0006
2022-07-13,1.0611,0.0021
2022-07-14,1.0657,0.0043
2022-07-15,1.0664,0.0007000000000000001
2022-07-18,1.0696,0.003
2022-07-19,1.069,-0.0006
2022-07-20,1.0725,0.0033
2022-07-21,1.0725,0.0
2022-07-22,1.0735,0.0009
2022-07-25,1.0704,-0.0029
2022-07-26,1.0733,0.0027
2022-07-27,1.0757,0.0022
2022-07-28,1.0768,0.001
2022-07-29,1.0787,0.0018
2022-08-01,1.0804,0.0016
2022-08-02,1.0779,-0.0023
2022-08-03,1.0763,-0.0015
2022-08-04,1.0764,0.0001
2022-08-05,1.0764,0.0
2022-08-08,1.0798,0.0032
2022-08-09,1.0805,0.0006
2022-08-10,1.0794,-0.001
2022-08-11,1.0798,0.0004
2022-08-12,1.079,-0.0007000000000000001
2022-08-15,1.0813,0.0021
2022-08-16,1.0841,0.0026
2022-08-17,1.0836,-0.0005
2022-08-18,1.0832,-0.0004
2022-08-19,1.0779,-0.0049
2022-08-22,1.0788,0.0008
2022-08-23,1.0786,-0.0002
2022-08-24,1.0705,-0.0075
2022-08-25,1.0686,-0.0018
2022-08-26,1.067,-0.0015
2022-08-29,1.0676,0.0006
2022-08-30,1.0661,-0.0014000000000000002
2022-08-31,1.0592,-0.006500000000000001
2022-09-01,1.0595,0.0003
2022-09-02,1.0619,0.0023
2022-09-05,1.0646,0.0025
2022-09-06,1.0695,0.0046
2022-09-07,1.0726,0.0029
2022-09-08,1.07,-0.0024
2022-09-09,1.0688,-0.0011
2022-09-13,1.0686,-0.0002
2022-09-14,1.0663,-0.0022
2022-09-15,1.0603,-0.005600000000000001
2022-09-16,1.0582,-0.002
2022-09-19,1.0569,-0.0012
2022-09-20,1.0594,0.0024
2022-09-21,1.0599,0.0005
2022-09-22,1.06,0.0001
2022-09-23,1.0579,-0.002
2022-09-26,1.0571,-0.0008
2022-09-27,1.0578,0.0007000000000000001
2022-09-28,1.0541,-0.0034999999999999996
2022-09-29,1.0542,0.0001
2022-09-30,1.0525,-0.0016
2022-10-10,1.0513,-0.0011
2022-10-11,1.0533,0.0019
2022-10-12,1.0568,0.0033
2022-10-13,1.0582,0.0013
2022-10-14,1.0601,0.0018
2022-10-17,1.06,-0.0001
2022-10-18,1.0605,0.0005
2022-10-19,1.0595,-0.0009
2022-10-20,1.0575,-0.0019
2022-10-21,1.0576,0.0001
2022-10-24,1.0567,-0.0009
2022-10-25,1.0564,-0.0003
2022-10-26,1.0584,0.0019
2022-10-27,1.058,-0.0004
2022-10-28,1.0551,-0.0027
2022-10-31,1.0547,-0.0004
2022-11-01,1.0559,0.0011
2022-11-02,1.0578,0.0018
2022-11-03,1.058,0.0002
2022-11-04,1.0598,0.0017000000000000001
2022-11-07,1.0595,-0.0003
2022-11-08,1.0586,-0.0008
2022-11-09,1.0578,-0.0008
2022-11-10,1.0557,-0.002
2022-11-11,1.0566,0.0009
2022-11-14,1.0518,-0.0045000000000000005
2022-11-15,1.0518,0.0
2022-11-16,1.0482,-0.0034000000000000002
2022-11-17,1.0453,-0.0028000000000000004
2022-11-18,1.0441,-0.0011
2022-11-21,1.045,0.0009
2022-11-22,1.0441,-0.0009
2022-11-23,1.0443,0.0002
2022-11-24,1.046,0.0016
2022-11-25,1.0449,-0.0011
2022-11-28,1.0439,-0.001
2022-11-29,1.0444,0.0005
2022-11-30,1.0442,-0.0002
2022-12-01,1.0458,0.0015
2022-12-02,1.0457,-0.0001
2022-12-05,1.0464,0.0007000000000000001
2022-12-06,1.0453,-0.0011
2022-12-07,1.0436,-0.0016
2022-12-08,1.042,-0.0015
2022-12-09,1.0419,-0.0001
2022-12-12,1.0403,-0.0015
2022-12-13,1.0363,-0.0038
2022-12-14,1.0354,-0.0009
2022-12-15,1.0359,0.0005
2022-12-16,1.0335,-0.0023
2022-12-19,1.0319,-0.0015
2022-12-20,1.0312,-0.0007000000000000001
2022-12-21,1.0307,-0.0005
2022-12-22,1.0291,-0.0016
2022-12-23,1.0292,0.0001
2022-12-26,1.0328,0.0034999999999999996
2022-12-27,1.0359,0.003
2022-12-28,1.0349,-0.001
2022-12-29,1.0345,-0.0004
2022-12-30,1.0352,0.0007000000000000001
2022-12-31,1.0352,0.0
2023-01-03,1.0381,0.0028000000000000004
2023-01-04,1.0395,0.0013
2023-01-05,1.0427,0.0031
2023-01-06,1.044,0.0012
2023-01-09,1.0457,0.0016
2023-01-10,1.0451,-0.0006
2023-01-11,1.0444,-0.0007000000000000001
2023-01-12,1.0445,0.0001
2023-01-13,1.0449,0.0004
2023-01-16,1.0469,0.0019
2023-01-17,1.0482,0.0012
2023-01-18,1.0495,0.0012
2023-01-19,1.0506,0.001
2023-01-20,1.0526,0.0019
2023-01-30,1.0559,0.0031
2023-01-31,1.0554,-0.0005
2023-02-01,1.058,0.0025
2023-02-02,1.0593,0.0012
2023-02-03,1.058,-0.0012
2023-02-06,1.0536,-0.0042
2023-02-07,1.0546,0.0009
2023-02-08,1.0542,-0.0004
2023-02-09,1.0576,0.0032
2023-02-10,1.0572,-0.0004
2023-02-13,1.0592,0.0019
2023-02-14,1.0598,0.0006
2023-02-15,1.0586,-0.0011
2023-02-16,1.0552,-0.0032
2023-02-17,1.052,-0.003
2023-02-20,1.0564,0.0042
2023-02-21,1.0574,0.0009
2023-02-22,1.0569,-0.0005
2023-02-23,1.0567,-0.0002
2023-02-24,1.056,-0.0007000000000000001
2023-02-27,1.0548,-0.0011
2023-02-28,1.0556,0.0008
2023-03-01,1.058,0.0023
2023-03-02,1.0567,-0.0012
2023-03-03,1.057,0.0003
2023-03-06,1.0579,0.0009
2023-03-07,1.0545,-0.0032
2023-03-08,1.054,-0.0005
2023-03-09,1.054,0.0
2023-03-10,1.0511,-0.0028000000000000004
2023-03-13,1.0527,0.0015
2023-03-14,1.0521,-0.0006
2023-03-15,1.054,0.0018
2023-03-16,1.0508,-0.003
2023-03-17,1.0515,0.0007000000000000001
2023-03-20,1.0517,0.0002
2023-03-21,1.055,0.0031
2023-03-22,1.0568,0.0017000000000000001
2023-03-23,1.0568,0.0
2023-03-24,1.0556,-0.0011
2023-03-27,1.0554,-0.0002
2023-03-28,1.0548,-0.0006
2023-03-29,1.0543,-0.0005
2023-03-30,1.0549,0.0006
2023-03-31,1.0574,0.0024
2023-04-03,1.0595,0.002
2023-04-04,1.0584,-0.001
2023-04-06,1.0601,0.0016
2023-04-07,1.0631,0.0028000000000000004
2023-04-10,1.0621,-0.0009
2023-04-11,1.0603,-0.0017000000000000001
2023-04-12,1.0609,0.0006
2023-04-13,1.059,-0.0018
2023-04-14,1.0618,0.0026
2023-04-17,1.0634,0.0015
2023-04-18,1.0634,0.0
2023-04-19,1.0624,-0.0009
2023-04-20,1.0597,-0.0025
2023-04-21,1.0552,-0.0042
2023-04-24,1.0518,-0.0032
2023-04-25,1.0509,-0.0009
2023-04-26,1.0546,0.0034999999999999996
2023-04-27,1.0575,0.0027
2023-04-28,1.0592,0.0016
2023-05-04,1.0586,-0.0006
2023-05-05,1.0555,-0.0029
2023-05-08,1.0568,0.0012
2023-05-09,1.0535,-0.0031
2023-05-10,1.054,0.0005
2023-05-11,1.055,0.0009
2023-05-12,1.0509,-0.0039000000000000003
2023-05-15,1.0532,0.0022
2023-05-16,1.0535,0.0003
2023-05-17,1.0549,0.0013
2023-05-18,1.0555,0.0006
2023-05-19,1.056,0.0005
2023-05-22,1.0566,0.0006
2023-05-23,1.0558,-0.0008
2023-05-24,1.0548,-0.0009
2023-05-25,1.0541,-0.0007000000000000001
2023-05-26,1.0557,0.0015
2023-05-29,1.0553,-0.0004
2023-05-30,1.0549,-0.0004
2023-05-31,1.0545,-0.0004
2023-06-01,1.0549,0.0004
2023-06-02,1.0578,0.0027
2023-06-05,1.0567,-0.001
2023-06-06,1.0547,-0.0019
2023-06-07,1.054,-0.0007000000000000001
2023-06-08,1.054,0.0
2023-06-09,1.0557,0.0016
2023-06-12,1.0576,0.0018
2023-06-13,1.0579,0.0003
2023-06-14,1.0585,0.0006
2023-06-15,1.0611,0.0025
2023-06-16,1.0622,0.001
2023-06-19,1.06,-0.0021
2023-06-20,1.0602,0.0002
2023-06-21,1.0582,-0.0019
2023-06-26,1.0561,-0.002
2023-06-27,1.0579,0.0017000000000000001
2023-06-28,1.0578,-0.0001
2023-06-29,1.0584,0.0006
2023-06-30,1.0599,0.0014000000000000002
2023-07-03,1.0619,0.0019
2023-07-04,1.0621,0.0002
2023-07-05,1.0614,-0.0007000000000000001
2023-07-06,1.0613,-0.0001
2023-07-07,1.0609,-0.0004
2023-07-10,1.0604,-0.0005
2023-07-11,1.062,0.0015
2023-07-12,1.0604,-0.0015
2023-07-13,1.0621,0.0016
2023-07-14,1.0615,-0.0006
2023-07-17,1.0611,-0.0004
2023-07-18,1.0617,0.0006
2023-07-19,1.0614,-0.0003
2023-07-20,1.0601,-0.0012
2023-07-21,1.0595,-0.0006
2023-07-24,1.0587,-0.0008
2023-07-25,1.0619,0.003
2023-07-26,1.061,-0.0008
2023-07-27,1.0606,-0.0004
2023-07-28,1.0629,0.0022
2023-07-31,1.064,0.001
2023-08-01,1.0623,-0.0016
2023-08-02,1.0632,0.0008
2023-08-03,1.0641,0.0008
2023-08-04,1.0653,0.0011
2023-08-07,1.0641,-0.0011
2023-08-08,1.0638,-0.0003
2023-08-09,1.063,-0.0008
2023-08-10,1.0638,0.0008
2023-08-11,1.0624,-0.0013
2023-08-14,1.0617,-0.0007000000000000001
2023-08-15,1.0613,-0.0004
2023-08-16,1.0603,-0.0009
2023-08-17,1.0626,0.0022
2023-08-18,1.0613,-0.0012
2023-08-21,1.0598,-0.0014000000000000002
2023-08-22,1.0585,-0.0012
2023-08-23,1.056,-0.0024
2023-08-24,1.0574,0.0013
2023-08-25,1.055,-0.0023
2023-08-28,1.0556,0.0006
2023-08-29,1.0598,0.004
2023-08-30,1.061,0.0011
2023-08-31,1.061,0.0
2023-09-01,1.0612,0.0002
2023-09-04,1.0635,0.0022
2023-09-05,1.0626,-0.0008
2023-09-06,1.0617,-0.0008
2023-09-07,1.0559,-0.0055000000000000005
2023-09-08,1.0539,-0.0019
2023-09-11,1.0549,0.0009
2023-09-12,1.0552,0.0003
2023-09-13,1.053,-0.0021
2023-09-14,1.0519,-0.001
2023-09-15,1.0522,0.0003
2023-09-18,1.0529,0.0007000000000000001
2023-09-19,1.0515,-0.0013
2023-09-20,1.0508,-0.0007000000000000001
2023-09-21,1.0499,-0.0009
2023-09-22,1.0527,0.0027
2023-09-25,1.0514,-0.0012
2023-09-26,1.051,-0.0004
2023-09-27,1.0527,0.0016
2023-09-28,1.0559,0.003
2023-10-09,1.0557,-0.0002
2023-10-10,1.0544,-0.0012
2023-10-11,1.0524,-0.0019
2023-10-12,1.0539,0.0014000000000000002
2023-10-13,1.0533,-0.0006
2023-10-16,1.05,-0.0031
2023-10-17,1.0488,-0.0011
2023-10-18,1.0447,-0.0039000000000000003
2023-10-19,1.041,-0.0034999999999999996
2023-10-20,1.0397,-0.0012
2023-10-23,1.0371,-0.0025
2023-10-24,1.0397,0.0025
2023-10-25,1.0412,0.0014000000000000002
2023-10-26,1.0411,-0.0001
2023-10-27,1.0449,0.0036
2023-10-30,1.0466,0.0016
2023-10-31,1.0451,-0.0014000000000000002
2023-11-01,1.0439,-0.0011
2023-11-02,1.0435,-0.0004
2023-11-03,1.0453,0.0017000000000000001
2023-11-06,1.0477,0.0023
2023-11-07,1.0484,0.0007000000000000001
2023-11-08,1.0475,-0.0009
2023-11-09,1.0478,0.0003
2023-11-10,1.0471,-0.0007000000000000001
2023-11-13,1.0474,0.0003
2023-11-14,1.0484,0.001
2023-11-15,1.0512,0.0027
2023-11-16,1.0483,-0.0028000000000000004
2023-11-17,1.0483,0.0
2023-11-20,1.0492,0.0009
2023-11-21,1.0482,-0.001
2023-11-22,1.0448,-0.0032
2023-11-23,1.0446,-0.0002
2023-11-24,1.0431,-0.0014000000000000002
2023-11-27,1.0431,0.0
2023-11-28,1.0439,0.0008
2023-11-29,1.0431,-0.0008
2023-11-30,1.0421,-0.001
2023-12-01,1.0428,0.0007000000000000001
2023-12-04,1.0421,-0.0007000000000000001
2023-12-05,1.04,-0.002
2023-12-06,1.0399,-0.0001
2023-12-07,1.0404,0.0005
2023-12-08,1.0411,0.0007000000000000001
2023-12-11,1.042,0.0009
2023-12-12,1.0417,-0.0003
2023-12-13,1.0409,-0.0008
2023-12-14,1.0409,0.0
2023-12-15,1.0406,-0.0003
2023-12-18,1.0398,-0.0008
2023-12-19,1.0392,-0.0006
2023-12-20,1.0388,-0.0004
2023-12-21,1.0395,0.0007000000000000001
2023-12-22,1.0401,0.0006
2023-12-25,1.04,-0.0001
2023-12-26,1.0399,-0.0001
2023-12-27,1.0408,0.0009
2023-12-28,1.0426,0.0017000000000000001
2023-12-29,1.0443,0.0016
2023-12-31,1.0443,0.0
2024-01-02,1.0444,0.0001
2024-01-03,1.0434,-0.001
2024-01-04,1.0433,-0.0001
2024-01-05,1.0433,0.0
2024-01-08,1.0427,-0.0006
2024-01-09,1.0433,0.0006
2024-01-10,1.0435,0.0002
2024-01-11,1.0441,0.0006
2024-01-12,1.0443,0.0002
2024-01-15,1.0437,-0.0006
2024-01-16,1.0432,-0.0005
2024-01-17,1.0427,-0.0005
2024-01-18,1.0428,0.0001
2024-01-19,1.0431,0.0003
2024-01-22,1.0426,-0.0005
2024-01-23,1.0428,0.0002
2024-01-24,1.0427,-0.0001
2024-01-25,1.0445,0.0017000000000000001
2024-01-26,1.0449,0.0004
2024-01-29,1.0444,-0.0005
2024-01-30,1.0442,-0.0002
2024-01-31,1.0439,-0.0003
2024-02-01,1.0441,0.0002
2024-02-02,1.0441,0.0
2024-02-05,1.0435,-0.0006
2024-02-06,1.0444,0.0009
2024-02-07,1.0453,0.0009
2024-02-08,1.0474,0.002
2024-02-19,1.0483,0.0009
2024-02-20,1.0499,0.0015
2024-02-21,1.0511,0.0011
2024-02-22,1.0519,0.0008
2024-02-23,1.053,0.001
2024-02-26,1.0535,0.0005
2024-02-27,1.0547,0.0011
2024-02-28,1.0506,-0.0039000000000000003
2024-02-29,1.0527,0.002
2024-03-01,1.053,0.0003
2024-03-04,1.0521,-0.0009
2024-03-05,1.0511,-0.001
2024-03-06,1.0521,0.001
2024-03-07,1.0516,-0.0005
2024-03-08,1.0518,0.0002
2024-03-11,1.0523,0.0005
2024-03-12,1.0521,-0.0002
2024-03-13,1.0522,0.0001
2024-03-14,1.0515,-0.0007000000000000001
2024-03-15,1.0519,0.0004
2024-03-18,1.0534,0.0014000000000000002
2024-03-19,1.0538,0.0004
2024-03-20,1.0545,0.0007000000000000001
2024-03-21,1.0548,0.0003
2024-03-22,1.0539,-0.0009
2024-03-25,1.0531,-0.0008
2024-03-26,1.0526,-0.0005
2024-03-27,1.0522,-0.0004
2024-03-28,1.0525,0.0003
2024-03-29,1.0533,0.0008
2024-04-01,1.0541,0.0008
2024-04-02,1.055,0.0009
2024-04-03,1.0563,0.0012
2024-04-08,1.0565,0.0002
2024-04-09,1.058,0.0014000000000000002
2024-04-10,1.0578,-0.0002
2024-04-11,1.0588,0.0009
2024-04-12,1.06,0.0011
2024-04-15,1.0601,0.0001
2024-04-16,1.0587,-0.0013
2024-04-17,1.0608,0.002
2024-04-18,1.062,0.0011
2024-04-19,1.0622,0.0002
2024-04-22,1.0619,-0.0003
2024-04-23,1.0618,-0.0001
2024-04-24,1.0604,-0.0013
2024-04-25,1.0607,0.0003
2024-04-26,1.0606,-0.0001
2024-04-29,1.0607,0.0001
2024-04-30,1.0624,0.0016
2024-05-06,1.0647,0.0022
2024-05-07,1.0664,0.0016
2024-05-08,1.0659,-0.0005
2024-05-09,1.0671,0.0011
2024-05-10,1.0675,0.0004
2024-05-13,1.0675,0.0
2024-05-14,1.0678,0.0003
2024-05-15,1.0671,-0.0007000000000000001
2024-05-16,1.0667,-0.0004
2024-05-17,1.0671,0.0004
2024-05-20,1.0687,0.0015
2024-05-21,1.0681,-0.0006
2024-05-22,1.0686,0.0005
2024-05-23,1.0673,-0.0012
2024-05-24,1.0672,-0.0001
2024-05-27,1.0678,0.0006
2024-05-28,1.0679,0.0001
2024-05-29,1.0688,0.0008
2024-05-30,1.0689,0.0001
2024-05-31,1.0687,-0.0002
2024-06-03,1.0676,-0.001
2024-06-04,1.0686,0.0009
2024-06-05,1.068,-0.0006
2024-06-06,1.0674,-0.0006
2024-06-07,1.0674,0.0
2024-06-11,1.0678,0.0004
2024-06-12,1.0688,0.0009
2024-06-13,1.0682,-0.0006
2024-06-14,1.0684,0.0002
2024-06-17,1.0673,-0.001
2024-06-18,1.0675,0.0002
2024-06-19,1.0668,-0.0007000000000000001
2024-06-20,1.0653,-0.0014000000000000002
2024-06-21,1.0635,-0.0017000000000000001
2024-06-24,1.0606,-0.0027
2024-06-25,1.0616,0.0009
2024-06-26,1.064,0.0023
2024-06-27,1.064,0.0
2024-06-28,1.0648,0.0008
2024-06-30,1.0649,0.0001
2024-07-01,1.0645,-0.0004
2024-07-02,1.0648,0.0003
2024-07-03,1.0642,-0.0006
2024-07-04,1.0629,-0.0012
2024-07-05,1.0629,0.0
2024-07-08,1.061,-0.0018
2024-07-09,1.0619,0.0008
2024-07-10,1.0614,-0.0005
2024-07-11,1.0623,0.0008
2024-07-12,1.0623,0.0
2024-07-15,1.0614,-0.0008
2024-07-16,1.0609,-0.0005
2024-07-17,1.0601,-0.0008
2024-07-18,1.0602,0.0001
2024-07-19,1.0606,0.0004
2024-07-22,1.0602,-0.0004
2024-07-23,1.0594,-0.0008
2024-07-24,1.058,-0.0013
2024-07-25,1.0588,0.0008
2024-07-26,1.0606,0.0017000000000000001
2024-07-29,1.0612,0.0006
2024-07-30,1.0615,0.0003
2024-07-31,1.063,0.0014000000000000002
2024-08-01,1.0638,0.0008
2024-08-02,1.064,0.0002
2024-08-05,1.0632,-0.0008
2024-08-06,1.0632,0.0
2024-08-07,1.0637,0.0005
2024-08-08,1.0623,-0.0013
2024-08-09,1.0613,-0.0009
2024-08-12,1.0598,-0.0014000000000000002
2024-08-13,1.0602,0.0004
2024-08-14,1.0603,0.0001
2024-08-15,1.0591,-0.0011
2024-08-16,1.0582,-0.0008
2024-08-19,1.0589,0.0007000000000000001
2024-08-20,1.0582,-0.0007000000000000001
2024-08-21,1.0582,0.0
2024-08-22,1.058,-0.0002
2024-08-23,1.0579,-0.0001
2024-08-26,1.0582,0.0003
2024-08-27,1.0575,-0.0007000000000000001
2024-08-28,1.0576,0.0001
2024-08-29,1.0579,0.0003
2024-08-30,1.0587,0.0008
2024-09-02,1.0594,0.0007000000000000001
2024-09-03,1.0597,0.0003
2024-09-04,1.0599,0.0002
2024-09-05,1.0603,0.0004
2024-09-06,1.0604,0.0001
2024-09-09,1.0602,-0.0002
2024-09-10,1.0602,0.0
2024-09-11,1.0605,0.0003
2024-09-12,1.0607,0.0002
2024-09-13,1.0611,0.0004
2024-09-18,1.0615,0.0004
2024-09-19,1.0616,0.0001
2024-09-20,1.0615,-0.0001
2024-09-23,1.0617,0.0002
2024-09-24,1.0625,0.0008
2024-09-25,1.0634,0.0008
2024-09-26,1.065,0.0015
2024-09-27,1.0637,-0.0012
2024-09-30,1.0686,0.0046
2024-10-08,1.0731,0.0042
2024-10-09,1.0613,-0.011000000000000001
2024-10-10,1.0628,0.0014000000000000002
2024-10-11,1.0602,-0.0024
2024-10-14,1.0662,0.005699999999999999
2024-10-15,1.0651,-0.001
2024-10-16,1.0673,0.0021
2024-10-17,1.0672,-0.0001
2024-10-18,1.0707,0.0033
2024-10-21,1.0727,0.0019
2024-10-22,1.0722,-0.0005
2024-10-23,1.0728,0.0006
2024-10-24,1.0695,-0.0031
2024-10-25,1.072,0.0023
2024-10-28,1.0731,0.001
2024-10-29,1.0704,-0.0025
2024-10-30,1.0692,-0.0011
2024-10-31,1.0706,0.0013
2024-11-01,1.0723,0.0016
2024-11-04,1.075,0.0025
2024-11-05,1.078,0.0028000000000000004
2024-11-06,1.0783,0.0003
2024-11-07,1.0815,0.003
2024-11-08,1.0799,-0.0015
2024-11-11,1.0837,0.0034999999999999996
2024-11-12,1.0823,-0.0013
2024-11-13,1.0822,-0.0001
2024-11-14,1.0794,-0.0026
2024-11-15,1.0771,-0.0021
2024-11-18,1.0749,-0.002
2024-11-19,1.0772,0.0021
2024-11-20,1.0794,0.002
2024-11-21,1.0801,0.0006
2024-11-22,1.0776,-0.0023
2024-11-25,1.0778,0.0002
2024-11-26,1.0775,-0.0003
2024-11-27,1.0804,0.0027
2024-11-28,1.0819,0.0014000000000000002
2024-11-29,1.0854,0.0032
2024-12-02,1.0892,0.0034999999999999996
2024-12-03,1.0894,0.0002
2024-12-04,1.0884,-0.0009
2024-12-05,1.0902,0.0017000000000000001
2024-12-06,1.0928,0.0024
2024-12-09,1.0936,0.0007000000000000001
2024-12-10,1.0985,0.0045000000000000005
2024-12-11,1.1028,0.0039000000000000003
2024-12-12,1.1044,0.0015
2024-12-13,1.1038,-0.0005
2024-12-16,1.1013,-0.0023
2024-12-17,1.098,-0.003
2024-12-18,1.0999,0.0017000000000000001
2024-12-19,1.0996,-0.0003
2024-12-20,1.1019,0.0021
2024-12-23,1.0994,-0.0023
2024-12-24,1.1006,0.0011
2024-12-25,1.0993,-0.0012
2024-12-26,1.1005,0.0011
2024-12-27,1.1023,0.0016
2024-12-30,1.1025,0.0002
2024-12-31,1.1009,-0.0015
2025-01-02,1.0996,-0.0012
2025-01-03,1.0992,-0.0004
2025-01-06,1.0989,-0.0003
2025-01-07,1.1009,0.0018
2025-01-08,1.1007,-0.0002
2025-01-09,1.1005,-0.0002
2025-01-10,1.0999,-0.0005
2025-01-13,1.099,-0.0008
2025-01-14,1.1028,0.0034999999999999996
2025-01-15,1.1033,0.0005
2025-01-16,1.1031,-0.0002
2025-01-17,1.1038,0.0006
2025-01-20,1.0881,0.0013
2025-01-21,1.0899,0.0017000000000000001
2025-01-22,1.0889,-0.0009
2025-01-23,1.0887,-0.0002
2025-01-24,1.0905,0.0017000000000000001
2025-01-27,1.0903,-0.0002
2025-02-05,1.0916,0.0012
2025-02-06,1.0952,0.0033
2025-02-07,1.0971,0.0017000000000000001
2025-02-10,1.0976,0.0005
2025-02-11,1.0966,-0.0009
2025-02-12,1.0977,0.001
2025-02-13,1.0974,-0.0003
2025-02-14,1.0987,0.0012
2025-02-17,1.0974,-0.0012
2025-02-18,1.0954,-0.0018
2025-02-19,1.099,0.0033
2025-02-20,1.0995,0.0005
2025-02-21,1.1005,0.0009
2025-02-24,1.0996,-0.0008
2025-02-25,1.0979,-0.0015
2025-02-26,1.1004,0.0023
2025-02-27,1.0976,-0.0025
2025-02-28,1.0935,-0.0037
2025-03-03,1.092,-0.0014000000000000002
2025-03-04,1.0931,0.001
2025-03-05,1.0951,0.0018
2025-03-06,1.0973,0.002
2025-03-07,1.0961,-0.0011
2025-03-10,1.0952,-0.0008
2025-03-11,1.0927,-0.0023
2025-03-12,1.0933,0.0005
2025-03-13,1.0914,-0.0017000000000000001
2025-03-14,1.0948,0.0031
2025-03-17,1.0942,-0.0005
2025-03-18,1.0946,0.0004
2025-03-19,1.093,-0.0015
2025-03-20,1.0933,0.0003
2025-03-21,1.0894,-0.0036
2025-03-24,1.0879,-0.0014000000000000002
2025-03-25,1.0893,0.0013
2025-03-26,1.0912,0.0017000000000000001
2025-03-27,1.0912,0.0
2025-03-28,1.0897,-0.0014000000000000002
2025-03-31,1.0878,-0.0017000000000000001
2025-04-01,1.089,0.0011
2025-04-02,1.0907,0.0016
2025-04-03,1.0902,-0.0005
2025-04-07,1.0811,-0.0083
2025-04-08,1.0811,0.0
2025-04-09,1.0836,0.0023
2025-04-10,1.0866,0.0028000000000000004
2025-04-11,1.0856,-0.0009
2025-04-14,1.0861,0.0005
2025-04-15,1.0852,-0.0008
2025-04-16,1.0836,-0.0015
2025-04-17,1.0836,0.0
2025-04-18,1.0838,0.0002
2025-04-21,1.085,0.0011
2025-04-22,1.0858,0.0007000000000000001
2025-04-23,1.0873,0.0014000000000000002
2025-04-24,1.0859,-0.0013
2025-04-25,1.0866,0.0006
2025-04-28,1.0854,-0.0011
2025-04-29,1.087,0.0015
2025-04-30,1.0882,0.0011
2025-05-06,1.0902,0.0018
2025-05-07,1.0899,-0.0003
2025-05-08,1.0918,0.0017000000000000001
2025-05-09,1.0912,-0.0005
2025-05-12,1.0921,0.0008
2025-05-13,1.0927,0.0005
2025-05-14,1.0922,-0.0005
2025-05-15,1.091,-0.0011
2025-05-16,1.0916,0.0005
2025-05-19,1.0922,0.0005
2025-05-20,1.0926,0.0004
2025-05-21,1.0934,0.0007000000000000001
2025-05-22,1.0922,-0.0011
2025-05-23,1.0911,-0.001
2025-05-26,1.0903,-0.0007000000000000001
2025-05-27,1.0893,-0.0009
2025-05-28,1.0892,-0.0001
2025-05-29,1.0904,0.0011
2025-05-30,1.0907,0.0003
2025-06-03,1.0912,0.0005
2025-06-04,1.0928,0.0015
2025-06-05,1.0938,0.0009
2025-06-06,1.0943,0.0005
2025-06-09,1.0952,0.0008
2025-06-10,1.0938,-0.0013
2025-06-11,1.0952,0.0013
2025-06-12,1.0951,-0.0001
2025-06-13,1.0932,-0.0017000000000000001
2025-06-16,1.094,0.0007000000000000001
2025-06-17,1.0943,0.0003
2025-06-18,1.0944,0.0001
2025-06-19,1.0932,-0.0011
2025-06-20,1.0931,-0.0001
2025-06-23,1.0943,0.0011
2025-06-24,1.0961,0.0016
2025-06-25,1.0979,0.0016
2025-06-26,1.0975,-0.0004
2025-06-27,1.0974,-0.0001
2025-06-30,1.0981,0.0006
2025-07-01,1.1,0.0017000000000000001
2025-07-02,1.0995,-0.0005
2025-07-03,1.1016,0.0019
2025-07-04,1.1016,0.0
2025-07-07,1.1003,-0.0012
2025-07-08,1.1023,0.0018
2025-07-09,1.1011,-0.0011
2025-07-10,1.1017,0.0005
2025-07-11,1.1015,-0.0002
2025-07-14,1.1,-0.0014000000000000002
2025-07-15,1.0991,-0.0008
2025-07-16,1.1,0.0008
2025-07-17,1.1021,0.0019
2025-07-18,1.1033,0.0011
2025-07-21,1.1051,0.0016
2025-07-22,1.1061,0.0009
2025-07-23,1.1055,-0.0005
2025-07-24,1.1064,0.0008
2025-07-25,1.1064,0.0
2025-07-28,1.1047,-0.0015
2025-07-29,1.1039,-0.0007000000000000001
2025-07-30,1.1044,0.0005
2025-07-31,1.1023,-0.0019
2025-08-01,1.1033,0.0009
2025-08-04,1.1053,0.0018
2025-08-05,1.1083,0.0027
2025-08-06,1.1102,0.0017000000000000001
2025-08-07,1.1102,0.0
2025-08-08,1.1109,0.0006
2025-08-11,1.1119,0.0009
2025-08-12,1.1109,-0.0009
2025-08-13,1.1119,0.0009
2025-08-14,1.1101,-0.0016
2025-08-15,1.1112,0.001
2025-08-18,1.1119,0.0006
2025-08-19,1.113,0.001
2025-08-20,1.1142,0.0011
2025-08-21,1.1155,0.0012
2025-08-22,1.1181,0.0023
2025-08-25,1.1188,0.0006
2025-08-26,1.119,0.0002
2025-08-27,1.1112,-0.006999999999999999
2025-08-28,1.1113,0.0001
2025-08-29,1.1103,-0.0009
2025-09-01,1.108,-0.0021
2025-09-02,1.1065,-0.0014000000000000002
2025-09-03,1.1078,0.0012
2025-09-04,1.1078,0.0
2025-09-05,1.1147,0.0062
2025-09-08,1.1168,0.0019
2025-09-09,1.1134,-0.003
2025-09-10,1.1102,-0.0029
2025-09-11,1.1138,0.0032
2025-09-12,1.1145,0.0006
2025-09-15,1.1125,-0.0018
2025-09-16,1.1122,-0.0003
2025-09-17,1.114,0.0016
2025-09-18,1.1112,-0.0025
2025-09-19,1.1094,-0.0016
2025-09-22,1.109,-0.0004
2025-09-23,1.1091,0.0001
2025-09-24,1.1116,0.0023
2025-09-25,1.1131,0.0013
2025-09-26,1.1122,-0.0008
2025-09-29,1.1149,0.0024
2025-09-30,1.1165,0.0014000000000000002
2025-10-09,1.118,0.0013
2025-10-10,1.117,-0.0009
2025-10-13,1.1158,-0.0011
2025-10-14,1.1126,-0.0029
2025-10-15,1.1141,0.0013
2025-10-16,1.1121,-0.0018
2025-10-17,1.1098,-0.0021
2025-10-20,1.1105,0.0006
2025-10-21,1.1136,0.0028000000000000004
2025-10-22,1.1131,-0.0004
2025-10-23,1.1134,0.0003
2025-10-24,1.1155,0.0019
2025-10-27,1.1182,0.0024
2025-10-28,1.1177,-0.0004
2025-10-29,1.12,0.0021
2025-10-30,1.1175,-0.0022
2025-10-31,1.1189,0.0013
2025-11-03,1.1199,0.0009
2025-11-04,1.1178,-0.0019
2025-11-05,1.1197,0.0017000000000000001
2025-11-06,1.1218,0.0019
2025-11-07,1.1209,-0.0008
2025-11-10,1.1214,0.0004
2025-11-11,1.121,-0.0004
2025-11-12,1.1197,-0.0012
2025-11-13,1.1225,0.0025
2025-11-14,1.1212,-0.0012
2025-11-17,1.1198,-0.0012
2025-11-18,1.1189,-0.0008
2025-11-19,1.1195,0.0005
2025-11-20,1.1185,-0.0009
2025-11-21,1.1158,-0.0024
2025-11-24,1.1168,0.0009
2025-11-25,1.1173,0.0004
2025-11-26,1.1148,-0.0022
2025-11-27,1.113,-0.0016
2025-11-28,1.1146,0.0014000000000000002
2025-12-01,1.115,0.0004
2025-12-02,1.1138,-0.0011
2025-12-03,1.1133,-0.0004
2025-12-04,1.1121,-0.0011
2025-12-05,1.1145,0.0022
2025-12-08,1.1151,0.0005
2025-12-09,1.1139,-0.0011
2025-12-10,1.1153,0.0013
2025-12-11,1.1142,-0.001
2025-12-12,1.1146,0.0004
2025-12-15,1.1135,-0.001
2025-12-16,1.1114,-0.0019
2025-12-17,1.1148,0.0031
2025-12-18,1.1153,0.0004
2025-12-19,1.1171,0.0016
2025-12-22,1.1187,0.0014000000000000002
2025-12-23,1.1178,-0.0008
2025-12-24,1.1197,0.0017000000000000001
2025-12-25,1.1218,0.0019
2025-12-26,1.1211,-0.0006
2025-12-29,1.1197,-0.0012
2025-12-30,1.1204,0.0006
2025-12-31,1.1209,0.0004
2026-01-05,1.1249,0.0036
2026-01-06,1.1285,0.0032
2026-01-07,1.1285,0.0
2026-01-08,1.1307,0.0019
2026-01-09,1.1338,0.0027
2026-01-12,1.1364,0.0023
2026-01-13,1.1334,-0.0026
2026-01-14,1.1341,0.0006
2026-01-15,1.1361,0.0018
2026-01-16,1.0964,0.0026
2026-01-19,1.0985,0.0019
2026-01-20,1.0972,-0.0012
2026-01-21,1.1011,0.0036
2026-01-22,1.1044,0.003
2026-01-23,1.1089,0.0040999999999999995
2026-01-26,1.1051,-0.0034000000000000002
2026-01-27,1.1063,0.0011
2026-01-28,1.1081,0.0016
2026-01-29,1.1065,-0.0014000000000000002
2026-01-30,1.1018,-0.0042
2026-02-02,1.0953,-0.0059
2026-02-03,1.1028,0.0068000000000000005
2026-02-04,1.1031,0.0003
2026-02-05,1.1004,-0.0024
2026-02-06,1.1043,0.0034999999999999996
2026-02-09,1.1098,0.005
2026-02-10,1.109,-0.0007000000000000001
2026-02-11,1.1101,0.001
2026-02-12,1.1113,0.0011
2026-02-13,1.1095,-0.0016
2026-02-24,1.1125,0.0027
2026-02-25,1.1143,0.0016
2026-02-26,1.1097,-0.0040999999999999995
2026-02-27,1.109,-0.0006
2026-03-02,1.1071,-0.0017000000000000001
2026-03-03,1.1016,-0.005
2026-03-04,1.1019,0.0003
2026-03-05,1.101,-0.0008
2026-03-06,1.1025,0.0014000000000000002
2026-03-09,1.1003,-0.002
2026-03-10,1.1032,0.0026
2026-03-11,1.1037,0.0005
2026-03-12,1.1021,-0.0014000000000000002
2026-03-13,1.1008,-0.0012
2026-03-16,1.0993,-0.0014000000000000002
2026-03-17,1.0964,-0.0026
2026-03-18,1.0987,0.0021
2026-03-19,1.0947,-0.0036
2026-03-20,1.0927,-0.0018
2026-03-23,1.0913,-0.0013
2026-03-24,1.0963,0.0046
2026-03-25,1.0991,0.0026
2026-03-26,1.0962,-0.0026
2026-03-27,1.0977,0.0014000000000000002
2026-03-30,1.0964,-0.0012
2026-03-31,1.0938,-0.0024
2026-04-01,1.0982,0.004
2026-04-02,1.0961,-0.0019
2026-04-03,1.0964,0.0003
2026-04-07,1.0978,0.0013
2026-04-08,1.1042,0.0058
2026-04-09,1.104,-0.0002
2026-04-10,1.1038,-0.0002
2026-04-13,1.1031,-0.0006
2026-04-14,1.1049,0.0016
2026-04-15,1.1056,0.0006
2026-04-16,1.1096,0.0036
2026-04-17,1.1116,0.0018
2026-04-20,1.1102,-0.0013
2026-04-21,1.112,0.0016
2026-04-22,1.1138,0.0016
2026-04-23,1.1116,-0.002
2026-04-24,1.1114,-0.0002
2026-04-27,1.1114,0.0
2026-04-28,1.1088,-0.0023
2026-04-29,1.1125,0.0033
2026-04-30,1.1129,0.0004
2026-05-06,1.1159,0.0027
2026-05-07,1.118,0.0019
2026-05-08,1.1184,0.0004
2026-05-11,1.1198,0.0013
2026-05-12,1.1162,-0.0032
2026-05-13,1.1169,0.0006
2026-05-14,1.1128,-0.0037
2026-05-15,1.1112,-0.0014000000000000002
2026-05-18,1.1109,-0.0003
2026-05-19,1.1159,0.0045000000000000005
2026-05-20,1.1156,-0.0003
2026-05-21,1.1128,-0.0025
2026-05-22,1.1141,0.0012
2026-05-25,1.1149,0.0007000000000000001
2026-05-26,1.1139,-0.0009
2026-05-27,1.1119,-0.0018
2026-05-28,1.1133,0.0013
2026-05-29,1.1092,-0.0037
2026-06-01,1.1102,0.0009
2026-06-02,1.1111,0.0008
2026-06-03,1.11,-0.001
2026-06-04,1.1074,-0.0023
2026-06-05,1.1073,-0.0001
2026-06-08,1.1068,-0.0005
2026-06-09,1.1082,0.0013
2026-06-10,1.1056,-0.0023
2026-06-11,1.1063,0.0006
2026-06-12,1.108,0.0015
2026-06-15,1.1124,0.004
2026-06-16,1.1153,0.0026
2026-06-17,1.1123,-0.0027
2026-06-18,1.1106,-0.0015
2026-06-22,1.1072,-0.0031
2026-06-23,1.1062,-0.0009
2026-06-24,1.1068,0.0005
2026-06-25,1.1044,-0.0022
2026-06-26,1.103,-0.0013
2026-06-29,1.1039,0.0008
2026-06-30,1.1067,0.0025
2026-07-01,1.1082,0.0014000000000000002
2026-07-02,1.1097,0.0014000000000000002
2026-07-03,1.1112,0.0014000000000000002
2026-07-06,1.1108,-0.0004
2026-07-07,1.1084,-0.0022
2026-07-08,1.1066,-0.0016
2026-07-09,1.108,0.0013
2026-07-10,1.1067,-0.0012
2026-07-13,1.1023,-0.004
2026-07-14,1.1061,0.0034000000000000002
2026-07-15,1.1058,-0.0003
2026-07-16,1.104,-0.0016
2026-07-17,1.1014,-0.0024
2026-07-20,1.1009,-0.0005
2026-07-21,1.1053,0.004
2026-07-22,1.1035,-0.0016
2026-07-23,1.1038,0.0003
2026-07-24,1.1021,-0.0015
2026-07-27,1.1059,0.0034000000000000002
2026-07-28,1.1018,-0.0037
2026-07-29,1.104,0.002
2026-07-30,1.1036,-0.0004
2026-07-31,1.107,0.0031
2026-08-03,1.1055,-0.0014000000000000002
2026-08-04,1.1087,0.0029
