date,nav,ret
2011-09-22,1.0,0.0
2011-09-29,1.0,0.0
2011-10-12,1.0,0.0
2011-10-13,1.0,0.0
2011-10-14,1.004,0.004
2011-10-17,1.005,0.000996
2011-10-18,1.005,0.0
2011-10-19,1.005,0.0
2011-10-20,1.002,-0.002985
2011-10-21,1.001,-0.000998
2011-10-24,1.005,0.003996
2011-10-25,1.004,-0.000995
2011-10-26,1.005,0.000996
2011-10-27,1.012,0.006965
2011-10-28,1.012,0.0
2011-10-31,1.008,-0.003953
2011-11-01,1.002,-0.005952
2011-11-02,1.005,0.002994
2011-11-03,0.998,-0.006965
2011-11-04,1.008,0.01002
2011-11-07,1.008,0.0
2011-11-08,1.006,-0.001984
2011-11-09,1.005,-0.000994
2011-11-10,0.984,-0.020895999999999998
2011-11-11,0.991,0.0071140000000000005
2011-11-14,1.006,0.015136
2011-11-15,1.003,-0.0029820000000000003
2011-11-16,0.996,-0.006979
2011-11-17,0.996,0.0
2011-11-18,0.984,-0.012048000000000001
2011-11-21,0.968,-0.01626
2011-11-22,0.958,-0.010331
2011-11-23,0.942,-0.016701
2011-11-24,0.941,-0.001062
2011-11-25,0.931,-0.010627
2011-11-28,0.942,0.011814999999999999
2011-11-29,0.952,0.010616
2011-11-30,0.944,-0.008403
2011-12-01,0.983,0.041314000000000003
2011-12-02,0.978,-0.005086
2011-12-05,0.975,-0.003067
2011-12-06,0.963,-0.012308
2011-12-07,0.97,0.007269
2011-12-08,0.967,-0.0030930000000000003
2011-12-09,0.957,-0.010341
2011-12-12,0.953,-0.00418
2011-12-13,0.948,-0.005247000000000001
2011-12-14,0.945,-0.003165
2011-12-15,0.929,-0.016931
2011-12-16,0.936,0.007534999999999999
2011-12-19,0.924,-0.012821
2011-12-20,0.934,0.010823000000000001
2011-12-21,0.961,0.028908
2011-12-22,0.957,-0.004162
2011-12-23,0.97,0.013584
2011-12-28,0.958,-0.012371
2011-12-29,0.958,0.0
2011-12-30,0.954,-0.004175
2011-12-31,0.954,0.0
2012-01-04,0.967,0.013627
2012-01-05,0.976,0.009307
2012-01-06,0.966,-0.010246
2012-01-09,0.97,0.004141000000000001
2012-01-10,0.982,0.012371
2012-01-11,0.992,0.010183
2012-01-12,0.993,0.001008
2012-01-13,0.994,0.001007
2012-01-16,0.988,-0.0060360000000000006
2012-01-17,1.012,0.024291
2012-01-18,1.015,0.002964
2012-01-19,1.019,0.003941
2012-01-20,1.019,0.0
2012-01-30,1.024,0.004907
2012-01-31,1.033,0.008789
2012-02-01,1.033,0.0
2012-02-02,1.05,0.016457
2012-02-03,1.056,0.005714
2012-02-06,1.049,-0.006629
2012-02-07,1.046,-0.0028599999999999997
2012-02-08,1.068,0.021033
2012-02-09,1.082,0.013108999999999999
2012-02-10,1.065,-0.015712
2012-02-13,1.066,0.000939
2012-02-14,1.066,0.0
2012-02-15,1.086,0.018762
2012-02-16,1.079,-0.0064459999999999995
2012-02-17,1.079,0.0
2012-02-20,1.078,-0.0009270000000000001
2012-02-21,1.081,0.002783
2012-02-22,1.092,0.010176000000000001
2012-02-23,1.088,-0.003663
2012-02-24,1.092,0.003676
2012-02-27,1.083,-0.008242000000000001
2012-02-28,1.094,0.010157000000000001
2012-02-29,1.109,0.013711
2012-03-01,1.107,-0.001803
2012-03-02,1.116,0.00813
2012-03-05,1.104,-0.010752999999999999
2012-03-06,1.09,-0.012681
2012-03-07,1.09,0.0
2012-03-08,1.106,0.014679
2012-03-09,1.112,0.005425
2012-03-12,1.11,-0.001799
2012-03-13,1.12,0.009009
2012-03-14,1.124,0.0035709999999999995
2012-03-15,1.126,0.001779
2012-03-16,1.125,-0.000888
2012-03-19,1.119,-0.005333
2012-03-20,1.109,-0.008937
2012-03-21,1.103,-0.005410000000000001
2012-03-22,1.111,0.007252999999999999
2012-03-23,1.098,-0.011701
2012-03-26,1.09,-0.007286
2012-03-27,1.105,0.013761
2012-03-28,1.106,0.000905
2012-03-29,1.089,-0.015371
2012-03-30,1.091,0.001837
2012-03-31,1.091,0.0
2012-04-05,1.096,0.004583
2012-04-06,1.102,0.005474
2012-04-09,1.091,-0.009982
2012-04-10,1.081,-0.009166
2012-04-11,1.077,-0.0037
2012-04-12,1.089,0.011142
2012-04-13,1.101,0.011019000000000001
2012-04-16,1.091,-0.009083
2012-04-17,1.077,-0.012832
2012-04-18,1.089,0.011142
2012-04-19,1.092,0.002755
2012-04-20,1.09,-0.001832
2012-04-23,1.077,-0.011927
2012-04-24,1.082,0.0046429999999999996
2012-04-25,1.079,-0.002773
2012-04-26,1.083,0.003707
2012-04-27,1.078,-0.004617
2012-05-02,1.096,0.016698
2012-05-03,1.09,-0.005474
2012-05-04,1.083,-0.006422
2012-05-07,1.063,-0.018467
2012-05-08,1.065,0.0018809999999999999
2012-05-09,1.054,-0.010329
2012-05-10,1.051,-0.002846
2012-05-11,1.045,-0.005709
2012-05-14,1.041,-0.003828
2012-05-15,1.044,0.002882
2012-05-16,1.012,-0.030651
2012-05-17,1.024,0.011858
2012-05-18,1.007,-0.016602
2012-05-21,1.009,0.001986
2012-05-22,1.021,0.011893
2012-05-23,1.01,-0.010773999999999999
2012-05-24,1.01,0.0
2012-05-25,1.01,0.0
2012-05-28,1.014,0.00396
2012-05-29,1.033,0.018737999999999998
2012-05-30,1.024,-0.008712
2012-05-31,1.02,-0.003906
2012-06-01,1.01,-0.009804
2012-06-04,0.983,-0.026732999999999996
2012-06-05,0.985,0.002035
2012-06-06,0.99,0.005076000000000001
2012-06-07,0.994,0.00404
2012-06-08,0.991,-0.0030180000000000003
2012-06-11,1.007,0.016145
2012-06-12,1.002,-0.004965
2012-06-13,1.005,0.002994
2012-06-14,0.997,-0.00796
2012-06-15,1.008,0.011033
2012-06-18,1.019,0.010912999999999999
2012-06-19,1.021,0.001963
2012-06-20,1.025,0.003918
2012-06-21,1.009,-0.015609999999999999
2012-06-25,0.995,-0.013875
2012-06-26,0.992,-0.003015
2012-06-27,0.998,0.006048
2012-06-28,0.992,-0.006012
2012-06-29,1.005,0.013105
2012-06-30,1.005,0.0
2012-07-02,1.003,-0.00199
2012-07-03,1.015,0.011963999999999999
2012-07-04,1.021,0.005911
2012-07-05,1.025,0.003918
2012-07-06,1.024,-0.0009760000000000001
2012-07-09,1.012,-0.011719
2012-07-10,1.008,-0.003953
2012-07-11,1.012,0.003968
2012-07-12,0.995,-0.016798
2012-07-13,0.995,0.0
2012-07-16,0.992,-0.003015
2012-07-17,0.994,0.002016
2012-07-18,0.98,-0.014085
2012-07-19,0.989,0.009184
2012-07-20,0.991,0.002022
2012-07-23,0.973,-0.018163
2012-07-24,0.972,-0.001028
2012-07-25,0.964,-0.00823
2012-07-26,0.966,0.002075
2012-07-27,0.981,0.015528
2012-07-30,0.982,0.001019
2012-07-31,0.987,0.005092
2012-08-01,0.994,0.007092
2012-08-02,0.99,-0.004024
2012-08-03,0.987,-0.0030299999999999997
2012-08-06,0.994,0.007092
2012-08-07,0.996,0.002012
2012-08-08,0.999,0.0030120000000000004
2012-08-09,1.006,0.007007
2012-08-10,1.005,-0.000994
2012-08-13,1.005,0.0
2012-08-14,1.008,0.002985
2012-08-15,1.003,-0.00496
2012-08-16,1.01,0.006979
2012-08-17,1.012,0.00198
2012-08-20,1.009,-0.002964
2012-08-21,1.017,0.007929
2012-08-22,1.011,-0.0059
2012-08-23,1.018,0.0069240000000000005
2012-08-24,1.014,-0.003929
2012-08-27,1.02,0.005917
2012-08-28,1.017,-0.0029409999999999996
2012-08-29,1.024,0.006883
2012-08-30,1.01,-0.013672
2012-08-31,1.009,-0.00099
2012-09-03,1.017,0.007929
2012-09-04,1.014,-0.00295
2012-09-05,1.005,-0.008876
2012-09-06,1.008,0.002985
2012-09-07,1.027,0.018849
2012-09-10,1.031,0.003895
2012-09-11,1.033,0.00194
2012-09-12,1.044,0.010648999999999999
2012-09-13,1.04,-0.0038309999999999998
2012-09-14,1.068,0.026923
2012-09-17,1.066,-0.0018729999999999999
2012-09-18,1.056,-0.009381
2012-09-19,1.063,0.006629
2012-09-20,1.051,-0.011289
2012-09-21,1.06,0.008563
2012-09-24,1.065,0.004717
2012-09-25,1.067,0.001878
2012-09-26,1.048,-0.017807
2012-09-27,1.054,0.005725
2012-09-28,1.061,0.006641
2012-09-30,1.061,0.0
2012-10-08,1.055,-0.005655
2012-10-09,1.06,0.004739
2012-10-10,1.06,0.0
2012-10-11,1.056,-0.003774
2012-10-12,1.059,0.002841
2012-10-15,1.056,-0.002833
2012-10-16,1.058,0.001894
2012-10-17,1.064,0.005671000000000001
2012-10-18,1.067,0.0028199999999999996
2012-10-19,1.068,0.000937
2012-10-22,1.073,0.004682
2012-10-24,1.075,0.0018640000000000002
2012-10-25,1.065,-0.009302
2012-10-26,1.053,-0.011268
2012-10-29,1.058,0.004748
2012-10-30,1.064,0.005671000000000001
2012-10-31,1.069,0.004699
2012-11-01,1.081,0.011225
2012-11-02,1.093,0.011101000000000001
2012-11-05,1.091,-0.00183
2012-11-06,1.097,0.0055000000000000005
2012-11-07,1.103,0.005469000000000001
2012-11-08,1.094,-0.008159999999999999
2012-11-09,1.095,0.000914
2012-11-12,1.094,-0.0009130000000000001
2012-11-13,1.076,-0.016453
2012-11-14,1.081,0.004647
2012-11-15,1.071,-0.009251
2012-11-16,1.07,-0.0009339999999999999
2012-11-19,1.079,0.008411
2012-11-20,1.079,0.0
2012-11-21,1.083,0.003707
2012-11-22,1.087,0.003693
2012-11-23,1.099,0.011040000000000001
2012-11-26,1.103,0.00364
2012-11-27,1.1,-0.00272
2012-11-28,1.094,-0.005455
2012-11-29,1.1,0.005484
2012-11-30,1.107,0.006364
2012-12-03,1.102,-0.004517
2012-12-04,1.091,-0.009982
2012-12-05,1.111,0.018332
2012-12-06,1.113,0.0018
2012-12-07,1.116,0.0026950000000000003
2012-12-10,1.118,0.001792
2012-12-11,1.119,0.0008939999999999999
2012-12-12,1.129,0.008937
2012-12-13,1.131,0.001771
2012-12-14,1.124,-0.006189
2012-12-17,1.117,-0.006228
2012-12-18,1.124,0.006267
2012-12-19,1.128,0.003559
2012-12-20,1.125,-0.00266
2012-12-21,1.122,-0.002667
2012-12-24,1.122,0.0
2012-12-25,1.127,0.0
2012-12-26,1.126,0.0
2012-12-27,1.13,0.00713
2012-12-28,1.135,0.004425
2012-12-31,1.134,-0.000881
2013-01-04,1.167,0.029101
2013-01-07,1.164,-0.002571
2013-01-08,1.151,-0.011168
2013-01-09,1.156,0.004344
2013-01-10,1.163,0.0060550000000000005
2013-01-11,1.154,-0.007739
2013-01-14,1.159,0.004333
2013-01-15,1.157,-0.001726
2013-01-16,1.148,0.0008640000000000001
2013-01-17,1.145,-0.002613
2013-01-18,1.152,0.0061140000000000005
2013-01-21,1.156,0.0034720000000000003
2013-01-22,1.157,0.0008649999999999999
2013-01-23,1.157,0.0
2013-01-24,1.152,-0.0043219999999999995
2013-01-25,1.142,-0.008681
2013-01-28,1.145,0.002627
2013-01-29,1.152,0.0061140000000000005
2013-01-30,1.158,0.005208000000000001
2013-01-31,1.157,-0.0008640000000000001
2013-02-01,1.166,0.007779
2013-02-04,1.167,0.000858
2013-02-05,1.156,-0.009426
2013-02-06,1.167,0.009516
2013-02-07,1.168,0.000857
2013-02-08,1.164,-0.003425
2013-02-18,1.176,0.010308999999999999
2013-02-19,1.17,-0.005102
2013-02-20,1.174,0.0034189999999999997
2013-02-21,1.162,-0.010221000000000001
2013-02-22,1.155,-0.006024000000000001
2013-02-25,1.156,0.000866
2013-02-26,1.14,-0.013841000000000001
2013-02-27,1.144,0.003509
2013-02-28,1.159,0.013111999999999999
2013-03-01,1.162,0.0025879999999999996
2013-03-04,1.151,-0.009466
2013-03-05,1.157,0.005213
2013-03-06,1.161,0.003457
2013-03-07,1.158,-0.0025840000000000004
2013-03-08,1.167,0.007772
2013-03-11,1.165,-0.001714
2013-03-12,1.156,-0.007724999999999999
2013-03-13,1.146,-0.008650999999999999
2013-03-14,1.146,0.0
2013-03-15,1.14,-0.005235999999999999
2013-03-18,1.127,-0.011404000000000001
2013-03-19,1.128,0.000887
2013-03-20,1.138,0.008865
2013-03-21,1.142,0.003515
2013-03-22,1.14,-0.001751
2013-03-25,1.146,0.005263
2013-03-26,1.145,-0.0008730000000000001
2013-03-27,1.158,0.011354
2013-03-28,1.155,-0.002591
2013-03-29,1.156,0.000866
2013-04-01,1.153,-0.002595
2013-04-02,1.151,-0.0017349999999999998
2013-04-03,1.155,0.003475
2013-04-08,1.134,-0.018182
2013-04-09,1.14,0.0052910000000000006
2013-04-10,1.153,0.011404000000000001
2013-04-11,1.163,0.008673
2013-04-12,1.162,-0.00086
2013-04-15,1.152,-0.008606
2013-04-16,1.148,-0.0034720000000000003
2013-04-17,1.146,-0.0017419999999999998
2013-04-18,1.141,-0.0043630000000000006
2013-04-19,1.152,0.009641
2013-04-22,1.153,0.0008680000000000001
2013-04-23,1.146,-0.006071
2013-04-24,1.161,0.013089
2013-04-25,1.171,0.008612999999999999
2013-04-26,1.17,-0.000854
2013-05-02,1.182,0.010256000000000001
2013-05-03,1.192,0.00846
2013-05-06,1.202,0.008389
2013-05-07,1.21,0.006656
2013-05-08,1.216,0.004959
2013-05-09,1.22,0.0032890000000000003
2013-05-10,1.22,0.0
2013-05-13,1.21,-0.008197
2013-05-14,1.209,-0.000826
2013-05-15,1.22,0.009098
2013-05-16,1.231,0.009016
2013-05-17,1.226,-0.004062
2013-05-20,1.235,0.0073409999999999994
2013-05-21,1.232,-0.002429
2013-05-22,1.232,0.0
2013-05-23,1.206,-0.021103999999999998
2013-05-24,1.207,0.000829
2013-05-27,1.215,0.006627999999999999
2013-05-28,1.223,0.006584
2013-05-29,1.218,-0.004088
2013-05-30,1.213,-0.004105
2013-05-31,1.213,0.0
2013-06-03,1.203,-0.008244
2013-06-04,1.206,0.002494
2013-06-05,1.205,-0.000829
2013-06-06,1.196,-0.007469
2013-06-07,1.191,-0.004181000000000001
2013-06-13,1.166,-0.020991
2013-06-14,1.166,0.0
2013-06-17,1.175,0.007719
2013-06-18,1.175,0.0
2013-06-19,1.171,-0.003404
2013-06-20,1.145,-0.022203
2013-06-21,1.135,-0.008733999999999999
2013-06-24,1.11,-0.022026
2013-06-25,1.114,0.003604
2013-06-26,1.136,0.019749000000000003
2013-06-27,1.144,0.0070420000000000005
2013-06-28,1.157,0.011364
2013-06-30,1.157,0.0
2013-07-01,1.158,0.0008640000000000001
2013-07-02,1.155,-0.002591
2013-07-03,1.138,-0.014719
2013-07-04,1.139,0.000879
2013-07-05,1.16,0.018437
2013-07-08,1.149,-0.009483
2013-07-09,1.15,0.0008699999999999999
2013-07-10,1.154,0.003478
2013-07-11,1.173,0.016464
2013-07-12,1.173,0.0
2013-07-15,1.176,0.0025580000000000004
2013-07-16,1.177,0.0008500000000000001
2013-07-17,1.18,0.002549
2013-07-18,1.174,-0.005084999999999999
2013-07-19,1.165,-0.007665999999999999
2013-07-22,1.167,0.001717
2013-07-23,1.186,0.016281
2013-07-24,1.194,0.006745
2013-07-25,1.199,0.004188
2013-07-26,1.196,-0.002502
2013-07-29,1.188,-0.0066890000000000005
2013-07-30,1.196,0.006734
2013-07-31,1.195,-0.0008359999999999999
2013-08-01,1.205,0.008368
2013-08-02,1.21,0.004149
2013-08-05,1.212,0.001653
2013-08-06,1.2,-0.009901
2013-08-07,1.179,-0.0175
2013-08-08,1.183,0.0033929999999999997
2013-08-09,1.189,0.005072
2013-08-12,1.204,0.012616
2013-08-13,1.222,0.014950000000000001
2013-08-14,1.218,-0.003273
2013-08-15,1.211,-0.0057469999999999995
2013-08-16,1.21,-0.000826
2013-08-19,1.21,0.0
2013-08-20,1.192,-0.014876
2013-08-21,1.189,-0.0025169999999999997
2013-08-22,1.194,0.0042049999999999995
2013-08-23,1.202,0.0067
2013-08-26,1.21,0.006656
2013-08-27,1.197,-0.010744
2013-08-28,1.184,-0.010860000000000002
2013-08-29,1.199,0.012669
2013-08-30,1.206,0.0058379999999999994
2013-09-02,1.214,0.006633
2013-09-03,1.227,0.010708
2013-09-04,1.227,0.0
2013-09-05,1.238,0.008964999999999999
2013-09-06,1.24,0.001616
2013-09-09,1.262,0.017742
2013-09-10,1.271,0.0071319999999999995
2013-09-11,1.265,-0.004721
2013-09-12,1.263,-0.001581
2013-09-13,1.256,-0.005542
2013-09-16,1.27,0.011146
2013-09-17,1.268,-0.001575
2013-09-18,1.267,-0.000789
2013-09-23,1.278,0.008682
2013-09-24,1.277,-0.000782
2013-09-25,1.279,0.001566
2013-09-26,1.275,-0.0031269999999999996
2013-09-27,1.274,-0.000784
2013-09-30,1.262,-0.009419
2013-10-08,1.28,0.014263
2013-10-09,1.276,-0.003125
2013-10-10,1.274,-0.001567
2013-10-11,1.283,0.007064
2013-10-14,1.277,-0.004677
2013-10-15,1.291,0.010963
2013-10-16,1.281,-0.007745999999999999
2013-10-17,1.284,0.002342
2013-10-18,1.303,0.014798
2013-10-21,1.311,0.00614
2013-10-22,1.307,-0.003051
2013-10-23,1.296,-0.008416
2013-10-24,1.295,-0.000772
2013-10-25,1.285,-0.007722
2013-10-28,1.285,0.0
2013-10-29,1.288,0.0023350000000000003
2013-10-30,1.302,0.01087
2013-10-31,1.301,-0.0007679999999999999
2013-11-01,1.309,0.006149
2013-11-04,1.31,0.0007639999999999999
2013-11-05,1.295,-0.01145
2013-11-06,1.293,-0.001544
2013-11-07,1.286,-0.0054139999999999995
2013-11-08,1.275,-0.008554
2013-11-11,1.276,0.000784
2013-11-12,1.275,-0.000784
2013-11-13,1.262,-0.010196
2013-11-14,1.272,0.007924
2013-11-15,1.277,0.0039310000000000005
2013-11-18,1.294,0.013312
2013-11-19,1.3,0.004637
2013-11-20,1.298,-0.0015379999999999999
2013-11-21,1.285,-0.010015000000000001
2013-11-22,1.29,0.003891
2013-11-25,1.288,-0.00155
2013-11-26,1.297,0.006987999999999999
2013-11-27,1.305,0.006168
2013-11-28,1.306,0.000766
2013-11-29,1.312,0.004594
2013-12-02,1.324,0.009146
2013-12-03,1.321,-0.002266
2013-12-04,1.316,-0.003785
2013-12-05,1.313,-0.00228
2013-12-06,1.31,-0.002285
2013-12-09,1.317,0.005344
2013-12-10,1.318,0.0007589999999999999
2013-12-11,1.301,-0.012898
2013-12-12,1.292,-0.006918
2013-12-13,1.293,0.000774
2013-12-16,1.287,-0.00464
2013-12-17,1.291,0.003108
2013-12-18,1.294,0.002324
2013-12-19,1.293,-0.0007729999999999999
2013-12-20,1.29,-0.00232
2013-12-23,1.294,0.003101
2013-12-24,1.301,0.005410000000000001
2013-12-25,1.302,0.0007689999999999999
2013-12-26,1.3,-0.0015359999999999998
2013-12-27,1.306,0.004615
2013-12-30,1.307,0.000766
2013-12-31,1.31,0.002295
2014-01-02,1.31,0.0
2014-01-03,1.293,-0.012977
2014-01-06,1.281,-0.009281000000000001
2014-01-07,1.28,-0.000781
2014-01-08,1.29,0.007813
2014-01-09,1.278,-0.009302
2014-01-10,1.276,-0.001565
2014-01-13,1.275,-0.000784
2014-01-14,1.27,-0.003922
2014-01-15,1.279,0.0070869999999999995
2014-01-16,1.277,-0.001564
2014-01-17,1.272,-0.003915
2014-01-20,1.266,-0.004717
2014-01-21,1.27,0.00316
2014-01-22,1.278,0.006299
2014-01-23,1.262,-0.01252
2014-01-24,1.247,-0.011886
2014-01-27,1.223,-0.019246
2014-01-28,1.227,0.003271
2014-01-29,1.232,0.004075
2014-01-30,1.226,-0.00487
2014-02-07,1.224,-0.0016309999999999999
2014-02-10,1.227,0.002451
2014-02-11,1.235,0.006520000000000001
2014-02-12,1.253,0.014575
2014-02-13,1.249,-0.003192
2014-02-14,1.251,0.001601
2014-02-17,1.257,0.004796
2014-02-18,1.263,0.004773
2014-02-19,1.268,0.003959
2014-02-20,1.26,-0.006309
2014-02-21,1.26,0.0
2014-02-24,1.253,-0.005556
2014-02-25,1.251,-0.001596
2014-02-26,1.261,0.007994
2014-02-27,1.27,0.007137
2014-02-28,1.269,-0.000787
2014-03-03,1.269,0.0
2014-03-04,1.273,0.003152
2014-03-05,1.276,0.0023569999999999997
2014-03-06,1.283,0.0054859999999999996
2014-03-07,1.278,-0.003897
2014-03-10,1.265,-0.010172
2014-03-11,1.27,0.003953
2014-03-12,1.258,-0.009448999999999999
2014-03-13,1.248,-0.007949000000000001
2014-03-14,1.242,-0.004808
2014-03-17,1.241,-0.000805
2014-03-18,1.245,0.0032229999999999997
2014-03-19,1.242,-0.00241
2014-03-20,1.232,-0.008052
2014-03-21,1.237,0.004058
2014-03-24,1.24,0.002425
2014-03-25,1.241,0.0008060000000000001
2014-03-26,1.251,0.008058
2014-03-27,1.254,0.002398
2014-03-28,1.264,0.007974
2014-03-31,1.278,0.011075999999999999
2014-04-01,1.292,0.010955
2014-04-02,1.296,0.003096
2014-04-03,1.293,-0.0023150000000000002
2014-04-04,1.288,-0.0038669999999999998
2014-04-08,1.289,0.000776
2014-04-09,1.295,0.004655
2014-04-10,1.297,0.001544
2014-04-11,1.28,-0.013107
2014-04-14,1.27,-0.007813
2014-04-15,1.269,-0.000787
2014-04-16,1.269,0.0
2014-04-17,1.276,0.005516
2014-04-18,1.276,0.0
2014-04-21,1.278,0.001567
2014-04-22,1.283,0.003912
2014-04-23,1.276,-0.005456
2014-04-24,1.281,0.003918
2014-04-25,1.266,-0.01171
2014-04-28,1.26,-0.004739
2014-04-29,1.27,0.007937
2014-04-30,1.26,-0.007873999999999999
2014-05-05,1.278,0.014286
2014-05-06,1.281,0.002347
2014-05-07,1.274,-0.005464
2014-05-08,1.267,-0.005495
2014-05-09,1.257,-0.007893
2014-05-12,1.264,0.005568999999999999
2014-05-13,1.264,0.0
2014-05-14,1.276,0.009494
2014-05-15,1.273,-0.0023510000000000002
2014-05-16,1.269,-0.003142
2014-05-19,1.266,-0.0023639999999999998
2014-05-20,1.26,-0.004739
2014-05-21,1.265,0.003968
2014-05-22,1.28,0.011858
2014-05-23,1.289,0.007030999999999999
2014-05-26,1.29,0.000776
2014-05-27,1.292,0.00155
2014-05-28,1.3,0.006192
2014-05-29,1.298,-0.0015379999999999999
2014-05-30,1.306,0.006162999999999999
2014-06-03,1.312,0.004594
2014-06-04,1.306,-0.004573
2014-06-05,1.311,0.003828
2014-06-06,1.311,0.0
2014-06-09,1.318,0.005339
2014-06-10,1.328,0.007587
2014-06-11,1.33,0.0015060000000000002
2014-06-12,1.327,-0.0022559999999999998
2014-06-13,1.331,0.003014
2014-06-16,1.338,0.005259000000000001
2014-06-17,1.339,0.000747
2014-06-18,1.341,0.001494
2014-06-19,1.34,-0.000746
2014-06-20,1.34,0.0
2014-06-23,1.333,-0.0052239999999999995
2014-06-24,1.339,0.004501
2014-06-25,1.338,-0.000747
2014-06-26,1.349,0.008221000000000001
2014-06-27,1.347,-0.001483
2014-06-30,1.358,0.008166
2014-07-01,1.358,0.0
2014-07-02,1.373,0.011046
2014-07-03,1.383,0.0072829999999999995
2014-07-04,1.384,0.000723
2014-07-07,1.382,-0.0014449999999999999
2014-07-08,1.378,-0.002894
2014-07-09,1.364,-0.01016
2014-07-10,1.361,-0.002199
2014-07-11,1.352,-0.006613
2014-07-14,1.362,0.007396000000000001
2014-07-15,1.363,0.0007340000000000001
2014-07-16,1.363,0.0
2014-07-17,1.355,-0.005869
2014-07-18,1.355,0.0
2014-07-21,1.355,0.0
2014-07-22,1.368,0.009594
2014-07-23,1.378,0.00731
2014-07-24,1.381,0.002177
2014-07-25,1.38,-0.000724
2014-07-28,1.381,0.000725
2014-07-29,1.386,0.0036209999999999997
2014-07-30,1.392,0.004329
2014-07-31,1.378,-0.010057
2014-08-01,1.371,-0.00508
2014-08-04,1.381,0.007294
2014-08-05,1.377,-0.002896
2014-08-06,1.371,-0.004357
2014-08-07,1.366,-0.003647
2014-08-08,1.364,-0.001464
2014-08-11,1.374,0.007331
2014-08-12,1.378,0.0029110000000000004
2014-08-13,1.391,0.009434
2014-08-14,1.388,-0.002157
2014-08-15,1.391,0.0021609999999999997
2014-08-18,1.388,-0.002157
2014-08-19,1.4,0.008646000000000001
2014-08-20,1.399,-0.000714
2014-08-21,1.391,-0.005718
2014-08-22,1.401,0.007189
2014-08-25,1.402,0.000714
2014-08-26,1.404,0.0014269999999999999
2014-08-27,1.403,-0.000712
2014-08-28,1.395,-0.0057020000000000005
2014-08-29,1.402,0.005018
2014-09-01,1.412,0.0071330000000000005
2014-09-02,1.413,0.000708
2014-09-03,1.427,0.009908
2014-09-04,1.424,-0.002102
2014-09-05,1.421,-0.002107
2014-09-09,1.416,-0.003519
2014-09-10,1.399,-0.012006
2014-09-11,1.396,-0.002144
2014-09-12,1.388,-0.005731000000000001
2014-09-15,1.37,-0.012968
2014-09-16,1.36,-0.007299
2014-09-17,1.367,0.0051470000000000005
2014-09-18,1.365,-0.001463
2014-09-19,1.364,-0.000733
2014-09-22,1.346,-0.013196000000000001
2014-09-23,1.34,-0.004458
2014-09-24,1.345,0.003731
2014-09-25,1.335,-0.007435000000000001
2014-09-26,1.328,-0.005243
2014-09-29,1.315,-0.009788999999999999
2014-09-30,1.309,0.0
2014-10-08,1.313,0.0030559999999999997
2014-10-09,1.316,0.002285
2014-10-10,1.296,-0.015198
2014-10-13,1.278,-0.013889
2014-10-14,1.278,0.0
2014-10-15,1.278,0.0
2014-10-16,1.276,-0.001565
2014-10-17,1.275,-0.000784
2014-10-20,1.285,0.007843
2014-10-21,1.289,0.0031130000000000003
2014-10-22,1.296,0.005431
2014-10-23,1.291,-0.003858
2014-10-24,1.286,-0.0038729999999999997
2014-10-27,1.275,-0.008554
2014-10-28,1.294,0.014902
2014-10-29,1.307,0.010046
2014-10-30,1.307,0.0
2014-10-31,1.321,0.010712
2014-11-03,1.325,0.0030280000000000003
2014-11-04,1.326,0.000755
2014-11-05,1.321,-0.003771
2014-11-06,1.319,-0.0015140000000000002
2014-11-07,1.321,0.0015160000000000002
2014-11-10,1.335,0.010598000000000002
2014-11-11,1.335,0.0
2014-11-12,1.335,0.0
2014-11-13,1.342,0.005243
2014-11-14,1.345,0.002235
2014-11-17,1.331,-0.010409
2014-11-18,1.321,-0.007513
2014-11-19,1.32,-0.0007570000000000001
2014-11-20,1.325,0.003788
2014-11-21,1.327,0.0015090000000000001
2014-11-24,1.341,0.010549999999999999
2014-11-25,1.339,-0.0014910000000000001
2014-11-26,1.346,0.005228
2014-11-27,1.346,0.0
2014-11-28,1.346,0.0
2014-12-01,1.324,-0.016345000000000002
2014-12-02,1.322,-0.0015110000000000002
2014-12-03,1.32,-0.0015129999999999998
2014-12-04,1.33,0.007576
2014-12-05,1.329,-0.0007520000000000001
2014-12-08,1.318,-0.008277
2014-12-09,1.295,-0.017451
2014-12-10,1.29,-0.003861
2014-12-11,1.288,-0.00155
2014-12-12,1.292,0.003106
2014-12-15,1.286,-0.004644
2014-12-16,1.272,-0.010886
2014-12-17,1.264,-0.006289
2014-12-18,1.275,0.008702999999999999
2014-12-19,1.288,0.010196
2014-12-22,1.294,0.004658
2014-12-23,1.29,-0.003091
2014-12-24,1.286,-0.003101
2014-12-25,1.285,-0.0007779999999999999
2014-12-26,1.288,0.0023350000000000003
2014-12-29,1.308,0.015528
2014-12-30,1.306,-0.001529
2014-12-31,1.311,0.003828
2015-01-05,1.306,-0.003814
2015-01-06,1.297,-0.006891
2015-01-07,1.307,0.00771
2015-01-08,1.325,0.013772
2015-01-09,1.326,0.000755
2015-01-12,1.318,-0.006032999999999999
2015-01-13,1.329,0.008346
2015-01-14,1.317,-0.009029
2015-01-15,1.323,0.004556
2015-01-16,1.322,-0.000756
2015-01-19,1.311,-0.008321
2015-01-20,1.325,0.010679000000000001
2015-01-21,1.348,0.017358
2015-01-22,1.352,0.002967
2015-01-23,1.375,0.017012
2015-01-26,1.378,0.002182
2015-01-27,1.372,-0.004354
2015-01-28,1.367,-0.003644
2015-01-29,1.354,-0.00951
2015-01-30,1.346,-0.005908
2015-02-02,1.34,-0.004458
2015-02-03,1.345,0.003731
2015-02-04,1.345,0.0
2015-02-05,1.344,-0.0007430000000000001
2015-02-06,1.331,-0.009673000000000001
2015-02-09,1.33,-0.000751
2015-02-10,1.324,-0.004511
2015-02-11,1.325,0.000755
2015-02-12,1.326,0.000755
2015-02-13,1.337,0.008296
2015-02-16,1.337,0.0
2015-02-17,1.337,0.0
2015-02-25,1.352,0.011219
2015-02-26,1.351,-0.00074
2015-02-27,1.345,-0.004441
2015-03-02,1.349,0.002974
2015-03-03,1.344,-0.0037059999999999997
2015-03-04,1.338,-0.004464
2015-03-05,1.336,-0.001495
2015-03-06,1.336,0.0
2015-03-09,1.33,-0.004491
2015-03-10,1.316,-0.010526
2015-03-11,1.31,-0.0045590000000000006
2015-03-12,1.315,0.0038169999999999996
2015-03-13,1.315,0.0
2015-03-16,1.314,-0.0007599999999999999
2015-03-17,1.317,0.002283
2015-03-18,1.33,0.009871
2015-03-19,1.347,0.012782
2015-03-20,1.346,-0.000742
2015-03-23,1.352,0.004458
2015-03-24,1.348,-0.002959
2015-03-25,1.344,-0.002967
2015-03-26,1.335,-0.006696
2015-03-27,1.324,-0.008239999999999999
2015-03-30,1.335,0.008308
2015-03-31,1.35,0.011236
2015-04-01,1.36,0.007407
2015-04-02,1.374,0.010294000000000001
2015-04-08,1.419,0.0
2015-04-09,1.423,0.002819
2015-04-10,1.425,0.0014050000000000002
2015-04-13,1.425,0.0
2015-04-14,1.402,-0.01614
2015-04-15,1.398,-0.002853
2015-04-16,1.408,0.0071530000000000005
2015-04-17,1.396,-0.008523
2015-04-20,1.371,-0.017908
2015-04-21,1.382,0.008023
2015-04-22,1.387,0.003618
2015-04-23,1.372,-0.010814999999999998
2015-04-24,1.375,0.002187
2015-04-27,1.38,0.003636
2015-04-28,1.383,0.002174
2015-04-29,1.374,-0.006508000000000001
2015-04-30,1.355,-0.013828
2015-05-04,1.358,0.0022140000000000003
2015-05-05,1.341,-0.012518
2015-05-06,1.335,-0.0044740000000000005
2015-05-07,1.318,-0.012734
2015-05-08,1.336,0.013656999999999999
2015-05-11,1.347,0.008234
2015-05-12,1.336,-0.008166
2015-05-13,1.331,-0.0037430000000000002
2015-05-14,1.329,-0.001503
2015-05-15,1.345,0.012039
2015-05-18,1.341,-0.002974
2015-05-19,1.355,0.01044
2015-05-20,1.356,0.000738
2015-05-21,1.35,-0.004425
2015-05-22,1.369,0.014074
2015-05-26,1.386,0.0
2015-05-27,1.385,-0.000722
2015-05-28,1.362,-0.016606
2015-05-29,1.356,-0.004405
2015-06-01,1.366,0.0073750000000000005
2015-06-02,1.357,-0.006589
2015-06-03,1.353,-0.002948
2015-06-04,1.342,-0.00813
2015-06-05,1.332,-0.007451999999999999
2015-06-08,1.327,-0.003754
2015-06-09,1.307,-0.015072
2015-06-10,1.309,0.00153
2015-06-11,1.315,0.0045839999999999995
2015-06-12,1.331,0.012166999999999999
2015-06-15,1.307,-0.018032
2015-06-16,1.293,-0.010712
2015-06-17,1.308,0.011600999999999998
2015-06-18,1.306,-0.001529
2015-06-19,1.298,-0.006126
2015-06-23,1.328,0.023112
2015-06-24,1.333,0.003765
2015-06-25,1.328,-0.003751
2015-06-26,1.306,-0.016566
2015-06-29,1.273,-0.025268000000000002
2015-06-30,1.289,0.012568999999999999
2015-07-01,1.294,0.003879
2015-07-02,1.284,-0.0077280000000000005
2015-07-03,1.268,-0.012461
2015-07-06,1.224,-0.0347
2015-07-07,1.2,-0.019608
2015-07-08,1.153,-0.039167
2015-07-09,1.177,0.020815
2015-07-10,1.192,0.012744
2015-07-13,1.207,0.012584
2015-07-14,1.203,-0.0033139999999999997
2015-07-15,1.192,-0.009144
2015-07-16,1.2,0.006711
2015-07-17,1.215,0.0125
2015-07-20,1.213,-0.001646
2015-07-21,1.224,0.009068
2015-07-22,1.215,-0.007352999999999999
2015-07-23,1.209,-0.0049380000000000005
2015-07-24,1.196,-0.010752999999999999
2015-07-27,1.154,-0.035116999999999995
2015-07-28,1.151,-0.0026
2015-07-29,1.154,0.002606
2015-07-30,1.157,0.0026
2015-07-31,1.163,0.005186
2015-08-03,1.144,-0.016337
2015-08-04,1.15,0.005245
2015-08-05,1.152,0.001739
2015-08-06,1.147,-0.00434
2015-08-07,1.153,0.005231
2015-08-10,1.16,0.006071
2015-08-11,1.174,0.012069000000000002
2015-08-12,1.163,-0.00937
2015-08-13,1.181,0.015477000000000001
2015-08-14,1.183,0.001693
2015-08-17,1.179,-0.0033810000000000003
2015-08-18,1.173,-0.005089
2015-08-19,1.162,-0.009378
2015-08-20,1.139,-0.019793
2015-08-21,1.115,-0.021071
2015-08-24,1.058,-0.051121
2015-08-25,1.083,0.023628999999999997
2015-08-26,1.077,-0.005540000000000001
2015-08-27,1.111,0.031569
2015-08-28,1.107,-0.0036
2015-08-31,1.1,-0.006323
2015-09-01,1.084,-0.014544999999999999
2015-09-02,1.079,-0.004613
2015-09-07,1.069,-0.009268
2015-09-08,1.081,0.011225
2015-09-09,1.104,0.021277
2015-09-10,1.092,-0.01087
2015-09-11,1.087,-0.004579
2015-09-14,1.085,-0.00184
2015-09-15,1.08,-0.004608
2015-09-16,1.099,0.017593
2015-09-17,1.097,-0.00182
2015-09-18,1.1,0.002735
2015-09-21,1.094,-0.005455
2015-09-22,1.094,0.0
2015-09-23,1.076,-0.016453
2015-09-24,1.079,0.002788
2015-09-25,1.079,0.0
2015-09-28,1.075,-0.003707
2015-09-29,1.059,-0.014884
2015-09-30,1.065,0.005666
2015-10-08,1.111,0.043192
2015-10-09,1.114,0.0027
2015-10-12,1.119,0.004488
2015-10-13,1.111,-0.007149
2015-10-14,1.108,-0.0027
2015-10-15,1.129,0.018953
2015-10-16,1.138,0.007972
2015-10-19,1.144,0.005272
2015-10-20,1.142,-0.0017480000000000002
2015-10-21,1.137,-0.004378
2015-10-22,1.139,0.001759
2015-10-23,1.152,0.011414
2015-10-26,1.154,0.0017360000000000001
2015-10-27,1.157,0.0026
2015-10-28,1.157,0.0
2015-10-29,1.149,-0.006914
2015-10-30,1.145,-0.003481
2015-11-02,1.137,-0.006987
2015-11-03,1.149,0.010554
2015-11-04,1.169,0.017405999999999998
2015-11-05,1.171,0.001711
2015-11-06,1.172,0.000854
2015-11-09,1.165,-0.005973000000000001
2015-11-10,1.153,-0.0103
2015-11-11,1.155,0.0017349999999999998
2015-11-12,1.165,0.008658
2015-11-13,1.129,-0.030901
2015-11-16,1.123,-0.005314
2015-11-17,1.128,0.004452
2015-11-18,1.135,0.006206000000000001
2015-11-19,1.146,0.009692
2015-11-20,1.16,0.012216
2015-11-23,1.158,-0.001724
2015-11-24,1.158,0.0
2015-11-25,1.162,0.003454
2015-11-26,1.16,-0.001721
2015-11-27,1.147,-0.011207
2015-11-30,1.151,0.003487
2015-12-01,1.159,0.00695
2015-12-02,1.168,0.007764999999999999
2015-12-03,1.165,-0.0025679999999999995
2015-12-04,1.159,-0.00515
2015-12-07,1.163,0.003451
2015-12-08,1.155,-0.006879
2015-12-09,1.155,0.0
2015-12-10,1.155,0.0
2015-12-11,1.141,-0.012121
2015-12-14,1.143,0.0017530000000000002
2015-12-15,1.15,0.006124000000000001
2015-12-16,1.16,0.008696
2015-12-17,1.168,0.0068969999999999995
2015-12-18,1.168,0.0
2015-12-21,1.168,0.0
2015-12-22,1.171,0.0025679999999999995
2015-12-23,1.173,0.001708
2015-12-24,1.172,-0.000853
2015-12-25,1.172,0.0
2015-12-28,1.164,-0.006826
2015-12-29,1.166,0.0017180000000000001
2015-12-30,1.162,-0.003431
2015-12-31,1.169,0.006024000000000001
2016-01-04,1.142,-0.023097
2016-01-05,1.138,-0.003503
2016-01-06,1.133,-0.004394
2016-01-07,1.106,-0.023831
2016-01-08,1.106,0.0
2016-01-11,1.092,-0.012658
2016-01-12,1.094,0.001832
2016-01-13,1.095,0.000914
2016-01-14,1.099,0.003653
2016-01-15,1.09,-0.008189
2016-01-18,1.081,-0.008257
2016-01-19,1.097,0.014801
2016-01-20,1.071,-0.023701
2016-01-21,1.056,-0.014006000000000001
2016-01-22,1.078,0.020833
2016-01-25,1.082,0.003711
2016-01-26,1.065,-0.015712
2016-01-27,1.064,-0.000939
2016-01-28,1.067,0.0028199999999999996
2016-01-29,1.084,0.015933
2016-02-01,1.09,0.005535
2016-02-02,1.088,-0.001835
2016-02-03,1.07,-0.016544
2016-02-04,1.077,0.006542
2016-02-05,1.07,-0.006500000000000001
2016-02-15,1.06,-0.009346
2016-02-16,1.068,0.007547000000000001
2016-02-17,1.072,0.003745
2016-02-18,1.087,0.013993
2016-02-19,1.088,0.00092
2016-02-22,1.099,0.01011
2016-02-23,1.094,-0.00455
2016-02-24,1.091,-0.002742
2016-02-25,1.081,-0.009166
2016-02-26,1.093,0.011101000000000001
2016-02-29,1.089,-0.00366
2016-03-01,1.098,0.008264
2016-03-02,1.119,0.019126
2016-03-03,1.115,-0.003575
2016-03-04,1.122,0.006278000000000001
2016-03-07,1.115,-0.006239
2016-03-08,1.109,-0.005381
2016-03-09,1.105,-0.0036070000000000004
2016-03-10,1.105,0.0
2016-03-11,1.115,0.00905
2016-03-14,1.121,0.005381
2016-03-15,1.118,-0.002676
2016-03-16,1.114,-0.003578
2016-03-17,1.12,0.005385999999999999
2016-03-18,1.131,0.009821
2016-03-21,1.142,0.009726
2016-03-22,1.152,0.008757000000000001
2016-03-23,1.153,0.0008680000000000001
2016-03-24,1.142,-0.00954
2016-03-25,1.142,0.0
2016-03-28,1.143,0.0008759999999999999
2016-03-29,1.146,0.002625
2016-03-30,1.158,0.010471
2016-03-31,1.159,0.0008640000000000001
2016-04-01,1.152,-0.00604
2016-04-05,1.146,-0.005208000000000001
2016-04-06,1.153,0.006108
2016-04-07,1.156,0.0026019999999999997
2016-04-08,1.161,0.004325
2016-04-11,1.162,0.000861
2016-04-12,1.166,0.003442
2016-04-13,1.18,0.012007
2016-04-14,1.183,0.002542
2016-04-15,1.185,0.001691
2016-04-18,1.173,-0.010126999999999999
2016-04-19,1.191,0.015345
2016-04-20,1.176,-0.012594000000000001
2016-04-21,1.183,0.005952
2016-04-22,1.175,-0.006762000000000001
2016-04-25,1.17,-0.004255
2016-04-26,1.168,-0.001709
2016-04-27,1.157,-0.009418
2016-04-28,1.16,0.002593
2016-04-29,1.149,-0.009483
2016-05-03,1.137,-0.010444
2016-05-04,1.145,0.007036
2016-05-05,1.145,0.0
2016-05-06,1.133,-0.01048
2016-05-09,1.132,-0.000883
2016-05-10,1.135,0.00265
2016-05-11,1.137,0.001762
2016-05-12,1.128,-0.007916
2016-05-13,1.128,0.0
2016-05-16,1.132,0.003546
2016-05-17,1.139,0.006183999999999999
2016-05-18,1.128,-0.009658
2016-05-19,1.132,0.003546
2016-05-20,1.138,0.0053
2016-05-23,1.136,-0.0017569999999999999
2016-05-24,1.138,0.001761
2016-05-25,1.159,0.018453
2016-05-26,1.159,0.0
2016-05-27,1.165,0.005177
2016-05-30,1.177,0.0103
2016-05-31,1.186,0.007647
2016-06-01,1.185,-0.000843
2016-06-02,1.182,-0.002532
2016-06-03,1.188,0.005076000000000001
2016-06-06,1.191,0.002525
2016-06-07,1.205,0.011755
2016-06-08,1.208,0.00249
2016-06-13,1.174,-0.028146
2016-06-14,1.171,-0.002555
2016-06-15,1.18,0.007685999999999999
2016-06-16,1.162,-0.015254
2016-06-17,1.165,0.0025819999999999997
2016-06-20,1.169,0.003433
2016-06-21,1.177,0.006843
2016-06-22,1.186,0.007647
2016-06-23,1.181,-0.004216
2016-06-24,1.162,-0.016088
2016-06-27,1.165,0.0025819999999999997
2016-06-28,1.165,0.0
2016-06-29,1.173,0.006867
2016-06-30,1.19,0.014493
2016-07-01,1.195,0.004202
2016-07-04,1.204,0.0075309999999999995
2016-07-05,1.196,-0.006645
2016-07-06,1.188,-0.0066890000000000005
2016-07-07,1.209,0.017677000000000002
2016-07-08,1.201,-0.006617
2016-07-11,1.22,0.01582
2016-07-12,1.232,0.009836000000000001
2016-07-13,1.231,-0.0008119999999999999
2016-07-14,1.239,0.0064990000000000004
2016-07-15,1.242,0.002421
2016-07-18,1.247,0.004026
2016-07-19,1.239,-0.006415
2016-07-20,1.246,0.00565
2016-07-21,1.254,0.006421
2016-07-22,1.244,-0.007974
2016-07-25,1.247,0.002412
2016-07-26,1.249,0.001604
2016-07-27,1.248,-0.0008010000000000001
2016-07-28,1.245,-0.002404
2016-07-29,1.226,-0.015261
2016-08-01,1.241,0.012235000000000001
2016-08-02,1.242,0.0008060000000000001
2016-08-03,1.227,-0.012077
2016-08-04,1.238,0.008964999999999999
2016-08-05,1.248,0.008078
2016-08-08,1.269,0.016827
2016-08-09,1.274,0.00394
2016-08-10,1.276,0.00157
2016-08-11,1.268,-0.00627
2016-08-12,1.281,0.010251999999999999
2016-08-15,1.284,0.002342
2016-08-16,1.276,-0.0062309999999999996
2016-08-17,1.266,-0.007837
2016-08-18,1.283,0.013428
2016-08-19,1.27,-0.010133000000000001
2016-08-22,1.28,0.007873999999999999
2016-08-23,1.279,-0.000781
2016-08-24,1.272,-0.0054730000000000004
2016-08-25,1.278,0.004717
2016-08-26,1.284,0.0046949999999999995
2016-08-29,1.291,0.005452
2016-08-30,1.293,0.001549
2016-08-31,1.287,-0.00464
2016-09-01,1.284,-0.002331
2016-09-02,1.287,0.002336
2016-09-05,1.307,0.01554
2016-09-06,1.316,0.006886
2016-09-07,1.307,-0.006839
2016-09-08,1.316,0.006886
2016-09-09,1.305,-0.008359
2016-09-12,1.273,-0.024521
2016-09-13,1.269,-0.003142
2016-09-14,1.276,0.005516
2016-09-19,1.295,0.01489
2016-09-20,1.293,-0.001544
2016-09-21,1.306,0.010054
2016-09-22,1.31,0.003063
2016-09-23,1.308,-0.001527
2016-09-26,1.289,-0.014525999999999999
2016-09-27,1.298,0.006982
2016-09-28,1.298,0.0
2016-09-29,1.305,0.005393
2016-09-30,1.29,-0.011493999999999999
2016-10-10,1.314,0.018605
2016-10-11,1.305,-0.006848999999999999
2016-10-12,1.304,-0.000766
2016-10-13,1.29,-0.010736
2016-10-14,1.288,-0.00155
2016-10-17,1.283,-0.003882
2016-10-18,1.294,0.008574
2016-10-19,1.293,-0.0007729999999999999
2016-10-20,1.294,0.0007729999999999999
2016-10-21,1.296,0.0015459999999999998
2016-10-24,1.308,0.009259
2016-10-25,1.312,0.003058
2016-10-26,1.299,-0.009909
2016-10-27,1.29,-0.006928
2016-10-28,1.286,-0.003101
2016-10-31,1.278,-0.006221
2016-11-01,1.285,0.005476999999999999
2016-11-02,1.265,-0.015564
2016-11-03,1.257,-0.006324
2016-11-04,1.253,-0.003182
2016-11-07,1.275,0.017558
2016-11-08,1.282,0.00549
2016-11-09,1.26,-0.017161
2016-11-10,1.272,0.009524
2016-11-11,1.264,-0.006289
2016-11-14,1.251,-0.010284999999999999
2016-11-15,1.254,0.002398
2016-11-16,1.264,0.007974
2016-11-17,1.267,0.002373
2016-11-18,1.27,0.0023680000000000003
2016-11-21,1.271,0.000787
2016-11-22,1.274,0.0023599999999999997
2016-11-23,1.274,0.0
2016-11-24,1.275,0.000785
2016-11-25,1.28,0.003922
2016-11-28,1.291,0.008594000000000001
2016-11-29,1.286,-0.0038729999999999997
2016-11-30,1.288,0.001555
2016-12-01,1.289,0.000776
2016-12-02,1.274,-0.011637
2016-12-05,1.272,-0.00157
2016-12-06,1.273,0.000786
2016-12-07,1.282,0.00707
2016-12-08,1.287,0.0039000000000000003
2016-12-09,1.28,-0.005439
2016-12-12,1.263,-0.013281000000000001
2016-12-13,1.263,0.0
2016-12-14,1.262,-0.0007920000000000001
2016-12-15,1.253,-0.0071319999999999995
2016-12-16,1.257,0.003192
2016-12-19,1.246,-0.008751
2016-12-20,1.243,-0.002408
2016-12-21,1.246,0.002414
2016-12-22,1.236,-0.008026
2016-12-23,1.231,-0.004045
2016-12-26,1.232,0.0008119999999999999
2016-12-27,1.233,0.0008119999999999999
2016-12-28,1.242,0.007299
2016-12-29,1.244,0.00161
2016-12-30,1.251,0.005627
2016-12-31,1.251,0.0
2017-01-03,1.254,0.002398
2017-01-04,1.257,0.002392
2017-01-05,1.269,0.009547
2017-01-06,1.257,-0.009455999999999999
2017-01-09,1.261,0.003182
2017-01-10,1.269,0.006344
2017-01-11,1.273,0.003152
2017-01-12,1.272,-0.000786
2017-01-13,1.272,0.0
2017-01-16,1.264,-0.006289
2017-01-17,1.273,0.00712
2017-01-18,1.273,0.0
2017-01-19,1.274,0.000786
2017-01-20,1.276,0.00157
2017-01-23,1.282,0.0047020000000000005
2017-01-24,1.285,0.00234
2017-01-25,1.294,0.007004
2017-01-26,1.301,0.005410000000000001
2017-02-03,1.297,-0.003075
2017-02-06,1.311,0.010794
2017-02-07,1.311,0.0
2017-02-08,1.321,0.007628
2017-02-09,1.321,0.0
2017-02-10,1.327,0.004542
2017-02-13,1.342,0.011304000000000002
2017-02-14,1.34,-0.00149
2017-02-15,1.332,-0.00597
2017-02-16,1.34,0.006006
2017-02-17,1.327,-0.009701
2017-02-20,1.339,0.009043
2017-02-21,1.338,-0.000747
2017-02-22,1.355,0.012706
2017-02-23,1.352,-0.0022140000000000003
2017-02-24,1.339,-0.009615
2017-02-27,1.338,-0.000747
2017-02-28,1.331,-0.005232
2017-03-01,1.334,0.002254
2017-03-02,1.33,-0.002999
2017-03-03,1.327,-0.0022559999999999998
2017-03-06,1.336,0.006782
2017-03-07,1.34,0.002994
2017-03-08,1.341,0.000746
2017-03-09,1.334,-0.00522
2017-03-10,1.339,0.003748
2017-03-13,1.36,0.015683
2017-03-14,1.359,-0.000735
2017-03-15,1.366,0.005151
2017-03-16,1.383,0.012445
2017-03-17,1.389,0.004338
2017-03-20,1.401,0.008639
2017-03-21,1.41,0.006424
2017-03-22,1.396,-0.009929
2017-03-23,1.388,-0.005731000000000001
2017-03-24,1.39,0.001441
2017-03-27,1.372,-0.01295
2017-03-28,1.375,0.002187
2017-03-29,1.378,0.002182
2017-03-30,1.368,-0.007257
2017-03-31,1.367,-0.000731
2017-04-05,1.379,0.008778000000000001
2017-04-06,1.373,-0.004351
2017-04-07,1.379,0.00437
2017-04-10,1.374,-0.003626
2017-04-11,1.365,-0.00655
2017-04-12,1.371,0.004396
2017-04-13,1.366,-0.003647
2017-04-14,1.369,0.002196
2017-04-17,1.37,0.00073
2017-04-18,1.363,-0.005109
2017-04-19,1.36,-0.002201
2017-04-20,1.379,0.013971
2017-04-21,1.382,0.002175
2017-04-24,1.38,-0.001447
2017-04-25,1.398,0.013043
2017-04-26,1.401,0.0021460000000000003
2017-04-27,1.403,0.001428
2017-04-28,1.404,0.000713
2017-05-02,1.413,0.00641
2017-05-03,1.411,-0.0014149999999999998
2017-05-04,1.402,-0.006378
2017-05-05,1.395,-0.004993
2017-05-08,1.406,0.007885
2017-05-09,1.421,0.010669
2017-05-10,1.428,0.004926
2017-05-11,1.428,0.0
2017-05-12,1.428,0.0
2017-05-15,1.431,0.002101
2017-05-16,1.446,0.010482
2017-05-17,1.427,-0.01314
2017-05-18,1.415,-0.008409
2017-05-19,1.431,0.011307000000000001
2017-05-22,1.445,0.009783
2017-05-23,1.439,-0.004152
2017-05-24,1.438,-0.0006950000000000001
2017-05-25,1.451,0.00904
2017-05-26,1.447,-0.002757
2017-05-31,1.433,-0.009675
2017-06-01,1.434,0.000698
2017-06-02,1.434,0.0
2017-06-05,1.437,0.002092
2017-06-06,1.426,-0.0076549999999999995
2017-06-07,1.427,0.0007009999999999999
2017-06-08,1.447,0.014015
2017-06-09,1.44,-0.004838
2017-06-12,1.43,-0.0069440000000000005
2017-06-13,1.433,0.002098
2017-06-14,1.43,-0.002094
2017-06-15,1.417,-0.009091
2017-06-16,1.43,0.009174
2017-06-19,1.442,0.008392
2017-06-20,1.443,0.000693
2017-06-21,1.448,0.0034649999999999998
2017-06-22,1.452,0.002762
2017-06-23,1.457,0.003444
2017-06-26,1.464,0.004804
2017-06-27,1.457,-0.0047810000000000005
2017-06-28,1.444,-0.008922
2017-06-29,1.444,0.0
2017-06-30,1.434,-0.006925
2017-07-03,1.437,0.002092
2017-07-04,1.422,-0.010438000000000001
2017-07-05,1.439,0.011955
2017-07-06,1.436,-0.002085
2017-07-07,1.43,-0.004178
2017-07-10,1.438,0.005594
2017-07-11,1.459,0.014603999999999999
2017-07-12,1.472,0.00891
2017-07-13,1.49,0.012228000000000001
2017-07-14,1.493,0.002013
2017-07-17,1.496,0.002009
2017-07-18,1.513,0.011364
2017-07-19,1.525,0.007931
2017-07-20,1.519,-0.003934
2017-07-21,1.514,-0.003292
2017-07-24,1.524,0.006605
2017-07-25,1.523,-0.000656
2017-07-26,1.527,0.002626
2017-07-27,1.525,-0.00131
2017-07-28,1.528,0.001967
2017-07-31,1.532,0.0026179999999999997
2017-08-01,1.531,-0.0006529999999999999
2017-08-02,1.536,0.003266
2017-08-03,1.529,-0.004557
2017-08-04,1.531,0.001308
2017-08-07,1.554,0.015023
2017-08-08,1.557,0.001931
2017-08-09,1.548,-0.0057799999999999995
2017-08-10,1.526,-0.014212
2017-08-11,1.512,-0.009174
2017-08-14,1.533,0.013889
2017-08-15,1.537,0.002609
2017-08-16,1.55,0.008458
2017-08-17,1.551,0.0006450000000000001
2017-08-18,1.555,0.002579
2017-08-21,1.561,0.003859
2017-08-22,1.569,0.005124999999999999
2017-08-23,1.571,0.001275
2017-08-24,1.579,0.005092
2017-08-25,1.575,-0.002533
2017-08-28,1.553,-0.013968000000000001
2017-08-29,1.552,-0.000644
2017-08-30,1.559,0.00451
2017-08-31,1.557,-0.001283
2017-09-01,1.562,0.003211
2017-09-04,1.55,-0.007682
2017-09-05,1.546,-0.002581
2017-09-06,1.543,-0.00194
2017-09-07,1.551,0.0051849999999999995
2017-09-08,1.544,-0.004513
2017-09-11,1.553,0.005829
2017-09-12,1.571,0.01159
2017-09-13,1.582,0.007002
2017-09-14,1.58,-0.0012640000000000001
2017-09-15,1.58,0.0
2017-09-18,1.592,0.007594999999999999
2017-09-19,1.591,-0.000628
2017-09-20,1.604,0.008171000000000001
2017-09-21,1.608,0.002494
2017-09-22,1.594,-0.008706
2017-09-25,1.557,-0.023212
2017-09-26,1.55,-0.004496
2017-09-27,1.574,0.015484
2017-09-28,1.57,-0.002541
2017-09-29,1.581,0.007006
2017-10-09,1.638,0.036053
2017-10-10,1.643,0.003053
2017-10-11,1.638,-0.003043
2017-10-12,1.633,-0.003053
2017-10-13,1.641,0.004899
2017-10-16,1.657,0.00975
2017-10-17,1.643,-0.008449
2017-10-18,1.649,0.0036520000000000003
2017-10-19,1.635,-0.00849
2017-10-20,1.651,0.009786
2017-10-23,1.65,-0.000606
2017-10-24,1.64,-0.0060609999999999995
2017-10-25,1.637,-0.0018290000000000001
2017-10-26,1.622,-0.009163
2017-10-27,1.628,0.003699
2017-10-30,1.634,0.003686
2017-10-31,1.643,0.005508
2017-11-01,1.652,0.005477999999999999
2017-11-02,1.643,-0.005448
2017-11-03,1.643,0.0
2017-11-06,1.657,0.008520999999999999
2017-11-07,1.678,0.012674000000000001
2017-11-08,1.677,-0.000596
2017-11-09,1.69,0.007752
2017-11-10,1.698,0.0047339999999999995
2017-11-13,1.703,0.0029449999999999997
2017-11-14,1.69,-0.007633999999999999
2017-11-15,1.67,-0.011834
2017-11-16,1.695,0.01497
2017-11-17,1.709,0.00826
2017-11-20,1.705,-0.002341
2017-11-21,1.74,0.020528
2017-11-22,1.74,0.0
2017-11-23,1.708,-0.018391
2017-11-24,1.714,0.003513
2017-11-27,1.687,-0.015753
2017-11-28,1.702,0.008892
2017-11-29,1.683,-0.011163000000000001
2017-11-30,1.646,-0.021985
2017-12-01,1.631,-0.009113
2017-12-04,1.638,0.004292000000000001
2017-12-05,1.618,-0.01221
2017-12-06,1.583,-0.021632
2017-12-07,1.597,0.008844
2017-12-08,1.628,0.019411
2017-12-11,1.65,0.013514
2017-12-12,1.629,-0.012726999999999999
2017-12-13,1.632,0.001842
2017-12-14,1.627,-0.003064
2017-12-15,1.609,-0.011063
2017-12-18,1.614,0.003108
2017-12-19,1.625,0.006815
2017-12-20,1.618,-0.004308
2017-12-21,1.621,0.0018540000000000002
2017-12-22,1.635,0.008637
2017-12-25,1.629,-0.00367
2017-12-26,1.619,-0.006139
2017-12-27,1.605,-0.008647
2017-12-28,1.625,0.012461
2017-12-29,1.628,0.0018459999999999998
2017-12-31,1.628,0.0
2018-01-02,1.665,0.022727
2018-01-03,1.668,0.001802
2018-01-04,1.679,0.006595
2018-01-05,1.677,-0.001191
2018-01-08,1.673,-0.002385
2018-01-09,1.686,0.00777
2018-01-10,1.69,0.002372
2018-01-11,1.681,-0.005325
2018-01-12,1.696,0.008923
2018-01-15,1.681,-0.008844
2018-01-16,1.684,0.001785
2018-01-17,1.684,0.0
2018-01-18,1.689,0.002969
2018-01-19,1.694,0.00296
2018-01-22,1.703,0.005313
2018-01-23,1.724,0.012331000000000002
2018-01-24,1.707,-0.009861
2018-01-25,1.7,-0.0041010000000000005
2018-01-26,1.716,0.009412
2018-01-29,1.697,-0.011072
2018-01-30,1.685,-0.007070999999999999
2018-01-31,1.7,0.008902
2018-02-01,1.679,-0.012353000000000001
2018-02-02,1.684,0.002978
2018-02-05,1.676,-0.004751
2018-02-06,1.591,-0.050716000000000004
2018-02-07,1.568,-0.014456
2018-02-08,1.569,0.000638
2018-02-09,1.537,-0.020395
2018-02-12,1.553,0.010409999999999999
2018-02-13,1.588,0.022536999999999998
2018-02-14,1.616,0.017632000000000002
2018-02-22,1.665,0.030322
2018-02-23,1.683,0.010811
2018-02-26,1.692,0.005348
2018-02-27,1.658,-0.020095000000000002
2018-02-28,1.646,-0.007238
2018-03-01,1.654,0.00486
2018-03-02,1.626,-0.016929
2018-03-05,1.606,-0.0123
2018-03-06,1.641,0.021793
2018-03-07,1.626,-0.009141
2018-03-08,1.637,0.006765
2018-03-09,1.66,0.01405
2018-03-12,1.676,0.009639
2018-03-13,1.672,-0.002387
2018-03-14,1.662,-0.005980999999999999
2018-03-15,1.669,0.0042120000000000005
2018-03-16,1.669,0.0
2018-03-19,1.67,0.000599
2018-03-20,1.677,0.004192
2018-03-21,1.664,-0.007752
2018-03-22,1.633,-0.01863
2018-03-23,1.6,-0.020208
2018-03-26,1.612,0.0075
2018-03-27,1.614,0.001241
2018-03-28,1.573,-0.025403
2018-03-29,1.58,0.00445
2018-03-30,1.578,-0.001266
2018-04-02,1.57,-0.00507
2018-04-03,1.574,0.0025480000000000004
2018-04-04,1.556,-0.011436
2018-04-09,1.601,0.028919999999999998
2018-04-10,1.629,0.017488999999999998
2018-04-11,1.624,-0.003069
2018-04-12,1.614,-0.006158
2018-04-13,1.621,0.004337
2018-04-16,1.612,-0.0055520000000000005
2018-04-17,1.589,-0.014268000000000001
2018-04-18,1.588,-0.000629
2018-04-19,1.607,0.011964999999999998
2018-04-20,1.578,-0.018046
2018-04-23,1.571,-0.004436
2018-04-24,1.597,0.01655
2018-04-25,1.587,-0.006262
2018-04-26,1.57,-0.010712
2018-04-27,1.595,0.015924
2018-05-02,1.629,0.021317
2018-05-03,1.632,0.001842
2018-05-04,1.625,-0.004289
2018-05-07,1.653,0.017231
2018-05-08,1.668,0.009074
2018-05-09,1.677,0.005396
2018-05-10,1.696,0.01133
2018-05-11,1.686,-0.005896
2018-05-14,1.705,0.011269
2018-05-15,1.708,0.0017599999999999998
2018-05-16,1.731,0.013466
2018-05-17,1.735,0.002311
2018-05-18,1.736,0.000576
2018-05-21,1.744,0.004608
2018-05-22,1.742,-0.001147
2018-05-23,1.741,-0.000574
2018-05-24,1.752,0.006318000000000001
2018-05-25,1.74,-0.006848999999999999
2018-05-28,1.772,0.018391
2018-05-29,1.744,-0.015801
2018-05-30,1.737,-0.004014
2018-05-31,1.767,0.017271
2018-06-01,1.771,0.002264
2018-06-04,1.782,0.0062109999999999995
2018-06-05,1.795,0.007295
2018-06-06,1.807,0.006685
2018-06-07,1.783,-0.013282
2018-06-08,1.772,-0.006169
2018-06-11,1.785,0.0073360000000000005
2018-06-12,1.825,0.022409
2018-06-13,1.805,-0.010959000000000002
2018-06-14,1.773,-0.017728999999999998
2018-06-15,1.785,0.006768
2018-06-19,1.731,-0.030251999999999998
2018-06-20,1.751,0.011554
2018-06-21,1.724,-0.01542
2018-06-22,1.735,0.006381
2018-06-25,1.694,-0.023631000000000003
2018-06-26,1.685,-0.005313
2018-06-27,1.656,-0.017211
2018-06-28,1.66,0.002415
2018-06-29,1.703,0.025903999999999996
2018-06-30,1.703,0.0
2018-07-02,1.702,-0.0005870000000000001
2018-07-03,1.697,-0.002938
2018-07-04,1.666,-0.018268
2018-07-05,1.642,-0.014406
2018-07-06,1.666,0.014616
2018-07-09,1.711,0.027010999999999997
2018-07-10,1.699,-0.007013
2018-07-11,1.684,-0.008829
2018-07-12,1.734,0.029691000000000002
2018-07-13,1.744,0.0057669999999999996
2018-07-16,1.743,-0.0005729999999999999
2018-07-17,1.729,-0.008032000000000001
2018-07-18,1.746,0.009832
2018-07-19,1.729,-0.009737
2018-07-20,1.752,0.013302000000000001
2018-07-23,1.743,-0.005137
2018-07-24,1.77,0.015491
2018-07-25,1.784,0.00791
2018-07-26,1.764,-0.011211
2018-07-27,1.771,0.003968
2018-07-30,1.751,-0.011293
2018-07-31,1.725,-0.014849000000000001
2018-08-01,1.717,-0.004638
2018-08-02,1.681,-0.020967
2018-08-03,1.677,-0.0023799999999999997
2018-08-06,1.671,-0.003578
2018-08-07,1.703,0.01915
2018-08-08,1.703,0.0
2018-08-09,1.729,0.015267
2018-08-10,1.73,0.000578
2018-08-13,1.674,-0.03237
2018-08-14,1.657,-0.010155
2018-08-15,1.629,-0.016898
2018-08-16,1.624,-0.003069
2018-08-17,1.603,-0.012931
2018-08-20,1.61,0.004366999999999999
2018-08-21,1.632,0.013665
2018-08-22,1.62,-0.007352999999999999
2018-08-23,1.622,0.001235
2018-08-24,1.626,0.0024660000000000003
2018-08-27,1.644,0.01107
2018-08-28,1.644,0.0
2018-08-29,1.659,0.009124
2018-08-30,1.643,-0.009644
2018-08-31,1.636,-0.00426
2018-09-03,1.624,-0.007335
2018-09-04,1.629,0.003079
2018-09-05,1.607,-0.013505
2018-09-06,1.596,-0.006845
2018-09-07,1.433,0.001817
2018-09-10,1.41,-0.01605
2018-09-11,1.411,0.000709
2018-09-12,1.407,-0.002835
2018-09-13,1.418,0.007818
2018-09-14,1.429,0.007756999999999999
2018-09-17,1.42,-0.006298000000000001
2018-09-18,1.422,0.0014080000000000002
2018-09-19,1.435,0.009142
2018-09-20,1.436,0.000697
2018-09-21,1.452,0.011142
2018-09-25,1.442,-0.006887
2018-09-26,1.451,0.006241
2018-09-27,1.457,0.004135
2018-09-28,1.458,0.000686
2018-10-08,1.378,-0.05487
2018-10-09,1.371,-0.00508
2018-10-10,1.36,-0.008023
2018-10-11,1.323,-0.027206
2018-10-12,1.356,0.024943
2018-10-15,1.344,-0.00885
2018-10-16,1.353,0.006696
2018-10-17,1.35,-0.0022170000000000002
2018-10-18,1.341,-0.006666999999999999
2018-10-19,1.346,0.003729
2018-10-22,1.37,0.017831
2018-10-23,1.342,-0.020438
2018-10-24,1.333,-0.006706
2018-10-25,1.329,-0.0030009999999999998
2018-10-26,1.323,-0.004515
2018-10-29,1.302,-0.015872999999999998
2018-10-30,1.309,0.005376
2018-10-31,1.34,0.023681999999999998
2018-11-01,1.361,0.015672
2018-11-02,1.394,0.024247
2018-11-05,1.377,-0.012195000000000001
2018-11-06,1.386,0.006535999999999999
2018-11-07,1.393,0.005051
2018-11-08,1.395,0.001436
2018-11-09,1.367,-0.020072
2018-11-12,1.369,0.001463
2018-11-13,1.388,0.013878999999999999
2018-11-14,1.385,-0.0021609999999999997
2018-11-15,1.41,0.018050999999999998
2018-11-16,1.39,-0.014184
2018-11-19,1.378,-0.008633
2018-11-20,1.366,-0.008708
2018-11-21,1.389,0.016837
2018-11-22,1.39,0.0007199999999999999
2018-11-23,1.38,-0.007194000000000001
2018-11-26,1.394,0.010145
2018-11-27,1.396,0.0014349999999999999
2018-11-28,1.414,0.012894000000000001
2018-11-29,1.401,-0.009194
2018-11-30,1.404,0.002141
2018-12-03,1.422,0.012821
2018-12-04,1.403,-0.013361000000000001
2018-12-05,1.385,-0.01283
2018-12-06,1.364,-0.015162
2018-12-07,1.368,0.002933
2018-12-10,1.355,-0.009503000000000001
2018-12-11,1.367,0.008856000000000001
2018-12-12,1.38,0.00951
2018-12-13,1.382,0.001449
2018-12-14,1.368,-0.010129999999999998
2018-12-17,1.359,-0.006579000000000001
2018-12-18,1.349,-0.007358
2018-12-19,1.348,-0.000741
2018-12-20,1.343,-0.003709
2018-12-21,1.331,-0.008935
2018-12-24,1.332,0.000751
2018-12-25,1.329,-0.002252
2018-12-26,1.332,0.0022570000000000003
2018-12-27,1.333,0.000751
2018-12-28,1.334,0.00075
2018-12-31,1.34,0.0
2019-01-02,1.319,-0.011244
2019-01-03,1.308,-0.00834
2019-01-04,1.323,0.011468
2019-01-07,1.338,0.011337999999999999
2019-01-08,1.344,0.004484
2019-01-09,1.368,0.017857
2019-01-10,1.368,0.0
2019-01-11,1.362,-0.004386
2019-01-14,1.344,-0.013216
2019-01-15,1.364,0.014881
2019-01-16,1.374,0.007331
2019-01-17,1.377,0.002183
2019-01-18,1.384,0.005084
2019-01-21,1.383,-0.000723
2019-01-22,1.37,-0.009399999999999999
2019-01-23,1.37,0.0
2019-01-24,1.379,0.006569
2019-01-25,1.397,0.013052999999999999
2019-01-28,1.389,-0.0057269999999999995
2019-01-29,1.385,-0.0028799999999999997
2019-01-30,1.391,0.004332
2019-01-31,1.399,0.005750999999999999
2019-02-01,1.403,0.0
2019-02-11,1.417,0.009979
2019-02-12,1.429,0.008468999999999999
2019-02-13,1.435,0.004199
2019-02-14,1.443,0.005575
2019-02-15,1.418,-0.017325
2019-02-18,1.433,0.010578
2019-02-19,1.429,-0.002791
2019-02-20,1.446,0.011896
2019-02-21,1.442,-0.0027660000000000002
2019-02-22,1.467,0.017337
2019-02-25,1.48,0.008862
2019-02-26,1.471,-0.006081
2019-02-27,1.463,-0.005437999999999999
2019-02-28,1.457,-0.0041010000000000005
2019-03-01,1.468,0.00755
2019-03-04,1.483,0.010218
2019-03-05,1.49,0.004719999999999999
2019-03-06,1.488,-0.001342
2019-03-07,1.463,-0.016801
2019-03-08,1.435,-0.019139
2019-03-11,1.462,0.018815
2019-03-12,1.473,0.0075239999999999994
2019-03-13,1.461,-0.008147
2019-03-14,1.452,-0.00616
2019-03-15,1.461,0.006198
2019-03-18,1.477,0.010950999999999999
2019-03-19,1.48,0.002031
2019-03-20,1.471,-0.006081
2019-03-21,1.464,-0.004759
2019-03-22,1.461,-0.002049
2019-03-25,1.441,-0.013689
2019-03-26,1.439,-0.0013880000000000001
2019-03-27,1.451,0.008339
2019-03-28,1.453,0.001378
2019-03-29,1.481,0.01927
2019-04-01,1.488,0.004727
2019-04-02,1.487,-0.000672
2019-04-03,1.498,0.007397
2019-04-04,1.499,0.000668
2019-04-08,1.512,0.008672
2019-04-09,1.521,0.005952
2019-04-10,1.517,-0.00263
2019-04-11,1.5,-0.011206
2019-04-12,1.512,0.008
2019-04-15,1.502,-0.006614
2019-04-16,1.514,0.007989000000000001
2019-04-17,1.522,0.005284
2019-04-18,1.519,-0.001971
2019-04-19,1.522,0.001975
2019-04-22,1.523,0.0006569999999999999
2019-04-23,1.524,0.0006569999999999999
2019-04-24,1.525,0.000656
2019-04-25,1.505,-0.013115000000000002
2019-04-26,1.499,-0.003987
2019-04-29,1.503,0.002668
2019-04-30,1.509,0.003992
2019-05-06,1.478,-0.020543
2019-05-07,1.476,-0.001353
2019-05-08,1.456,-0.01355
2019-05-09,1.429,-0.018544
2019-05-10,1.454,0.017495
2019-05-13,1.439,-0.010316
2019-05-14,1.43,-0.006253999999999999
2019-05-15,1.457,0.018881
2019-05-16,1.454,-0.002059
2019-05-17,1.431,-0.015818000000000002
2019-05-20,1.391,-0.027951999999999998
2019-05-21,1.397,0.004313
2019-05-22,1.393,-0.002863
2019-05-23,1.366,-0.019382999999999997
2019-05-24,1.366,0.0
2019-05-27,1.365,-0.000732
2019-05-28,1.379,0.010256000000000001
2019-05-29,1.373,-0.004351
2019-05-30,1.374,0.000728
2019-05-31,1.376,0.001456
2019-06-03,1.372,-0.0029070000000000003
2019-06-04,1.366,-0.004373
2019-06-05,1.369,0.002196
2019-06-06,1.36,-0.006574
2019-06-10,1.385,0.018382
2019-06-11,1.393,0.005776
2019-06-12,1.378,-0.010768
2019-06-13,1.38,0.001451
2019-06-14,1.368,-0.008696
2019-06-17,1.371,0.002193
2019-06-18,1.382,0.008023
2019-06-19,1.403,0.015195
2019-06-20,1.418,0.010690999999999999
2019-06-21,1.413,-0.003526
2019-06-24,1.415,0.0014149999999999998
2019-06-25,1.408,-0.004947
2019-06-26,1.416,0.005682
2019-06-27,1.428,0.008475
2019-06-28,1.424,-0.002801
2019-06-30,1.424,0.0
2019-07-01,1.43,0.004213
2019-07-02,1.441,0.007692
2019-07-03,1.438,-0.002082
2019-07-04,1.431,-0.004868
2019-07-05,1.428,-0.002096
2019-07-08,1.404,-0.016807000000000002
2019-07-09,1.391,-0.009259
2019-07-10,1.4,0.00647
2019-07-11,1.403,0.002143
2019-07-12,1.403,0.0
2019-07-15,1.426,0.016393
2019-07-16,1.437,0.0077139999999999995
2019-07-17,1.444,0.0048709999999999995
2019-07-18,1.437,-0.004848
2019-07-19,1.447,0.006959
2019-07-22,1.451,0.002764
2019-07-23,1.458,0.004824
2019-07-24,1.466,0.005487
2019-07-25,1.474,0.005457
2019-07-26,1.471,-0.002035
2019-07-29,1.473,0.00136
2019-07-30,1.477,0.002716
2019-07-31,1.459,-0.012186999999999998
2019-08-01,1.445,-0.009596
2019-08-02,1.41,-0.024221
2019-08-05,1.376,-0.024113000000000002
2019-08-06,1.383,0.005087
2019-08-07,1.394,0.007954
2019-08-08,1.412,0.012912
2019-08-09,1.399,-0.009207
2019-08-12,1.397,-0.0014299999999999998
2019-08-13,1.383,-0.010021
2019-08-14,1.385,0.001446
2019-08-15,1.385,0.0
2019-08-16,1.4,0.01083
2019-08-19,1.424,0.017143
2019-08-20,1.429,0.0035110000000000002
2019-08-21,1.444,0.010497000000000001
2019-08-22,1.442,-0.0013850000000000002
2019-08-23,1.443,0.000693
2019-08-26,1.43,-0.009009
2019-08-27,1.44,0.006993
2019-08-28,1.441,0.0006940000000000001
2019-08-29,1.449,0.0055520000000000005
2019-08-30,1.461,0.008282000000000001
2019-09-02,1.469,0.005476
2019-09-03,1.442,-0.01838
2019-09-04,1.474,0.022191000000000002
2019-09-05,1.493,0.012889999999999999
2019-09-06,1.498,0.0033489999999999995
2019-09-09,1.508,0.006676
2019-09-10,1.49,-0.011936
2019-09-11,1.493,0.002013
2019-09-12,1.501,0.005358000000000001
2019-09-16,1.507,0.003997
2019-09-17,1.497,-0.0066359999999999995
2019-09-18,1.507,0.00668
2019-09-19,1.509,0.001327
2019-09-20,1.514,0.003313
2019-09-23,1.494,-0.01321
2019-09-24,1.49,-0.002677
2019-09-25,1.48,-0.006711
2019-09-26,1.487,0.00473
2019-09-27,1.48,-0.004707
2019-09-30,1.475,-0.003378
2019-10-08,1.498,0.015593
2019-10-09,1.492,-0.004005
2019-10-10,1.506,0.009383
2019-10-11,1.521,0.00996
2019-10-14,1.529,0.00526
2019-10-15,1.535,0.003924
2019-10-16,1.534,-0.0006510000000000001
2019-10-17,1.543,0.005867
2019-10-18,1.535,-0.0051849999999999995
2019-10-21,1.544,0.005863
2019-10-22,1.537,-0.004534
2019-10-23,1.523,-0.009109
2019-10-24,1.53,0.004596
2019-10-25,1.533,0.001961
2019-10-28,1.549,0.010437
2019-10-29,1.552,0.0019370000000000001
2019-10-30,1.542,-0.006443
2019-10-31,1.55,0.005188000000000001
2019-11-01,1.553,0.001935
2019-11-04,1.584,0.019961
2019-11-05,1.593,0.005682
2019-11-06,1.584,-0.00565
2019-11-07,1.592,0.005051
2019-11-08,1.579,-0.008166
2019-11-11,1.543,-0.022799
2019-11-12,1.554,0.007129
2019-11-13,1.538,-0.010296000000000001
2019-11-14,1.531,-0.004551
2019-11-15,1.539,0.005225
2019-11-18,1.552,0.008447
2019-11-19,1.568,0.010308999999999999
2019-11-20,1.559,-0.0057399999999999994
2019-11-21,1.543,-0.010263
2019-11-22,1.556,0.008425
2019-11-25,1.567,0.007069
2019-11-26,1.569,0.001276
2019-11-27,1.58,0.007011
2019-11-28,1.577,-0.001899
2019-11-29,1.555,-0.013951
2019-12-02,1.566,0.007074
2019-12-03,1.565,-0.000639
2019-12-04,1.561,-0.002556
2019-12-05,1.585,0.015375000000000002
2019-12-06,1.596,0.006939999999999999
2019-12-09,1.596,0.0
2019-12-10,1.589,-0.004386
2019-12-11,1.529,0.007552
2019-12-12,1.549,0.013080000000000001
2019-12-13,1.572,0.014847999999999998
2019-12-16,1.564,-0.005089
2019-12-17,1.59,0.016624
2019-12-18,1.591,0.000629
2019-12-19,1.585,-0.003771
2019-12-20,1.58,-0.003155
2019-12-23,1.587,0.00443
2019-12-24,1.59,0.00189
2019-12-25,1.589,-0.000629
2019-12-26,1.584,-0.0031469999999999996
2019-12-27,1.606,0.013889
2019-12-30,1.608,0.001245
2019-12-31,1.6,-0.004975
2020-01-02,1.624,0.015
2020-01-03,1.628,0.002463
2020-01-06,1.613,-0.009214
2020-01-07,1.621,0.00496
2020-01-08,1.606,-0.009254
2020-01-09,1.633,0.016812
2020-01-10,1.639,0.003674
2020-01-13,1.657,0.010982
2020-01-14,1.65,-0.004225
2020-01-15,1.644,-0.003636
2020-01-16,1.657,0.007908
2020-01-17,1.672,0.009053
2020-01-20,1.662,-0.005980999999999999
2020-01-21,1.617,-0.027076
2020-01-22,1.652,0.021644999999999998
2020-01-23,1.614,0.0
2020-02-03,1.555,-0.036555
2020-02-04,1.609,0.034727
2020-02-05,1.622,0.00808
2020-02-06,1.667,0.027744
2020-02-07,1.665,-0.0012
2020-02-10,1.659,-0.003604
2020-02-11,1.68,0.012658
2020-02-12,1.697,0.010119
2020-02-13,1.71,0.007661
2020-02-14,1.712,0.00117
2020-02-17,1.726,0.008178
2020-02-18,1.704,-0.012746
2020-02-19,1.718,0.008216
2020-02-20,1.729,0.006403
2020-02-21,1.708,-0.012145999999999999
2020-02-24,1.689,-0.011124
2020-02-25,1.706,0.010065
2020-02-26,1.683,-0.013482000000000001
2020-02-27,1.692,0.005348
2020-02-28,1.649,-0.025414
2020-03-02,1.674,0.015161
2020-03-03,1.669,-0.002987
2020-03-04,1.686,0.010185999999999999
2020-03-05,1.714,0.016607
2020-03-06,1.679,-0.020419999999999997
2020-03-09,1.607,-0.042883
2020-03-10,1.641,0.021157
2020-03-11,1.652,0.006703
2020-03-12,1.585,-0.040556999999999996
2020-03-13,1.602,0.010726
2020-03-16,1.492,-0.068664
2020-03-17,1.503,0.007372999999999999
2020-03-18,1.441,-0.041250999999999996
2020-03-19,1.408,-0.022900999999999998
2020-03-20,1.501,0.066051
2020-03-23,1.44,-0.04064
2020-03-24,1.51,0.048611
2020-03-25,1.567,0.037748
2020-03-26,1.562,-0.003191
2020-03-27,1.556,-0.003841
2020-03-30,1.539,-0.010925
2020-03-31,1.571,0.020793
2020-04-01,1.548,-0.01464
2020-04-02,1.565,0.010982
2020-04-03,1.555,-0.00639
2020-04-07,1.607,0.033441
2020-04-08,1.583,-0.014935
2020-04-09,1.602,0.012003
2020-04-10,1.597,-0.003121
2020-04-13,1.596,-0.000626
2020-04-14,1.627,0.019424
2020-04-15,1.616,-0.0067610000000000005
2020-04-16,1.634,0.011139
2020-04-17,1.653,0.011628000000000001
2020-04-20,1.665,0.00726
2020-04-21,1.635,-0.018018
2020-04-22,1.669,0.020794999999999998
2020-04-23,1.666,-0.001797
2020-04-24,1.64,-0.015606
2020-04-27,1.667,0.016463000000000002
2020-04-28,1.677,0.005999
2020-04-29,1.68,0.001789
2020-04-30,1.676,-0.002381
2020-05-06,1.675,-0.000597
2020-05-07,1.694,0.011343
2020-05-08,1.709,0.008855
2020-05-11,1.724,0.008777
2020-05-12,1.745,0.012180999999999999
2020-05-13,1.769,0.013753999999999999
2020-05-14,1.765,-0.002261
2020-05-15,1.79,0.014164000000000001
2020-05-18,1.738,0.015084
2020-05-19,1.756,0.010357
2020-05-20,1.773,0.009681
2020-05-21,1.754,-0.010716000000000002
2020-05-22,1.684,-0.039909
2020-05-25,1.73,0.027315999999999997
2020-05-26,1.768,0.021965
2020-05-27,1.722,-0.026018
2020-05-28,1.703,-0.011033999999999999
2020-05-29,1.74,0.021726000000000002
2020-06-01,1.794,0.031034000000000003
2020-06-02,1.793,-0.000557
2020-06-03,1.826,0.018405
2020-06-04,1.814,-0.006572
2020-06-05,1.829,0.008269
2020-06-08,1.806,-0.012575000000000001
2020-06-09,1.814,0.00443
2020-06-10,1.856,0.023153
2020-06-11,1.834,-0.011853
2020-06-12,1.857,0.012541
2020-06-15,1.835,-0.011847000000000002
2020-06-16,1.883,0.026158
2020-06-17,1.898,0.007965999999999999
2020-06-18,1.904,0.0031609999999999997
2020-06-19,1.913,0.004727
2020-06-22,1.904,-0.004705
2020-06-23,1.924,0.010504
2020-06-24,1.961,0.019231
2020-06-29,1.965,0.0020399999999999997
2020-06-30,1.998,0.016794
2020-07-01,1.998,0.0
2020-07-02,2.053,0.027528
2020-07-03,2.096,0.020945000000000002
2020-07-06,2.11,0.006679000000000001
2020-07-07,2.098,-0.005687
2020-07-08,2.164,0.031459
2020-07-09,2.121,0.023567
2020-07-10,2.098,-0.010844
2020-07-13,2.104,0.0028599999999999997
2020-07-14,2.055,-0.023289
2020-07-15,2.084,0.014112
2020-07-16,1.968,-0.055662
2020-07-17,2.016,0.024390000000000002
2020-07-20,2.036,0.009921
2020-07-21,2.114,0.03831
2020-07-22,2.052,-0.029328
2020-07-23,2.111,0.028752
2020-07-24,2.023,-0.041685999999999994
2020-07-27,2.031,0.003955
2020-07-28,2.079,0.023634
2020-07-29,2.089,0.00481
2020-07-30,2.075,-0.0067020000000000005
2020-07-31,2.087,0.005783
2020-08-03,2.107,0.009583000000000001
2020-08-04,2.146,0.01851
2020-08-05,2.193,0.021901
2020-08-06,2.198,0.00228
2020-08-07,2.164,-0.015469
2020-08-10,2.123,-0.018946
2020-08-11,2.118,-0.002355
2020-08-12,2.08,-0.017941
2020-08-13,2.091,0.005288
2020-08-14,2.101,0.004782
2020-08-17,2.121,0.009519
2020-08-18,2.145,0.011314999999999999
2020-08-19,2.108,-0.017249
2020-08-20,2.098,-0.004744
2020-08-21,2.123,0.011916
2020-08-24,2.151,0.0132
2020-08-25,2.141,-0.0046
2020-08-26,2.129,-0.005600000000000001
2020-08-27,2.147,0.0085
2020-08-28,2.135,-0.005600000000000001
2020-08-31,2.119,-0.0075
2020-09-01,2.139,0.009399999999999999
2020-09-02,2.168,0.013600000000000001
2020-09-03,2.127,-0.0189
2020-09-04,2.096,-0.0146
2020-09-07,2.05,-0.0219
2020-09-08,2.03,-0.0098
2020-09-09,2.01,-0.009899999999999999
2020-09-10,1.995,-0.0075
2020-09-11,2.032,0.018500000000000003
2020-09-14,2.062,0.0148
2020-09-15,2.069,0.0034000000000000002
2020-09-16,2.079,0.0048
2020-09-17,2.046,-0.0159
2020-09-18,2.07,0.011699999999999999
2020-09-21,2.034,-0.0174
2020-09-22,2.025,-0.0044
2020-09-23,2.058,0.0163
2020-09-24,2.013,-0.0219
2020-09-25,1.986,-0.0134
2020-09-28,2.018,0.0161
2020-09-29,2.025,0.0034999999999999996
2020-09-30,2.051,0.0128
2020-10-09,2.12,0.0336
2020-10-12,2.13,0.004699999999999999
2020-10-13,2.137,0.0033
2020-10-14,2.149,0.005600000000000001
2020-10-15,2.095,-0.025099999999999997
2020-10-16,2.102,0.0033
2020-10-19,2.063,-0.018600000000000002
2020-10-20,2.082,0.0092
2020-10-21,2.085,0.0014000000000000002
2020-10-22,2.067,-0.0086
2020-10-23,2.049,-0.0087
2020-10-26,2.05,0.0005
2020-10-27,2.057,0.0034000000000000002
2020-10-28,2.077,0.0097
2020-10-29,2.104,0.013000000000000001
2020-10-30,2.075,-0.0138
2020-11-02,2.086,0.0053
2020-11-03,2.104,0.0086
2020-11-04,2.103,-0.0005
2020-11-05,2.174,0.0338
2020-11-06,2.157,-0.0078000000000000005
2020-11-09,2.181,0.0111
2020-11-10,2.11,-0.0326
2020-11-11,2.04,-0.0332
2020-11-12,2.093,0.026000000000000002
2020-11-13,2.123,0.0143
2020-11-16,2.156,0.0155
2020-11-17,2.147,-0.0042
2020-11-18,2.158,0.0051
2020-11-19,2.143,-0.006999999999999999
2020-11-20,2.168,0.011699999999999999
2020-11-23,2.192,0.0111
2020-11-24,2.19,-0.0009
2020-11-25,2.147,-0.0196
2020-11-26,2.162,0.006999999999999999
2020-11-27,2.176,0.006500000000000001
2020-11-30,2.152,-0.011000000000000001
2020-12-01,2.179,0.0125
2020-12-02,2.145,-0.015600000000000001
2020-12-03,2.158,0.0060999999999999995
2020-12-04,2.17,0.005600000000000001
2020-12-07,2.154,-0.0074
2020-12-08,2.163,0.0042
2020-12-09,2.152,-0.0051
2020-12-10,2.153,0.0005
2020-12-11,2.168,0.006999999999999999
2020-12-14,2.178,0.0046
2020-12-15,2.195,0.0078000000000000005
2020-12-16,2.211,0.0073
2020-12-17,2.237,0.0118
2020-12-18,2.258,0.009399999999999999
2020-12-21,2.286,0.0124
2020-12-22,2.245,-0.0179
2020-12-23,2.31,0.028999999999999998
2020-12-24,2.304,-0.0026
2020-12-25,2.303,-0.0004
2020-12-28,2.305,0.0009
2020-12-29,2.309,0.0017000000000000001
2020-12-30,2.347,0.0165
2020-12-31,2.373,0.0111
2021-01-04,2.424,0.0215
2021-01-05,2.435,0.0045000000000000005
2021-01-06,2.452,0.006999999999999999
2021-01-07,2.461,0.0037
2021-01-08,2.53,0.027999999999999997
2021-01-11,2.51,-0.0079
2021-01-12,2.529,0.0076
2021-01-13,2.521,-0.0032
2021-01-14,2.543,0.0087
2021-01-15,2.524,-0.0075
2021-01-18,2.6,0.0301
2021-01-19,2.665,0.025
2021-01-20,2.723,0.0218
2021-01-21,2.734,0.004
2021-01-22,2.726,-0.0029
2021-01-25,2.807,0.0297
2021-01-26,2.737,-0.024900000000000002
2021-01-27,2.68,-0.0208
2021-01-28,2.594,-0.0321
2021-01-29,2.595,0.0004
2021-02-01,2.642,0.0181
2021-02-02,2.749,0.0405
2021-02-03,2.761,0.0044
2021-02-04,2.733,-0.0101
2021-02-05,2.732,-0.0004
2021-02-08,2.765,0.0121
2021-02-09,2.821,0.0203
2021-02-10,2.864,0.0152
2021-02-18,2.862,-0.0007000000000000001
2021-02-19,2.875,0.0045000000000000005
2021-02-22,2.753,-0.0424
2021-02-23,2.738,-0.0054
2021-02-24,2.614,-0.0453
2021-02-25,2.636,0.0084
2021-02-26,2.546,-0.0341
2021-03-01,2.643,0.0381
2021-03-02,2.601,-0.0159
2021-03-03,2.635,0.0131
2021-03-04,2.523,-0.0425
2021-03-05,2.515,-0.0032
2021-03-08,2.387,-0.0509
2021-03-09,2.428,0.0172
2021-03-10,2.443,0.0062
2021-03-11,2.518,0.030699999999999998
2021-03-12,2.486,-0.0127
2021-03-15,2.469,-0.0068000000000000005
2021-03-16,2.511,0.017
2021-03-17,2.513,0.0008
2021-03-18,2.513,0.0
2021-03-19,2.474,-0.0155
2021-03-22,2.483,0.0036
2021-03-23,2.414,-0.0278
2021-03-24,2.361,-0.022000000000000002
2021-03-25,2.341,-0.0085
2021-03-26,2.387,0.0196
2021-03-29,2.387,0.0
2021-03-30,2.44,0.0222
2021-03-31,2.434,-0.0025
2021-04-01,2.488,0.0222
2021-04-02,2.49,0.0008
2021-04-06,2.489,-0.0004
2021-04-07,2.475,-0.005600000000000001
2021-04-08,2.503,0.0113
2021-04-09,2.471,-0.0128
2021-04-12,2.424,-0.019
2021-04-13,2.411,-0.0054
2021-04-14,2.433,0.0091
2021-04-15,2.432,-0.0004
2021-04-16,2.467,0.0144
2021-04-19,2.501,0.0138
2021-04-20,2.502,0.0004
2021-04-21,2.485,-0.0068000000000000005
2021-04-22,2.499,0.005600000000000001
2021-04-23,2.535,0.0144
2021-04-26,2.53,-0.002
2021-04-27,2.538,0.0032
2021-04-28,2.552,0.0055000000000000005
2021-04-29,2.527,-0.0098
2021-04-30,2.492,-0.0139
2021-05-06,2.495,0.0012
2021-05-07,2.46,-0.013999999999999999
2021-05-10,2.456,-0.0016
2021-05-11,2.426,-0.012199999999999999
2021-05-12,2.436,0.0040999999999999995
2021-05-13,2.395,-0.0168
2021-05-14,2.41,0.0063
2021-05-17,2.422,0.005
2021-05-18,2.484,0.0256
2021-05-19,2.476,-0.0032
2021-05-20,2.493,0.0069
2021-05-21,2.497,0.0016
2021-05-24,2.487,-0.004
2021-05-25,2.527,0.0161
2021-05-26,2.538,0.0044
2021-05-27,2.553,0.0059
2021-05-28,2.529,-0.009399999999999999
2021-05-31,2.571,0.0166
2021-06-01,2.597,0.0101
2021-06-02,2.582,-0.0058
2021-06-03,2.551,-0.012
2021-06-04,2.557,0.0024
2021-06-07,2.549,-0.0031
2021-06-08,2.548,-0.0004
2021-06-09,2.554,0.0024
2021-06-10,2.571,0.0067
2021-06-11,2.559,-0.004699999999999999
2021-06-15,2.565,0.0023
2021-06-16,2.506,-0.023
2021-06-17,2.54,0.013600000000000001
2021-06-18,2.579,0.0154
2021-06-21,2.579,0.0
2021-06-22,2.593,0.0054
2021-06-23,2.632,0.015
2021-06-24,2.636,0.0015
2021-06-25,2.664,0.0106
2021-06-28,2.67,0.0023
2021-06-29,2.667,-0.0011
2021-06-30,2.655,-0.0045000000000000005
2021-07-01,2.65,-0.0019
2021-07-02,2.594,-0.021099999999999997
2021-07-05,2.612,0.0069
2021-07-06,2.591,-0.008
2021-07-07,2.612,0.008100000000000001
2021-07-08,2.522,-0.0345
2021-07-09,2.515,-0.0028000000000000004
2021-07-12,2.546,0.0123
2021-07-13,2.572,0.0102
2021-07-14,2.563,-0.0034999999999999996
2021-07-15,2.561,-0.0008
2021-07-16,2.559,-0.0008
2021-07-19,2.523,-0.0141
2021-07-20,2.501,-0.0087
2021-07-21,2.51,0.0036
2021-07-22,2.547,0.0147
2021-07-23,2.474,-0.0287
2021-07-26,2.352,-0.0493
2021-07-27,2.221,-0.0557
2021-07-28,2.29,0.0311
2021-07-29,2.384,0.040999999999999995
2021-07-30,2.367,-0.0070999999999999995
2021-08-02,2.386,0.008
2021-08-03,2.394,0.0034000000000000002
2021-08-04,2.419,0.0104
2021-08-05,2.392,-0.011200000000000002
2021-08-06,2.38,-0.005
2021-08-09,2.386,0.0025
2021-08-10,2.426,0.0168
2021-08-11,2.406,-0.008199999999999999
2021-08-12,2.397,-0.0037
2021-08-13,2.397,0.0
2021-08-16,2.364,-0.0138
2021-08-17,2.313,-0.0216
2021-08-18,2.32,0.003
2021-08-19,2.283,-0.0159
2021-08-20,2.25,-0.014499999999999999
2021-08-23,2.288,0.0169
2021-08-24,2.322,0.0149
2021-08-25,2.33,0.0034000000000000002
2021-08-26,2.302,-0.012
2021-08-27,2.307,0.0022
2021-08-30,2.326,0.008199999999999999
2021-08-31,2.336,0.0043
2021-09-01,2.35,0.006
2021-09-02,2.352,0.0009
2021-09-03,2.361,0.0038
2021-09-06,2.38,0.008
2021-09-07,2.366,-0.0059
2021-09-08,2.367,0.0004
2021-09-09,2.31,-0.0241
2021-09-10,2.317,0.003
2021-09-13,2.277,-0.0173
2021-09-14,2.272,-0.0022
2021-09-15,2.241,-0.013600000000000001
2021-09-16,2.2,-0.0183
2021-09-17,2.259,0.0268
2021-09-22,2.227,-0.014199999999999999
2021-09-23,2.24,0.0058
2021-09-24,2.221,-0.0085
2021-09-27,2.204,-0.0077
2021-09-28,2.2,-0.0018
2021-09-29,2.166,-0.0155
2021-09-30,2.191,0.0115
2021-10-08,2.127,-0.0292
2021-10-11,2.145,0.0085
2021-10-12,2.123,-0.0103
2021-10-13,2.131,0.0038
2021-10-14,2.12,-0.0052
2021-10-15,2.166,0.0217
2021-10-18,2.193,0.0125
2021-10-19,2.22,0.0123
2021-10-20,2.202,-0.008100000000000001
2021-10-21,2.189,-0.0059
2021-10-22,2.222,0.0151
2021-10-25,2.211,-0.005
2021-10-26,2.19,-0.0095
2021-10-27,2.149,-0.0187
2021-10-28,2.146,-0.0014000000000000002
2021-10-29,2.145,-0.0005
2021-11-01,2.162,0.0079
2021-11-02,2.144,-0.0083
2021-11-03,2.156,0.005600000000000001
2021-11-04,2.171,0.006999999999999999
2021-11-05,2.141,-0.0138
2021-11-08,2.12,-0.0098
2021-11-09,2.14,0.009399999999999999
2021-11-10,2.16,0.009300000000000001
2021-11-11,2.186,0.012
2021-11-12,2.199,0.0059
2021-11-15,2.206,0.0032
2021-11-16,2.26,0.0245
2021-11-17,2.27,0.0044
2021-11-18,2.213,-0.025099999999999997
2021-11-19,2.219,0.0027
2021-11-22,2.216,-0.0014000000000000002
2021-11-23,2.182,-0.015300000000000001
2021-11-24,2.183,0.0005
2021-11-25,2.205,0.0101
2021-11-26,2.16,-0.0204
2021-11-29,2.148,-0.005600000000000001
2021-11-30,2.131,-0.0079
2021-12-01,2.113,-0.0084
2021-12-02,2.101,-0.005699999999999999
2021-12-03,2.088,-0.0062
2021-12-06,2.026,-0.0297
2021-12-07,2.075,0.0242
2021-12-08,2.085,0.0048
2021-12-09,2.131,0.022099999999999998
2021-12-10,2.114,-0.008
2021-12-13,2.082,-0.0151
2021-12-14,2.053,-0.0139
2021-12-15,2.02,-0.0161
2021-12-16,2.035,0.0074
2021-12-17,2.0,-0.0172
2021-12-20,1.958,-0.021
2021-12-21,1.987,0.0148
2021-12-22,1.988,0.0005
2021-12-23,1.995,0.0034999999999999996
2021-12-24,1.99,-0.0025
2021-12-27,1.99,0.0
2021-12-28,1.994,0.002
2021-12-29,1.969,-0.0125
2021-12-30,1.976,0.0036
2021-12-31,2.012,0.0182
2022-01-04,1.991,-0.0104
2022-01-05,1.943,-0.0241
2022-01-06,1.948,0.0026
2022-01-07,1.96,0.0062
2022-01-10,1.991,0.0158
2022-01-11,2.002,0.0055000000000000005
2022-01-12,2.053,0.0255
2022-01-13,2.03,-0.011200000000000002
2022-01-14,2.045,0.0074
2022-01-17,2.028,-0.0083
2022-01-18,2.024,-0.002
2022-01-19,2.025,0.0005
2022-01-20,2.053,0.0138
2022-01-21,2.041,-0.0058
2022-01-24,2.021,-0.0098
2022-01-25,1.986,-0.0173
2022-01-26,1.955,-0.015600000000000001
2022-01-27,1.905,-0.0256
2022-01-28,1.915,0.0052
2022-02-07,1.982,0.035
2022-02-08,1.973,-0.0045000000000000005
2022-02-09,2.008,0.0177
2022-02-10,2.034,0.0129
2022-02-11,2.004,-0.0147
2022-02-14,1.968,-0.018000000000000002
2022-02-15,1.961,-0.0036
2022-02-16,1.986,0.0127
2022-02-17,1.987,0.0005
2022-02-18,1.961,-0.0131
2022-02-21,1.954,-0.0036
2022-02-22,1.916,-0.0194
2022-02-23,1.925,0.004699999999999999
2022-02-24,1.868,-0.0296
2022-02-25,1.871,0.0016
2022-02-28,1.874,0.0016
2022-03-01,1.883,0.0048
2022-03-02,1.861,-0.011699999999999999
2022-03-03,1.856,-0.0027
2022-03-04,1.817,-0.021
2022-03-07,1.767,-0.0275
2022-03-08,1.715,-0.0294
2022-03-09,1.712,-0.0017000000000000001
2022-03-10,1.72,0.004699999999999999
2022-03-11,1.692,-0.0163
2022-03-14,1.611,-0.0479
2022-03-15,1.559,-0.0323
2022-03-16,1.663,0.0667
2022-03-17,1.736,0.043899999999999995
2022-03-18,1.74,0.0023
2022-03-21,1.723,-0.0098
2022-03-22,1.762,0.0226
2022-03-23,1.777,0.0085
2022-03-24,1.781,0.0023
2022-03-25,1.738,-0.0241
2022-03-28,1.751,0.0075
2022-03-29,1.77,0.0109
2022-03-30,1.795,0.0141
2022-03-31,1.766,-0.016200000000000003
2022-04-01,1.771,0.0028000000000000004
2022-04-06,1.781,0.005600000000000001
2022-04-07,1.742,-0.0219
2022-04-08,1.745,0.0017000000000000001
2022-04-11,1.694,-0.0292
2022-04-12,1.71,0.009399999999999999
2022-04-13,1.717,0.0040999999999999995
2022-04-14,1.729,0.006999999999999999
2022-04-15,1.734,0.0029
2022-04-18,1.729,-0.0029
2022-04-19,1.702,-0.015600000000000001
2022-04-20,1.695,-0.0040999999999999995
2022-04-21,1.672,-0.013600000000000001
2022-04-22,1.687,0.009000000000000001
2022-04-25,1.646,-0.024300000000000002
2022-04-26,1.669,0.013999999999999999
2022-04-27,1.675,0.0036
2022-04-28,1.697,0.0131
2022-04-29,1.759,0.0365
2022-05-05,1.722,-0.021
2022-05-06,1.69,-0.018600000000000002
2022-05-09,1.7,0.0059
2022-05-10,1.684,-0.009399999999999999
2022-05-11,1.697,0.0077
2022-05-12,1.659,-0.022400000000000003
2022-05-13,1.705,0.0277
2022-05-16,1.705,0.0
2022-05-17,1.754,0.0287
2022-05-18,1.752,-0.0011
2022-05-19,1.716,-0.020499999999999997
2022-05-20,1.759,0.025099999999999997
2022-05-23,1.72,-0.0222
2022-05-24,1.681,-0.0227
2022-05-25,1.683,0.0012
2022-05-26,1.688,0.003
2022-05-27,1.742,0.032
2022-05-30,1.767,0.0144
2022-05-31,1.801,0.0192
2022-06-01,1.792,-0.005
2022-06-02,1.8,0.0045000000000000005
2022-06-06,1.837,0.0206
2022-06-07,1.848,0.006
2022-06-08,1.904,0.030299999999999997
2022-06-09,1.869,-0.0184
2022-06-10,1.875,0.0032
2022-06-13,1.812,-0.0336
2022-06-14,1.822,0.0055000000000000005
2022-06-15,1.844,0.0121
2022-06-16,1.783,-0.0331
2022-06-17,1.805,0.0123
2022-06-20,1.821,0.0089
2022-06-21,1.848,0.0148
2022-06-22,1.806,-0.0227
2022-06-23,1.827,0.0116
2022-06-24,1.886,0.0323
2022-06-27,1.922,0.0191
2022-06-28,1.926,0.0021
2022-06-29,1.9,-0.013500000000000002
2022-06-30,1.886,-0.0074
2022-07-01,1.878,-0.0042
2022-07-04,1.893,0.008
2022-07-05,1.887,-0.0032
2022-07-06,1.861,-0.0138
2022-07-07,1.871,0.0054
2022-07-08,1.878,0.0037
2022-07-11,1.815,-0.0335
2022-07-12,1.787,-0.0154
2022-07-13,1.798,0.0062
2022-07-14,1.818,0.0111
2022-07-15,1.805,-0.0072
2022-07-18,1.834,0.0161
2022-07-19,1.822,-0.006500000000000001
2022-07-20,1.846,0.0132
2022-07-21,1.844,-0.0011
2022-07-22,1.838,-0.0033
2022-07-25,1.829,-0.0049
2022-07-26,1.838,0.0049
2022-07-27,1.834,-0.0022
2022-07-28,1.824,-0.0055000000000000005
2022-07-29,1.78,-0.0241
2022-08-01,1.781,0.0006
2022-08-02,1.75,-0.0174
2022-08-03,1.77,0.011399999999999999
2022-08-04,1.799,0.016399999999999998
2022-08-05,1.814,0.0083
2022-08-08,1.79,-0.0132
2022-08-09,1.79,0.0
2022-08-10,1.763,-0.0151
2022-08-11,1.797,0.019299999999999998
2022-08-12,1.805,0.0045000000000000005
2022-08-15,1.806,0.0006
2022-08-16,1.783,-0.0127
2022-08-17,1.786,0.0017000000000000001
2022-08-18,1.783,-0.0017000000000000001
2022-08-19,1.79,0.0039000000000000003
2022-08-22,1.793,0.0017000000000000001
2022-08-23,1.793,0.0
2022-08-24,1.764,-0.016200000000000003
2022-08-25,1.832,0.0385
2022-08-26,1.84,0.0044
2022-08-29,1.85,0.0054
2022-08-30,1.838,-0.006500000000000001
2022-08-31,1.843,0.0027
2022-09-01,1.812,-0.0168
2022-09-02,1.796,-0.0088
2022-09-05,1.777,-0.0106
2022-09-06,1.769,-0.0045000000000000005
2022-09-07,1.755,-0.0079
2022-09-08,1.74,-0.0085
2022-09-09,1.777,0.0213
2022-09-13,1.768,-0.0051
2022-09-14,1.742,-0.0147
2022-09-15,1.742,0.0
2022-09-16,1.714,-0.0161
2022-09-19,1.691,-0.0134
2022-09-20,1.715,0.014199999999999999
2022-09-21,1.682,-0.0192
2022-09-22,1.677,-0.003
2022-09-23,1.653,-0.0143
2022-09-26,1.663,0.006
2022-09-27,1.693,0.018000000000000002
2022-09-28,1.668,-0.0148
2022-09-29,1.654,-0.0084
2022-09-30,1.64,-0.0085
2022-10-10,1.618,-0.0134
2022-10-11,1.587,-0.0192
2022-10-12,1.594,0.0044
2022-10-13,1.574,-0.0125
2022-10-14,1.599,0.0159
2022-10-17,1.606,0.0044
2022-10-18,1.64,0.0212
2022-10-19,1.599,-0.025
2022-10-20,1.598,-0.0006
2022-10-21,1.611,0.008100000000000001
2022-10-24,1.514,-0.0602
2022-10-25,1.537,0.0152
2022-10-26,1.584,0.030600000000000002
2022-10-27,1.578,-0.0038
2022-10-28,1.532,-0.0292
2022-10-31,1.531,-0.0007000000000000001
2022-11-01,1.592,0.0398
2022-11-02,1.636,0.0276
2022-11-03,1.626,-0.0060999999999999995
2022-11-04,1.688,0.0381
2022-11-07,1.729,0.024300000000000002
2022-11-08,1.728,-0.0006
2022-11-09,1.694,-0.0197
2022-11-10,1.678,-0.009399999999999999
2022-11-11,1.773,0.056600000000000004
2022-11-14,1.757,-0.009000000000000001
2022-11-15,1.827,0.0398
2022-11-16,1.813,-0.0077
2022-11-17,1.809,-0.0022
2022-11-18,1.816,0.0039000000000000003
2022-11-21,1.785,-0.0171
2022-11-22,1.762,-0.0129
2022-11-23,1.75,-0.0068000000000000005
2022-11-24,1.756,0.0034000000000000002
2022-11-25,1.736,-0.011399999999999999
2022-11-28,1.746,0.0058
2022-11-29,1.819,0.0418
2022-11-30,1.86,0.0225
2022-12-01,1.86,0.0
2022-12-02,1.862,0.0011
2022-12-05,1.906,0.0236
2022-12-06,1.887,-0.01
2022-12-07,1.849,-0.020099999999999996
2022-12-08,1.906,0.0308
2022-12-09,1.933,0.014199999999999999
2022-12-12,1.884,-0.0253
2022-12-13,1.895,0.0058
2022-12-14,1.91,0.0079
2022-12-15,1.877,-0.0173
2022-12-16,1.89,0.0069
2022-12-19,1.874,-0.0085
2022-12-20,1.858,-0.0085
2022-12-21,1.867,0.0048
2022-12-22,1.904,0.019799999999999998
2022-12-23,1.887,-0.0089
2022-12-26,1.885,-0.0011
2022-12-27,1.885,0.0
2022-12-28,1.9,0.008
2022-12-29,1.905,0.0026
2022-12-30,1.88,-0.0131
2022-12-31,1.88,0.0
2023-01-03,1.916,0.0191
2023-01-04,1.946,0.015700000000000002
2023-01-05,1.96,0.0072
2023-01-06,1.972,0.0060999999999999995
2023-01-09,1.998,0.0132
2023-01-10,1.976,-0.011000000000000001
2023-01-11,1.994,0.0091
2023-01-12,1.991,-0.0015
2023-01-13,2.032,0.0206
2023-01-16,2.028,-0.002
2023-01-17,1.997,-0.015300000000000001
2023-01-18,2.006,0.0045000000000000005
2023-01-19,2.021,0.0075
2023-01-20,2.054,0.0163
2023-01-30,2.067,0.0063
2023-01-31,2.041,-0.0126
2023-02-01,2.072,0.0152
2023-02-02,2.055,-0.008199999999999999
2023-02-03,2.041,-0.0068000000000000005
2023-02-06,1.991,-0.0245
2023-02-07,2.0,0.0045000000000000005
2023-02-08,1.986,-0.006999999999999999
2023-02-09,2.023,0.018600000000000002
2023-02-10,1.985,-0.018799999999999997
2023-02-13,2.004,0.0096
2023-02-14,2.001,-0.0015
2023-02-15,1.971,-0.015
2023-02-16,1.991,0.0101
2023-02-17,1.966,-0.0126
2023-02-20,1.992,0.0132
2023-02-21,1.955,-0.018600000000000002
2023-02-22,1.944,-0.005600000000000001
2023-02-23,1.955,0.005699999999999999
2023-02-24,1.925,-0.015300000000000001
2023-02-27,1.931,0.0031
2023-02-28,1.931,0.0
2023-03-01,1.998,0.0347
2023-03-02,1.985,-0.006500000000000001
2023-03-03,2.014,0.0146
2023-03-06,2.014,0.0
2023-03-07,1.985,-0.0144
2023-03-08,1.959,-0.0131
2023-03-09,1.948,-0.005600000000000001
2023-03-10,1.902,-0.0236
2023-03-13,1.944,0.022099999999999998
2023-03-14,1.906,-0.0195
2023-03-15,1.914,0.0042
2023-03-16,1.907,-0.0037
2023-03-17,1.924,0.0089
2023-03-20,1.856,-0.0353
2023-03-21,1.896,0.0216
2023-03-22,1.899,0.0016
2023-03-23,1.922,0.0121
2023-03-24,1.891,-0.0161
2023-03-27,1.874,-0.009000000000000001
2023-03-28,1.879,0.0027
2023-03-29,1.898,0.0101
2023-03-30,1.898,0.0
2023-03-31,1.896,-0.0011
2023-04-03,1.884,-0.0063
2023-04-04,1.879,-0.0027
2023-04-06,1.885,0.0032
2023-04-07,1.887,0.0011
2023-04-10,1.882,-0.0026
2023-04-11,1.893,0.0058
2023-04-12,1.868,-0.0132
2023-04-13,1.876,0.0043
2023-04-14,1.878,0.0011
2023-04-17,1.893,0.008
2023-04-18,1.887,-0.0032
2023-04-19,1.86,-0.0143
2023-04-20,1.864,0.0022
2023-04-21,1.837,-0.014499999999999999
2023-04-24,1.827,-0.0054
2023-04-25,1.788,-0.0213
2023-04-26,1.813,0.013999999999999999
2023-04-27,1.823,0.0055000000000000005
2023-04-28,1.826,0.0016
2023-05-04,1.795,-0.017
2023-05-05,1.803,0.0045000000000000005
2023-05-08,1.808,0.0028000000000000004
2023-05-09,1.778,-0.0166
2023-05-10,1.771,-0.0039000000000000003
2023-05-11,1.768,-0.0017000000000000001
2023-05-12,1.752,-0.009000000000000001
2023-05-15,1.781,0.0166
2023-05-16,1.784,0.0017000000000000001
2023-05-17,1.764,-0.011200000000000002
2023-05-18,1.777,0.0074
2023-05-19,1.773,-0.0023
2023-05-22,1.784,0.0062
2023-05-23,1.763,-0.0118
2023-05-24,1.741,-0.0125
2023-05-25,1.719,-0.0126
2023-05-26,1.744,0.014499999999999999
2023-05-29,1.723,-0.012
2023-05-30,1.732,0.0052
2023-05-31,1.7,-0.018500000000000003
2023-06-01,1.714,0.008199999999999999
2023-06-02,1.766,0.030299999999999997
2023-06-05,1.766,0.0
2023-06-06,1.77,0.0023
2023-06-07,1.782,0.0068000000000000005
2023-06-08,1.782,0.0
2023-06-09,1.8,0.0101
2023-06-12,1.797,-0.0017000000000000001
2023-06-13,1.813,0.0089
2023-06-14,1.814,0.0006
2023-06-15,1.856,0.0232
2023-06-16,1.868,0.006500000000000001
2023-06-19,1.854,-0.0075
2023-06-20,1.833,-0.0113
2023-06-21,1.797,-0.0196
2023-06-26,1.775,-0.012199999999999999
2023-06-27,1.795,0.0113
2023-06-28,1.786,-0.005
2023-06-29,1.782,-0.0022
2023-06-30,1.797,0.0084
2023-07-03,1.814,0.0095
2023-07-04,1.825,0.0060999999999999995
2023-07-05,1.797,-0.015300000000000001
2023-07-06,1.77,-0.015
2023-07-07,1.76,-0.005600000000000001
2023-07-10,1.763,0.0017000000000000001
2023-07-11,1.786,0.013000000000000001
2023-07-12,1.794,0.0045000000000000005
2023-07-13,1.831,0.0206
2023-07-14,1.832,0.0005
2023-07-17,1.832,0.0
2023-07-18,1.805,-0.0147
2023-07-19,1.796,-0.005
2023-07-20,1.787,-0.005
2023-07-21,1.793,0.0034000000000000002
2023-07-24,1.785,-0.0045000000000000005
2023-07-25,1.833,0.0269
2023-07-26,1.832,-0.0005
2023-07-27,1.847,0.008199999999999999
2023-07-28,1.881,0.0184
2023-07-31,1.886,0.0027
2023-08-01,1.872,-0.0074
2023-08-02,1.83,-0.022400000000000003
2023-08-03,1.843,0.0070999999999999995
2023-08-04,1.855,0.006500000000000001
2023-08-07,1.844,-0.0059
2023-08-08,1.82,-0.013000000000000001
2023-08-09,1.829,0.0049
2023-08-10,1.825,-0.0022
2023-08-11,1.797,-0.015300000000000001
2023-08-14,1.783,-0.0078000000000000005
2023-08-15,1.768,-0.0084
2023-08-16,1.751,-0.0096
2023-08-17,1.766,0.0086
2023-08-18,1.734,-0.0181
2023-08-21,1.718,-0.0092
2023-08-22,1.728,0.0058
2023-08-23,1.728,0.0
2023-08-24,1.757,0.0168
2023-08-25,1.738,-0.0108
2023-08-28,1.752,0.008100000000000001
2023-08-29,1.792,0.022799999999999997
2023-08-30,1.796,0.0022
2023-08-31,1.784,-0.0067
2023-09-01,1.793,0.005
2023-09-04,1.822,0.016200000000000003
2023-09-05,1.802,-0.011000000000000001
2023-09-06,1.801,-0.0006
2023-09-07,1.773,-0.0155
2023-09-08,1.775,0.0011
2023-09-11,1.785,0.005600000000000001
2023-09-12,1.783,-0.0011
2023-09-13,1.774,-0.005
2023-09-14,1.783,0.0051
2023-09-15,1.79,0.0039000000000000003
2023-09-18,1.78,-0.005600000000000001
2023-09-19,1.778,-0.0011
2023-09-20,1.755,-0.0129
2023-09-21,1.729,-0.0148
2023-09-22,1.762,0.0191
2023-09-25,1.741,-0.011899999999999999
2023-09-26,1.722,-0.0109
2023-09-27,1.731,0.0052
2023-09-28,1.72,-0.0064
2023-10-09,1.748,0.0163
2023-10-10,1.756,0.0046
2023-10-11,1.782,0.0148
2023-10-12,1.796,0.0079
2023-10-13,1.775,-0.011699999999999999
2023-10-16,1.757,-0.0101
2023-10-17,1.762,0.0028000000000000004
2023-10-18,1.741,-0.011899999999999999
2023-10-19,1.713,-0.0161
2023-10-20,1.701,-0.006999999999999999
2023-10-23,1.699,-0.0012
2023-10-24,1.704,0.0029
2023-10-25,1.701,-0.0018
2023-10-26,1.699,-0.0012
2023-10-27,1.738,0.023
2023-10-30,1.751,0.0075
2023-10-31,1.716,-0.02
2023-11-01,1.709,-0.0040999999999999995
2023-11-02,1.724,0.0088
2023-11-03,1.761,0.0215
2023-11-06,1.794,0.0187
2023-11-07,1.785,-0.005
2023-11-08,1.785,0.0
2023-11-09,1.776,-0.005
2023-11-10,1.75,-0.0146
2023-11-13,1.774,0.0137
2023-11-14,1.77,-0.0023
2023-11-15,1.822,0.0294
2023-11-16,1.797,-0.0137
2023-11-17,1.791,-0.0033
2023-11-20,1.817,0.014499999999999999
2023-11-21,1.809,-0.0044
2023-11-22,1.796,-0.0072
2023-11-23,1.815,0.0106
2023-11-24,1.789,-0.0143
2023-11-27,1.786,-0.0017000000000000001
2023-11-28,1.817,0.0174
2023-11-29,1.798,-0.0105
2023-11-30,1.806,0.0044
2023-12-01,1.795,-0.0060999999999999995
2023-12-04,1.754,-0.022799999999999997
2023-12-05,1.728,-0.0148
2023-12-06,1.734,0.0034999999999999996
2023-12-07,1.724,-0.0058
2023-12-08,1.704,-0.0116
2023-12-11,1.71,0.0034999999999999996
2023-12-12,1.725,0.0088
2023-12-13,1.716,-0.0052
2023-12-14,1.726,0.0058
2023-12-15,1.738,0.006999999999999999
2023-12-18,1.716,-0.0127
2023-12-19,1.708,-0.004699999999999999
2023-12-20,1.703,-0.0029
2023-12-21,1.698,-0.0029
2023-12-22,1.656,-0.024700000000000003
2023-12-25,1.656,0.0
2023-12-26,1.66,0.0024
2023-12-27,1.68,0.012
2023-12-28,1.713,0.0196
2023-12-29,1.719,0.0034999999999999996
2023-12-31,1.719,0.0
2024-01-02,1.698,-0.012199999999999999
2024-01-03,1.685,-0.0077
2024-01-04,1.686,0.0006
2024-01-05,1.663,-0.013600000000000001
2024-01-08,1.641,-0.0132
2024-01-09,1.649,0.0049
2024-01-10,1.647,-0.0012
2024-01-11,1.674,0.016399999999999998
2024-01-12,1.665,-0.0054
2024-01-15,1.659,-0.0036
2024-01-16,1.628,-0.0187
2024-01-17,1.581,-0.028900000000000002
2024-01-18,1.593,0.0076
2024-01-19,1.588,-0.0031
2024-01-22,1.553,-0.022000000000000002
2024-01-23,1.575,0.014199999999999999
2024-01-24,1.606,0.0197
2024-01-25,1.629,0.0143
2024-01-26,1.577,-0.0319
2024-01-29,1.557,-0.0127
2024-01-30,1.524,-0.0212
2024-01-31,1.5,-0.015700000000000002
2024-02-01,1.51,0.0067
2024-02-02,1.492,-0.011899999999999999
2024-02-05,1.487,-0.0034000000000000002
2024-02-06,1.538,0.034300000000000004
2024-02-07,1.538,0.0
2024-02-08,1.543,0.0033
2024-02-19,1.574,0.020099999999999996
2024-02-20,1.579,0.0032
2024-02-21,1.585,0.0038
2024-02-22,1.605,0.0126
2024-02-23,1.599,-0.0037
2024-02-26,1.598,-0.0006
2024-02-27,1.612,0.0088
2024-02-28,1.584,-0.0174
2024-02-29,1.599,0.0095
2024-03-01,1.617,0.0113
2024-03-04,1.632,0.009300000000000001
2024-03-05,1.602,-0.0184
2024-03-06,1.619,0.0106
2024-03-07,1.605,-0.0086
2024-03-08,1.609,0.0025
2024-03-11,1.615,0.0037
2024-03-12,1.645,0.018600000000000002
2024-03-13,1.665,0.012199999999999999
2024-03-14,1.659,-0.0036
2024-03-15,1.648,-0.0066
2024-03-18,1.659,0.0067
2024-03-19,1.643,-0.0096
2024-03-20,1.656,0.0079
2024-03-21,1.67,0.0085
2024-03-22,1.644,-0.015600000000000001
2024-03-25,1.631,-0.0079
2024-03-26,1.624,-0.0043
2024-03-27,1.618,-0.0037
2024-03-28,1.627,0.005600000000000001
2024-03-29,1.629,0.0012
2024-04-01,1.628,-0.0006
2024-04-02,1.637,0.0055000000000000005
2024-04-03,1.631,-0.0037
2024-04-08,1.631,0.0
2024-04-09,1.649,0.011000000000000001
2024-04-10,1.664,0.0091
2024-04-11,1.66,-0.0024
2024-04-12,1.647,-0.0078000000000000005
2024-04-15,1.641,-0.0036
2024-04-16,1.609,-0.0195
2024-04-17,1.618,0.005600000000000001
2024-04-18,1.634,0.009899999999999999
2024-04-19,1.606,-0.0171
2024-04-22,1.61,0.0025
2024-04-23,1.626,0.009899999999999999
2024-04-24,1.663,0.022799999999999997
2024-04-25,1.651,-0.0072
2024-04-26,1.698,0.0285
2024-04-29,1.697,-0.0006
2024-04-30,1.696,-0.0006
2024-05-06,1.76,0.0377
2024-05-07,1.752,-0.0045000000000000005
2024-05-08,1.746,-0.0034000000000000002
2024-05-09,1.78,0.0195
2024-05-10,1.796,0.009000000000000001
2024-05-13,1.807,0.0060999999999999995
2024-05-14,1.815,0.0044
2024-05-15,1.822,0.0039000000000000003
2024-05-16,1.824,0.0011
2024-05-17,1.82,-0.0022
2024-05-20,1.827,0.0038
2024-05-21,1.801,-0.014199999999999999
2024-05-22,1.811,0.005600000000000001
2024-05-23,1.797,-0.0077
2024-05-24,1.78,-0.0095
2024-05-27,1.809,0.0163
2024-05-28,1.803,-0.0033
2024-05-29,1.788,-0.0083
2024-05-30,1.775,-0.0073
2024-05-31,1.757,-0.0101
2024-06-03,1.777,0.011399999999999999
2024-06-04,1.784,0.0039000000000000003
2024-06-05,1.786,0.0011
2024-06-06,1.811,0.013999999999999999
2024-06-07,1.796,-0.0083
2024-06-11,1.779,-0.0095
2024-06-12,1.781,0.0011
2024-06-13,1.795,0.0079
2024-06-14,1.794,-0.0006
2024-06-17,1.78,-0.0078000000000000005
2024-06-18,1.773,-0.0039000000000000003
2024-06-19,1.81,0.0209
2024-06-20,1.807,-0.0017000000000000001
2024-06-21,1.785,-0.012199999999999999
2024-06-24,1.769,-0.009000000000000001
2024-06-25,1.774,0.0028000000000000004
2024-06-26,1.774,0.0
2024-06-27,1.744,-0.0169
2024-06-28,1.764,0.0115
2024-06-30,1.763,-0.0006
2024-07-01,1.763,0.0
2024-07-02,1.753,-0.005699999999999999
2024-07-03,1.775,0.0125
2024-07-04,1.793,0.0101
2024-07-05,1.796,0.0017000000000000001
2024-07-08,1.786,-0.005600000000000001
2024-07-09,1.8,0.0078000000000000005
2024-07-10,1.784,-0.0089
2024-07-11,1.814,0.0168
2024-07-12,1.815,0.0006
2024-07-15,1.797,-0.009899999999999999
2024-07-16,1.79,-0.0039000000000000003
2024-07-17,1.763,-0.0151
2024-07-18,1.754,-0.0051
2024-07-19,1.718,-0.020499999999999997
2024-07-22,1.73,0.006999999999999999
2024-07-23,1.716,-0.008100000000000001
2024-07-24,1.702,-0.008199999999999999
2024-07-25,1.67,-0.018799999999999997
2024-07-26,1.662,-0.0048
2024-07-29,1.674,0.0072
2024-07-30,1.653,-0.0125
2024-07-31,1.686,0.02
2024-08-01,1.684,-0.0012
2024-08-02,1.644,-0.023799999999999998
2024-08-05,1.609,-0.0213
2024-08-06,1.631,0.0137
2024-08-07,1.663,0.0196
2024-08-08,1.662,-0.0006
2024-08-09,1.677,0.009000000000000001
2024-08-12,1.686,0.0054
2024-08-13,1.691,0.003
2024-08-14,1.684,-0.0040999999999999995
2024-08-15,1.684,0.0
2024-08-16,1.701,0.0101
2024-08-19,1.702,0.0006
2024-08-20,1.688,-0.008199999999999999
2024-08-21,1.683,-0.003
2024-08-22,1.69,0.0042
2024-08-23,1.684,-0.0036
2024-08-26,1.679,-0.003
2024-08-27,1.678,-0.0006
2024-08-28,1.671,-0.0042
2024-08-29,1.68,0.0054
2024-08-30,1.687,0.0042
2024-09-02,1.671,-0.0095
2024-09-03,1.674,0.0018
2024-09-04,1.643,-0.018500000000000003
2024-09-05,1.644,0.0006
2024-09-06,1.646,0.0012
2024-09-09,1.625,-0.0128
2024-09-10,1.618,-0.0043
2024-09-11,1.624,0.0037
2024-09-12,1.634,0.0062
2024-09-13,1.641,0.0043
2024-09-18,1.64,-0.0006
2024-09-19,1.677,0.0226
2024-09-20,1.688,0.0066
2024-09-23,1.683,-0.003
2024-09-24,1.723,0.023799999999999998
2024-09-25,1.725,0.0012
2024-09-26,1.79,0.0377
2024-09-27,1.831,0.0229
2024-09-30,1.864,0.018000000000000002
2024-10-08,1.881,0.0091
2024-10-09,1.86,-0.011200000000000002
2024-10-10,1.894,0.0183
2024-10-11,1.9,0.0032
2024-10-14,1.887,-0.0068000000000000005
2024-10-15,1.845,-0.0223
2024-10-16,1.848,0.0016
2024-10-17,1.834,-0.0076
2024-10-18,1.899,0.0354
2024-10-21,1.874,-0.0132
2024-10-22,1.881,0.0037
2024-10-23,1.895,0.0074
2024-10-24,1.864,-0.016399999999999998
2024-10-25,1.862,-0.0011
2024-10-28,1.869,0.0038
2024-10-29,1.868,-0.0005
2024-10-30,1.844,-0.0128
2024-10-31,1.83,-0.0076
2024-11-01,1.837,0.0038
2024-11-04,1.849,0.006500000000000001
2024-11-05,1.884,0.0189
2024-11-06,1.859,-0.013300000000000001
2024-11-07,1.9,0.022099999999999998
2024-11-08,1.875,-0.0132
2024-11-11,1.863,-0.0064
2024-11-12,1.811,-0.0279
2024-11-13,1.808,-0.0017000000000000001
2024-11-14,1.771,-0.020499999999999997
2024-11-15,1.766,-0.0028000000000000004
2024-11-18,1.767,0.0006
2024-11-19,1.779,0.0068000000000000005
2024-11-20,1.782,0.0017000000000000001
2024-11-21,1.769,-0.0073
2024-11-22,1.745,-0.013600000000000001
2024-11-25,1.742,-0.0017000000000000001
2024-11-26,1.73,-0.0069
2024-11-27,1.769,0.0225
2024-11-28,1.743,-0.0147
2024-11-29,1.75,0.004
2024-12-02,1.769,0.0109
2024-12-03,1.785,0.009000000000000001
2024-12-04,1.79,0.0028000000000000004
2024-12-05,1.781,-0.005
2024-12-06,1.799,0.0101
2024-12-09,1.848,0.027200000000000002
2024-12-10,1.83,-0.0097
2024-12-11,1.817,-0.0070999999999999995
2024-12-12,1.844,0.0149
2024-12-13,1.811,-0.0179
2024-12-16,1.792,-0.0105
2024-12-17,1.793,0.0006
2024-12-18,1.806,0.0073
2024-12-19,1.803,-0.0017000000000000001
2024-12-20,1.793,-0.0055000000000000005
2024-12-23,1.804,0.0060999999999999995
2024-12-24,1.812,0.0044
2024-12-25,1.813,0.0006
2024-12-26,1.815,0.0011
2024-12-27,1.814,-0.0006
2024-12-30,1.804,-0.0055000000000000005
2024-12-31,1.808,0.0022
2025-01-02,1.78,-0.0155
2025-01-03,1.788,0.0045000000000000005
2025-01-06,1.792,0.0022
2025-01-07,1.787,-0.0028000000000000004
2025-01-08,1.758,-0.016200000000000003
2025-01-09,1.758,0.0
2025-01-10,1.75,-0.0046
2025-01-13,1.724,-0.0149
2025-01-14,1.755,0.018000000000000002
2025-01-15,1.752,-0.0017000000000000001
2025-01-16,1.773,0.012
2025-01-17,1.782,0.0051
2025-01-20,1.799,0.0095
2025-01-21,1.817,0.01
2025-01-22,1.801,-0.0088
2025-01-23,1.79,-0.0060999999999999995
2025-01-24,1.82,0.0168
2025-01-27,1.81,-0.0055000000000000005
2025-02-05,1.848,0.021
2025-02-06,1.874,0.0141
2025-02-07,1.898,0.0128
2025-02-10,1.91,0.0063
2025-02-11,1.896,-0.0073
2025-02-12,1.927,0.016399999999999998
2025-02-13,1.915,-0.0062
2025-02-14,1.958,0.0225
2025-02-17,1.961,0.0015
2025-02-18,1.986,0.0127
2025-02-19,1.996,0.005
2025-02-20,1.987,-0.0045000000000000005
2025-02-21,2.044,0.0287
2025-02-24,2.013,-0.0152
2025-02-25,1.994,-0.009399999999999999
2025-02-26,2.041,0.0236
2025-02-27,2.027,-0.0069
2025-02-28,1.966,-0.0301
2025-03-03,1.951,-0.0076
2025-03-04,1.944,-0.0036
2025-03-05,2.005,0.031400000000000004
2025-03-06,2.045,0.02
2025-03-07,2.039,-0.0029
2025-03-10,2.001,-0.018600000000000002
2025-03-11,2.019,0.009000000000000001
2025-03-12,2.014,-0.0025
2025-03-13,2.0,-0.006999999999999999
2025-03-14,2.041,0.020499999999999997
2025-03-17,2.055,0.0069
2025-03-18,2.097,0.0204
2025-03-19,2.095,-0.001
2025-03-20,2.075,-0.0095
2025-03-21,2.03,-0.0217
2025-03-24,2.043,0.0064
2025-03-25,1.999,-0.0215
2025-03-26,2.025,0.013000000000000001
2025-03-27,2.048,0.011399999999999999
2025-03-28,2.024,-0.011699999999999999
2025-03-31,1.993,-0.015300000000000001
2025-04-01,2.02,0.013500000000000002
2025-04-02,2.018,-0.001
2025-04-03,1.989,-0.0144
2025-04-07,1.699,-0.1458
2025-04-08,1.724,0.0147
2025-04-09,1.747,0.013300000000000001
2025-04-10,1.801,0.030899999999999997
2025-04-11,1.846,0.025
2025-04-14,1.888,0.022799999999999997
2025-04-15,1.889,0.0005
2025-04-16,1.831,-0.030699999999999998
2025-04-17,1.845,0.0076
2025-04-18,1.846,0.0005
2025-04-21,1.844,-0.0011
2025-04-22,1.887,0.0233
2025-04-23,1.926,0.0207
2025-04-24,1.926,0.0
2025-04-25,1.914,-0.0062
2025-04-28,1.933,0.009899999999999999
2025-04-29,1.958,0.0129
2025-04-30,1.957,-0.0005
2025-05-06,2.016,0.0301
2025-05-07,1.993,-0.011399999999999999
2025-05-08,1.986,-0.0034999999999999996
2025-05-09,2.002,0.008100000000000001
2025-05-12,2.011,0.0045000000000000005
2025-05-13,2.007,-0.002
2025-05-14,2.029,0.011000000000000001
2025-05-15,2.033,0.002
2025-05-16,2.032,-0.0005
2025-05-19,2.038,0.003
2025-05-20,2.073,0.0172
2025-05-21,2.092,0.0092
2025-05-22,2.087,-0.0024
2025-05-23,2.081,-0.0029
2025-05-26,2.047,-0.0163
2025-05-27,2.049,0.001
2025-05-28,2.026,-0.011200000000000002
2025-05-29,2.041,0.0074
2025-05-30,2.021,-0.0098
2025-06-03,2.044,0.011399999999999999
2025-06-04,2.091,0.023
2025-06-05,2.079,-0.005699999999999999
2025-06-06,2.067,-0.0058
2025-06-09,2.122,0.026600000000000002
2025-06-10,2.133,0.0052
2025-06-11,2.151,0.0084
2025-06-12,2.152,0.0005
2025-06-13,2.128,-0.011200000000000002
2025-06-16,2.137,0.0042
2025-06-17,2.1,-0.0173
2025-06-18,2.091,-0.0043
2025-06-19,2.048,-0.0206
2025-06-20,2.048,0.0
2025-06-23,2.05,0.001
2025-06-24,2.096,0.022400000000000003
2025-06-25,2.096,0.0
2025-06-26,2.1,0.0019
2025-06-27,2.114,0.0067
2025-06-30,2.12,0.0028000000000000004
2025-07-01,2.124,0.0019
2025-07-02,2.12,-0.0019
2025-07-03,2.112,-0.0038
2025-07-04,2.104,-0.0038
2025-07-07,2.112,0.0038
2025-07-08,2.136,0.011399999999999999
2025-07-09,2.124,-0.005600000000000001
2025-07-10,2.127,0.0014000000000000002
2025-07-11,2.121,-0.0028000000000000004
2025-07-14,2.127,0.0028000000000000004
2025-07-15,2.154,0.0127
2025-07-16,2.149,-0.0023
2025-07-17,2.151,0.0009
2025-07-18,2.174,0.010700000000000001
2025-07-21,2.176,0.0009
2025-07-22,2.177,0.0005
2025-07-23,2.181,0.0018
2025-07-24,2.196,0.0069
2025-07-25,2.187,-0.0040999999999999995
2025-07-28,2.19,0.0014000000000000002
2025-07-29,2.19,0.0
2025-07-30,2.172,-0.008199999999999999
2025-07-31,2.139,-0.0152
2025-08-01,2.108,-0.014499999999999999
2025-08-04,2.134,0.0123
2025-08-05,2.152,0.0084
2025-08-06,2.166,0.006500000000000001
2025-08-07,2.178,0.0055000000000000005
2025-08-08,2.174,-0.0018
2025-08-11,2.167,-0.0032
2025-08-12,2.158,-0.0042
2025-08-13,2.205,0.0218
2025-08-14,2.189,-0.0073
2025-08-15,2.204,0.0069
2025-08-18,2.204,0.0
2025-08-19,2.194,-0.0045000000000000005
2025-08-20,2.194,0.0
2025-08-21,2.197,0.0014000000000000002
2025-08-22,2.217,0.0091
2025-08-25,2.269,0.0235
2025-08-26,2.282,0.005699999999999999
2025-08-27,2.265,-0.0074
2025-08-28,2.249,-0.0070999999999999995
2025-08-29,2.279,0.013300000000000001
2025-09-01,2.304,0.011000000000000001
2025-09-02,2.288,-0.0069
2025-09-03,2.29,0.0009
2025-09-04,2.246,-0.0192
2025-09-05,2.308,0.0276
2025-09-08,2.314,0.0026
2025-09-09,2.35,0.015600000000000001
2025-09-10,2.357,0.003
2025-09-11,2.374,0.0072
2025-09-12,2.401,0.011399999999999999
2025-09-15,2.397,-0.0017000000000000001
2025-09-16,2.419,0.0092
2025-09-17,2.432,0.0054
2025-09-18,2.43,-0.0008
2025-09-19,2.44,0.0040999999999999995
2025-09-22,2.456,0.0066
2025-09-23,2.436,-0.008100000000000001
2025-09-24,2.447,0.0045000000000000005
2025-09-25,2.465,0.0074
2025-09-26,2.417,-0.0195
2025-09-29,2.459,0.0174
2025-09-30,2.485,0.0106
2025-10-09,2.542,0.0229
2025-10-10,2.466,-0.029900000000000003
2025-10-13,2.442,-0.0097
2025-10-14,2.365,-0.0315
2025-10-15,2.419,0.022799999999999997
2025-10-16,2.415,-0.0017000000000000001
2025-10-17,2.361,-0.022400000000000003
2025-10-20,2.398,0.015700000000000002
2025-10-21,2.406,0.0033
2025-10-22,2.384,-0.0091
2025-10-23,2.367,-0.0070999999999999995
2025-10-24,2.382,0.0063
2025-10-27,2.42,0.016
2025-10-28,2.391,-0.012
2025-10-29,2.404,0.0054
2025-10-30,2.399,-0.0021
2025-10-31,2.366,-0.0138
2025-11-03,2.368,0.0008
2025-11-04,2.329,-0.0165
2025-11-05,2.323,-0.0026
2025-11-06,2.352,0.0125
2025-11-07,2.323,-0.0123
2025-11-10,2.357,0.0146
2025-11-11,2.343,-0.0059
2025-11-12,2.341,-0.0009
2025-11-13,2.362,0.009000000000000001
2025-11-14,2.32,-0.0178
2025-11-17,2.304,-0.0069
2025-11-18,2.259,-0.0195
2025-11-19,2.254,-0.0022
2025-11-20,2.263,0.004
2025-11-21,2.193,-0.030899999999999997
2025-11-24,2.213,0.0091
2025-11-25,2.232,0.0086
2025-11-26,2.241,0.004
2025-11-27,2.257,0.0070999999999999995
2025-11-28,2.252,-0.0022
2025-12-01,2.269,0.0075
2025-12-02,2.278,0.004
2025-12-03,2.263,-0.0066
2025-12-04,2.277,0.0062
2025-12-05,2.296,0.0083
2025-12-08,2.279,-0.0074
2025-12-09,2.238,-0.018000000000000002
2025-12-10,2.243,0.0022
2025-12-11,2.225,-0.008
2025-12-12,2.251,0.011699999999999999
2025-12-15,2.217,-0.0151
2025-12-16,2.174,-0.0194
2025-12-17,2.187,0.006
2025-12-18,2.176,-0.005
2025-12-19,2.193,0.0078000000000000005
2025-12-22,2.227,0.0155
2025-12-23,2.221,-0.0027
2025-12-24,2.224,0.0014000000000000002
2025-12-25,2.222,-0.0009
2025-12-26,2.224,0.0009
2025-12-29,2.208,-0.0072
2025-12-30,2.217,0.0040999999999999995
2025-12-31,2.213,-0.0018
2026-01-05,2.31,0.0438
2026-01-06,2.35,0.0173
2026-01-07,2.341,-0.0038
2026-01-08,2.321,-0.0085
2026-01-09,2.327,0.0026
2026-01-12,2.36,0.014199999999999999
2026-01-13,2.372,0.0051
2026-01-14,2.383,0.0046
2026-01-15,2.364,-0.008
2026-01-16,2.378,0.0059
2026-01-19,2.358,-0.0084
2026-01-20,2.365,0.003
2026-01-21,2.374,0.0038
2026-01-22,2.383,0.0038
2026-01-23,2.4,0.0070999999999999995
2026-01-26,2.396,-0.0017000000000000001
2026-01-27,2.418,0.0092
2026-01-28,2.468,0.0207
2026-01-29,2.459,-0.0036
2026-01-30,2.397,-0.0252
2026-02-02,2.342,-0.0229
2026-02-03,2.366,0.0102
2026-02-04,2.364,-0.0008
2026-02-05,2.34,-0.0102
2026-02-06,2.333,-0.003
2026-02-09,2.385,0.0223
2026-02-10,2.416,0.013000000000000001
2026-02-11,2.426,0.0040999999999999995
2026-02-12,2.424,-0.0008
2026-02-13,2.382,-0.0173
2026-02-24,2.406,0.0101
2026-02-25,2.425,0.0079
2026-02-26,2.382,-0.0177
2026-02-27,2.388,0.0025
2026-03-02,2.357,-0.013000000000000001
2026-03-03,2.289,-0.028900000000000002
2026-03-04,2.248,-0.0179
2026-03-05,2.257,0.004
2026-03-06,2.266,0.004
2026-03-09,2.225,-0.0181
2026-03-10,2.269,0.019799999999999998
2026-03-11,2.301,0.0141
2026-03-12,2.295,-0.0026
2026-03-13,2.275,-0.0087
2026-03-16,2.272,-0.0013
2026-03-17,2.271,-0.0004
2026-03-18,2.289,0.0079
2026-03-19,2.238,-0.0223
2026-03-20,2.225,-0.0058
2026-03-23,2.179,-0.0207
2026-03-24,2.206,0.0124
2026-03-25,2.208,0.0009
2026-03-26,2.185,-0.0104
2026-03-27,2.189,0.0018
2026-03-30,2.174,-0.0069
2026-03-31,2.133,-0.0189
2026-04-01,2.184,0.0239
2026-04-02,2.164,-0.0092
2026-04-03,2.165,0.0005
2026-04-07,2.173,0.0037
2026-04-08,2.229,0.0258
2026-04-09,2.225,-0.0018
2026-04-10,2.248,0.0103
2026-04-13,2.25,0.0009
2026-04-14,2.274,0.010700000000000001
2026-04-15,2.286,0.0053
2026-04-16,2.328,0.0184
2026-04-17,2.303,-0.010700000000000001
2026-04-20,2.307,0.0017000000000000001
2026-04-21,2.327,0.0087
2026-04-22,2.307,-0.0086
2026-04-23,2.296,-0.0048
2026-04-24,2.33,0.0148
2026-04-27,2.319,-0.004699999999999999
2026-04-28,2.305,-0.006
2026-04-29,2.334,0.0126
2026-04-30,2.311,-0.009899999999999999
2026-05-06,2.398,0.037599999999999995
2026-05-07,2.426,0.011699999999999999
2026-05-08,2.408,-0.0074
2026-05-11,2.407,-0.0004
2026-05-12,2.398,-0.0037
2026-05-13,2.393,-0.0021
2026-05-14,2.374,-0.0079
2026-05-15,2.336,-0.016
2026-05-18,2.306,-0.0128
2026-05-19,2.272,-0.0147
2026-05-20,2.274,0.0009
2026-05-21,2.281,0.0031
2026-05-22,2.325,0.019299999999999998
2026-05-25,2.369,0.0189
2026-05-26,2.376,0.003
2026-05-27,2.394,0.0076
2026-05-28,2.348,-0.0192
2026-05-29,2.353,0.0021
2026-06-01,2.373,0.0085
2026-06-02,2.385,0.0051
2026-06-03,2.392,0.0029
2026-06-04,2.348,-0.0184
2026-06-05,2.297,-0.0217
2026-06-08,2.236,-0.026600000000000002
2026-06-09,2.275,0.0174
2026-06-10,2.212,-0.0277
2026-06-11,2.21,-0.0009
2026-06-12,2.247,0.0167
2026-06-15,2.29,0.0191
2026-06-16,2.277,-0.005699999999999999
2026-06-17,2.273,-0.0018
2026-06-18,2.265,-0.0034999999999999996
2026-06-22,2.292,0.011899999999999999
2026-06-23,2.254,-0.0166
2026-06-24,2.245,-0.004
2026-06-25,2.243,-0.0009
2026-06-26,2.172,-0.0317
2026-06-29,2.208,0.0166
2026-06-30,2.27,0.0281
2026-07-01,2.289,0.0084
2026-07-02,2.268,-0.0092
2026-07-03,2.258,-0.0044
2026-07-06,2.26,0.0009
2026-07-07,2.21,-0.022099999999999998
2026-07-08,2.231,0.0095
2026-07-09,2.237,0.0027
2026-07-10,2.221,-0.0072
2026-07-13,2.202,-0.0086
2026-07-14,2.186,-0.0073
2026-07-15,2.215,0.013300000000000001
2026-07-16,2.205,-0.0045000000000000005
2026-07-17,2.092,-0.0512
2026-07-20,2.106,0.0067
2026-07-21,2.162,0.026600000000000002
2026-07-22,2.162,0.0
2026-07-23,2.164,0.0009
2026-07-24,2.122,-0.0194
2026-07-27,2.12,-0.0009
2026-07-28,2.063,-0.0269
2026-07-29,2.039,-0.0116
2026-07-30,2.031,-0.0039000000000000003
2026-07-31,2.094,0.031
2026-08-03,2.113,0.0091
