date,nav,ret
2005-01-04,1.0,0.0
2005-01-07,1.0,0.0
2005-01-14,1.0001,0.0001
2005-01-21,1.0002,0.0001
2005-01-28,1.0005,0.0003
2005-02-04,1.0014,0.0009
2005-02-16,1.0015,0.0001
2005-02-18,1.001,-0.000499
2005-02-22,1.0026,0.001598
2005-02-23,1.002,-0.000598
2005-02-24,1.0012,-0.000798
2005-02-25,1.0015,0.0003
2005-02-28,0.9997,-0.001797
2005-03-01,0.9996,-0.0001
2005-03-02,0.9993,-0.0003
2005-03-03,0.9994,0.0001
2005-03-04,0.9985,-0.000901
2005-03-07,0.9998,0.0013020000000000002
2005-03-08,1.0029,0.003101
2005-03-09,1.0007,-0.002194
2005-03-10,0.9939,-0.006795
2005-03-11,0.992,-0.001912
2005-03-14,0.993,0.001008
2005-03-15,0.9878,-0.005237
2005-03-16,0.9829,-0.004961
2005-03-17,0.9792,-0.003764
2005-03-18,0.9783,-0.000919
2005-03-21,0.976,-0.0023510000000000002
2005-03-22,0.9745,-0.001537
2005-03-23,0.9735,-0.001026
2005-03-24,0.9751,0.0016439999999999998
2005-03-25,0.9755,0.00041
2005-03-28,0.9753,-0.000205
2005-03-29,0.9746,-0.000718
2005-03-30,0.97,-0.004719999999999999
2005-03-31,0.9739,0.004021
2005-04-01,0.9861,0.012527
2005-04-04,0.9812,-0.004969
2005-04-05,0.9766,-0.004688
2005-04-06,0.9832,0.006757999999999999
2005-04-07,0.9844,0.001221
2005-04-08,0.9904,0.006095000000000001
2005-04-11,0.9844,-0.006058
2005-04-12,0.9787,-0.00579
2005-04-13,0.9885,0.010013000000000001
2005-04-14,0.9837,-0.004856
2005-04-15,0.9812,-0.002541
2005-04-18,0.9756,-0.005707
2005-04-19,0.9733,-0.0023580000000000003
2005-04-20,0.9704,-0.00298
2005-04-21,0.9705,0.000103
2005-04-22,0.971,0.0005149999999999999
2005-04-25,0.9683,-0.002781
2005-04-26,0.9711,0.002892
2005-04-27,0.9696,-0.001545
2005-04-28,0.9766,0.007219
2005-04-29,0.9761,-0.000512
2005-05-09,0.9684,-0.007889
2005-05-10,0.9685,0.000103
2005-05-11,0.9663,-0.002272
2005-05-12,0.9614,-0.005071
2005-05-13,0.96,-0.001456
2005-05-16,0.9539,-0.006353999999999999
2005-05-17,0.9584,0.004717
2005-05-18,0.9566,-0.001878
2005-05-19,0.959,0.002509
2005-05-20,0.9585,-0.000521
2005-05-23,0.9537,-0.005008
2005-05-24,0.9543,0.000629
2005-05-25,0.9511,-0.003353
2005-05-26,0.9465,-0.004837
2005-05-27,0.9402,-0.006656
2005-05-30,0.9419,0.001808
2005-05-31,0.9418,-0.000106
2005-06-01,0.9351,-0.0071140000000000005
2005-06-02,0.917,-0.019355999999999998
2005-06-03,0.9159,-0.0012
2005-06-06,0.9289,0.014194
2005-06-07,0.9275,-0.001507
2005-06-08,0.9632,0.038491
2005-06-09,0.9685,0.005502
2005-06-10,0.9608,-0.00795
2005-06-13,0.9627,0.001978
2005-06-14,0.9588,-0.004051
2005-06-15,0.953,-0.006049
2005-06-16,0.961,0.008395
2005-06-17,0.9649,0.004058
2005-06-20,0.9795,0.015130999999999999
2005-06-21,0.9744,-0.005207000000000001
2005-06-22,0.9773,0.002976
2005-06-23,0.9725,-0.004911
2005-06-24,0.9739,0.0014399999999999999
2005-06-27,0.9804,0.006674
2005-06-28,0.9731,-0.007446
2005-06-29,0.9677,-0.005548999999999999
2005-06-30,0.9582,-0.009817
2005-07-01,0.9534,-0.005009
2005-07-04,0.9499,-0.003671
2005-07-05,0.9481,-0.001895
2005-07-06,0.9448,-0.003481
2005-07-07,0.9421,-0.002858
2005-07-08,0.9331,-0.009553
2005-07-11,0.9311,-0.002143
2005-07-12,0.9464,0.016432
2005-07-13,0.9388,-0.00803
2005-07-14,0.942,0.0034089999999999997
2005-07-15,0.9398,-0.0023350000000000003
2005-07-18,0.9366,-0.003405
2005-07-19,0.9383,0.001815
2005-07-20,0.9462,0.008419
2005-07-21,0.9455,-0.00074
2005-07-22,0.9544,0.009413
2005-07-25,0.9512,-0.003353
2005-07-26,0.9665,0.016085000000000002
2005-07-27,0.9797,0.013657999999999998
2005-07-28,0.981,0.001327
2005-07-29,0.9772,-0.0038740000000000003
2005-08-01,0.9794,0.002251
2005-08-02,0.9864,0.007147
2005-08-03,0.9892,0.002839
2005-08-04,0.9862,-0.003033
2005-08-05,0.9968,0.010748
2005-08-08,0.9956,-0.001204
2005-08-09,0.9947,-0.000904
2005-08-10,0.998,0.0033179999999999998
2005-08-11,1.0079,0.00992
2005-08-12,1.0045,-0.0033729999999999997
2005-08-15,1.0111,0.00657
2005-08-16,1.0076,-0.0034620000000000002
2005-08-17,1.0091,0.001489
2005-08-18,0.9878,-0.021108
2005-08-19,0.9918,0.004049
2005-08-22,1.0004,0.008671
2005-08-23,0.9947,-0.005698
2005-08-24,0.9977,0.0030159999999999996
2005-08-25,0.9927,-0.005012
2005-08-26,0.9922,-0.000504
2005-08-29,0.9835,-0.008768
2005-08-30,0.9838,0.000305
2005-08-31,0.9915,0.007826999999999999
2005-09-01,1.0024,0.010993
2005-09-02,1.0055,0.0030930000000000003
2005-09-05,1.0065,0.000995
2005-09-06,1.001,-0.005464
2005-09-07,1.0133,0.012287999999999999
2005-09-08,1.0145,0.0011840000000000002
2005-09-09,1.0076,-0.006801000000000001
2005-09-12,1.0071,-0.000496
2005-09-13,1.02,0.012809
2005-09-14,1.0202,0.000196
2005-09-15,1.0191,-0.001078
2005-09-16,1.0164,-0.0026490000000000003
2005-09-19,1.023,0.006494
2005-09-20,1.0184,-0.004497
2005-09-21,1.006,-0.012176
2005-09-22,0.9938,-0.012126999999999999
2005-09-23,0.9925,-0.001308
2005-09-26,0.9976,0.005139
2005-09-27,0.9915,-0.006115000000000001
2005-09-28,0.9852,-0.006353999999999999
2005-09-29,0.9976,0.012586
2005-09-30,1.0007,0.003107
2005-10-10,0.9923,-0.008394
2005-10-11,0.994,0.0017130000000000001
2005-10-12,0.9979,0.003924
2005-10-13,0.99,-0.007917
2005-10-14,0.9829,-0.0071719999999999996
2005-10-17,0.9764,-0.006613
2005-10-18,0.9776,0.001229
2005-10-19,0.977,-0.0006140000000000001
2005-10-20,0.982,0.005118
2005-10-21,0.9835,0.001527
2005-10-24,0.9833,-0.00020299999999999997
2005-10-25,0.9722,-0.011289
2005-10-26,0.9629,-0.009566
2005-10-27,0.9652,0.002389
2005-10-28,0.9607,-0.004662
2005-10-31,0.9666,0.006141
2005-11-01,0.966,-0.000621
2005-11-02,0.9694,0.0035199999999999997
2005-11-03,0.9664,-0.003095
2005-11-04,0.9707,0.00445
2005-11-07,0.9676,-0.0031940000000000002
2005-11-08,0.9744,0.0070279999999999995
2005-11-09,0.973,-0.001437
2005-11-10,0.9613,-0.012025
2005-11-11,0.9657,0.004577
2005-11-14,0.9657,0.0
2005-11-15,0.9601,-0.0057989999999999995
2005-11-16,0.9611,0.001042
2005-11-17,0.9636,0.002601
2005-11-18,0.9777,0.014633
2005-11-21,0.9787,0.001023
2005-11-22,0.9694,-0.009502
2005-11-23,0.9724,0.003095
2005-11-24,0.9722,-0.000206
2005-11-25,0.9726,0.00041099999999999996
2005-11-28,0.9693,-0.0033929999999999997
2005-11-29,0.963,-0.006500000000000001
2005-11-30,0.9635,0.000519
2005-12-01,0.9649,0.001453
2005-12-02,0.9673,0.002487
2005-12-05,0.9614,-0.006099
2005-12-06,0.9626,0.001248
2005-12-07,0.9696,0.007272
2005-12-08,0.9698,0.000206
2005-12-09,0.9768,0.007218
2005-12-12,0.9774,0.0006140000000000001
2005-12-13,0.9795,0.002149
2005-12-14,0.9862,0.006840000000000001
2005-12-15,0.9873,0.001115
2005-12-16,0.9908,0.003545
2005-12-19,0.9913,0.000505
2005-12-20,0.9913,0.0
2005-12-21,0.9894,-0.001917
2005-12-22,1.0,0.010714
2005-12-23,1.0056,0.005600000000000001
2005-12-26,1.0119,0.006265
2005-12-27,1.0124,0.000494
2005-12-28,1.0146,0.002173
2005-12-29,1.0308,0.015967
2005-12-30,1.0193,-0.011156
2005-12-31,1.0193,0.0
2006-01-04,1.0275,0.008045
2006-01-05,1.0426,0.014696
2006-01-06,1.0535,0.010455
2006-01-09,1.0582,0.004461
2006-01-10,1.0602,0.00189
2006-01-11,1.0592,-0.0009429999999999999
2006-01-12,1.0693,0.009535
2006-01-13,1.0698,0.000468
2006-01-16,1.0537,-0.01505
2006-01-17,1.0546,0.000854
2006-01-18,1.0727,0.017162999999999998
2006-01-19,1.0775,0.004475
2006-01-20,1.0621,-0.005012
2006-01-23,1.068,0.005555
2006-01-24,1.0703,0.002154
2006-01-25,1.0793,0.008409
2006-02-06,1.1034,0.022328999999999998
2006-02-07,1.1025,-0.0008160000000000001
2006-02-08,1.1096,0.00644
2006-02-09,1.0925,-0.015411
2006-02-10,1.1055,0.011899
2006-02-13,1.1136,0.007327
2006-02-14,1.1162,0.0023350000000000003
2006-02-15,1.1115,-0.0042109999999999995
2006-02-16,1.0865,-0.022492
2006-02-17,1.0846,-0.001749
2006-02-20,1.0853,0.0006450000000000001
2006-02-21,1.1066,0.019625999999999998
2006-02-22,1.1002,-0.005783
2006-02-23,1.0933,-0.006272
2006-02-24,1.1051,0.010792999999999999
2006-02-27,1.1022,-0.002624
2006-02-28,1.1062,0.003629
2006-03-01,1.1155,0.008407
2006-03-02,1.1048,-0.009592
2006-03-03,1.1064,0.001448
2006-03-06,1.1096,0.002892
2006-03-07,1.0897,-0.017934000000000002
2006-03-08,1.082,-0.007066
2006-03-09,1.0822,0.000185
2006-03-10,1.0853,0.002865
2006-03-13,1.0915,0.005713
2006-03-14,1.0948,0.003023
2006-03-15,1.1032,0.007673
2006-03-16,1.1037,0.000453
2006-03-17,1.1015,-0.001993
2006-03-20,1.1114,0.008988000000000001
2006-03-21,1.1147,0.002969
2006-03-22,1.1236,0.007984
2006-03-23,1.1223,-0.001157
2006-03-24,1.1191,-0.0028510000000000002
2006-03-27,1.1306,0.010276
2006-03-28,1.1423,0.010348
2006-03-29,1.1472,0.0042899999999999995
2006-03-30,1.1406,-0.005753
2006-03-31,1.1532,0.011047
2006-04-03,1.1774,0.020985
2006-04-04,1.1884,0.009343
2006-04-05,1.1957,0.006142999999999999
2006-04-06,1.1977,0.001673
2006-04-07,1.1982,0.000417
2006-04-10,1.2115,0.0111
2006-04-11,1.2154,0.003219
2006-04-12,1.2082,-0.0059240000000000004
2006-04-13,1.1852,-0.019037
2006-04-14,1.2137,0.024047
2006-04-17,1.2211,0.006097
2006-04-18,1.2292,0.006633
2006-04-19,1.2352,0.004881
2006-04-20,1.2288,-0.005181
2006-04-21,1.2474,0.015137000000000001
2006-04-24,1.2399,-0.006012999999999999
2006-04-25,1.238,-0.001532
2006-04-26,1.2642,0.021162999999999998
2006-04-27,1.2638,-0.00031600000000000004
2006-04-28,1.2874,0.018674
2006-05-08,1.3339,0.036119
2006-05-09,1.369,0.026314
2006-05-10,1.3901,0.015413
2006-05-11,1.371,-0.01374
2006-05-12,1.4094,0.028009
2006-05-15,1.4605,0.036257000000000005
2006-05-16,1.4163,-0.030264000000000003
2006-05-17,1.4233,0.004941999999999999
2006-05-18,1.4266,0.002319
2006-05-19,1.4606,0.023833000000000003
2006-05-22,1.4749,0.00979
2006-05-23,1.4336,-0.028002
2006-05-24,1.4241,-0.006626999999999999
2006-05-25,1.4271,0.002107
2006-05-26,1.4595,0.022703
2006-05-29,1.4898,0.020760999999999998
2006-05-30,1.5131,0.01564
2006-05-31,1.5171,0.002644
2006-06-01,1.5425,0.016742
2006-06-02,1.5308,-0.007585
2006-06-05,1.5406,0.006402
2006-06-06,1.5394,-0.000779
2006-06-07,1.4886,-0.033
2006-06-08,1.4898,0.0008060000000000001
2006-06-09,1.4738,-0.010740000000000001
2006-06-12,1.4751,0.000882
2006-06-13,1.4736,-0.001017
2006-06-14,1.4622,-0.007736
2006-06-15,1.4656,0.0023250000000000002
2006-06-16,1.4847,0.013031999999999998
2006-06-19,1.4919,0.004849
2006-06-20,1.4948,0.001944
2006-06-21,1.4921,-0.001806
2006-06-22,1.4948,0.00181
2006-06-23,1.5024,0.005084
2006-06-26,1.4758,0.008919
2006-06-27,1.4749,-0.00061
2006-06-28,1.4718,-0.002102
2006-06-29,1.4941,0.015152
2006-06-30,1.4927,-0.000937
2006-07-03,1.5096,0.011322
2006-07-04,1.5011,-0.005631000000000001
2006-07-05,1.4958,-0.0035310000000000003
2006-07-06,1.5128,0.011365
2006-07-07,1.5097,-0.002049
2006-07-10,1.5135,0.0025169999999999997
2006-07-11,1.5174,0.002577
2006-07-12,1.5119,-0.0036249999999999998
2006-07-13,1.4563,-0.036775
2006-07-14,1.4612,0.0033650000000000004
2006-07-17,1.4729,0.008007
2006-07-18,1.473,6.8e-05
2006-07-19,1.4539,-0.012967
2006-07-20,1.4586,0.0032329999999999998
2006-07-21,1.4656,0.004799
2006-07-24,1.4672,0.001092
2006-07-25,1.4805,0.009065
2006-07-26,1.484,0.0023639999999999998
2006-07-27,1.471,-0.00876
2006-07-28,1.4617,-0.0063219999999999995
2006-07-31,1.4386,-0.015804
2006-08-01,1.4302,-0.005839
2006-08-02,1.4308,0.00042
2006-08-03,1.4361,0.0037040000000000003
2006-08-04,1.4217,-0.010027
2006-08-07,1.4122,-0.0066820000000000004
2006-08-08,1.4252,0.009205
2006-08-09,1.4233,-0.001333
2006-08-10,1.4341,0.007588
2006-08-11,1.4337,-0.000279
2006-08-14,1.417,-0.011648
2006-08-15,1.4267,0.006845
2006-08-16,1.436,0.0065190000000000005
2006-08-17,1.4295,-0.004526
2006-08-18,1.4242,-0.0037080000000000004
2006-08-21,1.4245,0.000211
2006-08-22,1.4339,0.006599000000000001
2006-08-23,1.4333,-0.00041799999999999997
2006-08-24,1.438,0.0032790000000000002
2006-08-25,1.4377,-0.00020899999999999998
2006-08-28,1.4546,0.011755
2006-08-29,1.4564,0.001237
2006-08-30,1.4587,0.001579
2006-08-31,1.4616,0.001988
2006-09-01,1.4466,-0.010263
2006-09-04,1.4564,0.006775
2006-09-05,1.4546,-0.0012360000000000001
2006-09-06,1.4585,0.0026810000000000002
2006-09-07,1.4492,-0.006376
2006-09-08,1.4521,0.002001
2006-09-11,1.4588,0.004614
2006-09-12,1.466,0.004935999999999999
2006-09-13,1.4646,-0.000955
2006-09-14,1.4633,-0.000888
2006-09-15,1.4818,0.012643
2006-09-18,1.4887,0.004656
2006-09-19,1.4909,0.001478
2006-09-20,1.4925,0.0010730000000000002
2006-09-21,1.5028,0.006901000000000001
2006-09-22,1.4942,-0.005723000000000001
2006-09-25,1.4899,-0.002878
2006-09-26,1.4821,-0.005235
2006-09-27,1.4879,0.003913
2006-09-28,1.4988,0.007326
2006-09-29,1.5088,0.006672
2006-09-30,1.5088,0.0
2006-10-09,1.5325,0.015708
2006-10-10,1.5354,0.001892
2006-10-11,1.5346,-0.000521
2006-10-12,1.5286,-0.00391
2006-10-13,1.5305,0.001243
2006-10-16,1.5204,-0.006599000000000001
2006-10-17,1.5167,-0.002434
2006-10-18,1.5312,0.009559999999999999
2006-10-19,1.5338,0.001698
2006-10-20,1.5349,0.000717
2006-10-23,1.5165,-0.011988
2006-10-24,1.5421,0.016881
2006-10-25,1.5477,0.0036309999999999997
2006-10-26,1.5565,0.005686
2006-10-27,1.5497,-0.0043690000000000005
2006-10-30,1.5549,0.0033550000000000003
2006-10-31,1.5668,0.007653
2006-11-01,1.5737,0.004404
2006-11-02,1.5718,-0.001207
2006-11-03,1.5797,0.005026
2006-11-06,1.5899,0.006457000000000001
2006-11-07,1.5937,0.0023899999999999998
2006-11-08,1.5834,-0.006463
2006-11-09,1.6032,0.012504999999999999
2006-11-10,1.5902,-0.008109
2006-11-13,1.5744,-0.009936
2006-11-14,1.5889,0.009210000000000001
2006-11-15,1.6135,0.015482000000000001
2006-11-16,1.6102,-0.002045
2006-11-17,1.6297,0.012110000000000001
2006-11-20,1.6477,0.011045000000000001
2006-11-21,1.6591,0.006919
2006-11-22,1.6636,0.002712
2006-11-23,1.6714,0.004689
2006-11-24,1.6685,-0.0017349999999999998
2006-11-27,1.6789,0.006233
2006-11-28,1.6771,-0.001072
2006-11-29,1.6928,0.009361000000000001
2006-11-30,1.7234,0.018077
2006-12-01,1.7338,0.006035
2006-12-04,1.7627,0.016669
2006-12-05,1.7676,0.0027800000000000004
2006-12-06,1.7573,-0.005827
2006-12-07,1.7552,-0.0011949999999999999
2006-12-08,1.7034,-0.029512
2006-12-11,1.758,0.032054
2006-12-12,1.7663,0.004721
2006-12-13,1.7624,-0.002208
2006-12-14,1.7828,0.011575
2006-12-15,1.8092,0.014807999999999998
2006-12-18,1.8439,0.01918
2006-12-19,1.8468,0.001573
2006-12-20,1.8605,0.007418
2006-12-21,1.8418,-0.010051000000000001
2006-12-22,1.8297,-0.00657
2006-12-25,1.8574,0.015139
2006-12-26,1.8579,0.000269
2006-12-27,1.8841,0.014101999999999998
2006-12-28,1.8794,-0.002495
2006-12-29,1.9224,0.022879999999999998
2006-12-31,1.9223,-5.2e-05
2007-01-04,1.9484,0.013576999999999999
2007-01-05,1.9557,0.003747
2007-01-08,1.998,0.021629
2007-01-09,2.0552,0.028628999999999998
2007-01-10,2.1003,0.021943999999999998
2007-01-11,2.0759,-0.011616999999999999
2007-01-12,2.048,-0.01344
2007-01-15,2.1186,0.034473
2007-01-16,2.1663,0.022515
2007-01-17,2.143,-0.010755999999999998
2007-01-18,2.1477,0.002193
2007-01-19,2.2025,0.025516
2007-01-22,2.2438,0.018751
2007-01-23,2.2424,-0.000624
2007-01-24,2.2478,0.002408
2007-01-25,2.2122,-0.015838
2007-01-26,1.1075,0.006916
2007-01-29,1.1241,0.014988999999999999
2007-01-30,1.1197,-0.003914
2007-01-31,1.0944,-0.022595
2007-02-01,1.0961,0.001553
2007-02-02,1.0798,-0.014871
2007-02-05,1.0763,-0.003241
2007-02-06,1.0887,0.011520999999999998
2007-02-07,1.1008,0.011113999999999999
2007-02-08,1.1176,0.015262
2007-02-09,1.1154,-0.001969
2007-02-12,1.1346,0.017214
2007-02-13,1.1464,0.0104
2007-02-14,1.1632,0.014655
2007-02-15,1.1866,0.020117
2007-02-16,1.1957,0.0076690000000000005
2007-02-26,1.1965,0.000669
2007-02-27,1.1249,-0.059841
2007-02-28,1.14,0.013423000000000001
2007-03-01,1.1161,-0.020964999999999998
2007-03-02,1.131,0.013349999999999999
2007-03-05,1.1275,-0.003095
2007-03-06,1.1362,0.007716
2007-03-07,1.1522,0.014081999999999999
2007-03-08,1.1621,0.008591999999999999
2007-03-09,1.1554,-0.005765
2007-03-12,1.1545,-0.000779
2007-03-13,1.1624,0.006843
2007-03-14,1.1497,-0.010926
2007-03-15,1.1625,0.011132999999999999
2007-03-16,1.1496,-0.011097
2007-03-19,1.1593,0.008438
2007-03-20,1.1616,0.001984
2007-03-21,1.1699,0.007145
2007-03-22,1.1754,0.004701
2007-03-23,1.1784,0.002552
2007-03-26,1.1975,0.016208
2007-03-27,1.2041,0.005511
2007-03-28,1.2038,-0.000249
2007-03-29,1.1963,-0.00623
2007-03-30,1.1943,-0.0016719999999999999
2007-03-31,1.1943,0.0
2007-04-02,1.2102,0.013312999999999998
2007-04-03,1.2289,0.015451999999999999
2007-04-04,1.2383,0.007649
2007-04-05,1.2485,0.008237
2007-04-06,1.2569,0.006728
2007-04-09,1.275,0.014400999999999999
2007-04-10,1.2829,0.006196
2007-04-11,1.2944,0.008964
2007-04-12,1.3231,0.022172
2007-04-13,1.325,0.001436
2007-04-16,1.3477,0.017132
2007-04-17,1.3523,0.003413
2007-04-18,1.3619,0.007098999999999999
2007-04-19,1.3061,-0.040972
2007-04-20,1.3477,0.031851
2007-04-23,1.3941,0.034429
2007-04-24,1.3992,0.0036580000000000002
2007-04-25,1.4002,0.0007149999999999999
2007-04-26,1.4117,0.008213
2007-04-27,1.3921,-0.013884
2007-04-30,1.405,0.009267
2007-05-08,1.4425,0.026690000000000002
2007-05-09,1.4391,-0.0023569999999999997
2007-05-10,1.4457,0.004586
2007-05-11,1.4394,-0.004358
2007-05-14,1.4459,0.004516
2007-05-15,1.4124,-0.023169
2007-05-16,1.4379,0.018054
2007-05-17,1.4624,0.017039
2007-05-18,1.4631,0.000479
2007-05-21,1.483,0.013601
2007-05-22,1.494,0.007417
2007-05-23,1.5146,0.013788
2007-05-24,1.4967,-0.011818
2007-05-25,1.5074,0.007149
2007-05-28,1.5362,0.019106
2007-05-29,1.5704,0.022263
2007-05-30,1.4899,-0.051261
2007-05-31,1.5218,0.021411
2007-06-01,1.5185,-0.002168
2007-06-04,1.4346,-0.055251999999999996
2007-06-05,1.4741,0.027534
2007-06-06,1.4935,0.013161
2007-06-07,1.5344,0.027385000000000003
2007-06-08,1.5476,0.008603
2007-06-11,1.5877,0.025911
2007-06-12,1.6184,0.019336
2007-06-13,1.6382,0.012234
2007-06-14,1.6273,-0.006654
2007-06-15,1.6349,0.0046700000000000005
2007-06-18,1.6719,0.022631000000000002
2007-06-19,1.6747,0.001675
2007-06-20,1.6418,-0.019645
2007-06-21,1.6521,0.006273999999999999
2007-06-22,1.6103,-0.025301
2007-06-25,1.5634,-0.029125
2007-06-26,1.5825,0.012217
2007-06-27,1.6203,0.023885999999999998
2007-06-28,1.5758,-0.027464
2007-06-29,1.614,0.024242
2007-06-30,1.6139,-6.2e-05
2007-07-02,1.6036,-0.006382
2007-07-03,1.6205,0.010539
2007-07-04,1.6014,-0.011786000000000001
2007-07-05,1.5357,-0.041026999999999994
2007-07-06,1.5829,0.030735000000000002
2007-07-09,1.6223,0.024891
2007-07-10,1.6016,-0.01276
2007-07-11,1.608,0.003996
2007-07-12,1.6152,0.004477999999999999
2007-07-13,1.6175,0.001424
2007-07-16,1.5797,-0.023369
2007-07-17,1.6055,0.016332
2007-07-18,1.609,0.00218
2007-07-19,1.6093,0.000186
2007-07-20,1.6536,0.027527
2007-07-23,1.7113,0.034894
2007-07-24,1.7123,0.000584
2007-07-25,1.7405,0.016469
2007-07-26,1.7495,0.005171
2007-07-27,1.752,0.001429
2007-07-30,1.7816,0.016895
2007-07-31,1.802,0.01145
2007-08-01,1.7503,-0.028690000000000004
2007-08-02,1.7994,0.028052
2007-08-03,1.8595,0.0334
2007-08-06,1.8972,0.020274
2007-08-07,1.8964,-0.000422
2007-08-08,1.8716,-0.013077
2007-08-09,1.8961,0.01309
2007-08-10,1.8688,-0.014398
2007-08-13,1.8721,0.001766
2007-08-14,1.8973,0.013461
2007-08-15,1.8981,0.000422
2007-08-16,1.8669,-0.016437
2007-08-17,1.8285,-0.020569
2007-08-20,1.912,0.045666000000000005
2007-08-21,1.9447,0.017103
2007-08-22,1.97,0.013009999999999999
2007-08-23,1.9968,0.013604
2007-08-24,2.0232,0.013221
2007-08-27,2.0227,-0.000247
2007-08-28,2.0268,0.0020269999999999997
2007-08-29,2.0026,-0.01194
2007-08-30,2.0187,0.00804
2007-08-31,2.0382,0.00966
2007-09-03,2.0833,0.022126999999999997
2007-09-04,2.0736,-0.004656
2007-09-05,2.0751,0.000723
2007-09-06,2.0913,0.007807
2007-09-07,2.0514,-0.019079
2007-09-10,2.0785,0.01321
2007-09-11,2.0036,-0.036036
2007-09-12,2.033,0.014674
2007-09-13,2.0817,0.023955
2007-09-14,2.0996,0.008599
2007-09-17,2.1309,0.014908
2007-09-18,2.113,-0.0084
2007-09-19,2.0982,-0.007004
2007-09-20,2.1284,0.014393
2007-09-21,2.1353,0.003242
2007-09-24,2.1372,0.00089
2007-09-25,2.1209,-0.007627
2007-09-26,2.1009,-0.00943
2007-09-27,2.1241,0.011043
2007-09-28,2.1678,0.020573
2007-09-30,2.1677,-4.6e-05
2007-10-08,2.1934,0.011856
2007-10-09,2.1972,0.001732
2007-10-10,2.2006,0.001547
2007-10-11,2.2286,0.012724
2007-10-12,2.2278,-0.000359
2007-10-15,2.2543,0.011895
2007-10-16,2.2749,0.009138
2007-10-17,2.2597,-0.0066820000000000004
2007-10-18,2.1987,-0.026995
2007-10-19,2.2052,0.002956
2007-10-22,2.1657,-0.017911999999999997
2007-10-23,2.184,0.00845
2007-10-24,2.2058,0.009982
2007-10-25,2.1327,-0.03314
2007-10-26,2.1473,0.006846
2007-10-29,2.1816,0.015974
2007-10-30,2.2028,0.009718
2007-10-31,2.2253,0.010214
2007-11-01,2.1967,-0.012851999999999999
2007-11-02,2.1431,-0.024399999999999998
2007-11-05,2.1107,-0.015118
2007-11-06,2.0952,-0.007344000000000001
2007-11-07,2.113,0.008496
2007-11-08,2.0365,-0.036204
2007-11-09,2.0216,-0.0073160000000000005
2007-11-12,1.9948,-0.013257000000000001
2007-11-13,1.9723,-0.011278999999999999
2007-11-14,2.0395,0.034072
2007-11-15,2.0146,-0.012209000000000001
2007-11-16,1.9885,-0.012955000000000001
2007-11-19,1.991,0.001257
2007-11-20,2.0257,0.017428
2007-11-21,2.0099,-0.0078000000000000005
2007-11-22,1.9488,-0.0304
2007-11-23,1.9765,0.014214
2007-11-26,1.9628,-0.0069310000000000005
2007-11-27,1.9373,-0.012991999999999998
2007-11-28,1.9246,-0.006555999999999999
2007-11-29,1.9782,0.02785
2007-11-30,1.9434,-0.017592
2007-12-03,1.9491,0.002933
2007-12-04,1.967,0.009184
2007-12-05,2.0157,0.024759000000000003
2007-12-06,2.0166,0.000446
2007-12-07,2.0435,0.013339
2007-12-10,2.0797,0.017715
2007-12-11,2.0879,0.0039429999999999995
2007-12-12,2.0763,-0.005556
2007-12-13,2.0069,-0.033424999999999996
2007-12-14,2.0429,0.017938
2007-12-17,2.01,-0.016105
2007-12-18,1.9996,-0.005174
2007-12-19,2.0393,0.019854
2007-12-20,2.0786,0.019271
2007-12-21,2.0977,0.009189000000000001
2007-12-24,2.1326,0.016637
2007-12-25,2.1419,0.004361
2007-12-26,2.1584,0.007703
2007-12-27,2.1823,0.011073
2007-12-28,2.1734,-0.004078
2007-12-29,2.1733,-4.6e-05
2007-12-31,2.1732,-4.6e-05
2008-01-02,2.1808,0.003497
2008-01-03,2.1911,0.004723
2008-01-04,2.1951,0.0018260000000000001
2008-01-07,2.2174,0.010159
2008-01-08,2.2094,-0.003608
2008-01-09,2.2346,0.011406000000000001
2008-01-10,2.2597,0.011231999999999999
2008-01-11,2.2699,0.004514000000000001
2008-01-14,2.2769,0.003084
2008-01-15,2.2637,-0.005797
2008-01-16,2.206,-0.025489
2008-01-17,2.1746,-0.014234
2008-01-18,2.1916,0.007818
2008-01-21,2.1149,-0.034997
2008-01-22,2.0084,-0.050357000000000006
2008-01-23,2.086,0.038638
2008-01-24,2.1076,0.010355000000000001
2008-01-25,2.1197,0.0057410000000000004
2008-01-28,2.0256,-0.044393
2008-01-29,2.0272,0.00079
2008-01-30,2.008,-0.009471
2008-01-31,1.981,-0.013446
2008-02-01,1.9777,-0.001666
2008-02-04,2.0864,0.054963
2008-02-05,2.0749,-0.005512
2008-02-13,2.0448,-0.014507
2008-02-14,2.0671,0.010906
2008-02-15,2.0528,-0.006918
2008-02-18,2.0846,0.015491
2008-02-19,2.1116,0.012951999999999998
2008-02-20,2.0775,-0.016149
2008-02-21,2.0745,-0.001444
2008-02-22,2.0215,-0.025548
2008-02-25,1.9647,-0.028098
2008-02-26,1.9381,-0.013539
2008-02-27,1.9739,0.018472
2008-02-28,1.9744,0.00025299999999999997
2008-02-29,1.9907,0.008256
2008-03-03,2.0287,0.019089000000000002
2008-03-04,1.993,-0.017597
2008-03-05,1.9704,-0.01134
2008-03-06,1.9826,0.006192
2008-03-07,1.965,-0.008877000000000001
2008-03-10,1.9038,-0.031145
2008-03-11,1.9088,0.002626
2008-03-12,1.8663,-0.022265
2008-03-13,1.8366,-0.015913999999999998
2008-03-14,1.8183,-0.009963999999999999
2008-03-17,1.7534,-0.035693
2008-03-18,1.6978,-0.031709999999999995
2008-03-19,1.7367,0.022912
2008-03-20,1.7758,0.022514
2008-03-21,1.7849,0.005124
2008-03-24,1.7321,-0.029581
2008-03-25,1.7478,0.009064
2008-03-26,1.7551,0.004177
2008-03-27,1.7185,-0.020853999999999998
2008-03-28,1.77,0.029967999999999998
2008-03-31,1.7335,-0.020621
2008-04-01,1.665,-0.039514999999999995
2008-04-02,1.6431,-0.013153
2008-04-03,1.6751,0.019475
2008-04-07,1.7426,0.040296000000000005
2008-04-08,1.7655,0.013141
2008-04-09,1.7144,-0.028944
2008-04-10,1.7362,0.012716
2008-04-11,1.7441,0.00455
2008-04-14,1.6687,-0.043231
2008-04-15,1.681,0.007371
2008-04-16,1.658,-0.013682000000000001
2008-04-17,1.6289,-0.017551
2008-04-18,1.6003,-0.017558
2008-04-21,1.5979,-0.0015
2008-04-22,1.6128,0.009325
2008-04-23,1.6659,0.032924
2008-04-24,1.7636,0.058647
2008-04-25,1.7668,0.001814
2008-04-28,1.7416,-0.014263
2008-04-29,1.7578,0.009302
2008-04-30,1.5487,0.028957
2008-05-05,1.5734,0.015949
2008-05-06,1.5656,-0.004957
2008-05-07,1.5216,-0.028104
2008-05-08,1.55,0.018665
2008-05-09,1.5461,-0.002516
2008-05-12,1.56,0.00899
2008-05-13,1.5622,0.0014099999999999998
2008-05-14,1.5912,0.018564
2008-05-15,1.5734,-0.011187
2008-05-16,1.5678,-0.003559
2008-05-19,1.57,0.0014030000000000002
2008-05-20,1.5167,-0.033949
2008-05-21,1.5373,0.013582
2008-05-22,1.5194,-0.011644000000000002
2008-05-23,1.5134,-0.003948999999999999
2008-05-26,1.4801,-0.022002999999999998
2008-05-27,1.4792,-0.000608
2008-05-28,1.5025,0.015752
2008-05-29,1.482,-0.013644
2008-05-30,1.481,-0.000675
2008-06-02,1.4871,0.004119
2008-06-03,1.4855,-0.001076
2008-06-04,1.4639,-0.014541
2008-06-05,1.4491,-0.01011
2008-06-06,1.445,-0.002829
2008-06-10,1.3714,-0.050934
2008-06-11,1.363,-0.006125
2008-06-12,1.3427,-0.014894000000000001
2008-06-13,1.3145,-0.021002
2008-06-16,1.3049,-0.007303
2008-06-17,1.275,-0.022914
2008-06-18,1.3149,0.031294
2008-06-19,1.2596,-0.042055999999999996
2008-06-20,1.2759,0.012941000000000001
2008-06-23,1.2553,-0.016145
2008-06-24,1.2693,0.011153
2008-06-25,1.3032,0.026708
2008-06-26,1.3062,0.002302
2008-06-27,1.2652,-0.031389
2008-06-30,1.2636,-0.001265
2008-07-01,1.2411,-0.017806
2008-07-02,1.2459,0.003868
2008-07-03,1.2671,0.017016
2008-07-04,1.2603,-0.005366999999999999
2008-07-07,1.2924,0.025470000000000003
2008-07-08,1.3017,0.007196
2008-07-09,1.3215,0.015210999999999999
2008-07-10,1.3127,-0.006659000000000001
2008-07-11,1.3098,-0.002209
2008-07-14,1.3129,0.0023669999999999997
2008-07-15,1.2927,-0.015386
2008-07-16,1.2716,-0.016322
2008-07-17,1.2643,-0.0057410000000000004
2008-07-18,1.2822,0.014157999999999999
2008-07-21,1.3041,0.017079999999999998
2008-07-22,1.302,-0.00161
2008-07-23,1.2972,-0.003687
2008-07-24,1.3158,0.014339
2008-07-25,1.3091,-0.005092
2008-07-28,1.3145,0.004125
2008-07-29,1.306,-0.0064659999999999995
2008-07-30,1.3049,-0.000842
2008-07-31,1.2868,-0.013871
2008-08-01,1.2892,0.001865
2008-08-04,1.2798,-0.007291
2008-08-05,1.2667,-0.010236
2008-08-06,1.272,0.004184
2008-08-07,1.2698,-0.0017299999999999998
2008-08-08,1.2483,-0.016932
2008-08-11,1.2261,-0.017784
2008-08-12,1.2278,0.001387
2008-08-13,1.23,0.001792
2008-08-14,1.2311,0.0008939999999999999
2008-08-15,1.2309,-0.00016199999999999998
2008-08-18,1.2068,-0.019579
2008-08-19,1.2148,0.006629
2008-08-20,1.2534,0.031775000000000005
2008-08-21,1.2263,-0.021621
2008-08-22,1.2116,-0.011987000000000001
2008-08-25,1.2082,-0.0028060000000000003
2008-08-26,1.1915,-0.013822000000000001
2008-08-27,1.1814,-0.008477
2008-08-28,1.1817,0.000254
2008-08-29,1.1939,0.010324
2008-09-01,1.1751,-0.015747
2008-09-02,1.1662,-0.007574
2008-09-03,1.1533,-0.011062
2008-09-04,1.1533,0.0
2008-09-05,1.1401,-0.011445
2008-09-08,1.1286,-0.010086999999999999
2008-09-09,1.1312,0.002304
2008-09-10,1.1313,8.800000000000001e-05
2008-09-11,1.1187,-0.011137999999999999
2008-09-12,1.1173,-0.001251
2008-09-16,1.0947,-0.020227
2008-09-17,1.0806,-0.01288
2008-09-18,1.0715,-0.008421
2008-09-19,1.1154,0.040971
2008-09-22,1.1352,0.017751
2008-09-23,1.1108,-0.021494
2008-09-24,1.1145,0.003331
2008-09-25,1.1358,0.019112
2008-09-26,1.1434,0.006691
2008-09-30,1.1434,0.0
2008-10-06,1.118,-0.022214
2008-10-07,1.114,-0.003578
2008-10-08,1.0981,-0.014273000000000001
2008-10-09,1.0912,-0.006284
2008-10-10,1.0714,-0.018145
2008-10-13,1.0856,0.013253999999999998
2008-10-14,1.0749,-0.009856
2008-10-15,1.0691,-0.005396
2008-10-16,1.0477,-0.020017
2008-10-17,1.0525,0.004581
2008-10-20,1.0656,0.012447
2008-10-21,1.0625,-0.002909
2008-10-22,1.052,-0.009882
2008-10-23,1.0549,0.002757
2008-10-24,1.0452,-0.009195
2008-10-27,1.0189,-0.025163
2008-10-28,1.0272,0.008146
2008-10-29,1.0164,-0.010513999999999999
2008-10-30,1.0226,0.0060999999999999995
2008-10-31,1.0122,-0.010169999999999998
2008-11-03,1.0087,-0.003458
2008-11-04,1.0031,-0.0055520000000000005
2008-11-05,1.0186,0.015451999999999999
2008-11-06,1.0066,-0.011781
2008-11-07,1.012,0.005365
2008-11-10,1.0445,0.032115
2008-11-11,1.0406,-0.003734
2008-11-12,1.0418,0.001153
2008-11-13,1.0622,0.019581
2008-11-14,1.0824,0.019017
2008-11-17,1.0995,0.015798
2008-11-18,1.0625,-0.033652
2008-11-19,1.0989,0.034259
2008-11-20,1.089,-0.009009
2008-11-21,1.0902,0.0011020000000000001
2008-11-24,1.0726,-0.016144000000000002
2008-11-25,1.0683,-0.0040089999999999995
2008-11-26,1.0703,0.001872
2008-11-27,1.0841,0.012894000000000001
2008-11-28,1.0808,-0.003044
2008-12-01,1.0938,0.012028
2008-12-02,1.0946,0.000731
2008-12-03,1.1161,0.019642
2008-12-04,1.1233,0.006451
2008-12-05,1.1261,0.002493
2008-12-08,1.1522,0.023177
2008-12-09,1.1384,-0.011977
2008-12-10,1.1594,0.018447
2008-12-11,1.1423,-0.014749000000000002
2008-12-12,1.1159,-0.023111000000000003
2008-12-15,1.1226,0.006004000000000001
2008-12-16,1.1335,0.00971
2008-12-17,1.1402,0.005911
2008-12-18,1.1556,0.013506
2008-12-19,1.1652,0.008307
2008-12-22,1.1576,-0.006522
2008-12-23,1.1288,-0.024879
2008-12-24,1.1183,-0.009302
2008-12-25,1.1119,-0.005723000000000001
2008-12-26,1.111,-0.000809
2008-12-29,1.1133,0.00207
2008-12-30,1.1129,-0.000359
2008-12-31,1.115,0.001887
2009-01-05,1.1368,0.019552
2009-01-06,1.1512,0.012667
2009-01-07,1.1442,-0.006081
2009-01-08,1.1294,-0.012935
2009-01-09,1.1404,0.00974
2009-01-12,1.1387,-0.0014910000000000001
2009-01-13,1.1205,-0.015983
2009-01-14,1.1476,0.024186
2009-01-15,1.1502,0.002266
2009-01-16,1.1532,0.0026079999999999996
2009-01-19,1.1553,0.0018210000000000001
2009-01-20,1.1633,0.006925
2009-01-21,1.16,-0.002837
2009-01-22,1.1706,0.009138
2009-01-23,1.1691,-0.001281
2009-02-02,1.1818,0.010863000000000001
2009-02-03,1.2067,0.021070000000000002
2009-02-04,1.2256,0.015663
2009-02-05,1.2111,-0.011831000000000001
2009-02-06,1.2484,0.030798000000000002
2009-02-09,1.275,0.021307
2009-02-10,1.289,0.01098
2009-02-11,1.2934,0.003413
2009-02-12,1.2996,0.004794
2009-02-13,1.3411,0.031932999999999996
2009-02-16,1.3619,0.01551
2009-02-17,1.3264,-0.026067
2009-02-18,1.286,-0.030458
2009-02-19,1.3103,0.018896
2009-02-20,1.3272,0.012898
2009-02-23,1.3543,0.020419
2009-02-24,1.3023,-0.038396
2009-02-25,1.2958,-0.004991
2009-02-26,1.2358,-0.046303000000000004
2009-02-27,1.2178,-0.014565
2009-03-02,1.2394,0.017737
2009-03-03,1.2354,-0.003227
2009-03-04,1.3004,0.052614999999999995
2009-03-05,1.3025,0.0016150000000000001
2009-03-06,1.29,-0.009597
2009-03-09,1.2485,-0.032171
2009-03-10,1.2661,0.014097
2009-03-11,1.2542,-0.009399
2009-03-12,1.2526,-0.001276
2009-03-13,1.2487,-0.003114
2009-03-16,1.2619,0.010570999999999999
2009-03-17,1.2982,0.028766
2009-03-18,1.3022,0.003081
2009-03-19,1.3185,0.012517
2009-03-20,1.3094,-0.006902
2009-03-23,1.3345,0.019169000000000002
2009-03-24,1.3443,0.007344000000000001
2009-03-25,1.3215,-0.01696
2009-03-26,1.343,0.016269
2009-03-27,1.3515,0.006329
2009-03-30,1.3429,-0.006363
2009-03-31,1.3669,0.017872
2009-04-01,1.376,0.006657
2009-04-02,1.3908,0.010755999999999998
2009-04-03,1.3878,-0.002157
2009-04-07,1.3919,0.002954
2009-04-08,1.3558,-0.025936
2009-04-09,1.3828,0.019914
2009-04-10,1.4259,0.031169
2009-04-13,1.4482,0.015639
2009-04-14,1.4615,0.009184
2009-04-15,1.4674,0.004037
2009-04-16,1.4564,-0.007496
2009-04-17,1.4442,-0.008377
2009-04-20,1.4672,0.015926
2009-04-21,1.4575,-0.0066110000000000006
2009-04-22,1.4031,-0.037324
2009-04-23,1.4153,0.008695000000000001
2009-04-24,1.41,-0.003745
2009-04-27,1.3744,-0.025248
2009-04-28,1.3739,-0.000364
2009-04-29,1.413,0.028458999999999998
2009-04-30,1.428,0.010616
2009-05-04,1.4675,0.027660999999999998
2009-05-05,1.478,0.007155
2009-05-06,1.4964,0.012448999999999998
2009-05-07,1.4891,-0.004878
2009-05-08,1.488,-0.000739
2009-05-11,1.4452,-0.028763
2009-05-12,1.4774,0.022281
2009-05-13,1.4827,0.0035870000000000003
2009-05-14,1.4785,-0.002833
2009-05-15,1.4857,0.00487
2009-05-18,1.4992,0.009087
2009-05-19,1.5127,0.009004999999999999
2009-05-20,1.5054,-0.0048259999999999996
2009-05-21,1.4794,-0.017271
2009-05-22,1.4765,-0.00196
2009-05-25,1.489,0.008466
2009-05-26,1.4822,-0.004567
2009-05-27,1.4439,0.007894
2009-06-01,1.4807,0.025487000000000003
2009-06-02,1.479,-0.001148
2009-06-03,1.4995,0.013861000000000002
2009-06-04,1.4968,-0.001801
2009-06-05,1.4895,-0.004877
2009-06-08,1.4808,-0.005841
2009-06-09,1.4919,0.007496
2009-06-10,1.4987,0.0045579999999999996
2009-06-11,1.4904,-0.0055379999999999995
2009-06-12,1.4691,-0.014291
2009-06-15,1.4906,0.014635
2009-06-16,1.486,-0.0030859999999999998
2009-06-17,1.5068,0.013996999999999999
2009-06-18,1.5299,0.015331
2009-06-19,1.5347,0.0031369999999999996
2009-06-22,1.5283,-0.00417
2009-06-23,1.529,0.000458
2009-06-24,1.5504,0.013996
2009-06-25,1.5555,0.0032890000000000003
2009-06-26,1.5637,0.005272
2009-06-29,1.584,0.012982
2009-06-30,1.5793,-0.002967
2009-07-01,1.6082,0.018299
2009-07-02,1.6262,0.011193
2009-07-03,1.6478,0.013282
2009-07-06,1.6591,0.0068579999999999995
2009-07-07,1.6451,-0.008438
2009-07-08,1.6528,0.004681
2009-07-09,1.6739,0.012766
2009-07-10,1.6831,0.005496
2009-07-13,1.6671,-0.009506
2009-07-14,1.7106,0.026093
2009-07-15,1.7185,0.004618
2009-07-16,1.7137,-0.002793
2009-07-17,1.7168,0.001809
2009-07-20,1.7486,0.018523
2009-07-21,1.7289,-0.011266
2009-07-22,1.7563,0.015848
2009-07-23,1.7726,0.009281000000000001
2009-07-24,1.779,0.0036109999999999996
2009-07-27,1.806,0.015177000000000001
2009-07-28,1.8058,-0.000111
2009-07-29,1.7282,-0.042973
2009-07-30,1.757,0.016665
2009-07-31,1.7982,0.023449
2009-08-03,1.822,0.013234999999999999
2009-08-04,1.8298,0.004281
2009-08-05,1.8032,-0.014537
2009-08-06,1.7659,-0.020685
2009-08-07,1.7216,-0.025086
2009-08-10,1.7202,-0.0008129999999999999
2009-08-11,1.7284,0.004767
2009-08-12,1.6612,-0.03888
2009-08-13,1.6808,0.011798999999999999
2009-08-14,1.6349,-0.027308
2009-08-17,1.5384,-0.059025
2009-08-18,1.5559,0.011375
2009-08-19,1.4941,-0.03972
2009-08-20,1.5527,0.039221
2009-08-21,1.585,0.020802
2009-08-24,1.6083,0.0147
2009-08-25,1.561,-0.02941
2009-08-26,1.5895,0.018258
2009-08-27,1.5818,-0.004844
2009-08-28,1.5322,-0.031356999999999996
2009-08-31,1.4395,-0.060501
2009-09-01,1.4517,0.008475
2009-09-02,1.4685,0.011573
2009-09-03,1.53,0.041879
2009-09-04,1.5458,0.010327
2009-09-07,1.5624,0.010739
2009-09-08,1.5943,0.020417
2009-09-09,1.6066,0.007715
2009-09-10,1.5983,-0.005166
2009-09-11,1.6317,0.020897000000000002
2009-09-14,1.651,0.011828
2009-09-15,1.6519,0.000545
2009-09-16,1.6385,-0.008112000000000001
2009-09-17,1.6645,0.015868
2009-09-18,1.6083,-0.033763999999999995
2009-09-21,1.622,0.008518
2009-09-22,1.6065,-0.009556
2009-09-23,1.5735,-0.020541999999999998
2009-09-24,1.5774,0.0024790000000000003
2009-09-25,1.5688,-0.005452
2009-09-28,1.531,-0.024095
2009-09-29,1.5294,-0.001045
2009-09-30,1.5429,0.008827
2009-10-09,1.6069,0.041479999999999996
2009-10-12,1.6153,0.005227000000000001
2009-10-13,1.6276,0.007614999999999999
2009-10-14,1.6355,0.004854
2009-10-15,1.6388,0.0020180000000000003
2009-10-16,1.6408,0.00122
2009-10-19,1.6759,0.021392
2009-10-20,1.6932,0.010323
2009-10-21,1.6856,-0.004489
2009-10-22,1.681,-0.0027289999999999997
2009-10-23,1.7071,0.015526
2009-10-26,1.71,0.001699
2009-10-27,1.6767,-0.019474
2009-10-28,1.6869,0.006083
2009-10-29,1.6572,-0.017606
2009-10-30,1.6755,0.011043
2009-11-02,1.7307,0.032945
2009-11-03,1.7484,0.010227
2009-11-04,1.7516,0.00183
2009-11-05,1.7531,0.000856
2009-11-06,1.757,0.002225
2009-11-09,1.7619,0.002789
2009-11-10,1.7687,0.003859
2009-11-11,1.7655,-0.001809
2009-11-12,1.7687,0.001813
2009-11-13,1.7798,0.006276
2009-11-16,1.8262,0.026070000000000003
2009-11-17,1.8257,-0.000274
2009-11-18,1.8252,-0.000274
2009-11-19,1.8293,0.0022459999999999997
2009-11-20,1.8277,-0.0008749999999999999
2009-11-23,1.8464,0.010230999999999999
2009-11-24,1.7876,-0.031846
2009-11-25,1.8405,0.029592999999999998
2009-11-26,1.7797,-0.033035
2009-11-27,1.7481,-0.017756
2009-11-30,1.8259,0.044504999999999996
2009-12-01,1.8635,0.020593
2009-12-02,1.88,0.008853999999999999
2009-12-03,1.8736,-0.003404
2009-12-04,1.8653,-0.00443
2009-12-07,1.8829,0.009435
2009-12-08,1.8761,-0.0036109999999999996
2009-12-09,1.8492,-0.014338
2009-12-10,1.8576,0.004543
2009-12-11,1.8578,0.00010800000000000001
2009-12-14,1.8671,0.005006
2009-12-15,1.8699,0.0015
2009-12-16,1.8664,-0.001872
2009-12-17,1.8195,-0.025129000000000002
2009-12-18,1.7816,-0.02083
2009-12-21,1.7918,0.005725
2009-12-22,1.7656,-0.014622
2009-12-23,1.7915,0.014669000000000001
2009-12-24,1.843,0.028746999999999998
2009-12-25,1.8437,0.00037999999999999997
2009-12-28,1.8582,0.007865
2009-12-29,1.8675,0.005004999999999999
2009-12-30,1.8637,-0.002035
2009-12-31,1.8717,0.004293
2010-01-04,1.8692,-0.001336
2010-01-05,1.8728,0.001926
2010-01-06,1.8596,-0.007048
2010-01-07,1.8249,-0.01866
2010-01-08,1.8302,0.002904
2010-01-11,1.8355,0.002896
2010-01-12,1.8653,0.016235
2010-01-13,1.8543,-0.005897
2010-01-14,1.8936,0.021194
2010-01-15,1.8999,0.003327
2010-01-18,1.9138,0.0073160000000000005
2010-01-19,1.6821,-0.000888
2010-01-20,1.6322,-0.029665
2010-01-21,1.6303,-0.001164
2010-01-22,1.5958,-0.021162
2010-01-25,1.5789,-0.010589999999999999
2010-01-26,1.5429,-0.022801000000000002
2010-01-27,1.545,0.001361
2010-01-28,1.5695,0.015858
2010-01-29,1.5822,0.008092
2010-02-01,1.5767,-0.0034760000000000004
2010-02-02,1.5679,-0.005581
2010-02-03,1.567,-0.000574
2010-02-04,1.5665,-0.000319
2010-02-05,1.5452,-0.013597
2010-02-08,1.5435,-0.0011
2010-02-09,1.5448,0.000842
2010-02-10,1.5617,0.01094
2010-02-11,1.563,0.000832
2010-02-12,1.5765,0.008637
2010-02-22,1.5686,-0.005011
2010-02-23,1.5709,0.001466
2010-02-24,1.6031,0.020498
2010-02-25,1.6213,0.011353
2010-02-26,1.6202,-0.000678
2010-03-01,1.6267,0.004012
2010-03-02,1.6204,-0.0038729999999999997
2010-03-03,1.6267,0.003888
2010-03-04,1.5921,-0.021269999999999997
2010-03-05,1.593,0.000565
2010-03-08,1.6055,0.007847
2010-03-09,1.6094,0.002429
2010-03-10,1.5951,-0.008884999999999999
2010-03-11,1.5848,-0.006457000000000001
2010-03-12,1.5674,-0.010979000000000001
2010-03-15,1.5522,-0.009698
2010-03-16,1.5557,0.002255
2010-03-17,1.5837,0.017998
2010-03-18,1.5793,-0.002778
2010-03-19,1.5836,0.0027229999999999997
2010-03-22,1.5892,0.003536
2010-03-23,1.585,-0.002643
2010-03-24,1.598,0.008202000000000001
2010-03-25,1.5868,-0.007009
2010-03-26,1.5976,0.0068059999999999996
2010-03-29,1.6102,0.007887
2010-03-30,1.6162,0.0037259999999999997
2010-03-31,1.6201,0.0024129999999999998
2010-04-01,1.6409,0.012839
2010-04-02,1.6465,0.003413
2010-04-06,1.6398,-0.004069
2010-04-07,1.6433,0.002134
2010-04-08,1.6432,-6.1000000000000005e-05
2010-04-09,1.6709,0.016857
2010-04-12,1.6887,0.010653
2010-04-13,1.6831,-0.003316
2010-04-14,1.6857,0.001545
2010-04-15,1.6693,-0.009729
2010-04-16,1.6664,-0.0017369999999999998
2010-04-19,1.6193,-0.028265
2010-04-20,1.6446,0.015624
2010-04-21,1.6868,0.02566
2010-04-22,1.6927,0.003498
2010-04-23,1.6814,-0.006676
2010-04-26,1.6757,-0.0033900000000000002
2010-04-27,1.6473,-0.016948
2010-04-28,1.6434,-0.0023680000000000003
2010-04-29,1.6055,-0.023062
2010-04-30,1.5953,-0.006353
2010-05-04,1.6006,0.003322
2010-05-05,1.6303,0.018556
2010-05-06,1.6021,-0.017297
2010-05-07,1.5806,-0.013420000000000001
2010-05-10,1.5527,-0.017652
2010-05-11,1.5303,-0.014426000000000001
2010-05-12,1.513,-0.011305
2010-05-13,1.5452,0.021282000000000002
2010-05-14,1.5578,0.008154
2010-05-17,1.5204,-0.024007999999999998
2010-05-18,1.5281,0.005064
2010-05-19,1.5349,0.00445
2010-05-20,1.5189,-0.010424
2010-05-21,1.5332,0.009415
2010-05-24,1.563,0.019436
2010-05-25,1.5584,-0.002943
2010-05-26,1.5569,-0.000963
2010-05-27,1.5709,0.008992
2010-05-28,1.5751,0.002674
2010-05-31,1.5661,-0.005714
2010-06-01,1.5544,-0.007471
2010-06-02,1.5583,0.002509
2010-06-03,1.561,0.0017330000000000002
2010-06-04,1.5686,0.004869
2010-06-07,1.574,0.003443
2010-06-08,1.5775,0.002224
2010-06-09,1.5917,0.009002
2010-06-10,1.5973,0.003518
2010-06-11,1.5889,-0.005259000000000001
2010-06-17,1.5659,-0.014475
2010-06-18,1.5308,-0.022414999999999997
2010-06-21,1.5487,0.011693
2010-06-22,1.5522,0.00226
2010-06-23,1.5524,0.000129
2010-06-24,1.556,0.002319
2010-06-25,1.5396,-0.01054
2010-06-28,1.5288,-0.007015
2010-06-29,1.4938,-0.022894
2010-06-30,1.5011,0.004887
2010-07-01,1.4845,-0.011059000000000001
2010-07-02,1.4694,-0.010172
2010-07-05,1.4691,-0.00020400000000000003
2010-07-06,1.4921,0.015656
2010-07-07,1.5053,0.008847
2010-07-08,1.5054,6.6e-05
2010-07-09,1.5229,0.011625000000000002
2010-07-12,1.5205,-0.001576
2010-07-13,1.5109,-0.006313999999999999
2010-07-14,1.5153,0.002912
2010-07-15,1.5022,-0.008645
2010-07-16,1.4975,-0.0031290000000000003
2010-07-19,1.5126,0.010083
2010-07-20,1.5335,0.013817
2010-07-21,1.5341,0.000391
2010-07-22,1.5426,0.005541000000000001
2010-07-23,1.5474,0.0031119999999999997
2010-07-26,1.5605,0.008466
2010-07-27,1.5656,0.0032679999999999996
2010-07-28,1.5818,0.010347
2010-07-29,1.5782,-0.002276
2010-07-30,1.5798,0.0010140000000000001
2010-08-02,1.6017,0.013863
2010-08-03,1.5842,-0.010926
2010-08-04,1.5913,0.004482
2010-08-05,1.6027,0.007164
2010-08-06,1.6181,0.009609
2010-08-09,1.6345,0.010135
2010-08-10,1.6027,-0.019455
2010-08-11,1.6139,0.006987999999999999
2010-08-12,1.6089,-0.003098
2010-08-13,1.6266,0.011001
2010-08-16,1.65,0.014386000000000001
2010-08-17,1.6544,0.002667
2010-08-18,1.6535,-0.000544
2010-08-19,1.6461,-0.004475
2010-08-20,1.6161,-0.018225
2010-08-23,1.6246,0.00526
2010-08-24,1.6343,0.005971
2010-08-25,1.6244,-0.006058
2010-08-26,1.6308,0.00394
2010-08-27,1.6551,0.014901
2010-08-30,1.6901,0.021147
2010-08-31,1.6982,0.004793
2010-09-01,1.6801,-0.010658
2010-09-02,1.7065,0.015712999999999998
2010-09-03,1.7097,0.001875
2010-09-06,1.7024,-0.0042699999999999995
2010-09-07,1.705,0.001527
2010-09-08,1.7188,0.008094
2010-09-09,1.709,-0.0057020000000000005
2010-09-10,1.7306,0.012639000000000001
2010-09-13,1.7488,0.010517
2010-09-14,1.7532,0.002516
2010-09-15,1.7305,-0.012948
2010-09-16,1.7067,-0.013753
2010-09-17,1.7204,0.008027
2010-09-20,1.714,-0.0037199999999999998
2010-09-21,1.7199,0.003442
2010-09-27,1.7537,0.019652
2010-09-28,1.7589,0.0029649999999999998
2010-09-29,1.7408,-0.010291
2010-09-30,1.7626,0.012523
2010-10-08,1.7938,0.017701
2010-10-11,1.7692,-0.013713999999999999
2010-10-12,1.7573,-0.006725999999999999
2010-10-13,1.7474,-0.005634
2010-10-14,1.7094,-0.021747000000000002
2010-10-15,1.6961,-0.007781
2010-10-18,1.6671,-0.017098
2010-10-19,1.7174,0.030171999999999997
2010-10-20,1.7322,0.008618
2010-10-21,1.7336,0.000808
2010-10-22,1.7521,0.010671
2010-10-25,1.8012,0.028024
2010-10-26,1.7946,-0.003664
2010-10-27,1.7739,-0.011535
2010-10-28,1.7637,-0.00575
2010-10-29,1.7909,0.015422
2010-11-01,1.8538,0.035122
2010-11-02,1.835,-0.010141
2010-11-03,1.8137,-0.011608
2010-11-04,1.8493,0.019628
2010-11-05,1.8732,0.012924
2010-11-08,1.9071,0.018097000000000002
2010-11-09,1.9214,0.007498
2010-11-10,1.9378,0.008535000000000001
2010-11-11,1.9299,-0.004077
2010-11-12,1.8519,-0.040416999999999995
2010-11-15,1.8947,0.023111000000000003
2010-11-16,1.8524,-0.022324999999999998
2010-11-17,1.7899,-0.03374
2010-11-18,1.8119,0.012291000000000002
2010-11-19,1.8564,0.02456
2010-11-22,1.8805,0.012982
2010-11-23,1.8737,-0.003616
2010-11-24,1.9086,0.018626
2010-11-25,1.9055,-0.0016239999999999998
2010-11-26,1.898,-0.003936
2010-11-29,1.9078,0.005163
2010-11-30,1.8792,-0.014991
2010-12-01,1.8769,-0.001224
2010-12-02,1.8792,0.001225
2010-12-03,1.8649,-0.0076100000000000004
2010-12-06,1.8461,-0.010081
2010-12-07,1.8637,0.009534
2010-12-08,1.8532,-0.005634
2010-12-09,1.8281,-0.013544
2010-12-10,1.8461,0.009846
2010-12-13,1.8906,0.024104999999999998
2010-12-14,1.9086,0.009521
2010-12-15,1.9029,-0.002986
2010-12-16,1.9076,0.00247
2010-12-17,1.905,-0.001363
2010-12-20,1.8966,-0.004409
2010-12-21,1.9095,0.006802
2010-12-22,1.8946,-0.007803
2010-12-23,1.8692,-0.013407
2010-12-24,1.8534,-0.008453
2010-12-27,1.8188,-0.018668
2010-12-28,1.7986,-0.011106
2010-12-29,1.8223,0.013177000000000001
2010-12-30,1.8312,0.004884
2010-12-31,1.859,0.015181
2011-01-04,1.8785,0.01049
2011-01-05,1.8814,0.001544
2011-01-06,1.8671,-0.007601
2011-01-07,1.8521,-0.008034
2011-01-10,1.8119,-0.021705000000000002
2011-01-11,1.8041,-0.004305
2011-01-12,1.5575,0.001885
2011-01-13,1.5656,0.005201
2011-01-14,1.5425,-0.014755
2011-01-17,1.492,-0.032739
2011-01-18,1.4958,0.002547
2011-01-19,1.5261,0.020257
2011-01-20,1.4871,-0.025554999999999998
2011-01-21,1.4875,0.000269
2011-01-24,1.4628,-0.016605
2011-01-25,1.4611,-0.001162
2011-01-26,1.48,0.012935
2011-01-27,1.4975,0.011824
2011-01-28,1.5047,0.004808
2011-01-31,1.5131,0.005583
2011-02-01,1.5139,0.0005290000000000001
2011-02-09,1.5118,-0.001387
2011-02-10,1.5384,0.017595
2011-02-11,1.546,0.00494
2011-02-14,1.5611,0.009767
2011-02-15,1.5567,-0.002819
2011-02-16,1.5628,0.003919000000000001
2011-02-17,1.5689,0.003903
2011-02-18,1.5575,-0.007266
2011-02-21,1.5701,0.00809
2011-02-22,1.5458,-0.015477000000000001
2011-02-23,1.5532,0.0047870000000000005
2011-02-24,1.56,0.004378
2011-02-25,1.558,-0.0012820000000000002
2011-02-28,1.5646,0.004236
2011-03-01,1.5698,0.0033239999999999997
2011-03-02,1.5707,0.0005729999999999999
2011-03-03,1.5457,-0.015916
2011-03-04,1.5521,0.004141000000000001
2011-03-07,1.5633,0.007216
2011-03-08,1.565,0.001087
2011-03-09,1.5725,0.004792
2011-03-10,1.5688,-0.002353
2011-03-11,1.5662,-0.0016569999999999998
2011-03-14,1.5718,0.0035759999999999998
2011-03-15,1.5582,-0.008653
2011-03-16,1.5735,0.009819
2011-03-17,1.5518,-0.013791
2011-03-18,1.5589,0.004575
2011-03-21,1.5442,-0.00943
2011-03-22,1.5423,-0.00123
2011-03-23,1.5579,0.010115
2011-03-24,1.5563,-0.001027
2011-03-25,1.5655,0.005911
2011-03-28,1.5497,-0.010093000000000001
2011-03-29,1.5286,-0.013616
2011-03-30,1.5249,-0.002421
2011-03-31,1.5219,-0.001967
2011-04-01,1.532,0.0066359999999999995
2011-04-06,1.5268,-0.003394
2011-04-07,1.5369,0.006614999999999999
2011-04-08,1.5542,0.011255999999999999
2011-04-11,1.5354,-0.012096
2011-04-12,1.5217,-0.008923
2011-04-13,1.5348,0.008609
2011-04-14,1.5238,-0.007167
2011-04-15,1.5143,-0.006234
2011-04-18,1.5067,-0.005019
2011-04-19,1.4905,-0.010752
2011-04-20,1.5001,0.006441
2011-04-21,1.5179,0.011866000000000002
2011-04-22,1.5103,-0.005007
2011-04-25,1.4896,-0.013706000000000001
2011-04-26,1.4776,-0.008056
2011-04-27,1.469,-0.00582
2011-04-28,1.4426,-0.017971
2011-04-29,1.455,0.008596
2011-05-03,1.4609,0.0040550000000000004
2011-05-04,1.438,-0.015674999999999998
2011-05-05,1.4381,7.000000000000001e-05
2011-05-06,1.442,0.002712
2011-05-09,1.4456,0.002497
2011-05-10,1.4494,0.0026290000000000003
2011-05-11,1.4515,0.001449
2011-05-12,1.4459,-0.003858
2011-05-13,1.4418,-0.002836
2011-05-16,1.4329,-0.006173
2011-05-17,1.4288,-0.0028610000000000003
2011-05-18,1.4379,0.0063690000000000005
2011-05-19,1.4391,0.000835
2011-05-20,1.4375,-0.001112
2011-05-23,1.4142,-0.016209
2011-05-24,1.413,-0.000849
2011-05-25,1.4036,-0.006653
2011-05-26,1.3986,-0.003562
2011-05-27,1.3908,-0.0055769999999999995
2011-05-30,1.3975,0.004817
2011-05-31,1.405,0.005366999999999999
2011-06-01,1.4155,0.007473
2011-06-02,1.4016,-0.00982
2011-06-03,1.4163,0.010487999999999999
2011-06-07,1.4163,0.0
2011-06-08,1.4178,0.001059
2011-06-09,1.396,-0.015376
2011-06-10,1.3993,0.0023639999999999998
2011-06-13,1.3961,-0.002287
2011-06-14,1.4111,0.010744
2011-06-15,1.4042,-0.00489
2011-06-16,1.3924,-0.008403
2011-06-17,1.3909,-0.001077
2011-06-20,1.3817,-0.006614
2011-06-21,1.3899,0.005935
2011-06-22,1.3934,0.0025180000000000003
2011-06-23,1.4093,0.011411
2011-06-24,1.4192,0.007025
2011-06-27,1.426,0.004791
2011-06-28,1.4317,0.003997
2011-06-29,1.4195,-0.008520999999999999
2011-06-30,1.4335,0.009863
2011-07-01,1.4397,0.004325
2011-07-04,1.4586,0.013127999999999999
2011-07-05,1.4591,0.000343
2011-07-06,1.4562,-0.001988
2011-07-07,1.4566,0.000275
2011-07-08,1.4592,0.001785
2011-07-11,1.4701,0.00747
2011-07-12,1.4553,-0.010067
2011-07-13,1.4722,0.011613
2011-07-14,1.4741,0.0012909999999999998
2011-07-15,1.4802,0.004138
2011-07-18,1.4795,-0.000473
2011-07-19,1.4687,-0.0073
2011-07-20,1.4683,-0.000272
2011-07-21,1.4618,-0.0044269999999999995
2011-07-22,1.4706,0.00602
2011-07-25,1.4455,-0.017068
2011-07-26,1.4505,0.003459
2011-07-27,1.4663,0.010893
2011-07-28,1.4686,0.001569
2011-07-29,1.4546,-0.009533
2011-08-01,1.4503,-0.002956
2011-08-02,1.4438,-0.004482
2011-08-03,1.4471,0.002286
2011-08-04,1.452,0.003386
2011-08-05,1.4452,-0.004683
2011-08-08,1.4263,-0.013078000000000001
2011-08-09,1.4351,0.00617
2011-08-10,1.4555,0.014215
2011-08-11,1.4842,0.019718
2011-08-12,1.4893,0.0034360000000000003
2011-08-15,1.4899,0.00040300000000000004
2011-08-16,1.4794,-0.007047
2011-08-17,1.4758,-0.002433
2011-08-18,1.4601,-0.010638000000000002
2011-08-19,1.4633,0.002192
2011-08-22,1.4347,-0.019545
2011-08-23,1.4473,0.008782
2011-08-24,1.4531,0.004007
2011-08-25,1.4683,0.01046
2011-08-26,1.4755,0.004904
2011-08-29,1.4775,0.001355
2011-08-30,1.4668,-0.007241999999999999
2011-08-31,1.4625,-0.002932
2011-09-01,1.4511,-0.007795
2011-09-02,1.4394,-0.008063
2011-09-05,1.4192,-0.014034
2011-09-06,1.408,-0.007892
2011-09-07,1.4252,0.012216
2011-09-08,1.4171,-0.0056830000000000006
2011-09-09,1.4104,-0.0047279999999999996
2011-09-13,1.3906,-0.014039
2011-09-14,1.3915,0.0006469999999999999
2011-09-15,1.3943,0.002012
2011-09-16,1.3978,0.00251
2011-09-19,1.3841,-0.009800999999999999
2011-09-20,1.3821,-0.0014449999999999999
2011-09-21,1.4044,0.016135
2011-09-22,1.377,-0.01951
2011-09-23,1.3665,-0.007625
2011-09-26,1.3458,-0.015148
2011-09-27,1.3487,0.002155
2011-09-28,1.3381,-0.007859
2011-09-29,1.3258,-0.009192
2011-09-30,1.3298,0.003017
2011-10-10,1.3156,-0.010678
2011-10-11,1.3045,-0.008437
2011-10-12,1.332,0.021081
2011-10-13,1.3436,0.008709
2011-10-14,1.343,-0.00044699999999999997
2011-10-17,1.3544,0.008488
2011-10-18,1.3389,-0.011444000000000001
2011-10-19,1.3341,-0.0035849999999999996
2011-10-20,1.3125,-0.016191
2011-10-21,1.308,-0.0034289999999999998
2011-10-24,1.3268,0.014373
2011-10-25,1.3474,0.015526
2011-10-26,1.3602,0.0095
2011-10-27,1.357,-0.002353
2011-10-28,1.376,0.014001
2011-10-31,1.378,0.001453
2011-11-01,1.3777,-0.00021799999999999999
2011-11-02,1.4001,0.016259
2011-11-03,1.403,0.002071
2011-11-04,1.4036,0.000428
2011-11-07,1.3977,-0.004203
2011-11-08,1.387,-0.0076549999999999995
2011-11-09,1.3977,0.0077139999999999995
2011-11-10,1.39,-0.005508999999999999
2011-11-11,1.3854,-0.0033090000000000003
2011-11-14,1.4058,0.014724999999999999
2011-11-15,1.4043,-0.001067
2011-11-16,1.3842,-0.014313
2011-11-17,1.3846,0.000289
2011-11-18,1.3704,-0.010256000000000001
2011-11-21,1.3723,0.001386
2011-11-22,1.376,0.002696
2011-11-23,1.1275,0.00109
2011-11-24,1.1285,0.000887
2011-11-25,1.1285,0.0
2011-11-28,1.1359,0.0065569999999999995
2011-11-29,1.1407,0.004226
2011-11-30,1.1255,-0.013325
2011-12-01,1.1345,0.007996
2011-12-02,1.1265,-0.007052
2011-12-05,1.1082,-0.016245
2011-12-06,1.1066,-0.001444
2011-12-07,1.1095,0.002621
2011-12-08,1.1097,0.00017999999999999998
2011-12-09,1.104,-0.005137
2011-12-12,1.0968,-0.006522
2011-12-13,1.0853,-0.010485
2011-12-14,1.0795,-0.005344
2011-12-15,1.0738,-0.00528
2011-12-16,1.0894,0.014528000000000001
2011-12-19,1.0943,0.004497999999999999
2011-12-20,1.0892,-0.004661
2011-12-21,1.0784,-0.009916000000000001
2011-12-22,1.0797,0.001205
2011-12-23,1.0814,0.001575
2011-12-26,1.0724,-0.008323
2011-12-27,1.0549,-0.016319
2011-12-28,1.0497,-0.004929
2011-12-29,1.0543,0.004382
2011-12-30,1.0662,0.011287
2011-12-31,1.0662,0.0
2012-01-04,1.0479,-0.017164
2012-01-05,1.0232,-0.023570999999999998
2012-01-06,1.0196,-0.003518
2012-01-09,1.0348,0.014908
2012-01-10,1.0564,0.020874
2012-01-11,1.054,-0.002272
2012-01-12,1.0468,-0.006831
2012-01-13,1.0264,-0.019488000000000002
2012-01-16,1.0009,-0.024843999999999998
2012-01-17,1.0217,0.020781
2012-01-18,1.0018,-0.019477
2012-01-19,1.0108,0.008983999999999999
2012-01-20,1.0285,0.017511000000000002
2012-01-30,1.0238,-0.00457
2012-01-31,1.0264,0.00254
2012-02-01,1.0255,-0.000877
2012-02-02,1.0356,0.009849
2012-02-03,1.0436,0.007724999999999999
2012-02-06,1.0485,0.0046949999999999995
2012-02-07,1.0401,-0.008011
2012-02-08,1.0509,0.010384
2012-02-09,1.0544,0.00333
2012-02-10,1.0579,0.003319
2012-02-13,1.0601,0.00208
2012-02-14,1.059,-0.001038
2012-02-15,1.0648,0.005476999999999999
2012-02-16,1.063,-0.00169
2012-02-17,1.063,0.0
2012-02-20,1.0642,0.001129
2012-02-21,1.0726,0.007893
2012-02-22,1.0851,0.011654
2012-02-23,1.0867,0.001475
2012-02-24,1.0971,0.00957
2012-02-27,1.0996,0.0022789999999999998
2012-02-28,1.1005,0.0008179999999999999
2012-02-29,1.0956,-0.0044529999999999995
2012-03-01,1.0949,-0.000639
2012-03-02,1.1064,0.010503
2012-03-05,1.1023,-0.0037059999999999997
2012-03-06,1.0934,-0.008074
2012-03-07,1.0905,-0.002652
2012-03-08,1.1002,0.008895
2012-03-09,1.1119,0.010634
2012-03-12,1.1153,0.003058
2012-03-13,1.125,0.008697
2012-03-14,1.1074,-0.015644
2012-03-15,1.111,0.003251
2012-03-16,1.1272,0.014581
2012-03-19,1.1259,-0.001153
2012-03-20,1.1145,-0.010125
2012-03-21,1.107,-0.006729000000000001
2012-03-22,1.1078,0.000723
2012-03-23,1.1013,-0.005867
2012-03-26,1.1054,0.003723
2012-03-27,1.094,-0.010313000000000001
2012-03-28,1.0789,-0.013803000000000001
2012-03-29,1.0781,-0.000741
2012-03-30,1.0756,-0.002319
2012-03-31,1.0756,0.0
2012-04-05,1.0951,0.018129
2012-04-06,1.1012,0.00557
2012-04-09,1.0943,-0.006266000000000001
2012-04-10,1.0998,0.005026
2012-04-11,1.1026,0.002546
2012-04-12,1.1118,0.008344
2012-04-13,1.114,0.001979
2012-04-16,1.1121,-0.001706
2012-04-17,1.1049,-0.006474
2012-04-18,1.1137,0.007965
2012-04-19,1.1068,-0.006196
2012-04-20,1.1076,0.000723
2012-04-23,1.1033,-0.003882
2012-04-24,1.1001,-0.0029
2012-04-25,1.1056,0.005
2012-04-26,1.1068,0.001085
2012-04-27,1.1101,0.0029820000000000003
2012-05-02,1.1212,0.009999000000000001
2012-05-03,1.1238,0.002319
2012-05-04,1.1332,0.008364
2012-05-07,1.1363,0.002736
2012-05-08,1.1324,-0.003432
2012-05-09,1.1231,-0.008213
2012-05-10,1.1219,-0.0010680000000000002
2012-05-11,1.1191,-0.002496
2012-05-14,1.1162,-0.002591
2012-05-15,1.1199,0.0033150000000000002
2012-05-16,1.1093,-0.009465
2012-05-17,1.116,0.00604
2012-05-18,1.1069,-0.008154
2012-05-21,1.1129,0.0054210000000000005
2012-05-22,1.1265,0.01222
2012-05-23,1.1298,0.0029289999999999997
2012-05-24,1.119,-0.009559
2012-05-25,1.1105,-0.007596
2012-05-28,1.1259,0.013868
2012-05-29,1.1386,0.011279999999999998
2012-05-30,1.1402,0.0014050000000000002
2012-05-31,1.1424,0.001929
2012-06-01,1.1451,0.002363
2012-06-04,1.1324,-0.011091
2012-06-05,1.1357,0.002914
2012-06-06,1.1325,-0.0028179999999999998
2012-06-07,1.1327,0.000177
2012-06-08,1.1329,0.000177
2012-06-11,1.149,0.014211
2012-06-12,1.1586,0.008355
2012-06-13,1.1739,0.013206
2012-06-14,1.1741,0.00017
2012-06-15,1.1636,-0.008943
2012-06-18,1.173,0.008078
2012-06-19,1.163,-0.008525
2012-06-20,1.1579,-0.004385
2012-06-21,1.1506,-0.006305
2012-06-25,1.1345,-0.013993
2012-06-26,1.1405,0.005289
2012-06-27,1.1465,0.005261
2012-06-28,1.1388,-0.006716
2012-06-29,1.1497,0.009571
2012-06-30,1.1496,-8.7e-05
2012-07-02,1.1616,0.010438000000000001
2012-07-03,1.1709,0.008006
2012-07-04,1.167,-0.003331
2012-07-05,1.163,-0.003428
2012-07-06,1.1913,0.024333999999999998
2012-07-09,1.1913,0.0
2012-07-10,1.178,-0.011164
2012-07-11,1.1851,0.006027
2012-07-12,1.1962,0.009366
2012-07-13,1.2026,0.005350000000000001
2012-07-16,1.1784,-0.020123000000000002
2012-07-17,1.1748,-0.003055
2012-07-18,1.1612,-0.011576
2012-07-19,1.1652,0.0034449999999999997
2012-07-20,1.1582,-0.006008
2012-07-23,1.1469,-0.009757
2012-07-24,1.1591,0.010637
2012-07-25,1.1513,-0.006729000000000001
2012-07-26,1.1426,-0.007557
2012-07-27,1.1382,-0.003851
2012-07-30,1.1351,-0.002724
2012-07-31,1.1332,-0.001674
2012-08-01,1.1423,0.00803
2012-08-02,1.1281,-0.012431000000000001
2012-08-03,1.1374,0.008244
2012-08-06,1.1524,0.013188
2012-08-07,1.1568,0.0038179999999999998
2012-08-08,1.1548,-0.001729
2012-08-09,1.1716,0.014548
2012-08-10,1.163,-0.00734
2012-08-13,1.1489,-0.012124
2012-08-14,1.1529,0.0034820000000000003
2012-08-15,1.1507,-0.001908
2012-08-16,1.1409,-0.008517
2012-08-17,1.1305,-0.009115999999999999
2012-08-20,1.1298,-0.000619
2012-08-21,1.1387,0.007878
2012-08-22,1.1318,-0.006059999999999999
2012-08-23,1.1245,-0.00645
2012-08-24,1.119,-0.0048909999999999995
2012-08-27,1.1135,-0.004915
2012-08-28,1.1089,-0.004131
2012-08-29,1.1084,-0.000451
2012-08-30,1.0955,-0.011637999999999999
2012-08-31,1.0979,0.002191
2012-09-03,1.114,0.014664
2012-09-04,1.1165,0.002244
2012-09-05,1.1219,0.004837
2012-09-06,1.1248,0.002585
2012-09-07,1.1454,0.018314
2012-09-10,1.146,0.000524
2012-09-11,1.1427,-0.0028799999999999997
2012-09-12,1.1453,0.002275
2012-09-13,1.1392,-0.005326
2012-09-14,1.1372,-0.001756
2012-09-17,1.1215,-0.013806
2012-09-18,1.1223,0.000713
2012-09-19,1.1223,0.0
2012-09-20,1.1121,-0.009088
2012-09-21,1.1089,-0.0028770000000000002
2012-09-24,1.1142,0.0047799999999999995
2012-09-25,1.1165,0.002064
2012-09-26,1.1089,-0.006807
2012-09-27,1.1198,0.00983
2012-09-28,1.1322,0.011073
2012-09-30,1.1322,0.0
2012-10-08,1.1281,-0.0036209999999999997
2012-10-09,1.1434,0.013563
2012-10-10,1.148,0.004023
2012-10-11,1.1403,-0.006706999999999999
2012-10-12,1.1363,-0.003508
2012-10-15,1.1373,0.0008799999999999999
2012-10-16,1.1468,0.008353000000000001
2012-10-17,1.1457,-0.000959
2012-10-18,1.1571,0.00995
2012-10-19,1.1553,-0.0015559999999999999
2012-10-22,1.1583,0.002597
2012-10-23,1.1429,-0.013295
2012-10-24,1.1378,-0.004462
2012-10-25,1.1293,-0.007471
2012-10-26,1.1258,-0.003099
2012-10-29,1.1322,0.005685
2012-10-30,1.1338,0.0014130000000000002
2012-10-31,1.1426,0.007762
2012-11-01,1.1498,0.006301
2012-11-02,1.1489,-0.000783
2012-11-05,1.1402,-0.007572
2012-11-06,1.1375,-0.0023680000000000003
2012-11-07,1.1343,-0.002813
2012-11-08,1.1279,-0.005642
2012-11-09,1.1216,-0.005586
2012-11-12,1.1194,-0.001961
2012-11-13,1.112,-0.0066110000000000006
2012-11-14,1.1124,0.00035999999999999997
2012-11-15,1.1088,-0.003236
2012-11-16,1.1051,-0.003337
2012-11-19,1.1002,-0.0044340000000000004
2012-11-20,1.1013,0.001
2012-11-21,1.1061,0.004358
2012-11-22,1.0991,-0.006329
2012-11-23,1.1009,0.001638
2012-11-26,1.0888,-0.010990999999999999
2012-11-27,1.0814,-0.006796
2012-11-28,1.076,-0.004994
2012-11-29,1.0741,-0.001766
2012-11-30,1.0814,0.006796
2012-12-03,1.079,-0.002219
2012-12-04,1.0853,0.005839
2012-12-05,1.1021,0.01548
2012-12-06,1.0997,-0.002178
2012-12-07,1.1075,0.007093
2012-12-10,1.1128,0.004786
2012-12-11,1.1067,-0.005482
2012-12-12,1.1082,0.001355
2012-12-13,1.1022,-0.0054139999999999995
2012-12-14,1.1234,0.019234
2012-12-17,1.1131,-0.009169
2012-12-18,1.1045,-0.007725999999999999
2012-12-19,1.1089,0.003984
2012-12-20,1.1117,0.002525
2012-12-21,1.1184,0.006027
2012-12-24,1.1299,0.010283
2012-12-25,1.1511,0.018763000000000002
2012-12-26,1.1634,0.010685
2012-12-27,1.1611,-0.001977
2012-12-28,1.1735,0.01068
2012-12-31,1.1885,0.012782
2013-01-04,1.1704,-0.015229
2013-01-07,1.1712,0.000684
2013-01-08,1.1834,0.010417000000000001
2013-01-09,1.1901,0.005662
2013-01-10,1.1918,0.001428
2013-01-11,1.1746,-0.014432
2013-01-14,1.213,0.032692
2013-01-15,1.2239,0.008986
2013-01-16,1.2184,-0.004494000000000001
2013-01-17,1.213,-0.004432
2013-01-18,1.2346,0.017807
2013-01-21,1.2389,0.003483
2013-01-22,1.2263,-0.010169999999999998
2013-01-23,1.2344,0.006605
2013-01-24,1.2144,-0.016202
2013-01-25,1.2197,0.004364
2013-01-28,1.2469,0.022301
2013-01-29,1.256,0.007298
2013-01-30,1.2564,0.00031800000000000003
2013-01-31,1.2479,-0.006765
2013-02-01,1.2589,0.008815
2013-02-04,1.2482,-0.008499
2013-02-05,1.2621,0.011136
2013-02-06,1.2728,0.008478
2013-02-07,1.2865,0.010764000000000001
2013-02-08,1.3115,0.019433
2013-02-18,1.3044,-0.0054139999999999995
2013-02-19,1.2787,-0.019703
2013-02-20,1.3042,0.019942
2013-02-21,1.2894,-0.011348
2013-02-22,1.2823,-0.005506
2013-02-25,1.2873,0.003899
2013-02-26,1.2782,-0.007069
2013-02-27,1.2764,-0.0014080000000000002
2013-02-28,1.2963,0.015590999999999999
2013-03-01,1.3111,0.011417
2013-03-04,1.2707,-0.030813999999999998
2013-03-05,1.3011,0.023923999999999997
2013-03-06,1.3102,0.006994
2013-03-07,1.2848,-0.019386
2013-03-08,1.2761,-0.006771
2013-03-11,1.2769,0.0006270000000000001
2013-03-12,1.2564,-0.016055
2013-03-13,1.2465,-0.00788
2013-03-14,1.2686,0.01773
2013-03-15,1.2725,0.003074
2013-03-18,1.2639,-0.006757999999999999
2013-03-19,1.2676,0.0029270000000000003
2013-03-20,1.2975,0.023588
2013-03-21,1.3077,0.007861
2013-03-22,1.3117,0.003059
2013-03-25,1.3161,0.0033539999999999998
2013-03-26,1.3225,0.004863
2013-03-27,1.329,0.004915
2013-03-28,1.3096,-0.014597
2013-03-29,1.3086,-0.0007639999999999999
2013-04-01,1.3054,-0.002445
2013-04-02,1.2821,-0.017849
2013-04-03,1.2698,-0.009594
2013-04-08,1.2847,0.011734
2013-04-09,1.2851,0.00031099999999999997
2013-04-10,1.2783,-0.0052910000000000006
2013-04-11,1.2826,0.003364
2013-04-12,1.2866,0.0031190000000000002
2013-04-15,1.2805,-0.004741
2013-04-16,1.2913,0.008434
2013-04-17,1.3148,0.018199
2013-04-18,1.3149,7.6e-05
2013-04-19,1.3326,0.013461
2013-04-22,1.3444,0.008855
2013-04-23,1.3157,-0.021348
2013-04-24,1.3338,0.013756999999999998
2013-04-25,1.3104,-0.017544
2013-04-26,1.2915,-0.014422999999999998
2013-05-02,1.3152,0.018351
2013-05-03,1.3324,0.013078000000000001
2013-05-06,1.3396,0.005404
2013-05-07,1.3408,0.000896
2013-05-08,1.3591,0.013649
2013-05-09,1.3539,-0.003826
2013-05-10,1.3484,-0.004062
2013-05-13,1.3443,-0.003041
2013-05-14,1.3047,-0.029458
2013-05-15,1.3284,0.018165
2013-05-16,1.3516,0.017464999999999998
2013-05-17,1.3778,0.019384
2013-05-20,1.3799,0.0015240000000000002
2013-05-21,1.4019,0.015943
2013-05-22,1.3854,-0.011770000000000001
2013-05-23,1.3949,0.006856999999999999
2013-05-24,1.4094,0.010395000000000001
2013-05-27,1.4163,0.004896
2013-05-28,1.4125,-0.0026829999999999996
2013-05-29,1.4125,0.0
2013-05-30,1.4071,-0.0038229999999999996
2013-05-31,1.3957,-0.008102
2013-06-03,1.3836,-0.008669
2013-06-04,1.3614,-0.016045
2013-06-05,1.3664,0.003673
2013-06-06,1.3536,-0.009368
2013-06-07,1.3505,-0.00229
2013-06-13,1.3435,-0.005183
2013-06-14,1.369,0.01898
2013-06-17,1.3736,0.00336
2013-06-18,1.3738,0.000146
2013-06-19,1.3697,-0.002984
2013-06-20,1.3366,-0.024166
2013-06-21,1.3347,-0.0014219999999999999
2013-06-24,1.2894,-0.03394
2013-06-25,1.294,0.003568
2013-06-26,1.332,0.029366
2013-06-27,1.3268,-0.0039040000000000004
2013-06-28,1.3296,0.00211
2013-06-30,1.3296,0.0
2013-07-01,1.3649,0.026549
2013-07-02,1.3889,0.017584
2013-07-03,1.4015,0.009072
2013-07-04,1.3939,-0.005423
2013-07-05,1.3723,-0.015496000000000001
2013-07-08,1.347,-0.018435999999999998
2013-07-09,1.352,0.0037119999999999996
2013-07-10,1.3644,0.009172
2013-07-11,1.3868,0.016417
2013-07-12,1.3905,0.002668
2013-07-15,1.418,0.019777
2013-07-16,1.4206,0.0018340000000000001
2013-07-17,1.4009,-0.013867
2013-07-18,1.3953,-0.003997
2013-07-19,1.3753,-0.014334
2013-07-22,1.395,0.014323999999999998
2013-07-23,1.4225,0.019713
2013-07-24,1.4344,0.008366
2013-07-25,1.4024,-0.022309000000000002
2013-07-26,1.402,-0.000285
2013-07-29,1.3886,-0.009558
2013-07-30,1.3685,-0.014475
2013-07-31,1.3635,-0.003654
2013-08-01,1.4006,0.027208999999999997
2013-08-02,1.4009,0.000214
2013-08-05,1.4204,0.013919999999999998
2013-08-06,1.4394,0.013376999999999998
2013-08-07,1.4279,-0.007989000000000001
2013-08-08,1.4395,0.008124
2013-08-09,1.4393,-0.000139
2013-08-12,1.4317,-0.00528
2013-08-13,1.4309,-0.000559
2013-08-14,1.4322,0.000909
2013-08-15,1.4087,-0.016408
2013-08-16,1.3805,-0.020017999999999998
2013-08-19,1.4067,0.018979
2013-08-20,1.408,0.0009239999999999999
2013-08-21,1.4082,0.000142
2013-08-22,1.4216,0.009516
2013-08-23,1.4388,0.012099
2013-08-26,1.4564,0.012232
2013-08-27,1.457,0.000412
2013-08-28,1.434,-0.015786
2013-08-29,1.4295,-0.003138
2013-08-30,1.4056,-0.016718999999999998
2013-09-02,1.421,0.010955999999999999
2013-09-03,1.445,0.016890000000000002
2013-09-04,1.444,-0.000692
2013-09-05,1.4651,0.014612
2013-09-06,1.4686,0.002389
2013-09-09,1.4625,-0.004154
2013-09-10,1.4477,-0.01012
2013-09-11,1.4187,-0.020032
2013-09-12,1.4169,-0.0012690000000000002
2013-09-13,1.4442,0.019267
2013-09-16,1.4659,0.015026
2013-09-17,1.4573,-0.005867
2013-09-18,1.4543,-0.002059
2013-09-23,1.4891,0.023929
2013-09-24,1.4903,0.0008060000000000001
2013-09-25,1.4813,-0.006039
2013-09-26,1.4821,0.00054
2013-09-27,1.4947,0.008501
2013-09-30,1.5186,0.01599
2013-10-08,1.5259,0.0048070000000000005
2013-10-09,1.5392,0.008716
2013-10-10,1.5205,-0.012149
2013-10-11,1.5112,-0.006116
2013-10-14,1.508,-0.002118
2013-10-15,1.5203,0.008156
2013-10-16,1.4944,-0.017036
2013-10-17,1.4796,-0.009904
2013-10-18,1.4974,0.01203
2013-10-21,1.5376,0.026847
2013-10-22,1.5055,-0.020877
2013-10-23,1.4792,-0.017469
2013-10-24,1.4577,-0.014535
2013-10-25,1.4287,-0.019894000000000002
2013-10-28,1.4309,0.00154
2013-10-29,1.432,0.0007689999999999999
2013-10-30,1.4317,-0.00020899999999999998
2013-10-31,1.3976,-0.023818000000000002
2013-11-01,1.3883,-0.006654
2013-11-04,1.3773,-0.007923
2013-11-05,1.4012,0.017353
2013-11-06,1.384,-0.012275000000000001
2013-11-07,1.3734,-0.007659
2013-11-08,1.3733,-7.3e-05
2013-11-11,1.3766,0.002403
2013-11-12,1.3847,0.005884
2013-11-13,1.378,-0.0048389999999999996
2013-11-14,1.4098,0.023077
2013-11-15,1.4192,0.0066679999999999994
2013-11-18,1.4325,0.009371
2013-11-19,1.4336,0.0007679999999999999
2013-11-20,1.4361,0.0017439999999999999
2013-11-21,1.437,0.0006270000000000001
2013-11-22,1.4416,0.003201
2013-11-25,1.4357,-0.004093
2013-11-26,1.4278,-0.005503
2013-11-27,1.4576,0.020871
2013-11-28,1.4662,0.0059
2013-11-29,1.4794,0.009003
2013-12-02,1.4159,-0.042923
2013-12-03,1.419,0.002189
2013-12-04,1.4168,-0.00155
2013-12-05,1.3902,-0.018775
2013-12-06,1.3933,0.00223
2013-12-09,1.4147,0.015359000000000001
2013-12-10,1.4129,-0.0012720000000000001
2013-12-11,1.4247,0.008352
2013-12-12,1.4502,0.017899
2013-12-13,1.4427,-0.0051719999999999995
2013-12-16,1.4395,-0.002218
2013-12-17,1.4293,-0.007086
2013-12-18,1.4289,-0.00028000000000000003
2013-12-19,1.4157,-0.009238
2013-12-20,1.4174,0.001201
2013-12-23,1.4145,-0.002046
2013-12-24,1.4219,0.005232
2013-12-25,1.4344,0.008791
2013-12-26,1.4233,-0.007738
2013-12-27,1.4336,0.007237
2013-12-30,1.431,-0.001814
2013-12-31,1.4376,0.004612
2014-01-02,1.4616,0.016694
2014-01-03,1.472,0.007115
2014-01-06,1.4568,-0.010326
2014-01-07,1.4687,0.008169
2014-01-08,1.4869,0.012392
2014-01-09,1.4738,-0.00881
2014-01-10,1.4585,-0.010381
2014-01-13,1.4589,0.000274
2014-01-14,1.4695,0.007266
2014-01-15,1.4795,0.006805
2014-01-16,1.4557,-0.016087
2014-01-17,1.321,-0.003229
2014-01-20,1.306,-0.011354999999999999
2014-01-21,1.3154,0.0071979999999999995
2014-01-22,1.3288,0.010187
2014-01-23,1.3456,0.012643
2014-01-24,1.3472,0.001189
2014-01-27,1.3299,-0.012841
2014-01-28,1.3177,-0.009174
2014-01-29,1.3264,0.006602
2014-01-30,1.332,0.004222
2014-02-07,1.3463,0.010736
2014-02-10,1.3613,0.011142
2014-02-11,1.3483,-0.00955
2014-02-12,1.3509,0.001928
2014-02-13,1.3277,-0.017174000000000002
2014-02-14,1.3337,0.0045190000000000004
2014-02-17,1.3422,0.006373
2014-02-18,1.3365,-0.004247
2014-02-19,1.3363,-0.00015
2014-02-20,1.3264,-0.007409
2014-02-21,1.3248,-0.001206
2014-02-24,1.3273,0.001887
2014-02-25,1.2932,-0.025691000000000002
2014-02-26,1.2931,-7.7e-05
2014-02-27,1.2634,-0.022968000000000002
2014-02-28,1.2738,0.008232
2014-03-03,1.2834,0.007537
2014-03-04,1.2726,-0.008415
2014-03-05,1.2687,-0.003065
2014-03-06,1.2543,-0.01135
2014-03-07,1.26,0.004544
2014-03-10,1.2421,-0.014206000000000002
2014-03-11,1.251,0.007165
2014-03-12,1.2616,0.008473000000000001
2014-03-13,1.2795,0.014188000000000001
2014-03-14,1.2806,0.00086
2014-03-17,1.2931,0.009760999999999999
2014-03-18,1.2921,-0.0007729999999999999
2014-03-19,1.2777,-0.011145
2014-03-20,1.251,-0.020897000000000002
2014-03-21,1.2644,0.010711
2014-03-24,1.2575,-0.005457
2014-03-25,1.2579,0.00031800000000000003
2014-03-26,1.2752,0.013753
2014-03-27,1.2508,-0.019133999999999998
2014-03-28,1.2272,-0.018868
2014-03-31,1.2331,0.004808
2014-04-01,1.2501,0.013786
2014-04-02,1.239,-0.008879
2014-04-03,1.2405,0.001211
2014-04-04,1.2534,0.010399
2014-04-08,1.2613,0.006303
2014-04-09,1.2712,0.007849
2014-04-10,1.2728,0.0012590000000000001
2014-04-11,1.2666,-0.0048709999999999995
2014-04-14,1.2736,0.005527
2014-04-15,1.268,-0.004397
2014-04-16,1.2672,-0.000631
2014-04-17,1.2707,0.002762
2014-04-18,1.2693,-0.0011020000000000001
2014-04-21,1.2617,-0.005988
2014-04-22,1.2427,-0.015059
2014-04-23,1.2338,-0.007161999999999999
2014-04-24,1.2352,0.001135
2014-04-25,1.2148,-0.016516
2014-04-28,1.1934,-0.017616
2014-04-29,1.202,0.007206000000000001
2014-04-30,1.2168,0.012313000000000001
2014-05-05,1.2278,0.00904
2014-05-06,1.24,0.009936
2014-05-07,1.2233,-0.013468
2014-05-08,1.2176,-0.00466
2014-05-09,1.1974,-0.01659
2014-05-12,1.213,0.013028
2014-05-13,1.2129,-8.2e-05
2014-05-14,1.2144,0.001237
2014-05-15,1.2018,-0.010375
2014-05-16,1.1922,-0.007988
2014-05-19,1.191,-0.001007
2014-05-20,1.1963,0.00445
2014-05-21,1.2008,0.0037619999999999997
2014-05-22,1.2052,0.003664
2014-05-23,1.216,0.008961
2014-05-26,1.2282,0.010033
2014-05-27,1.22,-0.006676
2014-05-28,1.2338,0.011311
2014-05-29,1.2237,-0.008186
2014-05-30,1.2229,-0.000654
2014-06-03,1.2242,0.0010630000000000001
2014-06-04,1.2196,-0.003758
2014-06-05,1.2376,0.014759
2014-06-06,1.2335,-0.003313
2014-06-09,1.2258,-0.006242
2014-06-10,1.2372,0.009300000000000001
2014-06-11,1.2409,0.0029909999999999997
2014-06-12,1.2376,-0.0026590000000000003
2014-06-13,1.2436,0.004848
2014-06-16,1.2492,0.004503
2014-06-17,1.2344,-0.011848000000000001
2014-06-18,1.226,-0.006805
2014-06-19,1.202,-0.019576
2014-06-20,1.2043,0.001913
2014-06-23,1.2132,0.00739
2014-06-24,1.2131,-8.2e-05
2014-06-25,1.2112,-0.001566
2014-06-26,1.2216,0.008587000000000001
2014-06-27,1.2229,0.0010639999999999998
2014-06-30,1.2335,0.008668
2014-07-01,1.237,0.002837
2014-07-02,1.2413,0.0034760000000000004
2014-07-03,1.2429,0.0012889999999999998
2014-07-04,1.2402,-0.002172
2014-07-07,1.2344,-0.004677
2014-07-08,1.2442,0.007939
2014-07-09,1.2304,-0.011091
2014-07-10,1.2161,-0.011621999999999999
2014-07-11,1.2117,-0.003618
2014-07-14,1.2174,0.004704
2014-07-15,1.2076,-0.00805
2014-07-16,1.1936,-0.011593
2014-07-17,1.1856,-0.0067020000000000005
2014-07-18,1.1837,-0.001603
2014-07-21,1.1875,0.00321
2014-07-22,1.1956,0.006821000000000001
2014-07-23,1.184,-0.009701999999999999
2014-07-24,1.1791,-0.004139
2014-07-25,1.1881,0.007633
2014-07-28,1.2015,0.011278999999999999
2014-07-29,1.2144,0.010737000000000002
2014-07-30,1.2188,0.003623
2014-07-31,1.2212,0.001969
2014-08-01,1.2147,-0.005323
2014-08-04,1.2196,0.004033999999999999
2014-08-05,1.2288,0.007542999999999999
2014-08-06,1.2326,0.0030919999999999997
2014-08-07,1.2271,-0.004462
2014-08-08,1.2372,0.008231
2014-08-11,1.2496,0.010022999999999999
2014-08-12,1.2545,0.003921
2014-08-13,1.2483,-0.004941999999999999
2014-08-14,1.2455,-0.002243
2014-08-15,1.2538,0.006664
2014-08-18,1.2713,0.013958
2014-08-19,1.2728,0.0011799999999999998
2014-08-20,1.2716,-0.0009429999999999999
2014-08-21,1.273,0.001101
2014-08-22,1.2791,0.004792
2014-08-25,1.2735,-0.004378
2014-08-26,1.2574,-0.012642
2014-08-27,1.2607,0.002624
2014-08-28,1.2539,-0.0053939999999999995
2014-08-29,1.2647,0.008612999999999999
2014-09-01,1.2833,0.014707
2014-09-02,1.29,0.005221
2014-09-03,1.2951,0.003953
2014-09-04,1.2996,0.003475
2014-09-05,1.3035,0.0030009999999999998
2014-09-09,1.3043,0.0006140000000000001
2014-09-10,1.3063,0.0015329999999999999
2014-09-11,1.3068,0.000383
2014-09-12,1.3066,-0.000153
2014-09-15,1.3101,0.0026790000000000004
2014-09-16,1.2743,-0.027326000000000003
2014-09-17,1.2811,0.005336
2014-09-18,1.289,0.006167000000000001
2014-09-19,1.3002,0.008689
2014-09-22,1.2924,-0.005999
2014-09-23,1.3028,0.008047
2014-09-24,1.314,0.008597
2014-09-25,1.3101,-0.002968
2014-09-26,1.3126,0.001908
2014-09-29,1.3229,0.007847
2014-09-30,1.3318,0.006728
2014-10-08,1.3399,0.006082
2014-10-09,1.3386,-0.00097
2014-10-10,1.3276,-0.008218
2014-10-13,1.3226,-0.003766
2014-10-14,1.3148,-0.005897
2014-10-15,1.3212,0.004868
2014-10-16,1.3114,-0.007417
2014-10-17,1.3108,-0.000458
2014-10-20,1.3245,0.010452
2014-10-21,1.3155,-0.006795
2014-10-22,1.3038,-0.008893999999999999
2014-10-23,1.292,-0.00905
2014-10-24,1.2929,0.000697
2014-10-27,1.2997,0.005259000000000001
2014-10-28,1.3193,0.01508
2014-10-29,1.3309,0.008793
2014-10-30,1.3347,0.002855
2014-10-31,1.334,-0.000524
2014-11-03,1.3468,0.009595
2014-11-04,1.3467,-7.400000000000001e-05
2014-11-05,1.3473,0.000446
2014-11-06,1.3512,0.002895
2014-11-07,1.3435,-0.005698999999999999
2014-11-10,1.3529,0.006997
2014-11-11,1.3289,-0.01774
2014-11-12,1.3415,0.009482
2014-11-13,1.329,-0.009318
2014-11-14,1.3271,-0.0014299999999999998
2014-11-17,1.3419,0.011152
2014-11-18,1.3395,-0.001789
2014-11-19,1.3427,0.002389
2014-11-20,1.341,-0.001266
2014-11-21,1.358,0.012677
2014-11-24,1.369,0.008100000000000001
2014-11-25,1.3837,0.010738000000000001
2014-11-26,1.3912,0.00542
2014-11-27,1.3893,-0.001366
2014-11-28,1.3953,0.004319
2014-12-01,1.3852,-0.007239
2014-12-02,1.4092,0.017325999999999998
2014-12-03,1.4153,0.004329
2014-12-04,1.4463,0.021903000000000002
2014-12-05,1.4266,-0.013621000000000001
2014-12-08,1.4479,0.014931000000000002
2014-12-09,1.3894,-0.040403
2014-12-10,1.4271,0.027134000000000002
2014-12-11,1.4182,-0.006236
2014-12-12,1.4371,0.013327
2014-12-15,1.4729,0.024911
2014-12-16,1.4784,0.003734
2014-12-17,1.4664,-0.008117
2014-12-18,1.4564,-0.0068189999999999995
2014-12-19,1.4391,-0.011878999999999999
2014-12-22,1.3742,-0.045098
2014-12-23,1.3558,-0.013389999999999999
2014-12-24,1.3681,0.009072
2014-12-25,1.3881,0.014619
2014-12-26,1.3996,0.008285
2014-12-29,1.3784,-0.015146999999999999
2014-12-30,1.3586,-0.014363999999999998
2014-12-31,1.3661,0.005520000000000001
2015-01-05,1.3696,0.002562
2015-01-06,1.3939,0.017742
2015-01-07,1.3982,0.003085
2015-01-08,1.3936,-0.00329
2015-01-09,1.3962,0.0018659999999999998
2015-01-12,1.3993,0.00222
2015-01-13,1.4245,0.018009
2015-01-14,1.4142,-0.007231
2015-01-15,1.4156,0.00099
2015-01-16,1.4398,0.017095
2015-01-19,1.4164,-0.016252
2015-01-20,1.467,0.035724
2015-01-21,1.489,0.014997
2015-01-22,1.5048,0.010610999999999999
2015-01-23,1.4823,-0.014952
2015-01-26,1.5089,0.017945
2015-01-27,1.5163,0.004904
2015-01-28,1.5021,-0.009365
2015-01-29,1.4925,-0.006391
2015-01-30,1.4641,-0.019028
2015-02-02,1.4641,0.0
2015-02-03,1.4935,0.020081
2015-02-04,1.4995,0.004017
2015-02-05,1.5176,0.012071
2015-02-06,1.4945,-0.015221
2015-02-09,1.4852,-0.006222999999999999
2015-02-10,1.5116,0.017775
2015-02-11,1.5307,0.012636000000000001
2015-02-12,1.5422,0.007513
2015-02-13,1.566,0.015432
2015-02-16,1.5502,-0.010088999999999999
2015-02-17,1.5589,0.005612000000000001
2015-02-25,1.558,-0.000577
2015-02-26,1.5764,0.011810000000000001
2015-02-27,1.6066,0.019157999999999998
2015-03-02,1.6444,0.023527999999999997
2015-03-03,1.6292,-0.009243
2015-03-04,1.6606,0.019273
2015-03-05,1.663,0.0014449999999999999
2015-03-06,1.6358,-0.016356
2015-03-09,1.6588,0.01406
2015-03-10,1.6989,0.024174
2015-03-11,1.6888,-0.005945000000000001
2015-03-12,1.6988,0.005920999999999999
2015-03-13,1.7383,0.023252000000000002
2015-03-16,1.7969,0.033711000000000005
2015-03-17,1.8058,0.004953
2015-03-18,1.8294,0.013068999999999999
2015-03-19,1.8353,0.003225
2015-03-20,1.8612,0.014112
2015-03-23,1.9269,0.0353
2015-03-24,1.9782,0.026623
2015-03-25,1.9763,-0.00096
2015-03-26,1.9082,-0.034458
2015-03-27,1.9325,0.012735000000000002
2015-03-30,1.9288,-0.001915
2015-03-31,1.9564,0.014309
2015-04-01,2.0112,0.028010999999999998
2015-04-02,2.0414,0.015016
2015-04-03,2.0556,0.006956
2015-04-07,2.0868,0.015178
2015-04-08,2.0448,-0.020127000000000003
2015-04-09,2.0229,-0.010709999999999999
2015-04-10,2.0837,0.030056
2015-04-13,2.122,0.018381
2015-04-14,2.1294,0.003487
2015-04-15,2.0475,-0.038462
2015-04-16,2.0768,0.01431
2015-04-17,2.0655,-0.0054410000000000005
2015-04-20,2.0232,-0.020478999999999997
2015-04-21,2.0998,0.037861
2015-04-22,2.1453,0.021669
2015-04-23,2.162,0.007784
2015-04-24,2.1455,-0.007632
2015-04-27,1.9538,0.003869
2015-04-28,1.8965,-0.029327000000000002
2015-04-29,1.9359,0.020775000000000002
2015-04-30,1.9548,0.009762999999999999
2015-05-04,1.9567,0.000972
2015-05-05,1.9,-0.028977
2015-05-06,1.9114,0.006
2015-05-07,1.8935,-0.009365
2015-05-08,1.9974,0.054872
2015-05-11,2.1049,0.05382
2015-05-12,2.1882,0.039574
2015-05-13,2.1991,0.004981
2015-05-14,2.1812,-0.00814
2015-05-15,2.1833,0.000963
2015-05-18,2.2439,0.027756
2015-05-19,2.2743,0.013548
2015-05-20,2.3326,0.025634
2015-05-21,2.408,0.032324
2015-05-22,2.3989,-0.0037790000000000002
2015-05-25,2.3935,-0.002251
2015-05-26,2.4713,0.032505
2015-05-27,2.4825,0.004532
2015-05-28,2.3407,-0.05712
2015-05-29,2.3868,0.019695
2015-06-01,2.507,0.050359999999999995
2015-06-02,2.6088,0.040606
2015-06-03,2.6355,0.010235000000000001
2015-06-04,2.6095,-0.009865
2015-06-05,2.5944,-0.005787
2015-06-08,2.4821,-0.043286
2015-06-09,2.4699,-0.004915
2015-06-10,2.5557,0.034738000000000005
2015-06-11,2.5811,0.009939
2015-06-12,2.6078,0.010343999999999999
2015-06-15,2.5143,-0.035854
2015-06-16,2.405,-0.043471
2015-06-17,2.4618,0.023617
2015-06-18,2.3481,-0.046186
2015-06-19,2.178,-0.072442
2015-06-23,2.2111,0.015197
2015-06-24,2.2305,0.008773999999999999
2015-06-25,2.1251,-0.047254
2015-06-26,1.9374,-0.088325
2015-06-29,1.7713,-0.085733
2015-06-30,1.8749,0.058488
2015-07-01,1.7791,-0.051096
2015-07-02,1.6773,-0.05722000000000001
2015-07-03,1.5963,-0.048292
2015-07-06,1.5237,-0.04548
2015-07-07,1.4243,-0.065236
2015-07-08,1.3781,-0.032437
2015-07-09,1.4333,0.04005499999999999
2015-07-10,1.5221,0.061955
2015-07-13,1.6257,0.068064
2015-07-14,1.6736,0.029464
2015-07-15,1.5744,-0.059273
2015-07-16,1.5925,0.011496
2015-07-17,1.6926,0.062857
2015-07-20,1.7512,0.034621
2015-07-21,1.7844,0.018958
2015-07-22,1.8021,0.009919
2015-07-23,1.8615,0.032962
2015-07-24,1.8459,-0.00838
2015-07-27,1.7098,-0.073731
2015-07-28,1.6475,-0.036437
2015-07-29,1.7162,0.0417
2015-07-30,1.6423,-0.04306
2015-07-31,1.6163,-0.015830999999999998
2015-08-03,1.5521,-0.03972
2015-08-04,1.6229,0.045616000000000004
2015-08-05,1.6125,-0.0064080000000000005
2015-08-06,1.6011,-0.00707
2015-08-07,1.6564,0.034539
2015-08-10,1.7367,0.048479
2015-08-11,1.7244,-0.007082000000000001
2015-08-12,1.7056,-0.010902
2015-08-13,1.7314,0.015127
2015-08-14,1.7281,-0.001906
2015-08-17,1.736,0.004571
2015-08-18,1.6435,-0.053283
2015-08-19,1.6675,0.014603
2015-08-20,1.6329,-0.02075
2015-08-21,1.5658,-0.041093000000000005
2015-08-24,1.4729,-0.059330999999999995
2015-08-25,1.3962,-0.052073999999999995
2015-08-26,1.3532,-0.030798000000000002
2015-08-27,1.3934,0.029706999999999997
2015-08-28,1.46,0.047797
2015-08-31,1.4312,-0.019726
2015-09-01,1.3818,-0.034516
2015-09-02,1.3719,-0.007165
2015-09-07,1.3771,0.00379
2015-09-08,1.4275,0.036599
2015-09-09,1.4651,0.02634
2015-09-10,1.4436,-0.014675
2015-09-11,1.4482,0.003186
2015-09-14,1.3904,-0.039912
2015-09-15,1.3369,-0.038478
2015-09-16,1.3962,0.044356
2015-09-17,1.3928,-0.002435
2015-09-18,1.4131,0.014575
2015-09-21,1.4521,0.027599
2015-09-22,1.4437,-0.005785
2015-09-23,1.4361,-0.005264
2015-09-24,1.4491,0.009052
2015-09-25,1.4,-0.033883
2015-09-28,1.4345,0.024643
2015-09-29,1.4282,-0.004392
2015-09-30,1.4298,0.0011200000000000001
2015-10-08,1.4733,0.030424000000000003
2015-10-09,1.4844,0.007534
2015-10-12,1.5227,0.025802000000000002
2015-10-13,1.5345,0.007749000000000001
2015-10-14,1.5132,-0.013881
2015-10-15,1.5618,0.032117
2015-10-16,1.5719,0.0064670000000000005
2015-10-19,1.5813,0.00598
2015-10-20,1.6038,0.014229
2015-10-21,1.5324,-0.044519
2015-10-22,1.5851,0.034390000000000004
2015-10-23,1.6278,0.026938
2015-10-26,1.634,0.0038090000000000003
2015-10-27,1.6491,0.009241000000000001
2015-10-28,1.6041,-0.027288
2015-10-29,1.6112,0.004426
2015-10-30,1.6117,0.00031
2015-11-02,1.5793,-0.020103
2015-11-03,1.5783,-0.000633
2015-11-04,1.6414,0.03998
2015-11-05,1.6327,-0.0053
2015-11-06,1.66,0.016721
2015-11-09,1.6871,0.016325
2015-11-10,1.6915,0.0026079999999999996
2015-11-11,1.717,0.015075
2015-11-12,1.7092,-0.004543
2015-11-13,1.6659,-0.025333
2015-11-16,1.6928,0.016147
2015-11-17,1.6835,-0.005494
2015-11-18,1.6573,-0.015563
2015-11-19,1.694,0.022144
2015-11-20,1.7102,0.009563
2015-11-23,1.7069,-0.00193
2015-11-24,1.7195,0.007382
2015-11-25,1.7585,0.022681
2015-11-26,1.7373,-0.012056
2015-11-27,1.6586,-0.0453
2015-11-30,1.6564,-0.001326
2015-12-01,1.6598,0.002053
2015-12-02,1.6442,-0.009399
2015-12-03,1.6797,0.021591
2015-12-04,1.6709,-0.005239000000000001
2015-12-07,1.6801,0.005506
2015-12-08,1.6566,-0.013987000000000001
2015-12-09,1.6484,-0.0049499999999999995
2015-12-10,1.6452,-0.001941
2015-12-11,1.6364,-0.0053490000000000005
2015-12-14,1.6627,0.016072
2015-12-15,1.6825,0.011908
2015-12-16,1.6949,0.00737
2015-12-17,1.723,0.016579
2015-12-18,1.726,0.0017410000000000001
2015-12-21,1.7338,0.0045190000000000004
2015-12-22,1.748,0.00819
2015-12-23,1.7273,-0.011841999999999998
2015-12-24,1.7236,-0.002142
2015-12-25,1.7265,0.001683
2015-12-28,1.6932,-0.019288
2015-12-29,1.7,0.0040160000000000005
2015-12-30,1.7075,0.004412
2015-12-31,1.6922,-0.008960000000000001
2016-01-04,1.5895,-0.06069
2016-01-05,1.5595,-0.018874
2016-01-06,1.58,0.013145
2016-01-07,1.4785,-0.064241
2016-01-08,1.4872,0.005884
2016-01-11,1.4132,-0.049758
2016-01-12,1.4174,0.0029720000000000002
2016-01-13,1.3889,-0.020107
2016-01-14,1.4261,0.026784
2016-01-15,1.3945,-0.022158
2016-01-18,1.4193,0.017784
2016-01-19,1.4559,0.025787
2016-01-20,1.4455,-0.007143
2016-01-21,1.4034,-0.029125
2016-01-22,1.4103,0.004917
2016-01-25,1.4176,0.005175999999999999
2016-01-26,1.3411,-0.053964
2016-01-27,1.3292,-0.008872999999999999
2016-01-28,1.2992,-0.02257
2016-01-29,1.3323,0.025477
2016-02-01,1.3267,-0.004203
2016-02-02,1.3623,0.026833
2016-02-03,1.3727,0.007633999999999999
2016-02-04,1.3893,0.012093
2016-02-05,1.3791,-0.007342
2016-02-15,1.3862,0.005148000000000001
2016-02-16,1.4249,0.027918
2016-02-17,1.436,0.00779
2016-02-18,1.424,-0.008357
2016-02-19,1.4281,0.002879
2016-02-22,1.4431,0.010503
2016-02-23,1.4345,-0.005959
2016-02-24,1.4429,0.005856
2016-02-25,1.3695,-0.05087
2016-02-26,1.3646,-0.003578
2016-02-29,1.3061,-0.04287
2016-03-01,1.3265,0.015619000000000001
2016-03-02,1.3674,0.030833
2016-03-03,1.3675,7.3e-05
2016-03-04,1.3313,-0.026472000000000002
2016-03-07,1.3485,0.012920000000000001
2016-03-08,1.3581,0.0071189999999999995
2016-03-09,1.3551,-0.002209
2016-03-10,1.3401,-0.011069
2016-03-11,1.3398,-0.000224
2016-03-14,1.3733,0.025004
2016-03-15,1.3615,-0.008591999999999999
2016-03-16,1.3524,-0.006684
2016-03-17,1.3869,0.02551
2016-03-18,1.4186,0.022857
2016-03-21,1.4409,0.01572
2016-03-22,1.4391,-0.001249
2016-03-23,1.4497,0.007366
2016-03-24,1.4353,-0.009932999999999999
2016-03-25,1.436,0.00048800000000000004
2016-03-28,1.4318,-0.0029249999999999996
2016-03-29,1.4141,-0.012362
2016-03-30,1.4494,0.024963000000000003
2016-03-31,1.452,0.001794
2016-04-01,1.4421,-0.006817999999999999
2016-04-05,1.4626,0.014215
2016-04-06,1.466,0.0023250000000000002
2016-04-07,1.448,-0.012278
2016-04-08,1.4378,-0.007044
2016-04-11,1.4626,0.017249
2016-04-12,1.4537,-0.006085
2016-04-13,1.4646,0.007498
2016-04-14,1.4713,0.004575
2016-04-15,1.4721,0.000544
2016-04-18,1.452,-0.013654
2016-04-19,1.4567,0.003237
2016-04-20,1.4367,-0.01373
2016-04-21,1.4272,-0.006612
2016-04-22,1.4285,0.000911
2016-04-25,1.4308,0.00161
2016-04-26,1.4346,0.002656
2016-04-27,1.1485,-0.004252000000000001
2016-04-28,1.1475,-0.0008709999999999999
2016-04-29,1.1448,-0.002353
2016-05-03,1.1608,0.013975999999999999
2016-05-04,1.1624,0.001378
2016-05-05,1.1665,0.003527
2016-05-06,1.148,-0.015859
2016-05-09,1.125,-0.020034999999999997
2016-05-10,1.1238,-0.001067
2016-05-11,1.1209,-0.002581
2016-05-12,1.1209,0.0
2016-05-13,1.1166,-0.003836
2016-05-16,1.1243,0.006896
2016-05-17,1.1298,0.0048920000000000005
2016-05-18,1.1171,-0.011241000000000001
2016-05-19,1.1188,0.001522
2016-05-20,1.125,0.005542
2016-05-23,1.131,0.005333
2016-05-24,1.1233,-0.006808
2016-05-25,1.1186,-0.004184
2016-05-26,1.1249,0.005632000000000001
2016-05-27,1.1226,-0.002045
2016-05-30,1.1213,-0.001158
2016-05-31,1.1459,0.021939
2016-06-01,1.1484,0.002182
2016-06-02,1.1522,0.0033090000000000003
2016-06-03,1.1567,0.003906
2016-06-06,1.1591,0.002075
2016-06-07,1.1577,-0.001208
2016-06-08,1.1536,-0.003542
2016-06-13,1.1256,-0.024272000000000002
2016-06-14,1.1257,8.9e-05
2016-06-15,1.1402,0.012881
2016-06-16,1.1362,-0.003508
2016-06-17,1.1439,0.006777
2016-06-20,1.1415,-0.002098
2016-06-21,1.1403,-0.001051
2016-06-22,1.1504,0.008857
2016-06-23,1.1496,-0.0006950000000000001
2016-06-24,1.1476,-0.0017399999999999998
2016-06-27,1.1608,0.011501999999999998
2016-06-28,1.169,0.007064
2016-06-29,1.1719,0.0024809999999999997
2016-06-30,1.1711,-0.000683
2016-07-01,1.1694,-0.001452
2016-07-04,1.1818,0.010604
2016-07-05,1.1845,0.002285
2016-07-06,1.1844,-8.4e-05
2016-07-07,1.184,-0.000338
2016-07-08,1.1842,0.000169
2016-07-11,1.1803,-0.003293
2016-07-12,1.19,0.008218
2016-07-13,1.1972,0.00605
2016-07-14,1.1988,0.001336
2016-07-15,1.1941,-0.003921
2016-07-18,1.1957,0.00134
2016-07-19,1.1969,0.0010040000000000001
2016-07-20,1.202,0.004261
2016-07-21,1.203,0.000832
2016-07-22,1.1939,-0.0075639999999999995
2016-07-25,1.1994,0.004607
2016-07-26,1.2093,0.008254000000000001
2016-07-27,1.1813,-0.023153999999999997
2016-07-28,1.1792,-0.001778
2016-07-29,1.1741,-0.004325
2016-08-01,1.1645,-0.008176
2016-08-02,1.1708,0.005410000000000001
2016-08-03,1.1724,0.001367
2016-08-04,1.1759,0.002985
2016-08-05,1.1736,-0.001956
2016-08-08,1.1818,0.006987
2016-08-09,1.187,0.0044
2016-08-10,1.1848,-0.0018529999999999998
2016-08-11,1.1707,-0.011901
2016-08-12,1.1807,0.008542
2016-08-15,1.1935,0.010841
2016-08-16,1.2005,0.005865
2016-08-17,1.2062,0.004748
2016-08-18,1.2039,-0.001907
2016-08-19,1.2021,-0.001495
2016-08-22,1.2007,-0.001165
2016-08-23,1.2015,0.000666
2016-08-24,1.2036,0.0017480000000000002
2016-08-25,1.2022,-0.001163
2016-08-26,1.2016,-0.000499
2016-08-29,1.203,0.001165
2016-08-30,1.2006,-0.0019950000000000002
2016-08-31,1.2012,0.0005
2016-09-01,1.1979,-0.002747
2016-09-02,1.1948,-0.0025879999999999996
2016-09-05,1.1983,0.0029289999999999997
2016-09-06,1.2112,0.010765
2016-09-07,1.213,0.0014860000000000001
2016-09-08,1.2123,-0.000577
2016-09-09,1.2098,-0.002062
2016-09-12,1.1898,-0.016532
2016-09-13,1.1939,0.0034460000000000003
2016-09-14,1.1882,-0.004774
2016-09-19,1.2019,0.01153
2016-09-20,1.2011,-0.000666
2016-09-21,1.2033,0.001832
2016-09-22,1.2067,0.0028260000000000004
2016-09-23,1.2066,-8.3e-05
2016-09-26,1.1905,-0.013343
2016-09-27,1.1949,0.0036959999999999996
2016-09-28,1.1939,-0.000837
2016-09-29,1.1949,0.000838
2016-09-30,1.2004,0.0046029999999999995
2016-10-10,1.2144,0.011663
2016-10-11,1.2177,0.002717
2016-10-12,1.2179,0.000164
2016-10-13,1.2181,0.000164
2016-10-14,1.2181,0.0
2016-10-17,1.2154,-0.0022170000000000002
2016-10-18,1.2265,0.009133
2016-10-19,1.2248,-0.001386
2016-10-20,1.2279,0.002531
2016-10-21,1.2231,-0.003909
2016-10-24,1.2249,0.001472
2016-10-25,1.236,0.009062
2016-10-26,1.2321,-0.003155
2016-10-27,1.2322,8.099999999999999e-05
2016-10-28,1.2287,-0.0028399999999999996
2016-10-31,1.2301,0.001139
2016-11-01,1.2368,0.005447
2016-11-02,1.2279,-0.007196
2016-11-03,1.2285,0.000489
2016-11-04,1.2266,-0.001547
2016-11-07,1.2244,-0.001794
2016-11-08,1.2274,0.00245
2016-11-09,1.223,-0.0035849999999999996
2016-11-10,1.2329,0.008095
2016-11-11,1.234,0.000892
2016-11-14,1.2358,0.001459
2016-11-15,1.2383,0.002023
2016-11-16,1.2394,0.000888
2016-11-17,1.2385,-0.000726
2016-11-18,1.2336,-0.003956
2016-11-21,1.2322,-0.001135
2016-11-22,1.2378,0.004545
2016-11-23,1.2347,-0.002504
2016-11-24,1.2292,-0.004455
2016-11-25,1.2309,0.0013830000000000001
2016-11-28,1.2386,0.006256
2016-11-29,1.2364,-0.001776
2016-11-30,1.2346,-0.001456
2016-12-01,1.2374,0.002268
2016-12-02,1.2289,-0.006868999999999999
2016-12-05,1.2261,-0.002278
2016-12-06,1.2262,8.2e-05
2016-12-07,1.2319,0.0046489999999999995
2016-12-08,1.2267,-0.004221
2016-12-09,1.2268,8.2e-05
2016-12-12,1.1922,-0.028203
2016-12-13,1.1926,0.000336
2016-12-14,1.1826,-0.008385
2016-12-15,1.1835,0.000761
2016-12-16,1.187,0.002957
2016-12-19,1.1847,-0.001938
2016-12-20,1.1813,-0.0028699999999999997
2016-12-21,1.186,0.003979
2016-12-22,1.1851,-0.0007589999999999999
2016-12-23,1.1823,-0.002363
2016-12-26,1.1832,0.000761
2016-12-27,1.1848,0.001352
2016-12-28,1.1857,0.0007599999999999999
2016-12-29,1.1872,0.001265
2016-12-30,1.1865,-0.0005899999999999999
2016-12-31,1.1865,0.0
2017-01-03,1.1898,0.002781
2017-01-04,1.1971,0.006135000000000001
2017-01-05,1.1957,-0.0011690000000000001
2017-01-06,1.1781,-0.014719
2017-01-09,1.1749,-0.002716
2017-01-10,1.1799,0.004255999999999999
2017-01-11,1.1658,-0.01195
2017-01-12,1.1599,-0.0050609999999999995
2017-01-13,1.1499,-0.008621
2017-01-16,1.126,-0.020783999999999997
2017-01-17,1.1302,0.00373
2017-01-18,1.1278,-0.002124
2017-01-19,1.1224,-0.004788
2017-01-20,1.1319,0.008464000000000001
2017-01-23,1.1406,0.007685999999999999
2017-01-24,1.137,-0.003156
2017-01-25,1.1391,0.0018470000000000001
2017-01-26,1.1453,0.005443
2017-02-03,1.142,-0.0028810000000000003
2017-02-06,1.1475,0.004816
2017-02-07,1.1452,-0.002004
2017-02-08,1.1504,0.004541
2017-02-09,1.1602,0.008519
2017-02-10,1.156,-0.00362
2017-02-13,1.1587,0.002336
2017-02-14,1.1552,-0.003021
2017-02-15,1.1451,-0.008742999999999999
2017-02-16,1.1494,0.003755
2017-02-17,1.1478,-0.001392
2017-02-20,1.1538,0.005227000000000001
2017-02-21,1.1603,0.005634
2017-02-22,1.1641,0.003275
2017-02-23,1.166,0.0016320000000000002
2017-02-24,1.1666,0.0005149999999999999
2017-02-27,1.1616,-0.004286
2017-02-28,1.1646,0.002583
2017-03-01,1.1675,0.00249
2017-03-02,1.1622,-0.00454
2017-03-03,1.1688,0.005679
2017-03-06,1.1786,0.008385
2017-03-07,1.1875,0.0075509999999999996
2017-03-08,1.1843,-0.0026950000000000003
2017-03-09,1.1789,-0.00456
2017-03-10,1.18,0.0009329999999999999
2017-03-13,1.1851,0.0043219999999999995
2017-03-14,1.1819,-0.0027
2017-03-15,1.1802,-0.001438
2017-03-16,1.1895,0.00788
2017-03-17,1.1832,-0.0052959999999999995
2017-03-20,1.1882,0.004226
2017-03-21,1.1956,0.006228
2017-03-22,1.1952,-0.000335
2017-03-23,1.1982,0.00251
2017-03-24,1.1996,0.001168
2017-03-27,1.194,-0.004668
2017-03-28,1.1898,-0.003518
2017-03-29,1.183,-0.0057150000000000005
2017-03-30,1.1685,-0.012257
2017-03-31,1.1747,0.005306
2017-04-05,1.1928,0.015408
2017-04-06,1.1952,0.002012
2017-04-07,1.1964,0.0010040000000000001
2017-04-10,1.1896,-0.005684
2017-04-11,1.1931,0.002942
2017-04-12,1.1871,-0.0050290000000000005
2017-04-13,1.193,0.00497
2017-04-14,1.1801,-0.010813
2017-04-17,1.1742,-0.005
2017-04-18,1.1712,-0.002555
2017-04-19,1.1665,-0.004013
2017-04-20,1.1755,0.007715
2017-04-21,1.1717,-0.0032329999999999998
2017-04-24,1.1482,-0.020055999999999997
2017-04-25,1.1573,0.007925
2017-04-26,1.1529,-0.003802
2017-04-27,1.1534,0.00043400000000000003
2017-04-28,1.149,-0.0038150000000000002
2017-05-02,1.1483,-0.0006090000000000001
2017-05-03,1.1464,-0.001655
2017-05-04,1.1463,-8.7e-05
2017-05-05,1.1406,-0.004973
2017-05-08,1.1283,-0.010784
2017-05-09,1.137,0.007711
2017-05-10,1.1288,-0.007212
2017-05-11,1.1337,0.004341
2017-05-12,1.1295,-0.003705
2017-05-15,1.1389,0.008322000000000001
2017-05-16,1.1593,0.017911999999999997
2017-05-17,1.1523,-0.006038
2017-05-18,1.1491,-0.002777
2017-05-19,1.1508,0.001479
2017-05-22,1.1474,-0.002954
2017-05-23,1.1369,-0.009151
2017-05-24,1.1423,0.00475
2017-05-25,1.1407,-0.0014010000000000001
2017-05-26,1.1401,-0.000526
2017-05-31,1.1405,0.00035099999999999997
2017-06-01,1.1307,-0.008593
2017-06-02,1.1318,0.000973
2017-06-05,1.1298,-0.001767
2017-06-06,1.1371,0.006461
2017-06-07,1.1565,0.017061
2017-06-08,1.1601,0.0031130000000000003
2017-06-09,1.1629,0.002414
2017-06-12,1.1556,-0.0062770000000000005
2017-06-13,1.1612,0.004846
2017-06-14,1.1581,-0.00267
2017-06-15,1.161,0.002504
2017-06-16,1.1592,-0.00155
2017-06-19,1.1628,0.003106
2017-06-20,1.1614,-0.001204
2017-06-21,1.1684,0.006027
2017-06-22,1.1624,-0.005135
2017-06-23,1.1679,0.004732
2017-06-26,1.1802,0.010532
2017-06-27,1.1831,0.002457
2017-06-28,1.1771,-0.005071
2017-06-29,1.1816,0.0038229999999999996
2017-06-30,1.1863,0.003978
2017-07-03,1.1878,0.0012640000000000001
2017-07-04,1.1837,-0.003452
2017-07-05,1.1904,0.005659999999999999
2017-07-06,1.1832,-0.006048
2017-07-07,1.181,-0.0018590000000000002
2017-07-10,1.175,-0.00508
2017-07-11,1.174,-0.000851
2017-07-12,1.1679,-0.005195999999999999
2017-07-13,1.1706,0.002312
2017-07-14,1.1679,-0.002307
2017-07-17,1.1425,-0.021748
2017-07-18,1.1396,-0.0025380000000000003
2017-07-19,1.144,0.003861
2017-07-20,1.1508,0.0059440000000000005
2017-07-21,1.149,-0.001564
2017-07-24,1.1566,0.006614
2017-07-25,1.1537,-0.0025069999999999997
2017-07-26,1.1422,-0.009968
2017-07-27,1.1549,0.011119
2017-07-28,1.1642,0.008053
2017-07-31,1.1711,0.005927
2017-08-01,1.1755,0.003757
2017-08-02,1.1685,-0.005955
2017-08-03,1.1628,-0.004878
2017-08-04,1.1538,-0.00774
2017-08-07,1.1647,0.009447
2017-08-08,1.1686,0.0033489999999999995
2017-08-09,1.1823,0.011722999999999999
2017-08-10,1.1839,0.001353
2017-08-11,1.1717,-0.010305
2017-08-14,1.1896,0.015277
2017-08-15,1.1871,-0.002102
2017-08-16,1.1874,0.00025299999999999997
2017-08-17,1.1873,-8.4e-05
2017-08-18,1.1877,0.000337
2017-08-21,1.1918,0.003452
2017-08-22,1.1861,-0.004783
2017-08-23,1.1892,0.002614
2017-08-24,1.1785,-0.008998
2017-08-25,1.1872,0.007382
2017-08-28,1.1967,0.008002
2017-08-29,1.2003,0.0030080000000000003
2017-08-30,1.206,0.004749
2017-08-31,1.2059,-8.3e-05
2017-09-01,1.2147,0.0072970000000000005
2017-09-04,1.2177,0.00247
2017-09-05,1.2267,0.007391
2017-09-06,1.2262,-0.00040800000000000005
2017-09-07,1.2214,-0.003915
2017-09-08,1.2154,-0.004912000000000001
2017-09-11,1.2181,0.002221
2017-09-12,1.2182,8.2e-05
2017-09-13,1.2266,0.006895
2017-09-14,1.2261,-0.00040800000000000005
2017-09-15,1.2232,-0.002365
2017-09-18,1.244,0.017005
2017-09-19,1.2399,-0.003296
2017-09-20,1.2423,0.001936
2017-09-21,1.2318,-0.008452
2017-09-22,1.2272,-0.003734
2017-09-25,1.2286,0.0011409999999999999
2017-09-26,1.2296,0.000814
2017-09-27,1.2331,0.002846
2017-09-28,1.249,0.012894000000000001
2017-09-29,1.2478,-0.000961
2017-10-09,1.2554,0.006091
2017-10-10,1.2648,0.007488
2017-10-11,1.2725,0.006088
2017-10-12,1.2699,-0.002043
2017-10-13,1.2729,0.002362
2017-10-16,1.2598,-0.010291
2017-10-17,1.2587,-0.0008730000000000001
2017-10-18,1.2643,0.004449
2017-10-19,1.2701,0.004588
2017-10-20,1.2704,0.000236
2017-10-23,1.2806,0.008029
2017-10-24,1.281,0.000312
2017-10-25,1.2849,0.003044
2017-10-26,1.2919,0.005448
2017-10-27,1.3052,0.010295
2017-10-30,1.3053,7.7e-05
2017-10-31,1.3087,0.002605
2017-11-01,1.3079,-0.000611
2017-11-02,1.3034,-0.003441
2017-11-03,1.306,0.0019950000000000002
2017-11-06,1.325,0.014548
2017-11-07,1.3184,-0.004981
2017-11-08,1.3143,-0.00311
2017-11-09,1.3192,0.0037280000000000004
2017-11-10,1.3376,0.013948
2017-11-13,1.3387,0.0008219999999999999
2017-11-14,1.3202,-0.013819
2017-11-15,1.3186,-0.001212
2017-11-16,1.3299,0.00857
2017-11-17,1.2993,-0.023008999999999998
2017-11-20,1.3101,0.008312
2017-11-21,1.3151,0.0038169999999999996
2017-11-22,1.3034,-0.008897
2017-11-23,1.2655,-0.029078
2017-11-24,1.2629,-0.002055
2017-11-27,1.24,-0.018133
2017-11-28,1.2568,0.013548
2017-11-29,1.2497,-0.0056489999999999995
2017-11-30,1.2446,-0.004081
2017-12-01,1.2536,0.007231
2017-12-04,1.2667,0.01045
2017-12-05,1.2545,-0.009630999999999999
2017-12-06,1.2556,0.000877
2017-12-07,1.245,-0.008442
2017-12-08,1.2596,0.011727000000000001
2017-12-11,1.292,0.025722000000000002
2017-12-12,1.2932,0.0009289999999999999
2017-12-13,1.3067,0.010439
2017-12-14,1.2996,-0.005434
2017-12-15,1.2916,-0.006156
2017-12-18,1.2963,0.003639
2017-12-19,1.3026,0.00486
2017-12-20,1.3109,0.006372
2017-12-21,1.3207,0.007476
2017-12-22,1.3057,-0.011358
2017-12-25,1.3015,-0.003217
2017-12-26,1.2978,-0.002843
2017-12-27,1.2822,-0.01202
2017-12-28,1.299,0.013102
2017-12-29,1.3028,0.0029249999999999996
2017-12-31,1.3027,0.0
2018-01-02,1.3047,0.001458
2018-01-03,1.3079,0.002453
2018-01-04,1.3202,0.009404000000000001
2018-01-05,1.328,0.005908
2018-01-08,1.3309,0.002184
2018-01-09,1.348,0.012848
2018-01-10,1.3508,0.002077
2018-01-11,1.3453,-0.004072
2018-01-12,1.3489,0.002676
2018-01-15,1.3454,-0.002595
2018-01-16,1.3583,0.009588
2018-01-17,1.3412,-0.012589
2018-01-18,1.3492,0.005965000000000001
2018-01-19,1.3435,-0.004225
2018-01-22,1.3638,0.015109999999999998
2018-01-23,1.3703,0.004766
2018-01-24,1.3747,0.003211
2018-01-25,1.3657,-0.006547
2018-01-26,1.3697,0.0029289999999999997
2018-01-29,1.3368,-0.02402
2018-01-30,1.3296,-0.005385999999999999
2018-01-31,1.3337,0.003084
2018-02-01,1.3081,-0.019195
2018-02-02,1.3095,0.00107
2018-02-05,1.2806,-0.022069000000000002
2018-02-06,1.2428,-0.029517
2018-02-07,1.2265,-0.013116000000000001
2018-02-08,1.2453,0.015328
2018-02-09,1.2189,-0.0212
2018-02-12,1.2534,0.028304
2018-02-13,1.2591,0.004548
2018-02-14,1.2689,0.007783
2018-02-22,1.3009,0.025219000000000002
2018-02-23,1.2992,-0.001307
2018-02-26,1.3092,0.007697000000000001
2018-02-27,1.2977,-0.008784
2018-02-28,1.2909,-0.00524
2018-03-01,1.3061,0.011775
2018-03-02,1.3015,-0.003522
2018-03-05,1.2954,-0.004687
2018-03-06,1.3137,0.014127
2018-03-07,1.3083,-0.004111
2018-03-08,1.3205,0.009325
2018-03-09,1.3349,0.010905
2018-03-12,1.3432,0.0062180000000000004
2018-03-13,1.3293,-0.010348
2018-03-14,1.3325,0.002407
2018-03-15,1.3437,0.008405000000000001
2018-03-16,1.3294,-0.010642
2018-03-19,1.3483,0.014217
2018-03-20,1.3478,-0.000371
2018-03-21,1.3409,-0.005119
2018-03-22,1.3221,-0.01402
2018-03-23,1.2854,-0.027759
2018-03-26,1.3039,0.014392
2018-03-27,1.3115,0.005829
2018-03-28,1.2856,-0.019748
2018-03-29,1.2951,0.00739
2018-03-30,1.3141,0.014671
2018-04-02,1.3102,-0.002968
2018-04-03,1.3114,0.000916
2018-04-04,1.3214,0.007625
2018-04-09,1.321,-0.000303
2018-04-10,1.3351,0.010674
2018-04-11,1.334,-0.000824
2018-04-12,1.3363,0.001724
2018-04-13,1.3199,-0.012273000000000001
2018-04-16,1.3182,-0.001288
2018-04-17,1.2936,-0.018662
2018-04-18,1.297,0.0026279999999999997
2018-04-19,1.3068,0.007556
2018-04-20,1.2999,-0.00528
2018-04-23,1.2935,-0.004923
2018-04-24,1.2763,0.019946
2018-04-25,1.2968,0.016062
2018-04-26,1.2708,-0.020049
2018-04-27,1.2765,0.004485
2018-05-02,1.2843,0.00611
2018-05-03,1.2907,0.0049830000000000004
2018-05-04,1.2959,0.004029
2018-05-07,1.3229,0.020835
2018-05-08,1.3254,0.00189
2018-05-09,1.326,0.000453
2018-05-10,1.3536,0.020814
2018-05-11,1.3396,-0.010343
2018-05-14,1.3514,0.008809
2018-05-15,1.3664,0.0111
2018-05-16,1.367,0.000439
2018-05-17,1.3551,-0.008705000000000001
2018-05-18,1.3642,0.006715
2018-05-21,1.3632,-0.000733
2018-05-22,1.3721,0.006529
2018-05-23,1.3611,-0.008017
2018-05-24,1.3602,-0.000661
2018-05-25,1.3655,0.003896
2018-05-28,1.3835,0.013182000000000001
2018-05-29,1.3622,-0.015396
2018-05-30,1.3627,0.00036700000000000003
2018-05-31,1.3906,0.020474000000000003
2018-06-01,1.3636,-0.019416
2018-06-04,1.3784,0.010853999999999999
2018-06-05,1.4012,0.016541
2018-06-06,1.4082,0.004996
2018-06-07,1.3981,-0.0071719999999999996
2018-06-08,1.3886,-0.006795
2018-06-11,1.3751,-0.009722
2018-06-12,1.4042,0.021162
2018-06-13,1.3878,-0.011679
2018-06-14,1.3704,-0.012538
2018-06-15,1.365,-0.00394
2018-06-19,1.3251,-0.029230999999999997
2018-06-20,1.3467,0.016301
2018-06-21,1.3406,-0.00453
2018-06-22,1.347,0.004774
2018-06-25,1.3561,0.006756
2018-06-26,1.3545,-0.0011799999999999998
2018-06-27,1.3274,-0.020007
2018-06-28,1.3118,-0.011752
2018-06-29,1.3455,0.02569
2018-06-30,1.3454,0.0
2018-07-02,1.34,-0.004088
2018-07-03,1.3235,-0.012313000000000001
2018-07-04,1.308,-0.011711000000000001
2018-07-05,1.2932,-0.011314999999999999
2018-07-06,1.2966,0.0026290000000000003
2018-07-09,1.3188,0.017122
2018-07-10,1.3299,0.008417000000000001
2018-07-11,1.322,-0.00594
2018-07-12,1.3475,0.019289
2018-07-13,1.3644,0.012542
2018-07-16,1.3686,0.003078
2018-07-17,1.3597,-0.006503
2018-07-18,1.3605,0.000588
2018-07-19,1.3484,-0.008893999999999999
2018-07-20,1.3501,0.001261
2018-07-23,1.3298,-0.015036
2018-07-24,1.3471,0.013009
2018-07-25,1.3522,0.003786
2018-07-26,1.3387,-0.009984
2018-07-27,1.3385,-0.000149
2018-07-30,1.3173,-0.015839000000000002
2018-07-31,1.3176,0.000228
2018-08-01,1.3032,-0.010929
2018-08-02,1.2894,-0.010589
2018-08-03,1.2648,-0.019079
2018-08-06,1.2464,-0.014548
2018-08-07,1.2659,0.015645
2018-08-08,1.2439,-0.017379
2018-08-09,1.2686,0.019857
2018-08-10,1.2739,0.004178
2018-08-13,1.2753,0.001099
2018-08-14,1.274,-0.001019
2018-08-15,1.2479,-0.020487000000000002
2018-08-16,1.2417,-0.004968
2018-08-17,1.223,-0.01506
2018-08-20,1.2181,-0.004007
2018-08-21,1.2474,0.024054000000000002
2018-08-22,1.242,-0.004329
2018-08-23,1.2473,0.004267
2018-08-24,1.2433,-0.0032069999999999998
2018-08-27,1.2666,0.01874
2018-08-28,1.2608,-0.004579
2018-08-29,1.2549,-0.00468
2018-08-30,1.2474,-0.005977
2018-08-31,1.2315,-0.012747
2018-09-03,1.2316,8.099999999999999e-05
2018-09-04,1.2399,0.006739
2018-09-05,1.2277,-0.00984
2018-09-06,1.2167,-0.008960000000000001
2018-09-07,1.2293,0.010356
2018-09-10,1.2141,-0.012365
2018-09-11,1.2145,0.000329
2018-09-12,1.1995,-0.012351
2018-09-13,1.1882,-0.009421
2018-09-14,1.1853,-0.002441
2018-09-17,1.1746,-0.009027
2018-09-18,1.1859,0.00962
2018-09-19,1.1988,0.010878
2018-09-20,1.1977,-0.0009180000000000001
2018-09-21,1.2137,0.013359000000000001
2018-09-25,1.2125,-0.000989
2018-09-26,1.2252,0.010474
2018-09-27,1.2215,-0.00302
2018-09-28,1.2251,0.002947
2018-10-08,1.189,-0.029467
2018-10-09,1.1899,0.0007570000000000001
2018-10-10,1.1774,-0.010505
2018-10-11,1.1507,-0.022677
2018-10-12,1.1624,0.010168
2018-10-15,1.1602,-0.001893
2018-10-16,1.1506,-0.008274
2018-10-17,1.151,0.000348
2018-10-18,1.1306,-0.017724
2018-10-19,1.1566,0.022997
2018-10-22,1.1864,0.025764999999999996
2018-10-23,1.1631,-0.019639
2018-10-24,1.153,-0.008683999999999999
2018-10-25,1.1464,-0.005724
2018-10-26,1.138,-0.007327
2018-10-29,1.1235,-0.012742
2018-10-30,1.1323,0.007833
2018-10-31,1.1445,0.010775
2018-11-01,1.1521,0.00664
2018-11-02,1.1812,0.025258
2018-11-05,1.1759,-0.004487
2018-11-06,1.1746,-0.001106
2018-11-07,1.1737,-0.000766
2018-11-08,1.1771,0.0028970000000000003
2018-11-09,1.1691,-0.006796
2018-11-12,1.1804,0.009666000000000001
2018-11-13,1.1934,0.011013
2018-11-14,1.1871,-0.005279000000000001
2018-11-15,1.1929,0.004886
2018-11-16,1.1861,-0.005699999999999999
2018-11-19,1.1298,-0.001096
2018-11-20,1.1165,-0.011772
2018-11-21,1.125,0.007613
2018-11-22,1.1258,0.0007109999999999999
2018-11-23,1.1094,-0.014567000000000002
2018-11-26,1.1064,-0.002704
2018-11-27,1.1091,0.00244
2018-11-28,1.1124,0.0029749999999999998
2018-11-29,1.1111,-0.0011690000000000001
2018-11-30,1.1165,0.00486
2018-12-03,1.1413,0.022212
2018-12-04,1.1471,0.005082
2018-12-05,1.1477,0.000523
2018-12-06,1.1243,-0.020389
2018-12-07,1.1116,-0.011295999999999999
2018-12-10,1.0997,-0.010705
2018-12-11,1.1065,0.006183999999999999
2018-12-12,1.1044,-0.001898
2018-12-13,1.1121,0.006972000000000001
2018-12-14,1.0956,-0.014837
2018-12-17,1.0876,-0.0073019999999999995
2018-12-18,1.0834,-0.003862
2018-12-19,1.0671,-0.015045
2018-12-20,1.0643,-0.002624
2018-12-21,1.0549,-0.008832
2018-12-24,1.065,0.009574000000000001
2018-12-25,1.064,-0.000939
2018-12-26,1.0638,-0.00018800000000000002
2018-12-27,1.0643,0.00047
2018-12-28,1.0706,0.005919
2018-12-31,1.0707,0.0
2019-01-02,1.0524,-0.017
2019-01-03,1.0423,-0.009597
2019-01-04,1.055,0.012185
2019-01-07,1.0577,0.002559
2019-01-08,1.0549,-0.002647
2019-01-09,1.0623,0.007015
2019-01-10,1.0584,-0.003671
2019-01-11,1.0596,0.001134
2019-01-14,1.0499,-0.009154
2019-01-15,1.0604,0.010001
2019-01-16,1.0637,0.0031119999999999997
2019-01-17,1.0641,0.00037600000000000003
2019-01-18,1.075,0.010243
2019-01-21,1.0779,0.002698
2019-01-22,1.0693,-0.007977999999999999
2019-01-23,1.0687,-0.000561
2019-01-24,1.0712,0.002339
2019-01-25,1.0761,0.004574
2019-01-28,1.0731,-0.002788
2019-01-29,1.0745,0.001305
2019-01-30,1.0652,-0.008655000000000001
2019-01-31,1.0673,0.001971
2019-02-01,1.0833,0.014991
2019-02-11,1.0998,0.015231
2019-02-12,1.1077,0.007183
2019-02-13,1.1161,0.0075829999999999995
2019-02-14,1.1191,0.002688
2019-02-15,1.1077,-0.010187
2019-02-18,1.1298,0.019951
2019-02-19,1.1242,-0.004957
2019-02-20,1.1189,-0.0047139999999999994
2019-02-21,1.115,-0.0034860000000000004
2019-02-22,1.1312,0.014529
2019-02-25,1.1664,0.031117
2019-02-26,1.1606,-0.004973
2019-02-27,1.1596,-0.000862
2019-02-28,1.1779,0.015781
2019-03-01,1.1896,0.009932999999999999
2019-03-04,1.2028,0.011096
2019-03-05,1.2073,0.003741
2019-03-06,1.2087,0.00116
2019-03-07,1.2068,-0.001572
2019-03-08,1.1885,-0.015164
2019-03-11,1.2231,0.029112
2019-03-12,1.24,0.013817
2019-03-13,1.2248,-0.012258
2019-03-14,1.21,-0.012084
2019-03-15,1.2234,0.011073999999999999
2019-03-18,1.2552,0.025993
2019-03-19,1.2448,-0.008286
2019-03-20,1.2408,-0.0032129999999999997
2019-03-21,1.2421,0.001048
2019-03-22,1.2535,0.009177999999999999
2019-03-25,1.2431,-0.008297
2019-03-26,1.2185,-0.019789
2019-03-27,1.2392,0.016988
2019-03-28,1.2314,-0.006293999999999999
2019-03-29,1.2687,0.030291000000000002
2019-04-01,1.2973,0.022543
2019-04-02,1.2957,-0.0012330000000000002
2019-04-03,1.3006,0.0037819999999999998
2019-04-04,1.2961,-0.0034599999999999995
2019-04-08,1.2759,-0.015585
2019-04-09,1.2812,0.004154
2019-04-10,1.2923,0.008664
2019-04-11,1.266,-0.020350999999999998
2019-04-12,1.2501,-0.012559
2019-04-15,1.2344,-0.012559
2019-04-16,1.2529,0.014986999999999999
2019-04-17,1.2581,0.00415
2019-04-18,1.2476,-0.008346
2019-04-19,1.2553,0.0061719999999999995
2019-04-22,1.2462,-0.007249
2019-04-23,1.2458,-0.00032099999999999994
2019-04-24,1.2453,-0.000401
2019-04-25,1.2293,-0.012848
2019-04-26,1.228,-0.0010580000000000001
2019-04-29,1.2334,0.004397
2019-04-30,1.2301,-0.002676
2019-05-06,1.1751,-0.044711999999999995
2019-05-07,1.1909,0.013446
2019-05-08,1.1787,-0.010244
2019-05-09,1.1646,-0.011961999999999999
2019-05-10,1.1974,0.028163999999999998
2019-05-13,1.1965,-0.0007520000000000001
2019-05-14,1.1908,-0.004764
2019-05-15,1.2172,0.022170000000000002
2019-05-16,1.2219,0.003861
2019-05-17,1.1952,-0.021851
2019-05-20,1.1849,-0.008618
2019-05-21,1.1961,0.009452
2019-05-22,1.1948,-0.001087
2019-05-23,1.1729,-0.018328999999999998
2019-05-24,1.1711,-0.001535
2019-05-27,1.1921,0.017932
2019-05-28,1.2,0.006626999999999999
2019-05-29,1.1938,-0.005167000000000001
2019-05-30,1.191,-0.002345
2019-05-31,1.1868,-0.003526
2019-06-03,1.1807,-0.0051400000000000005
2019-06-04,1.1711,-0.008131000000000001
2019-06-05,1.1657,-0.0046110000000000005
2019-06-06,1.1533,-0.010637
2019-06-10,1.1658,0.010838
2019-06-11,1.1973,0.02702
2019-06-12,1.1907,-0.005512
2019-06-13,1.1941,0.002855
2019-06-14,1.1789,-0.012728999999999999
2019-06-17,1.177,-0.0016120000000000002
2019-06-18,1.1858,0.007477
2019-06-19,1.1991,0.011215999999999999
2019-06-20,1.2223,0.019348
2019-06-21,1.2359,0.011127
2019-06-24,1.2391,0.002589
2019-06-25,1.2409,0.001453
2019-06-26,1.2583,0.014022
2019-06-27,1.2696,0.00898
2019-06-28,1.2648,-0.003781
2019-06-30,1.2647,0.0
2019-07-01,1.2938,0.022928999999999998
2019-07-02,1.2975,0.0028599999999999997
2019-07-03,1.2797,-0.013718999999999999
2019-07-04,1.2666,-0.010237000000000001
2019-07-05,1.2714,0.00379
2019-07-08,1.2489,-0.017697
2019-07-09,1.2485,-0.00032
2019-07-10,1.2476,-0.000721
2019-07-11,1.2467,-0.000721
2019-07-12,1.2458,-0.000722
2019-07-15,1.2606,0.01188
2019-07-16,1.2535,-0.005632000000000001
2019-07-17,1.2505,-0.002393
2019-07-18,1.2361,-0.011515
2019-07-19,1.2449,0.0071189999999999995
2019-07-22,1.2474,0.0020080000000000002
2019-07-23,1.2639,0.013228
2019-07-24,1.2718,0.00625
2019-07-25,1.277,0.004089
2019-07-26,1.2839,0.005403
2019-07-29,1.2781,-0.004517
2019-07-30,1.2921,0.010953999999999998
2019-07-31,1.286,-0.004721
2019-08-01,1.2765,-0.007387
2019-08-02,1.274,-0.001958
2019-08-05,1.2548,-0.015071000000000001
2019-08-06,1.2487,-0.004861
2019-08-07,1.2434,-0.004244
2019-08-08,1.2592,0.012707
2019-08-09,1.2529,-0.005003
2019-08-12,1.2694,0.013169
2019-08-13,1.26,-0.007405
2019-08-14,1.281,0.016667
2019-08-15,1.2857,0.003669
2019-08-16,1.3047,0.014778
2019-08-19,1.3277,0.017629
2019-08-20,1.3237,-0.003013
2019-08-21,1.3265,0.002115
2019-08-22,1.3335,0.005277
2019-08-23,1.3458,0.009224
2019-08-26,1.3409,-0.0036409999999999997
2019-08-27,1.3529,0.008949
2019-08-28,1.348,-0.0036220000000000002
2019-08-29,1.352,0.002967
2019-08-30,1.3533,0.000962
2019-09-02,1.3937,0.029853
2019-09-03,1.3995,0.004162
2019-09-04,1.3987,-0.000572
2019-09-05,1.4023,0.0025740000000000003
2019-09-06,1.3997,-0.0018540000000000002
2019-09-09,1.4233,0.016861
2019-09-10,1.4158,-0.005269
2019-09-11,1.3986,-0.012149
2019-09-12,1.3897,-0.006364
2019-09-16,1.3877,-0.001439
2019-09-17,1.374,-0.009871999999999999
2019-09-18,1.3828,0.006404999999999999
2019-09-19,1.393,0.007376000000000001
2019-09-20,1.3914,-0.001149
2019-09-23,1.3706,-0.014948999999999999
2019-09-24,1.3881,0.012768
2019-09-25,1.3803,-0.005619
2019-09-26,1.3577,-0.016373
2019-09-27,1.3674,0.007144
2019-09-30,1.3574,-0.007312999999999999
2019-10-08,1.3523,-0.003757
2019-10-09,1.3642,0.0088
2019-10-10,1.3926,0.020818
2019-10-11,1.3931,0.000359
2019-10-14,1.4033,0.0073219999999999995
2019-10-15,1.4006,-0.001924
2019-10-16,1.4094,0.0062829999999999995
2019-10-17,1.4131,0.002625
2019-10-18,1.3983,-0.010473
2019-10-21,1.3906,-0.005507
2019-10-22,1.4029,0.008844999999999999
2019-10-23,1.387,-0.011334
2019-10-24,1.3809,-0.004398
2019-10-25,1.3972,0.011803999999999999
2019-10-28,1.4153,0.012954
2019-10-29,1.4163,0.000707
2019-10-30,1.4144,-0.001342
2019-10-31,1.4141,-0.000212
2019-11-01,1.4276,0.009547
2019-11-04,1.4376,0.007005
2019-11-05,1.4457,0.005634
2019-11-06,1.4399,-0.004012
2019-11-07,1.4478,0.0054859999999999996
2019-11-08,1.444,-0.002625
2019-11-11,1.4251,-0.013089
2019-11-12,1.4246,-0.00035099999999999997
2019-11-13,1.439,0.010107999999999999
2019-11-14,1.4446,0.003892
2019-11-15,1.4378,-0.004707
2019-11-18,1.444,0.004312
2019-11-19,1.4662,0.015374
2019-11-20,1.4676,0.000955
2019-11-21,1.4624,-0.003543
2019-11-22,1.4272,-0.02407
2019-11-25,1.4021,-0.017587
2019-11-26,1.4157,0.0097
2019-11-27,1.4147,-0.0007059999999999999
2019-11-28,1.4137,-0.000707
2019-11-29,1.4058,-0.005587999999999999
2019-12-02,1.4032,-0.0018490000000000002
2019-12-03,1.4154,0.008694
2019-12-04,1.4204,0.003533
2019-12-05,1.4334,0.009152
2019-12-06,1.4458,0.008650999999999999
2019-12-09,1.4354,-0.007193000000000001
2019-12-10,1.4423,0.0048070000000000005
2019-12-11,1.4294,-0.008944
2019-12-12,1.4282,-0.00084
2019-12-13,1.4543,0.018275
2019-12-16,1.4743,0.013752
2019-12-17,1.4844,0.006851
2019-12-18,1.4709,-0.009094999999999999
2019-12-19,1.468,-0.001972
2019-12-20,1.4551,-0.008787
2019-12-23,1.4421,-0.008934
2019-12-24,1.4519,0.006796
2019-12-25,1.4471,-0.003306
2019-12-26,1.4434,-0.002557
2019-12-27,1.4231,-0.014064
2019-12-30,1.4312,0.005692
2019-12-31,1.4433,0.008454
2020-01-02,1.4567,0.009284
2020-01-03,1.4442,-0.008581
2020-01-06,1.4546,0.007201
2020-01-07,1.4662,0.007975
2020-01-08,1.4552,-0.007502
2020-01-09,1.4846,0.020203000000000002
2020-01-10,1.4928,0.005523
2020-01-13,1.5053,0.008374
2020-01-14,1.5035,-0.001196
2020-01-15,1.5081,0.00306
2020-01-16,1.5133,0.003448
2020-01-17,1.5124,-0.0005949999999999999
2020-01-20,1.5356,0.01534
2020-01-21,1.5207,-0.009703
2020-01-22,1.5346,0.009141
2020-01-23,1.4951,-0.02574
2020-02-03,1.4032,-0.061467
2020-02-04,1.4515,0.034421
2020-02-05,1.4717,0.013916999999999999
2020-02-06,1.5242,0.035672999999999996
2020-02-07,1.5197,-0.002952
2020-02-10,1.5337,0.009212
2020-02-11,1.5442,0.006846
2020-02-12,1.5755,0.020269
2020-02-13,1.5642,-0.0071719999999999996
2020-02-14,1.5628,-0.000895
2020-02-17,1.6086,0.029306000000000002
2020-02-18,1.6295,0.012993
2020-02-19,1.6223,-0.004419
2020-02-20,1.6458,0.014486
2020-02-21,1.6624,0.010086
2020-02-24,1.6711,0.005233
2020-02-25,1.6897,0.01113
2020-02-26,1.6358,-0.031899000000000004
2020-02-27,1.664,0.017239
2020-02-28,1.6016,-0.0375
2020-03-02,1.6386,0.023102
2020-03-03,1.6505,0.007261999999999999
2020-03-04,1.6384,-0.007331
2020-03-05,1.6545,0.009827
2020-03-06,1.6517,-0.001692
2020-03-09,1.5784,-0.044379
2020-03-10,1.6255,0.02984
2020-03-11,1.6062,-0.011873
2020-03-12,1.5761,-0.01874
2020-03-13,1.5633,-0.008121
2020-03-16,1.496,-0.04305
2020-03-17,1.4963,0.000201
2020-03-18,1.4751,-0.014168
2020-03-19,1.4938,0.012677
2020-03-20,1.53,0.024232999999999998
2020-03-23,1.4804,-0.032418
2020-03-24,1.5022,0.014726
2020-03-25,1.5551,0.035215
2020-03-26,1.5443,-0.006945
2020-03-27,1.5324,-0.007705999999999999
2020-03-30,1.499,-0.021796000000000003
2020-03-31,1.5135,0.009673000000000001
2020-04-01,1.5056,-0.00522
2020-04-02,1.5339,0.018796
2020-04-03,1.5283,-0.0036509999999999997
2020-04-07,1.571,0.02794
2020-04-08,1.5649,-0.0038829999999999997
2020-04-09,1.4874,0.01195
2020-04-10,1.4648,-0.015194000000000001
2020-04-13,1.4512,-0.009285
2020-04-14,1.4931,0.028873000000000003
2020-04-15,1.4842,-0.005960999999999999
2020-04-16,1.4974,0.008893999999999999
2020-04-17,1.5104,0.008682
2020-04-20,1.5238,0.008872
2020-04-21,1.505,-0.012338
2020-04-22,1.5259,0.013887
2020-04-23,1.5185,-0.00485
2020-04-24,1.5008,-0.011656
2020-04-27,1.5024,0.001066
2020-04-28,1.5264,0.015974
2020-04-29,1.5213,-0.0033410000000000002
2020-04-30,1.5518,0.020049
2020-05-06,1.5641,0.007925999999999999
2020-05-07,1.573,0.00569
2020-05-08,1.5913,0.011634
2020-05-11,1.5838,-0.004713
2020-05-12,1.6081,0.015343
2020-05-13,1.6135,0.003358
2020-05-14,1.6017,-0.007312999999999999
2020-05-15,1.5963,-0.0033710000000000003
2020-05-18,1.5981,0.0011279999999999999
2020-05-19,1.6239,0.016144000000000002
2020-05-20,1.6056,-0.011269
2020-05-21,1.5892,-0.010214
2020-05-22,1.5669,-0.014032
2020-05-25,1.5766,0.0061909999999999995
2020-05-26,1.6023,0.016301
2020-05-27,1.5916,-0.006678
2020-05-28,1.5903,-0.0008169999999999999
2020-05-29,1.617,0.016789000000000002
2020-06-01,1.6568,0.024613
2020-06-02,1.6376,-0.011589
2020-06-03,1.6458,0.005007
2020-06-04,1.6583,0.007594999999999999
2020-06-05,1.6661,0.004704
2020-06-08,1.6629,-0.001921
2020-06-09,1.6845,0.012988999999999999
2020-06-10,1.7055,0.012466999999999999
2020-06-11,1.6952,-0.006039
2020-06-12,1.7096,0.008495
2020-06-15,1.7018,-0.004562
2020-06-16,1.7251,0.013691
2020-06-17,1.705,-0.011651
2020-06-18,1.7022,-0.0016420000000000002
2020-06-19,1.7338,0.018564
2020-06-22,1.7312,-0.0015
2020-06-23,1.7702,0.022528000000000003
2020-06-24,1.7739,0.00209
2020-06-29,1.7792,0.002988
2020-06-30,1.8114,0.018098
2020-07-01,1.8175,0.003368
2020-07-02,1.8268,0.005117
2020-07-03,1.8379,0.006076000000000001
2020-07-06,1.8657,0.015125999999999999
2020-07-07,1.9099,0.023691
2020-07-08,1.927,0.008953
2020-07-09,1.9747,0.024754
2020-07-10,1.9632,-0.005824
2020-07-13,1.9948,0.016096
2020-07-14,1.9672,-0.013836
2020-07-15,1.9873,0.010218
2020-07-16,1.911,-0.038394
2020-07-17,1.9489,0.019833
2020-07-20,1.9774,0.014624
2020-07-21,2.016,0.019521
2020-07-22,2.0529,0.018304
2020-07-23,2.0765,0.011496
2020-07-24,1.962,-0.055141
2020-07-27,1.9643,0.001172
2020-07-28,1.9789,0.0074329999999999995
2020-07-29,2.0306,0.026126
2020-07-30,2.0318,0.0005909999999999999
2020-07-31,2.0496,0.008761
2020-08-03,2.0723,0.011075
2020-08-04,2.0509,-0.010327
2020-08-05,2.0784,0.013408999999999999
2020-08-06,2.0482,-0.014530000000000001
2020-08-07,2.0382,-0.004882
2020-08-10,2.0387,0.000245
2020-08-11,2.0082,-0.014961
2020-08-12,1.959,-0.0245
2020-08-13,1.9485,-0.00536
2020-08-14,1.9727,0.01242
2020-08-17,2.0039,0.015816
2020-08-18,2.0145,0.00529
2020-08-19,1.9788,-0.017722
2020-08-20,1.9601,-0.00945
2020-08-21,1.9881,0.014285
2020-08-24,2.0341,0.0231
2020-08-25,2.0353,0.0006
2020-08-26,1.9931,-0.0207
2020-08-27,2.0161,0.0115
2020-08-28,2.0654,0.0245
2020-08-31,2.0467,-0.0091
2020-09-01,2.066,0.009399999999999999
2020-09-02,2.0691,0.0015
2020-09-03,2.0564,-0.0060999999999999995
2020-09-04,2.0188,-0.0183
2020-09-07,1.9522,-0.033
2020-09-08,1.9409,-0.0058
2020-09-09,1.889,-0.026699999999999998
2020-09-10,1.8798,-0.0049
2020-09-11,1.9281,0.025699999999999997
2020-09-14,1.9509,0.0118
2020-09-15,1.9673,0.0084
2020-09-16,1.9468,-0.0104
2020-09-17,1.9311,-0.008100000000000001
2020-09-18,1.9392,0.0042
2020-09-21,1.9245,-0.0076
2020-09-22,1.903,-0.011200000000000002
2020-09-23,1.9524,0.026000000000000002
2020-09-24,1.9068,-0.023399999999999997
2020-09-25,1.9252,0.0096
2020-09-28,1.9196,-0.0029
2020-09-29,1.9326,0.0068000000000000005
2020-09-30,1.9399,0.0038
2020-10-09,1.991,0.0263
2020-10-12,2.0214,0.015300000000000001
2020-10-13,2.0316,0.005
2020-10-14,2.033,0.0007000000000000001
2020-10-15,2.0132,-0.0097
2020-10-16,2.0036,-0.0048
2020-10-19,1.9699,-0.0168
2020-10-20,2.0016,0.0161
2020-10-21,1.9933,-0.0040999999999999995
2020-10-22,1.981,-0.0062
2020-10-23,1.9461,-0.0176
2020-10-26,1.9679,0.011200000000000002
2020-10-27,1.9858,0.0091
2020-10-28,2.0038,0.0091
2020-10-29,2.0094,0.0028000000000000004
2020-10-30,1.9884,-0.0105
2020-11-02,2.0162,0.013999999999999999
2020-11-03,2.0385,0.0111
2020-11-04,2.0487,0.005
2020-11-05,2.0897,0.02
2020-11-06,2.0655,-0.0116
2020-11-09,2.1125,0.022799999999999997
2020-11-10,2.1137,0.0006
2020-11-11,2.0814,-0.015300000000000001
2020-11-12,2.1017,0.0098
2020-11-13,2.0969,-0.0023
2020-11-16,2.1042,0.0034999999999999996
2020-11-17,2.0687,-0.0169
2020-11-18,2.0407,-0.013500000000000002
2020-11-19,2.0611,0.01
2020-11-20,2.0801,0.0092
2020-11-23,2.1001,0.0096
2020-11-24,2.0817,-0.0088
2020-11-25,2.0494,-0.0155
2020-11-26,2.0373,-0.0059
2020-11-27,2.0465,0.0045000000000000005
2020-11-30,2.0366,-0.0048
2020-12-01,2.077,0.019799999999999998
2020-12-02,2.0673,-0.004699999999999999
2020-12-03,2.0828,0.0075
2020-12-04,2.1087,0.0124
2020-12-07,2.0984,-0.0049
2020-12-08,2.108,0.0046
2020-12-09,2.0849,-0.011000000000000001
2020-12-10,2.1023,0.0083
2020-12-11,2.0832,-0.0091
2020-12-14,2.1152,0.0154
2020-12-15,2.139,0.0113
2020-12-16,2.1574,0.0086
2020-12-17,2.164,0.0031
2020-12-18,2.1524,-0.0054
2020-12-21,2.2054,0.0246
2020-12-22,2.1835,-0.009899999999999999
2020-12-23,2.1864,0.0013
2020-12-24,2.1648,-0.009899999999999999
2020-12-25,2.1981,0.0154
2020-12-28,2.2053,0.0033
2020-12-29,2.1698,-0.0161
2020-12-30,2.2082,0.0177
2020-12-31,2.2535,0.020499999999999997
2021-01-04,2.2882,0.0154
2021-01-05,2.3425,0.023700000000000002
2021-01-06,2.3296,-0.0055000000000000005
2021-01-07,2.339,0.004
2021-01-08,2.3327,-0.0027
2021-01-11,2.2626,-0.0301
2021-01-12,2.2875,0.011000000000000001
2021-01-13,2.2585,-0.0127
2021-01-14,2.2223,-0.016
2021-01-15,2.233,0.0048
2021-01-18,2.2366,0.0016
2021-01-19,2.2092,-0.0123
2021-01-20,2.2813,0.0326
2021-01-21,2.2989,0.0077
2021-01-22,2.3409,0.0183
2021-01-25,2.3379,-0.0013
2021-01-26,2.3196,-0.0078000000000000005
2021-01-27,2.342,0.0097
2021-01-28,2.2935,-0.0207
2021-01-29,2.2915,-0.0009
2021-02-01,2.3303,0.0169
2021-02-02,2.3786,0.0207
2021-02-03,2.3721,-0.0027
2021-02-04,2.3554,-0.006999999999999999
2021-02-05,2.3675,0.0051
2021-02-08,2.3679,0.0002
2021-02-09,2.4343,0.027999999999999997
2021-02-10,2.4838,0.0203
2021-02-18,2.4177,-0.026600000000000002
2021-02-19,2.4365,0.0078000000000000005
2021-02-22,2.3502,-0.0354
2021-02-23,2.3596,0.004
2021-02-24,2.2859,-0.031200000000000002
2021-02-25,2.2787,-0.0031
2021-02-26,2.2195,-0.026000000000000002
2021-03-01,2.2753,0.025099999999999997
2021-03-02,2.2643,-0.0048
2021-03-03,2.2702,0.0026
2021-03-04,2.1669,-0.0455
2021-03-05,2.1681,0.0006
2021-03-08,2.0689,-0.0458
2021-03-09,2.0423,-0.0129
2021-03-10,2.0722,0.0146
2021-03-11,2.1169,0.0216
2021-03-12,2.1233,0.003
2021-03-15,2.0576,-0.030899999999999997
2021-03-16,2.0809,0.0113
2021-03-17,2.1122,0.015
2021-03-18,2.1291,0.008
2021-03-19,2.0864,-0.020099999999999996
2021-03-22,2.1116,0.0121
2021-03-23,2.0755,-0.0171
2021-03-24,2.0536,-0.0106
2021-03-25,2.0672,0.0066
2021-03-26,2.1254,0.0282
2021-03-29,2.1412,0.0074
2021-03-30,2.1613,0.009399999999999999
2021-03-31,2.149,-0.005699999999999999
2021-04-01,2.2037,0.0255
2021-04-02,2.2189,0.0069
2021-04-06,2.2057,-0.0059
2021-04-07,2.1583,-0.0215
2021-04-08,2.1586,0.0001
2021-04-09,2.1392,-0.009000000000000001
2021-04-12,2.0969,-0.019799999999999998
2021-04-13,2.0947,-0.001
2021-04-14,1.7979,0.013500000000000002
2021-04-15,1.7994,0.0008
2021-04-16,1.7922,-0.004
2021-04-19,1.8462,0.0301
2021-04-20,1.8521,0.0032
2021-04-21,1.8847,0.0176
2021-04-22,1.8934,0.0046
2021-04-23,1.907,0.0072
2021-04-26,1.9009,-0.0032
2021-04-27,1.9175,0.0087
2021-04-28,1.9249,0.0039000000000000003
2021-04-29,1.9344,0.0049
2021-04-30,1.9255,-0.0046
2021-05-06,1.8874,-0.019799999999999998
2021-05-07,1.8418,-0.0242
2021-05-10,1.8446,0.0015
2021-05-11,1.88,0.0192
2021-05-12,1.8946,0.0078000000000000005
2021-05-13,1.8876,-0.0037
2021-05-14,1.9308,0.0229
2021-05-17,1.9803,0.0256
2021-05-18,1.977,-0.0017000000000000001
2021-05-19,1.9731,-0.002
2021-05-20,1.9862,0.0066
2021-05-21,1.9722,-0.006999999999999999
2021-05-24,1.9936,0.0109
2021-05-25,2.0353,0.0209
2021-05-26,2.0184,-0.0083
2021-05-27,2.0372,0.009300000000000001
2021-05-28,2.024,-0.006500000000000001
2021-05-31,2.0558,0.015700000000000002
2021-06-01,2.0741,0.0089
2021-06-02,2.0392,-0.0168
2021-06-03,2.0486,0.0046
2021-06-04,2.0533,0.0023
2021-06-07,2.0404,-0.0063
2021-06-08,1.9993,-0.020099999999999996
2021-06-09,1.9983,-0.0005
2021-06-10,2.022,0.011899999999999999
2021-06-11,2.0353,0.0066
2021-06-15,2.0273,-0.0039000000000000003
2021-06-16,1.9624,-0.032
2021-06-17,1.9704,0.0040999999999999995
2021-06-18,1.9807,0.0052
2021-06-21,1.9881,0.0037
2021-06-22,2.0026,0.0073
2021-06-23,2.0095,0.0034000000000000002
2021-06-24,1.9943,-0.0076
2021-06-25,2.0409,0.023399999999999997
2021-06-28,2.0387,-0.0011
2021-06-29,2.0175,-0.0104
2021-06-30,2.0248,0.0036
2021-07-01,2.0232,-0.0008
2021-07-02,1.9632,-0.0297
2021-07-05,1.9625,-0.0004
2021-07-06,1.9296,-0.0168
2021-07-07,1.9889,0.030699999999999998
2021-07-08,1.9495,-0.019799999999999998
2021-07-09,1.948,-0.0008
2021-07-12,1.9588,0.0055000000000000005
2021-07-13,1.9409,-0.0091
2021-07-14,1.9366,-0.0022
2021-07-15,1.9524,0.008199999999999999
2021-07-16,1.9124,-0.020499999999999997
2021-07-19,1.9259,0.0070999999999999995
2021-07-20,1.9374,0.006
2021-07-21,1.967,0.015300000000000001
2021-07-22,1.9732,0.0032
2021-07-23,1.9333,-0.0202
2021-07-26,1.8417,-0.047400000000000005
2021-07-27,1.7343,-0.0583
2021-07-28,1.7685,0.0197
2021-07-29,1.8198,0.028999999999999998
2021-07-30,1.8003,-0.010700000000000001
2021-08-02,1.8188,0.0103
2021-08-03,1.8042,-0.008
2021-08-04,1.832,0.0154
2021-08-05,1.7967,-0.019299999999999998
2021-08-06,1.7905,-0.0034999999999999996
2021-08-09,1.7953,0.0027
2021-08-10,1.8248,0.016399999999999998
2021-08-11,1.8055,-0.0106
2021-08-12,1.773,-0.018000000000000002
2021-08-13,1.7702,-0.0016
2021-08-16,1.7529,-0.0098
2021-08-17,1.7151,-0.0216
2021-08-18,1.7106,-0.0026
2021-08-19,1.705,-0.0033
2021-08-20,1.6474,-0.0338
2021-08-23,1.675,0.0168
2021-08-24,1.7095,0.0206
2021-08-25,1.742,0.019
2021-08-26,1.6974,-0.0256
2021-08-27,1.7118,0.0085
2021-08-30,1.7423,0.0178
2021-08-31,1.7207,-0.0124
2021-09-01,1.6857,-0.0203
2021-09-02,1.6926,0.0040999999999999995
2021-09-03,1.6613,-0.018500000000000003
2021-09-06,1.6911,0.0179
2021-09-07,1.7204,0.0173
2021-09-08,1.6986,-0.0127
2021-09-09,1.705,0.0038
2021-09-10,1.7143,0.0055000000000000005
2021-09-13,1.7005,-0.008
2021-09-14,1.7074,0.0040999999999999995
2021-09-15,1.696,-0.0067
2021-09-16,1.66,-0.0212
2021-09-17,1.6901,0.0181
2021-09-22,1.6807,-0.005600000000000001
2021-09-23,1.6599,-0.0124
2021-09-24,1.6777,0.010700000000000001
2021-09-27,1.7197,0.025
2021-09-28,1.6994,-0.0118
2021-09-29,1.6735,-0.0152
2021-09-30,1.7072,0.020099999999999996
2021-10-08,1.7108,0.0021
2021-10-11,1.695,-0.0092
2021-10-12,1.6805,-0.0086
2021-10-13,1.7408,0.0359
2021-10-14,1.732,-0.0051
2021-10-15,1.7205,-0.0066
2021-10-18,1.7051,-0.009000000000000001
2021-10-19,1.72,0.0087
2021-10-20,1.7206,0.0003
2021-10-21,1.7266,0.0034999999999999996
2021-10-22,1.7456,0.011000000000000001
2021-10-25,1.7712,0.0147
2021-10-26,1.7612,-0.005600000000000001
2021-10-27,1.7419,-0.011000000000000001
2021-10-28,1.7271,-0.0085
2021-10-29,1.7548,0.016
2021-11-01,1.7206,-0.0195
2021-11-02,1.7377,0.009899999999999999
2021-11-03,1.7208,-0.0097
2021-11-04,1.7504,0.0172
2021-11-05,1.7279,-0.0129
2021-11-08,1.7609,0.0191
2021-11-09,1.7704,0.0054
2021-11-10,1.7459,-0.0138
2021-11-11,1.7546,0.005
2021-11-12,1.7397,-0.0085
2021-11-15,1.7232,-0.0095
2021-11-16,1.7334,0.0059
2021-11-17,1.7352,0.001
2021-11-18,1.7153,-0.0115
2021-11-19,1.7243,0.0052
2021-11-22,1.7622,0.022000000000000002
2021-11-23,1.761,-0.0007000000000000001
2021-11-24,1.7633,0.0013
2021-11-25,1.7597,-0.002
2021-11-26,1.7614,0.001
2021-11-29,1.7653,0.0022
2021-11-30,1.7538,-0.006500000000000001
2021-12-01,1.7474,-0.0036
2021-12-02,1.7453,-0.0012
2021-12-03,1.7517,0.0037
2021-12-06,1.7464,-0.003
2021-12-07,1.7412,-0.003
2021-12-08,1.7701,0.0166
2021-12-09,1.8073,0.021
2021-12-10,1.8144,0.0039000000000000003
2021-12-13,1.8244,0.0055000000000000005
2021-12-14,1.8112,-0.0072
2021-12-15,1.7878,-0.0129
2021-12-16,1.7901,0.0013
2021-12-17,1.7606,-0.0165
2021-12-20,1.7082,-0.0298
2021-12-21,1.7277,0.011399999999999999
2021-12-22,1.7287,0.0006
2021-12-23,1.7316,0.0017000000000000001
2021-12-24,1.7259,-0.0033
2021-12-27,1.7287,0.0016
2021-12-28,1.7363,0.0044
2021-12-29,1.7097,-0.015300000000000001
2021-12-30,1.72,0.006
2021-12-31,1.7165,-0.002
2022-01-04,1.689,-0.016
2022-01-05,1.6517,-0.022099999999999998
2022-01-06,1.6269,-0.015
2022-01-07,1.6143,-0.0077
2022-01-10,1.6064,-0.0049
2022-01-11,1.5868,-0.012199999999999999
2022-01-12,1.6091,0.0141
2022-01-13,1.5516,-0.035699999999999996
2022-01-14,1.5525,0.0006
2022-01-17,1.5683,0.0102
2022-01-18,1.5584,-0.0063
2022-01-19,1.5421,-0.0105
2022-01-20,1.5393,-0.0018
2022-01-21,1.5366,-0.0018
2022-01-24,1.5347,-0.0012
2022-01-25,1.5021,-0.0212
2022-01-26,1.5047,0.0017000000000000001
2022-01-27,1.4754,-0.0195
2022-01-28,1.456,-0.0131
2022-02-07,1.4609,0.0034000000000000002
2022-02-08,1.4354,-0.0175
2022-02-09,1.4582,0.0159
2022-02-10,1.4376,-0.0141
2022-02-11,1.4207,-0.0118
2022-02-14,1.4149,-0.0040999999999999995
2022-02-15,1.4495,0.0245
2022-02-16,1.4474,-0.0014000000000000002
2022-02-17,1.4532,0.004
2022-02-18,1.4484,-0.0033
2022-02-21,1.4404,-0.0055000000000000005
2022-02-22,1.421,-0.013500000000000002
2022-02-23,1.4451,0.017
2022-02-24,1.4068,-0.0265
2022-02-25,1.4376,0.0219
2022-02-28,1.4403,0.0019
2022-03-01,1.4516,0.0078000000000000005
2022-03-02,1.4219,-0.020499999999999997
2022-03-03,1.3926,-0.0206
2022-03-04,1.3684,-0.0174
2022-03-07,1.3144,-0.0395
2022-03-08,1.3038,-0.008100000000000001
2022-03-09,1.2946,-0.0070999999999999995
2022-03-10,1.3297,0.0271
2022-03-11,1.3296,-0.0001
2022-03-14,1.2867,-0.0323
2022-03-15,1.2297,-0.0443
2022-03-16,1.2774,0.0388
2022-03-17,1.3205,0.0337
2022-03-18,1.3164,-0.0031
2022-03-21,1.3235,0.0054
2022-03-22,1.3174,-0.0046
2022-03-23,1.3314,0.0106
2022-03-24,1.3189,-0.009399999999999999
2022-03-25,1.2934,-0.019299999999999998
2022-03-28,1.2766,-0.013000000000000001
2022-03-29,1.2663,-0.008100000000000001
2022-03-30,1.3293,0.049800000000000004
2022-03-31,1.324,-0.004
2022-04-01,1.3312,0.0054
2022-04-06,1.3132,-0.013500000000000002
2022-04-07,1.2894,-0.0181
2022-04-08,1.2855,-0.003
2022-04-11,1.2333,-0.0406
2022-04-12,1.2625,0.023700000000000002
2022-04-13,1.2426,-0.0158
2022-04-14,1.1082,0.0192
2022-04-15,1.1101,0.0017000000000000001
2022-04-18,1.1175,0.0067
2022-04-19,1.0955,-0.0197
2022-04-20,1.0784,-0.015600000000000001
2022-04-21,1.0474,-0.0287
2022-04-22,1.0485,0.0011
2022-04-25,0.989,-0.0567
2022-04-26,0.9811,-0.008
2022-04-27,1.0105,0.03
2022-04-28,1.009,-0.0015
2022-04-29,1.0513,0.04190000000000001
2022-05-05,1.0627,0.0108
2022-05-06,1.0513,-0.010700000000000001
2022-05-09,1.0492,-0.002
2022-05-10,1.0633,0.0134
2022-05-11,1.0878,0.023
2022-05-12,1.0861,-0.0016
2022-05-13,1.0905,0.0040999999999999995
2022-05-16,1.0742,-0.0149
2022-05-17,1.0896,0.0143
2022-05-18,1.0907,0.001
2022-05-19,1.0989,0.0075
2022-05-20,1.1239,0.022799999999999997
2022-05-23,1.1185,-0.0048
2022-05-24,1.0826,-0.0321
2022-05-25,1.0878,0.0048
2022-05-26,1.0899,0.0019
2022-05-27,1.0863,-0.0033
2022-05-30,1.1075,0.0195
2022-05-31,1.1345,0.024399999999999998
2022-06-01,1.1521,0.0155
2022-06-02,1.1588,0.0058
2022-06-06,1.1895,0.0265
2022-06-07,1.1923,0.0024
2022-06-08,1.2081,0.013300000000000001
2022-06-09,1.1829,-0.0209
2022-06-10,1.2056,0.0192
2022-06-13,1.2032,-0.002
2022-06-14,1.198,-0.0043
2022-06-15,1.2042,0.0052
2022-06-16,1.2104,0.0051
2022-06-17,1.2464,0.0297
2022-06-20,1.2726,0.021
2022-06-21,1.2742,0.0013
2022-06-22,1.2625,-0.0092
2022-06-23,1.2931,0.0242
2022-06-24,1.3235,0.0235
2022-06-27,1.3397,0.012199999999999999
2022-06-28,1.3496,0.0074
2022-06-29,1.3281,-0.0159
2022-06-30,1.3683,0.030299999999999997
2022-07-01,1.3593,-0.0066
2022-07-04,1.3789,0.0144
2022-07-05,1.3522,-0.0194
2022-07-06,1.3374,-0.0109
2022-07-07,1.3505,0.0098
2022-07-08,1.3393,-0.0083
2022-07-11,1.3011,-0.0285
2022-07-12,1.2783,-0.0175
2022-07-13,1.2948,0.0129
2022-07-14,1.3072,0.0096
2022-07-15,1.2889,-0.013999999999999999
2022-07-18,1.3026,0.0106
2022-07-19,1.2756,-0.0207
2022-07-20,1.2801,0.0034999999999999996
2022-07-21,1.2619,-0.014199999999999999
2022-07-22,1.2547,-0.005699999999999999
2022-07-25,1.2607,0.0048
2022-07-26,1.273,0.0098
2022-07-27,1.2675,-0.0043
2022-07-28,1.2578,-0.0077
2022-07-29,1.2368,-0.0167
2022-08-01,1.253,0.0131
2022-08-02,1.229,-0.0192
2022-08-03,1.2011,-0.0227
2022-08-04,1.2082,0.0059
2022-08-05,1.2207,0.0103
2022-08-08,1.2247,0.0033
2022-08-09,1.2223,-0.002
2022-08-10,1.2072,-0.0124
2022-08-11,1.2278,0.0171
2022-08-12,1.2272,-0.0005
2022-08-15,1.2278,0.0005
2022-08-16,1.2285,0.0006
2022-08-17,1.2451,0.013500000000000002
2022-08-18,1.2558,0.0086
2022-08-19,1.2415,-0.011399999999999999
2022-08-22,1.2528,0.0091
2022-08-23,1.2345,-0.0146
2022-08-24,1.2018,-0.0265
2022-08-25,1.1992,-0.0022
2022-08-26,1.1887,-0.0088
2022-08-29,1.1852,-0.0029
2022-08-30,1.1803,-0.0040999999999999995
2022-08-31,1.1691,-0.0095
2022-09-01,1.1665,-0.0022
2022-09-02,1.1573,-0.0079
2022-09-05,1.1436,-0.0118
2022-09-06,1.1539,0.009000000000000001
2022-09-07,1.1572,0.0029
2022-09-08,1.1438,-0.0116
2022-09-09,1.1728,0.0254
2022-09-13,1.1864,0.0116
2022-09-14,1.1754,-0.009300000000000001
2022-09-15,1.1525,-0.0195
2022-09-16,1.1214,-0.027000000000000003
2022-09-19,1.1208,-0.0005
2022-09-20,1.1278,0.0062
2022-09-21,1.1171,-0.0095
2022-09-22,1.1039,-0.0118
2022-09-23,1.0954,-0.0077
2022-09-26,1.1156,0.0184
2022-09-27,1.1389,0.0209
2022-09-28,1.1171,-0.0191
2022-09-29,1.1119,-0.004699999999999999
2022-09-30,1.1,-0.010700000000000001
2022-10-10,1.0782,-0.019799999999999998
2022-10-11,1.0766,-0.0015
2022-10-12,1.095,0.0171
2022-10-13,1.0913,-0.0034000000000000002
2022-10-14,1.1311,0.0365
2022-10-17,1.1315,0.0004
2022-10-18,1.1366,0.0045000000000000005
2022-10-19,1.1247,-0.0105
2022-10-20,1.1109,-0.0123
2022-10-21,1.1077,-0.0029
2022-10-24,1.066,-0.037599999999999995
2022-10-25,1.0703,0.004
2022-10-26,1.0827,0.0116
2022-10-27,1.0598,-0.0212
2022-10-28,1.0325,-0.0258
2022-10-31,1.024,-0.008199999999999999
2022-11-01,1.0626,0.0377
2022-11-02,1.0817,0.018000000000000002
2022-11-03,1.0806,-0.001
2022-11-04,1.1173,0.034
2022-11-07,1.1139,-0.003
2022-11-08,1.1036,-0.0092
2022-11-09,1.0996,-0.0036
2022-11-10,1.0848,-0.013500000000000002
2022-11-11,1.1265,0.0384
2022-11-14,1.1387,0.0108
2022-11-15,1.1568,0.0159
2022-11-16,1.1469,-0.0086
2022-11-17,1.1469,0.0
2022-11-18,1.156,0.0079
2022-11-21,1.1369,-0.0165
2022-11-22,1.1215,-0.013500000000000002
2022-11-23,1.1262,0.0042
2022-11-24,1.1381,0.0106
2022-11-25,1.1331,-0.0044
2022-11-28,1.1376,0.004
2022-11-29,1.1673,0.026099999999999998
2022-11-30,1.1572,-0.0087
2022-12-01,1.1709,0.0118
2022-12-02,1.1662,-0.004
2022-12-05,1.1858,0.0168
2022-12-06,1.1889,0.0026
2022-12-07,1.188,-0.0008
2022-12-08,1.1894,0.0012
2022-12-09,1.2139,0.0206
2022-12-12,1.1966,-0.0143
2022-12-13,1.1887,-0.0066
2022-12-14,1.195,0.0053
2022-12-15,1.1967,0.0014000000000000002
2022-12-16,1.1924,-0.0036
2022-12-19,1.1842,-0.0069
2022-12-20,1.153,-0.0263
2022-12-21,1.1596,0.005699999999999999
2022-12-22,1.1692,0.0083
2022-12-23,1.1719,0.0023
2022-12-26,1.1734,0.0013
2022-12-27,1.1864,0.0111
2022-12-28,1.183,-0.0029
2022-12-29,1.1788,-0.0036
2022-12-30,1.1868,0.0068000000000000005
2022-12-31,1.1868,0.0
2023-01-03,1.1781,-0.0073
2023-01-04,1.1921,0.011899999999999999
2023-01-05,1.2239,0.026699999999999998
2023-01-06,1.2247,0.0007000000000000001
2023-01-09,1.2283,0.0029
2023-01-10,1.232,0.003
2023-01-11,1.2273,-0.0038
2023-01-12,1.2215,-0.004699999999999999
2023-01-13,1.2599,0.031400000000000004
2023-01-16,1.272,0.0096
2023-01-17,1.2704,-0.0013
2023-01-18,1.2543,-0.0127
2023-01-19,1.2568,0.002
2023-01-20,1.2599,0.0025
2023-01-30,1.2537,-0.0049
2023-01-31,1.2359,-0.014199999999999999
2023-02-01,1.2316,-0.0034999999999999996
2023-02-02,1.2395,0.0064
2023-02-03,1.2275,-0.0097
2023-02-06,1.2076,-0.016200000000000003
2023-02-07,1.2104,0.0023
2023-02-08,1.2016,-0.0073
2023-02-09,1.223,0.0178
2023-02-10,1.2221,-0.0007000000000000001
2023-02-13,1.2502,0.023
2023-02-14,1.2466,-0.0029
2023-02-15,1.2336,-0.0104
2023-02-16,1.2211,-0.0101
2023-02-17,1.2145,-0.0054
2023-02-20,1.2439,0.0242
2023-02-21,1.2375,-0.0051
2023-02-22,1.2245,-0.0105
2023-02-23,1.22,-0.0037
2023-02-24,1.205,-0.0123
2023-02-27,1.1948,-0.0085
2023-02-28,1.1986,0.0032
2023-03-01,1.21,0.0095
2023-03-02,1.2121,0.0017000000000000001
2023-03-03,1.2089,-0.0026
2023-03-06,1.208,-0.0007000000000000001
2023-03-07,1.1896,-0.0152
2023-03-08,1.1789,-0.009000000000000001
2023-03-09,1.1686,-0.0087
2023-03-10,1.1549,-0.011699999999999999
2023-03-13,1.1674,0.0108
2023-03-14,1.1546,-0.011000000000000001
2023-03-15,1.1511,-0.003
2023-03-16,1.1342,-0.0147
2023-03-17,1.1293,-0.0043
2023-03-20,1.1098,-0.0173
2023-03-21,1.1357,0.0233
2023-03-22,1.1285,-0.0063
2023-03-23,1.1265,-0.0018
2023-03-24,1.1217,-0.0043
2023-03-27,1.1112,-0.009399999999999999
2023-03-28,1.1141,0.0026
2023-03-29,1.115,0.0008
2023-03-30,1.125,0.009000000000000001
2023-03-31,1.1316,0.0059
2023-04-03,1.1402,0.0076
2023-04-04,1.1305,-0.0085
2023-04-06,1.1218,-0.0077
2023-04-07,1.1368,0.0134
2023-04-10,1.1252,-0.0102
2023-04-11,1.1153,-0.0088
2023-04-12,1.1084,-0.0062
2023-04-13,1.0962,-0.011000000000000001
2023-04-14,1.0961,-0.0001
2023-04-17,1.1,0.0036
2023-04-18,1.1041,0.0037
2023-04-19,1.0903,-0.0125
2023-04-20,1.093,0.0025
2023-04-21,1.0767,-0.0149
2023-04-24,1.0594,-0.0161
2023-04-25,1.0666,0.0068000000000000005
2023-04-26,1.0706,0.0038
2023-04-27,1.0614,-0.0086
2023-04-28,1.0906,0.0275
2023-05-04,1.1025,0.0109
2023-05-05,1.0968,-0.0052
2023-05-08,1.091,-0.0053
2023-05-09,1.0749,-0.0148
2023-05-10,1.0593,-0.014499999999999999
2023-05-11,1.0524,-0.006500000000000001
2023-05-12,1.0354,-0.016200000000000003
2023-05-15,1.0447,0.009000000000000001
2023-05-16,1.0326,-0.0116
2023-05-17,1.0276,-0.0048
2023-05-18,1.0462,0.0181
2023-05-19,1.0427,-0.0033
2023-05-22,1.0458,0.003
2023-05-23,1.0333,-0.012
2023-05-24,1.0241,-0.0089
2023-05-25,1.0189,-0.0051
2023-05-26,1.0266,0.0076
2023-05-29,1.0235,-0.003
2023-05-30,1.0357,0.011899999999999999
2023-05-31,1.0313,-0.0042
2023-06-01,1.0374,0.0059
2023-06-02,1.0423,0.004699999999999999
2023-06-05,1.041,-0.0012
2023-06-06,1.0278,-0.0127
2023-06-07,1.0214,-0.0062
2023-06-08,1.0161,-0.0052
2023-06-09,1.0279,0.0116
2023-06-12,1.0339,0.0058
2023-06-13,1.0383,0.0043
2023-06-14,1.0511,0.0123
2023-06-15,1.0497,-0.0013
2023-06-16,1.0733,0.0225
2023-06-19,1.0813,0.0075
2023-06-20,1.0815,0.0002
2023-06-21,1.0409,-0.0375
2023-06-26,1.0086,-0.031
2023-06-27,1.0206,0.011899999999999999
2023-06-28,1.0066,-0.0137
2023-06-29,1.0027,-0.0039000000000000003
2023-06-30,1.0103,0.0076
2023-07-03,1.0129,0.0026
2023-07-04,1.0212,0.008199999999999999
2023-07-05,1.0091,-0.0118
2023-07-06,1.0023,-0.0067
2023-07-07,0.9913,-0.011000000000000001
2023-07-10,1.0019,0.010700000000000001
2023-07-11,1.0056,0.0037
2023-07-12,0.9963,-0.0092
2023-07-13,1.0177,0.0215
2023-07-14,1.0127,-0.0049
2023-07-17,1.0082,-0.0044
2023-07-18,0.9991,-0.009000000000000001
2023-07-19,1.002,0.0029
2023-07-20,0.9922,-0.0098
2023-07-21,1.0,0.0079
2023-07-24,0.9949,-0.0051
2023-07-25,1.0225,0.0277
2023-07-26,1.022,-0.0005
2023-07-27,1.0183,-0.0036
2023-07-28,1.0293,0.0108
2023-07-31,1.0356,0.0060999999999999995
2023-08-01,1.0286,-0.0068000000000000005
2023-08-02,1.0237,-0.0048
2023-08-03,1.0256,0.0019
2023-08-04,1.0387,0.0128
2023-08-07,1.0232,-0.0149
2023-08-08,1.0206,-0.0025
2023-08-09,1.0215,0.0009
2023-08-10,1.0189,-0.0025
2023-08-11,0.9973,-0.0212
2023-08-14,0.9952,-0.0021
2023-08-15,0.984,-0.0113
2023-08-16,0.9737,-0.0105
2023-08-17,0.9792,0.005600000000000001
2023-08-18,0.9636,-0.0159
2023-08-21,0.9541,-0.009899999999999999
2023-08-22,0.9591,0.0052
2023-08-23,0.9396,-0.0203
2023-08-24,0.9536,0.0149
2023-08-25,0.9345,-0.02
2023-08-28,0.9426,0.0087
2023-08-29,0.9624,0.021
2023-08-30,0.9601,-0.0024
2023-08-31,0.9548,-0.0055000000000000005
2023-09-01,0.9552,0.0004
2023-09-04,0.9679,0.013300000000000001
2023-09-05,0.9631,-0.005
2023-09-06,0.9608,-0.0024
2023-09-07,0.9439,-0.0176
2023-09-08,0.9386,-0.005600000000000001
2023-09-11,0.9484,0.0104
2023-09-12,0.9405,-0.0083
2023-09-13,0.9296,-0.0116
2023-09-14,0.9207,-0.0096
2023-09-15,0.9177,-0.0033
2023-09-18,0.9232,0.006
2023-09-19,0.9167,-0.006999999999999999
2023-09-20,0.9118,-0.0053
2023-09-21,0.8992,-0.0138
2023-09-22,0.92,0.0231
2023-09-25,0.9131,-0.0075
2023-09-26,0.913,-0.0001
2023-09-27,0.9314,0.0202
2023-09-28,0.9253,-0.006500000000000001
2023-10-09,0.9202,-0.0055000000000000005
2023-10-10,0.9118,-0.0091
2023-10-11,0.9242,0.013600000000000001
2023-10-12,0.9286,0.0048
2023-10-13,0.9152,-0.0144
2023-10-16,0.9016,-0.0149
2023-10-17,0.9043,0.003
2023-10-18,0.8941,-0.0113
2023-10-19,0.8817,-0.0139
2023-10-20,0.8778,-0.0044
2023-10-23,0.8653,-0.014199999999999999
2023-10-24,0.8707,0.0062
2023-10-25,0.8766,0.0068000000000000005
2023-10-26,0.8749,-0.0019
2023-10-27,0.8934,0.021099999999999997
2023-10-30,0.904,0.011899999999999999
2023-10-31,0.9006,-0.0038
2023-11-01,0.9042,0.004
2023-11-02,0.8943,-0.0109
2023-11-03,0.9042,0.0111
2023-11-06,0.918,0.015300000000000001
2023-11-07,0.9148,-0.0034999999999999996
2023-11-08,0.9167,0.0021
2023-11-09,0.9174,0.0008
2023-11-10,0.9092,-0.0089
2023-11-13,0.9066,-0.0029
2023-11-14,0.9102,0.004
2023-11-15,0.9133,0.0034000000000000002
2023-11-16,0.9013,-0.0131
2023-11-17,0.9025,0.0013
2023-11-20,0.9008,-0.0019
2023-11-21,0.9004,-0.0004
2023-11-22,0.8921,-0.0092
2023-11-23,0.8996,0.0084
2023-11-24,0.89,-0.010700000000000001
2023-11-27,0.8806,-0.0106
2023-11-28,0.8856,0.005699999999999999
2023-11-29,0.8803,-0.006
2023-11-30,0.8794,-0.001
2023-12-01,0.8771,-0.0026
2023-12-04,0.8619,-0.0173
2023-12-05,0.8497,-0.014199999999999999
2023-12-06,0.8534,0.0044
2023-12-07,0.8447,-0.0102
2023-12-08,0.842,-0.0032
2023-12-11,0.8475,0.006500000000000001
2023-12-12,0.8504,0.0034000000000000002
2023-12-13,0.8377,-0.0149
2023-12-14,0.832,-0.0068000000000000005
2023-12-15,0.8315,-0.0006
2023-12-18,0.8275,-0.0048
2023-12-19,0.8271,-0.0005
2023-12-20,0.8201,-0.0085
2023-12-21,0.8241,0.0049
2023-12-22,0.8197,-0.0053
2023-12-25,0.8218,0.0026
2023-12-26,0.816,-0.0070999999999999995
2023-12-27,0.817,0.0012
2023-12-28,0.8358,0.023
2023-12-29,0.8377,0.0023
2023-12-31,0.8377,0.0
2024-01-02,0.8268,-0.013000000000000001
2024-01-03,0.8197,-0.0086
2024-01-04,0.8128,-0.0084
2024-01-05,0.8037,-0.011200000000000002
2024-01-08,0.7934,-0.0128
2024-01-09,0.7956,0.0028000000000000004
2024-01-10,0.7962,0.0008
2024-01-11,0.8011,0.0062
2024-01-12,0.7966,-0.005600000000000001
2024-01-15,0.7922,-0.0055000000000000005
2024-01-16,0.7921,-0.0001
2024-01-17,0.7738,-0.0231
2024-01-18,0.7816,0.0101
2024-01-19,0.7778,-0.0049
2024-01-22,0.7569,-0.0269
2024-01-23,0.7614,0.0059
2024-01-24,0.7658,0.0058
2024-01-25,0.7772,0.0149
2024-01-26,0.7716,-0.0072
2024-01-29,0.7638,-0.0101
2024-01-30,0.7491,-0.0192
2024-01-31,0.7336,-0.0207
2024-02-01,0.7334,-0.0003
2024-02-02,0.7182,-0.0207
2024-02-05,0.7103,-0.011000000000000001
2024-02-06,0.7398,0.0415
2024-02-07,0.7473,0.0101
2024-02-08,0.7573,0.0134
2024-02-19,0.7585,0.0016
2024-02-20,0.7584,-0.0001
2024-02-21,0.7714,0.0171
2024-02-22,0.7756,0.0054
2024-02-23,0.7781,0.0032
2024-02-26,0.7759,-0.0028000000000000004
2024-02-27,0.7841,0.0106
2024-02-28,0.772,-0.0154
2024-02-29,0.7864,0.0187
2024-03-01,0.7888,0.0031
2024-03-04,0.7874,-0.0018
2024-03-05,0.7856,-0.0023
2024-03-06,0.7798,-0.0074
2024-03-07,0.7728,-0.009000000000000001
2024-03-08,0.7733,0.0006
2024-03-11,0.7885,0.0197
2024-03-12,0.8028,0.0181
2024-03-13,0.7997,-0.0039000000000000003
2024-03-14,0.7972,-0.0031
2024-03-15,0.802,0.006
2024-03-18,0.8063,0.0054
2024-03-19,0.8045,-0.0022
2024-03-20,0.8049,0.0005
2024-03-21,0.8034,-0.0019
2024-03-22,0.7925,-0.013600000000000001
2024-03-25,0.7855,-0.0088
2024-03-26,0.7897,0.0053
2024-03-27,0.7792,-0.013300000000000001
2024-03-28,0.7821,0.0037
2024-03-29,0.7845,0.0031
2024-04-01,0.7997,0.0194
2024-04-02,0.7958,-0.0049
2024-04-03,0.794,-0.0023
2024-04-08,0.7774,-0.0209
2024-04-09,0.7817,0.0055000000000000005
2024-04-10,0.7737,-0.0102
2024-04-11,0.7738,0.0001
2024-04-12,0.7679,-0.0076
2024-04-15,0.7741,0.008100000000000001
2024-04-16,0.759,-0.0195
2024-04-17,0.7702,0.0148
2024-04-18,0.7674,-0.0036
2024-04-19,0.7605,-0.009000000000000001
2024-04-22,0.7618,0.0017000000000000001
2024-04-23,0.765,0.0042
2024-04-24,0.7688,0.005
2024-04-25,0.7708,0.0026
2024-04-26,0.7816,0.013999999999999999
2024-04-29,0.7908,0.0118
2024-04-30,0.7868,-0.0051
2024-05-06,0.8089,0.0281
2024-05-07,0.8144,0.0068000000000000005
2024-05-08,0.8076,-0.0083
2024-05-09,0.8159,0.0103
2024-05-10,0.8112,-0.0058
2024-05-13,0.8051,-0.0075
2024-05-14,0.8048,-0.0004
2024-05-15,0.8012,-0.0045000000000000005
2024-05-16,0.807,0.0072
2024-05-17,0.8157,0.0108
2024-05-20,0.819,0.004
2024-05-21,0.8143,-0.005699999999999999
2024-05-22,0.8113,-0.0037
2024-05-23,0.8006,-0.0132
2024-05-24,0.7907,-0.0124
2024-05-27,0.7932,0.0032
2024-05-28,0.7867,-0.008199999999999999
2024-05-29,0.7851,-0.002
2024-05-30,0.7833,-0.0023
2024-05-31,0.7832,-0.0001
2024-06-03,0.7822,-0.0013
2024-06-04,0.7896,0.0095
2024-06-05,0.7859,-0.004699999999999999
2024-06-06,0.7778,-0.0103
2024-06-07,0.7757,-0.0027
2024-06-11,0.7735,-0.0028000000000000004
2024-06-12,0.7724,-0.0014000000000000002
2024-06-13,0.7647,-0.01
2024-06-14,0.7652,0.0007000000000000001
2024-06-17,0.7634,-0.0024
2024-06-18,0.7613,-0.0028000000000000004
2024-06-19,0.7565,-0.0063
2024-06-20,0.7488,-0.0102
2024-06-21,0.7471,-0.0023
2024-06-24,0.7395,-0.0102
2024-06-25,0.7375,-0.0027
2024-06-26,0.7455,0.0108
2024-06-27,0.7361,-0.0126
2024-06-28,0.7362,0.0001
2024-06-30,0.7361,-0.0001
2024-07-01,0.7397,0.0049
2024-07-02,0.7394,-0.0004
2024-07-03,0.7378,-0.0022
2024-07-04,0.7296,-0.0111
2024-07-05,0.7309,0.0018
2024-07-08,0.7197,-0.015300000000000001
2024-07-09,0.7221,0.0033
2024-07-10,0.7227,0.0008
2024-07-11,0.7355,0.0177
2024-07-12,0.7374,0.0026
2024-07-15,0.7332,-0.005699999999999999
2024-07-16,0.7352,0.0027
2024-07-17,0.7451,0.013500000000000002
2024-07-18,0.7508,0.0076
2024-07-19,0.755,0.005600000000000001
2024-07-22,0.7511,-0.0052
2024-07-23,0.7333,-0.023700000000000002
2024-07-24,0.7287,-0.0063
2024-07-25,0.728,-0.001
2024-07-26,0.7343,0.0087
2024-07-29,0.7246,-0.0132
2024-07-30,0.7237,-0.0012
2024-07-31,0.7407,0.0235
2024-08-01,0.7379,-0.0038
2024-08-02,0.7321,-0.0079
2024-08-05,0.7235,-0.011699999999999999
2024-08-06,0.7304,0.0095
2024-08-07,0.7261,-0.0059
2024-08-08,0.725,-0.0015
2024-08-09,0.7228,-0.003
2024-08-12,0.7201,-0.0037
2024-08-13,0.7227,0.0036
2024-08-14,0.7178,-0.0068000000000000005
2024-08-15,0.723,0.0072
2024-08-16,0.7184,-0.0064
2024-08-19,0.7183,-0.0001
2024-08-20,0.7127,-0.0078000000000000005
2024-08-21,0.7086,-0.0058
2024-08-22,0.7053,-0.004699999999999999
2024-08-23,0.707,0.0024
2024-08-26,0.7055,-0.0021
2024-08-27,0.7002,-0.0075
2024-08-28,0.6998,-0.0006
2024-08-29,0.7008,0.0014000000000000002
2024-08-30,0.7101,0.013300000000000001
2024-09-02,0.6981,-0.0169
2024-09-03,0.7003,0.0032
2024-09-04,0.697,-0.004699999999999999
2024-09-05,0.6999,0.0042
2024-09-06,0.6946,-0.0076
2024-09-09,0.6916,-0.0043
2024-09-10,0.6911,-0.0007000000000000001
2024-09-11,0.6908,-0.0004
2024-09-12,0.6883,-0.0036
2024-09-13,0.6859,-0.0034999999999999996
2024-09-18,0.6866,0.001
2024-09-19,0.6923,0.0083
2024-09-20,0.692,-0.0004
2024-09-23,0.6903,-0.0025
2024-09-24,0.7096,0.027999999999999997
2024-09-25,0.7178,0.0116
2024-09-26,0.7437,0.0361
2024-09-27,0.7746,0.0415
2024-09-30,0.8337,0.07629999999999999
2024-10-08,0.8814,0.0572
2024-10-09,0.848,-0.0379
2024-10-10,0.8434,-0.0054
2024-10-11,0.8284,-0.0178
2024-10-14,0.846,0.0212
2024-10-15,0.8308,-0.018000000000000002
2024-10-16,0.8333,0.003
2024-10-17,0.8299,-0.0040999999999999995
2024-10-18,0.8593,0.0354
2024-10-21,0.8658,0.0076
2024-10-22,0.8613,-0.0052
2024-10-23,0.8614,0.0001
2024-10-24,0.8538,-0.0088
2024-10-25,0.8547,0.0011
2024-10-28,0.8588,0.0048
2024-10-29,0.8516,-0.0084
2024-10-30,0.8511,-0.0006
2024-10-31,0.8538,0.0032
2024-11-01,0.8533,-0.0006
2024-11-04,0.86,0.0079
2024-11-05,0.8799,0.0231
2024-11-06,0.884,0.004699999999999999
2024-11-07,0.9021,0.020499999999999997
2024-11-08,0.8905,-0.0129
2024-11-11,0.8867,-0.0043
2024-11-12,0.8775,-0.0104
2024-11-13,0.8742,-0.0038
2024-11-14,0.8615,-0.014499999999999999
2024-11-15,0.8456,-0.018500000000000003
2024-11-18,0.8469,0.0015
2024-11-19,0.8491,0.0026
2024-11-20,0.8525,0.004
2024-11-21,0.8504,-0.0025
2024-11-22,0.8287,-0.0255
2024-11-25,0.8267,-0.0024
2024-11-26,0.8266,-0.0001
2024-11-27,0.8374,0.0131
2024-11-28,0.8369,-0.0006
2024-11-29,0.8456,0.0104
2024-12-02,0.8536,0.0095
2024-12-03,0.8522,-0.0016
2024-12-04,0.843,-0.0108
2024-12-05,0.8454,0.0028000000000000004
2024-12-06,0.8529,0.0089
2024-12-09,0.8441,-0.0103
2024-12-10,0.8521,0.0095
2024-12-11,0.8549,0.0033
2024-12-12,0.861,0.0070999999999999995
2024-12-13,0.843,-0.0209
2024-12-16,0.8342,-0.0104
2024-12-17,0.8274,-0.008199999999999999
2024-12-18,0.8302,0.0034000000000000002
2024-12-19,0.8272,-0.0036
2024-12-20,0.8278,0.0007000000000000001
2024-12-23,0.8192,-0.0104
2024-12-24,0.8257,0.0079
2024-12-25,0.8246,-0.0013
2024-12-26,0.8252,0.0007000000000000001
2024-12-27,0.8268,0.0019
2024-12-30,0.8286,0.0022
2024-12-31,0.8191,-0.0115
2025-01-02,0.8008,-0.0223
2025-01-03,0.7899,-0.013600000000000001
2025-01-06,0.7872,-0.0034000000000000002
2025-01-07,0.7922,0.0064
2025-01-08,0.7878,-0.005600000000000001
2025-01-09,0.7892,0.0018
2025-01-10,0.7805,-0.011000000000000001
2025-01-13,0.782,0.0019
2025-01-14,0.7988,0.0215
2025-01-15,0.7952,-0.0045000000000000005
2025-01-16,0.7951,-0.0001
2025-01-17,0.7992,0.0052
2025-01-20,0.8008,0.002
2025-01-21,0.8004,-0.0005
2025-01-22,0.7913,-0.011399999999999999
2025-01-23,0.7913,0.0
2025-01-24,0.8004,0.0115
2025-01-27,0.7955,-0.0060999999999999995
2025-02-05,0.7979,0.003
2025-02-06,0.8069,0.0113
2025-02-07,0.8153,0.0104
2025-02-10,0.819,0.0045000000000000005
2025-02-11,0.8104,-0.0105
2025-02-12,0.8191,0.010700000000000001
2025-02-13,0.814,-0.0062
2025-02-14,0.815,0.0012
2025-02-17,0.8169,0.0023
2025-02-18,0.8025,-0.0176
2025-02-19,0.8115,0.011200000000000002
2025-02-20,0.8131,0.002
2025-02-21,0.8251,0.0148
2025-02-24,0.8281,0.0036
2025-02-25,0.8239,-0.0051
2025-02-26,0.8376,0.0166
2025-02-27,0.8352,-0.0029
2025-02-28,0.8177,-0.021
2025-03-03,0.8188,0.0013
2025-03-04,0.8274,0.0105
2025-03-05,0.8264,-0.0012
2025-03-06,0.8377,0.0137
2025-03-07,0.8362,-0.0018
2025-03-10,0.8333,-0.0034999999999999996
2025-03-11,0.8374,0.0049
2025-03-12,0.8342,-0.0038
2025-03-13,0.8304,-0.0046
2025-03-14,0.844,0.016399999999999998
2025-03-17,0.8421,-0.0023
2025-03-18,0.8417,-0.0005
2025-03-19,0.8384,-0.0039000000000000003
2025-03-20,0.8337,-0.005600000000000001
2025-03-21,0.8265,-0.0086
2025-03-24,0.8241,-0.0029
2025-03-25,0.8214,-0.0033
2025-03-26,0.8202,-0.0015
2025-03-27,0.8206,0.0005
2025-03-28,0.8178,-0.0034000000000000002
2025-03-31,0.807,-0.0132
2025-04-01,0.8089,0.0024
2025-04-02,0.8037,-0.0064
2025-04-03,0.8035,-0.0002
2025-04-07,0.7556,-0.0596
2025-04-08,0.7672,0.0154
2025-04-09,0.7845,0.0225
2025-04-10,0.7902,0.0073
2025-04-11,0.7895,-0.0009
2025-04-14,0.7903,0.001
2025-04-15,0.7868,-0.0044
2025-04-16,0.7878,0.0013
2025-04-17,0.7932,0.0069
2025-04-18,0.7912,-0.0025
2025-04-21,0.7919,0.0009
2025-04-22,0.7919,0.0
2025-04-23,0.7885,-0.0043
2025-04-24,0.787,-0.0019
2025-04-25,0.7863,-0.0009
2025-04-28,0.7796,-0.0085
2025-04-29,0.7777,-0.0024
2025-04-30,0.7806,0.0037
2025-05-06,0.7857,0.006500000000000001
2025-05-07,0.7855,-0.0003
2025-05-08,0.7852,-0.0004
2025-05-09,0.7844,-0.001
2025-05-12,0.7878,0.0043
2025-05-13,0.7902,0.003
2025-05-14,0.7912,0.0013
2025-05-15,0.7848,-0.008100000000000001
2025-05-16,0.7869,0.0027
2025-05-19,0.7889,0.0025
2025-05-20,0.7972,0.0105
2025-05-21,0.7989,0.0021
2025-05-22,0.7975,-0.0018
2025-05-23,0.7904,-0.0089
2025-05-26,0.7893,-0.0014000000000000002
2025-05-27,0.7889,-0.0005
2025-05-28,0.7885,-0.0005
2025-05-29,0.7931,0.0058
2025-05-30,0.7901,-0.0038
2025-06-03,0.7987,0.0109
2025-06-04,0.8078,0.011399999999999999
2025-06-05,0.8056,-0.0027
2025-06-06,0.8022,-0.0042
2025-06-09,0.8062,0.005
2025-06-10,0.8042,-0.0025
2025-06-11,0.8069,0.0034000000000000002
2025-06-12,0.8145,0.009399999999999999
2025-06-13,0.8054,-0.011200000000000002
2025-06-16,0.8057,0.0004
2025-06-17,0.8027,-0.0037
2025-06-18,0.8013,-0.0017000000000000001
2025-06-19,0.7936,-0.0096
2025-06-20,0.7909,-0.0034000000000000002
2025-06-23,0.794,0.0039000000000000003
2025-06-24,0.8007,0.0084
2025-06-25,0.8109,0.0127
2025-06-26,0.8063,-0.005699999999999999
2025-06-27,0.802,-0.0053
2025-06-30,0.8098,0.0097
2025-07-01,0.8157,0.0073
2025-07-02,0.8054,-0.0126
2025-07-03,0.81,0.005699999999999999
2025-07-04,0.8103,0.0004
2025-07-07,0.8085,-0.0022
2025-07-08,0.8124,0.0048
2025-07-09,0.8146,0.0027
2025-07-10,0.8124,-0.0027
2025-07-11,0.8101,-0.0028000000000000004
2025-07-14,0.8116,0.0019
2025-07-15,0.8163,0.0058
2025-07-16,0.8127,-0.0044
2025-07-17,0.8182,0.0068000000000000005
2025-07-18,0.822,0.0046
2025-07-21,0.8205,-0.0018
2025-07-22,0.8162,-0.0052
2025-07-23,0.8154,-0.001
2025-07-24,0.8181,0.0033
2025-07-25,0.8155,-0.0032
2025-07-28,0.8218,0.0077
2025-07-29,0.8297,0.0096
2025-07-30,0.8294,-0.0004
2025-07-31,0.819,-0.0125
2025-08-01,0.8173,-0.0021
2025-08-04,0.8258,0.0104
2025-08-05,0.8344,0.0104
2025-08-06,0.8437,0.0111
2025-08-07,0.843,-0.0008
2025-08-08,0.8368,-0.0074
2025-08-11,0.8389,0.0025
2025-08-12,0.84,0.0013
2025-08-13,0.8546,0.0174
2025-08-14,0.8445,-0.0118
2025-08-15,0.8561,0.0137
2025-08-18,0.8677,0.013500000000000002
2025-08-19,0.8683,0.0007000000000000001
2025-08-20,0.8739,0.0064
2025-08-21,0.8748,0.001
2025-08-22,0.8874,0.0144
2025-08-25,0.9054,0.0203
2025-08-26,0.8976,-0.0086
2025-08-27,0.8805,-0.0191
2025-08-28,0.8964,0.0181
2025-08-29,0.9116,0.017
2025-09-01,0.9278,0.0178
2025-09-02,0.9166,-0.0121
2025-09-03,0.916,-0.0007000000000000001
2025-09-04,0.8902,-0.0282
2025-09-05,0.9135,0.0262
2025-09-08,0.9074,-0.0067
2025-09-09,0.9032,-0.0046
2025-09-10,0.9037,0.0006
2025-09-11,0.9223,0.0206
2025-09-12,0.9128,-0.0103
2025-09-15,0.9138,0.0011
2025-09-16,0.9168,0.0033
2025-09-17,0.9208,0.0044
2025-09-18,0.9147,-0.0066
2025-09-19,0.9131,-0.0017000000000000001
2025-09-22,0.9221,0.009899999999999999
2025-09-23,0.916,-0.0066
2025-09-24,0.9246,0.009399999999999999
2025-09-25,0.9297,0.0055000000000000005
2025-09-26,0.9118,-0.019299999999999998
2025-09-29,0.9216,0.010700000000000001
2025-09-30,0.9247,0.0034000000000000002
2025-10-09,0.9236,-0.0012
2025-10-10,0.9052,-0.0199
2025-10-13,0.8937,-0.0127
2025-10-14,0.8744,-0.0216
2025-10-15,0.8977,0.026600000000000002
2025-10-16,0.8978,0.0001
2025-10-17,0.878,-0.022099999999999998
2025-10-20,0.8861,0.0092
2025-10-21,0.9006,0.016399999999999998
2025-10-22,0.8935,-0.0079
2025-10-23,0.8876,-0.0066
2025-10-24,0.9009,0.015
2025-10-27,0.9123,0.0127
2025-10-28,0.9109,-0.0015
2025-10-29,0.9203,0.0103
2025-10-30,0.9048,-0.0168
2025-10-31,0.8993,-0.0060999999999999995
2025-11-03,0.8977,-0.0018
2025-11-04,0.8815,-0.018000000000000002
2025-11-05,0.8813,-0.0002
2025-11-06,0.8908,0.0108
2025-11-07,0.8788,-0.013500000000000002
2025-11-10,0.8819,0.0034999999999999996
2025-11-11,0.8764,-0.0062
2025-11-12,0.8781,0.0019
2025-11-13,0.8856,0.0085
2025-11-14,0.8683,-0.0195
2025-11-17,0.86,-0.0096
2025-11-18,0.8534,-0.0077
2025-11-19,0.8525,-0.0011
2025-11-20,0.852,-0.0006
2025-11-21,0.8317,-0.023799999999999998
2025-11-24,0.8355,0.0046
2025-11-25,0.8512,0.018799999999999997
2025-11-26,0.8549,0.0043
2025-11-27,0.8569,0.0023
2025-11-28,0.8618,0.005699999999999999
2025-12-01,0.8719,0.011699999999999999
2025-12-02,0.8666,-0.0060999999999999995
2025-12-03,0.8615,-0.0059
2025-12-04,0.862,0.0006
2025-12-05,0.8695,0.0087
2025-12-08,0.8774,0.0091
2025-12-09,0.8775,0.0001
2025-12-10,0.884,0.0074
2025-12-11,0.8741,-0.011200000000000002
2025-12-12,0.879,0.005600000000000001
2025-12-15,0.8696,-0.010700000000000001
2025-12-16,0.8592,-0.012
2025-12-17,0.8821,0.026699999999999998
2025-12-18,0.8797,-0.0027
2025-12-19,0.8877,0.0091
2025-12-22,0.8974,0.0109
2025-12-23,0.8968,-0.0007000000000000001
2025-12-24,0.8986,0.002
2025-12-25,0.897,-0.0018
2025-12-26,0.8967,-0.0003
2025-12-29,0.8957,-0.0011
2025-12-30,0.8926,-0.0034999999999999996
2025-12-31,0.8867,-0.0066
2026-01-05,0.9126,0.0292
2026-01-06,0.9209,0.0091
2026-01-07,0.9232,0.0025
2026-01-08,0.9204,-0.003
2026-01-09,0.9293,0.0097
2026-01-12,0.9407,0.0123
2026-01-13,0.9301,-0.0113
2026-01-14,0.9324,0.0025
2026-01-15,0.934,0.0017000000000000001
2026-01-16,0.936,0.0021
2026-01-19,0.9403,0.0046
2026-01-20,0.9305,-0.0104
2026-01-21,0.939,0.0091
2026-01-22,0.9435,0.0048
2026-01-23,0.9505,0.0074
2026-01-26,0.9521,0.0017000000000000001
2026-01-27,0.9593,0.0076
2026-01-28,0.9691,0.0102
2026-01-29,0.9619,-0.0074
2026-01-30,0.9488,-0.013600000000000001
2026-02-02,0.9185,-0.0319
2026-02-03,0.9439,0.0277
2026-02-04,0.9321,-0.0125
2026-02-05,0.9145,-0.0189
2026-02-06,0.9155,0.0011
2026-02-09,0.9305,0.016399999999999998
2026-02-10,0.9335,0.0032
2026-02-11,0.9328,-0.0007000000000000001
2026-02-12,0.9379,0.0055000000000000005
2026-02-13,0.9238,-0.015
2026-02-24,0.9237,-0.0001
2026-02-25,0.9357,0.013000000000000001
2026-02-26,0.9398,0.0044
2026-02-27,0.9435,0.0039000000000000003
2026-03-02,0.9527,0.0098
2026-03-03,0.922,-0.0322
2026-03-04,0.9138,-0.0089
2026-03-05,0.924,0.011200000000000002
2026-03-06,0.9225,-0.0016
2026-03-09,0.9111,-0.0124
2026-03-10,0.9301,0.0209
2026-03-11,0.9265,-0.0039000000000000003
2026-03-12,0.9152,-0.012199999999999999
2026-03-13,0.9054,-0.010700000000000001
2026-03-16,0.9026,-0.0031
2026-03-17,0.8873,-0.017
2026-03-18,0.8981,0.012199999999999999
2026-03-19,0.8729,-0.0281
2026-03-20,0.8695,-0.0039000000000000003
2026-03-23,0.836,-0.0385
2026-03-24,0.851,0.0179
2026-03-25,0.8594,0.009899999999999999
2026-03-26,0.8434,-0.018600000000000002
2026-03-27,0.8546,0.013300000000000001
2026-03-30,0.8564,0.0021
2026-03-31,0.8441,-0.0144
2026-04-01,0.8671,0.027200000000000002
2026-04-02,0.8607,-0.0074
2026-04-03,0.8539,-0.0079
2026-04-07,0.8576,0.0043
2026-04-08,0.8824,0.028900000000000002
2026-04-09,0.8787,-0.0042
2026-04-10,0.8899,0.0127
2026-04-13,0.8853,-0.0052
2026-04-14,0.8903,0.005600000000000001
2026-04-15,0.8895,-0.0009
2026-04-16,0.9072,0.0199
2026-04-17,0.913,0.0064
2026-04-20,0.9157,0.003
2026-04-21,0.9135,-0.0024
2026-04-22,0.9277,0.0155
2026-04-23,0.923,-0.0051
2026-04-24,0.9161,-0.0075
2026-04-27,0.913,-0.0034000000000000002
2026-04-28,0.9024,-0.0116
2026-04-29,0.9213,0.0209
2026-04-30,0.931,0.0105
2026-05-06,0.9488,0.0191
2026-05-07,0.9636,0.015600000000000001
2026-05-08,0.9503,-0.0138
2026-05-11,0.9641,0.014499999999999999
2026-05-12,0.9692,0.0053
2026-05-13,0.9831,0.0143
2026-05-14,0.9634,-0.02
2026-05-15,0.9531,-0.010700000000000001
2026-05-18,0.9522,-0.0009
2026-05-19,0.9561,0.0040999999999999995
2026-05-20,0.9658,0.0101
2026-05-21,0.9343,-0.0326
2026-05-22,0.9646,0.032400000000000005
2026-05-25,0.9884,0.024700000000000003
2026-05-26,0.9792,-0.009300000000000001
2026-05-27,0.9689,-0.0105
2026-05-28,0.9988,0.030899999999999997
2026-05-29,0.9722,-0.026600000000000002
2026-06-01,0.9425,-0.0305
2026-06-02,0.9706,0.0298
2026-06-03,0.9908,0.0208
2026-06-04,0.9976,0.0069
2026-06-05,0.9659,-0.0318
2026-06-08,0.9398,-0.027000000000000003
2026-06-09,0.9887,0.052000000000000005
2026-06-10,0.9669,-0.022000000000000002
2026-06-11,0.9672,0.0003
2026-06-12,0.9683,0.0011
2026-06-15,1.0295,0.0632
2026-06-16,1.0553,0.025099999999999997
2026-06-17,1.0838,0.027000000000000003
2026-06-18,1.1128,0.0268
2026-06-22,1.1355,0.0204
2026-06-23,1.0998,-0.031400000000000004
2026-06-24,1.1302,0.0276
2026-06-25,1.1674,0.0329
2026-06-26,1.1349,-0.0278
2026-06-29,1.1126,-0.0196
2026-06-30,1.1375,0.022400000000000003
2026-07-01,1.1144,-0.0203
2026-07-02,1.0505,-0.057300000000000004
2026-07-03,1.0519,0.0013
2026-07-06,1.0247,-0.0259
2026-07-07,1.0103,-0.0141
2026-07-08,0.9911,-0.019
2026-07-09,1.0272,0.0364
2026-07-10,0.9852,-0.0409
2026-07-13,0.9475,-0.0383
2026-07-14,0.984,0.0385
2026-07-15,0.9576,-0.0268
2026-07-16,0.9242,-0.0349
2026-07-17,0.8566,-0.0731
2026-07-20,0.8351,-0.025099999999999997
2026-07-21,0.8836,0.0581
2026-07-22,0.863,-0.0233
2026-07-23,0.859,-0.0046
2026-07-24,0.8484,-0.0123
2026-07-27,0.8738,0.029900000000000003
2026-07-28,0.8254,-0.0554
2026-07-29,0.8291,0.0045000000000000005
2026-07-30,0.7982,-0.0373
2026-07-31,0.8139,0.0197
2026-08-03,0.7995,-0.0177
2026-08-04,0.8207,0.0265
2026-08-05,0.8312,0.0128
2026-08-06,0.8313,0.0001
2026-08-07,0.8445,0.0159
