date,nav,ret
2011-09-28,1.0,0.0
2011-09-30,1.0,0.0
2011-10-14,1.003,0.003
2011-10-21,0.992,-0.010967
2011-10-28,1.006,0.014113
2011-11-04,1.019,0.012922
2011-11-11,1.011,-0.007851
2011-11-18,0.997,-0.013848000000000001
2011-11-25,0.994,-0.003009
2011-12-02,0.984,-0.01006
2011-12-09,0.975,-0.009146
2011-12-16,0.958,-0.017436
2011-12-23,0.95,-0.008350999999999999
2011-12-27,0.938,-0.012632
2011-12-28,0.937,-0.001066
2011-12-29,0.939,0.002134
2011-12-30,0.947,0.00852
2011-12-31,0.947,0.0
2012-01-04,0.931,-0.016895
2012-01-05,0.915,-0.017186
2012-01-06,0.913,-0.002186
2012-01-09,0.93,0.01862
2012-01-10,0.952,0.023656
2012-01-11,0.954,0.002101
2012-01-12,0.949,-0.005241
2012-01-13,0.926,-0.024236
2012-01-16,0.904,-0.023757999999999998
2012-01-17,0.934,0.033186
2012-01-18,0.913,-0.022484
2012-01-19,0.92,0.007667
2012-01-20,0.94,0.021739
2012-01-30,0.929,-0.011701999999999999
2012-01-31,0.928,-0.001076
2012-02-01,0.921,-0.007542999999999999
2012-02-02,0.941,0.021716000000000003
2012-02-03,0.958,0.018066
2012-02-06,0.965,0.007307
2012-02-07,0.953,-0.012435
2012-02-08,0.973,0.020985999999999998
2012-02-09,0.977,0.004111
2012-02-10,0.976,-0.001024
2012-02-13,0.983,0.0071719999999999996
2012-02-14,0.981,-0.002035
2012-02-15,0.993,0.012232
2012-02-16,0.99,-0.003021
2012-02-17,0.989,-0.00101
2012-02-20,0.99,0.001011
2012-02-21,1.001,0.011111
2012-02-22,1.021,0.01998
2012-02-23,1.02,-0.000979
2012-02-24,1.027,0.006863
2012-02-27,1.027,0.0
2012-02-28,1.018,-0.008763
2012-02-29,1.005,-0.012769999999999998
2012-03-01,1.006,0.000995
2012-03-02,1.018,0.011928000000000001
2012-03-05,1.008,-0.009823
2012-03-06,0.991,-0.016865
2012-03-07,0.99,-0.0010090000000000001
2012-03-08,0.993,0.0030299999999999997
2012-03-09,1.006,0.013092
2012-03-12,1.02,0.013916999999999999
2012-03-13,1.036,0.015686
2012-03-14,1.003,-0.031853
2012-03-15,1.013,0.00997
2012-03-16,1.029,0.015795
2012-03-19,1.033,0.003887
2012-03-20,1.008,-0.024201
2012-03-21,0.998,-0.009921
2012-03-22,0.996,-0.002004
2012-03-23,0.982,-0.014055999999999999
2012-03-26,0.979,-0.003055
2012-03-27,0.975,-0.004086
2012-03-28,0.946,-0.029744000000000003
2012-03-29,0.937,-0.009514
2012-03-30,0.943,0.006403
2012-03-31,0.943,0.0
2012-04-05,0.971,0.029692
2012-04-06,0.977,0.0061790000000000005
2012-04-09,0.968,-0.009212
2012-04-10,0.975,0.007231
2012-04-11,0.974,-0.001026
2012-04-12,0.989,0.0154
2012-04-13,0.993,0.004044
2012-04-16,0.99,-0.003021
2012-04-17,0.976,-0.014140999999999999
2012-04-18,1.0,0.02459
2012-04-19,1.002,0.002
2012-04-20,1.011,0.008982
2012-04-23,0.998,-0.012859
2012-04-24,0.991,-0.007014
2012-04-25,0.991,0.0
2012-04-26,0.987,-0.0040360000000000005
2012-04-27,0.982,-0.005066
2012-05-02,0.995,0.013238000000000002
2012-05-03,1.003,0.00804
2012-05-04,1.015,0.011963999999999999
2012-05-07,1.02,0.004926
2012-05-08,1.013,-0.006863
2012-05-09,1.004,-0.008884999999999999
2012-05-10,1.009,0.00498
2012-05-11,0.998,-0.010902
2012-05-14,0.991,-0.007014
2012-05-15,0.994,0.003027
2012-05-16,0.977,-0.017103
2012-05-17,0.993,0.016377
2012-05-18,0.976,-0.01712
2012-05-21,0.973,-0.003074
2012-05-22,0.988,0.015416000000000001
2012-05-23,0.988,0.0
2012-05-24,0.985,-0.0030359999999999996
2012-05-25,0.971,-0.014213
2012-05-28,0.982,0.011329
2012-05-29,1.002,0.020367000000000003
2012-05-30,1.003,0.000998
2012-05-31,1.002,-0.000997
2012-06-01,1.004,0.001996
2012-06-04,0.976,-0.027888000000000003
2012-06-05,0.969,-0.0071719999999999996
2012-06-06,0.964,-0.0051600000000000005
2012-06-07,0.96,-0.004149
2012-06-08,0.962,0.002083
2012-06-11,0.984,0.022869
2012-06-12,0.981,-0.003049
2012-06-13,1.002,0.021407
2012-06-14,0.998,-0.003992
2012-06-15,0.996,-0.002004
2012-06-18,1.008,0.012048000000000001
2012-06-19,0.998,-0.009921
2012-06-20,0.997,-0.001002
2012-06-21,0.98,-0.017051
2012-06-25,0.956,-0.024489999999999998
2012-06-26,0.956,0.0
2012-06-27,0.958,0.002092
2012-06-28,0.951,-0.007307
2012-06-29,0.966,0.015773
2012-06-30,0.966,0.0
2012-07-02,0.974,0.008282000000000001
2012-07-03,0.977,0.00308
2012-07-04,0.972,-0.005118
2012-07-05,0.959,-0.013373999999999999
2012-07-06,0.979,0.020855000000000002
2012-07-09,0.964,-0.015322
2012-07-10,0.95,-0.014523
2012-07-11,0.952,0.002105
2012-07-12,0.965,0.013654999999999999
2012-07-13,0.963,-0.002073
2012-07-16,0.93,-0.034268
2012-07-17,0.936,0.006452
2012-07-18,0.934,-0.002137
2012-07-19,0.945,0.011777
2012-07-20,0.938,-0.007407
2012-07-23,0.932,-0.006397000000000001
2012-07-24,0.938,0.006438
2012-07-25,0.931,-0.007463
2012-07-26,0.924,-0.0075190000000000005
2012-07-27,0.917,-0.007576
2012-07-30,0.905,-0.013086
2012-07-31,0.904,-0.001105
2012-08-01,0.915,0.012168000000000002
2012-08-02,0.909,-0.0065569999999999995
2012-08-03,0.921,0.013201000000000001
2012-08-06,0.937,0.017372000000000002
2012-08-07,0.938,0.001067
2012-08-08,0.94,0.002132
2012-08-09,0.947,0.0074470000000000005
2012-08-10,0.946,-0.001056
2012-08-13,0.921,-0.026427
2012-08-14,0.921,0.0
2012-08-15,0.916,-0.005429000000000001
2012-08-16,0.909,-0.0076419999999999995
2012-08-17,0.906,-0.0033
2012-08-20,0.905,-0.001104
2012-08-21,0.915,0.011049999999999999
2012-08-22,0.909,-0.0065569999999999995
2012-08-23,0.911,0.0022
2012-08-24,0.902,-0.009879
2012-08-27,0.878,-0.026608
2012-08-28,0.88,0.002278
2012-08-29,0.874,-0.006817999999999999
2012-08-30,0.874,0.0
2012-08-31,0.876,0.002288
2012-09-03,0.894,0.020548
2012-09-04,0.887,-0.00783
2012-09-05,0.887,0.0
2012-09-06,0.891,0.00451
2012-09-07,0.927,0.040404
2012-09-10,0.932,0.0053939999999999995
2012-09-11,0.928,-0.004292000000000001
2012-09-12,0.929,0.001078
2012-09-13,0.92,-0.009688
2012-09-14,0.921,0.001087
2012-09-17,0.893,-0.030402
2012-09-18,0.893,0.0
2012-09-19,0.902,0.010078
2012-09-20,0.883,-0.021064
2012-09-21,0.88,-0.003398
2012-09-24,0.89,0.011364
2012-09-25,0.889,-0.001124
2012-09-26,0.878,-0.012373
2012-09-27,0.9,0.025057
2012-09-28,0.912,0.013333
2012-09-30,0.912,0.0
2012-10-08,0.906,-0.006579000000000001
2012-10-09,0.927,0.023178999999999998
2012-10-10,0.929,0.002157
2012-10-11,0.917,-0.012917000000000001
2012-10-12,0.916,-0.001091
2012-10-15,0.911,-0.005459
2012-10-16,0.909,-0.002195
2012-10-17,0.91,0.0011
2012-10-18,0.923,0.014286
2012-10-19,0.923,0.0
2012-10-22,0.928,0.005417
2012-10-23,0.909,-0.020474000000000003
2012-10-24,0.901,-0.008801
2012-10-25,0.891,-0.011099000000000001
2012-10-26,0.88,-0.012346
2012-10-29,0.874,-0.006817999999999999
2012-10-30,0.868,-0.006865
2012-10-31,0.864,-0.004608
2012-11-01,0.881,0.019676
2012-11-02,0.884,0.003405
2012-11-05,0.879,-0.005656
2012-11-06,0.877,-0.002275
2012-11-07,0.871,-0.006842
2012-11-08,0.848,-0.026406
2012-11-09,0.842,-0.0070750000000000006
2012-11-12,0.847,0.005938
2012-11-13,0.833,-0.016529000000000002
2012-11-14,0.835,0.002401
2012-11-15,0.826,-0.010778000000000001
2012-11-16,0.817,-0.010896
2012-11-19,0.818,0.001224
2012-11-20,0.811,-0.008557
2012-11-21,0.824,0.01603
2012-11-22,0.818,-0.007281999999999999
2012-11-23,0.821,0.003667
2012-11-26,0.809,-0.014616
2012-11-27,0.794,-0.018541000000000002
2012-11-28,0.782,-0.015113000000000001
2012-11-29,0.765,-0.021739
2012-11-30,0.773,0.010458
2012-12-03,0.763,-0.012937
2012-12-04,0.776,0.017038
2012-12-05,0.806,0.03866
2012-12-06,0.806,0.0
2012-12-07,0.818,0.014887999999999998
2012-12-10,0.826,0.00978
2012-12-11,0.819,-0.008475
2012-12-12,0.818,-0.001221
2012-12-13,0.812,-0.007335
2012-12-14,0.853,0.050492999999999996
2012-12-17,0.854,0.001172
2012-12-18,0.848,-0.007026
2012-12-19,0.849,0.0011790000000000001
2012-12-20,0.856,0.008245
2012-12-21,0.855,-0.001168
2012-12-24,0.865,0.009356999999999999
2012-12-25,0.884,0.024333999999999998
2012-12-26,0.888,0.004525
2012-12-27,0.882,-0.006757
2012-12-28,0.905,0.026077
2012-12-31,0.915,0.011049999999999999
2013-01-04,0.911,-0.004372
2013-01-07,0.914,0.003293
2013-01-08,0.912,-0.002188
2013-01-09,0.915,0.0032890000000000003
2013-01-10,0.918,0.0032790000000000002
2013-01-11,0.899,-0.020697
2013-01-14,0.937,0.042268999999999994
2013-01-15,0.948,0.011739999999999999
2013-01-16,0.945,-0.003165
2013-01-17,0.944,-0.0010580000000000001
2013-01-18,0.958,0.014831
2013-01-21,0.962,0.004175
2013-01-22,0.952,-0.010395000000000001
2013-01-23,0.957,0.005252
2013-01-24,0.948,-0.009404000000000001
2013-01-25,0.944,-0.004219
2013-01-28,0.981,0.039195
2013-01-29,0.997,0.01631
2013-01-30,0.996,-0.001003
2013-01-31,0.987,-0.009035999999999999
2013-02-01,1.007,0.020263
2013-02-04,0.998,-0.008937
2013-02-05,1.007,0.009018
2013-02-06,1.012,0.004965
2013-02-07,1.021,0.008893
2013-02-08,1.037,0.015671
2013-02-18,1.031,-0.005786
2013-02-19,1.007,-0.023278
2013-02-20,1.029,0.021847
2013-02-21,1.007,-0.02138
2013-02-22,1.005,-0.001986
2013-02-25,1.015,0.00995
2013-02-26,1.005,-0.009852
2013-02-27,1.001,-0.00398
2013-02-28,1.025,0.023976
2013-03-01,1.036,0.010731999999999998
2013-03-04,0.997,-0.037645
2013-03-05,1.03,0.033098999999999996
2013-03-06,1.049,0.018447
2013-03-07,1.034,-0.014299
2013-03-08,1.024,-0.009670999999999999
2013-03-11,1.023,-0.000977
2013-03-12,1.0,-0.022483
2013-03-13,0.985,-0.015
2013-03-14,0.996,0.011168
2013-03-15,1.003,0.0070279999999999995
2013-03-18,0.996,-0.006979
2013-03-19,0.989,-0.0070279999999999995
2013-03-20,1.02,0.031345
2013-03-21,1.033,0.012745
2013-03-22,1.039,0.005808
2013-03-25,1.033,-0.005775
2013-03-26,1.03,-0.002904
2013-03-27,1.038,0.007767
2013-03-28,1.017,-0.020231
2013-03-29,1.011,-0.0059
2013-04-01,1.015,0.003956
2013-04-02,0.989,-0.025616
2013-04-03,0.981,-0.008088999999999999
2013-04-08,0.995,0.014271
2013-04-09,0.999,0.00402
2013-04-10,0.987,-0.012012
2013-04-11,0.983,-0.004053
2013-04-12,0.979,-0.004069
2013-04-15,0.966,-0.013279000000000001
2013-04-16,0.977,0.011387000000000001
2013-04-17,0.989,0.012282
2013-04-18,0.995,0.006067
2013-04-19,1.019,0.024121
2013-04-22,1.027,0.007851
2013-04-23,0.999,-0.027264
2013-04-24,1.032,0.033033
2013-04-25,1.013,-0.018411
2013-04-26,0.994,-0.018756
2013-05-02,1.005,0.011066
2013-05-03,1.026,0.020895999999999998
2013-05-06,1.054,0.027290000000000002
2013-05-07,1.059,0.004744
2013-05-08,1.068,0.008499
2013-05-09,1.074,0.005618
2013-05-10,1.067,-0.006518
2013-05-13,1.069,0.001874
2013-05-14,1.055,-0.013096000000000002
2013-05-15,1.08,0.023697
2013-05-16,1.09,0.009259
2013-05-17,1.11,0.018349
2013-05-20,1.118,0.007207
2013-05-21,1.135,0.015205999999999999
2013-05-22,1.113,-0.019382999999999997
2013-05-23,1.103,-0.008985
2013-05-24,1.135,0.029011999999999996
2013-05-27,1.145,0.008811
2013-05-28,1.134,-0.009607
2013-05-29,1.138,0.003527
2013-05-30,1.136,-0.0017569999999999999
2013-05-31,1.124,-0.010563
2013-06-03,1.112,-0.010676000000000001
2013-06-04,1.086,-0.023381
2013-06-05,1.094,0.007366
2013-06-06,1.083,-0.010055000000000001
2013-06-07,1.075,-0.007387
2013-06-13,1.059,-0.014884
2013-06-14,1.093,0.032105999999999996
2013-06-17,1.098,0.004575
2013-06-18,1.091,-0.006375
2013-06-19,1.085,-0.0055000000000000005
2013-06-20,1.054,-0.028571
2013-06-21,1.049,-0.004744
2013-06-24,1.001,-0.045758
2013-06-25,1.022,0.020979
2013-06-26,1.063,0.040117
2013-06-27,1.053,-0.009407
2013-06-28,1.043,-0.009497
2013-06-30,1.043,0.0
2013-07-01,1.064,0.020134
2013-07-02,1.088,0.022556
2013-07-03,1.091,0.002757
2013-07-04,1.09,-0.0009170000000000001
2013-07-05,1.077,-0.011927
2013-07-08,1.046,-0.028784
2013-07-09,1.043,-0.002868
2013-07-10,1.067,0.023011
2013-07-11,1.096,0.027179000000000002
2013-07-12,1.092,-0.00365
2013-07-15,1.133,0.037545999999999996
2013-07-16,1.149,0.014122
2013-07-17,1.133,-0.013925
2013-07-18,1.139,0.0052959999999999995
2013-07-19,1.125,-0.012291000000000002
2013-07-22,1.148,0.020444
2013-07-23,1.181,0.028746
2013-07-24,1.179,-0.001693
2013-07-25,1.147,-0.027142
2013-07-26,1.145,-0.0017439999999999999
2013-07-29,1.138,-0.0061140000000000005
2013-07-30,1.123,-0.013181
2013-07-31,1.125,0.001781
2013-08-01,1.163,0.033778
2013-08-02,1.17,0.006019
2013-08-05,1.2,0.025640999999999997
2013-08-06,1.216,0.013333
2013-08-07,1.196,-0.016447
2013-08-08,1.207,0.009197
2013-08-09,1.211,0.0033139999999999997
2013-08-12,1.206,-0.004129
2013-08-13,1.207,0.000829
2013-08-14,1.205,-0.0016569999999999998
2013-08-15,1.185,-0.016597999999999998
2013-08-16,1.159,-0.021941000000000002
2013-08-19,1.19,0.026747
2013-08-20,1.193,0.002521
2013-08-21,1.194,0.000838
2013-08-22,1.202,0.0067
2013-08-23,1.207,0.00416
2013-08-26,1.23,0.019056
2013-08-27,1.236,0.004878
2013-08-28,1.208,-0.022654
2013-08-29,1.201,-0.005795
2013-08-30,1.16,-0.034138
2013-09-02,1.178,0.015517000000000001
2013-09-03,1.197,0.016129
2013-09-04,1.194,-0.002506
2013-09-05,1.204,0.008375
2013-09-06,1.205,0.0008309999999999999
2013-09-09,1.218,0.010787999999999999
2013-09-10,1.223,0.004105
2013-09-11,1.194,-0.023712
2013-09-12,1.202,0.0067
2013-09-13,1.203,0.000832
2013-09-16,1.208,0.004156
2013-09-17,1.183,-0.020695
2013-09-18,1.186,0.002536
2013-09-23,1.215,0.024451999999999998
2013-09-24,1.209,-0.0049380000000000005
2013-09-25,1.204,-0.004136
2013-09-26,1.195,-0.007475000000000001
2013-09-27,1.203,0.0066949999999999996
2013-09-30,1.213,0.008313000000000001
2013-10-08,1.25,0.030503
2013-10-09,1.267,0.013600000000000001
2013-10-10,1.262,-0.003946
2013-10-11,1.274,0.009509
2013-10-14,1.282,0.006279
2013-10-15,1.278,-0.00312
2013-10-16,1.246,-0.025039
2013-10-17,1.237,-0.007223
2013-10-18,1.245,0.0064670000000000005
2013-10-21,1.28,0.028111999999999998
2013-10-22,1.265,-0.011719
2013-10-23,1.226,-0.030830000000000003
2013-10-24,1.213,-0.010604
2013-10-25,1.194,-0.015664
2013-10-28,1.201,0.005863
2013-10-29,1.172,-0.024147
2013-10-30,1.184,0.010239
2013-10-31,1.156,-0.023649
2013-11-01,1.155,-0.0008649999999999999
2013-11-04,1.168,0.011255
2013-11-05,1.188,0.017123
2013-11-06,1.178,-0.008418
2013-11-07,1.155,-0.019525
2013-11-08,1.14,-0.012987
2013-11-11,1.155,0.013158000000000001
2013-11-12,1.165,0.008658
2013-11-13,1.143,-0.018884
2013-11-14,1.162,0.016623000000000002
2013-11-15,1.182,0.017212
2013-11-18,1.206,0.020305
2013-11-19,1.209,0.0024879999999999998
2013-11-20,1.22,0.009098
2013-11-21,1.215,-0.004098
2013-11-22,1.198,-0.013992
2013-11-25,1.191,-0.005843
2013-11-26,1.198,0.005877
2013-11-27,1.225,0.022538
2013-11-28,1.234,0.007347
2013-11-29,1.249,0.012156
2013-12-02,1.188,-0.048838999999999994
2013-12-03,1.215,0.022727
2013-12-04,1.229,0.011523
2013-12-05,1.201,-0.022783
2013-12-06,1.183,-0.014988
2013-12-09,1.201,0.015216
2013-12-10,1.204,0.002498
2013-12-11,1.196,-0.006645
2013-12-12,1.214,0.01505
2013-12-13,1.211,-0.0024709999999999997
2013-12-16,1.197,-0.011560999999999998
2013-12-17,1.194,-0.002506
2013-12-18,1.197,0.002513
2013-12-19,1.187,-0.008354
2013-12-20,1.183,-0.00337
2013-12-23,1.185,0.001691
2013-12-24,1.197,0.010126999999999999
2013-12-25,1.222,0.020886000000000002
2013-12-26,1.2,-0.018003
2013-12-27,1.217,0.014167
2013-12-30,1.215,-0.001643
2013-12-31,1.217,0.001646
2014-01-02,1.237,0.016434
2014-01-03,1.242,0.0040420000000000005
2014-01-06,1.218,-0.019323999999999997
2014-01-07,1.233,0.012315
2014-01-08,1.251,0.014598999999999999
2014-01-09,1.232,-0.015188
2014-01-10,1.203,-0.023538999999999997
2014-01-13,1.205,0.001663
2014-01-14,1.224,0.015768
2014-01-15,1.248,0.019608
2014-01-16,1.244,-0.003205
2014-01-17,1.237,-0.005627
2014-01-20,1.235,-0.0016170000000000002
2014-01-21,1.255,0.016194
2014-01-22,1.279,0.019124000000000002
2014-01-23,1.295,0.012509999999999999
2014-01-24,1.307,0.009266
2014-01-27,1.308,0.000765
2014-01-28,1.303,-0.0038229999999999996
2014-01-29,1.334,0.023791000000000003
2014-01-30,1.325,-0.0067469999999999995
2014-02-07,1.36,0.026415
2014-02-10,1.39,0.022059000000000002
2014-02-11,1.379,-0.007914
2014-02-12,1.387,0.005801
2014-02-13,1.349,-0.027397
2014-02-14,1.366,0.012602
2014-02-17,1.394,0.020498
2014-02-18,1.398,0.002869
2014-02-19,1.384,-0.010014
2014-02-20,1.354,-0.021676
2014-02-21,1.351,-0.002216
2014-02-24,1.362,0.008142
2014-02-25,1.315,-0.034508000000000004
2014-02-26,1.314,-0.0007599999999999999
2014-02-27,1.294,-0.015221
2014-02-28,1.305,0.008501
2014-03-03,1.331,0.019923
2014-03-04,1.316,-0.01127
2014-03-05,1.305,-0.008359
2014-03-06,1.305,0.0
2014-03-07,1.3,-0.0038309999999999998
2014-03-10,1.252,-0.036923
2014-03-11,1.252,0.0
2014-03-12,1.254,0.0015970000000000001
2014-03-13,1.275,0.016746
2014-03-14,1.273,-0.001569
2014-03-17,1.293,0.015711
2014-03-18,1.297,0.003094
2014-03-19,1.289,-0.006168
2014-03-20,1.248,-0.031808
2014-03-21,1.266,0.014422999999999998
2014-03-24,1.272,0.004739
2014-03-25,1.268,-0.0031450000000000002
2014-03-26,1.284,0.012618
2014-03-27,1.256,-0.021807
2014-03-28,1.222,-0.027069999999999997
2014-03-31,1.228,0.00491
2014-04-01,1.268,0.032573
2014-04-02,1.271,0.002366
2014-04-03,1.277,0.004721
2014-04-04,1.284,0.005482
2014-04-08,1.286,0.001558
2014-04-09,1.302,0.012442
2014-04-10,1.32,0.013825
2014-04-11,1.311,-0.006817999999999999
2014-04-14,1.311,0.0
2014-04-15,1.292,-0.014493
2014-04-16,1.293,0.000774
2014-04-17,1.292,-0.0007729999999999999
2014-04-18,1.306,0.010835999999999998
2014-04-21,1.288,-0.013783
2014-04-22,1.264,-0.018633999999999998
2014-04-23,1.25,-0.011075999999999999
2014-04-24,1.238,-0.0096
2014-04-25,1.213,-0.020194
2014-04-28,1.188,-0.02061
2014-04-29,1.208,0.016835
2014-04-30,1.218,0.008278
2014-05-05,1.232,0.011493999999999999
2014-05-06,1.237,0.004058
2014-05-07,1.218,-0.01536
2014-05-08,1.213,-0.004105
2014-05-09,1.205,-0.006595
2014-05-12,1.231,0.021577000000000002
2014-05-13,1.227,-0.003249
2014-05-14,1.227,0.0
2014-05-15,1.203,-0.01956
2014-05-16,1.193,-0.008313000000000001
2014-05-19,1.186,-0.005868
2014-05-20,1.19,0.0033729999999999997
2014-05-21,1.205,0.012605
2014-05-22,1.209,0.00332
2014-05-23,1.236,0.022333
2014-05-26,1.255,0.015371999999999999
2014-05-27,1.245,-0.007968
2014-05-28,1.267,0.017671
2014-05-29,1.257,-0.007893
2014-05-30,1.256,-0.000796
2014-06-03,1.25,-0.004777
2014-06-04,1.246,-0.0032
2014-06-05,1.268,0.017657
2014-06-06,1.268,0.0
2014-06-09,1.254,-0.011041
2014-06-10,1.27,0.012759
2014-06-11,1.289,0.014961
2014-06-12,1.291,0.001552
2014-06-13,1.308,0.013168
2014-06-16,1.313,0.0038229999999999996
2014-06-17,1.294,-0.014471000000000001
2014-06-18,1.297,0.002318
2014-06-19,1.263,-0.026214
2014-06-20,1.281,0.014252
2014-06-23,1.28,-0.000781
2014-06-24,1.281,0.000781
2014-06-25,1.276,-0.003903
2014-06-26,1.291,0.011755
2014-06-27,1.287,-0.003098
2014-06-30,1.299,0.009324
2014-07-01,1.303,0.003079
2014-07-02,1.306,0.002302
2014-07-03,1.325,0.014548
2014-07-04,1.321,-0.003019
2014-07-07,1.304,-0.012868999999999998
2014-07-08,1.307,0.002301
2014-07-09,1.292,-0.011477
2014-07-10,1.278,-0.010835999999999998
2014-07-11,1.283,0.003912
2014-07-14,1.3,0.01325
2014-07-15,1.29,-0.007692
2014-07-16,1.279,-0.008527
2014-07-17,1.274,-0.003909
2014-07-18,1.278,0.00314
2014-07-21,1.282,0.00313
2014-07-22,1.305,0.017941
2014-07-23,1.297,-0.00613
2014-07-24,1.294,-0.002313
2014-07-25,1.288,-0.004637
2014-07-28,1.311,0.017857
2014-07-29,1.331,0.015256
2014-07-30,1.343,0.009016
2014-07-31,1.349,0.004468
2014-08-01,1.329,-0.014825999999999999
2014-08-04,1.343,0.010533999999999998
2014-08-05,1.355,0.008935
2014-08-06,1.366,0.008118
2014-08-07,1.353,-0.009517
2014-08-08,1.368,0.011086
2014-08-11,1.386,0.013158000000000001
2014-08-12,1.386,0.0
2014-08-13,1.384,-0.001443
2014-08-14,1.377,-0.005058
2014-08-15,1.395,0.013071999999999999
2014-08-18,1.413,0.012903
2014-08-19,1.416,0.002123
2014-08-20,1.415,-0.0007059999999999999
2014-08-21,1.422,0.004947
2014-08-22,1.431,0.006329
2014-08-25,1.419,-0.008386
2014-08-26,1.387,-0.022551
2014-08-27,1.393,0.004326
2014-08-28,1.382,-0.007897
2014-08-29,1.398,0.011576999999999999
2014-09-01,1.427,0.020744
2014-09-02,1.449,0.015417
2014-09-03,1.46,0.007591
2014-09-04,1.472,0.008218999999999999
2014-09-05,1.476,0.002717
2014-09-09,1.479,0.002033
2014-09-10,1.488,0.006085
2014-09-11,1.486,-0.001344
2014-09-12,1.504,0.012113
2014-09-15,1.528,0.015957
2014-09-16,1.466,-0.040576
2014-09-17,1.473,0.004775
2014-09-18,1.483,0.006789
2014-09-19,1.506,0.015509
2014-09-22,1.482,-0.015936
2014-09-23,1.494,0.008097
2014-09-24,1.525,0.02075
2014-09-25,1.535,0.0065569999999999995
2014-09-26,1.543,0.005212
2014-09-29,1.557,0.009073
2014-09-30,1.577,0.012845
2014-10-08,1.584,0.004439
2014-10-09,1.584,0.0
2014-10-10,1.571,-0.008206999999999999
2014-10-13,1.568,-0.00191
2014-10-14,1.568,0.0
2014-10-15,1.564,-0.002551
2014-10-16,1.517,-0.030051
2014-10-17,1.5,-0.011206
2014-10-20,1.535,0.023333
2014-10-21,1.526,-0.005863
2014-10-22,1.506,-0.013106
2014-10-23,1.5,-0.003984
2014-10-24,1.502,0.001333
2014-10-27,1.519,0.011318
2014-10-28,1.554,0.023041
2014-10-29,1.557,0.001931
2014-10-30,1.557,0.0
2014-10-31,1.555,-0.0012850000000000001
2014-11-03,1.563,0.005144999999999999
2014-11-04,1.543,-0.012796
2014-11-05,1.534,-0.0058330000000000005
2014-11-06,1.549,0.009778
2014-11-07,1.549,0.0
2014-11-10,1.561,0.007747
2014-11-11,1.515,-0.029468
2014-11-12,1.546,0.020461999999999998
2014-11-13,1.524,-0.01423
2014-11-14,1.516,-0.005249
2014-11-17,1.536,0.013193
2014-11-18,1.543,0.004557
2014-11-19,1.564,0.01361
2014-11-20,1.556,-0.005115
2014-11-21,1.582,0.01671
2014-11-24,1.601,0.01201
2014-11-25,1.645,0.027483
2014-11-26,1.652,0.004255
2014-11-27,1.654,0.001211
2014-11-28,1.66,0.003628
2014-12-01,1.639,-0.012650999999999999
2014-12-02,1.662,0.014033
2014-12-03,1.669,0.0042120000000000005
2014-12-04,1.704,0.020971000000000004
2014-12-05,1.675,-0.017019
2014-12-08,1.658,-0.010148999999999998
2014-12-09,1.6,-0.034982
2014-12-10,1.632,0.02
2014-12-11,1.655,0.014093
2014-12-12,1.689,0.020543999999999996
2014-12-15,1.733,0.026051
2014-12-16,1.724,-0.005193
2014-12-17,1.707,-0.009861
2014-12-18,1.708,0.000586
2014-12-19,1.673,-0.020492
2014-12-22,1.587,-0.051405000000000006
2014-12-23,1.538,-0.030876
2014-12-24,1.572,0.022107
2014-12-25,1.595,0.014631
2014-12-26,1.597,0.0012540000000000001
2014-12-29,1.558,-0.024420999999999998
2014-12-30,1.534,-0.015404
2014-12-31,1.562,0.018253
2015-01-05,1.549,-0.008323
2015-01-06,1.569,0.012912
2015-01-07,1.558,-0.007011
2015-01-08,1.556,-0.0012839999999999998
2015-01-09,1.549,-0.004499
2015-01-12,1.553,0.0025819999999999997
2015-01-13,1.592,0.025113
2015-01-14,1.581,-0.0069099999999999995
2015-01-15,1.571,-0.006325
2015-01-16,1.603,0.020369
2015-01-19,1.567,-0.022458
2015-01-20,1.633,0.042119
2015-01-21,1.65,0.010409999999999999
2015-01-22,1.68,0.018182
2015-01-23,1.644,-0.021429
2015-01-26,1.686,0.025547
2015-01-27,1.698,0.007117
2015-01-28,1.688,-0.005889
2015-01-29,1.667,-0.012441
2015-01-30,1.645,-0.013197
2015-02-02,1.657,0.007295
2015-02-03,1.694,0.022330000000000003
2015-02-04,1.683,-0.006494
2015-02-05,1.706,0.013666000000000001
2015-02-06,1.66,-0.026964000000000002
2015-02-09,1.629,-0.018675
2015-02-10,1.649,0.012277
2015-02-11,1.693,0.026683
2015-02-12,1.717,0.014176
2015-02-13,1.75,0.01922
2015-02-16,1.819,0.039429
2015-02-17,1.82,0.00055
2015-02-25,1.785,-0.019231
2015-02-26,1.772,-0.0072829999999999995
2015-02-27,1.81,0.021445
2015-03-02,1.875,0.035912
2015-03-03,1.851,-0.0128
2015-03-04,1.888,0.019989
2015-03-05,1.903,0.007945
2015-03-06,1.84,-0.033106
2015-03-09,1.869,0.015761
2015-03-10,1.901,0.017121
2015-03-11,1.918,0.008943
2015-03-12,1.91,-0.004171
2015-03-13,1.955,0.023559999999999998
2015-03-16,2.033,0.039897999999999996
2015-03-17,2.044,0.005411
2015-03-18,2.052,0.003914
2015-03-19,2.033,-0.009259
2015-03-20,2.069,0.017707999999999998
2015-03-23,2.149,0.038666
2015-03-24,2.187,0.017683
2015-03-25,2.222,0.016004
2015-03-26,2.15,-0.032403
2015-03-27,2.185,0.016279
2015-03-30,2.187,0.000915
2015-03-31,2.221,0.015545999999999999
2015-04-01,2.299,0.035119
2015-04-02,2.356,0.024793
2015-04-03,2.396,0.016978
2015-04-07,2.47,0.030885
2015-04-08,2.43,-0.016194
2015-04-09,2.447,0.006996
2015-04-10,2.549,0.041684
2015-04-13,2.657,0.04237
2015-04-14,2.678,0.007904
2015-04-15,2.594,-0.031367
2015-04-16,2.614,0.00771
2015-04-17,2.576,-0.014537
2015-04-20,2.5,-0.029502999999999998
2015-04-21,2.618,0.0472
2015-04-22,2.661,0.016425000000000002
2015-04-23,2.704,0.016159
2015-04-24,2.712,0.002959
2015-04-27,2.69,-0.008112000000000001
2015-04-28,2.607,-0.030855
2015-04-29,2.67,0.024166
2015-04-30,2.708,0.014232
2015-05-04,2.682,-0.009601
2015-05-05,2.577,-0.03915
2015-05-06,2.629,0.020179
2015-05-07,2.637,0.003043
2015-05-08,2.793,0.059158
2015-05-11,2.979,0.066595
2015-05-12,3.106,0.042632
2015-05-13,3.054,-0.016742
2015-05-14,3.027,-0.008841
2015-05-15,3.027,0.0
2015-05-18,3.149,0.040304
2015-05-19,3.192,0.013654999999999999
2015-05-20,3.258,0.020676999999999997
2015-05-21,3.344,0.026397
2015-05-22,3.344,0.0
2015-05-25,3.308,-0.010766
2015-05-26,3.465,0.047461
2015-05-27,3.428,-0.010678
2015-05-28,3.231,-0.057468000000000005
2015-05-29,3.322,0.028165
2015-06-01,3.531,0.062914
2015-06-02,3.713,0.051543
2015-06-03,3.815,0.027471000000000002
2015-06-04,3.837,0.0057669999999999996
2015-06-05,3.793,-0.011467
2015-06-08,3.632,-0.042447
2015-06-09,3.632,0.0
2015-06-10,3.718,0.023677999999999998
2015-06-11,3.765,0.012641
2015-06-12,3.782,0.004515
2015-06-15,3.612,-0.044950000000000004
2015-06-16,3.402,-0.05814
2015-06-17,3.522,0.035273
2015-06-18,3.353,-0.047984
2015-06-19,3.113,-0.071578
2015-06-23,3.126,0.004176
2015-06-24,3.119,-0.0022389999999999997
2015-06-25,2.953,-0.053222
2015-06-26,2.664,-0.097867
2015-06-29,2.433,-0.08671200000000001
2015-06-30,2.57,0.056309
2015-07-01,2.457,-0.043968999999999994
2015-07-02,2.302,-0.063085
2015-07-03,2.216,-0.037359
2015-07-06,2.101,-0.051895
2015-07-07,1.954,-0.069967
2015-07-08,1.87,-0.042989
2015-07-09,1.957,0.046524
2015-07-10,2.065,0.055187
2015-07-13,2.225,0.077482
2015-07-14,2.236,0.0049440000000000005
2015-07-15,2.102,-0.059928
2015-07-16,2.096,-0.0028539999999999998
2015-07-17,2.227,0.0625
2015-07-20,2.311,0.037719
2015-07-21,2.367,0.024232
2015-07-22,2.409,0.017744
2015-07-23,2.476,0.027812
2015-07-24,2.469,-0.002827
2015-07-27,2.268,-0.08140900000000001
2015-07-28,2.166,-0.044974
2015-07-29,2.288,0.056325
2015-07-30,2.191,-0.042394999999999995
2015-07-31,2.096,-0.043358999999999995
2015-08-03,1.975,-0.057729
2015-08-04,2.093,0.059747
2015-08-05,2.06,-0.015767
2015-08-06,2.046,-0.006796
2015-08-07,2.127,0.039589
2015-08-10,2.267,0.06582
2015-08-11,2.295,0.012351
2015-08-12,2.226,-0.030064999999999998
2015-08-13,2.277,0.022911
2015-08-14,2.275,-0.000878
2015-08-17,2.3,0.010989
2015-08-18,2.137,-0.07087
2015-08-19,2.2,0.029481
2015-08-20,2.112,-0.04
2015-08-21,1.972,-0.066288
2015-08-24,1.833,-0.07048700000000001
2015-08-25,1.7,-0.072559
2015-08-26,1.613,-0.051176000000000006
2015-08-27,1.67,0.035338
2015-08-28,1.777,0.06407199999999999
2015-08-31,1.709,-0.038267
2015-09-01,1.597,-0.065535
2015-09-02,1.553,-0.027552
2015-09-07,1.577,0.015454
2015-09-08,1.668,0.057705
2015-09-09,1.746,0.046763000000000006
2015-09-10,1.713,-0.0189
2015-09-11,1.744,0.018097000000000002
2015-09-14,1.624,-0.06880700000000001
2015-09-15,1.537,-0.053571
2015-09-16,1.626,0.057905
2015-09-17,1.614,-0.00738
2015-09-18,1.644,0.018587
2015-09-21,1.726,0.049878
2015-09-22,1.734,0.004635
2015-09-23,1.728,-0.0034599999999999995
2015-09-24,1.749,0.012153
2015-09-25,1.687,-0.035449
2015-09-28,1.752,0.03853
2015-09-29,1.736,-0.009132
2015-09-30,1.73,-0.0034560000000000003
2015-10-08,1.803,0.042197
2015-10-09,1.819,0.008874
2015-10-12,1.891,0.039582
2015-10-13,1.925,0.01798
2015-10-14,1.865,-0.031169
2015-10-15,1.933,0.036461
2015-10-16,1.967,0.017589
2015-10-19,1.983,0.008134
2015-10-20,2.03,0.023701
2015-10-21,1.942,-0.04335
2015-10-22,2.055,0.058186999999999996
2015-10-23,2.142,0.042336
2015-10-26,2.152,0.0046689999999999995
2015-10-27,2.191,0.018123
2015-10-28,2.104,-0.039708
2015-10-29,2.178,0.035171
2015-10-30,2.23,0.023875
2015-11-02,2.154,-0.034081
2015-11-03,2.138,-0.007428000000000001
2015-11-04,2.267,0.060336999999999995
2015-11-05,2.265,-0.000882
2015-11-06,2.361,0.042384000000000005
2015-11-09,2.435,0.031343
2015-11-10,2.464,0.01191
2015-11-11,2.511,0.019074999999999998
2015-11-12,2.519,0.003186
2015-11-13,2.423,-0.03811
2015-11-16,2.472,0.020223
2015-11-17,2.449,-0.009304
2015-11-18,2.387,-0.025316
2015-11-19,2.499,0.046921
2015-11-20,2.556,0.022809
2015-11-23,2.513,-0.016822999999999998
2015-11-24,2.553,0.015917
2015-11-25,2.648,0.037211
2015-11-26,2.627,-0.007931
2015-11-27,2.483,-0.054814999999999996
2015-11-30,2.517,0.013693
2015-12-01,2.433,-0.033373
2015-12-02,2.391,-0.017263
2015-12-03,2.465,0.030949
2015-12-04,2.465,0.0
2015-12-07,2.507,0.017039
2015-12-08,2.5,-0.002792
2015-12-09,2.509,0.0036
2015-12-10,2.477,-0.012754000000000001
2015-12-11,2.444,-0.013323
2015-12-14,2.454,0.004092
2015-12-15,2.513,0.024041999999999997
2015-12-16,2.538,0.009948
2015-12-17,2.625,0.034279000000000004
2015-12-18,2.624,-0.00038100000000000005
2015-12-21,2.592,-0.012195000000000001
2015-12-22,2.611,0.00733
2015-12-23,2.557,-0.020682
2015-12-24,2.553,-0.001564
2015-12-25,2.582,0.011359
2015-12-28,2.528,-0.020914000000000002
2015-12-29,2.529,0.00039600000000000003
2015-12-30,2.545,0.006327
2015-12-31,2.504,-0.01611
2016-01-04,2.283,-0.088259
2016-01-05,2.162,-0.053
2016-01-06,2.203,0.018964
2016-01-07,2.011,-0.08715400000000001
2016-01-08,2.032,0.010443000000000001
2016-01-11,1.896,-0.066929
2016-01-12,1.904,0.004219
2016-01-13,1.832,-0.037815
2016-01-14,1.908,0.041485
2016-01-15,1.856,-0.027254
2016-01-18,1.9,0.023707
2016-01-19,1.959,0.031053
2016-01-20,1.967,0.004084
2016-01-21,1.873,-0.047789
2016-01-22,1.894,0.011212
2016-01-25,1.905,0.005808
2016-01-26,1.761,-0.075591
2016-01-27,1.73,-0.017603999999999998
2016-01-28,1.637,-0.053757
2016-01-29,1.689,0.031765
2016-02-01,1.68,-0.005329
2016-02-02,1.749,0.041070999999999996
2016-02-03,1.781,0.018296
2016-02-04,1.838,0.032004000000000005
2016-02-05,1.82,-0.009793
2016-02-15,1.844,0.013186999999999999
2016-02-16,1.91,0.035792000000000004
2016-02-17,1.895,-0.007853
2016-02-18,1.873,-0.011609000000000001
2016-02-19,1.869,-0.0021360000000000003
2016-02-22,1.905,0.019261999999999998
2016-02-23,1.875,-0.015747999999999998
2016-02-24,1.832,-0.022933
2016-02-25,1.698,-0.073144
2016-02-26,1.687,-0.006478
2016-02-29,1.597,-0.053349
2016-03-01,1.629,0.020038
2016-03-02,1.704,0.046041
2016-03-03,1.695,-0.005282
2016-03-04,1.622,-0.043068
2016-03-07,1.651,0.017879
2016-03-08,1.674,0.013931
2016-03-09,1.64,-0.020311
2016-03-10,1.595,-0.027439
2016-03-11,1.592,-0.0018809999999999999
2016-03-14,1.67,0.048995
2016-03-15,1.649,-0.012575000000000001
2016-03-16,1.634,-0.009096
2016-03-17,1.716,0.050184
2016-03-18,1.799,0.048368
2016-03-21,1.837,0.021123
2016-03-22,1.833,-0.002177
2016-03-23,1.843,0.005456
2016-03-24,1.818,-0.013565
2016-03-25,1.843,0.013751
2016-03-28,1.832,-0.0059689999999999995
2016-03-29,1.775,-0.031114000000000003
2016-03-30,1.847,0.040563
2016-03-31,1.867,0.010827999999999999
2016-04-01,1.837,-0.016069
2016-04-05,1.886,0.026674000000000003
2016-04-06,1.884,-0.00106
2016-04-07,1.854,-0.015924
2016-04-08,1.823,-0.016721
2016-04-11,1.869,0.025233
2016-04-12,1.848,-0.011236
2016-04-13,1.868,0.010823000000000001
2016-04-14,1.903,0.018737
2016-04-15,1.901,-0.001051
2016-04-18,1.885,-0.008417000000000001
2016-04-19,1.889,0.002122
2016-04-20,1.81,-0.041821000000000004
2016-04-21,1.79,-0.011049999999999999
2016-04-22,1.816,0.014525
2016-04-25,1.803,-0.0071589999999999996
2016-04-26,1.824,0.011647000000000001
2016-04-27,1.839,0.008224
2016-04-28,1.839,0.0
2016-04-29,1.843,0.002175
2016-05-03,1.906,0.034183
2016-05-04,1.904,-0.001049
2016-05-05,1.913,0.004727
2016-05-06,1.851,-0.03241
2016-05-09,1.816,-0.018909
2016-05-10,1.8,-0.008811
2016-05-11,1.77,-0.016667
2016-05-12,1.794,0.013559000000000002
2016-05-13,1.794,0.0
2016-05-16,1.836,0.023411
2016-05-17,1.826,-0.005447
2016-05-18,1.78,-0.025192000000000003
2016-05-19,1.796,0.008989
2016-05-20,1.814,0.010022
2016-05-23,1.849,0.019294
2016-05-24,1.827,-0.011897999999999999
2016-05-25,1.814,-0.007115
2016-05-26,1.839,0.013782
2016-05-27,1.836,-0.0016309999999999999
2016-05-30,1.827,-0.004902
2016-05-31,1.894,0.036671999999999996
2016-06-01,1.915,0.011088
2016-06-02,1.943,0.014621
2016-06-03,1.939,-0.002059
2016-06-06,1.959,0.010315000000000001
2016-06-07,1.978,0.009699
2016-06-08,1.974,-0.002022
2016-06-13,1.869,-0.053190999999999995
2016-06-14,1.889,0.010701
2016-06-15,1.977,0.046585
2016-06-16,1.983,0.003035
2016-06-17,1.972,-0.005547
2016-06-20,1.988,0.008114
2016-06-21,1.946,-0.021126999999999996
2016-06-22,1.976,0.015416000000000001
2016-06-23,1.964,-0.006072999999999999
2016-06-24,1.967,0.001527
2016-06-27,2.012,0.022877
2016-06-28,2.004,-0.003976
2016-06-29,2.0,-0.001996
2016-06-30,1.984,-0.008
2016-07-01,1.976,-0.004032
2016-07-04,2.007,0.015688
2016-07-05,1.998,-0.004484
2016-07-06,2.013,0.007508
2016-07-07,2.02,0.003477
2016-07-08,2.003,-0.008416
2016-07-11,1.976,-0.01348
2016-07-12,1.977,0.0005059999999999999
2016-07-13,1.988,0.005564
2016-07-14,1.988,0.0
2016-07-15,1.976,-0.0060360000000000006
2016-07-18,1.95,-0.013158000000000001
2016-07-19,1.956,0.003077
2016-07-20,1.967,0.0056240000000000005
2016-07-21,1.959,-0.004067
2016-07-22,1.924,-0.017866
2016-07-25,1.904,-0.010395000000000001
2016-07-26,1.915,0.005777
2016-07-27,1.826,-0.046475
2016-07-28,1.814,-0.006572
2016-07-29,1.795,-0.010474
2016-08-01,1.772,-0.012813000000000001
2016-08-02,1.778,0.003386
2016-08-03,1.782,0.0022500000000000003
2016-08-04,1.797,0.008418
2016-08-05,1.786,-0.006121
2016-08-08,1.822,0.020156999999999998
2016-08-09,1.836,0.007684
2016-08-10,1.828,-0.004357
2016-08-11,1.793,-0.019147
2016-08-12,1.806,0.0072499999999999995
2016-08-15,1.85,0.024363000000000003
2016-08-16,1.85,0.0
2016-08-17,1.867,0.009189000000000001
2016-08-18,1.86,-0.003749
2016-08-19,1.863,0.001613
2016-08-22,1.844,-0.010199
2016-08-23,1.853,0.004881
2016-08-24,1.867,0.007554999999999999
2016-08-25,1.862,-0.002678
2016-08-26,1.871,0.004834
2016-08-29,1.876,0.002672
2016-08-30,1.866,-0.0053300000000000005
2016-08-31,1.869,0.001608
2016-09-01,1.843,-0.013911
2016-09-02,1.826,-0.009224
2016-09-05,1.843,0.00931
2016-09-06,1.875,0.017363
2016-09-07,1.875,0.0
2016-09-08,1.878,0.0016
2016-09-09,1.865,-0.006922
2016-09-12,1.819,-0.024665
2016-09-13,1.821,0.0011
2016-09-14,1.801,-0.010983
2016-09-19,1.825,0.013326
2016-09-20,1.819,-0.0032879999999999997
2016-09-21,1.816,-0.0016489999999999999
2016-09-22,1.831,0.00826
2016-09-23,1.83,-0.000546
2016-09-26,1.785,-0.02459
2016-09-27,1.787,0.0011200000000000001
2016-09-28,1.781,-0.003358
2016-09-29,1.787,0.0033689999999999996
2016-09-30,1.799,0.006715
2016-10-10,1.833,0.018899
2016-10-11,1.852,0.010366
2016-10-12,1.845,-0.00378
2016-10-13,1.863,0.009756
2016-10-14,1.855,-0.004294
2016-10-17,1.83,-0.013477
2016-10-18,1.859,0.015847
2016-10-19,1.849,-0.005379
2016-10-20,1.846,-0.0016220000000000002
2016-10-21,1.835,-0.005959
2016-10-24,1.851,0.008719
2016-10-25,1.847,-0.0021609999999999997
2016-10-26,1.83,-0.009204
2016-10-27,1.831,0.000546
2016-10-28,1.805,-0.014199999999999999
2016-10-31,1.791,-0.007756
2016-11-01,1.806,0.008375
2016-11-02,1.794,-0.006645
2016-11-03,1.815,0.011706000000000001
2016-11-04,1.817,0.0011020000000000001
2016-11-07,1.812,-0.002752
2016-11-08,1.812,0.0
2016-11-09,1.788,-0.013245
2016-11-10,1.806,0.010067
2016-11-11,1.822,0.008859
2016-11-14,1.826,0.002195
2016-11-15,1.823,-0.001643
2016-11-16,1.826,0.001646
2016-11-17,1.822,-0.002191
2016-11-18,1.808,-0.007684
2016-11-21,1.823,0.008296
2016-11-22,1.844,0.011519
2016-11-23,1.831,-0.00705
2016-11-24,1.83,-0.000546
2016-11-25,1.839,0.0049180000000000005
2016-11-28,1.862,0.012506999999999999
2016-11-29,1.843,-0.010204
2016-11-30,1.818,-0.013565
2016-12-01,1.825,0.00385
2016-12-02,1.801,-0.013151
2016-12-05,1.767,-0.018878
2016-12-06,1.77,0.001698
2016-12-07,1.795,0.014124000000000001
2016-12-08,1.778,-0.009471
2016-12-09,1.78,0.0011250000000000001
2016-12-12,1.693,-0.048876
2016-12-13,1.689,-0.002363
2016-12-14,1.677,-0.007105
2016-12-15,1.691,0.008348
2016-12-16,1.709,0.010645
2016-12-19,1.704,-0.002926
2016-12-20,1.702,-0.0011740000000000001
2016-12-21,1.722,0.011751000000000001
2016-12-22,1.719,-0.0017419999999999998
2016-12-23,1.711,-0.004654
2016-12-26,1.721,0.005845
2016-12-27,1.727,0.0034860000000000004
2016-12-28,1.718,-0.005211
2016-12-29,1.701,-0.009895000000000001
2016-12-30,1.699,-0.001176
2016-12-31,1.698,-0.000589
2017-01-03,1.716,0.010006
2017-01-04,1.725,0.005245
2017-01-05,1.725,0.0
2017-01-06,1.705,-0.011594
2017-01-09,1.714,0.005279000000000001
2017-01-10,1.696,-0.010502000000000001
2017-01-11,1.677,-0.011203000000000001
2017-01-12,1.657,-0.011926
2017-01-13,1.64,-0.01026
2017-01-16,1.599,-0.025
2017-01-17,1.621,0.013758999999999999
2017-01-18,1.621,0.0
2017-01-19,1.607,-0.008637
2017-01-20,1.626,0.011822999999999998
2017-01-23,1.641,0.009225
2017-01-24,1.641,0.0
2017-01-25,1.644,0.001828
2017-01-26,1.654,0.006083
2017-02-03,1.652,-0.001209
2017-02-06,1.667,0.00908
2017-02-07,1.664,-0.0018
2017-02-08,1.678,0.008413
2017-02-09,1.681,0.0017879999999999999
2017-02-10,1.675,-0.003569
2017-02-13,1.69,0.008955
2017-02-14,1.687,-0.0017749999999999999
2017-02-15,1.673,-0.008298999999999999
2017-02-16,1.684,0.006575
2017-02-17,1.667,-0.010095
2017-02-20,1.687,0.011998
2017-02-21,1.689,0.001186
2017-02-22,1.694,0.00296
2017-02-23,1.686,-0.004723
2017-02-24,1.687,0.000593
2017-02-27,1.674,-0.007705999999999999
2017-02-28,1.682,0.004779
2017-03-01,1.681,-0.0005949999999999999
2017-03-02,1.678,-0.001785
2017-03-03,1.69,0.007150999999999999
2017-03-06,1.712,0.013018
2017-03-07,1.715,0.0017519999999999999
2017-03-08,1.694,-0.012244999999999999
2017-03-09,1.683,-0.006494
2017-03-10,1.68,-0.0017829999999999999
2017-03-13,1.711,0.018452
2017-03-14,1.704,-0.004091
2017-03-15,1.701,-0.001761
2017-03-16,1.721,0.011758
2017-03-17,1.696,-0.014525999999999999
2017-03-20,1.702,0.003538
2017-03-21,1.704,0.0011749999999999998
2017-03-22,1.695,-0.005282
2017-03-23,1.693,-0.0011799999999999998
2017-03-24,1.701,0.004725
2017-03-27,1.687,-0.00823
2017-03-28,1.681,-0.0035570000000000003
2017-03-29,1.672,-0.005354
2017-03-30,1.645,-0.016148
2017-03-31,1.643,-0.001216
2017-04-05,1.678,0.021301999999999998
2017-04-06,1.676,-0.001192
2017-04-07,1.67,-0.00358
2017-04-10,1.626,-0.026347
2017-04-11,1.624,-0.00123
2017-04-12,1.605,-0.011699999999999999
2017-04-13,1.611,0.003738
2017-04-14,1.581,-0.018622
2017-04-17,1.565,-0.01012
2017-04-18,1.567,0.001278
2017-04-19,1.564,-0.001914
2017-04-20,1.567,0.001918
2017-04-21,1.552,-0.009572
2017-04-24,1.528,-0.015464
2017-04-25,1.55,0.014398
2017-04-26,1.565,0.009677
2017-04-27,1.578,0.008307
2017-04-28,1.583,0.003169
2017-05-02,1.59,0.004422
2017-05-03,1.575,-0.009434
2017-05-04,1.58,0.003175
2017-05-05,1.568,-0.007594999999999999
2017-05-08,1.537,-0.01977
2017-05-09,1.561,0.015615
2017-05-10,1.545,-0.010249999999999999
2017-05-11,1.549,0.002589
2017-05-12,1.539,-0.006456
2017-05-15,1.559,0.012995000000000001
2017-05-16,1.601,0.02694
2017-05-17,1.603,0.001249
2017-05-18,1.588,-0.009356999999999999
2017-05-19,1.569,-0.011964999999999998
2017-05-22,1.555,-0.008923
2017-05-23,1.518,-0.023794
2017-05-24,1.523,0.003294
2017-05-25,1.516,-0.004596
2017-05-26,1.497,-0.012533
2017-05-31,1.502,0.00334
2017-06-01,1.477,-0.016644000000000003
2017-06-02,1.488,0.007448
2017-06-05,1.51,0.014785
2017-06-06,1.515,0.003311
2017-06-07,1.558,0.028383
2017-06-08,1.554,-0.002567
2017-06-09,1.558,0.0025740000000000003
2017-06-12,1.534,-0.015404
2017-06-13,1.552,0.011734
2017-06-14,1.534,-0.011597999999999999
2017-06-15,1.554,0.013038000000000001
2017-06-16,1.551,-0.001931
2017-06-19,1.552,0.0006450000000000001
2017-06-20,1.554,0.0012889999999999998
2017-06-21,1.566,0.007722
2017-06-22,1.547,-0.012133
2017-06-23,1.56,0.008403
2017-06-26,1.588,0.017949
2017-06-27,1.587,-0.00063
2017-06-28,1.566,-0.013233
2017-06-29,1.585,0.012133
2017-06-30,1.596,0.006939999999999999
2017-07-03,1.597,0.0006270000000000001
2017-07-04,1.6,0.001879
2017-07-05,1.631,0.019375
2017-07-06,1.629,-0.001226
2017-07-07,1.636,0.0042970000000000005
2017-07-10,1.605,-0.018949
2017-07-11,1.584,-0.013084
2017-07-12,1.61,0.016413999999999998
2017-07-13,1.586,-0.014906999999999998
2017-07-14,1.59,0.002522
2017-07-17,1.535,-0.034591
2017-07-18,1.538,0.001954
2017-07-19,1.595,0.037061000000000004
2017-07-20,1.609,0.008777
2017-07-21,1.611,0.001243
2017-07-24,1.601,-0.006207000000000001
2017-07-25,1.608,0.004372
2017-07-26,1.594,-0.008706
2017-07-27,1.607,0.008156
2017-07-28,1.628,0.013068
2017-07-31,1.637,0.005528
2017-08-01,1.629,-0.004887
2017-08-02,1.622,-0.0042970000000000005
2017-08-03,1.606,-0.009864000000000001
2017-08-04,1.585,-0.013076
2017-08-07,1.601,0.010095
2017-08-08,1.598,-0.001874
2017-08-09,1.607,0.005632000000000001
2017-08-10,1.602,-0.003111
2017-08-11,1.582,-0.012484
2017-08-14,1.64,0.036662
2017-08-15,1.653,0.007927
2017-08-16,1.662,0.005445
2017-08-17,1.665,0.001805
2017-08-18,1.645,-0.012012
2017-08-21,1.652,0.004255
2017-08-22,1.658,0.0036320000000000002
2017-08-23,1.649,-0.005428
2017-08-24,1.634,-0.009096
2017-08-25,1.651,0.010404
2017-08-28,1.68,0.017565
2017-08-29,1.682,0.0011899999999999999
2017-08-30,1.707,0.014863
2017-08-31,1.717,0.0058579999999999995
2017-09-01,1.746,0.016890000000000002
2017-09-04,1.764,0.010308999999999999
2017-09-05,1.776,0.006803
2017-09-06,1.779,0.001689
2017-09-07,1.766,-0.007307
2017-09-08,1.769,0.001699
2017-09-11,1.801,0.018089
2017-09-12,1.783,-0.009994
2017-09-13,1.788,0.0028039999999999996
2017-09-14,1.77,-0.010067
2017-09-15,1.76,-0.00565
2017-09-18,1.778,0.010227
2017-09-19,1.749,-0.01631
2017-09-20,1.762,0.0074329999999999995
2017-09-21,1.743,-0.010783000000000001
2017-09-22,1.738,-0.002869
2017-09-25,1.715,-0.013234
2017-09-26,1.715,0.0
2017-09-27,1.751,0.020991
2017-09-28,1.753,0.001142
2017-09-29,1.753,0.0
2017-10-09,1.768,0.008557
2017-10-10,1.776,0.004525
2017-10-11,1.752,-0.013514
2017-10-12,1.751,-0.000571
2017-10-13,1.789,0.021702
2017-10-16,1.762,-0.015092000000000001
2017-10-17,1.757,-0.002838
2017-10-18,1.758,0.000569
2017-10-19,1.737,-0.011944999999999999
2017-10-20,1.755,0.010363
2017-10-23,1.785,0.017094
2017-10-24,1.783,-0.0011200000000000001
2017-10-25,1.792,0.005048
2017-10-26,1.801,0.0050219999999999996
2017-10-27,1.795,-0.003331
2017-10-30,1.793,-0.001114
2017-10-31,1.811,0.010039
2017-11-01,1.822,0.006074
2017-11-02,1.801,-0.011526000000000002
2017-11-03,1.805,0.002221
2017-11-06,1.837,0.017728999999999998
2017-11-07,1.851,0.007621
2017-11-08,1.86,0.004862
2017-11-09,1.889,0.015590999999999999
2017-11-10,1.909,0.010588
2017-11-13,1.935,0.01362
2017-11-14,1.901,-0.017571
2017-11-15,1.872,-0.015255000000000001
2017-11-16,1.873,0.0005340000000000001
2017-11-17,1.811,-0.033102
2017-11-20,1.868,0.031474
2017-11-21,1.893,0.013383
2017-11-22,1.881,-0.006339
2017-11-23,1.815,-0.035088
2017-11-24,1.791,-0.013223
2017-11-27,1.756,-0.019542
2017-11-28,1.787,0.017654
2017-11-29,1.789,0.001119
2017-11-30,1.765,-0.013415
2017-12-01,1.785,0.011331
2017-12-04,1.77,-0.008403
2017-12-05,1.725,-0.025424000000000002
2017-12-06,1.723,-0.001159
2017-12-07,1.71,-0.007545
2017-12-08,1.723,0.007602
2017-12-11,1.741,0.010447
2017-12-12,1.738,-0.0017230000000000001
2017-12-13,1.764,0.01496
2017-12-14,1.763,-0.000567
2017-12-15,1.75,-0.007374
2017-12-18,1.728,-0.012571
2017-12-19,1.741,0.007522999999999999
2017-12-20,1.74,-0.000574
2017-12-21,1.767,0.015517000000000001
2017-12-22,1.769,0.001132
2017-12-25,1.76,-0.0050880000000000005
2017-12-26,1.767,0.003977
2017-12-27,1.745,-0.012450000000000001
2017-12-28,1.746,0.0005729999999999999
2017-12-29,1.759,0.007446
2017-12-31,1.759,0.0
2018-01-02,1.77,0.006253999999999999
2018-01-03,1.792,0.012428999999999999
2018-01-04,1.795,0.001674
2018-01-05,1.781,-0.007799
2018-01-08,1.787,0.0033689999999999996
2018-01-09,1.791,0.002238
2018-01-10,1.767,-0.0134
2018-01-11,1.774,0.003962
2018-01-12,1.756,-0.010147
2018-01-15,1.692,-0.036446
2018-01-16,1.702,0.0059099999999999995
2018-01-17,1.683,-0.011163000000000001
2018-01-18,1.697,0.008317999999999999
2018-01-19,1.702,0.002946
2018-01-22,1.721,0.011163000000000001
2018-01-23,1.729,0.004648
2018-01-24,1.751,0.012724
2018-01-25,1.743,-0.004569
2018-01-26,1.737,-0.003442
2018-01-29,1.723,-0.008060000000000001
2018-01-30,1.71,-0.007545
2018-01-31,1.701,-0.005263
2018-02-01,1.671,-0.017637
2018-02-02,1.684,0.0077800000000000005
2018-02-05,1.655,-0.017221
2018-02-06,1.578,-0.046526
2018-02-07,1.575,-0.001901
2018-02-08,1.602,0.017143
2018-02-09,1.56,-0.026217
2018-02-12,1.627,0.042949
2018-02-13,1.623,-0.0024590000000000002
2018-02-14,1.628,0.003081
2018-02-22,1.669,0.025184
2018-02-23,1.664,-0.002996
2018-02-26,1.709,0.027042999999999998
2018-02-27,1.713,0.002341
2018-02-28,1.757,0.025686
2018-03-01,1.79,0.018782
2018-03-02,1.777,-0.0072629999999999995
2018-03-05,1.793,0.009004
2018-03-06,1.802,0.00502
2018-03-07,1.783,-0.010544
2018-03-08,1.774,-0.005048
2018-03-09,1.81,0.020293000000000002
2018-03-12,1.864,0.029834
2018-03-13,1.841,-0.012339
2018-03-14,1.829,-0.006518
2018-03-15,1.842,0.007108
2018-03-16,1.817,-0.013571999999999999
2018-03-19,1.829,0.006604
2018-03-20,1.837,0.004374
2018-03-21,1.812,-0.013609
2018-03-22,1.795,-0.009382
2018-03-23,1.759,-0.020055999999999997
2018-03-26,1.743,-0.009096
2018-03-27,1.771,0.016064000000000002
2018-03-28,1.749,-0.012421999999999999
2018-03-29,1.744,-0.002859
2018-03-30,1.766,0.012615000000000001
2018-04-02,1.76,-0.003398
2018-04-03,1.75,-0.005682
2018-04-04,1.737,-0.007429
2018-04-09,1.742,0.002879
2018-04-10,1.741,-0.000574
2018-04-11,1.746,0.002872
2018-04-12,1.73,-0.009164
2018-04-13,1.723,-0.004046
2018-04-16,1.707,-0.009285999999999999
2018-04-17,1.679,-0.016403
2018-04-18,1.68,0.000596
2018-04-19,1.685,0.002976
2018-04-20,1.666,-0.011276
2018-04-23,1.656,-0.0060019999999999995
2018-04-24,1.68,0.014493
2018-04-25,1.675,-0.002976
2018-04-26,1.657,-0.010746
2018-04-27,1.655,-0.001207
2018-05-02,1.662,0.00423
2018-05-03,1.668,0.00361
2018-05-04,1.664,-0.002398
2018-05-07,1.68,0.009615
2018-05-08,1.695,0.008929
2018-05-09,1.691,-0.0023599999999999997
2018-05-10,1.693,0.001183
2018-05-11,1.689,-0.002363
2018-05-14,1.698,0.005329
2018-05-15,1.705,0.004122
2018-05-16,1.695,-0.005865
2018-05-17,1.69,-0.00295
2018-05-18,1.707,0.010059
2018-05-21,1.712,0.0029289999999999997
2018-05-22,1.705,-0.004089
2018-05-23,1.684,-0.012317
2018-05-24,1.671,-0.00772
2018-05-25,1.66,-0.006583
2018-05-28,1.675,0.009035999999999999
2018-05-29,1.668,-0.0041789999999999996
2018-05-30,1.635,-0.019784
2018-05-31,1.663,0.017124999999999998
2018-06-01,1.65,-0.007817
2018-06-04,1.662,0.007272999999999999
2018-06-05,1.677,0.009025
2018-06-06,1.663,-0.008348
2018-06-07,1.66,-0.001804
2018-06-08,1.644,-0.009639
2018-06-11,1.649,0.003041
2018-06-12,1.669,0.012129000000000001
2018-06-13,1.655,-0.008388
2018-06-14,1.654,-0.000604
2018-06-15,1.651,-0.001814
2018-06-19,1.61,-0.024832999999999997
2018-06-20,1.621,0.006832
2018-06-21,1.607,-0.008637
2018-06-22,1.619,0.0074670000000000005
2018-06-25,1.595,-0.014823999999999999
2018-06-26,1.585,-0.00627
2018-06-27,1.549,-0.022713
2018-06-28,1.531,-0.011619999999999998
2018-06-29,1.574,0.028086000000000003
2018-06-30,1.574,0.0
2018-07-02,1.532,-0.026684
2018-07-03,1.527,-0.0032640000000000004
2018-07-04,1.5,-0.017682
2018-07-05,1.487,-0.008667000000000001
2018-07-06,1.499,0.00807
2018-07-09,1.548,0.032688
2018-07-10,1.554,0.003876
2018-07-11,1.531,-0.014801
2018-07-12,1.566,0.022861
2018-07-13,1.573,0.00447
2018-07-16,1.554,-0.012079
2018-07-17,1.546,-0.005148000000000001
2018-07-18,1.537,-0.005821
2018-07-19,1.543,0.0039040000000000004
2018-07-20,1.57,0.017498
2018-07-23,1.582,0.007643
2018-07-24,1.588,0.0037930000000000004
2018-07-25,1.588,0.0
2018-07-26,1.567,-0.013224
2018-07-27,1.561,-0.0038290000000000004
2018-07-30,1.553,-0.005124999999999999
2018-07-31,1.551,-0.001288
2018-08-01,1.52,-0.019986999999999998
2018-08-02,1.481,-0.025658
2018-08-03,1.466,-0.010128
2018-08-06,1.463,-0.002046
2018-08-07,1.502,0.026658
2018-08-08,1.479,-0.015313
2018-08-09,1.513,0.022989000000000002
2018-08-10,1.514,0.000661
2018-08-13,1.501,-0.008587000000000001
2018-08-14,1.497,-0.0026650000000000003
2018-08-15,1.459,-0.025384000000000004
2018-08-16,1.452,-0.004798
2018-08-17,1.44,-0.008264
2018-08-20,1.45,0.0069440000000000005
2018-08-21,1.477,0.018621000000000002
2018-08-22,1.468,-0.0060929999999999995
2018-08-23,1.475,0.004768
2018-08-24,1.484,0.006102
2018-08-27,1.514,0.020215999999999998
2018-08-28,1.506,-0.005284
2018-08-29,1.492,-0.009296
2018-08-30,1.48,-0.008043
2018-08-31,1.477,-0.0020269999999999997
2018-09-03,1.473,-0.002708
2018-09-04,1.494,0.014256999999999999
2018-09-05,1.46,-0.022757999999999997
2018-09-06,1.443,-0.011644000000000002
2018-09-07,1.456,0.009009
2018-09-10,1.45,-0.0041210000000000005
2018-09-11,1.433,-0.011724000000000002
2018-09-12,1.426,-0.004885
2018-09-13,1.434,0.00561
2018-09-14,1.443,0.006276
2018-09-17,1.422,-0.014553
2018-09-18,1.454,0.022504
2018-09-19,1.48,0.017882
2018-09-20,1.477,-0.0020269999999999997
2018-09-21,1.535,0.039269
2018-09-25,1.514,-0.013681
2018-09-26,1.533,0.012549999999999999
2018-09-27,1.529,-0.002609
2018-09-28,1.546,0.011118
2018-10-08,1.477,-0.044631
2018-10-09,1.471,-0.004062
2018-10-10,1.464,-0.004759
2018-10-11,1.413,-0.034836
2018-10-12,1.445,0.022647
2018-10-15,1.416,-0.020069
2018-10-16,1.409,-0.0049440000000000005
2018-10-17,1.409,0.0
2018-10-18,1.374,-0.02484
2018-10-19,1.426,0.037846000000000005
2018-10-22,1.481,0.038569
2018-10-23,1.428,-0.035787
2018-10-24,1.43,0.0014010000000000001
2018-10-25,1.433,0.002098
2018-10-26,1.427,-0.004187
2018-10-29,1.375,-0.03644
2018-10-30,1.383,0.005818
2018-10-31,1.401,0.013015
2018-11-01,1.409,0.00571
2018-11-02,1.464,0.039035
2018-11-05,1.447,-0.011612
2018-11-06,1.435,-0.008293
2018-11-07,1.43,-0.0034839999999999997
2018-11-08,1.425,-0.003497
2018-11-09,1.399,-0.018246
2018-11-12,1.411,0.008578
2018-11-13,1.429,0.012757000000000001
2018-11-14,1.42,-0.006298000000000001
2018-11-15,1.431,0.007745999999999999
2018-11-16,1.437,0.004193
2018-11-19,1.454,0.01183
2018-11-20,1.422,-0.022008
2018-11-21,1.43,0.005626
2018-11-22,1.422,-0.005594
2018-11-23,1.398,-0.016878
2018-11-26,1.399,0.0007149999999999999
2018-11-27,1.391,-0.005718
2018-11-28,1.411,0.014378
2018-11-29,1.4,-0.007796
2018-11-30,1.414,0.01
2018-12-03,1.456,0.029703
2018-12-04,1.455,-0.000687
2018-12-05,1.454,-0.000687
2018-12-06,1.425,-0.019945
2018-12-07,1.422,-0.002105
2018-12-10,1.408,-0.009845
2018-12-11,1.412,0.002841
2018-12-12,1.42,0.005666
2018-12-13,1.439,0.013380000000000001
2018-12-14,1.417,-0.015288
2018-12-17,1.4,-0.011997
2018-12-18,1.389,-0.007857
2018-12-19,1.367,-0.015839000000000002
2018-12-20,1.355,-0.008778000000000001
2018-12-21,1.335,-0.01476
2018-12-24,1.344,0.006742000000000001
2018-12-25,1.34,-0.002976
2018-12-26,1.327,-0.009701
2018-12-27,1.324,-0.002261
2018-12-28,1.328,0.003021
2018-12-31,1.328,0.0
2019-01-02,1.303,-0.018825
2019-01-03,1.302,-0.000767
2019-01-04,1.327,0.019201
2019-01-07,1.332,0.003768
2019-01-08,1.322,-0.007508
2019-01-09,1.35,0.021179999999999997
2019-01-10,1.356,0.004444
2019-01-11,1.363,0.005162
2019-01-14,1.356,-0.005135999999999999
2019-01-15,1.392,0.026549
2019-01-16,1.398,0.00431
2019-01-17,1.388,-0.0071530000000000005
2019-01-18,1.417,0.020893000000000002
2019-01-21,1.429,0.008468999999999999
2019-01-22,1.413,-0.011196999999999999
2019-01-23,1.412,-0.000708
2019-01-24,1.429,0.01204
2019-01-25,1.444,0.010497000000000001
2019-01-28,1.442,-0.0013850000000000002
2019-01-29,1.443,0.000693
2019-01-30,1.429,-0.009701999999999999
2019-01-31,1.447,0.012596000000000001
2019-02-01,1.465,0.01244
2019-02-11,1.494,0.019795
2019-02-12,1.498,0.002677
2019-02-13,1.522,0.016021
2019-02-14,1.519,-0.001971
2019-02-15,1.495,-0.0158
2019-02-18,1.543,0.032107000000000004
2019-02-19,1.542,-0.0006479999999999999
2019-02-20,1.55,0.005188000000000001
2019-02-21,1.547,-0.001935
2019-02-22,1.568,0.013574999999999999
2019-02-25,1.653,0.05420899999999999
2019-02-26,1.621,-0.019359
2019-02-27,1.612,-0.0055520000000000005
2019-02-28,1.612,0.0
2019-03-01,1.652,0.024814
2019-03-04,1.669,0.010291
2019-03-05,1.669,0.0
2019-03-06,1.671,0.001198
2019-03-07,1.637,-0.020347
2019-03-08,1.591,-0.0281
2019-03-11,1.621,0.018855999999999998
2019-03-12,1.627,0.003701
2019-03-13,1.625,-0.001229
2019-03-14,1.635,0.006154
2019-03-15,1.651,0.009786
2019-03-18,1.696,0.027256
2019-03-19,1.688,-0.004717
2019-03-20,1.685,-0.001777
2019-03-21,1.689,0.002374
2019-03-22,1.696,0.004144
2019-03-25,1.666,-0.017689
2019-03-26,1.651,-0.009004
2019-03-27,1.683,0.019382
2019-03-28,1.679,-0.0023769999999999998
2019-03-29,1.725,0.027397
2019-04-01,1.772,0.027246000000000003
2019-04-02,1.772,0.0
2019-04-03,1.774,0.001129
2019-04-04,1.815,0.023112
2019-04-08,1.811,-0.0022040000000000002
2019-04-09,1.807,-0.002209
2019-04-10,1.836,0.016049
2019-04-11,1.811,-0.013616999999999999
2019-04-12,1.789,-0.012148
2019-04-15,1.78,-0.005031
2019-04-16,1.829,0.027528
2019-04-17,1.849,0.010934999999999999
2019-04-18,1.844,-0.002704
2019-04-19,1.887,0.023319
2019-04-22,1.862,-0.013249
2019-04-23,1.853,-0.004834
2019-04-24,1.863,0.005397
2019-04-25,1.83,-0.017713
2019-04-26,1.817,-0.007104
2019-04-29,1.843,0.014309
2019-04-30,1.854,0.0059689999999999995
2019-05-06,1.767,-0.046925999999999995
2019-05-07,1.782,0.008489
2019-05-08,1.757,-0.014029
2019-05-09,1.719,-0.021627999999999998
2019-05-10,1.785,0.038394
2019-05-13,1.755,-0.016807000000000002
2019-05-14,1.754,-0.00057
2019-05-15,1.817,0.035918
2019-05-16,1.836,0.010457000000000001
2019-05-17,1.793,-0.02342
2019-05-20,1.775,-0.010039
2019-05-21,1.795,0.011268
2019-05-22,1.793,-0.001114
2019-05-23,1.763,-0.016732
2019-05-24,1.767,0.0022689999999999997
2019-05-27,1.776,0.0050929999999999994
2019-05-28,1.793,0.009572
2019-05-29,1.817,0.013385000000000001
2019-05-30,1.801,-0.008806000000000001
2019-05-31,1.802,0.000555
2019-06-03,1.791,-0.006104000000000001
2019-06-04,1.77,-0.011725000000000001
2019-06-05,1.761,-0.005084999999999999
2019-06-06,1.741,-0.011356999999999999
2019-06-10,1.776,0.020103
2019-06-11,1.817,0.023086000000000002
2019-06-12,1.803,-0.007705
2019-06-13,1.797,-0.003328
2019-06-14,1.786,-0.006121
2019-06-17,1.77,-0.008959
2019-06-18,1.782,0.0067800000000000004
2019-06-19,1.805,0.012907
2019-06-20,1.866,0.033795
2019-06-21,1.877,0.005895
2019-06-24,1.883,0.0031969999999999998
2019-06-25,1.863,-0.010621
2019-06-26,1.852,-0.005904
2019-06-27,1.894,0.022677999999999997
2019-06-28,1.897,0.0015840000000000001
2019-06-30,1.897,0.0
2019-07-01,1.935,0.020032
2019-07-02,1.937,0.001034
2019-07-03,1.924,-0.006711
2019-07-04,1.899,-0.012994
2019-07-05,1.919,0.010532
2019-07-08,1.873,-0.023971
2019-07-09,1.868,-0.00267
2019-07-10,1.867,-0.000535
2019-07-11,1.878,0.005892
2019-07-12,1.916,0.020234000000000002
2019-07-15,1.92,0.002088
2019-07-16,1.906,-0.007292
2019-07-17,1.896,-0.005247000000000001
2019-07-18,1.892,-0.00211
2019-07-19,1.917,0.013213999999999998
2019-07-22,1.978,0.031821
2019-07-23,1.973,-0.0025280000000000003
2019-07-24,1.993,0.010137
2019-07-25,2.006,0.006523
2019-07-26,2.012,0.0029909999999999997
2019-07-29,2.009,-0.0014910000000000001
2019-07-30,2.027,0.008960000000000001
2019-07-31,2.018,-0.00444
2019-08-01,1.997,-0.010406
2019-08-02,1.989,-0.004006
2019-08-05,1.981,-0.004022
2019-08-06,1.974,-0.003534
2019-08-07,1.97,-0.002026
2019-08-08,2.002,0.016244
2019-08-09,1.983,-0.009491000000000001
2019-08-12,2.017,0.017145999999999998
2019-08-13,2.013,-0.001983
2019-08-14,2.014,0.000497
2019-08-15,2.031,0.008440999999999999
2019-08-16,2.039,0.003939
2019-08-19,2.064,0.012261
2019-08-20,2.065,0.000484
2019-08-21,2.066,0.000484
2019-08-22,2.062,-0.001936
2019-08-23,2.086,0.011639
2019-08-26,2.064,-0.010546999999999999
2019-08-27,2.088,0.011628000000000001
2019-08-28,2.077,-0.005268
2019-08-29,2.085,0.003852
2019-08-30,2.097,0.005755
2019-09-02,2.113,0.0076300000000000005
2019-09-03,2.106,-0.003313
2019-09-04,2.108,0.00095
2019-09-05,2.12,0.005693
2019-09-06,2.107,-0.006131999999999999
2019-09-09,2.1,-0.003322
2019-09-10,2.084,-0.007619
2019-09-11,2.076,-0.0038390000000000004
2019-09-12,2.093,0.008189
2019-09-16,2.084,-0.0043
2019-09-17,2.059,-0.011996
2019-09-18,2.068,0.004371
2019-09-19,2.069,0.000484
2019-09-20,2.084,0.0072499999999999995
2019-09-23,2.064,-0.009597
2019-09-24,2.068,0.001938
2019-09-25,2.054,-0.006770000000000001
2019-09-26,2.029,-0.012171000000000001
2019-09-27,2.015,-0.0069
2019-09-30,1.989,-0.012903
2019-10-08,2.004,0.007541
2019-10-09,2.021,0.008483000000000001
2019-10-10,2.032,0.005443
2019-10-11,2.042,0.004921
2019-10-14,2.053,0.005386999999999999
2019-10-15,2.044,-0.004384
2019-10-16,2.022,-0.010763
2019-10-17,2.032,0.004946
2019-10-18,2.001,-0.015256
2019-10-21,2.005,0.001999
2019-10-22,2.013,0.0039900000000000005
2019-10-23,2.006,-0.003477
2019-10-24,1.993,-0.006481
2019-10-25,2.0,0.003512
2019-10-28,2.017,0.0085
2019-10-29,2.011,-0.0029749999999999998
2019-10-30,2.003,-0.003978
2019-10-31,1.991,-0.005991
2019-11-01,2.018,0.013561
2019-11-04,2.036,0.00892
2019-11-05,2.034,-0.000982
2019-11-06,2.022,-0.0059
2019-11-07,2.021,-0.000495
2019-11-08,2.012,-0.0044529999999999995
2019-11-11,1.984,-0.013916999999999999
2019-11-12,1.971,-0.006552
2019-11-13,1.977,0.003044
2019-11-14,1.974,-0.0015170000000000001
2019-11-15,1.961,-0.006586
2019-11-18,1.974,0.006629
2019-11-19,1.984,0.005066
2019-11-20,1.976,-0.004032
2019-11-21,1.971,-0.00253
2019-11-22,1.958,-0.006595999999999999
2019-11-25,1.96,0.001021
2019-11-26,1.962,0.0010199999999999999
2019-11-27,1.953,-0.004587
2019-11-28,1.945,-0.004096
2019-11-29,1.929,-0.008226
2019-12-02,1.933,0.002074
2019-12-03,1.937,0.002069
2019-12-04,1.953,0.00826
2019-12-05,1.965,0.006143999999999999
2019-12-06,1.977,0.0061070000000000004
2019-12-09,1.965,-0.00607
2019-12-10,1.964,-0.000509
2019-12-11,1.972,0.004073
2019-12-12,1.973,0.0005070000000000001
2019-12-13,2.004,0.015712
2019-12-16,2.013,0.004491
2019-12-17,2.033,0.009935000000000001
2019-12-18,2.042,0.0044269999999999995
2019-12-19,2.036,-0.002938
2019-12-20,2.033,-0.001473
2019-12-23,2.029,-0.001968
2019-12-24,2.054,0.012321
2019-12-25,2.055,0.000487
2019-12-26,2.056,0.000487
2019-12-27,2.058,0.000973
2019-12-30,2.082,0.011661999999999999
2019-12-31,2.086,0.001921
2020-01-02,2.119,0.01582
2020-01-03,2.141,0.010382
2020-01-06,2.181,0.018683
2020-01-07,2.206,0.011463000000000001
2020-01-08,2.189,-0.007705999999999999
2020-01-09,2.197,0.003655
2020-01-10,2.194,-0.0013650000000000001
2020-01-13,2.216,0.010027
2020-01-14,2.21,-0.002708
2020-01-15,2.198,-0.005430000000000001
2020-01-16,2.182,-0.007279
2020-01-17,2.189,0.003208
2020-01-20,2.195,0.002741
2020-01-21,2.159,-0.016401
2020-01-22,2.16,0.00046300000000000003
2020-01-23,2.102,-0.026852
2020-02-03,1.968,-0.063749
2020-02-04,2.021,0.026930999999999997
2020-02-05,2.048,0.01336
2020-02-06,2.086,0.018555
2020-02-07,2.111,0.011984999999999999
2020-02-10,2.13,0.009000000000000001
2020-02-11,2.141,0.005163999999999999
2020-02-12,2.169,0.013078000000000001
2020-02-13,2.17,0.00046100000000000004
2020-02-14,2.17,0.0
2020-02-17,2.209,0.017972
2020-02-18,2.215,0.002716
2020-02-19,2.196,-0.008578
2020-02-20,2.23,0.015483
2020-02-21,2.271,0.018386
2020-02-24,2.27,-0.00043999999999999996
2020-02-25,2.272,0.000881
2020-02-26,2.228,-0.019366
2020-02-27,2.251,0.010323
2020-02-28,2.184,-0.029765
2020-03-02,2.261,0.035255999999999996
2020-03-03,2.263,0.0008849999999999999
2020-03-04,2.282,0.008396
2020-03-05,2.342,0.026293
2020-03-06,2.306,-0.015371
2020-03-09,2.222,-0.036427
2020-03-10,2.262,0.018002
2020-03-11,2.249,-0.0057469999999999995
2020-03-12,2.2,-0.021787
2020-03-13,2.165,-0.015909
2020-03-16,2.063,-0.047112999999999995
2020-03-17,2.027,-0.01745
2020-03-18,1.992,-0.017266999999999998
2020-03-19,1.96,-0.016064000000000002
2020-03-20,1.994,0.017346999999999998
2020-03-23,1.912,-0.041123
2020-03-24,1.983,0.037134
2020-03-25,2.061,0.039334
2020-03-26,2.056,-0.002426
2020-03-27,2.063,0.003405
2020-03-30,2.037,-0.012603
2020-03-31,2.045,0.003927
2020-04-01,2.043,-0.000978
2020-04-02,2.061,0.008811
2020-04-03,2.056,-0.002426
2020-04-07,2.115,0.028696000000000003
2020-04-08,2.095,-0.009455999999999999
2020-04-09,2.108,0.0062050000000000004
2020-04-10,2.091,-0.008065
2020-04-13,2.075,-0.007652
2020-04-14,2.125,0.024096000000000003
2020-04-15,2.122,-0.0014119999999999998
2020-04-16,2.14,0.008483000000000001
2020-04-17,2.156,0.007477
2020-04-20,2.173,0.007885
2020-04-21,2.142,-0.014266000000000001
2020-04-22,2.155,0.006069
2020-04-23,2.17,0.006961
2020-04-24,2.147,-0.010599
2020-04-27,2.1477,0.00032599999999999996
2020-04-28,2.1529,0.002421
2020-04-29,2.1623,0.004366
2020-04-30,2.187,0.011423
2020-05-06,2.1868,-9.1e-05
2020-05-07,2.1829,-0.0017829999999999999
2020-05-08,2.207,0.011040000000000001
2020-05-11,2.2119,0.00222
2020-05-12,2.215,0.0014019999999999998
2020-05-13,2.2313,0.007359
2020-05-14,2.2,-0.014028
2020-05-15,2.1975,-0.001136
2020-05-18,2.2257,0.012833
2020-05-19,2.2267,0.000449
2020-05-20,2.2298,0.001392
2020-05-21,2.2017,-0.012602
2020-05-22,2.1571,-0.020257
2020-05-25,2.1672,0.004682
2020-05-26,2.1947,0.012688999999999999
2020-05-27,2.1822,-0.005696
2020-05-28,2.1957,0.0061860000000000005
2020-05-29,2.2302,0.015712999999999998
2020-06-01,2.2911,0.027307
2020-06-02,2.3029,0.00515
2020-06-03,2.2942,-0.003778
2020-06-04,2.2968,0.001133
2020-06-05,2.2928,-0.0017419999999999998
2020-06-08,2.3167,0.010424
2020-06-09,2.3125,-0.001813
2020-06-10,2.3128,0.00013
2020-06-11,2.3266,0.005967
2020-06-12,2.3223,-0.0018479999999999998
2020-06-15,2.297,-0.010894
2020-06-16,2.3128,0.006879
2020-06-17,2.3118,-0.00043200000000000004
2020-06-18,2.3206,0.0038069999999999996
2020-06-19,2.3628,0.018185
2020-06-22,2.3714,0.00364
2020-06-23,2.3908,0.008181
2020-06-24,2.4063,0.006483
2020-06-29,2.4102,0.001621
2020-06-30,2.4298,0.008132
2020-07-01,2.4529,0.009507
2020-07-02,2.452,-0.00036700000000000003
2020-07-03,2.4731,0.008605
2020-07-06,2.5688,0.038696
2020-07-07,2.6128,0.017129000000000002
2020-07-08,2.6692,0.021585999999999998
2020-07-09,2.7234,0.020306
2020-07-10,2.6984,-0.00918
2020-07-13,2.7829,0.031315
2020-07-14,2.7492,-0.012110000000000001
2020-07-15,2.7379,-0.00411
2020-07-16,2.6345,-0.037766
2020-07-17,2.6394,0.0018599999999999999
2020-07-20,2.7223,0.031409
2020-07-21,2.7548,0.011937999999999999
2020-07-22,2.7849,0.010926
2020-07-23,2.8143,0.010557
2020-07-24,2.722,-0.032797
2020-07-27,2.7758,0.019764999999999998
2020-07-28,2.7705,-0.0019089999999999999
2020-07-29,2.8316,0.022054
2020-07-30,2.8135,-0.006392
2020-07-31,2.867,0.019015
2020-08-03,2.9066,0.013812
2020-08-04,2.9174,0.0037159999999999997
2020-08-05,2.9607,0.014842
2020-08-06,2.9678,0.002398
2020-08-07,2.9827,0.005021
2020-08-10,2.9691,-0.00456
2020-08-11,2.8861,-0.027955
2020-08-12,2.8233,-0.021759
2020-08-13,2.8468,0.008324
2020-08-14,2.8922,0.015948
2020-08-17,2.9779,0.029630999999999998
2020-08-18,3.0364,0.019645
2020-08-19,2.9653,-0.023416000000000003
2020-08-20,2.8987,-0.02246
2020-08-21,2.9357,0.012764
2020-08-24,2.9927,0.0194
2020-08-25,2.989,-0.0012
2020-08-26,2.9409,-0.0161
2020-08-27,2.9715,0.0104
2020-08-28,3.0436,0.024300000000000002
2020-08-31,3.024,-0.0064
2020-09-01,3.088,0.0212
2020-09-02,3.0617,-0.0085
2020-09-03,3.0194,-0.0138
2020-09-04,3.0192,-0.0001
2020-09-07,2.9378,-0.027000000000000003
2020-09-08,2.9204,-0.0059
2020-09-09,2.8553,-0.0223
2020-09-10,2.8128,-0.0149
2020-09-11,2.8723,0.0212
2020-09-14,2.8941,0.0076
2020-09-15,2.9287,0.012
2020-09-16,2.9151,-0.0046
2020-09-17,2.9081,-0.0024
2020-09-18,2.9346,0.0091
2020-09-21,2.9179,-0.005699999999999999
2020-09-22,2.8732,-0.015300000000000001
2020-09-23,2.9118,0.0134
2020-09-24,2.8216,-0.031
2020-09-25,2.8411,0.0069
2020-09-28,2.8582,0.006
2020-09-29,2.8913,0.0116
2020-09-30,2.905,0.004699999999999999
2020-10-09,3.0019,0.0334
2020-10-12,3.0824,0.0268
2020-10-13,3.084,0.0005
2020-10-14,3.07,-0.0045000000000000005
2020-10-15,3.0541,-0.0052
2020-10-16,3.0433,-0.0034999999999999996
2020-10-19,3.0325,-0.0034999999999999996
2020-10-20,3.0636,0.0103
2020-10-21,3.0539,-0.0032
2020-10-22,3.0498,-0.0013
2020-10-23,2.9992,-0.0166
2020-10-26,3.0086,0.0031
2020-10-27,3.0411,0.0108
2020-10-28,3.0547,0.0045000000000000005
2020-10-29,3.0898,0.0115
2020-10-30,3.03,-0.0194
2020-11-02,3.0633,0.011000000000000001
2020-11-03,3.101,0.0123
2020-11-04,3.1024,0.0005
2020-11-05,3.1606,0.018799999999999997
2020-11-06,3.1408,-0.0063
2020-11-09,3.1987,0.0184
2020-11-10,3.1854,-0.0042
2020-11-11,3.1408,-0.013999999999999999
2020-11-12,3.1181,-0.0072
2020-11-13,3.082,-0.0116
2020-11-16,3.136,0.0175
2020-11-17,3.106,-0.0096
2020-11-18,3.0877,-0.0059
2020-11-19,3.1112,0.0076
2020-11-20,3.1348,0.0076
2020-11-23,3.1798,0.0144
2020-11-24,3.17,-0.0031
2020-11-25,3.1381,-0.0101
2020-11-26,3.1266,-0.0037
2020-11-27,3.1397,0.0042
2020-11-30,3.1232,-0.0053
2020-12-01,3.1646,0.013300000000000001
2020-12-02,3.1553,-0.0029
2020-12-03,3.1434,-0.0038
2020-12-04,3.159,0.005
2020-12-07,3.1535,-0.0017000000000000001
2020-12-08,3.1761,0.0072
2020-12-09,3.1257,-0.0159
2020-12-10,3.1426,0.0054
2020-12-11,3.1192,-0.0074
2020-12-14,3.1851,0.021099999999999997
2020-12-15,3.2025,0.0055000000000000005
2020-12-16,3.2076,0.0016
2020-12-17,3.2263,0.0058
2020-12-18,3.2525,0.008100000000000001
2020-12-21,3.3695,0.036000000000000004
2020-12-22,3.3282,-0.0123
2020-12-23,3.3925,0.019299999999999998
2020-12-24,3.369,-0.0069
2020-12-25,3.4091,0.011899999999999999
2020-12-28,3.4108,0.0005
2020-12-29,3.3282,-0.0242
2020-12-30,3.3843,0.0169
2020-12-31,3.4479,0.018799999999999997
2021-01-04,3.5574,0.0318
2021-01-05,3.6208,0.0178
2021-01-06,3.6345,0.0038
2021-01-07,3.707,0.0199
2021-01-08,3.6607,-0.0125
2021-01-11,3.5551,-0.0288
2021-01-12,3.6464,0.025699999999999997
2021-01-13,3.6038,-0.011699999999999999
2021-01-14,3.5363,-0.0187
2021-01-15,3.5302,-0.0017000000000000001
2021-01-18,3.5378,0.0022
2021-01-19,3.5326,-0.0015
2021-01-20,3.6263,0.0265
2021-01-21,3.6716,0.0125
2021-01-22,3.6892,0.0048
2021-01-25,3.7531,0.0173
2021-01-26,3.6702,-0.022099999999999998
2021-01-27,3.6489,-0.0058
2021-01-28,3.4948,-0.042199999999999994
2021-01-29,3.4643,-0.0087
2021-02-01,3.4894,0.0072
2021-02-02,3.5566,0.019299999999999998
2021-02-03,3.5325,-0.0068000000000000005
2021-02-04,3.5024,-0.0085
2021-02-05,3.4854,-0.0049
2021-02-08,3.5137,0.008100000000000001
2021-02-09,3.5821,0.0195
2021-02-10,3.6437,0.0172
2021-02-18,3.6349,-0.0024
2021-02-19,3.6386,0.001
2021-02-22,3.5495,-0.0245
2021-02-23,3.5733,0.0067
2021-02-24,3.4087,-0.0461
2021-02-25,3.4219,0.0039000000000000003
2021-02-26,3.3103,-0.0326
2021-03-01,3.3792,0.0208
2021-03-02,3.3561,-0.0068000000000000005
2021-03-03,3.4168,0.0181
2021-03-04,3.2645,-0.0446
2021-03-05,3.2465,-0.0055000000000000005
2021-03-08,3.0976,-0.045899999999999996
2021-03-09,3.0469,-0.016399999999999998
2021-03-10,3.1079,0.02
2021-03-11,3.2296,0.0392
2021-03-12,3.2044,-0.0078000000000000005
2021-03-15,3.1166,-0.0274
2021-03-16,3.1533,0.0118
2021-03-17,3.1814,0.0089
2021-03-18,3.2045,0.0073
2021-03-19,3.1243,-0.025
2021-03-22,3.1198,-0.0014000000000000002
2021-03-23,3.0535,-0.0213
2021-03-24,2.9904,-0.0207
2021-03-25,2.9779,-0.0042
2021-03-26,3.0554,0.026000000000000002
2021-03-29,3.0374,-0.0059
2021-03-30,3.1,0.0206
2021-03-31,3.0955,-0.0015
2021-04-01,3.1758,0.0259
2021-04-02,3.1893,0.0043
2021-04-06,3.206,0.0052
2021-04-07,3.1778,-0.0088
2021-04-08,3.193,0.0048
2021-04-09,3.1596,-0.0105
2021-04-12,3.1001,-0.018799999999999997
2021-04-13,3.0903,-0.0032
2021-04-14,3.1433,0.0172
2021-04-15,3.149,0.0018
2021-04-16,3.1601,0.0034999999999999996
2021-04-19,3.2489,0.0281
2021-04-20,3.2482,-0.0002
2021-04-21,3.2558,0.0023
2021-04-22,3.2607,0.0015
2021-04-23,3.3033,0.0131
2021-04-26,3.2614,-0.0127
2021-04-27,3.28,0.005699999999999999
2021-04-28,3.2922,0.0037
2021-04-29,3.3054,0.004
2021-04-30,3.309,0.0011
2021-05-06,3.3207,0.0034999999999999996
2021-05-07,3.2835,-0.011200000000000002
2021-05-10,3.3084,0.0076
2021-05-11,3.2486,-0.0181
2021-05-12,3.2662,0.0054
2021-05-13,3.2009,-0.02
2021-05-14,3.2445,0.013600000000000001
2021-05-17,3.3163,0.022099999999999998
2021-05-18,3.3859,0.021
2021-05-19,3.399,0.0039000000000000003
2021-05-20,3.3938,-0.0015
2021-05-21,3.3726,-0.0062
2021-05-24,3.3756,0.0009
2021-05-25,3.4498,0.022000000000000002
2021-05-26,3.4369,-0.0037
2021-05-27,3.4303,-0.0019
2021-05-28,3.4709,0.0118
2021-05-31,3.5626,0.0264
2021-06-01,3.5874,0.006999999999999999
2021-06-02,3.5554,-0.0089
2021-06-03,3.5076,-0.0134
2021-06-04,3.5266,0.0054
2021-06-07,3.5138,-0.0036
2021-06-08,3.4981,-0.0045000000000000005
2021-06-09,3.5081,0.0029
2021-06-10,3.5691,0.0174
2021-06-11,3.5806,0.0032
2021-06-15,3.5312,-0.0138
2021-06-16,3.4131,-0.0334
2021-06-17,3.4557,0.0125
2021-06-18,3.5076,0.015
2021-06-21,3.5312,0.0067
2021-06-22,3.5579,0.0076
2021-06-23,3.6313,0.0206
2021-06-24,3.6639,0.009000000000000001
2021-06-25,3.6981,0.009300000000000001
2021-06-28,3.7207,0.0060999999999999995
2021-06-29,3.7252,0.0012
2021-06-30,3.7585,0.0089
2021-07-01,3.7244,-0.0091
2021-07-02,3.6563,-0.0183
2021-07-05,3.7058,0.013500000000000002
2021-07-06,3.6796,-0.0070999999999999995
2021-07-07,3.7723,0.0252
2021-07-08,3.7389,-0.0089
2021-07-09,3.7686,0.0079
2021-07-12,3.8232,0.014499999999999999
2021-07-13,3.8263,0.0008
2021-07-14,3.7957,-0.008
2021-07-15,3.8933,0.025699999999999997
2021-07-16,3.8269,-0.0171
2021-07-19,3.7864,-0.0106
2021-07-20,3.7879,0.0004
2021-07-21,3.8852,0.025699999999999997
2021-07-22,3.9232,0.0098
2021-07-23,3.8657,-0.0147
2021-07-26,3.7578,-0.0279
2021-07-27,3.5631,-0.0518
2021-07-28,3.6062,0.0121
2021-07-29,3.7696,0.0453
2021-07-30,3.7462,-0.0062
2021-08-02,3.8005,0.014499999999999999
2021-08-03,3.7167,-0.022000000000000002
2021-08-04,3.8276,0.0298
2021-08-05,3.7717,-0.0146
2021-08-06,3.7549,-0.0045000000000000005
2021-08-09,3.7128,-0.011200000000000002
2021-08-10,3.7212,0.0023
2021-08-11,3.7148,-0.0017000000000000001
2021-08-12,3.7253,0.0028000000000000004
2021-08-13,3.7225,-0.0008
2021-08-16,3.6342,-0.023700000000000002
2021-08-17,3.5593,-0.0206
2021-08-18,3.5811,0.0060999999999999995
2021-08-19,3.5765,-0.0013
2021-08-20,3.5639,-0.0034999999999999996
2021-08-23,3.642,0.0219
2021-08-24,3.7491,0.0294
2021-08-25,3.8073,0.0155
2021-08-26,3.78,-0.0072
2021-08-27,3.8453,0.0173
2021-08-30,3.9634,0.030699999999999998
2021-08-31,3.9266,-0.009300000000000001
2021-09-01,3.768,-0.0404
2021-09-02,3.8241,0.0149
2021-09-03,3.709,-0.0301
2021-09-06,3.7564,0.0128
2021-09-07,3.8111,0.0146
2021-09-08,3.8018,-0.0024
2021-09-09,3.7647,-0.0098
2021-09-10,3.8094,0.011899999999999999
2021-09-13,3.7878,-0.005699999999999999
2021-09-14,3.8163,0.0075
2021-09-15,3.8363,0.0052
2021-09-16,3.6678,-0.043899999999999995
2021-09-17,3.6628,-0.0014000000000000002
2021-09-22,3.681,0.005
2021-09-23,3.6891,0.0022
2021-09-24,3.651,-0.0103
2021-09-27,3.5922,-0.0161
2021-09-28,3.583,-0.0026
2021-09-29,3.4694,-0.0317
2021-09-30,3.5618,0.026600000000000002
2021-10-08,3.4665,-0.0268
2021-10-11,3.477,0.003
2021-10-12,3.4075,-0.02
2021-10-13,3.4895,0.0241
2021-10-14,3.5049,0.0044
2021-10-15,3.5712,0.0189
2021-10-18,3.6457,0.0209
2021-10-19,3.6512,0.0015
2021-10-20,3.6755,0.0067
2021-10-21,3.6543,-0.0058
2021-10-22,3.6515,-0.0008
2021-10-25,3.7033,0.014199999999999999
2021-10-26,3.6836,-0.0053
2021-10-27,3.6949,0.0031
2021-10-28,3.6288,-0.0179
2021-10-29,3.6946,0.0181
2021-11-01,3.6996,0.0014000000000000002
2021-11-02,3.6875,-0.0033
2021-11-03,3.6072,-0.0218
2021-11-04,3.6443,0.0103
2021-11-05,3.5522,-0.0253
2021-11-08,3.6372,0.0239
2021-11-09,3.6897,0.0144
2021-11-10,3.6917,0.0005
2021-11-11,3.6991,0.002
2021-11-12,3.7424,0.011699999999999999
2021-11-15,3.6829,-0.0159
2021-11-16,3.6221,-0.0165
2021-11-17,3.675,0.0146
2021-11-18,3.7054,0.0083
2021-11-19,3.7037,-0.0005
2021-11-22,3.8018,0.0265
2021-11-23,3.7663,-0.009300000000000001
2021-11-24,3.7247,-0.011000000000000001
2021-11-25,3.6947,-0.008100000000000001
2021-11-26,3.7128,0.0049
2021-11-29,3.7351,0.006
2021-11-30,3.7593,0.006500000000000001
2021-12-01,3.7192,-0.010700000000000001
2021-12-02,3.7162,-0.0008
2021-12-03,3.703,-0.0036
2021-12-06,3.6341,-0.018600000000000002
2021-12-07,3.605,-0.008
2021-12-08,3.6699,0.018000000000000002
2021-12-09,3.6809,0.003
2021-12-10,3.7259,0.012199999999999999
2021-12-13,3.7529,0.0072
2021-12-14,3.7233,-0.0079
2021-12-15,3.7122,-0.003
2021-12-16,3.7148,0.0007000000000000001
2021-12-17,3.6394,-0.0203
2021-12-20,3.5741,-0.0179
2021-12-21,3.5986,0.0069
2021-12-22,3.6372,0.010700000000000001
2021-12-23,3.6752,0.0104
2021-12-24,3.6141,-0.0166
2021-12-27,3.6025,-0.0032
2021-12-28,3.6498,0.0131
2021-12-29,3.6516,0.0005
2021-12-30,3.6819,0.0083
2021-12-31,3.7459,0.0174
2022-01-04,3.6826,-0.0169
2022-01-05,3.5814,-0.0275
2022-01-06,3.5574,-0.0067
2022-01-07,3.521,-0.0102
2022-01-10,3.5196,-0.0004
2022-01-11,3.4958,-0.0068000000000000005
2022-01-12,3.5678,0.0206
2022-01-13,3.5231,-0.0125
2022-01-14,3.5444,0.006
2022-01-17,3.593,0.0137
2022-01-18,3.5842,-0.0024
2022-01-19,3.5268,-0.016
2022-01-20,3.5491,0.0063
2022-01-21,3.5242,-0.006999999999999999
2022-01-24,3.555,0.0087
2022-01-25,3.478,-0.0217
2022-01-26,3.489,0.0032
2022-01-27,3.4023,-0.0248
2022-01-28,3.3701,-0.0095
2022-02-07,3.4035,0.009899999999999999
2022-02-08,3.3504,-0.015600000000000001
2022-02-09,3.3978,0.0141
2022-02-10,3.3812,-0.0049
2022-02-11,3.3076,-0.0218
2022-02-14,3.2863,-0.0064
2022-02-15,3.3652,0.024
2022-02-16,3.3676,0.0007000000000000001
2022-02-17,3.3944,0.008
2022-02-18,3.3779,-0.0049
2022-02-21,3.3623,-0.0046
2022-02-22,3.3628,0.0001
2022-02-23,3.4352,0.0215
2022-02-24,3.3744,-0.0177
2022-02-25,3.3991,0.0073
2022-02-28,3.4232,0.0070999999999999995
2022-03-01,3.4327,0.0028000000000000004
2022-03-02,3.406,-0.0078000000000000005
2022-03-03,3.3596,-0.013600000000000001
2022-03-04,3.2878,-0.021400000000000002
2022-03-07,3.2298,-0.0176
2022-03-08,3.1643,-0.0203
2022-03-09,3.1796,0.0048
2022-03-10,3.2328,0.0167
2022-03-11,3.203,-0.0092
2022-03-14,3.1006,-0.032
2022-03-15,2.9633,-0.0443
2022-03-16,3.1363,0.0584
2022-03-17,3.216,0.0254
2022-03-18,3.1813,-0.0108
2022-03-21,3.2067,0.008
2022-03-22,3.2108,0.0013
2022-03-23,3.2493,0.012
2022-03-24,3.2262,-0.0070999999999999995
2022-03-25,3.1526,-0.022799999999999997
2022-03-28,3.1119,-0.0129
2022-03-29,3.1156,0.0012
2022-03-30,3.1886,0.023399999999999997
2022-03-31,3.1098,-0.024700000000000003
2022-04-01,3.129,0.0062
2022-04-06,3.0848,-0.0141
2022-04-07,3.0395,-0.0147
2022-04-08,3.0388,-0.0002
2022-04-11,2.9209,-0.0388
2022-04-12,2.9448,0.008199999999999999
2022-04-13,2.9432,-0.0005
2022-04-14,2.9556,0.0042
2022-04-15,2.9351,-0.0069
2022-04-18,2.9691,0.0116
2022-04-19,2.9484,-0.006999999999999999
2022-04-20,2.8727,-0.025699999999999997
2022-04-21,2.7681,-0.0364
2022-04-22,2.7602,-0.0029
2022-04-25,2.5951,-0.059800000000000006
2022-04-26,2.5624,-0.0126
2022-04-27,2.693,0.051
2022-04-28,2.7326,0.0147
2022-04-29,2.864,0.0481
2022-05-05,2.8558,-0.0029
2022-05-06,2.8127,-0.0151
2022-05-09,2.8263,0.0048
2022-05-10,2.8316,0.0019
2022-05-11,2.8827,0.018000000000000002
2022-05-12,2.873,-0.0034000000000000002
2022-05-13,2.897,0.0084
2022-05-16,2.8786,-0.0064
2022-05-17,2.945,0.0231
2022-05-18,2.9339,-0.0038
2022-05-19,2.9426,0.003
2022-05-20,2.9992,0.0192
2022-05-23,3.0033,0.0014000000000000002
2022-05-24,2.9275,-0.0252
2022-05-25,2.941,0.0046
2022-05-26,2.9746,0.011399999999999999
2022-05-27,2.9719,-0.0009
2022-05-30,2.996,0.008100000000000001
2022-05-31,3.0373,0.0138
2022-06-01,3.0242,-0.0043
2022-06-02,3.0751,0.0168
2022-06-06,3.1543,0.0258
2022-06-07,3.1348,-0.0062
2022-06-08,3.1604,0.008199999999999999
2022-06-09,3.1218,-0.012199999999999999
2022-06-10,3.1732,0.0165
2022-06-13,3.1764,0.001
2022-06-14,3.1597,-0.0053
2022-06-15,3.1505,-0.0029
2022-06-16,3.1478,-0.0009
2022-06-17,3.2115,0.0202
2022-06-20,3.2369,0.0079
2022-06-21,3.2284,-0.0026
2022-06-22,3.204,-0.0076
2022-06-23,3.2817,0.024300000000000002
2022-06-24,3.3578,0.0232
2022-06-27,3.4256,0.0202
2022-06-28,3.4514,0.0075
2022-06-29,3.3359,-0.0335
2022-06-30,3.3845,0.0146
2022-07-01,3.3624,-0.006500000000000001
2022-07-04,3.4024,0.011899999999999999
2022-07-05,3.378,-0.0072
2022-07-06,3.3594,-0.0055000000000000005
2022-07-07,3.3904,0.0092
2022-07-08,3.3523,-0.011200000000000002
2022-07-11,3.2686,-0.025
2022-07-12,3.2155,-0.016200000000000003
2022-07-13,3.2361,0.0064
2022-07-14,3.3136,0.0239
2022-07-15,3.3054,-0.0025
2022-07-18,3.3089,0.0011
2022-07-19,3.2861,-0.0069
2022-07-20,3.3183,0.0098
2022-07-21,3.3084,-0.003
2022-07-22,3.3101,0.0005
2022-07-25,3.2521,-0.0175
2022-07-26,3.2736,0.0066
2022-07-27,3.3066,0.0101
2022-07-28,3.3334,0.008100000000000001
2022-07-29,3.3331,-0.0001
2022-08-01,3.4053,0.0217
2022-08-02,3.3913,-0.0040999999999999995
2022-08-03,3.3382,-0.015700000000000002
2022-08-04,3.3409,0.0008
2022-08-05,3.398,0.0171
2022-08-08,3.4514,0.015700000000000002
2022-08-09,3.4953,0.0127
2022-08-10,3.4933,-0.0006
2022-08-11,3.5134,0.0058
2022-08-12,3.4542,-0.0168
2022-08-15,3.5073,0.0154
2022-08-16,3.5368,0.0084
2022-08-17,3.5475,0.003
2022-08-18,3.5564,0.0025
2022-08-19,3.4621,-0.0265
2022-08-22,3.4469,-0.0044
2022-08-23,3.4774,0.0088
2022-08-24,3.3735,-0.029900000000000003
2022-08-25,3.3753,0.0005
2022-08-26,3.3713,-0.0012
2022-08-29,3.3903,0.005600000000000001
2022-08-30,3.3426,-0.0141
2022-08-31,3.2446,-0.029300000000000003
2022-09-01,3.2113,-0.0103
2022-09-02,3.2081,-0.001
2022-09-05,3.2221,0.0044
2022-09-06,3.3092,0.027000000000000003
2022-09-07,3.3611,0.015700000000000002
2022-09-08,3.3336,-0.008199999999999999
2022-09-09,3.3397,0.0018
2022-09-13,3.3351,-0.0014000000000000002
2022-09-14,3.3024,-0.0098
2022-09-15,3.1957,-0.0323
2022-09-16,3.1668,-0.009000000000000001
2022-09-19,3.1325,-0.0108
2022-09-20,3.1765,0.013999999999999999
2022-09-21,3.1356,-0.0129
2022-09-22,3.1433,0.0025
2022-09-23,3.0953,-0.015300000000000001
2022-09-26,3.1133,0.0058
2022-09-27,3.1319,0.006
2022-09-28,3.0435,-0.0282
2022-09-29,3.074,0.01
2022-09-30,3.0004,-0.0239
2022-10-10,2.9242,-0.0254
2022-10-11,2.9517,0.009399999999999999
2022-10-12,3.0262,0.0252
2022-10-13,3.0231,-0.001
2022-10-14,3.115,0.0304
2022-10-17,3.1179,0.0009
2022-10-18,3.141,0.0074
2022-10-19,3.1104,-0.0097
2022-10-20,3.0561,-0.0175
2022-10-21,3.067,0.0036
2022-10-24,3.0413,-0.0084
2022-10-25,3.0744,0.0109
2022-10-26,3.1227,0.015700000000000002
2022-10-27,3.0976,-0.008
2022-10-28,3.0043,-0.0301
2022-10-31,3.006,0.0006
2022-11-01,3.0907,0.0282
2022-11-02,3.1305,0.0129
2022-11-03,3.1517,0.0068000000000000005
2022-11-04,3.2439,0.029300000000000003
2022-11-07,3.2281,-0.0049
2022-11-08,3.1972,-0.0096
2022-11-09,3.1917,-0.0017000000000000001
2022-11-10,3.1268,-0.0203
2022-11-11,3.169,0.013500000000000002
2022-11-14,3.1052,-0.020099999999999996
2022-11-15,3.1762,0.0229
2022-11-16,3.1422,-0.010700000000000001
2022-11-17,3.1257,-0.0053
2022-11-18,3.1041,-0.0069
2022-11-21,3.119,0.0048
2022-11-22,3.0778,-0.0132
2022-11-23,3.0978,0.006500000000000001
2022-11-24,3.1045,0.0022
2022-11-25,3.0368,-0.0218
2022-11-28,3.0113,-0.0084
2022-11-29,3.0296,0.0060999999999999995
2022-11-30,3.0347,0.0017000000000000001
2022-12-01,3.0826,0.0158
2022-12-02,3.1038,0.0069
2022-12-05,3.0652,-0.0124
2022-12-06,3.0686,0.0011
2022-12-07,3.0702,0.0005
2022-12-08,3.0759,0.0019
2022-12-09,3.109,0.0108
2022-12-12,3.0867,-0.0072
2022-12-13,3.0521,-0.011200000000000002
2022-12-14,3.0559,0.0012
2022-12-15,3.0554,-0.0002
2022-12-16,3.0104,-0.0147
2022-12-19,2.9801,-0.0101
2022-12-20,2.962,-0.0060999999999999995
2022-12-21,2.9309,-0.0105
2022-12-22,2.8916,-0.0134
2022-12-23,2.8599,-0.011000000000000001
2022-12-26,2.9458,0.03
2022-12-27,2.9772,0.010700000000000001
2022-12-28,2.9777,0.0002
2022-12-29,2.9741,-0.0012
2022-12-30,2.9809,0.0023
2022-12-31,2.9808,0.0
2023-01-03,3.0417,0.0204
2023-01-04,3.0033,-0.0126
2023-01-05,3.0555,0.0174
2023-01-06,3.0976,0.0138
2023-01-09,3.11,0.004
2023-01-10,3.1207,0.0034000000000000002
2023-01-11,3.1159,-0.0015
2023-01-12,3.1278,0.0038
2023-01-13,3.1222,-0.0018
2023-01-16,3.1477,0.008199999999999999
2023-01-17,3.153,0.0017000000000000001
2023-01-18,3.1661,0.0042
2023-01-19,3.1785,0.0039000000000000003
2023-01-20,3.232,0.0168
2023-01-30,3.2601,0.0087
2023-01-31,3.2484,-0.0036
2023-02-01,3.284,0.011000000000000001
2023-02-02,3.2886,0.0014000000000000002
2023-02-03,3.261,-0.0084
2023-02-06,3.2205,-0.0124
2023-02-07,3.2001,-0.0063
2023-02-08,3.1851,-0.004699999999999999
2023-02-09,3.2368,0.016200000000000003
2023-02-10,3.2026,-0.0106
2023-02-13,3.2773,0.0233
2023-02-14,3.2759,-0.0004
2023-02-15,3.2669,-0.0027
2023-02-16,3.2042,-0.0192
2023-02-17,3.133,-0.0222
2023-02-20,3.1765,0.0139
2023-02-21,3.1842,0.0024
2023-02-22,3.1714,-0.004
2023-02-23,3.1965,0.0079
2023-02-24,3.171,-0.008
2023-02-27,3.1582,-0.004
2023-02-28,3.1754,0.0054
2023-03-01,3.1942,0.0059
2023-03-02,3.1623,-0.01
2023-03-03,3.1553,-0.0022
2023-03-06,3.1898,0.0109
2023-03-07,3.1272,-0.0196
2023-03-08,3.0977,-0.009399999999999999
2023-03-09,3.0835,-0.0046
2023-03-10,3.0468,-0.011899999999999999
2023-03-13,3.0732,0.0087
2023-03-14,3.048,-0.008199999999999999
2023-03-15,3.044,-0.0013
2023-03-16,2.9782,-0.0216
2023-03-17,2.9886,0.0034999999999999996
2023-03-20,2.992,0.0011
2023-03-21,3.0265,0.0115
2023-03-22,3.0161,-0.0034000000000000002
2023-03-23,3.0269,0.0036
2023-03-24,3.045,0.006
2023-03-27,3.0353,-0.0032
2023-03-28,3.0028,-0.010700000000000001
2023-03-29,3.0007,-0.0007000000000000001
2023-03-30,3.0005,-0.0001
2023-03-31,3.0429,0.0141
2023-04-03,3.0574,0.0048
2023-04-04,3.0613,0.0013
2023-04-06,3.0793,0.0059
2023-04-07,3.0819,0.0008
2023-04-10,3.0321,-0.016200000000000003
2023-04-11,3.0533,0.006999999999999999
2023-04-12,3.0696,0.0053
2023-04-13,3.0239,-0.0149
2023-04-14,3.0587,0.0115
2023-04-17,3.0335,-0.008199999999999999
2023-04-18,3.0581,0.008100000000000001
2023-04-19,3.0632,0.0017000000000000001
2023-04-20,3.096,0.010700000000000001
2023-04-21,3.0046,-0.029500000000000002
2023-04-24,2.9624,-0.013999999999999999
2023-04-25,2.9622,-0.0001
2023-04-26,2.9342,-0.0095
2023-04-27,2.8857,-0.0165
2023-04-28,2.9637,0.027000000000000003
2023-05-04,2.9905,0.009000000000000001
2023-05-05,2.94,-0.0169
2023-05-08,2.9375,-0.0009
2023-05-09,2.8825,-0.0187
2023-05-10,2.8711,-0.004
2023-05-11,2.8643,-0.0024
2023-05-12,2.7896,-0.026099999999999998
2023-05-15,2.828,0.0138
2023-05-16,2.7905,-0.013300000000000001
2023-05-17,2.7685,-0.0079
2023-05-18,2.8083,0.0144
2023-05-19,2.8024,-0.0021
2023-05-22,2.7863,-0.005699999999999999
2023-05-23,2.7516,-0.0125
2023-05-24,2.7542,0.0009
2023-05-25,2.7425,-0.0042
2023-05-26,2.7812,0.0141
2023-05-29,2.7628,-0.0066
2023-05-30,2.8051,0.015300000000000001
2023-05-31,2.8138,0.0031
2023-06-01,2.8402,0.009399999999999999
2023-06-02,2.8847,0.015700000000000002
2023-06-05,2.8656,-0.0066
2023-06-06,2.8154,-0.0175
2023-06-07,2.8092,-0.0022
2023-06-08,2.7788,-0.0108
2023-06-09,2.8415,0.0226
2023-06-12,2.829,-0.0044
2023-06-13,2.8546,0.009000000000000001
2023-06-14,2.851,-0.0013
2023-06-15,2.857,0.0021
2023-06-16,2.9043,0.0166
2023-06-19,2.9213,0.0059
2023-06-20,2.932,0.0037
2023-06-21,2.8139,-0.0403
2023-06-26,2.7388,-0.026699999999999998
2023-06-27,2.7681,0.010700000000000001
2023-06-28,2.7415,-0.0096
2023-06-29,2.7562,0.0054
2023-06-30,2.7623,0.0022
2023-07-03,2.7669,0.0017000000000000001
2023-07-04,2.7985,0.011399999999999999
2023-07-05,2.7596,-0.0139
2023-07-06,2.7305,-0.0105
2023-07-07,2.6966,-0.0124
2023-07-10,2.7108,0.0053
2023-07-11,2.7529,0.0155
2023-07-12,2.7339,-0.0069
2023-07-13,2.7897,0.0204
2023-07-14,2.7742,-0.005600000000000001
2023-07-17,2.756,-0.0066
2023-07-18,2.7411,-0.0054
2023-07-19,2.7374,-0.0013
2023-07-20,2.6918,-0.0167
2023-07-21,2.686,-0.0022
2023-07-24,2.6925,0.0024
2023-07-25,2.7243,0.0118
2023-07-26,2.7035,-0.0076
2023-07-27,2.6878,-0.0058
2023-07-28,2.6944,0.0025
2023-07-31,2.7022,0.0029
2023-08-01,2.7053,0.0011
2023-08-02,2.6815,-0.0088
2023-08-03,2.6854,0.0015
2023-08-04,2.6789,-0.0024
2023-08-07,2.6661,-0.0048
2023-08-08,2.6717,0.0021
2023-08-09,2.6542,-0.0066
2023-08-10,2.6503,-0.0015
2023-08-11,2.6018,-0.0183
2023-08-14,2.5912,-0.0040999999999999995
2023-08-15,2.5569,-0.0132
2023-08-16,2.5197,-0.014499999999999999
2023-08-17,2.5415,0.0087
2023-08-18,2.5019,-0.015600000000000001
2023-08-21,2.4694,-0.013000000000000001
2023-08-22,2.4977,0.0115
2023-08-23,2.4529,-0.0179
2023-08-24,2.5086,0.0227
2023-08-25,2.4708,-0.0151
2023-08-28,2.4925,0.0088
2023-08-29,2.5618,0.0278
2023-08-30,2.5862,0.0095
2023-08-31,2.5769,-0.0036
2023-09-01,2.5693,-0.0029
2023-09-04,2.6028,0.013000000000000001
2023-09-05,2.5781,-0.0095
2023-09-06,2.5824,0.0017000000000000001
2023-09-07,2.5264,-0.0217
2023-09-08,2.5218,-0.0018
2023-09-11,2.561,0.0155
2023-09-12,2.5678,0.0027
2023-09-13,2.5275,-0.015700000000000002
2023-09-14,2.519,-0.0034000000000000002
2023-09-15,2.5289,0.0039000000000000003
2023-09-18,2.5345,0.0022
2023-09-19,2.5164,-0.0070999999999999995
2023-09-20,2.4949,-0.0085
2023-09-21,2.4603,-0.0139
2023-09-22,2.5017,0.0168
2023-09-25,2.4832,-0.0074
2023-09-26,2.4636,-0.0079
2023-09-27,2.4852,0.0088
2023-09-28,2.4578,-0.011000000000000001
2023-10-09,2.4692,0.0046
2023-10-10,2.4571,-0.0049
2023-10-11,2.4776,0.0083
2023-10-12,2.4993,0.0088
2023-10-13,2.4629,-0.0146
2023-10-16,2.4378,-0.0102
2023-10-17,2.4384,0.0002
2023-10-18,2.4085,-0.0123
2023-10-19,2.3658,-0.0177
2023-10-20,2.3504,-0.006500000000000001
2023-10-23,2.3255,-0.0106
2023-10-24,2.3406,0.006500000000000001
2023-10-25,2.3488,0.0034999999999999996
2023-10-26,2.3349,-0.0059
2023-10-27,2.3816,0.02
2023-10-30,2.4178,0.0152
2023-10-31,2.3904,-0.0113
2023-11-01,2.3739,-0.0069
2023-11-02,2.3607,-0.005600000000000001
2023-11-03,2.3865,0.0109
2023-11-06,2.4413,0.023
2023-11-07,2.4397,-0.0007000000000000001
2023-11-08,2.4265,-0.0054
2023-11-09,2.4193,-0.003
2023-11-10,2.3971,-0.0092
2023-11-13,2.395,-0.0009
2023-11-14,2.3981,0.0013
2023-11-15,2.4376,0.0165
2023-11-16,2.3991,-0.0158
2023-11-17,2.4087,0.004
2023-11-20,2.4057,-0.0012
2023-11-21,2.4053,-0.0002
2023-11-22,2.3855,-0.008199999999999999
2023-11-23,2.3998,0.006
2023-11-24,2.3681,-0.0132
2023-11-27,2.378,0.0042
2023-11-28,2.3786,0.0003
2023-11-29,2.3888,0.0043
2023-11-30,2.3871,-0.0007000000000000001
2023-12-01,2.3724,-0.0062
2023-12-04,2.3682,-0.0018
2023-12-05,2.3219,-0.0196
2023-12-06,2.3246,0.0012
2023-12-07,2.3141,-0.0045000000000000005
2023-12-08,2.3208,0.0029
2023-12-11,2.3299,0.0039000000000000003
2023-12-12,2.3412,0.0048
2023-12-13,2.305,-0.0155
2023-12-14,2.3123,0.0032
2023-12-15,2.3116,-0.0003
2023-12-18,2.2876,-0.0104
2023-12-19,2.2939,0.0028000000000000004
2023-12-20,2.2786,-0.0067
2023-12-21,2.2824,0.0017000000000000001
2023-12-22,2.2534,-0.0127
2023-12-25,2.2628,0.0042
2023-12-26,2.2409,-0.0097
2023-12-27,2.2689,0.0125
2023-12-28,2.3131,0.0195
2023-12-29,2.3341,0.0091
2023-12-31,2.3339,-0.0001
2024-01-02,2.2897,-0.0189
2024-01-03,2.2485,-0.018000000000000002
2024-01-04,2.2285,-0.0089
2024-01-05,2.1996,-0.013000000000000001
2024-01-08,2.1566,-0.0195
2024-01-09,2.1714,0.0069
2024-01-10,2.1546,-0.0077
2024-01-11,2.171,0.0076
2024-01-12,2.151,-0.0092
2024-01-15,2.1407,-0.0048
2024-01-16,2.1262,-0.0068000000000000005
2024-01-17,2.0567,-0.0327
2024-01-18,2.0918,0.0171
2024-01-19,2.0798,-0.005699999999999999
2024-01-22,2.0271,-0.0253
2024-01-23,2.0381,0.0054
2024-01-24,2.0578,0.0097
2024-01-25,2.0927,0.017
2024-01-26,2.0573,-0.0169
2024-01-29,2.0156,-0.0203
2024-01-30,1.9765,-0.0194
2024-01-31,1.9584,-0.0092
2024-02-01,1.9809,0.0115
2024-02-02,1.9587,-0.011200000000000002
2024-02-05,1.9729,0.0072
2024-02-06,2.078,0.0533
2024-02-07,2.0898,0.005699999999999999
2024-02-08,2.1071,0.0083
2024-02-19,2.1539,0.0222
2024-02-20,2.1641,0.004699999999999999
2024-02-21,2.1775,0.0062
2024-02-22,2.2014,0.011000000000000001
2024-02-23,2.2051,0.0017000000000000001
2024-02-26,2.19,-0.0068000000000000005
2024-02-27,2.2327,0.0195
2024-02-28,2.1856,-0.021099999999999997
2024-02-29,2.2259,0.0184
2024-03-01,2.2509,0.011200000000000002
2024-03-04,2.2742,0.0104
2024-03-05,2.2727,-0.0007000000000000001
2024-03-06,2.2713,-0.0006
2024-03-07,2.262,-0.0040999999999999995
2024-03-08,2.295,0.0146
2024-03-11,2.3143,0.0084
2024-03-12,2.3218,0.0032
2024-03-13,2.3323,0.0045000000000000005
2024-03-14,2.3149,-0.0075
2024-03-15,2.3402,0.0109
2024-03-18,2.3544,0.0060999999999999995
2024-03-19,2.3451,-0.004
2024-03-20,2.3437,-0.0006
2024-03-21,2.334,-0.0040999999999999995
2024-03-22,2.3215,-0.0054
2024-03-25,2.3098,-0.005
2024-03-26,2.3173,0.0032
2024-03-27,2.2955,-0.009399999999999999
2024-03-28,2.3284,0.0143
2024-03-29,2.3402,0.0051
2024-04-01,2.3735,0.014199999999999999
2024-04-02,2.3814,0.0033
2024-04-03,2.3945,0.0055000000000000005
2024-04-08,2.3936,-0.0004
2024-04-09,2.417,0.0098
2024-04-10,2.4079,-0.0038
2024-04-11,2.4195,0.0048
2024-04-12,2.4403,0.0086
2024-04-15,2.4317,-0.0034999999999999996
2024-04-16,2.3876,-0.0181
2024-04-17,2.4134,0.0108
2024-04-18,2.4024,-0.0046
2024-04-19,2.3683,-0.014199999999999999
2024-04-22,2.3486,-0.0083
2024-04-23,2.3569,0.0034999999999999996
2024-04-24,2.3874,0.0129
2024-04-25,2.3972,0.0040999999999999995
2024-04-26,2.4497,0.0219
2024-04-29,2.4741,0.01
2024-04-30,2.4684,-0.0023
2024-05-06,2.5141,0.018500000000000003
2024-05-07,2.4988,-0.0060999999999999995
2024-05-08,2.4885,-0.0040999999999999995
2024-05-09,2.5186,0.0121
2024-05-10,2.5187,0.0
2024-05-13,2.5152,-0.0014000000000000002
2024-05-14,2.5112,-0.0016
2024-05-15,2.4987,-0.005
2024-05-16,2.512,0.0053
2024-05-17,2.5199,0.0031
2024-05-20,2.5478,0.0111
2024-05-21,2.5136,-0.0134
2024-05-22,2.5049,-0.0034999999999999996
2024-05-23,2.4932,-0.004699999999999999
2024-05-24,2.4049,-0.0354
2024-05-27,2.4266,0.009000000000000001
2024-05-28,2.3982,-0.011699999999999999
2024-05-29,2.3813,-0.006999999999999999
2024-05-30,2.3753,-0.0025
2024-05-31,2.4317,0.023700000000000002
2024-06-03,2.4582,0.0109
2024-06-04,2.4789,0.0084
2024-06-05,2.4652,-0.0055000000000000005
2024-06-06,2.484,0.0076
2024-06-07,2.4562,-0.011200000000000002
2024-06-11,2.4182,-0.0155
2024-06-12,2.445,0.0111
2024-06-13,2.4614,0.0067
2024-06-14,2.4917,0.0123
2024-06-17,2.5359,0.0177
2024-06-18,2.5371,0.0005
2024-06-19,2.5506,0.0053
2024-06-20,2.5362,-0.005600000000000001
2024-06-21,2.5345,-0.0007000000000000001
2024-06-24,2.5357,0.0005
2024-06-25,2.5134,-0.0088
2024-06-26,2.5414,0.0111
2024-06-27,2.5044,-0.0146
2024-06-28,2.5261,0.0087
2024-06-30,2.5259,-0.0001
2024-07-01,2.532,0.0024
2024-07-02,2.5167,-0.006
2024-07-03,2.5324,0.0062
2024-07-04,2.5353,0.0011
2024-07-05,2.5581,0.009000000000000001
2024-07-08,2.5527,-0.0021
2024-07-09,2.6102,0.0225
2024-07-10,2.6134,0.0012
2024-07-11,2.6539,0.0155
2024-07-12,2.6633,0.0034999999999999996
2024-07-15,2.6617,-0.0006
2024-07-16,2.7164,0.0206
2024-07-17,2.6792,-0.0137
2024-07-18,2.6647,-0.0054
2024-07-19,2.6476,-0.0064
2024-07-22,2.641,-0.0025
2024-07-23,2.5682,-0.0276
2024-07-24,2.5433,-0.0097
2024-07-25,2.4824,-0.0239
2024-07-26,2.5049,0.0091
2024-07-29,2.506,0.0004
2024-07-30,2.4789,-0.0108
2024-07-31,2.5393,0.024399999999999998
2024-08-01,2.5359,-0.0013
2024-08-02,2.4954,-0.016
2024-08-05,2.4234,-0.028900000000000002
2024-08-06,2.4289,0.0023
2024-08-07,2.4319,0.0012
2024-08-08,2.4317,-0.0001
2024-08-09,2.4478,0.0066
2024-08-12,2.4531,0.0022
2024-08-13,2.4693,0.0066
2024-08-14,2.4446,-0.01
2024-08-15,2.4461,0.0006
2024-08-16,2.4531,0.0029
2024-08-19,2.4666,0.0055000000000000005
2024-08-20,2.4654,-0.0005
2024-08-21,2.4961,0.0125
2024-08-22,2.4985,0.001
2024-08-23,2.4878,-0.0043
2024-08-26,2.4806,-0.0029
2024-08-27,2.4457,-0.0141
2024-08-28,2.4231,-0.0092
2024-08-29,2.4295,0.0026
2024-08-30,2.4834,0.0222
2024-09-02,2.4334,-0.020099999999999996
2024-09-03,2.4309,-0.001
2024-09-04,2.3947,-0.0149
2024-09-05,2.3835,-0.004699999999999999
2024-09-06,2.3554,-0.0118
2024-09-09,2.3697,0.0060999999999999995
2024-09-10,2.3861,0.0069
2024-09-11,2.3881,0.0008
2024-09-12,2.3795,-0.0036
2024-09-13,2.4357,0.0236
2024-09-18,2.4497,0.005699999999999999
2024-09-19,2.425,-0.0101
2024-09-20,2.445,0.008199999999999999
2024-09-23,2.4376,-0.003
2024-09-24,2.5252,0.0359
2024-09-25,2.5409,0.0062
2024-09-26,2.5885,0.0187
2024-09-27,2.6727,0.0325
2024-09-30,2.8427,0.0636
2024-10-08,3.0058,0.0574
2024-10-09,2.8503,-0.051699999999999996
2024-10-10,2.8577,0.0026
2024-10-11,2.8158,-0.0147
2024-10-14,2.8453,0.0105
2024-10-15,2.7696,-0.026600000000000002
2024-10-16,2.7447,-0.009000000000000001
2024-10-17,2.738,-0.0024
2024-10-18,2.9047,0.060899999999999996
2024-10-21,2.9082,0.0012
2024-10-22,2.9253,0.0059
2024-10-23,2.9127,-0.0043
2024-10-24,2.8741,-0.013300000000000001
2024-10-25,2.878,0.0014000000000000002
2024-10-28,2.8527,-0.0088
2024-10-29,2.8538,0.0004
2024-10-30,2.8373,-0.0058
2024-10-31,2.8298,-0.0026
2024-11-01,2.8204,-0.0033
2024-11-04,2.8581,0.0134
2024-11-05,2.9213,0.022099999999999998
2024-11-06,2.8637,-0.0197
2024-11-07,2.9156,0.0181
2024-11-08,2.8847,-0.0106
2024-11-11,2.9208,0.0125
2024-11-12,2.8963,-0.0084
2024-11-13,2.8926,-0.0013
2024-11-14,2.8216,-0.0245
2024-11-15,2.7647,-0.0202
2024-11-18,2.706,-0.0212
2024-11-19,2.7464,0.0149
2024-11-20,2.7825,0.0131
2024-11-21,2.7799,-0.0009
2024-11-22,2.7092,-0.0254
2024-11-25,2.6737,-0.0131
2024-11-26,2.6655,-0.0031
2024-11-27,2.7356,0.0263
2024-11-28,2.6758,-0.0219
2024-11-29,2.7084,0.012199999999999999
2024-12-02,2.7552,0.0173
2024-12-03,2.743,-0.0044
2024-12-04,2.7031,-0.014499999999999999
2024-12-05,2.701,-0.0008
2024-12-06,2.734,0.012199999999999999
2024-12-09,2.7518,0.006500000000000001
2024-12-10,2.7491,-0.001
2024-12-11,2.7686,0.0070999999999999995
2024-12-12,2.8033,0.0125
2024-12-13,2.7331,-0.025
2024-12-16,2.6821,-0.0187
2024-12-17,2.6868,0.0018
2024-12-18,2.6987,0.0044
2024-12-19,2.7423,0.016200000000000003
2024-12-20,2.7454,0.0011
2024-12-23,2.7216,-0.0087
2024-12-24,2.7394,0.006500000000000001
2024-12-25,2.7362,-0.0012
2024-12-26,2.7834,0.0173
2024-12-27,2.7569,-0.0095
2024-12-30,2.7559,-0.0004
2024-12-31,2.707,-0.0177
2025-01-02,2.6511,-0.0207
2025-01-03,2.6384,-0.0048
2025-01-06,2.6306,-0.003
2025-01-07,2.6549,0.0092
2025-01-08,2.6153,-0.0149
2025-01-09,2.6185,0.0012
2025-01-10,2.5803,-0.0146
2025-01-13,2.5552,-0.0097
2025-01-14,2.647,0.0359
2025-01-15,2.6176,-0.0111
2025-01-16,2.6499,0.0123
2025-01-17,2.6637,0.0052
2025-01-20,2.7253,0.0231
2025-01-21,2.777,0.019
2025-01-22,2.8035,0.0095
2025-01-23,2.7662,-0.013300000000000001
2025-01-24,2.8089,0.0154
2025-01-27,2.7541,-0.0195
2025-02-05,2.7399,-0.0052
2025-02-06,2.8194,0.028999999999999998
2025-02-07,2.8735,0.0192
2025-02-10,2.9195,0.016
2025-02-11,2.9143,-0.0018
2025-02-12,2.9565,0.014499999999999999
2025-02-13,2.9094,-0.0159
2025-02-14,2.9538,0.015300000000000001
2025-02-17,2.981,0.0092
2025-02-18,2.9928,0.004
2025-02-19,3.0391,0.0155
2025-02-20,3.0539,0.0049
2025-02-21,3.1257,0.0235
2025-02-24,3.0957,-0.0096
2025-02-25,3.0828,-0.0042
2025-02-26,3.1235,0.0132
2025-02-27,3.0718,-0.0166
2025-02-28,2.9375,-0.0437
2025-03-03,2.9054,-0.0109
2025-03-04,2.9244,0.006500000000000001
2025-03-05,2.9646,0.0137
2025-03-06,3.0098,0.0152
2025-03-07,2.9966,-0.0044
2025-03-10,2.9696,-0.009000000000000001
2025-03-11,2.9547,-0.005
2025-03-12,2.9665,0.004
2025-03-13,2.9182,-0.0163
2025-03-14,2.9913,0.025
2025-03-17,2.986,-0.0018
2025-03-18,3.0459,0.020099999999999996
2025-03-19,3.0168,-0.0096
2025-03-20,2.9858,-0.0103
2025-03-21,2.9049,-0.0271
2025-03-24,2.9277,0.0078000000000000005
2025-03-25,2.8816,-0.015700000000000002
2025-03-26,2.8931,0.004
2025-03-27,2.9043,0.0039000000000000003
2025-03-28,2.9171,0.0044
2025-03-31,2.9144,-0.0009
2025-04-01,2.9318,0.006
2025-04-02,2.9394,0.0026
2025-04-03,2.8167,-0.0417
2025-04-07,2.5204,-0.1052
2025-04-08,2.4783,-0.0167
2025-04-09,2.5011,0.0092
2025-04-10,2.5849,0.0335
2025-04-11,2.667,0.0318
2025-04-14,2.7049,0.014199999999999999
2025-04-15,2.6809,-0.0089
2025-04-16,2.6399,-0.015300000000000001
2025-04-17,2.6318,-0.0031
2025-04-18,2.6442,0.004699999999999999
2025-04-21,2.6752,0.011699999999999999
2025-04-22,2.6752,0.0
2025-04-23,2.733,0.0216
2025-04-24,2.7186,-0.0053
2025-04-25,2.7464,0.0102
2025-04-28,2.7124,-0.0124
2025-04-29,2.7167,0.0016
2025-04-30,2.7367,0.0074
2025-05-06,2.8009,0.0235
2025-05-07,2.7768,-0.0086
2025-05-08,2.8166,0.0143
2025-05-09,2.793,-0.0084
2025-05-12,2.8826,0.0321
2025-05-13,2.855,-0.0096
2025-05-14,2.8745,0.0068000000000000005
2025-05-15,2.8204,-0.018799999999999997
2025-05-16,2.8248,0.0016
2025-05-19,2.8095,-0.0054
2025-05-20,2.8478,0.013600000000000001
2025-05-21,2.8592,0.004
2025-05-22,2.8414,-0.0062
2025-05-23,2.8154,-0.0092
2025-05-26,2.8011,-0.0051
2025-05-27,2.778,-0.008199999999999999
2025-05-28,2.7807,0.001
2025-05-29,2.8432,0.0225
2025-05-30,2.7936,-0.0174
2025-06-03,2.7896,-0.0014000000000000002
2025-06-04,2.8378,0.0173
2025-06-05,2.9052,0.023799999999999998
2025-06-06,2.8951,-0.0034999999999999996
2025-06-09,2.926,0.010700000000000001
2025-06-10,2.9234,-0.0009
2025-06-11,2.9308,0.0025
2025-06-12,2.9477,0.0058
2025-06-13,2.9258,-0.0074
2025-06-16,2.9697,0.015
2025-06-17,2.9702,0.0002
2025-06-18,3.0115,0.0139
2025-06-19,2.9965,-0.005
2025-06-20,2.9933,-0.0011
2025-06-23,2.9912,-0.0007000000000000001
2025-06-24,3.0263,0.011699999999999999
2025-06-25,3.0543,0.009300000000000001
2025-06-26,3.0552,0.0003
2025-06-27,3.0993,0.0144
2025-06-30,3.1237,0.0079
2025-07-01,3.1298,0.002
2025-07-02,3.0797,-0.016
2025-07-03,3.1639,0.0273
2025-07-04,3.1628,-0.0003
2025-07-07,3.1245,-0.0121
2025-07-08,3.1938,0.0222
2025-07-09,3.1854,-0.0026
2025-07-10,3.1863,0.0003
2025-07-11,3.1904,0.0013
2025-07-14,3.2217,0.0098
2025-07-15,3.3429,0.037599999999999995
2025-07-16,3.3527,0.0029
2025-07-17,3.4403,0.026099999999999998
2025-07-18,3.4481,0.0023
2025-07-21,3.4477,-0.0001
2025-07-22,3.4432,-0.0013
2025-07-23,3.439,-0.0012
2025-07-24,3.4665,0.008
2025-07-25,3.4562,-0.003
2025-07-28,3.4682,0.0034999999999999996
2025-07-29,3.5193,0.0147
2025-07-30,3.4862,-0.009399999999999999
2025-07-31,3.4553,-0.0089
2025-08-01,3.4195,-0.0104
2025-08-04,3.4316,0.0034999999999999996
2025-08-05,3.4743,0.0124
2025-08-06,3.4792,0.0014000000000000002
2025-08-07,3.4816,0.0007000000000000001
2025-08-08,3.47,-0.0033
2025-08-11,3.5021,0.009300000000000001
2025-08-12,3.5517,0.014199999999999999
2025-08-13,3.6334,0.023
2025-08-14,3.6072,-0.0072
2025-08-15,3.6167,0.0026
2025-08-18,3.6769,0.0166
2025-08-19,3.6783,0.0004
2025-08-20,3.7272,0.013300000000000001
2025-08-21,3.7561,0.0078000000000000005
2025-08-22,3.8172,0.0163
2025-08-25,3.8697,0.0138
2025-08-26,3.9292,0.0154
2025-08-27,3.8999,-0.0075
2025-08-28,3.9955,0.0245
2025-08-29,4.0306,0.0088
2025-09-01,4.0793,0.0121
2025-09-02,3.9631,-0.0285
2025-09-03,3.9637,0.0002
2025-09-04,3.8499,-0.0287
2025-09-05,3.9846,0.035
2025-09-08,3.9779,-0.0017000000000000001
2025-09-09,3.9188,-0.0149
2025-09-10,3.9172,-0.0004
2025-09-11,3.9914,0.0189
2025-09-12,4.0129,0.0054
2025-09-15,4.0264,0.0034000000000000002
2025-09-16,4.04,0.0034000000000000002
2025-09-17,4.0792,0.0097
2025-09-18,4.0676,-0.0028000000000000004
2025-09-19,4.0621,-0.0014000000000000002
2025-09-22,4.1938,0.032400000000000005
2025-09-23,4.2257,0.0076
2025-09-24,4.2791,0.0126
2025-09-25,4.3091,0.006999999999999999
2025-09-26,4.2054,-0.0241
2025-09-29,4.2845,0.018799999999999997
2025-09-30,4.3354,0.011899999999999999
2025-10-09,4.3417,0.0015
2025-10-10,4.1402,-0.0464
2025-10-13,4.0252,-0.0278
2025-10-14,3.8736,-0.0377
2025-10-15,3.9675,0.0242
2025-10-16,3.9752,0.0019
2025-10-17,3.8198,-0.0391
2025-10-20,3.8588,0.0102
2025-10-21,3.9958,0.0355
2025-10-22,3.9671,-0.0072
2025-10-23,3.9295,-0.0095
2025-10-24,4.0404,0.0282
2025-10-27,4.1231,0.020499999999999997
2025-10-28,4.0837,-0.0096
2025-10-29,4.1383,0.0134
2025-10-30,4.0452,-0.0225
2025-10-31,3.9974,-0.0118
2025-11-03,3.9975,0.0
2025-11-04,3.8946,-0.025699999999999997
2025-11-05,3.8969,0.0006
2025-11-06,3.9842,0.022400000000000003
2025-11-07,3.9263,-0.014499999999999999
2025-11-10,3.9051,-0.0054
2025-11-11,3.8445,-0.0155
2025-11-12,3.8723,0.0072
2025-11-13,3.8978,0.0066
2025-11-14,3.8047,-0.0239
2025-11-17,3.776,-0.0075
2025-11-18,3.736,-0.0106
2025-11-19,3.7448,0.0024
2025-11-20,3.7423,-0.0007000000000000001
2025-11-21,3.6131,-0.0345
2025-11-24,3.6508,0.0104
2025-11-25,3.7243,0.020099999999999996
2025-11-26,3.8106,0.0232
2025-11-27,3.8094,-0.0003
2025-11-28,3.8284,0.005
2025-12-01,3.8975,0.018000000000000002
2025-12-02,3.8893,-0.0021
2025-12-03,3.844,-0.0116
2025-12-04,3.8653,0.0055000000000000005
2025-12-05,3.8911,0.0067
2025-12-08,3.9347,0.011200000000000002
2025-12-09,3.9311,-0.0009
2025-12-10,3.9265,-0.0012
2025-12-11,3.8908,-0.0091
2025-12-12,3.956,0.0168
2025-12-15,3.8515,-0.0264
2025-12-16,3.7894,-0.0161
2025-12-17,3.8942,0.0277
2025-12-18,3.8486,-0.011699999999999999
2025-12-19,3.8793,0.008
2025-12-22,3.9429,0.016399999999999998
2025-12-23,3.9339,-0.0023
2025-12-24,3.9701,0.0092
2025-12-25,3.9652,-0.0012
2025-12-26,3.9722,0.0018
2025-12-29,3.9212,-0.0128
2025-12-30,3.9342,0.0033
2025-12-31,3.8893,-0.011399999999999999
2026-01-05,4.0057,0.029900000000000003
2026-01-06,4.065,0.0148
2026-01-07,4.0806,0.0038
2026-01-08,4.0057,-0.0184
2026-01-09,4.005,-0.0002
2026-01-12,4.0344,0.0073
2026-01-13,3.9997,-0.0086
2026-01-14,4.024,0.0060999999999999995
2026-01-15,4.0589,0.0087
2026-01-16,4.0571,-0.0004
2026-01-19,4.0801,0.005699999999999999
2026-01-20,4.0125,-0.0166
2026-01-21,4.0927,0.02
2026-01-22,4.0939,0.0003
2026-01-23,4.1155,0.0053
2026-01-26,4.0805,-0.0085
2026-01-27,4.1057,0.0062
2026-01-28,4.1596,0.0131
2026-01-29,4.0753,-0.0203
2026-01-30,4.0244,-0.0125
2026-02-02,3.9026,-0.030299999999999997
2026-02-03,3.955,0.0134
2026-02-04,3.9059,-0.0124
2026-02-05,3.8377,-0.0175
2026-02-06,3.8014,-0.0095
2026-02-09,3.9141,0.0296
2026-02-10,3.9175,0.0009
2026-02-11,3.8739,-0.0111
2026-02-12,3.8875,0.0034999999999999996
2026-02-13,3.8645,-0.0059
2026-02-24,3.9505,0.0223
2026-02-25,4.0354,0.0215
2026-02-26,4.0385,0.0008
2026-02-27,3.9856,-0.0131
2026-03-02,4.0238,0.0096
2026-03-03,3.8865,-0.0341
2026-03-04,3.8225,-0.0165
2026-03-05,3.9012,0.0206
2026-03-06,3.899,-0.0006
2026-03-09,3.8153,-0.0215
2026-03-10,3.9613,0.0383
2026-03-11,3.9616,0.0001
2026-03-12,3.8806,-0.0204
2026-03-13,3.9022,0.005600000000000001
2026-03-16,3.9455,0.0111
2026-03-17,3.8677,-0.0197
2026-03-18,3.9677,0.0259
2026-03-19,3.8361,-0.0332
2026-03-20,3.8719,0.009300000000000001
2026-03-23,3.7493,-0.0317
2026-03-24,3.8504,0.027000000000000003
2026-03-25,3.9555,0.0273
2026-03-26,3.8868,-0.0174
2026-03-27,3.9252,0.009899999999999999
2026-03-30,3.9261,0.0002
2026-03-31,3.8508,-0.0192
2026-04-01,3.9666,0.0301
2026-04-02,3.9221,-0.011200000000000002
2026-04-03,3.9362,0.0036
2026-04-07,3.945,0.0022
2026-04-08,4.1718,0.0575
2026-04-09,4.1898,0.0043
2026-04-10,4.3208,0.0313
2026-04-13,4.3546,0.0078000000000000005
2026-04-14,4.4588,0.0239
2026-04-15,4.3965,-0.013999999999999999
2026-04-16,4.5293,0.0302
2026-04-17,4.6088,0.0176
2026-04-20,4.6607,0.0113
2026-04-21,4.6885,0.006
2026-04-22,4.8024,0.024300000000000002
2026-04-23,4.7308,-0.0149
2026-04-24,4.7013,-0.0062
2026-04-27,4.7754,0.0158
2026-04-28,4.7038,-0.015
2026-04-29,4.7933,0.019
2026-04-30,4.7463,-0.0098
2026-05-06,4.8165,0.0148
2026-05-07,4.8772,0.0126
2026-05-08,4.8432,-0.006999999999999999
2026-05-11,4.9295,0.0178
2026-05-12,4.9673,0.0077
2026-05-13,5.0786,0.022400000000000003
2026-05-14,4.9452,-0.0263
2026-05-15,4.8715,-0.0149
2026-05-18,4.8595,-0.0025
2026-05-19,4.7979,-0.0127
2026-05-20,4.7921,-0.0012
2026-05-21,4.6865,-0.022000000000000002
2026-05-22,4.8452,0.0339
2026-05-25,4.954,0.0225
2026-05-26,5.0063,0.0106
2026-05-27,4.9697,-0.0073
2026-05-28,5.0226,0.0106
2026-05-29,4.9956,-0.0054
2026-06-01,4.9203,-0.0151
2026-06-02,5.057,0.0278
2026-06-03,5.0989,0.0083
2026-06-04,5.0698,-0.005699999999999999
2026-06-05,4.921,-0.0294
2026-06-08,4.844,-0.015600000000000001
2026-06-09,4.9468,0.0212
2026-06-10,4.8425,-0.021099999999999997
2026-06-11,4.7977,-0.009300000000000001
2026-06-12,4.8257,0.0058
2026-06-15,4.9817,0.0323
2026-06-16,4.9792,-0.0005
2026-06-17,5.0448,0.0132
2026-06-18,5.1356,0.018000000000000002
2026-06-22,5.1722,0.0070999999999999995
2026-06-23,5.0026,-0.032799999999999996
2026-06-24,5.1232,0.0241
2026-06-25,5.2431,0.023399999999999997
2026-06-26,4.9807,-0.05
2026-06-29,4.9688,-0.0024
2026-06-30,5.163,0.0391
2026-07-01,4.9771,-0.036000000000000004
2026-07-02,4.6509,-0.0655
2026-07-03,4.7138,0.013500000000000002
2026-07-06,4.6416,-0.015300000000000001
2026-07-07,4.6155,-0.005600000000000001
2026-07-08,4.609,-0.0014000000000000002
2026-07-09,4.8515,0.0526
2026-07-10,4.6586,-0.0398
2026-07-13,4.5423,-0.025
2026-07-14,4.7534,0.04650000000000001
2026-07-15,4.6678,-0.018000000000000002
2026-07-16,4.5904,-0.0166
2026-07-17,4.2425,-0.0758
2026-07-20,4.2068,-0.0084
2026-07-21,4.4867,0.0665
2026-07-22,4.3302,-0.0349
2026-07-23,4.3219,-0.0019
2026-07-24,4.2422,-0.0184
2026-07-27,4.3954,0.0361
2026-07-28,4.0434,-0.0801
2026-07-29,4.0647,0.0053
2026-07-30,3.7703,-0.0724
2026-07-31,3.9011,0.0347
