date,nav,ret
2003-07-12,1.0,0.0
2003-08-11,1.001,0.001
2003-08-12,1.001,0.0
2003-08-13,1.002,0.000999
2003-08-14,1.002,0.0
2003-08-15,1.002,0.0
2003-08-18,1.002,0.0
2003-08-19,1.002,0.0
2003-08-20,1.002,0.0
2003-08-21,1.002,0.0
2003-08-22,1.002,0.0
2003-08-25,1.002,0.0
2003-08-26,1.002,0.0
2003-08-27,1.002,0.0
2003-08-28,1.002,0.0
2003-08-29,1.002,0.0
2003-09-01,1.002,0.0
2003-09-02,1.002,0.0
2003-09-03,1.002,0.0
2003-09-04,1.002,0.0
2003-09-05,1.002,0.0
2003-09-08,1.002,0.0
2003-09-09,1.002,0.0
2003-09-10,1.002,0.0
2003-09-11,1.002,0.0
2003-09-12,1.004,0.001996
2003-09-15,1.004,0.0
2003-09-16,1.004,0.0
2003-09-17,1.004,0.0
2003-09-18,1.004,0.0
2003-09-19,1.004,0.0
2003-09-22,1.004,0.0
2003-09-23,1.004,0.0
2003-09-24,1.003,-0.000996
2003-09-25,1.003,0.0
2003-09-26,1.003,0.0
2003-09-29,1.003,0.0
2003-09-30,1.003,0.0
2003-10-08,1.003,0.0
2003-10-09,1.001,-0.001994
2003-10-10,1.0,-0.000999
2003-10-13,1.0,0.0
2003-10-14,1.0,0.0
2003-10-15,0.999,-0.001
2003-10-16,0.999,0.0
2003-10-17,0.998,-0.001001
2003-10-20,0.998,0.0
2003-10-21,0.998,0.0
2003-10-22,1.0,0.002004
2003-10-23,0.999,-0.001
2003-10-24,0.999,0.0
2003-10-27,0.999,0.0
2003-10-28,1.001,0.002002
2003-10-29,1.0,-0.000999
2003-10-30,0.999,-0.001
2003-10-31,0.999,0.0
2003-11-03,0.999,0.0
2003-11-04,1.0,0.001001
2003-11-05,1.0,0.0
2003-11-06,0.998,-0.002
2003-11-07,0.996,-0.002004
2003-11-10,0.997,0.0010040000000000001
2003-11-11,0.998,0.001003
2003-11-12,0.995,-0.003006
2003-11-13,0.995,0.0
2003-11-14,0.996,0.001005
2003-11-17,0.995,-0.0010040000000000001
2003-11-18,0.996,0.001005
2003-11-19,0.997,0.0010040000000000001
2003-11-20,0.999,0.002006
2003-11-21,0.999,0.0
2003-11-24,1.004,0.005004999999999999
2003-11-25,1.004,0.0
2003-11-26,1.006,0.001992
2003-11-27,1.005,-0.000994
2003-11-28,1.006,0.000995
2003-12-01,1.011,0.00497
2003-12-02,1.01,-0.000989
2003-12-03,1.011,0.00099
2003-12-04,1.014,0.002967
2003-12-05,1.015,0.000986
2003-12-08,1.013,-0.00197
2003-12-09,1.012,-0.000987
2003-12-10,1.018,0.005929
2003-12-11,1.023,0.004912000000000001
2003-12-12,1.031,0.00782
2003-12-15,1.032,0.00097
2003-12-16,1.032,0.0
2003-12-17,1.032,0.0
2003-12-18,1.034,0.001938
2003-12-19,1.039,0.004836
2003-12-22,1.047,0.0077
2003-12-23,1.028,0.000955
2003-12-24,1.03,0.001946
2003-12-25,1.032,0.0019420000000000001
2003-12-26,1.029,-0.0029070000000000003
2003-12-29,1.027,-0.001944
2003-12-30,1.028,0.000974
2003-12-31,1.024,-0.003891
2004-01-02,1.027,0.00293
2004-01-05,1.038,0.010711
2004-01-06,1.039,0.000963
2004-01-07,1.047,0.0077
2004-01-08,1.053,0.005731000000000001
2004-01-09,1.05,-0.002849
2004-01-12,1.062,0.011429
2004-01-13,1.061,-0.000942
2004-01-14,1.056,-0.004713
2004-01-15,1.048,-0.007576
2004-01-16,1.046,-0.001908
2004-01-29,1.05,0.003824
2004-01-30,1.042,-0.007619
2004-02-02,1.058,0.015355
2004-02-03,1.072,0.013233
2004-02-04,1.087,0.013993
2004-02-05,1.09,0.0027600000000000003
2004-02-06,1.06,-0.004587
2004-02-09,1.064,0.003774
2004-02-10,1.064,0.0
2004-02-11,1.058,-0.005639
2004-02-12,1.054,-0.003781
2004-02-13,1.056,0.001898
2004-02-16,1.069,0.012311
2004-02-17,1.065,-0.0037419999999999997
2004-02-18,1.072,0.006573
2004-02-19,1.071,-0.0009329999999999999
2004-02-20,1.073,0.001867
2004-02-23,1.057,-0.014911
2004-02-24,1.051,-0.005676
2004-02-25,1.046,-0.004757
2004-02-26,1.057,0.010516000000000001
2004-02-27,1.058,0.000946
2004-03-01,1.062,0.003781
2004-03-02,1.063,0.000942
2004-03-03,1.056,-0.006585
2004-03-04,1.056,0.0
2004-03-05,1.054,-0.001894
2004-03-08,1.048,-0.005693
2004-03-09,1.048,0.0
2004-03-10,1.058,0.009542
2004-03-11,1.063,0.004726
2004-03-12,1.065,0.0018809999999999999
2004-03-15,1.079,0.013146
2004-03-16,1.079,0.0
2004-03-17,1.082,0.0027800000000000004
2004-03-18,1.07,-0.011091
2004-03-19,1.078,0.007477
2004-03-22,1.078,0.0
2004-03-23,1.072,-0.005566
2004-03-24,1.069,-0.002799
2004-03-25,1.07,0.000935
2004-03-26,1.07,0.0
2004-03-29,1.065,-0.004673
2004-03-30,1.06,-0.0046949999999999995
2004-03-31,1.062,0.001887
2004-04-01,1.065,0.002825
2004-04-02,1.072,0.006573
2004-04-05,1.071,-0.0009329999999999999
2004-04-06,1.07,-0.0009339999999999999
2004-04-07,1.067,-0.0028039999999999996
2004-04-08,1.062,-0.004686
2004-04-09,1.056,-0.00565
2004-04-12,1.052,-0.003788
2004-04-13,1.045,-0.006654
2004-04-14,1.042,-0.0028710000000000003
2004-04-15,1.043,0.00096
2004-04-16,1.042,-0.000959
2004-04-19,1.031,-0.010557
2004-04-20,1.032,0.00097
2004-04-21,1.03,-0.001938
2004-04-22,1.029,-0.0009710000000000001
2004-04-23,1.024,-0.004859
2004-04-26,1.023,-0.000977
2004-04-27,1.022,-0.000978
2004-04-28,1.021,-0.000978
2004-04-29,1.009,-0.011753
2004-04-30,1.008,0.00892
2004-05-10,0.999,-0.008929
2004-05-11,1.0,0.001001
2004-05-12,1.01,0.01
2004-05-13,1.011,0.00099
2004-05-14,1.004,-0.0069240000000000005
2004-05-17,0.998,-0.005976
2004-05-18,1.002,0.004008
2004-05-19,1.002,0.0
2004-05-20,1.001,-0.000998
2004-05-21,1.005,0.003996
2004-05-24,1.004,-0.000995
2004-05-25,1.003,-0.000996
2004-05-26,1.0,-0.0029909999999999997
2004-05-27,1.008,0.008
2004-05-28,1.01,0.001984
2004-05-31,1.011,0.00099
2004-06-01,1.014,0.002967
2004-06-02,1.011,-0.002959
2004-06-03,1.007,-0.003956
2004-06-04,1.007,0.0
2004-06-07,1.004,-0.002979
2004-06-08,0.98,-0.023904
2004-06-09,0.974,-0.006122
2004-06-10,0.979,0.0051329999999999995
2004-06-11,0.972,-0.00715
2004-06-14,0.968,-0.004115
2004-06-15,0.973,0.0051649999999999995
2004-06-16,0.968,-0.005139
2004-06-17,0.963,-0.0051649999999999995
2004-06-18,0.961,-0.002077
2004-06-21,0.962,0.001041
2004-06-22,0.963,0.00104
2004-06-23,0.954,-0.009346
2004-06-24,0.952,-0.002096
2004-06-25,0.951,-0.00105
2004-06-28,0.952,0.001052
2004-06-29,0.956,0.004202
2004-06-30,0.955,-0.001046
2004-07-01,0.957,0.002094
2004-07-02,0.949,-0.008359
2004-07-05,0.949,0.0
2004-07-06,0.954,0.005269
2004-07-07,0.953,-0.001048
2004-07-08,0.953,0.0
2004-07-09,0.951,-0.002099
2004-07-12,0.949,-0.002103
2004-07-13,0.95,0.001054
2004-07-14,0.954,0.0042109999999999995
2004-07-15,0.964,0.010482
2004-07-16,0.968,0.004149
2004-07-19,0.966,-0.002066
2004-07-20,0.964,-0.00207
2004-07-21,0.967,0.0031119999999999997
2004-07-22,0.957,-0.010341
2004-07-23,0.951,-0.00627
2004-07-26,0.95,-0.001052
2004-07-27,0.949,-0.0010530000000000001
2004-07-28,0.952,0.0031609999999999997
2004-07-29,0.949,-0.0031509999999999997
2004-07-30,0.951,0.002107
2004-08-02,0.951,0.0
2004-08-03,0.951,0.0
2004-08-04,0.951,0.0
2004-08-05,0.948,-0.003155
2004-08-06,0.948,0.0
2004-08-09,0.951,0.003165
2004-08-10,0.952,0.001052
2004-08-11,0.951,-0.00105
2004-08-12,0.95,-0.001052
2004-08-13,0.958,0.008421
2004-08-16,0.951,-0.007307
2004-08-17,0.953,0.002103
2004-08-18,0.951,-0.002099
2004-08-19,0.952,0.001052
2004-08-20,0.951,-0.00105
2004-08-23,0.944,-0.0073609999999999995
2004-08-24,0.941,-0.0031780000000000003
2004-08-25,0.94,-0.0010630000000000001
2004-08-26,0.941,0.0010639999999999998
2004-08-27,0.938,-0.003188
2004-08-30,0.938,0.0
2004-08-31,0.941,0.003198
2004-09-01,0.938,-0.003188
2004-09-02,0.934,-0.004264
2004-09-03,0.934,0.0
2004-09-06,0.934,0.0
2004-09-07,0.933,-0.001071
2004-09-08,0.93,-0.003215
2004-09-09,0.924,-0.006452
2004-09-10,0.923,-0.001082
2004-09-13,0.92,-0.0032500000000000003
2004-09-14,0.919,-0.001087
2004-09-15,0.933,0.015234000000000001
2004-09-16,0.937,0.004287
2004-09-17,0.953,0.017076
2004-09-20,0.968,0.01574
2004-09-21,0.965,-0.003099
2004-09-22,0.964,-0.001036
2004-09-23,0.969,0.005187000000000001
2004-09-24,0.978,0.009288
2004-09-27,0.973,-0.005112
2004-09-28,0.974,0.001028
2004-09-29,0.977,0.00308
2004-09-30,0.98,0.003071
2004-10-08,0.977,-0.003061
2004-10-11,0.983,0.006141
2004-10-12,0.978,-0.005086
2004-10-13,0.971,-0.007157
2004-10-14,0.959,-0.012358000000000001
2004-10-15,0.953,-0.006257
2004-10-18,0.946,-0.007345000000000001
2004-10-19,0.946,0.0
2004-10-20,0.947,0.001057
2004-10-21,0.946,-0.001056
2004-10-22,0.95,0.004228
2004-10-25,0.941,-0.009474
2004-10-26,0.94,-0.0010630000000000001
2004-10-27,0.942,0.0021279999999999997
2004-10-28,0.945,0.003185
2004-10-29,0.942,-0.003175
2004-11-01,0.93,-0.012739
2004-11-02,0.928,-0.002151
2004-11-03,0.931,0.0032329999999999998
2004-11-04,0.926,-0.005371
2004-11-05,0.925,-0.00108
2004-11-08,0.923,-0.002162
2004-11-09,0.925,0.002167
2004-11-10,0.928,0.003243
2004-11-11,0.927,-0.001078
2004-11-12,0.926,-0.0010789999999999999
2004-11-15,0.936,0.010799000000000001
2004-11-16,0.937,0.0010680000000000002
2004-11-17,0.938,0.001067
2004-11-18,0.94,0.002132
2004-11-19,0.939,-0.0010639999999999998
2004-11-22,0.94,0.001065
2004-11-23,0.94,0.0
2004-11-24,0.936,-0.004255
2004-11-25,0.934,-0.002137
2004-11-26,0.935,0.001071
2004-11-29,0.934,-0.00107
2004-11-30,0.932,-0.002141
2004-12-01,0.933,0.0010730000000000002
2004-12-02,0.929,-0.004287
2004-12-03,0.931,0.002153
2004-12-06,0.93,-0.0010739999999999999
2004-12-07,0.924,-0.006452
2004-12-08,0.925,0.001082
2004-12-09,0.928,0.003243
2004-12-10,0.928,0.0
2004-12-13,0.927,-0.001078
2004-12-14,0.925,-0.002157
2004-12-15,0.928,0.003243
2004-12-16,0.927,-0.001078
2004-12-17,0.925,-0.002157
2004-12-20,0.923,-0.002162
2004-12-21,0.921,-0.002167
2004-12-22,0.922,0.001086
2004-12-23,0.918,-0.004338
2004-12-24,0.914,-0.004357
2004-12-27,0.914,0.0
2004-12-28,0.909,-0.00547
2004-12-29,0.913,0.0044
2004-12-30,0.915,0.002191
2004-12-31,0.907,-0.008742999999999999
2005-01-04,0.9,-0.007718
2005-01-05,0.899,-0.001111
2005-01-06,0.899,0.0
2005-01-07,0.899,0.0
2005-01-10,0.899,0.0
2005-01-11,0.903,0.004449
2005-01-12,0.903,0.0
2005-01-13,0.905,0.002215
2005-01-14,0.902,-0.0033150000000000002
2005-01-17,0.898,-0.004435
2005-01-18,0.897,-0.001114
2005-01-19,0.895,-0.00223
2005-01-20,0.895,0.0
2005-01-21,0.901,0.006704
2005-01-24,0.907,0.006659000000000001
2005-01-25,0.907,0.0
2005-01-26,0.908,0.001103
2005-01-27,0.905,-0.003304
2005-01-28,0.904,-0.001105
2005-01-31,0.906,0.002212
2005-02-01,0.901,-0.005519
2005-02-02,0.912,0.012209000000000001
2005-02-03,0.914,0.002193
2005-02-04,0.922,0.008753
2005-02-16,0.928,0.006508000000000001
2005-02-17,0.926,-0.002155
2005-02-18,0.923,-0.0032400000000000003
2005-02-21,0.933,0.010834
2005-02-22,0.943,0.010718
2005-02-23,0.945,0.002121
2005-02-24,0.945,0.0
2005-02-25,0.95,0.0052910000000000006
2005-02-28,0.951,0.0010530000000000001
2005-03-01,0.952,0.001052
2005-03-02,0.949,-0.0031509999999999997
2005-03-03,0.948,-0.001054
2005-03-04,0.945,-0.003165
2005-03-07,0.947,0.0021160000000000003
2005-03-08,0.951,0.004224
2005-03-09,0.955,0.004206
2005-03-10,0.949,-0.0062829999999999995
2005-03-11,0.952,0.0031609999999999997
2005-03-14,0.952,0.0
2005-03-15,0.948,-0.004202
2005-03-16,0.948,0.0
2005-03-17,0.943,-0.005274
2005-03-18,0.942,-0.00106
2005-03-21,0.943,0.001062
2005-03-22,0.939,-0.004242
2005-03-23,0.938,-0.001065
2005-03-24,0.938,0.0
2005-03-25,0.941,0.003198
2005-03-28,0.938,-0.003188
2005-03-29,0.939,0.001066
2005-03-30,0.935,-0.00426
2005-03-31,0.935,0.0
2005-04-01,0.943,0.008556000000000001
2005-04-04,0.943,0.0
2005-04-05,0.944,0.00106
2005-04-06,0.951,0.007415000000000001
2005-04-07,0.956,0.0052580000000000005
2005-04-08,0.958,0.002092
2005-04-11,0.955,-0.003132
2005-04-12,0.96,0.005235999999999999
2005-04-13,0.963,0.003125
2005-04-14,0.96,-0.003115
2005-04-15,0.957,-0.003125
2005-04-18,0.958,0.001045
2005-04-19,0.957,-0.001044
2005-04-20,0.955,-0.00209
2005-04-21,0.959,0.004188
2005-04-22,0.96,0.001043
2005-04-25,0.959,-0.001042
2005-04-26,0.959,0.0
2005-04-27,0.961,0.002086
2005-04-28,0.963,0.002081
2005-04-29,0.962,-0.001038
2005-05-09,0.956,-0.006237
2005-05-10,0.959,0.003138
2005-05-11,0.955,-0.004171
2005-05-12,0.95,-0.005235999999999999
2005-05-13,0.947,-0.003158
2005-05-16,0.941,-0.0063360000000000005
2005-05-17,0.941,0.0
2005-05-18,0.941,0.0
2005-05-19,0.941,0.0
2005-05-20,0.939,-0.002125
2005-05-23,0.937,-0.00213
2005-05-24,0.937,0.0
2005-05-25,0.937,0.0
2005-05-26,0.935,-0.002134
2005-05-27,0.932,-0.003209
2005-05-30,0.933,0.0010730000000000002
2005-05-31,0.931,-0.002144
2005-06-01,0.926,-0.005371
2005-06-02,0.921,-0.0054
2005-06-03,0.921,0.0
2005-06-06,0.921,0.0
2005-06-07,0.928,0.0076
2005-06-08,0.953,0.02694
2005-06-09,0.95,-0.003148
2005-06-10,0.946,-0.0042109999999999995
2005-06-13,0.945,-0.001057
2005-06-14,0.943,-0.0021160000000000003
2005-06-15,0.942,-0.00106
2005-06-16,0.945,0.003185
2005-06-17,0.949,0.004233
2005-06-20,0.956,0.007376000000000001
2005-06-21,0.958,0.002092
2005-06-22,0.96,0.002088
2005-06-23,0.96,0.0
2005-06-24,0.96,0.0
2005-06-27,0.963,0.003125
2005-06-28,0.96,-0.003115
2005-06-29,0.957,-0.003125
2005-06-30,0.952,-0.005225
2005-07-01,0.949,-0.0031509999999999997
2005-07-04,0.95,0.001054
2005-07-05,0.949,-0.0010530000000000001
2005-07-06,0.949,0.0
2005-07-07,0.949,0.0
2005-07-08,0.948,-0.001054
2005-07-11,0.947,-0.001055
2005-07-12,0.955,0.008448
2005-07-13,0.953,-0.002094
2005-07-14,0.953,0.0
2005-07-15,0.952,-0.001049
2005-07-18,0.951,-0.00105
2005-07-19,0.949,-0.002103
2005-07-20,0.951,0.002107
2005-07-21,0.95,-0.001052
2005-07-22,0.957,0.007368
2005-07-25,0.956,-0.001045
2005-07-26,0.962,0.006276
2005-07-27,0.969,0.0072770000000000005
2005-07-28,0.972,0.003096
2005-07-29,0.973,0.001029
2005-08-01,0.974,0.001028
2005-08-02,0.977,0.00308
2005-08-03,0.977,0.0
2005-08-04,0.974,-0.003071
2005-08-05,0.982,0.008214
2005-08-08,0.983,0.001018
2005-08-09,0.983,0.0
2005-08-10,0.984,0.001017
2005-08-11,0.986,0.002033
2005-08-12,0.98,-0.006085
2005-08-15,0.984,0.004082
2005-08-16,0.979,-0.005081
2005-08-17,0.98,0.001021
2005-08-18,0.973,-0.007143
2005-08-19,0.976,0.0030830000000000002
2005-08-22,0.98,0.004098
2005-08-23,0.981,0.0010199999999999999
2005-08-24,0.981,0.0
2005-08-25,0.983,0.002039
2005-08-26,0.981,-0.002035
2005-08-29,0.978,-0.003058
2005-08-30,0.976,-0.002045
2005-08-31,0.979,0.003074
2005-09-01,0.981,0.002043
2005-09-02,0.982,0.001019
2005-09-05,0.981,-0.001018
2005-09-06,0.982,0.001019
2005-09-07,0.988,0.00611
2005-09-08,0.989,0.0010119999999999999
2005-09-09,0.992,0.003033
2005-09-12,0.992,0.0
2005-09-13,0.992,0.0
2005-09-14,0.993,0.001008
2005-09-15,0.995,0.002014
2005-09-16,0.995,0.0
2005-09-19,0.994,-0.001005
2005-09-20,0.993,-0.001006
2005-09-21,0.991,-0.002014
2005-09-22,0.98,-0.0111
2005-09-23,0.975,-0.005102
2005-09-26,0.975,0.0
2005-09-27,0.975,0.0
2005-09-28,0.977,0.002051
2005-09-29,0.975,-0.0020469999999999998
2005-09-30,0.978,0.003077
2005-10-10,0.978,0.0
2005-10-11,0.977,-0.001022
2005-10-12,0.98,0.003071
2005-10-13,0.983,0.003061
2005-10-14,0.982,-0.001017
2005-10-17,0.982,0.0
2005-10-18,0.981,-0.001018
2005-10-19,0.983,0.002039
2005-10-20,0.982,-0.001017
2005-10-21,0.98,-0.0020369999999999997
2005-10-24,0.979,-0.0010199999999999999
2005-10-25,0.978,-0.001021
2005-10-26,0.978,0.0
2005-10-27,0.974,-0.00409
2005-10-28,0.969,-0.0051329999999999995
2005-10-31,0.969,0.0
2005-11-01,0.969,0.0
2005-11-02,0.969,0.0
2005-11-03,0.969,0.0
2005-11-04,0.969,0.0
2005-11-07,0.967,-0.002064
2005-11-08,0.965,-0.002068
2005-11-09,0.961,-0.004144999999999999
2005-11-10,0.96,-0.001041
2005-11-11,0.962,0.002083
2005-11-14,0.963,0.00104
2005-11-15,0.962,-0.001038
2005-11-16,0.962,0.0
2005-11-17,0.963,0.00104
2005-11-18,0.963,0.0
2005-11-21,0.964,0.001038
2005-11-22,0.963,-0.001037
2005-11-23,0.963,0.0
2005-11-24,0.963,0.0
2005-11-25,0.965,0.002077
2005-11-28,0.965,0.0
2005-11-29,0.966,0.001036
2005-11-30,0.967,0.001035
2005-12-01,0.967,0.0
2005-12-02,0.968,0.001034
2005-12-05,0.968,0.0
2005-12-06,0.972,0.004132
2005-12-07,0.976,0.004115
2005-12-08,0.976,0.0
2005-12-09,0.979,0.003074
2005-12-12,0.981,0.002043
2005-12-13,0.983,0.002039
2005-12-14,0.984,0.001017
2005-12-15,0.986,0.002033
2005-12-16,0.988,0.0020280000000000003
2005-12-19,0.988,0.0
2005-12-20,0.989,0.0010119999999999999
2005-12-21,0.988,-0.001011
2005-12-22,0.991,0.0030359999999999996
2005-12-23,0.994,0.003027
2005-12-26,0.995,0.001006
2005-12-27,0.994,-0.001005
2005-12-28,0.994,0.0
2005-12-29,0.994,0.0
2005-12-30,0.991,-0.0030180000000000003
2005-12-31,0.991,0.0
2006-01-04,1.006,0.015136
2006-01-05,1.01,0.003976
2006-01-06,1.016,0.005940999999999999
2006-01-09,1.014,-0.001969
2006-01-10,1.019,0.004931
2006-01-11,1.018,-0.000981
2006-01-12,1.02,0.001965
2006-01-13,1.019,-0.00098
2006-01-16,1.016,-0.002944
2006-01-17,1.02,0.0039369999999999995
2006-01-18,1.025,0.004902
2006-01-19,1.025,0.0
2006-01-20,1.026,0.0009760000000000001
2006-01-23,1.028,0.001949
2006-01-24,1.028,0.0
2006-01-25,1.03,0.001946
2006-02-06,1.036,0.005825
2006-02-07,1.034,-0.001931
2006-02-08,1.032,-0.001934
2006-02-09,1.031,-0.000969
2006-02-10,1.033,0.00194
2006-02-13,1.028,-0.00484
2006-02-14,1.029,0.000973
2006-02-15,1.029,0.0
2006-02-16,1.026,-0.0029149999999999996
2006-02-17,1.026,0.0
2006-02-20,1.027,0.0009750000000000001
2006-02-21,1.028,0.000974
2006-02-22,1.028,0.0
2006-02-23,1.029,0.000973
2006-02-24,1.03,0.000972
2006-02-27,1.04,0.009709
2006-02-28,1.042,0.001923
2006-03-01,1.042,0.0
2006-03-02,1.041,-0.00096
2006-03-03,1.02,-0.000961
2006-03-06,1.02,0.0
2006-03-07,1.018,-0.001961
2006-03-08,1.018,0.0
2006-03-09,1.018,0.0
2006-03-10,1.019,0.000982
2006-03-13,1.019,0.0
2006-03-14,1.018,-0.000981
2006-03-15,1.018,0.0
2006-03-16,1.018,0.0
2006-03-17,1.019,0.000982
2006-03-20,1.019,0.0
2006-03-21,1.019,0.0
2006-03-22,1.019,0.0
2006-03-23,1.019,0.0
2006-03-24,1.019,0.0
2006-03-27,1.019,0.0
2006-03-28,1.019,0.0
2006-03-29,1.02,0.000981
2006-03-30,1.01,0.0
2006-03-31,1.01,0.0
2006-04-03,1.01,0.0
2006-04-04,1.01,0.0
2006-04-05,1.01,0.0
2006-04-06,1.01,0.0
2006-04-07,1.01,0.0
2006-04-10,1.011,0.00099
2006-04-11,1.011,0.0
2006-04-12,1.011,0.0
2006-04-13,1.011,0.0
2006-04-14,1.011,0.0
2006-04-17,1.011,0.0
2006-04-18,1.011,0.0
2006-04-19,1.011,0.0
2006-04-20,1.011,0.0
2006-04-21,1.011,0.0
2006-04-24,1.011,0.0
2006-04-25,1.011,0.0
2006-04-26,1.011,0.0
2006-04-27,1.012,0.000989
2006-04-28,1.012,0.0
2006-05-08,1.012,0.0
2006-05-09,1.012,0.0
2006-05-10,1.012,0.0
2006-05-11,1.013,0.000988
2006-05-12,1.013,0.0
2006-05-15,1.013,0.0
2006-05-16,1.013,0.0
2006-05-17,1.013,0.0
2006-05-18,1.013,0.0
2006-05-19,1.013,0.0
2006-05-22,1.013,0.0
2006-05-23,1.013,0.0
2006-05-24,1.013,0.0
2006-05-25,1.013,0.0
2006-05-26,1.014,0.000987
2006-05-29,1.014,0.0
2006-05-30,1.014,0.0
2006-05-31,1.014,0.0
2006-06-01,1.014,0.0
2006-06-02,1.014,0.0
2006-06-05,1.014,0.0
2006-06-06,1.014,0.0
2006-06-07,1.014,0.0
2006-06-08,1.014,0.0
2006-06-09,1.014,0.0
2006-06-12,1.015,0.000986
2006-06-13,1.015,0.0
2006-06-14,1.015,0.0
2006-06-15,1.015,0.0
2006-06-16,1.015,0.0
2006-06-19,1.015,0.0
2006-06-20,1.015,0.0
2006-06-21,1.015,0.0
2006-06-22,1.015,0.0
2006-06-23,1.015,0.0
2006-06-26,1.015,0.0
2006-06-27,1.016,0.000985
2006-06-28,1.016,0.0
2006-06-29,1.016,0.0
2006-06-30,1.016,0.0
2006-07-03,1.016,0.0
2006-07-04,1.016,0.0
2006-07-05,1.017,0.000984
2006-07-06,1.017,0.0
2006-07-07,1.017,0.0
2006-07-10,1.017,0.0
2006-07-11,1.017,0.0
2006-07-12,1.017,0.0
2006-07-13,1.017,0.0
2006-07-14,1.018,0.000983
2006-07-17,1.018,0.0
2006-07-18,1.018,0.0
2006-07-19,1.018,0.0
2006-07-20,1.018,0.0
2006-07-21,1.018,0.0
2006-07-24,1.018,0.0
2006-07-25,1.018,0.0
2006-07-26,1.018,0.0
2006-07-27,1.018,0.0
2006-07-28,1.018,0.0
2006-07-31,1.019,0.000982
2006-08-01,1.019,0.0
2006-08-02,1.018,-0.000981
2006-08-03,1.018,0.0
2006-08-04,1.019,0.000982
2006-08-07,1.019,0.0
2006-08-08,1.019,0.0
2006-08-09,1.019,0.0
2006-08-10,1.019,0.0
2006-08-11,1.019,0.0
2006-08-14,1.019,0.0
2006-08-15,1.019,0.0
2006-08-16,1.019,0.0
2006-08-17,1.019,0.0
2006-08-18,1.019,0.0
2006-08-21,1.019,0.0
2006-08-22,1.019,0.0
2006-08-23,1.02,0.000981
2006-08-24,1.02,0.0
2006-08-25,1.02,0.0
2006-08-28,1.02,0.0
2006-08-29,1.02,0.0
2006-08-30,1.021,0.00098
2006-08-31,1.021,0.0
2006-09-01,1.021,0.0
2006-09-04,1.021,0.0
2006-09-05,1.021,0.0
2006-09-06,1.021,0.0
2006-09-07,1.021,0.0
2006-09-08,1.021,0.0
2006-09-11,1.021,0.0
2006-09-12,1.021,0.0
2006-09-13,1.022,0.000979
2006-09-14,1.022,0.0
2006-09-15,1.022,0.0
2006-09-18,1.022,0.0
2006-09-19,1.022,0.0
2006-09-20,1.022,0.0
2006-09-21,1.022,0.0
2006-09-22,1.023,0.000978
2006-09-25,1.023,0.0
2006-09-26,1.023,0.0
2006-09-27,1.023,0.0
2006-09-28,1.023,0.0
2006-09-29,1.023,0.0
2006-09-30,1.024,0.000978
2006-10-09,1.024,0.0
2006-10-10,1.024,0.0
2006-10-11,1.024,0.0
2006-10-12,1.024,0.0
2006-10-13,1.024,0.0
2006-10-16,1.026,0.001953
2006-10-17,1.026,0.0
2006-10-18,1.026,0.0
2006-10-19,1.026,0.0
2006-10-20,1.026,0.0
2006-10-23,1.026,0.0
2006-10-24,1.026,0.0
2006-10-25,1.026,0.0
2006-10-26,1.026,0.0
2006-10-27,1.028,0.001949
2006-10-30,1.028,0.0
2006-10-31,1.028,0.0
2006-11-01,1.028,0.0
2006-11-02,1.028,0.0
2006-11-03,1.028,0.0
2006-11-06,1.028,0.0
2006-11-07,1.028,0.0
2006-11-08,1.028,0.0
2006-11-09,1.028,0.0
2006-11-10,1.029,0.000973
2006-11-13,1.029,0.0
2006-11-14,1.029,0.0
2006-11-15,1.029,0.0
2006-11-16,1.029,0.0
2006-11-17,1.029,0.0
2006-11-20,1.029,0.0
2006-11-21,1.029,0.0
2006-11-22,1.03,0.000972
2006-11-23,1.035,0.004854
2006-11-24,1.035,0.0
2006-11-27,1.035,0.0
2006-11-28,1.035,0.0
2006-11-29,1.034,-0.0009660000000000001
2006-11-30,1.035,0.000967
2006-12-01,1.036,0.0009660000000000001
2006-12-04,1.036,0.0
2006-12-05,1.036,0.0
2006-12-06,1.037,0.000965
2006-12-07,1.037,0.0
2006-12-08,1.037,0.0
2006-12-11,1.038,0.000964
2006-12-12,1.039,0.000963
2006-12-13,1.04,0.000962
2006-12-14,1.04,0.0
2006-12-15,1.041,0.000962
2006-12-18,1.041,0.0
2006-12-19,1.041,0.0
2006-12-20,1.041,0.0
2006-12-21,1.041,0.0
2006-12-22,1.045,0.003842
2006-12-25,1.045,0.0
2006-12-26,1.045,0.0
2006-12-27,1.045,0.0
2006-12-28,1.045,0.0
2006-12-29,1.046,0.000957
2006-12-31,1.046,0.0
2007-01-04,1.046,0.0
2007-01-05,1.046,0.0
2007-01-08,1.046,0.0
2007-01-09,1.051,0.0047799999999999995
2007-01-10,1.051,0.0
2007-01-11,1.051,0.0
2007-01-12,1.051,0.0
2007-01-15,1.051,0.0
2007-01-16,1.052,0.000951
2007-01-17,1.008,0.0
2007-01-18,1.008,0.0
2007-01-19,1.008,0.0
2007-01-22,1.008,0.0
2007-01-23,1.008,0.0
2007-01-24,1.008,0.0
2007-01-25,1.008,0.0
2007-01-26,1.009,0.000992
2007-01-29,1.009,0.0
2007-01-30,1.009,0.0
2007-01-31,1.009,0.0
2007-02-01,1.009,0.0
2007-02-02,1.009,0.0
2007-02-05,1.011,0.001982
2007-02-06,1.011,0.0
2007-02-07,1.011,0.0
2007-02-08,1.011,0.0
2007-02-09,1.011,0.0
2007-02-12,1.011,0.0
2007-02-13,1.011,0.0
2007-02-14,1.011,0.0
2007-02-15,1.012,0.000989
2007-02-16,1.012,0.0
2007-02-26,1.012,0.0
2007-02-27,1.012,0.0
2007-02-28,1.012,0.0
2007-03-01,1.015,0.002964
2007-03-02,1.016,0.000985
2007-03-05,1.016,0.0
2007-03-06,1.018,0.001969
2007-03-07,1.018,0.0
2007-03-08,1.018,0.0
2007-03-09,1.018,0.0
2007-03-12,1.018,0.0
2007-03-13,1.018,0.0
2007-03-14,1.018,0.0
2007-03-15,1.019,0.000982
2007-03-16,1.019,0.0
2007-03-19,1.018,-0.000981
2007-03-20,1.018,0.0
2007-03-21,1.019,0.000982
2007-03-22,1.019,0.0
2007-03-23,1.018,-0.000981
2007-03-26,1.018,0.0
2007-03-27,1.018,0.0
2007-03-28,1.019,0.000982
2007-03-29,1.019,0.0
2007-03-30,1.02,0.000981
2007-03-31,1.02,0.0
2007-04-02,1.02,0.0
2007-04-03,1.02,0.0
2007-04-04,1.021,0.00098
2007-04-05,1.021,0.0
2007-04-06,1.021,0.0
2007-04-09,1.022,0.000979
2007-04-10,1.022,0.0
2007-04-11,1.022,0.0
2007-04-12,1.022,0.0
2007-04-13,1.022,0.0
2007-04-16,1.022,0.0
2007-04-17,1.024,0.001957
2007-04-18,1.026,0.001953
2007-04-19,1.026,0.0
2007-04-20,1.026,0.0
2007-04-23,1.026,0.0
2007-04-24,1.026,0.0
2007-04-25,1.026,0.0
2007-04-26,1.026,0.0
2007-04-27,1.029,0.002924
2007-04-30,1.029,0.0
2007-05-08,1.03,0.000972
2007-05-09,1.03,0.0
2007-05-10,1.03,0.0
2007-05-11,1.03,0.0
2007-05-14,1.03,0.0
2007-05-15,1.03,0.0
2007-05-16,1.031,0.0009710000000000001
2007-05-17,1.031,0.0
2007-05-18,1.032,0.00097
2007-05-21,1.032,0.0
2007-05-22,1.032,0.0
2007-05-23,1.032,0.0
2007-05-24,1.032,0.0
2007-05-25,1.032,0.0
2007-05-28,1.032,0.0
2007-05-29,1.032,0.0
2007-05-30,1.033,0.000969
2007-05-31,1.033,0.0
2007-06-01,1.033,0.0
2007-06-04,1.033,0.0
2007-06-05,1.033,0.0
2007-06-06,1.033,0.0
2007-06-07,1.033,0.0
2007-06-08,1.034,0.000968
2007-06-11,1.034,0.0
2007-06-12,1.034,0.0
2007-06-13,1.035,0.000967
2007-06-14,1.035,0.0
2007-06-15,1.035,0.0
2007-06-18,1.035,0.0
2007-06-19,1.035,0.0
2007-06-20,1.035,0.0
2007-06-21,1.035,0.0
2007-06-22,1.035,0.0
2007-06-25,1.035,0.0
2007-06-26,1.038,0.002899
2007-06-27,1.038,0.0
2007-06-28,1.039,0.000963
2007-06-29,1.039,0.0
2007-06-30,1.039,0.0
2007-07-02,1.04,0.000962
2007-07-03,1.04,0.0
2007-07-04,1.04,0.0
2007-07-05,1.04,0.0
2007-07-06,1.04,0.0
2007-07-09,1.041,0.000962
2007-07-10,1.041,0.0
2007-07-11,1.041,0.0
2007-07-12,1.043,0.001921
2007-07-13,1.043,0.0
2007-07-16,1.043,0.0
2007-07-17,1.044,0.000959
2007-07-18,1.044,0.0
2007-07-19,1.046,0.001916
2007-07-20,1.046,0.0
2007-07-23,1.046,0.0
2007-07-24,1.046,0.0
2007-07-25,1.046,0.0
2007-07-26,1.046,0.0
2007-07-27,1.047,0.000956
2007-07-30,1.047,0.0
2007-07-31,1.047,0.0
2007-08-01,1.047,0.0
2007-08-02,1.047,0.0
2007-08-03,1.047,0.0
2007-08-06,1.047,0.0
2007-08-07,1.048,0.000955
2007-08-08,1.049,0.000954
2007-08-09,1.049,0.0
2007-08-10,1.049,0.0
2007-08-13,1.051,0.001907
2007-08-14,1.051,0.0
2007-08-15,1.051,0.0
2007-08-16,1.051,0.0
2007-08-17,1.052,0.000951
2007-08-20,1.052,0.0
2007-08-21,1.053,0.000951
2007-08-22,1.053,0.0
2007-08-23,1.053,0.0
2007-08-24,1.053,0.0
2007-08-27,1.054,0.00095
2007-08-28,1.054,0.0
2007-08-29,1.054,0.0
2007-08-30,1.054,0.0
2007-08-31,1.054,0.0
2007-09-03,1.054,0.0
2007-09-04,1.054,0.0
2007-09-05,1.054,0.0
2007-09-06,1.054,0.0
2007-09-07,1.054,0.0
2007-09-10,1.054,0.0
2007-09-11,1.054,0.0
2007-09-12,1.054,0.0
2007-09-13,1.055,0.000949
2007-09-14,1.054,-0.000948
2007-09-17,1.055,0.000949
2007-09-18,1.055,0.0
2007-09-19,1.058,0.0028439999999999997
2007-09-20,1.058,0.0
2007-09-21,1.058,0.0
2007-09-24,1.058,0.0
2007-09-25,1.062,0.003781
2007-09-26,1.062,0.0
2007-09-27,1.062,0.0
2007-09-28,1.065,0.002825
2007-09-30,1.065,0.0
2007-10-08,1.065,0.0
2007-10-09,1.075,0.009389999999999999
2007-10-10,1.075,0.0
2007-10-11,1.075,0.0
2007-10-12,1.075,0.0
2007-10-15,1.075,0.0
2007-10-16,1.076,0.0009299999999999999
2007-10-17,1.075,-0.0009289999999999999
2007-10-18,1.075,0.0
2007-10-19,1.074,-0.0009299999999999999
2007-10-22,1.074,0.0
2007-10-23,1.074,0.0
2007-10-24,1.073,-0.000931
2007-10-25,1.073,0.0
2007-10-26,1.072,-0.0009320000000000001
2007-10-29,1.075,0.002799
2007-10-30,1.076,0.0009299999999999999
2007-10-31,1.076,0.0
2007-11-01,1.077,0.0009289999999999999
2007-11-02,1.077,0.0
2007-11-05,1.09,0.012071
2007-11-06,1.088,-0.001835
2007-11-07,1.087,-0.000919
2007-11-08,1.088,0.00092
2007-11-09,1.088,0.0
2007-11-12,1.088,0.0
2007-11-13,1.088,0.0
2007-11-14,1.088,0.0
2007-11-15,1.088,0.0
2007-11-16,1.088,0.0
2007-11-19,1.088,0.0
2007-11-20,1.088,0.0
2007-11-21,1.088,0.0
2007-11-22,1.089,0.000919
2007-11-23,1.089,0.0
2007-11-26,1.089,0.0
2007-11-27,1.089,0.0
2007-11-28,1.089,0.0
2007-11-29,1.089,0.0
2007-11-30,1.089,0.0
2007-12-03,1.09,0.0009180000000000001
2007-12-04,1.09,0.0
2007-12-05,1.091,0.0009170000000000001
2007-12-06,1.091,0.0
2007-12-07,1.091,0.0
2007-12-10,1.091,0.0
2007-12-11,1.092,0.0009170000000000001
2007-12-12,1.094,0.001832
2007-12-13,1.094,0.0
2007-12-14,1.094,0.0
2007-12-17,1.094,0.0
2007-12-18,1.094,0.0
2007-12-19,1.095,0.000914
2007-12-20,1.095,0.0
2007-12-21,1.095,0.0
2007-12-24,1.095,0.0
2007-12-25,1.097,0.0018260000000000001
2007-12-26,1.098,0.000912
2007-12-27,1.098,0.0
2007-12-28,1.098,0.0
2007-12-29,1.098,0.0
2007-12-31,1.098,0.0
2008-01-02,1.098,0.0
2008-01-03,1.098,0.0
2008-01-04,1.098,0.0
2008-01-07,1.098,0.0
2008-01-08,1.098,0.0
2008-01-09,1.099,0.000911
2008-01-10,1.099,0.0
2008-01-11,1.099,0.0
2008-01-14,1.099,0.0
2008-01-15,1.099,0.0
2008-01-16,1.1,0.00091
2008-01-17,1.1,0.0
2008-01-18,1.1,0.0
2008-01-21,1.1,0.0
2008-01-22,1.1,0.0
2008-01-23,1.101,0.000909
2008-01-24,1.101,0.0
2008-01-25,1.101,0.0
2008-01-28,1.103,0.001817
2008-01-29,1.103,0.0
2008-01-30,1.103,0.0
2008-01-31,1.103,0.0
2008-02-01,1.104,0.000907
2008-02-04,1.105,0.000906
2008-02-05,1.105,0.0
2008-02-13,1.105,0.0
2008-02-14,1.105,0.0
2008-02-15,1.105,0.0
2008-02-18,1.106,0.000905
2008-02-19,1.106,0.0
2008-02-20,1.107,0.000904
2008-02-21,1.107,0.0
2008-02-22,1.106,-0.000903
2008-02-25,1.106,0.0
2008-02-26,1.106,0.0
2008-02-27,1.106,0.0
2008-02-28,1.107,0.000904
2008-02-29,1.107,0.0
2008-03-03,1.108,0.000903
2008-03-04,1.108,0.0
2008-03-05,1.108,0.0
2008-03-06,1.109,0.000903
2008-03-07,1.109,0.0
2008-03-10,1.109,0.0
2008-03-11,1.11,0.000902
2008-03-12,1.109,-0.000901
2008-03-13,1.109,0.0
2008-03-14,1.11,0.000902
2008-03-17,1.109,-0.000901
2008-03-18,1.109,0.0
2008-03-19,1.11,0.000902
2008-03-20,1.111,0.000901
2008-03-21,1.111,0.0
2008-03-24,1.111,0.0
2008-03-25,1.111,0.0
2008-03-26,1.111,0.0
2008-03-27,1.111,0.0
2008-03-28,1.111,0.0
2008-03-31,1.111,0.0
2008-04-01,1.11,-0.0009
2008-04-02,1.11,0.0
2008-04-03,1.11,0.0
2008-04-07,1.111,0.000901
2008-04-08,1.111,0.0
2008-04-09,1.111,0.0
2008-04-10,1.111,0.0
2008-04-11,1.111,0.0
2008-04-14,1.111,0.0
2008-04-15,1.111,0.0
2008-04-16,1.111,0.0
2008-04-17,1.113,0.0018
2008-04-18,1.112,-0.000898
2008-04-21,1.112,0.0
2008-04-22,1.112,0.0
2008-04-23,1.114,0.001799
2008-04-24,1.116,0.001795
2008-04-25,1.118,0.001792
2008-04-28,1.118,0.0
2008-04-29,1.119,0.0008939999999999999
2008-04-30,1.119,0.0
2008-05-05,1.121,0.001787
2008-05-06,1.12,-0.000892
2008-05-07,1.119,-0.000893
2008-05-08,1.12,0.0008939999999999999
2008-05-09,1.12,0.0
2008-05-12,1.121,0.000893
2008-05-13,1.121,0.0
2008-05-14,1.122,0.000892
2008-05-15,1.122,0.0
2008-05-16,1.123,0.000891
2008-05-19,1.123,0.0
2008-05-20,1.122,-0.00089
2008-05-21,1.123,0.000891
2008-05-22,1.123,0.0
2008-05-23,1.124,0.00089
2008-05-26,1.123,-0.00089
2008-05-27,1.123,0.0
2008-05-28,1.123,0.0
2008-05-29,1.123,0.0
2008-05-30,1.123,0.0
2008-06-02,1.124,0.00089
2008-06-03,1.124,0.0
2008-06-04,1.123,-0.00089
2008-06-05,1.124,0.00089
2008-06-06,1.124,0.0
2008-06-10,1.123,-0.00089
2008-06-11,1.122,-0.00089
2008-06-12,1.123,0.000891
2008-06-13,1.122,-0.00089
2008-06-16,1.122,0.0
2008-06-17,1.121,-0.000891
2008-06-18,1.122,0.000892
2008-06-19,1.121,-0.000891
2008-06-20,1.122,0.000892
2008-06-23,1.122,0.0
2008-06-24,1.123,0.000891
2008-06-25,1.124,0.00089
2008-06-26,1.124,0.0
2008-06-27,1.123,-0.00089
2008-06-30,1.123,0.0
2008-07-01,1.123,0.0
2008-07-02,1.124,0.00089
2008-07-03,1.125,0.00089
2008-07-04,1.124,-0.000889
2008-07-07,1.126,0.001779
2008-07-08,1.126,0.0
2008-07-09,1.127,0.000888
2008-07-10,1.126,-0.000887
2008-07-11,1.126,0.0
2008-07-14,1.127,0.000888
2008-07-15,1.126,-0.000887
2008-07-16,1.126,0.0
2008-07-17,1.126,0.0
2008-07-18,1.126,0.0
2008-07-21,1.127,0.000888
2008-07-22,1.128,0.000887
2008-07-23,1.128,0.0
2008-07-24,1.129,0.000887
2008-07-25,1.129,0.0
2008-07-28,1.129,0.0
2008-07-29,1.129,0.0
2008-07-30,1.129,0.0
2008-07-31,1.129,0.0
2008-08-01,1.129,0.0
2008-08-04,1.129,0.0
2008-08-05,1.129,0.0
2008-08-06,1.129,0.0
2008-08-07,1.13,0.000886
2008-08-08,1.129,-0.0008849999999999999
2008-08-11,1.128,-0.000886
2008-08-12,1.128,0.0
2008-08-13,1.129,0.000887
2008-08-14,1.129,0.0
2008-08-15,1.13,0.000886
2008-08-18,1.129,-0.0008849999999999999
2008-08-19,1.13,0.000886
2008-08-20,1.131,0.0008849999999999999
2008-08-21,1.13,-0.000884
2008-08-22,1.129,-0.0008849999999999999
2008-08-25,1.13,0.000886
2008-08-26,1.129,-0.0008849999999999999
2008-08-27,1.129,0.0
2008-08-28,1.13,0.000886
2008-08-29,1.13,0.0
2008-09-01,1.13,0.0
2008-09-02,1.13,0.0
2008-09-03,1.13,0.0
2008-09-04,1.13,0.0
2008-09-05,1.129,-0.0008849999999999999
2008-09-08,1.128,-0.000886
2008-09-09,1.128,0.0
2008-09-10,1.129,0.000887
2008-09-11,1.129,0.0
2008-09-12,1.129,0.0
2008-09-16,1.13,0.000886
2008-09-17,1.131,0.0008849999999999999
2008-09-18,1.13,-0.000884
2008-09-19,1.133,0.0026550000000000002
2008-09-22,1.134,0.000883
2008-09-23,1.132,-0.001764
2008-09-24,1.132,0.0
2008-09-25,1.132,0.0
2008-09-26,1.132,0.0
2008-09-30,1.132,0.0
2008-10-06,1.132,0.0
2008-10-07,1.133,0.000883
2008-10-08,1.133,0.0
2008-10-09,1.136,0.0026479999999999997
2008-10-10,1.136,0.0
2008-10-13,1.136,0.0
2008-10-14,1.135,-0.0008799999999999999
2008-10-15,1.136,0.000881
2008-10-16,1.135,-0.0008799999999999999
2008-10-17,1.135,0.0
2008-10-20,1.135,0.0
2008-10-21,1.135,0.0
2008-10-22,1.135,0.0
2008-10-23,1.137,0.001762
2008-10-24,1.138,0.0008799999999999999
2008-10-27,1.137,-0.000879
2008-10-28,1.141,0.003518
2008-10-29,1.142,0.0008759999999999999
2008-10-30,1.145,0.002627
2008-10-31,1.145,0.0
2008-11-03,1.145,0.0
2008-11-04,1.145,0.0
2008-11-05,1.147,0.0017469999999999999
2008-11-06,1.149,0.0017439999999999999
2008-11-07,1.15,0.0008699999999999999
2008-11-10,1.154,0.003478
2008-11-11,1.155,0.000867
2008-11-12,1.158,0.002597
2008-11-13,1.164,0.005181
2008-11-14,1.16,-0.0034360000000000003
2008-11-17,1.16,0.0
2008-11-18,1.158,-0.001724
2008-11-19,1.156,-0.001727
2008-11-20,1.155,-0.0008649999999999999
2008-11-21,1.155,0.0
2008-11-24,1.154,-0.000866
2008-11-25,1.153,-0.000867
2008-11-26,1.154,0.000867
2008-11-27,1.155,0.000867
2008-11-28,1.152,-0.002597
2008-12-01,1.154,0.0017360000000000001
2008-12-02,1.156,0.0017330000000000002
2008-12-03,1.159,0.002595
2008-12-04,1.161,0.001726
2008-12-05,1.165,0.0034449999999999997
2008-12-08,1.167,0.001717
2008-12-09,1.164,-0.002571
2008-12-10,1.165,0.0008590000000000001
2008-12-11,1.115,0.0
2008-12-12,1.115,0.0
2008-12-15,1.118,0.0026910000000000002
2008-12-16,1.119,0.0008939999999999999
2008-12-17,1.122,0.0026810000000000002
2008-12-18,1.126,0.003565
2008-12-19,1.129,0.002664
2008-12-22,1.129,0.0
2008-12-23,1.127,-0.001771
2008-12-24,1.128,0.000887
2008-12-25,1.127,-0.000887
2008-12-26,1.126,-0.000887
2008-12-29,1.126,0.0
2008-12-30,1.127,0.000888
2008-12-31,1.127,0.0
2009-01-05,1.13,0.002662
2009-01-06,1.132,0.0017699999999999999
2009-01-07,1.133,0.000883
2009-01-08,1.134,0.000883
2009-01-09,1.135,0.000882
2009-01-12,1.135,0.0
2009-01-13,1.134,-0.000881
2009-01-14,1.133,-0.000882
2009-01-15,1.13,-0.0026479999999999997
2009-01-16,1.128,-0.0017699999999999999
2009-01-19,1.127,-0.000887
2009-01-20,1.125,-0.0017749999999999999
2009-01-21,1.124,-0.000889
2009-01-22,1.127,0.0026690000000000004
2009-01-23,1.128,0.000887
2009-02-02,1.128,0.0
2009-02-03,1.127,-0.000887
2009-02-04,1.124,-0.002662
2009-02-05,1.121,-0.0026690000000000004
2009-02-06,1.122,0.000892
2009-02-09,1.125,0.002674
2009-02-10,1.125,0.0
2009-02-11,1.125,0.0
2009-02-12,1.127,0.001778
2009-02-13,1.128,0.000887
2009-02-16,1.129,0.000887
2009-02-17,1.127,-0.001771
2009-02-18,1.126,-0.000887
2009-02-19,1.128,0.001776
2009-02-20,1.129,0.000887
2009-02-23,1.129,0.0
2009-02-24,1.129,0.0
2009-02-25,1.131,0.001771
2009-02-26,1.129,-0.001768
2009-02-27,1.128,-0.000886
2009-03-02,1.129,0.000887
2009-03-03,1.129,0.0
2009-03-04,1.129,0.0
2009-03-05,1.129,0.0
2009-03-06,1.131,0.001771
2009-03-09,1.13,-0.000884
2009-03-10,1.13,0.0
2009-03-11,1.131,0.0008849999999999999
2009-03-12,1.132,0.000884
2009-03-13,1.131,-0.000883
2009-03-16,1.131,0.0
2009-03-17,1.132,0.000884
2009-03-18,1.132,0.0
2009-03-19,1.132,0.0
2009-03-20,1.132,0.0
2009-03-23,1.133,0.000883
2009-03-24,1.132,-0.000883
2009-03-25,1.132,0.0
2009-03-26,1.113,0.000883
2009-03-27,1.111,-0.001797
2009-03-30,1.112,0.0009
2009-03-31,1.112,0.0
2009-04-01,1.112,0.0
2009-04-02,1.112,0.0
2009-04-03,1.111,-0.000899
2009-04-07,1.111,0.0
2009-04-08,1.109,-0.0018
2009-04-09,1.109,0.0
2009-04-10,1.109,0.0
2009-04-13,1.108,-0.000902
2009-04-14,1.108,0.0
2009-04-15,1.108,0.0
2009-04-16,1.109,0.000903
2009-04-17,1.109,0.0
2009-04-20,1.11,0.000902
2009-04-21,1.11,0.0
2009-04-22,1.109,-0.000901
2009-04-23,1.109,0.0
2009-04-24,1.109,0.0
2009-04-27,1.108,-0.000902
2009-04-28,1.108,0.0
2009-04-29,1.109,0.000903
2009-04-30,1.11,0.000902
2009-05-04,1.111,0.000901
2009-05-05,1.112,0.0009
2009-05-06,1.112,0.0
2009-05-07,1.112,0.0
2009-05-08,1.112,0.0
2009-05-11,1.112,0.0
2009-05-12,1.113,0.000899
2009-05-13,1.114,0.000898
2009-05-14,1.115,0.000898
2009-05-15,1.116,0.000897
2009-05-18,1.116,0.0
2009-05-19,1.117,0.000896
2009-05-20,1.118,0.000895
2009-05-21,1.117,-0.0008939999999999999
2009-05-22,1.117,0.0
2009-05-25,1.116,-0.000895
2009-05-26,1.117,0.000896
2009-05-27,1.117,0.0
2009-06-01,1.118,0.000895
2009-06-02,1.118,0.0
2009-06-03,1.118,0.0
2009-06-04,1.118,0.0
2009-06-05,1.119,0.0008939999999999999
2009-06-08,1.119,0.0
2009-06-09,1.118,-0.0008939999999999999
2009-06-10,1.119,0.0008939999999999999
2009-06-11,1.118,-0.0008939999999999999
2009-06-12,1.117,-0.0008939999999999999
2009-06-15,1.117,0.0
2009-06-16,1.118,0.000895
2009-06-17,1.118,0.0
2009-06-18,1.119,0.0008939999999999999
2009-06-19,1.118,-0.0008939999999999999
2009-06-22,1.119,0.0008939999999999999
2009-06-23,1.118,-0.0008939999999999999
2009-06-24,1.119,0.0008939999999999999
2009-06-25,1.119,0.0
2009-06-26,1.119,0.0
2009-06-29,1.119,0.0
2009-06-30,1.12,0.0008939999999999999
2009-07-01,1.12,0.0
2009-07-02,1.121,0.000893
2009-07-03,1.122,0.000892
2009-07-06,1.122,0.0
2009-07-07,1.122,0.0
2009-07-08,1.123,0.000891
2009-07-09,1.123,0.0
2009-07-10,1.123,0.0
2009-07-13,1.123,0.0
2009-07-14,1.123,0.0
2009-07-15,1.124,0.00089
2009-07-16,1.123,-0.00089
2009-07-17,1.123,0.0
2009-07-20,1.125,0.001781
2009-07-21,1.124,-0.000889
2009-07-22,1.125,0.00089
2009-07-23,1.126,0.000889
2009-07-24,1.127,0.000888
2009-07-27,1.132,0.004437
2009-07-28,1.133,0.000883
2009-07-29,1.135,0.0017649999999999999
2009-07-30,1.135,0.0
2009-07-31,1.137,0.001762
2009-08-03,1.137,0.0
2009-08-04,1.138,0.0008799999999999999
2009-08-05,1.139,0.000879
2009-08-06,1.137,-0.001756
2009-08-07,1.135,-0.001759
2009-08-10,1.135,0.0
2009-08-11,1.136,0.000881
2009-08-12,1.132,-0.0035210000000000003
2009-08-13,1.133,0.000883
2009-08-14,1.131,-0.0017649999999999999
2009-08-17,1.127,-0.003537
2009-08-18,1.128,0.000887
2009-08-19,1.124,-0.003546
2009-08-20,1.127,0.0026690000000000004
2009-08-21,1.128,0.000887
2009-08-24,1.128,0.0
2009-08-25,1.127,-0.000887
2009-08-26,1.128,0.000887
2009-08-27,1.128,0.0
2009-08-28,1.128,0.0
2009-08-31,1.127,-0.000887
2009-09-01,1.127,0.0
2009-09-02,1.127,0.0
2009-09-03,1.129,0.0017749999999999999
2009-09-04,1.13,0.000886
2009-09-07,1.13,0.0
2009-09-08,1.131,0.0008849999999999999
2009-09-09,1.131,0.0
2009-09-10,1.131,0.0
2009-09-11,1.132,0.000884
2009-09-14,1.133,0.000883
2009-09-15,1.133,0.0
2009-09-16,1.133,0.0
2009-09-17,1.134,0.000883
2009-09-18,1.133,-0.000882
2009-09-21,1.133,0.0
2009-09-22,1.133,0.0
2009-09-23,1.133,0.0
2009-09-24,1.133,0.0
2009-09-25,1.133,0.0
2009-09-28,1.133,0.0
2009-09-29,1.132,-0.000883
2009-09-30,1.132,0.0
2009-10-09,1.134,0.001767
2009-10-12,1.134,0.0
2009-10-13,1.134,0.0
2009-10-14,1.135,0.000882
2009-10-15,1.134,-0.000881
2009-10-16,1.134,0.0
2009-10-19,1.135,0.000882
2009-10-20,1.136,0.000881
2009-10-21,1.137,0.0008799999999999999
2009-10-22,1.137,0.0
2009-10-23,1.137,0.0
2009-10-26,1.137,0.0
2009-10-27,1.137,0.0
2009-10-28,1.136,-0.0008799999999999999
2009-10-29,1.135,-0.0008799999999999999
2009-10-30,1.14,0.004405
2009-11-02,1.14,0.0
2009-11-03,1.141,0.000877
2009-11-04,1.141,0.0
2009-11-05,1.142,0.0008759999999999999
2009-11-06,1.142,0.0
2009-11-09,1.143,0.0008759999999999999
2009-11-10,1.143,0.0
2009-11-11,1.143,0.0
2009-11-12,1.144,0.0008749999999999999
2009-11-13,1.145,0.0008740000000000001
2009-11-16,1.146,0.0008730000000000001
2009-11-17,1.146,0.0
2009-11-18,1.147,0.0008730000000000001
2009-11-19,1.148,0.0008719999999999999
2009-11-20,1.148,0.0
2009-11-23,1.149,0.0008709999999999999
2009-11-24,1.147,-0.0017410000000000001
2009-11-25,1.149,0.0017439999999999999
2009-11-26,1.149,0.0
2009-11-27,1.15,0.0008699999999999999
2009-11-30,1.151,0.0008699999999999999
2009-12-01,1.151,0.0
2009-12-02,1.152,0.0008690000000000001
2009-12-03,1.154,0.0017360000000000001
2009-12-04,1.152,-0.0017330000000000002
2009-12-07,1.153,0.0008680000000000001
2009-12-08,1.153,0.0
2009-12-09,1.152,-0.000867
2009-12-10,1.152,0.0
2009-12-11,1.152,0.0
2009-12-14,1.152,0.0
2009-12-15,1.151,-0.0008680000000000001
2009-12-16,1.151,0.0
2009-12-17,1.15,-0.0008690000000000001
2009-12-18,1.149,-0.0008699999999999999
2009-12-21,1.149,0.0
2009-12-22,1.149,0.0
2009-12-23,1.149,0.0
2009-12-24,1.15,0.0008699999999999999
2009-12-25,1.15,0.0
2009-12-28,1.152,0.001739
2009-12-29,1.153,0.0008680000000000001
2009-12-30,1.155,0.0017349999999999998
2009-12-31,1.155,0.0
2010-01-04,1.155,0.0
2010-01-05,1.155,0.0
2010-01-06,1.155,0.0
2010-01-07,1.155,0.0
2010-01-08,1.157,0.001732
2010-01-11,1.157,0.0
2010-01-12,1.158,0.0008640000000000001
2010-01-13,1.157,-0.0008640000000000001
2010-01-14,1.159,0.001729
2010-01-15,1.159,0.0
2010-01-18,1.16,0.000863
2010-01-19,1.16,0.0
2010-01-20,1.158,-0.001724
2010-01-21,1.158,0.0
2010-01-22,1.158,0.0
2010-01-25,1.157,-0.0008640000000000001
2010-01-26,1.156,-0.0008640000000000001
2010-01-27,1.157,0.0008649999999999999
2010-01-28,1.157,0.0
2010-01-29,1.158,0.0008640000000000001
2010-02-01,1.157,-0.0008640000000000001
2010-02-02,1.157,0.0
2010-02-03,1.157,0.0
2010-02-04,1.157,0.0
2010-02-05,1.157,0.0
2010-02-08,1.158,0.0008640000000000001
2010-02-09,1.159,0.0008640000000000001
2010-02-10,1.16,0.000863
2010-02-11,1.159,-0.000862
2010-02-12,1.16,0.000863
2010-02-22,1.16,0.0
2010-02-23,1.16,0.0
2010-02-24,1.162,0.001724
2010-02-25,1.165,0.0025819999999999997
2010-02-26,1.169,0.003433
2010-03-01,1.171,0.001711
2010-03-02,1.172,0.000854
2010-03-03,1.175,0.00256
2010-03-04,1.173,-0.001702
2010-03-05,1.173,0.0
2010-03-08,1.174,0.000853
2010-03-09,1.175,0.000852
2010-03-10,1.174,-0.000851
2010-03-11,1.175,0.000852
2010-03-12,1.179,0.003404
2010-03-15,1.179,0.0
2010-03-16,1.18,0.000848
2010-03-17,1.182,0.0016950000000000001
2010-03-18,1.182,0.0
2010-03-19,1.183,0.000846
2010-03-22,1.183,0.0
2010-03-23,1.182,-0.000845
2010-03-24,1.185,0.0025380000000000003
2010-03-25,1.186,0.000844
2010-03-26,1.188,0.001686
2010-03-29,1.199,0.009259
2010-03-30,1.201,0.001668
2010-03-31,1.202,0.000833
2010-04-01,1.205,0.002496
2010-04-02,1.207,0.00166
2010-04-06,1.208,0.000829
2010-04-07,1.209,0.000828
2010-04-08,1.207,-0.0016539999999999999
2010-04-09,1.213,0.004971
2010-04-12,1.212,-0.000824
2010-04-13,1.21,-0.00165
2010-04-14,1.209,-0.000826
2010-04-15,1.207,-0.0016539999999999999
2010-04-16,1.207,0.0
2010-04-19,1.205,-0.0016569999999999998
2010-04-20,1.205,0.0
2010-04-21,1.214,0.007469
2010-04-22,1.215,0.000824
2010-04-23,1.217,0.001646
2010-04-26,1.217,0.0
2010-04-27,1.215,-0.001643
2010-04-28,1.214,-0.000823
2010-04-29,1.214,0.0
2010-04-30,1.213,-0.000824
2010-05-04,1.209,-0.0032979999999999997
2010-05-05,1.211,0.0016539999999999999
2010-05-06,1.207,-0.003303
2010-05-07,1.205,-0.0016569999999999998
2010-05-10,1.204,-0.00083
2010-05-11,1.202,-0.001661
2010-05-12,1.2,-0.001664
2010-05-13,1.203,0.0025
2010-05-14,1.202,-0.0008309999999999999
2010-05-17,1.198,-0.003328
2010-05-18,1.199,0.000835
2010-05-19,1.201,0.001668
2010-05-20,1.198,-0.002498
2010-05-21,1.2,0.001669
2010-05-24,1.205,0.0041670000000000006
2010-05-25,1.204,-0.00083
2010-05-26,1.203,-0.0008309999999999999
2010-05-27,1.206,0.002494
2010-05-28,1.205,-0.000829
2010-05-31,1.201,-0.00332
2010-06-01,1.198,-0.002498
2010-06-02,1.2,0.001669
2010-06-03,1.2,0.0
2010-06-04,1.2,0.0
2010-06-07,1.201,0.000833
2010-06-08,1.203,0.001665
2010-06-09,1.204,0.0008309999999999999
2010-06-10,1.204,0.0
2010-06-11,1.204,0.0
2010-06-17,1.202,-0.001661
2010-06-18,1.195,-0.005824
2010-06-21,1.198,0.00251
2010-06-22,1.2,0.001669
2010-06-23,1.203,0.0025
2010-06-24,1.203,0.0
2010-06-25,1.201,-0.001663
2010-06-28,1.2,-0.000833
2010-06-29,1.193,-0.0058330000000000005
2010-06-30,1.192,-0.000838
2010-07-01,1.191,-0.000839
2010-07-02,1.191,0.0
2010-07-05,1.192,0.00084
2010-07-06,1.194,0.001678
2010-07-07,1.196,0.001675
2010-07-08,1.197,0.0008359999999999999
2010-07-09,1.199,0.001671
2010-07-12,1.2,0.000834
2010-07-13,1.199,-0.000833
2010-07-14,1.199,0.0
2010-07-15,1.198,-0.000834
2010-07-16,1.2,0.001669
2010-07-19,1.202,0.0016669999999999999
2010-07-20,1.202,0.0
2010-07-21,1.203,0.000832
2010-07-22,1.204,0.0008309999999999999
2010-07-23,1.205,0.0008309999999999999
2010-07-26,1.205,0.0
2010-07-27,1.205,0.0
2010-07-28,1.207,0.00166
2010-07-29,1.207,0.0
2010-07-30,1.206,-0.000829
2010-08-02,1.207,0.000829
2010-08-03,1.206,-0.000829
2010-08-04,1.207,0.000829
2010-08-05,1.207,0.0
2010-08-06,1.208,0.000829
2010-08-09,1.209,0.000828
2010-08-10,1.207,-0.0016539999999999999
2010-08-11,1.208,0.000829
2010-08-12,1.209,0.000828
2010-08-13,1.21,0.0008269999999999999
2010-08-16,1.211,0.000826
2010-08-17,1.212,0.000826
2010-08-18,1.214,0.00165
2010-08-19,1.215,0.000824
2010-08-20,1.214,-0.000823
2010-08-23,1.214,0.0
2010-08-24,1.215,0.000824
2010-08-25,1.217,0.001646
2010-08-26,1.216,-0.0008219999999999999
2010-08-27,1.217,0.0008219999999999999
2010-08-30,1.218,0.0008219999999999999
2010-08-31,1.224,0.004926
2010-09-01,1.224,0.0
2010-09-02,1.233,0.007352999999999999
2010-09-03,1.233,0.0
2010-09-06,1.233,0.0
2010-09-07,1.234,0.0008110000000000001
2010-09-08,1.233,-0.0008100000000000001
2010-09-09,1.232,-0.0008110000000000001
2010-09-10,1.234,0.001623
2010-09-13,1.232,-0.001621
2010-09-14,1.231,-0.0008119999999999999
2010-09-15,1.228,-0.002437
2010-09-16,1.225,-0.002443
2010-09-17,1.226,0.0008160000000000001
2010-09-20,1.223,-0.002447
2010-09-21,1.222,-0.0008179999999999999
2010-09-27,1.222,0.0
2010-09-28,1.221,-0.0008179999999999999
2010-09-29,1.221,0.0
2010-09-30,1.225,0.003276
2010-10-08,1.229,0.003265
2010-10-11,1.23,0.000814
2010-10-12,1.229,-0.0008129999999999999
2010-10-13,1.229,0.0
2010-10-14,1.23,0.000814
2010-10-15,1.23,0.0
2010-10-18,1.231,0.0008129999999999999
2010-10-19,1.233,0.0016250000000000001
2010-10-20,1.227,-0.004866
2010-10-21,1.222,-0.004075
2010-10-22,1.224,0.0016370000000000002
2010-10-25,1.227,0.002451
2010-10-26,1.227,0.0
2010-10-27,1.227,0.0
2010-10-28,1.228,0.0008150000000000001
2010-10-29,1.231,0.002443
2010-11-01,1.232,0.0008119999999999999
2010-11-02,1.228,-0.003247
2010-11-03,1.226,-0.0016289999999999998
2010-11-04,1.226,0.0
2010-11-05,1.227,0.0008160000000000001
2010-11-08,1.227,0.0
2010-11-09,1.226,-0.0008150000000000001
2010-11-10,1.222,-0.003263
2010-11-11,1.22,-0.0016370000000000002
2010-11-12,1.217,-0.0024590000000000002
2010-11-15,1.222,0.004108
2010-11-16,1.219,-0.002455
2010-11-17,1.216,-0.002461
2010-11-18,1.219,0.002467
2010-11-19,1.222,0.002461
2010-11-22,1.219,-0.002455
2010-11-23,1.218,-0.00082
2010-11-24,1.217,-0.0008210000000000001
2010-11-25,1.216,-0.0008219999999999999
2010-11-26,1.217,0.0008219999999999999
2010-11-29,1.218,0.0008219999999999999
2010-11-30,1.214,-0.0032840000000000005
2010-12-01,1.216,0.001647
2010-12-02,1.217,0.0008219999999999999
2010-12-03,1.217,0.0
2010-12-06,1.217,0.0
2010-12-07,1.22,0.002465
2010-12-08,1.217,-0.0024590000000000002
2010-12-09,1.217,0.0
2010-12-10,1.218,0.0008219999999999999
2010-12-13,1.222,0.0032840000000000005
2010-12-14,1.222,0.0
2010-12-15,1.223,0.0008179999999999999
2010-12-16,1.224,0.0008179999999999999
2010-12-17,1.225,0.0008169999999999999
2010-12-20,1.225,0.0
2010-12-21,1.224,-0.0008160000000000001
2010-12-22,1.224,0.0
2010-12-23,1.223,-0.0008169999999999999
2010-12-24,1.22,-0.002453
2010-12-27,1.216,-0.0032790000000000002
2010-12-28,1.215,-0.0008219999999999999
2010-12-29,1.217,0.001646
2010-12-30,1.219,0.001643
2010-12-31,1.224,0.004102
2011-01-04,1.225,0.0008169999999999999
2011-01-05,1.226,0.0008160000000000001
2011-01-06,1.226,0.0
2011-01-07,1.227,0.0008160000000000001
2011-01-10,1.226,-0.0008150000000000001
2011-01-11,1.226,0.0
2011-01-12,1.226,0.0
2011-01-13,1.226,0.0
2011-01-14,1.224,-0.0016309999999999999
2011-01-17,1.221,-0.002451
2011-01-18,1.22,-0.000819
2011-01-19,1.221,0.00082
2011-01-20,1.22,-0.000819
2011-01-21,1.218,-0.0016389999999999998
2011-01-24,1.217,-0.0008210000000000001
2011-01-25,1.216,-0.0008219999999999999
2011-01-26,1.216,0.0
2011-01-27,1.218,0.001645
2011-01-28,1.218,0.0
2011-01-31,1.219,0.0008210000000000001
2011-02-01,1.22,0.00082
2011-02-09,1.217,-0.0024590000000000002
2011-02-10,1.217,0.0
2011-02-11,1.217,0.0
2011-02-14,1.219,0.001643
2011-02-15,1.218,-0.00082
2011-02-16,1.218,0.0
2011-02-17,1.218,0.0
2011-02-18,1.218,0.0
2011-02-21,1.137,-0.0008210000000000001
2011-02-22,1.136,-0.0008799999999999999
2011-02-23,1.136,0.0
2011-02-24,1.138,0.001761
2011-02-25,1.138,0.0
2011-02-28,1.138,0.0
2011-03-01,1.139,0.000879
2011-03-02,1.138,-0.000878
2011-03-03,1.139,0.000879
2011-03-04,1.14,0.000878
2011-03-07,1.14,0.0
2011-03-08,1.141,0.000877
2011-03-09,1.15,0.007888
2011-03-10,1.149,-0.0008699999999999999
2011-03-11,1.147,-0.0017410000000000001
2011-03-14,1.147,0.0
2011-03-15,1.147,0.0
2011-03-16,1.148,0.0008719999999999999
2011-03-17,1.148,0.0
2011-03-18,1.148,0.0
2011-03-21,1.149,0.0008709999999999999
2011-03-22,1.149,0.0
2011-03-23,1.149,0.0
2011-03-24,1.149,0.0
2011-03-25,1.15,0.0008699999999999999
2011-03-28,1.15,0.0
2011-03-29,1.149,-0.0008699999999999999
2011-03-30,1.151,0.0017410000000000001
2011-03-31,1.151,0.0
2011-04-01,1.152,0.0008690000000000001
2011-04-06,1.153,0.0008680000000000001
2011-04-07,1.154,0.000867
2011-04-08,1.154,0.0
2011-04-11,1.156,0.0017330000000000002
2011-04-12,1.155,-0.0008649999999999999
2011-04-13,1.156,0.000866
2011-04-14,1.155,-0.0008649999999999999
2011-04-15,1.155,0.0
2011-04-18,1.155,0.0
2011-04-19,1.154,-0.000866
2011-04-20,1.154,0.0
2011-04-21,1.155,0.000867
2011-04-22,1.154,-0.000866
2011-04-25,1.153,-0.000867
2011-04-26,1.152,-0.000867
2011-04-27,1.152,0.0
2011-04-28,1.152,0.0
2011-04-29,1.153,0.0008680000000000001
2011-05-03,1.153,0.0
2011-05-04,1.153,0.0
2011-05-05,1.153,0.0
2011-05-06,1.153,0.0
2011-05-09,1.154,0.000867
2011-05-10,1.157,0.0026
2011-05-11,1.157,0.0
2011-05-12,1.157,0.0
2011-05-13,1.156,-0.0008640000000000001
2011-05-16,1.157,0.0008649999999999999
2011-05-17,1.157,0.0
2011-05-18,1.157,0.0
2011-05-19,1.157,0.0
2011-05-20,1.157,0.0
2011-05-23,1.155,-0.001729
2011-05-24,1.155,0.0
2011-05-25,1.155,0.0
2011-05-26,1.154,-0.000866
2011-05-27,1.155,0.000867
2011-05-30,1.155,0.0
2011-05-31,1.156,0.000866
2011-06-01,1.156,0.0
2011-06-02,1.155,-0.0008649999999999999
2011-06-03,1.155,0.0
2011-06-07,1.156,0.000866
2011-06-08,1.155,-0.0008649999999999999
2011-06-09,1.153,-0.001732
2011-06-10,1.153,0.0
2011-06-13,1.153,0.0
2011-06-14,1.153,0.0
2011-06-15,1.151,-0.0017349999999999998
2011-06-16,1.148,-0.002606
2011-06-17,1.148,0.0
2011-06-20,1.149,0.0008709999999999999
2011-06-21,1.149,0.0
2011-06-22,1.149,0.0
2011-06-23,1.148,-0.0008699999999999999
2011-06-24,1.149,0.0008709999999999999
2011-06-27,1.149,0.0
2011-06-28,1.149,0.0
2011-06-29,1.148,-0.0008699999999999999
2011-06-30,1.149,0.0008709999999999999
2011-07-01,1.151,0.0017410000000000001
2011-07-04,1.151,0.0
2011-07-05,1.15,-0.0008690000000000001
2011-07-06,1.15,0.0
2011-07-07,1.149,-0.0008699999999999999
2011-07-08,1.148,-0.0008699999999999999
2011-07-11,1.149,0.0008709999999999999
2011-07-12,1.15,0.0008699999999999999
2011-07-13,1.149,-0.0008699999999999999
2011-07-14,1.149,0.0
2011-07-15,1.148,-0.0008699999999999999
2011-07-18,1.148,0.0
2011-07-19,1.146,-0.0017419999999999998
2011-07-20,1.145,-0.0008730000000000001
2011-07-21,1.143,-0.0017469999999999999
2011-07-22,1.144,0.0008749999999999999
2011-07-25,1.143,-0.0008740000000000001
2011-07-26,1.143,0.0
2011-07-27,1.139,-0.0034999999999999996
2011-07-28,1.141,0.001756
2011-07-29,1.142,0.0008759999999999999
2011-08-01,1.142,0.0
2011-08-02,1.141,-0.0008759999999999999
2011-08-03,1.139,-0.0017530000000000002
2011-08-04,1.137,-0.001756
2011-08-05,1.138,0.0008799999999999999
2011-08-08,1.139,0.000879
2011-08-09,1.14,0.000878
2011-08-10,1.14,0.0
2011-08-11,1.142,0.001754
2011-08-12,1.141,-0.0008759999999999999
2011-08-15,1.142,0.0008759999999999999
2011-08-16,1.144,0.001751
2011-08-17,1.143,-0.0008740000000000001
2011-08-18,1.143,0.0
2011-08-19,1.142,-0.0008749999999999999
2011-08-22,1.143,0.0008759999999999999
2011-08-23,1.142,-0.0008749999999999999
2011-08-24,1.143,0.0008759999999999999
2011-08-25,1.144,0.0008749999999999999
2011-08-26,1.144,0.0
2011-08-29,1.142,-0.0017480000000000002
2011-08-30,1.14,-0.001751
2011-08-31,1.14,0.0
2011-09-01,1.141,0.000877
2011-09-02,1.139,-0.0017530000000000002
2011-09-05,1.137,-0.001756
2011-09-06,1.137,0.0
2011-09-07,1.135,-0.001759
2011-09-08,1.134,-0.000881
2011-09-09,1.135,0.000882
2011-09-13,1.135,0.0
2011-09-14,1.135,0.0
2011-09-15,1.135,0.0
2011-09-16,1.135,0.0
2011-09-19,1.134,-0.000881
2011-09-20,1.134,0.0
2011-09-21,1.134,0.0
2011-09-22,1.133,-0.000882
2011-09-23,1.132,-0.000883
2011-09-26,1.133,0.000883
2011-09-27,1.134,0.000883
2011-09-28,1.134,0.0
2011-09-29,1.132,-0.001764
2011-09-30,1.133,0.000883
2011-10-10,1.134,0.000883
2011-10-11,1.135,0.000882
2011-10-12,1.136,0.000881
2011-10-13,1.136,0.0
2011-10-14,1.139,0.002641
2011-10-17,1.14,0.000878
2011-10-18,1.143,0.002632
2011-10-19,1.147,0.0034999999999999996
2011-10-20,1.153,0.005231
2011-10-21,1.156,0.0026019999999999997
2011-10-24,1.156,0.0
2011-10-25,1.155,-0.0008649999999999999
2011-10-26,1.157,0.001732
2011-10-27,1.156,-0.0008640000000000001
2011-10-28,1.156,0.0
2011-10-31,1.157,0.0008649999999999999
2011-11-01,1.159,0.001729
2011-11-02,1.159,0.0
2011-11-03,1.16,0.000863
2011-11-04,1.161,0.000862
2011-11-07,1.163,0.0017230000000000001
2011-11-08,1.163,0.0
2011-11-09,1.164,0.00086
2011-11-10,1.168,0.0034360000000000003
2011-11-11,1.17,0.001712
2011-11-14,1.169,-0.0008550000000000001
2011-11-15,1.168,-0.0008550000000000001
2011-11-16,1.167,-0.000856
2011-11-17,1.167,0.0
2011-11-18,1.166,-0.000857
2011-11-21,1.165,-0.000858
2011-11-22,1.165,0.0
2011-11-23,1.166,0.000858
2011-11-24,1.167,0.000858
2011-11-25,1.167,0.0
2011-11-28,1.167,0.0
2011-11-29,1.166,-0.000857
2011-11-30,1.165,-0.000858
2011-12-01,1.17,0.004292000000000001
2011-12-02,1.171,0.0008550000000000001
2011-12-05,1.172,0.000854
2011-12-06,1.172,0.0
2011-12-07,1.171,-0.000853
2011-12-08,1.171,0.0
2011-12-09,1.172,0.000854
2011-12-12,1.172,0.0
2011-12-13,1.172,0.0
2011-12-14,1.171,-0.000853
2011-12-15,1.171,0.0
2011-12-16,1.171,0.0
2011-12-19,1.172,0.000854
2011-12-20,1.172,0.0
2011-12-21,1.172,0.0
2011-12-22,1.172,0.0
2011-12-23,1.173,0.000853
2011-12-26,1.173,0.0
2011-12-27,1.173,0.0
2011-12-28,1.173,0.0
2011-12-29,1.174,0.000853
2011-12-30,1.175,0.000852
2011-12-31,1.175,0.0
2012-01-04,1.174,-0.000851
2012-01-05,1.174,0.0
2012-01-06,1.175,0.000852
2012-01-09,1.176,0.000851
2012-01-10,1.177,0.0008500000000000001
2012-01-11,1.176,-0.0008500000000000001
2012-01-12,1.177,0.0008500000000000001
2012-01-13,1.177,0.0
2012-01-16,1.177,0.0
2012-01-17,1.177,0.0
2012-01-18,1.177,0.0
2012-01-19,1.178,0.0008500000000000001
2012-01-20,1.179,0.000849
2012-01-30,1.181,0.001696
2012-01-31,1.18,-0.000847
2012-02-01,1.18,0.0
2012-02-02,1.18,0.0
2012-02-03,1.18,0.0
2012-02-06,1.18,0.0
2012-02-07,1.18,0.0
2012-02-08,1.179,-0.000847
2012-02-09,1.179,0.0
2012-02-10,1.179,0.0
2012-02-13,1.179,0.0
2012-02-14,1.18,0.000848
2012-02-15,1.18,0.0
2012-02-16,1.18,0.0
2012-02-17,1.179,-0.000847
2012-02-20,1.18,0.000848
2012-02-21,1.181,0.000847
2012-02-22,1.181,0.0
2012-02-23,1.181,0.0
2012-02-24,1.181,0.0
2012-02-27,1.18,-0.000847
2012-02-28,1.18,0.0
2012-02-29,1.181,0.000847
2012-03-01,1.18,-0.000847
2012-03-02,1.181,0.000847
2012-03-05,1.181,0.0
2012-03-06,1.182,0.000847
2012-03-07,1.183,0.000846
2012-03-08,1.184,0.000845
2012-03-09,1.184,0.0
2012-03-12,1.184,0.0
2012-03-13,1.185,0.000845
2012-03-14,1.185,0.0
2012-03-15,1.185,0.0
2012-03-16,1.185,0.0
2012-03-19,1.186,0.000844
2012-03-20,1.186,0.0
2012-03-21,1.186,0.0
2012-03-22,1.146,0.0
2012-03-23,1.147,0.0008730000000000001
2012-03-26,1.147,0.0
2012-03-27,1.147,0.0
2012-03-28,1.147,0.0
2012-03-29,1.148,0.0008719999999999999
2012-03-30,1.149,0.0008709999999999999
2012-03-31,1.15,0.0008699999999999999
2012-04-05,1.15,0.0
2012-04-06,1.15,0.0
2012-04-09,1.15,0.0
2012-04-10,1.15,0.0
2012-04-11,1.151,0.0008699999999999999
2012-04-12,1.151,0.0
2012-04-13,1.151,0.0
2012-04-16,1.152,0.0008690000000000001
2012-04-17,1.153,0.0008680000000000001
2012-04-18,1.153,0.0
2012-04-19,1.154,0.000867
2012-04-20,1.155,0.000867
2012-04-23,1.156,0.000866
2012-04-24,1.155,-0.0008649999999999999
2012-04-25,1.155,0.0
2012-04-26,1.159,0.003463
2012-04-27,1.156,-0.0025879999999999996
2012-05-02,1.156,0.0
2012-05-03,1.156,0.0
2012-05-04,1.156,0.0
2012-05-07,1.156,0.0
2012-05-08,1.156,0.0
2012-05-09,1.157,0.0008649999999999999
2012-05-10,1.158,0.0008640000000000001
2012-05-11,1.161,0.002591
2012-05-14,1.165,0.0034449999999999997
2012-05-15,1.167,0.001717
2012-05-16,1.169,0.001714
2012-05-17,1.17,0.0008550000000000001
2012-05-18,1.171,0.0008550000000000001
2012-05-21,1.171,0.0
2012-05-22,1.171,0.0
2012-05-23,1.172,0.000854
2012-05-24,1.174,0.001706
2012-05-25,1.179,0.004259
2012-05-28,1.179,0.0
2012-05-29,1.179,0.0
2012-05-30,1.18,0.000848
2012-05-31,1.18,0.0
2012-06-01,1.18,0.0
2012-06-04,1.181,0.000847
2012-06-05,1.18,-0.000847
2012-06-06,1.18,0.0
2012-06-07,1.182,0.0016950000000000001
2012-06-08,1.189,0.005921999999999999
2012-06-11,1.185,-0.003364
2012-06-12,1.186,0.000844
2012-06-13,1.185,-0.000843
2012-06-14,1.184,-0.000844
2012-06-15,1.185,0.000845
2012-06-18,1.185,0.0
2012-06-19,1.184,-0.000844
2012-06-20,1.184,0.0
2012-06-21,1.184,0.0
2012-06-25,1.184,0.0
2012-06-26,1.185,0.000845
2012-06-27,1.187,0.001688
2012-06-28,1.186,-0.000842
2012-06-29,1.187,0.000843
2012-06-30,1.188,0.000842
2012-07-02,1.186,-0.001684
2012-07-03,1.187,0.000843
2012-07-04,1.187,0.0
2012-07-05,1.188,0.000842
2012-07-06,1.19,0.001684
2012-07-09,1.191,0.00084
2012-07-10,1.191,0.0
2012-07-11,1.192,0.00084
2012-07-12,1.192,0.0
2012-07-13,1.195,0.0025169999999999997
2012-07-16,1.193,-0.001674
2012-07-17,1.191,-0.001676
2012-07-18,1.191,0.0
2012-07-19,1.191,0.0
2012-07-20,1.193,0.001679
2012-07-23,1.193,0.0
2012-07-24,1.192,-0.000838
2012-07-25,1.192,0.0
2012-07-26,1.192,0.0
2012-07-27,1.189,-0.0025169999999999997
2012-07-30,1.192,0.002523
2012-07-31,1.191,-0.000839
2012-08-01,1.191,0.0
2012-08-02,1.19,-0.00084
2012-08-03,1.188,-0.001681
2012-08-06,1.188,0.0
2012-08-07,1.187,-0.000842
2012-08-08,1.185,-0.001685
2012-08-09,1.186,0.000844
2012-08-10,1.187,0.000843
2012-08-13,1.187,0.0
2012-08-14,1.187,0.0
2012-08-15,1.187,0.0
2012-08-16,1.187,0.0
2012-08-17,1.186,-0.000842
2012-08-20,1.185,-0.000843
2012-08-21,1.185,0.0
2012-08-22,1.184,-0.000844
2012-08-23,1.184,0.0
2012-08-24,1.184,0.0
2012-08-27,1.183,-0.000845
2012-08-28,1.182,-0.000845
2012-08-29,1.182,0.0
2012-08-30,1.182,0.0
2012-08-31,1.182,0.0
2012-09-03,1.183,0.000846
2012-09-04,1.183,0.0
2012-09-05,1.183,0.0
2012-09-06,1.183,0.0
2012-09-07,1.183,0.0
2012-09-10,1.181,-0.001691
2012-09-11,1.181,0.0
2012-09-12,1.18,-0.000847
2012-09-13,1.18,0.0
2012-09-14,1.179,-0.000847
2012-09-17,1.178,-0.000848
2012-09-18,1.178,0.0
2012-09-19,1.179,0.000849
2012-09-20,1.179,0.0
2012-09-21,1.179,0.0
2012-09-24,1.18,0.000848
2012-09-25,1.181,0.000847
2012-09-26,1.183,0.001693
2012-09-27,1.184,0.000845
2012-09-28,1.185,0.000845
2012-09-30,1.186,0.000844
2012-10-08,1.185,-0.000843
2012-10-09,1.185,0.0
2012-10-10,1.186,0.000844
2012-10-11,1.187,0.000843
2012-10-12,1.189,0.001685
2012-10-15,1.19,0.000841
2012-10-16,1.191,0.00084
2012-10-17,1.191,0.0
2012-10-18,1.191,0.0
2012-10-19,1.191,0.0
2012-10-22,1.192,0.00084
2012-10-23,1.192,0.0
2012-10-24,1.191,-0.000839
2012-10-25,1.19,-0.00084
2012-10-26,1.19,0.0
2012-10-29,1.189,-0.00084
2012-10-30,1.19,0.000841
2012-10-31,1.191,0.00084
2012-11-01,1.191,0.0
2012-11-02,1.193,0.001679
2012-11-05,1.193,0.0
2012-11-06,1.194,0.000838
2012-11-07,1.194,0.0
2012-11-08,1.193,-0.000838
2012-11-09,1.194,0.000838
2012-11-12,1.194,0.0
2012-11-13,1.194,0.0
2012-11-14,1.195,0.000838
2012-11-15,1.195,0.0
2012-11-16,1.196,0.000837
2012-11-19,1.196,0.0
2012-11-20,1.197,0.0008359999999999999
2012-11-21,1.196,-0.000835
2012-11-22,1.196,0.0
2012-11-23,1.196,0.0
2012-11-26,1.196,0.0
2012-11-27,1.196,0.0
2012-11-28,1.197,0.0008359999999999999
2012-11-29,1.196,-0.000835
2012-11-30,1.196,0.0
2012-12-03,1.197,0.0008359999999999999
2012-12-04,1.197,0.0
2012-12-05,1.196,-0.000835
2012-12-06,1.197,0.0008359999999999999
2012-12-07,1.197,0.0
2012-12-10,1.197,0.0
2012-12-11,1.197,0.0
2012-12-12,1.197,0.0
2012-12-13,1.197,0.0
2012-12-14,1.198,0.000835
2012-12-17,1.198,0.0
2012-12-18,1.103,0.0
2012-12-19,1.103,0.0
2012-12-20,1.103,0.0
2012-12-21,1.103,0.0
2012-12-24,1.103,0.0
2012-12-25,1.103,0.0
2012-12-26,1.103,0.0
2012-12-27,1.103,0.0
2012-12-28,1.103,0.0
2012-12-31,1.104,0.000907
2013-01-04,1.103,-0.000906
2013-01-07,1.105,0.001813
2013-01-08,1.106,0.000905
2013-01-09,1.107,0.000904
2013-01-10,1.107,0.0
2013-01-11,1.108,0.000903
2013-01-14,1.108,0.0
2013-01-15,1.108,0.0
2013-01-16,1.108,0.0
2013-01-17,1.108,0.0
2013-01-18,1.109,0.000903
2013-01-21,1.11,0.000902
2013-01-22,1.111,0.000901
2013-01-23,1.112,0.0009
2013-01-24,1.112,0.0
2013-01-25,1.113,0.000899
2013-01-28,1.113,0.0
2013-01-29,1.114,0.000898
2013-01-30,1.114,0.0
2013-01-31,1.114,0.0
2013-02-01,1.114,0.0
2013-02-04,1.115,0.000898
2013-02-05,1.116,0.000897
2013-02-06,1.116,0.0
2013-02-07,1.117,0.000896
2013-02-08,1.117,0.0
2013-02-18,1.119,0.001791
2013-02-19,1.12,0.0008939999999999999
2013-02-20,1.121,0.000893
2013-02-21,1.122,0.000892
2013-02-22,1.124,0.0017829999999999999
2013-02-25,1.125,0.00089
2013-02-26,1.123,-0.001778
2013-02-27,1.122,-0.00089
2013-02-28,1.124,0.0017829999999999999
2013-03-01,1.124,0.0
2013-03-04,1.125,0.00089
2013-03-05,1.125,0.0
2013-03-06,1.126,0.000889
2013-03-07,1.126,0.0
2013-03-08,1.126,0.0
2013-03-11,1.127,0.000888
2013-03-12,1.127,0.0
2013-03-13,1.127,0.0
2013-03-14,1.127,0.0
2013-03-15,1.127,0.0
2013-03-18,1.127,0.0
2013-03-19,1.126,-0.000887
2013-03-20,1.126,0.0
2013-03-21,1.126,0.0
2013-03-22,1.127,0.000888
2013-03-25,1.127,0.0
2013-03-26,1.127,0.0
2013-03-27,1.127,0.0
2013-03-28,1.128,0.000887
2013-03-29,1.129,0.000887
2013-04-01,1.13,0.000886
2013-04-02,1.131,0.0008849999999999999
2013-04-03,1.132,0.000884
2013-04-08,1.134,0.001767
2013-04-09,1.135,0.000882
2013-04-10,1.136,0.000881
2013-04-11,1.136,0.0
2013-04-12,1.136,0.0
2013-04-15,1.138,0.001761
2013-04-16,1.138,0.0
2013-04-17,1.139,0.000879
2013-04-18,1.138,-0.000878
2013-04-19,1.138,0.0
2013-04-22,1.136,-0.0017569999999999999
2013-04-23,1.135,-0.0008799999999999999
2013-04-24,1.136,0.000881
2013-04-25,1.137,0.0008799999999999999
2013-04-26,1.138,0.0008799999999999999
2013-05-02,1.139,0.000879
2013-05-03,1.139,0.0
2013-05-06,1.138,-0.000878
2013-05-07,1.138,0.0
2013-05-08,1.138,0.0
2013-05-09,1.138,0.0
2013-05-10,1.14,0.0017569999999999999
2013-05-13,1.14,0.0
2013-05-14,1.141,0.000877
2013-05-15,1.142,0.0008759999999999999
2013-05-16,1.142,0.0
2013-05-17,1.142,0.0
2013-05-20,1.142,0.0
2013-05-21,1.142,0.0
2013-05-22,1.142,0.0
2013-05-23,1.143,0.0008759999999999999
2013-05-24,1.144,0.0008749999999999999
2013-05-27,1.144,0.0
2013-05-28,1.145,0.0008740000000000001
2013-05-29,1.146,0.0008730000000000001
2013-05-30,1.146,0.0
2013-05-31,1.146,0.0
2013-06-03,1.147,0.0008730000000000001
2013-06-04,1.146,-0.0008719999999999999
2013-06-05,1.146,0.0
2013-06-06,1.146,0.0
2013-06-07,1.145,-0.0008730000000000001
2013-06-13,1.145,0.0
2013-06-14,1.144,-0.0008730000000000001
2013-06-17,1.143,-0.0008740000000000001
2013-06-18,1.143,0.0
2013-06-19,1.141,-0.0017499999999999998
2013-06-20,1.134,-0.006135000000000001
2013-06-21,1.134,0.0
2013-06-24,1.13,-0.003527
2013-06-25,1.131,0.0008849999999999999
2013-06-26,1.135,0.003537
2013-06-27,1.138,0.002643
2013-06-28,1.14,0.0017569999999999999
2013-06-30,1.14,0.0
2013-07-01,1.141,0.000877
2013-07-02,1.143,0.0017530000000000002
2013-07-03,1.143,0.0
2013-07-04,1.145,0.0017499999999999998
2013-07-05,1.145,0.0
2013-07-08,1.146,0.0008730000000000001
2013-07-09,1.146,0.0
2013-07-10,1.145,-0.0008730000000000001
2013-07-11,1.142,-0.00262
2013-07-12,1.141,-0.0008759999999999999
2013-07-15,1.142,0.0008759999999999999
2013-07-16,1.141,-0.0008759999999999999
2013-07-17,1.14,-0.0008759999999999999
2013-07-18,1.139,-0.000877
2013-07-19,1.139,0.0
2013-07-22,1.136,-0.002634
2013-07-23,1.135,-0.0008799999999999999
2013-07-24,1.135,0.0
2013-07-25,1.135,0.0
2013-07-26,1.135,0.0
2013-07-29,1.135,0.0
2013-07-30,1.135,0.0
2013-07-31,1.136,0.000881
2013-08-01,1.134,-0.001761
2013-08-02,1.136,0.001764
2013-08-05,1.136,0.0
2013-08-06,1.136,0.0
2013-08-07,1.135,-0.0008799999999999999
2013-08-08,1.132,-0.002643
2013-08-09,1.134,0.001767
2013-08-12,1.133,-0.000882
2013-08-13,1.131,-0.0017649999999999999
2013-08-14,1.131,0.0
2013-08-15,1.129,-0.001768
2013-08-16,1.128,-0.000886
2013-08-19,1.128,0.0
2013-08-20,1.127,-0.000887
2013-08-21,1.128,0.000887
2013-08-22,1.127,-0.000887
2013-08-23,1.128,0.000887
2013-08-26,1.128,0.0
2013-08-27,1.129,0.000887
2013-08-28,1.129,0.0
2013-08-29,1.129,0.0
2013-08-30,1.13,0.000886
2013-09-02,1.13,0.0
2013-09-03,1.129,-0.0008849999999999999
2013-09-04,1.13,0.000886
2013-09-05,1.129,-0.0008849999999999999
2013-09-06,1.13,0.000886
2013-09-09,1.13,0.0
2013-09-10,1.13,0.0
2013-09-11,1.128,-0.0017699999999999999
2013-09-12,1.128,0.0
2013-09-13,1.127,-0.000887
2013-09-16,1.128,0.000887
2013-09-17,1.128,0.0
2013-09-18,1.129,0.000887
2013-09-23,1.131,0.001771
2013-09-24,1.13,-0.000884
2013-09-25,1.131,0.0008849999999999999
2013-09-26,1.132,0.000884
2013-09-27,1.132,0.0
2013-09-30,1.132,0.0
2013-10-08,1.132,0.0
2013-10-09,1.131,-0.000883
2013-10-10,1.131,0.0
2013-10-11,1.13,-0.000884
2013-10-14,1.13,0.0
2013-10-15,1.129,-0.0008849999999999999
2013-10-16,1.129,0.0
2013-10-17,1.128,-0.000886
2013-10-18,1.128,0.0
2013-10-21,1.128,0.0
2013-10-22,1.127,-0.000887
2013-10-23,1.127,0.0
2013-10-24,1.126,-0.000887
2013-10-25,1.125,-0.000888
2013-10-28,1.125,0.0
2013-10-29,1.123,-0.001778
2013-10-30,1.121,-0.001781
2013-10-31,1.123,0.001784
2013-11-01,1.123,0.0
2013-11-04,1.123,0.0
2013-11-05,1.122,-0.00089
2013-11-06,1.122,0.0
2013-11-07,1.12,-0.0017829999999999999
2013-11-08,1.118,-0.001786
2013-11-11,1.115,-0.0026829999999999996
2013-11-12,1.114,-0.000897
2013-11-13,1.111,-0.0026929999999999996
2013-11-14,1.111,0.0
2013-11-15,1.111,0.0
2013-11-18,1.108,-0.0027
2013-11-19,1.107,-0.000903
2013-11-20,1.106,-0.000903
2013-11-21,1.107,0.000904
2013-11-22,1.106,-0.000903
2013-11-25,1.105,-0.000904
2013-11-26,1.105,0.0
2013-11-27,1.105,0.0
2013-11-28,1.105,0.0
2013-11-29,1.106,0.000905
2013-12-02,1.105,-0.000904
2013-12-03,1.016,0.000905
2013-12-04,1.016,0.0
2013-12-05,1.015,-0.000984
2013-12-06,1.016,0.000985
2013-12-09,1.014,-0.001969
2013-12-10,1.014,0.0
2013-12-11,1.015,0.000986
2013-12-12,1.015,0.0
2013-12-13,1.015,0.0
2013-12-16,1.014,-0.000985
2013-12-17,1.013,-0.000986
2013-12-18,1.013,0.0
2013-12-19,1.011,-0.001974
2013-12-20,1.011,0.0
2013-12-23,1.01,-0.000989
2013-12-24,1.01,0.0
2013-12-25,1.01,0.0
2013-12-26,1.011,0.00099
2013-12-27,1.008,-0.002967
2013-12-30,1.005,-0.002976
2013-12-31,1.006,0.000995
2014-01-02,1.006,0.0
2014-01-03,1.006,0.0
2014-01-06,1.005,-0.000994
2014-01-07,1.006,0.000995
2014-01-08,1.006,0.0
2014-01-09,1.007,0.000994
2014-01-10,1.006,-0.000993
2014-01-13,1.006,0.0
2014-01-14,1.005,-0.000994
2014-01-15,1.003,-0.00199
2014-01-16,1.003,0.0
2014-01-17,0.997,-0.0059819999999999995
2014-01-20,0.998,0.001003
2014-01-21,0.997,-0.001002
2014-01-22,0.997,0.0
2014-01-23,0.999,0.002006
2014-01-24,1.0,0.001001
2014-01-27,1.001,0.001
2014-01-28,1.0,-0.000999
2014-01-29,1.001,0.001
2014-01-30,1.002,0.000999
2014-02-07,1.002,0.0
2014-02-10,1.003,0.000998
2014-02-11,1.003,0.0
2014-02-12,1.004,0.000997
2014-02-13,1.005,0.000996
2014-02-14,1.006,0.000995
2014-02-17,1.008,0.001988
2014-02-18,1.009,0.000992
2014-02-19,1.011,0.001982
2014-02-20,1.012,0.000989
2014-02-21,1.012,0.0
2014-02-24,1.012,0.0
2014-02-25,1.016,0.003953
2014-02-26,1.015,-0.000984
2014-02-27,1.016,0.000985
2014-02-28,1.016,0.0
2014-03-03,1.016,0.0
2014-03-04,1.015,-0.000984
2014-03-05,1.014,-0.000985
2014-03-06,1.014,0.0
2014-03-07,1.014,0.0
2014-03-10,1.014,0.0
2014-03-11,1.014,0.0
2014-03-12,1.015,0.000986
2014-03-13,1.016,0.000985
2014-03-14,1.017,0.000984
2014-03-17,1.017,0.0
2014-03-18,1.017,0.0
2014-03-19,1.017,0.0
2014-03-20,1.017,0.0
2014-03-21,1.017,0.0
2014-03-24,1.017,0.0
2014-03-25,1.017,0.0
2014-03-26,1.017,0.0
2014-03-27,1.018,0.000983
2014-03-28,1.018,0.0
2014-03-31,1.018,0.0
2014-04-01,1.018,0.0
2014-04-02,1.015,-0.002947
2014-04-03,1.015,0.0
2014-04-04,1.016,0.000985
2014-04-08,1.016,0.0
2014-04-09,1.016,0.0
2014-04-10,1.017,0.000984
2014-04-11,1.017,0.0
2014-04-14,1.018,0.000983
2014-04-15,1.017,-0.000982
2014-04-16,1.017,0.0
2014-04-17,1.018,0.000983
2014-04-18,1.016,-0.001965
2014-04-21,1.017,0.000984
2014-04-22,1.017,0.0
2014-04-23,1.017,0.0
2014-04-24,1.017,0.0
2014-04-25,1.017,0.0
2014-04-28,1.018,0.000983
2014-04-29,1.018,0.0
2014-04-30,1.018,0.0
2014-05-05,1.019,0.000982
2014-05-06,1.02,0.000981
2014-05-07,1.021,0.00098
2014-05-08,1.022,0.000979
2014-05-09,1.023,0.000978
2014-05-12,1.024,0.000978
2014-05-13,1.025,0.000977
2014-05-14,1.025,0.0
2014-05-15,1.025,0.0
2014-05-16,1.025,0.0
2014-05-19,1.026,0.0009760000000000001
2014-05-20,1.026,0.0
2014-05-21,1.026,0.0
2014-05-22,1.026,0.0
2014-05-23,1.027,0.0009750000000000001
2014-05-26,1.028,0.000974
2014-05-27,1.029,0.000973
2014-05-28,1.029,0.0
2014-05-29,1.03,0.000972
2014-05-30,1.03,0.0
2014-06-03,1.032,0.0019420000000000001
2014-06-04,1.032,0.0
2014-06-05,1.034,0.001938
2014-06-06,1.035,0.000967
2014-06-09,1.035,0.0
2014-06-10,1.036,0.0009660000000000001
2014-06-11,1.036,0.0
2014-06-12,1.036,0.0
2014-06-13,1.037,0.000965
2014-06-16,1.04,0.002893
2014-06-17,1.039,-0.000962
2014-06-18,1.039,0.0
2014-06-19,1.039,0.0
2014-06-20,1.04,0.000962
2014-06-23,1.04,0.0
2014-06-24,1.041,0.000962
2014-06-25,1.042,0.000961
2014-06-26,1.042,0.0
2014-06-27,1.043,0.00096
2014-06-30,1.044,0.000959
2014-07-01,1.044,0.0
2014-07-02,1.044,0.0
2014-07-03,1.044,0.0
2014-07-04,1.044,0.0
2014-07-07,1.045,0.000958
2014-07-08,1.045,0.0
2014-07-09,1.045,0.0
2014-07-10,1.045,0.0
2014-07-11,1.045,0.0
2014-07-14,1.045,0.0
2014-07-15,1.047,0.001914
2014-07-16,1.046,-0.000955
2014-07-17,1.046,0.0
2014-07-18,1.046,0.0
2014-07-21,1.046,0.0
2014-07-22,1.047,0.000956
2014-07-23,1.047,0.0
2014-07-24,1.047,0.0
2014-07-25,1.049,0.00191
2014-07-28,1.051,0.001907
2014-07-29,1.052,0.000951
2014-07-30,1.051,-0.000951
2014-07-31,1.052,0.000951
2014-08-01,1.054,0.001901
2014-08-04,1.055,0.000949
2014-08-05,1.056,0.000948
2014-08-06,1.056,0.0
2014-08-07,1.056,0.0
2014-08-08,1.057,0.000947
2014-08-11,1.059,0.001892
2014-08-12,1.059,0.0
2014-08-13,1.059,0.0
2014-08-14,1.059,0.0
2014-08-15,1.061,0.001889
2014-08-18,1.061,0.0
2014-08-19,1.061,0.0
2014-08-20,1.062,0.0009429999999999999
2014-08-21,1.061,-0.000942
2014-08-22,1.063,0.001885
2014-08-25,1.064,0.000941
2014-08-26,1.063,-0.00094
2014-08-27,1.063,0.0
2014-08-28,1.064,0.000941
2014-08-29,1.064,0.0
2014-09-01,1.065,0.00094
2014-09-02,1.068,0.002817
2014-09-03,1.07,0.0018729999999999999
2014-09-04,1.071,0.000935
2014-09-05,1.073,0.001867
2014-09-09,1.073,0.0
2014-09-10,1.073,0.0
2014-09-11,1.073,0.0
2014-09-12,1.074,0.0009320000000000001
2014-09-15,1.074,0.0
2014-09-16,1.073,-0.000931
2014-09-17,1.074,0.0009320000000000001
2014-09-18,1.075,0.000931
2014-09-19,1.077,0.0018599999999999999
2014-09-22,1.076,-0.0009289999999999999
2014-09-23,1.077,0.0009289999999999999
2014-09-24,1.079,0.0018570000000000001
2014-09-25,1.08,0.0009270000000000001
2014-09-26,1.08,0.0
2014-09-29,1.081,0.0009260000000000001
2014-09-30,1.082,0.000925
2014-10-08,1.084,0.0018479999999999998
2014-10-09,1.085,0.0009229999999999999
2014-10-10,1.084,-0.0009220000000000001
2014-10-13,1.085,0.0009229999999999999
2014-10-14,1.085,0.0
2014-10-15,1.087,0.001843
2014-10-16,1.087,0.0
2014-10-17,1.088,0.00092
2014-10-20,1.092,0.003676
2014-10-21,1.093,0.000916
2014-10-22,1.094,0.000915
2014-10-23,1.095,0.000914
2014-10-24,1.095,0.0
2014-10-27,1.095,0.0
2014-10-28,1.097,0.0018260000000000001
2014-10-29,1.1,0.002735
2014-10-30,1.102,0.001818
2014-10-31,1.105,0.002722
2014-11-03,1.107,0.00181
2014-11-04,1.109,0.001807
2014-11-05,1.11,0.000902
2014-11-06,1.113,0.0027029999999999997
2014-11-07,1.121,0.007188
2014-11-10,1.126,0.00446
2014-11-11,1.124,-0.001776
2014-11-12,1.127,0.0026690000000000004
2014-11-13,1.129,0.0017749999999999999
2014-11-14,1.127,-0.001771
2014-11-17,1.125,-0.0017749999999999999
2014-11-18,1.121,-0.003556
2014-11-19,1.121,0.0
2014-11-20,1.122,0.000892
2014-11-21,1.124,0.0017829999999999999
2014-11-24,1.131,0.006228
2014-11-25,1.132,0.000884
2014-11-26,1.133,0.000883
2014-11-27,1.134,0.000883
2014-11-28,1.134,0.0
2014-12-01,1.133,-0.000882
2014-12-02,1.138,0.004413
2014-12-03,1.137,-0.000879
2014-12-04,1.142,0.004398
2014-12-05,1.138,-0.003503
2014-12-08,1.142,0.003515
2014-12-09,1.122,-0.017513
2014-12-10,1.126,0.003565
2014-12-11,1.11,-0.005329
2014-12-12,1.113,0.0027029999999999997
2014-12-15,1.114,0.000898
2014-12-16,1.122,0.007181
2014-12-17,1.122,0.0
2014-12-18,1.124,0.0017829999999999999
2014-12-19,1.127,0.0026690000000000004
2014-12-22,1.128,0.000887
2014-12-23,1.122,-0.005319000000000001
2014-12-24,1.117,-0.004456
2014-12-25,1.124,0.006267
2014-12-26,1.136,0.010676000000000001
2014-12-29,1.144,0.0070420000000000005
2014-12-30,1.144,0.0
2014-12-31,1.153,0.007866999999999999
2015-01-05,1.161,0.006938
2015-01-06,1.158,-0.0025840000000000004
2015-01-07,1.167,0.007772
2015-01-08,1.163,-0.003428
2015-01-09,1.164,0.00086
2015-01-12,1.161,-0.002577
2015-01-13,1.16,-0.000861
2015-01-14,1.164,0.003448
2015-01-15,1.17,0.005155
2015-01-16,1.173,0.0025640000000000003
2015-01-19,1.16,-0.011083
2015-01-20,1.163,0.0025859999999999998
2015-01-21,1.175,0.010318
2015-01-22,1.176,0.000851
2015-01-23,1.177,0.0008500000000000001
2015-01-26,1.177,0.0
2015-01-27,1.175,-0.001699
2015-01-28,1.169,-0.005106
2015-01-29,1.166,-0.002566
2015-01-30,1.161,-0.004288
2015-02-02,1.149,-0.010336000000000001
2015-02-03,1.155,0.005222
2015-02-04,1.153,-0.001732
2015-02-05,1.151,-0.0017349999999999998
2015-02-06,1.149,-0.0017380000000000002
2015-02-09,1.151,0.0017410000000000001
2015-02-10,1.155,0.003475
2015-02-11,1.157,0.001732
2015-02-12,1.158,0.0008640000000000001
2015-02-13,1.158,0.0
2015-02-16,1.161,0.002591
2015-02-17,1.163,0.0017230000000000001
2015-02-25,1.16,-0.0025800000000000003
2015-02-26,1.166,0.0051719999999999995
2015-02-27,1.166,0.0
2015-03-02,1.169,0.0025729999999999998
2015-03-03,1.166,-0.002566
2015-03-04,1.167,0.000858
2015-03-05,1.163,-0.003428
2015-03-06,1.162,-0.00086
2015-03-09,1.167,0.004303
2015-03-10,1.168,0.000857
2015-03-11,1.169,0.000856
2015-03-12,1.173,0.003422
2015-03-13,1.175,0.0017050000000000001
2015-03-16,1.183,0.006808999999999999
2015-03-17,1.189,0.005072
2015-03-18,1.192,0.002523
2015-03-19,1.191,-0.000839
2015-03-20,1.193,0.001679
2015-03-23,1.195,0.001676
2015-03-24,1.191,-0.003347
2015-03-25,1.188,-0.002519
2015-03-26,1.188,0.0
2015-03-27,1.187,-0.000842
2015-03-30,1.193,0.005055
2015-03-31,1.188,-0.004190999999999999
2015-04-01,1.193,0.004209
2015-04-02,1.196,0.002515
2015-04-03,1.198,0.0016719999999999999
2015-04-07,1.201,0.002504
2015-04-08,1.202,0.000833
2015-04-09,1.197,-0.00416
2015-04-10,1.203,0.005013
2015-04-13,1.206,0.002494
2015-04-14,1.207,0.000829
2015-04-15,1.202,-0.004143
2015-04-16,1.213,0.009151
2015-04-17,1.219,0.004946
2015-04-20,1.218,-0.00082
2015-04-21,1.223,0.004105
2015-04-22,1.23,0.005724
2015-04-23,1.229,-0.0008129999999999999
2015-04-24,1.225,-0.003255
2015-04-27,1.228,0.0024490000000000002
2015-04-28,1.226,-0.0016289999999999998
2015-04-29,1.23,0.003263
2015-04-30,1.231,0.0008129999999999999
2015-05-04,1.233,0.0016250000000000001
2015-05-05,1.227,-0.004866
2015-05-06,1.225,-0.0016300000000000002
2015-05-07,1.224,-0.0008160000000000001
2015-05-08,1.229,0.004085
2015-05-11,1.241,0.009764
2015-05-12,1.247,0.004835
2015-05-13,1.246,-0.000802
2015-05-14,1.247,0.000803
2015-05-15,1.244,-0.002406
2015-05-18,1.244,0.0
2015-05-19,1.251,0.005627
2015-05-20,1.251,0.0
2015-05-21,1.26,0.007194000000000001
2015-05-22,1.263,0.002381
2015-05-25,1.272,0.007126
2015-05-26,1.275,0.0023580000000000003
2015-05-27,1.271,-0.0031369999999999996
2015-05-28,1.261,-0.007868
2015-05-29,1.26,-0.000793
2015-06-01,1.267,0.005556
2015-06-02,1.27,0.0023680000000000003
2015-06-03,1.269,-0.000787
2015-06-04,1.271,0.001576
2015-06-05,1.273,0.001574
2015-06-08,1.277,0.003142
2015-06-09,1.278,0.000783
2015-06-10,1.275,-0.002347
2015-06-11,1.276,0.000784
2015-06-12,1.278,0.001567
2015-06-15,1.275,-0.002347
2015-06-16,1.273,-0.001569
2015-06-17,1.275,0.001571
2015-06-18,1.268,-0.00549
2015-06-19,1.26,-0.006309
2015-06-23,1.267,0.005556
2015-06-24,1.273,0.004736000000000001
2015-06-25,1.265,-0.006284
2015-06-26,1.254,-0.008696
2015-06-29,1.249,-0.003987
2015-06-30,1.263,0.011209
2015-07-01,1.252,-0.008709
2015-07-02,1.244,-0.00639
2015-07-03,1.24,-0.003215
2015-07-06,1.254,0.01129
2015-07-07,1.26,0.004785
2015-07-08,1.246,-0.011111
2015-07-09,1.26,0.011236
2015-07-10,1.27,0.007937
2015-07-13,1.279,0.0070869999999999995
2015-07-14,1.287,0.006254999999999999
2015-07-15,1.28,-0.005439
2015-07-16,1.287,0.005469000000000001
2015-07-17,1.299,0.009324
2015-07-20,1.301,0.00154
2015-07-21,1.307,0.004612
2015-07-22,1.305,-0.00153
2015-07-23,1.311,0.004598
2015-07-24,1.31,-0.0007630000000000001
2015-07-27,1.295,-0.01145
2015-07-28,1.296,0.000772
2015-07-29,1.301,0.003858
2015-07-30,1.294,-0.00538
2015-07-31,1.294,0.0
2015-08-03,1.291,-0.002318
2015-08-04,1.299,0.006197
2015-08-05,1.295,-0.003079
2015-08-06,1.294,-0.000772
2015-08-07,1.298,0.003091
2015-08-10,1.306,0.006162999999999999
2015-08-11,1.305,-0.000766
2015-08-12,1.302,-0.002299
2015-08-13,1.309,0.005376
2015-08-14,1.309,0.0
2015-08-17,1.31,0.0007639999999999999
2015-08-18,1.3,-0.007633999999999999
2015-08-19,1.301,0.0007689999999999999
2015-08-20,1.298,-0.002306
2015-08-21,1.292,-0.004622
2015-08-24,1.283,-0.006966
2015-08-25,1.273,-0.007794
2015-08-26,1.276,0.0023569999999999997
2015-08-27,1.284,0.00627
2015-08-28,1.29,0.004673
2015-08-31,1.29,0.0
2015-09-01,1.289,-0.000775
2015-09-02,1.291,0.001552
2015-09-07,1.288,-0.002324
2015-09-08,1.291,0.002329
2015-09-09,1.294,0.002324
2015-09-10,1.292,-0.0015459999999999998
2015-09-11,1.292,0.0
2015-09-14,1.29,-0.001548
2015-09-15,1.283,-0.005425999999999999
2015-09-16,1.289,0.004677
2015-09-17,1.287,-0.001552
2015-09-18,1.289,0.001554
2015-09-21,1.292,0.002327
2015-09-22,1.291,-0.000774
2015-09-23,1.29,-0.000775
2015-09-24,1.29,0.0
2015-09-25,1.288,-0.00155
2015-09-28,1.288,0.0
2015-09-29,1.285,-0.002329
2015-09-30,1.286,0.0007779999999999999
2015-10-08,1.289,0.002333
2015-10-09,1.29,0.000776
2015-10-12,1.294,0.003101
2015-10-13,1.294,0.0
2015-10-14,1.294,0.0
2015-10-15,1.296,0.0015459999999999998
2015-10-16,1.298,0.0015429999999999999
2015-10-19,1.299,0.00077
2015-10-20,1.299,0.0
2015-10-21,1.208,-0.00077
2015-10-22,1.209,0.000828
2015-10-23,1.21,0.0008269999999999999
2015-10-26,1.211,0.000826
2015-10-27,1.214,0.002477
2015-10-28,1.213,-0.000824
2015-10-29,1.214,0.000824
2015-10-30,1.215,0.000824
2015-11-02,1.214,-0.000823
2015-11-03,1.213,-0.000824
2015-11-04,1.216,0.002473
2015-11-05,1.217,0.0008219999999999999
2015-11-06,1.219,0.001643
2015-11-09,1.219,0.0
2015-11-10,1.218,-0.00082
2015-11-11,1.217,-0.0008210000000000001
2015-11-12,1.217,0.0
2015-11-13,1.217,0.0
2015-11-16,1.216,-0.0008219999999999999
2015-11-17,1.216,0.0
2015-11-18,1.216,0.0
2015-11-19,1.216,0.0
2015-11-20,1.218,0.001645
2015-11-23,1.219,0.0008210000000000001
2015-11-24,1.219,0.0
2015-11-25,1.22,0.00082
2015-11-26,1.22,0.0
2015-11-27,1.217,-0.0024590000000000002
2015-11-30,1.217,0.0
2015-12-01,1.218,0.0008219999999999999
2015-12-02,1.22,0.0016420000000000002
2015-12-03,1.221,0.00082
2015-12-04,1.22,-0.000819
2015-12-07,1.221,0.00082
2015-12-08,1.22,-0.000819
2015-12-09,1.219,-0.00082
2015-12-10,1.22,0.00082
2015-12-11,1.221,0.00082
2015-12-14,1.222,0.000819
2015-12-15,1.222,0.0
2015-12-16,1.222,0.0
2015-12-17,1.225,0.002455
2015-12-18,1.225,0.0
2015-12-21,1.229,0.003265
2015-12-22,1.228,-0.000814
2015-12-23,1.228,0.0
2015-12-24,1.228,0.0
2015-12-25,1.228,0.0
2015-12-28,1.227,-0.000814
2015-12-29,1.227,0.0
2015-12-30,1.228,0.0008150000000000001
2015-12-31,1.228,0.0
2016-01-04,1.225,-0.002443
2016-01-05,1.225,0.0
2016-01-06,1.227,0.001633
2016-01-07,1.224,-0.002445
2016-01-08,1.225,0.0008169999999999999
2016-01-11,1.224,-0.0008160000000000001
2016-01-12,1.225,0.0008169999999999999
2016-01-13,1.225,0.0
2016-01-14,1.226,0.0008160000000000001
2016-01-15,1.225,-0.0008160000000000001
2016-01-18,1.226,0.0008160000000000001
2016-01-19,1.226,0.0
2016-01-20,1.225,-0.0008160000000000001
2016-01-21,1.224,-0.0008160000000000001
2016-01-22,1.225,0.0008169999999999999
2016-01-25,1.226,0.0008160000000000001
2016-01-26,1.224,-0.0016309999999999999
2016-01-27,1.223,-0.0008169999999999999
2016-01-28,1.222,-0.0008179999999999999
2016-01-29,1.223,0.0008179999999999999
2016-02-01,1.223,0.0
2016-02-02,1.223,0.0
2016-02-03,1.223,0.0
2016-02-04,1.224,0.0008179999999999999
2016-02-05,1.224,0.0
2016-02-15,1.226,0.0016339999999999998
2016-02-16,1.227,0.0008160000000000001
2016-02-17,1.228,0.0008150000000000001
2016-02-18,1.23,0.0016289999999999998
2016-02-19,1.229,-0.0008129999999999999
2016-02-22,1.231,0.0016270000000000002
2016-02-23,1.23,-0.0008119999999999999
2016-02-24,1.23,0.0
2016-02-25,1.227,-0.002439
2016-02-26,1.227,0.0
2016-02-29,1.226,-0.0008150000000000001
2016-03-01,1.227,0.0008160000000000001
2016-03-02,1.23,0.002445
2016-03-03,1.23,0.0
2016-03-04,1.231,0.0008129999999999999
2016-03-07,1.232,0.0008119999999999999
2016-03-08,1.233,0.0008119999999999999
2016-03-09,1.232,-0.0008110000000000001
2016-03-10,1.232,0.0
2016-03-11,1.232,0.0
2016-03-14,1.233,0.0008119999999999999
2016-03-15,1.233,0.0
2016-03-16,1.234,0.0008110000000000001
2016-03-17,1.234,0.0
2016-03-18,1.235,0.0008100000000000001
2016-03-21,1.236,0.0008100000000000001
2016-03-22,1.236,0.0
2016-03-23,1.236,0.0
2016-03-24,1.235,-0.000809
2016-03-25,1.236,0.0008100000000000001
2016-03-28,1.235,-0.000809
2016-03-29,1.234,-0.0008100000000000001
2016-03-30,1.235,0.0008100000000000001
2016-03-31,1.235,0.0
2016-04-01,1.235,0.0
2016-04-05,1.237,0.0016189999999999998
2016-04-06,1.236,-0.000808
2016-04-07,1.236,0.0
2016-04-08,1.235,-0.000809
2016-04-11,1.236,0.0008100000000000001
2016-04-12,1.236,0.0
2016-04-13,1.236,0.0
2016-04-14,1.235,-0.000809
2016-04-15,1.234,-0.0008100000000000001
2016-04-18,1.234,0.0
2016-04-19,1.234,0.0
2016-04-20,1.232,-0.001621
2016-04-21,1.231,-0.0008119999999999999
2016-04-22,1.23,-0.0008119999999999999
2016-04-25,1.228,-0.0016259999999999998
2016-04-26,1.227,-0.000814
2016-04-27,1.226,-0.0008150000000000001
2016-04-28,1.227,0.0008160000000000001
2016-04-29,1.227,0.0
2016-05-03,1.229,0.0016300000000000002
2016-05-04,1.229,0.0
2016-05-05,1.229,0.0
2016-05-06,1.228,-0.000814
2016-05-09,1.228,0.0
2016-05-10,1.229,0.000814
2016-05-11,1.229,0.0
2016-05-12,1.23,0.000814
2016-05-13,1.23,0.0
2016-05-16,1.23,0.0
2016-05-17,1.23,0.0
2016-05-18,1.229,-0.0008129999999999999
2016-05-19,1.229,0.0
2016-05-20,1.228,-0.000814
2016-05-23,1.228,0.0
2016-05-24,1.228,0.0
2016-05-25,1.229,0.000814
2016-05-26,1.229,0.0
2016-05-27,1.231,0.0016270000000000002
2016-05-30,1.231,0.0
2016-05-31,1.233,0.0016250000000000001
2016-06-01,1.232,-0.0008110000000000001
2016-06-02,1.232,0.0
2016-06-03,1.233,0.0008119999999999999
2016-06-06,1.233,0.0
2016-06-07,1.233,0.0
2016-06-08,1.233,0.0
2016-06-13,1.232,-0.0008110000000000001
2016-06-14,1.233,0.0008119999999999999
2016-06-15,1.234,0.0008110000000000001
2016-06-16,1.234,0.0
2016-06-17,1.234,0.0
2016-06-20,1.235,0.0008100000000000001
2016-06-21,1.235,0.0
2016-06-22,1.235,0.0
2016-06-23,1.235,0.0
2016-06-24,1.235,0.0
2016-06-27,1.236,0.0008100000000000001
2016-06-28,1.237,0.000809
2016-06-29,1.237,0.0
2016-06-30,1.238,0.000808
2016-07-01,1.238,0.0
2016-07-04,1.24,0.001616
2016-07-05,1.24,0.0
2016-07-06,1.241,0.0008060000000000001
2016-07-07,1.242,0.0008060000000000001
2016-07-08,1.241,-0.000805
2016-07-11,1.241,0.0
2016-07-12,1.243,0.0016120000000000002
2016-07-13,1.244,0.000805
2016-07-14,1.245,0.000804
2016-07-15,1.244,-0.000803
2016-07-18,1.245,0.000804
2016-07-19,1.245,0.0
2016-07-20,1.245,0.0
2016-07-21,1.247,0.001606
2016-07-22,1.247,0.0
2016-07-25,1.246,-0.000802
2016-07-26,1.247,0.000803
2016-07-27,1.246,-0.000802
2016-07-28,1.246,0.0
2016-07-29,1.246,0.0
2016-08-01,1.246,0.0
2016-08-02,1.247,0.000803
2016-08-03,1.248,0.000802
2016-08-04,1.249,0.0008010000000000001
2016-08-05,1.249,0.0
2016-08-08,1.251,0.001601
2016-08-09,1.252,0.000799
2016-08-10,1.253,0.000799
2016-08-11,1.254,0.000798
2016-08-12,1.202,0.001595
2016-08-15,1.205,0.002496
2016-08-16,1.204,-0.00083
2016-08-17,1.204,0.0
2016-08-18,1.205,0.0008309999999999999
2016-08-19,1.206,0.00083
2016-08-22,1.206,0.0
2016-08-23,1.206,0.0
2016-08-24,1.205,-0.000829
2016-08-25,1.204,-0.00083
2016-08-26,1.205,0.0008309999999999999
2016-08-29,1.205,0.0
2016-08-30,1.205,0.0
2016-08-31,1.205,0.0
2016-09-01,1.204,-0.00083
2016-09-02,1.205,0.0008309999999999999
2016-09-05,1.206,0.00083
2016-09-06,1.207,0.000829
2016-09-07,1.207,0.0
2016-09-08,1.207,0.0
2016-09-09,1.207,0.0
2016-09-12,1.206,-0.000829
2016-09-13,1.205,-0.000829
2016-09-14,1.205,0.0
2016-09-19,1.205,0.0
2016-09-20,1.205,0.0
2016-09-21,1.205,0.0
2016-09-22,1.207,0.00166
2016-09-23,1.207,0.0
2016-09-26,1.206,-0.000829
2016-09-27,1.207,0.000829
2016-09-28,1.208,0.000829
2016-09-29,1.209,0.000828
2016-09-30,1.209,0.0
2016-10-10,1.211,0.0016539999999999999
2016-10-11,1.211,0.0
2016-10-12,1.211,0.0
2016-10-13,1.212,0.000826
2016-10-14,1.213,0.000825
2016-10-17,1.213,0.0
2016-10-18,1.214,0.000824
2016-10-19,1.215,0.000824
2016-10-20,1.216,0.000823
2016-10-21,1.216,0.0
2016-10-24,1.217,0.0008219999999999999
2016-10-25,1.217,0.0
2016-10-26,1.215,-0.001643
2016-10-27,1.214,-0.000823
2016-10-28,1.214,0.0
2016-10-31,1.214,0.0
2016-11-01,1.215,0.000824
2016-11-02,1.214,-0.000823
2016-11-03,1.215,0.000824
2016-11-04,1.216,0.000823
2016-11-07,1.216,0.0
2016-11-08,1.216,0.0
2016-11-09,1.216,0.0
2016-11-10,1.216,0.0
2016-11-11,1.218,0.001645
2016-11-14,1.219,0.0008210000000000001
2016-11-15,1.218,-0.00082
2016-11-16,1.218,0.0
2016-11-17,1.217,-0.0008210000000000001
2016-11-18,1.216,-0.0008219999999999999
2016-11-21,1.218,0.001645
2016-11-22,1.219,0.0008210000000000001
2016-11-23,1.219,0.0
2016-11-24,1.221,0.0016409999999999999
2016-11-25,1.221,0.0
2016-11-28,1.222,0.000819
2016-11-29,1.22,-0.0016370000000000002
2016-11-30,1.217,-0.0024590000000000002
2016-12-01,1.214,-0.002465
2016-12-02,1.211,-0.0024709999999999997
2016-12-05,1.206,-0.004129
2016-12-06,1.202,-0.003317
2016-12-07,1.203,0.000832
2016-12-08,1.204,0.0008309999999999999
2016-12-09,1.205,0.0008309999999999999
2016-12-12,1.196,-0.007469
2016-12-13,1.19,-0.005017000000000001
2016-12-14,1.186,-0.0033610000000000003
2016-12-15,1.169,-0.014334
2016-12-16,1.173,0.003422
2016-12-19,1.165,-0.0068200000000000005
2016-12-20,1.16,-0.004292000000000001
2016-12-21,1.165,0.00431
2016-12-22,1.169,0.003433
2016-12-23,1.17,0.0008550000000000001
2016-12-26,1.17,0.0
2016-12-27,1.171,0.0008550000000000001
2016-12-28,1.171,0.0
2016-12-29,1.172,0.000854
2016-12-30,1.175,0.00256
2016-12-31,1.175,0.0
2017-01-03,1.176,0.000851
2017-01-04,1.179,0.002551
2017-01-05,1.179,0.0
2017-01-06,1.179,0.0
2017-01-09,1.18,0.000848
2017-01-10,1.178,-0.0016950000000000001
2017-01-11,1.178,0.0
2017-01-12,1.177,-0.000849
2017-01-13,1.177,0.0
2017-01-16,1.175,-0.001699
2017-01-17,1.173,-0.001702
2017-01-18,1.172,-0.000853
2017-01-19,1.171,-0.000853
2017-01-20,1.173,0.001708
2017-01-23,1.173,0.0
2017-01-24,1.172,-0.000853
2017-01-25,1.172,0.0
2017-01-26,1.173,0.000853
2017-02-03,1.165,-0.0068200000000000005
2017-02-06,1.162,-0.002575
2017-02-07,1.161,-0.000861
2017-02-08,1.162,0.000861
2017-02-09,1.165,0.0025819999999999997
2017-02-10,1.166,0.000858
2017-02-13,1.169,0.0025729999999999998
2017-02-14,1.168,-0.0008550000000000001
2017-02-15,1.168,0.0
2017-02-16,1.171,0.0025679999999999995
2017-02-17,1.17,-0.000854
2017-02-20,1.173,0.0025640000000000003
2017-02-21,1.174,0.000853
2017-02-22,1.175,0.000852
2017-02-23,1.176,0.000851
2017-02-24,1.175,-0.0008500000000000001
2017-02-27,1.173,-0.001702
2017-02-28,1.174,0.000853
2017-03-01,1.173,-0.000852
2017-03-02,1.171,-0.0017050000000000001
2017-03-03,1.169,-0.001708
2017-03-06,1.169,0.0
2017-03-07,1.17,0.0008550000000000001
2017-03-08,1.168,-0.001709
2017-03-09,1.167,-0.000856
2017-03-10,1.166,-0.000857
2017-03-13,1.167,0.000858
2017-03-14,1.167,0.0
2017-03-15,1.167,0.0
2017-03-16,1.168,0.000857
2017-03-17,1.167,-0.000856
2017-03-20,1.165,-0.001714
2017-03-21,1.164,-0.000858
2017-03-22,1.164,0.0
2017-03-23,1.164,0.0
2017-03-24,1.167,0.002577
2017-03-27,1.168,0.000857
2017-03-28,1.167,-0.000856
2017-03-29,1.167,0.0
2017-03-30,1.165,-0.001714
2017-03-31,1.167,0.001717
2017-04-05,1.168,0.000857
2017-04-06,1.167,-0.000856
2017-04-07,1.166,-0.000857
2017-04-10,1.166,0.0
2017-04-11,1.166,0.0
2017-04-12,1.165,-0.000858
2017-04-13,1.165,0.0
2017-04-14,1.163,-0.001717
2017-04-17,1.16,-0.0025800000000000003
2017-04-18,1.158,-0.001724
2017-04-19,1.156,-0.001727
2017-04-20,1.155,-0.0008649999999999999
2017-04-21,1.154,-0.000866
2017-04-24,1.149,-0.004333
2017-04-25,1.152,0.002611
2017-04-26,1.153,0.0008680000000000001
2017-04-27,1.155,0.0017349999999999998
2017-04-28,1.155,0.0
2017-05-02,1.154,-0.000866
2017-05-03,1.155,0.000867
2017-05-04,1.154,-0.000866
2017-05-05,1.152,-0.0017330000000000002
2017-05-08,1.151,-0.0008680000000000001
2017-05-09,1.149,-0.0017380000000000002
2017-05-10,1.149,0.0
2017-05-11,1.15,0.0008699999999999999
2017-05-12,1.155,0.004348
2017-05-15,1.154,-0.000866
2017-05-16,1.154,0.0
2017-05-17,1.153,-0.000867
2017-05-18,1.153,0.0
2017-05-19,1.155,0.0017349999999999998
2017-05-22,1.156,0.000866
2017-05-23,1.157,0.0008649999999999999
2017-05-24,1.157,0.0
2017-05-25,1.164,0.00605
2017-05-26,1.165,0.0008590000000000001
2017-05-31,1.166,0.000858
2017-06-01,1.166,0.0
2017-06-02,1.164,-0.0017150000000000002
2017-06-05,1.164,0.0
2017-06-06,1.165,0.0008590000000000001
2017-06-07,1.166,0.000858
2017-06-08,1.166,0.0
2017-06-09,1.167,0.000858
2017-06-12,1.168,0.000857
2017-06-13,1.169,0.000856
2017-06-14,1.169,0.0
2017-06-15,1.169,0.0
2017-06-16,1.171,0.001711
2017-06-19,1.172,0.000854
2017-06-20,1.172,0.0
2017-06-21,1.173,0.000853
2017-06-22,1.173,0.0
2017-06-23,1.173,0.0
2017-06-26,1.173,0.0
2017-06-27,1.174,0.000853
2017-06-28,1.175,0.000852
2017-06-29,1.176,0.000851
2017-06-30,1.177,0.0008500000000000001
2017-07-03,1.177,0.0
2017-07-04,1.177,0.0
2017-07-05,1.178,0.0008500000000000001
2017-07-06,1.178,0.0
2017-07-07,1.178,0.0
2017-07-10,1.179,0.000849
2017-07-11,1.179,0.0
2017-07-12,1.18,0.000848
2017-07-13,1.181,0.000847
2017-07-14,1.182,0.000847
2017-07-17,1.182,0.0
2017-07-18,1.182,0.0
2017-07-19,1.183,0.000846
2017-07-20,1.184,0.000845
2017-07-21,1.184,0.0
2017-07-24,1.185,0.000845
2017-07-25,1.185,0.0
2017-07-26,1.184,-0.000844
2017-07-27,1.184,0.0
2017-07-28,1.185,0.000845
2017-07-31,1.186,0.000844
2017-08-01,1.186,0.0
2017-08-02,1.186,0.0
2017-08-03,1.186,0.0
2017-08-04,1.186,0.0
2017-08-07,1.186,0.0
2017-08-08,1.186,0.0
2017-08-09,1.185,-0.000843
2017-08-10,1.185,0.0
2017-08-11,1.184,-0.000844
2017-08-14,1.185,0.000845
2017-08-15,1.186,0.000844
2017-08-16,1.186,0.0
2017-08-17,1.186,0.0
2017-08-18,1.186,0.0
2017-08-21,1.187,0.000843
2017-08-22,1.187,0.0
2017-08-23,1.187,0.0
2017-08-24,1.186,-0.000842
2017-08-25,1.187,0.000843
2017-08-28,1.188,0.000842
2017-08-29,1.188,0.0
2017-08-30,1.188,0.0
2017-08-31,1.188,0.0
2017-09-01,1.188,0.0
2017-09-04,1.188,0.0
2017-09-05,1.189,0.000842
2017-09-06,1.189,0.0
2017-09-07,1.189,0.0
2017-09-08,1.189,0.0
2017-09-11,1.19,0.000841
2017-09-12,1.19,0.0
2017-09-13,1.19,0.0
2017-09-14,1.19,0.0
2017-09-15,1.19,0.0
2017-09-18,1.19,0.0
2017-09-19,1.19,0.0
2017-09-20,1.19,0.0
2017-09-21,1.19,0.0
2017-09-22,1.19,0.0
2017-09-25,1.191,0.00084
2017-09-26,1.19,-0.00084
2017-09-27,1.19,0.0
2017-09-28,1.19,0.0
2017-09-29,1.191,0.00084
2017-10-09,1.192,0.00084
2017-10-10,1.192,0.0
2017-10-11,1.192,0.0
2017-10-12,1.192,0.0
2017-10-13,1.192,0.0
2017-10-16,1.192,0.0
2017-10-17,1.191,-0.000839
2017-10-18,1.192,0.00084
2017-10-19,1.192,0.0
2017-10-20,1.192,0.0
2017-10-23,1.192,0.0
2017-10-24,1.192,0.0
2017-10-25,1.192,0.0
2017-10-26,1.191,-0.000839
2017-10-27,1.191,0.0
2017-10-30,1.191,0.0
2017-10-31,1.19,-0.00084
2017-11-01,1.191,0.00084
2017-11-02,1.191,0.0
2017-11-03,1.191,0.0
2017-11-06,1.191,0.0
2017-11-07,1.191,0.0
2017-11-08,1.192,0.00084
2017-11-09,1.191,-0.000839
2017-11-10,1.191,0.0
2017-11-13,1.191,0.0
2017-11-14,1.19,-0.00084
2017-11-15,1.19,0.0
2017-11-16,1.189,-0.00084
2017-11-17,1.189,0.0
2017-11-20,1.192,0.002523
2017-11-21,1.191,-0.000839
2017-11-22,1.188,-0.002519
2017-11-23,1.184,-0.003367
2017-11-24,1.186,0.001689
2017-11-27,1.185,-0.000843
2017-11-28,1.184,-0.000844
2017-11-29,1.185,0.000845
2017-11-30,1.184,-0.000844
2017-12-01,1.184,0.0
2017-12-04,1.185,0.000845
2017-12-05,1.186,0.000844
2017-12-06,1.185,-0.000843
2017-12-07,1.185,0.0
2017-12-08,1.186,0.000844
2017-12-11,1.186,0.0
2017-12-12,1.185,-0.000843
2017-12-13,1.185,0.0
2017-12-14,1.185,0.0
2017-12-15,1.185,0.0
2017-12-18,1.186,0.000844
2017-12-19,1.186,0.0
2017-12-20,1.186,0.0
2017-12-21,1.186,0.0
2017-12-22,1.187,0.000843
2017-12-25,1.188,0.000842
2017-12-26,1.189,0.000842
2017-12-27,1.178,-0.000841
2017-12-28,1.178,0.0
2017-12-29,1.179,0.000849
2017-12-31,1.179,0.0
2018-01-02,1.18,0.000848
2018-01-03,1.181,0.000847
2018-01-04,1.182,0.000847
2018-01-05,1.182,0.0
2018-01-08,1.183,0.000846
2018-01-09,1.183,0.0
2018-01-10,1.183,0.0
2018-01-11,1.182,-0.000845
2018-01-12,1.183,0.000846
2018-01-15,1.183,0.0
2018-01-16,1.184,0.000845
2018-01-17,1.184,0.0
2018-01-18,1.184,0.0
2018-01-19,1.185,0.000845
2018-01-22,1.187,0.001688
2018-01-23,1.187,0.0
2018-01-24,1.188,0.000842
2018-01-25,1.188,0.0
2018-01-26,1.188,0.0
2018-01-29,1.185,-0.002525
2018-01-30,1.185,0.0
2018-01-31,1.186,0.000844
2018-02-01,1.185,-0.000843
2018-02-02,1.189,0.003376
2018-02-05,1.195,0.005046
2018-02-06,1.192,-0.00251
2018-02-07,1.192,0.0
2018-02-08,1.19,-0.001678
2018-02-09,1.186,-0.0033610000000000003
2018-02-12,1.187,0.000843
2018-02-13,1.189,0.001685
2018-02-14,1.19,0.000841
2018-02-22,1.193,0.002521
2018-02-23,1.193,0.0
2018-02-26,1.194,0.000838
2018-02-27,1.194,0.0
2018-02-28,1.195,0.000838
2018-03-01,1.195,0.0
2018-03-02,1.194,-0.000837
2018-03-05,1.194,0.0
2018-03-06,1.195,0.000838
2018-03-07,1.195,0.0
2018-03-08,1.195,0.0
2018-03-09,1.196,0.000837
2018-03-12,1.197,0.0008359999999999999
2018-03-13,1.197,0.0
2018-03-14,1.196,-0.000835
2018-03-15,1.196,0.0
2018-03-16,1.196,0.0
2018-03-19,1.196,0.0
2018-03-20,1.197,0.0008359999999999999
2018-03-21,1.197,0.0
2018-03-22,1.197,0.0
2018-03-23,1.197,0.0
2018-03-26,1.197,0.0
2018-03-27,1.198,0.000835
2018-03-28,1.198,0.0
2018-03-29,1.198,0.0
2018-03-30,1.199,0.000835
2018-04-02,1.201,0.001668
2018-04-03,1.201,0.0
2018-04-04,1.201,0.0
2018-04-09,1.205,0.003331
2018-04-10,1.205,0.0
2018-04-11,1.205,0.0
2018-04-12,1.206,0.00083
2018-04-13,1.206,0.0
2018-04-16,1.207,0.000829
2018-04-17,1.206,-0.000829
2018-04-18,1.211,0.004146
2018-04-19,1.21,-0.000826
2018-04-20,1.209,-0.000826
2018-04-23,1.208,-0.0008269999999999999
2018-04-24,1.208,0.0
2018-04-25,1.209,0.000828
2018-04-26,1.209,0.0
2018-04-27,1.209,0.0
2018-05-02,1.21,0.0008269999999999999
2018-05-03,1.209,-0.000826
2018-05-04,1.209,0.0
2018-05-07,1.21,0.0008269999999999999
2018-05-08,1.21,0.0
2018-05-09,1.209,-0.000826
2018-05-10,1.208,-0.0008269999999999999
2018-05-11,1.207,-0.000828
2018-05-14,1.207,0.0
2018-05-15,1.207,0.0
2018-05-16,1.206,-0.000829
2018-05-17,1.206,0.0
2018-05-18,1.206,0.0
2018-05-21,1.206,0.0
2018-05-22,1.205,-0.000829
2018-05-23,1.206,0.00083
2018-05-24,1.206,0.0
2018-05-25,1.206,0.0
2018-05-28,1.206,0.0
2018-05-29,1.206,0.0
2018-05-30,1.206,0.0
2018-05-31,1.205,-0.000829
2018-06-01,1.205,0.0
2018-06-04,1.205,0.0
2018-06-05,1.204,-0.00083
2018-06-06,1.204,0.0
2018-06-07,1.203,-0.0008309999999999999
2018-06-08,1.203,0.0
2018-06-11,1.204,0.0008309999999999999
2018-06-12,1.203,-0.0008309999999999999
2018-06-13,1.203,0.0
2018-06-14,1.204,0.0008309999999999999
2018-06-15,1.205,0.0008309999999999999
2018-06-19,1.206,0.00083
2018-06-20,1.206,0.0
2018-06-21,1.207,0.000829
2018-06-22,1.207,0.0
2018-06-25,1.206,-0.000829
2018-06-26,1.206,0.0
2018-06-27,1.207,0.000829
2018-06-28,1.208,0.000829
2018-06-29,1.209,0.000828
2018-06-30,1.209,0.0
2018-07-02,1.212,0.0024809999999999997
2018-07-03,1.212,0.0
2018-07-04,1.212,0.0
2018-07-05,1.212,0.0
2018-07-06,1.213,0.000825
2018-07-09,1.213,0.0
2018-07-10,1.212,-0.000824
2018-07-11,1.213,0.000825
2018-07-12,1.213,0.0
2018-07-13,1.215,0.0016489999999999999
2018-07-16,1.216,0.000823
2018-07-17,1.215,-0.0008219999999999999
2018-07-18,1.215,0.0
2018-07-19,1.217,0.001646
2018-07-20,1.217,0.0
2018-07-23,1.218,0.0008219999999999999
2018-07-24,1.218,0.0
2018-07-25,1.22,0.0016420000000000002
2018-07-26,1.221,0.00082
2018-07-27,1.222,0.000819
2018-07-30,1.223,0.0008179999999999999
2018-07-31,1.224,0.0008179999999999999
2018-08-01,1.225,0.0008169999999999999
2018-08-02,1.226,0.0008160000000000001
2018-08-03,1.227,0.0008160000000000001
2018-08-06,1.228,0.0008150000000000001
2018-08-07,1.23,0.0016289999999999998
2018-08-08,1.231,0.0008129999999999999
2018-08-09,1.23,-0.0008119999999999999
2018-08-10,1.229,-0.0008129999999999999
2018-08-13,1.229,0.0
2018-08-14,1.227,-0.0016270000000000002
2018-08-15,1.227,0.0
2018-08-16,1.227,0.0
2018-08-17,1.226,-0.0008150000000000001
2018-08-20,1.225,-0.0008160000000000001
2018-08-21,1.225,0.0
2018-08-22,1.226,0.0008160000000000001
2018-08-23,1.227,0.0008160000000000001
2018-08-24,1.227,0.0
2018-08-27,1.228,0.0008150000000000001
2018-08-28,1.228,0.0
2018-08-29,1.228,0.0
2018-08-30,1.23,0.0016289999999999998
2018-08-31,1.23,0.0
2018-09-03,1.231,0.0008129999999999999
2018-09-04,1.231,0.0
2018-09-05,1.232,0.0008119999999999999
2018-09-06,1.232,0.0
2018-09-07,1.232,0.0
2018-09-10,1.233,0.0008119999999999999
2018-09-11,1.233,0.0
2018-09-12,1.232,-0.0008110000000000001
2018-09-13,1.233,0.0008119999999999999
2018-09-14,1.234,0.0008110000000000001
2018-09-17,1.234,0.0
2018-09-18,1.235,0.0008100000000000001
2018-09-19,1.235,0.0
2018-09-20,1.235,0.0
2018-09-21,1.235,0.0
2018-09-25,1.236,0.0008100000000000001
2018-09-26,1.236,0.0
2018-09-27,1.236,0.0
2018-09-28,1.237,0.000809
2018-10-08,1.24,0.002425
2018-10-09,1.24,0.0
2018-10-10,1.241,0.0008060000000000001
2018-10-11,1.242,0.0008060000000000001
2018-10-12,1.242,0.0
2018-10-15,1.243,0.000805
2018-10-16,1.243,0.0
2018-10-17,1.243,0.0
2018-10-18,1.244,0.000805
2018-10-19,1.245,0.000804
2018-10-22,1.245,0.0
2018-10-23,1.246,0.000803
2018-10-24,1.246,0.0
2018-10-25,1.247,0.000803
2018-10-26,1.247,0.0
2018-10-29,1.248,0.000802
2018-10-30,1.249,0.0008010000000000001
2018-10-31,1.249,0.0
2018-11-01,1.25,0.0008010000000000001
2018-11-02,1.249,-0.0008
2018-11-05,1.25,0.0008010000000000001
2018-11-06,1.251,0.0008
2018-11-07,1.251,0.0
2018-11-08,1.252,0.000799
2018-11-09,1.253,0.000799
2018-11-12,1.254,0.000798
2018-11-13,1.254,0.0
2018-11-14,1.256,0.001595
2018-11-15,1.256,0.0
2018-11-16,1.257,0.000796
2018-11-19,1.259,0.001591
2018-11-20,1.26,0.000794
2018-11-21,1.26,0.0
2018-11-22,1.26,0.0
2018-11-23,1.262,0.001587
2018-11-26,1.262,0.0
2018-11-27,1.262,0.0
2018-11-28,1.263,0.0007920000000000001
2018-11-29,1.263,0.0
2018-11-30,1.263,0.0
2018-12-03,1.265,0.0015840000000000001
2018-12-04,1.265,0.0
2018-12-05,1.266,0.000791
2018-12-06,1.267,0.00079
2018-12-07,1.268,0.000789
2018-12-10,1.268,0.0
2018-12-11,1.262,0.000237
2018-12-12,1.262,0.0
2018-12-13,1.262,0.0
2018-12-14,1.262,0.0
2018-12-17,1.262,0.0
2018-12-18,1.261,-0.0007920000000000001
2018-12-19,1.261,0.0
2018-12-20,1.262,0.000793
2018-12-21,1.262,0.0
2018-12-24,1.262,0.0
2018-12-25,1.262,0.0
2018-12-26,1.262,0.0
2018-12-27,1.262,0.0
2018-12-28,1.264,0.001585
2018-12-31,1.264,0.0
2019-01-02,1.265,0.000791
2019-01-03,1.266,0.000791
2019-01-04,1.267,0.00079
2019-01-07,1.268,0.000789
2019-01-08,1.27,0.001577
2019-01-09,1.27,0.0
2019-01-10,1.272,0.001575
2019-01-11,1.272,0.0
2019-01-14,1.272,0.0
2019-01-15,1.273,0.000786
2019-01-16,1.274,0.000786
2019-01-17,1.274,0.0
2019-01-18,1.274,0.0
2019-01-21,1.275,0.000785
2019-01-22,1.275,0.0
2019-01-23,1.275,0.0
2019-01-24,1.276,0.000784
2019-01-25,1.276,0.0
2019-01-28,1.275,-0.000784
2019-01-29,1.276,0.000784
2019-01-30,1.276,0.0
2019-01-31,1.277,0.000784
2019-02-01,1.278,0.000783
2019-02-11,1.28,0.001565
2019-02-12,1.281,0.000781
2019-02-13,1.282,0.000781
2019-02-14,1.283,0.00078
2019-02-15,1.283,0.0
2019-02-18,1.284,0.000779
2019-02-19,1.284,0.0
2019-02-20,1.284,0.0
2019-02-21,1.285,0.000779
2019-02-22,1.286,0.0007779999999999999
2019-02-25,1.289,0.002333
2019-02-26,1.287,-0.001552
2019-02-27,1.287,0.0
2019-02-28,1.287,0.0
2019-03-01,1.287,0.0
2019-03-04,1.287,0.0
2019-03-05,1.287,0.0
2019-03-06,1.286,-0.000777
2019-03-07,1.286,0.0
2019-03-08,1.285,-0.0007779999999999999
2019-03-11,1.287,0.0015559999999999999
2019-03-12,1.287,0.0
2019-03-13,1.287,0.0
2019-03-14,1.287,0.0
2019-03-15,1.287,0.0
2019-03-18,1.286,-0.000777
2019-03-19,1.288,0.001555
2019-03-20,1.288,0.0
2019-03-21,1.288,0.0
2019-03-22,1.288,0.0
2019-03-25,1.288,0.0
2019-03-26,1.288,0.0
2019-03-27,1.289,0.000776
2019-03-28,1.289,0.0
2019-03-29,1.29,0.000776
2019-04-01,1.29,0.0
2019-04-02,1.29,0.0
2019-04-03,1.29,0.0
2019-04-04,1.291,0.000775
2019-04-08,1.291,0.0
2019-04-09,1.289,-0.001549
2019-04-10,1.289,0.0
2019-04-11,1.288,-0.000776
2019-04-12,1.29,0.001553
2019-04-15,1.288,-0.00155
2019-04-16,1.288,0.0
2019-04-17,1.288,0.0
2019-04-18,1.289,0.000776
2019-04-19,1.289,0.0
2019-04-22,1.289,0.0
2019-04-23,1.288,-0.000776
2019-04-24,1.288,0.0
2019-04-25,1.288,0.0
2019-04-26,1.288,0.0
2019-04-29,1.288,0.0
2019-04-30,1.29,0.001553
2019-05-06,1.292,0.00155
2019-05-07,1.293,0.000774
2019-05-08,1.294,0.0007729999999999999
2019-05-09,1.295,0.0007729999999999999
2019-05-10,1.295,0.0
2019-05-13,1.296,0.000772
2019-05-14,1.297,0.000772
2019-05-15,1.298,0.000771
2019-05-16,1.298,0.0
2019-05-17,1.299,0.00077
2019-05-20,1.299,0.0
2019-05-21,1.299,0.0
2019-05-22,1.299,0.0
2019-05-23,1.299,0.0
2019-05-24,1.299,0.0
2019-05-27,1.299,0.0
2019-05-28,1.299,0.0
2019-05-29,1.299,0.0
2019-05-30,1.299,0.0
2019-05-31,1.3,0.00077
2019-06-03,1.301,0.0007689999999999999
2019-06-04,1.301,0.0
2019-06-05,1.301,0.0
2019-06-06,1.301,0.0
2019-06-10,1.302,0.0007689999999999999
2019-06-11,1.301,-0.0007679999999999999
2019-06-12,1.302,0.0007689999999999999
2019-06-13,1.301,-0.0007679999999999999
2019-06-14,1.301,0.0
2019-06-17,1.301,0.0
2019-06-18,1.301,0.0
2019-06-19,1.301,0.0
2019-06-20,1.303,0.001537
2019-06-21,1.303,0.0
2019-06-24,1.303,0.0
2019-06-25,1.304,0.000767
2019-06-26,1.304,0.0
2019-06-27,1.305,0.000767
2019-06-28,1.305,0.0
2019-06-30,1.305,0.0
2019-07-01,1.306,0.000766
2019-07-02,1.307,0.000766
2019-07-03,1.308,0.000765
2019-07-04,1.308,0.0
2019-07-05,1.308,0.0
2019-07-08,1.307,-0.000765
2019-07-09,1.307,0.0
2019-07-10,1.307,0.0
2019-07-11,1.307,0.0
2019-07-12,1.308,0.000765
2019-07-15,1.309,0.000765
2019-07-16,1.309,0.0
2019-07-17,1.309,0.0
2019-07-18,1.309,0.0
2019-07-19,1.309,0.0
2019-07-22,1.31,0.0007639999999999999
2019-07-23,1.31,0.0
2019-07-24,1.31,0.0
2019-07-25,1.31,0.0
2019-07-26,1.311,0.0007630000000000001
2019-07-29,1.311,0.0
2019-07-30,1.311,0.0
2019-07-31,1.312,0.0007630000000000001
2019-08-01,1.312,0.0
2019-08-02,1.314,0.0015240000000000002
2019-08-05,1.315,0.000761
2019-08-06,1.315,0.0
2019-08-07,1.316,0.0007599999999999999
2019-08-08,1.316,0.0
2019-08-09,1.316,0.0
2019-08-12,1.317,0.0007599999999999999
2019-08-13,1.317,0.0
2019-08-14,1.317,0.0
2019-08-15,1.318,0.0007589999999999999
2019-08-16,1.318,0.0
2019-08-19,1.319,0.0007589999999999999
2019-08-20,1.319,0.0
2019-08-21,1.319,0.0
2019-08-22,1.319,0.0
2019-08-23,1.319,0.0
2019-08-26,1.319,0.0
2019-08-27,1.319,0.0
2019-08-28,1.32,0.0007580000000000001
2019-08-29,1.32,0.0
2019-08-30,1.32,0.0
2019-09-02,1.32,0.0
2019-09-03,1.32,0.0
2019-09-04,1.321,0.0007580000000000001
2019-09-05,1.322,0.0007570000000000001
2019-09-06,1.322,0.0
2019-09-09,1.323,0.000756
2019-09-10,1.323,0.0
2019-09-11,1.323,0.0
2019-09-12,1.322,-0.000756
2019-09-16,1.323,0.000756
2019-09-17,1.322,-0.000756
2019-09-18,1.322,0.0
2019-09-19,1.322,0.0
2019-09-20,1.322,0.0
2019-09-23,1.322,0.0
2019-09-24,1.322,0.0
2019-09-25,1.322,0.0
2019-09-26,1.322,0.0
2019-09-27,1.322,0.0
2019-09-30,1.322,0.0
2019-10-08,1.324,0.0015129999999999998
2019-10-09,1.324,0.0
2019-10-10,1.323,-0.000755
2019-10-11,1.323,0.0
2019-10-14,1.323,0.0
2019-10-15,1.323,0.0
2019-10-16,1.323,0.0
2019-10-17,1.323,0.0
2019-10-18,1.323,0.0
2019-10-21,1.322,-0.000756
2019-10-22,1.322,0.0
2019-10-23,1.322,0.0
2019-10-24,1.322,0.0
2019-10-25,1.321,-0.000756
2019-10-28,1.319,-0.0015140000000000002
2019-10-29,1.319,0.0
2019-10-30,1.319,0.0
2019-10-31,1.319,0.0
2019-11-01,1.318,-0.0007580000000000001
2019-11-04,1.318,0.0
2019-11-05,1.319,0.0007589999999999999
2019-11-06,1.319,0.0
2019-11-07,1.319,0.0
2019-11-08,1.319,0.0
2019-11-11,1.32,0.0007580000000000001
2019-11-12,1.32,0.0
2019-11-13,1.32,0.0
2019-11-14,1.32,0.0
2019-11-15,1.321,0.0007580000000000001
2019-11-18,1.322,0.0007570000000000001
2019-11-19,1.322,0.0
2019-11-20,1.323,0.000756
2019-11-21,1.323,0.0
2019-11-22,1.323,0.0
2019-11-25,1.324,0.000756
2019-11-26,1.325,0.000755
2019-11-27,1.325,0.0
2019-11-28,1.326,0.000755
2019-11-29,1.326,0.0
2019-12-02,1.327,0.0007539999999999999
2019-12-03,1.327,0.0
2019-12-04,1.327,0.0
2019-12-05,1.327,0.0
2019-12-06,1.327,0.0
2019-12-09,1.327,0.0
2019-12-10,1.328,0.0007539999999999999
2019-12-11,1.328,0.0
2019-12-12,1.329,0.0007530000000000001
2019-12-13,1.329,0.0
2019-12-16,1.329,0.0
2019-12-17,1.329,0.0
2019-12-18,1.329,0.0
2019-12-19,1.329,0.0
2019-12-20,1.33,0.0007520000000000001
2019-12-23,1.291,0.000602
2019-12-24,1.29,-0.000775
2019-12-25,1.291,0.000775
2019-12-26,1.291,0.0
2019-12-27,1.291,0.0
2019-12-30,1.292,0.000775
2019-12-31,1.292,0.0
2020-01-02,1.292,0.0
2020-01-03,1.293,0.000774
2020-01-06,1.293,0.0
2020-01-07,1.294,0.0007729999999999999
2020-01-08,1.294,0.0
2020-01-09,1.294,0.0
2020-01-10,1.294,0.0
2020-01-13,1.295,0.0007729999999999999
2020-01-14,1.295,0.0
2020-01-15,1.295,0.0
2020-01-16,1.296,0.000772
2020-01-17,1.296,0.0
2020-01-20,1.297,0.000772
2020-01-21,1.297,0.0
2020-01-22,1.297,0.0
2020-01-23,1.297,0.0
2020-02-03,1.302,0.003855
2020-02-04,1.302,0.0
2020-02-05,1.302,0.0
2020-02-06,1.302,0.0
2020-02-07,1.303,0.0007679999999999999
2020-02-10,1.304,0.000767
2020-02-11,1.303,-0.000767
2020-02-12,1.304,0.000767
2020-02-13,1.304,0.0
2020-02-14,1.304,0.0
2020-02-17,1.305,0.000767
2020-02-18,1.306,0.000766
2020-02-19,1.306,0.0
2020-02-20,1.306,0.0
2020-02-21,1.307,0.000766
2020-02-24,1.308,0.000765
2020-02-25,1.308,0.0
2020-02-26,1.309,0.000765
2020-02-27,1.31,0.0007639999999999999
2020-02-28,1.31,0.0
2020-03-02,1.31,0.0
2020-03-03,1.31,0.0
2020-03-04,1.311,0.0007630000000000001
2020-03-05,1.311,0.0
2020-03-06,1.313,0.0015260000000000002
2020-03-09,1.313,0.0
2020-03-10,1.312,-0.0007620000000000001
2020-03-11,1.311,-0.0007620000000000001
2020-03-12,1.311,0.0
2020-03-13,1.308,-0.002288
2020-03-16,1.307,-0.000765
2020-03-17,1.306,-0.000765
2020-03-18,1.306,0.0
2020-03-19,1.305,-0.000766
2020-03-20,1.306,0.000766
2020-03-23,1.308,0.0015310000000000002
2020-03-24,1.308,0.0
2020-03-25,1.308,0.0
2020-03-26,1.308,0.0
2020-03-27,1.309,0.000765
2020-03-30,1.309,0.0
2020-03-31,1.309,0.0
2020-04-01,1.31,0.0007639999999999999
2020-04-02,1.31,0.0
2020-04-03,1.31,0.0
2020-04-07,1.313,0.00229
2020-04-08,1.313,0.0
2020-04-09,1.313,0.0
2020-04-10,1.313,0.0
2020-04-13,1.313,0.0
2020-04-14,1.313,0.0
2020-04-15,1.313,0.0
2020-04-16,1.314,0.0007620000000000001
2020-04-17,1.314,0.0
2020-04-20,1.313,-0.000761
2020-04-21,1.313,0.0
2020-04-22,1.313,0.0
2020-04-23,1.314,0.0007620000000000001
2020-04-24,1.315,0.000761
2020-04-27,1.315,0.0
2020-04-28,1.316,0.0007599999999999999
2020-04-29,1.316,0.0
2020-04-30,1.316,0.0
2020-05-06,1.315,-0.0007599999999999999
2020-05-07,1.314,-0.0007599999999999999
2020-05-08,1.313,-0.000761
2020-05-11,1.311,-0.0015229999999999998
2020-05-12,1.311,0.0
2020-05-13,1.31,-0.0007630000000000001
2020-05-14,1.31,0.0
2020-05-15,1.31,0.0
2020-05-18,1.31,0.0
2020-05-19,1.309,-0.0007630000000000001
2020-05-20,1.309,0.0
2020-05-21,1.309,0.0
2020-05-22,1.31,0.0007639999999999999
2020-05-25,1.308,-0.001527
2020-05-26,1.305,-0.002294
2020-05-27,1.305,0.0
2020-05-28,1.304,-0.000766
2020-05-29,1.304,0.0
2020-06-01,1.305,0.000767
2020-06-02,1.302,-0.002299
2020-06-03,1.299,-0.002304
2020-06-04,1.299,0.0
2020-06-05,1.297,-0.00154
2020-06-08,1.296,-0.000771
2020-06-09,1.299,0.0023150000000000002
2020-06-10,1.3,0.00077
2020-06-11,1.3,0.0
2020-06-12,1.301,0.0007689999999999999
2020-06-15,1.302,0.0007689999999999999
2020-06-16,1.301,-0.0007679999999999999
2020-06-17,1.301,0.0
2020-06-18,1.301,0.0
2020-06-19,1.301,0.0
2020-06-22,1.3,-0.0007689999999999999
2020-06-23,1.299,-0.0007689999999999999
2020-06-24,1.299,0.0
2020-06-29,1.3,0.00077
2020-06-30,1.3,0.0
2020-07-01,1.3,0.0
2020-07-02,1.301,0.0007689999999999999
2020-07-03,1.301,0.0
2020-07-06,1.3,-0.0007689999999999999
2020-07-07,1.298,-0.0015379999999999999
2020-07-08,1.298,0.0
2020-07-09,1.294,-0.0030819999999999997
2020-07-10,1.293,-0.0007729999999999999
2020-07-13,1.291,-0.001547
2020-07-14,1.291,0.0
2020-07-15,1.291,0.0
2020-07-16,1.291,0.0
2020-07-17,1.291,0.0
2020-07-20,1.292,0.000775
2020-07-21,1.293,0.000774
2020-07-22,1.294,0.0007729999999999999
2020-07-23,1.294,0.0
2020-07-24,1.296,0.0015459999999999998
2020-07-27,1.296,0.0
2020-07-28,1.296,0.0
2020-07-29,1.296,0.0
2020-07-30,1.296,0.0
2020-07-31,1.295,-0.000772
2020-08-03,1.296,0.000772
2020-08-04,1.296,0.0
2020-08-05,1.296,0.0
2020-08-06,1.297,0.000772
2020-08-07,1.296,-0.000771
2020-08-10,1.297,0.000772
2020-08-11,1.296,-0.000771
2020-08-12,1.296,0.0
2020-08-13,1.297,0.000772
2020-08-14,1.297,0.0
2020-08-17,1.299,0.001542
2020-08-18,1.299,0.0
2020-08-19,1.298,-0.00077
2020-08-20,1.298,0.0
2020-08-21,1.298,0.0
2020-08-24,1.298,0.0
2020-08-25,1.297,-0.0008
2020-08-26,1.296,-0.0008
2020-08-27,1.295,-0.0008
2020-08-28,1.295,0.0
2020-08-31,1.295,0.0
2020-09-01,1.295,0.0
2020-09-02,1.294,-0.0008
2020-09-03,1.294,0.0
2020-09-04,1.293,-0.0008
2020-09-07,1.293,0.0
2020-09-08,1.292,-0.0008
2020-09-09,1.293,0.0008
2020-09-10,1.293,0.0
2020-09-11,1.293,0.0
2020-09-14,1.293,0.0
2020-09-15,1.294,0.0008
2020-09-16,1.294,0.0
2020-09-17,1.294,0.0
2020-09-18,1.294,0.0
2020-09-21,1.295,0.0008
2020-09-22,1.295,0.0
2020-09-23,1.295,0.0
2020-09-24,1.296,0.0008
2020-09-25,1.296,0.0
2020-09-28,1.296,0.0
2020-09-29,1.296,0.0
2020-09-30,1.296,0.0
2020-10-09,1.297,0.0008
2020-10-12,1.297,0.0
2020-10-13,1.297,0.0
2020-10-14,1.297,0.0
2020-10-15,1.297,0.0
2020-10-16,1.298,0.0008
2020-10-19,1.298,0.0
2020-10-20,1.299,0.0008
2020-10-21,1.299,0.0
2020-10-22,1.299,0.0
2020-10-23,1.299,0.0
2020-10-26,1.3,0.0008
2020-10-27,1.3,0.0
2020-10-28,1.299,-0.0008
2020-10-29,1.299,0.0
2020-10-30,1.299,0.0
2020-11-02,1.3,0.0008
2020-11-03,1.3,0.0
2020-11-04,1.3,0.0
2020-11-05,1.3,0.0
2020-11-06,1.3,0.0
2020-11-09,1.3,0.0
2020-11-10,1.298,-0.0015
2020-11-11,1.296,-0.0015
2020-11-12,1.294,-0.0015
2020-11-13,1.293,-0.0008
2020-11-16,1.293,0.0
2020-11-17,1.292,-0.0008
2020-11-18,1.291,-0.0008
2020-11-19,1.287,-0.0031
2020-11-20,1.283,-0.0031
2020-11-23,1.272,-0.0086
2020-11-24,1.274,0.0016
2020-11-25,1.274,0.0
2020-11-26,1.274,0.0
2020-11-27,1.274,0.0
2020-11-30,1.275,0.0008
2020-12-01,1.275,0.0
2020-12-02,1.275,0.0
2020-12-03,1.276,0.0008
2020-12-04,1.276,0.0
2020-12-07,1.276,0.0
2020-12-08,1.277,0.0008
2020-12-09,1.278,0.0008
2020-12-10,1.279,0.0008
2020-12-11,1.279,0.0
2020-12-14,1.279,0.0
2020-12-15,1.279,0.0
2020-12-16,1.28,0.0008
2020-12-17,1.28,0.0
2020-12-18,1.28,0.0
2020-12-21,1.28,0.0
2020-12-22,1.281,0.0008
2020-12-23,1.281,0.0
2020-12-24,1.281,0.0
2020-12-25,1.281,0.0
2020-12-28,1.282,0.0008
2020-12-29,1.282,0.0
2020-12-30,1.282,0.0
2020-12-31,1.282,0.0
2021-01-04,1.283,0.0008
2021-01-05,1.283,0.0
2021-01-06,1.285,0.0016
2021-01-07,1.285,0.0
2021-01-08,1.285,0.0
2021-01-11,1.285,0.0
2021-01-12,1.285,0.0
2021-01-13,1.286,0.0008
2021-01-14,1.286,0.0
2021-01-15,1.286,0.0
2021-01-18,1.286,0.0
2021-01-19,1.286,0.0
2021-01-20,1.286,0.0
2021-01-21,1.286,0.0
2021-01-22,1.287,0.0008
2021-01-25,1.287,0.0
2021-01-26,1.285,-0.0016
2021-01-27,1.285,0.0
2021-01-28,1.284,-0.0008
2021-01-29,1.284,0.0
2021-02-01,1.285,0.0008
2021-02-02,1.285,0.0
2021-02-03,1.285,0.0
2021-02-04,1.285,0.0
2021-02-05,1.285,0.0
2021-02-08,1.285,0.0
2021-02-09,1.285,0.0
2021-02-10,1.285,0.0
2021-02-18,1.286,0.0008
2021-02-19,1.286,0.0
2021-02-22,1.287,0.0008
2021-02-23,1.287,0.0
2021-02-24,1.287,0.0
2021-02-25,1.287,0.0
2021-02-26,1.287,0.0
2021-03-01,1.288,0.0008
2021-03-02,1.289,0.0008
2021-03-03,1.289,0.0
2021-03-04,1.289,0.0
2021-03-05,1.289,0.0
2021-03-08,1.29,0.0008
2021-03-09,1.29,0.0
2021-03-10,1.292,0.0016
2021-03-11,1.291,-0.0008
2021-03-12,1.291,0.0
2021-03-15,1.291,0.0
2021-03-16,1.291,0.0
2021-03-17,1.291,0.0
2021-03-18,1.291,0.0
2021-03-19,1.291,0.0
2021-03-22,1.292,0.0008
2021-03-23,1.292,0.0
2021-03-24,1.292,0.0
2021-03-25,1.292,0.0
2021-03-26,1.292,0.0
2021-03-29,1.292,0.0
2021-03-30,1.292,0.0
2021-03-31,1.292,0.0
2021-04-01,1.292,0.0
2021-04-02,1.291,-0.0008
2021-04-06,1.291,0.0
2021-04-07,1.291,0.0
2021-04-08,1.292,0.0008
2021-04-09,1.292,0.0
2021-04-12,1.292,0.0
2021-04-13,1.292,0.0
2021-04-14,1.294,0.0015
2021-04-15,1.293,-0.0008
2021-04-16,1.294,0.0008
2021-04-19,1.294,0.0
2021-04-20,1.294,0.0
2021-04-21,1.294,0.0
2021-04-22,1.295,0.0008
2021-04-23,1.295,0.0
2021-04-26,1.295,0.0
2021-04-27,1.295,0.0
2021-04-28,1.295,0.0
2021-04-29,1.295,0.0
2021-04-30,1.296,0.0008
2021-05-06,1.298,0.0015
2021-05-07,1.299,0.0008
2021-05-10,1.301,0.0015
2021-05-11,1.302,0.0008
2021-05-12,1.302,0.0
2021-05-13,1.302,0.0
2021-05-14,1.302,0.0
2021-05-17,1.302,0.0
2021-05-18,1.302,0.0
2021-05-19,1.303,0.0008
2021-05-20,1.303,0.0
2021-05-21,1.302,-0.0008
2021-05-24,1.303,0.0008
2021-05-25,1.303,0.0
2021-05-26,1.303,0.0
2021-05-27,1.304,0.0008
2021-05-28,1.304,0.0
2021-05-31,1.304,0.0
2021-06-01,1.304,0.0
2021-06-02,1.304,0.0
2021-06-03,1.304,0.0
2021-06-04,1.304,0.0
2021-06-07,1.304,0.0
2021-06-08,1.304,0.0
2021-06-09,1.304,0.0
2021-06-10,1.304,0.0
2021-06-11,1.304,0.0
2021-06-15,1.304,0.0
2021-06-16,1.304,0.0
2021-06-17,1.304,0.0
2021-06-18,1.305,0.0008
2021-06-21,1.305,0.0
2021-06-22,1.305,0.0
2021-06-23,1.305,0.0
2021-06-24,1.305,0.0
2021-06-25,1.306,0.0008
2021-06-28,1.306,0.0
2021-06-29,1.306,0.0
2021-06-30,1.306,0.0
2021-07-01,1.307,0.0008
2021-07-02,1.307,0.0
2021-07-05,1.308,0.0008
2021-07-06,1.309,0.0008
2021-07-07,1.308,-0.0008
2021-07-08,1.309,0.0008
2021-07-09,1.309,0.0
2021-07-12,1.31,0.0008
2021-07-13,1.31,0.0
2021-07-14,1.311,0.0008
2021-07-15,1.311,0.0
2021-07-16,1.311,0.0
2021-07-19,1.312,0.0008
2021-07-20,1.312,0.0
2021-07-21,1.312,0.0
2021-07-22,1.313,0.0008
2021-07-23,1.313,0.0
2021-07-26,1.313,0.0
2021-07-27,1.313,0.0
2021-07-28,1.313,0.0
2021-07-29,1.314,0.0008
2021-07-30,1.314,0.0
2021-08-02,1.314,0.0
2021-08-03,1.315,0.0008
2021-08-04,1.315,0.0
2021-08-05,1.315,0.0
2021-08-06,1.315,0.0
2021-08-09,1.316,0.0008
2021-08-10,1.316,0.0
2021-08-11,1.316,0.0
2021-08-12,1.316,0.0
2021-08-13,1.317,0.0008
2021-08-16,1.317,0.0
2021-08-17,1.317,0.0
2021-08-18,1.318,0.0008
2021-08-19,1.318,0.0
2021-08-20,1.318,0.0
2021-08-23,1.318,0.0
2021-08-24,1.318,0.0
2021-08-25,1.319,0.0008
2021-08-26,1.318,-0.0008
2021-08-27,1.32,0.0015
2021-08-30,1.32,0.0
2021-08-31,1.319,-0.0008
2021-09-01,1.319,0.0
2021-09-02,1.319,0.0
2021-09-03,1.319,0.0
2021-09-06,1.319,0.0
2021-09-07,1.319,0.0
2021-09-08,1.32,0.0008
2021-09-09,1.319,-0.0008
2021-09-10,1.319,0.0
2021-09-13,1.32,0.0008
2021-09-14,1.319,-0.0008
2021-09-15,1.32,0.0008
2021-09-16,1.319,-0.0008
2021-09-17,1.319,0.0
2021-09-22,1.32,0.0008
2021-09-23,1.32,0.0
2021-09-24,1.32,0.0
2021-09-27,1.32,0.0
2021-09-28,1.319,-0.0008
2021-09-29,1.32,0.0008
2021-09-30,1.32,0.0
2021-10-08,1.321,0.0008
2021-10-11,1.321,0.0
2021-10-12,1.321,0.0
2021-10-13,1.321,0.0
2021-10-14,1.321,0.0
2021-10-15,1.321,0.0
2021-10-18,1.321,0.0
2021-10-19,1.321,0.0
2021-10-20,1.322,0.0008
2021-10-21,1.303,0.0
2021-10-22,1.303,0.0
2021-10-25,1.304,0.0008
2021-10-26,1.304,0.0
2021-10-27,1.304,0.0
2021-10-28,1.304,0.0
2021-10-29,1.305,0.0008
2021-11-01,1.305,0.0
2021-11-02,1.306,0.0008
2021-11-03,1.306,0.0
2021-11-04,1.306,0.0
2021-11-05,1.306,0.0
2021-11-08,1.307,0.0008
2021-11-09,1.307,0.0
2021-11-10,1.307,0.0
2021-11-11,1.307,0.0
2021-11-12,1.307,0.0
2021-11-15,1.308,0.0008
2021-11-16,1.308,0.0
2021-11-17,1.308,0.0
2021-11-18,1.309,0.0008
2021-11-19,1.309,0.0
2021-11-22,1.309,0.0
2021-11-23,1.31,0.0008
2021-11-24,1.31,0.0
2021-11-25,1.31,0.0
2021-11-26,1.31,0.0
2021-11-29,1.311,0.0008
2021-11-30,1.311,0.0
2021-12-01,1.311,0.0
2021-12-02,1.311,0.0
2021-12-03,1.311,0.0
2021-12-06,1.312,0.0008
2021-12-07,1.312,0.0
2021-12-08,1.312,0.0
2021-12-09,1.312,0.0
2021-12-10,1.312,0.0
2021-12-13,1.313,0.0008
2021-12-14,1.313,0.0
2021-12-15,1.313,0.0
2021-12-16,1.313,0.0
2021-12-17,1.313,0.0
2021-12-20,1.313,0.0
2021-12-21,1.314,0.0008
2021-12-22,1.314,0.0
2021-12-23,1.314,0.0
2021-12-24,1.314,0.0
2021-12-27,1.314,0.0
2021-12-28,1.314,0.0
2021-12-29,1.315,0.0008
2021-12-30,1.315,0.0
2021-12-31,1.315,0.0
2022-01-04,1.316,0.0008
2022-01-05,1.316,0.0
2022-01-06,1.316,0.0
2022-01-07,1.317,0.0008
2022-01-10,1.317,0.0
2022-01-11,1.318,0.0008
2022-01-12,1.318,0.0
2022-01-13,1.318,0.0
2022-01-14,1.318,0.0
2022-01-17,1.319,0.0008
2022-01-18,1.319,0.0
2022-01-19,1.32,0.0008
2022-01-20,1.321,0.0008
2022-01-21,1.322,0.0008
2022-01-24,1.323,0.0008
2022-01-25,1.323,0.0
2022-01-26,1.323,0.0
2022-01-27,1.322,-0.0008
2022-01-28,1.323,0.0008
2022-02-07,1.324,0.0008
2022-02-08,1.324,0.0
2022-02-09,1.325,0.0008
2022-02-10,1.325,0.0
2022-02-11,1.325,0.0
2022-02-14,1.325,0.0
2022-02-15,1.325,0.0
2022-02-16,1.325,0.0
2022-02-17,1.325,0.0
2022-02-18,1.325,0.0
2022-02-21,1.325,0.0
2022-02-22,1.325,0.0
2022-02-23,1.325,0.0
2022-02-24,1.325,0.0
2022-02-25,1.325,0.0
2022-02-28,1.272,0.0
2022-03-01,1.272,0.0
2022-03-02,1.272,0.0
2022-03-03,1.272,0.0
2022-03-04,1.272,0.0
2022-03-07,1.272,0.0
2022-03-08,1.272,0.0
2022-03-09,1.271,-0.0008
2022-03-10,1.271,0.0
2022-03-11,1.271,0.0
2022-03-14,1.272,0.0008
2022-03-15,1.271,-0.0008
2022-03-16,1.271,0.0
2022-03-17,1.271,0.0
2022-03-18,1.271,0.0
2022-03-21,1.271,0.0
2022-03-22,1.271,0.0
2022-03-23,1.271,0.0
2022-03-24,1.271,0.0
2022-03-25,1.271,0.0
2022-03-28,1.272,0.0008
2022-03-29,1.272,0.0
2022-03-30,1.272,0.0
2022-03-31,1.273,0.0008
2022-04-01,1.273,0.0
2022-04-06,1.274,0.0008
2022-04-07,1.275,0.0008
2022-04-08,1.275,0.0
2022-04-11,1.276,0.0008
2022-04-12,1.276,0.0
2022-04-13,1.276,0.0
2022-04-14,1.277,0.0008
2022-04-15,1.277,0.0
2022-04-18,1.277,0.0
2022-04-19,1.278,0.0008
2022-04-20,1.278,0.0
2022-04-21,1.278,0.0
2022-04-22,1.278,0.0
2022-04-25,1.279,0.0008
2022-04-26,1.279,0.0
2022-04-27,1.279,0.0
2022-04-28,1.279,0.0
2022-04-29,1.28,0.0008
2022-05-05,1.28,0.0
2022-05-06,1.28,0.0
2022-05-09,1.281,0.0008
2022-05-10,1.281,0.0
2022-05-11,1.281,0.0
2022-05-12,1.282,0.0008
2022-05-13,1.282,0.0
2022-05-16,1.283,0.0008
2022-05-17,1.283,0.0
2022-05-18,1.283,0.0
2022-05-19,1.284,0.0008
2022-05-20,1.284,0.0
2022-05-23,1.284,0.0
2022-05-24,1.284,0.0
2022-05-25,1.284,0.0
2022-05-26,1.285,0.0008
2022-05-27,1.285,0.0
2022-05-30,1.285,0.0
2022-05-31,1.285,0.0
2022-06-01,1.285,0.0
2022-06-02,1.284,-0.0008
2022-06-06,1.284,0.0
2022-06-07,1.283,-0.0008
2022-06-08,1.283,0.0
2022-06-09,1.283,0.0
2022-06-10,1.284,0.0008
2022-06-13,1.284,0.0
2022-06-14,1.284,0.0
2022-06-15,1.284,0.0
2022-06-16,1.285,0.0008
2022-06-17,1.285,0.0
2022-06-20,1.285,0.0
2022-06-21,1.285,0.0
2022-06-22,1.285,0.0
2022-06-23,1.286,0.0008
2022-06-24,1.286,0.0
2022-06-27,1.286,0.0
2022-06-28,1.286,0.0
2022-06-29,1.286,0.0
2022-06-30,1.286,0.0
2022-07-01,1.286,0.0
2022-07-04,1.286,0.0
2022-07-05,1.286,0.0
2022-07-06,1.286,0.0
2022-07-07,1.286,0.0
2022-07-08,1.287,0.0008
2022-07-11,1.287,0.0
2022-07-12,1.287,0.0
2022-07-13,1.287,0.0
2022-07-14,1.288,0.0008
2022-07-15,1.288,0.0
2022-07-18,1.288,0.0
2022-07-19,1.289,0.0008
2022-07-20,1.289,0.0
2022-07-21,1.289,0.0
2022-07-22,1.29,0.0008
2022-07-25,1.29,0.0
2022-07-26,1.29,0.0
2022-07-27,1.29,0.0
2022-07-28,1.2903,0.0002
2022-07-29,1.2907,0.0003
2022-08-01,1.2913,0.0005
2022-08-02,1.2918,0.0004
2022-08-03,1.2921,0.0002
2022-08-04,1.2925,0.0003
2022-08-05,1.2927,0.0002
2022-08-08,1.293,0.0002
2022-08-09,1.2929,-0.0001
2022-08-10,1.2929,0.0
2022-08-11,1.2929,0.0
2022-08-12,1.2928,-0.0001
2022-08-15,1.2933,0.0004
2022-08-16,1.2941,0.0006
2022-08-17,1.2943,0.0002
2022-08-18,1.2944,0.0001
2022-08-19,1.2943,-0.0001
2022-08-22,1.2946,0.0002
2022-08-23,1.2946,0.0
2022-08-24,1.2945,-0.0001
2022-08-25,1.2944,-0.0001
2022-08-26,1.2942,-0.0002
2022-08-29,1.2943,0.0001
2022-08-30,1.2944,0.0001
2022-08-31,1.2944,0.0
2022-09-01,1.2945,0.0001
2022-09-02,1.2947,0.0002
2022-09-05,1.2949,0.0002
2022-09-06,1.2951,0.0002
2022-09-07,1.2951,0.0
2022-09-08,1.2952,0.0001
2022-09-09,1.2953,0.0001
2022-09-13,1.2955,0.0002
2022-09-14,1.2955,0.0
2022-09-15,1.2956,0.0001
2022-09-16,1.2956,0.0
2022-09-19,1.2956,0.0
2022-09-20,1.2957,0.0001
2022-09-21,1.2959,0.0002
2022-09-22,1.2959,0.0
2022-09-23,1.2957,-0.0002
2022-09-26,1.2957,0.0
2022-09-27,1.2955,-0.0002
2022-09-28,1.2954,-0.0001
2022-09-29,1.2954,0.0
2022-09-30,1.2954,0.0
2022-10-10,1.2961,0.0005
2022-10-11,1.2962,0.0001
2022-10-12,1.2963,0.0001
2022-10-13,1.2964,0.0001
2022-10-14,1.2965,0.0001
2022-10-17,1.2977,0.0009
2022-10-18,1.2979,0.0002
2022-10-19,1.298,0.0001
2022-10-20,1.2981,0.0001
2022-10-21,1.2981,0.0
2022-10-24,1.2982,0.0001
2022-10-25,1.2981,-0.0001
2022-10-26,1.2985,0.0003
2022-10-27,1.2998,0.001
2022-10-28,1.3002,0.0003
2022-10-31,1.3004,0.0002
2022-11-01,1.3011,0.0005
2022-11-02,1.3012,0.0001
2022-11-03,1.3012,0.0
2022-11-04,1.3014,0.0002
2022-11-07,1.3015,0.0001
2022-11-08,1.3013,-0.0002
2022-11-09,1.3015,0.0002
2022-11-10,1.3017,0.0002
2022-11-11,1.3011,-0.0005
2022-11-14,1.2999,-0.0009
2022-11-15,1.2992,-0.0005
2022-11-16,1.2983,-0.0007000000000000001
2022-11-17,1.2981,-0.0002
2022-11-18,1.2986,0.0004
2022-11-21,1.2998,0.0009
2022-11-22,1.2999,0.0001
2022-11-23,1.3,0.0001
2022-11-24,1.301,0.0008
2022-11-25,1.3011,0.0001
2022-11-28,1.3011,0.0
2022-11-29,1.2999,-0.0009
2022-11-30,1.2995,-0.0003
2022-12-01,1.2994,-0.0001
2022-12-02,1.2994,0.0
2022-12-05,1.2994,0.0
2022-12-06,1.2986,-0.0006
2022-12-07,1.2977,-0.0007000000000000001
2022-12-08,1.2977,0.0
2022-12-09,1.2974,-0.0002
2022-12-12,1.2971,-0.0002
2022-12-13,1.2963,-0.0006
2022-12-14,1.2963,0.0
2022-12-15,1.2964,0.0001
2022-12-16,1.2963,-0.0001
2022-12-19,1.2966,0.0002
2022-12-20,1.2965,-0.0001
2022-12-21,1.2967,0.0002
2022-12-22,1.2972,0.0004
2022-12-23,1.2979,0.0005
2022-12-26,1.2984,0.0004
2022-12-27,1.2983,-0.0001
2022-12-28,1.2984,0.0001
2022-12-29,1.2988,0.0003
2022-12-30,1.2994,0.0005
2022-12-31,1.2995,0.0001
2023-01-03,1.3001,0.0005
2023-01-04,1.3008,0.0005
2023-01-05,1.3013,0.0004
2023-01-06,1.301,-0.0002
2023-01-09,1.3014,0.0003
2023-01-10,1.3013,-0.0001
2023-01-11,1.3011,-0.0002
2023-01-12,1.3018,0.0005
2023-01-13,1.3021,0.0002
2023-01-16,1.302,-0.0001
2023-01-17,1.3025,0.0004
2023-01-18,1.3026,0.0001
2023-01-19,1.3027,0.0001
2023-01-20,1.3029,0.0002
2023-01-30,1.3043,0.0011
2023-01-31,1.3045,0.0002
2023-02-01,1.3048,0.0002
2023-02-02,1.3053,0.0004
2023-02-03,1.3061,0.0006
2023-02-06,1.3066,0.0004
2023-02-07,1.3068,0.0002
2023-02-08,1.307,0.0002
2023-02-09,1.3073,0.0002
2023-02-10,1.3077,0.0003
2023-02-13,1.3083,0.0005
2023-02-14,1.3087,0.0003
2023-02-15,1.3092,0.0004
2023-02-16,1.3098,0.0005
2023-02-17,1.3101,0.0002
2023-02-20,1.3097,-0.0003
2023-02-21,1.3092,-0.0004
2023-02-22,1.3096,0.0003
2023-02-23,1.3098,0.0002
2023-02-24,1.3061,0.0002
2023-02-27,1.3065,0.0003
2023-02-28,1.3067,0.0002
2023-03-01,1.307,0.0002
2023-03-02,1.3072,0.0002
2023-03-03,1.3074,0.0002
2023-03-06,1.3082,0.0006
2023-03-07,1.3085,0.0002
2023-03-08,1.3089,0.0003
2023-03-09,1.3091,0.0002
2023-03-10,1.3096,0.0004
2023-03-13,1.3098,0.0002
2023-03-14,1.31,0.0002
2023-03-15,1.3102,0.0002
2023-03-16,1.3104,0.0002
2023-03-17,1.3105,0.0001
2023-03-20,1.311,0.0004
2023-03-21,1.3112,0.0002
2023-03-22,1.3114,0.0002
2023-03-23,1.3117,0.0002
2023-03-24,1.3115,-0.0002
2023-03-27,1.3119,0.0003
2023-03-28,1.312,0.0001
2023-03-29,1.312,0.0
2023-03-30,1.3121,0.0001
2023-03-31,1.3124,0.0002
2023-04-03,1.3128,0.0003
2023-04-04,1.313,0.0002
2023-04-06,1.3131,0.0001
2023-04-07,1.3133,0.0002
2023-04-10,1.3136,0.0002
2023-04-11,1.3137,0.0001
2023-04-12,1.3139,0.0002
2023-04-13,1.314,0.0001
2023-04-14,1.3142,0.0002
2023-04-17,1.3144,0.0002
2023-04-18,1.3145,0.0001
2023-04-19,1.3146,0.0001
2023-04-20,1.3146,0.0
2023-04-21,1.3148,0.0002
2023-04-24,1.3152,0.0003
2023-04-25,1.3153,0.0001
2023-04-26,1.3155,0.0002
2023-04-27,1.3157,0.0002
2023-04-28,1.3158,0.0001
2023-05-04,1.3165,0.0005
2023-05-05,1.3169,0.0003
2023-05-08,1.3174,0.0004
2023-05-09,1.3176,0.0002
2023-05-10,1.3179,0.0002
2023-05-11,1.3182,0.0002
2023-05-12,1.3184,0.0002
2023-05-15,1.3187,0.0002
2023-05-16,1.3188,0.0001
2023-05-17,1.3189,0.0001
2023-05-18,1.3189,0.0
2023-05-19,1.3191,0.0002
2023-05-22,1.3195,0.0003
2023-05-23,1.3198,0.0002
2023-05-24,1.3199,0.0001
2023-05-25,1.3199,0.0
2023-05-26,1.3199,0.0
2023-05-29,1.3202,0.0002
2023-05-30,1.3204,0.0002
2023-05-31,1.3205,0.0001
2023-06-01,1.3207,0.0002
2023-06-02,1.3207,0.0
2023-06-05,1.3211,0.0003
2023-06-06,1.3212,0.0001
2023-06-07,1.3214,0.0002
2023-06-08,1.3214,0.0
2023-06-09,1.3216,0.0002
2023-06-12,1.322,0.0003
2023-06-13,1.3222,0.0002
2023-06-14,1.3224,0.0002
2023-06-15,1.3224,0.0
2023-06-16,1.3222,-0.0002
2023-06-19,1.3221,-0.0001
2023-06-20,1.3221,0.0
2023-06-21,1.3222,0.0001
2023-06-26,1.3226,0.0003
2023-06-27,1.3225,-0.0001
2023-06-28,1.3226,0.0001
2023-06-29,1.3227,0.0001
2023-06-30,1.3232,0.0004
2023-07-03,1.3235,0.0002
2023-07-04,1.3237,0.0002
2023-07-05,1.3239,0.0002
2023-07-06,1.3242,0.0002
2023-07-07,1.3245,0.0002
2023-07-10,1.3248,0.0002
2023-07-11,1.3251,0.0002
2023-07-12,1.3252,0.0001
2023-07-13,1.3253,0.0001
2023-07-14,1.3254,0.0001
2023-07-17,1.3258,0.0003
2023-07-18,1.3259,0.0001
2023-07-19,1.3261,0.0002
2023-07-20,1.3263,0.0002
2023-07-21,1.3264,0.0001
2023-07-24,1.3268,0.0003
2023-07-25,1.3263,-0.0004
2023-07-26,1.3264,0.0001
2023-07-27,1.3267,0.0002
2023-07-28,1.3267,0.0
2023-07-31,1.3268,0.0001
2023-08-01,1.327,0.0002
2023-08-02,1.3272,0.0002
2023-08-03,1.3276,0.0003
2023-08-04,1.3278,0.0002
2023-08-07,1.3282,0.0003
2023-08-08,1.3284,0.0002
2023-08-09,1.3286,0.0002
2023-08-10,1.3288,0.0002
2023-08-11,1.3291,0.0002
2023-08-14,1.3295,0.0003
2023-08-15,1.33,0.0004
2023-08-16,1.3303,0.0002
2023-08-17,1.3304,0.0001
2023-08-18,1.3305,0.0001
2023-08-21,1.3308,0.0002
2023-08-22,1.3309,0.0001
2023-08-23,1.331,0.0001
2023-08-24,1.331,0.0
2023-08-25,1.331,0.0
2023-08-28,1.3309,-0.0001
2023-08-29,1.3307,-0.0002
2023-08-30,1.3308,0.0001
2023-08-31,1.331,0.0002
2023-09-01,1.3309,-0.0001
2023-09-04,1.3305,-0.0003
2023-09-05,1.3305,0.0
2023-09-06,1.3302,-0.0002
2023-09-07,1.3298,-0.0003
2023-09-08,1.3293,-0.0004
2023-09-11,1.3289,-0.0003
2023-09-12,1.3288,-0.0001
2023-09-13,1.3295,0.0005
2023-09-14,1.3298,0.0002
2023-09-15,1.33,0.0002
2023-09-18,1.3301,0.0001
2023-09-19,1.3302,0.0001
2023-09-20,1.3303,0.0001
2023-09-21,1.3305,0.0002
2023-09-22,1.3305,0.0
2023-09-25,1.3306,0.0001
2023-09-26,1.3304,-0.0002
2023-09-27,1.3304,0.0
2023-09-28,1.3309,0.0004
2023-10-09,1.332,0.0008
2023-10-10,1.332,0.0
2023-10-11,1.3319,-0.0001
2023-10-12,1.3318,-0.0001
2023-10-13,1.3319,0.0001
2023-10-16,1.3323,0.0003
2023-10-17,1.3321,-0.0002
2023-10-18,1.3322,0.0001
2023-10-19,1.3318,-0.0003
2023-10-20,1.3318,0.0
2023-10-23,1.332,0.0002
2023-10-24,1.3319,-0.0001
2023-10-25,1.332,0.0001
2023-10-26,1.3321,0.0001
2023-10-27,1.3322,0.0001
2023-10-30,1.3326,0.0003
2023-10-31,1.3327,0.0001
2023-11-01,1.3328,0.0001
2023-11-02,1.333,0.0002
2023-11-03,1.3331,0.0001
2023-11-06,1.3333,0.0002
2023-11-07,1.3333,0.0
2023-11-08,1.3333,0.0
2023-11-09,1.3335,0.0002
2023-11-10,1.3336,0.0001
2023-11-13,1.334,0.0003
2023-11-14,1.334,0.0
2023-11-15,1.3342,0.0001
2023-11-16,1.3344,0.0001
2023-11-17,1.3345,0.0001
2023-11-20,1.3347,0.0001
2023-11-21,1.3346,-0.0001
2023-11-22,1.3344,-0.0001
2023-11-23,1.3341,-0.0002
2023-11-24,1.3341,0.0
2023-11-27,1.3341,0.0
2023-11-28,1.334,-0.0001
2023-11-29,1.334,0.0
2023-11-30,1.3341,0.0001
2023-12-01,1.3342,0.0001
2023-12-04,1.3345,0.0002
2023-12-05,1.3345,0.0
2023-12-06,1.3344,-0.0001
2023-12-07,1.3345,0.0001
2023-12-08,1.3345,0.0
2023-12-11,1.3347,0.0001
2023-12-12,1.3347,0.0
2023-12-13,1.3349,0.0001
2023-12-14,1.3351,0.0001
2023-12-15,1.3354,0.0002
2023-12-18,1.3358,0.0003
2023-12-19,1.3359,0.0001
2023-12-20,1.3359,0.0
2023-12-21,1.3359,0.0
2023-12-22,1.3359,0.0
2023-12-25,1.3362,0.0002
2023-12-26,1.3366,0.0003
2023-12-27,1.3371,0.0004
2023-12-28,1.3376,0.0004
2023-12-29,1.338,0.0003
2023-12-31,1.3381,0.0001
2024-01-02,1.3382,0.0001
2024-01-03,1.3382,0.0
2024-01-04,1.3383,0.0001
2024-01-05,1.3386,0.0002
2024-01-08,1.3389,0.0002
2024-01-09,1.3392,0.0002
2024-01-10,1.3392,0.0
2024-01-11,1.3393,0.0001
2024-01-12,1.3392,-0.0001
2024-01-15,1.3396,0.0003
2024-01-16,1.3395,-0.0001
2024-01-17,1.3396,0.0001
2024-01-18,1.3399,0.0002
2024-01-19,1.3402,0.0002
2024-01-22,1.3406,0.0003
2024-01-23,1.3407,0.0001
2024-01-24,1.3408,0.0001
2024-01-25,1.341,0.0001
2024-01-26,1.3411,0.0001
2024-01-29,1.3414,0.0002
2024-01-30,1.3419,0.0004
2024-01-31,1.3421,0.0001
2024-02-01,1.3422,0.0001
2024-02-02,1.3424,0.0001
2024-02-05,1.3429,0.0004
2024-02-06,1.3428,-0.0001
2024-02-07,1.343,0.0001
2024-02-08,1.3433,0.0002
2024-02-19,1.3443,0.0007000000000000001
2024-02-20,1.3447,0.0003
2024-02-21,1.345,0.0002
2024-02-22,1.3453,0.0002
2024-02-23,1.3456,0.0002
2024-02-26,1.3458,0.0001
2024-02-27,1.3459,0.0001
2024-02-28,1.346,0.0001
2024-02-29,1.3461,0.0001
2024-03-01,1.346,-0.0001
2024-03-04,1.3462,0.0001
2024-03-05,1.3463,0.0001
2024-03-06,1.3464,0.0001
2024-03-07,1.3465,0.0001
2024-03-08,1.3466,0.0001
2024-03-11,1.3466,0.0
2024-03-12,1.3464,-0.0001
2024-03-13,1.3462,-0.0001
2024-03-14,1.3463,0.0001
2024-03-15,1.3464,0.0001
2024-03-18,1.3466,0.0001
2024-03-19,1.3468,0.0001
2024-03-20,1.3469,0.0001
2024-03-21,1.347,0.0001
2024-03-22,1.3471,0.0001
2024-03-25,1.3472,0.0001
2024-03-26,1.3473,0.0001
2024-03-27,1.3475,0.0001
2024-03-28,1.3476,0.0001
2024-03-29,1.3477,0.0001
2024-04-01,1.3479,0.0001
2024-04-02,1.3481,0.0001
2024-04-03,1.3483,0.0001
2024-04-08,1.3496,0.001
2024-04-09,1.3498,0.0001
2024-04-10,1.35,0.0001
2024-04-11,1.3503,0.0002
2024-04-12,1.3509,0.0004
2024-04-15,1.3512,0.0002
2024-04-16,1.3511,-0.0001
2024-04-17,1.3514,0.0002
2024-04-18,1.3517,0.0002
2024-04-19,1.3521,0.0003
2024-04-22,1.3526,0.0004
2024-04-23,1.3531,0.0004
2024-04-24,1.3524,-0.0005
2024-04-25,1.3523,-0.0001
2024-04-26,1.3517,-0.0004
2024-04-29,1.3513,-0.0003
2024-04-30,1.3517,0.0003
2024-05-06,1.3523,0.0004
2024-05-07,1.3526,0.0002
2024-05-08,1.3527,0.0001
2024-05-09,1.3526,-0.0001
2024-05-10,1.3527,0.0001
2024-05-13,1.3532,0.0004
2024-05-14,1.3534,0.0001
2024-05-15,1.3534,0.0
2024-05-16,1.3533,-0.0001
2024-05-17,1.3536,0.0002
2024-05-20,1.3536,0.0
2024-05-21,1.3535,-0.0001
2024-05-22,1.3537,0.0001
2024-05-23,1.3537,0.0
2024-05-24,1.3539,0.0001
2024-05-27,1.3541,0.0001
2024-05-28,1.3542,0.0001
2024-05-29,1.3542,0.0
2024-05-30,1.3544,0.0001
2024-05-31,1.3544,0.0
2024-06-03,1.3546,0.0001
2024-06-04,1.3547,0.0001
2024-06-05,1.3548,0.0001
2024-06-06,1.3549,0.0001
2024-06-07,1.3551,0.0001
2024-06-11,1.3554,0.0002
2024-06-12,1.3555,0.0001
2024-06-13,1.3555,0.0
2024-06-14,1.3556,0.0001
2024-06-17,1.3557,0.0001
2024-06-18,1.3557,0.0
2024-06-19,1.3558,0.0001
2024-06-20,1.3561,0.0002
2024-06-21,1.356,-0.0001
2024-06-24,1.3562,0.0001
2024-06-25,1.3567,0.0004
2024-06-26,1.3568,0.0001
2024-06-27,1.3571,0.0002
2024-06-28,1.3579,0.0006
2024-06-30,1.3581,0.0001
2024-07-01,1.3576,-0.0004
2024-07-02,1.358,0.0003
2024-07-03,1.3582,0.0001
2024-07-04,1.3583,0.0001
2024-07-05,1.3577,-0.0004
2024-07-08,1.3571,-0.0004
2024-07-09,1.3571,0.0
2024-07-10,1.3572,0.0001
2024-07-11,1.3573,0.0001
2024-07-12,1.3576,0.0002
2024-07-15,1.3579,0.0002
2024-07-16,1.3579,0.0
2024-07-17,1.358,0.0001
2024-07-18,1.358,0.0
2024-07-19,1.3581,0.0001
2024-07-22,1.3585,0.0003
2024-07-23,1.3587,0.0001
2024-07-24,1.3588,0.0001
2024-07-25,1.3589,0.0001
2024-07-26,1.359,0.0001
2024-07-29,1.3592,0.0001
2024-07-30,1.3598,0.0004
2024-07-31,1.3599,0.0001
2024-08-01,1.3603,0.0003
2024-08-02,1.3608,0.0004
2024-08-05,1.3612,0.0003
2024-08-06,1.3609,-0.0002
2024-08-07,1.3611,0.0001
2024-08-08,1.3608,-0.0002
2024-08-09,1.3606,-0.0001
2024-08-12,1.36,-0.0004
2024-08-13,1.36,0.0
2024-08-14,1.3602,0.0001
2024-08-15,1.3602,0.0
2024-08-16,1.3603,0.0001
2024-08-19,1.3604,0.0001
2024-08-20,1.3605,0.0001
2024-08-21,1.3603,-0.0001
2024-08-22,1.3604,0.0001
2024-08-23,1.3603,-0.0001
2024-08-26,1.3604,0.0001
2024-08-27,1.3602,-0.0001
2024-08-28,1.3602,0.0
2024-08-29,1.3603,0.0001
2024-08-30,1.3604,0.0001
2024-09-02,1.3607,0.0002
2024-09-03,1.3608,0.0001
2024-09-04,1.3609,0.0001
2024-09-05,1.361,0.0001
2024-09-06,1.361,0.0
2024-09-09,1.3611,0.0001
2024-09-10,1.3612,0.0001
2024-09-11,1.3613,0.0001
2024-09-12,1.3613,0.0
2024-09-13,1.3614,0.0001
2024-09-18,1.3666,0.0038
2024-09-19,1.3684,0.0013
2024-09-20,1.3701,0.0012
2024-09-23,1.3706,0.0004
2024-09-24,1.3707,0.0001
2024-09-25,1.3709,0.0001
2024-09-26,1.371,0.0001
2024-09-27,1.3707,-0.0002
2024-09-30,1.3703,-0.0003
2024-10-08,1.3712,0.0007000000000000001
2024-10-09,1.3708,-0.0003
2024-10-10,1.3715,0.0005
2024-10-11,1.3725,0.0007000000000000001
2024-10-14,1.3733,0.0006
2024-10-15,1.3735,0.0001
2024-10-16,1.3735,0.0
2024-10-17,1.3741,0.0004
2024-10-18,1.3743,0.0001
2024-10-21,1.3748,0.0004
2024-10-22,1.3748,0.0
2024-10-23,1.3747,-0.0001
2024-10-24,1.3748,0.0001
2024-10-25,1.3748,0.0
2024-10-28,1.375,0.0001
2024-10-29,1.3753,0.0002
2024-10-30,1.3752,-0.0001
2024-10-31,1.3757,0.0004
2024-11-01,1.3767,0.0007000000000000001
2024-11-04,1.3766,-0.0001
2024-11-05,1.3766,0.0
2024-11-06,1.3767,0.0001
2024-11-07,1.3769,0.0001
2024-11-08,1.377,0.0001
2024-11-11,1.3772,0.0001
2024-11-12,1.3772,0.0
2024-11-13,1.3771,-0.0001
2024-11-14,1.3771,0.0
2024-11-15,1.3773,0.0001
2024-11-18,1.3774,0.0001
2024-11-19,1.3775,0.0001
2024-11-20,1.3776,0.0001
2024-11-21,1.3776,0.0
2024-11-22,1.3778,0.0001
2024-11-25,1.3779,0.0001
2024-11-26,1.378,0.0001
2024-11-27,1.3781,0.0001
2024-11-28,1.3781,0.0
2024-11-29,1.3783,0.0001
2024-12-02,1.3788,0.0004
2024-12-03,1.3789,0.0001
2024-12-04,1.379,0.0001
2024-12-05,1.379,0.0
2024-12-06,1.379,0.0
2024-12-09,1.3791,0.0001
2024-12-10,1.3724,0.0001
2024-12-11,1.3724,0.0
2024-12-12,1.3725,0.0001
2024-12-13,1.3728,0.0002
2024-12-16,1.3729,0.0001
2024-12-17,1.3729,0.0
2024-12-18,1.373,0.0001
2024-12-19,1.3731,0.0001
2024-12-20,1.3734,0.0002
2024-12-23,1.3737,0.0002
2024-12-24,1.3739,0.0001
2024-12-25,1.3737,-0.0001
2024-12-26,1.3737,0.0
2024-12-27,1.3741,0.0003
2024-12-30,1.3743,0.0001
2024-12-31,1.3744,0.0001
2025-01-02,1.3742,-0.0001
2025-01-03,1.3742,0.0
2025-01-06,1.3743,0.0001
2025-01-07,1.3742,-0.0001
2025-01-08,1.3741,-0.0001
2025-01-09,1.374,-0.0001
2025-01-10,1.3752,0.0009
2025-01-13,1.3738,-0.001
2025-01-14,1.375,0.0009
2025-01-15,1.375,0.0
2025-01-16,1.3747,-0.0002
2025-01-17,1.3747,0.0
2025-01-20,1.3747,0.0
2025-01-21,1.3748,0.0001
2025-01-22,1.375,0.0001
2025-01-23,1.3747,-0.0002
2025-01-24,1.3747,0.0
2025-01-27,1.3753,0.0004
2025-02-05,1.3758,0.0004
2025-02-06,1.3761,0.0002
2025-02-07,1.3762,0.0001
2025-02-10,1.376,-0.0001
2025-02-11,1.3759,-0.0001
2025-02-12,1.3759,0.0
2025-02-13,1.3758,-0.0001
2025-02-14,1.3755,-0.0002
2025-02-17,1.3754,-0.0001
2025-02-18,1.3751,-0.0002
2025-02-19,1.3753,0.0001
2025-02-20,1.3752,-0.0001
2025-02-21,1.3751,-0.0001
2025-02-24,1.3752,0.0001
2025-02-25,1.3752,0.0
2025-02-26,1.3753,0.0001
2025-02-27,1.3753,0.0
2025-02-28,1.3754,0.0001
2025-03-03,1.3758,0.0003
2025-03-04,1.3758,0.0
2025-03-05,1.376,0.0001
2025-03-06,1.376,0.0
2025-03-07,1.376,0.0
2025-03-10,1.3762,0.0001
2025-03-11,1.3762,0.0
2025-03-12,1.3763,0.0001
2025-03-13,1.3765,0.0001
2025-03-14,1.3766,0.0001
2025-03-17,1.3767,0.0001
2025-03-18,1.3768,0.0001
2025-03-19,1.3765,-0.0002
2025-03-20,1.3766,0.0001
2025-03-21,1.3767,0.0001
2025-03-24,1.3769,0.0001
2025-03-25,1.3769,0.0
2025-03-26,1.377,0.0001
2025-03-27,1.377,0.0
2025-03-28,1.3771,0.0001
2025-03-31,1.3773,0.0001
2025-04-01,1.3774,0.0001
2025-04-02,1.3774,0.0
2025-04-03,1.3775,0.0001
2025-04-07,1.3777,0.0001
2025-04-08,1.3777,0.0
2025-04-09,1.3778,0.0001
2025-04-10,1.3779,0.0001
2025-04-11,1.3779,0.0
2025-04-14,1.3781,0.0001
2025-04-15,1.3781,0.0
2025-04-16,1.3781,0.0
2025-04-17,1.3782,0.0001
2025-04-18,1.3782,0.0
2025-04-21,1.3783,0.0001
2025-04-22,1.3784,0.0001
2025-04-23,1.3784,0.0
2025-04-24,1.3785,0.0001
2025-04-25,1.3785,0.0
2025-04-28,1.3786,0.0001
2025-04-29,1.3787,0.0001
2025-04-30,1.3788,0.0001
2025-05-06,1.3793,0.0004
2025-05-07,1.3793,0.0
2025-05-08,1.3794,0.0001
2025-05-09,1.3795,0.0001
2025-05-12,1.3796,0.0001
2025-05-13,1.3798,0.0001
2025-05-14,1.3798,0.0
2025-05-15,1.3799,0.0001
2025-05-16,1.3799,0.0
2025-05-19,1.38,0.0001
2025-05-20,1.3801,0.0001
2025-05-21,1.3801,0.0
2025-05-22,1.3802,0.0001
2025-05-23,1.3802,0.0
2025-05-26,1.3803,0.0001
2025-05-27,1.3803,0.0
2025-05-28,1.3803,0.0
2025-05-29,1.3803,0.0
2025-05-30,1.3805,0.0001
2025-06-03,1.3808,0.0002
2025-06-04,1.381,0.0001
2025-06-05,1.3809,-0.0001
2025-06-06,1.3813,0.0003
2025-06-09,1.3814,0.0001
2025-06-10,1.3815,0.0001
2025-06-11,1.3816,0.0001
2025-06-12,1.3816,0.0
2025-06-13,1.3817,0.0001
2025-06-16,1.382,0.0002
2025-06-17,1.3821,0.0001
2025-06-18,1.3822,0.0001
2025-06-19,1.3822,0.0
2025-06-20,1.3823,0.0001
2025-06-23,1.3824,0.0001
2025-06-24,1.3825,0.0001
2025-06-25,1.3825,0.0
2025-06-26,1.3826,0.0001
2025-06-27,1.3833,0.0005
2025-06-30,1.3834,0.0001
2025-07-01,1.3836,0.0001
2025-07-02,1.3837,0.0001
2025-07-03,1.3839,0.0001
2025-07-04,1.384,0.0001
2025-07-07,1.3842,0.0001
2025-07-08,1.3842,0.0
2025-07-09,1.3843,0.0001
2025-07-10,1.3843,0.0
2025-07-11,1.3843,0.0
2025-07-14,1.3844,0.0001
2025-07-15,1.3845,0.0001
2025-07-16,1.3845,0.0
2025-07-17,1.3846,0.0001
2025-07-18,1.3847,0.0001
2025-07-21,1.3847,0.0
2025-07-22,1.3847,0.0
2025-07-23,1.3845,-0.0001
2025-07-24,1.3843,-0.0001
2025-07-25,1.3845,0.0001
2025-07-28,1.385,0.0004
2025-07-29,1.385,0.0
2025-07-30,1.3851,0.0001
2025-07-31,1.3852,0.0001
2025-08-01,1.3853,0.0001
2025-08-04,1.3853,0.0
2025-08-05,1.3854,0.0001
2025-08-06,1.3855,0.0001
2025-08-07,1.3856,0.0001
2025-08-08,1.3856,0.0
2025-08-11,1.3857,0.0001
2025-08-12,1.3857,0.0
2025-08-13,1.3857,0.0
2025-08-14,1.3857,0.0
2025-08-15,1.3858,0.0001
2025-08-18,1.3858,0.0
2025-08-19,1.3859,0.0001
2025-08-20,1.3859,0.0
2025-08-21,1.3859,0.0
2025-08-22,1.386,0.0001
2025-08-25,1.3861,0.0001
2025-08-26,1.3861,0.0
2025-08-27,1.3862,0.0001
2025-08-28,1.3862,0.0
2025-08-29,1.3863,0.0001
2025-09-01,1.3864,0.0001
2025-09-02,1.3864,0.0
2025-09-03,1.3865,0.0001
2025-09-04,1.3866,0.0001
2025-09-05,1.3866,0.0
2025-09-08,1.3867,0.0001
2025-09-09,1.3867,0.0
2025-09-10,1.3867,0.0
2025-09-11,1.3867,0.0
2025-09-12,1.3868,0.0001
2025-09-15,1.3869,0.0001
2025-09-16,1.3869,0.0
2025-09-17,1.3871,0.0001
2025-09-18,1.387,-0.0001
2025-09-19,1.3871,0.0001
2025-09-22,1.3872,0.0001
2025-09-23,1.3872,0.0
2025-09-24,1.3872,0.0
2025-09-25,1.3873,0.0001
2025-09-26,1.3873,0.0
2025-09-29,1.3875,0.0001
2025-09-30,1.3876,0.0001
2025-10-09,1.388,0.0003
2025-10-10,1.3881,0.0001
2025-10-13,1.3882,0.0001
2025-10-14,1.3883,0.0001
2025-10-15,1.3883,0.0
2025-10-16,1.3884,0.0001
2025-10-17,1.3885,0.0001
2025-10-20,1.3886,0.0001
2025-10-21,1.3886,0.0
2025-10-22,1.3886,0.0
2025-10-23,1.3887,0.0001
2025-10-24,1.3887,0.0
2025-10-27,1.389,0.0002
2025-10-28,1.3891,0.0001
2025-10-29,1.3893,0.0001
2025-10-30,1.3893,0.0
2025-10-31,1.3896,0.0002
2025-11-03,1.3898,0.0001
2025-11-04,1.3898,0.0
2025-11-05,1.3899,0.0001
2025-11-06,1.3898,-0.0001
2025-11-07,1.3899,0.0001
2025-11-10,1.39,0.0001
2025-11-11,1.3901,0.0001
2025-11-12,1.3902,0.0001
2025-11-13,1.3903,0.0001
2025-11-14,1.3903,0.0
2025-11-17,1.3904,0.0001
2025-11-18,1.3905,0.0001
2025-11-19,1.3905,0.0
2025-11-20,1.3906,0.0001
2025-11-21,1.3892,0.0
2025-11-24,1.3894,0.0001
2025-11-25,1.3895,0.0001
2025-11-26,1.3895,0.0
2025-11-27,1.3895,0.0
2025-11-28,1.3896,0.0001
2025-12-01,1.3897,0.0001
2025-12-02,1.3897,0.0
2025-12-03,1.3897,0.0
2025-12-04,1.3898,0.0001
2025-12-05,1.39,0.0001
2025-12-08,1.3901,0.0001
2025-12-09,1.3902,0.0001
2025-12-10,1.3902,0.0
2025-12-11,1.3903,0.0001
2025-12-12,1.3903,0.0
2025-12-15,1.3905,0.0001
2025-12-16,1.3905,0.0
2025-12-17,1.3905,0.0
2025-12-18,1.3906,0.0001
2025-12-19,1.3906,0.0
2025-12-22,1.3906,0.0
2025-12-23,1.3906,0.0
2025-12-24,1.3907,0.0001
2025-12-25,1.3908,0.0001
2025-12-26,1.3908,0.0
2025-12-29,1.3908,0.0
2025-12-30,1.3909,0.0001
2025-12-31,1.391,0.0001
2026-01-05,1.391,0.0
2026-01-06,1.391,0.0
2026-01-07,1.391,0.0
2026-01-08,1.391,0.0
2026-01-09,1.3913,0.0002
2026-01-12,1.3916,0.0002
2026-01-13,1.3917,0.0001
2026-01-14,1.3918,0.0001
2026-01-15,1.3918,0.0
2026-01-16,1.3918,0.0
2026-01-19,1.392,0.0001
2026-01-20,1.3921,0.0001
2026-01-21,1.3925,0.0003
2026-01-22,1.3927,0.0001
2026-01-23,1.3927,0.0
2026-01-26,1.3933,0.0004
2026-01-27,1.3932,-0.0001
2026-01-28,1.3933,0.0001
2026-01-29,1.3933,0.0
2026-01-30,1.3934,0.0001
2026-02-02,1.3935,0.0001
2026-02-03,1.3935,0.0
2026-02-04,1.3936,0.0001
2026-02-05,1.3937,0.0001
2026-02-06,1.3938,0.0001
2026-02-09,1.394,0.0001
2026-02-10,1.3941,0.0001
2026-02-11,1.3941,0.0
2026-02-12,1.3942,0.0001
2026-02-13,1.3942,0.0
2026-02-24,1.3947,0.0004
2026-02-25,1.3947,0.0
2026-02-26,1.3947,0.0
2026-02-27,1.3948,0.0001
2026-03-02,1.3949,0.0001
2026-03-03,1.395,0.0001
2026-03-04,1.395,0.0
2026-03-05,1.3951,0.0001
2026-03-06,1.3952,0.0001
2026-03-09,1.3953,0.0001
2026-03-10,1.3953,0.0
2026-03-11,1.3954,0.0001
2026-03-12,1.3955,0.0001
2026-03-13,1.3955,0.0
2026-03-16,1.3956,0.0001
2026-03-17,1.3956,0.0
2026-03-18,1.3957,0.0001
2026-03-19,1.3958,0.0001
2026-03-20,1.3959,0.0001
2026-03-23,1.396,0.0001
2026-03-24,1.3961,0.0001
2026-03-25,1.3962,0.0001
2026-03-26,1.3962,0.0
2026-03-27,1.3963,0.0001
2026-03-30,1.3965,0.0001
2026-03-31,1.3966,0.0001
2026-04-01,1.3966,0.0
2026-04-02,1.3968,0.0001
2026-04-03,1.3971,0.0002
2026-04-07,1.3973,0.0001
2026-04-08,1.3974,0.0001
2026-04-09,1.3975,0.0001
2026-04-10,1.3978,0.0002
2026-04-13,1.3981,0.0002
2026-04-14,1.3985,0.0003
2026-04-15,1.3985,0.0
2026-04-16,1.3986,0.0001
2026-04-17,1.3989,0.0002
2026-04-20,1.399,0.0001
2026-04-21,1.3992,0.0001
2026-04-22,1.3993,0.0001
2026-04-23,1.3993,0.0
2026-04-24,1.3994,0.0001
2026-04-27,1.3995,0.0001
2026-04-28,1.3997,0.0001
2026-04-29,1.4001,0.0003
2026-04-30,1.4,-0.0001
2026-05-06,1.4002,0.0001
2026-05-07,1.4004,0.0001
2026-05-08,1.4004,0.0
2026-05-11,1.4006,0.0001
2026-05-12,1.4007,0.0001
2026-05-13,1.401,0.0002
2026-05-14,1.4011,0.0001
2026-05-15,1.4011,0.0
2026-05-18,1.4013,0.0001
2026-05-19,1.4014,0.0001
2026-05-20,1.4018,0.0003
2026-05-21,1.4018,0.0
2026-05-22,1.4019,0.0001
2026-05-25,1.402,0.0001
2026-05-26,1.4022,0.0001
2026-05-27,1.4025,0.0002
2026-05-28,1.4027,0.0001
2026-05-29,1.403,0.0002
2026-06-01,1.4033,0.0002
2026-06-02,1.4034,0.0001
2026-06-03,1.4034,0.0
2026-06-04,1.4034,0.0
2026-06-05,1.4034,0.0
2026-06-08,1.4035,0.0001
2026-06-09,1.4035,0.0
2026-06-10,1.4035,0.0
2026-06-11,1.4034,-0.0001
2026-06-12,1.4034,0.0
2026-06-15,1.4036,0.0001
2026-06-16,1.4037,0.0001
2026-06-17,1.4042,0.0004
2026-06-18,1.4042,0.0
2026-06-22,1.4043,0.0001
2026-06-23,1.4043,0.0
2026-06-24,1.4044,0.0001
2026-06-25,1.4046,0.0001
2026-06-26,1.4047,0.0001
2026-06-29,1.405,0.0002
2026-06-30,1.4051,0.0001
2026-07-01,1.405,-0.0001
2026-07-02,1.405,0.0
2026-07-03,1.4051,0.0001
2026-07-06,1.4052,0.0001
2026-07-07,1.4053,0.0001
2026-07-08,1.4053,0.0
2026-07-09,1.4054,0.0001
2026-07-10,1.4054,0.0
2026-07-13,1.4055,0.0001
2026-07-14,1.4055,0.0
2026-07-15,1.4056,0.0001
2026-07-16,1.4056,0.0
2026-07-17,1.4056,0.0
2026-07-20,1.4057,0.0001
2026-07-21,1.4058,0.0001
2026-07-22,1.4058,0.0
2026-07-23,1.4058,0.0
2026-07-24,1.4059,0.0001
2026-07-27,1.406,0.0001
2026-07-28,1.406,0.0
2026-07-29,1.4061,0.0001
2026-07-30,1.4061,0.0
2026-07-31,1.4062,0.0001
2026-08-03,1.4063,0.0001
2026-08-04,1.4063,0.0
