date,nav,ret
2008-03-10,1.0,0.0
2008-03-14,1.0,0.0
2008-03-21,1.001,0.001
2008-03-28,1.001,0.0
2008-04-03,1.002,0.000999
2008-04-11,1.002,0.0
2008-04-18,1.003,0.000998
2008-04-25,1.006,0.0029909999999999997
2008-04-28,1.006,0.0
2008-04-29,1.007,0.000994
2008-04-30,1.007,0.0
2008-05-05,1.007,0.0
2008-05-06,1.007,0.0
2008-05-07,1.007,0.0
2008-05-08,1.007,0.0
2008-05-09,1.007,0.0
2008-05-12,1.008,0.000993
2008-05-13,1.008,0.0
2008-05-14,1.008,0.0
2008-05-15,1.008,0.0
2008-05-16,1.008,0.0
2008-05-19,1.008,0.0
2008-05-20,1.008,0.0
2008-05-21,1.008,0.0
2008-05-22,1.008,0.0
2008-05-23,1.008,0.0
2008-05-26,1.009,0.000992
2008-05-27,1.009,0.0
2008-05-28,1.009,0.0
2008-05-29,1.009,0.0
2008-05-30,1.01,0.000991
2008-06-02,1.01,0.0
2008-06-03,1.01,0.0
2008-06-04,1.01,0.0
2008-06-05,1.01,0.0
2008-06-06,1.01,0.0
2008-06-10,1.009,-0.00099
2008-06-11,1.009,0.0
2008-06-12,1.009,0.0
2008-06-13,1.009,0.0
2008-06-16,1.009,0.0
2008-06-17,1.009,0.0
2008-06-18,1.009,0.0
2008-06-19,1.009,0.0
2008-06-20,1.009,0.0
2008-06-23,1.009,0.0
2008-06-24,1.009,0.0
2008-06-25,1.01,0.000991
2008-06-26,1.01,0.0
2008-06-27,1.009,-0.00099
2008-06-30,1.009,0.0
2008-07-01,1.009,0.0
2008-07-02,1.009,0.0
2008-07-03,1.009,0.0
2008-07-04,1.009,0.0
2008-07-07,1.009,0.0
2008-07-08,1.01,0.000991
2008-07-09,1.01,0.0
2008-07-10,1.011,0.00099
2008-07-11,1.011,0.0
2008-07-14,1.011,0.0
2008-07-15,1.011,0.0
2008-07-16,1.011,0.0
2008-07-17,1.011,0.0
2008-07-18,1.011,0.0
2008-07-21,1.012,0.000989
2008-07-22,1.012,0.0
2008-07-23,1.012,0.0
2008-07-24,1.012,0.0
2008-07-25,1.012,0.0
2008-07-28,1.013,0.000988
2008-07-29,1.013,0.0
2008-07-30,1.013,0.0
2008-07-31,1.013,0.0
2008-08-01,1.012,-0.000987
2008-08-04,1.012,0.0
2008-08-05,1.012,0.0
2008-08-06,1.012,0.0
2008-08-07,1.012,0.0
2008-08-08,1.013,0.000988
2008-08-11,1.013,0.0
2008-08-12,1.013,0.0
2008-08-13,1.014,0.000987
2008-08-14,1.014,0.0
2008-08-15,1.014,0.0
2008-08-18,1.015,0.000986
2008-08-19,1.016,0.000985
2008-08-20,1.017,0.000984
2008-08-21,1.017,0.0
2008-08-22,1.017,0.0
2008-08-25,1.017,0.0
2008-08-26,1.017,0.0
2008-08-27,1.017,0.0
2008-08-28,1.018,0.000983
2008-08-29,1.019,0.000982
2008-09-01,1.02,0.000981
2008-09-02,1.02,0.0
2008-09-03,1.02,0.0
2008-09-04,1.02,0.0
2008-09-05,1.02,0.0
2008-09-08,1.02,0.0
2008-09-09,1.02,0.0
2008-09-10,1.021,0.00098
2008-09-11,1.022,0.000979
2008-09-12,1.024,0.001957
2008-09-16,1.029,0.004883
2008-09-17,1.034,0.004859
2008-09-18,1.033,-0.000967
2008-09-19,1.033,0.0
2008-09-22,1.034,0.000968
2008-09-23,1.034,0.0
2008-09-24,1.035,0.000967
2008-09-25,1.037,0.0019320000000000001
2008-09-26,1.037,0.0
2008-09-30,1.037,0.0
2008-10-06,1.04,0.002893
2008-10-07,1.046,0.005769
2008-10-08,1.054,0.007648
2008-10-09,1.065,0.010436
2008-10-10,1.066,0.000939
2008-10-13,1.065,-0.0009379999999999999
2008-10-14,1.063,-0.001878
2008-10-15,1.065,0.0018809999999999999
2008-10-16,1.066,0.000939
2008-10-17,1.065,-0.0009379999999999999
2008-10-20,1.065,0.0
2008-10-21,1.066,0.000939
2008-10-22,1.066,0.0
2008-10-23,1.066,0.0
2008-10-24,1.067,0.0009379999999999999
2008-10-27,1.067,0.0
2008-10-28,1.069,0.001874
2008-10-29,1.071,0.0018709999999999998
2008-10-30,1.075,0.003735
2008-10-31,1.075,0.0
2008-11-03,1.075,0.0
2008-11-04,1.075,0.0
2008-11-05,1.076,0.0009299999999999999
2008-11-06,1.079,0.002788
2008-11-07,1.08,0.0009270000000000001
2008-11-10,1.085,0.0046300000000000004
2008-11-11,1.086,0.0009220000000000001
2008-11-12,1.089,0.002762
2008-11-13,1.094,0.0045910000000000005
2008-11-14,1.09,-0.003656
2008-11-17,1.089,-0.0009170000000000001
2008-11-18,1.088,-0.0009180000000000001
2008-11-19,1.084,-0.003676
2008-11-20,1.084,0.0
2008-11-21,1.085,0.0009229999999999999
2008-11-24,1.084,-0.0009220000000000001
2008-11-25,1.081,-0.002768
2008-11-26,1.084,0.002775
2008-11-27,1.091,0.006458
2008-11-28,1.089,-0.001833
2008-12-01,1.088,-0.0009180000000000001
2008-12-02,1.091,0.002757
2008-12-03,1.093,0.001833
2008-12-04,1.095,0.00183
2008-12-05,1.099,0.003653
2008-12-08,1.099,0.0
2008-12-09,1.096,-0.0027300000000000002
2008-12-10,1.098,0.001825
2008-12-11,1.099,0.000911
2008-12-12,1.1,0.00091
2008-12-15,1.103,0.002727
2008-12-16,1.074,0.000907
2008-12-17,1.078,0.003724
2008-12-18,1.082,0.003711
2008-12-19,1.085,0.002773
2008-12-22,1.084,-0.0009220000000000001
2008-12-23,1.085,0.0009229999999999999
2008-12-24,1.084,-0.0009220000000000001
2008-12-25,1.082,-0.001845
2008-12-26,1.081,-0.0009239999999999999
2008-12-29,1.082,0.000925
2008-12-30,1.082,0.0
2008-12-31,1.082,0.0
2009-01-05,1.086,0.0036969999999999998
2009-01-06,1.088,0.001842
2009-01-07,1.089,0.000919
2009-01-08,1.09,0.0009180000000000001
2009-01-09,1.091,0.0009170000000000001
2009-01-12,1.091,0.0
2009-01-13,1.089,-0.001833
2009-01-14,1.086,-0.002755
2009-01-15,1.082,-0.003683
2009-01-16,1.079,-0.002773
2009-01-19,1.078,-0.0009270000000000001
2009-01-20,1.075,-0.002783
2009-01-21,1.074,-0.0009299999999999999
2009-01-22,1.078,0.003724
2009-01-23,1.079,0.0009279999999999999
2009-02-02,1.078,-0.0009270000000000001
2009-02-03,1.076,-0.0018549999999999999
2009-02-04,1.072,-0.003717
2009-02-05,1.068,-0.003731
2009-02-06,1.071,0.002809
2009-02-09,1.074,0.002801
2009-02-10,1.075,0.000931
2009-02-11,1.076,0.0009299999999999999
2009-02-12,1.079,0.002788
2009-02-13,1.081,0.0018540000000000002
2009-02-16,1.081,0.0
2009-02-17,1.079,-0.00185
2009-02-18,1.078,-0.0009270000000000001
2009-02-19,1.08,0.0018549999999999999
2009-02-20,1.08,0.0
2009-02-23,1.081,0.0009260000000000001
2009-02-24,1.082,0.000925
2009-02-25,1.082,0.0
2009-02-26,1.081,-0.0009239999999999999
2009-02-27,1.08,-0.000925
2009-03-02,1.081,0.0009260000000000001
2009-03-03,1.08,-0.000925
2009-03-04,1.088,0.007407
2009-03-05,1.089,0.000919
2009-03-06,1.09,0.0009180000000000001
2009-03-09,1.087,-0.002752
2009-03-10,1.088,0.00092
2009-03-11,1.087,-0.000919
2009-03-12,1.087,0.0
2009-03-13,1.087,0.0
2009-03-16,1.088,0.00092
2009-03-17,1.092,0.003676
2009-03-18,1.092,0.0
2009-03-19,1.094,0.001832
2009-03-20,1.094,0.0
2009-03-23,1.096,0.001828
2009-03-24,1.096,0.0
2009-03-25,1.094,-0.001825
2009-03-26,1.095,0.000914
2009-03-27,1.095,0.0
2009-03-30,1.095,0.0
2009-03-31,1.095,0.0
2009-04-01,1.096,0.0009130000000000001
2009-04-02,1.096,0.0
2009-04-03,1.095,-0.000912
2009-04-07,1.094,-0.0009130000000000001
2009-04-08,1.091,-0.002742
2009-04-09,1.091,0.0
2009-04-10,1.093,0.001833
2009-04-13,1.095,0.00183
2009-04-14,1.096,0.0009130000000000001
2009-04-15,1.097,0.000912
2009-04-16,1.096,-0.000912
2009-04-17,1.096,0.0
2009-04-20,1.098,0.001825
2009-04-21,1.097,-0.000911
2009-04-22,1.093,-0.003646
2009-04-23,1.094,0.000915
2009-04-24,1.093,-0.000914
2009-04-27,1.092,-0.000915
2009-04-28,1.094,0.001832
2009-04-29,1.101,0.006399
2009-04-30,1.102,0.0009080000000000001
2009-05-04,1.108,0.005445
2009-05-05,1.109,0.000903
2009-05-06,1.112,0.0027050000000000004
2009-05-07,1.113,0.000899
2009-05-08,1.116,0.0026950000000000003
2009-05-11,1.114,-0.001792
2009-05-12,1.118,0.0035909999999999996
2009-05-13,1.119,0.0008939999999999999
2009-05-14,1.117,-0.001787
2009-05-15,1.118,0.000895
2009-05-18,1.119,0.0008939999999999999
2009-05-19,1.123,0.003575
2009-05-20,1.122,-0.00089
2009-05-21,1.116,-0.005348
2009-05-22,1.115,-0.000896
2009-05-25,1.115,0.0
2009-05-26,1.113,-0.001794
2009-05-27,1.118,0.0044919999999999995
2009-06-01,1.125,0.006261
2009-06-02,1.125,0.0
2009-06-03,1.134,0.008
2009-06-04,1.136,0.001764
2009-06-05,1.133,-0.002641
2009-06-08,1.136,0.0026479999999999997
2009-06-09,1.135,-0.0008799999999999999
2009-06-10,1.135,0.0
2009-06-11,1.134,-0.000881
2009-06-12,1.13,-0.003527
2009-06-15,1.137,0.006195000000000001
2009-06-16,1.135,-0.001759
2009-06-17,1.139,0.003524
2009-06-18,1.144,0.00439
2009-06-19,1.146,0.0017480000000000002
2009-06-22,1.148,0.0017449999999999998
2009-06-23,1.15,0.0017419999999999998
2009-06-24,1.15,0.0
2009-06-25,1.152,0.001739
2009-06-26,1.155,0.0026040000000000004
2009-06-29,1.159,0.003463
2009-06-30,1.158,-0.000863
2009-07-01,1.166,0.006908
2009-07-02,1.17,0.003431
2009-07-03,1.144,0.0034189999999999997
2009-07-06,1.147,0.0026219999999999998
2009-07-07,1.142,-0.004359
2009-07-08,1.141,-0.0008759999999999999
2009-07-09,1.142,0.0008759999999999999
2009-07-10,1.14,-0.001751
2009-07-13,1.136,-0.003509
2009-07-14,1.144,0.0070420000000000005
2009-07-15,1.146,0.0017480000000000002
2009-07-16,1.146,0.0
2009-07-17,1.146,0.0
2009-07-20,1.15,0.0034899999999999996
2009-07-21,1.148,-0.001739
2009-07-22,1.152,0.0034839999999999997
2009-07-23,1.154,0.0017360000000000001
2009-07-24,1.155,0.000867
2009-07-27,1.16,0.004329
2009-07-28,1.162,0.001724
2009-07-29,1.161,-0.000861
2009-07-30,1.167,0.005168000000000001
2009-07-31,1.171,0.003428
2009-08-03,1.176,0.0042699999999999995
2009-08-04,1.175,-0.0008500000000000001
2009-08-05,1.169,-0.005106
2009-08-06,1.163,-0.0051329999999999995
2009-08-07,1.157,-0.005159
2009-08-10,1.156,-0.0008640000000000001
2009-08-11,1.157,0.0008649999999999999
2009-08-12,1.148,-0.007779
2009-08-13,1.15,0.0017419999999999998
2009-08-14,1.143,-0.006087
2009-08-17,1.129,-0.012248000000000002
2009-08-18,1.135,0.005314
2009-08-19,1.122,-0.011453999999999999
2009-08-20,1.131,0.008021
2009-08-21,1.135,0.003537
2009-08-24,1.136,0.000881
2009-08-25,1.127,-0.007923
2009-08-26,1.132,0.004437
2009-08-27,1.13,-0.001767
2009-08-28,1.12,-0.00885
2009-08-31,1.102,-0.016071
2009-09-01,1.103,0.000907
2009-09-02,1.104,0.000907
2009-09-03,1.117,0.011775
2009-09-04,1.118,0.000895
2009-09-07,1.118,0.0
2009-09-08,1.123,0.004472
2009-09-09,1.126,0.002671
2009-09-10,1.124,-0.001776
2009-09-11,1.128,0.003559
2009-09-14,1.132,0.003546
2009-09-15,1.134,0.001767
2009-09-16,1.131,-0.002646
2009-09-17,1.133,0.001768
2009-09-18,1.127,-0.0052959999999999995
2009-09-21,1.126,-0.000887
2009-09-22,1.12,-0.005329
2009-09-23,1.116,-0.0035709999999999995
2009-09-24,1.115,-0.000896
2009-09-25,1.114,-0.000897
2009-09-28,1.109,-0.004488
2009-09-29,1.108,-0.000902
2009-09-30,1.109,0.000903
2009-10-09,1.118,0.008115
2009-10-12,1.116,-0.001789
2009-10-13,1.119,0.002688
2009-10-14,1.122,0.0026810000000000002
2009-10-15,1.122,0.0
2009-10-16,1.122,0.0
2009-10-19,1.125,0.002674
2009-10-20,1.128,0.002667
2009-10-21,1.128,0.0
2009-10-22,1.127,-0.000887
2009-10-23,1.13,0.002662
2009-10-26,1.131,0.0008849999999999999
2009-10-27,1.127,-0.003537
2009-10-28,1.126,-0.000887
2009-10-29,1.121,-0.00444
2009-10-30,1.123,0.001784
2009-11-02,1.128,0.004452
2009-11-03,1.131,0.00266
2009-11-04,1.133,0.001768
2009-11-05,1.133,0.0
2009-11-06,1.134,0.000883
2009-11-09,1.136,0.001764
2009-11-10,1.136,0.0
2009-11-11,1.134,-0.001761
2009-11-12,1.135,0.000882
2009-11-13,1.136,0.000881
2009-11-16,1.142,0.005282
2009-11-17,1.142,0.0
2009-11-18,1.142,0.0
2009-11-19,1.143,0.0008759999999999999
2009-11-20,1.143,0.0
2009-11-23,1.145,0.0017499999999999998
2009-11-24,1.139,-0.00524
2009-11-25,1.145,0.005268
2009-11-26,1.136,-0.00786
2009-11-27,1.13,-0.005282
2009-11-30,1.137,0.006195000000000001
2009-12-01,1.14,0.0026390000000000003
2009-12-02,1.141,0.000877
2009-12-03,1.142,0.0008759999999999999
2009-12-04,1.146,0.003503
2009-12-07,1.147,0.0008730000000000001
2009-12-08,1.144,-0.002616
2009-12-09,1.14,-0.003497
2009-12-10,1.141,0.000877
2009-12-11,1.142,0.0008759999999999999
2009-12-14,1.145,0.002627
2009-12-15,1.143,-0.0017469999999999999
2009-12-16,1.144,0.0008749999999999999
2009-12-17,1.138,-0.005245
2009-12-18,1.134,-0.003515
2009-12-21,1.134,0.0
2009-12-22,1.129,-0.004409
2009-12-23,1.101,0.001771
2009-12-24,1.107,0.00545
2009-12-25,1.106,-0.000903
2009-12-28,1.11,0.0036170000000000004
2009-12-29,1.112,0.001802
2009-12-30,1.116,0.0035970000000000004
2009-12-31,1.118,0.001792
2010-01-04,1.117,-0.0008939999999999999
2010-01-05,1.119,0.001791
2010-01-06,1.118,-0.0008939999999999999
2010-01-07,1.113,-0.004472
2010-01-08,1.113,0.0
2010-01-11,1.115,0.001797
2010-01-12,1.118,0.0026910000000000002
2010-01-13,1.113,-0.004472
2010-01-14,1.117,0.003594
2010-01-15,1.12,0.002686
2010-01-18,1.122,0.001786
2010-01-19,1.121,-0.000891
2010-01-20,1.115,-0.005352
2010-01-21,1.116,0.000897
2010-01-22,1.113,-0.002688
2010-01-25,1.109,-0.003594
2010-01-26,1.105,-0.0036070000000000004
2010-01-27,1.102,-0.0027150000000000004
2010-01-28,1.103,0.000907
2010-01-29,1.103,0.0
2010-02-01,1.101,-0.001813
2010-02-02,1.101,0.0
2010-02-03,1.104,0.002725
2010-02-04,1.104,0.0
2010-02-05,1.101,-0.002717
2010-02-08,1.101,0.0
2010-02-09,1.102,0.0009080000000000001
2010-02-10,1.104,0.001815
2010-02-11,1.105,0.000906
2010-02-12,1.107,0.00181
2010-02-22,1.107,0.0
2010-02-23,1.107,0.0
2010-02-24,1.11,0.00271
2010-02-25,1.114,0.003604
2010-02-26,1.118,0.0035909999999999996
2010-03-01,1.119,0.0008939999999999999
2010-03-02,1.119,0.0
2010-03-03,1.121,0.001787
2010-03-04,1.117,-0.003568
2010-03-05,1.121,0.0035809999999999995
2010-03-08,1.122,0.000892
2010-03-09,1.122,0.0
2010-03-10,1.121,-0.000891
2010-03-11,1.124,0.002676
2010-03-12,1.121,-0.0026690000000000004
2010-03-15,1.119,-0.001784
2010-03-16,1.121,0.001787
2010-03-17,1.125,0.003568
2010-03-18,1.124,-0.000889
2010-03-19,1.126,0.001779
2010-03-22,1.126,0.0
2010-03-23,1.126,0.0
2010-03-24,1.127,0.000888
2010-03-25,1.125,-0.0017749999999999999
2010-03-26,1.128,0.002667
2010-03-29,1.131,0.00266
2010-03-30,1.13,-0.000884
2010-03-31,1.131,0.0008849999999999999
2010-04-01,1.133,0.001768
2010-04-02,1.133,0.0
2010-04-06,1.134,0.000883
2010-04-07,1.133,-0.000882
2010-04-08,1.131,-0.0017649999999999999
2010-04-09,1.134,0.002653
2010-04-12,1.134,0.0
2010-04-13,1.136,0.001764
2010-04-14,1.136,0.0
2010-04-15,1.135,-0.0008799999999999999
2010-04-16,1.133,-0.001762
2010-04-19,1.127,-0.0052959999999999995
2010-04-20,1.129,0.0017749999999999999
2010-04-21,1.134,0.004429
2010-04-22,1.132,-0.001764
2010-04-23,1.131,-0.000883
2010-04-26,1.131,0.0
2010-04-27,1.127,-0.003537
2010-04-28,1.127,0.0
2010-04-29,1.125,-0.0017749999999999999
2010-04-30,1.126,0.000889
2010-05-04,1.124,-0.001776
2010-05-05,1.126,0.001779
2010-05-06,1.121,-0.00444
2010-05-07,1.119,-0.001784
2010-05-10,1.117,-0.001787
2010-05-11,1.114,-0.002686
2010-05-12,1.115,0.000898
2010-05-13,1.119,0.0035870000000000003
2010-05-14,1.118,-0.0008939999999999999
2010-05-17,1.111,-0.006261
2010-05-18,1.115,0.0036
2010-05-19,1.117,0.001794
2010-05-20,1.115,-0.001791
2010-05-21,1.118,0.0026910000000000002
2010-05-24,1.124,0.005366999999999999
2010-05-25,1.122,-0.001779
2010-05-26,1.12,-0.0017829999999999999
2010-05-27,1.122,0.001786
2010-05-28,1.122,0.0
2010-05-31,1.118,-0.003565
2010-06-01,1.116,-0.001789
2010-06-02,1.117,0.000896
2010-06-03,1.116,-0.000895
2010-06-04,1.118,0.001792
2010-06-07,1.118,0.0
2010-06-08,1.119,0.0008939999999999999
2010-06-09,1.122,0.0026810000000000002
2010-06-10,1.122,0.0
2010-06-11,1.121,-0.000891
2010-06-17,1.12,-0.000892
2010-06-18,1.115,-0.004464
2010-06-21,1.118,0.0026910000000000002
2010-06-22,1.118,0.0
2010-06-23,1.118,0.0
2010-06-24,1.118,0.0
2010-06-25,1.117,-0.0008939999999999999
2010-06-28,1.116,-0.000895
2010-06-29,1.113,-0.002688
2010-06-30,1.113,0.0
2010-07-01,1.112,-0.000898
2010-07-02,1.112,0.0
2010-07-05,1.082,0.0
2010-07-06,1.085,0.002773
2010-07-07,1.087,0.001843
2010-07-08,1.087,0.0
2010-07-09,1.09,0.0027600000000000003
2010-07-12,1.091,0.0009170000000000001
2010-07-13,1.09,-0.0009170000000000001
2010-07-14,1.092,0.001835
2010-07-15,1.091,-0.000916
2010-07-16,1.092,0.0009170000000000001
2010-07-19,1.094,0.001832
2010-07-20,1.096,0.001828
2010-07-21,1.097,0.000912
2010-07-22,1.097,0.0
2010-07-23,1.098,0.000912
2010-07-26,1.098,0.0
2010-07-27,1.098,0.0
2010-07-28,1.1,0.0018210000000000001
2010-07-29,1.101,0.000909
2010-07-30,1.101,0.0
2010-08-02,1.103,0.001817
2010-08-03,1.102,-0.000907
2010-08-04,1.104,0.001815
2010-08-05,1.103,-0.000906
2010-08-06,1.105,0.001813
2010-08-09,1.106,0.000905
2010-08-10,1.103,-0.002712
2010-08-11,1.106,0.00272
2010-08-12,1.106,0.0
2010-08-13,1.109,0.002712
2010-08-16,1.112,0.0027050000000000004
2010-08-17,1.114,0.001799
2010-08-18,1.114,0.0
2010-08-19,1.114,0.0
2010-08-20,1.112,-0.001795
2010-08-23,1.113,0.000899
2010-08-24,1.114,0.000898
2010-08-25,1.112,-0.001795
2010-08-26,1.113,0.000899
2010-08-27,1.114,0.000898
2010-08-30,1.116,0.001795
2010-08-31,1.116,0.0
2010-09-01,1.116,0.0
2010-09-02,1.119,0.002688
2010-09-03,1.119,0.0
2010-09-06,1.119,0.0
2010-09-07,1.119,0.0
2010-09-08,1.122,0.0026810000000000002
2010-09-09,1.12,-0.0017829999999999999
2010-09-10,1.12,0.0
2010-09-13,1.12,0.0
2010-09-14,1.121,0.000893
2010-09-15,1.119,-0.001784
2010-09-16,1.115,-0.003575
2010-09-17,1.116,0.000897
2010-09-20,1.114,-0.001792
2010-09-21,1.114,0.0
2010-09-27,1.116,0.001795
2010-09-28,1.116,0.0
2010-09-29,1.115,-0.000896
2010-09-30,1.117,0.001794
2010-10-08,1.121,0.0035809999999999995
2010-10-11,1.121,0.0
2010-10-12,1.121,0.0
2010-10-13,1.123,0.001784
2010-10-14,1.119,-0.003562
2010-10-15,1.119,0.0
2010-10-18,1.119,0.0
2010-10-19,1.123,0.003575
2010-10-20,1.117,-0.005343
2010-10-21,1.114,-0.002686
2010-10-22,1.116,0.001795
2010-10-25,1.12,0.003584
2010-10-26,1.119,-0.000893
2010-10-27,1.118,-0.0008939999999999999
2010-10-28,1.121,0.0026829999999999996
2010-10-29,1.124,0.002676
2010-11-01,1.129,0.004448
2010-11-02,1.128,-0.000886
2010-11-03,1.124,-0.003546
2010-11-04,1.125,0.00089
2010-11-05,1.127,0.001778
2010-11-08,1.13,0.002662
2010-11-09,1.129,-0.0008849999999999999
2010-11-10,1.127,-0.001771
2010-11-11,1.127,0.0
2010-11-12,1.121,-0.005324
2010-11-15,1.124,0.002676
2010-11-16,1.119,-0.004448
2010-11-17,1.115,-0.003575
2010-11-18,1.117,0.001794
2010-11-19,1.119,0.001791
2010-11-22,1.117,-0.001787
2010-11-23,1.118,0.000895
2010-11-24,1.118,0.0
2010-11-25,1.121,0.0026829999999999996
2010-11-26,1.123,0.001784
2010-11-29,1.123,0.0
2010-11-30,1.121,-0.001781
2010-12-01,1.122,0.000892
2010-12-02,1.122,0.0
2010-12-03,1.123,0.000891
2010-12-06,1.121,-0.001781
2010-12-07,1.125,0.003568
2010-12-08,1.123,-0.001778
2010-12-09,1.12,-0.002671
2010-12-10,1.122,0.001786
2010-12-13,1.128,0.005348
2010-12-14,1.13,0.001773
2010-12-15,1.129,-0.0008849999999999999
2010-12-16,1.13,0.000886
2010-12-17,1.132,0.0017699999999999999
2010-12-20,1.132,0.0
2010-12-21,1.133,0.000883
2010-12-22,1.102,-0.000883
2010-12-23,1.1,-0.001815
2010-12-24,1.095,-0.004545
2010-12-27,1.091,-0.003653
2010-12-28,1.089,-0.001833
2010-12-29,1.091,0.001837
2010-12-30,1.092,0.0009170000000000001
2010-12-31,1.096,0.003663
2011-01-04,1.1,0.00365
2011-01-05,1.1,0.0
2011-01-06,1.1,0.0
2011-01-07,1.099,-0.000909
2011-01-10,1.096,-0.0027300000000000002
2011-01-11,1.096,0.0
2011-01-12,1.097,0.000912
2011-01-13,1.097,0.0
2011-01-14,1.093,-0.003646
2011-01-17,1.088,-0.004575
2011-01-18,1.087,-0.000919
2011-01-19,1.088,0.00092
2011-01-20,1.083,-0.004596
2011-01-21,1.083,0.0
2011-01-24,1.081,-0.0018470000000000001
2011-01-25,1.079,-0.00185
2011-01-26,1.082,0.0027800000000000004
2011-01-27,1.083,0.0009239999999999999
2011-01-28,1.083,0.0
2011-01-31,1.085,0.0018470000000000001
2011-02-01,1.085,0.0
2011-02-09,1.083,-0.001843
2011-02-10,1.085,0.0018470000000000001
2011-02-11,1.086,0.0009220000000000001
2011-02-14,1.089,0.002762
2011-02-15,1.089,0.0
2011-02-16,1.091,0.001837
2011-02-17,1.092,0.0009170000000000001
2011-02-18,1.09,-0.001832
2011-02-21,1.091,0.0009170000000000001
2011-02-22,1.087,-0.003666
2011-02-23,1.087,0.0
2011-02-24,1.088,0.00092
2011-02-25,1.088,0.0
2011-02-28,1.09,0.001838
2011-03-01,1.09,0.0
2011-03-02,1.091,0.0009170000000000001
2011-03-03,1.089,-0.001833
2011-03-04,1.091,0.001837
2011-03-07,1.092,0.0009170000000000001
2011-03-08,1.093,0.000916
2011-03-09,1.094,0.000915
2011-03-10,1.093,-0.000914
2011-03-11,1.092,-0.000915
2011-03-14,1.094,0.001832
2011-03-15,1.092,-0.001828
2011-03-16,1.094,0.001832
2011-03-17,1.092,-0.001828
2011-03-18,1.093,0.000916
2011-03-21,1.093,0.0
2011-03-22,1.094,0.000915
2011-03-23,1.094,0.0
2011-03-24,1.094,0.0
2011-03-25,1.094,0.0
2011-03-28,1.092,-0.001828
2011-03-29,1.089,-0.002747
2011-03-30,1.087,-0.001837
2011-03-31,1.087,0.0
2011-04-01,1.089,0.00184
2011-04-06,1.088,-0.0009180000000000001
2011-04-07,1.089,0.000919
2011-04-08,1.09,0.0009180000000000001
2011-04-11,1.09,0.0
2011-04-12,1.091,0.0009170000000000001
2011-04-13,1.093,0.001833
2011-04-14,1.093,0.0
2011-04-15,1.094,0.000915
2011-04-18,1.096,0.001828
2011-04-19,1.093,-0.002737
2011-04-20,1.093,0.0
2011-04-21,1.093,0.0
2011-04-22,1.092,-0.000915
2011-04-25,1.089,-0.002747
2011-04-26,1.087,-0.001837
2011-04-27,1.086,-0.00092
2011-04-28,1.083,-0.002762
2011-04-29,1.084,0.0009229999999999999
2011-05-03,1.085,0.0009229999999999999
2011-05-04,1.084,-0.0009220000000000001
2011-05-05,1.085,0.0009229999999999999
2011-05-06,1.085,0.0
2011-05-09,1.087,0.001843
2011-05-10,1.087,0.0
2011-05-11,1.088,0.00092
2011-05-12,1.087,-0.000919
2011-05-13,1.087,0.0
2011-05-16,1.088,0.00092
2011-05-17,1.086,-0.001838
2011-05-18,1.087,0.000921
2011-05-19,1.088,0.00092
2011-05-20,1.087,-0.000919
2011-05-23,1.082,-0.0046
2011-05-24,1.083,0.0009239999999999999
2011-05-25,1.081,-0.0018470000000000001
2011-05-26,1.079,-0.00185
2011-05-27,1.079,0.0
2011-05-30,1.078,-0.0009270000000000001
2011-05-31,1.08,0.0018549999999999999
2011-06-01,1.08,0.0
2011-06-02,1.078,-0.0018520000000000001
2011-06-03,1.079,0.0009279999999999999
2011-06-07,1.079,0.0
2011-06-08,1.079,0.0
2011-06-09,1.076,-0.0027800000000000004
2011-06-10,1.076,0.0
2011-06-13,1.074,-0.0018590000000000002
2011-06-14,1.075,0.000931
2011-06-15,1.074,-0.0009299999999999999
2011-06-16,1.072,-0.001862
2011-06-17,1.071,-0.0009329999999999999
2011-06-20,1.069,-0.001867
2011-06-21,1.072,0.0028060000000000003
2011-06-22,1.071,-0.0009329999999999999
2011-06-23,1.074,0.002801
2011-06-24,1.076,0.001862
2011-06-27,1.077,0.0009289999999999999
2011-06-28,1.077,0.0
2011-06-29,1.074,-0.0027860000000000003
2011-06-30,1.077,0.002793
2011-07-01,1.077,0.0
2011-07-04,1.081,0.0037140000000000003
2011-07-05,1.051,0.0
2011-07-06,1.051,0.0
2011-07-07,1.05,-0.000951
2011-07-08,1.05,0.0
2011-07-11,1.049,-0.000952
2011-07-12,1.047,-0.001907
2011-07-13,1.049,0.00191
2011-07-14,1.049,0.0
2011-07-15,1.064,0.014299
2011-07-18,1.064,0.0
2011-07-19,1.059,-0.004699
2011-07-20,1.057,-0.001889
2011-07-21,1.053,-0.003784
2011-07-22,1.054,0.00095
2011-07-25,1.05,-0.003795
2011-07-26,1.052,0.001905
2011-07-27,1.054,0.001901
2011-07-28,1.053,-0.000949
2011-07-29,1.052,-0.00095
2011-08-01,1.052,0.0
2011-08-02,1.05,-0.001901
2011-08-03,1.049,-0.000952
2011-08-04,1.049,0.0
2011-08-05,1.046,-0.0028599999999999997
2011-08-08,1.041,-0.0047799999999999995
2011-08-09,1.041,0.0
2011-08-10,1.044,0.002882
2011-08-11,1.048,0.0038309999999999998
2011-08-12,1.049,0.000954
2011-08-15,1.051,0.001907
2011-08-16,1.051,0.0
2011-08-17,1.05,-0.000951
2011-08-18,1.047,-0.002857
2011-08-19,1.045,-0.00191
2011-08-22,1.043,-0.001914
2011-08-23,1.045,0.001918
2011-08-24,1.046,0.000957
2011-08-25,1.048,0.001912
2011-08-26,1.048,0.0
2011-08-29,1.037,-0.010496
2011-08-30,1.035,-0.001929
2011-08-31,1.035,0.0
2011-09-01,1.031,-0.003865
2011-09-02,1.028,-0.00291
2011-09-05,1.022,-0.005837
2011-09-06,1.021,-0.000978
2011-09-07,1.023,0.001959
2011-09-08,1.021,-0.001955
2011-09-09,1.018,-0.002938
2011-09-13,1.016,-0.001965
2011-09-14,1.018,0.001969
2011-09-15,1.017,-0.000982
2011-09-16,1.015,-0.001967
2011-09-19,1.012,-0.002956
2011-09-20,1.015,0.002964
2011-09-21,1.018,0.002956
2011-09-22,1.014,-0.003929
2011-09-23,1.013,-0.000986
2011-09-26,1.014,0.000987
2011-09-27,1.015,0.000986
2011-09-28,1.013,-0.00197
2011-09-29,1.01,-0.0029620000000000002
2011-09-30,1.01,0.0
2011-10-10,1.011,0.00099
2011-10-11,1.011,0.0
2011-10-12,1.014,0.002967
2011-10-13,1.013,-0.000986
2011-10-14,1.015,0.001974
2011-10-17,1.017,0.00197
2011-10-18,1.018,0.000983
2011-10-19,1.019,0.000982
2011-10-20,1.021,0.001963
2011-10-21,1.022,0.000979
2011-10-24,1.022,0.0
2011-10-25,1.022,0.0
2011-10-26,1.024,0.001957
2011-10-27,1.023,-0.000977
2011-10-28,1.026,0.002933
2011-10-31,1.029,0.002924
2011-11-01,1.031,0.001944
2011-11-02,1.032,0.00097
2011-11-03,1.032,0.0
2011-11-04,1.034,0.001938
2011-11-07,1.034,0.0
2011-11-08,1.035,0.000967
2011-11-09,1.039,0.003865
2011-11-10,1.041,0.001925
2011-11-11,1.042,0.000961
2011-11-14,1.042,0.0
2011-11-15,1.043,0.00096
2011-11-16,1.041,-0.001918
2011-11-17,1.041,0.0
2011-11-18,1.039,-0.001921
2011-11-21,1.039,0.0
2011-11-22,1.04,0.000962
2011-11-23,1.04,0.0
2011-11-24,1.04,0.0
2011-11-25,1.04,0.0
2011-11-28,1.039,-0.000962
2011-11-29,1.04,0.000962
2011-11-30,1.038,-0.001923
2011-12-01,1.044,0.0057799999999999995
2011-12-02,1.045,0.000958
2011-12-05,1.045,0.0
2011-12-06,1.044,-0.000957
2011-12-07,1.044,0.0
2011-12-08,1.045,0.000958
2011-12-09,1.044,-0.000957
2011-12-12,1.043,-0.000958
2011-12-13,1.042,-0.000959
2011-12-14,1.041,-0.00096
2011-12-15,1.04,-0.000961
2011-12-16,1.043,0.002885
2011-12-19,1.044,0.000959
2011-12-20,1.043,-0.000958
2011-12-21,1.043,0.0
2011-12-22,1.042,-0.000959
2011-12-23,1.042,0.0
2011-12-26,1.043,0.00096
2011-12-27,1.042,-0.000959
2011-12-28,1.042,0.0
2011-12-29,1.04,-0.001919
2011-12-30,1.042,0.001923
2011-12-31,1.042,0.0
2012-01-04,1.041,-0.00096
2012-01-05,1.041,0.0
2012-01-06,1.043,0.001921
2012-01-09,1.046,0.002876
2012-01-10,1.048,0.001912
2012-01-11,1.047,-0.000954
2012-01-12,1.048,0.000955
2012-01-13,1.046,-0.001908
2012-01-16,1.045,-0.000956
2012-01-17,1.047,0.001914
2012-01-18,1.045,-0.00191
2012-01-19,1.047,0.001914
2012-01-20,1.048,0.000955
2012-01-30,1.049,0.000954
2012-01-31,1.05,0.000953
2012-02-01,1.049,-0.000952
2012-02-02,1.05,0.000953
2012-02-03,1.051,0.000952
2012-02-06,1.051,0.0
2012-02-07,1.049,-0.001903
2012-02-08,1.049,0.0
2012-02-09,1.049,0.0
2012-02-10,1.049,0.0
2012-02-13,1.05,0.000953
2012-02-14,1.05,0.0
2012-02-15,1.05,0.0
2012-02-16,1.049,-0.000952
2012-02-17,1.049,0.0
2012-02-20,1.051,0.001907
2012-02-21,1.051,0.0
2012-02-22,1.052,0.000951
2012-02-23,1.052,0.0
2012-02-24,1.054,0.001901
2012-02-27,1.054,0.0
2012-02-28,1.054,0.0
2012-02-29,1.053,-0.000949
2012-03-01,1.053,0.0
2012-03-02,1.054,0.00095
2012-03-05,1.054,0.0
2012-03-06,1.054,0.0
2012-03-07,1.054,0.0
2012-03-08,1.055,0.000949
2012-03-09,1.056,0.000948
2012-03-12,1.057,0.000947
2012-03-13,1.058,0.000946
2012-03-14,1.056,-0.00189
2012-03-15,1.056,0.0
2012-03-16,1.057,0.000947
2012-03-19,1.057,0.0
2012-03-20,1.056,-0.000946
2012-03-21,1.056,0.0
2012-03-22,1.056,0.0
2012-03-23,1.056,0.0
2012-03-26,1.057,0.000947
2012-03-27,1.057,0.0
2012-03-28,1.057,0.0
2012-03-29,1.057,0.0
2012-03-30,1.058,0.000946
2012-03-31,1.058,0.0
2012-04-05,1.06,0.00189
2012-04-06,1.06,0.0
2012-04-09,1.06,0.0
2012-04-10,1.06,0.0
2012-04-11,1.061,0.0009429999999999999
2012-04-12,1.062,0.0009429999999999999
2012-04-13,1.062,0.0
2012-04-16,1.063,0.000942
2012-04-17,1.062,-0.000941
2012-04-18,1.064,0.001883
2012-04-19,1.064,0.0
2012-04-20,1.065,0.00094
2012-04-23,1.066,0.000939
2012-04-24,1.067,0.0009379999999999999
2012-04-25,1.067,0.0
2012-04-26,1.068,0.000937
2012-04-27,1.069,0.000936
2012-05-02,1.07,0.000935
2012-05-03,1.07,0.0
2012-05-04,1.072,0.001869
2012-05-07,1.073,0.0009329999999999999
2012-05-08,1.073,0.0
2012-05-09,1.073,0.0
2012-05-10,1.074,0.0009320000000000001
2012-05-11,1.074,0.0
2012-05-14,1.076,0.001862
2012-05-15,1.079,0.002788
2012-05-16,1.079,0.0
2012-05-17,1.08,0.0009270000000000001
2012-05-18,1.081,0.0009260000000000001
2012-05-21,1.082,0.000925
2012-05-22,1.084,0.0018479999999999998
2012-05-23,1.084,0.0
2012-05-24,1.086,0.001845
2012-05-25,1.088,0.001842
2012-05-28,1.09,0.001838
2012-05-29,1.09,0.0
2012-05-30,1.091,0.0009170000000000001
2012-05-31,1.095,0.003666
2012-06-01,1.093,-0.0018260000000000001
2012-06-04,1.093,0.0
2012-06-05,1.094,0.000915
2012-06-06,1.094,0.0
2012-06-07,1.095,0.000914
2012-06-08,1.099,0.003653
2012-06-11,1.1,0.00091
2012-06-12,1.1,0.0
2012-06-13,1.1,0.0
2012-06-14,1.101,0.000909
2012-06-15,1.102,0.0009080000000000001
2012-06-18,1.102,0.0
2012-06-19,1.101,-0.000907
2012-06-20,1.101,0.0
2012-06-21,1.101,0.0
2012-06-25,1.1,-0.0009080000000000001
2012-06-26,1.1,0.0
2012-06-27,1.1,0.0
2012-06-28,1.1,0.0
2012-06-29,1.101,0.000909
2012-06-30,1.101,0.0
2012-07-02,1.101,0.0
2012-07-03,1.07,-0.0009080000000000001
2012-07-04,1.07,0.0
2012-07-05,1.077,0.006542
2012-07-06,1.078,0.0009289999999999999
2012-07-09,1.079,0.0009279999999999999
2012-07-10,1.078,-0.0009270000000000001
2012-07-11,1.079,0.0009279999999999999
2012-07-12,1.079,0.0
2012-07-13,1.08,0.0009270000000000001
2012-07-16,1.08,0.0
2012-07-17,1.08,0.0
2012-07-18,1.08,0.0
2012-07-19,1.08,0.0
2012-07-20,1.08,0.0
2012-07-23,1.08,0.0
2012-07-24,1.08,0.0
2012-07-25,1.08,0.0
2012-07-26,1.08,0.0
2012-07-27,1.08,0.0
2012-07-30,1.08,0.0
2012-07-31,1.079,-0.0009260000000000001
2012-08-01,1.079,0.0
2012-08-02,1.078,-0.0009270000000000001
2012-08-03,1.077,-0.0009279999999999999
2012-08-06,1.078,0.0009289999999999999
2012-08-07,1.077,-0.0009279999999999999
2012-08-08,1.075,-0.0018570000000000001
2012-08-09,1.074,-0.0009299999999999999
2012-08-10,1.073,-0.000931
2012-08-13,1.073,0.0
2012-08-14,1.073,0.0
2012-08-15,1.072,-0.0009320000000000001
2012-08-16,1.072,0.0
2012-08-17,1.078,0.0055969999999999995
2012-08-20,1.077,-0.0009279999999999999
2012-08-21,1.076,-0.0009289999999999999
2012-08-22,1.075,-0.0009289999999999999
2012-08-23,1.075,0.0
2012-08-24,1.076,0.0009299999999999999
2012-08-27,1.078,0.0018590000000000002
2012-08-28,1.075,-0.002783
2012-08-29,1.075,0.0
2012-08-30,1.074,-0.0009299999999999999
2012-08-31,1.075,0.000931
2012-09-03,1.076,0.0009299999999999999
2012-09-04,1.076,0.0
2012-09-05,1.075,-0.0009289999999999999
2012-09-06,1.075,0.0
2012-09-07,1.074,-0.0009299999999999999
2012-09-10,1.074,0.0
2012-09-11,1.073,-0.000931
2012-09-12,1.073,0.0
2012-09-13,1.073,0.0
2012-09-14,1.072,-0.0009320000000000001
2012-09-17,1.071,-0.0009329999999999999
2012-09-18,1.07,-0.0009339999999999999
2012-09-19,1.07,0.0
2012-09-20,1.07,0.0
2012-09-21,1.071,0.000935
2012-09-24,1.071,0.0
2012-09-25,1.072,0.0009339999999999999
2012-09-26,1.072,0.0
2012-09-27,1.073,0.0009329999999999999
2012-09-28,1.073,0.0
2012-09-30,1.074,0.0009320000000000001
2012-10-08,1.075,0.000931
2012-10-09,1.075,0.0
2012-10-10,1.076,0.0009299999999999999
2012-10-11,1.076,0.0
2012-10-12,1.077,0.0009289999999999999
2012-10-15,1.078,0.0009289999999999999
2012-10-16,1.078,0.0
2012-10-17,1.079,0.0009279999999999999
2012-10-18,1.079,0.0
2012-10-19,1.079,0.0
2012-10-22,1.079,0.0
2012-10-23,1.079,0.0
2012-10-24,1.079,0.0
2012-10-25,1.079,0.0
2012-10-26,1.079,0.0
2012-10-29,1.078,-0.0009270000000000001
2012-10-30,1.079,0.0009279999999999999
2012-10-31,1.079,0.0
2012-11-01,1.079,0.0
2012-11-02,1.079,0.0
2012-11-05,1.079,0.0
2012-11-06,1.08,0.0009270000000000001
2012-11-07,1.08,0.0
2012-11-08,1.08,0.0
2012-11-09,1.081,0.0009260000000000001
2012-11-12,1.081,0.0
2012-11-13,1.081,0.0
2012-11-14,1.082,0.000925
2012-11-15,1.082,0.0
2012-11-16,1.082,0.0
2012-11-19,1.083,0.0009239999999999999
2012-11-20,1.083,0.0
2012-11-21,1.084,0.0009229999999999999
2012-11-22,1.084,0.0
2012-11-23,1.084,0.0
2012-11-26,1.084,0.0
2012-11-27,1.084,0.0
2012-11-28,1.084,0.0
2012-11-29,1.085,0.0009229999999999999
2012-11-30,1.085,0.0
2012-12-03,1.085,0.0
2012-12-04,1.085,0.0
2012-12-05,1.086,0.0009220000000000001
2012-12-06,1.085,-0.000921
2012-12-07,1.086,0.0009220000000000001
2012-12-10,1.086,0.0
2012-12-11,1.085,-0.000921
2012-12-12,1.086,0.0009220000000000001
2012-12-13,1.086,0.0
2012-12-14,1.086,0.0
2012-12-17,1.087,0.000921
2012-12-18,1.087,0.0
2012-12-19,1.087,0.0
2012-12-20,1.087,0.0
2012-12-21,1.087,0.0
2012-12-24,1.087,0.0
2012-12-25,1.058,0.00092
2012-12-26,1.058,0.0
2012-12-27,1.058,0.0
2012-12-28,1.058,0.0
2012-12-31,1.06,0.00189
2013-01-04,1.059,-0.0009429999999999999
2013-01-07,1.061,0.001889
2013-01-08,1.061,0.0
2013-01-09,1.062,0.0009429999999999999
2013-01-10,1.063,0.000942
2013-01-11,1.063,0.0
2013-01-14,1.065,0.0018809999999999999
2013-01-15,1.066,0.000939
2013-01-16,1.067,0.0009379999999999999
2013-01-17,1.067,0.0
2013-01-18,1.068,0.000937
2013-01-21,1.069,0.000936
2013-01-22,1.069,0.0
2013-01-23,1.07,0.000935
2013-01-24,1.069,-0.000935
2013-01-25,1.069,0.0
2013-01-28,1.071,0.0018709999999999998
2013-01-29,1.072,0.0009339999999999999
2013-01-30,1.073,0.0009329999999999999
2013-01-31,1.075,0.0018640000000000002
2013-02-01,1.077,0.0018599999999999999
2013-02-04,1.078,0.0009289999999999999
2013-02-05,1.077,-0.0009279999999999999
2013-02-06,1.079,0.0018570000000000001
2013-02-07,1.08,0.0009270000000000001
2013-02-08,1.082,0.0018520000000000001
2013-02-18,1.084,0.0018479999999999998
2013-02-19,1.083,-0.0009229999999999999
2013-02-20,1.086,0.0027700000000000003
2013-02-21,1.084,-0.001842
2013-02-22,1.083,-0.0009229999999999999
2013-02-25,1.085,0.0018470000000000001
2013-02-26,1.083,-0.001843
2013-02-27,1.082,-0.0009229999999999999
2013-02-28,1.086,0.0036969999999999998
2013-03-01,1.087,0.000921
2013-03-04,1.084,-0.0027600000000000003
2013-03-05,1.086,0.001845
2013-03-06,1.089,0.002762
2013-03-07,1.089,0.0
2013-03-08,1.089,0.0
2013-03-11,1.088,-0.0009180000000000001
2013-03-12,1.087,-0.000919
2013-03-13,1.087,0.0
2013-03-14,1.087,0.0
2013-03-15,1.088,0.00092
2013-03-18,1.087,-0.000919
2013-03-19,1.086,-0.00092
2013-03-20,1.089,0.002762
2013-03-21,1.091,0.001837
2013-03-22,1.093,0.001833
2013-03-25,1.094,0.000915
2013-03-26,1.093,-0.000914
2013-03-27,1.093,0.0
2013-03-28,1.093,0.0
2013-03-29,1.094,0.000915
2013-04-01,1.094,0.0
2013-04-02,1.094,0.0
2013-04-03,1.095,0.000914
2013-04-08,1.097,0.0018260000000000001
2013-04-09,1.097,0.0
2013-04-10,1.098,0.000912
2013-04-11,1.098,0.0
2013-04-12,1.099,0.000911
2013-04-15,1.1,0.00091
2013-04-16,1.101,0.000909
2013-04-17,1.102,0.0009080000000000001
2013-04-18,1.101,-0.000907
2013-04-19,1.101,0.0
2013-04-22,1.099,-0.001817
2013-04-23,1.098,-0.00091
2013-04-24,1.099,0.000911
2013-04-25,1.098,-0.00091
2013-04-26,1.099,0.000911
2013-05-02,1.1,0.00091
2013-05-03,1.101,0.000909
2013-05-06,1.102,0.0009080000000000001
2013-05-07,1.103,0.000907
2013-05-08,1.104,0.000907
2013-05-09,1.104,0.0
2013-05-10,1.104,0.0
2013-05-13,1.105,0.000906
2013-05-14,1.105,0.0
2013-05-15,1.106,0.000905
2013-05-16,1.106,0.0
2013-05-17,1.108,0.001808
2013-05-20,1.108,0.0
2013-05-21,1.108,0.0
2013-05-22,1.107,-0.000903
2013-05-23,1.108,0.000903
2013-05-24,1.108,0.0
2013-05-27,1.109,0.000903
2013-05-28,1.111,0.001803
2013-05-29,1.112,0.0009
2013-05-30,1.112,0.0
2013-05-31,1.111,-0.000899
2013-06-03,1.111,0.0
2013-06-04,1.108,-0.0027
2013-06-05,1.109,0.000903
2013-06-06,1.107,-0.001803
2013-06-07,1.105,-0.001807
2013-06-13,1.103,-0.00181
2013-06-14,1.103,0.0
2013-06-17,1.103,0.0
2013-06-18,1.102,-0.000907
2013-06-19,1.099,-0.002722
2013-06-20,1.091,-0.007279
2013-06-21,1.091,0.0
2013-06-24,1.084,-0.006416
2013-06-25,1.086,0.001845
2013-06-26,1.089,0.002762
2013-06-27,1.09,0.0009180000000000001
2013-06-28,1.092,0.001835
2013-06-30,1.092,0.0
2013-07-01,1.093,0.000916
2013-07-02,1.064,0.000915
2013-07-03,1.066,0.00188
2013-07-04,1.066,0.0
2013-07-05,1.066,0.0
2013-07-08,1.065,-0.0009379999999999999
2013-07-09,1.066,0.000939
2013-07-10,1.066,0.0
2013-07-11,1.066,0.0
2013-07-12,1.065,-0.0009379999999999999
2013-07-15,1.065,0.0
2013-07-16,1.065,0.0
2013-07-17,1.064,-0.000939
2013-07-18,1.063,-0.00094
2013-07-19,1.062,-0.000941
2013-07-22,1.062,0.0
2013-07-23,1.061,-0.000942
2013-07-24,1.06,-0.0009429999999999999
2013-07-25,1.06,0.0
2013-07-26,1.061,0.0009429999999999999
2013-07-29,1.061,0.0
2013-07-30,1.061,0.0
2013-07-31,1.061,0.0
2013-08-01,1.063,0.001885
2013-08-02,1.064,0.000941
2013-08-05,1.065,0.00094
2013-08-06,1.064,-0.000939
2013-08-07,1.064,0.0
2013-08-08,1.064,0.0
2013-08-09,1.063,-0.00094
2013-08-12,1.063,0.0
2013-08-13,1.062,-0.000941
2013-08-14,1.061,-0.000942
2013-08-15,1.059,-0.001885
2013-08-16,1.058,-0.000944
2013-08-19,1.058,0.0
2013-08-20,1.057,-0.000945
2013-08-21,1.057,0.0
2013-08-22,1.057,0.0
2013-08-23,1.058,0.000946
2013-08-26,1.059,0.000945
2013-08-27,1.059,0.0
2013-08-28,1.059,0.0
2013-08-29,1.059,0.0
2013-08-30,1.058,-0.000944
2013-09-02,1.06,0.00189
2013-09-03,1.06,0.0
2013-09-04,1.061,0.0009429999999999999
2013-09-05,1.062,0.0009429999999999999
2013-09-06,1.062,0.0
2013-09-09,1.062,0.0
2013-09-10,1.063,0.000942
2013-09-11,1.063,0.0
2013-09-12,1.062,-0.000941
2013-09-13,1.062,0.0
2013-09-16,1.062,0.0
2013-09-17,1.062,0.0
2013-09-18,1.062,0.0
2013-09-23,1.063,0.000942
2013-09-24,1.063,0.0
2013-09-25,1.063,0.0
2013-09-26,1.063,0.0
2013-09-27,1.064,0.000941
2013-09-30,1.065,0.00094
2013-10-08,1.066,0.000939
2013-10-09,1.065,-0.0009379999999999999
2013-10-10,1.065,0.0
2013-10-11,1.066,0.000939
2013-10-14,1.066,0.0
2013-10-15,1.066,0.0
2013-10-16,1.065,-0.0009379999999999999
2013-10-17,1.065,0.0
2013-10-18,1.065,0.0
2013-10-21,1.067,0.001878
2013-10-22,1.067,0.0
2013-10-23,1.065,-0.001874
2013-10-24,1.063,-0.001878
2013-10-25,1.06,-0.002822
2013-10-28,1.061,0.0009429999999999999
2013-10-29,1.06,-0.0009429999999999999
2013-10-30,1.06,0.0
2013-10-31,1.058,-0.001887
2013-11-01,1.057,-0.000945
2013-11-04,1.058,0.000946
2013-11-05,1.058,0.0
2013-11-06,1.057,-0.000945
2013-11-07,1.056,-0.000946
2013-11-08,1.055,-0.000947
2013-11-11,1.055,0.0
2013-11-12,1.055,0.0
2013-11-13,1.053,-0.001896
2013-11-14,1.053,0.0
2013-11-15,1.052,-0.00095
2013-11-18,1.052,0.0
2013-11-19,1.049,-0.002852
2013-11-20,1.048,-0.000953
2013-11-21,1.047,-0.000954
2013-11-22,1.047,0.0
2013-11-25,1.047,0.0
2013-11-26,1.046,-0.000955
2013-11-27,1.046,0.0
2013-11-28,1.046,0.0
2013-11-29,1.047,0.000956
2013-12-02,1.046,-0.000955
2013-12-03,1.046,0.0
2013-12-04,1.046,0.0
2013-12-05,1.046,0.0
2013-12-06,1.045,-0.000956
2013-12-09,1.046,0.000957
2013-12-10,1.046,0.0
2013-12-11,1.046,0.0
2013-12-12,1.046,0.0
2013-12-13,1.046,0.0
2013-12-16,1.046,0.0
2013-12-17,1.046,0.0
2013-12-18,1.046,0.0
2013-12-19,1.045,-0.000956
2013-12-20,1.046,0.000957
2013-12-23,1.045,-0.000956
2013-12-24,1.045,0.0
2013-12-25,1.015,0.0
2013-12-26,1.015,0.0
2013-12-27,1.014,-0.000985
2013-12-30,1.014,0.0
2013-12-31,1.014,0.0
2014-01-02,1.013,-0.000986
2014-01-03,1.013,0.0
2014-01-06,1.013,0.0
2014-01-07,1.012,-0.000987
2014-01-08,1.013,0.000988
2014-01-09,1.012,-0.000987
2014-01-10,1.013,0.000988
2014-01-13,1.013,0.0
2014-01-14,1.013,0.0
2014-01-15,1.013,0.0
2014-01-16,1.012,-0.000987
2014-01-17,1.012,0.0
2014-01-20,1.011,-0.000988
2014-01-21,1.011,0.0
2014-01-22,1.012,0.000989
2014-01-23,1.013,0.000988
2014-01-24,1.014,0.000987
2014-01-27,1.014,0.0
2014-01-28,1.015,0.000986
2014-01-29,1.015,0.0
2014-01-30,1.015,0.0
2014-02-07,1.017,0.00197
2014-02-10,1.018,0.000983
2014-02-11,1.019,0.000982
2014-02-12,1.019,0.0
2014-02-13,1.02,0.000981
2014-02-14,1.022,0.001961
2014-02-17,1.023,0.000978
2014-02-18,1.023,0.0
2014-02-19,1.023,0.0
2014-02-20,1.025,0.001955
2014-02-21,1.025,0.0
2014-02-24,1.025,0.0
2014-02-25,1.026,0.0009760000000000001
2014-02-26,1.028,0.001949
2014-02-27,1.029,0.000973
2014-02-28,1.03,0.000972
2014-03-03,1.031,0.0009710000000000001
2014-03-04,1.031,0.0
2014-03-05,1.031,0.0
2014-03-06,1.03,-0.00097
2014-03-07,1.031,0.0009710000000000001
2014-03-10,1.031,0.0
2014-03-11,1.032,0.00097
2014-03-12,1.032,0.0
2014-03-13,1.032,0.0
2014-03-14,1.032,0.0
2014-03-17,1.033,0.000969
2014-03-18,1.033,0.0
2014-03-19,1.03,-0.002904
2014-03-20,1.029,-0.0009710000000000001
2014-03-21,1.03,0.000972
2014-03-24,1.031,0.0009710000000000001
2014-03-25,1.031,0.0
2014-03-26,1.031,0.0
2014-03-27,1.03,-0.00097
2014-03-28,1.031,0.0009710000000000001
2014-03-31,1.031,0.0
2014-04-01,1.033,0.00194
2014-04-02,1.033,0.0
2014-04-03,1.033,0.0
2014-04-04,1.034,0.000968
2014-04-08,1.035,0.000967
2014-04-09,1.035,0.0
2014-04-10,1.036,0.0009660000000000001
2014-04-11,1.037,0.000965
2014-04-14,1.038,0.000964
2014-04-15,1.038,0.0
2014-04-16,1.039,0.000963
2014-04-17,1.039,0.0
2014-04-18,1.04,0.000962
2014-04-21,1.04,0.0
2014-04-22,1.04,0.0
2014-04-23,1.04,0.0
2014-04-24,1.04,0.0
2014-04-25,1.04,0.0
2014-04-28,1.04,0.0
2014-04-29,1.041,0.000962
2014-04-30,1.042,0.000961
2014-05-05,1.044,0.001919
2014-05-06,1.044,0.0
2014-05-07,1.044,0.0
2014-05-08,1.046,0.001916
2014-05-09,1.047,0.000956
2014-05-12,1.049,0.00191
2014-05-13,1.049,0.0
2014-05-14,1.049,0.0
2014-05-15,1.049,0.0
2014-05-16,1.049,0.0
2014-05-19,1.049,0.0
2014-05-20,1.048,-0.000953
2014-05-21,1.048,0.0
2014-05-22,1.048,0.0
2014-05-23,1.049,0.000954
2014-05-26,1.049,0.0
2014-05-27,1.05,0.000953
2014-05-28,1.05,0.0
2014-05-29,1.051,0.000952
2014-05-30,1.052,0.000951
2014-06-03,1.052,0.0
2014-06-04,1.054,0.001901
2014-06-05,1.055,0.000949
2014-06-06,1.054,-0.000948
2014-06-09,1.054,0.0
2014-06-10,1.057,0.002846
2014-06-11,1.057,0.0
2014-06-12,1.057,0.0
2014-06-13,1.058,0.000946
2014-06-16,1.059,0.000945
2014-06-17,1.059,0.0
2014-06-18,1.058,-0.000944
2014-06-19,1.058,0.0
2014-06-20,1.059,0.000945
2014-06-23,1.059,0.0
2014-06-24,1.06,0.000944
2014-06-25,1.06,0.0
2014-06-26,1.061,0.0009429999999999999
2014-06-27,1.062,0.0009429999999999999
2014-06-30,1.063,0.000942
2014-07-01,1.062,-0.000941
2014-07-02,1.032,0.0
2014-07-03,1.032,0.0
2014-07-04,1.032,0.0
2014-07-07,1.033,0.000969
2014-07-08,1.033,0.0
2014-07-09,1.033,0.0
2014-07-10,1.033,0.0
2014-07-11,1.034,0.000968
2014-07-14,1.035,0.000967
2014-07-15,1.035,0.0
2014-07-16,1.035,0.0
2014-07-17,1.034,-0.0009660000000000001
2014-07-18,1.033,-0.000967
2014-07-21,1.034,0.000968
2014-07-22,1.034,0.0
2014-07-23,1.035,0.000967
2014-07-24,1.036,0.0009660000000000001
2014-07-25,1.036,0.0
2014-07-28,1.038,0.001931
2014-07-29,1.039,0.000963
2014-07-30,1.039,0.0
2014-07-31,1.04,0.000962
2014-08-01,1.04,0.0
2014-08-04,1.043,0.002885
2014-08-05,1.043,0.0
2014-08-06,1.043,0.0
2014-08-07,1.043,0.0
2014-08-08,1.044,0.000959
2014-08-11,1.045,0.000958
2014-08-12,1.045,0.0
2014-08-13,1.046,0.000957
2014-08-14,1.047,0.000956
2014-08-15,1.048,0.000955
2014-08-18,1.048,0.0
2014-08-19,1.049,0.000954
2014-08-20,1.049,0.0
2014-08-21,1.049,0.0
2014-08-22,1.05,0.000953
2014-08-25,1.05,0.0
2014-08-26,1.05,0.0
2014-08-27,1.051,0.000952
2014-08-28,1.051,0.0
2014-08-29,1.052,0.000951
2014-09-01,1.053,0.000951
2014-09-02,1.054,0.00095
2014-09-03,1.055,0.000949
2014-09-04,1.056,0.000948
2014-09-05,1.058,0.001894
2014-09-09,1.058,0.0
2014-09-10,1.058,0.0
2014-09-11,1.058,0.0
2014-09-12,1.06,0.00189
2014-09-15,1.059,-0.0009429999999999999
2014-09-16,1.056,-0.002833
2014-09-17,1.057,0.000947
2014-09-18,1.058,0.000946
2014-09-19,1.06,0.00189
2014-09-22,1.059,-0.0009429999999999999
2014-09-23,1.06,0.000944
2014-09-24,1.061,0.0009429999999999999
2014-09-25,1.062,0.0009429999999999999
2014-09-26,1.062,0.0
2014-09-29,1.063,0.000942
2014-09-30,1.063,0.0
2014-10-08,1.065,0.0018809999999999999
2014-10-09,1.064,-0.000939
2014-10-10,1.064,0.0
2014-10-13,1.065,0.00094
2014-10-14,1.066,0.000939
2014-10-15,1.068,0.0018759999999999998
2014-10-16,1.069,0.000936
2014-10-17,1.07,0.000935
2014-10-20,1.073,0.0028039999999999996
2014-10-21,1.075,0.0018640000000000002
2014-10-22,1.075,0.0
2014-10-23,1.075,0.0
2014-10-24,1.075,0.0
2014-10-27,1.075,0.0
2014-10-28,1.077,0.0018599999999999999
2014-10-29,1.078,0.0009289999999999999
2014-10-30,1.08,0.0018549999999999999
2014-10-31,1.081,0.0009260000000000001
2014-11-03,1.084,0.002775
2014-11-04,1.088,0.00369
2014-11-05,1.089,0.000919
2014-11-06,1.091,0.001837
2014-11-07,1.093,0.001833
2014-11-10,1.098,0.004575
2014-11-11,1.098,0.0
2014-11-12,1.099,0.000911
2014-11-13,1.098,-0.00091
2014-11-14,1.096,-0.0018210000000000001
2014-11-17,1.096,0.0
2014-11-18,1.094,-0.001825
2014-11-19,1.093,-0.000914
2014-11-20,1.093,0.0
2014-11-21,1.093,0.0
2014-11-24,1.1,0.006404
2014-11-25,1.102,0.001818
2014-11-26,1.102,0.0
2014-11-27,1.103,0.000907
2014-11-28,1.102,-0.000907
2014-12-01,1.101,-0.000907
2014-12-02,1.104,0.002725
2014-12-03,1.106,0.001812
2014-12-04,1.111,0.004521
2014-12-05,1.11,-0.0009
2014-12-08,1.113,0.0027029999999999997
2014-12-09,1.096,-0.015274000000000001
2014-12-10,1.1,0.00365
2014-12-11,1.101,0.000909
2014-12-12,1.102,0.0009080000000000001
2014-12-15,1.104,0.001815
2014-12-16,1.106,0.001812
2014-12-17,1.103,-0.002712
2014-12-18,1.106,0.00272
2014-12-19,1.11,0.0036170000000000004
2014-12-22,1.11,0.0
2014-12-23,1.104,-0.005405
2014-12-24,1.104,0.0
2014-12-25,1.112,0.007246
2014-12-26,1.118,0.005396
2014-12-29,1.119,0.0008939999999999999
2014-12-30,1.115,-0.003575
2014-12-31,1.119,0.0035870000000000003
2015-01-05,1.127,0.007149
2015-01-06,1.1,0.002662
2015-01-07,1.102,0.001818
2015-01-08,1.098,-0.00363
2015-01-09,1.098,0.0
2015-01-12,1.096,-0.0018210000000000001
2015-01-13,1.099,0.002737
2015-01-14,1.098,-0.00091
2015-01-15,1.104,0.005464
2015-01-16,1.107,0.002717
2015-01-19,1.09,-0.015357
2015-01-20,1.099,0.008257
2015-01-21,1.111,0.010919000000000002
2015-01-22,1.114,0.0027
2015-01-23,1.113,-0.000898
2015-01-26,1.115,0.001797
2015-01-27,1.113,-0.001794
2015-01-28,1.108,-0.0044919999999999995
2015-01-29,1.105,-0.002708
2015-01-30,1.103,-0.00181
2015-02-02,1.102,-0.000907
2015-02-03,1.103,0.000907
2015-02-04,1.103,0.0
2015-02-05,1.103,0.0
2015-02-06,1.1,-0.00272
2015-02-09,1.101,0.000909
2015-02-10,1.104,0.002725
2015-02-11,1.105,0.000906
2015-02-12,1.106,0.000905
2015-02-13,1.107,0.000904
2015-02-16,1.114,0.006323
2015-02-17,1.117,0.0026929999999999996
2015-02-25,1.119,0.001791
2015-02-26,1.123,0.003575
2015-02-27,1.125,0.001781
2015-03-02,1.131,0.005333
2015-03-03,1.127,-0.003537
2015-03-04,1.127,0.0
2015-03-05,1.127,0.0
2015-03-06,1.124,-0.002662
2015-03-09,1.124,0.0
2015-03-10,1.126,0.001779
2015-03-11,1.127,0.000888
2015-03-12,1.126,-0.000887
2015-03-13,1.127,0.000888
2015-03-16,1.131,0.003549
2015-03-17,1.135,0.003537
2015-03-18,1.139,0.003524
2015-03-19,1.138,-0.000878
2015-03-20,1.143,0.004394
2015-03-23,1.149,0.005249
2015-03-24,1.152,0.002611
2015-03-25,1.149,-0.0026040000000000004
2015-03-26,1.145,-0.003481
2015-03-27,1.146,0.0008730000000000001
2015-03-30,1.147,0.0008730000000000001
2015-03-31,1.144,-0.002616
2015-04-01,1.148,0.003497
2015-04-02,1.153,0.004355
2015-04-03,1.158,0.004337
2015-04-07,1.16,0.001727
2015-04-08,1.154,-0.0051719999999999995
2015-04-09,1.148,-0.0051990000000000005
2015-04-10,1.153,0.004355
2015-04-13,1.158,0.004337
2015-04-14,1.157,-0.0008640000000000001
2015-04-15,1.15,-0.00605
2015-04-16,1.156,0.005217
2015-04-17,1.158,0.0017299999999999998
2015-04-20,1.153,-0.004318
2015-04-21,1.164,0.00954
2015-04-22,1.178,0.012027000000000001
2015-04-23,1.181,0.002547
2015-04-24,1.177,-0.003387
2015-04-27,1.183,0.005098
2015-04-28,1.175,-0.006762000000000001
2015-04-29,1.18,0.004255
2015-04-30,1.179,-0.000847
2015-05-04,1.185,0.005089
2015-05-05,1.175,-0.008439
2015-05-06,1.173,-0.001702
2015-05-07,1.168,-0.004263
2015-05-08,1.173,0.004281
2015-05-11,1.181,0.0068200000000000005
2015-05-12,1.188,0.005927
2015-05-13,1.186,-0.001684
2015-05-14,1.19,0.0033729999999999997
2015-05-15,1.188,-0.001681
2015-05-18,1.19,0.001684
2015-05-19,1.197,0.005881999999999999
2015-05-20,1.204,0.005848
2015-05-21,1.21,0.0049830000000000004
2015-05-22,1.21,0.0
2015-05-25,1.217,0.005785
2015-05-26,1.229,0.00986
2015-05-27,1.232,0.002441
2015-05-28,1.213,-0.015422
2015-05-29,1.215,0.0016489999999999999
2015-06-01,1.226,0.009053
2015-06-02,1.234,0.0065249999999999996
2015-06-03,1.231,-0.002431
2015-06-04,1.23,-0.0008119999999999999
2015-06-05,1.231,0.0008129999999999999
2015-06-08,1.225,-0.004874
2015-06-09,1.223,-0.001633
2015-06-10,1.228,0.004088
2015-06-11,1.232,0.003257
2015-06-12,1.234,0.001623
2015-06-15,1.227,-0.005673
2015-06-16,1.218,-0.007335
2015-06-17,1.22,0.0016420000000000002
2015-06-18,1.213,-0.005738
2015-06-19,1.203,-0.008244
2015-06-23,1.201,-0.001663
2015-06-24,1.203,0.001665
2015-06-25,1.199,-0.0033250000000000003
2015-06-26,1.192,-0.0058379999999999994
2015-06-29,1.19,-0.001678
2015-06-30,1.19,0.0
2015-07-01,1.189,-0.00084
2015-07-02,1.187,-0.001682
2015-07-03,1.185,-0.001685
2015-07-06,1.152,0.001688
2015-07-07,1.152,0.0
2015-07-08,1.15,-0.0017360000000000001
2015-07-09,1.152,0.001739
2015-07-10,1.157,0.00434
2015-07-13,1.163,0.005186
2015-07-14,1.163,0.0
2015-07-15,1.158,-0.004299
2015-07-16,1.159,0.0008640000000000001
2015-07-17,1.162,0.0025879999999999996
2015-07-20,1.164,0.001721
2015-07-21,1.165,0.0008590000000000001
2015-07-22,1.167,0.001717
2015-07-23,1.172,0.004284
2015-07-24,1.17,-0.001706
2015-07-27,1.163,-0.0059830000000000005
2015-07-28,1.161,-0.00172
2015-07-29,1.165,0.0034449999999999997
2015-07-30,1.163,-0.001717
2015-07-31,1.163,0.0
2015-08-03,1.161,-0.00172
2015-08-04,1.165,0.0034449999999999997
2015-08-05,1.165,0.0
2015-08-06,1.167,0.001717
2015-08-07,1.169,0.001714
2015-08-10,1.172,0.002566
2015-08-11,1.171,-0.000853
2015-08-12,1.17,-0.000854
2015-08-13,1.172,0.001709
2015-08-14,1.172,0.0
2015-08-17,1.175,0.00256
2015-08-18,1.166,-0.00766
2015-08-19,1.168,0.0017150000000000002
2015-08-20,1.166,-0.001712
2015-08-21,1.163,-0.0025729999999999998
2015-08-24,1.16,-0.0025800000000000003
2015-08-25,1.157,-0.0025859999999999998
2015-08-26,1.157,0.0
2015-08-27,1.158,0.0008640000000000001
2015-08-28,1.16,0.001727
2015-08-31,1.16,0.0
2015-09-01,1.159,-0.000862
2015-09-02,1.158,-0.000863
2015-09-07,1.159,0.0008640000000000001
2015-09-08,1.161,0.001726
2015-09-09,1.163,0.0017230000000000001
2015-09-10,1.162,-0.00086
2015-09-11,1.163,0.000861
2015-09-14,1.16,-0.0025800000000000003
2015-09-15,1.157,-0.0025859999999999998
2015-09-16,1.16,0.002593
2015-09-17,1.159,-0.000862
2015-09-18,1.16,0.000863
2015-09-21,1.162,0.001724
2015-09-22,1.163,0.000861
2015-09-23,1.162,-0.00086
2015-09-24,1.163,0.000861
2015-09-25,1.162,-0.00086
2015-09-28,1.163,0.000861
2015-09-29,1.163,0.0
2015-09-30,1.164,0.00086
2015-10-08,1.167,0.002577
2015-10-09,1.169,0.001714
2015-10-12,1.173,0.003422
2015-10-13,1.175,0.0017050000000000001
2015-10-14,1.175,0.0
2015-10-15,1.177,0.001702
2015-10-16,1.178,0.0008500000000000001
2015-10-19,1.178,0.0
2015-10-20,1.18,0.001698
2015-10-21,1.172,-0.0067800000000000004
2015-10-22,1.177,0.004266
2015-10-23,1.182,0.004248
2015-10-26,1.187,0.00423
2015-10-27,1.189,0.001685
2015-10-28,1.188,-0.000841
2015-10-29,1.189,0.000842
2015-10-30,1.189,0.0
2015-11-02,1.187,-0.001682
2015-11-03,1.187,0.0
2015-11-04,1.191,0.00337
2015-11-05,1.192,0.00084
2015-11-06,1.194,0.001678
2015-11-09,1.194,0.0
2015-11-10,1.194,0.0
2015-11-11,1.195,0.000838
2015-11-12,1.195,0.0
2015-11-13,1.191,-0.003347
2015-11-16,1.195,0.0033589999999999996
2015-11-17,1.194,-0.000837
2015-11-18,1.19,-0.00335
2015-11-19,1.195,0.004202
2015-11-20,1.198,0.00251
2015-11-23,1.196,-0.001669
2015-11-24,1.197,0.0008359999999999999
2015-11-25,1.201,0.003342
2015-11-26,1.201,0.0
2015-11-27,1.194,-0.005828
2015-11-30,1.194,0.0
2015-12-01,1.194,0.0
2015-12-02,1.195,0.000838
2015-12-03,1.197,0.001674
2015-12-04,1.198,0.000835
2015-12-07,1.199,0.000835
2015-12-08,1.199,0.0
2015-12-09,1.199,0.0
2015-12-10,1.199,0.0
2015-12-11,1.198,-0.000834
2015-12-14,1.199,0.000835
2015-12-15,1.201,0.001668
2015-12-16,1.202,0.000833
2015-12-17,1.204,0.001664
2015-12-18,1.205,0.0008309999999999999
2015-12-21,1.206,0.00083
2015-12-22,1.208,0.001658
2015-12-23,1.207,-0.000828
2015-12-24,1.208,0.000829
2015-12-25,1.209,0.000828
2015-12-28,1.173,-0.0008269999999999999
2015-12-29,1.174,0.000853
2015-12-30,1.176,0.001704
2015-12-31,1.174,-0.001701
2016-01-04,1.167,-0.005963
2016-01-05,1.166,-0.000857
2016-01-06,1.169,0.0025729999999999998
2016-01-07,1.162,-0.005988
2016-01-08,1.164,0.001721
2016-01-11,1.159,-0.0042959999999999995
2016-01-12,1.159,0.0
2016-01-13,1.158,-0.000863
2016-01-14,1.16,0.001727
2016-01-15,1.158,-0.001724
2016-01-18,1.159,0.0008640000000000001
2016-01-19,1.161,0.001726
2016-01-20,1.16,-0.000861
2016-01-21,1.157,-0.0025859999999999998
2016-01-22,1.159,0.001729
2016-01-25,1.159,0.0
2016-01-26,1.155,-0.003451
2016-01-27,1.153,-0.001732
2016-01-28,1.152,-0.000867
2016-01-29,1.153,0.0008680000000000001
2016-02-01,1.153,0.0
2016-02-02,1.154,0.000867
2016-02-03,1.154,0.0
2016-02-04,1.155,0.000867
2016-02-05,1.154,-0.000866
2016-02-15,1.156,0.0017330000000000002
2016-02-16,1.158,0.0017299999999999998
2016-02-17,1.158,0.0
2016-02-18,1.158,0.0
2016-02-19,1.159,0.0008640000000000001
2016-02-22,1.161,0.001726
2016-02-23,1.161,0.0
2016-02-24,1.161,0.0
2016-02-25,1.154,-0.006029
2016-02-26,1.154,0.0
2016-02-29,1.15,-0.0034660000000000003
2016-03-01,1.152,0.001739
2016-03-02,1.156,0.0034720000000000003
2016-03-03,1.156,0.0
2016-03-04,1.154,-0.0017299999999999998
2016-03-07,1.156,0.0017330000000000002
2016-03-08,1.156,0.0
2016-03-09,1.155,-0.0008649999999999999
2016-03-10,1.154,-0.000866
2016-03-11,1.155,0.000867
2016-03-14,1.157,0.001732
2016-03-15,1.157,0.0
2016-03-16,1.156,-0.0008640000000000001
2016-03-17,1.159,0.002595
2016-03-18,1.162,0.0025879999999999996
2016-03-21,1.164,0.001721
2016-03-22,1.165,0.0008590000000000001
2016-03-23,1.166,0.000858
2016-03-24,1.165,-0.000858
2016-03-25,1.166,0.000858
2016-03-28,1.165,-0.000858
2016-03-29,1.162,-0.002575
2016-03-30,1.166,0.003442
2016-03-31,1.167,0.000858
2016-04-01,1.167,0.0
2016-04-05,1.171,0.003428
2016-04-06,1.171,0.0
2016-04-07,1.169,-0.001708
2016-04-08,1.167,-0.001711
2016-04-11,1.169,0.001714
2016-04-12,1.168,-0.0008550000000000001
2016-04-13,1.169,0.000856
2016-04-14,1.169,0.0
2016-04-15,1.169,0.0
2016-04-18,1.167,-0.001711
2016-04-19,1.167,0.0
2016-04-20,1.16,-0.005998
2016-04-21,1.157,-0.0025859999999999998
2016-04-22,1.157,0.0
2016-04-25,1.154,-0.002593
2016-04-26,1.155,0.000867
2016-04-27,1.155,0.0
2016-04-28,1.155,0.0
2016-04-29,1.156,0.000866
2016-05-03,1.161,0.004325
2016-05-04,1.162,0.000861
2016-05-05,1.163,0.000861
2016-05-06,1.157,-0.005159
2016-05-09,1.154,-0.002593
2016-05-10,1.155,0.000867
2016-05-11,1.156,0.000866
2016-05-12,1.156,0.0
2016-05-13,1.156,0.0
2016-05-16,1.158,0.0017299999999999998
2016-05-17,1.157,-0.0008640000000000001
2016-05-18,1.155,-0.001729
2016-05-19,1.155,0.0
2016-05-20,1.156,0.000866
2016-05-23,1.157,0.0008649999999999999
2016-05-24,1.156,-0.0008640000000000001
2016-05-25,1.156,0.0
2016-05-26,1.156,0.0
2016-05-27,1.157,0.0008649999999999999
2016-05-30,1.158,0.0008640000000000001
2016-05-31,1.161,0.002591
2016-06-01,1.161,0.0
2016-06-02,1.161,0.0
2016-06-03,1.162,0.000861
2016-06-06,1.163,0.000861
2016-06-07,1.163,0.0
2016-06-08,1.163,0.0
2016-06-13,1.159,-0.0034389999999999998
2016-06-14,1.16,0.000863
2016-06-15,1.163,0.0025859999999999998
2016-06-16,1.163,0.0
2016-06-17,1.165,0.00172
2016-06-20,1.165,0.0
2016-06-21,1.164,-0.000858
2016-06-22,1.166,0.0017180000000000001
2016-06-23,1.165,-0.000858
2016-06-24,1.165,0.0
2016-06-27,1.169,0.003433
2016-06-28,1.17,0.0008550000000000001
2016-06-29,1.17,0.0
2016-06-30,1.171,0.0008550000000000001
2016-07-01,1.171,0.0
2016-07-04,1.174,0.002562
2016-07-05,1.144,0.0
2016-07-06,1.145,0.0008740000000000001
2016-07-07,1.146,0.0008730000000000001
2016-07-08,1.146,0.0
2016-07-11,1.146,0.0
2016-07-12,1.147,0.0008730000000000001
2016-07-13,1.149,0.0017439999999999999
2016-07-14,1.149,0.0
2016-07-15,1.149,0.0
2016-07-18,1.149,0.0
2016-07-19,1.15,0.0008699999999999999
2016-07-20,1.152,0.001739
2016-07-21,1.153,0.0008680000000000001
2016-07-22,1.151,-0.0017349999999999998
2016-07-25,1.152,0.0008690000000000001
2016-07-26,1.154,0.0017360000000000001
2016-07-27,1.15,-0.0034660000000000003
2016-07-28,1.151,0.0008699999999999999
2016-07-29,1.15,-0.0008690000000000001
2016-08-01,1.148,-0.001739
2016-08-02,1.15,0.0017419999999999998
2016-08-03,1.15,0.0
2016-08-04,1.151,0.0008699999999999999
2016-08-05,1.151,0.0
2016-08-08,1.153,0.0017380000000000002
2016-08-09,1.155,0.0017349999999999998
2016-08-10,1.155,0.0
2016-08-11,1.154,-0.000866
2016-08-12,1.155,0.000867
2016-08-15,1.158,0.002597
2016-08-16,1.159,0.0008640000000000001
2016-08-17,1.159,0.0
2016-08-18,1.159,0.0
2016-08-19,1.16,0.000863
2016-08-22,1.159,-0.000862
2016-08-23,1.159,0.0
2016-08-24,1.159,0.0
2016-08-25,1.159,0.0
2016-08-26,1.16,0.000863
2016-08-29,1.159,-0.000862
2016-08-30,1.159,0.0
2016-08-31,1.159,0.0
2016-09-01,1.159,0.0
2016-09-02,1.158,-0.000863
2016-09-05,1.159,0.0008640000000000001
2016-09-06,1.161,0.001726
2016-09-07,1.16,-0.000861
2016-09-08,1.161,0.000862
2016-09-09,1.161,0.0
2016-09-12,1.158,-0.0025840000000000004
2016-09-13,1.158,0.0
2016-09-14,1.158,0.0
2016-09-19,1.159,0.0008640000000000001
2016-09-20,1.159,0.0
2016-09-21,1.159,0.0
2016-09-22,1.161,0.001726
2016-09-23,1.161,0.0
2016-09-26,1.159,-0.0017230000000000001
2016-09-27,1.16,0.000863
2016-09-28,1.16,0.0
2016-09-29,1.16,0.0
2016-09-30,1.161,0.000862
2016-10-10,1.165,0.0034449999999999997
2016-10-11,1.165,0.0
2016-10-12,1.165,0.0
2016-10-13,1.166,0.000858
2016-10-14,1.166,0.0
2016-10-17,1.165,-0.000858
2016-10-18,1.167,0.001717
2016-10-19,1.166,-0.000857
2016-10-20,1.167,0.000858
2016-10-21,1.167,0.0
2016-10-24,1.168,0.000857
2016-10-25,1.169,0.000856
2016-10-26,1.167,-0.001711
2016-10-27,1.166,-0.000857
2016-10-28,1.165,-0.000858
2016-10-31,1.164,-0.000858
2016-11-01,1.165,0.0008590000000000001
2016-11-02,1.164,-0.000858
2016-11-03,1.165,0.0008590000000000001
2016-11-04,1.164,-0.000858
2016-11-07,1.164,0.0
2016-11-08,1.165,0.0008590000000000001
2016-11-09,1.163,-0.001717
2016-11-10,1.165,0.00172
2016-11-11,1.165,0.0
2016-11-14,1.165,0.0
2016-11-15,1.165,0.0
2016-11-16,1.165,0.0
2016-11-17,1.164,-0.000858
2016-11-18,1.163,-0.0008590000000000001
2016-11-21,1.163,0.0
2016-11-22,1.165,0.00172
2016-11-23,1.165,0.0
2016-11-24,1.164,-0.000858
2016-11-25,1.165,0.0008590000000000001
2016-11-28,1.166,0.000858
2016-11-29,1.163,-0.0025729999999999998
2016-11-30,1.16,-0.0025800000000000003
2016-12-01,1.158,-0.001724
2016-12-02,1.155,-0.002591
2016-12-05,1.153,-0.001732
2016-12-06,1.151,-0.0017349999999999998
2016-12-07,1.152,0.0008690000000000001
2016-12-08,1.152,0.0
2016-12-09,1.151,-0.0008680000000000001
2016-12-12,1.144,-0.006082
2016-12-13,1.142,-0.0017480000000000002
2016-12-14,1.139,-0.002627
2016-12-15,1.132,-0.006146
2016-12-16,1.132,0.0
2016-12-19,1.13,-0.001767
2016-12-20,1.127,-0.0026550000000000002
2016-12-21,1.128,0.000887
2016-12-22,1.131,0.00266
2016-12-23,1.132,0.000884
2016-12-26,1.134,0.001767
2016-12-27,1.135,0.000882
2016-12-28,1.135,0.0
2016-12-29,1.136,0.000881
2016-12-30,1.137,0.0008799999999999999
2016-12-31,1.137,0.0
2017-01-03,1.139,0.001759
2017-01-04,1.14,0.000878
2017-01-05,1.14,0.0
2017-01-06,1.14,0.0
2017-01-09,1.141,0.000877
2017-01-10,1.142,0.0008759999999999999
2017-01-11,1.141,-0.0008759999999999999
2017-01-12,1.141,0.0
2017-01-13,1.141,0.0
2017-01-16,1.14,-0.0008759999999999999
2017-01-17,1.14,0.0
2017-01-18,1.139,-0.000877
2017-01-19,1.138,-0.000878
2017-01-20,1.139,0.000879
2017-01-23,1.14,0.000878
2017-01-24,1.14,0.0
2017-01-25,1.139,-0.000877
2017-01-26,1.139,0.0
2017-02-03,1.137,-0.001756
2017-02-06,1.136,-0.0008799999999999999
2017-02-07,1.134,-0.001761
2017-02-08,1.134,0.0
2017-02-09,1.135,0.000882
2017-02-10,1.135,0.0
2017-02-13,1.136,0.000881
2017-02-14,1.136,0.0
2017-02-15,1.136,0.0
2017-02-16,1.136,0.0
2017-02-17,1.136,0.0
2017-02-20,1.139,0.002641
2017-02-21,1.139,0.0
2017-02-22,1.14,0.000878
2017-02-23,1.139,-0.000877
2017-02-24,1.14,0.000878
2017-02-27,1.139,-0.000877
2017-02-28,1.139,0.0
2017-03-01,1.14,0.000878
2017-03-02,1.14,0.0
2017-03-03,1.14,0.0
2017-03-06,1.14,0.0
2017-03-07,1.14,0.0
2017-03-08,1.139,-0.000877
2017-03-09,1.138,-0.000878
2017-03-10,1.137,-0.000879
2017-03-13,1.138,0.0008799999999999999
2017-03-14,1.138,0.0
2017-03-15,1.138,0.0
2017-03-16,1.139,0.000879
2017-03-17,1.138,-0.000878
2017-03-20,1.139,0.000879
2017-03-21,1.139,0.0
2017-03-22,1.139,0.0
2017-03-23,1.139,0.0
2017-03-24,1.14,0.000878
2017-03-27,1.14,0.0
2017-03-28,1.14,0.0
2017-03-29,1.14,0.0
2017-03-30,1.14,0.0
2017-03-31,1.141,0.000877
2017-04-05,1.142,0.0008759999999999999
2017-04-06,1.142,0.0
2017-04-07,1.143,0.0008759999999999999
2017-04-10,1.143,0.0
2017-04-11,1.143,0.0
2017-04-12,1.143,0.0
2017-04-13,1.143,0.0
2017-04-14,1.142,-0.0008749999999999999
2017-04-17,1.141,-0.0008759999999999999
2017-04-18,1.141,0.0
2017-04-19,1.14,-0.0008759999999999999
2017-04-20,1.141,0.000877
2017-04-21,1.139,-0.0017530000000000002
2017-04-24,1.136,-0.002634
2017-04-25,1.137,0.0008799999999999999
2017-04-26,1.136,-0.0008799999999999999
2017-04-27,1.136,0.0
2017-04-28,1.136,0.0
2017-05-02,1.136,0.0
2017-05-03,1.136,0.0
2017-05-04,1.135,-0.0008799999999999999
2017-05-05,1.133,-0.001762
2017-05-08,1.132,-0.000883
2017-05-09,1.131,-0.000883
2017-05-10,1.129,-0.001768
2017-05-11,1.129,0.0
2017-05-12,1.129,0.0
2017-05-15,1.129,0.0
2017-05-16,1.131,0.001771
2017-05-17,1.13,-0.000884
2017-05-18,1.13,0.0
2017-05-19,1.129,-0.0008849999999999999
2017-05-22,1.129,0.0
2017-05-23,1.129,0.0
2017-05-24,1.129,0.0
2017-05-25,1.13,0.000886
2017-05-26,1.13,0.0
2017-05-31,1.131,0.0008849999999999999
2017-06-01,1.131,0.0
2017-06-02,1.131,0.0
2017-06-05,1.131,0.0
2017-06-06,1.132,0.000884
2017-06-07,1.133,0.000883
2017-06-08,1.134,0.000883
2017-06-09,1.135,0.000882
2017-06-12,1.137,0.001762
2017-06-13,1.137,0.0
2017-06-14,1.136,-0.0008799999999999999
2017-06-15,1.136,0.0
2017-06-16,1.137,0.0008799999999999999
2017-06-19,1.139,0.001759
2017-06-20,1.139,0.0
2017-06-21,1.142,0.002634
2017-06-22,1.142,0.0
2017-06-23,1.143,0.0008759999999999999
2017-06-26,1.146,0.002625
2017-06-27,1.148,0.0017449999999999998
2017-06-28,1.147,-0.0008709999999999999
2017-06-29,1.148,0.0008719999999999999
2017-06-30,1.149,0.0008709999999999999
2017-07-03,1.118,-0.0008699999999999999
2017-07-04,1.118,0.0
2017-07-05,1.12,0.001789
2017-07-06,1.12,0.0
2017-07-07,1.12,0.0
2017-07-10,1.119,-0.000893
2017-07-11,1.121,0.001787
2017-07-12,1.12,-0.000892
2017-07-13,1.121,0.000893
2017-07-14,1.123,0.001784
2017-07-17,1.122,-0.00089
2017-07-18,1.123,0.000891
2017-07-19,1.128,0.004452
2017-07-20,1.129,0.000887
2017-07-21,1.129,0.0
2017-07-24,1.128,-0.000886
2017-07-25,1.128,0.0
2017-07-26,1.126,-0.001773
2017-07-27,1.125,-0.000888
2017-07-28,1.127,0.001778
2017-07-31,1.131,0.003549
2017-08-01,1.132,0.000884
2017-08-02,1.132,0.0
2017-08-03,1.131,-0.000883
2017-08-04,1.129,-0.001768
2017-08-07,1.133,0.003543
2017-08-08,1.133,0.0
2017-08-09,1.134,0.000883
2017-08-10,1.133,-0.000882
2017-08-11,1.13,-0.0026479999999999997
2017-08-14,1.134,0.0035399999999999997
2017-08-15,1.135,0.000882
2017-08-16,1.134,-0.000881
2017-08-17,1.134,0.0
2017-08-18,1.133,-0.000882
2017-08-21,1.134,0.000883
2017-08-22,1.133,-0.000882
2017-08-23,1.133,0.0
2017-08-24,1.132,-0.000883
2017-08-25,1.133,0.000883
2017-08-28,1.135,0.0017649999999999999
2017-08-29,1.136,0.000881
2017-08-30,1.137,0.0008799999999999999
2017-08-31,1.137,0.0
2017-09-01,1.139,0.001759
2017-09-04,1.14,0.000878
2017-09-05,1.141,0.000877
2017-09-06,1.142,0.0008759999999999999
2017-09-07,1.14,-0.001751
2017-09-08,1.14,0.0
2017-09-11,1.143,0.002632
2017-09-12,1.144,0.0008749999999999999
2017-09-13,1.144,0.0
2017-09-14,1.143,-0.0008740000000000001
2017-09-15,1.143,0.0
2017-09-18,1.146,0.002625
2017-09-19,1.144,-0.0017449999999999998
2017-09-20,1.145,0.0008740000000000001
2017-09-21,1.143,-0.0017469999999999999
2017-09-22,1.143,0.0
2017-09-25,1.142,-0.0008749999999999999
2017-09-26,1.143,0.0008759999999999999
2017-09-27,1.145,0.0017499999999999998
2017-09-28,1.146,0.0008730000000000001
2017-09-29,1.147,0.0008730000000000001
2017-10-09,1.148,0.0008719999999999999
2017-10-10,1.148,0.0
2017-10-11,1.148,0.0
2017-10-12,1.148,0.0
2017-10-13,1.151,0.002613
2017-10-16,1.149,-0.0017380000000000002
2017-10-17,1.148,-0.0008699999999999999
2017-10-18,1.15,0.0017419999999999998
2017-10-19,1.149,-0.0008699999999999999
2017-10-20,1.149,0.0
2017-10-23,1.15,0.0008699999999999999
2017-10-24,1.151,0.0008699999999999999
2017-10-25,1.153,0.0017380000000000002
2017-10-26,1.153,0.0
2017-10-27,1.153,0.0
2017-10-30,1.152,-0.000867
2017-10-31,1.15,-0.0017360000000000001
2017-11-01,1.149,-0.0008699999999999999
2017-11-02,1.148,-0.0008699999999999999
2017-11-03,1.146,-0.0017419999999999998
2017-11-06,1.147,0.0008730000000000001
2017-11-07,1.149,0.0017439999999999999
2017-11-08,1.149,0.0
2017-11-09,1.151,0.0017410000000000001
2017-11-10,1.155,0.003475
2017-11-13,1.157,0.001732
2017-11-14,1.155,-0.001729
2017-11-15,1.151,-0.003463
2017-11-16,1.151,0.0
2017-11-17,1.149,-0.0017380000000000002
2017-11-20,1.152,0.002611
2017-11-21,1.153,0.0008680000000000001
2017-11-22,1.151,-0.0017349999999999998
2017-11-23,1.143,-0.00695
2017-11-24,1.144,0.0008749999999999999
2017-11-27,1.141,-0.0026219999999999998
2017-11-28,1.143,0.0017530000000000002
2017-11-29,1.144,0.0008749999999999999
2017-11-30,1.141,-0.0026219999999999998
2017-12-01,1.14,-0.0008759999999999999
2017-12-04,1.141,0.000877
2017-12-05,1.14,-0.0008759999999999999
2017-12-06,1.14,0.0
2017-12-07,1.137,-0.002632
2017-12-08,1.141,0.003518
2017-12-11,1.144,0.0026290000000000003
2017-12-12,1.14,-0.003497
2017-12-13,1.14,0.0
2017-12-14,1.138,-0.001754
2017-12-15,1.135,-0.002636
2017-12-18,1.136,0.000881
2017-12-19,1.138,0.001761
2017-12-20,1.136,-0.0017569999999999999
2017-12-21,1.139,0.002641
2017-12-22,1.139,0.0
2017-12-25,1.137,-0.001756
2017-12-26,1.138,0.0008799999999999999
2017-12-27,1.137,-0.000879
2017-12-28,1.139,0.001759
2017-12-29,1.141,0.001756
2017-12-31,1.141,0.0
2018-01-02,1.145,0.0035060000000000004
2018-01-03,1.117,0.0017469999999999999
2018-01-04,1.117,0.0
2018-01-05,1.115,-0.001791
2018-01-08,1.116,0.000897
2018-01-09,1.116,0.0
2018-01-10,1.115,-0.000896
2018-01-11,1.113,-0.001794
2018-01-12,1.113,0.0
2018-01-15,1.11,-0.0026950000000000003
2018-01-16,1.114,0.003604
2018-01-17,1.112,-0.001795
2018-01-18,1.113,0.000899
2018-01-19,1.113,0.0
2018-01-22,1.119,0.005391
2018-01-23,1.121,0.001787
2018-01-24,1.121,0.0
2018-01-25,1.118,-0.002676
2018-01-26,1.119,0.0008939999999999999
2018-01-29,1.112,-0.006256
2018-01-30,1.11,-0.001799
2018-01-31,1.111,0.000901
2018-02-01,1.107,-0.0036
2018-02-02,1.11,0.00271
2018-02-05,1.106,-0.003604
2018-02-06,1.099,-0.006329
2018-02-07,1.091,-0.007279
2018-02-08,1.093,0.001833
2018-02-09,1.082,-0.010064
2018-02-12,1.092,0.009242
2018-02-13,1.095,0.002747
2018-02-14,1.098,0.0027400000000000002
2018-02-22,1.107,0.008197
2018-02-23,1.106,-0.000903
2018-02-26,1.113,0.006329
2018-02-27,1.109,-0.003594
2018-02-28,1.107,-0.001803
2018-03-01,1.109,0.001807
2018-03-02,1.105,-0.0036070000000000004
2018-03-05,1.105,0.0
2018-03-06,1.109,0.00362
2018-03-07,1.108,-0.000902
2018-03-08,1.111,0.002708
2018-03-09,1.114,0.0027
2018-03-12,1.117,0.0026929999999999996
2018-03-13,1.115,-0.001791
2018-03-14,1.114,-0.000897
2018-03-15,1.116,0.001795
2018-03-16,1.113,-0.002688
2018-03-19,1.114,0.000898
2018-03-20,1.114,0.0
2018-03-21,1.113,-0.000898
2018-03-22,1.11,-0.0026950000000000003
2018-03-23,1.1,-0.009009
2018-03-26,1.106,0.005455
2018-03-27,1.11,0.0036170000000000004
2018-03-28,1.104,-0.005405
2018-03-29,1.107,0.002717
2018-03-30,1.111,0.003613
2018-04-02,1.111,0.0
2018-04-03,1.11,-0.0009
2018-04-04,1.111,0.000901
2018-04-09,1.112,0.0009
2018-04-10,1.115,0.002698
2018-04-11,1.117,0.001794
2018-04-12,1.114,-0.002686
2018-04-13,1.112,-0.001795
2018-04-16,1.115,0.002698
2018-04-17,1.109,-0.005381
2018-04-18,1.115,0.005410000000000001
2018-04-19,1.114,-0.000897
2018-04-20,1.111,-0.0026929999999999996
2018-04-23,1.105,-0.005401
2018-04-24,1.112,0.0063349999999999995
2018-04-25,1.115,0.002698
2018-04-26,1.11,-0.004484
2018-04-27,1.112,0.001802
2018-05-02,1.112,0.0
2018-05-03,1.115,0.002698
2018-05-04,1.114,-0.000897
2018-05-07,1.119,0.004488
2018-05-08,1.123,0.003575
2018-05-09,1.122,-0.00089
2018-05-10,1.123,0.000891
2018-05-11,1.12,-0.002671
2018-05-14,1.121,0.000893
2018-05-15,1.124,0.002676
2018-05-16,1.122,-0.001779
2018-05-17,1.118,-0.003565
2018-05-18,1.119,0.0008939999999999999
2018-05-21,1.122,0.0026810000000000002
2018-05-22,1.122,0.0
2018-05-23,1.12,-0.0017829999999999999
2018-05-24,1.116,-0.0035709999999999995
2018-05-25,1.111,-0.0044800000000000005
2018-05-28,1.114,0.0027
2018-05-29,1.109,-0.004488
2018-05-30,1.102,-0.006312
2018-05-31,1.109,0.006352
2018-06-01,1.105,-0.0036070000000000004
2018-06-04,1.104,-0.000905
2018-06-05,1.11,0.005435
2018-06-06,1.114,0.003604
2018-06-07,1.114,0.0
2018-06-08,1.11,-0.0035909999999999996
2018-06-11,1.109,-0.000901
2018-06-12,1.113,0.0036070000000000004
2018-06-13,1.109,-0.003594
2018-06-14,1.109,0.0
2018-06-15,1.106,-0.0027050000000000004
2018-06-19,1.094,-0.01085
2018-06-20,1.095,0.000914
2018-06-21,1.091,-0.003653
2018-06-22,1.093,0.001833
2018-06-25,1.09,-0.002745
2018-06-26,1.09,0.0
2018-06-27,1.085,-0.004587
2018-06-28,1.08,-0.004608
2018-06-29,1.09,0.009259
2018-06-30,1.09,0.0
2018-07-02,1.086,-0.00367
2018-07-03,1.085,-0.000921
2018-07-04,1.083,-0.001843
2018-07-05,1.08,-0.0027700000000000003
2018-07-06,1.083,0.002778
2018-07-09,1.091,0.007387
2018-07-10,1.092,0.0009170000000000001
2018-07-11,1.088,-0.003663
2018-07-12,1.095,0.006434
2018-07-13,1.096,0.0009130000000000001
2018-07-16,1.095,-0.000912
2018-07-17,1.094,-0.0009130000000000001
2018-07-18,1.095,0.000914
2018-07-19,1.095,0.0
2018-07-20,1.1,0.004566
2018-07-23,1.1,0.0
2018-07-24,1.102,0.001818
2018-07-25,1.102,0.0
2018-07-26,1.099,-0.002722
2018-07-27,1.1,0.00091
2018-07-30,1.097,-0.002727
2018-07-31,1.098,0.000912
2018-08-01,1.094,-0.003643
2018-08-02,1.089,-0.00457
2018-08-03,1.085,-0.003673
2018-08-06,1.082,-0.002765
2018-08-07,1.089,0.00647
2018-08-08,1.085,-0.003673
2018-08-09,1.089,0.003687
2018-08-10,1.088,-0.0009180000000000001
2018-08-13,1.088,0.0
2018-08-14,1.086,-0.001838
2018-08-15,1.082,-0.003683
2018-08-16,1.079,-0.002773
2018-08-17,1.079,0.0
2018-08-20,1.078,-0.0009270000000000001
2018-08-21,1.079,0.0009279999999999999
2018-08-22,1.078,-0.0009270000000000001
2018-08-23,1.079,0.0009279999999999999
2018-08-24,1.079,0.0
2018-08-27,1.082,0.0027800000000000004
2018-08-28,1.082,0.0
2018-08-29,1.082,0.0
2018-08-30,1.08,-0.0018479999999999998
2018-08-31,1.08,0.0
2018-09-03,1.08,0.0
2018-09-04,1.082,0.0018520000000000001
2018-09-05,1.08,-0.0018479999999999998
2018-09-06,1.079,-0.0009260000000000001
2018-09-07,1.079,0.0
2018-09-10,1.077,-0.0018540000000000002
2018-09-11,1.076,-0.0009289999999999999
2018-09-12,1.076,0.0
2018-09-13,1.077,0.0009289999999999999
2018-09-14,1.077,0.0
2018-09-17,1.077,0.0
2018-09-18,1.078,0.0009289999999999999
2018-09-19,1.079,0.0009279999999999999
2018-09-20,1.078,-0.0009270000000000001
2018-09-21,1.081,0.002783
2018-09-25,1.08,-0.000925
2018-09-26,1.081,0.0009260000000000001
2018-09-27,1.081,0.0
2018-09-28,1.082,0.000925
2018-10-08,1.079,-0.002773
2018-10-09,1.078,-0.0009270000000000001
2018-10-10,1.079,0.0009279999999999999
2018-10-11,1.076,-0.0027800000000000004
2018-10-12,1.077,0.0009289999999999999
2018-10-15,1.077,0.0
2018-10-16,1.076,-0.0009289999999999999
2018-10-17,1.076,0.0
2018-10-18,1.075,-0.0009289999999999999
2018-10-19,1.078,0.002791
2018-10-22,1.082,0.003711
2018-10-23,1.08,-0.0018479999999999998
2018-10-24,1.081,0.0009260000000000001
2018-10-25,1.081,0.0
2018-10-26,1.08,-0.000925
2018-10-29,1.079,-0.0009260000000000001
2018-10-30,1.08,0.0009270000000000001
2018-10-31,1.081,0.0009260000000000001
2018-11-01,1.083,0.00185
2018-11-02,1.086,0.0027700000000000003
2018-11-05,1.086,0.0
2018-11-06,1.086,0.0
2018-11-07,1.086,0.0
2018-11-08,1.085,-0.000921
2018-11-09,1.085,0.0
2018-11-12,1.088,0.002765
2018-11-13,1.089,0.000919
2018-11-14,1.09,0.0009180000000000001
2018-11-15,1.092,0.001835
2018-11-16,1.094,0.001832
2018-11-19,1.096,0.001828
2018-11-20,1.093,-0.002737
2018-11-21,1.093,0.0
2018-11-22,1.093,0.0
2018-11-23,1.091,-0.00183
2018-11-26,1.091,0.0
2018-11-27,1.092,0.0009170000000000001
2018-11-28,1.093,0.000916
2018-11-29,1.092,-0.000915
2018-11-30,1.093,0.000916
2018-12-03,1.095,0.00183
2018-12-04,1.095,0.0
2018-12-05,1.095,0.0
2018-12-06,1.094,-0.0009130000000000001
2018-12-07,1.094,0.0
2018-12-10,1.094,0.0
2018-12-11,1.095,0.000914
2018-12-12,1.095,0.0
2018-12-13,1.095,0.0
2018-12-14,1.094,-0.0009130000000000001
2018-12-17,1.092,-0.001828
2018-12-18,1.091,-0.000916
2018-12-19,1.09,-0.0009170000000000001
2018-12-20,1.09,0.0
2018-12-21,1.09,0.0
2018-12-24,1.091,0.0009170000000000001
2018-12-25,1.09,-0.0009170000000000001
2018-12-26,1.09,0.0
2018-12-27,1.09,0.0
2018-12-28,1.091,0.0009170000000000001
2018-12-31,1.091,0.0
2019-01-02,1.091,0.0
2019-01-03,1.094,0.0027500000000000003
2019-01-04,1.096,0.001828
2019-01-07,1.098,0.001825
2019-01-08,1.099,0.000911
2019-01-09,1.1,0.00091
2019-01-10,1.1,0.0
2019-01-11,1.101,0.000909
2019-01-14,1.1,-0.0009080000000000001
2019-01-15,1.102,0.001818
2019-01-16,1.102,0.0
2019-01-17,1.102,0.0
2019-01-18,1.104,0.001815
2019-01-21,1.106,0.001812
2019-01-22,1.103,-0.002712
2019-01-23,1.103,0.0
2019-01-24,1.104,0.000907
2019-01-25,1.106,0.001812
2019-01-28,1.106,0.0
2019-01-29,1.107,0.000904
2019-01-30,1.105,-0.001807
2019-01-31,1.107,0.00181
2019-02-01,1.111,0.003613
2019-02-11,1.116,0.0045000000000000005
2019-02-12,1.117,0.000896
2019-02-13,1.12,0.002686
2019-02-14,1.121,0.000893
2019-02-15,1.119,-0.001784
2019-02-18,1.126,0.006256
2019-02-19,1.123,-0.002664
2019-02-20,1.124,0.00089
2019-02-21,1.124,0.0
2019-02-22,1.128,0.003559
2019-02-25,1.137,0.007979
2019-02-26,1.134,-0.0026390000000000003
2019-02-27,1.132,-0.001764
2019-02-28,1.133,0.000883
2019-03-01,1.135,0.0017649999999999999
2019-03-04,1.138,0.002643
2019-03-05,1.141,0.002636
2019-03-06,1.142,0.0008759999999999999
2019-03-07,1.141,-0.0008759999999999999
2019-03-08,1.136,-0.004382
2019-03-11,1.141,0.0044009999999999995
2019-03-12,1.144,0.0026290000000000003
2019-03-13,1.14,-0.003497
2019-03-14,1.138,-0.001754
2019-03-15,1.139,0.000879
2019-03-18,1.142,0.002634
2019-03-19,1.142,0.0
2019-03-20,1.141,-0.0008759999999999999
2019-03-21,1.142,0.0008759999999999999
2019-03-22,1.142,0.0
2019-03-25,1.142,0.0
2019-03-26,1.14,-0.001751
2019-03-27,1.141,0.000877
2019-03-28,1.141,0.0
2019-03-29,1.144,0.0026290000000000003
2019-04-01,1.148,0.003497
2019-04-02,1.148,0.0
2019-04-03,1.149,0.0008709999999999999
2019-04-04,1.151,0.0017410000000000001
2019-04-08,1.15,-0.0008690000000000001
2019-04-09,1.149,-0.0008699999999999999
2019-04-10,1.148,-0.0008699999999999999
2019-04-11,1.144,-0.0034839999999999997
2019-04-12,1.144,0.0
2019-04-15,1.143,-0.0008740000000000001
2019-04-16,1.146,0.002625
2019-04-17,1.147,0.0008730000000000001
2019-04-18,1.146,-0.0008719999999999999
2019-04-19,1.147,0.0008730000000000001
2019-04-22,1.143,-0.003487
2019-04-23,1.142,-0.0008749999999999999
2019-04-24,1.143,0.0008759999999999999
2019-04-25,1.14,-0.002625
2019-04-26,1.138,-0.001754
2019-04-29,1.138,0.0
2019-04-30,1.139,0.000879
2019-05-06,1.135,-0.003512
2019-05-07,1.136,0.000881
2019-05-08,1.135,-0.0008799999999999999
2019-05-09,1.134,-0.000881
2019-05-10,1.137,0.002646
2019-05-13,1.137,0.0
2019-05-14,1.137,0.0
2019-05-15,1.139,0.001759
2019-05-16,1.14,0.000878
2019-05-17,1.137,-0.002632
2019-05-20,1.136,-0.0008799999999999999
2019-05-21,1.138,0.001761
2019-05-22,1.137,-0.000879
2019-05-23,1.135,-0.001759
2019-05-24,1.135,0.0
2019-05-27,1.136,0.000881
2019-05-28,1.137,0.0008799999999999999
2019-05-29,1.137,0.0
2019-05-30,1.136,-0.0008799999999999999
2019-05-31,1.137,0.0008799999999999999
2019-06-03,1.137,0.0
2019-06-04,1.136,-0.0008799999999999999
2019-06-05,1.136,0.0
2019-06-06,1.135,-0.0008799999999999999
2019-06-10,1.137,0.001762
2019-06-11,1.14,0.0026390000000000003
2019-06-12,1.139,-0.000877
2019-06-13,1.138,-0.000878
2019-06-14,1.137,-0.000879
2019-06-17,1.137,0.0
2019-06-18,1.137,0.0
2019-06-19,1.138,0.0008799999999999999
2019-06-20,1.142,0.003515
2019-06-21,1.144,0.001751
2019-06-24,1.145,0.0008740000000000001
2019-06-25,1.144,-0.0008730000000000001
2019-06-26,1.144,0.0
2019-06-27,1.146,0.0017480000000000002
2019-06-28,1.146,0.0
2019-06-30,1.146,0.0
2019-07-01,1.119,0.0026179999999999997
2019-07-02,1.119,0.0
2019-07-03,1.118,-0.0008939999999999999
2019-07-04,1.117,-0.0008939999999999999
2019-07-05,1.118,0.000895
2019-07-08,1.116,-0.001789
2019-07-09,1.116,0.0
2019-07-10,1.116,0.0
2019-07-11,1.116,0.0
2019-07-12,1.117,0.000896
2019-07-15,1.118,0.000895
2019-07-16,1.118,0.0
2019-07-17,1.118,0.0
2019-07-18,1.117,-0.0008939999999999999
2019-07-19,1.118,0.000895
2019-07-22,1.117,-0.0008939999999999999
2019-07-23,1.118,0.000895
2019-07-24,1.119,0.0008939999999999999
2019-07-25,1.12,0.0008939999999999999
2019-07-26,1.121,0.000893
2019-07-29,1.122,0.000892
2019-07-30,1.122,0.0
2019-07-31,1.122,0.0
2019-08-01,1.121,-0.000891
2019-08-02,1.12,-0.000892
2019-08-05,1.119,-0.000893
2019-08-06,1.118,-0.0008939999999999999
2019-08-07,1.119,0.0008939999999999999
2019-08-08,1.119,0.0
2019-08-09,1.119,0.0
2019-08-12,1.122,0.0026810000000000002
2019-08-13,1.121,-0.000891
2019-08-14,1.122,0.000892
2019-08-15,1.123,0.000891
2019-08-16,1.123,0.0
2019-08-19,1.127,0.003562
2019-08-20,1.127,0.0
2019-08-21,1.128,0.000887
2019-08-22,1.127,-0.000887
2019-08-23,1.127,0.0
2019-08-26,1.127,0.0
2019-08-27,1.129,0.0017749999999999999
2019-08-28,1.128,-0.000886
2019-08-29,1.13,0.001773
2019-08-30,1.129,-0.0008849999999999999
2019-09-02,1.133,0.003543
2019-09-03,1.134,0.000883
2019-09-04,1.135,0.000882
2019-09-05,1.137,0.001762
2019-09-06,1.137,0.0
2019-09-09,1.141,0.003518
2019-09-10,1.14,-0.0008759999999999999
2019-09-11,1.139,-0.000877
2019-09-12,1.14,0.000878
2019-09-16,1.14,0.0
2019-09-17,1.138,-0.001754
2019-09-18,1.138,0.0
2019-09-19,1.138,0.0
2019-09-20,1.139,0.000879
2019-09-23,1.138,-0.000878
2019-09-24,1.138,0.0
2019-09-25,1.137,-0.000879
2019-09-26,1.135,-0.001759
2019-09-27,1.136,0.000881
2019-09-30,1.135,-0.0008799999999999999
2019-10-08,1.136,0.000881
2019-10-09,1.137,0.0008799999999999999
2019-10-10,1.138,0.0008799999999999999
2019-10-11,1.139,0.000879
2019-10-14,1.14,0.000878
2019-10-15,1.139,-0.000877
2019-10-16,1.139,0.0
2019-10-17,1.139,0.0
2019-10-18,1.138,-0.000878
2019-10-21,1.138,0.0
2019-10-22,1.139,0.000879
2019-10-23,1.138,-0.000878
2019-10-24,1.137,-0.000879
2019-10-25,1.138,0.0008799999999999999
2019-10-28,1.139,0.000879
2019-10-29,1.138,-0.000878
2019-10-30,1.137,-0.000879
2019-10-31,1.136,-0.0008799999999999999
2019-11-01,1.137,0.0008799999999999999
2019-11-04,1.138,0.0008799999999999999
2019-11-05,1.14,0.0017569999999999999
2019-11-06,1.139,-0.000877
2019-11-07,1.14,0.000878
2019-11-08,1.14,0.0
2019-11-11,1.138,-0.001754
2019-11-12,1.139,0.000879
2019-11-13,1.139,0.0
2019-11-14,1.139,0.0
2019-11-15,1.139,0.0
2019-11-18,1.139,0.0
2019-11-19,1.141,0.001756
2019-11-20,1.14,-0.0008759999999999999
2019-11-21,1.14,0.0
2019-11-22,1.139,-0.000877
2019-11-25,1.14,0.000878
2019-11-26,1.141,0.000877
2019-11-27,1.141,0.0
2019-11-28,1.141,0.0
2019-11-29,1.14,-0.0008759999999999999
2019-12-02,1.141,0.000877
2019-12-03,1.142,0.0008759999999999999
2019-12-04,1.141,-0.0008759999999999999
2019-12-05,1.143,0.0017530000000000002
2019-12-06,1.143,0.0
2019-12-09,1.144,0.0008749999999999999
2019-12-10,1.145,0.0008740000000000001
2019-12-11,1.144,-0.0008730000000000001
2019-12-12,1.144,0.0
2019-12-13,1.147,0.0026219999999999998
2019-12-16,1.149,0.0017439999999999999
2019-12-17,1.151,0.0017410000000000001
2019-12-18,1.151,0.0
2019-12-19,1.15,-0.0008690000000000001
2019-12-20,1.149,-0.0008699999999999999
2019-12-23,1.148,-0.0008699999999999999
2019-12-24,1.149,0.0008709999999999999
2019-12-25,1.15,0.0008699999999999999
2019-12-26,1.152,0.001739
2019-12-27,1.151,-0.0008680000000000001
2019-12-30,1.152,0.0008690000000000001
2019-12-31,1.153,0.0008680000000000001
2020-01-02,1.155,0.0017349999999999998
2020-01-03,1.156,0.000866
2020-01-06,1.157,0.0008649999999999999
2020-01-07,1.158,0.0008640000000000001
2020-01-08,1.158,0.0
2020-01-09,1.159,0.0008640000000000001
2020-01-10,1.16,0.000863
2020-01-13,1.162,0.001724
2020-01-14,1.162,0.0
2020-01-15,1.161,-0.000861
2020-01-16,1.16,-0.000861
2020-01-17,1.16,0.0
2020-01-20,1.162,0.001724
2020-01-21,1.161,-0.000861
2020-01-22,1.162,0.000861
2020-01-23,1.158,-0.003442
2020-02-03,1.153,-0.004318
2020-02-04,1.157,0.003469
2020-02-05,1.158,0.0008640000000000001
2020-02-06,1.16,0.001727
2020-02-07,1.16,0.0
2020-02-10,1.162,0.001724
2020-02-11,1.163,0.000861
2020-02-12,1.166,0.0025800000000000003
2020-02-13,1.166,0.0
2020-02-14,1.165,-0.000858
2020-02-17,1.169,0.003433
2020-02-18,1.171,0.001711
2020-02-19,1.17,-0.000854
2020-02-20,1.172,0.001709
2020-02-21,1.174,0.001706
2020-02-24,1.175,0.000852
2020-02-25,1.177,0.001702
2020-02-26,1.173,-0.003398
2020-02-27,1.174,0.000853
2020-02-28,1.168,-0.005111
2020-03-02,1.172,0.003425
2020-03-03,1.173,0.000853
2020-03-04,1.173,0.0
2020-03-05,1.175,0.0017050000000000001
2020-03-06,1.174,-0.000851
2020-03-09,1.171,-0.002555
2020-03-10,1.173,0.001708
2020-03-11,1.171,-0.0017050000000000001
2020-03-12,1.17,-0.000854
2020-03-13,1.168,-0.001709
2020-03-16,1.166,-0.001712
2020-03-17,1.166,0.0
2020-03-18,1.166,0.0
2020-03-19,1.166,0.0
2020-03-20,1.166,0.0
2020-03-23,1.166,0.0
2020-03-24,1.167,0.000858
2020-03-25,1.168,0.000857
2020-03-26,1.168,0.0
2020-03-27,1.168,0.0
2020-03-30,1.168,0.0
2020-03-31,1.169,0.000856
2020-04-01,1.169,0.0
2020-04-02,1.17,0.0008550000000000001
2020-04-03,1.17,0.0
2020-04-07,1.174,0.0034189999999999997
2020-04-08,1.176,0.001704
2020-04-09,1.176,0.0
2020-04-10,1.175,-0.0008500000000000001
2020-04-13,1.175,0.0
2020-04-14,1.177,0.001702
2020-04-15,1.177,0.0
2020-04-16,1.178,0.0008500000000000001
2020-04-17,1.179,0.000849
2020-04-20,1.181,0.001696
2020-04-21,1.181,0.0
2020-04-22,1.182,0.000847
2020-04-23,1.183,0.000846
2020-04-24,1.181,-0.001691
2020-04-27,1.182,0.000847
2020-04-28,1.183,0.000846
2020-04-29,1.183,0.0
2020-04-30,1.185,0.001691
2020-05-06,1.186,0.000844
2020-05-07,1.185,-0.000843
2020-05-08,1.186,0.000844
2020-05-11,1.184,-0.001686
2020-05-12,1.185,0.000845
2020-05-13,1.186,0.000844
2020-05-14,1.184,-0.001686
2020-05-15,1.185,0.000845
2020-05-18,1.184,-0.000844
2020-05-19,1.185,0.000845
2020-05-20,1.184,-0.000844
2020-05-21,1.182,-0.001689
2020-05-22,1.181,-0.000846
2020-05-25,1.18,-0.000847
2020-05-26,1.18,0.0
2020-05-27,1.178,-0.0016950000000000001
2020-05-28,1.178,0.0
2020-05-29,1.178,0.0
2020-06-01,1.179,0.000849
2020-06-02,1.176,-0.002545
2020-06-03,1.175,-0.0008500000000000001
2020-06-04,1.174,-0.000851
2020-06-05,1.172,-0.001704
2020-06-08,1.172,0.0
2020-06-09,1.173,0.000853
2020-06-10,1.174,0.000853
2020-06-11,1.175,0.000852
2020-06-12,1.176,0.000851
2020-06-15,1.176,0.0
2020-06-16,1.177,0.0008500000000000001
2020-06-17,1.176,-0.0008500000000000001
2020-06-18,1.176,0.0
2020-06-19,1.178,0.001701
2020-06-22,1.178,0.0
2020-06-23,1.178,0.0
2020-06-24,1.179,0.000849
2020-06-29,1.179,0.0
2020-06-30,1.183,0.0033929999999999997
2020-07-01,1.183,0.0
2020-07-02,1.184,0.000845
2020-07-03,1.185,0.000845
2020-07-06,1.189,0.003376
2020-07-07,1.193,0.003364
2020-07-08,1.195,0.001676
2020-07-09,1.2,0.004184
2020-07-10,1.198,-0.0016669999999999999
2020-07-13,1.207,0.007513
2020-07-14,1.204,-0.002486
2020-07-15,1.2,-0.003322
2020-07-16,1.189,-0.009167
2020-07-17,1.192,0.002523
2020-07-20,1.199,0.0058720000000000005
2020-07-21,1.202,0.002502
2020-07-22,1.204,0.001664
2020-07-23,1.205,0.0008309999999999999
2020-07-24,1.193,-0.009959
2020-07-27,1.194,0.000838
2020-07-28,1.196,0.001675
2020-07-29,1.202,0.005017000000000001
2020-07-30,1.202,0.0
2020-07-31,1.206,0.003328
2020-08-03,1.211,0.004146
2020-08-04,1.209,-0.001652
2020-08-05,1.213,0.0033090000000000003
2020-08-06,1.213,0.0
2020-08-07,1.212,-0.000824
2020-08-10,1.211,-0.000825
2020-08-11,1.207,-0.003303
2020-08-12,1.201,-0.004971
2020-08-13,1.202,0.000833
2020-08-14,1.205,0.002496
2020-08-17,1.211,0.004979
2020-08-18,1.212,0.000826
2020-08-19,1.208,-0.0033
2020-08-20,1.205,-0.002483
2020-08-21,1.206,0.00083
2020-08-24,1.209,0.0025
2020-08-25,1.209,0.0
2020-08-26,1.205,-0.0033
2020-08-27,1.206,0.0008
2020-08-28,1.211,0.0040999999999999995
2020-08-31,1.211,0.0
2020-09-01,1.213,0.0017000000000000001
2020-09-02,1.214,0.0008
2020-09-03,1.211,-0.0025
2020-09-04,1.209,-0.0017000000000000001
2020-09-07,1.203,-0.005
2020-09-08,1.202,-0.0008
2020-09-09,1.196,-0.005
2020-09-10,1.195,-0.0008
2020-09-11,1.197,0.0017000000000000001
2020-09-14,1.198,0.0008
2020-09-15,1.2,0.0017000000000000001
2020-09-16,1.199,-0.0008
2020-09-17,1.198,-0.0008
2020-09-18,1.201,0.0025
2020-09-21,1.2,-0.0008
2020-09-22,1.199,-0.0008
2020-09-23,1.198,-0.0008
2020-09-24,1.196,-0.0017000000000000001
2020-09-25,1.196,0.0
2020-09-28,1.196,0.0
2020-09-29,1.197,0.0008
2020-09-30,1.197,0.0
2020-10-09,1.201,0.0033
2020-10-12,1.204,0.0025
2020-10-13,1.205,0.0008
2020-10-14,1.204,-0.0008
2020-10-15,1.204,0.0
2020-10-16,1.203,-0.0008
2020-10-19,1.202,-0.0008
2020-10-20,1.204,0.0017000000000000001
2020-10-21,1.203,-0.0008
2020-10-22,1.202,-0.0008
2020-10-23,1.2,-0.0017000000000000001
2020-10-26,1.2,0.0
2020-10-27,1.201,0.0008
2020-10-28,1.202,0.0008
2020-10-29,1.204,0.0017000000000000001
2020-10-30,1.201,-0.0025
2020-11-02,1.204,0.0025
2020-11-03,1.205,0.0008
2020-11-04,1.207,0.0017000000000000001
2020-11-05,1.21,0.0025
2020-11-06,1.209,-0.0008
2020-11-09,1.21,0.0008
2020-11-10,1.21,0.0
2020-11-11,1.208,-0.0017000000000000001
2020-11-12,1.208,0.0
2020-11-13,1.207,-0.0008
2020-11-16,1.209,0.0017000000000000001
2020-11-17,1.207,-0.0017000000000000001
2020-11-18,1.206,-0.0008
2020-11-19,1.206,0.0
2020-11-20,1.207,0.0008
2020-11-23,1.21,0.0025
2020-11-24,1.211,0.0008
2020-11-25,1.208,-0.0025
2020-11-26,1.207,-0.0008
2020-11-27,1.207,0.0
2020-11-30,1.207,0.0
2020-12-01,1.21,0.0025
2020-12-02,1.211,0.0008
2020-12-03,1.21,-0.0008
2020-12-04,1.211,0.0008
2020-12-07,1.211,0.0
2020-12-08,1.212,0.0008
2020-12-09,1.209,-0.0025
2020-12-10,1.209,0.0
2020-12-11,1.207,-0.0017000000000000001
2020-12-14,1.209,0.0017000000000000001
2020-12-15,1.21,0.0008
2020-12-16,1.211,0.0008
2020-12-17,1.213,0.0017000000000000001
2020-12-18,1.213,0.0
2020-12-21,1.218,0.0040999999999999995
2020-12-22,1.215,-0.0025
2020-12-23,1.218,0.0025
2020-12-24,1.217,-0.0008
2020-12-25,1.22,0.0025
2020-12-28,1.221,0.0008
2020-12-29,1.219,-0.0016
2020-12-30,1.223,0.0033
2020-12-31,1.228,0.0040999999999999995
2021-01-04,1.233,0.0040999999999999995
2021-01-05,1.236,0.0024
2021-01-06,1.239,0.0024
2021-01-07,1.243,0.0032
2021-01-08,1.24,-0.0024
2021-01-11,1.239,-0.0008
2021-01-12,1.245,0.0048
2021-01-13,1.243,-0.0016
2021-01-14,1.238,-0.004
2021-01-15,1.238,0.0
2021-01-18,1.241,0.0024
2021-01-19,1.238,-0.0024
2021-01-20,1.241,0.0024
2021-01-21,1.245,0.0032
2021-01-22,1.247,0.0016
2021-01-25,1.247,0.0
2021-01-26,1.243,-0.0032
2021-01-27,1.243,0.0
2021-01-28,1.236,-0.005600000000000001
2021-01-29,1.235,-0.0008
2021-02-01,1.237,0.0016
2021-02-02,1.24,0.0024
2021-02-03,1.239,-0.0008
2021-02-04,1.238,-0.0008
2021-02-05,1.236,-0.0016
2021-02-08,1.24,0.0032
2021-02-09,1.246,0.0048
2021-02-10,1.249,0.0024
2021-02-18,1.248,-0.0008
2021-02-19,1.248,0.0
2021-02-22,1.244,-0.0032
2021-02-23,1.244,0.0
2021-02-24,1.238,-0.0048
2021-02-25,1.238,0.0
2021-02-26,1.234,-0.0032
2021-03-01,1.239,0.0040999999999999995
2021-03-02,1.236,-0.0024
2021-03-03,1.239,0.0024
2021-03-04,1.234,-0.004
2021-03-05,1.234,0.0
2021-03-08,1.232,-0.0016
2021-03-09,1.228,-0.0032
2021-03-10,1.229,0.0008
2021-03-11,1.232,0.0024
2021-03-12,1.232,0.0
2021-03-15,1.231,-0.0008
2021-03-16,1.232,0.0008
2021-03-17,1.233,0.0008
2021-03-18,1.234,0.0008
2021-03-19,1.233,-0.0008
2021-03-22,1.235,0.0016
2021-03-23,1.233,-0.0016
2021-03-24,1.232,-0.0008
2021-03-25,1.232,0.0
2021-03-26,1.233,0.0008
2021-03-29,1.234,0.0008
2021-03-30,1.234,0.0
2021-03-31,1.235,0.0008
2021-04-01,1.235,0.0
2021-04-02,1.235,0.0
2021-04-06,1.236,0.0008
2021-04-07,1.236,0.0
2021-04-08,1.236,0.0
2021-04-09,1.236,0.0
2021-04-12,1.233,-0.0024
2021-04-13,1.234,0.0008
2021-04-14,1.236,0.0016
2021-04-15,1.236,0.0
2021-04-16,1.237,0.0008
2021-04-19,1.24,0.0024
2021-04-20,1.239,-0.0008
2021-04-21,1.239,0.0
2021-04-22,1.239,0.0
2021-04-23,1.239,0.0
2021-04-26,1.237,-0.0016
2021-04-27,1.237,0.0
2021-04-28,1.238,0.0008
2021-04-29,1.239,0.0008
2021-04-30,1.241,0.0016
2021-05-06,1.242,0.0008
2021-05-07,1.241,-0.0008
2021-05-10,1.243,0.0016
2021-05-11,1.243,0.0
2021-05-12,1.244,0.0008
2021-05-13,1.242,-0.0016
2021-05-14,1.244,0.0016
2021-05-17,1.245,0.0008
2021-05-18,1.246,0.0008
2021-05-19,1.248,0.0016
2021-05-20,1.248,0.0
2021-05-21,1.249,0.0008
2021-05-24,1.251,0.0016
2021-05-25,1.254,0.0024
2021-05-26,1.255,0.0008
2021-05-27,1.255,0.0
2021-05-28,1.255,0.0
2021-05-31,1.259,0.0032
2021-06-01,1.26,0.0008
2021-06-02,1.258,-0.0016
2021-06-03,1.257,-0.0008
2021-06-04,1.257,0.0
2021-06-07,1.257,0.0
2021-06-08,1.256,-0.0008
2021-06-09,1.257,0.0008
2021-06-10,1.259,0.0016
2021-06-11,1.258,-0.0008
2021-06-15,1.256,-0.0016
2021-06-16,1.251,-0.004
2021-06-17,1.252,0.0008
2021-06-18,1.254,0.0016
2021-06-21,1.256,0.0016
2021-06-22,1.257,0.0008
2021-06-23,1.259,0.0016
2021-06-24,1.258,-0.0008
2021-06-25,1.26,0.0016
2021-06-28,1.261,0.0008
2021-06-29,1.261,0.0
2021-06-30,1.265,0.0032
2021-07-01,1.264,-0.0008
2021-07-02,1.261,-0.0024
2021-07-05,1.264,0.0024
2021-07-06,1.264,0.0
2021-07-07,1.269,0.004
2021-07-08,1.272,0.0024
2021-07-09,1.272,0.0
2021-07-12,1.277,0.0039000000000000003
2021-07-13,1.277,0.0
2021-07-14,1.275,-0.0016
2021-07-15,1.278,0.0024
2021-07-16,1.278,0.0
2021-07-19,1.277,-0.0008
2021-07-20,1.278,0.0008
2021-07-21,1.282,0.0031
2021-07-22,1.285,0.0023
2021-07-23,1.285,0.0
2021-07-26,1.283,-0.0016
2021-07-27,1.277,-0.004699999999999999
2021-07-28,1.276,-0.0008
2021-07-29,1.283,0.0055000000000000005
2021-07-30,1.284,0.0008
2021-08-02,1.287,0.0023
2021-08-03,1.284,-0.0023
2021-08-04,1.286,0.0016
2021-08-05,1.286,0.0
2021-08-06,1.287,0.0008
2021-08-09,1.286,-0.0008
2021-08-10,1.287,0.0008
2021-08-11,1.287,0.0
2021-08-12,1.287,0.0
2021-08-13,1.287,0.0
2021-08-16,1.285,-0.0016
2021-08-17,1.283,-0.0016
2021-08-18,1.285,0.0016
2021-08-19,1.286,0.0008
2021-08-20,1.286,0.0
2021-08-23,1.289,0.0023
2021-08-24,1.29,0.0008
2021-08-25,1.291,0.0008
2021-08-26,1.289,-0.0015
2021-08-27,1.291,0.0016
2021-08-30,1.292,0.0008
2021-08-31,1.293,0.0008
2021-09-01,1.29,-0.0023
2021-09-02,1.292,0.0016
2021-09-03,1.29,-0.0015
2021-09-06,1.292,0.0016
2021-09-07,1.295,0.0023
2021-09-08,1.295,0.0
2021-09-09,1.296,0.0008
2021-09-10,1.297,0.0008
2021-09-13,1.298,0.0008
2021-09-14,1.294,-0.0031
2021-09-15,1.293,-0.0008
2021-09-16,1.288,-0.0039000000000000003
2021-09-17,1.287,-0.0008
2021-09-22,1.287,0.0
2021-09-23,1.287,0.0
2021-09-24,1.285,-0.0016
2021-09-27,1.282,-0.0023
2021-09-28,1.283,0.0008
2021-09-29,1.281,-0.0016
2021-09-30,1.282,0.0008
2021-10-08,1.283,0.0008
2021-10-11,1.284,0.0008
2021-10-12,1.281,-0.0023
2021-10-13,1.281,0.0
2021-10-14,1.281,0.0
2021-10-15,1.283,0.0016
2021-10-18,1.284,0.0008
2021-10-19,1.285,0.0008
2021-10-20,1.284,-0.0008
2021-10-21,1.285,0.0008
2021-10-22,1.285,0.0
2021-10-25,1.286,0.0008
2021-10-26,1.286,0.0
2021-10-27,1.285,-0.0008
2021-10-28,1.283,-0.0016
2021-10-29,1.285,0.0016
2021-11-01,1.286,0.0008
2021-11-02,1.285,-0.0008
2021-11-03,1.285,0.0
2021-11-04,1.285,0.0
2021-11-05,1.284,-0.0008
2021-11-08,1.285,0.0008
2021-11-09,1.285,0.0
2021-11-10,1.284,-0.0008
2021-11-11,1.287,0.0023
2021-11-12,1.287,0.0
2021-11-15,1.287,0.0
2021-11-16,1.285,-0.0016
2021-11-17,1.286,0.0008
2021-11-18,1.286,0.0
2021-11-19,1.288,0.0016
2021-11-22,1.29,0.0016
2021-11-23,1.289,-0.0008
2021-11-24,1.289,0.0
2021-11-25,1.288,-0.0008
2021-11-26,1.287,-0.0008
2021-11-29,1.289,0.0016
2021-11-30,1.289,0.0
2021-12-01,1.289,0.0
2021-12-02,1.29,0.0008
2021-12-03,1.292,0.0016
2021-12-06,1.292,0.0
2021-12-07,1.29,-0.0015
2021-12-08,1.293,0.0023
2021-12-09,1.294,0.0008
2021-12-10,1.294,0.0
2021-12-13,1.294,0.0
2021-12-14,1.292,-0.0015
2021-12-15,1.291,-0.0008
2021-12-16,1.292,0.0008
2021-12-17,1.29,-0.0015
2021-12-20,1.287,-0.0023
2021-12-21,1.288,0.0008
2021-12-22,1.289,0.0008
2021-12-23,1.29,0.0008
2021-12-24,1.288,-0.0016
2021-12-27,1.287,-0.0008
2021-12-28,1.289,0.0016
2021-12-29,1.287,-0.0016
2021-12-30,1.29,0.0023
2021-12-31,1.292,0.0016
2022-01-04,1.291,-0.0008
2022-01-05,1.288,-0.0023
2022-01-06,1.286,-0.0016
2022-01-07,1.287,0.0008
2022-01-10,1.288,0.0008
2022-01-11,1.285,-0.0023
2022-01-12,1.288,0.0023
2022-01-13,1.285,-0.0023
2022-01-14,1.283,-0.0016
2022-01-17,1.285,0.0016
2022-01-18,1.288,0.0023
2022-01-19,1.288,0.0
2022-01-20,1.289,0.0008
2022-01-21,1.287,-0.0016
2022-01-24,1.289,0.0016
2022-01-25,1.284,-0.0039000000000000003
2022-01-26,1.286,0.0016
2022-01-27,1.281,-0.0039000000000000003
2022-01-28,1.278,-0.0023
2022-02-07,1.284,0.004699999999999999
2022-02-08,1.284,0.0
2022-02-09,1.286,0.0016
2022-02-10,1.286,0.0
2022-02-11,1.284,-0.0016
2022-02-14,1.279,-0.0039000000000000003
2022-02-15,1.28,0.0008
2022-02-16,1.281,0.0008
2022-02-17,1.283,0.0016
2022-02-18,1.284,0.0008
2022-02-21,1.283,-0.0008
2022-02-22,1.28,-0.0023
2022-02-23,1.282,0.0016
2022-02-24,1.279,-0.0023
2022-02-25,1.28,0.0008
2022-02-28,1.28,0.0
2022-03-01,1.281,0.0008
2022-03-02,1.28,-0.0008
2022-03-03,1.28,0.0
2022-03-04,1.276,-0.0031
2022-03-07,1.272,-0.0031
2022-03-08,1.267,-0.0039000000000000003
2022-03-09,1.265,-0.0016
2022-03-10,1.266,0.0008
2022-03-11,1.265,-0.0008
2022-03-14,1.263,-0.0016
2022-03-15,1.256,-0.0055000000000000005
2022-03-16,1.26,0.0032
2022-03-17,1.262,0.0016
2022-03-18,1.264,0.0016
2022-03-21,1.264,0.0
2022-03-22,1.265,0.0008
2022-03-23,1.265,0.0
2022-03-24,1.264,-0.0008
2022-03-25,1.262,-0.0016
2022-03-28,1.262,0.0
2022-03-29,1.261,-0.0008
2022-03-30,1.267,0.0048
2022-03-31,1.267,0.0
2022-04-01,1.27,0.0024
2022-04-06,1.273,0.0024
2022-04-07,1.27,-0.0024
2022-04-08,1.273,0.0024
2022-04-11,1.269,-0.0031
2022-04-12,1.27,0.0008
2022-04-13,1.269,-0.0008
2022-04-14,1.273,0.0032
2022-04-15,1.274,0.0008
2022-04-18,1.271,-0.0024
2022-04-19,1.27,-0.0008
2022-04-20,1.266,-0.0031
2022-04-21,1.262,-0.0032
2022-04-22,1.265,0.0024
2022-04-25,1.256,-0.0070999999999999995
2022-04-26,1.255,-0.0008
2022-04-27,1.262,0.005600000000000001
2022-04-28,1.264,0.0016
2022-04-29,1.27,0.004699999999999999
2022-05-05,1.271,0.0008
2022-05-06,1.263,-0.0063
2022-05-09,1.261,-0.0016
2022-05-10,1.266,0.004
2022-05-11,1.266,0.0
2022-05-12,1.265,-0.0008
2022-05-13,1.267,0.0016
2022-05-16,1.267,0.0
2022-05-17,1.269,0.0016
2022-05-18,1.268,-0.0008
2022-05-19,1.269,0.0008
2022-05-20,1.273,0.0032
2022-05-23,1.27,-0.0024
2022-05-24,1.264,-0.004699999999999999
2022-05-25,1.266,0.0016
2022-05-26,1.268,0.0016
2022-05-27,1.268,0.0
2022-05-30,1.269,0.0008
2022-05-31,1.272,0.0024
2022-06-01,1.272,0.0
2022-06-02,1.272,0.0
2022-06-06,1.274,0.0016
2022-06-07,1.274,0.0
2022-06-08,1.276,0.0016
2022-06-09,1.275,-0.0008
2022-06-10,1.278,0.0024
2022-06-13,1.273,-0.0039000000000000003
2022-06-14,1.276,0.0024
2022-06-15,1.281,0.0039000000000000003
2022-06-16,1.279,-0.0016
2022-06-17,1.281,0.0016
2022-06-20,1.283,0.0016
2022-06-21,1.284,0.0008
2022-06-22,1.279,-0.0039000000000000003
2022-06-23,1.282,0.0023
2022-06-24,1.284,0.0016
2022-06-27,1.287,0.0023
2022-06-28,1.288,0.0008
2022-06-29,1.288,0.0
2022-06-30,1.292,0.0031
2022-07-01,1.291,-0.0008
2022-07-04,1.291,0.0
2022-07-05,1.289,-0.0015
2022-07-06,1.287,-0.0016
2022-07-07,1.286,-0.0008
2022-07-08,1.287,0.0008
2022-07-11,1.285,-0.0016
2022-07-12,1.286,0.0008
2022-07-13,1.285,-0.0008
2022-07-14,1.283,-0.0016
2022-07-15,1.28,-0.0023
2022-07-18,1.282,0.0016
2022-07-19,1.282,0.0
2022-07-20,1.283,0.0008
2022-07-21,1.281,-0.0016
2022-07-22,1.28,-0.0008
2022-07-25,1.281,0.0008
2022-07-26,1.284,0.0023
2022-07-27,1.283,-0.0008
2022-07-28,1.283,0.0
2022-07-29,1.279,-0.0031
2022-08-01,1.279,0.0
2022-08-02,1.276,-0.0023
2022-08-03,1.275,-0.0008
2022-08-04,1.277,0.0016
2022-08-05,1.279,0.0016
2022-08-08,1.279,0.0
2022-08-09,1.278,-0.0008
2022-08-10,1.277,-0.0008
2022-08-11,1.28,0.0023
2022-08-12,1.281,0.0008
2022-08-15,1.283,0.0016
2022-08-16,1.284,0.0008
2022-08-17,1.286,0.0016
2022-08-18,1.284,-0.0016
2022-08-19,1.284,0.0
2022-08-22,1.286,0.0016
2022-08-23,1.284,-0.0016
2022-08-24,1.281,-0.0023
2022-08-25,1.283,0.0016
2022-08-26,1.283,0.0
2022-08-29,1.282,-0.0008
2022-08-30,1.282,0.0
2022-08-31,1.284,0.0016
2022-09-01,1.284,0.0
2022-09-02,1.282,-0.0016
2022-09-05,1.282,0.0
2022-09-06,1.284,0.0016
2022-09-07,1.283,-0.0008
2022-09-08,1.284,0.0008
2022-09-09,1.289,0.0039000000000000003
2022-09-13,1.29,0.0008
2022-09-14,1.288,-0.0016
2022-09-15,1.289,0.0008
2022-09-16,1.283,-0.004699999999999999
2022-09-19,1.283,0.0
2022-09-20,1.282,-0.0008
2022-09-21,1.281,-0.0008
2022-09-22,1.279,-0.0016
2022-09-23,1.278,-0.0008
2022-09-26,1.277,-0.0008
2022-09-27,1.279,0.0016
2022-09-28,1.276,-0.0023
2022-09-29,1.274,-0.0016
2022-09-30,1.274,0.0
2022-10-10,1.271,-0.0024
2022-10-11,1.269,-0.0016
2022-10-12,1.271,0.0016
2022-10-13,1.268,-0.0024
2022-10-14,1.273,0.0039000000000000003
2022-10-17,1.273,0.0
2022-10-18,1.271,-0.0016
2022-10-19,1.266,-0.0039000000000000003
2022-10-20,1.265,-0.0008
2022-10-21,1.265,0.0
2022-10-24,1.258,-0.0055000000000000005
2022-10-25,1.256,-0.0016
2022-10-26,1.256,0.0
2022-10-27,1.257,0.0008
2022-10-28,1.255,-0.0016
2022-10-31,1.25,-0.004
2022-11-01,1.254,0.0032
2022-11-02,1.255,0.0008
2022-11-03,1.254,-0.0008
2022-11-04,1.259,0.004
2022-11-07,1.259,0.0
2022-11-08,1.257,-0.0016
2022-11-09,1.256,-0.0008
2022-11-10,1.253,-0.0024
2022-11-11,1.258,0.004
2022-11-14,1.255,-0.0024
2022-11-15,1.259,0.0032
2022-11-16,1.253,-0.0048
2022-11-17,1.254,0.0008
2022-11-18,1.251,-0.0024
2022-11-21,1.25,-0.0008
2022-11-22,1.25,0.0
2022-11-23,1.251,0.0008
2022-11-24,1.251,0.0
2022-11-25,1.253,0.0016
2022-11-28,1.249,-0.0032
2022-11-29,1.255,0.0048
2022-11-30,1.252,-0.0024
2022-12-01,1.254,0.0016
2022-12-02,1.251,-0.0024
2022-12-05,1.255,0.0032
2022-12-06,1.255,0.0
2022-12-07,1.251,-0.0032
2022-12-08,1.251,0.0
2022-12-09,1.254,0.0024
2022-12-12,1.25,-0.0032
2022-12-13,1.246,-0.0032
2022-12-14,1.247,0.0008
2022-12-15,1.247,0.0
2022-12-16,1.247,0.0
2022-12-19,1.243,-0.0032
2022-12-20,1.24,-0.0024
2022-12-21,1.24,0.0
2022-12-22,1.24,0.0
2022-12-23,1.24,0.0
2022-12-26,1.241,0.0008
2022-12-27,1.244,0.0024
2022-12-28,1.243,-0.0008
2022-12-29,1.243,0.0
2022-12-30,1.244,0.0008
2022-12-31,1.244,0.0
2023-01-03,1.247,0.0024
2023-01-04,1.249,0.0016
2023-01-05,1.252,0.0024
2023-01-06,1.252,0.0
2023-01-09,1.253,0.0008
2023-01-10,1.252,-0.0008
2023-01-11,1.251,-0.0008
2023-01-12,1.251,0.0
2023-01-13,1.253,0.0016
2023-01-16,1.256,0.0024
2023-01-17,1.256,0.0
2023-01-18,1.256,0.0
2023-01-19,1.258,0.0016
2023-01-20,1.259,0.0008
2023-01-30,1.26,0.0008
2023-01-31,1.259,-0.0008
2023-02-01,1.261,0.0016
2023-02-02,1.262,0.0008
2023-02-03,1.261,-0.0008
2023-02-06,1.258,-0.0024
2023-02-07,1.259,0.0008
2023-02-08,1.259,0.0
2023-02-09,1.262,0.0024
2023-02-10,1.261,-0.0008
2023-02-13,1.263,0.0016
2023-02-14,1.264,0.0008
2023-02-15,1.263,-0.0008
2023-02-16,1.262,-0.0008
2023-02-17,1.26,-0.0016
2023-02-20,1.265,0.004
2023-02-21,1.265,0.0
2023-02-22,1.264,-0.0008
2023-02-23,1.264,0.0
2023-02-24,1.261,-0.0024
2023-02-27,1.259,-0.0016
2023-02-28,1.26,0.0008
2023-03-01,1.264,0.0032
2023-03-02,1.263,-0.0008
2023-03-03,1.264,0.0008
2023-03-06,1.264,0.0
2023-03-07,1.262,-0.0016
2023-03-08,1.261,-0.0008
2023-03-09,1.261,0.0
2023-03-10,1.258,-0.0024
2023-03-13,1.26,0.0016
2023-03-14,1.259,-0.0008
2023-03-15,1.26,0.0008
2023-03-16,1.257,-0.0024
2023-03-17,1.258,0.0008
2023-03-20,1.259,0.0008
2023-03-21,1.261,0.0016
2023-03-22,1.26,-0.0008
2023-03-23,1.263,0.0024
2023-03-24,1.261,-0.0016
2023-03-27,1.26,-0.0008
2023-03-28,1.257,-0.0024
2023-03-29,1.258,0.0008
2023-03-30,1.261,0.0024
2023-03-31,1.262,0.0008
2023-04-03,1.266,0.0032
2023-04-04,1.266,0.0
2023-04-06,1.267,0.0008
2023-04-07,1.269,0.0016
2023-04-10,1.268,-0.0008
2023-04-11,1.269,0.0008
2023-04-12,1.27,0.0008
2023-04-13,1.268,-0.0016
2023-04-14,1.27,0.0016
2023-04-17,1.273,0.0024
2023-04-18,1.273,0.0
2023-04-19,1.272,-0.0008
2023-04-20,1.271,-0.0008
2023-04-21,1.268,-0.0024
2023-04-24,1.264,-0.0032
2023-04-25,1.262,-0.0016
2023-04-26,1.262,0.0
2023-04-27,1.264,0.0016
2023-04-28,1.265,0.0008
2023-05-04,1.264,-0.0008
2023-05-05,1.265,0.0008
2023-05-08,1.266,0.0008
2023-05-09,1.265,-0.0008
2023-05-10,1.265,0.0
2023-05-11,1.265,0.0
2023-05-12,1.262,-0.0024
2023-05-15,1.263,0.0008
2023-05-16,1.263,0.0
2023-05-17,1.263,0.0
2023-05-18,1.263,0.0
2023-05-19,1.264,0.0008
2023-05-22,1.265,0.0008
2023-05-23,1.264,-0.0008
2023-05-24,1.264,0.0
2023-05-25,1.263,-0.0008
2023-05-26,1.264,0.0008
2023-05-29,1.264,0.0
2023-05-30,1.264,0.0
2023-05-31,1.264,0.0
2023-06-01,1.265,0.0008
2023-06-02,1.265,0.0
2023-06-05,1.265,0.0
2023-06-06,1.266,0.0008
2023-06-07,1.266,0.0
2023-06-08,1.266,0.0
2023-06-09,1.267,0.0008
2023-06-12,1.269,0.0016
2023-06-13,1.269,0.0
2023-06-14,1.27,0.0008
2023-06-15,1.271,0.0008
2023-06-16,1.271,0.0
2023-06-19,1.269,-0.0016
2023-06-20,1.269,0.0
2023-06-21,1.269,0.0
2023-06-26,1.269,0.0
2023-06-27,1.269,0.0
2023-06-28,1.269,0.0
2023-06-29,1.269,0.0
2023-06-30,1.27,0.0008
2023-07-03,1.27,0.0
2023-07-04,1.271,0.0008
2023-07-05,1.271,0.0
2023-07-06,1.271,0.0
2023-07-07,1.271,0.0
2023-07-10,1.273,0.0016
2023-07-11,1.274,0.0008
2023-07-12,1.273,-0.0008
2023-07-13,1.274,0.0008
2023-07-14,1.274,0.0
2023-07-17,1.274,0.0
2023-07-18,1.275,0.0008
2023-07-19,1.275,0.0
2023-07-20,1.275,0.0
2023-07-21,1.275,0.0
2023-07-24,1.276,0.0008
2023-07-25,1.275,-0.0008
2023-07-26,1.274,-0.0008
2023-07-27,1.275,0.0008
2023-07-28,1.275,0.0
2023-07-31,1.274,-0.0008
2023-08-01,1.274,0.0
2023-08-02,1.274,0.0
2023-08-03,1.275,0.0008
2023-08-04,1.275,0.0
2023-08-07,1.276,0.0008
2023-08-08,1.277,0.0008
2023-08-09,1.277,0.0
2023-08-10,1.277,0.0
2023-08-11,1.278,0.0008
2023-08-14,1.279,0.0008
2023-08-15,1.28,0.0008
2023-08-16,1.281,0.0008
2023-08-17,1.281,0.0
2023-08-18,1.281,0.0
2023-08-21,1.282,0.0008
2023-08-22,1.282,0.0
2023-08-23,1.282,0.0
2023-08-24,1.282,0.0
2023-08-25,1.282,0.0
2023-08-28,1.281,-0.0008
2023-08-29,1.281,0.0
2023-08-30,1.2807,-0.0002
2023-08-31,1.2807,0.0
2023-09-01,1.2798,-0.0007000000000000001
2023-09-04,1.2783,-0.0012
2023-09-05,1.2782,-0.0001
2023-09-06,1.2769,-0.001
2023-09-07,1.2747,-0.0017000000000000001
2023-09-08,1.2729,-0.0014000000000000002
2023-09-11,1.2716,-0.001
2023-09-12,1.2724,0.0006
2023-09-13,1.2741,0.0013
2023-09-14,1.2754,0.001
2023-09-15,1.2755,0.0001
2023-09-18,1.2745,-0.0008
2023-09-19,1.2745,0.0
2023-09-20,1.2745,0.0
2023-09-21,1.2751,0.0005
2023-09-22,1.2759,0.0006
2023-09-25,1.2757,-0.0002
2023-09-26,1.2746,-0.0009
2023-09-27,1.2749,0.0002
2023-09-28,1.2767,0.0014000000000000002
2023-10-09,1.2778,0.0009
2023-10-10,1.2767,-0.0009
2023-10-11,1.2759,-0.0006
2023-10-12,1.276,0.0001
2023-10-13,1.2761,0.0001
2023-10-16,1.276,-0.0001
2023-10-17,1.2758,-0.0002
2023-10-18,1.2749,-0.0007000000000000001
2023-10-19,1.2724,-0.002
2023-10-20,1.2718,-0.0005
2023-10-23,1.271,-0.0006
2023-10-24,1.2715,0.0004
2023-10-25,1.273,0.0012
2023-10-26,1.2744,0.0011
2023-10-27,1.2766,0.0017000000000000001
2023-10-30,1.2778,0.0009
2023-10-31,1.2779,0.0001
2023-11-01,1.2792,0.001
2023-11-02,1.2784,-0.0006
2023-11-03,1.2803,0.0015
2023-11-06,1.2824,0.0016
2023-11-07,1.2824,0.0
2023-11-08,1.2824,0.0
2023-11-09,1.2827,0.0002
2023-11-10,1.2828,0.0001
2023-11-13,1.2841,0.001
2023-11-14,1.2842,0.0001
2023-11-15,1.2856,0.0011
2023-11-16,1.2854,-0.0002
2023-11-17,1.2864,0.0008
2023-11-20,1.2879,0.0012
2023-11-21,1.2872,-0.0005
2023-11-22,1.2851,-0.0016
2023-11-23,1.285,-0.0001
2023-11-24,1.2839,-0.0009
2023-11-27,1.2836,-0.0002
2023-11-28,1.2845,0.0007000000000000001
2023-11-29,1.2842,-0.0002
2023-11-30,1.2842,0.0
2023-12-01,1.2846,0.0003
2023-12-04,1.284,-0.0005
2023-12-05,1.2823,-0.0013
2023-12-06,1.2825,0.0002
2023-12-07,1.2828,0.0002
2023-12-08,1.2826,-0.0002
2023-12-11,1.2839,0.001
2023-12-12,1.2838,-0.0001
2023-12-13,1.2842,0.0003
2023-12-14,1.2849,0.0005
2023-12-15,1.2856,0.0005
2023-12-18,1.2851,-0.0004
2023-12-19,1.2855,0.0003
2023-12-20,1.2847,-0.0006
2023-12-21,1.286,0.001
2023-12-22,1.2866,0.0005
2023-12-25,1.2873,0.0005
2023-12-26,1.2866,-0.0005
2023-12-27,1.2883,0.0013
2023-12-28,1.2915,0.0025
2023-12-29,1.2936,0.0016
2023-12-31,1.2937,0.0001
2024-01-02,1.2934,-0.0002
2024-01-03,1.2923,-0.0009
2024-01-04,1.2922,-0.0001
2024-01-05,1.2923,0.0001
2024-01-08,1.291,-0.001
2024-01-09,1.2927,0.0013
2024-01-10,1.2923,-0.0003
2024-01-11,1.2934,0.0009
2024-01-12,1.2931,-0.0002
2024-01-15,1.2932,0.0001
2024-01-16,1.2929,-0.0002
2024-01-17,1.2912,-0.0013
2024-01-18,1.2914,0.0002
2024-01-19,1.2913,-0.0001
2024-01-22,1.288,-0.0026
2024-01-23,1.2885,0.0004
2024-01-24,1.2894,0.0007000000000000001
2024-01-25,1.2923,0.0022
2024-01-26,1.2919,-0.0003
2024-01-29,1.2911,-0.0006
2024-01-30,1.2901,-0.0008
2024-01-31,1.2891,-0.0008
2024-02-01,1.2893,0.0002
2024-02-02,1.2872,-0.0016
2024-02-05,1.2866,-0.0005
2024-02-06,1.2888,0.0017000000000000001
2024-02-07,1.2898,0.0008
2024-02-08,1.2928,0.0023
2024-02-19,1.2946,0.0014000000000000002
2024-02-20,1.2961,0.0012
2024-02-21,1.2979,0.0014000000000000002
2024-02-22,1.2994,0.0012
2024-02-23,1.3011,0.0013
2024-02-26,1.3027,0.0012
2024-02-27,1.3058,0.0024
2024-02-28,1.3019,-0.003
2024-02-29,1.3056,0.0028000000000000004
2024-03-01,1.3056,0.0
2024-03-04,1.306,0.0003
2024-03-05,1.3048,-0.0009
2024-03-06,1.3058,0.0008
2024-03-07,1.3052,-0.0005
2024-03-08,1.3062,0.0008
2024-03-11,1.3072,0.0008
2024-03-12,1.3071,-0.0001
2024-03-13,1.3071,0.0
2024-03-14,1.3053,-0.0014000000000000002
2024-03-15,1.3065,0.0009
2024-03-18,1.3087,0.0017000000000000001
2024-03-19,1.3086,-0.0001
2024-03-20,1.3095,0.0007000000000000001
2024-03-21,1.3095,0.0
2024-03-22,1.3085,-0.0008
2024-03-25,1.3061,-0.0018
2024-03-26,1.3053,-0.0006
2024-03-27,1.3034,-0.0015
2024-03-28,1.3054,0.0015
2024-03-29,1.307,0.0012
2024-04-01,1.3094,0.0018
2024-04-02,1.3098,0.0003
2024-04-03,1.3101,0.0002
2024-04-08,1.3087,-0.0011
2024-04-09,1.3117,0.0023
2024-04-10,1.3107,-0.0008
2024-04-11,1.312,0.001
2024-04-12,1.3135,0.0011
2024-04-15,1.3125,-0.0008
2024-04-16,1.3083,-0.0032
2024-04-17,1.3126,0.0033
2024-04-18,1.3142,0.0012
2024-04-19,1.3145,0.0002
2024-04-22,1.3161,0.0012
2024-04-23,1.3172,0.0008
2024-04-24,1.318,0.0006
2024-04-25,1.3172,-0.0006
2024-04-26,1.3173,0.0001
2024-04-29,1.3171,-0.0002
2024-04-30,1.318,0.0007000000000000001
2024-05-06,1.3227,0.0036
2024-05-07,1.3253,0.002
2024-05-08,1.3246,-0.0005
2024-05-09,1.3259,0.001
2024-05-10,1.3255,-0.0003
2024-05-13,1.3256,0.0001
2024-05-14,1.3269,0.001
2024-05-15,1.327,0.0001
2024-05-16,1.3267,-0.0002
2024-05-17,1.3276,0.0007000000000000001
2024-05-20,1.3288,0.0009
2024-05-21,1.328,-0.0006
2024-05-22,1.3282,0.0002
2024-05-23,1.3276,-0.0005
2024-05-24,1.3268,-0.0006
2024-05-27,1.3276,0.0006
2024-05-28,1.3275,-0.0001
2024-05-29,1.3283,0.0006
2024-05-30,1.3286,0.0002
2024-05-31,1.3288,0.0002
2024-06-03,1.3283,-0.0004
2024-06-04,1.3287,0.0003
2024-06-05,1.3283,-0.0003
2024-06-06,1.3269,-0.0011
2024-06-07,1.3277,0.0006
2024-06-11,1.3287,0.0008
2024-06-12,1.3293,0.0005
2024-06-13,1.3293,0.0
2024-06-14,1.3299,0.0005
2024-06-17,1.3299,0.0
2024-06-18,1.3308,0.0007000000000000001
2024-06-19,1.3305,-0.0002
2024-06-20,1.269,-0.0011
2024-06-21,1.2682,-0.0006
2024-06-24,1.2663,-0.0015
2024-06-25,1.2675,0.0009
2024-06-26,1.2702,0.0021
2024-06-27,1.2697,-0.0004
2024-06-28,1.2706,0.0007000000000000001
2024-06-30,1.2707,0.0001
2024-07-01,1.2698,-0.0007000000000000001
2024-07-02,1.2706,0.0006
2024-07-03,1.2705,-0.0001
2024-07-04,1.2693,-0.0009
2024-07-05,1.269,-0.0002
2024-07-08,1.266,-0.0024
2024-07-09,1.2685,0.002
2024-07-10,1.2688,0.0002
2024-07-11,1.2711,0.0018
2024-07-12,1.2711,0.0
2024-07-15,1.2708,-0.0002
2024-07-16,1.2712,0.0003
2024-07-17,1.2703,-0.0007000000000000001
2024-07-18,1.2699,-0.0003
2024-07-19,1.2705,0.0005
2024-07-22,1.2718,0.001
2024-07-23,1.2708,-0.0008
2024-07-24,1.2695,-0.001
2024-07-25,1.2704,0.0007000000000000001
2024-07-26,1.273,0.002
2024-07-29,1.2729,-0.0001
2024-07-30,1.2733,0.0003
2024-07-31,1.2767,0.0027
2024-08-01,1.2775,0.0006
2024-08-02,1.2771,-0.0003
2024-08-05,1.2758,-0.001
2024-08-06,1.2758,0.0
2024-08-07,1.2765,0.0005
2024-08-08,1.2752,-0.001
2024-08-09,1.2736,-0.0013
2024-08-12,1.2699,-0.0029
2024-08-13,1.2715,0.0013
2024-08-14,1.2723,0.0006
2024-08-15,1.271,-0.001
2024-08-16,1.2698,-0.0009
2024-08-19,1.2702,0.0003
2024-08-20,1.2685,-0.0013
2024-08-21,1.2677,-0.0006
2024-08-22,1.2668,-0.0007000000000000001
2024-08-23,1.2664,-0.0003
2024-08-26,1.2665,0.0001
2024-08-27,1.2636,-0.0023
2024-08-28,1.2649,0.001
2024-08-29,1.2674,0.002
2024-08-30,1.2692,0.0014000000000000002
2024-09-02,1.2694,0.0002
2024-09-03,1.2708,0.0011
2024-09-04,1.2712,0.0003
2024-09-05,1.2727,0.0012
2024-09-06,1.2716,-0.0009
2024-09-09,1.2715,-0.0001
2024-09-10,1.2712,-0.0002
2024-09-11,1.2717,0.0004
2024-09-12,1.2715,-0.0002
2024-09-13,1.2712,-0.0002
2024-09-18,1.272,0.0006
2024-09-19,1.2728,0.0006
2024-09-20,1.272,-0.0006
2024-09-23,1.2719,-0.0001
2024-09-24,1.2745,0.002
2024-09-25,1.2764,0.0015
2024-09-26,1.2184,0.0016
2024-09-27,1.2179,-0.0004
2024-09-30,1.2195,0.0013
2024-10-08,1.2236,0.0034000000000000002
2024-10-09,1.2164,-0.0059
2024-10-10,1.2187,0.0019
2024-10-11,1.22,0.0011
2024-10-14,1.2235,0.0029
2024-10-15,1.224,0.0004
2024-10-16,1.2241,0.0001
2024-10-17,1.2247,0.0005
2024-10-18,1.2255,0.0007000000000000001
2024-10-21,1.2257,0.0002
2024-10-22,1.2251,-0.0005
2024-10-23,1.2241,-0.0008
2024-10-24,1.2237,-0.0003
2024-10-25,1.2243,0.0005
2024-10-28,1.2243,0.0
2024-10-29,1.2232,-0.0009
2024-10-30,1.223,-0.0002
2024-10-31,1.224,0.0008
2024-11-01,1.2249,0.0007000000000000001
2024-11-04,1.2258,0.0007000000000000001
2024-11-05,1.2272,0.0011
2024-11-06,1.2276,0.0003
2024-11-07,1.2297,0.0017000000000000001
2024-11-08,1.2297,0.0
2024-11-11,1.2312,0.0012
2024-11-12,1.2317,0.0004
2024-11-13,1.2314,-0.0002
2024-11-14,1.23,-0.0011
2024-11-15,1.2297,-0.0002
2024-11-18,1.2288,-0.0007000000000000001
2024-11-19,1.2298,0.0008
2024-11-20,1.2305,0.0006
2024-11-21,1.2315,0.0008
2024-11-22,1.2303,-0.001
2024-11-25,1.2316,0.0011
2024-11-26,1.2318,0.0002
2024-11-27,1.2329,0.0009
2024-11-28,1.2333,0.0003
2024-11-29,1.2355,0.0018
2024-12-02,1.2392,0.003
2024-12-03,1.2393,0.0001
2024-12-04,1.2403,0.0008
2024-12-05,1.2411,0.0006
2024-12-06,1.2418,0.0006
2024-12-09,1.243,0.001
2024-12-10,1.2467,0.003
2024-12-11,1.2476,0.0007000000000000001
2024-12-12,1.2488,0.001
2024-12-13,1.2501,0.001
2024-12-16,1.2514,0.001
2024-12-17,1.2497,-0.0014000000000000002
2024-12-18,1.2488,-0.0007000000000000001
2024-12-19,1.2484,-0.0003
2024-12-20,1.2508,0.0019
2024-12-23,1.2504,-0.0003
2024-12-24,1.2504,0.0
2024-12-25,1.249,-0.0011
2024-12-26,1.1947,0.0006
2024-12-27,1.1969,0.0018
2024-12-30,1.1972,0.0003
2024-12-31,1.1979,0.0006
2025-01-02,1.1994,0.0013
2025-01-03,1.1991,-0.0003
2025-01-06,1.1993,0.0002
2025-01-07,1.1993,0.0
2025-01-08,1.1986,-0.0006
2025-01-09,1.1972,-0.0012
2025-01-10,1.1961,-0.0009
2025-01-13,1.1954,-0.0006
2025-01-14,1.1979,0.0021
2025-01-15,1.1981,0.0002
2025-01-16,1.1978,-0.0003
2025-01-17,1.1978,0.0
2025-01-20,1.1976,-0.0002
2025-01-21,1.1982,0.0005
2025-01-22,1.1983,0.0001
2025-01-23,1.1974,-0.0008
2025-01-24,1.1978,0.0003
2025-01-27,1.1993,0.0013
2025-02-05,1.1992,-0.0001
2025-02-06,1.2013,0.0018
2025-02-07,1.2024,0.0009
2025-02-10,1.2014,-0.0008
2025-02-11,1.2016,0.0002
2025-02-12,1.2018,0.0002
2025-02-13,1.2008,-0.0008
2025-02-14,1.1997,-0.0009
2025-02-17,1.1989,-0.0007000000000000001
2025-02-18,1.1967,-0.0018
2025-02-19,1.198,0.0011
2025-02-20,1.1976,-0.0003
2025-02-21,1.1965,-0.0009
2025-02-24,1.1948,-0.0014000000000000002
2025-02-25,1.1939,-0.0008
2025-02-26,1.1966,0.0023
2025-02-27,1.1956,-0.0008
2025-02-28,1.1933,-0.0019
2025-03-03,1.1945,0.001
2025-03-04,1.1951,0.0005
2025-03-05,1.1953,0.0002
2025-03-06,1.1953,0.0
2025-03-07,1.194,-0.0011
2025-03-10,1.1942,0.0002
2025-03-11,1.193,-0.001
2025-03-12,1.1936,0.0005
2025-03-13,1.1944,0.0007000000000000001
2025-03-14,1.1968,0.002
2025-03-17,1.1964,-0.0003
2025-03-18,1.1973,0.0008
2025-03-19,1.1974,0.0001
2025-03-20,1.1984,0.0008
2025-03-21,1.1973,-0.0009
2025-03-24,1.1969,-0.0003
2025-03-25,1.1982,0.0011
2025-03-26,1.1993,0.0009
2025-03-27,1.1994,0.0001
2025-03-28,1.1986,-0.0007000000000000001
2025-03-31,1.1973,-0.0011
2025-04-01,1.1986,0.0011
2025-04-02,1.1992,0.0005
2025-04-03,1.2003,0.0009
2025-04-07,1.1916,-0.0072
2025-04-08,1.1923,0.0006
2025-04-09,1.1934,0.0009
2025-04-10,1.196,0.0022
2025-04-11,1.1955,-0.0004
2025-04-14,1.1967,0.001
2025-04-15,1.1964,-0.0003
2025-04-16,1.196,-0.0003
2025-04-17,1.1968,0.0007000000000000001
2025-04-18,1.1967,-0.0001
2025-04-21,1.1975,0.0007000000000000001
2025-04-22,1.1979,0.0003
2025-04-23,1.198,0.0001
2025-04-24,1.1973,-0.0006
2025-04-25,1.1976,0.0003
2025-04-28,1.196,-0.0013
2025-04-29,1.1973,0.0011
2025-04-30,1.1976,0.0003
2025-05-06,1.1999,0.0019
2025-05-07,1.2011,0.001
2025-05-08,1.2031,0.0017000000000000001
2025-05-09,1.2029,-0.0002
2025-05-12,1.2036,0.0006
2025-05-13,1.2047,0.0009
2025-05-14,1.2049,0.0002
2025-05-15,1.2038,-0.0009
2025-05-16,1.2041,0.0002
2025-05-19,1.2047,0.0005
2025-05-20,1.2056,0.0007000000000000001
2025-05-21,1.2058,0.0002
2025-05-22,1.2051,-0.0006
2025-05-23,1.2046,-0.0004
2025-05-26,1.2048,0.0002
2025-05-27,1.2044,-0.0003
2025-05-28,1.204,-0.0003
2025-05-29,1.2039,-0.0001
2025-05-30,1.2041,0.0002
2025-06-03,1.2045,0.0003
2025-06-04,1.2057,0.001
2025-06-05,1.2053,-0.0003
2025-06-06,1.2059,0.0005
2025-06-09,1.2077,0.0015
2025-06-10,1.2074,-0.0002
2025-06-11,1.2087,0.0011
2025-06-12,1.2088,0.0001
2025-06-13,1.2078,-0.0008
2025-06-16,1.208,0.0002
2025-06-17,1.2088,0.0007000000000000001
2025-06-18,1.2084,-0.0003
2025-06-19,1.2072,-0.001
2025-06-20,1.2077,0.0004
2025-06-23,1.2086,0.0007000000000000001
2025-06-24,1.2096,0.0008
2025-06-25,1.2106,0.0008
2025-06-26,1.21,-0.0005
2025-06-27,1.2112,0.001
2025-06-30,1.2118,0.0005
2025-07-01,1.2129,0.0009
2025-07-02,1.215,0.0017000000000000001
2025-07-03,1.2165,0.0012
2025-07-04,1.2161,-0.0003
2025-07-07,1.2166,0.0004
2025-07-08,1.2176,0.0008
2025-07-09,1.2171,-0.0004
2025-07-10,1.218,0.0007000000000000001
2025-07-11,1.2178,-0.0002
2025-07-14,1.2176,-0.0002
2025-07-15,1.2176,0.0
2025-07-16,1.2182,0.0005
2025-07-17,1.219,0.0007000000000000001
2025-07-18,1.2197,0.0006
2025-07-21,1.2217,0.0016
2025-07-22,1.2241,0.002
2025-07-23,1.2222,-0.0016
2025-07-24,1.2219,-0.0002
2025-07-25,1.2207,-0.001
2025-07-28,1.2206,-0.0001
2025-07-29,1.2205,-0.0001
2025-07-30,1.2207,0.0002
2025-07-31,1.2187,-0.0016
2025-08-01,1.2193,0.0005
2025-08-04,1.2201,0.0007000000000000001
2025-08-05,1.2217,0.0013
2025-08-06,1.2227,0.0008
2025-08-07,1.223,0.0002
2025-08-08,1.224,0.0008
2025-08-11,1.2242,0.0002
2025-08-12,1.2233,-0.0007000000000000001
2025-08-13,1.2234,0.0001
2025-08-14,1.2215,-0.0016
2025-08-15,1.2226,0.0009
2025-08-18,1.2208,-0.0015
2025-08-19,1.2211,0.0002
2025-08-20,1.2222,0.0009
2025-08-21,1.2232,0.0008
2025-08-22,1.2237,0.0004
2025-08-25,1.2261,0.002
2025-08-26,1.2272,0.0009
2025-08-27,1.2245,-0.0022
2025-08-28,1.2247,0.0002
2025-08-29,1.2251,0.0003
2025-09-01,1.2256,0.0004
2025-09-02,1.2246,-0.0008
2025-09-03,1.2237,-0.0007000000000000001
2025-09-04,1.2242,0.0004
2025-09-05,1.2263,0.0017000000000000001
2025-09-08,1.227,0.0006
2025-09-09,1.2265,-0.0004
2025-09-10,1.2247,-0.0015
2025-09-11,1.2253,0.0005
2025-09-12,1.2253,0.0
2025-09-15,1.2256,0.0002
2025-09-16,1.2256,0.0
2025-09-17,1.2266,0.0008
2025-09-18,1.2241,-0.002
2025-09-19,1.2251,0.0008
2025-09-22,1.2237,-0.0011
2025-09-23,1.2222,-0.0012
2025-09-24,1.2226,0.0003
2025-09-25,1.2217,-0.0007000000000000001
2025-09-26,1.2214,-0.0002
2025-09-29,1.2225,0.0009
2025-09-30,1.2239,0.0011
2025-10-09,1.2278,0.0032
2025-10-10,1.2275,-0.0002
2025-10-13,1.2271,-0.0003
2025-10-14,1.2268,-0.0002
2025-10-15,1.2284,0.0013
2025-10-16,1.2277,-0.0006
2025-10-17,1.226,-0.0014000000000000002
2025-10-20,1.2265,0.0004
2025-10-21,1.2278,0.0011
2025-10-22,1.2282,0.0003
2025-10-23,1.2297,0.0012
2025-10-24,1.2294,-0.0002
2025-10-27,1.2309,0.0012
2025-10-28,1.2313,0.0003
2025-10-29,1.2338,0.002
2025-10-30,1.2352,0.0011
2025-10-31,1.2367,0.0012
2025-11-03,1.2371,0.0003
2025-11-04,1.2361,-0.0008
2025-11-05,1.237,0.0007000000000000001
2025-11-06,1.2385,0.0012
2025-11-07,1.239,0.0004
2025-11-10,1.2404,0.0011
2025-11-11,1.2403,-0.0001
2025-11-12,1.2406,0.0002
2025-11-13,1.2418,0.001
2025-11-14,1.2407,-0.0009
2025-11-17,1.2404,-0.0002
2025-11-18,1.2384,-0.0016
2025-11-19,1.2382,-0.0002
2025-11-20,1.2382,0.0
2025-11-21,1.2345,-0.003
2025-11-24,1.2347,0.0002
2025-11-25,1.2354,0.0006
2025-11-26,1.2343,-0.0009
2025-11-27,1.2348,0.0004
2025-11-28,1.2356,0.0006
2025-12-01,1.2378,0.0018
2025-12-02,1.238,0.0002
2025-12-03,1.2385,0.0004
2025-12-04,1.2372,-0.001
2025-12-05,1.2386,0.0011
2025-12-08,1.2374,-0.001
2025-12-09,1.2359,-0.0012
2025-12-10,1.237,0.0009
2025-12-11,1.2356,-0.0011
2025-12-12,1.237,0.0011
2025-12-15,1.2367,-0.0002
2025-12-16,1.2352,-0.0012
2025-12-17,1.2364,0.001
2025-12-18,1.2366,0.0002
2025-12-19,1.2386,0.0016
2025-12-22,1.2387,0.0001
2025-12-23,1.2386,-0.0001
2025-12-24,1.2396,0.0008
2025-12-25,1.2404,0.0006
2025-12-26,1.2423,0.0015
2025-12-29,1.2415,-0.0006
2025-12-30,1.2412,-0.0002
2025-12-31,1.2417,0.0004
2026-01-05,1.2436,0.0015
2026-01-06,1.2466,0.0024
2026-01-07,1.2451,-0.0012
2026-01-08,1.2455,0.0003
2026-01-09,1.2469,0.0011
2026-01-12,1.2475,0.0005
2026-01-13,1.2468,-0.0006
2026-01-14,1.2469,0.0001
2026-01-15,1.2475,0.0005
2026-01-16,1.2473,-0.0002
2026-01-19,1.2494,0.0017000000000000001
2026-01-20,1.2512,0.0014000000000000002
2026-01-21,1.2513,0.0001
2026-01-22,1.2522,0.0007000000000000001
2026-01-23,1.2534,0.001
2026-01-26,1.2533,-0.0001
2026-01-27,1.2523,-0.0008
2026-01-28,1.2532,0.0007000000000000001
2026-01-29,1.254,0.0006
2026-01-30,1.2524,-0.0013
2026-02-02,1.2486,-0.003
2026-02-03,1.2504,0.0014000000000000002
2026-02-04,1.2536,0.0026
2026-02-05,1.2539,0.0002
2026-02-06,1.2541,0.0002
2026-02-09,1.2555,0.0011
2026-02-10,1.2555,0.0
2026-02-11,1.2563,0.0006
2026-02-12,1.256,-0.0002
2026-02-13,1.2546,-0.0011
2026-02-24,1.2565,0.0015
2026-02-25,1.2579,0.0011
2026-02-26,1.2565,-0.0011
2026-02-27,1.2572,0.0006
2026-03-02,1.2575,0.0002
2026-03-03,1.2561,-0.0011
2026-03-04,1.2548,-0.001
2026-03-05,1.2553,0.0004
2026-03-06,1.2566,0.001
2026-03-09,1.2547,-0.0015
2026-03-10,1.2556,0.0007000000000000001
2026-03-11,1.2557,0.0001
2026-03-12,1.2557,0.0
2026-03-13,1.2555,-0.0002
2026-03-16,1.2547,-0.0006
2026-03-17,1.2543,-0.0003
2026-03-18,1.2543,0.0
2026-03-19,1.2527,-0.0013
2026-03-20,1.2524,-0.0002
2026-03-23,1.2483,-0.0033
2026-03-24,1.2507,0.0019
2026-03-25,1.2521,0.0011
2026-03-26,1.2514,-0.0006
2026-03-27,1.2522,0.0006
2026-03-30,1.2527,0.0004
2026-03-31,1.2526,-0.0001
2026-04-01,1.2537,0.0009
2026-04-02,1.2536,-0.0001
2026-04-03,1.2522,-0.0011
2026-04-07,1.2529,0.0006
2026-04-08,1.2554,0.002
2026-04-09,1.2539,-0.0012
2026-04-10,1.2545,0.0005
2026-04-13,1.254,-0.0004
2026-04-14,1.2547,0.0006
2026-04-15,1.2548,0.0001
2026-04-16,1.2553,0.0004
2026-04-17,1.2554,0.0001
2026-04-20,1.2559,0.0004
2026-04-21,1.2572,0.001
2026-04-22,1.2575,0.0002
2026-04-23,1.2565,-0.0008
2026-04-24,1.2562,-0.0002
2026-04-27,1.2555,-0.0006
2026-04-28,1.256,0.0004
2026-04-29,1.2586,0.0021
2026-04-30,1.2574,-0.001
2026-05-06,1.2572,-0.0002
2026-05-07,1.257,-0.0002
2026-05-08,1.2571,0.0001
2026-05-11,1.2585,0.0011
2026-05-12,1.258,-0.0004
2026-05-13,1.2579,-0.0001
2026-05-14,1.2566,-0.001
2026-05-15,1.2551,-0.0012
2026-05-18,1.2537,-0.0011
2026-05-19,1.255,0.001
2026-05-20,1.2546,-0.0003
2026-05-21,1.2532,-0.0011
2026-05-22,1.2533,0.0001
2026-05-25,1.2544,0.0009
2026-05-26,1.2555,0.0009
2026-05-27,1.2549,-0.0005
2026-05-28,1.2539,-0.0008
2026-05-29,1.2554,0.0012
2026-06-01,1.2581,0.0022
2026-06-02,1.2569,-0.001
2026-06-03,1.2558,-0.0009
2026-06-04,1.2549,-0.0007000000000000001
2026-06-05,1.2544,-0.0004
2026-06-08,1.2514,-0.0024
2026-06-09,1.2507,-0.0006
2026-06-10,1.2496,-0.0009
2026-06-11,1.2477,-0.0015
2026-06-12,1.2505,0.0022
2026-06-15,1.2512,0.0006
2026-06-16,1.2507,-0.0004
2026-06-17,1.251,0.0002
2026-06-18,1.2485,-0.002
2026-06-22,1.25,0.0012
2026-06-23,1.2472,-0.0022
2026-06-24,1.2455,-0.0014000000000000002
2026-06-25,1.2457,0.0002
2026-06-26,1.2439,-0.0014000000000000002
2026-06-29,1.2461,0.0018
2026-06-30,1.2447,-0.0011
2026-07-01,1.2463,0.0013
2026-07-02,1.247,0.0006
2026-07-03,1.2485,0.0012
2026-07-06,1.25,0.0012
2026-07-07,1.2474,-0.0021
2026-07-08,1.2468,-0.0005
2026-07-09,1.2461,-0.0006
2026-07-10,1.2471,0.0008
2026-07-13,1.2448,-0.0018
2026-07-14,1.2475,0.0022
2026-07-15,1.2508,0.0026
2026-07-16,1.2512,0.0003
2026-07-17,1.2488,-0.0019
2026-07-20,1.2514,0.0021
2026-07-21,1.2514,0.0
2026-07-22,1.2539,0.002
2026-07-23,1.2556,0.0014000000000000002
2026-07-24,1.2522,-0.0027
2026-07-27,1.2542,0.0016
2026-07-28,1.2551,0.0007000000000000001
2026-07-29,1.2585,0.0027
2026-07-30,1.2603,0.0014000000000000002
2026-07-31,1.2601,-0.0002
2026-08-03,1.2606,0.0004
2026-08-04,1.2581,-0.002
