date,nav,ret
2002-11-11,1.0,0.0
2002-11-12,1.0,0.0
2002-11-13,1.0,0.0
2002-11-14,1.0,0.0
2002-11-15,1.0,0.0
2002-11-18,1.0001,0.0001
2002-11-19,1.0001,0.0
2002-11-20,1.0001,0.0
2002-11-21,1.0,-0.0001
2002-11-22,1.0,0.0
2002-11-25,1.0001,0.0001
2002-11-26,1.0,-0.0001
2002-11-27,1.0,0.0
2002-11-28,1.0001,0.0001
2002-11-29,1.0001,0.0
2002-12-02,1.0001,0.0
2002-12-03,1.0001,0.0
2002-12-04,1.0002,0.0001
2002-12-05,1.0001,-0.0001
2002-12-06,1.0001,0.0
2002-12-09,1.0001,0.0
2002-12-10,0.9999,-0.0002
2002-12-11,0.9994,-0.0005
2002-12-12,0.9998,0.0004
2002-12-13,0.9998,0.0
2002-12-16,1.0011,0.0013
2002-12-17,1.0014,0.0003
2002-12-18,1.0017,0.0003
2002-12-19,1.0011,-0.000599
2002-12-20,1.0021,0.000999
2002-12-23,1.0027,0.000599
2002-12-24,1.002,-0.000698
2002-12-25,1.0018,-0.0002
2002-12-26,0.9998,-0.001996
2002-12-27,0.9986,-0.0012
2002-12-30,0.9971,-0.001502
2002-12-31,0.9965,-0.000602
2003-01-02,0.9943,-0.002208
2003-01-03,0.9933,-0.001006
2003-01-06,0.9942,0.000906
2003-01-07,0.995,0.000805
2003-01-08,0.9984,0.003417
2003-01-09,1.0016,0.003205
2003-01-10,1.0037,0.002097
2003-01-13,1.0022,-0.001494
2003-01-14,1.0134,0.011175
2003-01-15,1.0202,0.006710000000000001
2003-01-16,1.0197,-0.00049
2003-01-17,1.0212,0.001471
2003-01-20,1.0162,-0.004896
2003-01-21,1.0154,-0.000787
2003-01-22,1.0084,-0.006894
2003-01-23,1.0095,0.001091
2003-01-24,1.0119,0.0023769999999999998
2003-01-27,1.0213,0.009288999999999999
2003-01-28,1.0227,0.001371
2003-01-29,1.0274,0.004596
2003-02-10,1.0181,-0.009052
2003-02-11,1.0172,-0.000884
2003-02-12,1.0235,0.006193
2003-02-13,1.0267,0.0031269999999999996
2003-02-14,1.0243,-0.0023380000000000002
2003-02-17,1.0214,-0.002831
2003-02-18,1.0173,-0.004014
2003-02-19,1.0199,0.002556
2003-02-20,1.0231,0.003138
2003-02-21,1.0145,-0.008406
2003-02-24,1.0126,-0.0018729999999999999
2003-02-25,1.0187,0.006024000000000001
2003-02-26,1.0203,0.001571
2003-02-27,1.022,0.001666
2003-02-28,1.0195,-0.0024460000000000003
2003-03-03,1.0218,0.0022559999999999998
2003-03-04,1.0258,0.003915
2003-03-05,1.0228,-0.0029249999999999996
2003-03-06,1.0194,-0.0033239999999999997
2003-03-07,1.016,-0.0033350000000000003
2003-03-10,1.0094,-0.006495999999999999
2003-03-11,1.0068,-0.002576
2003-03-12,1.0065,-0.000298
2003-03-13,1.0079,0.001391
2003-03-14,1.0068,-0.001091
2003-03-17,1.0048,-0.001986
2003-03-18,1.0076,0.002787
2003-03-19,1.0057,-0.0018859999999999999
2003-03-20,1.0071,0.001392
2003-03-21,1.0097,0.0025819999999999997
2003-03-24,1.0123,0.002575
2003-03-25,1.0098,-0.00247
2003-03-26,1.0086,-0.001188
2003-03-27,1.0148,0.0061470000000000006
2003-03-28,1.0234,0.008475
2003-03-31,1.0282,0.00469
2003-04-01,1.0338,0.0054459999999999995
2003-04-02,1.0331,-0.000677
2003-04-03,1.0307,-0.002323
2003-04-04,1.0347,0.003881
2003-04-07,1.0416,0.0066690000000000004
2003-04-08,1.0421,0.00048
2003-04-09,1.0506,0.008157
2003-04-10,1.0718,0.020179
2003-04-11,1.0811,0.008677
2003-04-14,1.0996,0.017112000000000002
2003-04-15,1.1138,0.012914000000000002
2003-04-16,1.1302,0.014724
2003-04-17,1.1141,-0.014245
2003-04-18,1.1103,-0.003411
2003-04-21,1.0868,-0.021165
2003-04-22,1.0885,0.001564
2003-04-23,1.0825,-0.005512
2003-04-24,1.0269,-0.023649
2003-04-25,1.0258,-0.001071
2003-04-28,1.0451,0.018815
2003-04-29,1.0619,0.016075
2003-04-30,1.0739,0.0113
2003-05-12,1.0879,0.013037
2003-05-13,1.0855,-0.002206
2003-05-14,1.0838,-0.001566
2003-05-15,1.098,0.013102
2003-05-16,1.1046,0.006011
2003-05-19,1.1,-0.004164
2003-05-20,1.0916,-0.0076359999999999996
2003-05-21,1.0946,0.002748
2003-05-22,1.0958,0.001096
2003-05-23,1.1158,0.018252
2003-05-26,1.1163,0.000448
2003-05-27,1.1152,-0.000985
2003-05-28,1.1074,-0.006994
2003-05-29,1.0943,-0.01183
2003-05-30,1.1034,0.008316
2003-06-02,1.0997,-0.003353
2003-06-03,1.0396,-9.1e-05
2003-06-04,1.032,-0.007311
2003-06-05,1.0323,0.000291
2003-06-06,1.0207,-0.011236999999999999
2003-06-09,1.0126,-0.007936
2003-06-10,1.0132,0.000593
2003-06-11,1.0223,0.008981
2003-06-12,1.024,0.001663
2003-06-13,1.0239,-9.8e-05
2003-06-16,1.018,-0.005762000000000001
2003-06-17,1.0153,-0.002652
2003-06-18,1.0166,0.00128
2003-06-19,1.0091,-0.007378
2003-06-20,1.0067,-0.002378
2003-06-23,0.9975,-0.009139000000000001
2003-06-24,0.9955,-0.0020050000000000003
2003-06-25,0.9946,-0.000904
2003-06-26,0.998,0.003418
2003-06-27,0.9997,0.001703
2003-06-30,0.9943,-0.0054020000000000006
2003-07-01,1.0006,0.0063360000000000005
2003-07-02,1.004,0.003398
2003-07-03,1.0112,0.007170999999999999
2003-07-04,1.0157,0.00445
2003-07-07,1.0174,0.001674
2003-07-08,1.0206,0.0031450000000000002
2003-07-09,1.0161,-0.004409
2003-07-10,1.0302,0.013876999999999999
2003-07-11,1.0349,0.004562
2003-07-14,1.0338,-0.0010630000000000001
2003-07-15,1.0359,0.002031
2003-07-16,1.0389,0.002896
2003-07-17,1.0506,0.011262000000000001
2003-07-18,1.0427,-0.00752
2003-07-21,1.0297,-0.012468
2003-07-22,1.0291,-0.000583
2003-07-23,1.028,-0.0010689999999999999
2003-07-24,1.0265,-0.001459
2003-07-25,1.0194,-0.0069169999999999995
2003-07-28,1.013,-0.006278000000000001
2003-07-29,1.0161,0.00306
2003-07-30,1.0177,0.001575
2003-07-31,1.0205,0.002751
2003-08-01,1.0199,-0.000588
2003-08-04,1.0246,0.004608
2003-08-05,1.0298,0.005075
2003-08-06,1.0256,-0.004078
2003-08-07,1.025,-0.000585
2003-08-08,1.0167,-0.008098
2003-08-11,1.0128,-0.003836
2003-08-12,1.0176,0.004739
2003-08-13,1.0127,-0.004815
2003-08-14,1.0064,-0.006221
2003-08-15,1.0005,-0.005862000000000001
2003-08-18,1.0001,-0.0004
2003-08-19,1.0022,0.0021
2003-08-20,0.9966,-0.005587999999999999
2003-08-21,0.9963,-0.000301
2003-08-22,0.9962,-0.0001
2003-08-25,0.9879,-0.008332
2003-08-26,0.9885,0.000607
2003-08-27,0.9879,-0.000607
2003-08-28,0.9866,-0.001316
2003-08-29,0.9862,-0.00040500000000000003
2003-09-01,0.9995,0.013486
2003-09-02,1.0049,0.005403
2003-09-03,1.0003,-0.004578
2003-09-04,0.9984,-0.001899
2003-09-05,0.9873,-0.011118
2003-09-08,0.9818,-0.005571
2003-09-09,0.9772,-0.004685
2003-09-10,0.9764,-0.000819
2003-09-11,0.9829,0.006657
2003-09-12,0.9788,-0.004171
2003-09-15,0.9738,-0.0051080000000000006
2003-09-16,0.9685,-0.005443
2003-09-17,0.9665,-0.002065
2003-09-18,0.9647,-0.001862
2003-09-19,0.9639,-0.000829
2003-09-22,0.9593,-0.004772
2003-09-23,0.9552,-0.004274
2003-09-24,0.9604,0.005444
2003-09-25,0.9563,-0.004269
2003-09-26,0.9547,-0.001673
2003-09-29,0.9498,-0.0051329999999999995
2003-09-30,0.9538,0.0042109999999999995
2003-10-08,0.9582,0.004613
2003-10-09,0.961,0.002922
2003-10-10,0.9692,0.008532999999999999
2003-10-13,0.9734,0.004333
2003-10-14,0.9677,-0.005856
2003-10-15,0.9681,0.000413
2003-10-16,0.9563,-0.012189
2003-10-17,0.9552,-0.00115
2003-10-20,0.9519,-0.0034549999999999997
2003-10-21,0.9528,0.000945
2003-10-22,0.9735,0.021724999999999998
2003-10-23,0.9768,0.0033900000000000002
2003-10-24,0.9716,-0.005324
2003-10-27,0.9721,0.0005149999999999999
2003-10-28,0.9796,0.007715
2003-10-29,0.9839,0.00439
2003-10-30,0.9825,-0.001423
2003-10-31,0.9813,-0.001221
2003-11-03,0.9861,0.0048909999999999995
2003-11-04,1.0057,0.019876
2003-11-05,1.0018,-0.003878
2003-11-06,0.9966,-0.005191
2003-11-07,0.9878,-0.00883
2003-11-10,0.9853,-0.002531
2003-11-11,0.9887,0.003451
2003-11-12,0.9811,-0.007687
2003-11-13,0.9762,-0.004994
2003-11-14,0.9765,0.00030700000000000004
2003-11-17,0.9787,0.002253
2003-11-18,0.9745,-0.004291
2003-11-19,0.9755,0.001026
2003-11-20,0.9835,0.008201
2003-11-21,0.989,0.005592000000000001
2003-11-24,0.9924,0.003438
2003-11-25,1.0003,0.00796
2003-11-26,0.9973,-0.002999
2003-11-27,0.995,-0.002306
2003-11-28,0.995,0.0
2003-12-01,1.0095,0.014573000000000001
2003-12-02,1.017,0.007429
2003-12-03,1.0218,0.004719999999999999
2003-12-04,1.0228,0.000979
2003-12-05,1.0206,-0.002151
2003-12-08,1.021,0.000392
2003-12-09,1.0175,-0.003428
2003-12-10,1.0297,0.01199
2003-12-11,1.0355,0.005633
2003-12-12,1.0323,-0.00309
2003-12-15,1.0354,0.003003
2003-12-16,1.0313,-0.00396
2003-12-17,1.0392,0.00766
2003-12-18,1.0351,-0.003945000000000001
2003-12-19,1.0443,0.008888
2003-12-22,1.0577,0.012832
2003-12-23,1.0756,0.016923999999999998
2003-12-24,1.0869,0.010506
2003-12-25,1.0949,0.00736
2003-12-26,1.0893,-0.005115
2003-12-29,1.0825,-0.006242999999999999
2003-12-30,1.0874,0.004527
2003-12-31,1.0836,-0.003495
2004-01-02,1.0928,0.00849
2004-01-05,1.1366,0.040081
2004-01-06,1.1422,0.004927
2004-01-07,1.1518,0.008405000000000001
2004-01-08,1.1604,0.0074670000000000005
2004-01-09,1.1524,-0.006894
2004-01-12,1.1758,0.020305
2004-01-13,1.1561,0.00025499999999999996
2004-01-14,1.1489,-0.006228
2004-01-15,1.1433,-0.004874
2004-01-16,1.1474,0.0035859999999999998
2004-01-29,1.1575,0.008803
2004-01-30,1.1343,-0.020043000000000002
2004-02-02,1.1517,0.01534
2004-02-03,1.1566,0.004255
2004-02-04,1.1761,0.01686
2004-02-05,1.1746,-0.001275
2004-02-06,1.1639,-0.009109
2004-02-09,1.173,0.007819
2004-02-10,1.1655,-0.0063939999999999995
2004-02-11,1.1584,-0.006091999999999999
2004-02-12,1.1492,-0.007942
2004-02-13,1.1562,0.006091
2004-02-16,1.1712,0.012974000000000001
2004-02-17,1.173,0.001537
2004-02-18,1.1808,0.0066500000000000005
2004-02-19,1.1764,-0.0037259999999999997
2004-02-20,1.1781,0.0014449999999999999
2004-02-23,1.1565,-0.018335
2004-02-24,1.1645,0.0069169999999999995
2004-02-25,1.1512,-0.011420999999999999
2004-02-26,1.1596,0.0072970000000000005
2004-02-27,1.1682,0.007416000000000001
2004-03-01,1.1729,0.004023
2004-03-02,1.1723,-0.000512
2004-03-03,1.1607,-0.009895000000000001
2004-03-04,1.1615,0.000689
2004-03-05,1.1614,-8.6e-05
2004-03-08,1.1554,-0.005166
2004-03-09,1.1579,0.002164
2004-03-10,1.1735,0.013472999999999999
2004-03-11,1.1812,0.006562
2004-03-12,1.1909,0.008212
2004-03-15,1.2098,0.01587
2004-03-16,1.2149,0.004216
2004-03-17,1.2143,-0.000494
2004-03-18,1.1979,-0.013506
2004-03-19,1.2134,0.012939
2004-03-22,1.2108,-0.002143
2004-03-23,1.2007,-0.008342
2004-03-24,1.2043,0.0029980000000000002
2004-03-25,1.2027,-0.0013289999999999999
2004-03-26,1.1039,0.000998
2004-03-29,1.0959,-0.007247
2004-03-30,1.0931,-0.002555
2004-03-31,1.0991,0.005489000000000001
2004-04-01,1.1081,0.008189
2004-04-02,1.1194,0.010198
2004-04-05,1.1271,0.006879
2004-04-06,1.13,0.0025729999999999998
2004-04-07,1.1333,0.00292
2004-04-08,1.137,0.003265
2004-04-09,1.1123,-0.021724
2004-04-12,1.1065,-0.005214
2004-04-13,1.098,-0.007682
2004-04-14,1.0853,-0.011566
2004-04-15,1.0815,-0.003501
2004-04-16,1.0932,0.010818000000000001
2004-04-19,1.0889,-0.003933
2004-04-20,1.0872,-0.0015609999999999999
2004-04-21,1.077,-0.009382
2004-04-22,1.08,0.0027860000000000003
2004-04-23,1.0723,-0.00713
2004-04-26,1.0802,0.007367
2004-04-27,1.0792,-0.0009260000000000001
2004-04-28,1.0632,-0.014825999999999999
2004-04-29,1.046,-0.016177999999999998
2004-04-30,1.0541,0.007744
2004-05-10,1.0301,-0.022768
2004-05-11,1.0305,0.000388
2004-05-12,1.0442,0.013295
2004-05-13,1.0402,-0.0038309999999999998
2004-05-14,1.0256,-0.014036
2004-05-17,1.0174,-0.007995
2004-05-18,1.0157,-0.001671
2004-05-19,1.0171,0.001378
2004-05-20,1.0143,-0.002753
2004-05-21,1.0202,0.005817
2004-05-24,1.0184,-0.001764
2004-05-25,1.0084,-0.009819
2004-05-26,1.0154,0.006942
2004-05-27,1.0293,0.013689
2004-05-28,1.0268,-0.002429
2004-05-31,1.0299,0.003019
2004-06-01,1.0386,0.008447
2004-06-02,1.0284,-0.009821
2004-06-03,1.0199,-0.008265
2004-06-04,1.0178,-0.002059
2004-06-07,1.0112,-0.0064849999999999994
2004-06-08,1.0049,-0.00623
2004-06-09,0.9979,-0.006966
2004-06-10,0.9997,0.001804
2004-06-11,0.9992,-0.0005
2004-06-14,0.9936,-0.0056040000000000005
2004-06-15,1.0048,0.011271999999999999
2004-06-16,1.0107,0.0058720000000000005
2004-06-17,0.994,-0.016523
2004-06-18,0.9826,-0.011469
2004-06-21,0.9845,0.001934
2004-06-22,0.9901,0.0056879999999999995
2004-06-23,0.9836,-0.006565
2004-06-24,0.9801,-0.003558
2004-06-25,0.9732,-0.007039999999999999
2004-06-28,0.9714,-0.00185
2004-06-29,0.9847,0.013692
2004-06-30,0.9839,-0.0008119999999999999
2004-07-01,1.0031,0.019514
2004-07-02,1.0044,0.0012959999999999998
2004-07-05,1.0063,0.001892
2004-07-06,1.0079,0.00159
2004-07-07,1.004,-0.003869
2004-07-08,1.0053,0.0012950000000000001
2004-07-09,1.0036,-0.001691
2004-07-12,0.9948,-0.008768
2004-07-13,0.9984,0.003619
2004-07-14,1.0045,0.00611
2004-07-15,1.0157,0.01115
2004-07-16,1.0311,0.015162
2004-07-19,1.0335,0.002328
2004-07-20,1.025,-0.008224
2004-07-21,1.0218,-0.0031219999999999998
2004-07-22,1.0037,-0.017714
2004-07-23,1.0018,-0.001893
2004-07-26,0.992,-0.009781999999999999
2004-07-27,0.9864,-0.005645
2004-07-28,0.9896,0.0032440000000000004
2004-07-29,0.9969,0.007377
2004-07-30,0.9891,-0.007824
2004-08-02,0.9788,-0.010414000000000001
2004-08-03,0.9698,-0.009195
2004-08-04,0.9865,0.01722
2004-08-05,0.9779,-0.008718
2004-08-06,0.9797,0.0018410000000000002
2004-08-09,0.9862,0.006634999999999999
2004-08-10,0.9892,0.0030420000000000004
2004-08-11,0.9836,-0.005661
2004-08-12,0.9801,-0.003558
2004-08-13,0.9852,0.005203999999999999
2004-08-16,0.9808,-0.004466
2004-08-17,0.9859,0.0052
2004-08-18,0.9878,0.0019270000000000001
2004-08-19,0.9874,-0.00040500000000000003
2004-08-20,0.9899,0.002532
2004-08-23,0.9813,-0.008688
2004-08-24,0.9826,0.001325
2004-08-25,0.9801,-0.0025440000000000003
2004-08-26,0.9797,-0.00040800000000000005
2004-08-27,0.9722,-0.0076549999999999995
2004-08-30,0.9673,-0.00504
2004-08-31,0.9749,0.007857
2004-09-01,0.9653,-0.009847
2004-09-02,0.9655,0.000207
2004-09-03,0.9647,-0.000829
2004-09-06,0.9599,-0.0049759999999999995
2004-09-07,0.9615,0.0016669999999999999
2004-09-08,0.956,-0.005719999999999999
2004-09-09,0.9462,-0.010251
2004-09-10,0.949,0.002959
2004-09-13,0.9403,-0.009167999999999999
2004-09-14,0.9557,0.016378
2004-09-15,0.9776,0.022915
2004-09-16,0.9814,0.003887
2004-09-17,1.0019,0.020889
2004-09-20,1.0216,0.019663
2004-09-21,1.017,-0.004503
2004-09-22,1.0045,-0.012291000000000002
2004-09-23,1.0324,0.027774999999999998
2004-09-24,1.0203,-0.01172
2004-09-27,1.0217,0.001372
2004-09-28,1.0283,0.0064600000000000005
2004-09-29,1.0218,-0.006321
2004-09-30,1.0182,-0.003523
2004-10-08,1.0303,0.011883999999999999
2004-10-11,1.021,-0.009026
2004-10-12,1.0058,-0.014887
2004-10-13,1.0054,-0.000398
2004-10-14,0.991,-0.014322999999999999
2004-10-15,0.9923,0.001312
2004-10-18,0.9928,0.000504
2004-10-19,0.9949,0.002115
2004-10-20,0.9995,0.004624
2004-10-21,0.9992,-0.0003
2004-10-22,1.0118,0.01261
2004-10-25,1.0032,-0.0085
2004-10-26,1.0085,0.0052829999999999995
2004-10-27,1.01,0.001487
2004-10-28,1.007,-0.00297
2004-10-29,0.9983,-0.00864
2004-11-01,0.9946,-0.0037059999999999997
2004-11-02,0.9931,-0.0015079999999999998
2004-11-03,1.0014,0.008357999999999999
2004-11-04,0.9886,-0.012782
2004-11-05,0.9845,-0.0041470000000000005
2004-11-08,0.9875,0.0030470000000000002
2004-11-09,0.9913,0.003848
2004-11-10,1.0131,0.021991
2004-11-11,1.0066,-0.006416
2004-11-12,1.0129,0.006259
2004-11-15,1.0174,0.004443
2004-11-16,1.0179,0.000491
2004-11-17,1.0121,-0.005698
2004-11-18,1.018,0.005829
2004-11-19,1.021,0.002947
2004-11-22,1.0183,-0.002644
2004-11-23,1.0089,-0.009231
2004-11-24,1.0081,-0.000793
2004-11-25,1.0089,0.000794
2004-11-26,1.0066,-0.00228
2004-11-29,1.0008,-0.005762000000000001
2004-11-30,1.0005,-0.0003
2004-12-01,0.997,-0.003498
2004-12-02,0.9907,-0.006319
2004-12-03,0.9894,-0.001312
2004-12-06,0.9887,-0.000707
2004-12-07,0.9835,-0.005259000000000001
2004-12-08,0.9871,0.00366
2004-12-09,0.9923,0.005268
2004-12-10,0.9883,-0.004031
2004-12-13,0.9863,-0.0020239999999999998
2004-12-14,0.9868,0.0005070000000000001
2004-12-15,0.99,0.003243
2004-12-16,0.988,-0.00202
2004-12-17,0.9784,-0.009717
2004-12-20,0.9648,-0.0139
2004-12-21,0.9632,-0.001658
2004-12-22,0.9791,0.016507
2004-12-23,0.9708,-0.008477
2004-12-24,0.9732,0.0024720000000000002
2004-12-27,0.9721,-0.00113
2004-12-28,0.976,0.004012
2004-12-29,0.9742,-0.0018440000000000002
2004-12-30,0.9767,0.002566
2004-12-31,0.9781,0.001433
2005-01-04,0.962,-0.01646
2005-01-05,0.9653,0.0034300000000000003
2005-01-06,0.9601,-0.005386999999999999
2005-01-07,0.9573,-0.002916
2005-01-10,0.9621,0.005013999999999999
2005-01-11,0.965,0.003014
2005-01-12,0.9664,0.001451
2005-01-13,0.9667,0.00031
2005-01-14,0.9618,-0.005069000000000001
2005-01-17,0.9529,-0.009253
2005-01-18,0.9511,-0.001889
2005-01-19,0.9447,-0.006729000000000001
2005-01-20,0.9404,-0.004552
2005-01-21,0.9559,0.016482
2005-01-24,0.9643,0.008788
2005-01-25,0.9671,0.002904
2005-01-26,0.9649,-0.002275
2005-01-27,0.9569,-0.008291
2005-01-28,0.9543,-0.002717
2005-01-31,0.9524,-0.001991
2005-02-01,0.9532,0.00084
2005-02-02,0.9881,0.036614
2005-02-03,0.9829,-0.005263
2005-02-04,1.0037,0.021162
2005-02-16,1.0043,0.000598
2005-02-17,0.997,-0.007269
2005-02-18,0.9883,-0.008726000000000001
2005-02-21,1.002,0.013862000000000001
2005-02-22,1.0134,0.011377
2005-02-23,1.0101,-0.003256
2005-02-24,1.0086,-0.001485
2005-02-25,1.0106,0.001983
2005-02-28,1.0051,-0.005442
2005-03-01,1.0011,-0.00398
2005-03-02,0.9909,-0.010188999999999998
2005-03-03,0.995,0.004138
2005-03-04,0.9949,-0.000101
2005-03-07,1.0011,0.006232
2005-03-08,1.0132,0.012087
2005-03-09,1.0121,-0.001086
2005-03-10,0.9995,-0.012448999999999998
2005-03-11,1.0047,0.005203
2005-03-14,1.0133,0.00856
2005-03-15,0.9992,-0.013915
2005-03-16,0.9884,-0.010809
2005-03-17,0.9863,-0.002125
2005-03-18,0.9803,-0.006083
2005-03-21,0.9811,0.0008160000000000001
2005-03-22,0.9841,0.003058
2005-03-23,0.9775,-0.006706999999999999
2005-03-24,0.9752,-0.002353
2005-03-25,0.9769,0.0017430000000000002
2005-03-28,0.9815,0.004709
2005-03-29,0.9772,-0.0043809999999999995
2005-03-30,0.9708,-0.006549
2005-03-31,0.9757,0.005047
2005-04-01,0.9941,0.018858
2005-04-04,0.9903,-0.0038229999999999996
2005-04-05,0.9898,-0.000505
2005-04-06,1.0084,0.018792
2005-04-07,1.0085,9.900000000000001e-05
2005-04-08,1.0175,0.008924
2005-04-11,1.0043,-0.012972999999999998
2005-04-12,0.9974,-0.00687
2005-04-13,1.0079,0.010527
2005-04-14,1.0051,-0.002778
2005-04-15,0.9977,-0.007362
2005-04-18,0.9893,-0.008419
2005-04-19,0.9887,-0.000606
2005-04-20,0.984,-0.0047539999999999995
2005-04-21,0.9878,0.003862
2005-04-22,0.9879,0.000101
2005-04-25,0.9931,0.005264
2005-04-26,0.9982,0.005135
2005-04-27,0.9903,-0.007914
2005-04-28,1.0008,0.010603
2005-04-29,0.9977,-0.003098
2005-05-09,0.983,-0.014734
2005-05-10,0.9772,-0.0059
2005-05-11,0.9656,-0.011871
2005-05-12,0.948,-0.018227
2005-05-13,0.951,0.003165
2005-05-16,0.9474,-0.003785
2005-05-17,0.9548,0.007811
2005-05-18,0.9499,-0.005132
2005-05-19,0.9524,0.002632
2005-05-20,0.9547,0.002415
2005-05-23,0.9456,-0.009532
2005-05-24,0.9447,-0.000952
2005-05-25,0.9432,-0.001588
2005-05-26,0.9317,-0.012193
2005-05-27,0.9209,-0.011592
2005-05-30,0.9248,0.004235
2005-05-31,0.9304,0.0060550000000000005
2005-06-01,0.9192,-0.012038
2005-06-02,0.896,-0.025238999999999998
2005-06-03,0.9003,0.004799
2005-06-06,0.925,0.027435
2005-06-07,0.9231,-0.002054
2005-06-08,0.9761,0.057415
2005-06-09,0.9727,-0.003483
2005-06-10,0.9591,-0.013982000000000001
2005-06-13,0.9522,-0.007194000000000001
2005-06-14,0.9461,-0.006405999999999999
2005-06-15,0.9397,-0.006765
2005-06-16,0.9544,0.015643
2005-06-17,0.9544,0.0
2005-06-20,0.9758,0.022422
2005-06-21,0.9702,-0.005738999999999999
2005-06-22,0.9805,0.010616
2005-06-23,0.974,-0.006629
2005-06-24,0.9755,0.00154
2005-06-27,0.9882,0.013019000000000001
2005-06-28,0.9815,-0.0067800000000000004
2005-06-29,0.9747,-0.006928
2005-06-30,0.9682,-0.0066690000000000004
2005-07-01,0.957,-0.011568
2005-07-04,0.959,0.00209
2005-07-05,0.9584,-0.000626
2005-07-06,0.95,-0.008765
2005-07-07,0.9493,-0.000737
2005-07-08,0.9483,-0.0010530000000000001
2005-07-11,0.9475,-0.000844
2005-07-12,0.9675,0.021108
2005-07-13,0.9621,-0.005581
2005-07-14,0.9682,0.00634
2005-07-15,0.9661,-0.002169
2005-07-18,0.963,-0.003209
2005-07-19,0.9639,0.000935
2005-07-20,0.9706,0.006951000000000001
2005-07-21,0.9708,0.000206
2005-07-22,0.9777,0.007108
2005-07-25,0.9768,-0.000921
2005-07-26,0.9889,0.012386999999999999
2005-07-27,1.0009,0.012135
2005-07-28,0.9984,-0.002498
2005-07-29,0.9948,-0.003606
2005-08-01,0.9961,0.001307
2005-08-02,1.001,0.004919
2005-08-03,1.0017,0.0006990000000000001
2005-08-04,1.0,-0.001697
2005-08-05,1.0137,0.0137
2005-08-08,1.0119,-0.001776
2005-08-09,1.0099,-0.001976
2005-08-10,1.0166,0.006634
2005-08-11,1.0306,0.013771
2005-08-12,1.0212,-0.009121
2005-08-15,1.0394,0.017822
2005-08-16,1.0271,-0.011834
2005-08-17,1.0326,0.0053549999999999995
2005-08-18,1.0148,-0.017238
2005-08-19,1.0154,0.0005909999999999999
2005-08-22,1.0209,0.005417
2005-08-23,1.0187,-0.002155
2005-08-24,1.0218,0.003043
2005-08-25,1.0173,-0.004404
2005-08-26,1.0155,-0.001769
2005-08-29,1.0105,-0.004924
2005-08-30,1.0128,0.002276
2005-08-31,1.0216,0.008689
2005-09-01,1.0301,0.00832
2005-09-02,1.0317,0.001553
2005-09-05,1.0285,-0.0031019999999999997
2005-09-06,1.0185,-0.009723
2005-09-07,1.0253,0.006676
2005-09-08,1.0294,0.003999
2005-09-09,1.0278,-0.001554
2005-09-12,1.0257,-0.002043
2005-09-13,1.0346,0.008677
2005-09-14,1.0385,0.00377
2005-09-15,1.0366,-0.00183
2005-09-16,1.0337,-0.002798
2005-09-19,1.0318,-0.001838
2005-09-20,1.0278,-0.003877
2005-09-21,1.016,-0.011480999999999998
2005-09-22,1.0058,-0.010039
2005-09-23,1.0019,-0.003878
2005-09-26,1.0017,-0.0002
2005-09-27,0.9966,-0.005091
2005-09-28,0.9992,0.002609
2005-09-29,1.008,0.008807
2005-09-30,1.0086,0.0005949999999999999
2005-10-10,1.0045,-0.004065
2005-10-11,1.0105,0.005973000000000001
2005-10-12,1.0123,0.001781
2005-10-13,1.0066,-0.005631000000000001
2005-10-14,0.993,-0.013511
2005-10-17,0.9888,-0.00423
2005-10-18,0.9894,0.000607
2005-10-19,0.9877,-0.0017180000000000001
2005-10-20,0.9923,0.004657
2005-10-21,0.9925,0.000202
2005-10-24,0.9928,0.000302
2005-10-25,0.9834,-0.009467999999999999
2005-10-26,0.9735,-0.010067
2005-10-27,0.9747,0.0012330000000000002
2005-10-28,0.9714,-0.003386
2005-10-31,0.9822,0.011118
2005-11-01,0.9829,0.000713
2005-11-02,0.9844,0.0015260000000000002
2005-11-03,0.9753,-0.009244
2005-11-04,0.9774,0.002153
2005-11-07,0.9733,-0.004195
2005-11-08,0.9753,0.002055
2005-11-09,0.9757,0.00041
2005-11-10,0.9662,-0.009737
2005-11-11,0.9674,0.001242
2005-11-14,0.9648,-0.002688
2005-11-15,0.9612,-0.003731
2005-11-16,0.9642,0.003121
2005-11-17,0.9638,-0.000415
2005-11-18,0.9745,0.011102
2005-11-21,0.9752,0.000718
2005-11-22,0.968,-0.007383
2005-11-23,0.973,0.0051649999999999995
2005-11-24,0.9754,0.002467
2005-11-25,0.9781,0.002768
2005-11-28,0.9759,-0.0022489999999999997
2005-11-29,0.9689,-0.0071730000000000006
2005-11-30,0.9697,0.000826
2005-12-01,0.9657,-0.004125
2005-12-02,0.9652,-0.000518
2005-12-05,0.9603,-0.005077000000000001
2005-12-06,0.966,0.005936
2005-12-07,0.9719,0.006108
2005-12-08,0.9705,-0.0014399999999999999
2005-12-09,0.9798,0.009583000000000001
2005-12-12,0.9788,-0.001021
2005-12-13,0.9776,-0.001226
2005-12-14,0.9831,0.005626
2005-12-15,0.9825,-0.00061
2005-12-16,0.9892,0.0068189999999999995
2005-12-19,0.9906,0.0014149999999999998
2005-12-20,0.9946,0.004038
2005-12-21,0.9931,-0.0015079999999999998
2005-12-22,0.9987,0.005639
2005-12-23,1.0032,0.004506
2005-12-26,1.0076,0.004386
2005-12-27,1.0057,-0.0018859999999999999
2005-12-28,1.0084,0.0026850000000000003
2005-12-29,1.0356,0.026972999999999997
2005-12-30,1.0274,-0.007918
2005-12-31,1.0274,0.0
2006-01-04,1.0465,0.018591
2006-01-05,1.0661,0.018729
2006-01-06,1.0774,0.010599
2006-01-09,1.0775,9.3e-05
2006-01-10,1.0805,0.002784
2006-01-11,1.0738,-0.006201
2006-01-12,1.0774,0.003353
2006-01-13,1.0704,-0.006497
2006-01-16,1.0589,-0.010744
2006-01-17,1.0632,0.004061
2006-01-18,1.0783,0.014202
2006-01-19,1.0855,0.006677
2006-01-20,1.0895,0.003685
2006-01-23,1.0882,-0.001193
2006-01-24,1.0868,-0.0012870000000000002
2006-01-25,1.1006,0.012698000000000001
2006-02-06,1.1302,0.026894
2006-02-07,1.1256,-0.00407
2006-02-08,1.1199,-0.005064
2006-02-09,1.1095,-0.009287
2006-02-10,1.1248,0.01379
2006-02-13,1.1227,-0.001867
2006-02-14,1.1281,0.00481
2006-02-15,1.1322,0.003634
2006-02-16,1.1155,-0.014750000000000001
2006-02-17,1.1173,0.001614
2006-02-20,1.1175,0.000179
2006-02-21,1.1299,0.011096
2006-02-22,1.1256,-0.003806
2006-02-23,1.1239,-0.00151
2006-02-24,1.1349,0.009787
2006-02-27,1.1407,0.005111
2006-02-28,1.1422,0.001315
2006-03-01,1.1464,0.003677
2006-03-02,1.1375,-0.007763
2006-03-03,1.1404,0.002549
2006-03-06,1.1408,0.00035099999999999997
2006-03-07,1.1206,-0.017707
2006-03-08,1.1114,-0.00821
2006-03-09,1.1023,-0.008187999999999999
2006-03-10,1.1036,0.0011790000000000001
2006-03-13,1.1156,0.010874
2006-03-14,1.1152,-0.000359
2006-03-15,1.1284,0.011836
2006-03-16,1.1305,0.0018609999999999998
2006-03-17,1.0964,-0.003627
2006-03-20,1.107,0.009668
2006-03-21,1.1085,0.001355
2006-03-22,1.1208,0.011096
2006-03-23,1.1214,0.000535
2006-03-24,1.1149,-0.005796
2006-03-27,1.1252,0.009238
2006-03-28,1.1306,0.004799
2006-03-29,1.1429,0.010879000000000002
2006-03-30,1.1403,-0.002275
2006-03-31,1.1535,0.011576
2006-04-03,1.1739,0.017685
2006-04-04,1.1797,0.004941
2006-04-05,1.185,0.004493
2006-04-06,1.2001,0.012742999999999999
2006-04-07,1.196,-0.003416
2006-04-10,1.1997,0.003094
2006-04-11,1.2067,0.005835
2006-04-12,1.1959,-0.00895
2006-04-13,1.1756,-0.016975
2006-04-14,1.1887,0.011143
2006-04-17,1.1892,0.000421
2006-04-18,1.2035,0.012025
2006-04-19,1.2212,0.014707
2006-04-20,1.2318,0.00868
2006-04-21,1.2559,0.019565
2006-04-24,1.2707,0.011784
2006-04-25,1.2875,0.013221
2006-04-26,1.2943,0.005282
2006-04-27,1.2955,0.0009270000000000001
2006-04-28,1.3178,0.017213
2006-05-08,1.3579,0.030430000000000002
2006-05-09,1.4064,0.035717
2006-05-10,1.423,0.011803
2006-05-11,1.425,0.0014050000000000002
2006-05-12,1.4711,0.032351
2006-05-15,1.528,0.038679
2006-05-16,1.4873,-0.026636000000000003
2006-05-17,1.4727,-0.009816
2006-05-18,1.4609,-0.008012
2006-05-19,1.4839,0.015744
2006-05-22,1.4648,-0.012870999999999999
2006-05-23,1.4294,-0.024167
2006-05-24,1.432,0.001819
2006-05-25,1.4334,0.000978
2006-05-26,1.4549,0.014999
2006-05-29,1.4934,0.026462
2006-05-30,1.5194,0.017410000000000002
2006-05-31,1.5077,-0.0077
2006-06-01,1.5465,0.025735
2006-06-02,1.528,-0.011961999999999999
2006-06-05,1.5199,-0.005301
2006-06-06,1.5117,-0.005395
2006-06-07,1.4421,-0.046041
2006-06-08,1.4405,-0.001109
2006-06-09,1.415,-0.017702
2006-06-12,1.4379,0.016184
2006-06-13,1.4431,0.003616
2006-06-14,1.4338,-0.006444
2006-06-15,1.4357,0.001325
2006-06-16,1.4646,0.02013
2006-06-19,1.5054,0.027857
2006-06-20,1.5175,0.008038
2006-06-21,1.5154,-0.001384
2006-06-22,1.5087,-0.004421
2006-06-23,1.5179,0.006098
2006-06-26,1.5423,0.016075
2006-06-27,1.5564,0.009142
2006-06-28,1.5475,-0.005718
2006-06-29,1.5632,0.010145
2006-06-30,1.5617,-0.00096
2006-07-03,1.5768,0.009669
2006-07-04,1.5657,-0.007039999999999999
2006-07-05,1.5583,-0.004726
2006-07-06,1.5837,0.0163
2006-07-07,1.5949,0.007072
2006-07-10,1.5903,-0.002884
2006-07-11,1.615,0.015531999999999999
2006-07-12,1.631,0.009907000000000001
2006-07-13,1.5612,-0.042796
2006-07-14,1.5722,0.007046
2006-07-17,1.5871,0.009477
2006-07-18,1.5861,-0.00063
2006-07-19,1.5405,-0.02875
2006-07-20,1.5485,0.005193
2006-07-21,1.5566,0.005231
2006-07-24,1.5693,0.008159
2006-07-25,1.5836,0.009112
2006-07-26,1.5833,-0.000189
2006-07-27,1.5706,-0.008021
2006-07-28,1.564,-0.004202
2006-07-31,1.5306,-0.021355
2006-08-01,1.5256,-0.003267
2006-08-02,1.506,-0.012846999999999999
2006-08-03,1.4954,-0.007039
2006-08-04,1.4658,-0.019794
2006-08-07,1.4605,-0.003616
2006-08-08,1.4906,0.020609000000000002
2006-08-09,1.4867,-0.002616
2006-08-10,1.502,0.010291
2006-08-11,1.5007,-0.000866
2006-08-14,1.4666,-0.022723
2006-08-15,1.4804,0.00941
2006-08-16,1.4988,0.012428999999999999
2006-08-17,1.4913,-0.005004
2006-08-18,1.4895,-0.001207
2006-08-21,1.4969,0.004968
2006-08-22,1.5112,0.009553
2006-08-23,1.5083,-0.001919
2006-08-24,1.5159,0.005039
2006-08-25,1.5189,0.001979
2006-08-28,1.5443,0.016723
2006-08-29,1.5497,0.003497
2006-08-30,1.5593,0.006195000000000001
2006-08-31,1.5622,0.0018599999999999999
2006-09-01,1.5461,-0.010306
2006-09-04,1.5643,0.011772
2006-09-05,1.5635,-0.000511
2006-09-06,1.5738,0.006588
2006-09-07,1.5575,-0.010357
2006-09-08,1.5557,-0.001156
2006-09-11,1.5573,0.001028
2006-09-12,1.5638,0.004174
2006-09-13,1.551,-0.008185
2006-09-14,1.5531,0.001354
2006-09-15,1.561,0.005087
2006-09-18,1.5699,0.005701
2006-09-19,1.5801,0.006497
2006-09-20,1.581,0.00057
2006-09-21,1.5923,0.007147
2006-09-22,1.581,-0.007097
2006-09-25,1.5681,-0.008159
2006-09-26,1.5478,-0.012946
2006-09-27,1.5567,0.00575
2006-09-28,1.5729,0.010407
2006-09-29,1.587,0.008964
2006-09-30,1.587,0.0
2006-10-09,1.6113,0.015312
2006-10-10,1.6179,0.004096
2006-10-11,1.609,-0.005501000000000001
2006-10-12,1.5951,-0.008639
2006-10-13,1.5917,-0.002132
2006-10-16,1.5814,-0.006471
2006-10-17,1.5871,0.003604
2006-10-18,1.6084,0.013421
2006-10-19,1.6262,0.011067
2006-10-20,1.6282,0.00123
2006-10-23,1.5884,-0.024444
2006-10-24,1.6207,0.020335000000000002
2006-10-25,1.6288,0.004998
2006-10-26,1.6306,0.001105
2006-10-27,1.613,-0.010794
2006-10-30,1.6034,-0.005952
2006-10-31,1.6218,0.011476
2006-11-01,1.6234,0.000987
2006-11-02,1.6283,0.0030180000000000003
2006-11-03,1.6452,0.010379000000000001
2006-11-06,1.6431,-0.001276
2006-11-07,1.6393,-0.002313
2006-11-08,1.6312,-0.004941
2006-11-09,1.6591,0.017103999999999998
2006-11-10,1.6393,-0.011934
2006-11-13,1.6129,-0.016104
2006-11-14,1.6276,0.009114
2006-11-15,1.6742,0.028631000000000004
2006-11-16,1.6786,0.0026279999999999997
2006-11-17,1.7072,0.017038
2006-11-20,1.7161,0.005213
2006-11-21,1.7219,0.00338
2006-11-22,1.729,0.004123
2006-11-23,1.7431,0.008155
2006-11-24,1.7491,0.003442
2006-11-27,1.7583,0.00526
2006-11-28,1.7626,0.0024460000000000003
2006-11-29,1.8059,0.024565999999999998
2006-11-30,1.8341,0.015615
2006-12-01,1.8576,0.012813000000000001
2006-12-04,1.8838,0.014104
2006-12-05,1.8831,-0.000372
2006-12-06,1.8792,-0.002071
2006-12-07,1.8547,-0.013037
2006-12-08,1.8161,-0.020812
2006-12-11,1.8727,0.031166
2006-12-12,1.8713,-0.0007480000000000001
2006-12-13,1.8717,0.000214
2006-12-14,1.9139,0.022546
2006-12-15,1.9567,0.022363
2006-12-18,2.0384,0.041754
2006-12-19,2.0382,-9.8e-05
2006-12-20,2.0524,0.006967
2006-12-21,2.0227,-0.014471000000000001
2006-12-22,1.9988,-0.011816
2006-12-25,2.0301,0.015659
2006-12-26,2.0332,0.001527
2006-12-27,2.0644,0.015345
2006-12-28,2.0616,-0.001356
2006-12-29,2.0978,0.017559
2006-12-31,2.0977,-4.7999999999999994e-05
2007-01-04,2.1113,0.006483
2007-01-05,2.1328,0.010183
2007-01-08,2.1614,0.01341
2007-01-09,2.229,0.031276
2007-01-10,2.2635,0.015478
2007-01-11,2.2696,0.0026950000000000003
2007-01-12,2.2793,0.004274
2007-01-15,2.3782,0.043391
2007-01-16,2.4631,0.035699
2007-01-17,2.437,-0.010596000000000001
2007-01-18,2.4226,-0.005909
2007-01-19,2.4579,0.014571
2007-01-22,2.4886,0.012490000000000001
2007-01-23,2.4644,-0.009724
2007-01-24,1.0438,-0.000243
2007-01-25,1.0242,-0.018778
2007-01-26,1.0289,0.004588999999999999
2007-01-29,1.0315,0.0025269999999999997
2007-01-30,1.0261,-0.005235
2007-01-31,0.9948,-0.030503999999999996
2007-02-01,0.9964,0.001608
2007-02-02,0.9726,-0.023885999999999998
2007-02-05,0.9673,-0.005449000000000001
2007-02-06,0.9803,0.013439000000000001
2007-02-07,1.0041,0.024278
2007-02-08,1.0157,0.011553
2007-02-09,1.0123,-0.003347
2007-02-12,1.0401,0.027462
2007-02-13,1.0515,0.010960000000000001
2007-02-14,1.0751,0.022444000000000002
2007-02-15,1.1009,0.023998
2007-02-16,1.0998,-0.000999
2007-02-26,1.0958,-0.003637
2007-02-27,1.0154,-0.073371
2007-02-28,1.0353,0.019598
2007-03-01,1.0082,-0.026175999999999998
2007-03-02,1.0203,0.012001999999999999
2007-03-05,1.0068,-0.013231
2007-03-06,1.0237,0.016786000000000002
2007-03-07,1.051,0.026667999999999997
2007-03-08,1.0672,0.015414
2007-03-09,1.0594,-0.0073089999999999995
2007-03-12,1.0572,-0.002077
2007-03-13,1.0678,0.010026
2007-03-14,1.0508,-0.015921
2007-03-15,1.0661,0.01456
2007-03-16,1.0597,-0.006003
2007-03-19,1.0769,0.016231
2007-03-20,1.0762,-0.00065
2007-03-21,1.0841,0.0073409999999999994
2007-03-22,1.084,-9.2e-05
2007-03-23,1.0777,-0.005812
2007-03-26,1.0922,0.013455
2007-03-27,1.0931,0.000824
2007-03-28,1.0936,0.000457
2007-03-29,1.0962,0.0023769999999999998
2007-03-30,1.0961,-9.1e-05
2007-03-31,1.0961,0.0
2007-04-02,1.1207,0.022443
2007-04-03,1.1342,0.012046
2007-04-04,1.1483,0.012432
2007-04-05,1.1585,0.008883
2007-04-06,1.1603,0.001554
2007-04-09,1.1802,0.017151
2007-04-10,1.1914,0.00949
2007-04-11,1.2049,0.011331
2007-04-12,1.2242,0.016017999999999998
2007-04-13,1.2311,0.0056359999999999995
2007-04-16,1.2577,0.021606999999999998
2007-04-17,1.2556,-0.00167
2007-04-18,1.2581,0.001991
2007-04-19,1.2192,-0.03092
2007-04-20,1.2557,0.029938
2007-04-23,1.2945,0.030899
2007-04-24,1.2992,0.0036309999999999997
2007-04-25,1.2983,-0.000693
2007-04-26,1.307,0.006701
2007-04-27,1.2941,-0.00987
2007-04-30,1.3217,0.021328
2007-05-08,1.3572,0.026859
2007-05-09,1.349,-0.006042
2007-05-10,1.3496,0.000445
2007-05-11,1.3473,-0.001704
2007-05-14,1.3655,0.013508
2007-05-15,1.3399,-0.018748
2007-05-16,1.3673,0.020449000000000002
2007-05-17,1.4045,0.027207
2007-05-18,1.412,0.00534
2007-05-21,1.4269,0.010551999999999999
2007-05-22,1.4354,0.0059570000000000005
2007-05-23,1.4546,0.013375999999999999
2007-05-24,1.4426,-0.00825
2007-05-25,1.4617,0.01324
2007-05-28,1.4827,0.014367000000000001
2007-05-29,1.5176,0.023538
2007-05-30,1.4397,-0.051330999999999995
2007-05-31,1.4659,0.018198000000000002
2007-06-01,1.4383,-0.018828
2007-06-04,1.3549,-0.057984999999999995
2007-06-05,1.3933,0.028342
2007-06-06,1.4126,0.013852
2007-06-07,1.4542,0.029449
2007-06-08,1.462,0.005364
2007-06-11,1.4983,0.024829
2007-06-12,1.5298,0.021023999999999998
2007-06-13,1.5507,0.013662
2007-06-14,1.5326,-0.011672
2007-06-15,1.5319,-0.000457
2007-06-18,1.5693,0.024413999999999998
2007-06-19,1.574,0.002995
2007-06-20,1.5521,-0.013914
2007-06-21,1.5676,0.009986
2007-06-22,1.5321,-0.022646000000000003
2007-06-25,1.4735,-0.038248000000000004
2007-06-26,1.4855,0.008144
2007-06-27,1.5179,0.021810999999999997
2007-06-28,1.461,-0.037486
2007-06-29,1.4381,-0.015674
2007-06-30,1.438,-7.000000000000001e-05
2007-07-02,1.4325,-0.0038250000000000003
2007-07-03,1.4519,0.013543000000000001
2007-07-04,1.4359,-0.01102
2007-07-05,1.3783,-0.040114000000000004
2007-07-06,1.4265,0.034971
2007-07-09,1.4662,0.02783
2007-07-10,1.4502,-0.010912999999999999
2007-07-11,1.4521,0.00131
2007-07-12,1.4631,0.007574999999999999
2007-07-13,1.4578,-0.0036220000000000002
2007-07-16,1.4242,-0.023048000000000003
2007-07-17,1.4579,0.023662000000000002
2007-07-18,1.464,0.004184
2007-07-19,1.4644,0.000273
2007-07-20,1.5215,0.038992
2007-07-23,1.5633,0.027473
2007-07-24,1.567,0.0023669999999999997
2007-07-25,1.5818,0.009445
2007-07-26,1.5956,0.008723999999999999
2007-07-27,1.599,0.002131
2007-07-30,1.624,0.015635
2007-07-31,1.6346,0.006527
2007-08-01,1.5925,-0.025756
2007-08-02,1.6404,0.030078
2007-08-03,1.6961,0.033955
2007-08-06,1.7211,0.01474
2007-08-07,1.7204,-0.000407
2007-08-08,1.7043,-0.009358
2007-08-09,1.7402,0.021064
2007-08-10,1.7079,-0.018561
2007-08-13,1.6963,-0.006792
2007-08-14,1.7218,0.015033000000000001
2007-08-15,1.7313,0.005516999999999999
2007-08-16,1.7119,-0.011205
2007-08-17,1.6919,-0.011682999999999999
2007-08-20,1.7608,0.040723
2007-08-21,1.785,0.013744000000000001
2007-08-22,1.8174,0.018151
2007-08-23,1.8521,0.019093
2007-08-24,1.8813,0.015766
2007-08-27,1.8785,-0.001488
2007-08-28,1.8764,-0.001118
2007-08-29,1.8542,-0.011831000000000001
2007-08-30,1.8714,0.009276
2007-08-31,1.8883,0.009031
2007-09-03,1.9188,0.016152
2007-09-04,1.9031,-0.008182
2007-09-05,1.8836,-0.010246
2007-09-06,1.8937,0.0053620000000000004
2007-09-07,1.8561,-0.019855
2007-09-10,1.8801,0.012929999999999999
2007-09-11,1.8191,-0.032445
2007-09-12,1.8365,0.009565
2007-09-13,1.883,0.02532
2007-09-14,1.8924,0.004992
2007-09-17,1.9138,0.011308
2007-09-18,1.8907,-0.01207
2007-09-19,1.8841,-0.003491
2007-09-20,1.8985,0.007643
2007-09-21,1.8977,-0.000421
2007-09-24,1.9162,0.009749
2007-09-25,1.8964,-0.010333000000000002
2007-09-26,1.8697,-0.014079
2007-09-27,1.8911,0.011446000000000001
2007-09-28,1.9365,0.024007
2007-09-30,1.9363,-0.000103
2007-10-08,1.986,0.025668000000000003
2007-10-09,2.0011,0.0076029999999999995
2007-10-10,2.0046,0.001749
2007-10-11,2.0376,0.016462
2007-10-12,2.0179,-0.009668
2007-10-15,1.9921,-0.012785999999999999
2007-10-16,1.01,0.008985
2007-10-17,1.0052,-0.004752
2007-10-18,0.9914,-0.013729
2007-10-19,0.9912,-0.000202
2007-10-22,0.9873,-0.003935
2007-10-23,0.9943,0.00709
2007-10-24,0.998,0.003721
2007-10-25,0.9826,-0.015430999999999999
2007-10-26,0.9937,0.011297
2007-10-29,1.0027,0.009056999999999999
2007-10-30,1.0051,0.002394
2007-10-31,1.0165,0.011342000000000001
2007-11-01,1.0085,-0.00787
2007-11-02,0.9888,-0.019534
2007-11-05,0.9827,-0.006169
2007-11-06,0.9809,-0.001832
2007-11-07,0.9829,0.002039
2007-11-08,0.9629,-0.020348
2007-11-09,0.9603,-0.0027
2007-11-12,0.9587,-0.001666
2007-11-13,0.9499,-0.009179
2007-11-14,0.9699,0.021055
2007-11-15,0.9636,-0.006495999999999999
2007-11-16,0.9523,-0.011727000000000001
2007-11-19,0.9487,-0.00378
2007-11-20,0.9587,0.010541
2007-11-21,0.9507,-0.008345
2007-11-22,0.9265,-0.025455000000000002
2007-11-23,0.9371,0.011441
2007-11-26,0.9293,-0.008324
2007-11-27,0.916,-0.014312
2007-11-28,0.9084,-0.008297
2007-11-29,0.9331,0.027191
2007-11-30,0.9208,-0.013182000000000001
2007-12-03,0.9317,0.011838
2007-12-04,0.9418,0.01084
2007-12-05,0.9619,0.021342
2007-12-06,0.9612,-0.000728
2007-12-07,0.9708,0.009988
2007-12-10,0.9799,0.009374
2007-12-11,0.9749,-0.005103
2007-12-12,0.9596,-0.015694
2007-12-13,0.9317,-0.029075000000000004
2007-12-14,0.9497,0.01932
2007-12-17,0.9288,-0.022007
2007-12-18,0.9293,0.000538
2007-12-19,0.9457,0.017648
2007-12-20,0.9578,0.012795
2007-12-21,0.9645,0.006995
2007-12-24,0.9763,0.012234
2007-12-25,0.979,0.0027660000000000002
2007-12-26,0.9851,0.0062309999999999996
2007-12-27,1.0014,0.016547
2007-12-28,0.9981,-0.003295
2007-12-29,0.9981,0.0
2007-12-31,0.998,-0.0001
2008-01-02,1.0002,0.0022040000000000002
2008-01-03,1.0022,0.002
2008-01-04,1.0109,0.008681
2008-01-07,1.0217,0.010684
2008-01-08,1.0223,0.0005870000000000001
2008-01-09,1.0348,0.012226999999999998
2008-01-10,1.0504,0.015075
2008-01-11,1.0576,0.006855
2008-01-14,1.0604,0.0026479999999999997
2008-01-15,1.0524,-0.0075439999999999995
2008-01-16,1.0224,-0.028506
2008-01-17,1.007,-0.015063
2008-01-18,1.0124,0.0053620000000000004
2008-01-21,0.9735,-0.038424
2008-01-22,0.927,-0.047766
2008-01-23,0.9612,0.036892999999999995
2008-01-24,0.9704,0.009571
2008-01-25,0.9787,0.008553
2008-01-28,0.9331,-0.046592
2008-01-29,0.9335,0.000429
2008-01-30,0.9226,-0.011675999999999999
2008-01-31,0.9097,-0.013982000000000001
2008-02-01,0.9071,-0.002858
2008-02-04,0.9629,0.06151500000000001
2008-02-05,0.9555,-0.007685
2008-02-13,0.9347,-0.021768999999999997
2008-02-14,0.944,0.00995
2008-02-15,0.9334,-0.011229
2008-02-18,0.9503,0.018106
2008-02-19,0.967,0.017573000000000002
2008-02-20,0.95,-0.01758
2008-02-21,0.9463,-0.003895
2008-02-22,0.9182,-0.029695
2008-02-25,0.8938,-0.026574
2008-02-26,0.8871,-0.007496
2008-02-27,0.9062,0.021530999999999998
2008-02-28,0.9044,-0.001986
2008-02-29,0.9122,0.008625
2008-03-03,0.929,0.018417
2008-03-04,0.9074,-0.023251
2008-03-05,0.9014,-0.006612
2008-03-06,0.9081,0.0074329999999999995
2008-03-07,0.8983,-0.010792
2008-03-10,0.8686,-0.033062
2008-03-11,0.8664,-0.002533
2008-03-12,0.8433,-0.026661999999999998
2008-03-13,0.8321,-0.013281000000000001
2008-03-14,0.8236,-0.010215
2008-03-17,0.796,-0.033511
2008-03-18,0.7706,-0.03191
2008-03-19,0.7916,0.027250999999999997
2008-03-20,0.8099,0.023118
2008-03-21,0.8123,0.002963
2008-03-24,0.7808,-0.038779
2008-03-25,0.7909,0.012935
2008-03-26,0.795,0.005183999999999999
2008-03-27,0.7787,-0.020503
2008-03-28,0.8037,0.032105
2008-03-31,0.7887,-0.018664
2008-04-01,0.758,-0.038925
2008-04-02,0.7517,-0.008310999999999999
2008-04-03,0.7647,0.017294
2008-04-07,0.7922,0.035962
2008-04-08,0.8007,0.01073
2008-04-09,0.7741,-0.033221
2008-04-10,0.7831,0.011626000000000001
2008-04-11,0.7881,0.006384999999999999
2008-04-14,0.748,-0.050882
2008-04-15,0.7495,0.0020050000000000003
2008-04-16,0.741,-0.011341
2008-04-17,0.7272,-0.018623
2008-04-18,0.7135,-0.018838999999999998
2008-04-21,0.7112,-0.0032240000000000003
2008-04-22,0.7195,0.01167
2008-04-23,0.7468,0.037943
2008-04-24,0.795,0.064542
2008-04-25,0.7956,0.000755
2008-04-28,0.783,-0.015837
2008-04-29,0.7866,0.004598
2008-04-30,0.8135,0.034198
2008-05-05,0.8256,0.014874
2008-05-06,0.8156,-0.012112000000000001
2008-05-07,0.7861,-0.03617
2008-05-08,0.8031,0.021626
2008-05-09,0.7961,-0.008716
2008-05-12,0.8047,0.010803
2008-05-13,0.8004,-0.005344
2008-05-14,0.8196,0.023988
2008-05-15,0.8121,-0.009151
2008-05-16,0.8111,-0.001231
2008-05-19,0.8062,-0.0060409999999999995
2008-05-20,0.7743,-0.039568
2008-05-21,0.7857,0.014723
2008-05-22,0.7721,-0.017309
2008-05-23,0.7679,-0.00544
2008-05-26,0.7499,-0.023441
2008-05-27,0.7524,0.0033339999999999997
2008-05-28,0.768,0.020734
2008-05-29,0.7538,-0.01849
2008-05-30,0.7571,0.004378
2008-06-02,0.7594,0.0030380000000000003
2008-06-03,0.7599,0.000658
2008-06-04,0.7492,-0.014081
2008-06-05,0.7429,-0.008409
2008-06-06,0.7401,-0.003769
2008-06-10,0.6948,-0.061208
2008-06-11,0.6844,-0.014967999999999999
2008-06-12,0.6766,-0.011397
2008-06-13,0.6647,-0.017588
2008-06-16,0.663,-0.0025580000000000004
2008-06-17,0.6462,-0.025339
2008-06-18,0.6684,0.034355000000000004
2008-06-19,0.6347,-0.050419
2008-06-20,0.6453,0.016701
2008-06-23,0.6357,-0.014877
2008-06-24,0.6471,0.017932999999999998
2008-06-25,0.6654,0.02828
2008-06-26,0.6664,0.001503
2008-06-27,0.6414,-0.037515
2008-06-30,0.6379,-0.005457
2008-07-01,0.624,-0.021789999999999997
2008-07-02,0.6242,0.00032099999999999994
2008-07-03,0.635,0.017301999999999998
2008-07-04,0.6333,-0.002677
2008-07-07,0.6557,0.03537
2008-07-08,0.6589,0.00488
2008-07-09,0.6759,0.025800999999999998
2008-07-10,0.6734,-0.003699
2008-07-11,0.6702,-0.004752
2008-07-14,0.6721,0.002835
2008-07-15,0.6517,-0.030352999999999998
2008-07-16,0.6344,-0.026546
2008-07-17,0.6315,-0.004571
2008-07-18,0.6434,0.018844
2008-07-21,0.6595,0.025023
2008-07-22,0.6592,-0.000455
2008-07-23,0.6541,-0.007737000000000001
2008-07-24,0.6687,0.022321
2008-07-25,0.6666,-0.00314
2008-07-28,0.6696,0.0045000000000000005
2008-07-29,0.6614,-0.012246
2008-07-30,0.6584,-0.004536
2008-07-31,0.6452,-0.020049
2008-08-01,0.6494,0.00651
2008-08-04,0.6409,-0.013089
2008-08-05,0.6282,-0.019816
2008-08-06,0.6297,0.002388
2008-08-07,0.6282,-0.002382
2008-08-08,0.6117,-0.026265999999999998
2008-08-11,0.5932,-0.030244
2008-08-12,0.5919,-0.002192
2008-08-13,0.5937,0.003041
2008-08-14,0.5956,0.0032
2008-08-15,0.5958,0.000336
2008-08-18,0.5766,-0.032226
2008-08-19,0.5828,0.010752999999999999
2008-08-20,0.6117,0.049588
2008-08-21,0.5936,-0.02959
2008-08-22,0.5845,-0.01533
2008-08-25,0.5822,-0.003935
2008-08-26,0.5703,-0.02044
2008-08-27,0.5651,-0.009118000000000001
2008-08-28,0.5657,0.001062
2008-08-29,0.5742,0.015026
2008-09-01,0.5607,-0.023511
2008-09-02,0.5527,-0.014268000000000001
2008-09-03,0.5426,-0.018274
2008-09-04,0.5427,0.000184
2008-09-05,0.5337,-0.016584
2008-09-08,0.5246,-0.017051
2008-09-09,0.5269,0.004384
2008-09-10,0.527,0.00018999999999999998
2008-09-11,0.5163,-0.020304000000000003
2008-09-12,0.5176,0.0025180000000000003
2008-09-16,0.5075,-0.019513
2008-09-17,0.4979,-0.018916
2008-09-18,0.4919,-0.012051000000000001
2008-09-19,0.5214,0.059972000000000004
2008-09-22,0.5389,0.033563
2008-09-23,0.5226,-0.030247000000000003
2008-09-24,0.5241,0.0028699999999999997
2008-09-25,0.5389,0.028239
2008-09-26,0.545,0.011319
2008-09-30,0.5449,-0.000183
2008-10-06,0.5257,-0.035236
2008-10-07,0.5225,-0.006087
2008-10-08,0.5122,-0.019713
2008-10-09,0.5093,-0.005662
2008-10-10,0.495,-0.028078
2008-10-13,0.5048,0.019798
2008-10-14,0.4972,-0.015055
2008-10-15,0.4953,-0.0038209999999999997
2008-10-16,0.4809,-0.029073
2008-10-17,0.4824,0.0031190000000000002
2008-10-20,0.4911,0.018035000000000002
2008-10-21,0.4889,-0.0044800000000000005
2008-10-22,0.4826,-0.012886
2008-10-23,0.4824,-0.000414
2008-10-24,0.4732,-0.019071
2008-10-27,0.4536,-0.041420000000000005
2008-10-28,0.4637,0.022265999999999998
2008-10-29,0.4567,-0.015096
2008-10-30,0.4622,0.012043
2008-10-31,0.4561,-0.013198000000000001
2008-11-03,0.4554,-0.001535
2008-11-04,0.4519,-0.007685999999999999
2008-11-05,0.4624,0.023235000000000002
2008-11-06,0.4546,-0.016869000000000002
2008-11-07,0.458,0.007479
2008-11-10,0.4793,0.04650699999999999
2008-11-11,0.4772,-0.0043809999999999995
2008-11-12,0.4806,0.007125
2008-11-13,0.494,0.027881999999999997
2008-11-14,0.5062,0.024696
2008-11-17,0.5134,0.014224
2008-11-18,0.4869,-0.051616999999999996
2008-11-19,0.5067,0.04066499999999999
2008-11-20,0.5034,-0.006513
2008-11-21,0.5007,-0.005364
2008-11-24,0.4877,-0.025964
2008-11-25,0.4868,-0.001845
2008-11-26,0.4888,0.004108
2008-11-27,0.4955,0.013707
2008-11-28,0.4917,-0.0076690000000000005
2008-12-01,0.4986,0.014033
2008-12-02,0.4998,0.002407
2008-12-03,0.5156,0.031613
2008-12-04,0.5199,0.00834
2008-12-05,0.5248,0.009425
2008-12-08,0.5403,0.029535
2008-12-09,0.53,-0.019063
2008-12-10,0.5393,0.017547
2008-12-11,0.5304,-0.016503
2008-12-12,0.5154,-0.028281
2008-12-15,0.5201,0.009119
2008-12-16,0.5259,0.011152
2008-12-17,0.5287,0.005324
2008-12-18,0.5364,0.014563999999999999
2008-12-19,0.54,0.006711
2008-12-22,0.5325,-0.013889
2008-12-23,0.5138,-0.035116999999999995
2008-12-24,0.5094,-0.008564
2008-12-25,0.5063,-0.006086
2008-12-26,0.5043,-0.00395
2008-12-29,0.5046,0.0005949999999999999
2008-12-30,0.504,-0.001189
2008-12-31,0.5025,-0.002976
2009-01-05,0.5153,0.025473
2009-01-06,0.525,0.018824
2009-01-07,0.5243,-0.001333
2009-01-08,0.5168,-0.014305000000000002
2009-01-09,0.5222,0.010449
2009-01-12,0.5229,0.00134
2009-01-13,0.5134,-0.018168
2009-01-14,0.5293,0.03097
2009-01-15,0.5302,0.0017000000000000001
2009-01-16,0.5347,0.008487
2009-01-19,0.5362,0.002805
2009-01-20,0.5386,0.004476
2009-01-21,0.5373,-0.002414
2009-01-22,0.5417,0.008189
2009-01-23,0.5389,-0.005169
2009-02-02,0.545,0.011319
2009-02-03,0.5545,0.017431000000000002
2009-02-04,0.5634,0.01605
2009-02-05,0.5571,-0.011182000000000001
2009-02-06,0.5738,0.029977
2009-02-09,0.5885,0.025619
2009-02-10,0.5958,0.012404
2009-02-11,0.5937,-0.003525
2009-02-12,0.5912,-0.0042109999999999995
2009-02-13,0.6055,0.024188
2009-02-16,0.6153,0.016185
2009-02-17,0.6015,-0.022428
2009-02-18,0.5842,-0.028761000000000002
2009-02-19,0.5919,0.01318
2009-02-20,0.6046,0.021456
2009-02-23,0.6181,0.022328999999999998
2009-02-24,0.5956,-0.036402000000000004
2009-02-25,0.5929,-0.004533
2009-02-26,0.568,-0.041997
2009-02-27,0.5595,-0.014965
2009-03-02,0.5666,0.01269
2009-03-03,0.5639,-0.004765
2009-03-04,0.5937,0.052846000000000004
2009-03-05,0.5943,0.001011
2009-03-06,0.5889,-0.009086
2009-03-09,0.5715,-0.029547
2009-03-10,0.5783,0.011899
2009-03-11,0.574,-0.007436000000000001
2009-03-12,0.5752,0.002091
2009-03-13,0.5743,-0.001565
2009-03-16,0.5819,0.013234
2009-03-17,0.5971,0.026121
2009-03-18,0.5998,0.004522
2009-03-19,0.6088,0.015005
2009-03-20,0.6072,-0.0026279999999999997
2009-03-23,0.6214,0.023386
2009-03-24,0.6236,0.0035399999999999997
2009-03-25,0.6136,-0.016035999999999998
2009-03-26,0.6275,0.022653
2009-03-27,0.6285,0.001594
2009-03-30,0.6246,-0.0062050000000000004
2009-03-31,0.6313,0.010727
2009-04-01,0.6379,0.010455
2009-04-02,0.6427,0.007525
2009-04-03,0.6386,-0.006379
2009-04-07,0.6375,-0.0017230000000000001
2009-04-08,0.6196,-0.028078
2009-04-09,0.6287,0.014686999999999999
2009-04-10,0.6482,0.031016
2009-04-13,0.6578,0.01481
2009-04-14,0.6635,0.008665
2009-04-15,0.666,0.003768
2009-04-16,0.6653,-0.001051
2009-04-17,0.6597,-0.008417000000000001
2009-04-20,0.6683,0.013036
2009-04-21,0.6606,-0.011522
2009-04-22,0.6394,-0.032092
2009-04-23,0.6438,0.006881000000000001
2009-04-24,0.6394,-0.006834
2009-04-27,0.6263,-0.020488
2009-04-28,0.6276,0.002076
2009-04-29,0.6437,0.025653000000000002
2009-04-30,0.6522,0.013205
2009-05-04,0.6714,0.029439000000000003
2009-05-05,0.6751,0.005511
2009-05-06,0.6852,0.014961
2009-05-07,0.6835,-0.0024809999999999997
2009-05-08,0.6836,0.000146
2009-05-11,0.6682,-0.022528000000000003
2009-05-12,0.6824,0.021251000000000003
2009-05-13,0.6874,0.007327
2009-05-14,0.6865,-0.0013089999999999998
2009-05-15,0.6883,0.0026219999999999998
2009-05-18,0.6904,0.003051
2009-05-19,0.6981,0.011153
2009-05-20,0.6942,-0.005587
2009-05-21,0.6808,-0.019303
2009-05-22,0.6777,-0.004553
2009-05-25,0.6817,0.005901999999999999
2009-05-26,0.6735,-0.012029000000000001
2009-05-27,0.6793,0.008612
2009-06-01,0.6985,0.028264
2009-06-02,0.7021,0.005154
2009-06-03,0.7142,0.017234
2009-06-04,0.7141,-0.00014000000000000001
2009-06-05,0.7122,-0.002661
2009-06-08,0.7116,-0.000842
2009-06-09,0.7159,0.006043
2009-06-10,0.7193,0.004749
2009-06-11,0.7131,-0.008619
2009-06-12,0.7055,-0.010658
2009-06-15,0.7161,0.015025
2009-06-16,0.714,-0.002933
2009-06-17,0.725,0.015406
2009-06-18,0.7345,0.013103
2009-06-19,0.738,0.004765
2009-06-22,0.7355,-0.003388
2009-06-23,0.7327,-0.0038069999999999996
2009-06-24,0.7389,0.008461999999999999
2009-06-25,0.7411,0.002977
2009-06-26,0.7452,0.0055320000000000005
2009-06-29,0.7576,0.01664
2009-06-30,0.7577,0.000132
2009-07-01,0.7771,0.025604000000000002
2009-07-02,0.786,0.011453
2009-07-03,0.7988,0.016285
2009-07-06,0.8021,0.004131
2009-07-07,0.7917,-0.012966
2009-07-08,0.7968,0.006442
2009-07-09,0.8049,0.010166
2009-07-10,0.8073,0.0029820000000000003
2009-07-13,0.7994,-0.009786
2009-07-14,0.8201,0.025894
2009-07-15,0.8238,0.0045119999999999995
2009-07-16,0.8263,0.003035
2009-07-17,0.8297,0.004115
2009-07-20,0.839,0.011209
2009-07-21,0.8327,-0.007509
2009-07-22,0.8443,0.013931
2009-07-23,0.8512,0.008172
2009-07-24,0.8543,0.0036420000000000003
2009-07-27,0.8677,0.015685
2009-07-28,0.8652,-0.0028810000000000003
2009-07-29,0.8318,-0.038604
2009-07-30,0.8443,0.015028
2009-07-31,0.8634,0.022622
2009-08-03,0.8721,0.010076
2009-08-04,0.8702,-0.002179
2009-08-05,0.8571,-0.015054000000000001
2009-08-06,0.8408,-0.019018
2009-08-07,0.8216,-0.022835
2009-08-10,0.8182,-0.004138
2009-08-11,0.819,0.000978
2009-08-12,0.7932,-0.031502
2009-08-13,0.8047,0.014498
2009-08-14,0.7903,-0.017895
2009-08-17,0.7497,-0.051372999999999995
2009-08-18,0.7533,0.004802
2009-08-19,0.72,-0.044204999999999994
2009-08-20,0.7464,0.036667
2009-08-21,0.7596,0.017685
2009-08-24,0.764,0.005793
2009-08-25,0.7385,-0.033377
2009-08-26,0.7477,0.012458
2009-08-27,0.7433,-0.0058850000000000005
2009-08-28,0.719,-0.032692
2009-08-31,0.678,-0.057024
2009-09-01,0.6838,0.008555
2009-09-02,0.6946,0.015794
2009-09-03,0.7253,0.044198
2009-09-04,0.731,0.007859
2009-09-07,0.7385,0.01026
2009-09-08,0.7509,0.016791
2009-09-09,0.7568,0.007857
2009-09-10,0.7511,-0.007532
2009-09-11,0.766,0.019838
2009-09-14,0.7754,0.012272
2009-09-15,0.7744,-0.0012900000000000001
2009-09-16,0.7653,-0.011751000000000001
2009-09-17,0.7762,0.014242999999999999
2009-09-18,0.7524,-0.030662
2009-09-21,0.7578,0.007177
2009-09-22,0.7461,-0.015439000000000001
2009-09-23,0.7343,-0.015816
2009-09-24,0.7396,0.007218
2009-09-25,0.7363,-0.004462
2009-09-28,0.7198,-0.022409
2009-09-29,0.7232,0.004724
2009-09-30,0.7291,0.008158
2009-10-09,0.7593,0.041421
2009-10-12,0.7587,-0.00079
2009-10-13,0.7666,0.010412999999999999
2009-10-14,0.7704,0.004957
2009-10-15,0.773,0.0033750000000000004
2009-10-16,0.7738,0.001035
2009-10-19,0.7905,0.021582
2009-10-20,0.7988,0.0105
2009-10-21,0.7967,-0.0026290000000000003
2009-10-22,0.7923,-0.005523
2009-10-23,0.8042,0.01502
2009-10-26,0.8067,0.0031090000000000002
2009-10-27,0.7917,-0.018594
2009-10-28,0.7936,0.0024
2009-10-29,0.7789,-0.018523
2009-10-30,0.7873,0.010784
2009-11-02,0.8121,0.0315
2009-11-03,0.8203,0.010097
2009-11-04,0.8205,0.00024400000000000002
2009-11-05,0.8185,-0.002438
2009-11-06,0.8205,0.002443
2009-11-09,0.8221,0.0019500000000000001
2009-11-10,0.8244,0.002798
2009-11-11,0.8223,-0.002547
2009-11-12,0.8222,-0.00012200000000000001
2009-11-13,0.8251,0.003527
2009-11-16,0.8452,0.024361
2009-11-17,0.8456,0.000473
2009-11-18,0.8438,-0.0021290000000000002
2009-11-19,0.8434,-0.000474
2009-11-20,0.8415,-0.002253
2009-11-23,0.85,0.010101
2009-11-24,0.8282,-0.025647000000000003
2009-11-25,0.8435,0.018474
2009-11-26,0.8133,-0.035803
2009-11-27,0.798,-0.018812
2009-11-30,0.8252,0.034085000000000004
2009-12-01,0.8336,0.010179
2009-12-02,0.8392,0.006717999999999999
2009-12-03,0.8381,-0.0013109999999999999
2009-12-04,0.8439,0.006919999999999999
2009-12-07,0.85,0.007228
2009-12-08,0.8442,-0.006824
2009-12-09,0.8342,-0.011846
2009-12-10,0.8379,0.004435
2009-12-11,0.8386,0.000835
2009-12-14,0.842,0.0040539999999999994
2009-12-15,0.8419,-0.000119
2009-12-16,0.8377,-0.004989
2009-12-17,0.8199,-0.021248999999999997
2009-12-18,0.804,-0.019393
2009-12-21,0.8023,-0.002114
2009-12-22,0.7892,-0.016328
2009-12-23,0.8013,0.015331999999999998
2009-12-24,0.8225,0.026457
2009-12-25,0.8234,0.001094
2009-12-28,0.8327,0.011295
2009-12-29,0.838,0.006364999999999999
2009-12-30,0.8412,0.0038190000000000003
2009-12-31,0.844,0.003329
2010-01-04,0.8377,-0.007463999999999999
2010-01-05,0.8402,0.002984
2010-01-06,0.8404,0.000238
2010-01-07,0.8283,-0.014398
2010-01-08,0.8333,0.0060360000000000006
2010-01-11,0.8355,0.00264
2010-01-12,0.8429,0.008857
2010-01-13,0.8285,-0.017084
2010-01-14,0.8417,0.015931999999999998
2010-01-15,0.8436,0.0022570000000000003
2010-01-18,0.851,0.008772
2010-01-19,0.8505,-0.000588
2010-01-20,0.8249,-0.0301
2010-01-21,0.8239,-0.001212
2010-01-22,0.8075,-0.019905
2010-01-25,0.8014,-0.007554
2010-01-26,0.7834,-0.022461000000000002
2010-01-27,0.7796,-0.004850999999999999
2010-01-28,0.7885,0.011415999999999999
2010-01-29,0.7907,0.0027900000000000004
2010-02-01,0.7811,-0.012140999999999999
2010-02-02,0.7782,-0.003713
2010-02-03,0.7854,0.009252
2010-02-04,0.7844,-0.001273
2010-02-05,0.7744,-0.012749
2010-02-08,0.7733,-0.0014199999999999998
2010-02-09,0.7741,0.001035
2010-02-10,0.7834,0.012014
2010-02-11,0.7841,0.0008939999999999999
2010-02-12,0.7905,0.008162
2010-02-22,0.7868,-0.004681
2010-02-23,0.7836,-0.004067
2010-02-24,0.7971,0.017228
2010-02-25,0.8059,0.011040000000000001
2010-02-26,0.8067,0.000993
2010-03-01,0.812,0.00657
2010-03-02,0.8102,-0.0022170000000000002
2010-03-03,0.8148,0.005678
2010-03-04,0.7965,-0.022458999999999996
2010-03-05,0.7969,0.0005020000000000001
2010-03-08,0.8036,0.008408
2010-03-09,0.8066,0.003733
2010-03-10,0.8009,-0.007067
2010-03-11,0.7981,-0.0034960000000000004
2010-03-12,0.788,-0.012655000000000001
2010-03-15,0.7789,-0.011548000000000001
2010-03-16,0.7833,0.0056489999999999995
2010-03-17,0.7967,0.017107
2010-03-18,0.7952,-0.001883
2010-03-19,0.7979,0.0033950000000000004
2010-03-22,0.8013,0.004261
2010-03-23,0.7964,-0.006115000000000001
2010-03-24,0.7983,0.002386
2010-03-25,0.7909,-0.00927
2010-03-26,0.7993,0.010621
2010-03-29,0.8133,0.017515
2010-03-30,0.8162,0.0035659999999999997
2010-03-31,0.814,-0.0026950000000000003
2010-04-01,0.8238,0.012039
2010-04-02,0.8263,0.003035
2010-04-06,0.8254,-0.001089
2010-04-07,0.8251,-0.000363
2010-04-08,0.8199,-0.0063019999999999994
2010-04-09,0.8268,0.008416
2010-04-12,0.8258,-0.001209
2010-04-13,0.8272,0.0016950000000000001
2010-04-14,0.8309,0.0044729999999999995
2010-04-15,0.8258,-0.006138
2010-04-16,0.8226,-0.003875
2010-04-19,0.7927,-0.036348
2010-04-20,0.7996,0.008704
2010-04-21,0.8154,0.01976
2010-04-22,0.8149,-0.000613
2010-04-23,0.8143,-0.000736
2010-04-26,0.8134,-0.001105
2010-04-27,0.7996,-0.016966000000000002
2010-04-28,0.7989,-0.0008749999999999999
2010-04-29,0.7839,-0.018776
2010-04-30,0.7778,-0.007782
2010-05-04,0.778,0.000257
2010-05-05,0.7906,0.016195
2010-05-06,0.7724,-0.02302
2010-05-07,0.7584,-0.018125
2010-05-10,0.7486,-0.012922
2010-05-11,0.7329,-0.020972
2010-05-12,0.7243,-0.011734
2010-05-13,0.7439,0.027061
2010-05-14,0.7494,0.007392999999999999
2010-05-17,0.7186,-0.041100000000000005
2010-05-18,0.7266,0.011132999999999999
2010-05-19,0.7289,0.003165
2010-05-20,0.722,-0.009466
2010-05-21,0.7325,0.014542999999999999
2010-05-24,0.7564,0.032628
2010-05-25,0.7512,-0.006875
2010-05-26,0.7495,-0.002263
2010-05-27,0.7602,0.014276
2010-05-28,0.7623,0.002762
2010-05-31,0.7477,-0.019153
2010-06-01,0.7408,-0.009228
2010-06-02,0.7445,0.004995
2010-06-03,0.7421,-0.0032240000000000003
2010-06-04,0.746,0.005254999999999999
2010-06-07,0.7443,-0.0022789999999999998
2010-06-08,0.7475,0.004299
2010-06-09,0.7627,0.020333999999999998
2010-06-10,0.7627,0.0
2010-06-11,0.7598,-0.003802
2010-06-17,0.7482,-0.015267
2010-06-18,0.728,-0.026998
2010-06-21,0.7423,0.019643
2010-06-22,0.7449,0.003503
2010-06-23,0.7422,-0.0036249999999999998
2010-06-24,0.7451,0.003907
2010-06-25,0.7378,-0.009797
2010-06-28,0.7295,-0.01125
2010-06-29,0.7019,-0.037834
2010-06-30,0.6982,-0.0052710000000000005
2010-07-01,0.6877,-0.015039
2010-07-02,0.6822,-0.007998
2010-07-05,0.6808,-0.002052
2010-07-06,0.6947,0.020417
2010-07-07,0.7027,0.011516
2010-07-08,0.7006,-0.002988
2010-07-09,0.7179,0.024693
2010-07-12,0.7215,0.0050149999999999995
2010-07-13,0.7161,-0.007483999999999999
2010-07-14,0.7176,0.002095
2010-07-15,0.7072,-0.014493
2010-07-16,0.71,0.003959
2010-07-19,0.7235,0.019014
2010-07-20,0.7373,0.019074
2010-07-21,0.7376,0.000407
2010-07-22,0.7457,0.010982
2010-07-23,0.7475,0.002414
2010-07-26,0.7538,0.008428
2010-07-27,0.7551,0.001725
2010-07-28,0.7674,0.016289
2010-07-29,0.7692,0.002346
2010-07-30,0.769,-0.00026
2010-08-02,0.7798,0.014044000000000001
2010-08-03,0.7733,-0.008335
2010-08-04,0.7777,0.00569
2010-08-05,0.7786,0.001157
2010-08-06,0.7907,0.015541000000000001
2010-08-09,0.7953,0.005818
2010-08-10,0.7754,-0.025022000000000003
2010-08-11,0.7807,0.006835
2010-08-12,0.7748,-0.007557
2010-08-13,0.7848,0.012907
2010-08-16,0.801,0.020642
2010-08-17,0.8072,0.00774
2010-08-18,0.8057,-0.0018579999999999998
2010-08-19,0.8072,0.001862
2010-08-20,0.7905,-0.020689000000000003
2010-08-23,0.795,0.005693
2010-08-24,0.8005,0.006918
2010-08-25,0.7902,-0.012867
2010-08-26,0.795,0.006074
2010-08-27,0.8011,0.007673
2010-08-30,0.8195,0.022968000000000002
2010-08-31,0.8243,0.005857
2010-09-01,0.8196,-0.0057020000000000005
2010-09-02,0.8295,0.012079
2010-09-03,0.8332,0.004461
2010-09-06,0.8355,0.0027600000000000003
2010-09-07,0.8341,-0.001676
2010-09-08,0.8403,0.0074329999999999995
2010-09-09,0.8303,-0.011901
2010-09-10,0.8419,0.013971
2010-09-13,0.8534,0.01366
2010-09-14,0.8542,0.000937
2010-09-15,0.8429,-0.013229
2010-09-16,0.8323,-0.012576
2010-09-17,0.8383,0.007209
2010-09-20,0.8341,-0.00501
2010-09-21,0.8342,0.00012
2010-09-27,0.8513,0.020499
2010-09-28,0.8519,0.0007049999999999999
2010-09-29,0.8464,-0.006456
2010-09-30,0.8544,0.009452
2010-10-08,0.8734,0.022238
2010-10-11,0.8638,-0.010992
2010-10-12,0.865,0.001389
2010-10-13,0.8652,0.00023099999999999998
2010-10-14,0.8546,-0.012252
2010-10-15,0.8594,0.005617
2010-10-18,0.8606,0.001396
2010-10-19,0.8807,0.023356
2010-10-20,0.8995,0.021347
2010-10-21,0.8944,-0.00567
2010-10-22,0.9061,0.013081
2010-10-25,0.9248,0.020638
2010-10-26,0.9191,-0.006162999999999999
2010-10-27,0.9053,-0.015015
2010-10-28,0.9022,-0.003424
2010-10-29,0.9047,0.002771
2010-11-01,0.9259,0.023433000000000002
2010-11-02,0.923,-0.003132
2010-11-03,0.9122,-0.011701
2010-11-04,0.9252,0.014251
2010-11-05,0.9342,0.009728
2010-11-08,0.9404,0.006637
2010-11-09,0.9452,0.005104
2010-11-10,0.9507,0.0058189999999999995
2010-11-11,0.9474,-0.003471
2010-11-12,0.9045,-0.045282
2010-11-15,0.9209,0.018132
2010-11-16,0.8953,-0.027799
2010-11-17,0.8669,-0.031721
2010-11-18,0.877,0.011651
2010-11-19,0.8929,0.01813
2010-11-22,0.899,0.006832
2010-11-23,0.8883,-0.011902
2010-11-24,0.9088,0.023077999999999998
2010-11-25,0.9169,0.008912999999999999
2010-11-26,0.9141,-0.003054
2010-11-29,0.9234,0.010174
2010-11-30,0.9073,-0.017436
2010-12-01,0.9015,-0.006392999999999999
2010-12-02,0.8981,-0.003771
2010-12-03,0.8966,-0.00167
2010-12-06,0.8893,-0.008142
2010-12-07,0.904,0.01653
2010-12-08,0.9073,0.00365
2010-12-09,0.8949,-0.013667
2010-12-10,0.9014,0.0072629999999999995
2010-12-13,0.9222,0.023075000000000002
2010-12-14,0.9255,0.003578
2010-12-15,0.924,-0.001621
2010-12-16,0.9233,-0.0007580000000000001
2010-12-17,0.9241,0.000866
2010-12-20,0.9133,-0.011687000000000001
2010-12-21,0.9154,0.002299
2010-12-22,0.9131,-0.002513
2010-12-23,0.9015,-0.012704
2010-12-24,0.8952,-0.006987999999999999
2010-12-27,0.8782,-0.01899
2010-12-28,0.8694,-0.01002
2010-12-29,0.881,0.013343
2010-12-30,0.8872,0.007037
2010-12-31,0.9027,0.017471
2011-01-04,0.9107,0.008862
2011-01-05,0.9067,-0.004392
2011-01-06,0.9032,-0.00386
2011-01-07,0.8996,-0.003986
2011-01-10,0.8781,-0.0239
2011-01-11,0.8774,-0.000797
2011-01-12,0.8746,-0.003191
2011-01-13,0.8786,0.004574
2011-01-14,0.8668,-0.01343
2011-01-17,0.8365,-0.034956
2011-01-18,0.8412,0.005619
2011-01-19,0.8581,0.02009
2011-01-20,0.8344,-0.027618999999999998
2011-01-21,0.8332,-0.001438
2011-01-24,0.8178,-0.018483
2011-01-25,0.8163,-0.0018340000000000001
2011-01-26,0.826,0.011883
2011-01-27,0.8378,0.014286
2011-01-28,0.8445,0.007996999999999999
2011-01-31,0.8536,0.010775999999999999
2011-02-01,0.8527,-0.001054
2011-02-09,0.847,-0.006685
2011-02-10,0.8659,0.022313999999999997
2011-02-11,0.8711,0.006005
2011-02-14,0.8869,0.018138
2011-02-15,0.8857,-0.001353
2011-02-16,0.8951,0.010613
2011-02-17,0.8948,-0.000335
2011-02-18,0.8868,-0.008941
2011-02-21,0.9028,0.018042
2011-02-22,0.8869,-0.017612000000000003
2011-02-23,0.8929,0.006765
2011-02-24,0.8934,0.0005600000000000001
2011-02-25,0.8934,0.0
2011-02-28,0.9063,0.014439
2011-03-01,0.9072,0.000993
2011-03-02,0.9044,-0.0030859999999999998
2011-03-03,0.8934,-0.012163
2011-03-04,0.9028,0.010522
2011-03-07,0.9143,0.012738000000000001
2011-03-08,0.9138,-0.000547
2011-03-09,0.9143,0.000547
2011-03-10,0.9059,-0.009186999999999999
2011-03-11,0.9049,-0.001104
2011-03-14,0.9149,0.011051
2011-03-15,0.9036,-0.012351
2011-03-16,0.9127,0.010071000000000002
2011-03-17,0.9015,-0.012271
2011-03-18,0.9022,0.000776
2011-03-21,0.8962,-0.0066500000000000005
2011-03-22,0.8969,0.000781
2011-03-23,0.9074,0.011707
2011-03-24,0.9047,-0.002976
2011-03-25,0.9117,0.007737000000000001
2011-03-28,0.9089,-0.003071
2011-03-29,0.8983,-0.011661999999999999
2011-03-30,0.8971,-0.001336
2011-03-31,0.8937,-0.00379
2011-04-01,0.9025,0.009847
2011-04-06,0.901,-0.0016619999999999998
2011-04-07,0.9043,0.003663
2011-04-08,0.9112,0.0076300000000000005
2011-04-11,0.9015,-0.010645
2011-04-12,0.9002,-0.001442
2011-04-13,0.9077,0.008331
2011-04-14,0.9031,-0.0050680000000000005
2011-04-15,0.9012,-0.002104
2011-04-18,0.9023,0.001221
2011-04-19,0.8932,-0.010085
2011-04-20,0.8893,-0.004366
2011-04-21,0.8955,0.006972000000000001
2011-04-22,0.8945,-0.001117
2011-04-25,0.8823,-0.013638999999999998
2011-04-26,0.8783,-0.004534
2011-04-27,0.8732,-0.005807
2011-04-28,0.859,-0.016262000000000002
2011-04-29,0.8671,0.00943
2011-05-03,0.873,0.006804
2011-05-04,0.8554,-0.02016
2011-05-05,0.8529,-0.0029230000000000003
2011-05-06,0.852,-0.001055
2011-05-09,0.8547,0.003169
2011-05-10,0.8577,0.0035099999999999997
2011-05-11,0.8595,0.002099
2011-05-12,0.8534,-0.007097
2011-05-13,0.8543,0.001055
2011-05-16,0.8483,-0.007023000000000001
2011-05-17,0.8508,0.002947
2011-05-18,0.8563,0.006464999999999999
2011-05-19,0.8535,-0.0032700000000000003
2011-05-20,0.853,-0.000586
2011-05-23,0.8328,-0.023681
2011-05-24,0.8309,-0.002281
2011-05-25,0.8234,-0.009026
2011-05-26,0.8175,-0.007165
2011-05-27,0.8123,-0.006361
2011-05-30,0.8103,-0.002462
2011-05-31,0.8237,0.016537
2011-06-01,0.8285,0.005827
2011-06-02,0.8191,-0.011346
2011-06-03,0.829,0.012086
2011-06-07,0.8322,0.00386
2011-06-08,0.832,-0.00024
2011-06-09,0.8166,-0.01851
2011-06-10,0.8203,0.004531
2011-06-13,0.8184,-0.002316
2011-06-14,0.8293,0.013319000000000001
2011-06-15,0.8224,-0.00832
2011-06-16,0.8125,-0.012038
2011-06-17,0.8082,-0.005292
2011-06-20,0.8031,-0.00631
2011-06-21,0.8129,0.012202999999999999
2011-06-22,0.8141,0.001476
2011-06-23,0.8282,0.01732
2011-06-24,0.8414,0.015938
2011-06-27,0.845,0.004279
2011-06-28,0.8462,0.0014199999999999998
2011-06-29,0.8382,-0.009454
2011-06-30,0.8482,0.011930000000000001
2011-07-01,0.8499,0.002004
2011-07-04,0.867,0.02012
2011-07-05,0.8661,-0.001038
2011-07-06,0.8671,0.001155
2011-07-07,0.8675,0.00046100000000000004
2011-07-08,0.8687,0.0013830000000000001
2011-07-11,0.873,0.0049499999999999995
2011-07-12,0.8643,-0.009966000000000001
2011-07-13,0.8745,0.011800999999999999
2011-07-14,0.8773,0.003202
2011-07-15,0.8827,0.006155000000000001
2011-07-18,0.8813,-0.001586
2011-07-19,0.8727,-0.009758
2011-07-20,0.8726,-0.000115
2011-07-21,0.8641,-0.009741
2011-07-22,0.867,0.003356
2011-07-25,0.8438,-0.026758999999999998
2011-07-26,0.8472,0.004029
2011-07-27,0.8578,0.012512
2011-07-28,0.8544,-0.003964
2011-07-29,0.8497,-0.005501000000000001
2011-08-01,0.8529,0.003766
2011-08-02,0.8477,-0.006097
2011-08-03,0.848,0.000354
2011-08-04,0.8509,0.0034200000000000003
2011-08-05,0.8411,-0.011517
2011-08-08,0.8188,-0.026513
2011-08-09,0.8203,0.001832
2011-08-10,0.8282,0.009630999999999999
2011-08-11,0.8363,0.00978
2011-08-12,0.8398,0.0041849999999999995
2011-08-15,0.8476,0.009288
2011-08-16,0.8434,-0.004955
2011-08-17,0.8392,-0.00498
2011-08-18,0.826,-0.015729
2011-08-19,0.8195,-0.007869000000000001
2011-08-22,0.806,-0.016473
2011-08-23,0.814,0.009926
2011-08-24,0.8133,-0.00086
2011-08-25,0.8286,0.018812
2011-08-26,0.83,0.00169
2011-08-29,0.8229,-0.008554
2011-08-30,0.819,-0.004739
2011-08-31,0.8193,0.000366
2011-09-01,0.8168,-0.003051
2011-09-02,0.8093,-0.009182000000000001
2011-09-05,0.7895,-0.024466
2011-09-06,0.7792,-0.013046
2011-09-07,0.7936,0.01848
2011-09-08,0.79,-0.004536
2011-09-09,0.7865,-0.00443
2011-09-13,0.7787,-0.009917
2011-09-14,0.7824,0.004752
2011-09-15,0.7819,-0.000639
2011-09-16,0.7833,0.001791
2011-09-19,0.7715,-0.015064
2011-09-20,0.774,0.0032400000000000003
2011-09-21,0.7923,0.023643
2011-09-22,0.7745,-0.022466
2011-09-23,0.7693,-0.006714
2011-09-26,0.7591,-0.013259
2011-09-27,0.7629,0.005006
2011-09-28,0.7572,-0.007471
2011-09-29,0.746,-0.014791
2011-09-30,0.7454,-0.000804
2011-10-10,0.7394,-0.008048999999999999
2011-10-11,0.7332,-0.008385
2011-10-12,0.7493,0.021959
2011-10-13,0.7565,0.009609
2011-10-14,0.7536,-0.0038329999999999996
2011-10-17,0.7591,0.007298
2011-10-18,0.7438,-0.020155
2011-10-19,0.7373,-0.008739
2011-10-20,0.7172,-0.027261999999999998
2011-10-21,0.7114,-0.008087
2011-10-24,0.7248,0.018836
2011-10-25,0.7384,0.018764
2011-10-26,0.7451,0.009074
2011-10-27,0.744,-0.001476
2011-10-28,0.7568,0.017204
2011-10-31,0.7557,-0.001453
2011-11-01,0.7571,0.0018529999999999998
2011-11-02,0.768,0.014397
2011-11-03,0.7704,0.003125
2011-11-04,0.7724,0.002596
2011-11-07,0.7663,-0.007897
2011-11-08,0.7614,-0.0063939999999999995
2011-11-09,0.7692,0.010244
2011-11-10,0.7616,-0.00988
2011-11-11,0.7598,-0.002363
2011-11-14,0.7726,0.016847
2011-11-15,0.7722,-0.000518
2011-11-16,0.7577,-0.018778
2011-11-17,0.7574,-0.00039600000000000003
2011-11-18,0.7417,-0.020729
2011-11-21,0.7413,-0.000539
2011-11-22,0.7426,0.001754
2011-11-23,0.7429,0.000404
2011-11-24,0.7448,0.0025580000000000004
2011-11-25,0.7414,-0.0045650000000000005
2011-11-28,0.7402,-0.0016189999999999998
2011-11-29,0.7462,0.008106
2011-11-30,0.7303,-0.021307999999999997
2011-12-01,0.7403,0.013693
2011-12-02,0.7314,-0.012022
2011-12-05,0.7166,-0.020235
2011-12-06,0.7157,-0.001256
2011-12-07,0.7179,0.003074
2011-12-08,0.7147,-0.004457
2011-12-09,0.705,-0.013571999999999999
2011-12-12,0.6998,-0.007376000000000001
2011-12-13,0.6873,-0.017862
2011-12-14,0.6813,-0.00873
2011-12-15,0.6726,-0.012769999999999998
2011-12-16,0.6844,0.017544
2011-12-19,0.6836,-0.0011690000000000001
2011-12-20,0.6811,-0.003657
2011-12-21,0.6735,-0.011158
2011-12-22,0.6731,-0.000594
2011-12-23,0.6775,0.006536999999999999
2011-12-26,0.6703,-0.010627
2011-12-27,0.6569,-0.019991000000000002
2011-12-28,0.654,-0.004415
2011-12-29,0.6576,0.0055049999999999995
2011-12-30,0.6646,0.010645
2011-12-31,0.6646,0.0
2012-01-04,0.6513,-0.020012
2012-01-05,0.6391,-0.018732
2012-01-06,0.6402,0.001721
2012-01-09,0.6552,0.02343
2012-01-10,0.6747,0.029762
2012-01-11,0.6715,-0.004743
2012-01-12,0.6713,-0.000298
2012-01-13,0.6581,-0.019663
2012-01-16,0.6406,-0.026591999999999998
2012-01-17,0.6625,0.034186999999999995
2012-01-18,0.6493,-0.019925
2012-01-19,0.6573,0.012321
2012-01-20,0.6698,0.019017
2012-01-30,0.6632,-0.009854
2012-01-31,0.664,0.001206
2012-02-01,0.6595,-0.006777
2012-02-02,0.6693,0.01486
2012-02-03,0.6755,0.009263
2012-02-06,0.6794,0.0057740000000000005
2012-02-07,0.6696,-0.014424
2012-02-08,0.6826,0.019415
2012-02-09,0.6848,0.0032229999999999997
2012-02-10,0.6853,0.00073
2012-02-13,0.6868,0.002189
2012-02-14,0.6853,-0.002184
2012-02-15,0.6909,0.008172
2012-02-16,0.6878,-0.004487
2012-02-17,0.6866,-0.0017449999999999998
2012-02-20,0.6872,0.0008740000000000001
2012-02-21,0.6927,0.008003
2012-02-22,0.7027,0.014436
2012-02-23,0.7052,0.003558
2012-02-24,0.714,0.012479
2012-02-27,0.7144,0.0005600000000000001
2012-02-28,0.714,-0.0005600000000000001
2012-02-29,0.7098,-0.005881999999999999
2012-03-01,0.7099,0.00014099999999999998
2012-03-02,0.7188,0.012537
2012-03-05,0.7167,-0.002922
2012-03-06,0.7066,-0.014092
2012-03-07,0.7021,-0.0063690000000000005
2012-03-08,0.7081,0.008546
2012-03-09,0.7163,0.01158
2012-03-12,0.7157,-0.000838
2012-03-13,0.7207,0.006986
2012-03-14,0.7029,-0.024698
2012-03-15,0.7002,-0.003841
2012-03-16,0.712,0.016852
2012-03-19,0.7135,0.002107
2012-03-20,0.7035,-0.014015
2012-03-21,0.7027,-0.001137
2012-03-22,0.702,-0.000996
2012-03-23,0.695,-0.009972
2012-03-26,0.6988,0.005468
2012-03-27,0.6926,-0.008872
2012-03-28,0.6772,-0.022235
2012-03-29,0.6713,-0.008712
2012-03-30,0.6735,0.003277
2012-03-31,0.6735,0.0
2012-04-05,0.6914,0.026578
2012-04-06,0.6926,0.0017360000000000001
2012-04-09,0.69,-0.003754
2012-04-10,0.6944,0.006377000000000001
2012-04-11,0.6947,0.00043200000000000004
2012-04-12,0.704,0.013387
2012-04-13,0.7057,0.002415
2012-04-16,0.7037,-0.0028339999999999997
2012-04-17,0.694,-0.013784000000000001
2012-04-18,0.7086,0.021037
2012-04-19,0.7072,-0.001976
2012-04-20,0.7121,0.006928999999999999
2012-04-23,0.7104,-0.002387
2012-04-24,0.709,-0.001971
2012-04-25,0.7136,0.006488000000000001
2012-04-26,0.7131,-0.0007009999999999999
2012-04-27,0.7118,-0.001823
2012-05-02,0.7242,0.017421
2012-05-03,0.7282,0.005523
2012-05-04,0.7348,0.009063
2012-05-07,0.7348,0.0
2012-05-08,0.7321,-0.003674
2012-05-09,0.7197,-0.016937999999999998
2012-05-10,0.7197,0.0
2012-05-11,0.7166,-0.004307
2012-05-14,0.7117,-0.0068379999999999995
2012-05-15,0.7134,0.002389
2012-05-16,0.7027,-0.014999
2012-05-17,0.7109,0.011669
2012-05-18,0.7021,-0.012379
2012-05-21,0.7056,0.004985
2012-05-22,0.7176,0.017007
2012-05-23,0.7156,-0.002787
2012-05-24,0.7098,-0.008105
2012-05-25,0.7038,-0.008453
2012-05-28,0.7167,0.018328999999999998
2012-05-29,0.7244,0.010744
2012-05-30,0.7229,-0.002071
2012-05-31,0.7221,-0.0011070000000000001
2012-06-01,0.7224,0.000415
2012-06-04,0.7059,-0.022841
2012-06-05,0.7048,-0.001558
2012-06-06,0.7005,-0.006101
2012-06-07,0.7003,-0.000286
2012-06-08,0.6991,-0.001714
2012-06-11,0.7085,0.013446
2012-06-12,0.7065,-0.002823
2012-06-13,0.7164,0.014013
2012-06-14,0.7133,-0.004327
2012-06-15,0.7122,-0.001542
2012-06-18,0.7162,0.0056159999999999995
2012-06-19,0.7084,-0.010891
2012-06-20,0.7045,-0.0055049999999999995
2012-06-21,0.6953,-0.013059000000000001
2012-06-25,0.6804,-0.021429999999999998
2012-06-26,0.6809,0.000735
2012-06-27,0.6802,-0.001028
2012-06-28,0.6766,-0.005293
2012-06-29,0.6853,0.012858000000000001
2012-06-30,0.6853,0.0
2012-07-02,0.6877,0.003502
2012-07-03,0.69,0.0033439999999999998
2012-07-04,0.6868,-0.004638
2012-07-05,0.6792,-0.011066
2012-07-06,0.6947,0.022820999999999998
2012-07-09,0.6835,-0.016122
2012-07-10,0.6785,-0.007315
2012-07-11,0.6859,0.010906
2012-07-12,0.6933,0.010789
2012-07-13,0.695,0.002452
2012-07-16,0.6809,-0.020288
2012-07-17,0.6821,0.001762
2012-07-18,0.6785,-0.005278000000000001
2012-07-19,0.6819,0.005011
2012-07-20,0.6758,-0.008945999999999999
2012-07-23,0.6683,-0.011097999999999998
2012-07-24,0.6729,0.006883
2012-07-25,0.6697,-0.004756
2012-07-26,0.6651,-0.006868999999999999
2012-07-27,0.6611,-0.006014
2012-07-30,0.6588,-0.003479
2012-07-31,0.6565,-0.003491
2012-08-01,0.6641,0.011576999999999999
2012-08-02,0.6565,-0.011444000000000001
2012-08-03,0.6636,0.010814999999999998
2012-08-06,0.6747,0.016727000000000002
2012-08-07,0.6748,0.00014800000000000002
2012-08-08,0.6737,-0.0016300000000000002
2012-08-09,0.6825,0.013062
2012-08-10,0.6778,-0.006886
2012-08-13,0.6645,-0.019622
2012-08-14,0.6642,-0.000451
2012-08-15,0.6606,-0.00542
2012-08-16,0.6565,-0.006206000000000001
2012-08-17,0.6516,-0.007463999999999999
2012-08-20,0.6503,-0.0019950000000000002
2012-08-21,0.6549,0.007074
2012-08-22,0.6501,-0.007329
2012-08-23,0.6504,0.00046100000000000004
2012-08-24,0.6462,-0.006458
2012-08-27,0.6374,-0.013617999999999998
2012-08-28,0.6358,-0.00251
2012-08-29,0.6304,-0.008493
2012-08-30,0.6242,-0.009835
2012-08-31,0.6251,0.001442
2012-09-03,0.6369,0.018876999999999998
2012-09-04,0.6343,-0.004082
2012-09-05,0.6352,0.001419
2012-09-06,0.6382,0.004723
2012-09-07,0.6589,0.032435
2012-09-10,0.6603,0.002125
2012-09-11,0.6563,-0.006058
2012-09-12,0.6576,0.001981
2012-09-13,0.6539,-0.005627
2012-09-14,0.655,0.001682
2012-09-17,0.6411,-0.021221
2012-09-18,0.6392,-0.002964
2012-09-19,0.6394,0.000313
2012-09-20,0.6287,-0.016734
2012-09-21,0.6293,0.000954
2012-09-24,0.636,0.010647
2012-09-25,0.6362,0.000314
2012-09-26,0.6286,-0.011946000000000002
2012-09-27,0.6427,0.022431
2012-09-28,0.6519,0.014315
2012-09-30,0.6519,0.0
2012-10-08,0.6461,-0.008897
2012-10-09,0.6598,0.021204
2012-10-10,0.6611,0.00197
2012-10-11,0.6546,-0.009832
2012-10-12,0.6536,-0.0015279999999999998
2012-10-15,0.656,0.0036720000000000004
2012-10-16,0.6588,0.004268
2012-10-17,0.6566,-0.003339
2012-10-18,0.6645,0.012032000000000001
2012-10-19,0.6646,0.00015
2012-10-22,0.6671,0.0037619999999999997
2012-10-23,0.6572,-0.014839999999999999
2012-10-24,0.656,-0.0018260000000000001
2012-10-25,0.6497,-0.009604
2012-10-26,0.6426,-0.010928
2012-10-29,0.6416,-0.0015559999999999999
2012-10-30,0.6432,0.002494
2012-10-31,0.6478,0.0071519999999999995
2012-11-01,0.6583,0.016209
2012-11-02,0.6593,0.0015190000000000002
2012-11-05,0.6564,-0.004399
2012-11-06,0.6535,-0.004418
2012-11-07,0.6509,-0.003979
2012-11-08,0.6423,-0.013212
2012-11-09,0.6393,-0.004671
2012-11-12,0.6382,-0.001721
2012-11-13,0.6315,-0.010498
2012-11-14,0.6339,0.0038
2012-11-15,0.6295,-0.006941
2012-11-16,0.6233,-0.009849
2012-11-19,0.6173,-0.009626000000000001
2012-11-20,0.6162,-0.001782
2012-11-21,0.62,0.006167000000000001
2012-11-22,0.6143,-0.009194
2012-11-23,0.6181,0.0061860000000000005
2012-11-26,0.6117,-0.010354
2012-11-27,0.6056,-0.009972
2012-11-28,0.5998,-0.009577
2012-11-29,0.5971,-0.004502
2012-11-30,0.6028,0.009546
2012-12-03,0.5918,-0.018248
2012-12-04,0.5959,0.006928
2012-12-05,0.6102,0.023997
2012-12-06,0.6093,-0.001475
2012-12-07,0.6162,0.011324
2012-12-10,0.6214,0.008439
2012-12-11,0.6188,-0.004184
2012-12-12,0.6204,0.0025859999999999998
2012-12-13,0.6171,-0.005319000000000001
2012-12-14,0.6375,0.033058000000000004
2012-12-17,0.637,-0.000784
2012-12-18,0.6351,-0.002983
2012-12-19,0.6368,0.002677
2012-12-20,0.6398,0.004711
2012-12-21,0.6384,-0.002188
2012-12-24,0.6388,0.0006270000000000001
2012-12-25,0.6526,0.021602999999999997
2012-12-26,0.657,0.006742000000000001
2012-12-27,0.6545,-0.0038050000000000002
2012-12-28,0.6604,0.009015
2012-12-31,0.6721,0.017717
2013-01-04,0.6721,0.0
2013-01-07,0.6728,0.001042
2013-01-08,0.6722,-0.000892
2013-01-09,0.6752,0.004463
2013-01-10,0.6767,0.002222
2013-01-11,0.6633,-0.019802
2013-01-14,0.6819,0.028041999999999997
2013-01-15,0.6871,0.007625999999999999
2013-01-16,0.6817,-0.007859
2013-01-17,0.6778,-0.005721
2013-01-18,0.6855,0.011359999999999999
2013-01-21,0.6877,0.003209
2013-01-22,0.6837,-0.005816
2013-01-23,0.6835,-0.000293
2013-01-24,0.675,-0.012436000000000001
2013-01-25,0.6723,-0.004
2013-01-28,0.6883,0.023799
2013-01-29,0.6938,0.007991
2013-01-30,0.6965,0.003892
2013-01-31,0.6931,-0.004882
2013-02-01,0.7068,0.019766
2013-02-04,0.7042,-0.003679
2013-02-05,0.7104,0.008804
2013-02-06,0.7117,0.00183
2013-02-07,0.711,-0.000984
2013-02-08,0.7149,0.005485
2013-02-18,0.7103,-0.006434
2013-02-19,0.698,-0.017317
2013-02-20,0.7044,0.009169
2013-02-21,0.6877,-0.023708
2013-02-22,0.6841,-0.005235
2013-02-25,0.6891,0.0073089999999999995
2013-02-26,0.6829,-0.008997
2013-02-27,0.6882,0.0077610000000000005
2013-02-28,0.706,0.025865
2013-03-01,0.7076,0.002266
2013-03-04,0.6759,-0.044799
2013-03-05,0.6915,0.02308
2013-03-06,0.6965,0.007231
2013-03-07,0.6892,-0.010481
2013-03-08,0.6838,-0.007835
2013-03-11,0.6805,-0.0048259999999999996
2013-03-12,0.6724,-0.011902999999999999
2013-03-13,0.6668,-0.008328
2013-03-14,0.6674,0.0009
2013-03-15,0.6674,0.0
2013-03-18,0.6589,-0.012736
2013-03-19,0.6623,0.0051600000000000005
2013-03-20,0.6801,0.026876
2013-03-21,0.6816,0.002206
2013-03-22,0.6823,0.001027
2013-03-25,0.681,-0.001905
2013-03-26,0.6749,-0.008957
2013-03-27,0.6762,0.001926
2013-03-28,0.6583,-0.026471
2013-03-29,0.6577,-0.000911
2013-04-01,0.6596,0.002889
2013-04-02,0.6566,-0.004548
2013-04-03,0.6552,-0.002132
2013-04-08,0.6529,-0.0035099999999999997
2013-04-09,0.6571,0.0064329999999999995
2013-04-10,0.6559,-0.0018260000000000001
2013-04-11,0.657,0.0016769999999999999
2013-04-12,0.6539,-0.004718
2013-04-15,0.6514,-0.0038229999999999996
2013-04-16,0.6566,0.007983
2013-04-17,0.6562,-0.0006090000000000001
2013-04-18,0.6586,0.003657
2013-04-19,0.6723,0.020802
2013-04-22,0.6738,0.002231
2013-04-23,0.6578,-0.023746
2013-04-24,0.6677,0.01505
2013-04-25,0.6618,-0.008836
2013-04-26,0.6595,-0.003475
2013-05-02,0.6627,0.004852
2013-05-03,0.6723,0.014486
2013-05-06,0.6794,0.010561000000000001
2013-05-07,0.6798,0.000589
2013-05-08,0.6817,0.002795
2013-05-09,0.6775,-0.006161
2013-05-10,0.6822,0.006937
2013-05-13,0.681,-0.001759
2013-05-14,0.6741,-0.010132
2013-05-15,0.6796,0.008159
2013-05-16,0.6883,0.012802000000000001
2013-05-17,0.6951,0.009879
2013-05-20,0.7012,0.008776
2013-05-21,0.7018,0.000856
2013-05-22,0.7004,-0.0019950000000000002
2013-05-23,0.694,-0.009138
2013-05-24,0.6982,0.006051999999999999
2013-05-27,0.7025,0.006159
2013-05-28,0.7095,0.009963999999999999
2013-05-29,0.7098,0.000423
2013-05-30,0.7087,-0.00155
2013-05-31,0.7038,-0.006914
2013-06-03,0.7013,-0.003552
2013-06-04,0.6938,-0.010693999999999999
2013-06-05,0.6922,-0.002306
2013-06-06,0.6829,-0.013434999999999999
2013-06-07,0.6743,-0.012593
2013-06-13,0.6604,-0.020614
2013-06-14,0.6663,0.008934
2013-06-17,0.6643,-0.0030020000000000003
2013-06-18,0.668,0.00557
2013-06-19,0.6632,-0.0071860000000000005
2013-06-20,0.6465,-0.025181
2013-06-21,0.6465,0.0
2013-06-24,0.6163,-0.046713
2013-06-25,0.617,0.001136
2013-06-26,0.6226,0.009075999999999999
2013-06-27,0.6229,0.000482
2013-06-28,0.6315,0.013806
2013-06-30,0.6315,0.0
2013-07-01,0.6353,0.006017
2013-07-02,0.6365,0.001889
2013-07-03,0.6345,-0.003142
2013-07-04,0.6377,0.005043
2013-07-05,0.6387,0.001568
2013-07-08,0.6281,-0.016596
2013-07-09,0.627,-0.001751
2013-07-10,0.6402,0.021053000000000002
2013-07-11,0.6642,0.037488
2013-07-12,0.6526,-0.017464999999999998
2013-07-15,0.6607,0.012412000000000001
2013-07-16,0.6627,0.003027
2013-07-17,0.6533,-0.014184
2013-07-18,0.6447,-0.013164
2013-07-19,0.6331,-0.017993
2013-07-22,0.6365,0.005370000000000001
2013-07-23,0.6496,0.020581000000000002
2013-07-24,0.6467,-0.004464
2013-07-25,0.642,-0.007268
2013-07-26,0.6411,-0.0014019999999999998
2013-07-29,0.6294,-0.01825
2013-07-30,0.6312,0.0028599999999999997
2013-07-31,0.6339,0.0042780000000000006
2013-08-01,0.6466,0.020034999999999997
2013-08-02,0.6473,0.001083
2013-08-05,0.654,0.010350999999999999
2013-08-06,0.6556,0.0024460000000000003
2013-08-07,0.6526,-0.004576
2013-08-08,0.6515,-0.001686
2013-08-09,0.6523,0.0012280000000000001
2013-08-12,0.6668,0.022229000000000002
2013-08-13,0.6705,0.005548999999999999
2013-08-14,0.6669,-0.0053690000000000005
2013-08-15,0.66,-0.010346
2013-08-16,0.6575,-0.003788
2013-08-19,0.6643,0.010342
2013-08-20,0.6617,-0.003914
2013-08-21,0.6604,-0.001965
2013-08-22,0.66,-0.000606
2013-08-23,0.6552,-0.007272999999999999
2013-08-26,0.667,0.018009999999999998
2013-08-27,0.6681,0.0016489999999999999
2013-08-28,0.6606,-0.011226
2013-08-29,0.6592,-0.0021190000000000002
2013-08-30,0.6565,-0.004096
2013-09-02,0.659,0.003808
2013-09-03,0.6672,0.012443
2013-09-04,0.6652,-0.0029980000000000002
2013-09-05,0.665,-0.000301
2013-09-06,0.6692,0.006316
2013-09-09,0.6909,0.032427000000000004
2013-09-10,0.7008,0.014329000000000001
2013-09-11,0.6992,-0.002283
2013-09-12,0.708,0.012586
2013-09-13,0.7021,-0.008333
2013-09-16,0.6987,-0.004843
2013-09-17,0.6871,-0.016602
2013-09-18,0.688,0.00131
2013-09-23,0.6962,0.011918999999999999
2013-09-24,0.6857,-0.015082
2013-09-25,0.6828,-0.004229
2013-09-26,0.6718,-0.01611
2013-09-27,0.6748,0.004466
2013-09-30,0.6763,0.002223
2013-10-08,0.6844,0.011977
2013-10-09,0.6894,0.007306
2013-10-10,0.6828,-0.009574000000000001
2013-10-11,0.6929,0.014792000000000001
2013-10-14,0.6943,0.00202
2013-10-15,0.6919,-0.003457
2013-10-16,0.6812,-0.015465
2013-10-17,0.6809,-0.00043999999999999996
2013-10-18,0.6841,0.004699999999999999
2013-10-21,0.6955,0.016664
2013-10-22,0.6897,-0.008339
2013-10-23,0.6855,-0.00609
2013-10-24,0.6826,-0.00423
2013-10-25,0.6788,-0.005567
2013-10-28,0.6798,0.001473
2013-10-29,0.6837,0.005737
2013-10-30,0.6927,0.013164
2013-10-31,0.6837,-0.012993
2013-11-01,0.6868,0.004534
2013-11-04,0.6857,-0.0016020000000000001
2013-11-05,0.685,-0.001021
2013-11-06,0.6773,-0.011241000000000001
2013-11-07,0.6728,-0.006644
2013-11-08,0.6671,-0.008472
2013-11-11,0.6694,0.003448
2013-11-12,0.6764,0.010457000000000001
2013-11-13,0.6627,-0.020253999999999998
2013-11-14,0.6641,0.002113
2013-11-15,0.6749,0.016263
2013-11-18,0.6958,0.030968
2013-11-19,0.6918,-0.005749
2013-11-20,0.6932,0.0020239999999999998
2013-11-21,0.6873,-0.008511
2013-11-22,0.6848,-0.003637
2013-11-25,0.6825,-0.0033589999999999996
2013-11-26,0.6827,0.000293
2013-11-27,0.6875,0.007030999999999999
2013-11-28,0.6921,0.006691
2013-11-29,0.6933,0.001734
2013-12-02,0.6878,-0.007933
2013-12-03,0.6925,0.0068330000000000005
2013-12-04,0.7005,0.011552
2013-12-05,0.6994,-0.00157
2013-12-06,0.6961,-0.004718
2013-12-09,0.6969,0.001149
2013-12-10,0.6989,0.0028699999999999997
2013-12-11,0.6898,-0.01302
2013-12-12,0.6899,0.000145
2013-12-13,0.6913,0.002029
2013-12-16,0.6851,-0.008969
2013-12-17,0.6814,-0.005401
2013-12-18,0.6827,0.001908
2013-12-19,0.6759,-0.00996
2013-12-20,0.6647,-0.01657
2013-12-23,0.6659,0.001805
2013-12-24,0.6677,0.0027029999999999997
2013-12-25,0.6705,0.004194
2013-12-26,0.6612,-0.01387
2013-12-27,0.6704,0.013914
2013-12-30,0.6708,0.000597
2013-12-31,0.6799,0.013566
2014-01-02,0.6775,-0.0035299999999999997
2014-01-03,0.6696,-0.011661
2014-01-06,0.6594,-0.015233000000000002
2014-01-07,0.6597,0.000455
2014-01-08,0.6615,0.0027289999999999997
2014-01-09,0.6583,-0.004837
2014-01-10,0.6552,-0.004709
2014-01-13,0.6528,-0.003663
2014-01-14,0.6579,0.007813
2014-01-15,0.6567,-0.001824
2014-01-16,0.6576,0.0013700000000000001
2014-01-17,0.6518,-0.00882
2014-01-20,0.649,-0.0042959999999999995
2014-01-21,0.6544,0.00832
2014-01-22,0.6679,0.020630000000000003
2014-01-23,0.6663,-0.002396
2014-01-24,0.6704,0.006153
2014-01-27,0.6629,-0.011187
2014-01-28,0.6656,0.004073
2014-01-29,0.6693,0.005559
2014-01-30,0.6642,-0.00762
2014-02-07,0.6657,0.002258
2014-02-10,0.6772,0.017275
2014-02-11,0.6823,0.0075309999999999995
2014-02-12,0.6861,0.005568999999999999
2014-02-13,0.6832,-0.004227
2014-02-14,0.6866,0.004977
2014-02-17,0.6901,0.005098
2014-02-18,0.6831,-0.010143
2014-02-19,0.6877,0.006734
2014-02-20,0.6806,-0.010324
2014-02-21,0.6777,-0.004261
2014-02-24,0.6669,-0.015936
2014-02-25,0.6528,-0.021143000000000002
2014-02-26,0.655,0.00337
2014-02-27,0.6516,-0.005191
2014-02-28,0.6559,0.006599000000000001
2014-03-03,0.6613,0.008233
2014-03-04,0.6608,-0.000756
2014-03-05,0.6552,-0.008475
2014-03-06,0.6596,0.006716
2014-03-07,0.6584,-0.001819
2014-03-10,0.642,-0.024909
2014-03-11,0.6441,0.003271
2014-03-12,0.6468,0.004192
2014-03-13,0.6543,0.011596
2014-03-14,0.6511,-0.0048909999999999995
2014-03-17,0.6586,0.011519
2014-03-18,0.657,-0.002429
2014-03-19,0.6531,-0.005936
2014-03-20,0.6439,-0.014087
2014-03-21,0.6615,0.027333
2014-03-24,0.6645,0.004535
2014-03-25,0.6631,-0.002107
2014-03-26,0.6629,-0.000302
2014-03-27,0.6594,-0.00528
2014-03-28,0.6562,-0.004853
2014-03-31,0.6557,-0.0007620000000000001
2014-04-01,0.6621,0.009760999999999999
2014-04-02,0.6646,0.003776
2014-04-03,0.6607,-0.005868
2014-04-04,0.6661,0.008173
2014-04-08,0.6774,0.016964
2014-04-09,0.6788,0.002067
2014-04-10,0.6854,0.009723
2014-04-11,0.6856,0.000292
2014-04-14,0.6849,-0.001021
2014-04-15,0.6763,-0.012557
2014-04-16,0.6768,0.000739
2014-04-17,0.6746,-0.003251
2014-04-18,0.6758,0.001779
2014-04-21,0.6674,-0.012430000000000002
2014-04-22,0.6683,0.001349
2014-04-23,0.6677,-0.000898
2014-04-24,0.6658,-0.002846
2014-04-25,0.6584,-0.011113999999999999
2014-04-28,0.6474,-0.016707
2014-04-29,0.6545,0.010967
2014-04-30,0.657,0.00382
2014-05-05,0.6582,0.0018260000000000001
2014-05-06,0.6586,0.000608
2014-05-07,0.6522,-0.009718
2014-05-08,0.6522,0.0
2014-05-09,0.65,-0.0033729999999999997
2014-05-12,0.6589,0.013692
2014-05-13,0.6589,0.0
2014-05-14,0.6594,0.0007589999999999999
2014-05-15,0.6515,-0.011980999999999999
2014-05-16,0.651,-0.000767
2014-05-19,0.6451,-0.009063
2014-05-20,0.6463,0.0018599999999999999
2014-05-21,0.6514,0.007891
2014-05-22,0.6523,0.001382
2014-05-23,0.6583,0.009198
2014-05-26,0.6623,0.006076000000000001
2014-05-27,0.6603,-0.00302
2014-05-28,0.6672,0.01045
2014-05-29,0.6634,-0.005695
2014-05-30,0.6639,0.0007539999999999999
2014-06-03,0.6626,-0.001958
2014-06-04,0.6574,-0.007848
2014-06-05,0.6635,0.009278999999999999
2014-06-06,0.6613,-0.003316
2014-06-09,0.6604,-0.001361
2014-06-10,0.6671,0.010145
2014-06-11,0.669,0.002848
2014-06-12,0.6678,-0.001794
2014-06-13,0.675,0.010782
2014-06-16,0.6781,0.004593
2014-06-17,0.6715,-0.009733
2014-06-18,0.6682,-0.004914
2014-06-19,0.6588,-0.014068
2014-06-20,0.663,0.006375
2014-06-23,0.6639,0.001357
2014-06-24,0.6673,0.005121
2014-06-25,0.6651,-0.003297
2014-06-26,0.6708,0.00857
2014-06-27,0.6729,0.003131
2014-06-30,0.6776,0.006985
2014-07-01,0.6766,-0.001476
2014-07-02,0.6788,0.0032519999999999997
2014-07-03,0.681,0.003241
2014-07-04,0.6817,0.001028
2014-07-07,0.6823,0.0008799999999999999
2014-07-08,0.6836,0.001905
2014-07-09,0.6757,-0.011556
2014-07-10,0.6748,-0.001332
2014-07-11,0.6771,0.003408
2014-07-14,0.6848,0.011372
2014-07-15,0.6855,0.001022
2014-07-16,0.6827,-0.004085
2014-07-17,0.6794,-0.004834
2014-07-18,0.6822,0.0041210000000000005
2014-07-21,0.6819,-0.00043999999999999996
2014-07-22,0.6871,0.007625999999999999
2014-07-23,0.6859,-0.0017460000000000002
2014-07-24,0.6921,0.009039
2014-07-25,0.6972,0.007369
2014-07-28,0.7097,0.017929
2014-07-29,0.7125,0.003945000000000001
2014-07-30,0.7119,-0.000842
2014-07-31,0.7178,0.008288
2014-08-01,0.7131,-0.006548000000000001
2014-08-04,0.7223,0.012901000000000001
2014-08-05,0.7221,-0.000277
2014-08-06,0.7196,-0.0034620000000000002
2014-08-07,0.7125,-0.009867
2014-08-08,0.7151,0.003649
2014-08-11,0.7232,0.011327
2014-08-12,0.7229,-0.000415
2014-08-13,0.7237,0.0011070000000000001
2014-08-14,0.7202,-0.004836
2014-08-15,0.7252,0.006943
2014-08-18,0.7301,0.006757
2014-08-19,0.73,-0.000137
2014-08-20,0.728,-0.0027400000000000002
2014-08-21,0.7259,-0.002885
2014-08-22,0.7293,0.004684
2014-08-25,0.7245,-0.006582
2014-08-26,0.7184,-0.00842
2014-08-27,0.7202,0.002506
2014-08-28,0.7148,-0.007498
2014-08-29,0.7214,0.009233
2014-09-01,0.7271,0.007901
2014-09-02,0.7331,0.008252
2014-09-03,0.7366,0.004774
2014-09-04,0.7402,0.004887
2014-09-05,0.7438,0.004864
2014-09-09,0.7452,0.001882
2014-09-10,0.7427,-0.0033550000000000003
2014-09-11,0.7413,-0.001885
2014-09-12,0.7452,0.005261
2014-09-15,0.7463,0.001476
2014-09-16,0.7338,-0.016749
2014-09-17,0.7362,0.003271
2014-09-18,0.7406,0.005977
2014-09-19,0.7464,0.007831
2014-09-22,0.7375,-0.011923999999999999
2014-09-23,0.7425,0.0067800000000000004
2014-09-24,0.7508,0.011177999999999999
2014-09-25,0.7486,-0.00293
2014-09-26,0.7496,0.001336
2014-09-29,0.753,0.004536
2014-09-30,0.7551,0.002789
2014-10-08,0.7643,0.012183999999999999
2014-10-09,0.7653,0.001308
2014-10-10,0.7611,-0.005488
2014-10-13,0.7597,-0.0018390000000000001
2014-10-14,0.7566,-0.004081
2014-10-15,0.7599,0.0043619999999999996
2014-10-16,0.7563,-0.004737
2014-10-17,0.7538,-0.003306
2014-10-20,0.759,0.006898
2014-10-21,0.7539,-0.006719
2014-10-22,0.7503,-0.004775
2014-10-23,0.7446,-0.0075970000000000005
2014-10-24,0.745,0.0005369999999999999
2014-10-27,0.7435,-0.002013
2014-10-28,0.7547,0.015064
2014-10-29,0.7632,0.011263
2014-10-30,0.7648,0.002096
2014-10-31,0.77,0.0067989999999999995
2014-11-03,0.772,0.002597
2014-11-04,0.7712,-0.001036
2014-11-05,0.7718,0.0007779999999999999
2014-11-06,0.7728,0.0012959999999999998
2014-11-07,0.7709,-0.0024590000000000002
2014-11-10,0.7826,0.015177000000000001
2014-11-11,0.7729,-0.012395
2014-11-12,0.7809,0.010350999999999999
2014-11-13,0.7757,-0.006659000000000001
2014-11-14,0.7737,-0.0025779999999999996
2014-11-17,0.7756,0.0024560000000000003
2014-11-18,0.7722,-0.004384
2014-11-19,0.7733,0.0014249999999999998
2014-11-20,0.7739,0.000776
2014-11-21,0.7818,0.010208
2014-11-24,0.7908,0.011512
2014-11-25,0.799,0.010369
2014-11-26,0.807,0.010013000000000001
2014-11-27,0.8097,0.003346
2014-11-28,0.8181,0.010374000000000001
2014-12-01,0.8176,-0.000611
2014-12-02,0.8338,0.019814000000000002
2014-12-03,0.8394,0.006716
2014-12-04,0.8604,0.025018
2014-12-05,0.8504,-0.011623000000000001
2014-12-08,0.8719,0.025282
2014-12-09,0.8299,-0.048171
2014-12-10,0.8564,0.031932
2014-12-11,0.8533,-0.00362
2014-12-12,0.8543,0.001172
2014-12-15,0.8626,0.009716
2014-12-16,0.8716,0.010434
2014-12-17,0.8768,0.005966
2014-12-18,0.8822,0.006159
2014-12-19,0.8801,-0.0023799999999999997
2014-12-22,0.8728,-0.008295
2014-12-23,0.8633,-0.010885
2014-12-24,0.8506,-0.014711
2014-12-25,0.8674,0.019751
2014-12-26,0.8836,0.018677
2014-12-29,0.8833,-0.00034
2014-12-30,0.8823,-0.001132
2014-12-31,0.8935,0.012694
2015-01-05,0.9175,0.026861000000000003
2015-01-06,0.9308,0.014496
2015-01-07,0.928,-0.0030080000000000003
2015-01-08,0.9209,-0.007651
2015-01-09,0.9198,-0.001194
2015-01-12,0.9205,0.000761
2015-01-13,0.9318,0.012276
2015-01-14,0.9239,-0.008478
2015-01-15,0.9406,0.018076000000000002
2015-01-16,0.9451,0.004784
2015-01-19,0.9012,-0.04645
2015-01-20,0.9233,0.024523000000000003
2015-01-21,0.9498,0.028700999999999997
2015-01-22,0.9516,0.001895
2015-01-23,0.9484,-0.0033629999999999997
2015-01-26,0.9557,0.007697000000000001
2015-01-27,0.9546,-0.001151
2015-01-28,0.9442,-0.010894999999999998
2015-01-29,0.9329,-0.011968000000000001
2015-01-30,0.9268,-0.0065390000000000005
2015-02-02,0.9171,-0.010466
2015-02-03,0.9331,0.017446
2015-02-04,0.9267,-0.006859
2015-02-05,0.9209,-0.006259
2015-02-06,0.9125,-0.009122
2015-02-09,0.9146,0.002301
2015-02-10,0.9264,0.012902
2015-02-11,0.9324,0.006477
2015-02-12,0.9339,0.001609
2015-02-13,0.9417,0.008352
2015-02-16,0.952,0.010938000000000002
2015-02-17,0.9617,0.010188999999999998
2015-02-25,0.9579,-0.003951
2015-02-26,0.9707,0.013363
2015-02-27,0.9765,0.005975
2015-03-02,0.9899,0.013722000000000002
2015-03-03,0.9731,-0.016971
2015-03-04,0.9814,0.008529
2015-03-05,0.9734,-0.008152
2015-03-06,0.9643,-0.009349
2015-03-09,0.9812,0.017526
2015-03-10,0.9837,0.0025480000000000004
2015-03-11,0.9874,0.003761
2015-03-12,0.9932,0.005874000000000001
2015-03-13,1.0037,0.010572
2015-03-16,1.0292,0.025405999999999998
2015-03-17,1.0377,0.008258999999999999
2015-03-18,1.055,0.016671000000000002
2015-03-19,1.0575,0.0023699999999999997
2015-03-20,1.0636,0.005768
2015-03-23,1.0842,0.019368
2015-03-24,1.0882,0.003689
2015-03-25,1.0928,0.004227
2015-03-26,1.0901,-0.0024709999999999997
2015-03-27,1.0948,0.004312
2015-03-30,1.1117,0.015437000000000001
2015-03-31,1.1121,0.00035999999999999997
2015-04-01,1.1316,0.017534
2015-04-02,1.1427,0.009809
2015-04-03,1.1605,0.015577
2015-04-07,1.1828,0.019216
2015-04-08,1.1764,-0.005411
2015-04-09,1.1601,-0.013856
2015-04-10,1.1949,0.029997
2015-04-13,1.2128,0.01498
2015-04-14,1.2063,-0.005359
2015-04-15,1.1818,-0.02031
2015-04-16,1.2078,0.022000000000000002
2015-04-17,1.2131,0.004388
2015-04-20,1.1806,-0.026791
2015-04-21,1.2167,0.030577999999999998
2015-04-22,1.2449,0.023177
2015-04-23,1.2406,-0.003454
2015-04-24,1.231,-0.007738
2015-04-27,1.2424,0.009261
2015-04-28,1.223,-0.015615
2015-04-29,1.2365,0.011038
2015-04-30,1.2424,0.004772
2015-05-04,1.2444,0.00161
2015-05-05,1.2026,-0.03359
2015-05-06,1.2009,-0.001414
2015-05-07,1.1961,-0.003997
2015-05-08,1.2274,0.026168
2015-05-11,1.258,0.024931000000000002
2015-05-12,1.2763,0.014547000000000001
2015-05-13,1.2731,-0.0025069999999999997
2015-05-14,1.2711,-0.001571
2015-05-15,1.2674,-0.0029110000000000004
2015-05-18,1.2862,0.014834
2015-05-19,1.3091,0.017804
2015-05-20,1.3263,0.013139000000000001
2015-05-21,1.355,0.021639
2015-05-22,1.3749,0.014686
2015-05-25,1.3962,0.015491999999999999
2015-05-26,1.4388,0.030511
2015-05-27,1.4352,-0.002502
2015-05-28,1.357,-0.054486999999999994
2015-05-29,1.3611,0.003021
2015-06-01,1.4143,0.039085999999999996
2015-06-02,1.4518,0.026515
2015-06-03,1.4637,0.008197
2015-06-04,1.4574,-0.004304
2015-06-05,1.4747,0.01187
2015-06-08,1.4835,0.005967
2015-06-09,1.4682,-0.010313000000000001
2015-06-10,1.4818,0.009263
2015-06-11,1.4992,0.011741999999999999
2015-06-12,1.516,0.011206
2015-06-15,1.4934,-0.014908
2015-06-16,1.4553,-0.025512
2015-06-17,1.4892,0.023294000000000002
2015-06-18,1.4365,-0.035388
2015-06-19,1.3694,-0.046711
2015-06-23,1.3997,0.022126
2015-06-24,1.4287,0.020718999999999998
2015-06-25,1.398,-0.021488
2015-06-26,1.3096,-0.063233
2015-06-29,1.2609,-0.037187
2015-06-30,1.3094,0.038465
2015-07-01,1.2528,-0.04322600000000001
2015-07-02,1.1998,-0.042305
2015-07-03,1.1362,-0.053009
2015-07-06,1.1179,-0.016106
2015-07-07,1.0663,-0.046158000000000005
2015-07-08,1.012,-0.050924
2015-07-09,1.0707,0.058004
2015-07-10,1.1315,0.056784999999999995
2015-07-13,1.1962,0.057180999999999996
2015-07-14,1.2049,0.007272999999999999
2015-07-15,1.148,-0.047224
2015-07-16,1.1702,0.019338
2015-07-17,1.2241,0.046061
2015-07-20,1.2455,0.017482
2015-07-21,1.267,0.017262
2015-07-22,1.2892,0.017522
2015-07-23,1.3244,0.027304
2015-07-24,1.2982,-0.019783
2015-07-27,1.2056,-0.07133
2015-07-28,1.1861,-0.016175
2015-07-29,1.2385,0.044177999999999995
2015-07-30,1.2042,-0.027694999999999997
2015-07-31,1.1894,-0.01229
2015-08-03,1.1511,-0.032201
2015-08-04,1.2039,0.045869
2015-08-05,1.2045,0.000498
2015-08-06,1.2022,-0.00191
2015-08-07,1.2284,0.021793
2015-08-10,1.2833,0.044691999999999996
2015-08-11,1.2929,0.007481
2015-08-12,1.2825,-0.008044
2015-08-13,1.2974,0.011618
2015-08-14,1.304,0.005087
2015-08-17,1.3049,0.0006900000000000001
2015-08-18,1.2434,-0.04713
2015-08-19,1.2548,0.009167999999999999
2015-08-20,1.2251,-0.023669
2015-08-21,1.1714,-0.043833000000000004
2015-08-24,1.0988,-0.061977000000000004
2015-08-25,1.0387,-0.054695999999999995
2015-08-26,1.0316,-0.006835
2015-08-27,1.0762,0.043234
2015-08-28,1.1284,0.048504
2015-08-31,1.1011,-0.024194
2015-09-01,1.0591,-0.038144
2015-09-02,1.0459,-0.012463
2015-09-07,1.0495,0.003442
2015-09-08,1.0867,0.035445000000000004
2015-09-09,1.1164,0.02733
2015-09-10,1.1038,-0.011286000000000001
2015-09-11,1.1044,0.000544
2015-09-14,1.0522,-0.047264999999999995
2015-09-15,1.0168,-0.033644
2015-09-16,1.0717,0.053993
2015-09-17,1.0565,-0.014183
2015-09-18,1.0714,0.014103000000000001
2015-09-21,1.1021,0.028654000000000002
2015-09-22,1.1138,0.010616
2015-09-23,1.0964,-0.015622
2015-09-24,1.1025,0.005564
2015-09-25,1.0782,-0.022040999999999998
2015-09-28,1.0908,0.011686
2015-09-29,1.0774,-0.012284999999999999
2015-09-30,1.0813,0.00362
2015-10-08,1.1137,0.029964
2015-10-09,1.1295,0.014187
2015-10-12,1.1636,0.03019
2015-10-13,1.1747,0.009538999999999999
2015-10-14,1.1618,-0.010982
2015-10-15,1.1877,0.022292999999999997
2015-10-16,1.1979,0.008588
2015-10-19,1.1889,-0.007513
2015-10-20,1.2191,0.025402
2015-10-21,1.1596,-0.048806
2015-10-22,1.1923,0.028199000000000002
2015-10-23,1.2167,0.020465
2015-10-26,1.2156,-0.000904
2015-10-27,1.2235,0.0064990000000000004
2015-10-28,1.2,-0.019207000000000002
2015-10-29,1.2101,0.008417000000000001
2015-10-30,1.211,0.000744
2015-11-02,1.193,-0.014863999999999999
2015-11-03,1.1857,-0.006119
2015-11-04,1.2355,0.042001
2015-11-05,1.228,-0.00607
2015-11-06,1.2544,0.021498
2015-11-09,1.2671,0.010124
2015-11-10,1.2747,0.005998
2015-11-11,1.2914,0.013101
2015-11-12,1.2936,0.001704
2015-11-13,1.2835,-0.007808000000000001
2015-11-16,1.3046,0.016439
2015-11-17,1.3004,-0.003219
2015-11-18,1.2746,-0.01984
2015-11-19,1.3008,0.020555
2015-11-20,1.3184,0.01353
2015-11-23,1.3127,-0.0043230000000000005
2015-11-24,1.3141,0.001067
2015-11-25,1.3257,0.008827
2015-11-26,1.3276,0.001433
2015-11-27,1.2731,-0.041052
2015-11-30,1.2775,0.0034560000000000003
2015-12-01,1.2816,0.003209
2015-12-02,1.2784,-0.002497
2015-12-03,1.2984,0.015645
2015-12-04,1.29,-0.00647
2015-12-07,1.3046,0.011318
2015-12-08,1.2878,-0.012878
2015-12-09,1.2854,-0.0018640000000000002
2015-12-10,1.2803,-0.003968
2015-12-11,1.2717,-0.006717
2015-12-14,1.2893,0.013839999999999998
2015-12-15,1.295,0.004421
2015-12-16,1.3025,0.005792
2015-12-17,1.3336,0.023877000000000002
2015-12-18,1.3364,0.0021
2015-12-21,1.3618,0.019006000000000002
2015-12-22,1.3685,0.00492
2015-12-23,1.3545,-0.01023
2015-12-24,1.3478,-0.004946
2015-12-25,1.3503,0.0018549999999999999
2015-12-28,1.3295,-0.015404
2015-12-29,1.3439,0.010831
2015-12-30,1.3487,0.003572
2015-12-31,1.3319,-0.012456
2016-01-04,1.2511,-0.060665
2016-01-05,1.2423,-0.007034
2016-01-06,1.2658,0.018917
2016-01-07,1.1847,-0.06407
2016-01-08,1.199,0.012071
2016-01-11,1.1432,-0.046539000000000004
2016-01-12,1.1465,0.0028870000000000002
2016-01-13,1.111,-0.030964000000000002
2016-01-14,1.1427,0.028533
2016-01-15,1.1082,-0.030192
2016-01-18,1.1181,0.008933
2016-01-19,1.1524,0.030677
2016-01-20,1.1414,-0.009545
2016-01-21,1.1115,-0.026196
2016-01-22,0.8195,0.006028
2016-01-25,0.827,0.009152
2016-01-26,0.7756,-0.062152000000000006
2016-01-27,0.7754,-0.000258
2016-01-28,0.7543,-0.027212
2016-01-29,0.785,0.0407
2016-02-01,0.7805,-0.005732
2016-02-02,0.8068,0.033696000000000004
2016-02-03,0.8165,0.012022999999999999
2016-02-04,0.8286,0.014819
2016-02-05,0.8241,-0.005431
2016-02-15,0.8268,0.003276
2016-02-16,0.8513,0.029632000000000002
2016-02-17,0.8552,0.004581
2016-02-18,0.8505,-0.005496
2016-02-19,0.8531,0.0030570000000000003
2016-02-22,0.8643,0.013129
2016-02-23,0.8626,-0.001967
2016-02-24,0.8646,0.002319
2016-02-25,0.8157,-0.056558000000000004
2016-02-26,0.8168,0.001349
2016-02-29,0.7906,-0.032076
2016-03-01,0.8039,0.016822999999999998
2016-03-02,0.8307,0.033337
2016-03-03,0.832,0.001565
2016-03-04,0.8142,-0.021394000000000003
2016-03-07,0.8244,0.012528
2016-03-08,0.8253,0.001092
2016-03-09,0.8121,-0.015993999999999998
2016-03-10,0.8027,-0.011575
2016-03-11,0.8069,0.005232
2016-03-14,0.8268,0.024662000000000003
2016-03-15,0.8192,-0.009192
2016-03-16,0.8136,-0.006836
2016-03-17,0.832,0.022616
2016-03-18,0.8532,0.025480999999999997
2016-03-21,0.8704,0.020158999999999996
2016-03-22,0.8697,-0.000804
2016-03-23,0.8753,0.006439
2016-03-24,0.864,-0.01291
2016-03-25,0.8652,0.001389
2016-03-28,0.863,-0.002543
2016-03-29,0.8505,-0.014483999999999999
2016-03-30,0.873,0.026455000000000003
2016-03-31,0.8766,0.004124
2016-04-01,0.8704,-0.007073
2016-04-05,0.8876,0.019761
2016-04-06,0.8917,0.004619
2016-04-07,0.8828,-0.009981
2016-04-08,0.8785,-0.0048709999999999995
2016-04-11,0.8934,0.016961
2016-04-12,0.8899,-0.003918
2016-04-13,0.8974,0.008428
2016-04-14,0.9039,0.007243
2016-04-15,0.9027,-0.001328
2016-04-18,0.8921,-0.011742999999999998
2016-04-19,0.8959,0.00426
2016-04-20,0.8665,-0.032816
2016-04-21,0.8606,-0.006808999999999999
2016-04-22,0.8666,0.006972000000000001
2016-04-25,0.8709,0.004961999999999999
2016-04-26,0.8744,0.004019
2016-04-27,0.877,0.002973
2016-04-28,0.8781,0.0012540000000000001
2016-04-29,0.8807,0.0029609999999999997
2016-05-03,0.9018,0.023958
2016-05-04,0.9008,-0.001109
2016-05-05,0.9,-0.000888
2016-05-06,0.8741,-0.028778
2016-05-09,0.8531,-0.024024999999999998
2016-05-10,0.8552,0.002462
2016-05-11,0.857,0.002105
2016-05-12,0.8594,0.0028000000000000004
2016-05-13,0.8586,-0.000931
2016-05-16,0.8687,0.011763
2016-05-17,0.8667,-0.002302
2016-05-18,0.8475,-0.022153
2016-05-19,0.8474,-0.000118
2016-05-20,0.8572,0.011565
2016-05-23,0.8645,0.008516000000000001
2016-05-24,0.8572,-0.008444
2016-05-25,0.8566,-0.0007000000000000001
2016-05-26,0.8639,0.008522
2016-05-27,0.8609,-0.003473
2016-05-30,0.857,-0.00453
2016-05-31,0.8834,0.030805
2016-06-01,0.886,0.002943
2016-06-02,0.8883,0.002596
2016-06-03,0.8942,0.006642
2016-06-06,0.8939,-0.000335
2016-06-07,0.8911,-0.003132
2016-06-08,0.887,-0.004601
2016-06-13,0.8597,-0.030778
2016-06-14,0.8592,-0.000582
2016-06-15,0.8767,0.020368
2016-06-16,0.8747,-0.002281
2016-06-17,0.8812,0.007431
2016-06-20,0.8816,0.00045400000000000003
2016-06-21,0.8813,-0.00034
2016-06-22,0.8886,0.008283
2016-06-23,0.8859,-0.0030380000000000003
2016-06-24,0.8784,-0.008466
2016-06-27,0.8948,0.01867
2016-06-28,0.9033,0.009499
2016-06-29,0.9075,0.0046500000000000005
2016-06-30,0.9098,0.0025340000000000002
2016-07-01,0.9084,-0.001539
2016-07-04,0.923,0.016072
2016-07-05,0.925,0.002167
2016-07-06,0.9351,0.010919000000000002
2016-07-07,0.9326,-0.002674
2016-07-08,0.9307,-0.0020369999999999997
2016-07-11,0.9268,-0.00419
2016-07-12,0.9395,0.013703
2016-07-13,0.9473,0.008302
2016-07-14,0.948,0.000739
2016-07-15,0.9457,-0.002426
2016-07-18,0.9457,0.0
2016-07-19,0.9527,0.007402
2016-07-20,0.9575,0.005038
2016-07-21,0.9591,0.001671
2016-07-22,0.9526,-0.006777
2016-07-25,0.9555,0.003044
2016-07-26,0.9646,0.009524
2016-07-27,0.9446,-0.020734
2016-07-28,0.9525,0.008363
2016-07-29,0.9508,-0.001785
2016-08-01,0.9348,-0.016828
2016-08-02,0.9401,0.00567
2016-08-03,0.9471,0.007446
2016-08-04,0.9482,0.001161
2016-08-05,0.9443,-0.004113
2016-08-08,0.9527,0.008895
2016-08-09,0.9565,0.0039889999999999995
2016-08-10,0.9505,-0.006273
2016-08-11,0.9402,-0.010835999999999998
2016-08-12,0.95,0.010423
2016-08-15,0.9662,0.017053
2016-08-16,0.9683,0.002173
2016-08-17,0.9711,0.002892
2016-08-18,0.9693,-0.0018540000000000002
2016-08-19,0.9719,0.002682
2016-08-22,0.9637,-0.008437
2016-08-23,0.9683,0.004773
2016-08-24,0.9733,0.005163999999999999
2016-08-25,0.9701,-0.0032879999999999997
2016-08-26,0.9731,0.0030919999999999997
2016-08-29,0.9705,-0.002672
2016-08-30,0.9711,0.0006180000000000001
2016-08-31,0.9697,-0.001442
2016-09-01,0.965,-0.004847000000000001
2016-09-02,0.9653,0.00031099999999999997
2016-09-05,0.9673,0.002072
2016-09-06,0.9832,0.016437999999999998
2016-09-07,0.9835,0.000305
2016-09-08,0.9956,0.012303
2016-09-09,0.9887,-0.0069299999999999995
2016-09-12,0.9756,-0.01325
2016-09-13,0.9731,-0.0025629999999999997
2016-09-14,0.9734,0.000308
2016-09-19,0.9875,0.014485
2016-09-20,0.9882,0.000709
2016-09-21,0.9949,0.0067800000000000004
2016-09-22,1.0034,0.008544000000000001
2016-09-23,0.9982,-0.005182
2016-09-26,0.9811,-0.017131
2016-09-27,0.9868,0.005809999999999999
2016-09-28,0.9879,0.001115
2016-09-29,0.9894,0.0015179999999999998
2016-09-30,0.9942,0.004850999999999999
2016-10-10,1.0094,0.015288999999999999
2016-10-11,1.0139,0.004458
2016-10-12,1.0116,-0.002268
2016-10-13,1.0144,0.002768
2016-10-14,1.0154,0.000986
2016-10-17,1.0084,-0.006894
2016-10-18,1.0171,0.008628
2016-10-19,1.0149,-0.002163
2016-10-20,1.0127,-0.002168
2016-10-21,1.0068,-0.0058260000000000004
2016-10-24,1.0122,0.005364
2016-10-25,1.0098,-0.002371
2016-10-26,1.007,-0.002773
2016-10-27,1.006,-0.000993
2016-10-28,1.0027,-0.00328
2016-10-31,1.0077,0.004987
2016-11-01,1.0149,0.007145
2016-11-02,1.0156,0.0006900000000000001
2016-11-03,1.0187,0.0030520000000000005
2016-11-04,1.0115,-0.007068
2016-11-07,1.0109,-0.000593
2016-11-08,1.0147,0.003759
2016-11-09,1.0062,-0.008377
2016-11-10,1.0157,0.009441
2016-11-11,1.0116,-0.004037
2016-11-14,1.0112,-0.000395
2016-11-15,1.0132,0.001978
2016-11-16,1.0151,0.001875
2016-11-17,1.0136,-0.001478
2016-11-18,1.013,-0.0005920000000000001
2016-11-21,1.0131,9.900000000000001e-05
2016-11-22,1.0161,0.0029609999999999997
2016-11-23,1.014,-0.002067
2016-11-24,1.0172,0.003156
2016-11-25,1.0188,0.001573
2016-11-28,1.0178,-0.000982
2016-11-29,1.0195,0.00167
2016-11-30,1.0139,-0.0054930000000000005
2016-12-01,1.0151,0.0011840000000000002
2016-12-02,1.0034,-0.011526000000000002
2016-12-05,1.0005,-0.0028899999999999998
2016-12-06,1.0002,-0.0003
2016-12-07,1.0079,0.007698
2016-12-08,1.0062,-0.001687
2016-12-09,1.0046,-0.00159
2016-12-12,0.9775,-0.026976
2016-12-13,0.984,0.0066500000000000005
2016-12-14,0.9819,-0.002134
2016-12-15,0.98,-0.001935
2016-12-16,0.9891,0.009285999999999999
2016-12-19,0.9868,-0.0023250000000000002
2016-12-20,0.9848,-0.0020269999999999997
2016-12-21,0.9906,0.005889999999999999
2016-12-22,0.9873,-0.003331
2016-12-23,0.9809,-0.006482
2016-12-26,0.9818,0.0009180000000000001
2016-12-27,0.9827,0.0009170000000000001
2016-12-28,0.9837,0.001018
2016-12-29,0.9897,0.006099
2016-12-30,0.9985,0.008892
2016-12-31,0.9985,0.0
2017-01-03,1.0031,0.004607
2017-01-04,1.0079,0.004785
2017-01-05,1.0079,0.0
2017-01-06,1.0031,-0.004762
2017-01-09,1.0111,0.007975
2017-01-10,1.0045,-0.006528000000000001
2017-01-11,0.9929,-0.011548000000000001
2017-01-12,0.9873,-0.005639999999999999
2017-01-13,0.9812,-0.006178
2017-01-16,0.9651,-0.016408
2017-01-17,0.9732,0.008393000000000001
2017-01-18,0.9717,-0.0015409999999999998
2017-01-19,0.9671,-0.0047339999999999995
2017-01-20,0.9823,0.015717000000000002
2017-01-23,0.987,0.004785
2017-01-24,0.9842,-0.002837
2017-01-25,0.9846,0.00040599999999999995
2017-01-26,0.989,0.004469
2017-02-03,0.9854,-0.00364
2017-02-06,0.9947,0.009438
2017-02-07,0.9918,-0.0029149999999999996
2017-02-08,0.9966,0.00484
2017-02-09,1.0001,0.003512
2017-02-10,0.9981,-0.002
2017-02-13,1.0029,0.004809
2017-02-14,1.0026,-0.000299
2017-02-15,0.9958,-0.006782
2017-02-16,0.9955,-0.000301
2017-02-17,0.9919,-0.003616
2017-02-20,1.0052,0.013408999999999999
2017-02-21,1.0088,0.0035809999999999995
2017-02-22,1.0153,0.006443
2017-02-23,1.0133,-0.00197
2017-02-24,1.0183,0.004934
2017-02-27,1.0099,-0.008249
2017-02-28,1.0101,0.00019800000000000002
2017-03-01,1.0097,-0.00039600000000000003
2017-03-02,1.0066,-0.00307
2017-03-03,1.011,0.004371
2017-03-06,1.0208,0.009693
2017-03-07,1.0234,0.002547
2017-03-08,1.017,-0.006253999999999999
2017-03-09,1.0138,-0.0031469999999999996
2017-03-10,1.0143,0.000493
2017-03-13,1.0202,0.005817
2017-03-14,1.0165,-0.003627
2017-03-15,1.0174,0.0008849999999999999
2017-03-16,1.0215,0.004030000000000001
2017-03-17,1.013,-0.008321
2017-03-20,1.0139,0.000888
2017-03-21,1.0175,0.0035510000000000003
2017-03-22,1.0108,-0.006585
2017-03-23,1.0157,0.004848
2017-03-24,1.0217,0.005907
2017-03-27,1.0142,-0.0073409999999999994
2017-03-28,1.0112,-0.002958
2017-03-29,1.0083,-0.002868
2017-03-30,0.9939,-0.014280999999999999
2017-03-31,0.9994,0.005534
2017-04-05,1.0151,0.015709
2017-04-06,1.0163,0.0011819999999999999
2017-04-07,1.0167,0.000394
2017-04-10,1.0087,-0.007869000000000001
2017-04-11,1.0109,0.0021809999999999998
2017-04-12,1.0071,-0.003759
2017-04-13,1.0091,0.001986
2017-04-14,0.9984,-0.010604
2017-04-17,0.9949,-0.0035060000000000004
2017-04-18,0.9948,-0.000101
2017-04-19,0.9944,-0.000402
2017-04-20,1.0002,0.0058330000000000005
2017-04-21,1.0,-0.0002
2017-04-24,0.986,-0.013999999999999999
2017-04-25,0.9857,-0.000304
2017-04-26,0.9862,0.0005070000000000001
2017-04-27,0.9922,0.006084000000000001
2017-04-28,0.991,-0.001209
2017-05-02,0.9888,-0.00222
2017-05-03,0.9867,-0.002124
2017-05-04,0.9804,-0.006384999999999999
2017-05-05,0.9734,-0.00714
2017-05-08,0.9629,-0.010787
2017-05-09,0.9653,0.002492
2017-05-10,0.9554,-0.010256000000000001
2017-05-11,0.9538,-0.001675
2017-05-12,0.9576,0.003984
2017-05-15,0.9622,0.004804
2017-05-16,0.9759,0.014237999999999999
2017-05-17,0.9765,0.000615
2017-05-18,0.967,-0.009729
2017-05-19,0.9674,0.000414
2017-05-22,0.9565,-0.011267000000000001
2017-05-23,0.9448,-0.012232
2017-05-24,0.9447,-0.000106
2017-05-25,0.9531,0.008892
2017-05-26,0.9527,-0.00042
2017-05-31,0.9563,0.0037790000000000002
2017-06-01,0.9537,-0.0027189999999999996
2017-06-02,0.9574,0.00388
2017-06-05,0.9603,0.003029
2017-06-06,0.9676,0.007602
2017-06-07,0.9863,0.019326
2017-06-08,0.9866,0.000304
2017-06-09,0.9887,0.0021290000000000002
2017-06-12,0.9867,-0.002023
2017-06-13,0.9907,0.0040539999999999994
2017-06-14,0.983,-0.007772
2017-06-15,0.9892,0.006307
2017-06-16,0.9861,-0.003134
2017-06-19,0.9965,0.010546999999999999
2017-06-20,0.9983,0.001806
2017-06-21,1.0037,0.005409000000000001
2017-06-22,0.9922,-0.011458
2017-06-23,0.9928,0.000605
2017-06-26,1.0075,0.014806999999999999
2017-06-27,1.0104,0.002878
2017-06-28,1.0022,-0.008116
2017-06-29,1.0078,0.005587999999999999
2017-06-30,1.0103,0.0024809999999999997
2017-07-03,1.0123,0.00198
2017-07-04,1.005,-0.0072109999999999995
2017-07-05,1.0169,0.011840999999999999
2017-07-06,1.0196,0.0026550000000000002
2017-07-07,1.0221,0.002452
2017-07-10,1.0166,-0.005381
2017-07-11,1.0066,-0.009837
2017-07-12,1.003,-0.0035759999999999998
2017-07-13,1.0059,0.0028910000000000003
2017-07-14,1.0071,0.001193
2017-07-17,0.9808,-0.026115
2017-07-18,0.9888,0.008157
2017-07-19,0.9935,0.004753
2017-07-20,0.9941,0.000604
2017-07-21,0.9939,-0.000201
2017-07-24,0.9968,0.002918
2017-07-25,0.9947,-0.002107
2017-07-26,0.9895,-0.005228
2017-07-27,0.9929,0.0034360000000000003
2017-07-28,0.9963,0.003424
2017-07-31,1.0028,0.006523999999999999
2017-08-01,1.0071,0.004288
2017-08-02,0.9979,-0.009134999999999999
2017-08-03,0.9918,-0.0061129999999999995
2017-08-04,0.9854,-0.0064529999999999995
2017-08-07,0.9911,0.005784
2017-08-08,0.9995,0.008475
2017-08-09,1.0004,0.0009
2017-08-10,0.9956,-0.004798
2017-08-11,0.9913,-0.004319
2017-08-14,1.0128,0.021689
2017-08-15,1.0137,0.000889
2017-08-16,1.0111,-0.002565
2017-08-17,1.0154,0.004253
2017-08-18,1.0164,0.000985
2017-08-21,1.0206,0.004132
2017-08-22,1.0221,0.00147
2017-08-23,1.0145,-0.007436000000000001
2017-08-24,1.0107,-0.0037459999999999998
2017-08-25,1.0203,0.009498
2017-08-28,1.024,0.003626
2017-08-29,1.0204,-0.003516
2017-08-30,1.0187,-0.001666
2017-08-31,1.0146,-0.004025
2017-09-01,1.0149,0.00029600000000000004
2017-09-04,1.0157,0.000788
2017-09-05,1.0143,-0.001378
2017-09-06,1.0175,0.003155
2017-09-07,1.0153,-0.002162
2017-09-08,1.0141,-0.0011819999999999999
2017-09-11,1.0117,-0.0023669999999999997
2017-09-12,1.0108,-0.00089
2017-09-13,1.0164,0.005540000000000001
2017-09-14,1.0157,-0.000689
2017-09-15,1.0121,-0.003544
2017-09-18,1.0164,0.004249
2017-09-19,1.0123,-0.004033999999999999
2017-09-20,1.0131,0.00079
2017-09-21,1.0075,-0.005528
2017-09-22,1.0025,-0.004963
2017-09-25,0.9979,-0.004588999999999999
2017-09-26,0.9983,0.000401
2017-09-27,1.0062,0.007913
2017-09-28,1.0076,0.001391
2017-09-29,1.0113,0.0036720000000000004
2017-10-09,1.0175,0.006131
2017-10-10,1.0198,0.00226
2017-10-11,1.0205,0.000686
2017-10-12,1.0189,-0.001568
2017-10-13,1.0229,0.003926
2017-10-16,1.0201,-0.002737
2017-10-17,1.0163,-0.003725
2017-10-18,1.0132,-0.0030499999999999998
2017-10-19,1.0072,-0.005921999999999999
2017-10-20,1.0123,0.005064
2017-10-23,1.0198,0.007409
2017-10-24,1.0197,-9.8e-05
2017-10-25,1.0244,0.004608999999999999
2017-10-26,1.0354,0.010738000000000001
2017-10-27,1.0325,-0.002801
2017-10-30,1.0236,-0.00862
2017-10-31,1.0299,0.006155000000000001
2017-11-01,1.0337,0.00369
2017-11-02,1.0328,-0.0008709999999999999
2017-11-03,1.0267,-0.005906
2017-11-06,1.0427,0.015584
2017-11-07,1.0493,0.00633
2017-11-08,1.05,0.000667
2017-11-09,1.0545,0.004286
2017-11-10,1.0605,0.00569
2017-11-13,1.0638,0.0031119999999999997
2017-11-14,1.0545,-0.008742
2017-11-15,1.046,-0.008061
2017-11-16,1.0476,0.00153
2017-11-17,1.0287,-0.018041
2017-11-20,1.0364,0.007485
2017-11-21,1.0405,0.003956
2017-11-22,1.0402,-0.000288
2017-11-23,1.0187,-0.020669
2017-11-24,1.0186,-9.8e-05
2017-11-27,1.0098,-0.008639
2017-11-28,1.0204,0.010497000000000001
2017-11-29,1.0239,0.0034300000000000003
2017-11-30,1.0194,-0.004395
2017-12-01,1.0254,0.005886
2017-12-04,1.0215,-0.0038030000000000004
2017-12-05,1.0121,-0.009202
2017-12-06,1.0118,-0.00029600000000000004
2017-12-07,1.0046,-0.007116
2017-12-08,1.0118,0.007167
2017-12-11,1.027,0.015023
2017-12-12,1.0213,-0.00555
2017-12-13,1.0292,0.007735
2017-12-14,1.0295,0.000291
2017-12-15,1.0223,-0.006994
2017-12-18,1.0237,0.001369
2017-12-19,1.0312,0.007326
2017-12-20,1.0299,-0.001261
2017-12-21,1.037,0.006894
2017-12-22,1.034,-0.002893
2017-12-25,1.027,-0.006770000000000001
2017-12-26,1.0324,0.0052580000000000005
2017-12-27,1.0268,-0.005424
2017-12-28,1.028,0.0011690000000000001
2017-12-29,1.0338,0.005642
2017-12-31,1.0337,0.0
2018-01-02,1.0449,0.010737000000000002
2018-01-03,1.0492,0.004115
2018-01-04,1.0571,0.00753
2018-01-05,1.0527,-0.004162
2018-01-08,1.057,0.004085
2018-01-09,1.0578,0.0007570000000000001
2018-01-10,1.0561,-0.0016070000000000001
2018-01-11,1.0547,-0.001326
2018-01-12,1.0544,-0.000284
2018-01-15,1.0419,-0.011855
2018-01-16,1.0438,0.001824
2018-01-17,1.0411,-0.002587
2018-01-18,1.0174,0.006436
2018-01-19,1.0139,-0.00344
2018-01-22,1.0224,0.008383
2018-01-23,1.0226,0.000196
2018-01-24,1.0244,0.0017599999999999998
2018-01-25,1.0221,-0.002245
2018-01-26,1.0211,-0.000978
2018-01-29,1.0105,-0.010381
2018-01-30,1.0043,-0.006136
2018-01-31,1.003,-0.0012939999999999998
2018-02-01,0.9926,-0.010369
2018-02-02,1.0015,0.008966
2018-02-05,0.9999,-0.001598
2018-02-06,0.973,-0.026903
2018-02-07,0.9651,-0.008119
2018-02-08,0.9662,0.00114
2018-02-09,0.9448,-0.022149000000000002
2018-02-12,0.9585,0.014499999999999999
2018-02-13,0.9623,0.003965
2018-02-14,0.9668,0.0046760000000000005
2018-02-22,0.9808,0.014480999999999999
2018-02-23,0.9829,0.002141
2018-02-26,0.9939,0.011191
2018-02-27,0.987,-0.006942
2018-02-28,0.9856,-0.001418
2018-03-01,0.9892,0.003653
2018-03-02,0.9821,-0.007178
2018-03-05,0.9851,0.003055
2018-03-06,0.9923,0.0073089999999999995
2018-03-07,0.9901,-0.0022170000000000002
2018-03-08,0.9967,0.006666
2018-03-09,1.0013,0.004615
2018-03-12,1.009,0.00769
2018-03-13,1.0066,-0.002379
2018-03-14,1.0019,-0.0046689999999999995
2018-03-15,1.0019,0.0
2018-03-16,0.996,-0.005889
2018-03-19,0.9982,0.002209
2018-03-20,1.002,0.0038069999999999996
2018-03-21,0.9964,-0.005588999999999999
2018-03-22,0.9885,-0.007929
2018-03-23,0.9625,-0.026302
2018-03-26,0.9721,0.009974
2018-03-27,0.985,0.013269999999999999
2018-03-28,0.9764,-0.008731
2018-03-29,0.9776,0.001229
2018-03-30,0.9863,0.008899
2018-04-02,0.9888,0.002535
2018-04-03,0.9843,-0.004551
2018-04-04,0.9803,-0.004064
2018-04-09,0.9808,0.0005099999999999999
2018-04-10,0.9857,0.004996
2018-04-11,0.9876,0.001928
2018-04-12,0.9902,0.002633
2018-04-13,0.9868,-0.003434
2018-04-16,0.9866,-0.00020299999999999997
2018-04-17,0.9732,-0.013582
2018-04-18,0.9784,0.005343
2018-04-19,0.9802,0.00184
2018-04-20,0.9683,-0.01214
2018-04-23,0.9601,-0.008468
2018-04-24,0.9728,0.013228
2018-04-25,0.9751,0.0023639999999999998
2018-04-26,0.9694,-0.0058460000000000005
2018-04-27,0.972,0.002682
2018-05-02,0.9754,0.003498
2018-05-03,0.9809,0.005639
2018-05-04,0.9832,0.002345
2018-05-07,0.9938,0.010781
2018-05-08,0.9943,0.000503
2018-05-09,0.9944,0.000101
2018-05-10,1.0018,0.007442
2018-05-11,0.9956,-0.006189
2018-05-14,0.9954,-0.000201
2018-05-15,1.0012,0.005827
2018-05-16,1.0083,0.007090999999999999
2018-05-17,1.0029,-0.005356
2018-05-18,1.0021,-0.000798
2018-05-21,1.008,0.005888
2018-05-22,1.0101,0.002083
2018-05-23,1.0026,-0.007425
2018-05-24,1.0013,-0.0012970000000000002
2018-05-25,1.0012,-0.0001
2018-05-28,1.0078,0.006592
2018-05-29,0.9976,-0.010121
2018-05-30,0.9883,-0.009322
2018-05-31,1.003,0.014874
2018-06-01,0.991,-0.011963999999999999
2018-06-04,0.9918,0.000807
2018-06-05,1.0052,0.013511
2018-06-06,1.0038,-0.0013930000000000001
2018-06-07,1.0012,-0.0025900000000000003
2018-06-08,1.0002,-0.000999
2018-06-11,0.9932,-0.006999
2018-06-12,0.9999,0.006745999999999999
2018-06-13,0.9883,-0.011600999999999998
2018-06-14,0.9794,-0.009004999999999999
2018-06-15,0.9682,-0.011436
2018-06-19,0.9392,-0.029952
2018-06-20,0.9487,0.010115
2018-06-21,0.9352,-0.01423
2018-06-22,0.9389,0.003956
2018-06-25,0.939,0.000107
2018-06-26,0.9385,-0.0005319999999999999
2018-06-27,0.9302,-0.008844
2018-06-28,0.9228,-0.007955
2018-06-29,0.94,0.018639
2018-06-30,0.94,0.0
2018-07-02,0.9332,-0.007234000000000001
2018-07-03,0.9313,-0.002036
2018-07-04,0.9235,-0.008375
2018-07-05,0.908,-0.016784
2018-07-06,0.9134,0.005947
2018-07-09,0.9256,0.013357
2018-07-10,0.9282,0.002809
2018-07-11,0.9166,-0.012497000000000001
2018-07-12,0.9331,0.018001
2018-07-13,0.9414,0.008895
2018-07-16,0.9401,-0.001381
2018-07-17,0.937,-0.0032979999999999997
2018-07-18,0.9373,0.00032
2018-07-19,0.9314,-0.006294999999999999
2018-07-20,0.9349,0.003758
2018-07-23,0.9317,-0.003423
2018-07-24,0.9388,0.00762
2018-07-25,0.9385,-0.00032
2018-07-26,0.9327,-0.00618
2018-07-27,0.9318,-0.000965
2018-07-30,0.9237,-0.008693
2018-07-31,0.9238,0.00010800000000000001
2018-08-01,0.9156,-0.008876
2018-08-02,0.9064,-0.010048
2018-08-03,0.8978,-0.009488
2018-08-06,0.8786,-0.021386
2018-08-07,0.891,0.014113
2018-08-08,0.8771,-0.015600000000000001
2018-08-09,0.8889,0.013453
2018-08-10,0.8908,0.002137
2018-08-13,0.8926,0.0020210000000000002
2018-08-14,0.8877,-0.00549
2018-08-15,0.8751,-0.014194
2018-08-16,0.8694,-0.006514
2018-08-17,0.8575,-0.013688
2018-08-20,0.8554,-0.0024490000000000002
2018-08-21,0.8697,0.016717
2018-08-22,0.8644,-0.0060940000000000005
2018-08-23,0.8666,0.002545
2018-08-24,0.8649,-0.001962
2018-08-27,0.8782,0.015378000000000001
2018-08-28,0.8794,0.001366
2018-08-29,0.8774,-0.002274
2018-08-30,0.8688,-0.009802
2018-08-31,0.8649,-0.004489
2018-09-03,0.8623,-0.003006
2018-09-04,0.8656,0.0038269999999999997
2018-09-05,0.8557,-0.011437
2018-09-06,0.8504,-0.006194
2018-09-07,0.8536,0.0037630000000000003
2018-09-10,0.8458,-0.009138
2018-09-11,0.8429,-0.0034289999999999998
2018-09-12,0.8402,-0.0032029999999999997
2018-09-13,0.8431,0.003452
2018-09-14,0.8372,-0.006998
2018-09-17,0.8309,-0.007525
2018-09-18,0.8397,0.010591
2018-09-19,0.8491,0.011193999999999999
2018-09-20,0.8465,-0.0030620000000000005
2018-09-21,0.8583,0.01394
2018-09-25,0.8568,-0.0017480000000000002
2018-09-26,0.8627,0.006886
2018-09-27,0.8563,-0.007419
2018-09-28,0.8641,0.009109
2018-10-08,0.8417,-0.025922999999999998
2018-10-09,0.841,-0.000832
2018-10-10,0.8387,-0.002735
2018-10-11,0.8114,-0.032549999999999996
2018-10-12,0.8161,0.005792
2018-10-15,0.8186,0.003063
2018-10-16,0.8056,-0.015881
2018-10-17,0.805,-0.000745
2018-10-18,0.7925,-0.015528
2018-10-19,0.8054,0.016278
2018-10-22,0.8254,0.024832
2018-10-23,0.8116,-0.016718999999999998
2018-10-24,0.8032,-0.01035
2018-10-25,0.8001,-0.00386
2018-10-26,0.7972,-0.0036249999999999998
2018-10-29,0.7861,-0.013924
2018-10-30,0.789,0.003689
2018-10-31,0.7955,0.008238
2018-11-01,0.7992,0.004651
2018-11-02,0.8163,0.021396000000000002
2018-11-05,0.8207,0.005390000000000001
2018-11-06,0.8216,0.001097
2018-11-07,0.8218,0.000243
2018-11-08,0.8176,-0.005111
2018-11-09,0.8141,-0.004281
2018-11-12,0.8247,0.013021
2018-11-13,0.8321,0.008973
2018-11-14,0.8299,-0.002644
2018-11-15,0.8364,0.007832
2018-11-16,0.8357,-0.000837
2018-11-19,0.8353,-0.000479
2018-11-20,0.8231,-0.014606
2018-11-21,0.8264,0.0040089999999999995
2018-11-22,0.8256,-0.000968
2018-11-23,0.8112,-0.017442
2018-11-26,0.8059,-0.006534
2018-11-27,0.8075,0.0019850000000000002
2018-11-28,0.8123,0.0059440000000000005
2018-11-29,0.8049,-0.00911
2018-11-30,0.81,0.0063360000000000005
2018-12-03,0.8242,0.017531
2018-12-04,0.8246,0.000485
2018-12-05,0.8245,-0.000121
2018-12-06,0.8173,-0.008733
2018-12-07,0.8184,0.001346
2018-12-10,0.8129,-0.00672
2018-12-11,0.8151,0.002706
2018-12-12,0.815,-0.000123
2018-12-13,0.8205,0.006748
2018-12-14,0.8121,-0.010238
2018-12-17,0.8068,-0.006526
2018-12-18,0.8022,-0.0057020000000000005
2018-12-19,0.7925,-0.012092
2018-12-20,0.7924,-0.000126
2018-12-21,0.7908,-0.002019
2018-12-24,0.7956,0.00607
2018-12-25,0.7953,-0.00037699999999999995
2018-12-26,0.7949,-0.000503
2018-12-27,0.7889,-0.007548
2018-12-28,0.7917,0.003549
2018-12-31,0.7917,0.0
2019-01-02,0.7834,-0.010484
2019-01-03,0.7779,-0.0070209999999999995
2019-01-04,0.787,0.011698
2019-01-07,0.7924,0.006861000000000001
2019-01-08,0.7904,-0.002524
2019-01-09,0.7938,0.004302
2019-01-10,0.7916,-0.002771
2019-01-11,0.7944,0.003537
2019-01-14,0.79,-0.005539
2019-01-15,0.7957,0.007215
2019-01-16,0.7973,0.002011
2019-01-17,0.7927,-0.005769
2019-01-18,0.7994,0.008452
2019-01-21,0.8045,0.00638
2019-01-22,0.7963,-0.010193
2019-01-23,0.7958,-0.000628
2019-01-24,0.7982,0.0030159999999999996
2019-01-25,0.7995,0.0016289999999999998
2019-01-28,0.7973,-0.002752
2019-01-29,0.7925,-0.00602
2019-01-30,0.7866,-0.007445
2019-01-31,0.7846,-0.002543
2019-02-01,0.7968,0.015549
2019-02-11,0.8085,0.014684
2019-02-12,0.8125,0.004947
2019-02-13,0.8195,0.008615000000000001
2019-02-14,0.8221,0.0031730000000000005
2019-02-15,0.8171,-0.006082
2019-02-18,0.8323,0.018602
2019-02-19,0.8318,-0.000601
2019-02-20,0.8323,0.000601
2019-02-21,0.8312,-0.001322
2019-02-22,0.8401,0.010707
2019-02-25,0.8623,0.026425
2019-02-26,0.8582,-0.004755
2019-02-27,0.8531,-0.005943
2019-02-28,0.8599,0.007971
2019-03-01,0.863,0.0036049999999999997
2019-03-04,0.871,0.00927
2019-03-05,0.8806,0.011022
2019-03-06,0.8923,0.013286
2019-03-07,0.8953,0.003362
2019-03-08,0.8771,-0.020328
2019-03-11,0.8954,0.020863999999999997
2019-03-12,0.9078,0.013849
2019-03-13,0.8942,-0.014981
2019-03-14,0.8793,-0.016662999999999997
2019-03-15,0.8831,0.0043219999999999995
2019-03-18,0.8958,0.014381
2019-03-19,0.8975,0.001898
2019-03-20,0.8931,-0.004903
2019-03-21,0.898,0.005487
2019-03-22,0.8988,0.000891
2019-03-25,0.8923,-0.007232
2019-03-26,0.8832,-0.010198
2019-03-27,0.8918,0.009737
2019-03-28,0.8908,-0.001121
2019-03-29,0.9047,0.015604
2019-04-01,0.9212,0.018238
2019-04-02,0.9208,-0.00043400000000000003
2019-04-03,0.9231,0.002498
2019-04-04,0.9215,-0.0017330000000000002
2019-04-08,0.9162,-0.005750999999999999
2019-04-09,0.92,0.004148
2019-04-10,0.922,0.002174
2019-04-11,0.9061,-0.017245
2019-04-12,0.907,0.000993
2019-04-15,0.9041,-0.0031969999999999998
2019-04-16,0.9129,0.009733
2019-04-17,0.9155,0.002848
2019-04-18,0.9133,-0.002403
2019-04-19,0.9167,0.003723
2019-04-22,0.9091,-0.008291
2019-04-23,0.907,-0.00231
2019-04-24,0.9128,0.006395
2019-04-25,0.9004,-0.013585
2019-04-26,0.8928,-0.008440999999999999
2019-04-29,0.8858,-0.007841
2019-04-30,0.892,0.006999
2019-05-06,0.8626,-0.032959999999999996
2019-05-07,0.8656,0.003478
2019-05-08,0.8586,-0.008087
2019-05-09,0.8533,-0.006173
2019-05-10,0.8717,0.021563
2019-05-13,0.8655,-0.007113
2019-05-14,0.8627,-0.003235
2019-05-15,0.8746,0.013793999999999999
2019-05-16,0.8754,0.000915
2019-05-17,0.8627,-0.014508
2019-05-20,0.8596,-0.0035930000000000003
2019-05-21,0.8669,0.008492
2019-05-22,0.8645,-0.002768
2019-05-23,0.8552,-0.010758
2019-05-24,0.8518,-0.003976
2019-05-27,0.861,0.010801
2019-05-28,0.8677,0.007782
2019-05-29,0.8675,-0.00023
2019-05-30,0.8684,0.001037
2019-05-31,0.8686,0.00023
2019-06-03,0.8653,-0.0037990000000000003
2019-06-04,0.8585,-0.007859
2019-06-05,0.8553,-0.003727
2019-06-06,0.8453,-0.011692000000000001
2019-06-10,0.8502,0.005797
2019-06-11,0.8656,0.018113
2019-06-12,0.8608,-0.005545
2019-06-13,0.8604,-0.00046499999999999997
2019-06-14,0.8554,-0.005810999999999999
2019-06-17,0.8562,0.000935
2019-06-18,0.8604,0.004905
2019-06-19,0.8655,0.005927
2019-06-20,0.8728,0.008434
2019-06-21,0.8748,0.002291
2019-06-24,0.877,0.002515
2019-06-25,0.8727,-0.004903
2019-06-26,0.8779,0.005959
2019-06-27,0.8836,0.006493
2019-06-28,0.8826,-0.001132
2019-06-30,0.8826,0.0
2019-07-01,0.896,0.015182
2019-07-02,0.898,0.002232
2019-07-03,0.8929,-0.005679
2019-07-04,0.8859,-0.00784
2019-07-05,0.8918,0.00666
2019-07-08,0.8837,-0.009083
2019-07-09,0.8821,-0.0018110000000000001
2019-07-10,0.8822,0.000113
2019-07-11,0.8822,0.0
2019-07-12,0.8853,0.0035139999999999998
2019-07-15,0.8901,0.005422
2019-07-16,0.8873,-0.003146
2019-07-17,0.8875,0.000225
2019-07-18,0.8811,-0.0072109999999999995
2019-07-19,0.8835,0.002724
2019-07-22,0.8871,0.004075
2019-07-23,0.8922,0.005749
2019-07-24,0.8986,0.0071730000000000006
2019-07-25,0.9038,0.005787
2019-07-26,0.9066,0.003098
2019-07-29,0.9119,0.0058460000000000005
2019-07-30,0.9138,0.002084
2019-07-31,0.9114,-0.002626
2019-08-01,0.9114,0.0
2019-08-02,0.907,-0.004828
2019-08-05,0.8994,-0.008379
2019-08-06,0.8934,-0.006671
2019-08-07,0.8926,-0.000895
2019-08-08,0.8972,0.005153
2019-08-09,0.8972,0.0
2019-08-12,0.9046,0.008248
2019-08-13,0.9005,-0.004532
2019-08-14,0.9016,0.001222
2019-08-15,0.9038,0.00244
2019-08-16,0.9072,0.0037619999999999997
2019-08-19,0.9194,0.013448
2019-08-20,0.9172,-0.002393
2019-08-21,0.9134,-0.004143
2019-08-22,0.9141,0.000766
2019-08-23,0.9142,0.00010899999999999999
2019-08-26,0.9145,0.000328
2019-08-27,0.9264,0.013012999999999999
2019-08-28,0.9279,0.0016189999999999998
2019-08-29,0.9288,0.00097
2019-08-30,0.9269,-0.002046
2019-09-02,0.9345,0.008199
2019-09-03,0.9376,0.003317
2019-09-04,0.9369,-0.000747
2019-09-05,0.9385,0.001708
2019-09-06,0.9358,-0.0028770000000000002
2019-09-09,0.9404,0.004916
2019-09-10,0.9422,0.001914
2019-09-11,0.9356,-0.007005
2019-09-12,0.9372,0.0017100000000000001
2019-09-16,0.9376,0.000427
2019-09-17,0.9314,-0.006613
2019-09-18,0.9341,0.002899
2019-09-19,0.9365,0.002569
2019-09-20,0.9401,0.003844
2019-09-23,0.9322,-0.008403
2019-09-24,0.9345,0.002467
2019-09-25,0.9304,-0.004386999999999999
2019-09-26,0.9171,-0.014295
2019-09-27,0.9228,0.006215000000000001
2019-09-30,0.9211,-0.001842
2019-10-08,0.9211,0.0
2019-10-09,0.9256,0.004885
2019-10-10,0.941,0.016638
2019-10-11,0.9447,0.003932
2019-10-14,0.9491,0.004658
2019-10-15,0.9476,-0.00158
2019-10-16,0.948,0.000422
2019-10-17,0.9488,0.000844
2019-10-18,0.9447,-0.004321
2019-10-21,0.9406,-0.00434
2019-10-22,0.9509,0.01095
2019-10-23,0.9459,-0.0052580000000000005
2019-10-24,0.9435,-0.0025369999999999998
2019-10-25,0.9516,0.008585
2019-10-28,0.9611,0.009982999999999999
2019-10-29,0.9627,0.001665
2019-10-30,0.959,-0.0038429999999999996
2019-10-31,0.9583,-0.00073
2019-11-01,0.9609,0.0027129999999999997
2019-11-04,0.9716,0.011134999999999999
2019-11-05,0.9714,-0.000206
2019-11-06,0.9645,-0.007103000000000001
2019-11-07,0.9675,0.00311
2019-11-08,0.9618,-0.0058909999999999995
2019-11-11,0.9484,-0.013932
2019-11-12,0.95,0.001687
2019-11-13,0.9538,0.004
2019-11-14,0.9583,0.004718
2019-11-15,0.9536,-0.004905
2019-11-18,0.9567,0.003251
2019-11-19,0.9675,0.011289
2019-11-20,0.9649,-0.002687
2019-11-21,0.9605,-0.00456
2019-11-22,0.9426,-0.018636
2019-11-25,0.9375,-0.005411
2019-11-26,0.9436,0.006507
2019-11-27,0.9399,-0.003921
2019-11-28,0.9381,-0.001915
2019-11-29,0.9348,-0.003518
2019-12-02,0.9347,-0.000107
2019-12-03,0.9373,0.002782
2019-12-04,0.9397,0.002561
2019-12-05,0.9462,0.0069169999999999995
2019-12-06,0.9496,0.0035930000000000003
2019-12-09,0.9492,-0.000421
2019-12-10,0.9534,0.004425
2019-12-11,0.9487,-0.00493
2019-12-12,0.9485,-0.000211
2019-12-13,0.9552,0.007064
2019-12-16,0.9633,0.00848
2019-12-17,0.97,0.006955
2019-12-18,0.9658,-0.00433
2019-12-19,0.9613,-0.004659
2019-12-20,0.9587,-0.0027050000000000004
2019-12-23,0.9516,-0.007406
2019-12-24,0.9599,0.008722
2019-12-25,0.9622,0.002396
2019-12-26,0.9647,0.0025979999999999996
2019-12-27,0.9601,-0.004768
2019-12-30,0.9666,0.006770000000000001
2019-12-31,0.9733,0.006932000000000001
2020-01-02,0.9787,0.005548
2020-01-03,0.9758,-0.002963
2020-01-06,0.9783,0.002562
2020-01-07,0.9868,0.008689
2020-01-08,0.9796,-0.007296
2020-01-09,0.9939,0.014598
2020-01-10,0.9942,0.000302
2020-01-13,1.0061,0.011969
2020-01-14,1.0007,-0.005366999999999999
2020-01-15,0.9987,-0.001999
2020-01-16,1.0022,0.003505
2020-01-17,1.0038,0.001596
2020-01-20,1.0119,0.008069
2020-01-21,1.0015,-0.010278
2020-01-22,0.9996,-0.001897
2020-01-23,0.9767,-0.022909000000000002
2020-02-03,0.9306,-0.0472
2020-02-04,0.9574,0.028799
2020-02-05,0.9837,0.027469999999999998
2020-02-06,1.009,0.025719
2020-02-07,1.009,0.0
2020-02-10,1.017,0.007929
2020-02-11,1.0119,-0.0050149999999999995
2020-02-12,1.0252,0.013144
2020-02-13,1.0185,-0.006535
2020-02-14,1.0214,0.002847
2020-02-17,1.047,0.025064000000000003
2020-02-18,1.055,0.007641
2020-02-19,1.0514,-0.003412
2020-02-20,1.0669,0.014742
2020-02-21,1.078,0.010404
2020-02-24,1.0993,0.019759
2020-02-25,1.1127,0.012190000000000001
2020-02-26,1.0758,-0.033163
2020-02-27,1.0814,0.0052049999999999996
2020-02-28,1.0421,-0.036342
2020-03-02,1.0757,0.032243
2020-03-03,1.0844,0.008088
2020-03-04,1.0813,-0.002859
2020-03-05,1.0933,0.011097999999999998
2020-03-06,1.0874,-0.005397
2020-03-09,1.0568,-0.028141
2020-03-10,1.0682,0.010787
2020-03-11,1.0623,-0.005523
2020-03-12,1.0475,-0.013932
2020-03-13,1.0437,-0.003628
2020-03-16,1.0111,-0.031235
2020-03-17,1.015,0.0038569999999999998
2020-03-18,1.0075,-0.007389
2020-03-19,1.0067,-0.000794
2020-03-20,1.0095,0.002781
2020-03-23,0.9869,-0.022387
2020-03-24,1.0056,0.018948
2020-03-25,1.0251,0.019391000000000002
2020-03-26,1.0301,0.004878
2020-03-27,1.0295,-0.000582
2020-03-30,1.0189,-0.010296000000000001
2020-03-31,1.0277,0.008637
2020-04-01,1.0165,-0.010898000000000001
2020-04-02,1.0273,0.010625
2020-04-03,1.0263,-0.000973
2020-04-07,1.0465,0.019681999999999998
2020-04-08,1.0429,-0.00344
2020-04-09,1.0588,0.015246
2020-04-10,1.0412,-0.016623000000000002
2020-04-13,1.0305,-0.010277000000000001
2020-04-14,1.0492,0.018147
2020-04-15,1.0433,-0.005623
2020-04-16,1.0437,0.000383
2020-04-17,1.0485,0.004599
2020-04-20,1.0601,0.011063
2020-04-21,1.0523,-0.007358
2020-04-22,1.0671,0.014064
2020-04-23,1.0683,0.0011250000000000001
2020-04-24,1.0606,-0.007208
2020-04-27,1.0642,0.003394
2020-04-28,1.0725,0.007799
2020-04-29,1.0765,0.00373
2020-04-30,1.0814,0.004552
2020-05-06,1.0888,0.006843
2020-05-07,1.0865,-0.002112
2020-05-08,1.099,0.011505000000000001
2020-05-11,1.094,-0.00455
2020-05-12,1.1099,0.014534
2020-05-13,1.126,0.014505999999999998
2020-05-14,1.1214,-0.004085
2020-05-15,1.1251,0.0032990000000000003
2020-05-18,1.1314,0.005600000000000001
2020-05-19,1.1428,0.010076
2020-05-20,1.1313,-0.010062999999999999
2020-05-21,1.1308,-0.000442
2020-05-22,1.115,-0.013972
2020-05-25,1.1243,0.008341
2020-05-26,1.1436,0.017166
2020-05-27,1.1328,-0.009444000000000001
2020-05-28,1.1269,-0.005208000000000001
2020-05-29,1.1468,0.017659
2020-06-01,1.1619,0.013167
2020-06-02,1.1467,-0.013082
2020-06-03,1.1462,-0.00043599999999999997
2020-06-04,1.1513,0.004449
2020-06-05,1.1499,-0.001216
2020-06-08,1.1393,-0.009217999999999999
2020-06-09,1.1465,0.00632
2020-06-10,1.1557,0.008024
2020-06-11,1.1432,-0.010816
2020-06-12,1.1541,0.009535
2020-06-15,1.1514,-0.002339
2020-06-16,1.1743,0.019889
2020-06-17,1.1828,0.007238
2020-06-18,1.1753,-0.006341
2020-06-19,1.1957,0.017357
2020-06-22,1.1998,0.0034289999999999998
2020-06-23,1.2226,0.019003000000000003
2020-06-24,1.2162,-0.005235
2020-06-29,1.2238,0.006249
2020-06-30,1.2422,0.015035
2020-07-01,1.2416,-0.00048300000000000003
2020-07-02,1.2295,-0.009745
2020-07-03,1.2381,0.006995
2020-07-06,1.2596,0.017365
2020-07-07,1.2672,0.006034
2020-07-08,1.2866,0.015309
2020-07-09,1.3098,0.018032
2020-07-10,1.3212,0.008704
2020-07-13,1.3556,0.026036999999999998
2020-07-14,1.3355,-0.014827
2020-07-15,1.3434,0.005915
2020-07-16,1.2974,-0.034241
2020-07-17,1.3211,0.018267
2020-07-20,1.3369,0.01196
2020-07-21,1.3532,0.012192000000000001
2020-07-22,1.366,0.009459
2020-07-23,1.3792,0.009663
2020-07-24,1.3259,-0.038646
2020-07-27,1.3352,0.007014
2020-07-28,1.3643,0.021793999999999997
2020-07-29,1.3886,0.017811
2020-07-30,1.389,0.000288
2020-07-31,1.4035,0.010439
2020-08-03,1.4437,0.028643000000000002
2020-08-04,1.429,-0.010182
2020-08-05,1.4455,0.011547
2020-08-06,1.4342,-0.007817
2020-08-07,1.4319,-0.001604
2020-08-10,1.4055,-0.018437
2020-08-11,1.3882,-0.012309
2020-08-12,1.3575,-0.022115
2020-08-13,1.3642,0.004935999999999999
2020-08-14,1.3802,0.011728
2020-08-17,1.3897,0.006883
2020-08-18,1.4007,0.007915
2020-08-19,1.3825,-0.012994
2020-08-20,1.3608,-0.015696
2020-08-21,1.3717,0.00801
2020-08-24,1.3803,0.0063
2020-08-25,1.3775,-0.002
2020-08-26,1.3678,-0.006999999999999999
2020-08-27,1.3858,0.0132
2020-08-28,1.4099,0.0174
2020-08-31,1.4164,0.0046
2020-09-01,1.4176,0.0008
2020-09-02,1.4165,-0.0008
2020-09-03,1.4172,0.0005
2020-09-04,1.4048,-0.0087
2020-09-07,1.3683,-0.026000000000000002
2020-09-08,1.359,-0.0068000000000000005
2020-09-09,1.3179,-0.0302
2020-09-10,1.3239,0.0046
2020-09-11,1.3409,0.0128
2020-09-14,1.3349,-0.0045000000000000005
2020-09-15,1.3479,0.0097
2020-09-16,1.342,-0.0044
2020-09-17,1.34,-0.0015
2020-09-18,1.3536,0.0101
2020-09-21,1.3415,-0.0089
2020-09-22,1.3329,-0.0064
2020-09-23,1.3486,0.0118
2020-09-24,1.3269,-0.0161
2020-09-25,1.3253,-0.0012
2020-09-28,1.3066,-0.0141
2020-09-29,1.327,0.015600000000000001
2020-09-30,1.3323,0.004
2020-10-09,1.3422,0.0074
2020-10-12,1.3693,0.0202
2020-10-13,1.3725,0.0023
2020-10-14,1.3737,0.0009
2020-10-15,1.3629,-0.0079
2020-10-16,1.3571,-0.0043
2020-10-19,1.3397,-0.0128
2020-10-20,1.3556,0.011899999999999999
2020-10-21,1.34,-0.0115
2020-10-22,1.3323,-0.005699999999999999
2020-10-23,1.3091,-0.0174
2020-10-26,1.3138,0.0036
2020-10-27,1.3256,0.009000000000000001
2020-10-28,1.3347,0.0069
2020-10-29,1.3403,0.0042
2020-10-30,1.3123,-0.0209
2020-11-02,1.3231,0.008199999999999999
2020-11-03,1.34,0.0128
2020-11-04,1.3509,0.008100000000000001
2020-11-05,1.3587,0.0058
2020-11-06,1.3335,-0.018500000000000003
2020-11-09,1.3467,0.009899999999999999
2020-11-10,1.331,-0.011699999999999999
2020-11-11,1.3029,-0.021099999999999997
2020-11-12,1.3118,0.0068000000000000005
2020-11-13,1.3233,0.0088
2020-11-16,1.3204,-0.0022
2020-11-17,1.3027,-0.0134
2020-11-18,1.2863,-0.0126
2020-11-19,1.3061,0.0154
2020-11-20,1.3289,0.0175
2020-11-23,1.3241,-0.0036
2020-11-24,1.334,0.0075
2020-11-25,1.3117,-0.0167
2020-11-26,1.3099,-0.0014000000000000002
2020-11-27,1.3088,-0.0008
2020-11-30,1.3106,0.0014000000000000002
2020-12-01,1.3302,0.015
2020-12-02,1.332,0.0014000000000000002
2020-12-03,1.3454,0.0101
2020-12-04,1.355,0.0070999999999999995
2020-12-07,1.3663,0.0083
2020-12-08,1.3786,0.009000000000000001
2020-12-09,1.3615,-0.0124
2020-12-10,1.367,0.004
2020-12-11,1.3567,-0.0075
2020-12-14,1.387,0.0223
2020-12-15,1.3901,0.0022
2020-12-16,1.3971,0.005
2020-12-17,1.3981,0.0007000000000000001
2020-12-18,1.3855,-0.009000000000000001
2020-12-21,1.4329,0.0342
2020-12-22,1.4229,-0.006999999999999999
2020-12-23,1.4448,0.0154
2020-12-24,1.4361,-0.006
2020-12-25,1.4743,0.026600000000000002
2020-12-28,1.4721,-0.0015
2020-12-29,1.4498,-0.0151
2020-12-30,1.4809,0.0215
2020-12-31,1.5068,0.0175
2021-01-04,1.5477,0.0271
2021-01-05,1.5656,0.0116
2021-01-06,1.5726,0.0045000000000000005
2021-01-07,1.6119,0.025
2021-01-08,1.6027,-0.005699999999999999
2021-01-11,1.5919,-0.0067
2021-01-12,1.641,0.0308
2021-01-13,1.6205,-0.0125
2021-01-14,1.6001,-0.0126
2021-01-15,1.5967,-0.0021
2021-01-18,1.1549,0.009000000000000001
2021-01-19,1.1346,-0.0176
2021-01-20,1.1639,0.0258
2021-01-21,1.1794,0.013300000000000001
2021-01-22,1.2085,0.024700000000000003
2021-01-25,1.2083,-0.0002
2021-01-26,1.1756,-0.0271
2021-01-27,1.1742,-0.0012
2021-01-28,1.1464,-0.023700000000000002
2021-01-29,1.1433,-0.0027
2021-02-01,1.1504,0.0062
2021-02-02,1.1715,0.0183
2021-02-03,1.1683,-0.0027
2021-02-04,1.1616,-0.005699999999999999
2021-02-05,1.163,0.0012
2021-02-08,1.1759,0.0111
2021-02-09,1.2053,0.025
2021-02-10,1.2242,0.015700000000000002
2021-02-18,1.1935,-0.025099999999999997
2021-02-19,1.1763,-0.0144
2021-02-22,1.1469,-0.025
2021-02-23,1.1518,0.0043
2021-02-24,1.1211,-0.026699999999999998
2021-02-25,1.1221,0.0009
2021-02-26,1.0944,-0.024700000000000003
2021-03-01,1.1119,0.016
2021-03-02,1.1003,-0.0104
2021-03-03,1.1043,0.0036
2021-03-04,1.0772,-0.0245
2021-03-05,1.0794,0.002
2021-03-08,1.0441,-0.0327
2021-03-09,1.0239,-0.019299999999999998
2021-03-10,1.0319,0.0078000000000000005
2021-03-11,1.0514,0.0189
2021-03-12,1.0608,0.0089
2021-03-15,1.0426,-0.0172
2021-03-16,1.0485,0.005699999999999999
2021-03-17,1.0531,0.0044
2021-03-18,1.0643,0.0106
2021-03-19,1.0491,-0.0143
2021-03-22,1.0633,0.013500000000000002
2021-03-23,1.0464,-0.0159
2021-03-24,1.0446,-0.0017000000000000001
2021-03-25,1.0424,-0.0021
2021-03-26,1.059,0.0159
2021-03-29,1.0605,0.0014000000000000002
2021-03-30,1.068,0.0070999999999999995
2021-03-31,1.0562,-0.011000000000000001
2021-04-01,1.0711,0.0141
2021-04-02,1.0803,0.0086
2021-04-06,1.0712,-0.0084
2021-04-07,1.0648,-0.006
2021-04-08,1.0757,0.0102
2021-04-09,1.0701,-0.0052
2021-04-12,1.051,-0.0178
2021-04-13,1.0535,0.0024
2021-04-14,1.0624,0.0084
2021-04-15,1.0637,0.0012
2021-04-16,1.0613,-0.0023
2021-04-19,1.0821,0.0196
2021-04-20,1.0889,0.0063
2021-04-21,1.0996,0.0098
2021-04-22,1.0995,-0.0001
2021-04-23,1.1032,0.0034000000000000002
2021-04-26,1.0974,-0.0053
2021-04-27,1.11,0.0115
2021-04-28,1.1214,0.0103
2021-04-29,1.1172,-0.0037
2021-04-30,1.1313,0.0126
2021-05-06,1.1113,-0.0177
2021-05-07,1.0852,-0.0235
2021-05-10,1.0917,0.006
2021-05-11,1.0961,0.004
2021-05-12,1.1137,0.0161
2021-05-13,1.1026,-0.01
2021-05-14,1.1261,0.0213
2021-05-17,1.1489,0.0202
2021-05-18,1.1654,0.0144
2021-05-19,1.1765,0.0095
2021-05-20,1.186,0.008100000000000001
2021-05-21,1.1725,-0.011399999999999999
2021-05-24,1.1754,0.0025
2021-05-25,1.1886,0.011200000000000002
2021-05-26,1.1848,-0.0032
2021-05-27,1.1957,0.0092
2021-05-28,1.1905,-0.0043
2021-05-31,1.2145,0.0202
2021-06-01,1.2113,-0.0026
2021-06-02,1.1848,-0.0219
2021-06-03,1.1802,-0.0039000000000000003
2021-06-04,1.1886,0.0070999999999999995
2021-06-07,1.1911,0.0021
2021-06-08,1.1776,-0.0113
2021-06-09,1.1825,0.0042
2021-06-10,1.1882,0.0048
2021-06-11,1.1789,-0.0078000000000000005
2021-06-15,1.1815,0.0022
2021-06-16,1.1553,-0.0222
2021-06-17,1.1657,0.009000000000000001
2021-06-18,1.1848,0.016399999999999998
2021-06-21,1.2023,0.0148
2021-06-22,1.2159,0.0113
2021-06-23,1.2303,0.0118
2021-06-24,1.2176,-0.0103
2021-06-25,1.2295,0.0098
2021-06-28,1.257,0.022400000000000003
2021-06-29,1.2504,-0.0053
2021-06-30,1.2568,0.0051
2021-07-01,1.2542,-0.0021
2021-07-02,1.22,-0.0273
2021-07-05,1.2331,0.010700000000000001
2021-07-06,1.1989,-0.0277
2021-07-07,1.2221,0.0194
2021-07-08,1.2179,-0.0034000000000000002
2021-07-09,1.2121,-0.0048
2021-07-12,1.228,0.0131
2021-07-13,1.2183,-0.0079
2021-07-14,1.2152,-0.0025
2021-07-15,1.2195,0.0034999999999999996
2021-07-16,1.2105,-0.0074
2021-07-19,1.2113,0.0007000000000000001
2021-07-20,1.2213,0.0083
2021-07-21,1.2406,0.0158
2021-07-22,1.2353,-0.0043
2021-07-23,1.2172,-0.0147
2021-07-26,1.1859,-0.025699999999999997
2021-07-27,1.1597,-0.022099999999999998
2021-07-28,1.1548,-0.0042
2021-07-29,1.1948,0.0346
2021-07-30,1.1839,-0.0091
2021-08-02,1.2202,0.030699999999999998
2021-08-03,1.2264,0.0051
2021-08-04,1.2316,0.0042
2021-08-05,1.2311,-0.0004
2021-08-06,1.2135,-0.0143
2021-08-09,1.2211,0.0063
2021-08-10,1.2174,-0.003
2021-08-11,1.2023,-0.0124
2021-08-12,1.1981,-0.0034999999999999996
2021-08-13,1.2128,0.0123
2021-08-16,1.2137,0.0007000000000000001
2021-08-17,1.1671,-0.0384
2021-08-18,1.1724,0.0045000000000000005
2021-08-19,1.1852,0.0109
2021-08-20,1.1453,-0.0337
2021-08-23,1.1675,0.0194
2021-08-24,1.1825,0.0128
2021-08-25,1.2031,0.0174
2021-08-26,1.1685,-0.0288
2021-08-27,1.163,-0.004699999999999999
2021-08-30,1.1491,-0.012
2021-08-31,1.1421,-0.0060999999999999995
2021-09-01,1.1212,-0.0183
2021-09-02,1.1111,-0.009000000000000001
2021-09-03,1.097,-0.0127
2021-09-06,1.1236,0.0242
2021-09-07,1.1247,0.001
2021-09-08,1.1155,-0.008199999999999999
2021-09-09,1.1093,-0.005600000000000001
2021-09-10,1.11,0.0006
2021-09-13,1.1027,-0.0066
2021-09-14,1.1095,0.0062
2021-09-15,1.1124,0.0026
2021-09-16,1.0981,-0.0129
2021-09-17,1.1143,0.0148
2021-09-22,1.112,-0.0021
2021-09-23,1.1117,-0.0003
2021-09-24,1.1155,0.0034000000000000002
2021-09-27,1.1142,-0.0012
2021-09-28,1.1169,0.0024
2021-09-29,1.1092,-0.0069
2021-09-30,1.1218,0.011399999999999999
2021-10-08,1.1192,-0.0023
2021-10-11,1.1145,-0.0042
2021-10-12,1.1067,-0.006999999999999999
2021-10-13,1.1177,0.009899999999999999
2021-10-14,1.1131,-0.0040999999999999995
2021-10-15,1.1259,0.0115
2021-10-18,1.1206,-0.004699999999999999
2021-10-19,1.134,0.012
2021-10-20,1.1254,-0.0076
2021-10-21,1.1253,-0.0001
2021-10-22,1.1268,0.0013
2021-10-25,1.1318,0.0044
2021-10-26,1.1382,0.005699999999999999
2021-10-27,1.128,-0.009000000000000001
2021-10-28,1.1119,-0.0143
2021-10-29,1.1232,0.0102
2021-11-01,1.1184,-0.0043
2021-11-02,1.112,-0.005699999999999999
2021-11-03,1.1104,-0.0014000000000000002
2021-11-04,1.1203,0.0089
2021-11-05,1.1105,-0.0087
2021-11-08,1.1032,-0.0066
2021-11-09,1.1159,0.0115
2021-11-10,1.1156,-0.0003
2021-11-11,1.1232,0.0068000000000000005
2021-11-12,1.1377,0.0129
2021-11-15,1.1318,-0.0052
2021-11-16,1.1395,0.0068000000000000005
2021-11-17,1.1631,0.0207
2021-11-18,1.1653,0.0019
2021-11-19,1.1665,0.001
2021-11-22,1.1725,0.0051
2021-11-23,1.1706,-0.0016
2021-11-24,1.172,0.0012
2021-11-25,1.1761,0.0034999999999999996
2021-11-26,1.1826,0.0055000000000000005
2021-11-29,1.1863,0.0031
2021-11-30,1.1935,0.0060999999999999995
2021-12-01,1.1777,-0.0132
2021-12-02,1.1631,-0.0124
2021-12-03,1.1778,0.0126
2021-12-06,1.1811,0.0028000000000000004
2021-12-07,1.1668,-0.0121
2021-12-08,1.187,0.0173
2021-12-09,1.1941,0.006
2021-12-10,1.1984,0.0036
2021-12-13,1.199,0.0005
2021-12-14,1.201,0.0017000000000000001
2021-12-15,1.1831,-0.0149
2021-12-16,1.1875,0.0037
2021-12-17,1.1737,-0.0116
2021-12-20,1.159,-0.0125
2021-12-21,1.1608,0.0016
2021-12-22,1.1648,0.0034000000000000002
2021-12-23,1.1627,-0.0018
2021-12-24,1.1591,-0.0031
2021-12-27,1.1583,-0.0007000000000000001
2021-12-28,1.1683,0.0086
2021-12-29,1.17,0.0015
2021-12-30,1.1769,0.0059
2021-12-31,1.184,0.006
2022-01-04,1.157,-0.022799999999999997
2022-01-05,1.1323,-0.0213
2022-01-06,1.1233,-0.0079
2022-01-07,1.1035,-0.0176
2022-01-10,1.114,0.0095
2022-01-11,1.1135,-0.0004
2022-01-12,1.1223,0.0079
2022-01-13,1.1104,-0.0106
2022-01-14,1.1119,0.0014000000000000002
2022-01-17,1.1204,0.0076
2022-01-18,1.118,-0.0021
2022-01-19,1.1041,-0.0124
2022-01-20,0.9258,-0.011399999999999999
2022-01-21,0.92,-0.0063
2022-01-24,0.9218,0.002
2022-01-25,0.9121,-0.0105
2022-01-26,0.9073,-0.0053
2022-01-27,0.8932,-0.0155
2022-01-28,0.8965,0.0037
2022-02-07,0.8995,0.0033
2022-02-08,0.8894,-0.011200000000000002
2022-02-09,0.9006,0.0126
2022-02-10,0.895,-0.0062
2022-02-11,0.8804,-0.0163
2022-02-14,0.8775,-0.0033
2022-02-15,0.8984,0.023799999999999998
2022-02-16,0.9044,0.0067
2022-02-17,0.9042,-0.0002
2022-02-18,0.9031,-0.0012
2022-02-21,0.9006,-0.0028000000000000004
2022-02-22,0.8986,-0.0022
2022-02-23,0.9111,0.0139
2022-02-24,0.8963,-0.016200000000000003
2022-02-25,0.9176,0.023799999999999998
2022-02-28,0.9188,0.0013
2022-03-01,0.9184,-0.0004
2022-03-02,0.9124,-0.006500000000000001
2022-03-03,0.9036,-0.0096
2022-03-04,0.9018,-0.002
2022-03-07,0.8871,-0.0163
2022-03-08,0.8664,-0.0233
2022-03-09,0.8594,-0.008100000000000001
2022-03-10,0.8784,0.022099999999999998
2022-03-11,0.8874,0.0102
2022-03-14,0.8792,-0.0092
2022-03-15,0.8536,-0.0291
2022-03-16,0.8597,0.0070999999999999995
2022-03-17,0.8684,0.0101
2022-03-18,0.8678,-0.0007000000000000001
2022-03-21,0.8766,0.0101
2022-03-22,0.8656,-0.0125
2022-03-23,0.8719,0.0073
2022-03-24,0.8756,0.0042
2022-03-25,0.8646,-0.0126
2022-03-28,0.8573,-0.0084
2022-03-29,0.8577,0.0005
2022-03-30,0.8684,0.0125
2022-03-31,0.8611,-0.0084
2022-04-01,0.8583,-0.0033
2022-04-06,0.8537,-0.0054
2022-04-07,0.8425,-0.0131
2022-04-08,0.8366,-0.006999999999999999
2022-04-11,0.8232,-0.016
2022-04-12,0.8327,0.0115
2022-04-13,0.8184,-0.0172
2022-04-14,0.8183,-0.0001
2022-04-15,0.8194,0.0013
2022-04-18,0.8268,0.009000000000000001
2022-04-19,0.8192,-0.0092
2022-04-20,0.8121,-0.0087
2022-04-21,0.7987,-0.0165
2022-04-22,0.7897,-0.0113
2022-04-25,0.7602,-0.0374
2022-04-26,0.7564,-0.005
2022-04-27,0.776,0.0259
2022-04-28,0.7771,0.0014000000000000002
2022-04-29,0.7927,0.020099999999999996
2022-05-05,0.8002,0.0095
2022-05-06,0.7961,-0.0051
2022-05-09,0.7973,0.0015
2022-05-10,0.8052,0.009899999999999999
2022-05-11,0.8146,0.011699999999999999
2022-05-12,0.8153,0.0009
2022-05-13,0.8134,-0.0023
2022-05-16,0.8093,-0.005
2022-05-17,0.8123,0.0037
2022-05-18,0.8086,-0.0046
2022-05-19,0.8105,0.0023
2022-05-20,0.8185,0.009899999999999999
2022-05-23,0.8198,0.0016
2022-05-24,0.7954,-0.0298
2022-05-25,0.7984,0.0038
2022-05-26,0.7953,-0.0039000000000000003
2022-05-27,0.7922,-0.0039000000000000003
2022-05-30,0.7964,0.0053
2022-05-31,0.8064,0.0126
2022-06-01,0.8119,0.0068000000000000005
2022-06-02,0.8104,-0.0018
2022-06-06,0.8309,0.0253
2022-06-07,0.8358,0.0059
2022-06-08,0.8366,0.001
2022-06-09,0.8248,-0.0141
2022-06-10,0.8324,0.0092
2022-06-13,0.8319,-0.0006
2022-06-14,0.8274,-0.0054
2022-06-15,0.8292,0.0022
2022-06-16,0.8367,0.009000000000000001
2022-06-17,0.8491,0.0148
2022-06-20,0.858,0.0105
2022-06-21,0.8527,-0.0062
2022-06-22,0.8481,-0.0054
2022-06-23,0.8511,0.0034999999999999996
2022-06-24,0.8685,0.0204
2022-06-27,0.8864,0.0206
2022-06-28,0.8847,-0.0019
2022-06-29,0.8724,-0.0139
2022-06-30,0.8855,0.015
2022-07-01,0.8813,-0.004699999999999999
2022-07-04,0.9066,0.0287
2022-07-05,0.9036,-0.0033
2022-07-06,0.8974,-0.0069
2022-07-07,0.8928,-0.0051
2022-07-08,0.8955,0.003
2022-07-11,0.8856,-0.0111
2022-07-12,0.8725,-0.0148
2022-07-13,0.8726,0.0001
2022-07-14,0.8832,0.0121
2022-07-15,0.8777,-0.0062
2022-07-18,0.8799,0.0025
2022-07-19,0.8825,0.003
2022-07-20,0.8857,0.0036
2022-07-21,0.8795,-0.006999999999999999
2022-07-22,0.8762,-0.0038
2022-07-25,0.8716,-0.0052
2022-07-26,0.878,0.0073
2022-07-27,0.8735,-0.0051
2022-07-28,0.8796,0.006999999999999999
2022-07-29,0.8708,-0.01
2022-08-01,0.8893,0.0212
2022-08-02,0.8798,-0.010700000000000001
2022-08-03,0.8757,-0.004699999999999999
2022-08-04,0.8861,0.011899999999999999
2022-08-05,0.8915,0.0060999999999999995
2022-08-08,0.8974,0.0066
2022-08-09,0.8939,-0.0039000000000000003
2022-08-10,0.8904,-0.0039000000000000003
2022-08-11,0.9086,0.0204
2022-08-12,0.8997,-0.0098
2022-08-15,0.9045,0.0053
2022-08-16,0.9088,0.0048
2022-08-17,0.9085,-0.0003
2022-08-18,0.9097,0.0013
2022-08-19,0.9024,-0.008
2022-08-22,0.907,0.0051
2022-08-23,0.9063,-0.0008
2022-08-24,0.885,-0.0235
2022-08-25,0.8841,-0.001
2022-08-26,0.8855,0.0016
2022-08-29,0.8923,0.0077
2022-08-30,0.8926,0.0003
2022-08-31,0.8855,-0.008
2022-09-01,0.8821,-0.0038
2022-09-02,0.885,0.0033
2022-09-05,0.8801,-0.0055000000000000005
2022-09-06,0.8902,0.0115
2022-09-07,0.8882,-0.0022
2022-09-08,0.8886,0.0005
2022-09-09,0.8933,0.0053
2022-09-13,0.8854,-0.0088
2022-09-14,0.8865,0.0012
2022-09-15,0.8798,-0.0076
2022-09-16,0.8697,-0.0115
2022-09-19,0.8572,-0.0144
2022-09-20,0.8581,0.001
2022-09-21,0.8476,-0.012199999999999999
2022-09-22,0.8466,-0.0012
2022-09-23,0.8368,-0.0116
2022-09-26,0.8365,-0.0004
2022-09-27,0.8549,0.022000000000000002
2022-09-28,0.8418,-0.015300000000000001
2022-09-29,0.8552,0.0159
2022-09-30,0.8442,-0.0129
2022-10-10,0.8292,-0.0178
2022-10-11,0.8286,-0.0007000000000000001
2022-10-12,0.8321,0.0042
2022-10-13,0.8503,0.0219
2022-10-14,0.877,0.031400000000000004
2022-10-17,0.8811,0.004699999999999999
2022-10-18,0.888,0.0078000000000000005
2022-10-19,0.8755,-0.0141
2022-10-20,0.8683,-0.008199999999999999
2022-10-21,0.8692,0.001
2022-10-24,0.8643,-0.005600000000000001
2022-10-25,0.8555,-0.0102
2022-10-26,0.8703,0.0173
2022-10-27,0.8666,-0.0043
2022-10-28,0.8527,-0.016
2022-10-31,0.8491,-0.0042
2022-11-01,0.8687,0.0231
2022-11-02,0.869,0.0003
2022-11-03,0.8753,0.0072
2022-11-04,0.8902,0.017
2022-11-07,0.8901,-0.0001
2022-11-08,0.8862,-0.0044
2022-11-09,0.8877,0.0017000000000000001
2022-11-10,0.8763,-0.0128
2022-11-11,0.8796,0.0038
2022-11-14,0.8742,-0.0060999999999999995
2022-11-15,0.8842,0.011399999999999999
2022-11-16,0.883,-0.0014000000000000002
2022-11-17,0.8793,-0.0042
2022-11-18,0.8804,0.0013
2022-11-21,0.8793,-0.0012
2022-11-22,0.8659,-0.0152
2022-11-23,0.8626,-0.0038
2022-11-24,0.8634,0.0009
2022-11-25,0.8575,-0.0068000000000000005
2022-11-28,0.8526,-0.005699999999999999
2022-11-29,0.8611,0.01
2022-11-30,0.8585,-0.003
2022-12-01,0.8649,0.0075
2022-12-02,0.8641,-0.0009
2022-12-05,0.8627,-0.0016
2022-12-06,0.8661,0.0039000000000000003
2022-12-07,0.8721,0.0069
2022-12-08,0.8636,-0.0097
2022-12-09,0.8701,0.0075
2022-12-12,0.8688,-0.0015
2022-12-13,0.8634,-0.0062
2022-12-14,0.8606,-0.0032
2022-12-15,0.86,-0.0007000000000000001
2022-12-16,0.8537,-0.0073
2022-12-19,0.8423,-0.0134
2022-12-20,0.8368,-0.006500000000000001
2022-12-21,0.8323,-0.0054
2022-12-22,0.8306,-0.002
2022-12-23,0.8355,0.0059
2022-12-26,0.8399,0.0053
2022-12-27,0.8475,0.009000000000000001
2022-12-28,0.848,0.0006
2022-12-29,0.8611,0.0154
2022-12-30,0.8629,0.0021
2022-12-31,0.8629,0.0
2023-01-03,0.8631,0.0002
2023-01-04,0.8629,-0.0002
2023-01-05,0.8733,0.0121
2023-01-06,0.8745,0.0014000000000000002
2023-01-09,0.8758,0.0015
2023-01-10,0.8791,0.0038
2023-01-11,0.8775,-0.0018
2023-01-12,0.8765,-0.0011
2023-01-13,0.882,0.0063
2023-01-16,0.8911,0.0103
2023-01-17,0.8889,-0.0025
2023-01-18,0.8852,-0.0042
2023-01-19,0.8958,0.012
2023-01-20,0.8962,0.0004
2023-01-30,0.9056,0.0105
2023-01-31,0.8967,-0.0098
2023-02-01,0.9079,0.0125
2023-02-02,0.9102,0.0025
2023-02-03,0.9097,-0.0005
2023-02-06,0.9014,-0.0091
2023-02-07,0.8982,-0.0036
2023-02-08,0.8962,-0.0022
2023-02-09,0.9076,0.0127
2023-02-10,0.9086,0.0011
2023-02-13,0.9235,0.016399999999999998
2023-02-14,0.924,0.0005
2023-02-15,0.9166,-0.008
2023-02-16,0.9023,-0.015600000000000001
2023-02-17,0.8966,-0.0063
2023-02-20,0.9025,0.0066
2023-02-21,0.9016,-0.001
2023-02-22,0.8987,-0.0032
2023-02-23,0.8979,-0.0009
2023-02-24,0.8948,-0.0034999999999999996
2023-02-27,0.8946,-0.0002
2023-02-28,0.9019,0.008199999999999999
2023-03-01,0.9009,-0.0011
2023-03-02,0.8969,-0.0044
2023-03-03,0.8942,-0.003
2023-03-06,0.8967,0.0028000000000000004
2023-03-07,0.8825,-0.0158
2023-03-08,0.8813,-0.0014000000000000002
2023-03-09,0.8818,0.0006
2023-03-10,0.8781,-0.0042
2023-03-13,0.8758,-0.0026
2023-03-14,0.8748,-0.0011
2023-03-15,0.8718,-0.0034000000000000002
2023-03-16,0.8589,-0.0148
2023-03-17,0.8568,-0.0024
2023-03-20,0.8518,-0.0058
2023-03-21,0.8623,0.0123
2023-03-22,0.8678,0.0064
2023-03-23,0.8734,0.006500000000000001
2023-03-24,0.873,-0.0005
2023-03-27,0.872,-0.0011
2023-03-28,0.8699,-0.0024
2023-03-29,0.8706,0.0008
2023-03-30,0.8738,0.0037
2023-03-31,0.88,0.0070999999999999995
2023-04-03,0.8844,0.005
2023-04-04,0.8837,-0.0008
2023-04-06,0.8869,0.0036
2023-04-07,0.8996,0.0143
2023-04-10,0.8936,-0.0067
2023-04-11,0.8927,-0.001
2023-04-12,0.8943,0.0018
2023-04-13,0.8929,-0.0016
2023-04-14,0.8947,0.002
2023-04-17,0.8946,-0.0001
2023-04-18,0.9005,0.0066
2023-04-19,0.8902,-0.011399999999999999
2023-04-20,0.8975,0.008199999999999999
2023-04-21,0.8857,-0.0131
2023-04-24,0.8789,-0.0077
2023-04-25,0.8639,-0.0171
2023-04-26,0.8588,-0.0059
2023-04-27,0.8584,-0.0005
2023-04-28,0.8686,0.011899999999999999
2023-05-04,0.8565,-0.0139
2023-05-05,0.8431,-0.015600000000000001
2023-05-08,0.8406,-0.003
2023-05-09,0.8306,-0.011899999999999999
2023-05-10,0.8246,-0.0072
2023-05-11,0.8216,-0.0036
2023-05-12,0.8194,-0.0027
2023-05-15,0.8295,0.0123
2023-05-16,0.8273,-0.0027
2023-05-17,0.8274,0.0001
2023-05-18,0.8404,0.015700000000000002
2023-05-19,0.8451,0.005600000000000001
2023-05-22,0.8481,0.0034999999999999996
2023-05-23,0.8448,-0.0039000000000000003
2023-05-24,0.8389,-0.006999999999999999
2023-05-25,0.8429,0.0048
2023-05-26,0.8501,0.0085
2023-05-29,0.8561,0.0070999999999999995
2023-05-30,0.8588,0.0032
2023-05-31,0.8623,0.0040999999999999995
2023-06-01,0.8639,0.0019
2023-06-02,0.8602,-0.0043
2023-06-05,0.8666,0.0074
2023-06-06,0.8491,-0.0202
2023-06-07,0.8466,-0.0029
2023-06-08,0.8406,-0.0070999999999999995
2023-06-09,0.856,0.0183
2023-06-12,0.8572,0.0014000000000000002
2023-06-13,0.8556,-0.0019
2023-06-14,0.8611,0.0064
2023-06-15,0.8696,0.009899999999999999
2023-06-16,0.8767,0.008199999999999999
2023-06-19,0.8782,0.0017000000000000001
2023-06-20,0.8767,-0.0017000000000000001
2023-06-21,0.8637,-0.0148
2023-06-26,0.8568,-0.008
2023-06-27,0.8616,0.005600000000000001
2023-06-28,0.8621,0.0006
2023-06-29,0.8699,0.009000000000000001
2023-06-30,0.8794,0.0109
2023-07-03,0.8777,-0.0019
2023-07-04,0.8785,0.0009
2023-07-05,0.8713,-0.008199999999999999
2023-07-06,0.8646,-0.0077
2023-07-07,0.8624,-0.0025
2023-07-10,0.8603,-0.0024
2023-07-11,0.8646,0.005
2023-07-12,0.8518,-0.0148
2023-07-13,0.868,0.019
2023-07-14,0.872,0.0046
2023-07-17,0.8632,-0.0101
2023-07-18,0.8585,-0.0054
2023-07-19,0.8511,-0.0086
2023-07-20,0.84,-0.013000000000000001
2023-07-21,0.8403,0.0004
2023-07-24,0.8462,0.006999999999999999
2023-07-25,0.8486,0.0028000000000000004
2023-07-26,0.8456,-0.0034999999999999996
2023-07-27,0.8418,-0.0045000000000000005
2023-07-28,0.8472,0.0064
2023-07-31,0.8392,-0.009399999999999999
2023-08-01,0.8314,-0.009300000000000001
2023-08-02,0.8228,-0.0103
2023-08-03,0.8293,0.0079
2023-08-04,0.8233,-0.0072
2023-08-07,0.8097,-0.0165
2023-08-08,0.8124,0.0033
2023-08-09,0.8127,0.0004
2023-08-10,0.8105,-0.0027
2023-08-11,0.8026,-0.0097
2023-08-14,0.8044,0.0022
2023-08-15,0.8045,0.0001
2023-08-16,0.8015,-0.0037
2023-08-17,0.8042,0.0034000000000000002
2023-08-18,0.7917,-0.0155
2023-08-21,0.785,-0.0085
2023-08-22,0.7879,0.0037
2023-08-23,0.7775,-0.0132
2023-08-24,0.7863,0.0113
2023-08-25,0.776,-0.0131
2023-08-28,0.7779,0.0024
2023-08-29,0.7963,0.023700000000000002
2023-08-30,0.7971,0.001
2023-08-31,0.7958,-0.0016
2023-09-01,0.7955,-0.0004
2023-09-04,0.7982,0.0034000000000000002
2023-09-05,0.7929,-0.0066
2023-09-06,0.7907,-0.0028000000000000004
2023-09-07,0.7809,-0.0124
2023-09-08,0.7836,0.0034999999999999996
2023-09-11,0.7966,0.0166
2023-09-12,0.7931,-0.0044
2023-09-13,0.7851,-0.0101
2023-09-14,0.7871,0.0025
2023-09-15,0.797,0.0126
2023-09-18,0.8056,0.0108
2023-09-19,0.8049,-0.0009
2023-09-20,0.8,-0.0060999999999999995
2023-09-21,0.7937,-0.0079
2023-09-22,0.7992,0.0069
2023-09-25,0.8073,0.0101
2023-09-26,0.8056,-0.0021
2023-09-27,0.8118,0.0077
2023-09-28,0.8094,-0.003
2023-10-09,0.8102,0.001
2023-10-10,0.8012,-0.0111
2023-10-11,0.8121,0.013600000000000001
2023-10-12,0.8137,0.002
2023-10-13,0.8217,0.0098
2023-10-16,0.8154,-0.0077
2023-10-17,0.8188,0.0042
2023-10-18,0.8158,-0.0037
2023-10-19,0.8047,-0.013600000000000001
2023-10-20,0.7958,-0.0111
2023-10-23,0.7916,-0.0053
2023-10-24,0.7993,0.0097
2023-10-25,0.7934,-0.0074
2023-10-26,0.7969,0.0044
2023-10-27,0.8201,0.0291
2023-10-30,0.8365,0.02
2023-10-31,0.8378,0.0016
2023-11-01,0.8489,0.0132
2023-11-02,0.8355,-0.0158
2023-11-03,0.8378,0.0028000000000000004
2023-11-06,0.8502,0.0148
2023-11-07,0.8512,0.0012
2023-11-08,0.8565,0.0062
2023-11-09,0.8531,-0.004
2023-11-10,0.8559,0.0033
2023-11-13,0.8524,-0.0040999999999999995
2023-11-14,0.8482,-0.0049
2023-11-15,0.8501,0.0022
2023-11-16,0.8447,-0.0064
2023-11-17,0.8556,0.0129
2023-11-20,0.8606,0.0058
2023-11-21,0.8604,-0.0002
2023-11-22,0.8532,-0.0084
2023-11-23,0.8585,0.0062
2023-11-24,0.8586,0.0001
2023-11-27,0.8585,-0.0001
2023-11-28,0.8659,0.0086
2023-11-29,0.8654,-0.0006
2023-11-30,0.8711,0.0066
2023-12-01,0.8727,0.0018
2023-12-04,0.8591,-0.015600000000000001
2023-12-05,0.8523,-0.0079
2023-12-06,0.8525,0.0002
2023-12-07,0.8374,-0.0177
2023-12-08,0.84,0.0031
2023-12-11,0.8486,0.0102
2023-12-12,0.8479,-0.0008
2023-12-13,0.8454,-0.0029
2023-12-14,0.8401,-0.0063
2023-12-15,0.8308,-0.0111
2023-12-18,0.833,0.0026
2023-12-19,0.8298,-0.0038
2023-12-20,0.8249,-0.0059
2023-12-21,0.8222,-0.0033
2023-12-22,0.8155,-0.008100000000000001
2023-12-25,0.8203,0.0059
2023-12-26,0.811,-0.0113
2023-12-27,0.8145,0.0043
2023-12-28,0.8152,0.0009
2023-12-29,0.8302,0.0184
2023-12-31,0.8302,0.0
2024-01-02,0.8241,-0.0073
2024-01-03,0.8183,-0.006999999999999999
2024-01-04,0.8137,-0.005600000000000001
2024-01-05,0.7989,-0.0182
2024-01-08,0.7826,-0.0204
2024-01-09,0.7856,0.0038
2024-01-10,0.7788,-0.0087
2024-01-11,0.7793,0.0006
2024-01-12,0.7726,-0.0086
2024-01-15,0.7727,0.0001
2024-01-16,0.7741,0.0018
2024-01-17,0.7582,-0.020499999999999997
2024-01-18,0.7612,0.004
2024-01-19,0.7597,-0.002
2024-01-22,0.7319,-0.0366
2024-01-23,0.7401,0.011200000000000002
2024-01-24,0.742,0.0026
2024-01-25,0.7542,0.016399999999999998
2024-01-26,0.7412,-0.0172
2024-01-29,0.7321,-0.0123
2024-01-30,0.719,-0.0179
2024-01-31,0.7023,-0.0232
2024-02-01,0.7016,-0.001
2024-02-02,0.688,-0.0194
2024-02-05,0.6791,-0.0129
2024-02-06,0.7215,0.062400000000000004
2024-02-07,0.7435,0.0305
2024-02-08,0.7518,0.011200000000000002
2024-02-19,0.7507,-0.0015
2024-02-20,0.751,0.0004
2024-02-21,0.7538,0.0037
2024-02-22,0.7544,0.0008
2024-02-23,0.7541,-0.0004
2024-02-26,0.7623,0.0109
2024-02-27,0.771,0.011399999999999999
2024-02-28,0.7525,-0.024
2024-02-29,0.7712,0.024900000000000002
2024-03-01,0.7718,0.0008
2024-03-04,0.7768,0.006500000000000001
2024-03-05,0.7697,-0.0091
2024-03-06,0.7658,-0.0051
2024-03-07,0.7545,-0.0148
2024-03-08,0.7632,0.0115
2024-03-11,0.7776,0.0189
2024-03-12,0.7838,0.008
2024-03-13,0.7876,0.0048
2024-03-14,0.7847,-0.0037
2024-03-15,0.7888,0.0052
2024-03-18,0.7989,0.0128
2024-03-19,0.7883,-0.013300000000000001
2024-03-20,0.7899,0.002
2024-03-21,0.7801,-0.0124
2024-03-22,0.7712,-0.011399999999999999
2024-03-25,0.7641,-0.0092
2024-03-26,0.763,-0.0014000000000000002
2024-03-27,0.7522,-0.014199999999999999
2024-03-28,0.7554,0.0043
2024-03-29,0.757,0.0021
2024-04-01,0.761,0.0053
2024-04-02,0.7522,-0.0116
2024-04-03,0.7492,-0.004
2024-04-08,0.7401,-0.0121
2024-04-09,0.7425,0.0032
2024-04-10,0.7292,-0.0179
2024-04-11,0.7279,-0.0018
2024-04-12,0.7304,0.0034000000000000002
2024-04-15,0.7346,0.0058
2024-04-16,0.7189,-0.021400000000000002
2024-04-17,0.7268,0.011000000000000001
2024-04-18,0.7287,0.0026
2024-04-19,0.7169,-0.016200000000000003
2024-04-22,0.7238,0.0096
2024-04-23,0.7152,-0.011899999999999999
2024-04-24,0.7165,0.0018
2024-04-25,0.721,0.0063
2024-04-26,0.7325,0.016
2024-04-29,0.7403,0.0106
2024-04-30,0.7459,0.0076
2024-05-06,0.7633,0.0233
2024-05-07,0.7617,-0.0021
2024-05-08,0.7562,-0.0072
2024-05-09,0.7657,0.0126
2024-05-10,0.7596,-0.008
2024-05-13,0.7526,-0.0092
2024-05-14,0.7599,0.0097
2024-05-15,0.7488,-0.0146
2024-05-16,0.7447,-0.0055000000000000005
2024-05-17,0.7467,0.0027
2024-05-20,0.7493,0.0034999999999999996
2024-05-21,0.7465,-0.0037
2024-05-22,0.7419,-0.0062
2024-05-23,0.7316,-0.0139
2024-05-24,0.725,-0.009000000000000001
2024-05-27,0.7266,0.0022
2024-05-28,0.7209,-0.0078000000000000005
2024-05-29,0.7203,-0.0008
2024-05-30,0.7187,-0.0022
2024-05-31,0.7175,-0.0017000000000000001
2024-06-03,0.7122,-0.0074
2024-06-04,0.7209,0.012199999999999999
2024-06-05,0.7141,-0.009399999999999999
2024-06-06,0.7084,-0.008
2024-06-07,0.7036,-0.0068000000000000005
2024-06-11,0.7133,0.0138
2024-06-12,0.7124,-0.0013
2024-06-13,0.7088,-0.0051
2024-06-14,0.7063,-0.0034999999999999996
2024-06-17,0.7042,-0.003
2024-06-18,0.7002,-0.005699999999999999
2024-06-19,0.6929,-0.0104
2024-06-20,0.6871,-0.0084
2024-06-21,0.6891,0.0029
2024-06-24,0.6778,-0.016399999999999998
2024-06-25,0.6755,-0.0034000000000000002
2024-06-26,0.6861,0.015700000000000002
2024-06-27,0.673,-0.0191
2024-06-28,0.6701,-0.0043
2024-06-30,0.6701,0.0
2024-07-01,0.6759,0.0087
2024-07-02,0.6682,-0.011399999999999999
2024-07-03,0.6613,-0.0103
2024-07-04,0.655,-0.0095
2024-07-05,0.67,0.0229
2024-07-08,0.6569,-0.0196
2024-07-09,0.6651,0.0125
2024-07-10,0.6639,-0.0018
2024-07-11,0.6743,0.015700000000000002
2024-07-12,0.6788,0.0067
2024-07-15,0.6749,-0.005699999999999999
2024-07-16,0.6746,-0.0004
2024-07-17,0.6738,-0.0012
2024-07-18,0.6781,0.0064
2024-07-19,0.677,-0.0016
2024-07-22,0.6776,0.0009
2024-07-23,0.6577,-0.0294
2024-07-24,0.6535,-0.0064
2024-07-25,0.6501,-0.0052
2024-07-26,0.6521,0.0031
2024-07-29,0.6468,-0.008100000000000001
2024-07-30,0.64,-0.0105
2024-07-31,0.6609,0.0327
2024-08-01,0.6553,-0.0085
2024-08-02,0.6526,-0.0040999999999999995
2024-08-05,0.6453,-0.011200000000000002
2024-08-06,0.6525,0.011200000000000002
2024-08-07,0.652,-0.0008
2024-08-08,0.656,0.0060999999999999995
2024-08-09,0.6521,-0.0059
2024-08-12,0.6555,0.0052
2024-08-13,0.6559,0.0006
2024-08-14,0.6482,-0.011699999999999999
2024-08-15,0.6498,0.0025
2024-08-16,0.6515,0.0026
2024-08-19,0.6502,-0.002
2024-08-20,0.6419,-0.0128
2024-08-21,0.6417,-0.0003
2024-08-22,0.6436,0.003
2024-08-23,0.6405,-0.0048
2024-08-26,0.64,-0.0008
2024-08-27,0.6382,-0.0028000000000000004
2024-08-28,0.6424,0.0066
2024-08-29,0.6457,0.0051
2024-08-30,0.6469,0.0019
2024-09-02,0.6389,-0.0124
2024-09-03,0.6408,0.003
2024-09-04,0.6402,-0.0009
2024-09-05,0.6433,0.0048
2024-09-06,0.6336,-0.0151
2024-09-09,0.6289,-0.0074
2024-09-10,0.6251,-0.006
2024-09-11,0.6293,0.0067
2024-09-12,0.6236,-0.0091
2024-09-13,0.6184,-0.0083
2024-09-18,0.6177,-0.0011
2024-09-19,0.6197,0.0032
2024-09-20,0.6105,-0.0148
2024-09-23,0.6027,-0.0128
2024-09-24,0.6148,0.020099999999999996
2024-09-25,0.618,0.0052
2024-09-26,0.6394,0.0346
2024-09-27,0.6696,0.0472
2024-09-30,0.7336,0.0956
2024-10-08,0.7861,0.0716
2024-10-09,0.7274,-0.0747
2024-10-10,0.7304,0.0040999999999999995
2024-10-11,0.7078,-0.030899999999999997
2024-10-14,0.7197,0.0168
2024-10-15,0.7072,-0.0174
2024-10-16,0.7043,-0.0040999999999999995
2024-10-17,0.7019,-0.0034000000000000002
2024-10-18,0.7284,0.0378
2024-10-21,0.7291,0.001
2024-10-22,0.7307,0.0022
2024-10-23,0.7269,-0.0052
2024-10-24,0.722,-0.0067
2024-10-25,0.7298,0.0108
2024-10-28,0.7358,0.008199999999999999
2024-10-29,0.721,-0.020099999999999996
2024-10-30,0.7117,-0.0129
2024-10-31,0.7082,-0.0049
2024-11-01,0.7063,-0.0027
2024-11-04,0.7119,0.0079
2024-11-05,0.7221,0.0143
2024-11-06,0.7164,-0.0079
2024-11-07,0.7317,0.021400000000000002
2024-11-08,0.729,-0.0037
2024-11-11,0.7357,0.0092
2024-11-12,0.7416,0.008
2024-11-13,0.7341,-0.0101
2024-11-14,0.7159,-0.0248
2024-11-15,0.7016,-0.02
2024-11-18,0.6916,-0.0143
2024-11-19,0.7028,0.016200000000000003
2024-11-20,0.7146,0.0168
2024-11-21,0.712,-0.0036
2024-11-22,0.6905,-0.0302
2024-11-25,0.6935,0.0043
2024-11-26,0.6946,0.0016
2024-11-27,0.7056,0.0158
2024-11-28,0.6984,-0.0102
2024-11-29,0.7118,0.0192
2024-12-02,0.7162,0.0062
2024-12-03,0.7152,-0.0014000000000000002
2024-12-04,0.7067,-0.011899999999999999
2024-12-05,0.7072,0.0007000000000000001
2024-12-06,0.7156,0.011899999999999999
2024-12-09,0.7097,-0.008199999999999999
2024-12-10,0.7119,0.0031
2024-12-11,0.7122,0.0004
2024-12-12,0.7179,0.008
2024-12-13,0.7063,-0.016200000000000003
2024-12-16,0.6975,-0.0125
2024-12-17,0.6905,-0.01
2024-12-18,0.6936,0.0045000000000000005
2024-12-19,0.6918,-0.0026
2024-12-20,0.6946,0.004
2024-12-23,0.6831,-0.0166
2024-12-24,0.6903,0.0105
2024-12-25,0.687,-0.0048
2024-12-26,0.686,-0.0015
2024-12-27,0.687,0.0015
2024-12-30,0.6863,-0.001
2024-12-31,0.6792,-0.0103
2025-01-02,0.6666,-0.018600000000000002
2025-01-03,0.6599,-0.0101
2025-01-06,0.6657,0.0088
2025-01-07,0.662,-0.005600000000000001
2025-01-08,0.6584,-0.0054
2025-01-09,0.6592,0.0012
2025-01-10,0.6541,-0.0077
2025-01-13,0.6577,0.0055000000000000005
2025-01-14,0.6739,0.0246
2025-01-15,0.6697,-0.0062
2025-01-16,0.6712,0.0022
2025-01-17,0.6755,0.0064
2025-01-20,0.68,0.0067
2025-01-21,0.6851,0.0075
2025-01-22,0.6824,-0.0039000000000000003
2025-01-23,0.678,-0.0064
2025-01-24,0.6806,0.0038
2025-01-27,0.6775,-0.0046
2025-02-05,0.6783,0.0012
2025-02-06,0.6878,0.013999999999999999
2025-02-07,0.6866,-0.0017000000000000001
2025-02-10,0.6901,0.0051
2025-02-11,0.6856,-0.006500000000000001
2025-02-12,0.6901,0.0066
2025-02-13,0.6826,-0.0109
2025-02-14,0.6846,0.0029
2025-02-17,0.6877,0.0045000000000000005
2025-02-18,0.6809,-0.009899999999999999
2025-02-19,0.6886,0.0113
2025-02-20,0.6964,0.0113
2025-02-21,0.7063,0.014199999999999999
2025-02-24,0.7049,-0.002
2025-02-25,0.6998,-0.0072
2025-02-26,0.707,0.0103
2025-02-27,0.7034,-0.0051
2025-02-28,0.6886,-0.021
2025-03-03,0.6874,-0.0017000000000000001
2025-03-04,0.6905,0.0045000000000000005
2025-03-05,0.6941,0.0052
2025-03-06,0.7042,0.0146
2025-03-07,0.7056,0.002
2025-03-10,0.7003,-0.0075
2025-03-11,0.6994,-0.0013
2025-03-12,0.6933,-0.0087
2025-03-13,0.6833,-0.0144
2025-03-14,0.7005,0.0252
2025-03-17,0.7013,0.0011
2025-03-18,0.7021,0.0011
2025-03-19,0.7017,-0.0006
2025-03-20,0.6997,-0.0029
2025-03-21,0.685,-0.021
2025-03-24,0.6864,0.002
2025-03-25,0.685,-0.002
2025-03-26,0.6821,-0.0042
2025-03-27,0.6911,0.0132
2025-03-28,0.6872,-0.005600000000000001
2025-03-31,0.6828,-0.0064
2025-04-01,0.6905,0.0113
2025-04-02,0.6934,0.0042
2025-04-03,0.6863,-0.0102
2025-04-07,0.6299,-0.08220000000000001
2025-04-08,0.6427,0.0203
2025-04-09,0.6533,0.0165
2025-04-10,0.6696,0.025
2025-04-11,0.6707,0.0016
2025-04-14,0.6759,0.0078000000000000005
2025-04-15,0.6775,0.0024
2025-04-16,0.6726,-0.0072
2025-04-17,0.6716,-0.0015
2025-04-18,0.6714,-0.0003
2025-04-21,0.6808,0.013999999999999999
2025-04-22,0.6891,0.012199999999999999
2025-04-23,0.6885,-0.0009
2025-04-24,0.6887,0.0003
2025-04-25,0.6814,-0.0106
2025-04-28,0.6749,-0.0095
2025-04-29,0.6753,0.0006
2025-04-30,0.6741,-0.0018
2025-05-06,0.6801,0.0089
2025-05-07,0.6754,-0.0069
2025-05-08,0.6784,0.0044
2025-05-09,0.6772,-0.0018
2025-05-12,0.6773,0.0001
2025-05-13,0.6766,-0.001
2025-05-14,0.6765,-0.0001
2025-05-15,0.6781,0.0024
2025-05-16,0.6792,0.0016
2025-05-19,0.6802,0.0015
2025-05-20,0.6903,0.0148
2025-05-21,0.6931,0.0040999999999999995
2025-05-22,0.6938,0.001
2025-05-23,0.6902,-0.0052
2025-05-26,0.6888,-0.002
2025-05-27,0.6902,0.002
2025-05-28,0.6873,-0.0042
2025-05-29,0.6961,0.0128
2025-05-30,0.6985,0.0034000000000000002
2025-06-03,0.7074,0.0127
2025-06-04,0.7086,0.0017000000000000001
2025-06-05,0.7068,-0.0025
2025-06-06,0.7087,0.0027
2025-06-09,0.7151,0.009000000000000001
2025-06-10,0.7154,0.0004
2025-06-11,0.7163,0.0013
2025-06-12,0.7172,0.0013
2025-06-13,0.7112,-0.0084
2025-06-16,0.7071,-0.0058
2025-06-17,0.7033,-0.0054
2025-06-18,0.6977,-0.008
2025-06-19,0.6873,-0.0149
2025-06-20,0.6875,0.0003
2025-06-23,0.6917,0.0060999999999999995
2025-06-24,0.6967,0.0072
2025-06-25,0.7007,0.005699999999999999
2025-06-26,0.6975,-0.0046
2025-06-27,0.6968,-0.001
2025-06-30,0.7052,0.0121
2025-07-01,0.7171,0.0169
2025-07-02,0.7066,-0.0146
2025-07-03,0.7181,0.0163
2025-07-04,0.7198,0.0024
2025-07-07,0.7162,-0.005
2025-07-08,0.7159,-0.0004
2025-07-09,0.7146,-0.0018
2025-07-10,0.7122,-0.0034000000000000002
2025-07-11,0.7116,-0.0008
2025-07-14,0.716,0.0062
2025-07-15,0.7185,0.0034999999999999996
2025-07-16,0.7178,-0.001
2025-07-17,0.729,0.015600000000000001
2025-07-18,0.7342,0.0070999999999999995
2025-07-21,0.7334,-0.0011
2025-07-22,0.731,-0.0033
2025-07-23,0.7266,-0.006
2025-07-24,0.7299,0.0045000000000000005
2025-07-25,0.734,0.005600000000000001
2025-07-28,0.7397,0.0078000000000000005
2025-07-29,0.7489,0.0124
2025-07-30,0.7488,-0.0001
2025-07-31,0.7435,-0.0070999999999999995
2025-08-01,0.7419,-0.0022
2025-08-04,0.7477,0.0078000000000000005
2025-08-05,0.7454,-0.0031
2025-08-06,0.7449,-0.0007000000000000001
2025-08-07,0.7407,-0.005600000000000001
2025-08-08,0.7405,-0.0003
2025-08-11,0.7493,0.011899999999999999
2025-08-12,0.7498,0.0007000000000000001
2025-08-13,0.7583,0.0113
2025-08-14,0.7488,-0.0125
2025-08-15,0.7588,0.0134
2025-08-18,0.7702,0.015
2025-08-19,0.7696,-0.0008
2025-08-20,0.7712,0.0021
2025-08-21,0.7669,-0.005600000000000001
2025-08-22,0.7733,0.0083
2025-08-25,0.7961,0.029500000000000002
2025-08-26,0.7878,-0.0104
2025-08-27,0.7735,-0.0182
2025-08-28,0.791,0.0226
2025-08-29,0.8051,0.0178
2025-09-01,0.8239,0.023399999999999997
2025-09-02,0.8013,-0.0274
2025-09-03,0.8057,0.0055000000000000005
2025-09-04,0.7715,-0.0424
2025-09-05,0.7878,0.021099999999999997
2025-09-08,0.7862,-0.002
2025-09-09,0.7783,-0.01
2025-09-10,0.7806,0.003
2025-09-11,0.7992,0.023799999999999998
2025-09-12,0.7951,-0.0051
2025-09-15,0.795,-0.0001
2025-09-16,0.799,0.005
2025-09-17,0.804,0.0063
2025-09-18,0.7985,-0.0068000000000000005
2025-09-19,0.7971,-0.0018
2025-09-22,0.8037,0.0083
2025-09-23,0.8023,-0.0017000000000000001
2025-09-24,0.8133,0.0137
2025-09-25,0.8168,0.0043
2025-09-26,0.7969,-0.024399999999999998
2025-09-29,0.8024,0.0069
2025-09-30,0.808,0.006999999999999999
2025-10-09,0.8156,0.009399999999999999
2025-10-10,0.7999,-0.0192
2025-10-13,0.79,-0.0124
2025-10-14,0.7669,-0.0292
2025-10-15,0.781,0.0184
2025-10-16,0.7798,-0.0015
2025-10-17,0.7623,-0.022400000000000003
2025-10-20,0.7696,0.0096
2025-10-21,0.7865,0.022000000000000002
2025-10-22,0.7861,-0.0005
2025-10-23,0.7813,-0.0060999999999999995
2025-10-24,0.7966,0.0196
2025-10-27,0.8006,0.005
2025-10-28,0.7992,-0.0017000000000000001
2025-10-29,0.8085,0.0116
2025-10-30,0.7977,-0.0134
2025-10-31,0.7885,-0.0115
2025-11-03,0.7902,0.0022
2025-11-04,0.7769,-0.0168
2025-11-05,0.7799,0.0039000000000000003
2025-11-06,0.79,0.013000000000000001
2025-11-07,0.7824,-0.0096
2025-11-10,0.7806,-0.0023
2025-11-11,0.7738,-0.0087
2025-11-12,0.7763,0.0032
2025-11-13,0.7856,0.012
2025-11-14,0.7737,-0.0151
2025-11-17,0.7742,0.0006
2025-11-18,0.7658,-0.0108
2025-11-19,0.7691,0.0043
2025-11-20,0.7634,-0.0074
2025-11-21,0.7362,-0.0356
2025-11-24,0.7351,-0.0015
2025-11-25,0.7478,0.0173
2025-11-26,0.7604,0.0168
2025-11-27,0.7576,-0.0037
2025-11-28,0.7612,0.0048
2025-12-01,0.7672,0.0079
2025-12-02,0.7584,-0.0115
2025-12-03,0.7522,-0.008199999999999999
2025-12-04,0.7528,0.0008
2025-12-05,0.7567,0.0052
2025-12-08,0.769,0.0163
2025-12-09,0.7727,0.0048
2025-12-10,0.7749,0.0028000000000000004
2025-12-11,0.7655,-0.0121
2025-12-12,0.7743,0.0115
2025-12-15,0.7614,-0.0167
2025-12-16,0.7546,-0.0089
2025-12-17,0.7742,0.026000000000000002
2025-12-18,0.7604,-0.0178
2025-12-19,0.7659,0.0072
2025-12-22,0.7829,0.0222
2025-12-23,0.7855,0.0033
2025-12-24,0.7924,0.0088
2025-12-25,0.7939,0.0019
2025-12-26,0.7934,-0.0006
2025-12-29,0.7916,-0.0023
2025-12-30,0.7947,0.0039000000000000003
2025-12-31,0.7882,-0.008199999999999999
2026-01-05,0.8182,0.0381
2026-01-06,0.8198,0.002
2026-01-07,0.8245,0.005699999999999999
2026-01-08,0.8208,-0.0045000000000000005
2026-01-09,0.8253,0.0055000000000000005
2026-01-12,0.8291,0.0046
2026-01-13,0.8252,-0.004699999999999999
2026-01-14,0.8239,-0.0016
2026-01-15,0.8446,0.025099999999999997
2026-01-16,0.8438,-0.0009
2026-01-19,0.8464,0.0031
2026-01-20,0.8449,-0.0018
2026-01-21,0.8585,0.0161
2026-01-22,0.8585,0.0
2026-01-23,0.8625,0.004699999999999999
2026-01-26,0.8593,-0.0037
2026-01-27,0.8637,0.0051
2026-01-28,0.863,-0.0008
2026-01-29,0.8465,-0.0191
2026-01-30,0.8435,-0.0034999999999999996
2026-02-02,0.8206,-0.0271
2026-02-03,0.8372,0.0202
2026-02-04,0.8302,-0.0084
2026-02-05,0.8198,-0.0125
2026-02-06,0.8168,-0.0037
2026-02-09,0.8368,0.0245
2026-02-10,0.8413,0.0054
2026-02-11,0.8396,-0.002
2026-02-12,0.8502,0.0126
2026-02-13,0.8476,-0.0031
2026-02-24,0.853,0.0064
2026-02-25,0.8599,0.008100000000000001
2026-02-26,0.8739,0.0163
2026-02-27,0.8704,-0.004
2026-03-02,0.864,-0.0074
2026-03-03,0.8335,-0.0353
2026-03-04,0.8273,-0.0074
2026-03-05,0.8372,0.012
2026-03-06,0.8378,0.0007000000000000001
2026-03-09,0.8313,-0.0078000000000000005
2026-03-10,0.8505,0.0231
2026-03-11,0.8438,-0.0079
2026-03-12,0.8383,-0.006500000000000001
2026-03-13,0.8359,-0.0029
2026-03-16,0.8312,-0.005600000000000001
2026-03-17,0.8155,-0.0189
2026-03-18,0.8222,0.008199999999999999
2026-03-19,0.7996,-0.0275
2026-03-20,0.7957,-0.0049
2026-03-23,0.7713,-0.030699999999999998
2026-03-24,0.7875,0.021
2026-03-25,0.7995,0.0152
2026-03-26,0.7876,-0.0149
2026-03-27,0.8024,0.018799999999999997
2026-03-30,0.8033,0.0011
2026-03-31,0.7859,-0.0217
2026-04-01,0.8053,0.024700000000000003
2026-04-02,0.7964,-0.0111
2026-04-03,0.7929,-0.0044
2026-04-07,0.7938,0.0011
2026-04-08,0.8263,0.0409
2026-04-09,0.8304,0.005
2026-04-10,0.8463,0.0191
2026-04-13,0.8434,-0.0034000000000000002
2026-04-14,0.8556,0.014499999999999999
2026-04-15,0.8534,-0.0026
2026-04-16,0.8628,0.011000000000000001
2026-04-17,0.8693,0.0075
2026-04-20,0.8682,-0.0013
2026-04-21,0.8768,0.009899999999999999
2026-04-22,0.8879,0.0127
2026-04-23,0.8814,-0.0073
2026-04-24,0.8874,0.0068000000000000005
2026-04-27,0.8922,0.0054
2026-04-28,0.8908,-0.0016
2026-04-29,0.9097,0.0212
2026-04-30,0.9153,0.0062
2026-05-06,0.9359,0.0225
2026-05-07,0.944,0.0087
2026-05-08,0.9366,-0.0078000000000000005
2026-05-11,0.9502,0.014499999999999999
2026-05-12,0.9549,0.0049
2026-05-13,0.9763,0.022400000000000003
2026-05-14,0.9538,-0.023
2026-05-15,0.944,-0.0103
2026-05-18,0.9505,0.0069
2026-05-19,0.9714,0.022000000000000002
2026-05-20,0.9976,0.027000000000000003
2026-05-21,0.9556,-0.0421
2026-05-22,0.9844,0.0301
2026-05-25,1.0052,0.021099999999999997
2026-05-26,0.995,-0.0101
2026-05-27,0.9827,-0.0124
2026-05-28,1.0066,0.024300000000000002
2026-05-29,0.9813,-0.025099999999999997
2026-06-01,0.947,-0.035
2026-06-02,0.9756,0.0302
2026-06-03,0.99,0.0148
2026-06-04,1.0048,0.0149
2026-06-05,0.9678,-0.0368
2026-06-08,0.9483,-0.020099999999999996
2026-06-09,0.9891,0.043
2026-06-10,0.9657,-0.023700000000000002
2026-06-11,0.9621,-0.0037
2026-06-12,0.9585,-0.0037
2026-06-15,1.032,0.0767
2026-06-16,1.0638,0.0308
2026-06-17,1.083,0.018000000000000002
2026-06-18,1.1059,0.021099999999999997
2026-06-22,1.1057,-0.0002
2026-06-23,1.0692,-0.033
2026-06-24,1.0974,0.0264
2026-06-25,1.1287,0.0285
2026-06-26,1.0988,-0.0265
2026-06-29,1.078,-0.0189
2026-06-30,1.1096,0.029300000000000003
2026-07-01,1.0813,-0.0255
2026-07-02,1.0179,-0.058600000000000006
2026-07-03,1.0255,0.0075
2026-07-06,0.9959,-0.028900000000000002
2026-07-07,0.9932,-0.0027
2026-07-08,0.9836,-0.0097
2026-07-09,1.0384,0.0557
2026-07-10,0.9997,-0.0373
2026-07-13,0.9584,-0.041299999999999996
2026-07-14,0.9964,0.039599999999999996
2026-07-15,0.9778,-0.0187
2026-07-16,0.9513,-0.0271
2026-07-17,0.8765,-0.0786
2026-07-20,0.8305,-0.0525
2026-07-21,0.883,0.0632
2026-07-22,0.8616,-0.0242
2026-07-23,0.8444,-0.02
2026-07-24,0.8376,-0.008100000000000001
2026-07-27,0.8648,0.0325
2026-07-28,0.8136,-0.0592
2026-07-29,0.798,-0.0192
2026-07-30,0.756,-0.0526
2026-07-31,0.777,0.0278
2026-08-03,0.7611,-0.020499999999999997
2026-08-04,0.8038,0.056100000000000004
2026-08-05,0.8273,0.0292
2026-08-06,0.8404,0.0158
2026-08-07,0.8738,0.0397
