date,nav,ret
2011-09-23,1.0,0.0
2011-09-26,1.0,0.0
2011-09-29,1.0,0.0
2011-10-13,1.001,0.001
2011-10-20,1.002,0.000999
2011-10-27,1.003,0.000998
2011-11-03,1.003,0.0
2011-11-10,1.003,0.0
2011-11-17,1.004,0.000997
2011-11-23,1.004,0.0
2011-11-25,1.004,0.0
2011-11-28,1.004,0.0
2011-11-29,1.004,0.0
2011-11-30,1.004,0.0
2011-12-01,1.004,0.0
2011-12-02,1.004,0.0
2011-12-05,1.004,0.0
2011-12-06,1.004,0.0
2011-12-07,1.004,0.0
2011-12-08,1.003,-0.000996
2011-12-09,1.004,0.000997
2011-12-12,1.003,-0.000996
2011-12-13,1.003,0.0
2011-12-14,1.004,0.000997
2011-12-15,1.004,0.0
2011-12-16,1.004,0.0
2011-12-19,1.004,0.0
2011-12-20,1.004,0.0
2011-12-21,1.004,0.0
2011-12-22,1.004,0.0
2011-12-23,1.004,0.0
2011-12-27,1.004,0.0
2011-12-28,1.004,0.0
2011-12-29,1.004,0.0
2011-12-30,1.004,0.0
2011-12-31,1.004,0.0
2012-01-04,1.003,-0.000996
2012-01-05,1.004,0.000997
2012-01-06,1.004,0.0
2012-01-09,1.003,-0.000996
2012-01-10,1.004,0.000997
2012-01-11,1.004,0.0
2012-01-12,1.004,0.0
2012-01-13,1.004,0.0
2012-01-17,1.005,0.000996
2012-01-18,1.005,0.0
2012-01-19,1.005,0.0
2012-01-20,1.005,0.0
2012-01-30,1.007,0.00199
2012-01-31,1.007,0.0
2012-02-01,1.008,0.000993
2012-02-02,1.008,0.0
2012-02-03,1.009,0.000992
2012-02-06,1.009,0.0
2012-02-07,1.009,0.0
2012-02-08,1.009,0.0
2012-02-09,1.008,-0.000991
2012-02-10,1.004,-0.003968
2012-02-13,1.008,0.003984
2012-02-14,1.004,-0.003968
2012-02-15,1.003,-0.000996
2012-02-16,1.007,0.003988
2012-02-17,1.006,-0.000993
2012-02-21,1.001,-0.00497
2012-02-22,0.998,-0.002997
2012-02-23,1.003,0.00501
2012-02-24,1.003,0.0
2012-02-27,1.003,0.0
2012-02-28,1.0,-0.0029909999999999997
2012-02-29,0.999,-0.001
2012-03-01,1.002,0.003003
2012-03-02,1.001,-0.000998
2012-03-05,1.005,0.003996
2012-03-06,1.002,-0.002985
2012-03-07,1.005,0.002994
2012-03-08,1.004,-0.000995
2012-03-09,1.003,-0.000996
2012-03-13,1.011,0.007976
2012-03-14,1.012,0.000989
2012-03-15,1.012,0.0
2012-03-16,1.013,0.000988
2012-03-19,1.015,0.001974
2012-03-20,1.014,-0.000985
2012-03-21,1.013,-0.000986
2012-03-22,1.004,-0.008884999999999999
2012-03-23,1.008,0.003984
2012-03-26,1.014,0.005952
2012-03-27,1.014,0.0
2012-03-28,1.013,-0.000986
2012-03-29,1.012,-0.000987
2012-03-30,1.019,0.0069169999999999995
2012-03-31,1.019,0.0
2012-04-05,1.011,-0.007851
2012-04-10,0.988,-0.02275
2012-04-11,0.997,0.009109
2012-04-12,1.006,0.009027
2012-04-13,1.0,-0.0059640000000000006
2012-04-16,1.011,0.011000000000000001
2012-04-17,1.015,0.003956
2012-04-18,1.012,-0.002956
2012-04-19,1.013,0.000988
2012-04-20,1.023,0.009871999999999999
2012-04-23,1.015,-0.00782
2012-04-24,1.025,0.009852
2012-04-25,1.033,0.0078049999999999994
2012-04-26,1.035,0.001936
2012-04-27,1.038,0.002899
2012-05-02,1.041,0.0028899999999999998
2012-05-03,1.038,-0.002882
2012-05-04,1.032,-0.0057799999999999995
2012-05-07,1.039,0.006783
2012-05-08,1.035,-0.00385
2012-05-09,1.034,-0.0009660000000000001
2012-05-10,1.037,0.0029010000000000004
2012-05-11,1.039,0.001929
2012-05-14,1.03,-0.008662
2012-05-15,1.027,-0.0029130000000000002
2012-05-16,1.02,-0.006816
2012-05-17,0.998,-0.021568999999999998
2012-05-18,0.989,-0.009018
2012-05-21,1.001,0.012133
2012-05-22,1.003,0.001998
2012-05-23,1.005,0.001994
2012-05-24,1.008,0.002985
2012-05-25,1.005,-0.002976
2012-05-28,1.005,0.0
2012-05-29,1.014,0.008955
2012-05-30,0.997,-0.016765000000000002
2012-05-31,1.002,0.0050149999999999995
2012-06-01,0.984,-0.017964
2012-06-04,0.978,-0.006098
2012-06-05,0.991,0.013292
2012-06-06,1.006,0.015136
2012-06-07,0.998,-0.007952
2012-06-08,1.008,0.01002
2012-06-11,0.991,-0.016865
2012-06-12,1.0,0.009082
2012-06-13,0.996,-0.004
2012-06-14,1.006,0.01004
2012-06-15,1.008,0.001988
2012-06-18,1.013,0.00496
2012-06-19,1.018,0.004935999999999999
2012-06-20,1.018,0.0
2012-06-21,1.006,-0.011788
2012-06-25,1.004,-0.001988
2012-06-26,1.007,0.002988
2012-06-27,1.008,0.000993
2012-06-28,1.016,0.007937
2012-06-29,1.038,0.021654
2012-06-30,1.038,0.0
2012-07-02,1.043,0.004817
2012-07-03,1.048,0.004794
2012-07-05,1.045,-0.002863
2012-07-06,1.05,0.004785
2012-07-09,1.053,0.002857
2012-07-10,1.042,-0.010446
2012-07-11,1.041,-0.00096
2012-07-12,1.045,0.003842
2012-07-13,1.056,0.010526
2012-07-16,1.056,0.0
2012-07-17,1.063,0.006629
2012-07-18,1.055,-0.007526000000000001
2012-07-19,1.045,-0.009479
2012-07-20,1.042,-0.0028710000000000003
2012-07-23,1.04,-0.001919
2012-07-24,1.041,0.000962
2012-07-25,1.044,0.002882
2012-07-26,1.051,0.006705
2012-07-27,1.058,0.00666
2012-07-30,1.059,0.000945
2012-07-31,1.06,0.000944
2012-08-01,1.058,-0.001887
2012-08-02,1.06,0.00189
2012-08-03,1.065,0.004717
2012-08-07,1.052,-0.012206999999999999
2012-08-08,1.047,-0.004753
2012-08-09,1.045,-0.00191
2012-08-10,1.047,0.001914
2012-08-13,1.047,0.0
2012-08-14,1.046,-0.000955
2012-08-15,1.051,0.0047799999999999995
2012-08-16,1.055,0.003806
2012-08-17,1.053,-0.001896
2012-08-20,1.051,-0.001899
2012-08-21,1.05,-0.000951
2012-08-22,1.048,-0.001905
2012-08-23,1.049,0.000954
2012-08-24,1.052,0.0028599999999999997
2012-08-27,1.055,0.002852
2012-08-28,1.058,0.0028439999999999997
2012-08-29,1.058,0.0
2012-08-30,1.056,-0.00189
2012-08-31,1.059,0.002841
2012-09-04,1.063,0.003777
2012-09-05,1.063,0.0
2012-09-06,1.069,0.005644
2012-09-07,1.068,-0.000935
2012-09-10,1.061,-0.006554
2012-09-11,1.063,0.001885
2012-09-12,1.063,0.0
2012-09-13,1.072,0.008467
2012-09-14,1.076,0.003731
2012-09-17,1.071,-0.004647
2012-09-18,1.065,-0.005602
2012-09-19,1.06,-0.0046949999999999995
2012-09-20,1.044,-0.015094000000000002
2012-09-21,1.045,0.000958
2012-09-24,1.042,-0.0028710000000000003
2012-09-25,1.032,-0.009597
2012-09-26,1.032,0.0
2012-09-27,1.036,0.003876
2012-09-28,1.035,-0.000965
2012-09-30,1.035,0.0
2012-10-08,1.038,0.002899
2012-10-09,1.035,-0.0028899999999999998
2012-10-10,1.038,0.002899
2012-10-11,1.037,-0.000963
2012-10-12,1.032,-0.004822
2012-10-15,1.035,0.0029070000000000003
2012-10-16,1.039,0.003865
2012-10-17,1.035,-0.00385
2012-10-18,1.042,0.006763
2012-10-19,1.036,-0.005758
2012-10-22,1.032,-0.003861
2012-10-23,1.024,-0.007752
2012-10-24,1.022,-0.001953
2012-10-25,1.019,-0.0029349999999999997
2012-10-26,1.012,-0.006868999999999999
2012-10-31,1.022,0.009881
2012-11-01,1.024,0.001957
2012-11-02,1.029,0.004883
2012-11-05,1.024,-0.004859
2012-11-07,1.023,-0.000977
2012-11-08,1.015,-0.00782
2012-11-09,1.011,-0.003941
2012-11-12,1.008,-0.002967
2012-11-13,1.007,-0.000992
2012-11-14,0.992,-0.014896
2012-11-15,0.989,-0.003024
2012-11-16,0.993,0.004044
2012-11-19,1.004,0.011078
2012-11-20,1.009,0.00498
2012-11-21,1.008,-0.000991
2012-11-23,1.015,0.0069440000000000005
2012-11-26,1.015,0.0
2012-11-27,1.009,-0.005911
2012-11-28,1.007,-0.001982
2012-11-29,1.011,0.003972
2012-11-30,1.013,0.001978
2012-12-03,1.017,0.003948999999999999
2012-12-04,1.017,0.0
2012-12-05,1.013,-0.003933
2012-12-06,1.021,0.007897
2012-12-07,1.025,0.003918
2012-12-10,1.025,0.0
2012-12-11,1.027,0.001951
2012-12-12,1.024,-0.0029210000000000004
2012-12-13,1.019,-0.004883
2012-12-14,1.019,0.0
2012-12-17,1.022,0.002944
2012-12-18,1.031,0.008806000000000001
2012-12-19,1.03,-0.00097
2012-12-20,1.043,0.012621
2012-12-21,1.039,-0.003835
2012-12-24,1.041,0.001925
2012-12-27,1.04,-0.000961
2012-12-28,1.032,-0.007692
2012-12-31,1.041,0.008721
2013-01-04,1.058,0.01633
2013-01-07,1.06,0.00189
2013-01-08,1.056,-0.003774
2013-01-09,1.058,0.001894
2013-01-10,1.059,0.000945
2013-01-11,1.057,-0.001889
2013-01-14,1.058,0.000946
2013-01-15,1.062,0.003781
2013-01-16,1.061,-0.000942
2013-01-17,1.061,0.0
2013-01-18,1.065,0.00377
2013-01-22,1.071,0.005634
2013-01-23,1.07,-0.0009339999999999999
2013-01-24,1.071,0.000935
2013-01-25,1.079,0.00747
2013-01-28,1.08,0.0009270000000000001
2013-01-29,1.081,0.0009260000000000001
2013-01-30,1.072,-0.008326
2013-01-31,1.067,-0.004664
2013-02-01,1.072,0.004686
2013-02-04,1.07,-0.0018659999999999998
2013-02-05,1.065,-0.004673
2013-02-06,1.067,0.001878
2013-02-07,1.064,-0.0028120000000000003
2013-02-08,1.069,0.004699
2013-02-19,1.075,0.005613
2013-02-20,1.069,-0.005581
2013-02-21,1.06,-0.008419
2013-02-22,1.068,0.007547000000000001
2013-02-25,1.053,-0.014045
2013-02-26,1.055,0.001899
2013-02-27,1.061,0.005687
2013-02-28,1.059,-0.001885
2013-03-01,1.062,0.002833
2013-03-04,1.066,0.003766
2013-03-05,1.072,0.0056289999999999995
2013-03-06,1.071,-0.0009329999999999999
2013-03-07,1.069,-0.001867
2013-03-08,1.07,0.000935
2013-03-11,1.072,0.001869
2013-03-12,1.069,-0.002799
2013-03-13,1.069,0.0
2013-03-14,1.074,0.004677
2013-03-15,1.074,0.0
2013-03-18,1.069,-0.004655
2013-03-19,1.063,-0.005613
2013-03-20,1.065,0.0018809999999999999
2013-03-21,1.061,-0.003756
2013-03-22,1.065,0.00377
2013-03-25,1.064,-0.000939
2013-03-26,1.072,0.0075190000000000005
2013-03-27,1.074,0.0018659999999999998
2013-03-28,1.077,0.002793
2013-03-29,1.076,-0.0009289999999999999
2013-03-31,1.076,0.0
2013-04-01,1.078,0.0018590000000000002
2013-04-02,1.079,0.0009279999999999999
2013-04-03,1.077,-0.0018540000000000002
2013-04-08,1.107,0.027854999999999998
2013-04-09,1.106,-0.000903
2013-04-10,1.111,0.004521
2013-04-11,1.117,0.005401
2013-04-12,1.117,0.0
2013-04-15,1.096,-0.018799999999999997
2013-04-16,1.111,0.013686
2013-04-17,1.099,-0.010801
2013-04-18,1.096,-0.0027300000000000002
2013-04-19,1.11,0.012774
2013-04-22,1.106,-0.003604
2013-04-23,1.11,0.0036170000000000004
2013-04-24,1.112,0.001802
2013-04-25,1.107,-0.004496
2013-04-26,1.103,-0.003613
2013-05-02,1.118,0.013599000000000002
2013-05-03,1.122,0.003578
2013-05-06,1.125,0.002674
2013-05-07,1.129,0.003556
2013-05-08,1.128,-0.000886
2013-05-09,1.121,-0.006206000000000001
2013-05-10,1.128,0.0062439999999999996
2013-05-13,1.133,0.004433
2013-05-14,1.135,0.0017649999999999999
2013-05-15,1.143,0.007048
2013-05-16,1.138,-0.004374
2013-05-17,1.143,0.004394
2013-05-20,1.146,0.002625
2013-05-21,1.15,0.0034899999999999996
2013-05-22,1.127,-0.02
2013-05-23,1.113,-0.012421999999999999
2013-05-24,1.111,-0.001797
2013-05-27,1.11,-0.0009
2013-05-28,1.105,-0.004505
2013-05-29,1.089,-0.01448
2013-05-30,1.08,-0.008264
2013-05-31,1.069,-0.010185
2013-06-03,1.071,0.0018709999999999998
2013-06-04,1.059,-0.011204
2013-06-05,1.052,-0.00661
2013-06-06,1.064,0.011407
2013-06-07,1.061,-0.0028199999999999996
2013-06-13,1.056,-0.004713
2013-06-14,1.06,0.003788
2013-06-17,1.06,0.0
2013-06-18,1.064,0.003774
2013-06-19,1.035,-0.027256
2013-06-20,0.995,-0.038647
2013-06-21,1.01,0.015075
2013-06-24,1.006,-0.00396
2013-06-25,1.018,0.011928000000000001
2013-06-26,1.03,0.011788
2013-06-27,1.049,0.018447
2013-06-28,1.044,-0.004766
2013-06-30,1.044,0.0
2013-07-01,1.041,-0.002874
2013-07-02,1.054,0.012487999999999999
2013-07-03,1.045,-0.008539
2013-07-04,1.045,0.0
2013-07-05,1.045,0.0
2013-07-08,1.048,0.0028710000000000003
2013-07-09,1.059,0.010496
2013-07-10,1.056,-0.002833
2013-07-11,1.078,0.020833
2013-07-12,1.071,-0.006494
2013-07-15,1.075,0.003735
2013-07-16,1.074,-0.0009299999999999999
2013-07-17,1.078,0.003724
2013-07-18,1.089,0.010204
2013-07-19,1.089,0.0
2013-07-22,1.093,0.003673
2013-07-23,1.092,-0.000915
2013-07-24,1.07,-0.020146999999999998
2013-07-25,1.073,0.0028039999999999996
2013-07-26,1.068,-0.00466
2013-07-29,1.059,-0.008427
2013-07-30,1.057,-0.001889
2013-07-31,1.044,-0.012299
2013-08-01,1.043,-0.000958
2013-08-02,1.039,-0.003835
2013-08-05,1.036,-0.0028870000000000002
2013-08-06,1.033,-0.002896
2013-08-07,1.029,-0.003872
2013-08-08,1.028,-0.000972
2013-08-09,1.033,0.004864
2013-08-12,1.026,-0.006776
2013-08-13,1.015,-0.010721000000000001
2013-08-14,1.015,0.0
2013-08-15,0.998,-0.016749
2013-08-16,0.975,-0.023046
2013-08-19,0.966,-0.009231
2013-08-20,0.985,0.019669000000000002
2013-08-21,0.982,-0.0030459999999999997
2013-08-22,0.989,0.007128
2013-08-23,0.999,0.010111000000000002
2013-08-26,0.997,-0.002002
2013-08-27,0.993,-0.004012
2013-08-28,0.988,-0.0050349999999999995
2013-08-29,0.988,0.0
2013-08-30,0.982,-0.006072999999999999
2013-09-03,0.974,-0.008147
2013-09-04,0.982,0.008214
2013-09-05,0.974,-0.008147
2013-09-06,0.989,0.0154
2013-09-09,1.006,0.017189
2013-09-10,1.007,0.000994
2013-09-11,1.014,0.006951000000000001
2013-09-12,1.007,-0.006903
2013-09-13,1.011,0.003972
2013-09-16,1.019,0.007913
2013-09-17,1.018,-0.000981
2013-09-18,1.051,0.032417
2013-09-23,1.022,-0.027593
2013-09-24,1.013,-0.008806000000000001
2013-09-25,1.018,0.004935999999999999
2013-09-26,1.023,0.004912000000000001
2013-09-27,1.018,-0.004888
2013-09-30,1.006,-0.011788
2013-10-08,0.997,-0.008945999999999999
2013-10-09,0.996,-0.001003
2013-10-10,1.019,0.023092
2013-10-11,1.03,0.010794999999999999
2013-10-14,1.027,-0.0029130000000000002
2013-10-15,1.024,-0.0029210000000000004
2013-10-16,1.041,0.016602
2013-10-17,1.056,0.014409
2013-10-18,1.052,-0.003788
2013-10-21,1.047,-0.004753
2013-10-22,1.055,0.007641
2013-10-23,1.052,-0.0028439999999999997
2013-10-24,1.054,0.001901
2013-10-25,1.065,0.010436
2013-10-28,1.055,-0.009389999999999999
2013-10-29,1.049,-0.005687
2013-10-30,1.044,-0.004766
2013-10-31,1.039,-0.004789
2013-11-01,1.05,0.010587
2013-11-04,1.053,0.002857
2013-11-05,1.037,-0.015195
2013-11-06,1.036,-0.000964
2013-11-07,1.022,-0.013514
2013-11-08,1.012,-0.009785
2013-11-11,1.014,0.001976
2013-11-12,1.007,-0.006903
2013-11-13,1.014,0.006951000000000001
2013-11-14,1.02,0.005917
2013-11-15,1.025,0.004902
2013-11-18,1.017,-0.0078049999999999994
2013-11-19,1.008,-0.00885
2013-11-20,0.998,-0.009921
2013-11-21,1.008,0.01002
2013-11-22,1.006,-0.001984
2013-11-25,1.001,-0.00497
2013-11-26,0.996,-0.004995
2013-11-27,1.005,0.009035999999999999
2013-11-28,1.005,0.0
2013-11-29,0.994,-0.010945
2013-12-02,0.989,-0.00503
2013-12-03,0.991,0.002022
2013-12-04,1.0,0.009082
2013-12-05,1.004,0.004
2013-12-06,1.012,0.007968
2013-12-09,1.011,-0.000988
2013-12-10,1.008,-0.002967
2013-12-11,0.984,-0.023809999999999998
2013-12-12,0.978,-0.006098
2013-12-13,0.98,0.002045
2013-12-16,0.982,0.002041
2013-12-17,0.988,0.00611
2013-12-18,1.004,0.016194
2013-12-19,0.994,-0.00996
2013-12-20,1.001,0.0070420000000000005
2013-12-23,1.002,0.000999
2013-12-24,1.002,0.0
2013-12-25,1.003,0.000998
2013-12-26,1.003,0.0
2013-12-27,1.001,-0.001994
2013-12-30,1.002,0.000999
2013-12-31,0.996,-0.005988
2014-01-02,0.996,0.0
2014-01-03,1.003,0.0070279999999999995
2014-01-06,1.007,0.003988
2014-01-07,1.01,0.002979
2014-01-08,1.009,-0.00099
2014-01-09,1.009,0.0
2014-01-10,1.017,0.007929
2014-01-13,1.01,-0.006883
2014-01-14,1.016,0.005940999999999999
2014-01-15,1.023,0.006889999999999999
2014-01-16,1.025,0.001955
2014-01-17,1.02,-0.004878
2014-01-20,1.02,0.0
2014-01-21,1.028,0.007843
2014-01-22,1.033,0.004864
2014-01-23,1.03,-0.002904
2014-01-24,1.014,-0.015534
2014-01-27,1.005,-0.008876
2014-01-28,1.016,0.010945
2014-01-29,1.012,-0.0039369999999999995
2014-01-30,1.025,0.012846
2014-02-07,1.04,0.014634000000000001
2014-02-10,1.05,0.009615
2014-02-11,1.055,0.004762
2014-02-12,1.054,-0.000948
2014-02-13,1.059,0.004744
2014-02-14,1.063,0.003777
2014-02-17,1.062,-0.000941
2014-02-18,1.066,0.003766
2014-02-19,1.066,0.0
2014-02-20,1.064,-0.0018759999999999998
2014-02-21,1.067,0.0028199999999999996
2014-02-24,1.069,0.001874
2014-02-25,1.073,0.0037419999999999997
2014-02-26,1.076,0.0027960000000000003
2014-02-27,1.071,-0.004647
2014-02-28,1.082,0.010270999999999999
2014-03-03,1.08,-0.0018479999999999998
2014-03-04,1.099,0.017593
2014-03-05,1.097,-0.00182
2014-03-06,1.091,-0.005469000000000001
2014-03-07,1.08,-0.010082
2014-03-10,1.077,-0.002778
2014-03-11,1.088,0.010214
2014-03-12,1.091,0.002757
2014-03-13,1.085,-0.0055000000000000005
2014-03-14,1.088,0.002765
2014-03-17,1.089,0.000919
2014-03-18,1.096,0.0064280000000000006
2014-03-19,1.074,-0.020072999999999997
2014-03-20,1.08,0.005587
2014-03-21,1.09,0.009259
2014-03-24,1.082,-0.007339
2014-03-25,1.092,0.009242
2014-03-26,1.078,-0.012821
2014-03-27,1.084,0.005566
2014-03-28,1.092,0.00738
2014-03-31,1.1,0.007326
2014-04-01,1.107,0.006364
2014-04-02,1.107,0.0
2014-04-03,1.098,-0.00813
2014-04-04,1.102,0.003643
2014-04-08,1.107,0.004537
2014-04-09,1.11,0.00271
2014-04-10,1.097,-0.011712
2014-04-11,1.089,-0.007292999999999999
2014-04-14,1.096,0.0064280000000000006
2014-04-15,1.11,0.012774
2014-04-16,1.123,0.011712
2014-04-17,1.119,-0.003562
2014-04-18,1.119,0.0
2014-04-21,1.124,0.004468
2014-04-22,1.127,0.0026690000000000004
2014-04-23,1.123,-0.003549
2014-04-24,1.13,0.006233
2014-04-25,1.122,-0.0070799999999999995
2014-04-28,1.132,0.008912999999999999
2014-04-29,1.132,0.0
2014-04-30,1.14,0.007067
2014-05-05,1.146,0.005263
2014-05-06,1.141,-0.0043630000000000006
2014-05-07,1.152,0.009641
2014-05-08,1.156,0.0034720000000000003
2014-05-09,1.155,-0.0008649999999999999
2014-05-12,1.162,0.0060609999999999995
2014-05-13,1.152,-0.008606
2014-05-14,1.152,0.0
2014-05-15,1.151,-0.0008680000000000001
2014-05-16,1.162,0.009557
2014-05-19,1.159,-0.0025819999999999997
2014-05-20,1.155,-0.003451
2014-05-21,1.15,-0.004329
2014-05-22,1.148,-0.001739
2014-05-23,1.158,0.008711
2014-05-26,1.158,0.0
2014-05-27,1.167,0.007772
2014-05-28,1.156,-0.009426
2014-05-29,1.153,-0.002595
2014-05-30,1.165,0.010407999999999999
2014-06-03,1.167,0.001717
2014-06-04,1.169,0.001714
2014-06-05,1.192,0.019675
2014-06-06,1.185,-0.0058720000000000005
2014-06-09,1.17,-0.012658
2014-06-10,1.161,-0.007692
2014-06-11,1.161,0.0
2014-06-12,1.156,-0.004307
2014-06-13,1.16,0.0034599999999999995
2014-06-16,1.153,-0.006034
2014-06-17,1.157,0.003469
2014-06-18,1.167,0.008643
2014-06-19,1.176,0.007712
2014-06-20,1.176,0.0
2014-06-23,1.174,-0.001701
2014-06-24,1.174,0.0
2014-06-25,1.174,0.0
2014-06-26,1.17,-0.003407
2014-06-27,1.178,0.0068379999999999995
2014-06-30,1.173,-0.004244
2014-07-01,1.179,0.005115
2014-07-02,1.177,-0.001696
2014-07-03,1.173,-0.003398
2014-07-04,1.174,0.000853
2014-07-07,1.176,0.001704
2014-07-08,1.179,0.002551
2014-07-09,1.18,0.000848
2014-07-10,1.183,0.002542
2014-07-11,1.183,0.0
2014-07-14,1.19,0.005917
2014-07-15,1.191,0.00084
2014-07-16,1.196,0.004198
2014-07-17,1.189,-0.0058530000000000006
2014-07-18,1.202,0.010934
2014-07-21,1.195,-0.005824
2014-07-22,1.201,0.005021
2014-07-23,1.203,0.001665
2014-07-24,1.204,0.0008309999999999999
2014-07-25,1.194,-0.008306000000000001
2014-07-28,1.201,0.005863
2014-07-29,1.193,-0.006661
2014-07-30,1.194,0.000838
2014-07-31,1.174,-0.01675
2014-08-01,1.171,-0.002555
2014-08-04,1.179,0.006832
2014-08-05,1.166,-0.011026000000000001
2014-08-06,1.165,-0.000858
2014-08-07,1.165,0.0
2014-08-08,1.169,0.003433
2014-08-11,1.175,0.0051329999999999995
2014-08-12,1.173,-0.001702
2014-08-13,1.191,0.015345
2014-08-14,1.189,-0.001679
2014-08-15,1.187,-0.001682
2014-08-18,1.2,0.010952
2014-08-19,1.203,0.0025
2014-08-20,1.209,0.004988
2014-08-21,1.206,-0.0024809999999999997
2014-08-22,1.197,-0.007463
2014-08-25,1.193,-0.003342
2014-08-26,1.196,0.002515
2014-08-27,1.197,0.0008359999999999999
2014-08-28,1.195,-0.001671
2014-08-29,1.202,0.0058579999999999995
2014-09-01,1.202,0.0
2014-09-02,1.205,0.002496
2014-09-03,1.208,0.00249
2014-09-04,1.203,-0.004139
2014-09-05,1.216,0.010806
2014-09-09,1.205,-0.009046
2014-09-10,1.184,-0.017426999999999998
2014-09-11,1.185,0.000845
2014-09-12,1.147,-0.032068
2014-09-15,1.142,-0.004359
2014-09-16,1.152,0.008757000000000001
2014-09-17,1.155,0.0026040000000000004
2014-09-18,1.147,-0.006926
2014-09-19,1.146,-0.0008719999999999999
2014-09-22,1.139,-0.006108
2014-09-23,1.131,-0.007024
2014-09-24,1.128,-0.002653
2014-09-25,1.123,-0.004433
2014-09-26,1.138,0.013357
2014-09-29,1.139,0.000879
2014-09-30,1.133,0.0
2014-10-08,1.154,0.018535
2014-10-09,1.153,-0.000867
2014-10-10,1.155,0.0017349999999999998
2014-10-13,1.152,-0.002597
2014-10-14,1.17,0.015625
2014-10-15,1.166,-0.0034189999999999997
2014-10-16,1.168,0.0017150000000000002
2014-10-17,1.171,0.0025679999999999995
2014-10-20,1.189,0.015371
2014-10-21,1.203,0.011775
2014-10-22,1.203,0.0
2014-10-23,1.214,0.009144
2014-10-24,1.214,0.0
2014-10-27,1.221,0.005766
2014-10-28,1.226,0.004095
2014-10-29,1.223,-0.002447
2014-10-30,1.231,0.006541
2014-10-31,1.249,0.014622
2014-11-03,1.263,0.011209
2014-11-04,1.264,0.0007920000000000001
2014-11-05,1.259,-0.003956
2014-11-06,1.252,-0.005560000000000001
2014-11-07,1.249,-0.002396
2014-11-10,1.255,0.004804
2014-11-11,1.25,-0.003984
2014-11-12,1.239,-0.0088
2014-11-13,1.245,0.004843
2014-11-14,1.236,-0.007229
2014-11-17,1.24,0.003236
2014-11-18,1.247,0.005645
2014-11-19,1.236,-0.008821
2014-11-20,1.239,0.002427
2014-11-21,1.248,0.0072640000000000005
2014-11-24,1.251,0.002404
2014-11-25,1.252,0.000799
2014-11-26,1.263,0.008786
2014-11-27,1.263,0.0
2014-11-28,1.266,0.002375
2014-12-01,1.265,-0.00079
2014-12-02,1.272,0.005534
2014-12-03,1.274,0.001572
2014-12-04,1.278,0.00314
2014-12-05,1.271,-0.005476999999999999
2014-12-08,1.277,0.004721
2014-12-09,1.281,0.003132
2014-12-10,1.28,-0.000781
2014-12-11,1.278,-0.001563
2014-12-12,1.267,-0.008607
2014-12-15,1.255,-0.009471
2014-12-16,1.253,-0.001594
2014-12-17,1.279,0.02075
2014-12-18,1.291,0.009382
2014-12-19,1.289,-0.001549
2014-12-22,1.31,0.016292
2014-12-23,1.307,-0.00229
2014-12-24,1.302,-0.003826
2014-12-25,1.302,0.0
2014-12-26,1.305,0.002304
2014-12-29,1.31,0.0038309999999999998
2014-12-30,1.31,0.0
2014-12-31,1.29,-0.015267
2015-01-05,1.314,0.018605
2015-01-06,1.326,0.009132
2015-01-07,1.344,0.013574999999999999
2015-01-08,1.35,0.004464
2015-01-09,1.35,0.0
2015-01-12,1.358,0.005926
2015-01-13,1.355,-0.002209
2015-01-14,1.365,0.00738
2015-01-15,1.368,0.002198
2015-01-16,1.378,0.00731
2015-01-19,1.378,0.0
2015-01-20,1.367,-0.007983
2015-01-21,1.367,0.0
2015-01-22,1.387,0.014631
2015-01-23,1.385,-0.001442
2015-01-26,1.394,0.006498
2015-01-27,1.393,-0.000717
2015-01-28,1.382,-0.007897
2015-01-29,1.387,0.003618
2015-01-30,1.359,-0.020187
2015-02-02,1.361,0.001472
2015-02-03,1.372,0.008082
2015-02-04,1.369,-0.002187
2015-02-05,1.387,0.013148
2015-02-06,1.357,-0.021629
2015-02-09,1.35,-0.005158
2015-02-10,1.355,0.0037040000000000003
2015-02-11,1.352,-0.0022140000000000003
2015-02-12,1.367,0.011094999999999999
2015-02-13,1.358,-0.006584
2015-02-16,1.357,-0.000736
2015-02-17,1.355,-0.001474
2015-02-25,1.335,-0.01476
2015-02-26,1.322,-0.009738
2015-02-27,1.332,0.0075639999999999995
2015-03-02,1.341,0.006757
2015-03-03,1.338,-0.0022370000000000003
2015-03-04,1.325,-0.009716
2015-03-05,1.331,0.004528
2015-03-06,1.297,-0.025544999999999998
2015-03-09,1.309,0.009252
2015-03-10,1.307,-0.0015279999999999998
2015-03-11,1.309,0.00153
2015-03-12,1.329,0.015279000000000001
2015-03-13,1.326,-0.0022570000000000003
2015-03-16,1.34,0.010558000000000001
2015-03-17,1.337,-0.0022389999999999997
2015-03-18,1.36,0.017203
2015-03-19,1.357,-0.002206
2015-03-20,1.387,0.022108
2015-03-23,1.383,-0.002884
2015-03-24,1.371,-0.008677
2015-03-25,1.348,-0.016776
2015-03-26,1.342,-0.004451
2015-03-27,1.345,0.002235
2015-03-30,1.362,0.012639000000000001
2015-03-31,1.35,-0.008811
2015-04-01,1.345,-0.0037040000000000003
2015-04-02,1.356,0.008178
2015-04-03,1.355,-0.000737
2015-04-07,1.343,-0.008856000000000001
2015-04-08,1.347,0.002978
2015-04-09,1.322,-0.01856
2015-04-10,1.322,0.0
2015-04-13,1.319,-0.0022689999999999997
2015-04-14,1.323,0.003033
2015-04-15,1.311,-0.00907
2015-04-16,1.316,0.003814
2015-04-17,1.309,-0.005319000000000001
2015-04-20,1.31,0.0007639999999999999
2015-04-21,1.315,0.0038169999999999996
2015-04-22,1.32,0.003802
2015-04-23,1.323,0.002273
2015-04-24,1.324,0.000756
2015-04-27,1.322,-0.0015110000000000002
2015-04-28,1.318,-0.0030259999999999996
2015-04-29,1.29,-0.021244
2015-04-30,1.272,-0.013953
2015-05-04,1.289,0.013365
2015-05-05,1.256,-0.025601
2015-05-06,1.253,-0.002389
2015-05-07,1.27,0.013567000000000001
2015-05-08,1.287,0.013386
2015-05-11,1.269,-0.013986
2015-05-12,1.28,0.008668
2015-05-13,1.27,-0.007813
2015-05-14,1.294,0.018897999999999998
2015-05-15,1.305,0.008501
2015-05-18,1.299,-0.004598
2015-05-19,1.295,-0.003079
2015-05-20,1.295,0.0
2015-05-21,1.289,-0.004633
2015-05-22,1.289,0.0
2015-05-25,1.289,0.0
2015-05-26,1.281,-0.006206000000000001
2015-05-27,1.294,0.010147999999999999
2015-05-28,1.291,-0.002318
2015-05-29,1.278,-0.010069999999999999
2015-06-01,1.294,0.01252
2015-06-02,1.28,-0.010819
2015-06-03,1.261,-0.014844
2015-06-04,1.258,-0.002379
2015-06-05,1.248,-0.007949000000000001
2015-06-08,1.245,-0.002404
2015-06-09,1.237,-0.006425999999999999
2015-06-10,1.245,0.0064670000000000005
2015-06-11,1.253,0.006425999999999999
2015-06-12,1.251,-0.001596
2015-06-15,1.247,-0.0031969999999999998
2015-06-16,1.257,0.008019
2015-06-17,1.266,0.00716
2015-06-18,1.279,0.010268999999999999
2015-06-19,1.264,-0.011728
2015-06-23,1.242,-0.017405
2015-06-24,1.236,-0.004830999999999999
2015-06-25,1.225,-0.0089
2015-06-26,1.231,0.0048980000000000004
2015-06-29,1.213,-0.014622
2015-06-30,1.215,0.0016489999999999999
2015-07-01,1.235,0.016461
2015-07-02,1.24,0.004049
2015-07-06,1.243,0.0
2015-07-07,1.259,0.012872
2015-07-08,1.257,-0.0015890000000000001
2015-07-09,1.254,-0.002387
2015-07-10,1.262,0.00638
2015-07-13,1.263,0.0007920000000000001
2015-07-14,1.267,0.0031669999999999997
2015-07-15,1.267,0.0
2015-07-16,1.277,0.007893
2015-07-17,1.274,-0.002349
2015-07-20,1.278,0.00314
2015-07-21,1.273,-0.003912
2015-07-22,1.278,0.003928
2015-07-23,1.268,-0.007825
2015-07-24,1.275,0.005521000000000001
2015-07-27,1.279,0.0031369999999999996
2015-07-28,1.277,-0.001564
2015-07-29,1.281,0.003132
2015-07-30,1.281,0.0
2015-07-31,1.289,0.0062450000000000006
2015-08-03,1.297,0.006206000000000001
2015-08-04,1.291,-0.004626
2015-08-05,1.289,-0.001549
2015-08-06,1.295,0.004655
2015-08-07,1.3,0.003861
2015-08-10,1.295,-0.003846
2015-08-11,1.328,0.025483
2015-08-12,1.354,0.019577999999999998
2015-08-13,1.373,0.014032
2015-08-14,1.379,0.00437
2015-08-17,1.389,0.007252
2015-08-18,1.391,0.0014399999999999999
2015-08-19,1.383,-0.005750999999999999
2015-08-20,1.374,-0.006508000000000001
2015-08-21,1.351,-0.016739
2015-08-24,1.295,-0.041451
2015-08-25,1.266,-0.022393999999999997
2015-08-26,1.298,0.025276
2015-08-27,1.323,0.01926
2015-08-28,1.321,-0.001512
2015-08-31,1.295,-0.019681999999999998
2015-09-01,1.27,-0.019305000000000003
2015-09-02,1.281,0.008661
2015-09-07,1.256,-0.019516
2015-09-08,1.275,0.015127
2015-09-09,1.26,-0.011765000000000001
2015-09-10,1.267,0.005556
2015-09-11,1.291,0.018942
2015-09-14,1.288,-0.002324
2015-09-15,1.306,0.013975
2015-09-16,1.316,0.007657000000000001
2015-09-17,1.33,0.010638000000000002
2015-09-18,1.328,-0.0015040000000000001
2015-09-21,1.343,0.011295
2015-09-22,1.329,-0.010424
2015-09-23,1.339,0.0075239999999999994
2015-09-24,1.329,-0.007468
2015-09-25,1.335,0.004515
2015-09-28,1.317,-0.013483
2015-09-29,1.334,0.012908
2015-09-30,1.339,0.003748
2015-10-08,1.377,0.028378999999999998
2015-10-09,1.376,-0.000726
2015-10-12,1.383,0.005087
2015-10-13,1.37,-0.009399999999999999
2015-10-14,1.364,-0.00438
2015-10-15,1.383,0.01393
2015-10-16,1.391,0.005785
2015-10-19,1.412,0.015097000000000001
2015-10-20,1.415,0.002125
2015-10-21,1.411,-0.002827
2015-10-22,1.418,0.004961
2015-10-23,1.411,-0.004937
2015-10-26,1.411,0.0
2015-10-27,1.414,0.0021260000000000003
2015-10-28,1.411,-0.002122
2015-10-29,1.413,0.0014169999999999999
2015-10-30,1.397,-0.011323000000000001
2015-11-02,1.414,0.012169000000000001
2015-11-03,1.403,-0.007779
2015-11-04,1.403,0.0
2015-11-05,1.406,0.0021379999999999997
2015-11-06,1.376,-0.021337000000000002
2015-11-09,1.36,-0.011628000000000001
2015-11-10,1.374,0.010294000000000001
2015-11-11,1.378,0.0029110000000000004
2015-11-12,1.374,-0.002903
2015-11-13,1.365,-0.00655
2015-11-16,1.377,0.008791
2015-11-17,1.382,0.0036309999999999997
2015-11-18,1.392,0.007236
2015-11-19,1.397,0.003592
2015-11-20,1.412,0.010737000000000002
2015-11-23,1.413,0.000708
2015-11-24,1.406,-0.004954
2015-11-25,1.412,0.004267
2015-11-26,1.412,0.0
2015-11-27,1.421,0.0063739999999999995
2015-11-30,1.411,-0.007037
2015-12-01,1.432,0.014883
2015-12-02,1.408,-0.01676
2015-12-03,1.394,-0.009943
2015-12-04,1.414,0.014347
2015-12-07,1.416,0.001414
2015-12-08,1.416,0.0
2015-12-09,1.409,-0.0049440000000000005
2015-12-10,1.401,-0.005678
2015-12-11,1.405,0.002855
2015-12-14,1.414,0.006405999999999999
2015-12-15,1.43,0.011314999999999999
2015-12-16,1.454,0.016783
2015-12-17,1.452,-0.001376
2015-12-18,1.437,-0.010331
2015-12-21,1.442,0.003479
2015-12-22,1.444,0.001387
2015-12-23,1.453,0.006233
2015-12-24,1.454,0.000688
2015-12-25,1.453,-0.000688
2015-12-28,1.461,0.005506
2015-12-29,1.48,0.013005
2015-12-30,1.476,-0.0027029999999999997
2015-12-31,1.466,-0.006775
2016-01-04,1.451,-0.010232000000000002
2016-01-05,1.477,0.017919
2016-01-06,1.478,0.000677
2016-01-07,1.465,-0.008796
2016-01-08,1.448,-0.011604000000000001
2016-01-11,1.454,0.004144
2016-01-12,1.447,-0.004814
2016-01-13,1.436,-0.007602
2016-01-14,1.425,-0.00766
2016-01-15,1.415,-0.007018
2016-01-18,1.414,-0.000707
2016-01-19,1.429,0.010608
2016-01-20,1.39,-0.027292
2016-01-21,1.391,0.000719
2016-01-22,1.422,0.022286
2016-01-25,1.416,-0.004219
2016-01-26,1.442,0.018362
2016-01-27,1.417,-0.017337
2016-01-28,1.4,-0.011997
2016-01-29,1.416,0.011429
2016-02-01,1.413,-0.0021190000000000002
2016-02-02,1.411,-0.0014149999999999998
2016-02-03,1.406,-0.003544
2016-02-04,1.398,-0.00569
2016-02-05,1.367,-0.022174999999999997
2016-02-15,1.334,-0.02414
2016-02-16,1.35,0.011994
2016-02-17,1.362,0.008889000000000001
2016-02-18,1.366,0.0029370000000000004
2016-02-19,1.377,0.008053
2016-02-22,1.386,0.006535999999999999
2016-02-23,1.385,-0.000722
2016-02-24,1.374,-0.007942
2016-02-25,1.394,0.014556
2016-02-26,1.386,-0.005738999999999999
2016-02-29,1.382,-0.002886
2016-03-01,1.408,0.018813
2016-03-02,1.421,0.009233
2016-03-03,1.416,-0.003519
2016-03-04,1.411,-0.0035310000000000003
2016-03-07,1.407,-0.002835
2016-03-08,1.397,-0.007107
2016-03-09,1.408,0.007873999999999999
2016-03-10,1.405,-0.002131
2016-03-11,1.427,0.015658000000000002
2016-03-14,1.426,-0.0007009999999999999
2016-03-15,1.435,0.006311
2016-03-16,1.452,0.011847000000000002
2016-03-17,1.461,0.006198
2016-03-18,1.447,-0.009582
2016-03-21,1.44,-0.004838
2016-03-22,1.443,0.002083
2016-03-23,1.439,-0.002772
2016-03-24,1.444,0.003475
2016-03-25,1.446,0.0013850000000000002
2016-03-28,1.456,0.006916
2016-03-29,1.472,0.010989
2016-03-30,1.464,-0.005435
2016-03-31,1.467,0.002049
2016-04-01,1.468,0.000682
2016-04-05,1.461,-0.004768
2016-04-06,1.47,0.00616
2016-04-07,1.462,-0.005442
2016-04-08,1.471,0.006156
2016-04-11,1.462,-0.006118
2016-04-12,1.471,0.006156
2016-04-13,1.458,-0.008838
2016-04-14,1.453,-0.0034289999999999998
2016-04-15,1.46,0.004818
2016-04-18,1.463,0.002055
2016-04-19,1.455,-0.005468
2016-04-20,1.436,-0.013058
2016-04-21,1.42,-0.011142
2016-04-22,1.433,0.009155
2016-04-25,1.449,0.011165000000000001
2016-04-26,1.447,-0.0013800000000000002
2016-04-27,1.44,-0.004838
2016-04-28,1.441,0.0006940000000000001
2016-04-29,1.424,-0.011797
2016-05-03,1.447,0.016152
2016-05-04,1.472,0.017277
2016-05-05,1.48,0.005435
2016-05-06,1.494,0.009459
2016-05-09,1.504,0.006693
2016-05-10,1.511,0.004654
2016-05-11,1.483,-0.018531
2016-05-12,1.49,0.004719999999999999
2016-05-13,1.484,-0.004027
2016-05-16,1.501,0.011456
2016-05-17,1.479,-0.014657
2016-05-18,1.464,-0.010142
2016-05-19,1.457,-0.0047810000000000005
2016-05-20,1.467,0.006863
2016-05-23,1.467,0.0
2016-05-24,1.475,0.005453
2016-05-25,1.481,0.004068
2016-05-26,1.479,-0.00135
2016-05-27,1.482,0.0020280000000000003
2016-05-31,1.489,0.0
2016-06-01,1.492,0.0020150000000000003
2016-06-02,1.494,0.00134
2016-06-03,1.503,0.006024000000000001
2016-06-06,1.491,-0.007984
2016-06-07,1.5,0.0060360000000000006
2016-06-08,1.502,0.001333
2016-06-13,1.497,-0.003329
2016-06-14,1.491,-0.004008
2016-06-15,1.504,0.008719
2016-06-16,1.507,0.0019950000000000002
2016-06-17,1.507,0.0
2016-06-20,1.506,-0.000664
2016-06-21,1.511,0.00332
2016-06-22,1.516,0.0033090000000000003
2016-06-23,1.516,0.0
2016-06-24,1.506,-0.006595999999999999
2016-06-27,1.522,0.010624
2016-06-28,1.543,0.013798
2016-06-29,1.547,0.0025919999999999997
2016-06-30,1.557,0.006464
2016-07-01,1.555,-0.0012850000000000001
2016-07-05,1.572,0.0
2016-07-06,1.572,0.0
2016-07-07,1.558,-0.008905999999999999
2016-07-08,1.575,0.010910999999999999
2016-07-11,1.579,0.00254
2016-07-12,1.581,0.0012670000000000001
2016-07-13,1.586,0.0031630000000000004
2016-07-14,1.575,-0.006936
2016-07-15,1.574,-0.000635
2016-07-18,1.577,0.001906
2016-07-19,1.58,0.001902
2016-07-20,1.578,-0.001266
2016-07-21,1.577,-0.000634
2016-07-22,1.585,0.005072999999999999
2016-07-25,1.584,-0.000631
2016-07-26,1.579,-0.0031569999999999997
2016-07-27,1.573,-0.0038
2016-07-28,1.576,0.001907
2016-07-29,1.58,0.0025380000000000003
2016-08-01,1.581,0.000633
2016-08-02,1.57,-0.006958
2016-08-03,1.559,-0.007006
2016-08-04,1.561,0.001283
2016-08-05,1.558,-0.001922
2016-08-08,1.558,0.0
2016-08-09,1.565,0.004493
2016-08-10,1.564,-0.000639
2016-08-11,1.553,-0.007033
2016-08-12,1.562,0.005795
2016-08-15,1.557,-0.003201
2016-08-16,1.546,-0.007065
2016-08-17,1.546,0.0
2016-08-18,1.546,0.0
2016-08-19,1.537,-0.005821
2016-08-22,1.548,0.007157
2016-08-23,1.546,-0.0012920000000000002
2016-08-24,1.539,-0.004528
2016-08-25,1.545,0.003899
2016-08-26,1.534,-0.00712
2016-08-29,1.549,0.009778
2016-08-30,1.547,-0.0012909999999999998
2016-08-31,1.549,0.0012929999999999999
2016-09-01,1.547,-0.0012909999999999998
2016-09-02,1.556,0.005818
2016-09-06,1.562,0.0
2016-09-07,1.566,0.002561
2016-09-08,1.556,-0.006385999999999999
2016-09-09,1.516,-0.025707
2016-09-12,1.527,0.007256
2016-09-13,1.501,-0.017027
2016-09-14,1.506,0.003331
2016-09-19,1.517,0.007304000000000001
2016-09-20,1.515,-0.001318
2016-09-21,1.53,0.009901
2016-09-22,1.546,0.010458
2016-09-23,1.551,0.0032340000000000003
2016-09-26,1.555,0.002579
2016-09-27,1.544,-0.007074
2016-09-28,1.554,0.006477
2016-09-29,1.54,-0.009009
2016-09-30,1.533,-0.004545
2016-10-10,1.49,-0.028050000000000002
2016-10-11,1.482,-0.0053690000000000005
2016-10-12,1.494,0.008097
2016-10-13,1.503,0.006024000000000001
2016-10-14,1.496,-0.004657
2016-10-17,1.503,0.004679
2016-10-18,1.511,0.005323
2016-10-19,1.514,0.0019850000000000002
2016-10-20,1.514,0.0
2016-10-21,1.512,-0.001321
2016-10-24,1.517,0.003307
2016-10-25,1.518,0.000659
2016-10-26,1.505,-0.008564
2016-10-27,1.475,-0.019934
2016-10-28,1.481,0.004068
2016-10-31,1.495,0.009453
2016-11-01,1.468,-0.01806
2016-11-02,1.448,-0.013624
2016-11-03,1.437,-0.0075970000000000005
2016-11-04,1.445,0.005567
2016-11-07,1.465,0.013841000000000001
2016-11-08,1.469,0.0027300000000000002
2016-11-09,1.447,-0.014976
2016-11-10,1.428,-0.013130999999999999
2016-11-11,1.433,0.003501
2016-11-14,1.462,0.020236999999999998
2016-11-15,1.456,-0.004104
2016-11-16,1.451,-0.003434
2016-11-17,1.443,-0.0055130000000000005
2016-11-18,1.449,0.004158
2016-11-21,1.448,-0.0006900000000000001
2016-11-22,1.46,0.008287
2016-11-23,1.458,-0.0013700000000000001
2016-11-25,1.467,0.0
2016-11-28,1.472,0.003408
2016-11-29,1.481,0.0061140000000000005
2016-11-30,1.47,-0.0074270000000000004
2016-12-01,1.451,-0.012924999999999999
2016-12-02,1.459,0.0055130000000000005
2016-12-05,1.466,0.004798
2016-12-06,1.469,0.002046
2016-12-07,1.498,0.019740999999999998
2016-12-08,1.503,0.003338
2016-12-09,1.505,0.001331
2016-12-12,1.517,0.007973000000000001
2016-12-13,1.514,-0.001978
2016-12-14,1.49,-0.015851999999999998
2016-12-15,1.485,-0.003356
2016-12-16,1.506,0.014140999999999999
2016-12-19,1.512,0.003984
2016-12-20,1.515,0.001984
2016-12-21,1.498,-0.011221000000000002
2016-12-22,1.498,0.0
2016-12-23,1.498,0.0
2016-12-27,1.502,0.0
2016-12-28,1.496,-0.003995
2016-12-29,1.511,0.010027
2016-12-30,1.523,0.007942
2016-12-31,1.523,0.0
2017-01-03,1.527,0.002626
2017-01-04,1.547,0.013098
2017-01-05,1.549,0.0012929999999999999
2017-01-06,1.541,-0.0051649999999999995
2017-01-09,1.541,0.0
2017-01-10,1.523,-0.011680999999999999
2017-01-11,1.515,-0.005253
2017-01-12,1.519,0.00264
2017-01-13,1.513,-0.00395
2017-01-17,1.525,0.0
2017-01-18,1.521,-0.002623
2017-01-19,1.512,-0.005917
2017-01-20,1.522,0.006614
2017-01-23,1.529,0.004599
2017-01-24,1.524,-0.0032700000000000003
2017-01-25,1.517,-0.004593
2017-01-26,1.514,-0.001978
2017-02-03,1.51,-0.002642
2017-02-06,1.506,-0.0026490000000000003
2017-02-07,1.501,-0.00332
2017-02-08,1.516,0.009993
2017-02-09,1.514,-0.0013189999999999999
2017-02-10,1.523,0.005945000000000001
2017-02-13,1.526,0.00197
2017-02-14,1.519,-0.004587
2017-02-15,1.512,-0.004608
2017-02-16,1.52,0.0052910000000000006
2017-02-17,1.522,0.001316
2017-02-21,1.543,0.0
2017-02-22,1.539,-0.0025919999999999997
2017-02-23,1.545,0.003899
2017-02-24,1.555,0.006472
2017-02-27,1.565,0.006431
2017-02-28,1.557,-0.005112
2017-03-01,1.554,-0.0019270000000000001
2017-03-02,1.548,-0.003861
2017-03-03,1.547,-0.0006460000000000001
2017-03-06,1.537,-0.006464
2017-03-07,1.535,-0.0013009999999999999
2017-03-08,1.515,-0.013028999999999999
2017-03-09,1.496,-0.012541
2017-03-10,1.49,-0.004011
2017-03-13,1.487,-0.002013
2017-03-14,1.486,-0.000672
2017-03-15,1.513,0.01817
2017-03-16,1.504,-0.005948
2017-03-17,1.508,0.00266
2017-03-20,1.511,0.001989
2017-03-21,1.506,-0.0033090000000000003
2017-03-22,1.505,-0.000664
2017-03-23,1.514,0.00598
2017-03-24,1.512,-0.001321
2017-03-27,1.499,-0.008598
2017-03-28,1.507,0.005337
2017-03-29,1.512,0.0033179999999999998
2017-03-30,1.514,0.001323
2017-03-31,1.523,0.005945000000000001
2017-04-05,1.532,0.005909
2017-04-06,1.539,0.004569
2017-04-07,1.542,0.001949
2017-04-10,1.551,0.005837
2017-04-11,1.557,0.003868
2017-04-12,1.557,0.0
2017-04-13,1.547,-0.006423
2017-04-17,1.568,0.0
2017-04-18,1.572,0.002551
2017-04-19,1.565,-0.0044529999999999995
2017-04-20,1.568,0.001917
2017-04-21,1.564,-0.002551
2017-04-24,1.547,-0.01087
2017-04-25,1.551,0.0025859999999999998
2017-04-26,1.533,-0.011605
2017-04-27,1.534,0.0006519999999999999
2017-04-28,1.528,-0.003911
2017-05-02,1.527,-0.000654
2017-05-03,1.508,-0.012443
2017-05-04,1.511,0.001989
2017-05-05,1.519,0.005294999999999999
2017-05-08,1.512,-0.004608
2017-05-09,1.505,-0.0046300000000000004
2017-05-10,1.517,0.007973000000000001
2017-05-11,1.514,-0.001978
2017-05-12,1.512,-0.001321
2017-05-15,1.511,-0.000661
2017-05-16,1.503,-0.005294999999999999
2017-05-17,1.51,0.004657
2017-05-18,1.515,0.003311
2017-05-19,1.526,0.007261
2017-05-22,1.526,0.0
2017-05-23,1.53,0.002621
2017-05-24,1.539,0.005881999999999999
2017-05-25,1.538,-0.00065
2017-05-26,1.527,-0.0071519999999999995
2017-05-31,1.521,-0.003929
2017-06-01,1.513,-0.00526
2017-06-02,1.523,0.006609
2017-06-05,1.514,-0.005909
2017-06-06,1.504,-0.006605
2017-06-07,1.51,0.0039889999999999995
2017-06-08,1.508,-0.001325
2017-06-09,1.512,0.002653
2017-06-12,1.529,0.011243000000000001
2017-06-13,1.531,0.001308
2017-06-14,1.536,0.003266
2017-06-15,1.54,0.0026040000000000004
2017-06-16,1.543,0.001948
2017-06-19,1.542,-0.0006479999999999999
2017-06-20,1.545,0.001946
2017-06-21,1.55,0.003236
2017-06-22,1.549,-0.0006450000000000001
2017-06-23,1.558,0.005809999999999999
2017-06-26,1.563,0.003209
2017-06-27,1.551,-0.007678000000000001
2017-06-28,1.545,-0.003868
2017-06-29,1.525,-0.012945
2017-06-30,1.521,-0.002623
2017-07-03,1.536,0.009862
2017-07-04,1.539,0.001953
2017-07-05,1.518,-0.013645000000000001
2017-07-06,1.489,-0.019104
2017-07-07,1.495,0.004030000000000001
2017-07-10,1.483,-0.008027
2017-07-11,1.479,-0.0026969999999999997
2017-07-12,1.494,0.010142
2017-07-13,1.497,0.0020080000000000002
2017-07-14,1.507,0.00668
2017-07-17,1.512,0.0033179999999999998
2017-07-18,1.5,-0.007937
2017-07-19,1.506,0.004
2017-07-20,1.498,-0.005312
2017-07-21,1.509,0.007343
2017-07-24,1.509,0.0
2017-07-25,1.507,-0.001325
2017-07-26,1.517,0.0066359999999999995
2017-07-27,1.508,-0.005933000000000001
2017-07-28,1.509,0.000663
2017-07-31,1.51,0.000663
2017-08-01,1.511,0.0006619999999999999
2017-08-02,1.502,-0.005956
2017-08-03,1.501,-0.000666
2017-08-04,1.501,0.0
2017-08-07,1.501,0.0
2017-08-08,1.495,-0.003997
2017-08-09,1.49,-0.0033439999999999998
2017-08-10,1.47,-0.013423000000000001
2017-08-11,1.459,-0.007483
2017-08-14,1.483,0.01645
2017-08-15,1.482,-0.000674
2017-08-16,1.488,0.004049
2017-08-17,1.479,-0.006048
2017-08-18,1.466,-0.00879
2017-08-21,1.481,0.010232000000000002
2017-08-22,1.474,-0.004727
2017-08-23,1.491,0.011533
2017-08-24,1.484,-0.0046949999999999995
2017-08-25,1.491,0.004717
2017-08-28,1.478,-0.008719
2017-08-29,1.476,-0.001353
2017-08-30,1.48,0.00271
2017-08-31,1.482,0.001351
2017-09-05,1.473,0.0
2017-09-06,1.474,0.000679
2017-09-07,1.484,0.006784
2017-09-08,1.48,-0.0026950000000000003
2017-09-11,1.492,0.008107999999999999
2017-09-12,1.481,-0.007372999999999999
2017-09-13,1.479,-0.00135
2017-09-14,1.499,0.013523
2017-09-15,1.498,-0.000667
2017-09-18,1.492,-0.004005
2017-09-19,1.483,-0.006031999999999999
2017-09-20,1.484,0.000674
2017-09-21,1.489,0.0033689999999999996
2017-09-22,1.477,-0.008059
2017-09-25,1.483,0.004062
2017-09-26,1.486,0.002023
2017-09-27,1.473,-0.008748
2017-09-28,1.485,0.008147
2017-09-29,1.49,0.003367
2017-10-10,1.5,0.0
2017-10-11,1.495,-0.003333
2017-10-12,1.5,0.0033439999999999998
2017-10-13,1.506,0.004
2017-10-16,1.498,-0.005312
2017-10-17,1.499,0.000668
2017-10-18,1.499,0.0
2017-10-19,1.492,-0.0046700000000000005
2017-10-20,1.484,-0.0053620000000000004
2017-10-23,1.481,-0.002022
2017-10-24,1.466,-0.010128
2017-10-25,1.467,0.000682
2017-10-26,1.449,-0.012270000000000001
2017-10-27,1.46,0.007591
2017-10-30,1.459,-0.0006850000000000001
2017-10-31,1.459,0.0
2017-11-01,1.461,0.001371
2017-11-02,1.469,0.005476
2017-11-03,1.465,-0.0027229999999999997
2017-11-06,1.481,0.010922000000000001
2017-11-07,1.493,0.008103
2017-11-08,1.499,0.004019
2017-11-09,1.504,0.003336
2017-11-10,1.507,0.0019950000000000002
2017-11-13,1.519,0.007963
2017-11-14,1.519,0.0
2017-11-15,1.501,-0.011850000000000001
2017-11-16,1.515,0.009327
2017-11-17,1.509,-0.00396
2017-11-20,1.504,-0.003313
2017-11-21,1.515,0.007314
2017-11-22,1.509,-0.00396
2017-11-24,1.501,0.0
2017-11-27,1.496,-0.003331
2017-11-28,1.489,-0.004679
2017-11-29,1.494,0.003358
2017-11-30,1.499,0.003347
2017-12-01,1.508,0.006004000000000001
2017-12-04,1.497,-0.007294
2017-12-05,1.489,-0.005344
2017-12-06,1.49,0.000672
2017-12-07,1.493,0.002013
2017-12-08,1.502,0.006028
2017-12-11,1.5,-0.001332
2017-12-12,1.511,0.007332999999999999
2017-12-13,1.513,0.0013239999999999999
2017-12-14,1.508,-0.003305
2017-12-15,1.518,0.006631000000000001
2017-12-18,1.524,0.003953
2017-12-19,1.49,-0.02231
2017-12-20,1.469,-0.014094
2017-12-21,1.456,-0.00885
2017-12-22,1.469,0.008929
2017-12-25,1.466,-0.002042
2017-12-26,1.47,0.0027289999999999997
2017-12-27,1.475,0.003401
2017-12-28,1.481,0.004068
2017-12-29,1.481,0.0
2017-12-31,1.481,0.0
2018-01-02,1.469,-0.008103
2018-01-03,1.462,-0.004765
2018-01-04,1.437,-0.0171
2018-01-05,1.433,-0.002784
2018-01-08,1.437,0.002791
2018-01-09,1.42,-0.01183
2018-01-10,1.405,-0.010563
2018-01-11,1.399,-0.0042699999999999995
2018-01-12,1.384,-0.010722
2018-01-15,1.375,-0.006503
2018-01-16,1.371,-0.002909
2018-01-17,1.381,0.007294
2018-01-18,1.366,-0.010862
2018-01-19,1.366,0.0
2018-01-22,1.381,0.010981000000000001
2018-01-23,1.401,0.014482
2018-01-24,1.391,-0.007138
2018-01-25,1.382,-0.00647
2018-01-26,1.374,-0.005789
2018-01-29,1.354,-0.014556
2018-01-30,1.343,-0.008124
2018-01-31,1.371,0.020849000000000003
2018-02-01,1.334,-0.026987999999999998
2018-02-02,1.323,-0.008246
2018-02-05,1.285,-0.028723000000000002
2018-02-06,1.287,0.0015559999999999999
2018-02-07,1.279,-0.006216
2018-02-08,1.24,-0.030493000000000003
2018-02-09,1.278,0.030645
2018-02-12,1.275,-0.002347
2018-02-13,1.288,0.010196
2018-02-14,1.283,-0.003882
2018-02-22,1.287,0.003118
2018-02-23,1.305,0.013986
2018-02-26,1.305,0.0
2018-02-27,1.273,-0.024521
2018-02-28,1.28,0.005499
2018-03-01,1.285,0.003906
2018-03-02,1.285,0.0
2018-03-05,1.302,0.013229999999999999
2018-03-06,1.307,0.00384
2018-03-07,1.31,0.002295
2018-03-08,1.309,-0.0007630000000000001
2018-03-09,1.317,0.006111999999999999
2018-03-12,1.319,0.0015190000000000002
2018-03-13,1.315,-0.003033
2018-03-14,1.315,0.0
2018-03-15,1.312,-0.002281
2018-03-16,1.325,0.009909
2018-03-19,1.312,-0.009811
2018-03-20,1.306,-0.004573
2018-03-21,1.301,-0.003828
2018-03-22,1.288,-0.009992
2018-03-23,1.267,-0.016304
2018-03-26,1.277,0.007893
2018-03-27,1.274,-0.002349
2018-03-28,1.302,0.021978
2018-03-29,1.304,0.0015359999999999998
2018-04-02,1.28,0.0
2018-04-03,1.291,0.008594000000000001
2018-04-04,1.307,0.012393000000000001
2018-04-09,1.291,-0.012242
2018-04-10,1.295,0.003098
2018-04-11,1.289,-0.004633
2018-04-12,1.271,-0.013964
2018-04-13,1.282,0.008655000000000001
2018-04-16,1.288,0.00468
2018-04-17,1.3,0.009316999999999999
2018-04-18,1.298,-0.0015379999999999999
2018-04-19,1.284,-0.010786
2018-04-20,1.275,-0.007009
2018-04-23,1.275,0.0
2018-04-24,1.284,0.007058999999999999
2018-04-25,1.277,-0.005452
2018-04-26,1.3,0.018011
2018-04-27,1.334,0.026154
2018-05-02,1.338,0.002999
2018-05-03,1.346,0.005979
2018-05-04,1.356,0.007429
2018-05-07,1.365,0.006637
2018-05-08,1.358,-0.005128000000000001
2018-05-09,1.366,0.0058909999999999995
2018-05-10,1.377,0.008053
2018-05-11,1.367,-0.007261999999999999
2018-05-14,1.35,-0.012436000000000001
2018-05-15,1.329,-0.015556
2018-05-16,1.328,-0.0007520000000000001
2018-05-17,1.32,-0.006024000000000001
2018-05-18,1.321,0.0007580000000000001
2018-05-21,1.337,0.012112000000000001
2018-05-22,1.339,0.0014960000000000002
2018-05-23,1.353,0.010456
2018-05-24,1.351,-0.001478
2018-05-25,1.356,0.003701
2018-05-28,1.357,0.000737
2018-05-29,1.363,0.004422
2018-05-30,1.386,0.016875
2018-05-31,1.38,-0.004329
2018-06-01,1.384,0.002899
2018-06-04,1.399,0.010838
2018-06-05,1.393,-0.004289
2018-06-06,1.394,0.000718
2018-06-07,1.391,-0.002152
2018-06-08,1.397,0.004313
2018-06-11,1.396,-0.000716
2018-06-12,1.403,0.005013999999999999
2018-06-13,1.378,-0.017819
2018-06-14,1.386,0.005806
2018-06-19,1.391,0.0
2018-06-20,1.415,0.017254000000000002
2018-06-21,1.426,0.007774
2018-06-22,1.442,0.01122
2018-06-25,1.442,0.0
2018-06-26,1.45,0.005548
2018-06-27,1.453,0.002069
2018-06-28,1.475,0.015141
2018-06-29,1.482,0.004746
2018-06-30,1.482,0.0
2018-07-02,1.475,-0.004723
2018-07-03,1.494,0.012881
2018-07-05,1.504,0.0
2018-07-06,1.513,0.005984000000000001
2018-07-09,1.503,-0.006609
2018-07-10,1.502,-0.000665
2018-07-11,1.497,-0.003329
2018-07-12,1.51,0.008683999999999999
2018-07-13,1.505,-0.003311
2018-07-16,1.499,-0.003987
2018-07-17,1.484,-0.010006999999999999
2018-07-18,1.481,-0.002022
2018-07-19,1.5,0.012829
2018-07-20,1.498,-0.001333
2018-07-23,1.494,-0.00267
2018-07-24,1.496,0.001339
2018-07-25,1.511,0.010027
2018-07-26,1.504,-0.004633
2018-07-27,1.494,-0.006649
2018-07-30,1.502,0.0053549999999999995
2018-07-31,1.527,0.016644000000000003
2018-08-01,1.538,0.007204
2018-08-02,1.521,-0.011053
2018-08-03,1.547,0.017094
2018-08-06,1.553,0.003878
2018-08-07,1.551,-0.001288
2018-08-08,1.545,-0.003868
2018-08-09,1.543,-0.0012939999999999998
2018-08-10,1.531,-0.007776999999999999
2018-08-13,1.537,0.003919000000000001
2018-08-14,1.543,0.0039040000000000004
2018-08-15,1.557,0.009073
2018-08-16,1.573,0.010276
2018-08-17,1.588,0.009536
2018-08-20,1.585,-0.001889
2018-08-21,1.561,-0.015142
2018-08-23,1.547,0.0
2018-08-24,1.562,0.009696
2018-08-27,1.554,-0.005122
2018-08-28,1.562,0.005148000000000001
2018-08-29,1.559,-0.001921
2018-08-30,1.556,-0.001924
2018-08-31,1.564,0.005141
2018-09-04,1.547,0.0
2018-09-05,1.559,0.007756999999999999
2018-09-06,1.561,0.001283
2018-09-07,1.537,-0.015375000000000002
2018-09-10,1.548,0.007157
2018-09-11,1.55,0.0012920000000000002
2018-09-12,1.552,0.0012900000000000001
2018-09-13,1.556,0.002577
2018-09-14,1.539,-0.010925
2018-09-17,1.551,0.007796999999999999
2018-09-18,1.541,-0.0064470000000000005
2018-09-19,1.523,-0.011680999999999999
2018-09-20,1.532,0.005909
2018-09-21,1.53,-0.001305
2018-09-25,1.498,-0.020915
2018-09-26,1.482,-0.010681000000000001
2018-09-27,1.486,0.0026989999999999996
2018-09-28,1.509,0.015478
2018-10-09,1.495,0.0
2018-10-10,1.48,-0.010033
2018-10-11,1.443,-0.025
2018-10-12,1.442,-0.000693
2018-10-15,1.45,0.005548
2018-10-16,1.475,0.017241
2018-10-17,1.468,-0.004746
2018-10-18,1.472,0.002725
2018-10-19,1.486,0.009510999999999999
2018-10-22,1.46,-0.017497
2018-10-23,1.471,0.007534
2018-10-24,1.487,0.010877
2018-10-25,1.508,0.014122
2018-10-26,1.48,-0.018568
2018-10-29,1.497,0.011486000000000001
2018-10-30,1.512,0.01002
2018-10-31,1.498,-0.009259
2018-11-01,1.504,0.004005
2018-11-02,1.477,-0.017952
2018-11-05,1.494,0.01151
2018-11-06,1.506,0.008032000000000001
2018-11-07,1.52,0.009296
2018-11-08,1.527,0.004605000000000001
2018-11-09,1.535,0.005239000000000001
2018-11-12,1.539,0.002606
2018-11-13,1.545,0.003899
2018-11-14,1.537,-0.005178
2018-11-15,1.521,-0.010409999999999999
2018-11-16,1.535,0.009204
2018-11-19,1.533,-0.001303
2018-11-20,1.519,-0.009132
2018-11-21,1.517,-0.001317
2018-11-22,1.516,-0.000659
2018-11-23,1.514,-0.0013189999999999999
2018-11-26,1.515,0.000661
2018-11-27,1.522,0.00462
2018-11-28,1.54,0.011827
2018-11-29,1.538,-0.0012989999999999998
2018-11-30,1.557,0.012354
2018-12-03,1.568,0.007065
2018-12-04,1.536,-0.020408
2018-12-05,1.526,-0.00651
2018-12-06,1.564,0.024902
2018-12-07,1.543,-0.013427
2018-12-10,1.531,-0.007776999999999999
2018-12-11,1.538,0.004572
2018-12-12,1.507,-0.020156
2018-12-13,1.506,-0.000664
2018-12-14,1.502,-0.002656
2018-12-17,1.446,-0.037284000000000005
2018-12-18,1.456,0.006916
2018-12-19,1.437,-0.013049
2018-12-20,1.419,-0.012525999999999999
2018-12-21,1.403,-0.011276
2018-12-24,1.352,-0.036351
2018-12-25,1.351,-0.00074
2018-12-26,1.392,0.030348
2018-12-27,1.395,0.002155
2018-12-28,1.391,-0.002867
2018-12-31,1.395,0.0
2019-01-02,1.356,-0.025162
2019-01-03,1.366,0.0073750000000000005
2019-01-04,1.379,0.009517
2019-01-07,1.392,0.009427
2019-01-08,1.421,0.020833
2019-01-09,1.422,0.0007040000000000001
2019-01-10,1.433,0.007736
2019-01-11,1.429,-0.002791
2019-01-14,1.416,-0.009097
2019-01-15,1.43,0.009887
2019-01-16,1.439,0.006293999999999999
2019-01-17,1.443,0.0027800000000000004
2019-01-18,1.453,0.0069299999999999995
2019-01-21,1.455,0.001376
2019-01-22,1.452,-0.002062
2019-01-23,1.455,0.002066
2019-01-24,1.451,-0.0027489999999999997
2019-01-25,1.475,0.01654
2019-01-28,1.48,0.0033900000000000002
2019-01-29,1.491,0.007431999999999999
2019-01-30,1.505,0.009389999999999999
2019-01-31,1.512,0.004651
2019-02-01,1.5,-0.007937
2019-02-11,1.537,0.024666999999999998
2019-02-12,1.529,-0.0052049999999999996
2019-02-13,1.535,0.003924
2019-02-14,1.536,0.0006510000000000001
2019-02-15,1.541,0.003255
2019-02-18,1.541,0.0
2019-02-19,1.542,0.000649
2019-02-20,1.522,-0.012969999999999999
2019-02-21,1.513,-0.005913000000000001
2019-02-22,1.524,0.0072699999999999996
2019-02-25,1.512,-0.007873999999999999
2019-02-26,1.5,-0.007937
2019-02-27,1.492,-0.005333
2019-02-28,1.496,0.0026810000000000002
2019-03-01,1.484,-0.008021
2019-03-04,1.493,0.006065
2019-03-05,1.498,0.0033489999999999995
2019-03-06,1.492,-0.004005
2019-03-07,1.492,0.0
2019-03-08,1.496,0.0026810000000000002
2019-03-11,1.515,0.012701
2019-03-12,1.525,0.006601
2019-03-13,1.533,0.005246
2019-03-14,1.533,0.0
2019-03-15,1.523,-0.006523
2019-03-18,1.511,-0.007879
2019-03-19,1.501,-0.006618000000000001
2019-03-20,1.506,0.003331
2019-03-21,1.527,0.013944000000000002
2019-03-22,1.52,-0.0045839999999999995
2019-03-25,1.523,0.001974
2019-03-26,1.536,0.008536
2019-03-27,1.531,-0.003255
2019-03-28,1.548,0.011104000000000001
2019-03-29,1.543,-0.0032300000000000002
2019-04-01,1.542,-0.0006479999999999999
2019-04-02,1.545,0.001946
2019-04-03,1.545,0.0
2019-04-04,1.538,-0.004531
2019-04-08,1.532,-0.003901
2019-04-09,1.523,-0.005875
2019-04-10,1.537,0.009192
2019-04-11,1.532,-0.003253
2019-04-12,1.543,0.00718
2019-04-15,1.532,-0.007129
2019-04-16,1.495,-0.024151
2019-04-17,1.482,-0.008696
2019-04-18,1.493,0.007422
2019-04-19,1.496,0.002009
2019-04-22,1.479,-0.011364
2019-04-23,1.497,0.01217
2019-04-24,1.513,0.010688
2019-04-25,1.514,0.000661
2019-04-26,1.522,0.005284
2019-04-29,1.508,-0.009198
2019-04-30,1.521,0.008621
2019-05-06,1.532,0.007232
2019-05-07,1.511,-0.013708
2019-05-08,1.506,-0.0033090000000000003
2019-05-09,1.514,0.005312
2019-05-10,1.534,0.01321
2019-05-13,1.538,0.0026079999999999996
2019-05-14,1.55,0.007802
2019-05-15,1.564,0.009032
2019-05-16,1.57,0.003836
2019-05-17,1.572,0.0012740000000000002
2019-05-20,1.558,-0.008905999999999999
2019-05-21,1.57,0.007702
2019-05-22,1.57,0.0
2019-05-23,1.573,0.001911
2019-05-24,1.576,0.001907
2019-05-28,1.557,0.0
2019-05-29,1.536,-0.013487
2019-05-30,1.54,0.0026040000000000004
2019-05-31,1.547,0.004545
2019-06-03,1.548,0.0006460000000000001
2019-06-04,1.539,-0.005814000000000001
2019-06-06,1.576,0.0
2019-06-10,1.572,-0.0025380000000000003
2019-06-11,1.574,0.0012720000000000001
2019-06-12,1.576,0.001271
2019-06-13,1.588,0.007613999999999999
2019-06-14,1.584,-0.002519
2019-06-17,1.607,0.01452
2019-06-18,1.597,-0.006222999999999999
2019-06-19,1.606,0.0056359999999999995
2019-06-20,1.613,0.004359
2019-06-21,1.584,-0.017979000000000002
2019-06-24,1.572,-0.007576
2019-06-25,1.558,-0.008905999999999999
2019-06-26,1.529,-0.018614
2019-06-27,1.547,0.011772
2019-06-28,1.553,0.003878
2019-06-30,1.553,0.0
2019-07-01,1.545,-0.005151
2019-07-02,1.57,0.016181
2019-07-03,1.594,0.015287
2019-07-05,1.587,0.0
2019-07-08,1.598,0.0069310000000000005
2019-07-09,1.604,0.003755
2019-07-10,1.614,0.006234
2019-07-11,1.59,-0.014870000000000001
2019-07-12,1.584,-0.003774
2019-07-15,1.585,0.000631
2019-07-16,1.585,0.0
2019-07-17,1.583,-0.001262
2019-07-18,1.588,0.0031590000000000003
2019-07-19,1.553,-0.02204
2019-07-22,1.553,0.0
2019-07-23,1.574,0.013522000000000001
2019-07-24,1.575,0.000635
2019-07-25,1.562,-0.008254000000000001
2019-07-26,1.565,0.001921
2019-07-29,1.573,0.005112
2019-07-30,1.579,0.003814
2019-07-31,1.57,-0.005699999999999999
2019-08-01,1.57,0.0
2019-08-02,1.578,0.005096000000000001
2019-08-05,1.558,-0.012674000000000001
2019-08-06,1.58,0.014121
2019-08-07,1.601,0.013290999999999999
2019-08-08,1.626,0.015615
2019-08-09,1.625,-0.000615
2019-08-12,1.623,-0.001231
2019-08-13,1.629,0.0036969999999999998
2019-08-14,1.611,-0.011049999999999999
2019-08-15,1.627,0.009932
2019-08-16,1.642,0.009219
2019-08-19,1.654,0.007308
2019-08-20,1.637,-0.010278
2019-08-21,1.638,0.000611
2019-08-22,1.647,0.005495
2019-08-23,1.626,-0.01275
2019-08-26,1.636,0.00615
2019-08-27,1.635,-0.000611
2019-08-28,1.642,0.004281
2019-08-29,1.657,0.009134999999999999
2019-08-30,1.664,0.004225
2019-09-02,1.663,-0.000601
2019-09-03,1.676,0.007817
2019-09-04,1.688,0.00716
2019-09-05,1.678,-0.0059240000000000004
2019-09-06,1.682,0.002384
2019-09-09,1.683,0.0005949999999999999
2019-09-10,1.669,-0.008317999999999999
2019-09-11,1.671,0.001198
2019-09-12,1.675,0.002394
2019-09-16,1.669,-0.003582
2019-09-17,1.681,0.007189999999999999
2019-09-18,1.671,-0.005948999999999999
2019-09-19,1.669,-0.001197
2019-09-20,1.666,-0.001797
2019-09-23,1.669,0.001801
2019-09-24,1.666,-0.001797
2019-09-25,1.678,0.007203
2019-09-26,1.694,0.009535
2019-09-27,1.69,-0.0023610000000000003
2019-09-30,1.686,-0.0023669999999999997
2019-10-08,1.668,-0.010676000000000001
2019-10-09,1.672,0.002398
2019-10-10,1.669,-0.001794
2019-10-11,1.669,0.0
2019-10-14,1.668,-0.000599
2019-10-15,1.678,0.005995
2019-10-16,1.678,0.0
2019-10-17,1.678,0.0
2019-10-18,1.68,0.001192
2019-10-21,1.696,0.009524
2019-10-22,1.698,0.0011790000000000001
2019-10-23,1.71,0.007067
2019-10-24,1.707,-0.001754
2019-10-25,1.678,-0.016989
2019-10-28,1.659,-0.011323000000000001
2019-10-29,1.661,0.001206
2019-10-30,1.669,0.004816
2019-10-31,1.666,-0.001797
2019-11-01,1.661,-0.0030009999999999998
2019-11-04,1.652,-0.005417999999999999
2019-11-05,1.627,-0.015133
2019-11-06,1.624,-0.0018440000000000002
2019-11-07,1.608,-0.009852
2019-11-08,1.599,-0.0055969999999999995
2019-11-11,1.597,-0.001251
2019-11-12,1.581,-0.010019
2019-11-13,1.594,0.008223000000000001
2019-11-14,1.611,0.010665000000000001
2019-11-15,1.615,0.002483
2019-11-18,1.619,0.002477
2019-11-19,1.618,-0.0006180000000000001
2019-11-20,1.615,-0.0018540000000000002
2019-11-21,1.596,-0.011765000000000001
2019-11-22,1.6,0.002506
2019-11-25,1.602,0.00125
2019-11-26,1.621,0.011859999999999999
2019-11-27,1.626,0.003085
2019-11-28,1.625,-0.000615
2019-11-29,1.617,-0.004923
2019-12-02,1.592,-0.015461
2019-12-03,1.606,0.008794
2019-12-04,1.614,0.004981
2019-12-05,1.62,0.003717
2019-12-06,1.624,0.0024690000000000003
2019-12-09,1.627,0.0018470000000000001
2019-12-10,1.62,-0.004302
2019-12-11,1.598,-0.013580000000000002
2019-12-12,1.57,-0.017522
2019-12-13,1.564,-0.003822
2019-12-16,1.564,0.0
2019-12-17,1.554,-0.0063939999999999995
2019-12-18,1.568,0.009009
2019-12-19,1.58,0.007653
2019-12-20,1.586,0.003797
2019-12-23,1.582,-0.002522
2019-12-24,1.586,0.0025280000000000003
2019-12-26,1.589,0.0
2019-12-27,1.593,0.0025169999999999997
2019-12-30,1.591,-0.001255
2019-12-31,1.604,0.008171000000000001
2020-01-02,1.577,-0.016833
2020-01-03,1.593,0.010145999999999999
2020-01-06,1.6,0.004394
2020-01-07,1.584,-0.01
2020-01-08,1.581,-0.001894
2020-01-09,1.58,-0.000633
2020-01-10,1.586,0.003797
2020-01-13,1.603,0.010719000000000001
2020-01-14,1.591,-0.0074860000000000005
2020-01-15,1.6,0.005657
2020-01-16,1.617,0.010625
2020-01-17,1.619,0.001237
2020-01-21,1.628,0.0
2020-01-22,1.615,-0.007984999999999999
2020-01-23,1.635,0.0
2020-02-03,1.597,-0.023242
2020-02-04,1.63,0.020664
2020-02-05,1.631,0.000613
2020-02-06,1.64,0.0055179999999999995
2020-02-07,1.63,-0.006098
2020-02-10,1.649,0.011656
2020-02-11,1.65,0.000606
2020-02-12,1.649,-0.000606
2020-02-13,1.658,0.005457999999999999
2020-02-14,1.681,0.013872
2020-02-18,1.686,0.0
2020-02-19,1.652,-0.020166
2020-02-20,1.672,0.012107000000000001
2020-02-21,1.681,0.005383
2020-02-24,1.657,-0.014277
2020-02-25,1.598,-0.035607
2020-02-26,1.587,-0.006884
2020-02-27,1.519,-0.042848
2020-02-28,1.49,-0.019092
2020-03-02,1.53,0.026846000000000002
2020-03-03,1.521,-0.005881999999999999
2020-03-04,1.565,0.028928
2020-03-05,1.536,-0.01853
2020-03-06,1.507,-0.018879999999999997
2020-03-09,1.418,-0.059058
2020-03-10,1.465,0.033145
2020-03-11,1.397,-0.046416000000000006
2020-03-12,1.293,-0.074445
2020-03-13,1.379,0.066512
2020-03-16,1.206,-0.12545299999999998
2020-03-17,1.26,0.044775999999999996
2020-03-18,1.202,-0.046032000000000003
2020-03-19,1.196,-0.004992
2020-03-20,1.162,-0.028428
2020-03-23,1.129,-0.028399
2020-03-24,1.201,0.063773
2020-03-25,1.246,0.037469
2020-03-26,1.316,0.05618
2020-03-27,1.312,-0.0030399999999999997
2020-03-30,1.333,0.016006
2020-03-31,1.323,-0.007502
2020-04-01,1.253,-0.052910000000000006
2020-04-02,1.266,0.010375
2020-04-03,1.266,0.0
2020-04-07,1.316,0.039494
2020-04-08,1.361,0.034195
2020-04-09,1.412,0.037472
2020-04-10,1.408,-0.002833
2020-04-13,1.35,-0.041193
2020-04-14,1.393,0.031852
2020-04-15,1.346,-0.03374
2020-04-16,1.349,0.002229
2020-04-17,1.376,0.020015
2020-04-20,1.339,-0.02689
2020-04-21,1.331,-0.005975
2020-04-22,1.352,0.015778
2020-04-23,1.334,-0.013314
2020-04-24,1.336,0.0014990000000000001
2020-04-27,1.366,0.022455
2020-04-28,1.372,0.004392
2020-04-29,1.379,0.005102
2020-04-30,1.367,-0.008702
2020-05-06,1.303,-0.046818
2020-05-07,1.324,0.016117
2020-05-08,1.348,0.018127
2020-05-11,1.337,-0.008159999999999999
2020-05-12,1.282,-0.041137
2020-05-13,1.257,-0.019501
2020-05-14,1.255,-0.001591
2020-05-15,1.246,-0.007170999999999999
2020-05-18,1.303,0.045746
2020-05-19,1.277,-0.019954
2020-05-20,1.294,0.013312
2020-05-21,1.286,-0.006182
2020-05-22,1.297,0.008554
2020-05-25,1.301,0.003084
2020-05-26,1.346,0.034589
2020-05-27,1.367,0.015602
2020-05-28,1.385,0.013168
2020-05-29,1.377,-0.005776
2020-06-01,1.401,0.017429
2020-06-02,1.407,0.004283
2020-06-03,1.447,0.028429000000000003
2020-06-04,1.429,-0.01244
2020-06-05,1.476,0.03289
2020-06-08,1.506,0.020325000000000003
2020-06-09,1.479,-0.017928
2020-06-10,1.451,-0.018932
2020-06-11,1.372,-0.05444499999999999
2020-06-12,1.416,0.03207
2020-06-15,1.432,0.011298999999999998
2020-06-16,1.457,0.017458
2020-06-17,1.444,-0.008922
2020-06-18,1.427,-0.011773
2020-06-19,1.405,-0.015417
2020-06-22,1.409,0.002847
2020-06-23,1.397,-0.008517
2020-06-24,1.361,-0.02577
2020-06-29,1.375,0.010287
2020-06-30,1.393,0.013090999999999998
2020-07-01,1.422,0.020818
2020-07-02,1.418,-0.002813
2020-07-03,1.42,0.0014099999999999998
2020-07-06,1.419,-0.0007040000000000001
2020-07-07,1.385,-0.023961
2020-07-08,1.379,-0.004332
2020-07-09,1.369,-0.007252
2020-07-10,1.373,0.002922
2020-07-13,1.362,-0.008012
2020-07-14,1.372,0.007342
2020-07-15,1.383,0.008017
2020-07-16,1.361,-0.015907
2020-07-17,1.38,0.013959999999999998
2020-07-20,1.361,-0.013768
2020-07-21,1.365,0.0029389999999999998
2020-07-22,1.38,0.010989
2020-07-23,1.373,-0.005072
2020-07-24,1.363,-0.0072829999999999995
2020-07-27,1.375,0.008804
2020-07-28,1.398,0.016727000000000002
2020-07-29,1.42,0.015737
2020-07-30,1.407,-0.009155
2020-07-31,1.408,0.0007109999999999999
2020-08-03,1.391,-0.012074
2020-08-04,1.409,0.01294
2020-08-05,1.396,-0.009226
2020-08-06,1.388,-0.005731000000000001
2020-08-07,1.4,0.008646000000000001
2020-08-11,1.395,0.0
2020-08-12,1.402,0.005018
2020-08-13,1.383,-0.013552
2020-08-14,1.385,0.001446
2020-08-17,1.394,0.006498
2020-08-18,1.386,-0.005738999999999999
2020-08-19,1.358,-0.020202
2020-08-20,1.374,0.011781999999999999
2020-08-21,1.369,-0.003639
2020-08-24,1.382,0.0095
2020-08-25,1.39,0.0058
2020-08-26,1.374,-0.0115
2020-08-27,1.388,0.0102
2020-08-28,1.394,0.0043
2020-08-31,1.38,-0.01
2020-09-01,1.37,-0.0072
2020-09-02,1.386,0.011699999999999999
2020-09-03,1.373,-0.009399999999999999
2020-09-04,1.373,0.0
2020-09-08,1.355,0.0
2020-09-09,1.369,0.0103
2020-09-10,1.346,-0.0168
2020-09-11,1.341,-0.0037
2020-09-14,1.367,0.0194
2020-09-15,1.383,0.011699999999999999
2020-09-16,1.393,0.0072
2020-09-17,1.356,-0.026600000000000002
2020-09-18,1.327,-0.021400000000000002
2020-09-21,1.288,-0.0294
2020-09-22,1.305,0.0132
2020-09-23,1.275,-0.023
2020-09-24,1.282,0.0055000000000000005
2020-09-25,1.304,0.0172
2020-09-28,1.338,0.026099999999999998
2020-09-29,1.328,-0.0075
2020-09-30,1.33,0.0015
2020-10-09,1.389,0.0444
2020-10-12,1.384,-0.0036
2020-10-13,1.362,-0.0159
2020-10-14,1.351,-0.008100000000000001
2020-10-15,1.354,0.0022
2020-10-16,1.345,-0.0066
2020-10-19,1.321,-0.0178
2020-10-20,1.327,0.0045000000000000005
2020-10-21,1.319,-0.006
2020-10-22,1.315,-0.003
2020-10-23,1.332,0.0129
2020-10-26,1.315,-0.0128
2020-10-27,1.301,-0.0106
2020-10-28,1.276,-0.0192
2020-10-29,1.287,0.0086
2020-10-30,1.281,-0.004699999999999999
2020-11-02,1.303,0.0172
2020-11-03,1.327,0.0184
2020-11-04,1.325,-0.0015
2020-11-05,1.329,0.003
2020-11-06,1.307,-0.0166
2020-11-09,1.352,0.0344
2020-11-10,1.366,0.0104
2020-11-11,1.381,0.011000000000000001
2020-11-12,1.363,-0.013000000000000001
2020-11-13,1.396,0.0242
2020-11-16,1.414,0.0129
2020-11-17,1.414,0.0
2020-11-18,1.38,-0.024
2020-11-19,1.385,0.0036
2020-11-20,1.394,0.006500000000000001
2020-11-23,1.398,0.0029
2020-11-24,1.397,-0.0007000000000000001
2020-11-25,1.394,-0.0021
2020-11-27,1.39,0.0
2020-11-30,1.372,-0.0129
2020-12-01,1.394,0.016
2020-12-02,1.375,-0.013600000000000001
2020-12-03,1.389,0.0102
2020-12-04,1.411,0.0158
2020-12-07,1.392,-0.013500000000000002
2020-12-08,1.384,-0.005699999999999999
2020-12-09,1.371,-0.009399999999999999
2020-12-10,1.373,0.0015
2020-12-11,1.363,-0.0073
2020-12-14,1.355,-0.0059
2020-12-15,1.383,0.0207
2020-12-16,1.376,-0.0051
2020-12-17,1.394,0.0131
2020-12-18,1.358,-0.0258
2020-12-21,1.357,-0.0007000000000000001
2020-12-22,1.362,0.0037
2020-12-23,1.355,-0.0051
2020-12-24,1.365,0.0074
2020-12-28,1.371,0.0
2020-12-29,1.361,-0.0073
2020-12-30,1.366,0.0037
2020-12-31,1.379,0.0095
2021-01-04,1.339,-0.028999999999999998
2021-01-05,1.325,-0.0105
2021-01-06,1.319,-0.0045000000000000005
2021-01-07,1.32,0.0008
2021-01-08,1.335,0.011399999999999999
2021-01-11,1.317,-0.013500000000000002
2021-01-12,1.323,0.0046
2021-01-13,1.338,0.0113
2021-01-14,1.358,0.0149
2021-01-15,1.37,0.0088
2021-01-18,1.374,0.0029
2021-01-19,1.371,-0.0022
2021-01-20,1.392,0.015300000000000001
2021-01-21,1.383,-0.006500000000000001
2021-01-22,1.384,0.0007000000000000001
2021-01-25,1.399,0.0108
2021-01-26,1.418,0.013600000000000001
2021-01-27,1.389,-0.020499999999999997
2021-01-28,1.393,0.0029
2021-01-29,1.377,-0.0115
2021-02-01,1.397,0.014499999999999999
2021-02-02,1.409,0.0086
2021-02-03,1.404,-0.0034999999999999996
2021-02-04,1.41,0.0043
2021-02-05,1.425,0.0106
2021-02-08,1.436,0.0077
2021-02-09,1.445,0.0063
2021-02-10,1.448,0.0021
2021-02-18,1.424,-0.0166
2021-02-19,1.432,0.005600000000000001
2021-02-22,1.443,0.0077
2021-02-23,1.465,0.0152
2021-02-24,1.477,0.008199999999999999
2021-02-25,1.452,-0.0169
2021-02-26,1.429,-0.0158
2021-03-01,1.437,0.005600000000000001
2021-03-02,1.42,-0.0118
2021-03-03,1.41,-0.006999999999999999
2021-03-04,1.396,-0.009899999999999999
2021-03-05,1.416,0.0143
2021-03-08,1.423,0.0049
2021-03-09,1.446,0.016200000000000003
2021-03-10,1.454,0.0055000000000000005
2021-03-11,1.465,0.0076
2021-03-12,1.487,0.015
2021-03-15,1.505,0.0121
2021-03-16,1.502,-0.002
2021-03-17,1.496,-0.004
2021-03-18,1.491,-0.0033
2021-03-19,1.477,-0.009399999999999999
2021-03-22,1.483,0.0040999999999999995
2021-03-23,1.479,-0.0027
2021-03-24,1.478,-0.0007000000000000001
2021-03-25,1.49,0.008100000000000001
2021-03-26,1.523,0.022099999999999998
2021-03-29,1.516,-0.0046
2021-03-30,1.518,0.0013
2021-03-31,1.507,-0.0072
2021-04-01,1.527,0.013300000000000001
2021-04-02,1.528,0.0007000000000000001
2021-04-06,1.535,0.0046
2021-04-07,1.531,-0.0026
2021-04-08,1.526,-0.0033
2021-04-09,1.528,0.0013
2021-04-12,1.535,0.0046
2021-04-13,1.54,0.0033
2021-04-14,1.525,-0.0097
2021-04-15,1.545,0.0131
2021-04-16,1.549,0.0026
2021-04-19,1.552,0.0019
2021-04-20,1.563,0.0070999999999999995
2021-04-21,1.571,0.0051
2021-04-22,1.556,-0.0095
2021-04-23,1.561,0.0032
2021-04-26,1.568,0.0045000000000000005
2021-04-27,1.57,0.0013
2021-04-28,1.564,-0.0038
2021-04-29,1.571,0.0045000000000000005
2021-04-30,1.581,0.0064
2021-05-06,1.556,-0.0158
2021-05-07,1.565,0.0058
2021-05-10,1.563,-0.0013
2021-05-11,1.543,-0.0128
2021-05-12,1.511,-0.0207
2021-05-13,1.537,0.0172
2021-05-14,1.55,0.0085
2021-05-17,1.544,-0.0039000000000000003
2021-05-18,1.556,0.0078000000000000005
2021-05-19,1.544,-0.0077
2021-05-20,1.566,0.014199999999999999
2021-05-21,1.567,0.0006
2021-05-24,1.587,0.0128
2021-05-25,1.586,-0.0006
2021-05-26,1.582,-0.0025
2021-05-27,1.579,-0.0019
2021-05-28,1.585,0.0038
2021-05-31,1.581,-0.0025
2021-06-01,1.607,0.016399999999999998
2021-06-02,1.632,0.015600000000000001
2021-06-03,1.631,-0.0006
2021-06-04,1.636,0.0031
2021-06-07,1.653,0.0104
2021-06-08,1.662,0.0054
2021-06-09,1.66,-0.0012
2021-06-10,1.679,0.011399999999999999
2021-06-11,1.669,-0.006
2021-06-15,1.665,-0.0024
2021-06-16,1.655,-0.006
2021-06-17,1.661,0.0036
2021-06-18,1.634,-0.0163
2021-06-21,1.671,0.0226
2021-06-22,1.664,-0.0042
2021-06-23,1.663,-0.0006
2021-06-24,1.66,-0.0018
2021-06-25,1.671,0.0066
2021-06-28,1.654,-0.0102
2021-06-29,1.649,-0.003
2021-06-30,1.64,-0.0055000000000000005
2021-07-01,1.647,0.0043
2021-07-02,1.656,0.0055000000000000005
2021-07-05,1.655,-0.0006
2021-07-06,1.667,0.0073
2021-07-07,1.672,0.003
2021-07-08,1.668,-0.0024
2021-07-09,1.699,0.018600000000000002
2021-07-12,1.716,0.01
2021-07-13,1.688,-0.0163
2021-07-14,1.7,0.0070999999999999995
2021-07-15,1.701,0.0006
2021-07-16,1.702,0.0006
2021-07-19,1.67,-0.018799999999999997
2021-07-20,1.715,0.0269
2021-07-21,1.711,-0.0023
2021-07-22,1.688,-0.0134
2021-07-23,1.702,0.0083
2021-07-26,1.701,-0.0006
2021-07-27,1.71,0.0053
2021-07-28,1.712,0.0012
2021-07-29,1.71,-0.0012
2021-07-30,1.705,-0.0029
2021-08-02,1.701,-0.0023
2021-08-03,1.707,0.0034999999999999996
2021-08-04,1.7,-0.0040999999999999995
2021-08-05,1.723,0.013500000000000002
2021-08-06,1.719,-0.0023
2021-08-09,1.714,-0.0029
2021-08-10,1.69,-0.013999999999999999
2021-08-11,1.7,0.0059
2021-08-12,1.702,0.0012
2021-08-13,1.712,0.0059
2021-08-16,1.708,-0.0023
2021-08-17,1.709,0.0006
2021-08-18,1.695,-0.008199999999999999
2021-08-19,1.705,0.0059
2021-08-20,1.713,0.004699999999999999
2021-08-23,1.707,-0.0034999999999999996
2021-08-24,1.695,-0.006999999999999999
2021-08-25,1.69,-0.0029
2021-08-26,1.691,0.0006
2021-08-27,1.713,0.013000000000000001
2021-08-30,1.722,0.0053
2021-08-31,1.731,0.0052
2021-09-01,1.758,0.015600000000000001
2021-09-02,1.758,0.0
2021-09-03,1.751,-0.004
2021-09-06,1.75,-0.0006
2021-09-07,1.735,-0.0086
2021-09-08,1.744,0.0052
2021-09-09,1.701,-0.024700000000000003
2021-09-10,1.672,-0.017
2021-09-13,1.683,0.0066
2021-09-14,1.676,-0.0042
2021-09-15,1.683,0.0042
2021-09-16,1.68,-0.0018
2021-09-17,1.673,-0.0042
2021-09-22,1.67,-0.0018
2021-09-23,1.672,0.0012
2021-09-24,1.649,-0.0138
2021-09-27,1.628,-0.0127
2021-09-28,1.616,-0.0074
2021-09-29,1.624,0.005
2021-09-30,1.603,-0.0129
2021-10-08,1.612,0.005600000000000001
2021-10-11,1.614,0.0012
2021-10-12,1.638,0.0149
2021-10-13,1.655,0.0104
2021-10-14,1.667,0.0073
2021-10-15,1.668,0.0006
2021-10-18,1.668,0.0
2021-10-19,1.671,0.0018
2021-10-20,1.693,0.0132
2021-10-21,1.691,-0.0012
2021-10-22,1.701,0.0059
2021-10-25,1.697,-0.0024
2021-10-26,1.705,0.004699999999999999
2021-10-27,1.684,-0.0123
2021-10-28,1.708,0.0143
2021-10-29,1.693,-0.0088
2021-11-01,1.712,0.011200000000000002
2021-11-02,1.719,0.0040999999999999995
2021-11-03,1.742,0.0134
2021-11-04,1.718,-0.0138
2021-11-05,1.734,0.009300000000000001
2021-11-08,1.733,-0.0006
2021-11-09,1.734,0.0006
2021-11-10,1.727,-0.004
2021-11-11,1.739,0.0069
2021-11-12,1.736,-0.0017000000000000001
2021-11-15,1.748,0.0069
2021-11-16,1.735,-0.0074
2021-11-17,1.746,0.0063
2021-11-18,1.747,0.0006
2021-11-19,1.736,-0.0063
2021-11-22,1.738,0.0012
2021-11-23,1.744,0.0034999999999999996
2021-11-24,1.759,0.0086
2021-11-25,1.761,0.0011
2021-11-26,1.707,-0.030699999999999998
2021-11-29,1.723,0.009399999999999999
2021-11-30,1.692,-0.018000000000000002
2021-12-01,1.66,-0.0189
2021-12-02,1.704,0.0265
2021-12-03,1.696,-0.004699999999999999
2021-12-06,1.725,0.0171
2021-12-07,1.746,0.012199999999999999
2021-12-08,1.756,0.005699999999999999
2021-12-09,1.721,-0.0199
2021-12-10,1.727,0.0034999999999999996
2021-12-13,1.743,0.009300000000000001
2021-12-14,1.725,-0.0103
2021-12-15,1.748,0.013300000000000001
2021-12-16,1.743,-0.0029
2021-12-17,1.743,0.0
2021-12-20,1.734,-0.0052
2021-12-21,1.751,0.0098
2021-12-22,1.762,0.0063
2021-12-23,1.758,-0.0023
2021-12-24,1.759,0.0006
2021-12-27,1.789,0.0171
2021-12-28,1.795,0.0034000000000000002
2021-12-29,1.805,0.005600000000000001
2021-12-30,1.812,0.0039000000000000003
2021-12-31,1.817,0.0028000000000000004
2022-01-04,1.819,0.0011
2022-01-05,1.77,-0.0269
2022-01-06,1.769,-0.0006
2022-01-07,1.76,-0.0051
2022-01-10,1.744,-0.0091
2022-01-11,1.742,-0.0011
2022-01-12,1.743,0.0006
2022-01-13,1.74,-0.0017000000000000001
2022-01-14,1.722,-0.0103
2022-01-17,1.72,-0.0012
2022-01-18,1.7,-0.0116
2022-01-19,1.672,-0.0165
2022-01-20,1.644,-0.0167
2022-01-21,1.635,-0.0055000000000000005
2022-01-24,1.63,-0.0031
2022-01-25,1.625,-0.0031
2022-01-26,1.598,-0.0166
2022-01-27,1.574,-0.015
2022-01-28,1.626,0.033
2022-02-07,1.623,-0.0018
2022-02-08,1.604,-0.011699999999999999
2022-02-09,1.643,0.024300000000000002
2022-02-10,1.608,-0.0213
2022-02-11,1.599,-0.005600000000000001
2022-02-14,1.585,-0.0088
2022-02-15,1.601,0.0101
2022-02-16,1.607,0.0037
2022-02-17,1.595,-0.0075
2022-02-18,1.585,-0.0063
2022-02-21,1.586,0.0006
2022-02-22,1.58,-0.0038
2022-02-23,1.543,-0.023399999999999997
2022-02-24,1.571,0.0181
2022-02-25,1.603,0.0204
2022-02-28,1.58,-0.0143
2022-03-01,1.568,-0.0076
2022-03-02,1.599,0.019799999999999998
2022-03-03,1.599,0.0
2022-03-04,1.609,0.0063
2022-03-07,1.581,-0.0174
2022-03-08,1.571,-0.0063
2022-03-09,1.602,0.0197
2022-03-10,1.602,0.0
2022-03-11,1.59,-0.0075
2022-03-14,1.582,-0.005
2022-03-15,1.598,0.0101
2022-03-16,1.615,0.0106
2022-03-17,1.625,0.0062
2022-03-18,1.626,0.0006
2022-03-21,1.622,-0.0025
2022-03-22,1.628,0.0037
2022-03-23,1.609,-0.011699999999999999
2022-03-24,1.622,0.008100000000000001
2022-03-25,1.643,0.0129
2022-03-28,1.657,0.0085
2022-03-29,1.701,0.026600000000000002
2022-03-30,1.685,-0.009399999999999999
2022-03-31,1.659,-0.0154
2022-04-01,1.689,0.0181
2022-04-06,1.676,-0.0077
2022-04-07,1.648,-0.0167
2022-04-08,1.651,0.0018
2022-04-11,1.635,-0.0097
2022-04-12,1.635,0.0
2022-04-13,1.653,0.011000000000000001
2022-04-14,1.634,-0.0115
2022-04-15,1.643,0.0055000000000000005
2022-04-18,1.631,-0.0073
2022-04-19,1.662,0.019
2022-04-20,1.686,0.0144
2022-04-21,1.681,-0.003
2022-04-22,1.673,-0.0048
2022-04-25,1.685,0.0072
2022-04-26,1.677,-0.004699999999999999
2022-04-27,1.66,-0.0101
2022-04-28,1.69,0.0181
2022-04-29,1.63,-0.0355
2022-05-05,1.594,-0.022099999999999998
2022-05-06,1.601,0.0044
2022-05-09,1.553,-0.03
2022-05-10,1.539,-0.009000000000000001
2022-05-11,1.535,-0.0026
2022-05-12,1.549,0.0091
2022-05-13,1.596,0.030299999999999997
2022-05-16,1.589,-0.0044
2022-05-17,1.613,0.0151
2022-05-18,1.555,-0.036000000000000004
2022-05-19,1.54,-0.0096
2022-05-20,1.535,-0.0032
2022-05-23,1.527,-0.0052
2022-05-24,1.528,0.0007000000000000001
2022-05-25,1.551,0.0151
2022-05-26,1.566,0.0097
2022-05-27,1.62,0.0345
2022-05-30,1.611,-0.005600000000000001
2022-05-31,1.585,-0.0161
2022-06-01,1.577,-0.005
2022-06-02,1.606,0.0184
2022-06-06,1.575,-0.019299999999999998
2022-06-07,1.589,0.0089
2022-06-08,1.553,-0.0227
2022-06-09,1.52,-0.0212
2022-06-10,1.483,-0.024300000000000002
2022-06-13,1.414,-0.04650000000000001
2022-06-14,1.416,0.0014000000000000002
2022-06-15,1.453,0.026099999999999998
2022-06-16,1.4,-0.0365
2022-06-17,1.401,0.0007000000000000001
2022-06-20,1.405,0.0029
2022-06-21,1.407,0.0014000000000000002
2022-06-22,1.418,0.0078000000000000005
2022-06-23,1.437,0.0134
2022-06-24,1.472,0.024399999999999998
2022-06-27,1.463,-0.0060999999999999995
2022-06-28,1.449,-0.0096
2022-06-29,1.436,-0.009000000000000001
2022-06-30,1.432,-0.0028000000000000004
2022-07-01,1.452,0.013999999999999999
2022-07-04,1.456,0.0028000000000000004
2022-07-05,1.46,0.0027
2022-07-06,1.456,-0.0027
2022-07-07,1.467,0.0076
2022-07-08,1.454,-0.0089
2022-07-11,1.443,-0.0076
2022-07-12,1.45,0.0049
2022-07-13,1.441,-0.0062
2022-07-14,1.425,-0.0111
2022-07-15,1.452,0.0189
2022-07-18,1.452,0.0
2022-07-19,1.494,0.028900000000000002
2022-07-20,1.494,0.0
2022-07-21,1.502,0.0054
2022-07-22,1.501,-0.0007000000000000001
2022-07-25,1.507,0.004
2022-07-26,1.498,-0.006
2022-07-27,1.519,0.013999999999999999
2022-07-28,1.557,0.025
2022-07-29,1.559,0.0013
2022-08-01,1.549,-0.0064
2022-08-02,1.525,-0.0155
2022-08-03,1.538,0.0085
2022-08-04,1.531,-0.0046
2022-08-05,1.526,-0.0033
2022-08-08,1.545,0.0125
2022-08-09,1.543,-0.0013
2022-08-10,1.569,0.0169
2022-08-11,1.572,0.0019
2022-08-12,1.595,0.0146
2022-08-15,1.593,-0.0013
2022-08-16,1.6,0.0044
2022-08-17,1.587,-0.008100000000000001
2022-08-18,1.583,-0.0025
2022-08-19,1.566,-0.010700000000000001
2022-08-22,1.537,-0.018500000000000003
2022-08-23,1.536,-0.0007000000000000001
2022-08-24,1.537,0.0007000000000000001
2022-08-25,1.557,0.013000000000000001
2022-08-26,1.52,-0.023799999999999998
2022-08-29,1.511,-0.0059
2022-08-30,1.502,-0.006
2022-08-31,1.494,-0.0053
2022-09-01,1.486,-0.0054
2022-09-02,1.474,-0.008100000000000001
2022-09-05,1.475,0.0007000000000000001
2022-09-06,1.479,0.0027
2022-09-07,1.51,0.021
2022-09-08,1.516,0.004
2022-09-09,1.53,0.0092
2022-09-13,1.495,-0.0229
2022-09-14,1.484,-0.0074
2022-09-15,1.462,-0.0148
2022-09-16,1.466,0.0027
2022-09-19,1.465,-0.0007000000000000001
2022-09-20,1.443,-0.015
2022-09-21,1.417,-0.018000000000000002
2022-09-22,1.408,-0.0064
2022-09-23,1.39,-0.0128
2022-09-26,1.359,-0.0223
2022-09-27,1.354,-0.0037
2022-09-28,1.386,0.0236
2022-09-29,1.35,-0.026000000000000002
2022-09-30,1.36,0.0074
2022-10-10,1.317,-0.0316
2022-10-11,1.331,0.0106
2022-10-12,1.325,-0.0045000000000000005
2022-10-13,1.344,0.0143
2022-10-14,1.325,-0.0141
2022-10-17,1.362,0.0279
2022-10-18,1.369,0.0051
2022-10-19,1.343,-0.019
2022-10-20,1.343,0.0
2022-10-21,1.356,0.0097
2022-10-24,1.36,0.0029
2022-10-25,1.408,0.0353
2022-10-26,1.406,-0.0014000000000000002
2022-10-27,1.408,0.0014000000000000002
2022-10-28,1.43,0.015600000000000001
2022-10-31,1.429,-0.0007000000000000001
2022-11-01,1.436,0.0049
2022-11-02,1.416,-0.0139
2022-11-03,1.427,0.0078000000000000005
2022-11-04,1.456,0.0203
2022-11-07,1.452,-0.0027
2022-11-08,1.449,-0.0021
2022-11-09,1.431,-0.0124
2022-11-10,1.514,0.057999999999999996
2022-11-11,1.509,-0.0033
2022-11-14,1.458,-0.0338
2022-11-15,1.465,0.0048
2022-11-16,1.447,-0.0123
2022-11-17,1.444,-0.0021
2022-11-18,1.467,0.0159
2022-11-21,1.472,0.0034000000000000002
2022-11-22,1.492,0.013600000000000001
2022-11-23,1.483,-0.006
2022-11-24,1.482,-0.0007000000000000001
2022-11-25,1.493,0.0074
2022-11-28,1.464,-0.0194
2022-11-29,1.487,0.015700000000000002
2022-11-30,1.507,0.0134
2022-12-01,1.491,-0.0106
2022-12-02,1.476,-0.0101
2022-12-05,1.452,-0.0163
2022-12-06,1.431,-0.014499999999999999
2022-12-07,1.44,0.0063
2022-12-08,1.435,-0.0034999999999999996
2022-12-09,1.433,-0.0014000000000000002
2022-12-12,1.442,0.0063
2022-12-13,1.462,0.0139
2022-12-14,1.451,-0.0075
2022-12-15,1.435,-0.011000000000000001
2022-12-16,1.421,-0.0098
2022-12-19,1.41,-0.0077
2022-12-20,1.412,0.0014000000000000002
2022-12-21,1.415,0.0021
2022-12-22,1.413,-0.0014000000000000002
2022-12-23,1.423,0.0070999999999999995
2022-12-26,1.423,0.0
2022-12-27,1.416,-0.0049
2022-12-28,1.4,-0.0113
2022-12-29,1.422,0.015700000000000002
2022-12-30,1.414,-0.005600000000000001
2022-12-31,1.414,0.0
2023-01-03,1.413,-0.0007000000000000001
2023-01-04,1.432,0.0134
2023-01-05,1.397,-0.024399999999999998
2023-01-06,1.421,0.0172
2023-01-09,1.405,-0.0113
2023-01-10,1.396,-0.0064
2023-01-11,1.433,0.0265
2023-01-12,1.449,0.011200000000000002
2023-01-13,1.437,-0.0083
2023-01-16,1.434,-0.0021
2023-01-17,1.439,0.0034999999999999996
2023-01-18,1.431,-0.005600000000000001
2023-01-19,1.425,-0.0042
2023-01-20,1.439,0.0098
2023-01-30,1.462,0.016
2023-01-31,1.484,0.015
2023-02-01,1.49,0.004
2023-02-02,1.511,0.0141
2023-02-03,1.488,-0.0152
2023-02-06,1.481,-0.004699999999999999
2023-02-07,1.481,0.0
2023-02-08,1.469,-0.008100000000000001
2023-02-09,1.459,-0.0068000000000000005
2023-02-10,1.458,-0.0007000000000000001
2023-02-13,1.472,0.0096
2023-02-14,1.46,-0.008199999999999999
2023-02-15,1.466,0.0040999999999999995
2023-02-16,1.454,-0.008199999999999999
2023-02-17,1.45,-0.0028000000000000004
2023-02-20,1.449,-0.0007000000000000001
2023-02-21,1.419,-0.0207
2023-02-22,1.417,-0.0014000000000000002
2023-02-23,1.435,0.0127
2023-02-24,1.412,-0.016
2023-02-27,1.425,0.0092
2023-02-28,1.418,-0.0049
2023-03-01,1.402,-0.0113
2023-03-02,1.404,0.0014000000000000002
2023-03-03,1.426,0.015700000000000002
2023-03-06,1.416,-0.006999999999999999
2023-03-07,1.393,-0.016200000000000003
2023-03-08,1.415,0.0158
2023-03-09,1.387,-0.019799999999999998
2023-03-10,1.345,-0.030299999999999997
2023-03-13,1.351,0.0045000000000000005
2023-03-14,1.347,-0.003
2023-03-15,1.346,-0.0007000000000000001
2023-03-16,1.35,0.003
2023-03-17,1.32,-0.0222
2023-03-20,1.325,0.0038
2023-03-21,1.326,0.0008
2023-03-22,1.279,-0.0354
2023-03-23,1.268,-0.0086
2023-03-24,1.289,0.0166
2023-03-27,1.296,0.0054
2023-03-28,1.295,-0.0008
2023-03-29,1.322,0.0208
2023-03-30,1.337,0.0113
2023-03-31,1.36,0.0172
2023-04-03,1.345,-0.011000000000000001
2023-04-04,1.344,-0.0007000000000000001
2023-04-06,1.348,0.003
2023-04-07,1.35,0.0015
2023-04-10,1.349,-0.0007000000000000001
2023-04-11,1.354,0.0037
2023-04-12,1.339,-0.0111
2023-04-13,1.332,-0.0052
2023-04-14,1.315,-0.0128
2023-04-17,1.346,0.0236
2023-04-18,1.343,-0.0022
2023-04-19,1.352,0.0067
2023-04-20,1.34,-0.0089
2023-04-21,1.34,0.0
2023-04-24,1.34,0.0
2023-04-25,1.324,-0.011899999999999999
2023-04-26,1.323,-0.0008
2023-04-27,1.345,0.0166
2023-04-28,1.357,0.0089
2023-05-04,1.329,-0.0206
2023-05-05,1.354,0.018799999999999997
2023-05-08,1.346,-0.0059
2023-05-09,1.339,-0.0052
2023-05-10,1.351,0.009000000000000001
2023-05-11,1.334,-0.0126
2023-05-12,1.338,0.003
2023-05-15,1.34,0.0015
2023-05-16,1.305,-0.026099999999999998
2023-05-17,1.327,0.0169
2023-05-18,1.326,-0.0008
2023-05-19,1.33,0.003
2023-05-22,1.336,0.0045000000000000005
2023-05-23,1.327,-0.0067
2023-05-24,1.301,-0.0196
2023-05-25,1.302,0.0008
2023-05-26,1.324,0.0169
2023-05-29,1.32,-0.003
2023-05-30,1.334,0.0106
2023-05-31,1.341,0.0052
2023-06-01,1.342,0.0007000000000000001
2023-06-02,1.371,0.0216
2023-06-05,1.356,-0.0109
2023-06-06,1.371,0.0111
2023-06-07,1.399,0.0204
2023-06-08,1.392,-0.005
2023-06-09,1.381,-0.0079
2023-06-12,1.384,0.0022
2023-06-13,1.391,0.0051
2023-06-14,1.394,0.0022
2023-06-15,1.399,0.0036
2023-06-16,1.397,-0.0014000000000000002
2023-06-19,1.395,-0.0014000000000000002
2023-06-20,1.389,-0.0043
2023-06-21,1.387,-0.0014000000000000002
2023-06-26,1.386,-0.0007000000000000001
2023-06-27,1.402,0.0115
2023-06-28,1.399,-0.0021
2023-06-29,1.418,0.013600000000000001
2023-06-30,1.429,0.0078000000000000005
2023-07-03,1.445,0.011200000000000002
2023-07-04,1.443,-0.0014000000000000002
2023-07-05,1.444,0.0007000000000000001
2023-07-06,1.437,-0.0048
2023-07-07,1.439,0.0014000000000000002
2023-07-10,1.443,0.0028000000000000004
2023-07-11,1.462,0.0132
2023-07-12,1.462,0.0
2023-07-13,1.468,0.0040999999999999995
2023-07-14,1.456,-0.008199999999999999
2023-07-17,1.449,-0.0048
2023-07-18,1.446,-0.0021
2023-07-19,1.464,0.0124
2023-07-20,1.452,-0.008199999999999999
2023-07-21,1.455,0.0021
2023-07-24,1.467,0.008199999999999999
2023-07-25,1.458,-0.0060999999999999995
2023-07-26,1.466,0.0055000000000000005
2023-07-27,1.444,-0.015
2023-07-28,1.458,0.0097
2023-07-31,1.466,0.0055000000000000005
2023-08-01,1.457,-0.0060999999999999995
2023-08-02,1.452,-0.0034000000000000002
2023-08-03,1.434,-0.0124
2023-08-04,1.426,-0.005600000000000001
2023-08-07,1.444,0.0126
2023-08-08,1.427,-0.0118
2023-08-09,1.419,-0.005600000000000001
2023-08-10,1.418,-0.0007000000000000001
2023-08-11,1.418,0.0
2023-08-14,1.413,-0.0034999999999999996
2023-08-15,1.399,-0.009899999999999999
2023-08-16,1.392,-0.005
2023-08-17,1.386,-0.0043
2023-08-18,1.389,0.0022
2023-08-21,1.38,-0.006500000000000001
2023-08-22,1.384,0.0029
2023-08-23,1.405,0.0152
2023-08-24,1.399,-0.0043
2023-08-25,1.397,-0.0014000000000000002
2023-08-28,1.411,0.01
2023-08-29,1.427,0.0113
2023-08-30,1.43,0.0021
2023-08-31,1.423,-0.0049
2023-09-01,1.426,0.0021
2023-09-04,1.426,0.0
2023-09-05,1.409,-0.011899999999999999
2023-09-06,1.41,0.0007000000000000001
2023-09-07,1.417,0.005
2023-09-08,1.416,-0.0007000000000000001
2023-09-11,1.411,-0.0034999999999999996
2023-09-12,1.408,-0.0021
2023-09-13,1.39,-0.0128
2023-09-14,1.412,0.0158
2023-09-15,1.408,-0.0028000000000000004
2023-09-18,1.395,-0.0092
2023-09-19,1.391,-0.0029
2023-09-20,1.392,0.0007000000000000001
2023-09-21,1.345,-0.0338
2023-09-22,1.341,-0.003
2023-09-25,1.34,-0.0007000000000000001
2023-09-26,1.315,-0.0187
2023-09-27,1.308,-0.0053
2023-09-28,1.324,0.012199999999999999
2023-10-09,1.305,-0.0144
2023-10-10,1.313,0.0060999999999999995
2023-10-11,1.334,0.016
2023-10-12,1.313,-0.015700000000000002
2023-10-13,1.305,-0.0060999999999999995
2023-10-16,1.323,0.0138
2023-10-17,1.324,0.0008
2023-10-18,1.296,-0.021099999999999997
2023-10-19,1.268,-0.0216
2023-10-20,1.261,-0.0055000000000000005
2023-10-23,1.25,-0.0087
2023-10-24,1.264,0.011200000000000002
2023-10-25,1.24,-0.019
2023-10-26,1.264,0.0194
2023-10-27,1.248,-0.0127
2023-10-30,1.257,0.0072
2023-10-31,1.276,0.0151
2023-11-01,1.284,0.0063
2023-11-02,1.323,0.0304
2023-11-03,1.35,0.0204
2023-11-06,1.332,-0.013300000000000001
2023-11-07,1.318,-0.0105
2023-11-08,1.322,0.003
2023-11-09,1.302,-0.0151
2023-11-10,1.311,0.0069
2023-11-13,1.297,-0.010700000000000001
2023-11-14,1.367,0.054000000000000006
2023-11-15,1.372,0.0037
2023-11-16,1.362,-0.0073
2023-11-17,1.363,0.0007000000000000001
2023-11-20,1.37,0.0051
2023-11-21,1.357,-0.0095
2023-11-22,1.359,0.0015
2023-11-23,1.358,-0.0007000000000000001
2023-11-24,1.359,0.0007000000000000001
2023-11-27,1.363,0.0029
2023-11-28,1.372,0.0066
2023-11-29,1.383,0.008
2023-11-30,1.39,0.0051
2023-12-01,1.435,0.032400000000000005
2023-12-04,1.445,0.006999999999999999
2023-12-05,1.437,-0.0055000000000000005
2023-12-06,1.437,0.0
2023-12-07,1.445,0.005600000000000001
2023-12-08,1.444,-0.0007000000000000001
2023-12-11,1.448,0.0028000000000000004
2023-12-12,1.446,-0.0014000000000000002
2023-12-13,1.495,0.0339
2023-12-14,1.537,0.0281
2023-12-15,1.517,-0.013000000000000001
2023-12-18,1.506,-0.0073
2023-12-19,1.516,0.0066
2023-12-20,1.412,-0.0092
2023-12-21,1.422,0.0070999999999999995
2023-12-22,1.422,0.0
2023-12-25,1.423,0.0007000000000000001
2023-12-26,1.435,0.0084
2023-12-27,1.438,0.0021
2023-12-28,1.447,0.0063
2023-12-29,1.428,-0.0131
2023-12-31,1.428,0.0
2024-01-02,1.441,0.0091
2024-01-03,1.414,-0.0187
2024-01-04,1.414,0.0
2024-01-05,1.416,0.0014000000000000002
2024-01-08,1.433,0.012
2024-01-09,1.426,-0.0049
2024-01-10,1.432,0.0042
2024-01-11,1.417,-0.0105
2024-01-12,1.426,0.0064
2024-01-15,1.426,0.0
2024-01-16,1.42,-0.0042
2024-01-17,1.392,-0.0197
2024-01-18,1.384,-0.005699999999999999
2024-01-19,1.402,0.013000000000000001
2024-01-22,1.409,0.005
2024-01-23,1.404,-0.0034999999999999996
2024-01-24,1.389,-0.010700000000000001
2024-01-25,1.403,0.0101
2024-01-26,1.401,-0.0014000000000000002
2024-01-29,1.409,0.005699999999999999
2024-01-30,1.395,-0.009899999999999999
2024-01-31,1.377,-0.0129
2024-02-01,1.392,0.0109
2024-02-02,1.379,-0.009300000000000001
2024-02-05,1.364,-0.0109
2024-02-06,1.377,0.0095
2024-02-07,1.375,-0.0015
2024-02-08,1.39,0.0109
2024-02-19,1.392,0.0014000000000000002
2024-02-20,1.389,-0.0022
2024-02-21,1.394,0.0036
2024-02-22,1.393,-0.0007000000000000001
2024-02-23,1.387,-0.0043
2024-02-26,1.374,-0.009399999999999999
2024-02-27,1.375,0.0007000000000000001
2024-02-28,1.38,0.0036
2024-02-29,1.391,0.008
2024-03-01,1.404,0.009300000000000001
2024-03-04,1.41,0.0043
2024-03-05,1.399,-0.0078000000000000005
2024-03-06,1.401,0.0014000000000000002
2024-03-07,1.402,0.0007000000000000001
2024-03-08,1.414,0.0086
2024-03-11,1.407,-0.005
2024-03-12,1.404,-0.0021
2024-03-13,1.395,-0.0064
2024-03-14,1.379,-0.0115
2024-03-15,1.375,-0.0029
2024-03-18,1.375,0.0
2024-03-19,1.374,-0.0007000000000000001
2024-03-20,1.383,0.0066
2024-03-21,1.392,0.006500000000000001
2024-03-22,1.375,-0.012199999999999999
2024-03-25,1.371,-0.0029
2024-03-26,1.363,-0.0058
2024-03-27,1.389,0.0191
2024-03-28,1.398,0.006500000000000001
2024-03-29,1.399,0.0007000000000000001
2024-04-01,1.38,-0.013600000000000001
2024-04-02,1.367,-0.009399999999999999
2024-04-03,1.37,0.0022
2024-04-08,1.382,0.0088
2024-04-09,1.402,0.014499999999999999
2024-04-10,1.354,-0.0342
2024-04-11,1.357,0.0022
2024-04-12,1.345,-0.0088
2024-04-15,1.325,-0.0149
2024-04-16,1.312,-0.0098
2024-04-17,1.305,-0.0053
2024-04-18,1.306,0.0008
2024-04-19,1.313,0.0054
2024-04-22,1.32,0.0053
2024-04-23,1.331,0.0083
2024-04-24,1.332,0.0008
2024-04-25,1.323,-0.0068000000000000005
2024-04-26,1.321,-0.0015
2024-04-29,1.335,0.0106
2024-04-30,1.319,-0.012
2024-05-06,1.338,0.0144
2024-05-07,1.348,0.0075
2024-05-08,1.338,-0.0074
2024-05-09,1.362,0.0179
2024-05-10,1.358,-0.0029
2024-05-13,1.366,0.0059
2024-05-14,1.378,0.0088
2024-05-15,1.392,0.0102
2024-05-16,1.386,-0.0043
2024-05-17,1.387,0.0007000000000000001
2024-05-20,1.379,-0.0058
2024-05-21,1.378,-0.0007000000000000001
2024-05-22,1.369,-0.006500000000000001
2024-05-23,1.344,-0.0183
2024-05-24,1.343,-0.0007000000000000001
2024-05-27,1.342,-0.0007000000000000001
2024-05-28,1.338,-0.003
2024-05-29,1.327,-0.008199999999999999
2024-05-30,1.344,0.0128
2024-05-31,1.364,0.0149
2024-06-03,1.36,-0.0029
2024-06-04,1.368,0.0059
2024-06-05,1.367,-0.0007000000000000001
2024-06-06,1.369,0.0015
2024-06-07,1.359,-0.0073
2024-06-11,1.355,-0.0029
2024-06-12,1.365,0.0074
2024-06-13,1.372,0.0051
2024-06-14,1.373,0.0007000000000000001
2024-06-17,1.367,-0.0044
2024-06-18,1.373,0.0044
2024-06-19,1.373,0.0
2024-06-20,1.369,-0.0029
2024-06-21,1.371,0.0015
2024-06-24,1.379,0.0058
2024-06-25,1.365,-0.0102
2024-06-26,1.363,-0.0015
2024-06-27,1.368,0.0037
2024-06-28,1.379,0.008
2024-06-30,1.379,0.0
2024-07-01,1.369,-0.0073
2024-07-02,1.373,0.0029
2024-07-03,1.375,0.0015
2024-07-04,1.375,0.0
2024-07-05,1.374,-0.0007000000000000001
2024-07-08,1.377,0.0022
2024-07-09,1.378,0.0007000000000000001
2024-07-10,1.389,0.008
2024-07-11,1.424,0.0252
2024-07-12,1.434,0.006999999999999999
2024-07-15,1.441,0.0049
2024-07-16,1.455,0.0097
2024-07-17,1.462,0.0048
2024-07-18,1.452,-0.0068000000000000005
2024-07-19,1.449,-0.0021
2024-07-22,1.461,0.0083
2024-07-23,1.464,0.0021
2024-07-24,1.444,-0.0137
2024-07-25,1.438,-0.0042
2024-07-26,1.457,0.0132
2024-07-29,1.462,0.0034000000000000002
2024-07-30,1.471,0.0062
2024-07-31,1.467,-0.0027
2024-08-01,1.474,0.0048
2024-08-02,1.472,-0.0014000000000000002
2024-08-05,1.44,-0.0217
2024-08-06,1.464,0.0167
2024-08-07,1.456,-0.0055000000000000005
2024-08-08,1.469,0.0089
2024-08-09,1.471,0.0014000000000000002
2024-08-12,1.461,-0.0068000000000000005
2024-08-13,1.472,0.0075
2024-08-14,1.473,0.0007000000000000001
2024-08-15,1.476,0.002
2024-08-16,1.477,0.0007000000000000001
2024-08-19,1.487,0.0068000000000000005
2024-08-20,1.479,-0.0054
2024-08-21,1.486,0.004699999999999999
2024-08-22,1.491,0.0034000000000000002
2024-08-23,1.522,0.0208
2024-08-26,1.517,-0.0033
2024-08-27,1.52,0.002
2024-08-28,1.511,-0.0059
2024-08-29,1.508,-0.002
2024-08-30,1.517,0.006
2024-09-02,1.515,-0.0013
2024-09-03,1.512,-0.002
2024-09-04,1.51,-0.0013
2024-09-05,1.504,-0.004
2024-09-06,1.498,-0.004
2024-09-09,1.509,0.0073
2024-09-10,1.525,0.0106
2024-09-11,1.527,0.0013
2024-09-12,1.532,0.0033
2024-09-13,1.542,0.006500000000000001
2024-09-18,1.542,0.0
2024-09-19,1.549,0.0045000000000000005
2024-09-20,1.535,-0.009000000000000001
2024-09-23,1.544,0.0059
2024-09-24,1.547,0.0019
2024-09-25,1.531,-0.0103
2024-09-26,1.522,-0.0059
2024-09-27,1.519,-0.002
2024-09-30,1.525,0.0039000000000000003
2024-10-08,1.493,-0.021
2024-10-09,1.491,-0.0013
2024-10-10,1.488,-0.002
2024-10-11,1.503,0.0101
2024-10-14,1.512,0.006
2024-10-15,1.53,0.011899999999999999
2024-10-16,1.557,0.0176
2024-10-17,1.544,-0.0083
2024-10-18,1.554,0.006500000000000001
2024-10-21,1.516,-0.0245
2024-10-22,1.521,0.0033
2024-10-23,1.532,0.0072
2024-10-24,1.529,-0.002
2024-10-25,1.51,-0.0124
2024-10-28,1.52,0.0066
2024-10-29,1.506,-0.0092
2024-10-30,1.51,0.0027
2024-10-31,1.48,-0.0199
2024-11-01,1.462,-0.012199999999999999
2024-11-04,1.48,0.0123
2024-11-05,1.491,0.0074
2024-11-06,1.47,-0.0141
2024-11-07,1.49,0.013600000000000001
2024-11-08,1.506,0.010700000000000001
2024-11-11,1.503,-0.002
2024-11-12,1.482,-0.013999999999999999
2024-11-13,1.493,0.0074
2024-11-14,1.481,-0.008
2024-11-15,1.48,-0.0007000000000000001
2024-11-18,1.483,0.002
2024-11-19,1.491,0.0054
2024-11-20,1.491,0.0
2024-11-21,1.502,0.0074
2024-11-22,1.514,0.008
2024-11-25,1.539,0.0165
2024-11-26,1.539,0.0
2024-11-27,1.548,0.0058
2024-11-28,1.546,-0.0013
2024-11-29,1.538,-0.0052
2024-12-02,1.521,-0.0111
2024-12-03,1.517,-0.0026
2024-12-04,1.51,-0.0046
2024-12-05,1.507,-0.002
2024-12-06,1.503,-0.0027
2024-12-09,1.518,0.01
2024-12-10,1.496,-0.014499999999999999
2024-12-11,1.489,-0.004699999999999999
2024-12-12,1.386,-0.0013
2024-12-13,1.387,0.0007000000000000001
2024-12-16,1.383,-0.0029
2024-12-17,1.38,-0.0022
2024-12-18,1.324,-0.0406
2024-12-19,1.306,-0.013600000000000001
2024-12-20,1.325,0.014499999999999999
2024-12-23,1.328,0.0023
2024-12-24,1.338,0.0075
2024-12-25,1.337,-0.0007000000000000001
2024-12-26,1.341,0.003
2024-12-27,1.328,-0.0097
2024-12-30,1.324,-0.003
2024-12-31,1.334,0.0076
2025-01-02,1.326,-0.006
2025-01-03,1.339,0.0098
2025-01-06,1.322,-0.0127
2025-01-07,1.307,-0.0113
2025-01-08,1.304,-0.0023
2025-01-09,1.304,0.0
2025-01-10,1.279,-0.0192
2025-01-13,1.294,0.011699999999999999
2025-01-14,1.305,0.0085
2025-01-15,1.308,0.0023
2025-01-16,1.329,0.0161
2025-01-17,1.329,0.0
2025-01-20,1.329,0.0
2025-01-21,1.346,0.0128
2025-01-22,1.323,-0.0171
2025-01-23,1.328,0.0038
2025-01-24,1.335,0.0053
2025-01-27,1.355,0.015
2025-02-05,1.341,-0.0103
2025-02-06,1.347,0.0045000000000000005
2025-02-07,1.341,-0.0045000000000000005
2025-02-10,1.34,-0.0007000000000000001
2025-02-11,1.347,0.0052
2025-02-12,1.335,-0.0089
2025-02-13,1.345,0.0075
2025-02-14,1.335,-0.0074
2025-02-17,1.335,0.0
2025-02-18,1.339,0.003
2025-02-19,1.335,-0.003
2025-02-20,1.344,0.0067
2025-02-21,1.334,-0.0074
2025-02-24,1.34,0.0045000000000000005
2025-02-25,1.355,0.011200000000000002
2025-02-26,1.351,-0.003
2025-02-27,1.362,0.008100000000000001
2025-02-28,1.371,0.0066
2025-03-03,1.372,0.0007000000000000001
2025-03-04,1.358,-0.0102
2025-03-05,1.372,0.0103
2025-03-06,1.344,-0.0204
2025-03-07,1.36,0.011899999999999999
2025-03-10,1.344,-0.0118
2025-03-11,1.322,-0.016399999999999998
2025-03-12,1.315,-0.0053
2025-03-13,1.289,-0.019799999999999998
2025-03-14,1.314,0.0194
2025-03-17,1.333,0.014499999999999999
2025-03-18,1.329,-0.003
2025-03-19,1.328,-0.0008
2025-03-20,1.324,-0.003
2025-03-21,1.306,-0.013600000000000001
2025-03-24,1.323,0.013000000000000001
2025-03-25,1.307,-0.0121
2025-03-26,1.312,0.0038
2025-03-27,1.308,-0.003
2025-03-28,1.305,-0.0023
2025-03-31,1.314,0.0069
2025-04-01,1.313,-0.0008
2025-04-02,1.321,0.0060999999999999995
2025-04-03,1.267,-0.0409
2025-04-07,1.184,-0.0655
2025-04-08,1.149,-0.0296
2025-04-09,1.223,0.0644
2025-04-10,1.188,-0.0286
2025-04-11,1.203,0.0126
2025-04-14,1.225,0.0183
2025-04-15,1.227,0.0016
2025-04-16,1.226,-0.0008
2025-04-17,1.244,0.0147
2025-04-18,1.244,0.0
2025-04-21,1.218,-0.0209
2025-04-22,1.237,0.015600000000000001
2025-04-23,1.243,0.0049
2025-04-24,1.248,0.004
2025-04-25,1.245,-0.0024
2025-04-28,1.254,0.0072
2025-04-29,1.254,0.0
2025-04-30,1.258,0.0032
2025-05-06,1.257,-0.0008
2025-05-07,1.26,0.0024
2025-05-08,1.255,-0.004
2025-05-09,1.262,0.005600000000000001
2025-05-12,1.273,0.0087
2025-05-13,1.257,-0.0126
2025-05-14,1.247,-0.008
2025-05-15,1.263,0.0128
2025-05-16,1.278,0.011899999999999999
2025-05-19,1.28,0.0016
2025-05-20,1.271,-0.006999999999999999
2025-05-21,1.237,-0.0268
2025-05-22,1.234,-0.0024
2025-05-23,1.232,-0.0016
2025-05-26,1.23,-0.0016
2025-05-27,1.254,0.0195
2025-05-28,1.254,0.0
2025-05-29,1.267,0.0104
2025-05-30,1.263,-0.0032
2025-06-03,1.263,0.0
2025-06-04,1.267,0.0032
2025-06-05,1.265,-0.0016
2025-06-06,1.275,0.0079
2025-06-09,1.277,0.0016
2025-06-10,1.286,0.006999999999999999
2025-06-11,1.278,-0.0062
2025-06-12,1.28,0.0016
2025-06-13,1.265,-0.011699999999999999
2025-06-16,1.268,0.0024
2025-06-17,1.263,-0.0039000000000000003
2025-06-18,1.265,0.0016
2025-06-19,1.265,0.0
2025-06-20,1.263,-0.0016
2025-06-23,1.276,0.0103
2025-06-24,1.278,0.0016
2025-06-25,1.252,-0.0203
2025-06-26,1.244,-0.0064
2025-06-27,1.248,0.0032
2025-06-30,1.255,0.005600000000000001
2025-07-01,1.26,0.004
2025-07-02,1.262,0.0016
2025-07-03,1.262,0.0
2025-07-04,1.262,0.0
2025-07-07,1.253,-0.0070999999999999995
2025-07-08,1.252,-0.0008
2025-07-09,1.251,-0.0008
2025-07-10,1.254,0.0024
2025-07-11,1.253,-0.0008
2025-07-14,1.26,0.005600000000000001
2025-07-15,1.248,-0.0095
2025-07-16,1.259,0.0088
2025-07-17,1.256,-0.0024
2025-07-18,1.26,0.0032
2025-07-21,1.263,0.0024
2025-07-22,1.281,0.0143
2025-07-23,1.279,-0.0016
2025-07-24,1.276,-0.0023
2025-07-25,1.276,0.0
2025-07-28,1.257,-0.0149
2025-07-29,1.273,0.0127
2025-07-30,1.255,-0.0141
2025-07-31,1.239,-0.0127
2025-08-01,1.238,-0.0008
2025-08-04,1.243,0.004
2025-08-05,1.246,0.0024
2025-08-06,1.238,-0.0064
2025-08-07,1.24,0.0016
2025-08-08,1.232,-0.006500000000000001
2025-08-11,1.227,-0.0040999999999999995
2025-08-12,1.231,0.0033
2025-08-13,1.237,0.0049
2025-08-14,1.228,-0.0073
2025-08-15,1.235,0.005699999999999999
2025-08-18,1.223,-0.0097
2025-08-19,1.244,0.0172
2025-08-20,1.249,0.004
2025-08-21,1.243,-0.0048
2025-08-22,1.26,0.0137
2025-08-25,1.251,-0.0070999999999999995
2025-08-26,1.248,-0.0024
2025-08-27,1.252,0.0032
2025-08-28,1.247,-0.004
2025-08-29,1.254,0.005600000000000001
2025-09-01,1.254,0.0
2025-09-02,1.234,-0.0159
2025-09-03,1.233,-0.0008
2025-09-04,1.238,0.0040999999999999995
2025-09-05,1.249,0.0089
2025-09-08,1.24,-0.0072
2025-09-09,1.241,0.0008
2025-09-10,1.24,-0.0008
2025-09-11,1.258,0.014499999999999999
2025-09-12,1.253,-0.004
2025-09-15,1.25,-0.0024
2025-09-16,1.244,-0.0048
2025-09-17,1.242,-0.0016
2025-09-18,1.242,0.0
2025-09-19,1.239,-0.0024
2025-09-22,1.242,0.0024
2025-09-23,1.25,0.0064
2025-09-24,1.241,-0.0072
2025-09-25,1.239,-0.0016
2025-09-26,1.251,0.0097
2025-09-29,1.251,0.0
2025-09-30,1.257,0.0048
2025-10-09,1.237,-0.0159
2025-10-10,1.226,-0.0089
2025-10-13,1.229,0.0024
2025-10-14,1.24,0.009000000000000001
2025-10-15,1.255,0.0121
2025-10-16,1.252,-0.0024
2025-10-17,1.259,0.005600000000000001
2025-10-20,1.27,0.0087
2025-10-21,1.264,-0.004699999999999999
2025-10-22,1.268,0.0032
2025-10-23,1.265,-0.0024
2025-10-24,1.27,0.004
2025-10-27,1.272,0.0016
2025-10-28,1.245,-0.0212
2025-10-29,1.217,-0.0225
2025-10-30,1.226,0.0074
2025-10-31,1.228,0.0016
2025-11-03,1.226,-0.0016
2025-11-04,1.229,0.0024
2025-11-05,1.229,0.0
2025-11-06,1.223,-0.0049
2025-11-07,1.237,0.011399999999999999
2025-11-10,1.235,-0.0016
2025-11-11,1.247,0.0097
2025-11-12,1.237,-0.008
2025-11-13,1.222,-0.0121
2025-11-14,1.225,0.0025
2025-11-17,1.22,-0.0040999999999999995
2025-11-18,1.224,0.0033
2025-11-19,1.214,-0.008199999999999999
2025-11-20,1.21,-0.0033
2025-11-21,1.222,0.009899999999999999
2025-11-24,1.223,0.0008
2025-11-25,1.229,0.0049
2025-11-26,1.234,0.0040999999999999995
2025-11-27,1.234,0.0
2025-11-28,1.239,0.0040999999999999995
2025-12-01,1.224,-0.0121
2025-12-02,1.222,-0.0016
2025-12-03,1.223,0.0008
2025-12-04,1.221,-0.0016
2025-12-05,1.221,0.0
2025-12-08,1.216,-0.0040999999999999995
2025-12-09,1.209,-0.0058
2025-12-10,1.212,0.0025
2025-12-11,1.217,0.0040999999999999995
2025-12-12,1.215,-0.0016
2025-12-15,1.223,0.0066
2025-12-16,1.21,-0.0106
2025-12-17,1.214,0.0033
2025-12-18,1.205,-0.0074
2025-12-19,1.2,-0.0040999999999999995
2025-12-22,1.207,0.0058
2025-12-23,1.206,-0.0008
2025-12-24,1.213,0.0058
2025-12-25,1.211,-0.0016
2025-12-26,1.213,0.0017000000000000001
2025-12-29,1.216,0.0025
2025-12-30,1.22,0.0033
2025-12-31,1.209,-0.009000000000000001
2026-01-05,1.21,0.0008
2026-01-06,1.215,0.0040999999999999995
2026-01-07,1.201,-0.0115
2026-01-08,1.212,0.0092
2026-01-09,1.214,0.0017000000000000001
2026-01-12,1.216,0.0016
2026-01-13,1.225,0.0074
2026-01-14,1.238,0.0106
2026-01-15,1.244,0.0048
2026-01-16,1.259,0.0121
2026-01-19,1.258,-0.0008
2026-01-20,1.235,-0.0183
2026-01-21,1.237,0.0016
2026-01-22,1.224,-0.0105
2026-01-23,1.227,0.0025
2026-01-26,1.224,-0.0024
2026-01-27,1.226,0.0016
2026-01-28,1.212,-0.011399999999999999
2026-01-29,1.23,0.0149
2026-01-30,1.23,0.0
2026-02-02,1.217,-0.0106
2026-02-03,1.219,0.0016
2026-02-04,1.236,0.0139
2026-02-05,1.23,-0.0049
2026-02-06,1.249,0.0154
2026-02-09,1.254,0.004
2026-02-10,1.271,0.013600000000000001
2026-02-11,1.278,0.0055000000000000005
2026-02-12,1.288,0.0078000000000000005
2026-02-13,1.303,0.0116
2026-02-24,1.306,0.0023
2026-02-25,1.297,-0.0069
2026-02-26,1.302,0.0039000000000000003
2026-02-27,1.31,0.0060999999999999995
2026-03-02,1.313,0.0023
2026-03-03,1.302,-0.0084
2026-03-04,1.304,0.0015
2026-03-05,1.29,-0.010700000000000001
2026-03-06,1.28,-0.0078000000000000005
2026-03-09,1.283,0.0023
2026-03-10,1.28,-0.0023
2026-03-11,1.264,-0.0125
2026-03-12,1.258,-0.004699999999999999
2026-03-13,1.261,0.0024
2026-03-16,1.27,0.0070999999999999995
2026-03-17,1.272,0.0016
2026-03-18,1.252,-0.015700000000000002
2026-03-19,1.25,-0.0016
2026-03-20,1.212,-0.0304
2026-03-23,1.22,0.0066
2026-03-24,1.211,-0.0074
2026-03-25,1.209,-0.0017000000000000001
2026-03-26,1.212,0.0025
2026-03-27,1.207,-0.0040999999999999995
2026-03-30,1.214,0.0058
2026-03-31,1.23,0.0132
2026-04-01,1.233,0.0024
2026-04-02,1.248,0.012199999999999999
2026-04-03,1.249,0.0008
2026-04-07,1.249,0.0
2026-04-08,1.266,0.013600000000000001
2026-04-09,1.275,0.0070999999999999995
2026-04-10,1.279,0.0031
2026-04-13,1.283,0.0031
2026-04-14,1.292,0.006999999999999999
2026-04-15,1.288,-0.0031
2026-04-16,1.3,0.009300000000000001
2026-04-17,1.319,0.0146
2026-04-20,1.323,0.003
2026-04-21,1.298,-0.0189
2026-04-22,1.288,-0.0077
2026-04-23,1.306,0.013999999999999999
2026-04-24,1.303,-0.0023
2026-04-27,1.29,-0.01
2026-04-28,1.304,0.0109
2026-04-29,1.298,-0.0046
2026-04-30,1.321,0.0177
2026-05-06,1.328,0.0053
2026-05-07,1.319,-0.0068000000000000005
2026-05-08,1.322,0.0023
2026-05-11,1.325,0.0023
2026-05-12,1.325,0.0
2026-05-13,1.316,-0.0068000000000000005
2026-05-14,1.31,-0.0046
2026-05-15,1.29,-0.015300000000000001
2026-05-18,1.305,0.0116
2026-05-19,1.309,0.0031
2026-05-20,1.323,0.010700000000000001
2026-05-21,1.324,0.0008
2026-05-22,1.326,0.0015
2026-05-25,1.325,-0.0008
2026-05-26,1.329,0.003
2026-05-27,1.326,-0.0023
2026-05-28,1.321,-0.0038
2026-05-29,1.309,-0.0091
2026-06-01,1.287,-0.0168
2026-06-02,1.29,0.0023
2026-06-03,1.292,0.0016
2026-06-04,1.315,0.0178
2026-06-05,1.323,0.0060999999999999995
2026-06-08,1.303,-0.0151
2026-06-09,1.328,0.0192
2026-06-10,1.328,0.0
2026-06-11,1.328,0.0
2026-06-12,1.34,0.009000000000000001
2026-06-15,1.328,-0.009000000000000001
2026-06-16,1.331,0.0023
2026-06-17,1.301,-0.0225
2026-06-18,1.297,-0.0031
2026-06-22,1.313,0.0123
2026-06-23,1.329,0.012199999999999999
2026-06-24,1.326,-0.0023
2026-06-25,1.33,0.003
2026-06-26,1.348,0.013500000000000002
2026-06-29,1.34,-0.0059
2026-06-30,1.315,-0.0187
2026-07-01,1.316,0.0008
2026-07-02,1.33,0.0106
2026-07-03,1.329,-0.0008
2026-07-06,1.319,-0.0075
2026-07-07,1.335,0.0121
2026-07-08,1.314,-0.015700000000000002
2026-07-09,1.315,0.0008
2026-07-10,1.321,0.0046
2026-07-13,1.328,0.0053
2026-07-14,1.325,-0.0023
2026-07-15,1.321,-0.003
2026-07-16,1.347,0.0197
2026-07-17,1.347,0.0
2026-07-20,1.341,-0.0045000000000000005
2026-07-21,1.34,-0.0007000000000000001
2026-07-22,1.336,-0.003
2026-07-23,1.332,-0.003
2026-07-24,1.359,0.0203
2026-07-27,1.351,-0.0059
2026-07-28,1.356,0.0037
2026-07-29,1.354,-0.0015
2026-07-30,1.335,-0.013999999999999999
2026-07-31,1.329,-0.0045000000000000005
2026-08-03,1.332,0.0023
